entity_id,qualified_name,entity_kind,declaring_type,package_name,return_or_field_type,semantic_role,architectural_role,domain_relevance,variability_relevance,classification_confidence,name_evidence,declaring_type_evidence,type_signature_evidence,package_evidence,usage_context_evidence,dependency_context_evidence,positive_evidence,negative_evidence,previous_role,role_changed,change_reason
E1,Missile$$TankWar,CLASS,,,,UNKNOWN,UNKNOWN,UNKNOWN,LOW,LOW,name=missile|tank|war,,,,incoming=3;outgoing=1;block=C:\Users\JBNU\git\ConstraintsRecovery\assets\tankwar\asset1:IF:8-128;products=TankWar_P1|TankWar_P2|TankWar_P3|TankWar_P4|TankWar_P5,dependency=explodieren|game|image|missile|object,name tokens=missile|tank|war,no contextual semantic role identified,UNKNOWN,false,audited role is consistent with baseline role
E2,Missile$$TankWar.geschwindigkeit,FIELD,Missile$$TankWar,Missile$$TankWar,,UNKNOWN,UNKNOWN,UNKNOWN,LOW,MEDIUM,name=geschwindigkeit,declaring=missile|tank|war,,package=missile|tank|war,incoming=5;outgoing=0;block=C:\Users\JBNU\git\ConstraintsRecovery\assets\tankwar\asset1:IF:8-128;products=TankWar_P1|TankWar_P2|TankWar_P3|TankWar_P4|TankWar_P5,dependency=aktualisieren|init|koordinate|missile|tank|war,name tokens=geschwindigkeit,no contextual semantic role identified,UNKNOWN,false,audited role is consistent with baseline role
E3,Missile$$TankWar.xf_Koordinate,FIELD,Missile$$TankWar,Missile$$TankWar,,UNKNOWN,UNKNOWN,UNKNOWN,LOW,MEDIUM,name=koordinate|xf,declaring=missile|tank|war,,package=missile|tank|war,incoming=5;outgoing=0;block=C:\Users\JBNU\git\ConstraintsRecovery\assets\tankwar\asset1:IF:8-128;products=TankWar_P1|TankWar_P2|TankWar_P3|TankWar_P4|TankWar_P5,dependency=aktualisieren|init|koordinate|missile|tank|war,name tokens=koordinate|xf,no contextual semantic role identified,UNKNOWN,false,audited role is consistent with baseline role
E4,Missile$$TankWar.yf_Koordinate,FIELD,Missile$$TankWar,Missile$$TankWar,,UNKNOWN,UNKNOWN,UNKNOWN,LOW,MEDIUM,name=koordinate|yf,declaring=missile|tank|war,,package=missile|tank|war,incoming=5;outgoing=0;block=C:\Users\JBNU\git\ConstraintsRecovery\assets\tankwar\asset1:IF:8-128;products=TankWar_P1|TankWar_P2|TankWar_P3|TankWar_P4|TankWar_P5,dependency=aktualisieren|init|koordinate|missile|tank|war,name tokens=koordinate|yf,no contextual semantic role identified,UNKNOWN,false,audited role is consistent with baseline role
E5,Missile$$TankWar.currTime,FIELD,Missile$$TankWar,Missile$$TankWar,,UNKNOWN,UNKNOWN,UNKNOWN,LOW,MEDIUM,name=curr|time,declaring=missile|tank|war,,package=missile|tank|war,incoming=3;outgoing=0;block=C:\Users\JBNU\git\ConstraintsRecovery\assets\tankwar\asset1:IF:8-128;products=TankWar_P1|TankWar_P2|TankWar_P3|TankWar_P4|TankWar_P5,dependency=init|malen|missile|tank|war,name tokens=curr|time,no contextual semantic role identified,UNKNOWN,false,audited role is consistent with baseline role
E6,Missile$$TankWar.tankId,FIELD,Missile$$TankWar,Missile$$TankWar,,UNKNOWN,UNKNOWN,UNKNOWN,LOW,MEDIUM,name=id|tank,declaring=missile|tank|war,,package=missile|tank|war,incoming=3;outgoing=0;block=C:\Users\JBNU\git\ConstraintsRecovery\assets\tankwar\asset1:IF:8-128;products=TankWar_P1|TankWar_P2|TankWar_P3|TankWar_P4|TankWar_P5,dependency=erkennen|init|missile|tank|treffen|war,name tokens=id|tank,no contextual semantic role identified,UNKNOWN,false,audited role is consistent with baseline role
E7,Missile$$TankWar.missileRichtung,FIELD,Missile$$TankWar,Missile$$TankWar,,UNKNOWN,UNKNOWN,UNKNOWN,LOW,MEDIUM,name=missile|richtung,declaring=missile|tank|war,,package=missile|tank|war,incoming=4;outgoing=0;block=C:\Users\JBNU\git\ConstraintsRecovery\assets\tankwar\asset1:IF:8-128;products=TankWar_P1|TankWar_P2|TankWar_P3|TankWar_P4|TankWar_P5,dependency=aktualisieren|init|koordinate|missile|tank|war,name tokens=missile|richtung,no contextual semantic role identified,UNKNOWN,false,audited role is consistent with baseline role
E8,Missile$$TankWar.vernichtungskraft,FIELD,Missile$$TankWar,Missile$$TankWar,,UNKNOWN,UNKNOWN,UNKNOWN,LOW,MEDIUM,name=vernichtungskraft,declaring=missile|tank|war,,package=missile|tank|war,incoming=2;outgoing=0;block=C:\Users\JBNU\git\ConstraintsRecovery\assets\tankwar\asset1:IF:8-128;products=TankWar_P1|TankWar_P2|TankWar_P3|TankWar_P4|TankWar_P5,dependency=erkennen|init|missile|tank|treffen|war,name tokens=vernichtungskraft,no contextual semantic role identified,UNKNOWN,false,audited role is consistent with baseline role
E9,Missile$$TankWar.feindlich,FIELD,Missile$$TankWar,Missile$$TankWar,,UNKNOWN,UNKNOWN,UNKNOWN,LOW,MEDIUM,name=feindlich,declaring=missile|tank|war,,package=missile|tank|war,incoming=4;outgoing=0;block=C:\Users\JBNU\git\ConstraintsRecovery\assets\tankwar\asset1:IF:8-128;products=TankWar_P1|TankWar_P2|TankWar_P3|TankWar_P4|TankWar_P5,dependency=erkennen|init|missile|tank|treffen|war,name tokens=feindlich,no contextual semantic role identified,UNKNOWN,false,audited role is consistent with baseline role
E10,Missile$$TankWar.Missile$$TankWar,CONSTRUCTOR,Missile$$TankWar,Missile$$TankWar,,UNKNOWN,UNKNOWN,UNKNOWN,LOW,MEDIUM,name=missile|tank|war,declaring=missile|tank|war,,package=missile|tank|war,incoming=0;outgoing=3;block=C:\Users\JBNU\git\ConstraintsRecovery\assets\tankwar\asset1:IF:8-128;products=TankWar_P1|TankWar_P2|TankWar_P3|TankWar_P4|TankWar_P5,dependency=feindlich|id|missile|richtung|tank|war,name tokens=missile|tank|war,no contextual semantic role identified,UNKNOWN,false,audited role is consistent with baseline role
E11,Missile$$TankWar.init,METHOD,Missile$$TankWar,Missile$$TankWar,,UNKNOWN,UNKNOWN,UNKNOWN,LOW,MEDIUM,name=init,declaring=missile|tank|war,,package=missile|tank|war,incoming=0;outgoing=36;block=C:\Users\JBNU\git\ConstraintsRecovery\assets\tankwar\asset1:IF:8-128;products=TankWar_P1|TankWar_P2|TankWar_P3|TankWar_P4|TankWar_P5,dependency=b|color|curr|feindlich|g|game|geschwindigkeit|height|id|koernigkeit2|koordinate|manager|missile|obj|object|r|richtung|tank|time|type|vernichtungskraft|war|width|x|xf|y|yf,name tokens=init,no contextual semantic role identified,UNKNOWN,false,audited role is consistent with baseline role
E12,Missile$$TankWar.malen,METHOD,Missile$$TankWar,Missile$$TankWar,,UNKNOWN,UNKNOWN,UNKNOWN,LOW,MEDIUM,name=malen,declaring=missile|tank|war,,package=missile|tank|war,incoming=0;outgoing=5;block=C:\Users\JBNU\git\ConstraintsRecovery\assets\tankwar\asset1:IF:8-128;products=TankWar_P1|TankWar_P2|TankWar_P3|TankWar_P4|TankWar_P5,dependency=aktualisieren|color|curr|fill|koordinate|maler|missile|ovall|pc|set|tank|time|war,name tokens=malen,no contextual semantic role identified,UNKNOWN,false,audited role is consistent with baseline role
E13,Missile$$TankWar.koordinateAktualisieren,METHOD,Missile$$TankWar,Missile$$TankWar,,UNKNOWN,UNKNOWN,UNKNOWN,LOW,MEDIUM,name=aktualisieren|koordinate,declaring=missile|tank|war,,package=missile|tank|war,incoming=1;outgoing=25;block=C:\Users\JBNU\git\ConstraintsRecovery\assets\tankwar\asset1:IF:8-128;products=TankWar_P1|TankWar_P2|TankWar_P3|TankWar_P4|TankWar_P5,dependency=erkennen|game|geschwindigkeit|get|height|koordinate|malen|manager|menge|missile|missiles|object|richtung|rund|screen|tank|treffen|war|width|xf|yf,name tokens=aktualisieren|koordinate,no contextual semantic role identified,UNKNOWN,false,audited role is consistent with baseline role
E14,Missile$$TankWar.treffenErkennen,METHOD,Missile$$TankWar,Missile$$TankWar,,UNKNOWN,UNKNOWN,UNKNOWN,LOW,MEDIUM,name=erkennen|treffen,declaring=missile|tank|war,,package=missile|tank|war,incoming=1;outgoing=16;block=C:\Users\JBNU\git\ConstraintsRecovery\assets\tankwar\asset1:IF:8-128;products=TankWar_P1|TankWar_P2|TankWar_P3|TankWar_P4|TankWar_P5,dependency=aktualisieren|brickwall|explodieren|feindlich|id|koordinate|manager|menge|metalwall|missile|missiles|remove|tank|vernichtungskraft|war,name tokens=erkennen|treffen,no contextual semantic role identified,UNKNOWN,false,audited role is consistent with baseline role
E15,Missile$$TankWar.explodieren,METHOD,Missile$$TankWar,Missile$$TankWar,,UNKNOWN,UNKNOWN,UNKNOWN,LOW,MEDIUM,name=explodieren,declaring=missile|tank|war,,package=missile|tank|war,incoming=2;outgoing=1;block=C:\Users\JBNU\git\ConstraintsRecovery\assets\tankwar\asset1:IF:8-128;products=TankWar_P1|TankWar_P2|TankWar_P3|TankWar_P4|TankWar_P5,dependency=erkennen|manager|menge|missile|missiles|tank|treffen|war,name tokens=explodieren,no contextual semantic role identified,UNKNOWN,false,audited role is consistent with baseline role
E16,Missile$$TankWar.remove,METHOD,Missile$$TankWar,Missile$$TankWar,,UNKNOWN,UNKNOWN,UNKNOWN,LOW,MEDIUM,name=remove,declaring=missile|tank|war,,package=missile|tank|war,incoming=2;outgoing=1;block=C:\Users\JBNU\git\ConstraintsRecovery\assets\tankwar\asset1:IF:8-128;products=TankWar_P1|TankWar_P2|TankWar_P3|TankWar_P4|TankWar_P5,dependency=erkennen|manager|menge|missile|missiles|tank|treffen|war,name tokens=remove,no contextual semantic role identified,UNKNOWN,false,audited role is consistent with baseline role
E17,Tank$$Tools,CLASS,,,,UNKNOWN,UNKNOWN,UNKNOWN,LOW,LOW,name=tank|tools,,,,incoming=4;outgoing=1;block=C:\Users\JBNU\git\ConstraintsRecovery\assets\tankwar\asset10:IF:8-42;products=TankWar_P1|TankWar_P2|TankWar_P3|TankWar_P4|TankWar_P5,dependency=beschleunigung|bombe|einfrieren|tank|war,name tokens=tank|tools,no contextual semantic role identified,UNKNOWN,false,audited role is consistent with baseline role
E18,Tank$$Tools.Tank$$Tools,CONSTRUCTOR,Tank$$Tools,Tank$$Tools,,UNKNOWN,UNKNOWN,UNKNOWN,LOW,LOW,name=tank|tools,declaring=tank|tools,,package=tank|tools,incoming=0;outgoing=0;block=C:\Users\JBNU\git\ConstraintsRecovery\assets\tankwar\asset10:IF:8-42;products=TankWar_P1|TankWar_P2|TankWar_P3|TankWar_P4|TankWar_P5,,name tokens=tank|tools,no contextual semantic role identified,UNKNOWN,false,audited role is consistent with baseline role
E19,Tank$$Tools.malen,METHOD,Tank$$Tools,Tank$$Tools,,UNKNOWN,UNKNOWN,UNKNOWN,LOW,MEDIUM,name=malen,declaring=tank|tools,,package=tank|tools,incoming=0;outgoing=2;block=C:\Users\JBNU\git\ConstraintsRecovery\assets\tankwar\asset10:IF:8-42;products=TankWar_P1|TankWar_P2|TankWar_P3|TankWar_P4|TankWar_P5,dependency=feuern|kontroller|tank|tool|tools|war,name tokens=malen,no contextual semantic role identified,UNKNOWN,false,audited role is consistent with baseline role
E20,Tank$$Tools.toolKontroller,METHOD,Tank$$Tools,Tank$$Tools,,UNKNOWN,UNKNOWN,UNKNOWN,LOW,MEDIUM,name=kontroller|tool,declaring=tank|tools,,package=tank|tools,incoming=1;outgoing=0;block=C:\Users\JBNU\git\ConstraintsRecovery\assets\tankwar\asset10:IF:8-42;products=TankWar_P1|TankWar_P2|TankWar_P3|TankWar_P4|TankWar_P5,dependency=malen|tank|tools,name tokens=kontroller|tool,no contextual semantic role identified,UNKNOWN,false,audited role is consistent with baseline role
E21,Tank$$Tools.toolBehandeln,METHOD,Tank$$Tools,Tank$$Tools,,UNKNOWN,UNKNOWN,UNKNOWN,LOW,LOW,name=behandeln|tool,declaring=tank|tools,,package=tank|tools,incoming=0;outgoing=0;block=C:\Users\JBNU\git\ConstraintsRecovery\assets\tankwar\asset10:IF:8-42;products=TankWar_P1|TankWar_P2|TankWar_P3|TankWar_P4|TankWar_P5,,name tokens=behandeln|tool,no contextual semantic role identified,UNKNOWN,false,audited role is consistent with baseline role
E22,MapInfo,CLASS,,,,UNKNOWN,UNKNOWN,UNKNOWN,LOW,LOW,name=info|map,,,,incoming=0;outgoing=0;block=C:\Users\JBNU\git\ConstraintsRecovery\assets\tankwar\asset11:IF:8-132;products=TankWar_P1|TankWar_P2|TankWar_P3|TankWar_P4|TankWar_P5,,name tokens=info|map,no contextual semantic role identified,UNKNOWN,false,audited role is consistent with baseline role
E23,MapInfo.brickWall,FIELD,MapInfo,MapInfo,,UNKNOWN,UNKNOWN,UNKNOWN,LOW,MEDIUM,name=brick|wall,declaring=info|map,,package=info|map,incoming=2;outgoing=0;block=C:\Users\JBNU\git\ConstraintsRecovery\assets\tankwar\asset11:IF:8-132;products=TankWar_P1|TankWar_P2|TankWar_P3|TankWar_P4|TankWar_P5,dependency=info|laden|manager|map|read|tank|war,name tokens=brick|wall,no contextual semantic role identified,UNKNOWN,false,audited role is consistent with baseline role
E24,MapInfo.metalWall,FIELD,MapInfo,MapInfo,,UNKNOWN,UNKNOWN,UNKNOWN,LOW,MEDIUM,name=metal|wall,declaring=info|map,,package=info|map,incoming=2;outgoing=0;block=C:\Users\JBNU\git\ConstraintsRecovery\assets\tankwar\asset11:IF:8-132;products=TankWar_P1|TankWar_P2|TankWar_P3|TankWar_P4|TankWar_P5,dependency=info|laden|manager|map|read|tank|war,name tokens=metal|wall,no contextual semantic role identified,UNKNOWN,false,audited role is consistent with baseline role
E25,MapInfo.grassWall,FIELD,MapInfo,MapInfo,,UNKNOWN,UNKNOWN,UNKNOWN,LOW,MEDIUM,name=grass|wall,declaring=info|map,,package=info|map,incoming=2;outgoing=0;block=C:\Users\JBNU\git\ConstraintsRecovery\assets\tankwar\asset11:IF:8-132;products=TankWar_P1|TankWar_P2|TankWar_P3|TankWar_P4|TankWar_P5,dependency=info|laden|manager|map|read|tank|war,name tokens=grass|wall,no contextual semantic role identified,UNKNOWN,false,audited role is consistent with baseline role
E26,MapInfo.waterWall,FIELD,MapInfo,MapInfo,,UNKNOWN,UNKNOWN,UNKNOWN,LOW,MEDIUM,name=wall|water,declaring=info|map,,package=info|map,incoming=2;outgoing=0;block=C:\Users\JBNU\git\ConstraintsRecovery\assets\tankwar\asset11:IF:8-132;products=TankWar_P1|TankWar_P2|TankWar_P3|TankWar_P4|TankWar_P5,dependency=info|laden|manager|map|read|tank|war,name tokens=wall|water,no contextual semantic role identified,UNKNOWN,false,audited role is consistent with baseline role
E27,MapInfo.enemyPosition,FIELD,MapInfo,MapInfo,,UNKNOWN,UNKNOWN,UNKNOWN,LOW,MEDIUM,name=enemy|position,declaring=info|map,,package=info|map,incoming=1;outgoing=0;block=C:\Users\JBNU\git\ConstraintsRecovery\assets\tankwar\asset11:IF:8-132;products=TankWar_P1|TankWar_P2|TankWar_P3|TankWar_P4|TankWar_P5,dependency=info|map|read,name tokens=enemy|position,no contextual semantic role identified,DOMAIN_CORE,true,"audited role separates semantic, architectural, and relevance dimensions"
E28,MapInfo.enemyType,FIELD,MapInfo,MapInfo,,UNKNOWN,UNKNOWN,UNKNOWN,LOW,MEDIUM,name=enemy|type,declaring=info|map,,package=info|map,incoming=1;outgoing=0;block=C:\Users\JBNU\git\ConstraintsRecovery\assets\tankwar\asset11:IF:8-132;products=TankWar_P1|TankWar_P2|TankWar_P3|TankWar_P4|TankWar_P5,dependency=info|map|read,name tokens=enemy|type,no contextual semantic role identified,UNKNOWN,false,audited role is consistent with baseline role
E29,MapInfo.tankManager,FIELD,MapInfo,MapInfo,,UNKNOWN,UNKNOWN,UNKNOWN,LOW,MEDIUM,name=manager|tank,declaring=info|map,,package=info|map,incoming=5;outgoing=0;block=C:\Users\JBNU\git\ConstraintsRecovery\assets\tankwar\asset11:IF:8-132;products=TankWar_P1|TankWar_P2|TankWar_P3|TankWar_P4|TankWar_P5,dependency=info|map|read,name tokens=manager|tank,no contextual semantic role identified,UNKNOWN,false,audited role is consistent with baseline role
E30,MapInfo.read,FIELD,MapInfo,MapInfo,,UNKNOWN,UNKNOWN,UNKNOWN,LOW,MEDIUM,name=read,declaring=info|map,,package=info|map,incoming=2;outgoing=0;block=C:\Users\JBNU\git\ConstraintsRecovery\assets\tankwar\asset11:IF:8-132;products=TankWar_P1|TankWar_P2|TankWar_P3|TankWar_P4|TankWar_P5,dependency=info|laden|manager|map|read|tank|war,name tokens=read,no contextual semantic role identified,UNKNOWN,false,audited role is consistent with baseline role
E31,MapInfo.mapSize,FIELD,MapInfo,MapInfo,,UNKNOWN,UNKNOWN,UNKNOWN,LOW,MEDIUM,name=map|size,declaring=info|map,,package=info|map,incoming=2;outgoing=0;block=C:\Users\JBNU\git\ConstraintsRecovery\assets\tankwar\asset11:IF:8-132;products=TankWar_P1|TankWar_P2|TankWar_P3|TankWar_P4|TankWar_P5,dependency=info|map|read,name tokens=map|size,no contextual semantic role identified,UNKNOWN,false,audited role is consistent with baseline role
E32,MapInfo.playerLocationX,FIELD,MapInfo,MapInfo,,UNKNOWN,UNKNOWN,UNKNOWN,LOW,MEDIUM,name=location|player|x,declaring=info|map,,package=info|map,incoming=2;outgoing=0;block=C:\Users\JBNU\git\ConstraintsRecovery\assets\tankwar\asset11:IF:8-132;products=TankWar_P1|TankWar_P2|TankWar_P3|TankWar_P4|TankWar_P5,dependency=info|laden|manager|map|read|tank|war,name tokens=location|player|x,no contextual semantic role identified,UNKNOWN,false,audited role is consistent with baseline role
E33,MapInfo.playerLocationY,FIELD,MapInfo,MapInfo,,UNKNOWN,UNKNOWN,UNKNOWN,LOW,MEDIUM,name=location|player|y,declaring=info|map,,package=info|map,incoming=2;outgoing=0;block=C:\Users\JBNU\git\ConstraintsRecovery\assets\tankwar\asset11:IF:8-132;products=TankWar_P1|TankWar_P2|TankWar_P3|TankWar_P4|TankWar_P5,dependency=info|laden|manager|map|read|tank|war,name tokens=location|player|y,no contextual semantic role identified,UNKNOWN,false,audited role is consistent with baseline role
E34,MapInfo.baseLocationX,FIELD,MapInfo,MapInfo,,UNKNOWN,UNKNOWN,UNKNOWN,LOW,MEDIUM,name=base|location|x,declaring=info|map,,package=info|map,incoming=2;outgoing=0;block=C:\Users\JBNU\git\ConstraintsRecovery\assets\tankwar\asset11:IF:8-132;products=TankWar_P1|TankWar_P2|TankWar_P3|TankWar_P4|TankWar_P5,dependency=info|laden|manager|map|read|tank|war,name tokens=base|location|x,no contextual semantic role identified,UNKNOWN,false,audited role is consistent with baseline role
E35,MapInfo.baseLocationY,FIELD,MapInfo,MapInfo,,UNKNOWN,UNKNOWN,UNKNOWN,LOW,MEDIUM,name=base|location|y,declaring=info|map,,package=info|map,incoming=2;outgoing=0;block=C:\Users\JBNU\git\ConstraintsRecovery\assets\tankwar\asset11:IF:8-132;products=TankWar_P1|TankWar_P2|TankWar_P3|TankWar_P4|TankWar_P5,dependency=info|laden|manager|map|read|tank|war,name tokens=base|location|y,no contextual semantic role identified,UNKNOWN,false,audited role is consistent with baseline role
E36,MapInfo.brickWallLocationX,FIELD,MapInfo,MapInfo,,UNKNOWN,UNKNOWN,UNKNOWN,LOW,MEDIUM,name=brick|location|wall|x,declaring=info|map,,package=info|map,incoming=2;outgoing=0;block=C:\Users\JBNU\git\ConstraintsRecovery\assets\tankwar\asset11:IF:8-132;products=TankWar_P1|TankWar_P2|TankWar_P3|TankWar_P4|TankWar_P5,dependency=info|map|read,name tokens=brick|location|wall|x,no contextual semantic role identified,UNKNOWN,false,audited role is consistent with baseline role
E37,MapInfo.brickWallLocationY,FIELD,MapInfo,MapInfo,,UNKNOWN,UNKNOWN,UNKNOWN,LOW,MEDIUM,name=brick|location|wall|y,declaring=info|map,,package=info|map,incoming=2;outgoing=0;block=C:\Users\JBNU\git\ConstraintsRecovery\assets\tankwar\asset11:IF:8-132;products=TankWar_P1|TankWar_P2|TankWar_P3|TankWar_P4|TankWar_P5,dependency=info|map|read,name tokens=brick|location|wall|y,no contextual semantic role identified,UNKNOWN,false,audited role is consistent with baseline role
E38,MapInfo.brickWallWidth,FIELD,MapInfo,MapInfo,,UNKNOWN,UNKNOWN,UNKNOWN,LOW,MEDIUM,name=brick|wall|width,declaring=info|map,,package=info|map,incoming=2;outgoing=0;block=C:\Users\JBNU\git\ConstraintsRecovery\assets\tankwar\asset11:IF:8-132;products=TankWar_P1|TankWar_P2|TankWar_P3|TankWar_P4|TankWar_P5,dependency=info|map|read,name tokens=brick|wall|width,no contextual semantic role identified,UNKNOWN,false,audited role is consistent with baseline role
E39,MapInfo.brickWallHeight,FIELD,MapInfo,MapInfo,,UNKNOWN,UNKNOWN,UNKNOWN,LOW,MEDIUM,name=brick|height|wall,declaring=info|map,,package=info|map,incoming=2;outgoing=0;block=C:\Users\JBNU\git\ConstraintsRecovery\assets\tankwar\asset11:IF:8-132;products=TankWar_P1|TankWar_P2|TankWar_P3|TankWar_P4|TankWar_P5,dependency=info|map|read,name tokens=brick|height|wall,no contextual semantic role identified,UNKNOWN,false,audited role is consistent with baseline role
E40,MapInfo.metalWallLocationX,FIELD,MapInfo,MapInfo,,UNKNOWN,UNKNOWN,UNKNOWN,LOW,MEDIUM,name=location|metal|wall|x,declaring=info|map,,package=info|map,incoming=2;outgoing=0;block=C:\Users\JBNU\git\ConstraintsRecovery\assets\tankwar\asset11:IF:8-132;products=TankWar_P1|TankWar_P2|TankWar_P3|TankWar_P4|TankWar_P5,dependency=info|map|read,name tokens=location|metal|wall|x,no contextual semantic role identified,UNKNOWN,false,audited role is consistent with baseline role
E41,MapInfo.metalWallLocationY,FIELD,MapInfo,MapInfo,,UNKNOWN,UNKNOWN,UNKNOWN,LOW,MEDIUM,name=location|metal|wall|y,declaring=info|map,,package=info|map,incoming=2;outgoing=0;block=C:\Users\JBNU\git\ConstraintsRecovery\assets\tankwar\asset11:IF:8-132;products=TankWar_P1|TankWar_P2|TankWar_P3|TankWar_P4|TankWar_P5,dependency=info|map|read,name tokens=location|metal|wall|y,no contextual semantic role identified,UNKNOWN,false,audited role is consistent with baseline role
E42,MapInfo.metalWallWidth,FIELD,MapInfo,MapInfo,,UNKNOWN,UNKNOWN,UNKNOWN,LOW,MEDIUM,name=metal|wall|width,declaring=info|map,,package=info|map,incoming=2;outgoing=0;block=C:\Users\JBNU\git\ConstraintsRecovery\assets\tankwar\asset11:IF:8-132;products=TankWar_P1|TankWar_P2|TankWar_P3|TankWar_P4|TankWar_P5,dependency=info|map|read,name tokens=metal|wall|width,no contextual semantic role identified,UNKNOWN,false,audited role is consistent with baseline role
E43,MapInfo.metalWallHeight,FIELD,MapInfo,MapInfo,,UNKNOWN,UNKNOWN,UNKNOWN,LOW,MEDIUM,name=height|metal|wall,declaring=info|map,,package=info|map,incoming=2;outgoing=0;block=C:\Users\JBNU\git\ConstraintsRecovery\assets\tankwar\asset11:IF:8-132;products=TankWar_P1|TankWar_P2|TankWar_P3|TankWar_P4|TankWar_P5,dependency=info|map|read,name tokens=height|metal|wall,no contextual semantic role identified,UNKNOWN,false,audited role is consistent with baseline role
E44,MapInfo.grassWallLocationX,FIELD,MapInfo,MapInfo,,UNKNOWN,UNKNOWN,UNKNOWN,LOW,MEDIUM,name=grass|location|wall|x,declaring=info|map,,package=info|map,incoming=2;outgoing=0;block=C:\Users\JBNU\git\ConstraintsRecovery\assets\tankwar\asset11:IF:8-132;products=TankWar_P1|TankWar_P2|TankWar_P3|TankWar_P4|TankWar_P5,dependency=info|map|read,name tokens=grass|location|wall|x,no contextual semantic role identified,UNKNOWN,false,audited role is consistent with baseline role
E45,MapInfo.grassWallLocationY,FIELD,MapInfo,MapInfo,,UNKNOWN,UNKNOWN,UNKNOWN,LOW,MEDIUM,name=grass|location|wall|y,declaring=info|map,,package=info|map,incoming=2;outgoing=0;block=C:\Users\JBNU\git\ConstraintsRecovery\assets\tankwar\asset11:IF:8-132;products=TankWar_P1|TankWar_P2|TankWar_P3|TankWar_P4|TankWar_P5,dependency=info|map|read,name tokens=grass|location|wall|y,no contextual semantic role identified,UNKNOWN,false,audited role is consistent with baseline role
E46,MapInfo.grassWallWidth,FIELD,MapInfo,MapInfo,,UNKNOWN,UNKNOWN,UNKNOWN,LOW,MEDIUM,name=grass|wall|width,declaring=info|map,,package=info|map,incoming=2;outgoing=0;block=C:\Users\JBNU\git\ConstraintsRecovery\assets\tankwar\asset11:IF:8-132;products=TankWar_P1|TankWar_P2|TankWar_P3|TankWar_P4|TankWar_P5,dependency=info|map|read,name tokens=grass|wall|width,no contextual semantic role identified,UNKNOWN,false,audited role is consistent with baseline role
E47,MapInfo.grassWallHeight,FIELD,MapInfo,MapInfo,,UNKNOWN,UNKNOWN,UNKNOWN,LOW,MEDIUM,name=grass|height|wall,declaring=info|map,,package=info|map,incoming=2;outgoing=0;block=C:\Users\JBNU\git\ConstraintsRecovery\assets\tankwar\asset11:IF:8-132;products=TankWar_P1|TankWar_P2|TankWar_P3|TankWar_P4|TankWar_P5,dependency=info|map|read,name tokens=grass|height|wall,no contextual semantic role identified,UNKNOWN,false,audited role is consistent with baseline role
E48,MapInfo.waterWallLocationX,FIELD,MapInfo,MapInfo,,UNKNOWN,UNKNOWN,UNKNOWN,LOW,MEDIUM,name=location|wall|water|x,declaring=info|map,,package=info|map,incoming=2;outgoing=0;block=C:\Users\JBNU\git\ConstraintsRecovery\assets\tankwar\asset11:IF:8-132;products=TankWar_P1|TankWar_P2|TankWar_P3|TankWar_P4|TankWar_P5,dependency=info|map|read,name tokens=location|wall|water|x,no contextual semantic role identified,UNKNOWN,false,audited role is consistent with baseline role
E49,MapInfo.waterWallLocationY,FIELD,MapInfo,MapInfo,,UNKNOWN,UNKNOWN,UNKNOWN,LOW,MEDIUM,name=location|wall|water|y,declaring=info|map,,package=info|map,incoming=2;outgoing=0;block=C:\Users\JBNU\git\ConstraintsRecovery\assets\tankwar\asset11:IF:8-132;products=TankWar_P1|TankWar_P2|TankWar_P3|TankWar_P4|TankWar_P5,dependency=info|map|read,name tokens=location|wall|water|y,no contextual semantic role identified,UNKNOWN,false,audited role is consistent with baseline role
E50,MapInfo.waterWallWidth,FIELD,MapInfo,MapInfo,,UNKNOWN,UNKNOWN,UNKNOWN,LOW,MEDIUM,name=wall|water|width,declaring=info|map,,package=info|map,incoming=2;outgoing=0;block=C:\Users\JBNU\git\ConstraintsRecovery\assets\tankwar\asset11:IF:8-132;products=TankWar_P1|TankWar_P2|TankWar_P3|TankWar_P4|TankWar_P5,dependency=info|map|read,name tokens=wall|water|width,no contextual semantic role identified,UNKNOWN,false,audited role is consistent with baseline role
E51,MapInfo.waterWallHeight,FIELD,MapInfo,MapInfo,,UNKNOWN,UNKNOWN,UNKNOWN,LOW,MEDIUM,name=height|wall|water,declaring=info|map,,package=info|map,incoming=2;outgoing=0;block=C:\Users\JBNU\git\ConstraintsRecovery\assets\tankwar\asset11:IF:8-132;products=TankWar_P1|TankWar_P2|TankWar_P3|TankWar_P4|TankWar_P5,dependency=info|map|read,name tokens=height|wall|water,no contextual semantic role identified,UNKNOWN,false,audited role is consistent with baseline role
E52,MapInfo.enemyLocation,FIELD,MapInfo,MapInfo,,UNKNOWN,UNKNOWN,UNKNOWN,LOW,MEDIUM,name=enemy|location,declaring=info|map,,package=info|map,incoming=2;outgoing=0;block=C:\Users\JBNU\git\ConstraintsRecovery\assets\tankwar\asset11:IF:8-132;products=TankWar_P1|TankWar_P2|TankWar_P3|TankWar_P4|TankWar_P5,dependency=info|map|read,name tokens=enemy|location,no contextual semantic role identified,UNKNOWN,false,audited role is consistent with baseline role
E53,MapInfo.enemyAllNr,FIELD,MapInfo,MapInfo,,UNKNOWN,UNKNOWN,UNKNOWN,LOW,MEDIUM,name=all|enemy|nr,declaring=info|map,,package=info|map,incoming=2;outgoing=0;block=C:\Users\JBNU\git\ConstraintsRecovery\assets\tankwar\asset11:IF:8-132;products=TankWar_P1|TankWar_P2|TankWar_P3|TankWar_P4|TankWar_P5,dependency=info|laden|manager|map|read|tank|war,name tokens=all|enemy|nr,no contextual semantic role identified,UNKNOWN,false,audited role is consistent with baseline role
E54,MapInfo.enemyMaxNr,FIELD,MapInfo,MapInfo,,UNKNOWN,UNKNOWN,UNKNOWN,LOW,MEDIUM,name=enemy|max|nr,declaring=info|map,,package=info|map,incoming=2;outgoing=0;block=C:\Users\JBNU\git\ConstraintsRecovery\assets\tankwar\asset11:IF:8-132;products=TankWar_P1|TankWar_P2|TankWar_P3|TankWar_P4|TankWar_P5,dependency=info|laden|manager|map|read|tank|war,name tokens=enemy|max|nr,no contextual semantic role identified,UNKNOWN,false,audited role is consistent with baseline role
E55,MapInfo.enemyTy,FIELD,MapInfo,MapInfo,,UNKNOWN,UNKNOWN,UNKNOWN,LOW,MEDIUM,name=enemy|ty,declaring=info|map,,package=info|map,incoming=2;outgoing=0;block=C:\Users\JBNU\git\ConstraintsRecovery\assets\tankwar\asset11:IF:8-132;products=TankWar_P1|TankWar_P2|TankWar_P3|TankWar_P4|TankWar_P5,dependency=info|map|read,name tokens=enemy|ty,no contextual semantic role identified,UNKNOWN,false,audited role is consistent with baseline role
E56,MapInfo.MapInfo,CONSTRUCTOR,MapInfo,MapInfo,,UNKNOWN,UNKNOWN,UNKNOWN,LOW,MEDIUM,name=info|map,declaring=info|map,,package=info|map,incoming=1;outgoing=2;block=C:\Users\JBNU\git\ConstraintsRecovery\assets\tankwar\asset11:IF:8-132;products=TankWar_P1|TankWar_P2|TankWar_P3|TankWar_P4|TankWar_P5,dependency=info|laden|manager|map|read|tank|war,name tokens=info|map,no contextual semantic role identified,UNKNOWN,false,audited role is consistent with baseline role
E57,MapInfo.readMap,METHOD,MapInfo,MapInfo,,UNKNOWN,UNKNOWN,UNKNOWN,LOW,MEDIUM,name=map|read,declaring=info|map,,package=info|map,incoming=1;outgoing=61;block=C:\Users\JBNU\git\ConstraintsRecovery\assets\tankwar\asset11:IF:8-132;products=TankWar_P1|TankWar_P2|TankWar_P3|TankWar_P4|TankWar_P5,dependency=all|base|brick|enemy|grass|height|info|location|manager|map|max|metal|nr|out|player|position|read|record|size|tank|ty|type|wall|water|width|x|y,name tokens=map|read,no contextual semantic role identified,UNKNOWN,false,audited role is consistent with baseline role
E58,MIDlet,CLASS,,,,UNKNOWN,UNKNOWN,UNKNOWN,LOW,LOW,name=midlet,,,,incoming=1;outgoing=0;block=C:\Users\JBNU\git\ConstraintsRecovery\assets\tankwar\asset12:IF:8-10;products=TankWar_P1|TankWar_P2|TankWar_P3|TankWar_P4|TankWar_P5,dependency=manager|tank|war,name tokens=midlet,no contextual semantic role identified,UNKNOWN,false,audited role is consistent with baseline role
E59,Maler$$fuer_PC,CLASS,,,,UNKNOWN,UNKNOWN,UNKNOWN,LOW,LOW,name=fuer|maler|pc,,,,incoming=0;outgoing=0;block=C:\Users\JBNU\git\ConstraintsRecovery\assets\tankwar\asset13:IF:26-28;products=TankWar_P1|TankWar_P4|TankWar_P5,,name tokens=fuer|maler|pc,no contextual semantic role identified,UNKNOWN,false,audited role is consistent with baseline role
E60,Maler$$fuer_PC,CLASS,,,,UNKNOWN,UNKNOWN,UNKNOWN,LOW,LOW,name=fuer|maler|pc,,,,incoming=0;outgoing=1;block=C:\Users\JBNU\git\ConstraintsRecovery\assets\tankwar\asset13:ELIF:29-31;products=TankWar_P3,dependency=240|m|maler,name tokens=fuer|maler|pc,no contextual semantic role identified,UNKNOWN,false,audited role is consistent with baseline role
E61,Maler$$fuer_PC,CLASS,,,,UNKNOWN,UNKNOWN,UNKNOWN,LOW,LOW,name=fuer|maler|pc,,,,incoming=0;outgoing=1;block=C:\Users\JBNU\git\ConstraintsRecovery\assets\tankwar\asset13:ELIF:32-33;products=TankWar_P2,dependency=780|m|maler,name tokens=fuer|maler|pc,no contextual semantic role identified,UNKNOWN,false,audited role is consistent with baseline role
E62,Maler$$fuer_PC.images,FIELD,Maler$$fuer_PC,Maler$$fuer_PC,,UNKNOWN,UNKNOWN,UNKNOWN,LOW,MEDIUM,name=images,declaring=fuer|maler|pc,,package=fuer|maler|pc,incoming=3;outgoing=0;block=C:\Users\JBNU\git\ConstraintsRecovery\assets\tankwar\asset13:IF:8-358;products=TankWar_P1|TankWar_P2|TankWar_P3|TankWar_P4|TankWar_P5,dependency=draw|fuer|image|loadimage|maler|pc,name tokens=images,no contextual semantic role identified,UNKNOWN,false,audited role is consistent with baseline role
E63,Maler$$fuer_PC.Maler$$fuer_PC,CONSTRUCTOR,Maler$$fuer_PC,Maler$$fuer_PC,,UNKNOWN,UNKNOWN,UNKNOWN,LOW,LOW,name=fuer|maler|pc,declaring=fuer|maler|pc,,package=fuer|maler|pc,incoming=0;outgoing=0;block=C:\Users\JBNU\git\ConstraintsRecovery\assets\tankwar\asset13:IF:8-358;products=TankWar_P1|TankWar_P2|TankWar_P3|TankWar_P4|TankWar_P5,,name tokens=fuer|maler|pc,no contextual semantic role identified,UNKNOWN,false,audited role is consistent with baseline role
E64,Maler$$fuer_PC.drawImage,METHOD,Maler$$fuer_PC,Maler$$fuer_PC,,UNKNOWN,UNKNOWN,UNKNOWN,LOW,MEDIUM,name=draw|image,declaring=fuer|maler|pc,,package=fuer|maler|pc,incoming=33;outgoing=105;block=C:\Users\JBNU\git\ConstraintsRecovery\assets\tankwar\asset13:IF:8-358;products=TankWar_P1|TankWar_P2|TankWar_P3|TankWar_P4|TankWar_P5,dependency=draw|effekt|erscheinen|explodieren|fuer|image|images|loadimage|malen|maler|menu|missile|out|pc|record|tank|tanks|tool|wall,name tokens=draw|image,no contextual semantic role identified,UNKNOWN,false,audited role is consistent with baseline role
E65,Maler$$fuer_PC.loadimage,METHOD,Maler$$fuer_PC,Maler$$fuer_PC,,UNKNOWN,UNKNOWN,UNKNOWN,LOW,MEDIUM,name=loadimage,declaring=fuer|maler|pc,,package=fuer|maler|pc,incoming=99;outgoing=1;block=C:\Users\JBNU\git\ConstraintsRecovery\assets\tankwar\asset13:IF:8-358;products=TankWar_P1|TankWar_P2|TankWar_P3|TankWar_P4|TankWar_P5,dependency=draw|fuer|image|images|maler|pc,name tokens=loadimage,no contextual semantic role identified,UNKNOWN,false,audited role is consistent with baseline role
E66,Tank$$TankWar,CLASS,,,,UNKNOWN,UNKNOWN,UNKNOWN,LOW,LOW,name=tank|war,,,,incoming=1;outgoing=1;block=C:\Users\JBNU\git\ConstraintsRecovery\assets\tankwar\asset14:IF:8-384;products=TankWar_P1|TankWar_P2|TankWar_P3|TankWar_P4|TankWar_P5,dependency=game|object|tank|tools,name tokens=tank|war,no contextual semantic role identified,UNKNOWN,false,audited role is consistent with baseline role
E67,Tank$$TankWar.geschwindigkeit,FIELD,Tank$$TankWar,Tank$$TankWar,,UNKNOWN,UNKNOWN,UNKNOWN,LOW,MEDIUM,name=geschwindigkeit,declaring=tank|war,,package=tank|war,incoming=18;outgoing=0;block=C:\Users\JBNU\git\ConstraintsRecovery\assets\tankwar\asset14:IF:8-384;products=TankWar_P1|TankWar_P2|TankWar_P3|TankWar_P4|TankWar_P5,dependency=aktualisieren|init|koordinate|tank|war,name tokens=geschwindigkeit,no contextual semantic role identified,UNKNOWN,false,audited role is consistent with baseline role
E68,Tank$$TankWar.xf_Koordinate,FIELD,Tank$$TankWar,Tank$$TankWar,,UNKNOWN,UNKNOWN,UNKNOWN,LOW,MEDIUM,name=koordinate|xf,declaring=tank|war,,package=tank|war,incoming=17;outgoing=0;block=C:\Users\JBNU\git\ConstraintsRecovery\assets\tankwar\asset14:IF:8-384;products=TankWar_P1|TankWar_P2|TankWar_P3|TankWar_P4|TankWar_P5,dependency=aktualisieren|init|koordinate|tank|war,name tokens=koordinate|xf,no contextual semantic role identified,UNKNOWN,false,audited role is consistent with baseline role
E69,Tank$$TankWar.yf_Koordinate,FIELD,Tank$$TankWar,Tank$$TankWar,,UNKNOWN,UNKNOWN,UNKNOWN,LOW,MEDIUM,name=koordinate|yf,declaring=tank|war,,package=tank|war,incoming=17;outgoing=0;block=C:\Users\JBNU\git\ConstraintsRecovery\assets\tankwar\asset14:IF:8-384;products=TankWar_P1|TankWar_P2|TankWar_P3|TankWar_P4|TankWar_P5,dependency=aktualisieren|init|koordinate|tank|war,name tokens=koordinate|yf,no contextual semantic role identified,UNKNOWN,false,audited role is consistent with baseline role
E70,Tank$$TankWar.currTime,FIELD,Tank$$TankWar,Tank$$TankWar,,UNKNOWN,UNKNOWN,UNKNOWN,LOW,MEDIUM,name=curr|time,declaring=tank|war,,package=tank|war,incoming=8;outgoing=0;block=C:\Users\JBNU\git\ConstraintsRecovery\assets\tankwar\asset14:IF:8-384;products=TankWar_P1|TankWar_P2|TankWar_P3|TankWar_P4|TankWar_P5,dependency=feuern|init|malen|tank|war,name tokens=curr|time,no contextual semantic role identified,UNKNOWN,false,audited role is consistent with baseline role
E71,Tank$$TankWar.time,FIELD,Tank$$TankWar,Tank$$TankWar,,UNKNOWN,UNKNOWN,UNKNOWN,LOW,MEDIUM,name=time,declaring=tank|war,,package=tank|war,incoming=2;outgoing=0;block=C:\Users\JBNU\git\ConstraintsRecovery\assets\tankwar\asset14:IF:8-384;products=TankWar_P1|TankWar_P2|TankWar_P3|TankWar_P4|TankWar_P5,dependency=init|malen|tank|war,name tokens=time,no contextual semantic role identified,UNKNOWN,false,audited role is consistent with baseline role
E72,Tank$$TankWar.time1,FIELD,Tank$$TankWar,Tank$$TankWar,,UNKNOWN,UNKNOWN,UNKNOWN,LOW,MEDIUM,name=time1,declaring=tank|war,,package=tank|war,incoming=2;outgoing=0;block=C:\Users\JBNU\git\ConstraintsRecovery\assets\tankwar\asset14:IF:8-384;products=TankWar_P1|TankWar_P2|TankWar_P3|TankWar_P4|TankWar_P5,dependency=init|malen|tank|war,name tokens=time1,no contextual semantic role identified,UNKNOWN,false,audited role is consistent with baseline role
E73,Tank$$TankWar.missileType,FIELD,Tank$$TankWar,Tank$$TankWar,,UNKNOWN,UNKNOWN,UNKNOWN,LOW,MEDIUM,name=missile|type,declaring=tank|war,,package=tank|war,incoming=1;outgoing=0;block=C:\Users\JBNU\git\ConstraintsRecovery\assets\tankwar\asset14:IF:8-384;products=TankWar_P1|TankWar_P2|TankWar_P3|TankWar_P4|TankWar_P5,dependency=feuern|tank|war,name tokens=missile|type,no contextual semantic role identified,UNKNOWN,false,audited role is consistent with baseline role
E74,Tank$$TankWar.feuernKontroller,FIELD,Tank$$TankWar,Tank$$TankWar,,UNKNOWN,UNKNOWN,UNKNOWN,LOW,MEDIUM,name=feuern|kontroller,declaring=tank|war,,package=tank|war,incoming=3;outgoing=0;block=C:\Users\JBNU\git\ConstraintsRecovery\assets\tankwar\asset14:IF:8-384;products=TankWar_P1|TankWar_P2|TankWar_P3|TankWar_P4|TankWar_P5,dependency=feuern|init|tank|war,name tokens=feuern|kontroller,no contextual semantic role identified,UNKNOWN,false,audited role is consistent with baseline role
E75,Tank$$TankWar.feuernHaufigkeit,FIELD,Tank$$TankWar,Tank$$TankWar,,UNKNOWN,UNKNOWN,UNKNOWN,LOW,MEDIUM,name=feuern|haufigkeit,declaring=tank|war,,package=tank|war,incoming=9;outgoing=0;block=C:\Users\JBNU\git\ConstraintsRecovery\assets\tankwar\asset14:IF:8-384;products=TankWar_P1|TankWar_P2|TankWar_P3|TankWar_P4|TankWar_P5,dependency=behandeln|feuerkraft|feuern|init|tank|tool|war,name tokens=feuern|haufigkeit,no contextual semantic role identified,UNKNOWN,false,audited role is consistent with baseline role
E76,Tank$$TankWar.energie,FIELD,Tank$$TankWar,Tank$$TankWar,,UNKNOWN,UNKNOWN,UNKNOWN,LOW,MEDIUM,name=energie,declaring=tank|war,,package=tank|war,incoming=25;outgoing=0;block=C:\Users\JBNU\git\ConstraintsRecovery\assets\tankwar\asset14:IF:8-384;products=TankWar_P1|TankWar_P2|TankWar_P3|TankWar_P4|TankWar_P5,dependency=behandeln|beschaedigen|blood|energie|get|image|init|komponente|malen|manager|mars|tank|tool|war,name tokens=energie,no contextual semantic role identified,UNKNOWN,false,audited role is consistent with baseline role
E77,Tank$$TankWar.random,FIELD,Tank$$TankWar,Tank$$TankWar,,UNKNOWN,UNKNOWN,UNKNOWN,LOW,LOW,name=random,declaring=tank|war,,package=tank|war,incoming=0;outgoing=0;block=C:\Users\JBNU\git\ConstraintsRecovery\assets\tankwar\asset14:IF:8-384;products=TankWar_P1|TankWar_P2|TankWar_P3|TankWar_P4|TankWar_P5,,name tokens=random,no contextual semantic role identified,UNKNOWN,false,audited role is consistent with baseline role
E78,Tank$$TankWar.aktive,FIELD,Tank$$TankWar,Tank$$TankWar,,UNKNOWN,UNKNOWN,UNKNOWN,LOW,MEDIUM,name=aktive,declaring=tank|war,,package=tank|war,incoming=3;outgoing=0;block=C:\Users\JBNU\git\ConstraintsRecovery\assets\tankwar\asset14:IF:8-384;products=TankWar_P1|TankWar_P2|TankWar_P3|TankWar_P4|TankWar_P5,dependency=behandeln|einfrieren|kontroller|malen|tank|tool|war,name tokens=aktive,no contextual semantic role identified,UNKNOWN,false,audited role is consistent with baseline role
E79,Tank$$TankWar.feuern,FIELD,Tank$$TankWar,Tank$$TankWar,,UNKNOWN,UNKNOWN,UNKNOWN,LOW,MEDIUM,name=feuern,declaring=tank|war,,package=tank|war,incoming=3;outgoing=0;block=C:\Users\JBNU\git\ConstraintsRecovery\assets\tankwar\asset14:IF:8-384;products=TankWar_P1|TankWar_P2|TankWar_P3|TankWar_P4|TankWar_P5,dependency=behandeln|key|malen|press|release|tank|war,name tokens=feuern,no contextual semantic role identified,UNKNOWN,false,audited role is consistent with baseline role
E80,Tank$$TankWar.keyDown,FIELD,Tank$$TankWar,Tank$$TankWar,,UNKNOWN,UNKNOWN,UNKNOWN,LOW,MEDIUM,name=down|key,declaring=tank|war,,package=tank|war,incoming=14;outgoing=0;block=C:\Users\JBNU\git\ConstraintsRecovery\assets\tankwar\asset14:IF:8-384;products=TankWar_P1|TankWar_P2|TankWar_P3|TankWar_P4|TankWar_P5,dependency=behandeln|erkennen|key|press|release|richtung|tank|war,name tokens=down|key,no contextual semantic role identified,UNKNOWN,false,audited role is consistent with baseline role
E81,Tank$$TankWar.keyLeft,FIELD,Tank$$TankWar,Tank$$TankWar,,UNKNOWN,UNKNOWN,UNKNOWN,LOW,MEDIUM,name=key|left,declaring=tank|war,,package=tank|war,incoming=14;outgoing=0;block=C:\Users\JBNU\git\ConstraintsRecovery\assets\tankwar\asset14:IF:8-384;products=TankWar_P1|TankWar_P2|TankWar_P3|TankWar_P4|TankWar_P5,dependency=behandeln|erkennen|key|press|release|richtung|tank|war,name tokens=key|left,no contextual semantic role identified,UNKNOWN,false,audited role is consistent with baseline role
E82,Tank$$TankWar.keyRight,FIELD,Tank$$TankWar,Tank$$TankWar,,UNKNOWN,UNKNOWN,UNKNOWN,LOW,MEDIUM,name=key|right,declaring=tank|war,,package=tank|war,incoming=14;outgoing=0;block=C:\Users\JBNU\git\ConstraintsRecovery\assets\tankwar\asset14:IF:8-384;products=TankWar_P1|TankWar_P2|TankWar_P3|TankWar_P4|TankWar_P5,dependency=behandeln|erkennen|key|press|release|richtung|tank|war,name tokens=key|right,no contextual semantic role identified,UNKNOWN,false,audited role is consistent with baseline role
E83,Tank$$TankWar.keyUp,FIELD,Tank$$TankWar,Tank$$TankWar,,UNKNOWN,UNKNOWN,UNKNOWN,LOW,MEDIUM,name=key|up,declaring=tank|war,,package=tank|war,incoming=14;outgoing=0;block=C:\Users\JBNU\git\ConstraintsRecovery\assets\tankwar\asset14:IF:8-384;products=TankWar_P1|TankWar_P2|TankWar_P3|TankWar_P4|TankWar_P5,dependency=behandeln|erkennen|key|press|release|richtung|tank|war,name tokens=key|up,no contextual semantic role identified,UNKNOWN,false,audited role is consistent with baseline role
E84,Tank$$TankWar.flachHeit,FIELD,Tank$$TankWar,Tank$$TankWar,,UNKNOWN,UNKNOWN,UNKNOWN,LOW,MEDIUM,name=flach|heit,declaring=tank|war,,package=tank|war,incoming=5;outgoing=0;block=C:\Users\JBNU\git\ConstraintsRecovery\assets\tankwar\asset14:IF:8-384;products=TankWar_P1|TankWar_P2|TankWar_P3|TankWar_P4|TankWar_P5,dependency=aktualisieren|koordinate|tank|war,name tokens=flach|heit,no contextual semantic role identified,UNKNOWN,false,audited role is consistent with baseline role
E85,Tank$$TankWar.feindlich,FIELD,Tank$$TankWar,Tank$$TankWar,,UNKNOWN,UNKNOWN,UNKNOWN,LOW,MEDIUM,name=feindlich,declaring=tank|war,,package=tank|war,incoming=13;outgoing=0;block=C:\Users\JBNU\git\ConstraintsRecovery\assets\tankwar\asset14:IF:8-384;products=TankWar_P1|TankWar_P2|TankWar_P3|TankWar_P4|TankWar_P5,dependency=aktualisieren|feuern|init|koordinate|malen|tank|war,name tokens=feindlich,no contextual semantic role identified,UNKNOWN,false,audited role is consistent with baseline role
E86,Tank$$TankWar.beschId,FIELD,Tank$$TankWar,Tank$$TankWar,,UNKNOWN,UNKNOWN,UNKNOWN,LOW,MEDIUM,name=besch|id,declaring=tank|war,,package=tank|war,incoming=1;outgoing=0;block=C:\Users\JBNU\git\ConstraintsRecovery\assets\tankwar\asset14:IF:8-384;products=TankWar_P1|TankWar_P2|TankWar_P3|TankWar_P4|TankWar_P5,dependency=beschaedigen|tank|war,name tokens=besch|id,no contextual semantic role identified,UNKNOWN,false,audited role is consistent with baseline role
E87,Tank$$TankWar.elapsedTime,FIELD,Tank$$TankWar,Tank$$TankWar,,UNKNOWN,UNKNOWN,UNKNOWN,LOW,MEDIUM,name=elapsed|time,declaring=tank|war,,package=tank|war,incoming=15;outgoing=0;block=C:\Users\JBNU\git\ConstraintsRecovery\assets\tankwar\asset14:IF:8-384;products=TankWar_P1|TankWar_P2|TankWar_P3|TankWar_P4|TankWar_P5,dependency=aktualisieren|koordinate|malen|tank|war,name tokens=elapsed|time,no contextual semantic role identified,UNKNOWN,false,audited role is consistent with baseline role
E88,Tank$$TankWar.flachHeitRichtung,FIELD,Tank$$TankWar,Tank$$TankWar,,UNKNOWN,UNKNOWN,UNKNOWN,LOW,MEDIUM,name=flach|heit|richtung,declaring=tank|war,,package=tank|war,incoming=2;outgoing=0;block=C:\Users\JBNU\git\ConstraintsRecovery\assets\tankwar\asset14:IF:8-384;products=TankWar_P1|TankWar_P2|TankWar_P3|TankWar_P4|TankWar_P5,dependency=aktualisieren|koordinate|tank|war,name tokens=flach|heit|richtung,no contextual semantic role identified,UNKNOWN,false,audited role is consistent with baseline role
E89,Tank$$TankWar.fahrRichtung,FIELD,Tank$$TankWar,Tank$$TankWar,,UNKNOWN,UNKNOWN,UNKNOWN,LOW,MEDIUM,name=fahr|richtung,declaring=tank|war,,package=tank|war,incoming=5;outgoing=0;block=C:\Users\JBNU\git\ConstraintsRecovery\assets\tankwar\asset14:IF:8-384;products=TankWar_P1|TankWar_P2|TankWar_P3|TankWar_P4|TankWar_P5,dependency=aktualisieren|draw|feuern|geschuetz|image|koordinate|tank|tanks|turm|war,name tokens=fahr|richtung,no contextual semantic role identified,UNKNOWN,false,audited role is consistent with baseline role
E90,Tank$$TankWar.tankRichtung,FIELD,Tank$$TankWar,Tank$$TankWar,,UNKNOWN,UNKNOWN,UNKNOWN,LOW,MEDIUM,name=richtung|tank,declaring=tank|war,,package=tank|war,incoming=16;outgoing=0;block=C:\Users\JBNU\git\ConstraintsRecovery\assets\tankwar\asset14:IF:8-384;products=TankWar_P1|TankWar_P2|TankWar_P3|TankWar_P4|TankWar_P5,dependency=aktualisieren|erkennen|koordinate|richtung|tank|war,name tokens=richtung|tank,no contextual semantic role identified,UNKNOWN,false,audited role is consistent with baseline role
E91,Tank$$TankWar.Tank$$TankWar,CONSTRUCTOR,Tank$$TankWar,Tank$$TankWar,,UNKNOWN,UNKNOWN,UNKNOWN,LOW,LOW,name=tank|war,declaring=tank|war,,package=tank|war,incoming=0;outgoing=0;block=C:\Users\JBNU\git\ConstraintsRecovery\assets\tankwar\asset14:IF:8-384;products=TankWar_P1|TankWar_P2|TankWar_P3|TankWar_P4|TankWar_P5,,name tokens=tank|war,no contextual semantic role identified,UNKNOWN,false,audited role is consistent with baseline role
E92,Tank$$TankWar.init,METHOD,Tank$$TankWar,Tank$$TankWar,,UNKNOWN,UNKNOWN,UNKNOWN,LOW,MEDIUM,name=init,declaring=tank|war,,package=tank|war,incoming=0;outgoing=59;block=C:\Users\JBNU\git\ConstraintsRecovery\assets\tankwar\asset14:IF:8-384;products=TankWar_P1|TankWar_P2|TankWar_P3|TankWar_P4|TankWar_P5,dependency=curr|energie|feindlich|feuern|game|geschwindigkeit|haufigkeit|id|koernigkeit2|kontroller|koordinate|manager|object|tank|time|time1|war|xf|yf,name tokens=init,no contextual semantic role identified,UNKNOWN,false,audited role is consistent with baseline role
E93,Tank$$TankWar.malen,METHOD,Tank$$TankWar,Tank$$TankWar,,UNKNOWN,UNKNOWN,UNKNOWN,LOW,MEDIUM,name=malen,declaring=tank|war,,package=tank|war,incoming=0;outgoing=16;block=C:\Users\JBNU\git\ConstraintsRecovery\assets\tankwar\asset14:IF:8-384;products=TankWar_P1|TankWar_P2|TankWar_P3|TankWar_P4|TankWar_P5,dependency=aktive|aktualisieren|curr|elapsed|feindlich|feuern|koordinate|malen|tank|time|time1|war,name tokens=malen,no contextual semantic role identified,UNKNOWN,false,audited role is consistent with baseline role
E94,Tank$$TankWar.tankMalen,METHOD,Tank$$TankWar,Tank$$TankWar,,UNKNOWN,UNKNOWN,UNKNOWN,LOW,MEDIUM,name=malen|tank,declaring=tank|war,,package=tank|war,incoming=1;outgoing=3;block=C:\Users\JBNU\git\ConstraintsRecovery\assets\tankwar\asset14:IF:8-384;products=TankWar_P1|TankWar_P2|TankWar_P3|TankWar_P4|TankWar_P5,dependency=color|fill|geschuetz|malen|maler|ovall|pc|set|tank|turm|war,name tokens=malen|tank,no contextual semantic role identified,UNKNOWN,false,audited role is consistent with baseline role
E95,Tank$$TankWar.geschuetzTurm,METHOD,Tank$$TankWar,Tank$$TankWar,,UNKNOWN,UNKNOWN,UNKNOWN,LOW,MEDIUM,name=geschuetz|turm,declaring=tank|war,,package=tank|war,incoming=1;outgoing=9;block=C:\Users\JBNU\git\ConstraintsRecovery\assets\tankwar\asset14:IF:8-384;products=TankWar_P1|TankWar_P2|TankWar_P3|TankWar_P4|TankWar_P5,dependency=color|fahr|fill|malen|maler|pc|rect|richtung|set|tank|war,name tokens=geschuetz|turm,no contextual semantic role identified,UNKNOWN,false,audited role is consistent with baseline role
E96,Tank$$TankWar.keyPressBehandeln,METHOD,Tank$$TankWar,Tank$$TankWar,,UNKNOWN,UNKNOWN,UNKNOWN,LOW,MEDIUM,name=behandeln|key|press,declaring=tank|war,,package=tank|war,incoming=0;outgoing=18;block=C:\Users\JBNU\git\ConstraintsRecovery\assets\tankwar\asset14:IF:8-384;products=TankWar_P1|TankWar_P2|TankWar_P3|TankWar_P4|TankWar_P5,dependency=down|erkennen|feuern|key|left|richtung|right|tank|up|war,name tokens=behandeln|key|press,no contextual semantic role identified,UNKNOWN,false,audited role is consistent with baseline role
E97,Tank$$TankWar.keyReleaseBehandeln,METHOD,Tank$$TankWar,Tank$$TankWar,,UNKNOWN,UNKNOWN,UNKNOWN,LOW,MEDIUM,name=behandeln|key|release,declaring=tank|war,,package=tank|war,incoming=0;outgoing=6;block=C:\Users\JBNU\git\ConstraintsRecovery\assets\tankwar\asset14:IF:8-384;products=TankWar_P1|TankWar_P2|TankWar_P3|TankWar_P4|TankWar_P5,dependency=down|erkennen|feuern|key|left|richtung|right|tank|up|war,name tokens=behandeln|key|release,no contextual semantic role identified,UNKNOWN,false,audited role is consistent with baseline role
E98,Tank$$TankWar.richtungErkennen,METHOD,Tank$$TankWar,Tank$$TankWar,,UNKNOWN,UNKNOWN,UNKNOWN,LOW,MEDIUM,name=erkennen|richtung,declaring=tank|war,,package=tank|war,incoming=2;outgoing=45;block=C:\Users\JBNU\git\ConstraintsRecovery\assets\tankwar\asset14:IF:8-384;products=TankWar_P1|TankWar_P2|TankWar_P3|TankWar_P4|TankWar_P5,dependency=behandeln|down|key|left|press|release|richtung|right|tank|up|war,name tokens=erkennen|richtung,no contextual semantic role identified,UNKNOWN,false,audited role is consistent with baseline role
E99,Tank$$TankWar.feuern,METHOD,Tank$$TankWar,Tank$$TankWar,,UNKNOWN,UNKNOWN,UNKNOWN,LOW,MEDIUM,name=feuern,declaring=tank|war,,package=tank|war,incoming=7;outgoing=9;block=C:\Users\JBNU\git\ConstraintsRecovery\assets\tankwar\asset14:IF:8-384;products=TankWar_P1|TankWar_P2|TankWar_P3|TankWar_P4|TankWar_P5,dependency=curr|fahr|feind|feindlich|feuern|haufigkeit|ki|kontroller|malen|manager|menge|missile|missiles|richtung|tank|time|tools|type|war,name tokens=feuern,no contextual semantic role identified,UNKNOWN,false,audited role is consistent with baseline role
E100,Tank$$TankWar.koordinateAktualisieren,METHOD,Tank$$TankWar,Tank$$TankWar,,UNKNOWN,UNKNOWN,UNKNOWN,LOW,MEDIUM,name=aktualisieren|koordinate,declaring=tank|war,,package=tank|war,incoming=1;outgoing=109;block=C:\Users\JBNU\git\ConstraintsRecovery\assets\tankwar\asset14:IF:8-384;products=TankWar_P1|TankWar_P2|TankWar_P3|TankWar_P4|TankWar_P5,dependency=brickwall|elapsed|fahr|feind|feindlich|flach|game|geschwindigkeit|get|height|heit|ki|koernigkeit2|koordinate|malen|manager|menge|metalwall|object|richtung|rund|screen|tank|time|war|waterwall|width|xf|yf,name tokens=aktualisieren|koordinate,no contextual semantic role identified,UNKNOWN,false,audited role is consistent with baseline role
E101,Tank$$TankWar.tankFeindKI,METHOD,Tank$$TankWar,Tank$$TankWar,,UNKNOWN,UNKNOWN,UNKNOWN,LOW,MEDIUM,name=feind|ki|tank,declaring=tank|war,,package=tank|war,incoming=1;outgoing=0;block=C:\Users\JBNU\git\ConstraintsRecovery\assets\tankwar\asset14:IF:8-384;products=TankWar_P1|TankWar_P2|TankWar_P3|TankWar_P4|TankWar_P5,dependency=aktualisieren|koordinate|tank|war,name tokens=feind|ki|tank,no contextual semantic role identified,UNKNOWN,false,audited role is consistent with baseline role
E102,Tank$$TankWar.beschaedigen,METHOD,Tank$$TankWar,Tank$$TankWar,,UNKNOWN,UNKNOWN,UNKNOWN,LOW,MEDIUM,name=beschaedigen,declaring=tank|war,,package=tank|war,incoming=0;outgoing=4;block=C:\Users\JBNU\git\ConstraintsRecovery\assets\tankwar\asset14:IF:8-384;products=TankWar_P1|TankWar_P2|TankWar_P3|TankWar_P4|TankWar_P5,dependency=besch|energie|explodieren|id|tank|war,name tokens=beschaedigen,no contextual semantic role identified,UNKNOWN,false,audited role is consistent with baseline role
E103,Tank$$TankWar.explodieren,METHOD,Tank$$TankWar,Tank$$TankWar,,UNKNOWN,UNKNOWN,UNKNOWN,LOW,MEDIUM,name=explodieren,declaring=tank|war,,package=tank|war,incoming=1;outgoing=4;block=C:\Users\JBNU\git\ConstraintsRecovery\assets\tankwar\asset14:IF:8-384;products=TankWar_P1|TankWar_P2|TankWar_P3|TankWar_P4|TankWar_P5,dependency=beschaedigen|game|id|manager|menge|object|tank|tank1|war,name tokens=explodieren,no contextual semantic role identified,UNKNOWN,false,audited role is consistent with baseline role
E104,Tank$$TankWar.toolBehandeln,METHOD,Tank$$TankWar,Tank$$TankWar,,UNKNOWN,UNKNOWN,UNKNOWN,LOW,LOW,name=behandeln|tool,declaring=tank|war,,package=tank|war,incoming=0;outgoing=0;block=C:\Users\JBNU\git\ConstraintsRecovery\assets\tankwar\asset14:IF:8-384;products=TankWar_P1|TankWar_P2|TankWar_P3|TankWar_P4|TankWar_P5,,name tokens=behandeln|tool,no contextual semantic role identified,UNKNOWN,false,audited role is consistent with baseline role
E105,Menu,CLASS,,,,UNKNOWN,UNKNOWN,UNKNOWN,LOW,LOW,name=menu,,,,incoming=0;outgoing=0;block=C:\Users\JBNU\git\ConstraintsRecovery\assets\tankwar\asset15:IF:8-281;products=TankWar_P1|TankWar_P2|TankWar_P3|TankWar_P4|TankWar_P5,,name tokens=menu,no contextual semantic role identified,UNKNOWN,false,audited role is consistent with baseline role
E106,Menu.options,FIELD,Menu,Menu,,UNKNOWN,UNKNOWN,UNKNOWN,LOW,MEDIUM,name=options,declaring=menu,,package=menu,incoming=69;outgoing=0;block=C:\Users\JBNU\git\ConstraintsRecovery\assets\tankwar\asset15:IF:8-281;products=TankWar_P1|TankWar_P2|TankWar_P3|TankWar_P4|TankWar_P5,dependency=add|behandeln|erscheinen|key|menu,name tokens=options,no contextual semantic role identified,UNKNOWN,false,audited role is consistent with baseline role
E107,Menu.logoXK,FIELD,Menu,Menu,,UNKNOWN,UNKNOWN,UNKNOWN,LOW,MEDIUM,name=logo|xk,declaring=menu,,package=menu,incoming=2;outgoing=0;block=C:\Users\JBNU\git\ConstraintsRecovery\assets\tankwar\asset15:IF:8-281;products=TankWar_P1|TankWar_P2|TankWar_P3|TankWar_P4|TankWar_P5,dependency=erscheinen|koordinate|logo|menu|set,name tokens=logo|xk,no contextual semantic role identified,UNKNOWN,false,audited role is consistent with baseline role
E108,Menu.logoYK,FIELD,Menu,Menu,,UNKNOWN,UNKNOWN,UNKNOWN,LOW,MEDIUM,name=logo|yk,declaring=menu,,package=menu,incoming=2;outgoing=0;block=C:\Users\JBNU\git\ConstraintsRecovery\assets\tankwar\asset15:IF:8-281;products=TankWar_P1|TankWar_P2|TankWar_P3|TankWar_P4|TankWar_P5,dependency=erscheinen|koordinate|logo|menu|set,name tokens=logo|yk,no contextual semantic role identified,UNKNOWN,false,audited role is consistent with baseline role
E109,Menu.zeileAbstand,FIELD,Menu,Menu,,UNKNOWN,UNKNOWN,UNKNOWN,LOW,MEDIUM,name=abstand|zeile,declaring=menu,,package=menu,incoming=13;outgoing=0;block=C:\Users\JBNU\git\ConstraintsRecovery\assets\tankwar\asset15:IF:8-281;products=TankWar_P1|TankWar_P2|TankWar_P3|TankWar_P4|TankWar_P5,dependency=abstand|erscheinen|menu|set|zeile,name tokens=abstand|zeile,no contextual semantic role identified,UNKNOWN,false,audited role is consistent with baseline role
E110,Menu.maler,FIELD,Menu,Menu,,UNKNOWN,UNKNOWN,UNKNOWN,LOW,MEDIUM,name=maler,declaring=menu,,package=menu,incoming=3;outgoing=0;block=C:\Users\JBNU\git\ConstraintsRecovery\assets\tankwar\asset15:IF:8-281;products=TankWar_P1|TankWar_P2|TankWar_P3|TankWar_P4|TankWar_P5,dependency=behandeln|key|menu,name tokens=maler,no contextual semantic role identified,UNKNOWN,false,audited role is consistent with baseline role
E111,Menu.logoimage,FIELD,Menu,Menu,,UNKNOWN,UNKNOWN,UNKNOWN,LOW,MEDIUM,name=logoimage,declaring=menu,,package=menu,incoming=4;outgoing=0;block=C:\Users\JBNU\git\ConstraintsRecovery\assets\tankwar\asset15:IF:8-281;products=TankWar_P1|TankWar_P2|TankWar_P3|TankWar_P4|TankWar_P5,dependency=add|erscheinen|logo|menu,name tokens=logoimage,no contextual semantic role identified,UNKNOWN,false,audited role is consistent with baseline role
E112,Menu.style,FIELD,Menu,Menu,,UNKNOWN,UNKNOWN,UNKNOWN,LOW,MEDIUM,name=style,declaring=menu,,package=menu,incoming=4;outgoing=0;block=C:\Users\JBNU\git\ConstraintsRecovery\assets\tankwar\asset15:IF:8-281;products=TankWar_P1|TankWar_P2|TankWar_P3|TankWar_P4|TankWar_P5,dependency=erscheinen|menu|set|style,name tokens=style,no contextual semantic role identified,UNKNOWN,false,audited role is consistent with baseline role
E113,Menu.xStyle,FIELD,Menu,Menu,,UNKNOWN,UNKNOWN,UNKNOWN,LOW,MEDIUM,name=style|x,declaring=menu,,package=menu,incoming=7;outgoing=0;block=C:\Users\JBNU\git\ConstraintsRecovery\assets\tankwar\asset15:IF:8-281;products=TankWar_P1|TankWar_P2|TankWar_P3|TankWar_P4|TankWar_P5,dependency=erscheinen|menu|set|style,name tokens=style|x,no contextual semantic role identified,UNKNOWN,false,audited role is consistent with baseline role
E114,Menu.yStyle,FIELD,Menu,Menu,,UNKNOWN,UNKNOWN,UNKNOWN,LOW,MEDIUM,name=style|y,declaring=menu,,package=menu,incoming=7;outgoing=0;block=C:\Users\JBNU\git\ConstraintsRecovery\assets\tankwar\asset15:IF:8-281;products=TankWar_P1|TankWar_P2|TankWar_P3|TankWar_P4|TankWar_P5,dependency=erscheinen|menu|set|style,name tokens=style|y,no contextual semantic role identified,UNKNOWN,false,audited role is consistent with baseline role
E115,Menu.x_KoordinateImage,FIELD,Menu,Menu,,UNKNOWN,UNKNOWN,UNKNOWN,LOW,MEDIUM,name=image|koordinate|x,declaring=menu,,package=menu,incoming=9;outgoing=0;block=C:\Users\JBNU\git\ConstraintsRecovery\assets\tankwar\asset15:IF:8-281;products=TankWar_P1|TankWar_P2|TankWar_P3|TankWar_P4|TankWar_P5,dependency=erscheinen|image|koordinate|menu|set,name tokens=image|koordinate|x,no contextual semantic role identified,UNKNOWN,false,audited role is consistent with baseline role
E116,Menu.y_KoordinateImage,FIELD,Menu,Menu,,UNKNOWN,UNKNOWN,UNKNOWN,LOW,MEDIUM,name=image|koordinate|y,declaring=menu,,package=menu,incoming=9;outgoing=0;block=C:\Users\JBNU\git\ConstraintsRecovery\assets\tankwar\asset15:IF:8-281;products=TankWar_P1|TankWar_P2|TankWar_P3|TankWar_P4|TankWar_P5,dependency=erscheinen|image|koordinate|menu|set,name tokens=image|koordinate|y,no contextual semantic role identified,UNKNOWN,false,audited role is consistent with baseline role
E117,Menu.waehlbar,FIELD,Menu,Menu,,UNKNOWN,UNKNOWN,UNKNOWN,LOW,MEDIUM,name=waehlbar,declaring=menu,,package=menu,incoming=3;outgoing=0;block=C:\Users\JBNU\git\ConstraintsRecovery\assets\tankwar\asset15:IF:8-281;products=TankWar_P1|TankWar_P2|TankWar_P3|TankWar_P4|TankWar_P5,dependency=behandeln|erscheinen|key|menu|set|waehlbar,name tokens=waehlbar,no contextual semantic role identified,UNKNOWN,false,audited role is consistent with baseline role
E118,Menu.fontSize,FIELD,Menu,Menu,,UNKNOWN,UNKNOWN,UNKNOWN,LOW,MEDIUM,name=font|size,declaring=menu,,package=menu,incoming=2;outgoing=0;block=C:\Users\JBNU\git\ConstraintsRecovery\assets\tankwar\asset15:IF:8-281;products=TankWar_P1|TankWar_P2|TankWar_P3|TankWar_P4|TankWar_P5,dependency=erscheinen|font|menu|set|size,name tokens=font|size,no contextual semantic role identified,UNKNOWN,false,audited role is consistent with baseline role
E119,Menu.font,FIELD,Menu,Menu,,UNKNOWN,UNKNOWN,UNKNOWN,LOW,MEDIUM,name=font,declaring=menu,,package=menu,incoming=2;outgoing=0;block=C:\Users\JBNU\git\ConstraintsRecovery\assets\tankwar\asset15:IF:8-281;products=TankWar_P1|TankWar_P2|TankWar_P3|TankWar_P4|TankWar_P5,dependency=erscheinen|menu,name tokens=font,no contextual semantic role identified,UNKNOWN,false,audited role is consistent with baseline role
E120,Menu.Menu,CONSTRUCTOR,Menu,Menu,,UNKNOWN,UNKNOWN,UNKNOWN,LOW,MEDIUM,name=menu,declaring=menu,,package=menu,incoming=10;outgoing=3;block=C:\Users\JBNU\git\ConstraintsRecovery\assets\tankwar\asset15:IF:8-281;products=TankWar_P1|TankWar_P2|TankWar_P3|TankWar_P4|TankWar_P5,dependency=abstand|erstellen|exit|fuer|game|help|item|level|logoimage|lose|main|maler|menu|menuerstellen|name|note|pause|pc|re|tank|vergeben|win|zeile,name tokens=menu,no contextual semantic role identified,UNKNOWN,false,audited role is consistent with baseline role
E121,Menu.addLogo,METHOD,Menu,Menu,,UNKNOWN,UNKNOWN,UNKNOWN,LOW,MEDIUM,name=add|logo,declaring=menu,,package=menu,incoming=2;outgoing=1;block=C:\Users\JBNU\git\ConstraintsRecovery\assets\tankwar\asset15:IF:8-281;products=TankWar_P1|TankWar_P2|TankWar_P3|TankWar_P4|TankWar_P5,dependency=erstellen|logoimage|main|maler|menu|menuerstellen|pc|tank,name tokens=add|logo,no contextual semantic role identified,UNKNOWN,false,audited role is consistent with baseline role
E122,Menu.setLogoKoordinate,METHOD,Menu,Menu,,UNKNOWN,UNKNOWN,UNKNOWN,LOW,MEDIUM,name=koordinate|logo|set,declaring=menu,,package=menu,incoming=1;outgoing=2;block=C:\Users\JBNU\git\ConstraintsRecovery\assets\tankwar\asset15:IF:8-281;products=TankWar_P1|TankWar_P2|TankWar_P3|TankWar_P4|TankWar_P5,dependency=logo|main|maler|menu|menuerstellen|pc|xk|yk,name tokens=koordinate|logo|set,no contextual semantic role identified,UNKNOWN,false,audited role is consistent with baseline role
E123,Menu.setKoordinateImage,METHOD,Menu,Menu,,UNKNOWN,UNKNOWN,UNKNOWN,LOW,MEDIUM,name=image|koordinate|set,declaring=menu,,package=menu,incoming=10;outgoing=2;block=C:\Users\JBNU\git\ConstraintsRecovery\assets\tankwar\asset15:IF:8-281;products=TankWar_P1|TankWar_P2|TankWar_P3|TankWar_P4|TankWar_P5,dependency=erstellen|exit|fuer|game|help|image|item|koordinate|level|lose|main|maler|menu|menuerstellen|name|note|pause|pc|re|tank|vergeben|win|x|y,name tokens=image|koordinate|set,no contextual semantic role identified,UNKNOWN,false,audited role is consistent with baseline role
E124,Menu.setZeileAbstand,METHOD,Menu,Menu,,UNKNOWN,UNKNOWN,UNKNOWN,LOW,MEDIUM,name=abstand|set|zeile,declaring=menu,,package=menu,incoming=13;outgoing=1;block=C:\Users\JBNU\git\ConstraintsRecovery\assets\tankwar\asset15:IF:8-281;products=TankWar_P1|TankWar_P2|TankWar_P3|TankWar_P4|TankWar_P5,dependency=abstand|erstellen|exit|fuer|game|level|lose|main|maler|menu|menuerstellen|note|pause|pc|re|tank|win|zeile,name tokens=abstand|set|zeile,no contextual semantic role identified,UNKNOWN,false,audited role is consistent with baseline role
E125,Menu.setStyle,METHOD,Menu,Menu,,UNKNOWN,UNKNOWN,UNKNOWN,LOW,MEDIUM,name=set|style,declaring=menu,,package=menu,incoming=8;outgoing=10;block=C:\Users\JBNU\git\ConstraintsRecovery\assets\tankwar\asset15:IF:8-281;products=TankWar_P1|TankWar_P2|TankWar_P3|TankWar_P4|TankWar_P5,dependency=erstellen|exit|game|help|item|level|lose|main|maler|menu|menuerstellen|pause|pc|style|tank|win|x|y,name tokens=set|style,no contextual semantic role identified,UNKNOWN,false,audited role is consistent with baseline role
E126,Menu.setWaehlbar,METHOD,Menu,Menu,,UNKNOWN,UNKNOWN,UNKNOWN,LOW,MEDIUM,name=set|waehlbar,declaring=menu,,package=menu,incoming=2;outgoing=1;block=C:\Users\JBNU\git\ConstraintsRecovery\assets\tankwar\asset15:IF:8-281;products=TankWar_P1|TankWar_P2|TankWar_P3|TankWar_P4|TankWar_P5,dependency=fuer|game|level|maler|menu|note|pc|re|waehlbar,name tokens=set|waehlbar,no contextual semantic role identified,UNKNOWN,false,audited role is consistent with baseline role
E127,Menu.setFontSize,METHOD,Menu,Menu,,UNKNOWN,UNKNOWN,UNKNOWN,LOW,MEDIUM,name=font|set|size,declaring=menu,,package=menu,incoming=3;outgoing=1;block=C:\Users\JBNU\git\ConstraintsRecovery\assets\tankwar\asset15:IF:8-281;products=TankWar_P1|TankWar_P2|TankWar_P3|TankWar_P4|TankWar_P5,dependency=font|game|level|lose|maler|menu|pc|size|win,name tokens=font|set|size,no contextual semantic role identified,UNKNOWN,false,audited role is consistent with baseline role
E128,Menu.add,METHOD,Menu,Menu,,UNKNOWN,UNKNOWN,UNKNOWN,LOW,MEDIUM,name=add,declaring=menu,,package=menu,incoming=0;outgoing=15;block=C:\Users\JBNU\git\ConstraintsRecovery\assets\tankwar\asset15:IF:8-281;products=TankWar_P1|TankWar_P2|TankWar_P3|TankWar_P4|TankWar_P5,dependency=menu|option|options|prioritaet,name tokens=add,no contextual semantic role identified,UNKNOWN,false,audited role is consistent with baseline role
E129,Menu.add,METHOD,Menu,Menu,,UNKNOWN,UNKNOWN,UNKNOWN,LOW,MEDIUM,name=add,declaring=menu,,package=menu,incoming=0;outgoing=15;block=C:\Users\JBNU\git\ConstraintsRecovery\assets\tankwar\asset15:IF:8-281;products=TankWar_P1|TankWar_P2|TankWar_P3|TankWar_P4|TankWar_P5,dependency=menu|option|options|prioritaet,name tokens=add,no contextual semantic role identified,UNKNOWN,false,audited role is consistent with baseline role
E130,Menu.add,METHOD,Menu,Menu,,UNKNOWN,UNKNOWN,UNKNOWN,LOW,MEDIUM,name=add,declaring=menu,,package=menu,incoming=0;outgoing=15;block=C:\Users\JBNU\git\ConstraintsRecovery\assets\tankwar\asset15:IF:8-281;products=TankWar_P1|TankWar_P2|TankWar_P3|TankWar_P4|TankWar_P5,dependency=menu|option|options|prioritaet,name tokens=add,no contextual semantic role identified,UNKNOWN,false,audited role is consistent with baseline role
E131,Menu.KeyBehandeln,METHOD,Menu,Menu,,UNKNOWN,UNKNOWN,UNKNOWN,LOW,MEDIUM,name=behandeln|key,declaring=menu,,package=menu,incoming=1;outgoing=20;block=C:\Users\JBNU\git\ConstraintsRecovery\assets\tankwar\asset15:IF:8-281;products=TankWar_P1|TankWar_P2|TankWar_P3|TankWar_P4|TankWar_P5,dependency=behandeln|key|maler|menu|option|options|pc|pressed|str|waehlbar,name tokens=behandeln|key,no contextual semantic role identified,UNKNOWN,false,audited role is consistent with baseline role
E132,Menu.erscheinen,METHOD,Menu,Menu,,UNKNOWN,UNKNOWN,UNKNOWN,LOW,MEDIUM,name=erscheinen,declaring=menu,,package=menu,incoming=10;outgoing=80;block=C:\Users\JBNU\git\ConstraintsRecovery\assets\tankwar\asset15:IF:8-281;products=TankWar_P1|TankWar_P2|TankWar_P3|TankWar_P4|TankWar_P5,dependency=abstand|draw|exit|font|fuer|game|help|image|img|img2|koordinate|level|logo|logoimage|lose|main|maler|menu|name|note|option|options|pause|pc|re|size|str|style|tank|vergeben|waehlbar|waehlen|win|x|xk|y|yk|zeile,name tokens=erscheinen,no contextual semantic role identified,UNKNOWN,false,audited role is consistent with baseline role
E133,InfoPanel,CLASS,,,,UNKNOWN,UI,UNKNOWN,LOW,LOW,name=info|panel,,,,incoming=0;outgoing=0;block=C:\Users\JBNU\git\ConstraintsRecovery\assets\tankwar\asset16:IF:8-49;products=TankWar_P1|TankWar_P2|TankWar_P3|TankWar_P4|TankWar_P5,,name tokens=info|panel; UI architecture retained independently from domain relevance,no contextual semantic role identified,DOMAIN_SUPPORT,true,"audited role separates semantic, architectural, and relevance dimensions"
E134,InfoPanel.maler,FIELD,InfoPanel,InfoPanel,,UNKNOWN,UI,UNKNOWN,LOW,MEDIUM,name=maler,declaring=info|panel,,package=info|panel,incoming=7;outgoing=0;block=C:\Users\JBNU\git\ConstraintsRecovery\assets\tankwar\asset16:IF:8-49;products=TankWar_P1|TankWar_P2|TankWar_P3|TankWar_P4|TankWar_P5,dependency=info|paint|panel,name tokens=maler; UI architecture retained independently from domain relevance,no contextual semantic role identified,UNKNOWN,false,audited role is consistent with baseline role
E135,InfoPanel.behalter,FIELD,InfoPanel,InfoPanel,,UNKNOWN,UI,UNKNOWN,LOW,MEDIUM,name=behalter,declaring=info|panel,,package=info|panel,incoming=2;outgoing=0;block=C:\Users\JBNU\git\ConstraintsRecovery\assets\tankwar\asset16:IF:8-49;products=TankWar_P1|TankWar_P2|TankWar_P3|TankWar_P4|TankWar_P5,dependency=info|panel,name tokens=behalter; UI architecture retained independently from domain relevance,no contextual semantic role identified,UNKNOWN,false,audited role is consistent with baseline role
E136,InfoPanel.INFO_WIDTH,FIELD,InfoPanel,InfoPanel,,UNKNOWN,UI,UNKNOWN,LOW,MEDIUM,name=info|width,declaring=info|panel,,package=info|panel,incoming=4;outgoing=0;block=C:\Users\JBNU\git\ConstraintsRecovery\assets\tankwar\asset16:IF:8-49;products=TankWar_P1|TankWar_P2|TankWar_P3|TankWar_P4|TankWar_P5,dependency=info|init|maler|panel|pc|update,name tokens=info|width; UI architecture retained independently from domain relevance,no contextual semantic role identified,UNKNOWN,false,audited role is consistent with baseline role
E137,InfoPanel.InfoPanel,CONSTRUCTOR,InfoPanel,InfoPanel,,DOMAIN_OPERATION,UI,HIGH,LOW,HIGH,name=info|panel,declaring=info|panel,,package=info|panel,incoming=1;outgoing=4;block=C:\Users\JBNU\git\ConstraintsRecovery\assets\tankwar\asset16:IF:8-49;products=TankWar_P1|TankWar_P2|TankWar_P3|TankWar_P4|TankWar_P5,dependency=behalter|info|init|maler|panel|pc|width,name tokens=info|panel; UI architecture retained independently from domain relevance,,DOMAIN_SUPPORT,true,"audited role separates semantic, architectural, and relevance dimensions"
E138,InfoPanel.paint,METHOD,InfoPanel,InfoPanel,,UNKNOWN,UI,UNKNOWN,LOW,MEDIUM,name=paint,declaring=info|panel,,package=info|panel,incoming=0;outgoing=7;block=C:\Users\JBNU\git\ConstraintsRecovery\assets\tankwar\asset16:IF:8-49;products=TankWar_P1|TankWar_P2|TankWar_P3|TankWar_P4|TankWar_P5,dependency=fill|info|maler|panel|pc|rect,name tokens=paint; UI architecture retained independently from domain relevance,no contextual semantic role identified,UNKNOWN,false,audited role is consistent with baseline role
E139,Option,CLASS,,,,UNKNOWN,UNKNOWN,UNKNOWN,LOW,LOW,name=option,,,,incoming=0;outgoing=0;block=C:\Users\JBNU\git\ConstraintsRecovery\assets\tankwar\asset17:IF:8-36;products=TankWar_P1|TankWar_P2|TankWar_P3|TankWar_P4|TankWar_P5,,name tokens=option,no contextual semantic role identified,UNKNOWN,false,audited role is consistent with baseline role
E140,Option.status,FIELD,Option,Option,,UNKNOWN,UNKNOWN,UNKNOWN,LOW,MEDIUM,name=status,declaring=option,,package=option,incoming=3;outgoing=0;block=C:\Users\JBNU\git\ConstraintsRecovery\assets\tankwar\asset17:IF:8-36;products=TankWar_P1|TankWar_P2|TankWar_P3|TankWar_P4|TankWar_P5,dependency=option,name tokens=status,no contextual semantic role identified,UNKNOWN,false,audited role is consistent with baseline role
E141,Option.str,FIELD,Option,Option,,UNKNOWN,UNKNOWN,UNKNOWN,LOW,MEDIUM,name=str,declaring=option,,package=option,incoming=7;outgoing=0;block=C:\Users\JBNU\git\ConstraintsRecovery\assets\tankwar\asset17:IF:8-36;products=TankWar_P1|TankWar_P2|TankWar_P3|TankWar_P4|TankWar_P5,dependency=behandeln|erscheinen|key|menu|option,name tokens=str,no contextual semantic role identified,UNKNOWN,false,audited role is consistent with baseline role
E142,Option.img,FIELD,Option,Option,,UNKNOWN,UNKNOWN,UNKNOWN,LOW,MEDIUM,name=img,declaring=option,,package=option,incoming=13;outgoing=0;block=C:\Users\JBNU\git\ConstraintsRecovery\assets\tankwar\asset17:IF:8-36;products=TankWar_P1|TankWar_P2|TankWar_P3|TankWar_P4|TankWar_P5,dependency=erscheinen|menu|option,name tokens=img,no contextual semantic role identified,UNKNOWN,false,audited role is consistent with baseline role
E143,Option.img2,FIELD,Option,Option,,UNKNOWN,UNKNOWN,UNKNOWN,LOW,MEDIUM,name=img2,declaring=option,,package=option,incoming=5;outgoing=0;block=C:\Users\JBNU\git\ConstraintsRecovery\assets\tankwar\asset17:IF:8-36;products=TankWar_P1|TankWar_P2|TankWar_P3|TankWar_P4|TankWar_P5,dependency=erscheinen|menu|option,name tokens=img2,no contextual semantic role identified,UNKNOWN,false,audited role is consistent with baseline role
E144,Option.prioritaet,FIELD,Option,Option,,UNKNOWN,UNKNOWN,UNKNOWN,LOW,MEDIUM,name=prioritaet,declaring=option,,package=option,incoming=6;outgoing=0;block=C:\Users\JBNU\git\ConstraintsRecovery\assets\tankwar\asset17:IF:8-36;products=TankWar_P1|TankWar_P2|TankWar_P3|TankWar_P4|TankWar_P5,dependency=add|menu|option,name tokens=prioritaet,no contextual semantic role identified,UNKNOWN,false,audited role is consistent with baseline role
E145,Option.Option,CONSTRUCTOR,Option,Option,,UNKNOWN,UNKNOWN,UNKNOWN,LOW,MEDIUM,name=option,declaring=option,,package=option,incoming=0;outgoing=5;block=C:\Users\JBNU\git\ConstraintsRecovery\assets\tankwar\asset17:IF:8-36;products=TankWar_P1|TankWar_P2|TankWar_P3|TankWar_P4|TankWar_P5,dependency=img|img2|option|prioritaet|status|str,name tokens=option,no contextual semantic role identified,UNKNOWN,false,audited role is consistent with baseline role
E146,Option.Option,CONSTRUCTOR,Option,Option,,UNKNOWN,UNKNOWN,UNKNOWN,LOW,MEDIUM,name=option,declaring=option,,package=option,incoming=3;outgoing=5;block=C:\Users\JBNU\git\ConstraintsRecovery\assets\tankwar\asset17:IF:8-36;products=TankWar_P1|TankWar_P2|TankWar_P3|TankWar_P4|TankWar_P5,dependency=add|img|img2|menu|option|prioritaet|status|str,name tokens=option,no contextual semantic role identified,UNKNOWN,false,audited role is consistent with baseline role
E147,Option.Option,CONSTRUCTOR,Option,Option,,UNKNOWN,UNKNOWN,UNKNOWN,LOW,MEDIUM,name=option,declaring=option,,package=option,incoming=6;outgoing=5;block=C:\Users\JBNU\git\ConstraintsRecovery\assets\tankwar\asset17:IF:8-36;products=TankWar_P1|TankWar_P2|TankWar_P3|TankWar_P4|TankWar_P5,dependency=add|img|img2|menu|option|prioritaet|status|str,name tokens=option,no contextual semantic role identified,UNKNOWN,false,audited role is consistent with baseline role
E148,GameManager$$TankWar,INTERFACE,,,,UNKNOWN,UNKNOWN,UNKNOWN,LOW,LOW,name=game|manager|tank|war,,,,incoming=1;outgoing=0;block=C:\Users\JBNU\git\ConstraintsRecovery\assets\tankwar\asset18:IF:9-10;products=TankWar_P1|TankWar_P3|TankWar_P4|TankWar_P5,dependency=game|manager,name tokens=game|manager|tank|war,no contextual semantic role identified,UNKNOWN,false,audited role is consistent with baseline role
E149,GameManager,INTERFACE,,,,UNKNOWN,UNKNOWN,UNKNOWN,LOW,LOW,name=game|manager,,,,incoming=0;outgoing=0;block=C:\Users\JBNU\git\ConstraintsRecovery\assets\tankwar\asset18:ELIF:11-12;products=TankWar_P2,,name tokens=game|manager,no contextual semantic role identified,UNKNOWN,false,audited role is consistent with baseline role
E150,GameManager$$TankWar.MAIN_MENU,FIELD,GameManager$$TankWar,GameManager$$TankWar,,UNKNOWN,ORCHESTRATION,UNKNOWN,LOW,LOW,name=main|menu,declaring=game|manager|tank|war,,package=game|manager|tank|war,incoming=0;outgoing=0;block=C:\Users\JBNU\git\ConstraintsRecovery\assets\tankwar\asset18:IF:8-35;products=TankWar_P1|TankWar_P3|TankWar_P4|TankWar_P5,,name tokens=main|menu,no contextual semantic role identified,APPLICATION_ORCHESTRATION,true,"audited role separates semantic, architectural, and relevance dimensions"
E151,GameManager.MAIN_MENU,FIELD,GameManager,GameManager,,UNKNOWN,ORCHESTRATION,UNKNOWN,LOW,LOW,name=main|menu,declaring=game|manager,,package=game|manager,incoming=0;outgoing=0;block=C:\Users\JBNU\git\ConstraintsRecovery\assets\tankwar\asset18:IF:8-35;products=TankWar_P2,,name tokens=main|menu,no contextual semantic role identified,APPLICATION_ORCHESTRATION,true,"audited role separates semantic, architectural, and relevance dimensions"
E152,GameManager$$TankWar.TANK_WAEHLEN,FIELD,GameManager$$TankWar,GameManager$$TankWar,,UNKNOWN,UNKNOWN,UNKNOWN,LOW,LOW,name=tank|waehlen,declaring=game|manager|tank|war,,package=game|manager|tank|war,incoming=0;outgoing=0;block=C:\Users\JBNU\git\ConstraintsRecovery\assets\tankwar\asset18:IF:8-35;products=TankWar_P1|TankWar_P3|TankWar_P4|TankWar_P5,,name tokens=tank|waehlen,no contextual semantic role identified,UNKNOWN,false,audited role is consistent with baseline role
E153,GameManager.TANK_WAEHLEN,FIELD,GameManager,GameManager,,UNKNOWN,UNKNOWN,UNKNOWN,LOW,LOW,name=tank|waehlen,declaring=game|manager,,package=game|manager,incoming=0;outgoing=0;block=C:\Users\JBNU\git\ConstraintsRecovery\assets\tankwar\asset18:IF:8-35;products=TankWar_P2,,name tokens=tank|waehlen,no contextual semantic role identified,UNKNOWN,false,audited role is consistent with baseline role
E154,GameManager$$TankWar.SPIELEN,FIELD,GameManager$$TankWar,GameManager$$TankWar,,UNKNOWN,UNKNOWN,UNKNOWN,LOW,LOW,name=spielen,declaring=game|manager|tank|war,,package=game|manager|tank|war,incoming=0;outgoing=0;block=C:\Users\JBNU\git\ConstraintsRecovery\assets\tankwar\asset18:IF:8-35;products=TankWar_P1|TankWar_P3|TankWar_P4|TankWar_P5,,name tokens=spielen,no contextual semantic role identified,UNKNOWN,false,audited role is consistent with baseline role
E155,GameManager.SPIELEN,FIELD,GameManager,GameManager,,UNKNOWN,UNKNOWN,UNKNOWN,LOW,LOW,name=spielen,declaring=game|manager,,package=game|manager,incoming=0;outgoing=0;block=C:\Users\JBNU\git\ConstraintsRecovery\assets\tankwar\asset18:IF:8-35;products=TankWar_P2,,name tokens=spielen,no contextual semantic role identified,UNKNOWN,false,audited role is consistent with baseline role
E156,GameManager$$TankWar.NOTE,FIELD,GameManager$$TankWar,GameManager$$TankWar,,UNKNOWN,UNKNOWN,UNKNOWN,LOW,LOW,name=note,declaring=game|manager|tank|war,,package=game|manager|tank|war,incoming=0;outgoing=0;block=C:\Users\JBNU\git\ConstraintsRecovery\assets\tankwar\asset18:IF:8-35;products=TankWar_P1|TankWar_P3|TankWar_P4|TankWar_P5,,name tokens=note,no contextual semantic role identified,UNKNOWN,false,audited role is consistent with baseline role
E157,GameManager.NOTE,FIELD,GameManager,GameManager,,UNKNOWN,UNKNOWN,UNKNOWN,LOW,LOW,name=note,declaring=game|manager,,package=game|manager,incoming=0;outgoing=0;block=C:\Users\JBNU\git\ConstraintsRecovery\assets\tankwar\asset18:IF:8-35;products=TankWar_P2,,name tokens=note,no contextual semantic role identified,UNKNOWN,false,audited role is consistent with baseline role
E158,GameManager$$TankWar.HELP,FIELD,GameManager$$TankWar,GameManager$$TankWar,,UNKNOWN,UNKNOWN,UNKNOWN,LOW,LOW,name=help,declaring=game|manager|tank|war,,package=game|manager|tank|war,incoming=0;outgoing=0;block=C:\Users\JBNU\git\ConstraintsRecovery\assets\tankwar\asset18:IF:8-35;products=TankWar_P1|TankWar_P3|TankWar_P4|TankWar_P5,,name tokens=help,no contextual semantic role identified,UNKNOWN,false,audited role is consistent with baseline role
E159,GameManager.HELP,FIELD,GameManager,GameManager,,UNKNOWN,UNKNOWN,UNKNOWN,LOW,LOW,name=help,declaring=game|manager,,package=game|manager,incoming=0;outgoing=0;block=C:\Users\JBNU\git\ConstraintsRecovery\assets\tankwar\asset18:IF:8-35;products=TankWar_P2,,name tokens=help,no contextual semantic role identified,UNKNOWN,false,audited role is consistent with baseline role
E160,GameManager$$TankWar.LIAN_WANG,FIELD,GameManager$$TankWar,GameManager$$TankWar,,UNKNOWN,UNKNOWN,UNKNOWN,LOW,LOW,name=lian|wang,declaring=game|manager|tank|war,,package=game|manager|tank|war,incoming=0;outgoing=0;block=C:\Users\JBNU\git\ConstraintsRecovery\assets\tankwar\asset18:IF:8-35;products=TankWar_P1|TankWar_P3|TankWar_P4|TankWar_P5,,name tokens=lian|wang,no contextual semantic role identified,UNKNOWN,false,audited role is consistent with baseline role
E161,GameManager.LIAN_WANG,FIELD,GameManager,GameManager,,UNKNOWN,UNKNOWN,UNKNOWN,LOW,LOW,name=lian|wang,declaring=game|manager,,package=game|manager,incoming=0;outgoing=0;block=C:\Users\JBNU\git\ConstraintsRecovery\assets\tankwar\asset18:IF:8-35;products=TankWar_P2,,name tokens=lian|wang,no contextual semantic role identified,UNKNOWN,false,audited role is consistent with baseline role
E162,GameManager$$TankWar.BANG_ZHU,FIELD,GameManager$$TankWar,GameManager$$TankWar,,UNKNOWN,UNKNOWN,UNKNOWN,LOW,LOW,name=bang|zhu,declaring=game|manager|tank|war,,package=game|manager|tank|war,incoming=0;outgoing=0;block=C:\Users\JBNU\git\ConstraintsRecovery\assets\tankwar\asset18:IF:8-35;products=TankWar_P1|TankWar_P3|TankWar_P4|TankWar_P5,,name tokens=bang|zhu,no contextual semantic role identified,UNKNOWN,false,audited role is consistent with baseline role
E163,GameManager.BANG_ZHU,FIELD,GameManager,GameManager,,UNKNOWN,UNKNOWN,UNKNOWN,LOW,LOW,name=bang|zhu,declaring=game|manager,,package=game|manager,incoming=0;outgoing=0;block=C:\Users\JBNU\git\ConstraintsRecovery\assets\tankwar\asset18:IF:8-35;products=TankWar_P2,,name tokens=bang|zhu,no contextual semantic role identified,UNKNOWN,false,audited role is consistent with baseline role
E164,GameManager$$TankWar.KAI_FA,FIELD,GameManager$$TankWar,GameManager$$TankWar,,UNKNOWN,UNKNOWN,UNKNOWN,LOW,LOW,name=fa|kai,declaring=game|manager|tank|war,,package=game|manager|tank|war,incoming=0;outgoing=0;block=C:\Users\JBNU\git\ConstraintsRecovery\assets\tankwar\asset18:IF:8-35;products=TankWar_P1|TankWar_P3|TankWar_P4|TankWar_P5,,name tokens=fa|kai,no contextual semantic role identified,UNKNOWN,false,audited role is consistent with baseline role
E165,GameManager.KAI_FA,FIELD,GameManager,GameManager,,UNKNOWN,UNKNOWN,UNKNOWN,LOW,LOW,name=fa|kai,declaring=game|manager,,package=game|manager,incoming=0;outgoing=0;block=C:\Users\JBNU\git\ConstraintsRecovery\assets\tankwar\asset18:IF:8-35;products=TankWar_P2,,name tokens=fa|kai,no contextual semantic role identified,UNKNOWN,false,audited role is consistent with baseline role
E166,GameManager$$TankWar.PAUSE,FIELD,GameManager$$TankWar,GameManager$$TankWar,,UNKNOWN,UNKNOWN,UNKNOWN,LOW,LOW,name=pause,declaring=game|manager|tank|war,,package=game|manager|tank|war,incoming=0;outgoing=0;block=C:\Users\JBNU\git\ConstraintsRecovery\assets\tankwar\asset18:IF:8-35;products=TankWar_P1|TankWar_P3|TankWar_P4|TankWar_P5,,name tokens=pause,no contextual semantic role identified,UNKNOWN,false,audited role is consistent with baseline role
E167,GameManager.PAUSE,FIELD,GameManager,GameManager,,UNKNOWN,UNKNOWN,UNKNOWN,LOW,LOW,name=pause,declaring=game|manager,,package=game|manager,incoming=0;outgoing=0;block=C:\Users\JBNU\git\ConstraintsRecovery\assets\tankwar\asset18:IF:8-35;products=TankWar_P2,,name tokens=pause,no contextual semantic role identified,UNKNOWN,false,audited role is consistent with baseline role
E168,GameManager$$TankWar.EXIT,FIELD,GameManager$$TankWar,GameManager$$TankWar,,UNKNOWN,UNKNOWN,UNKNOWN,LOW,LOW,name=exit,declaring=game|manager|tank|war,,package=game|manager|tank|war,incoming=0;outgoing=0;block=C:\Users\JBNU\git\ConstraintsRecovery\assets\tankwar\asset18:IF:8-35;products=TankWar_P1|TankWar_P3|TankWar_P4|TankWar_P5,,name tokens=exit,no contextual semantic role identified,UNKNOWN,false,audited role is consistent with baseline role
E169,GameManager.EXIT,FIELD,GameManager,GameManager,,UNKNOWN,UNKNOWN,UNKNOWN,LOW,LOW,name=exit,declaring=game|manager,,package=game|manager,incoming=0;outgoing=0;block=C:\Users\JBNU\git\ConstraintsRecovery\assets\tankwar\asset18:IF:8-35;products=TankWar_P2,,name tokens=exit,no contextual semantic role identified,UNKNOWN,false,audited role is consistent with baseline role
E170,GameManager$$TankWar.NAME_VERGEBEN,FIELD,GameManager$$TankWar,GameManager$$TankWar,,UNKNOWN,UNKNOWN,UNKNOWN,LOW,LOW,name=name|vergeben,declaring=game|manager|tank|war,,package=game|manager|tank|war,incoming=0;outgoing=0;block=C:\Users\JBNU\git\ConstraintsRecovery\assets\tankwar\asset18:IF:8-35;products=TankWar_P1|TankWar_P3|TankWar_P4|TankWar_P5,,name tokens=name|vergeben,no contextual semantic role identified,UNKNOWN,false,audited role is consistent with baseline role
E171,GameManager.NAME_VERGEBEN,FIELD,GameManager,GameManager,,UNKNOWN,UNKNOWN,UNKNOWN,LOW,LOW,name=name|vergeben,declaring=game|manager,,package=game|manager,incoming=0;outgoing=0;block=C:\Users\JBNU\git\ConstraintsRecovery\assets\tankwar\asset18:IF:8-35;products=TankWar_P2,,name tokens=name|vergeben,no contextual semantic role identified,UNKNOWN,false,audited role is consistent with baseline role
E172,GameManager$$TankWar.LOSE,FIELD,GameManager$$TankWar,GameManager$$TankWar,,UNKNOWN,UNKNOWN,UNKNOWN,LOW,LOW,name=lose,declaring=game|manager|tank|war,,package=game|manager|tank|war,incoming=0;outgoing=0;block=C:\Users\JBNU\git\ConstraintsRecovery\assets\tankwar\asset18:IF:8-35;products=TankWar_P1|TankWar_P3|TankWar_P4|TankWar_P5,,name tokens=lose,no contextual semantic role identified,UNKNOWN,false,audited role is consistent with baseline role
E173,GameManager.LOSE,FIELD,GameManager,GameManager,,UNKNOWN,UNKNOWN,UNKNOWN,LOW,LOW,name=lose,declaring=game|manager,,package=game|manager,incoming=0;outgoing=0;block=C:\Users\JBNU\git\ConstraintsRecovery\assets\tankwar\asset18:IF:8-35;products=TankWar_P2,,name tokens=lose,no contextual semantic role identified,UNKNOWN,false,audited role is consistent with baseline role
E174,GameManager$$TankWar.LEVEL,FIELD,GameManager$$TankWar,GameManager$$TankWar,,UNKNOWN,UNKNOWN,UNKNOWN,LOW,LOW,name=level,declaring=game|manager|tank|war,,package=game|manager|tank|war,incoming=0;outgoing=0;block=C:\Users\JBNU\git\ConstraintsRecovery\assets\tankwar\asset18:IF:8-35;products=TankWar_P1|TankWar_P3|TankWar_P4|TankWar_P5,,name tokens=level,no contextual semantic role identified,UNKNOWN,false,audited role is consistent with baseline role
E175,GameManager.LEVEL,FIELD,GameManager,GameManager,,UNKNOWN,UNKNOWN,UNKNOWN,LOW,LOW,name=level,declaring=game|manager,,package=game|manager,incoming=0;outgoing=0;block=C:\Users\JBNU\git\ConstraintsRecovery\assets\tankwar\asset18:IF:8-35;products=TankWar_P2,,name tokens=level,no contextual semantic role identified,UNKNOWN,false,audited role is consistent with baseline role
E176,GameManager$$TankWar.WIN,FIELD,GameManager$$TankWar,GameManager$$TankWar,,UNKNOWN,UNKNOWN,UNKNOWN,LOW,LOW,name=win,declaring=game|manager|tank|war,,package=game|manager|tank|war,incoming=0;outgoing=0;block=C:\Users\JBNU\git\ConstraintsRecovery\assets\tankwar\asset18:IF:8-35;products=TankWar_P1|TankWar_P3|TankWar_P4|TankWar_P5,,name tokens=win,no contextual semantic role identified,UNKNOWN,false,audited role is consistent with baseline role
E177,GameManager.WIN,FIELD,GameManager,GameManager,,UNKNOWN,UNKNOWN,UNKNOWN,LOW,LOW,name=win,declaring=game|manager,,package=game|manager,incoming=0;outgoing=0;block=C:\Users\JBNU\git\ConstraintsRecovery\assets\tankwar\asset18:IF:8-35;products=TankWar_P2,,name tokens=win,no contextual semantic role identified,UNKNOWN,false,audited role is consistent with baseline role
E178,GameManager$$TankWar.aktualisieren,METHOD,GameManager$$TankWar,GameManager$$TankWar,,UNKNOWN,UNKNOWN,UNKNOWN,LOW,LOW,name=aktualisieren,declaring=game|manager|tank|war,,package=game|manager|tank|war,incoming=0;outgoing=0;block=C:\Users\JBNU\git\ConstraintsRecovery\assets\tankwar\asset18:IF:8-35;products=TankWar_P1|TankWar_P3|TankWar_P4|TankWar_P5,,name tokens=aktualisieren,no contextual semantic role identified,UNKNOWN,false,audited role is consistent with baseline role
E179,GameManager.aktualisieren,METHOD,GameManager,GameManager,,UNKNOWN,UNKNOWN,UNKNOWN,LOW,LOW,name=aktualisieren,declaring=game|manager,,package=game|manager,incoming=0;outgoing=0;block=C:\Users\JBNU\git\ConstraintsRecovery\assets\tankwar\asset18:IF:8-35;products=TankWar_P2,,name tokens=aktualisieren,no contextual semantic role identified,UNKNOWN,false,audited role is consistent with baseline role
E180,GameManager$$TankWar.malenkontrolle,METHOD,GameManager$$TankWar,GameManager$$TankWar,,UNKNOWN,UNKNOWN,UNKNOWN,LOW,LOW,name=malenkontrolle,declaring=game|manager|tank|war,,package=game|manager|tank|war,incoming=0;outgoing=0;block=C:\Users\JBNU\git\ConstraintsRecovery\assets\tankwar\asset18:IF:8-35;products=TankWar_P1|TankWar_P3|TankWar_P4|TankWar_P5,,name tokens=malenkontrolle,no contextual semantic role identified,UNKNOWN,false,audited role is consistent with baseline role
E181,GameManager.malenkontrolle,METHOD,GameManager,GameManager,,UNKNOWN,UNKNOWN,UNKNOWN,LOW,LOW,name=malenkontrolle,declaring=game|manager,,package=game|manager,incoming=0;outgoing=0;block=C:\Users\JBNU\git\ConstraintsRecovery\assets\tankwar\asset18:IF:8-35;products=TankWar_P2,,name tokens=malenkontrolle,no contextual semantic role identified,UNKNOWN,false,audited role is consistent with baseline role
E182,GameManager$$TankWar.keyPressBehandeln,METHOD,GameManager$$TankWar,GameManager$$TankWar,,UNKNOWN,UNKNOWN,UNKNOWN,LOW,LOW,name=behandeln|key|press,declaring=game|manager|tank|war,,package=game|manager|tank|war,incoming=0;outgoing=0;block=C:\Users\JBNU\git\ConstraintsRecovery\assets\tankwar\asset18:IF:8-35;products=TankWar_P1|TankWar_P3|TankWar_P4|TankWar_P5,,name tokens=behandeln|key|press,no contextual semantic role identified,UNKNOWN,false,audited role is consistent with baseline role
E183,GameManager.keyPressBehandeln,METHOD,GameManager,GameManager,,UNKNOWN,UNKNOWN,UNKNOWN,LOW,LOW,name=behandeln|key|press,declaring=game|manager,,package=game|manager,incoming=0;outgoing=0;block=C:\Users\JBNU\git\ConstraintsRecovery\assets\tankwar\asset18:IF:8-35;products=TankWar_P2,,name tokens=behandeln|key|press,no contextual semantic role identified,UNKNOWN,false,audited role is consistent with baseline role
E184,GameManager$$TankWar.keyReleaseBehandeln,METHOD,GameManager$$TankWar,GameManager$$TankWar,,UNKNOWN,UNKNOWN,UNKNOWN,LOW,LOW,name=behandeln|key|release,declaring=game|manager|tank|war,,package=game|manager|tank|war,incoming=0;outgoing=0;block=C:\Users\JBNU\git\ConstraintsRecovery\assets\tankwar\asset18:IF:8-35;products=TankWar_P1|TankWar_P3|TankWar_P4|TankWar_P5,,name tokens=behandeln|key|release,no contextual semantic role identified,UNKNOWN,false,audited role is consistent with baseline role
E185,GameManager.keyReleaseBehandeln,METHOD,GameManager,GameManager,,UNKNOWN,UNKNOWN,UNKNOWN,LOW,LOW,name=behandeln|key|release,declaring=game|manager,,package=game|manager,incoming=0;outgoing=0;block=C:\Users\JBNU\git\ConstraintsRecovery\assets\tankwar\asset18:IF:8-35;products=TankWar_P2,,name tokens=behandeln|key|release,no contextual semantic role identified,UNKNOWN,false,audited role is consistent with baseline role
E186,GameManager$$TankWar.setStatus,METHOD,GameManager$$TankWar,GameManager$$TankWar,,UNKNOWN,UNKNOWN,UNKNOWN,LOW,LOW,name=set|status,declaring=game|manager|tank|war,,package=game|manager|tank|war,incoming=0;outgoing=0;block=C:\Users\JBNU\git\ConstraintsRecovery\assets\tankwar\asset18:IF:8-35;products=TankWar_P1|TankWar_P3|TankWar_P4|TankWar_P5,,name tokens=set|status,no contextual semantic role identified,UNKNOWN,false,audited role is consistent with baseline role
E187,GameManager.setStatus,METHOD,GameManager,GameManager,,UNKNOWN,UNKNOWN,UNKNOWN,LOW,LOW,name=set|status,declaring=game|manager,,package=game|manager,incoming=0;outgoing=0;block=C:\Users\JBNU\git\ConstraintsRecovery\assets\tankwar\asset18:IF:8-35;products=TankWar_P2,,name tokens=set|status,no contextual semantic role identified,UNKNOWN,false,audited role is consistent with baseline role
E188,GameManager$$TankWar.getBlood,METHOD,GameManager$$TankWar,GameManager$$TankWar,,UNKNOWN,UNKNOWN,UNKNOWN,LOW,LOW,name=blood|get,declaring=game|manager|tank|war,,package=game|manager|tank|war,incoming=0;outgoing=0;block=C:\Users\JBNU\git\ConstraintsRecovery\assets\tankwar\asset18:IF:8-35;products=TankWar_P1|TankWar_P3|TankWar_P4|TankWar_P5,,name tokens=blood|get,no contextual semantic role identified; getter has no domain target concept,UNKNOWN,false,audited role is consistent with baseline role
E189,GameManager.getBlood,METHOD,GameManager,GameManager,,UNKNOWN,UNKNOWN,UNKNOWN,LOW,LOW,name=blood|get,declaring=game|manager,,package=game|manager,incoming=0;outgoing=0;block=C:\Users\JBNU\git\ConstraintsRecovery\assets\tankwar\asset18:IF:8-35;products=TankWar_P2,,name tokens=blood|get,no contextual semantic role identified; getter has no domain target concept,UNKNOWN,false,audited role is consistent with baseline role
E190,GameManager$$TankWar.getTankMenge,METHOD,GameManager$$TankWar,GameManager$$TankWar,,UNKNOWN,UNKNOWN,UNKNOWN,LOW,LOW,name=get|menge|tank,declaring=game|manager|tank|war,,package=game|manager|tank|war,incoming=0;outgoing=0;block=C:\Users\JBNU\git\ConstraintsRecovery\assets\tankwar\asset18:IF:8-35;products=TankWar_P1|TankWar_P3|TankWar_P4|TankWar_P5,,name tokens=get|menge|tank,no contextual semantic role identified; getter has no domain target concept,UNKNOWN,false,audited role is consistent with baseline role
E191,GameManager.getTankMenge,METHOD,GameManager,GameManager,,UNKNOWN,UNKNOWN,UNKNOWN,LOW,LOW,name=get|menge|tank,declaring=game|manager,,package=game|manager,incoming=0;outgoing=0;block=C:\Users\JBNU\git\ConstraintsRecovery\assets\tankwar\asset18:IF:8-35;products=TankWar_P2,,name tokens=get|menge|tank,no contextual semantic role identified; getter has no domain target concept,UNKNOWN,false,audited role is consistent with baseline role
E192,Tool$$Tools,CLASS,,,,UNKNOWN,UNKNOWN,UNKNOWN,LOW,LOW,name=tool|tools,,,,incoming=3;outgoing=1;block=C:\Users\JBNU\git\ConstraintsRecovery\assets\tankwar\asset19:IF:8-51;products=TankWar_P1|TankWar_P2|TankWar_P3|TankWar_P4|TankWar_P5,dependency=beschleunigung|bombe|einfrieren|game|object|tool,name tokens=tool|tools,no contextual semantic role identified,UNKNOWN,false,audited role is consistent with baseline role
E193,Tool$$Tools.time,FIELD,Tool$$Tools,Tool$$Tools,,UNKNOWN,UNKNOWN,UNKNOWN,LOW,MEDIUM,name=time,declaring=tool|tools,,package=tool|tools,incoming=4;outgoing=0;block=C:\Users\JBNU\git\ConstraintsRecovery\assets\tankwar\asset19:IF:8-51;products=TankWar_P1|TankWar_P2|TankWar_P3|TankWar_P4|TankWar_P5,dependency=init|malen|tool|tools,name tokens=time,no contextual semantic role identified,UNKNOWN,false,audited role is consistent with baseline role
E194,Tool$$Tools.currTime,FIELD,Tool$$Tools,Tool$$Tools,,UNKNOWN,UNKNOWN,UNKNOWN,LOW,MEDIUM,name=curr|time,declaring=tool|tools,,package=tool|tools,incoming=3;outgoing=0;block=C:\Users\JBNU\git\ConstraintsRecovery\assets\tankwar\asset19:IF:8-51;products=TankWar_P1|TankWar_P2|TankWar_P3|TankWar_P4|TankWar_P5,dependency=init|malen|tool|tools,name tokens=curr|time,no contextual semantic role identified,UNKNOWN,false,audited role is consistent with baseline role
E195,Tool$$Tools.tankId,FIELD,Tool$$Tools,Tool$$Tools,,UNKNOWN,UNKNOWN,UNKNOWN,LOW,MEDIUM,name=id|tank,declaring=tool|tools,,package=tool|tools,incoming=2;outgoing=0;block=C:\Users\JBNU\git\ConstraintsRecovery\assets\tankwar\asset19:IF:8-51;products=TankWar_P1|TankWar_P2|TankWar_P3|TankWar_P4|TankWar_P5,dependency=erkennen|tool|tools|treffen,name tokens=id|tank,no contextual semantic role identified,UNKNOWN,false,audited role is consistent with baseline role
E196,Tool$$Tools.Tool$$Tools,CONSTRUCTOR,Tool$$Tools,Tool$$Tools,,UNKNOWN,UNKNOWN,UNKNOWN,LOW,LOW,name=tool|tools,declaring=tool|tools,,package=tool|tools,incoming=0;outgoing=0;block=C:\Users\JBNU\git\ConstraintsRecovery\assets\tankwar\asset19:IF:8-51;products=TankWar_P1|TankWar_P2|TankWar_P3|TankWar_P4|TankWar_P5,,name tokens=tool|tools,no contextual semantic role identified,UNKNOWN,false,audited role is consistent with baseline role
E197,Tool$$Tools.init,METHOD,Tool$$Tools,Tool$$Tools,,UNKNOWN,UNKNOWN,UNKNOWN,LOW,MEDIUM,name=init,declaring=tool|tools,,package=tool|tools,incoming=0;outgoing=4;block=C:\Users\JBNU\git\ConstraintsRecovery\assets\tankwar\asset19:IF:8-51;products=TankWar_P1|TankWar_P2|TankWar_P3|TankWar_P4|TankWar_P5,dependency=curr|game|id|object|time|tool|tools,name tokens=init,no contextual semantic role identified,UNKNOWN,false,audited role is consistent with baseline role
E198,Tool$$Tools.malen,METHOD,Tool$$Tools,Tool$$Tools,,UNKNOWN,UNKNOWN,UNKNOWN,LOW,MEDIUM,name=malen,declaring=tool|tools,,package=tool|tools,incoming=0;outgoing=7;block=C:\Users\JBNU\git\ConstraintsRecovery\assets\tankwar\asset19:IF:8-51;products=TankWar_P1|TankWar_P2|TankWar_P3|TankWar_P4|TankWar_P5,dependency=curr|erkennen|malen|manager|menge|tank|time|tool|tools|treffen,name tokens=malen,no contextual semantic role identified,UNKNOWN,false,audited role is consistent with baseline role
E199,Tool$$Tools.toolMalen,METHOD,Tool$$Tools,Tool$$Tools,,UNKNOWN,UNKNOWN,UNKNOWN,LOW,MEDIUM,name=malen|tool,declaring=tool|tools,,package=tool|tools,incoming=1;outgoing=0;block=C:\Users\JBNU\git\ConstraintsRecovery\assets\tankwar\asset19:IF:8-51;products=TankWar_P1|TankWar_P2|TankWar_P3|TankWar_P4|TankWar_P5,dependency=malen|tool|tools,name tokens=malen|tool,no contextual semantic role identified,UNKNOWN,false,audited role is consistent with baseline role
E200,Tool$$Tools.treffenErkennen,METHOD,Tool$$Tools,Tool$$Tools,,UNKNOWN,UNKNOWN,UNKNOWN,LOW,MEDIUM,name=erkennen|treffen,declaring=tool|tools,,package=tool|tools,incoming=1;outgoing=12;block=C:\Users\JBNU\git\ConstraintsRecovery\assets\tankwar\asset19:IF:8-51;products=TankWar_P1|TankWar_P2|TankWar_P3|TankWar_P4|TankWar_P5,dependency=game|id|malen|manager|object|remove|tank|tank1|tank2|tool|tools|war,name tokens=erkennen|treffen,no contextual semantic role identified,UNKNOWN,false,audited role is consistent with baseline role
E201,Tool$$Tools.remove,METHOD,Tool$$Tools,Tool$$Tools,,UNKNOWN,UNKNOWN,UNKNOWN,LOW,MEDIUM,name=remove,declaring=tool|tools,,package=tool|tools,incoming=2;outgoing=1;block=C:\Users\JBNU\git\ConstraintsRecovery\assets\tankwar\asset19:IF:8-51;products=TankWar_P1|TankWar_P2|TankWar_P3|TankWar_P4|TankWar_P5,dependency=erkennen|manager|menge|tank|tool|tools|treffen,name tokens=remove,no contextual semantic role identified,UNKNOWN,false,audited role is consistent with baseline role
E202,Maler$$PC,CLASS,,,,UNKNOWN,UNKNOWN,UNKNOWN,LOW,LOW,name=maler|pc,,,,incoming=3;outgoing=0;block=C:\Users\JBNU\git\ConstraintsRecovery\assets\tankwar\asset2:IF:8-332;products=TankWar_P1|TankWar_P2|TankWar_P3|TankWar_P4|TankWar_P5,dependency=beschleunigung|bombe|einfrieren|maler,name tokens=maler|pc,no contextual semantic role identified,UNKNOWN,false,audited role is consistent with baseline role
E203,Maler$$PC.gameManager,FIELD,Maler$$PC,Maler$$PC,,UNKNOWN,UNKNOWN,UNKNOWN,LOW,MEDIUM,name=game|manager,declaring=maler|pc,,package=maler|pc,incoming=16;outgoing=0;block=C:\Users\JBNU\git\ConstraintsRecovery\assets\tankwar\asset2:IF:8-332;products=TankWar_P1|TankWar_P2|TankWar_P3|TankWar_P4|TankWar_P5,dependency=behandeln|game|gamescreenstart|init|lose|maler|menu|paint|pc|win,name tokens=game|manager,no contextual semantic role identified,UNKNOWN,false,audited role is consistent with baseline role
E204,Maler$$PC.GAME_WIDTH,FIELD,Maler$$PC,Maler$$PC,,UNKNOWN,UNKNOWN,UNKNOWN,LOW,MEDIUM,name=game|width,declaring=maler|pc,,package=maler|pc,incoming=20;outgoing=0;block=C:\Users\JBNU\git\ConstraintsRecovery\assets\tankwar\asset2:IF:8-332;products=TankWar_P1|TankWar_P2|TankWar_P3|TankWar_P4|TankWar_P5,dependency=erstellen|exit|game|gamescreenstart|get|help|init|item|level|lose|main|maler|menuerstellen|pause|pc|screen|tank|update|width|win,name tokens=game|width,no contextual semantic role identified,UNKNOWN,false,audited role is consistent with baseline role
E205,Maler$$PC.GAME_HEIGHT,FIELD,Maler$$PC,Maler$$PC,,UNKNOWN,UNKNOWN,UNKNOWN,LOW,MEDIUM,name=game|height,declaring=maler|pc,,package=maler|pc,incoming=20;outgoing=0;block=C:\Users\JBNU\git\ConstraintsRecovery\assets\tankwar\asset2:IF:8-332;products=TankWar_P1|TankWar_P2|TankWar_P3|TankWar_P4|TankWar_P5,dependency=erstellen|exit|game|gamescreenstart|get|height|help|init|item|level|lose|main|maler|menuerstellen|pause|pc|screen|tank|update|win,name tokens=game|height,no contextual semantic role identified,UNKNOWN,false,audited role is consistent with baseline role
E206,Maler$$PC.gTemp,FIELD,Maler$$PC,Maler$$PC,,UNKNOWN,UNKNOWN,UNKNOWN,LOW,MEDIUM,name=g|temp,declaring=maler|pc,,package=maler|pc,incoming=15;outgoing=0;block=C:\Users\JBNU\git\ConstraintsRecovery\assets\tankwar\asset2:IF:8-332;products=TankWar_P1|TankWar_P2|TankWar_P3|TankWar_P4|TankWar_P5,dependency=color|draw|exit|fill|game|help|level|line|lose|main|maler|menu|ovall|paint|pause|pc|rect|round|set|tank|waehlen|win,name tokens=g|temp,no contextual semantic role identified,UNKNOWN,false,audited role is consistent with baseline role
E207,Maler$$PC.offScreenImage,FIELD,Maler$$PC,Maler$$PC,,UNKNOWN,UNKNOWN,UNKNOWN,LOW,MEDIUM,name=image|off|screen,declaring=maler|pc,,package=maler|pc,incoming=4;outgoing=0;block=C:\Users\JBNU\git\ConstraintsRecovery\assets\tankwar\asset2:IF:8-332;products=TankWar_P1|TankWar_P2|TankWar_P3|TankWar_P4|TankWar_P5,dependency=maler|pc|update,name tokens=image|off|screen,no contextual semantic role identified,UNKNOWN,false,audited role is consistent with baseline role
E208,Maler$$PC.menu,FIELD,Maler$$PC,Maler$$PC,,UNKNOWN,UNKNOWN,UNKNOWN,LOW,MEDIUM,name=menu,declaring=maler|pc,,package=maler|pc,incoming=86;outgoing=0;block=C:\Users\JBNU\git\ConstraintsRecovery\assets\tankwar\asset2:IF:8-332;products=TankWar_P1|TankWar_P2|TankWar_P3|TankWar_P4|TankWar_P5,dependency=behandeln|erstellen|exit|game|gamescreenstart|help|item|key|level|lose|main|maler|menu|menuerstellen|pause|pc|pressed|tank|waehlen|win,name tokens=menu,no contextual semantic role identified,UNKNOWN,false,audited role is consistent with baseline role
E209,Maler$$PC.frame,FIELD,Maler$$PC,Maler$$PC,,UNKNOWN,UNKNOWN,UNKNOWN,LOW,MEDIUM,name=frame,declaring=maler|pc,,package=maler|pc,incoming=18;outgoing=0;block=C:\Users\JBNU\git\ConstraintsRecovery\assets\tankwar\asset2:IF:8-332;products=TankWar_P1|TankWar_P2|TankWar_P3|TankWar_P4|TankWar_P5,dependency=exit|game|gamescreenstart|init|level|lose|main|maler|menuerstellen|pc|win,name tokens=frame,no contextual semantic role identified,UNKNOWN,false,audited role is consistent with baseline role
E210,Maler$$PC.infoPanel,FIELD,Maler$$PC,Maler$$PC,,UNKNOWN,UI,UNKNOWN,LOW,MEDIUM,name=info|panel,declaring=maler|pc,,package=maler|pc,incoming=7;outgoing=0;block=C:\Users\JBNU\git\ConstraintsRecovery\assets\tankwar\asset2:IF:8-332;products=TankWar_P1|TankWar_P2|TankWar_P3|TankWar_P4|TankWar_P5,dependency=exit|game|gamescreenstart|init|level|lose|maler|pc|update|win,name tokens=info|panel; UI architecture retained independently from domain relevance,no contextual semantic role identified,DOMAIN_SUPPORT,true,"audited role separates semantic, architectural, and relevance dimensions"
E211,Maler$$PC.infoWidth,FIELD,Maler$$PC,Maler$$PC,,UNKNOWN,UNKNOWN,UNKNOWN,LOW,MEDIUM,name=info|width,declaring=maler|pc,,package=maler|pc,incoming=17;outgoing=0;block=C:\Users\JBNU\git\ConstraintsRecovery\assets\tankwar\asset2:IF:8-332;products=TankWar_P1|TankWar_P2|TankWar_P3|TankWar_P4|TankWar_P5,dependency=erstellen|exit|game|help|init|item|level|lose|main|maler|menuerstellen|pause|pc|tank|win,name tokens=info|width,no contextual semantic role identified,UNKNOWN,false,audited role is consistent with baseline role
E212,Maler$$PC.status,FIELD,Maler$$PC,Maler$$PC,,UNKNOWN,UNKNOWN,UNKNOWN,LOW,MEDIUM,name=status,declaring=maler|pc,,package=maler|pc,incoming=1;outgoing=0;block=C:\Users\JBNU\git\ConstraintsRecovery\assets\tankwar\asset2:IF:8-332;products=TankWar_P1|TankWar_P2|TankWar_P3|TankWar_P4|TankWar_P5,dependency=maler|pc|set|status,name tokens=status,no contextual semantic role identified,UNKNOWN,false,audited role is consistent with baseline role
E213,Maler$$PC.time,FIELD,Maler$$PC,Maler$$PC,,UNKNOWN,UNKNOWN,UNKNOWN,LOW,MEDIUM,name=time,declaring=maler|pc,,package=maler|pc,incoming=6;outgoing=0;block=C:\Users\JBNU\git\ConstraintsRecovery\assets\tankwar\asset2:IF:8-332;products=TankWar_P1|TankWar_P2|TankWar_P3|TankWar_P4|TankWar_P5,dependency=game|level|lose|maler|pc|win,name tokens=time,no contextual semantic role identified,UNKNOWN,false,audited role is consistent with baseline role
E214,Maler$$PC.tankType,FIELD,Maler$$PC,Maler$$PC,,UNKNOWN,UNKNOWN,UNKNOWN,LOW,MEDIUM,name=tank|type,declaring=maler|pc,,package=maler|pc,incoming=4;outgoing=0;block=C:\Users\JBNU\git\ConstraintsRecovery\assets\tankwar\asset2:IF:8-332;products=TankWar_P1|TankWar_P2|TankWar_P3|TankWar_P4|TankWar_P5,dependency=behandeln|laden|maler|manager|menu|pc|tank|tanks|war,name tokens=tank|type,no contextual semantic role identified,UNKNOWN,false,audited role is consistent with baseline role
E215,Maler$$PC.tk,FIELD,Maler$$PC,Maler$$PC,,UNKNOWN,UNKNOWN,UNKNOWN,LOW,MEDIUM,name=tk,declaring=maler|pc,,package=maler|pc,incoming=1;outgoing=0;block=C:\Users\JBNU\git\ConstraintsRecovery\assets\tankwar\asset2:IF:8-332;products=TankWar_P1|TankWar_P2|TankWar_P3|TankWar_P4|TankWar_P5,dependency=image|load|maler|pc,name tokens=tk,no contextual semantic role identified,UNKNOWN,false,audited role is consistent with baseline role
E216,Maler$$PC.random,FIELD,Maler$$PC,Maler$$PC,,UNKNOWN,UNKNOWN,UNKNOWN,LOW,LOW,name=random,declaring=maler|pc,,package=maler|pc,incoming=0;outgoing=0;block=C:\Users\JBNU\git\ConstraintsRecovery\assets\tankwar\asset2:IF:8-332;products=TankWar_P1|TankWar_P2|TankWar_P3|TankWar_P4|TankWar_P5,,name tokens=random,no contextual semantic role identified,UNKNOWN,false,audited role is consistent with baseline role
E217,Maler$$PC.Maler$$PC,CONSTRUCTOR,Maler$$PC,Maler$$PC,,UNKNOWN,UNKNOWN,UNKNOWN,LOW,MEDIUM,name=maler|pc,declaring=maler|pc,,package=maler|pc,incoming=0;outgoing=1;block=C:\Users\JBNU\git\ConstraintsRecovery\assets\tankwar\asset2:IF:8-332;products=TankWar_P1|TankWar_P2|TankWar_P3|TankWar_P4|TankWar_P5,dependency=game|maler|manager|pc,name tokens=maler|pc,no contextual semantic role identified,UNKNOWN,false,audited role is consistent with baseline role
E218,Maler$$PC.init,METHOD,Maler$$PC,Maler$$PC,,UNKNOWN,UNKNOWN,UNKNOWN,LOW,MEDIUM,name=init,declaring=maler|pc,,package=maler|pc,incoming=0;outgoing=17;block=C:\Users\JBNU\git\ConstraintsRecovery\assets\tankwar\asset2:IF:8-332;products=TankWar_P1|TankWar_P2|TankWar_P3|TankWar_P4|TankWar_P5,dependency=frame|game|gamesize|height|info|key|maler|manager|monitor|panel|pc|width,name tokens=init,no contextual semantic role identified,UNKNOWN,false,audited role is consistent with baseline role
E219,Maler$$PC.windowClosing.init,METHOD,Maler$$PC.windowClosing,Maler$$PC.windowClosing,,UNKNOWN,UI,UNKNOWN,LOW,LOW,name=closing|window,declaring=closing|maler|pc|window,,package=closing|maler|pc|window,incoming=0;outgoing=0;block=C:\Users\JBNU\git\ConstraintsRecovery\assets\tankwar\asset2:IF:8-332;products=TankWar_P1|TankWar_P2|TankWar_P3|TankWar_P4|TankWar_P5,,name tokens=closing|window; UI architecture retained independently from domain relevance,no contextual semantic role identified,UNKNOWN,false,audited role is consistent with baseline role
E220,Maler$$PC.gamesize,METHOD,Maler$$PC,Maler$$PC,,UNKNOWN,UNKNOWN,UNKNOWN,LOW,MEDIUM,name=gamesize,declaring=maler|pc,,package=maler|pc,incoming=1;outgoing=0;block=C:\Users\JBNU\git\ConstraintsRecovery\assets\tankwar\asset2:IF:8-332;products=TankWar_P1|TankWar_P2|TankWar_P3|TankWar_P4|TankWar_P5,dependency=init|maler|pc,name tokens=gamesize,no contextual semantic role identified,UNKNOWN,false,audited role is consistent with baseline role
E221,Maler$$PC.paint,METHOD,Maler$$PC,Maler$$PC,,UNKNOWN,UNKNOWN,UNKNOWN,LOW,MEDIUM,name=paint,declaring=maler|pc,,package=maler|pc,incoming=1;outgoing=2;block=C:\Users\JBNU\git\ConstraintsRecovery\assets\tankwar\asset2:IF:8-332;products=TankWar_P1|TankWar_P2|TankWar_P3|TankWar_P4|TankWar_P5,dependency=g|game|maler|manager|pc|temp|update,name tokens=paint,no contextual semantic role identified,UNKNOWN,false,audited role is consistent with baseline role
E222,Maler$$PC.mainMenu,METHOD,Maler$$PC,Maler$$PC,,UNKNOWN,ORCHESTRATION,UNKNOWN,LOW,MEDIUM,name=main|menu,declaring=maler|pc,,package=maler|pc,incoming=1;outgoing=5;block=C:\Users\JBNU\git\ConstraintsRecovery\assets\tankwar\asset2:IF:8-332;products=TankWar_P1|TankWar_P2|TankWar_P3|TankWar_P4|TankWar_P5,dependency=erscheinen|g|main|malenkontrolle|maler|manager|menu|menuerstellen|pc|tank|temp|war,name tokens=main|menu,no contextual semantic role identified,APPLICATION_ORCHESTRATION,true,"audited role separates semantic, architectural, and relevance dimensions"
E223,Maler$$PC.mainMenuerstellen,METHOD,Maler$$PC,Maler$$PC,,UNKNOWN,ORCHESTRATION,UNKNOWN,LOW,MEDIUM,name=main|menuerstellen,declaring=maler|pc,,package=maler|pc,incoming=1;outgoing=26;block=C:\Users\JBNU\git\ConstraintsRecovery\assets\tankwar\asset2:IF:8-332;products=TankWar_P1|TankWar_P2|TankWar_P3|TankWar_P4|TankWar_P5,dependency=abstand|add|frame|game|height|image|info|koordinate|load|logo|main|maler|menu|pc|set|style|width|zeile,name tokens=main|menuerstellen,no contextual semantic role identified,APPLICATION_ORCHESTRATION,true,"audited role separates semantic, architectural, and relevance dimensions"
E224,Maler$$PC.tankWaehlen,METHOD,Maler$$PC,Maler$$PC,,UNKNOWN,UNKNOWN,UNKNOWN,LOW,MEDIUM,name=tank|waehlen,declaring=maler|pc,,package=maler|pc,incoming=1;outgoing=5;block=C:\Users\JBNU\git\ConstraintsRecovery\assets\tankwar\asset2:IF:8-332;products=TankWar_P1|TankWar_P2|TankWar_P3|TankWar_P4|TankWar_P5,dependency=erscheinen|erstellen|g|malenkontrolle|maler|manager|menu|pc|tank|temp|war,name tokens=tank|waehlen,no contextual semantic role identified,UNKNOWN,false,audited role is consistent with baseline role
E225,Maler$$PC.tankErstellen,METHOD,Maler$$PC,Maler$$PC,,UNKNOWN,UNKNOWN,UNKNOWN,LOW,MEDIUM,name=erstellen|tank,declaring=maler|pc,,package=maler|pc,incoming=1;outgoing=17;block=C:\Users\JBNU\git\ConstraintsRecovery\assets\tankwar\asset2:IF:8-332;products=TankWar_P1|TankWar_P2|TankWar_P3|TankWar_P4|TankWar_P5,dependency=abstand|add|game|height|image|info|koordinate|load|logo|maler|menu|pc|set|style|tank|waehlen|width|zeile,name tokens=erstellen|tank,no contextual semantic role identified,UNKNOWN,false,audited role is consistent with baseline role
E226,Maler$$PC.help,METHOD,Maler$$PC,Maler$$PC,,UNKNOWN,UNKNOWN,UNKNOWN,LOW,MEDIUM,name=help,declaring=maler|pc,,package=maler|pc,incoming=1;outgoing=5;block=C:\Users\JBNU\git\ConstraintsRecovery\assets\tankwar\asset2:IF:8-332;products=TankWar_P1|TankWar_P2|TankWar_P3|TankWar_P4|TankWar_P5,dependency=erscheinen|erstellen|g|help|item|malenkontrolle|maler|manager|menu|pc|tank|temp|war,name tokens=help,no contextual semantic role identified,UNKNOWN,false,audited role is consistent with baseline role
E227,Maler$$PC.helpItemErstellen,METHOD,Maler$$PC,Maler$$PC,,UNKNOWN,UNKNOWN,UNKNOWN,LOW,MEDIUM,name=erstellen|help|item,declaring=maler|pc,,package=maler|pc,incoming=1;outgoing=11;block=C:\Users\JBNU\git\ConstraintsRecovery\assets\tankwar\asset2:IF:8-332;products=TankWar_P1|TankWar_P2|TankWar_P3|TankWar_P4|TankWar_P5,dependency=game|height|help|image|info|koordinate|load|maler|menu|pc|set|style|width,name tokens=erstellen|help|item,no contextual semantic role identified,UNKNOWN,false,audited role is consistent with baseline role
E228,Maler$$PC.loadImage,METHOD,Maler$$PC,Maler$$PC,,UNKNOWN,UNKNOWN,UNKNOWN,LOW,MEDIUM,name=image|load,declaring=maler|pc,,package=maler|pc,incoming=13;outgoing=1;block=C:\Users\JBNU\git\ConstraintsRecovery\assets\tankwar\asset2:IF:8-332;products=TankWar_P1|TankWar_P2|TankWar_P3|TankWar_P4|TankWar_P5,dependency=beschleunigung|bombe|einfrieren|energie|erstellen|feuerkraft|germany|help|item|leopard|m1abrams|main|maler|mars|menuerstellen|pc|tank|tk|usa,name tokens=image|load,no contextual semantic role identified,UNKNOWN,false,audited role is consistent with baseline role
E229,Maler$$PC.gameLevel,METHOD,Maler$$PC,Maler$$PC,,UNKNOWN,UNKNOWN,UNKNOWN,LOW,MEDIUM,name=game|level,declaring=maler|pc,,package=maler|pc,incoming=1;outgoing=33;block=C:\Users\JBNU\git\ConstraintsRecovery\assets\tankwar\asset2:IF:8-332;products=TankWar_P1|TankWar_P2|TankWar_P3|TankWar_P4|TankWar_P5,dependency=abstand|erscheinen|font|frame|g|game|gamescreenstart|height|image|info|koordinate|malenkontrolle|maler|manager|menu|panel|pc|set|size|style|tank|temp|time|waehlbar|war|width|zeile,name tokens=game|level,no contextual semantic role identified,UNKNOWN,false,audited role is consistent with baseline role
E230,Maler$$PC.gameLose,METHOD,Maler$$PC,Maler$$PC,,UNKNOWN,UNKNOWN,UNKNOWN,LOW,MEDIUM,name=game|lose,declaring=maler|pc,,package=maler|pc,incoming=0;outgoing=30;block=C:\Users\JBNU\git\ConstraintsRecovery\assets\tankwar\asset2:IF:8-332;products=TankWar_P1|TankWar_P2|TankWar_P3|TankWar_P4|TankWar_P5,dependency=abstand|erscheinen|font|frame|g|game|height|image|info|koordinate|maler|manager|menu|panel|pc|set|size|style|temp|time|width|zeile,name tokens=game|lose,no contextual semantic role identified,UNKNOWN,false,audited role is consistent with baseline role
E231,Maler$$PC.gameWin,METHOD,Maler$$PC,Maler$$PC,,UNKNOWN,UNKNOWN,UNKNOWN,LOW,MEDIUM,name=game|win,declaring=maler|pc,,package=maler|pc,incoming=0;outgoing=30;block=C:\Users\JBNU\git\ConstraintsRecovery\assets\tankwar\asset2:IF:8-332;products=TankWar_P1|TankWar_P2|TankWar_P3|TankWar_P4|TankWar_P5,dependency=abstand|erscheinen|font|frame|g|game|height|image|info|koordinate|maler|manager|menu|panel|pc|set|size|style|temp|time|width|zeile,name tokens=game|win,no contextual semantic role identified,UNKNOWN,false,audited role is consistent with baseline role
E232,Maler$$PC.gameExit,METHOD,Maler$$PC,Maler$$PC,,UNKNOWN,UNKNOWN,UNKNOWN,LOW,MEDIUM,name=exit|game,declaring=maler|pc,,package=maler|pc,incoming=1;outgoing=25;block=C:\Users\JBNU\git\ConstraintsRecovery\assets\tankwar\asset2:IF:8-332;products=TankWar_P1|TankWar_P2|TankWar_P3|TankWar_P4|TankWar_P5,dependency=abstand|erscheinen|frame|g|game|height|image|info|koordinate|malenkontrolle|maler|manager|menu|panel|pc|set|style|tank|temp|war|width|zeile,name tokens=exit|game,no contextual semantic role identified,UNKNOWN,false,audited role is consistent with baseline role
E233,Maler$$PC.gamescreenstart,METHOD,Maler$$PC,Maler$$PC,,UNKNOWN,UNKNOWN,UNKNOWN,LOW,MEDIUM,name=gamescreenstart,declaring=maler|pc,,package=maler|pc,incoming=2;outgoing=7;block=C:\Users\JBNU\git\ConstraintsRecovery\assets\tankwar\asset2:IF:8-332;products=TankWar_P1|TankWar_P2|TankWar_P3|TankWar_P4|TankWar_P5,dependency=behandeln|frame|game|height|info|level|maler|manager|menu|panel|pc|width,name tokens=gamescreenstart,no contextual semantic role identified,UNKNOWN,false,audited role is consistent with baseline role
E234,Maler$$PC.pause,METHOD,Maler$$PC,Maler$$PC,,UNKNOWN,UNKNOWN,UNKNOWN,LOW,MEDIUM,name=pause,declaring=maler|pc,,package=maler|pc,incoming=1;outgoing=18;block=C:\Users\JBNU\git\ConstraintsRecovery\assets\tankwar\asset2:IF:8-332;products=TankWar_P1|TankWar_P2|TankWar_P3|TankWar_P4|TankWar_P5,dependency=abstand|erscheinen|g|game|height|image|info|koordinate|malenkontrolle|maler|manager|menu|pc|set|style|tank|temp|war|width|zeile,name tokens=pause,no contextual semantic role identified,UNKNOWN,false,audited role is consistent with baseline role
E235,Maler$$PC.keyPressedBehandeln,METHOD,Maler$$PC,Maler$$PC,,UNKNOWN,UNKNOWN,UNKNOWN,LOW,MEDIUM,name=behandeln|key|pressed,declaring=maler|pc,,package=maler|pc,incoming=1;outgoing=3;block=C:\Users\JBNU\git\ConstraintsRecovery\assets\tankwar\asset2:IF:8-332;products=TankWar_P1|TankWar_P2|TankWar_P3|TankWar_P4|TankWar_P5,dependency=behandeln|key|maler|manager|menu|pc|press|tank|war,name tokens=behandeln|key|pressed,no contextual semantic role identified,UNKNOWN,false,audited role is consistent with baseline role
E236,Maler$$PC.menuBehandeln,METHOD,Maler$$PC,Maler$$PC,,UNKNOWN,UNKNOWN,UNKNOWN,LOW,MEDIUM,name=behandeln|menu,declaring=maler|pc,,package=maler|pc,incoming=0;outgoing=24;block=C:\Users\JBNU\git\ConstraintsRecovery\assets\tankwar\asset2:IF:8-332;products=TankWar_P1|TankWar_P2|TankWar_P3|TankWar_P4|TankWar_P5,dependency=game|gamescreenstart|maler|manager|menu|pc|tank|type,name tokens=behandeln|menu,no contextual semantic role identified,UNKNOWN,false,audited role is consistent with baseline role
E237,Maler$$PC.keyReleased,METHOD,Maler$$PC,Maler$$PC,,UNKNOWN,UNKNOWN,UNKNOWN,LOW,LOW,name=key|released,declaring=maler|pc,,package=maler|pc,incoming=0;outgoing=0;block=C:\Users\JBNU\git\ConstraintsRecovery\assets\tankwar\asset2:IF:8-332;products=TankWar_P1|TankWar_P2|TankWar_P3|TankWar_P4|TankWar_P5,,name tokens=key|released,no contextual semantic role identified,UNKNOWN,false,audited role is consistent with baseline role
E238,Maler$$PC.update,METHOD,Maler$$PC,Maler$$PC,,UNKNOWN,UNKNOWN,UNKNOWN,LOW,MEDIUM,name=update,declaring=maler|pc,,package=maler|pc,incoming=0;outgoing=13;block=C:\Users\JBNU\git\ConstraintsRecovery\assets\tankwar\asset2:IF:8-332;products=TankWar_P1|TankWar_P2|TankWar_P3|TankWar_P4|TankWar_P5,dependency=fill|game|height|image|info|maler|off|paint|panel|pc|rect|screen|width,name tokens=update,no contextual semantic role identified,UNKNOWN,false,audited role is consistent with baseline role
E239,Maler$$PC.getScreenWidth,METHOD,Maler$$PC,Maler$$PC,,UNKNOWN,UNKNOWN,UNKNOWN,LOW,MEDIUM,name=get|screen|width,declaring=maler|pc,,package=maler|pc,incoming=1;outgoing=1;block=C:\Users\JBNU\git\ConstraintsRecovery\assets\tankwar\asset2:IF:8-332;products=TankWar_P1|TankWar_P2|TankWar_P3|TankWar_P4|TankWar_P5,dependency=game|init|maler|manager|pc|tank|war|width,name tokens=get|screen|width,no contextual semantic role identified; getter has no domain target concept,UNKNOWN,false,audited role is consistent with baseline role
E240,Maler$$PC.getScreenHeight,METHOD,Maler$$PC,Maler$$PC,,UNKNOWN,UNKNOWN,UNKNOWN,LOW,MEDIUM,name=get|height|screen,declaring=maler|pc,,package=maler|pc,incoming=1;outgoing=1;block=C:\Users\JBNU\git\ConstraintsRecovery\assets\tankwar\asset2:IF:8-332;products=TankWar_P1|TankWar_P2|TankWar_P3|TankWar_P4|TankWar_P5,dependency=game|height|init|maler|manager|pc|tank|war,name tokens=get|height|screen,no contextual semantic role identified; getter has no domain target concept,UNKNOWN,false,audited role is consistent with baseline role
E241,Maler$$PC.setColor,METHOD,Maler$$PC,Maler$$PC,,UNKNOWN,UNKNOWN,UNKNOWN,LOW,MEDIUM,name=color|set,declaring=maler|pc,,package=maler|pc,incoming=11;outgoing=1;block=C:\Users\JBNU\git\ConstraintsRecovery\assets\tankwar\asset2:IF:8-332;products=TankWar_P1|TankWar_P2|TankWar_P3|TankWar_P4|TankWar_P5,dependency=effekt|explodieren|g|game|geschuetz|kontroller|malen|maler|mars|missile|object|pc|tank|temp|tool|turm|war,name tokens=color|set,no contextual semantic role identified,UNKNOWN,false,audited role is consistent with baseline role
E242,Maler$$PC.setStatus,METHOD,Maler$$PC,Maler$$PC,,UNKNOWN,UNKNOWN,UNKNOWN,LOW,MEDIUM,name=set|status,declaring=maler|pc,,package=maler|pc,incoming=0;outgoing=1;block=C:\Users\JBNU\git\ConstraintsRecovery\assets\tankwar\asset2:IF:8-332;products=TankWar_P1|TankWar_P2|TankWar_P3|TankWar_P4|TankWar_P5,dependency=maler|pc|status,name tokens=set|status,no contextual semantic role identified,UNKNOWN,false,audited role is consistent with baseline role
E243,Maler$$PC.fillOvall,METHOD,Maler$$PC,Maler$$PC,,UNKNOWN,UNKNOWN,UNKNOWN,LOW,MEDIUM,name=fill|ovall,declaring=maler|pc,,package=maler|pc,incoming=2;outgoing=1;block=C:\Users\JBNU\git\ConstraintsRecovery\assets\tankwar\asset2:IF:8-332;products=TankWar_P1|TankWar_P2|TankWar_P3|TankWar_P4|TankWar_P5,dependency=g|malen|maler|missile|pc|tank|temp|war,name tokens=fill|ovall,no contextual semantic role identified,UNKNOWN,false,audited role is consistent with baseline role
E244,Maler$$PC.fillRect,METHOD,Maler$$PC,Maler$$PC,,UNKNOWN,UNKNOWN,UNKNOWN,LOW,MEDIUM,name=fill|rect,declaring=maler|pc,,package=maler|pc,incoming=7;outgoing=1;block=C:\Users\JBNU\git\ConstraintsRecovery\assets\tankwar\asset2:IF:8-332;products=TankWar_P1|TankWar_P2|TankWar_P3|TankWar_P4|TankWar_P5,dependency=g|game|geschuetz|info|malen|maler|object|paint|panel|pc|tank|temp|turm|update|war,name tokens=fill|rect,no contextual semantic role identified,UNKNOWN,false,audited role is consistent with baseline role
E245,Maler$$PC.drawLine,METHOD,Maler$$PC,Maler$$PC,,UNKNOWN,UNKNOWN,UNKNOWN,LOW,MEDIUM,name=draw|line,declaring=maler|pc,,package=maler|pc,incoming=2;outgoing=1;block=C:\Users\JBNU\git\ConstraintsRecovery\assets\tankwar\asset2:IF:8-332;products=TankWar_P1|TankWar_P2|TankWar_P3|TankWar_P4|TankWar_P5,dependency=effekt|explodieren|fill|g|maler|pc|temp|triangle,name tokens=draw|line,no contextual semantic role identified,UNKNOWN,false,audited role is consistent with baseline role
E246,Maler$$PC.drawRect,METHOD,Maler$$PC,Maler$$PC,,UNKNOWN,UNKNOWN,UNKNOWN,LOW,MEDIUM,name=draw|rect,declaring=maler|pc,,package=maler|pc,incoming=0;outgoing=1;block=C:\Users\JBNU\git\ConstraintsRecovery\assets\tankwar\asset2:IF:8-332;products=TankWar_P1|TankWar_P2|TankWar_P3|TankWar_P4|TankWar_P5,dependency=g|maler|pc|temp,name tokens=draw|rect,no contextual semantic role identified,UNKNOWN,false,audited role is consistent with baseline role
E247,Maler$$PC.drawRoundRect,METHOD,Maler$$PC,Maler$$PC,,UNKNOWN,UNKNOWN,UNKNOWN,LOW,MEDIUM,name=draw|rect|round,declaring=maler|pc,,package=maler|pc,incoming=1;outgoing=1;block=C:\Users\JBNU\git\ConstraintsRecovery\assets\tankwar\asset2:IF:8-332;products=TankWar_P1|TankWar_P2|TankWar_P3|TankWar_P4|TankWar_P5,dependency=g|kontroller|maler|mars|pc|tank|temp|tool,name tokens=draw|rect|round,no contextual semantic role identified,UNKNOWN,false,audited role is consistent with baseline role
E248,Tool,CLASS,,,,UNKNOWN,UNKNOWN,UNKNOWN,LOW,LOW,name=tool,,,,incoming=0;outgoing=0;block=C:\Users\JBNU\git\ConstraintsRecovery\assets\tankwar\asset20:IF:9-10;products=TankWar_P1|TankWar_P2|TankWar_P3,,name tokens=tool,no contextual semantic role identified,UNKNOWN,false,audited role is consistent with baseline role
E249,Tool,CLASS,,,,UNKNOWN,UNKNOWN,UNKNOWN,LOW,LOW,name=tool,,,,incoming=0;outgoing=0;block=C:\Users\JBNU\git\ConstraintsRecovery\assets\tankwar\asset20:ELIF:11-12;products=TankWar_P4,,name tokens=tool,no contextual semantic role identified,UNKNOWN,false,audited role is consistent with baseline role
E250,Tool,CLASS,,,,UNKNOWN,UNKNOWN,UNKNOWN,LOW,LOW,name=tool,,,,incoming=0;outgoing=0;block=C:\Users\JBNU\git\ConstraintsRecovery\assets\tankwar\asset20:ELIF:13-14;products=TankWar_P5,,name tokens=tool,no contextual semantic role identified,UNKNOWN,false,audited role is consistent with baseline role
E251,Tool.Tool,CONSTRUCTOR,Tool,Tool,,UNKNOWN,UNKNOWN,UNKNOWN,LOW,MEDIUM,name=tool,declaring=tool,,package=tool,incoming=5;outgoing=0;block=C:\Users\JBNU\git\ConstraintsRecovery\assets\tankwar\asset20:IF:8-41;products=TankWar_P1|TankWar_P2|TankWar_P3|TankWar_P4|TankWar_P5,dependency=init|main|manager|tank|tool|tools|war,name tokens=tool,no contextual semantic role identified,UNKNOWN,false,audited role is consistent with baseline role
E252,Tool.toolMalen,METHOD,Tool,Tool,,UNKNOWN,UNKNOWN,UNKNOWN,LOW,MEDIUM,name=malen|tool,declaring=tool,,package=tool,incoming=0;outgoing=6;block=C:\Users\JBNU\git\ConstraintsRecovery\assets\tankwar\asset20:IF:8-41;products=TankWar_P1|TankWar_P2|TankWar_P3|TankWar_P4|TankWar_P5,dependency=draw|fuer|image|maler|pc,name tokens=malen|tool,no contextual semantic role identified,UNKNOWN,false,audited role is consistent with baseline role
E253,MalerZeit,CLASS,,,,UNKNOWN,UNKNOWN,UNKNOWN,LOW,LOW,name=maler|zeit,,,,incoming=0;outgoing=0;block=C:\Users\JBNU\git\ConstraintsRecovery\assets\tankwar\asset21:IF:8-24;products=TankWar_P1|TankWar_P2|TankWar_P3|TankWar_P4|TankWar_P5,,name tokens=maler|zeit,no contextual semantic role identified,UNKNOWN,false,audited role is consistent with baseline role
E254,MalerZeit.gameManager,FIELD,MalerZeit,MalerZeit,,UNKNOWN,UNKNOWN,UNKNOWN,LOW,MEDIUM,name=game|manager,declaring=maler|zeit,,package=maler|zeit,incoming=2;outgoing=0;block=C:\Users\JBNU\git\ConstraintsRecovery\assets\tankwar\asset21:IF:8-24;products=TankWar_P1|TankWar_P2|TankWar_P3|TankWar_P4|TankWar_P5,dependency=maler|run|zeit,name tokens=game|manager,no contextual semantic role identified,UNKNOWN,false,audited role is consistent with baseline role
E255,MalerZeit.MalerZeit,CONSTRUCTOR,MalerZeit,MalerZeit,,UNKNOWN,UNKNOWN,UNKNOWN,LOW,MEDIUM,name=maler|zeit,declaring=maler|zeit,,package=maler|zeit,incoming=1;outgoing=1;block=C:\Users\JBNU\git\ConstraintsRecovery\assets\tankwar\asset21:IF:8-24;products=TankWar_P1|TankWar_P2|TankWar_P3|TankWar_P4|TankWar_P5,dependency=game|init|maler|manager|tank|war|zeit,name tokens=maler|zeit,no contextual semantic role identified,UNKNOWN,false,audited role is consistent with baseline role
E256,MalerZeit.run,METHOD,MalerZeit,MalerZeit,,UNKNOWN,UNKNOWN,UNKNOWN,LOW,MEDIUM,name=run,declaring=maler|zeit,,package=maler|zeit,incoming=0;outgoing=1;block=C:\Users\JBNU\git\ConstraintsRecovery\assets\tankwar\asset21:IF:8-24;products=TankWar_P1|TankWar_P2|TankWar_P3|TankWar_P4|TankWar_P5,dependency=game|maler|manager|zeit,name tokens=run,no contextual semantic role identified,UNKNOWN,false,audited role is consistent with baseline role
E257,GameObject,CLASS,,,,UNKNOWN,UNKNOWN,UNKNOWN,LOW,LOW,name=game|object,,,,incoming=5;outgoing=0;block=C:\Users\JBNU\git\ConstraintsRecovery\assets\tankwar\asset22:IF:8-80;products=TankWar_P1|TankWar_P2|TankWar_P3|TankWar_P4|TankWar_P5,dependency=effekt|explodieren|missile|tank|tool|tools|wall|war,name tokens=game|object,no contextual semantic role identified,UNKNOWN,false,audited role is consistent with baseline role
E258,GameObject.tankManager,FIELD,GameObject,GameObject,,UNKNOWN,UNKNOWN,UNKNOWN,LOW,MEDIUM,name=manager|tank,declaring=game|object,,package=game|object,incoming=6;outgoing=0;block=C:\Users\JBNU\git\ConstraintsRecovery\assets\tankwar\asset22:IF:8-80;products=TankWar_P1|TankWar_P2|TankWar_P3|TankWar_P4|TankWar_P5,dependency=game|init|malen|object,name tokens=manager|tank,no contextual semantic role identified,UNKNOWN,false,audited role is consistent with baseline role
E259,GameObject.x_Koe,FIELD,GameObject,GameObject,,UNKNOWN,UNKNOWN,UNKNOWN,LOW,MEDIUM,name=koe|x,declaring=game|object,,package=game|object,incoming=1;outgoing=0;block=C:\Users\JBNU\git\ConstraintsRecovery\assets\tankwar\asset22:IF:8-80;products=TankWar_P1|TankWar_P2|TankWar_P3|TankWar_P4|TankWar_P5,dependency=game|gegen|object|stossen,name tokens=koe|x,no contextual semantic role identified,UNKNOWN,false,audited role is consistent with baseline role
E260,GameObject.x_Koordinate,FIELD,GameObject,GameObject,,UNKNOWN,UNKNOWN,UNKNOWN,LOW,MEDIUM,name=koordinate|x,declaring=game|object,,package=game|object,incoming=14;outgoing=0;block=C:\Users\JBNU\git\ConstraintsRecovery\assets\tankwar\asset22:IF:8-80;products=TankWar_P1|TankWar_P2|TankWar_P3|TankWar_P4|TankWar_P5,dependency=effekt|explodieren|feind|game|gegen|init|ki|malen|missile|object|stossen|tank|wall|war,name tokens=koordinate|x,no contextual semantic role identified,UNKNOWN,false,audited role is consistent with baseline role
E261,GameObject.y_Koe,FIELD,GameObject,GameObject,,UNKNOWN,UNKNOWN,UNKNOWN,LOW,MEDIUM,name=koe|y,declaring=game|object,,package=game|object,incoming=1;outgoing=0;block=C:\Users\JBNU\git\ConstraintsRecovery\assets\tankwar\asset22:IF:8-80;products=TankWar_P1|TankWar_P2|TankWar_P3|TankWar_P4|TankWar_P5,dependency=game|gegen|object|stossen,name tokens=koe|y,no contextual semantic role identified,UNKNOWN,false,audited role is consistent with baseline role
E262,GameObject.y_Koordinate,FIELD,GameObject,GameObject,,UNKNOWN,UNKNOWN,UNKNOWN,LOW,MEDIUM,name=koordinate|y,declaring=game|object,,package=game|object,incoming=14;outgoing=0;block=C:\Users\JBNU\git\ConstraintsRecovery\assets\tankwar\asset22:IF:8-80;products=TankWar_P1|TankWar_P2|TankWar_P3|TankWar_P4|TankWar_P5,dependency=effekt|explodieren|feind|game|gegen|init|ki|malen|missile|object|stossen|tank|wall|war,name tokens=koordinate|y,no contextual semantic role identified,UNKNOWN,false,audited role is consistent with baseline role
E263,GameObject.colorB,FIELD,GameObject,GameObject,,UNKNOWN,UNKNOWN,UNKNOWN,LOW,MEDIUM,name=b|color,declaring=game|object,,package=game|object,incoming=4;outgoing=0;block=C:\Users\JBNU\git\ConstraintsRecovery\assets\tankwar\asset22:IF:8-80;products=TankWar_P1|TankWar_P2|TankWar_P3|TankWar_P4|TankWar_P5,dependency=game|init|malen|missile|object|tank|war,name tokens=b|color,no contextual semantic role identified,UNKNOWN,false,audited role is consistent with baseline role
E264,GameObject.colorG,FIELD,GameObject,GameObject,,UNKNOWN,UNKNOWN,UNKNOWN,LOW,MEDIUM,name=color|g,declaring=game|object,,package=game|object,incoming=4;outgoing=0;block=C:\Users\JBNU\git\ConstraintsRecovery\assets\tankwar\asset22:IF:8-80;products=TankWar_P1|TankWar_P2|TankWar_P3|TankWar_P4|TankWar_P5,dependency=game|init|malen|missile|object|tank|war,name tokens=color|g,no contextual semantic role identified,UNKNOWN,false,audited role is consistent with baseline role
E265,GameObject.colorR,FIELD,GameObject,GameObject,,UNKNOWN,UNKNOWN,UNKNOWN,LOW,MEDIUM,name=color|r,declaring=game|object,,package=game|object,incoming=4;outgoing=0;block=C:\Users\JBNU\git\ConstraintsRecovery\assets\tankwar\asset22:IF:8-80;products=TankWar_P1|TankWar_P2|TankWar_P3|TankWar_P4|TankWar_P5,dependency=game|init|malen|missile|object|tank|war,name tokens=color|r,no contextual semantic role identified,UNKNOWN,false,audited role is consistent with baseline role
E266,GameObject.objectType,FIELD,GameObject,GameObject,,UNKNOWN,UNKNOWN,UNKNOWN,LOW,MEDIUM,name=object|type,declaring=game|object,,package=game|object,incoming=4;outgoing=0;block=C:\Users\JBNU\git\ConstraintsRecovery\assets\tankwar\asset22:IF:8-80;products=TankWar_P1|TankWar_P2|TankWar_P3|TankWar_P4|TankWar_P5,dependency=game|init|malen|missile|object|tank|wall|war,name tokens=object|type,no contextual semantic role identified,UNKNOWN,false,audited role is consistent with baseline role
E267,GameObject.id,FIELD,GameObject,GameObject,,UNKNOWN,UNKNOWN,UNKNOWN,LOW,MEDIUM,name=id,declaring=game|object,,package=game|object,incoming=8;outgoing=0;block=C:\Users\JBNU\git\ConstraintsRecovery\assets\tankwar\asset22:IF:8-80;products=TankWar_P1|TankWar_P2|TankWar_P3|TankWar_P4|TankWar_P5,dependency=add|erkennen|explodieren|init|manager|missile|record|score|tank|tool|tools|treffen|war,name tokens=id,no contextual semantic role identified,UNKNOWN,false,audited role is consistent with baseline role
E268,GameObject.objHeight,FIELD,GameObject,GameObject,,UNKNOWN,UNKNOWN,UNKNOWN,LOW,MEDIUM,name=height|obj,declaring=game|object,,package=game|object,incoming=10;outgoing=0;block=C:\Users\JBNU\git\ConstraintsRecovery\assets\tankwar\asset22:IF:8-80;products=TankWar_P1|TankWar_P2|TankWar_P3|TankWar_P4|TankWar_P5,dependency=game|gegen|init|malen|missile|object|stossen|tank|war,name tokens=height|obj,no contextual semantic role identified,UNKNOWN,false,audited role is consistent with baseline role
E269,GameObject.objHeight_Koe,FIELD,GameObject,GameObject,,UNKNOWN,UNKNOWN,UNKNOWN,LOW,MEDIUM,name=height|koe|obj,declaring=game|object,,package=game|object,incoming=2;outgoing=0;block=C:\Users\JBNU\git\ConstraintsRecovery\assets\tankwar\asset22:IF:8-80;products=TankWar_P1|TankWar_P2|TankWar_P3|TankWar_P4|TankWar_P5,dependency=game|gegen|init|object|stossen,name tokens=height|koe|obj,no contextual semantic role identified,UNKNOWN,false,audited role is consistent with baseline role
E270,GameObject.objWidth,FIELD,GameObject,GameObject,,UNKNOWN,UNKNOWN,UNKNOWN,LOW,MEDIUM,name=obj|width,declaring=game|object,,package=game|object,incoming=10;outgoing=0;block=C:\Users\JBNU\git\ConstraintsRecovery\assets\tankwar\asset22:IF:8-80;products=TankWar_P1|TankWar_P2|TankWar_P3|TankWar_P4|TankWar_P5,dependency=game|gegen|init|malen|missile|object|stossen|tank|war,name tokens=obj|width,no contextual semantic role identified,UNKNOWN,false,audited role is consistent with baseline role
E271,GameObject.objWidth_Koe,FIELD,GameObject,GameObject,,UNKNOWN,UNKNOWN,UNKNOWN,LOW,MEDIUM,name=koe|obj|width,declaring=game|object,,package=game|object,incoming=2;outgoing=0;block=C:\Users\JBNU\git\ConstraintsRecovery\assets\tankwar\asset22:IF:8-80;products=TankWar_P1|TankWar_P2|TankWar_P3|TankWar_P4|TankWar_P5,dependency=game|gegen|init|object|stossen,name tokens=koe|obj|width,no contextual semantic role identified,UNKNOWN,false,audited role is consistent with baseline role
E272,GameObject.zerstoerbarKeit,FIELD,GameObject,GameObject,,UNKNOWN,UNKNOWN,UNKNOWN,LOW,LOW,name=keit|zerstoerbar,declaring=game|object,,package=game|object,incoming=0;outgoing=0;block=C:\Users\JBNU\git\ConstraintsRecovery\assets\tankwar\asset22:IF:8-80;products=TankWar_P1|TankWar_P2|TankWar_P3|TankWar_P4|TankWar_P5,,name tokens=keit|zerstoerbar,no contextual semantic role identified,UNKNOWN,false,audited role is consistent with baseline role
E273,GameObject.GameObject,CONSTRUCTOR,GameObject,GameObject,,UNKNOWN,UNKNOWN,UNKNOWN,LOW,MEDIUM,name=game|object,declaring=game|object,,package=game|object,incoming=1;outgoing=9;block=C:\Users\JBNU\git\ConstraintsRecovery\assets\tankwar\asset22:IF:8-80;products=TankWar_P1|TankWar_P2|TankWar_P3|TankWar_P4|TankWar_P5,dependency=b|color|g|game|height|init|koordinate|manager|obj|object|r|tank|type|wall|war|width|x|y,name tokens=game|object,no contextual semantic role identified,UNKNOWN,false,audited role is consistent with baseline role
E274,GameObject.GameObject,CONSTRUCTOR,GameObject,GameObject,,UNKNOWN,UNKNOWN,UNKNOWN,LOW,LOW,name=game|object,declaring=game|object,,package=game|object,incoming=0;outgoing=0;block=C:\Users\JBNU\git\ConstraintsRecovery\assets\tankwar\asset22:IF:8-80;products=TankWar_P1|TankWar_P2|TankWar_P3|TankWar_P4|TankWar_P5,,name tokens=game|object,no contextual semantic role identified,UNKNOWN,false,audited role is consistent with baseline role
E275,GameObject.init,METHOD,GameObject,GameObject,,UNKNOWN,UNKNOWN,UNKNOWN,LOW,MEDIUM,name=init,declaring=game|object,,package=game|object,incoming=0;outgoing=17;block=C:\Users\JBNU\git\ConstraintsRecovery\assets\tankwar\asset22:IF:8-80;products=TankWar_P1|TankWar_P2|TankWar_P3|TankWar_P4|TankWar_P5,dependency=b|color|g|game|height|koe|koernigkeit2|koordinate|manager|obj|object|r|tank|type|war|width|x|y,name tokens=init,no contextual semantic role identified,UNKNOWN,false,audited role is consistent with baseline role
E276,GameObject.malen,METHOD,GameObject,GameObject,,UNKNOWN,UNKNOWN,UNKNOWN,LOW,MEDIUM,name=malen,declaring=game|object,,package=game|object,incoming=0;outgoing=11;block=C:\Users\JBNU\git\ConstraintsRecovery\assets\tankwar\asset22:IF:8-80;products=TankWar_P1|TankWar_P2|TankWar_P3|TankWar_P4|TankWar_P5,dependency=b|color|fill|g|game|height|koordinate|maler|manager|obj|object|pc|r|rect|set|tank|width|x|y,name tokens=malen,no contextual semantic role identified,UNKNOWN,false,audited role is consistent with baseline role
E277,GameObject.stossenGegen,METHOD,GameObject,GameObject,,UNKNOWN,UNKNOWN,UNKNOWN,LOW,MEDIUM,name=gegen|stossen,declaring=game|object,,package=game|object,incoming=0;outgoing=8;block=C:\Users\JBNU\git\ConstraintsRecovery\assets\tankwar\asset22:IF:8-80;products=TankWar_P1|TankWar_P2|TankWar_P3|TankWar_P4|TankWar_P5,dependency=game|height|koe|koordinate|obj|object|width|x|y,name tokens=gegen|stossen,no contextual semantic role identified,UNKNOWN,false,audited role is consistent with baseline role
E278,GameObject.stossenGegen,METHOD,GameObject,GameObject,,UNKNOWN,UNKNOWN,UNKNOWN,LOW,LOW,name=gegen|stossen,declaring=game|object,,package=game|object,incoming=0;outgoing=0;block=C:\Users\JBNU\git\ConstraintsRecovery\assets\tankwar\asset22:IF:8-80;products=TankWar_P1|TankWar_P2|TankWar_P3|TankWar_P4|TankWar_P5,,name tokens=gegen|stossen,no contextual semantic role identified,UNKNOWN,false,audited role is consistent with baseline role
E279,GameObject.stossenGegen,METHOD,GameObject,GameObject,,UNKNOWN,UNKNOWN,UNKNOWN,LOW,LOW,name=gegen|stossen,declaring=game|object,,package=game|object,incoming=0;outgoing=0;block=C:\Users\JBNU\git\ConstraintsRecovery\assets\tankwar\asset22:IF:8-80;products=TankWar_P1|TankWar_P2|TankWar_P3|TankWar_P4|TankWar_P5,,name tokens=gegen|stossen,no contextual semantic role identified,UNKNOWN,false,audited role is consistent with baseline role
E280,GameObject.getRund,METHOD,GameObject,GameObject,,UNKNOWN,UNKNOWN,UNKNOWN,LOW,MEDIUM,name=get|rund,declaring=game|object,,package=game|object,incoming=12;outgoing=0;block=C:\Users\JBNU\git\ConstraintsRecovery\assets\tankwar\asset22:IF:8-80;products=TankWar_P1|TankWar_P2|TankWar_P3|TankWar_P4|TankWar_P5,dependency=aktualisieren|koordinate|missile|tank|war,name tokens=get|rund,no contextual semantic role identified; getter has no domain target concept,UNKNOWN,false,audited role is consistent with baseline role
E281,GameObject.explodieren,METHOD,GameObject,GameObject,,UNKNOWN,UNKNOWN,UNKNOWN,LOW,LOW,name=explodieren,declaring=game|object,,package=game|object,incoming=0;outgoing=0;block=C:\Users\JBNU\git\ConstraintsRecovery\assets\tankwar\asset22:IF:8-80;products=TankWar_P1|TankWar_P2|TankWar_P3|TankWar_P4|TankWar_P5,,name tokens=explodieren,no contextual semantic role identified,UNKNOWN,false,audited role is consistent with baseline role
E282,Maler$$Re_fuer_PC,CLASS,,,,UNKNOWN,UNKNOWN,UNKNOWN,LOW,LOW,name=fuer|maler|pc|re,,,,incoming=3;outgoing=0;block=C:\Users\JBNU\git\ConstraintsRecovery\assets\tankwar\asset23:IF:7-99;products=TankWar_P1|TankWar_P3|TankWar_P4|TankWar_P5,dependency=germany|leopard|m1abrams|maler|usa,name tokens=fuer|maler|pc|re,no contextual semantic role identified,UNKNOWN,false,audited role is consistent with baseline role
E283,Maler$$Re_fuer_PC.textField,FIELD,Maler$$Re_fuer_PC,Maler$$Re_fuer_PC,,UNKNOWN,UNKNOWN,UNKNOWN,LOW,MEDIUM,name=field|text,declaring=fuer|maler|pc|re,,package=fuer|maler|pc|re,incoming=11;outgoing=0;block=C:\Users\JBNU\git\ConstraintsRecovery\assets\tankwar\asset23:IF:7-99;products=TankWar_P1|TankWar_P3|TankWar_P4|TankWar_P5,dependency=behandeln|fuer|maler|menu|name|pc|re|vergeben,name tokens=field|text,no contextual semantic role identified,UNKNOWN,false,audited role is consistent with baseline role
E284,Maler$$Re_fuer_PC.name,FIELD,Maler$$Re_fuer_PC,Maler$$Re_fuer_PC,,UNKNOWN,UNKNOWN,UNKNOWN,LOW,MEDIUM,name=name,declaring=fuer|maler|pc|re,,package=fuer|maler|pc|re,incoming=2;outgoing=0;block=C:\Users\JBNU\git\ConstraintsRecovery\assets\tankwar\asset23:IF:7-99;products=TankWar_P1|TankWar_P3|TankWar_P4|TankWar_P5,dependency=behandeln|fuer|maler|menu|note|pc|re,name tokens=name,no contextual semantic role identified,UNKNOWN,false,audited role is consistent with baseline role
E285,Maler$$Re_fuer_PC.Maler$$Re_fuer_PC,CONSTRUCTOR,Maler$$Re_fuer_PC,Maler$$Re_fuer_PC,,UNKNOWN,UNKNOWN,UNKNOWN,LOW,LOW,name=fuer|maler|pc|re,declaring=fuer|maler|pc|re,,package=fuer|maler|pc|re,incoming=0;outgoing=0;block=C:\Users\JBNU\git\ConstraintsRecovery\assets\tankwar\asset23:IF:7-99;products=TankWar_P1|TankWar_P3|TankWar_P4|TankWar_P5,,name tokens=fuer|maler|pc|re,no contextual semantic role identified,UNKNOWN,false,audited role is consistent with baseline role
E286,Maler$$Re_fuer_PC.note,METHOD,Maler$$Re_fuer_PC,Maler$$Re_fuer_PC,,UNKNOWN,UNKNOWN,UNKNOWN,LOW,MEDIUM,name=note,declaring=fuer|maler|pc|re,,package=fuer|maler|pc|re,incoming=2;outgoing=7;block=C:\Users\JBNU\git\ConstraintsRecovery\assets\tankwar\asset23:IF:7-99;products=TankWar_P1|TankWar_P3|TankWar_P4|TankWar_P5,dependency=abstand|erscheinen|fuer|image|koordinate|malenkontrolle|maler|manager|menu|name|note|pc|re|record|set|tank|waehlbar|zeile,name tokens=note,no contextual semantic role identified,UNKNOWN,false,audited role is consistent with baseline role
E287,Maler$$Re_fuer_PC.nameVergeben,METHOD,Maler$$Re_fuer_PC,Maler$$Re_fuer_PC,,UNKNOWN,UNKNOWN,UNKNOWN,LOW,MEDIUM,name=name|vergeben,declaring=fuer|maler|pc|re,,package=fuer|maler|pc|re,incoming=2;outgoing=12;block=C:\Users\JBNU\git\ConstraintsRecovery\assets\tankwar\asset23:IF:7-99;products=TankWar_P1|TankWar_P3|TankWar_P4|TankWar_P5,dependency=erscheinen|field|fuer|image|koordinate|malenkontrolle|maler|manager|menu|pc|re|record|set|tank|text,name tokens=name|vergeben,no contextual semantic role identified,UNKNOWN,false,audited role is consistent with baseline role
E288,Maler$$Re_fuer_PC.gameLose,METHOD,Maler$$Re_fuer_PC,Maler$$Re_fuer_PC,,UNKNOWN,UNKNOWN,UNKNOWN,LOW,LOW,name=game|lose,declaring=fuer|maler|pc|re,,package=fuer|maler|pc|re,incoming=0;outgoing=0;block=C:\Users\JBNU\git\ConstraintsRecovery\assets\tankwar\asset23:IF:7-99;products=TankWar_P1|TankWar_P3|TankWar_P4|TankWar_P5,,name tokens=game|lose,no contextual semantic role identified,UNKNOWN,false,audited role is consistent with baseline role
E289,Maler$$Re_fuer_PC.gameWin,METHOD,Maler$$Re_fuer_PC,Maler$$Re_fuer_PC,,UNKNOWN,UNKNOWN,UNKNOWN,LOW,LOW,name=game|win,declaring=fuer|maler|pc|re,,package=fuer|maler|pc|re,incoming=0;outgoing=0;block=C:\Users\JBNU\git\ConstraintsRecovery\assets\tankwar\asset23:IF:7-99;products=TankWar_P1|TankWar_P3|TankWar_P4|TankWar_P5,,name tokens=game|win,no contextual semantic role identified,UNKNOWN,false,audited role is consistent with baseline role
E290,Maler$$Re_fuer_PC.menuBehandeln,METHOD,Maler$$Re_fuer_PC,Maler$$Re_fuer_PC,,UNKNOWN,UNKNOWN,UNKNOWN,LOW,MEDIUM,name=behandeln|menu,declaring=fuer|maler|pc|re,,package=fuer|maler|pc|re,incoming=0;outgoing=3;block=C:\Users\JBNU\git\ConstraintsRecovery\assets\tankwar\asset23:IF:7-99;products=TankWar_P1|TankWar_P3|TankWar_P4|TankWar_P5,dependency=field|fuer|maler|name|pc|re|text,name tokens=behandeln|menu,no contextual semantic role identified,UNKNOWN,false,audited role is consistent with baseline role
E291,Maler$$Re_fuer_PC.mainMenuerstellen,METHOD,Maler$$Re_fuer_PC,Maler$$Re_fuer_PC,,UNKNOWN,ORCHESTRATION,UNKNOWN,LOW,LOW,name=main|menuerstellen,declaring=fuer|maler|pc|re,,package=fuer|maler|pc|re,incoming=0;outgoing=0;block=C:\Users\JBNU\git\ConstraintsRecovery\assets\tankwar\asset23:IF:7-99;products=TankWar_P1|TankWar_P3|TankWar_P4|TankWar_P5,,name tokens=main|menuerstellen,no contextual semantic role identified,APPLICATION_ORCHESTRATION,true,"audited role separates semantic, architectural, and relevance dimensions"
E292,Note,CLASS,,,,UNKNOWN,UNKNOWN,UNKNOWN,LOW,LOW,name=note,,,,incoming=0;outgoing=0;block=C:\Users\JBNU\git\ConstraintsRecovery\assets\tankwar\asset24:IF:7-24;products=TankWar_P1|TankWar_P3|TankWar_P4|TankWar_P5,,name tokens=note,no contextual semantic role identified,UNKNOWN,false,audited role is consistent with baseline role
E293,Note.name,FIELD,Note,Note,,UNKNOWN,UNKNOWN,UNKNOWN,LOW,MEDIUM,name=name,declaring=note,,package=note,incoming=5;outgoing=0;block=C:\Users\JBNU\git\ConstraintsRecovery\assets\tankwar\asset24:IF:7-24;products=TankWar_P1|TankWar_P3|TankWar_P4|TankWar_P5,dependency=note,name tokens=name,no contextual semantic role identified,UNKNOWN,false,audited role is consistent with baseline role
E294,Note.note,FIELD,Note,Note,,UNKNOWN,UNKNOWN,UNKNOWN,LOW,MEDIUM,name=note,declaring=note,,package=note,incoming=3;outgoing=0;block=C:\Users\JBNU\git\ConstraintsRecovery\assets\tankwar\asset24:IF:7-24;products=TankWar_P1|TankWar_P3|TankWar_P4|TankWar_P5,dependency=fuer|maler|note|pc|re|record|write,name tokens=note,no contextual semantic role identified,UNKNOWN,false,audited role is consistent with baseline role
E295,Note.Note,CONSTRUCTOR,Note,Note,,UNKNOWN,UNKNOWN,UNKNOWN,LOW,MEDIUM,name=note,declaring=note,,package=note,incoming=1;outgoing=6;block=C:\Users\JBNU\git\ConstraintsRecovery\assets\tankwar\asset24:IF:7-24;products=TankWar_P1|TankWar_P3|TankWar_P4|TankWar_P5,dependency=name|note|record|write,name tokens=note,no contextual semantic role identified,UNKNOWN,false,audited role is consistent with baseline role
E296,GameManager,INTERFACE,,,,UNKNOWN,UNKNOWN,UNKNOWN,LOW,LOW,name=game|manager,,,,incoming=0;outgoing=1;block=C:\Users\JBNU\git\ConstraintsRecovery\assets\tankwar\asset25:IF:7-10;products=TankWar_P1|TankWar_P3|TankWar_P4|TankWar_P5,dependency=game|manager|tank|war,name tokens=game|manager,no contextual semantic role identified,UNKNOWN,false,audited role is consistent with baseline role
E297,GameManager.writeScore,METHOD,GameManager,GameManager,,UNKNOWN,UNKNOWN,UNKNOWN,LOW,LOW,name=score|write,declaring=game|manager,,package=game|manager,incoming=0;outgoing=0;block=C:\Users\JBNU\git\ConstraintsRecovery\assets\tankwar\asset25:IF:7-10;products=TankWar_P1|TankWar_P3|TankWar_P4|TankWar_P5,,name tokens=score|write,no contextual semantic role identified,UNKNOWN,false,audited role is consistent with baseline role
E298,Tank$$Record,CLASS,,,,UNKNOWN,UNKNOWN,UNKNOWN,LOW,LOW,name=record|tank,,,,incoming=3;outgoing=0;block=C:\Users\JBNU\git\ConstraintsRecovery\assets\tankwar\asset26:IF:7-21;products=TankWar_P1|TankWar_P3|TankWar_P4|TankWar_P5,dependency=fuer|pc|sound|tank,name tokens=record|tank,no contextual semantic role identified,UNKNOWN,false,audited role is consistent with baseline role
E299,Tank$$Record.Tank$$Record,CONSTRUCTOR,Tank$$Record,Tank$$Record,,UNKNOWN,UNKNOWN,UNKNOWN,LOW,LOW,name=record|tank,declaring=record|tank,,package=record|tank,incoming=0;outgoing=0;block=C:\Users\JBNU\git\ConstraintsRecovery\assets\tankwar\asset26:IF:7-21;products=TankWar_P1|TankWar_P3|TankWar_P4|TankWar_P5,,name tokens=record|tank,no contextual semantic role identified,UNKNOWN,false,audited role is consistent with baseline role
E300,Tank$$Record.explodieren,METHOD,Tank$$Record,Tank$$Record,,UNKNOWN,UNKNOWN,UNKNOWN,LOW,LOW,name=explodieren,declaring=record|tank,,package=record|tank,incoming=0;outgoing=0;block=C:\Users\JBNU\git\ConstraintsRecovery\assets\tankwar\asset26:IF:7-21;products=TankWar_P1|TankWar_P3|TankWar_P4|TankWar_P5,,name tokens=explodieren,no contextual semantic role identified,UNKNOWN,false,audited role is consistent with baseline role
E301,Record,CLASS,,,,UNKNOWN,UNKNOWN,UNKNOWN,LOW,LOW,name=record,,,,incoming=0;outgoing=0;block=C:\Users\JBNU\git\ConstraintsRecovery\assets\tankwar\asset27:IF:7-116;products=TankWar_P1|TankWar_P3|TankWar_P4|TankWar_P5,,name tokens=record,no contextual semantic role identified,UNKNOWN,false,audited role is consistent with baseline role
E302,Record.out,FIELD,Record,Record,,UNKNOWN,UNKNOWN,UNKNOWN,LOW,MEDIUM,name=out,declaring=record,,package=record,incoming=11;outgoing=0;block=C:\Users\JBNU\git\ConstraintsRecovery\assets\tankwar\asset27:IF:7-116;products=TankWar_P1|TankWar_P3|TankWar_P4|TankWar_P5,dependency=draw|fuer|image|info|maler|map|note|pc|read|record|write,name tokens=out,no contextual semantic role identified,UNKNOWN,false,audited role is consistent with baseline role
E303,Record.in,FIELD,Record,Record,,UNKNOWN,UNKNOWN,UNKNOWN,LOW,MEDIUM,name=in,declaring=record,,package=record,incoming=7;outgoing=0;block=C:\Users\JBNU\git\ConstraintsRecovery\assets\tankwar\asset27:IF:7-116;products=TankWar_P1|TankWar_P3|TankWar_P4|TankWar_P5,dependency=note|read|record|write,name tokens=in,no contextual semantic role identified,UNKNOWN,false,audited role is consistent with baseline role
E304,Record.filename,FIELD,Record,Record,,UNKNOWN,UNKNOWN,UNKNOWN,LOW,MEDIUM,name=filename,declaring=record,,package=record,incoming=7;outgoing=0;block=C:\Users\JBNU\git\ConstraintsRecovery\assets\tankwar\asset27:IF:7-116;products=TankWar_P1|TankWar_P3|TankWar_P4|TankWar_P5,dependency=note|read|record|write,name tokens=filename,no contextual semantic role identified,UNKNOWN,false,audited role is consistent with baseline role
E305,Record.writeNote,METHOD,Record,Record,,UNKNOWN,UNKNOWN,UNKNOWN,LOW,MEDIUM,name=note|write,declaring=record,,package=record,incoming=2;outgoing=15;block=C:\Users\JBNU\git\ConstraintsRecovery\assets\tankwar\asset27:IF:7-116;products=TankWar_P1|TankWar_P3|TankWar_P4|TankWar_P5,dependency=filename|in|manager|note|out|record|score|tank|write,name tokens=note|write,no contextual semantic role identified,UNKNOWN,false,audited role is consistent with baseline role
E306,Record.readNote,METHOD,Record,Record,,UNKNOWN,UNKNOWN,UNKNOWN,LOW,MEDIUM,name=note|read,declaring=record,,package=record,incoming=2;outgoing=8;block=C:\Users\JBNU\git\ConstraintsRecovery\assets\tankwar\asset27:IF:7-116;products=TankWar_P1|TankWar_P3|TankWar_P4|TankWar_P5,dependency=filename|in|malenkontrolle|manager|out|record|tank,name tokens=note|read,no contextual semantic role identified,UNKNOWN,false,audited role is consistent with baseline role
E307,TankManager$$Record,CLASS,,,,UNKNOWN,UNKNOWN,UNKNOWN,LOW,LOW,name=manager|record|tank,,,,incoming=0;outgoing=0;block=C:\Users\JBNU\git\ConstraintsRecovery\assets\tankwar\asset28:IF:13-15;products=TankWar_P4,,name tokens=manager|record|tank,no contextual semantic role identified,UNKNOWN,false,audited role is consistent with baseline role
E308,TankManager$$Record,CLASS,,,,UNKNOWN,UNKNOWN,UNKNOWN,LOW,LOW,name=manager|record|tank,,,,incoming=0;outgoing=0;block=C:\Users\JBNU\git\ConstraintsRecovery\assets\tankwar\asset28:ELIF:16-17;products=TankWar_P3,,name tokens=manager|record|tank,no contextual semantic role identified,UNKNOWN,false,audited role is consistent with baseline role
E309,TankManager,CLASS,,,,UNKNOWN,UNKNOWN,UNKNOWN,LOW,LOW,name=manager|tank,,,,incoming=0;outgoing=0;block=C:\Users\JBNU\git\ConstraintsRecovery\assets\tankwar\asset28:ELIF:18-19;products=TankWar_P5,,name tokens=manager|tank,no contextual semantic role identified,UNKNOWN,false,audited role is consistent with baseline role
E310,TankManager,CLASS,,,,UNKNOWN,UNKNOWN,UNKNOWN,LOW,LOW,name=manager|tank,,,,incoming=0;outgoing=0;block=C:\Users\JBNU\git\ConstraintsRecovery\assets\tankwar\asset28:ELIF:20-21;products=TankWar_P1,,name tokens=manager|tank,no contextual semantic role identified,UNKNOWN,false,audited role is consistent with baseline role
E311,TankManager$$Record.record,FIELD,TankManager$$Record,TankManager$$Record,,UNKNOWN,UNKNOWN,UNKNOWN,LOW,MEDIUM,name=record,declaring=manager|record|tank,,package=manager|record|tank,incoming=3;outgoing=0;block=C:\Users\JBNU\git\ConstraintsRecovery\assets\tankwar\asset28:IF:7-57;products=TankWar_P3|TankWar_P4,dependency=init|malenkontrolle|manager|record|score|tank|write,name tokens=record,no contextual semantic role identified,UNKNOWN,false,audited role is consistent with baseline role
E312,TankManager.record,FIELD,TankManager,TankManager,,UNKNOWN,UNKNOWN,UNKNOWN,LOW,MEDIUM,name=record,declaring=manager|tank,,package=manager|tank,incoming=3;outgoing=0;block=C:\Users\JBNU\git\ConstraintsRecovery\assets\tankwar\asset28:IF:7-57;products=TankWar_P1|TankWar_P5,dependency=init|malenkontrolle|manager|score|tank|write,name tokens=record,no contextual semantic role identified,UNKNOWN,false,audited role is consistent with baseline role
E313,TankManager$$Record.tank1Score,FIELD,TankManager$$Record,TankManager$$Record,,UNKNOWN,UNKNOWN,UNKNOWN,LOW,MEDIUM,name=tank1score,declaring=manager|record|tank,,package=manager|record|tank,incoming=3;outgoing=0;block=C:\Users\JBNU\git\ConstraintsRecovery\assets\tankwar\asset28:IF:7-57;products=TankWar_P3|TankWar_P4,dependency=add|manager|record|score|tank|write,name tokens=tank1score,no contextual semantic role identified,UNKNOWN,false,audited role is consistent with baseline role
E314,TankManager.tank1Score,FIELD,TankManager,TankManager,,UNKNOWN,UNKNOWN,UNKNOWN,LOW,MEDIUM,name=tank1score,declaring=manager|tank,,package=manager|tank,incoming=3;outgoing=0;block=C:\Users\JBNU\git\ConstraintsRecovery\assets\tankwar\asset28:IF:7-57;products=TankWar_P1|TankWar_P5,dependency=add|manager|score|tank|write,name tokens=tank1score,no contextual semantic role identified,UNKNOWN,false,audited role is consistent with baseline role
E315,TankManager$$Record.tank2Score,FIELD,TankManager$$Record,TankManager$$Record,,UNKNOWN,UNKNOWN,UNKNOWN,LOW,LOW,name=tank2score,declaring=manager|record|tank,,package=manager|record|tank,incoming=0;outgoing=0;block=C:\Users\JBNU\git\ConstraintsRecovery\assets\tankwar\asset28:IF:7-57;products=TankWar_P3|TankWar_P4,,name tokens=tank2score,no contextual semantic role identified,UNKNOWN,false,audited role is consistent with baseline role
E316,TankManager.tank2Score,FIELD,TankManager,TankManager,,UNKNOWN,UNKNOWN,UNKNOWN,LOW,LOW,name=tank2score,declaring=manager|tank,,package=manager|tank,incoming=0;outgoing=0;block=C:\Users\JBNU\git\ConstraintsRecovery\assets\tankwar\asset28:IF:7-57;products=TankWar_P1|TankWar_P5,,name tokens=tank2score,no contextual semantic role identified,UNKNOWN,false,audited role is consistent with baseline role
E317,TankManager$$Record.TankManager$$Record,CONSTRUCTOR,TankManager$$Record,TankManager$$Record,,UNKNOWN,UNKNOWN,UNKNOWN,LOW,LOW,name=manager|record|tank,declaring=manager|record|tank,,package=manager|record|tank,incoming=0;outgoing=0;block=C:\Users\JBNU\git\ConstraintsRecovery\assets\tankwar\asset28:IF:26-27;products=TankWar_P3|TankWar_P4,,name tokens=manager|record|tank,no contextual semantic role identified,UNKNOWN,false,audited role is consistent with baseline role
E318,TankManager.TankManager,CONSTRUCTOR,TankManager,TankManager,,UNKNOWN,UNKNOWN,UNKNOWN,LOW,LOW,name=manager|tank,declaring=manager|tank,,package=manager|tank,incoming=0;outgoing=0;block=C:\Users\JBNU\git\ConstraintsRecovery\assets\tankwar\asset28:ELIF:28-29;products=TankWar_P1|TankWar_P5,,name tokens=manager|tank,no contextual semantic role identified,UNKNOWN,false,audited role is consistent with baseline role
E319,TankManager$$Record.init,METHOD,TankManager$$Record,TankManager$$Record,,UNKNOWN,UNKNOWN,UNKNOWN,LOW,MEDIUM,name=init,declaring=manager|record|tank,,package=manager|record|tank,incoming=0;outgoing=1;block=C:\Users\JBNU\git\ConstraintsRecovery\assets\tankwar\asset28:IF:7-57;products=TankWar_P3|TankWar_P4,dependency=manager|record|tank,name tokens=init,no contextual semantic role identified,UNKNOWN,false,audited role is consistent with baseline role
E320,TankManager.init,METHOD,TankManager,TankManager,,UNKNOWN,UNKNOWN,UNKNOWN,LOW,MEDIUM,name=init,declaring=manager|tank,,package=manager|tank,incoming=0;outgoing=1;block=C:\Users\JBNU\git\ConstraintsRecovery\assets\tankwar\asset28:IF:7-57;products=TankWar_P1|TankWar_P5,dependency=manager|record|tank,name tokens=init,no contextual semantic role identified,UNKNOWN,false,audited role is consistent with baseline role
E321,TankManager$$Record.malenkontrolle,METHOD,TankManager$$Record,TankManager$$Record,,UNKNOWN,UNKNOWN,UNKNOWN,LOW,MEDIUM,name=malenkontrolle,declaring=manager|record|tank,,package=manager|record|tank,incoming=0;outgoing=4;block=C:\Users\JBNU\git\ConstraintsRecovery\assets\tankwar\asset28:IF:7-57;products=TankWar_P3|TankWar_P4,dependency=fuer|maler|manager|name|note|pc|re|read|record|tank|vergeben,name tokens=malenkontrolle,no contextual semantic role identified,UNKNOWN,false,audited role is consistent with baseline role
E322,TankManager.malenkontrolle,METHOD,TankManager,TankManager,,UNKNOWN,UNKNOWN,UNKNOWN,LOW,MEDIUM,name=malenkontrolle,declaring=manager|tank,,package=manager|tank,incoming=0;outgoing=4;block=C:\Users\JBNU\git\ConstraintsRecovery\assets\tankwar\asset28:IF:7-57;products=TankWar_P1|TankWar_P5,dependency=fuer|maler|manager|name|note|pc|re|read|record|tank|vergeben,name tokens=malenkontrolle,no contextual semantic role identified,UNKNOWN,false,audited role is consistent with baseline role
E323,TankManager$$Record.addScore,METHOD,TankManager$$Record,TankManager$$Record,,UNKNOWN,UNKNOWN,UNKNOWN,LOW,MEDIUM,name=add|score,declaring=manager|record|tank,,package=manager|record|tank,incoming=0;outgoing=2;block=C:\Users\JBNU\git\ConstraintsRecovery\assets\tankwar\asset28:IF:7-57;products=TankWar_P3|TankWar_P4,dependency=game|id|manager|object|record|tank|tank1score,name tokens=add|score,no contextual semantic role identified,UNKNOWN,false,audited role is consistent with baseline role
E324,TankManager.addScore,METHOD,TankManager,TankManager,,UNKNOWN,UNKNOWN,UNKNOWN,LOW,MEDIUM,name=add|score,declaring=manager|tank,,package=manager|tank,incoming=0;outgoing=2;block=C:\Users\JBNU\git\ConstraintsRecovery\assets\tankwar\asset28:IF:7-57;products=TankWar_P1|TankWar_P5,dependency=game|id|manager|object|tank|tank1score,name tokens=add|score,no contextual semantic role identified,UNKNOWN,false,audited role is consistent with baseline role
E325,TankManager$$Record.writeScore,METHOD,TankManager$$Record,TankManager$$Record,,UNKNOWN,UNKNOWN,UNKNOWN,LOW,MEDIUM,name=score|write,declaring=manager|record|tank,,package=manager|record|tank,incoming=0;outgoing=4;block=C:\Users\JBNU\git\ConstraintsRecovery\assets\tankwar\asset28:IF:7-57;products=TankWar_P3|TankWar_P4,dependency=manager|note|record|tank|tank1score|write,name tokens=score|write,no contextual semantic role identified,UNKNOWN,false,audited role is consistent with baseline role
E326,TankManager.writeScore,METHOD,TankManager,TankManager,,UNKNOWN,UNKNOWN,UNKNOWN,LOW,MEDIUM,name=score|write,declaring=manager|tank,,package=manager|tank,incoming=0;outgoing=4;block=C:\Users\JBNU\git\ConstraintsRecovery\assets\tankwar\asset28:IF:7-57;products=TankWar_P1|TankWar_P5,dependency=manager|note|record|tank|tank1score|write,name tokens=score|write,no contextual semantic role identified,UNKNOWN,false,audited role is consistent with baseline role
E327,TankManager$$Feuerkraft,CLASS,,,,UNKNOWN,UNKNOWN,UNKNOWN,LOW,LOW,name=feuerkraft|manager|tank,,,,incoming=0;outgoing=0;block=C:\Users\JBNU\git\ConstraintsRecovery\assets\tankwar\asset29:IF:12-13;products=TankWar_P3,,name tokens=feuerkraft|manager|tank,no contextual semantic role identified,UNKNOWN,false,audited role is consistent with baseline role
E328,TankManager$$Feuerkraft,CLASS,,,,UNKNOWN,UNKNOWN,UNKNOWN,LOW,LOW,name=feuerkraft|manager|tank,,,,incoming=0;outgoing=0;block=C:\Users\JBNU\git\ConstraintsRecovery\assets\tankwar\asset29:ELIF:14-15;products=TankWar_P5,,name tokens=feuerkraft|manager|tank,no contextual semantic role identified,UNKNOWN,false,audited role is consistent with baseline role
E329,TankManager$$Feuerkraft,CLASS,,,,UNKNOWN,UNKNOWN,UNKNOWN,LOW,LOW,name=feuerkraft|manager|tank,,,,incoming=0;outgoing=0;block=C:\Users\JBNU\git\ConstraintsRecovery\assets\tankwar\asset29:ELIF:16-17;products=TankWar_P1,,name tokens=feuerkraft|manager|tank,no contextual semantic role identified,UNKNOWN,false,audited role is consistent with baseline role
E330,TankManager$$Feuerkraft.TankManager$$Feuerkraft,CONSTRUCTOR,TankManager$$Feuerkraft,TankManager$$Feuerkraft,,UNKNOWN,UNKNOWN,UNKNOWN,LOW,LOW,name=feuerkraft|manager|tank,declaring=feuerkraft|manager|tank,,package=feuerkraft|manager|tank,incoming=0;outgoing=0;block=C:\Users\JBNU\git\ConstraintsRecovery\assets\tankwar\asset29:IF:6-26;products=TankWar_P1|TankWar_P3|TankWar_P5,,name tokens=feuerkraft|manager|tank,no contextual semantic role identified,UNKNOWN,false,audited role is consistent with baseline role
E331,TankManager$$Feuerkraft.toolsLaden,METHOD,TankManager$$Feuerkraft,TankManager$$Feuerkraft,,UNKNOWN,UNKNOWN,UNKNOWN,LOW,MEDIUM,name=laden|tools,declaring=feuerkraft|manager|tank,,package=feuerkraft|manager|tank,incoming=0;outgoing=1;block=C:\Users\JBNU\git\ConstraintsRecovery\assets\tankwar\asset29:IF:6-26;products=TankWar_P1|TankWar_P3|TankWar_P5,dependency=init|manager|tank|tool|tools,name tokens=laden|tools,no contextual semantic role identified,UNKNOWN,false,audited role is consistent with baseline role
E332,TankManager$$Tools,CLASS,,,,UNKNOWN,UNKNOWN,UNKNOWN,LOW,LOW,name=manager|tank|tools,,,,incoming=4;outgoing=1;block=C:\Users\JBNU\git\ConstraintsRecovery\assets\tankwar\asset3:IF:8-44;products=TankWar_P1|TankWar_P2|TankWar_P3|TankWar_P4|TankWar_P5,dependency=beschleunigung|bombe|einfrieren|manager|tank|war,name tokens=manager|tank|tools,no contextual semantic role identified,UNKNOWN,false,audited role is consistent with baseline role
E333,TankManager$$Tools.toolMenge,FIELD,TankManager$$Tools,TankManager$$Tools,,UNKNOWN,UNKNOWN,UNKNOWN,LOW,MEDIUM,name=menge|tool,declaring=manager|tank|tools,,package=manager|tank|tools,incoming=5;outgoing=0;block=C:\Users\JBNU\git\ConstraintsRecovery\assets\tankwar\asset3:IF:8-44;products=TankWar_P1|TankWar_P2|TankWar_P3|TankWar_P4|TankWar_P5,dependency=init|komponente|malen|manager|remove|tank|tool|tools,name tokens=menge|tool,no contextual semantic role identified,UNKNOWN,false,audited role is consistent with baseline role
E334,TankManager$$Tools.TankManager$$Tools,CONSTRUCTOR,TankManager$$Tools,TankManager$$Tools,,UNKNOWN,UNKNOWN,UNKNOWN,LOW,LOW,name=manager|tank|tools,declaring=manager|tank|tools,,package=manager|tank|tools,incoming=0;outgoing=0;block=C:\Users\JBNU\git\ConstraintsRecovery\assets\tankwar\asset3:IF:8-44;products=TankWar_P1|TankWar_P2|TankWar_P3|TankWar_P4|TankWar_P5,,name tokens=manager|tank|tools,no contextual semantic role identified,UNKNOWN,false,audited role is consistent with baseline role
E335,TankManager$$Tools.komponenteMalen,METHOD,TankManager$$Tools,TankManager$$Tools,,UNKNOWN,UNKNOWN,UNKNOWN,LOW,MEDIUM,name=komponente|malen,declaring=manager|tank|tools,,package=manager|tank|tools,incoming=0;outgoing=2;block=C:\Users\JBNU\git\ConstraintsRecovery\assets\tankwar\asset3:IF:8-44;products=TankWar_P1|TankWar_P2|TankWar_P3|TankWar_P4|TankWar_P5,dependency=gruppe|malen|manager|menge|tank|tool|tools|war,name tokens=komponente|malen,no contextual semantic role identified,UNKNOWN,false,audited role is consistent with baseline role
E336,TankManager$$Tools.toolsLaden,METHOD,TankManager$$Tools,TankManager$$Tools,,UNKNOWN,UNKNOWN,UNKNOWN,LOW,MEDIUM,name=laden|tools,declaring=manager|tank|tools,,package=manager|tank|tools,incoming=1;outgoing=0;block=C:\Users\JBNU\git\ConstraintsRecovery\assets\tankwar\asset3:IF:8-44;products=TankWar_P1|TankWar_P2|TankWar_P3|TankWar_P4|TankWar_P5,dependency=add|enemy|manager|tank|tools,name tokens=laden|tools,no contextual semantic role identified,UNKNOWN,false,audited role is consistent with baseline role
E337,TankManager$$Tools.toolInit,METHOD,TankManager$$Tools,TankManager$$Tools,,UNKNOWN,UNKNOWN,UNKNOWN,LOW,MEDIUM,name=init|tool,declaring=manager|tank|tools,,package=manager|tank|tools,incoming=6;outgoing=3;block=C:\Users\JBNU\git\ConstraintsRecovery\assets\tankwar\asset3:IF:8-44;products=TankWar_P1|TankWar_P2|TankWar_P3|TankWar_P4|TankWar_P5,dependency=beschleunigung|bombe|einfrieren|energie|feuerkraft|laden|manager|mars|menge|tank|tool|tools,name tokens=init|tool,no contextual semantic role identified,UNKNOWN,false,audited role is consistent with baseline role
E338,TankManager$$Tools.addEnemyTank,METHOD,TankManager$$Tools,TankManager$$Tools,,UNKNOWN,UNKNOWN,UNKNOWN,LOW,MEDIUM,name=add|enemy|tank,declaring=manager|tank|tools,,package=manager|tank|tools,incoming=0;outgoing=1;block=C:\Users\JBNU\git\ConstraintsRecovery\assets\tankwar\asset3:IF:8-44;products=TankWar_P1|TankWar_P2|TankWar_P3|TankWar_P4|TankWar_P5,dependency=laden|manager|tank|tools,name tokens=add|enemy|tank,no contextual semantic role identified,UNKNOWN,false,audited role is consistent with baseline role
E339,Tank$$Bombe,CLASS,,,,UNKNOWN,UNKNOWN,UNKNOWN,LOW,LOW,name=bombe|tank,,,,incoming=0;outgoing=1;block=C:\Users\JBNU\git\ConstraintsRecovery\assets\tankwar\asset30:IF:9-10;products=TankWar_P5,dependency=tank|tools,name tokens=bombe|tank,no contextual semantic role identified,UNKNOWN,false,audited role is consistent with baseline role
E340,Tank$$Bombe,CLASS,,,,UNKNOWN,UNKNOWN,UNKNOWN,LOW,LOW,name=bombe|tank,,,,incoming=0;outgoing=0;block=C:\Users\JBNU\git\ConstraintsRecovery\assets\tankwar\asset30:ELIF:11-13;products=TankWar_P2,,name tokens=bombe|tank,no contextual semantic role identified,UNKNOWN,false,audited role is consistent with baseline role
E341,Tank$$Bombe,CLASS,,,,UNKNOWN,UNKNOWN,UNKNOWN,LOW,LOW,name=bombe|tank,,,,incoming=0;outgoing=1;block=C:\Users\JBNU\git\ConstraintsRecovery\assets\tankwar\asset30:ELIF:14-16;products=TankWar_P4,dependency=tank|tools,name tokens=bombe|tank,no contextual semantic role identified,UNKNOWN,false,audited role is consistent with baseline role
E342,Tank$$Bombe.Tank$$Bombe,CONSTRUCTOR,Tank$$Bombe,Tank$$Bombe,,UNKNOWN,UNKNOWN,UNKNOWN,LOW,LOW,name=bombe|tank,declaring=bombe|tank,,package=bombe|tank,incoming=0;outgoing=0;block=C:\Users\JBNU\git\ConstraintsRecovery\assets\tankwar\asset30:IF:6-40;products=TankWar_P2|TankWar_P4|TankWar_P5,,name tokens=bombe|tank,no contextual semantic role identified,UNKNOWN,false,audited role is consistent with baseline role
E343,Tank$$Bombe.toolBehandeln,METHOD,Tank$$Bombe,Tank$$Bombe,,UNKNOWN,UNKNOWN,UNKNOWN,LOW,MEDIUM,name=behandeln|tool,declaring=bombe|tank,,package=bombe|tank,incoming=0;outgoing=6;block=C:\Users\JBNU\git\ConstraintsRecovery\assets\tankwar\asset30:IF:6-40;products=TankWar_P2|TankWar_P4|TankWar_P5,dependency=base|manager|menge|tank|tank1|tank2|war,name tokens=behandeln|tool,no contextual semantic role identified,UNKNOWN,false,audited role is consistent with baseline role
E344,TankManager$$Mars,CLASS,,,,UNKNOWN,UNKNOWN,UNKNOWN,LOW,LOW,name=manager|mars|tank,,,,incoming=0;outgoing=0;block=C:\Users\JBNU\git\ConstraintsRecovery\assets\tankwar\asset31:IF:12-13;products=TankWar_P1|TankWar_P3,,name tokens=manager|mars|tank,no contextual semantic role identified,UNKNOWN,false,audited role is consistent with baseline role
E345,TankManager$$Mars,CLASS,,,,UNKNOWN,UNKNOWN,UNKNOWN,LOW,LOW,name=manager|mars|tank,,,,incoming=0;outgoing=0;block=C:\Users\JBNU\git\ConstraintsRecovery\assets\tankwar\asset31:ELIF:14-16;products=TankWar_P2,,name tokens=manager|mars|tank,no contextual semantic role identified,UNKNOWN,false,audited role is consistent with baseline role
E346,TankManager$$Mars.TankManager$$Mars,CONSTRUCTOR,TankManager$$Mars,TankManager$$Mars,,UNKNOWN,UNKNOWN,UNKNOWN,LOW,LOW,name=manager|mars|tank,declaring=manager|mars|tank,,package=manager|mars|tank,incoming=0;outgoing=0;block=C:\Users\JBNU\git\ConstraintsRecovery\assets\tankwar\asset31:IF:6-25;products=TankWar_P1|TankWar_P2|TankWar_P3,,name tokens=manager|mars|tank,no contextual semantic role identified,UNKNOWN,false,audited role is consistent with baseline role
E347,TankManager$$Mars.toolsLaden,METHOD,TankManager$$Mars,TankManager$$Mars,,UNKNOWN,UNKNOWN,UNKNOWN,LOW,MEDIUM,name=laden|tools,declaring=manager|mars|tank,,package=manager|mars|tank,incoming=0;outgoing=1;block=C:\Users\JBNU\git\ConstraintsRecovery\assets\tankwar\asset31:IF:6-25;products=TankWar_P1|TankWar_P2|TankWar_P3,dependency=init|manager|tank|tool|tools,name tokens=laden|tools,no contextual semantic role identified,UNKNOWN,false,audited role is consistent with baseline role
E348,Maler$$einfrieren,CLASS,,,,UNKNOWN,UNKNOWN,UNKNOWN,LOW,LOW,name=einfrieren|maler,,,,incoming=0;outgoing=1;block=C:\Users\JBNU\git\ConstraintsRecovery\assets\tankwar\asset32:IF:24-26;products=TankWar_P1,dependency=maler|pc,name tokens=einfrieren|maler,no contextual semantic role identified,UNKNOWN,false,audited role is consistent with baseline role
E349,Maler$$einfrieren,CLASS,,,,UNKNOWN,UNKNOWN,UNKNOWN,LOW,LOW,name=einfrieren|maler,,,,incoming=0;outgoing=1;block=C:\Users\JBNU\git\ConstraintsRecovery\assets\tankwar\asset32:ELIF:27-29;products=TankWar_P3,dependency=beschleunigung|maler,name tokens=einfrieren|maler,no contextual semantic role identified,UNKNOWN,false,audited role is consistent with baseline role
E350,Maler$$einfrieren,CLASS,,,,UNKNOWN,UNKNOWN,UNKNOWN,LOW,LOW,name=einfrieren|maler,,,,incoming=0;outgoing=1;block=C:\Users\JBNU\git\ConstraintsRecovery\assets\tankwar\asset32:ELIF:30-31;products=TankWar_P2,dependency=beschleunigung|maler,name tokens=einfrieren|maler,no contextual semantic role identified,UNKNOWN,false,audited role is consistent with baseline role
E351,Maler$$einfrieren.Maler$$einfrieren,CONSTRUCTOR,Maler$$einfrieren,Maler$$einfrieren,,UNKNOWN,UNKNOWN,UNKNOWN,LOW,LOW,name=einfrieren|maler,declaring=einfrieren|maler,,package=einfrieren|maler,incoming=0;outgoing=0;block=C:\Users\JBNU\git\ConstraintsRecovery\assets\tankwar\asset32:IF:6-40;products=TankWar_P1|TankWar_P2|TankWar_P3,,name tokens=einfrieren|maler,no contextual semantic role identified,UNKNOWN,false,audited role is consistent with baseline role
E352,Maler$$einfrieren.helpItemErstellen,METHOD,Maler$$einfrieren,Maler$$einfrieren,,UNKNOWN,UNKNOWN,UNKNOWN,LOW,MEDIUM,name=erstellen|help|item,declaring=einfrieren|maler,,package=einfrieren|maler,incoming=0;outgoing=1;block=C:\Users\JBNU\git\ConstraintsRecovery\assets\tankwar\asset32:IF:6-40;products=TankWar_P1|TankWar_P2|TankWar_P3,dependency=image|load|maler|pc,name tokens=erstellen|help|item,no contextual semantic role identified,UNKNOWN,false,audited role is consistent with baseline role
E353,Tool$$Mars,CLASS,,,,UNKNOWN,UNKNOWN,UNKNOWN,LOW,LOW,name=mars|tool,,,,incoming=0;outgoing=0;block=C:\Users\JBNU\git\ConstraintsRecovery\assets\tankwar\asset33:IF:7-8;products=TankWar_P1|TankWar_P3,,name tokens=mars|tool,no contextual semantic role identified,UNKNOWN,false,audited role is consistent with baseline role
E354,Tool$$Mars,CLASS,,,,UNKNOWN,UNKNOWN,UNKNOWN,LOW,LOW,name=mars|tool,,,,incoming=0;outgoing=0;block=C:\Users\JBNU\git\ConstraintsRecovery\assets\tankwar\asset33:ELIF:9-10;products=TankWar_P2,,name tokens=mars|tool,no contextual semantic role identified,UNKNOWN,false,audited role is consistent with baseline role
E355,Tool$$Mars.Tool$$Mars,CONSTRUCTOR,Tool$$Mars,Tool$$Mars,,UNKNOWN,UNKNOWN,UNKNOWN,LOW,LOW,name=mars|tool,declaring=mars|tool,,package=mars|tool,incoming=0;outgoing=0;block=C:\Users\JBNU\git\ConstraintsRecovery\assets\tankwar\asset33:IF:6-23;products=TankWar_P1|TankWar_P2|TankWar_P3,,name tokens=mars|tool,no contextual semantic role identified,UNKNOWN,false,audited role is consistent with baseline role
E356,Tool$$Mars.init,METHOD,Tool$$Mars,Tool$$Mars,,UNKNOWN,UNKNOWN,UNKNOWN,LOW,MEDIUM,name=init,declaring=mars|tool,,package=mars|tool,incoming=0;outgoing=2;block=C:\Users\JBNU\git\ConstraintsRecovery\assets\tankwar\asset33:IF:6-23;products=TankWar_P1|TankWar_P2|TankWar_P3,dependency=koernigkeit|koernigkeit2|manager|tank|war,name tokens=init,no contextual semantic role identified,UNKNOWN,false,audited role is consistent with baseline role
E357,Maler$$Feuerkraft,CLASS,,,,UNKNOWN,UNKNOWN,UNKNOWN,LOW,LOW,name=feuerkraft|maler,,,,incoming=0;outgoing=0;block=C:\Users\JBNU\git\ConstraintsRecovery\assets\tankwar\asset34:IF:25-26;products=TankWar_P3,,name tokens=feuerkraft|maler,no contextual semantic role identified,UNKNOWN,false,audited role is consistent with baseline role
E358,Maler$$Feuerkraft,CLASS,,,,UNKNOWN,UNKNOWN,UNKNOWN,LOW,LOW,name=feuerkraft|maler,,,,incoming=0;outgoing=0;block=C:\Users\JBNU\git\ConstraintsRecovery\assets\tankwar\asset34:ELIF:27-28;products=TankWar_P1,,name tokens=feuerkraft|maler,no contextual semantic role identified,UNKNOWN,false,audited role is consistent with baseline role
E359,Maler$$Feuerkraft,CLASS,,,,UNKNOWN,UNKNOWN,UNKNOWN,LOW,LOW,name=feuerkraft|maler,,,,incoming=0;outgoing=0;block=C:\Users\JBNU\git\ConstraintsRecovery\assets\tankwar\asset34:ELIF:29-30;products=TankWar_P5,,name tokens=feuerkraft|maler,no contextual semantic role identified,UNKNOWN,false,audited role is consistent with baseline role
E360,Maler$$Feuerkraft.Maler$$Feuerkraft,CONSTRUCTOR,Maler$$Feuerkraft,Maler$$Feuerkraft,,UNKNOWN,UNKNOWN,UNKNOWN,LOW,LOW,name=feuerkraft|maler,declaring=feuerkraft|maler,,package=feuerkraft|maler,incoming=0;outgoing=0;block=C:\Users\JBNU\git\ConstraintsRecovery\assets\tankwar\asset34:IF:6-39;products=TankWar_P1|TankWar_P3|TankWar_P5,,name tokens=feuerkraft|maler,no contextual semantic role identified,UNKNOWN,false,audited role is consistent with baseline role
E361,Maler$$Feuerkraft.helpItemErstellen,METHOD,Maler$$Feuerkraft,Maler$$Feuerkraft,,UNKNOWN,UNKNOWN,UNKNOWN,LOW,MEDIUM,name=erstellen|help|item,declaring=feuerkraft|maler,,package=feuerkraft|maler,incoming=0;outgoing=1;block=C:\Users\JBNU\git\ConstraintsRecovery\assets\tankwar\asset34:IF:6-39;products=TankWar_P1|TankWar_P3|TankWar_P5,dependency=image|load|maler|pc,name tokens=erstellen|help|item,no contextual semantic role identified,UNKNOWN,false,audited role is consistent with baseline role
E362,Maler$$Bombe,CLASS,,,,UNKNOWN,UNKNOWN,UNKNOWN,LOW,LOW,name=bombe|maler,,,,incoming=0;outgoing=1;block=C:\Users\JBNU\git\ConstraintsRecovery\assets\tankwar\asset35:IF:24-26;products=TankWar_P4|TankWar_P5,dependency=maler|pc,name tokens=bombe|maler,no contextual semantic role identified,UNKNOWN,false,audited role is consistent with baseline role
E363,Maler$$Bombe,CLASS,,,,UNKNOWN,UNKNOWN,UNKNOWN,LOW,LOW,name=bombe|maler,,,,incoming=0;outgoing=0;block=C:\Users\JBNU\git\ConstraintsRecovery\assets\tankwar\asset35:ELIF:27-28;products=TankWar_P2,,name tokens=bombe|maler,no contextual semantic role identified,UNKNOWN,false,audited role is consistent with baseline role
E364,Maler$$Bombe.Maler$$Bombe,CONSTRUCTOR,Maler$$Bombe,Maler$$Bombe,,UNKNOWN,UNKNOWN,UNKNOWN,LOW,LOW,name=bombe|maler,declaring=bombe|maler,,package=bombe|maler,incoming=0;outgoing=0;block=C:\Users\JBNU\git\ConstraintsRecovery\assets\tankwar\asset35:IF:6-37;products=TankWar_P2|TankWar_P4|TankWar_P5,,name tokens=bombe|maler,no contextual semantic role identified,UNKNOWN,false,audited role is consistent with baseline role
E365,Maler$$Bombe.helpItemErstellen,METHOD,Maler$$Bombe,Maler$$Bombe,,UNKNOWN,UNKNOWN,UNKNOWN,LOW,MEDIUM,name=erstellen|help|item,declaring=bombe|maler,,package=bombe|maler,incoming=0;outgoing=1;block=C:\Users\JBNU\git\ConstraintsRecovery\assets\tankwar\asset35:IF:6-37;products=TankWar_P2|TankWar_P4|TankWar_P5,dependency=image|load|maler|pc,name tokens=erstellen|help|item,no contextual semantic role identified,UNKNOWN,false,audited role is consistent with baseline role
E366,TankManager$$einfrieren,CLASS,,,,UNKNOWN,UNKNOWN,UNKNOWN,LOW,LOW,name=einfrieren|manager|tank,,,,incoming=0;outgoing=1;block=C:\Users\JBNU\git\ConstraintsRecovery\assets\tankwar\asset36:IF:12-13;products=TankWar_P1,dependency=manager|tank|tools,name tokens=einfrieren|manager|tank,no contextual semantic role identified,UNKNOWN,false,audited role is consistent with baseline role
E367,TankManager$$einfrieren,CLASS,,,,UNKNOWN,UNKNOWN,UNKNOWN,LOW,LOW,name=einfrieren|manager|tank,,,,incoming=0;outgoing=1;block=C:\Users\JBNU\git\ConstraintsRecovery\assets\tankwar\asset36:ELIF:14-15;products=TankWar_P3,dependency=beschleunigung|manager|tank,name tokens=einfrieren|manager|tank,no contextual semantic role identified,UNKNOWN,false,audited role is consistent with baseline role
E368,TankManager$$einfrieren,CLASS,,,,UNKNOWN,UNKNOWN,UNKNOWN,LOW,LOW,name=einfrieren|manager|tank,,,,incoming=0;outgoing=1;block=C:\Users\JBNU\git\ConstraintsRecovery\assets\tankwar\asset36:ELIF:16-18;products=TankWar_P2,dependency=beschleunigung|manager|tank,name tokens=einfrieren|manager|tank,no contextual semantic role identified,UNKNOWN,false,audited role is consistent with baseline role
E369,TankManager$$einfrieren.TankManager$$einfrieren,CONSTRUCTOR,TankManager$$einfrieren,TankManager$$einfrieren,,UNKNOWN,UNKNOWN,UNKNOWN,LOW,LOW,name=einfrieren|manager|tank,declaring=einfrieren|manager|tank,,package=einfrieren|manager|tank,incoming=0;outgoing=0;block=C:\Users\JBNU\git\ConstraintsRecovery\assets\tankwar\asset36:IF:6-27;products=TankWar_P1|TankWar_P2|TankWar_P3,,name tokens=einfrieren|manager|tank,no contextual semantic role identified,UNKNOWN,false,audited role is consistent with baseline role
E370,TankManager$$einfrieren.toolsLaden,METHOD,TankManager$$einfrieren,TankManager$$einfrieren,,UNKNOWN,UNKNOWN,UNKNOWN,LOW,MEDIUM,name=laden|tools,declaring=einfrieren|manager|tank,,package=einfrieren|manager|tank,incoming=0;outgoing=1;block=C:\Users\JBNU\git\ConstraintsRecovery\assets\tankwar\asset36:IF:6-27;products=TankWar_P1|TankWar_P2|TankWar_P3,dependency=init|manager|tank|tool|tools,name tokens=laden|tools,no contextual semantic role identified,UNKNOWN,false,audited role is consistent with baseline role
E371,Maler$$Mars,CLASS,,,,UNKNOWN,UNKNOWN,UNKNOWN,LOW,LOW,name=maler|mars,,,,incoming=0;outgoing=0;block=C:\Users\JBNU\git\ConstraintsRecovery\assets\tankwar\asset37:IF:24-26;products=TankWar_P1|TankWar_P3,,name tokens=maler|mars,no contextual semantic role identified,UNKNOWN,false,audited role is consistent with baseline role
E372,Maler$$Mars,CLASS,,,,UNKNOWN,UNKNOWN,UNKNOWN,LOW,LOW,name=maler|mars,,,,incoming=0;outgoing=0;block=C:\Users\JBNU\git\ConstraintsRecovery\assets\tankwar\asset37:ELIF:27-28;products=TankWar_P2,,name tokens=maler|mars,no contextual semantic role identified,UNKNOWN,false,audited role is consistent with baseline role
E373,Maler$$Mars.Maler$$Mars,CONSTRUCTOR,Maler$$Mars,Maler$$Mars,,UNKNOWN,UNKNOWN,UNKNOWN,LOW,LOW,name=maler|mars,declaring=maler|mars,,package=maler|mars,incoming=0;outgoing=0;block=C:\Users\JBNU\git\ConstraintsRecovery\assets\tankwar\asset37:IF:6-37;products=TankWar_P1|TankWar_P2|TankWar_P3,,name tokens=maler|mars,no contextual semantic role identified,UNKNOWN,false,audited role is consistent with baseline role
E374,Maler$$Mars.helpItemErstellen,METHOD,Maler$$Mars,Maler$$Mars,,UNKNOWN,UNKNOWN,UNKNOWN,LOW,MEDIUM,name=erstellen|help|item,declaring=maler|mars,,package=maler|mars,incoming=0;outgoing=1;block=C:\Users\JBNU\git\ConstraintsRecovery\assets\tankwar\asset37:IF:6-37;products=TankWar_P1|TankWar_P2|TankWar_P3,dependency=image|load|maler|pc,name tokens=erstellen|help|item,no contextual semantic role identified,UNKNOWN,false,audited role is consistent with baseline role
E375,TankManager$$Bombe,CLASS,,,,UNKNOWN,UNKNOWN,UNKNOWN,LOW,LOW,name=bombe|manager|tank,,,,incoming=0;outgoing=1;block=C:\Users\JBNU\git\ConstraintsRecovery\assets\tankwar\asset38:IF:9-11;products=TankWar_P4,dependency=manager|tank|tools,name tokens=bombe|manager|tank,no contextual semantic role identified,UNKNOWN,false,audited role is consistent with baseline role
E376,TankManager$$Bombe,CLASS,,,,UNKNOWN,UNKNOWN,UNKNOWN,LOW,LOW,name=bombe|manager|tank,,,,incoming=0;outgoing=0;block=C:\Users\JBNU\git\ConstraintsRecovery\assets\tankwar\asset38:ELIF:12-14;products=TankWar_P2,,name tokens=bombe|manager|tank,no contextual semantic role identified,UNKNOWN,false,audited role is consistent with baseline role
E377,TankManager$$Bombe,CLASS,,,,UNKNOWN,UNKNOWN,UNKNOWN,LOW,LOW,name=bombe|manager|tank,,,,incoming=0;outgoing=1;block=C:\Users\JBNU\git\ConstraintsRecovery\assets\tankwar\asset38:ELIF:15-16;products=TankWar_P5,dependency=manager|tank|tools,name tokens=bombe|manager|tank,no contextual semantic role identified,UNKNOWN,false,audited role is consistent with baseline role
E378,TankManager$$Bombe.TankManager$$Bombe,CONSTRUCTOR,TankManager$$Bombe,TankManager$$Bombe,,UNKNOWN,UNKNOWN,UNKNOWN,LOW,LOW,name=bombe|manager|tank,declaring=bombe|manager|tank,,package=bombe|manager|tank,incoming=0;outgoing=0;block=C:\Users\JBNU\git\ConstraintsRecovery\assets\tankwar\asset38:IF:6-25;products=TankWar_P2|TankWar_P4|TankWar_P5,,name tokens=bombe|manager|tank,no contextual semantic role identified,UNKNOWN,false,audited role is consistent with baseline role
E379,TankManager$$Bombe.toolsLaden,METHOD,TankManager$$Bombe,TankManager$$Bombe,,UNKNOWN,UNKNOWN,UNKNOWN,LOW,MEDIUM,name=laden|tools,declaring=bombe|manager|tank,,package=bombe|manager|tank,incoming=0;outgoing=1;block=C:\Users\JBNU\git\ConstraintsRecovery\assets\tankwar\asset38:IF:6-25;products=TankWar_P2|TankWar_P4|TankWar_P5,dependency=init|manager|tank|tool|tools,name tokens=laden|tools,no contextual semantic role identified,UNKNOWN,false,audited role is consistent with baseline role
E380,Tank$$Feuerkraft,CLASS,,,,UNKNOWN,UNKNOWN,UNKNOWN,LOW,LOW,name=feuerkraft|tank,,,,incoming=0;outgoing=0;block=C:\Users\JBNU\git\ConstraintsRecovery\assets\tankwar\asset39:IF:9-11;products=TankWar_P3,,name tokens=feuerkraft|tank,no contextual semantic role identified,UNKNOWN,false,audited role is consistent with baseline role
E381,Tank$$Feuerkraft,CLASS,,,,UNKNOWN,UNKNOWN,UNKNOWN,LOW,LOW,name=feuerkraft|tank,,,,incoming=0;outgoing=0;block=C:\Users\JBNU\git\ConstraintsRecovery\assets\tankwar\asset39:ELIF:12-13;products=TankWar_P1,,name tokens=feuerkraft|tank,no contextual semantic role identified,UNKNOWN,false,audited role is consistent with baseline role
E382,Tank$$Feuerkraft,CLASS,,,,UNKNOWN,UNKNOWN,UNKNOWN,LOW,LOW,name=feuerkraft|tank,,,,incoming=0;outgoing=0;block=C:\Users\JBNU\git\ConstraintsRecovery\assets\tankwar\asset39:ELIF:14-15;products=TankWar_P5,,name tokens=feuerkraft|tank,no contextual semantic role identified,UNKNOWN,false,audited role is consistent with baseline role
E383,Tank$$Feuerkraft.feuerkraftTimer,FIELD,Tank$$Feuerkraft,Tank$$Feuerkraft,,UNKNOWN,UNKNOWN,UNKNOWN,LOW,MEDIUM,name=feuerkraft|timer,declaring=feuerkraft|tank,,package=feuerkraft|tank,incoming=3;outgoing=0;block=C:\Users\JBNU\git\ConstraintsRecovery\assets\tankwar\asset39:IF:6-46;products=TankWar_P1|TankWar_P3|TankWar_P5,dependency=behandeln|feuerkraft|kontroller|tank|tool,name tokens=feuerkraft|timer,no contextual semantic role identified,UNKNOWN,false,audited role is consistent with baseline role
E384,Tank$$Feuerkraft.feuerkraft,FIELD,Tank$$Feuerkraft,Tank$$Feuerkraft,,UNKNOWN,UNKNOWN,UNKNOWN,LOW,MEDIUM,name=feuerkraft,declaring=feuerkraft|tank,,package=feuerkraft|tank,incoming=5;outgoing=0;block=C:\Users\JBNU\git\ConstraintsRecovery\assets\tankwar\asset39:IF:6-46;products=TankWar_P1|TankWar_P3|TankWar_P5,dependency=behandeln|feuerkraft|kontroller|tank|tool,name tokens=feuerkraft,no contextual semantic role identified,UNKNOWN,false,audited role is consistent with baseline role
E385,Tank$$Feuerkraft.Tank$$Feuerkraft,CONSTRUCTOR,Tank$$Feuerkraft,Tank$$Feuerkraft,,UNKNOWN,UNKNOWN,UNKNOWN,LOW,LOW,name=feuerkraft|tank,declaring=feuerkraft|tank,,package=feuerkraft|tank,incoming=0;outgoing=0;block=C:\Users\JBNU\git\ConstraintsRecovery\assets\tankwar\asset39:IF:6-46;products=TankWar_P1|TankWar_P3|TankWar_P5,,name tokens=feuerkraft|tank,no contextual semantic role identified,UNKNOWN,false,audited role is consistent with baseline role
E386,Tank$$Feuerkraft.toolKontroller,METHOD,Tank$$Feuerkraft,Tank$$Feuerkraft,,UNKNOWN,UNKNOWN,UNKNOWN,LOW,MEDIUM,name=kontroller|tool,declaring=feuerkraft|tank,,package=feuerkraft|tank,incoming=0;outgoing=5;block=C:\Users\JBNU\git\ConstraintsRecovery\assets\tankwar\asset39:IF:6-46;products=TankWar_P1|TankWar_P3|TankWar_P5,dependency=feuerkraft|tank|timer,name tokens=kontroller|tool,no contextual semantic role identified,UNKNOWN,false,audited role is consistent with baseline role
E387,Tank$$Feuerkraft.toolBehandeln,METHOD,Tank$$Feuerkraft,Tank$$Feuerkraft,,UNKNOWN,UNKNOWN,UNKNOWN,LOW,MEDIUM,name=behandeln|tool,declaring=feuerkraft|tank,,package=feuerkraft|tank,incoming=0;outgoing=4;block=C:\Users\JBNU\git\ConstraintsRecovery\assets\tankwar\asset39:IF:6-46;products=TankWar_P1|TankWar_P3|TankWar_P5,dependency=feuerkraft|feuern|haufigkeit|tank|timer|war,name tokens=behandeln|tool,no contextual semantic role identified,UNKNOWN,false,audited role is consistent with baseline role
E388,KeyMonitor,CLASS,,,,UNKNOWN,UNKNOWN,UNKNOWN,LOW,LOW,name=key|monitor,,,,incoming=0;outgoing=0;block=C:\Users\JBNU\git\ConstraintsRecovery\assets\tankwar\asset4:IF:8-26;products=TankWar_P1|TankWar_P2|TankWar_P3|TankWar_P4|TankWar_P5,,name tokens=key|monitor,no contextual semantic role identified,UNKNOWN,false,audited role is consistent with baseline role
E389,KeyMonitor.gameManager,FIELD,KeyMonitor,KeyMonitor,,UNKNOWN,UNKNOWN,UNKNOWN,LOW,MEDIUM,name=game|manager,declaring=key|monitor,,package=key|monitor,incoming=3;outgoing=0;block=C:\Users\JBNU\git\ConstraintsRecovery\assets\tankwar\asset4:IF:8-26;products=TankWar_P1|TankWar_P2|TankWar_P3|TankWar_P4|TankWar_P5,dependency=key|monitor|pressed|released,name tokens=game|manager,no contextual semantic role identified,UNKNOWN,false,audited role is consistent with baseline role
E390,KeyMonitor.KeyMonitor,CONSTRUCTOR,KeyMonitor,KeyMonitor,,UNKNOWN,UNKNOWN,UNKNOWN,LOW,MEDIUM,name=key|monitor,declaring=key|monitor,,package=key|monitor,incoming=1;outgoing=1;block=C:\Users\JBNU\git\ConstraintsRecovery\assets\tankwar\asset4:IF:8-26;products=TankWar_P1|TankWar_P2|TankWar_P3|TankWar_P4|TankWar_P5,dependency=game|init|key|maler|manager|monitor|pc,name tokens=key|monitor,no contextual semantic role identified,UNKNOWN,false,audited role is consistent with baseline role
E391,KeyMonitor.keyPressed,METHOD,KeyMonitor,KeyMonitor,,UNKNOWN,UNKNOWN,UNKNOWN,LOW,MEDIUM,name=key|pressed,declaring=key|monitor,,package=key|monitor,incoming=0;outgoing=1;block=C:\Users\JBNU\git\ConstraintsRecovery\assets\tankwar\asset4:IF:8-26;products=TankWar_P1|TankWar_P2|TankWar_P3|TankWar_P4|TankWar_P5,dependency=game|key|manager|monitor,name tokens=key|pressed,no contextual semantic role identified,UNKNOWN,false,audited role is consistent with baseline role
E392,KeyMonitor.keyReleased,METHOD,KeyMonitor,KeyMonitor,,UNKNOWN,UNKNOWN,UNKNOWN,LOW,MEDIUM,name=key|released,declaring=key|monitor,,package=key|monitor,incoming=0;outgoing=1;block=C:\Users\JBNU\git\ConstraintsRecovery\assets\tankwar\asset4:IF:8-26;products=TankWar_P1|TankWar_P2|TankWar_P3|TankWar_P4|TankWar_P5,dependency=game|key|manager|monitor,name tokens=key|released,no contextual semantic role identified,UNKNOWN,false,audited role is consistent with baseline role
E393,KeyMonitor.keyTyped,METHOD,KeyMonitor,KeyMonitor,,UNKNOWN,UNKNOWN,UNKNOWN,LOW,LOW,name=key|typed,declaring=key|monitor,,package=key|monitor,incoming=0;outgoing=0;block=C:\Users\JBNU\git\ConstraintsRecovery\assets\tankwar\asset4:IF:8-26;products=TankWar_P1|TankWar_P2|TankWar_P3|TankWar_P4|TankWar_P5,,name tokens=key|typed,no contextual semantic role identified,UNKNOWN,false,audited role is consistent with baseline role
E394,Maler$$M_600,CLASS,,,,UNKNOWN,UNKNOWN,UNKNOWN,LOW,LOW,name=600|m|maler,,,,incoming=0;outgoing=0;block=C:\Users\JBNU\git\ConstraintsRecovery\assets\tankwar\asset40:IF:25-26;products=TankWar_P4,,name tokens=600|m|maler,no contextual semantic role identified,UNKNOWN,false,audited role is consistent with baseline role
E395,Maler$$M_600,CLASS,,,,UNKNOWN,UNKNOWN,UNKNOWN,LOW,LOW,name=600|m|maler,,,,incoming=0;outgoing=0;block=C:\Users\JBNU\git\ConstraintsRecovery\assets\tankwar\asset40:ELIF:27-28;products=TankWar_P5,,name tokens=600|m|maler,no contextual semantic role identified,UNKNOWN,false,audited role is consistent with baseline role
E396,Maler$$M_600,CLASS,,,,UNKNOWN,UNKNOWN,UNKNOWN,LOW,LOW,name=600|m|maler,,,,incoming=0;outgoing=0;block=C:\Users\JBNU\git\ConstraintsRecovery\assets\tankwar\asset40:ELIF:29-30;products=TankWar_P1,,name tokens=600|m|maler,no contextual semantic role identified,UNKNOWN,false,audited role is consistent with baseline role
E397,Maler$$M_600.Maler$$M_600,CONSTRUCTOR,Maler$$M_600,Maler$$M_600,,UNKNOWN,UNKNOWN,UNKNOWN,LOW,LOW,name=600|m|maler,declaring=600|m|maler,,package=600|m|maler,incoming=0;outgoing=0;block=C:\Users\JBNU\git\ConstraintsRecovery\assets\tankwar\asset40:IF:6-39;products=TankWar_P1|TankWar_P4|TankWar_P5,,name tokens=600|m|maler,no contextual semantic role identified,UNKNOWN,false,audited role is consistent with baseline role
E398,Maler$$M_600.gamesize,METHOD,Maler$$M_600,Maler$$M_600,,UNKNOWN,UNKNOWN,UNKNOWN,LOW,LOW,name=gamesize,declaring=600|m|maler,,package=600|m|maler,incoming=0;outgoing=0;block=C:\Users\JBNU\git\ConstraintsRecovery\assets\tankwar\asset40:IF:6-39;products=TankWar_P1|TankWar_P4|TankWar_P5,,name tokens=gamesize,no contextual semantic role identified,UNKNOWN,false,audited role is consistent with baseline role
E399,Tank$$Mars,CLASS,,,,UNKNOWN,UNKNOWN,UNKNOWN,LOW,LOW,name=mars|tank,,,,incoming=0;outgoing=0;block=C:\Users\JBNU\git\ConstraintsRecovery\assets\tankwar\asset41:IF:9-11;products=TankWar_P2,,name tokens=mars|tank,no contextual semantic role identified,UNKNOWN,false,audited role is consistent with baseline role
E400,Tank$$Mars,CLASS,,,,UNKNOWN,UNKNOWN,UNKNOWN,LOW,LOW,name=mars|tank,,,,incoming=0;outgoing=0;block=C:\Users\JBNU\git\ConstraintsRecovery\assets\tankwar\asset41:ELIF:12-14;products=TankWar_P3,,name tokens=mars|tank,no contextual semantic role identified,UNKNOWN,false,audited role is consistent with baseline role
E401,Tank$$Mars,CLASS,,,,UNKNOWN,UNKNOWN,UNKNOWN,LOW,LOW,name=mars|tank,,,,incoming=0;outgoing=0;block=C:\Users\JBNU\git\ConstraintsRecovery\assets\tankwar\asset41:ELIF:15-16;products=TankWar_P1,,name tokens=mars|tank,no contextual semantic role identified,UNKNOWN,false,audited role is consistent with baseline role
E402,Tank$$Mars.mars,FIELD,Tank$$Mars,Tank$$Mars,,UNKNOWN,UNKNOWN,UNKNOWN,LOW,MEDIUM,name=mars,declaring=mars|tank,,package=mars|tank,incoming=5;outgoing=0;block=C:\Users\JBNU\git\ConstraintsRecovery\assets\tankwar\asset41:IF:6-48;products=TankWar_P1|TankWar_P2|TankWar_P3,dependency=behandeln|beschaedigen|kontroller|mars|tank|tool,name tokens=mars,no contextual semantic role identified,UNKNOWN,false,audited role is consistent with baseline role
E403,Tank$$Mars.marsTimer,FIELD,Tank$$Mars,Tank$$Mars,,UNKNOWN,UNKNOWN,UNKNOWN,LOW,MEDIUM,name=mars|timer,declaring=mars|tank,,package=mars|tank,incoming=2;outgoing=0;block=C:\Users\JBNU\git\ConstraintsRecovery\assets\tankwar\asset41:IF:6-48;products=TankWar_P1|TankWar_P2|TankWar_P3,dependency=behandeln|kontroller|mars|tank|tool,name tokens=mars|timer,no contextual semantic role identified,UNKNOWN,false,audited role is consistent with baseline role
E404,Tank$$Mars.Tank$$Mars,CONSTRUCTOR,Tank$$Mars,Tank$$Mars,,UNKNOWN,UNKNOWN,UNKNOWN,LOW,LOW,name=mars|tank,declaring=mars|tank,,package=mars|tank,incoming=0;outgoing=0;block=C:\Users\JBNU\git\ConstraintsRecovery\assets\tankwar\asset41:IF:6-48;products=TankWar_P1|TankWar_P2|TankWar_P3,,name tokens=mars|tank,no contextual semantic role identified,UNKNOWN,false,audited role is consistent with baseline role
E405,Tank$$Mars.toolKontroller,METHOD,Tank$$Mars,Tank$$Mars,,UNKNOWN,UNKNOWN,UNKNOWN,LOW,MEDIUM,name=kontroller|tool,declaring=mars|tank,,package=mars|tank,incoming=0;outgoing=7;block=C:\Users\JBNU\git\ConstraintsRecovery\assets\tankwar\asset41:IF:6-48;products=TankWar_P1|TankWar_P2|TankWar_P3,dependency=color|draw|koernigkeit|maler|manager|mars|pc|rect|round|set|tank|timer|war,name tokens=kontroller|tool,no contextual semantic role identified,UNKNOWN,false,audited role is consistent with baseline role
E406,Tank$$Mars.toolBehandeln,METHOD,Tank$$Mars,Tank$$Mars,,UNKNOWN,UNKNOWN,UNKNOWN,LOW,MEDIUM,name=behandeln|tool,declaring=mars|tank,,package=mars|tank,incoming=0;outgoing=2;block=C:\Users\JBNU\git\ConstraintsRecovery\assets\tankwar\asset41:IF:6-48;products=TankWar_P1|TankWar_P2|TankWar_P3,dependency=mars|tank|timer,name tokens=behandeln|tool,no contextual semantic role identified,UNKNOWN,false,audited role is consistent with baseline role
E407,Tank$$Mars.beschaedigen,METHOD,Tank$$Mars,Tank$$Mars,,UNKNOWN,UNKNOWN,UNKNOWN,LOW,MEDIUM,name=beschaedigen,declaring=mars|tank,,package=mars|tank,incoming=0;outgoing=2;block=C:\Users\JBNU\git\ConstraintsRecovery\assets\tankwar\asset41:IF:6-48;products=TankWar_P1|TankWar_P2|TankWar_P3,dependency=energie|mars|tank|war,name tokens=beschaedigen,no contextual semantic role identified,UNKNOWN,false,audited role is consistent with baseline role
E408,Tool$$Bombe,CLASS,,,,UNKNOWN,UNKNOWN,UNKNOWN,LOW,LOW,name=bombe|tool,,,,incoming=0;outgoing=1;block=C:\Users\JBNU\git\ConstraintsRecovery\assets\tankwar\asset42:IF:7-8;products=TankWar_P4|TankWar_P5,dependency=tool|tools,name tokens=bombe|tool,no contextual semantic role identified,UNKNOWN,false,audited role is consistent with baseline role
E409,Tool$$Bombe,CLASS,,,,UNKNOWN,UNKNOWN,UNKNOWN,LOW,LOW,name=bombe|tool,,,,incoming=0;outgoing=0;block=C:\Users\JBNU\git\ConstraintsRecovery\assets\tankwar\asset42:ELIF:9-10;products=TankWar_P2,,name tokens=bombe|tool,no contextual semantic role identified,UNKNOWN,false,audited role is consistent with baseline role
E410,Tool$$Bombe.Tool$$Bombe,CONSTRUCTOR,Tool$$Bombe,Tool$$Bombe,,UNKNOWN,UNKNOWN,UNKNOWN,LOW,LOW,name=bombe|tool,declaring=bombe|tool,,package=bombe|tool,incoming=0;outgoing=0;block=C:\Users\JBNU\git\ConstraintsRecovery\assets\tankwar\asset42:IF:6-23;products=TankWar_P2|TankWar_P4|TankWar_P5,,name tokens=bombe|tool,no contextual semantic role identified,UNKNOWN,false,audited role is consistent with baseline role
E411,Tool$$Bombe.init,METHOD,Tool$$Bombe,Tool$$Bombe,,UNKNOWN,UNKNOWN,UNKNOWN,LOW,MEDIUM,name=init,declaring=bombe|tool,,package=bombe|tool,incoming=0;outgoing=2;block=C:\Users\JBNU\git\ConstraintsRecovery\assets\tankwar\asset42:IF:6-23;products=TankWar_P2|TankWar_P4|TankWar_P5,dependency=koernigkeit|koernigkeit2|manager|tank|war,name tokens=init,no contextual semantic role identified,UNKNOWN,false,audited role is consistent with baseline role
E412,Tool$$Feuerkraft,CLASS,,,,UNKNOWN,UNKNOWN,UNKNOWN,LOW,LOW,name=feuerkraft|tool,,,,incoming=0;outgoing=0;block=C:\Users\JBNU\git\ConstraintsRecovery\assets\tankwar\asset43:IF:7-8;products=TankWar_P5,,name tokens=feuerkraft|tool,no contextual semantic role identified,UNKNOWN,false,audited role is consistent with baseline role
E413,Tool$$Feuerkraft,CLASS,,,,UNKNOWN,UNKNOWN,UNKNOWN,LOW,LOW,name=feuerkraft|tool,,,,incoming=0;outgoing=0;block=C:\Users\JBNU\git\ConstraintsRecovery\assets\tankwar\asset43:ELIF:9-10;products=TankWar_P3,,name tokens=feuerkraft|tool,no contextual semantic role identified,UNKNOWN,false,audited role is consistent with baseline role
E414,Tool$$Feuerkraft,CLASS,,,,UNKNOWN,UNKNOWN,UNKNOWN,LOW,LOW,name=feuerkraft|tool,,,,incoming=0;outgoing=0;block=C:\Users\JBNU\git\ConstraintsRecovery\assets\tankwar\asset43:ELIF:11-12;products=TankWar_P1,,name tokens=feuerkraft|tool,no contextual semantic role identified,UNKNOWN,false,audited role is consistent with baseline role
E415,Tool$$Feuerkraft.Tool$$Feuerkraft,CONSTRUCTOR,Tool$$Feuerkraft,Tool$$Feuerkraft,,UNKNOWN,UNKNOWN,UNKNOWN,LOW,LOW,name=feuerkraft|tool,declaring=feuerkraft|tool,,package=feuerkraft|tool,incoming=0;outgoing=0;block=C:\Users\JBNU\git\ConstraintsRecovery\assets\tankwar\asset43:IF:6-25;products=TankWar_P1|TankWar_P3|TankWar_P5,,name tokens=feuerkraft|tool,no contextual semantic role identified,UNKNOWN,false,audited role is consistent with baseline role
E416,Tool$$Feuerkraft.init,METHOD,Tool$$Feuerkraft,Tool$$Feuerkraft,,UNKNOWN,UNKNOWN,UNKNOWN,LOW,MEDIUM,name=init,declaring=feuerkraft|tool,,package=feuerkraft|tool,incoming=0;outgoing=2;block=C:\Users\JBNU\git\ConstraintsRecovery\assets\tankwar\asset43:IF:6-25;products=TankWar_P1|TankWar_P3|TankWar_P5,dependency=koernigkeit|koernigkeit2|manager|tank|war,name tokens=init,no contextual semantic role identified,UNKNOWN,false,audited role is consistent with baseline role
E417,Tool$$einfrieren,CLASS,,,,UNKNOWN,UNKNOWN,UNKNOWN,LOW,LOW,name=einfrieren|tool,,,,incoming=0;outgoing=1;block=C:\Users\JBNU\git\ConstraintsRecovery\assets\tankwar\asset44:IF:7-8;products=TankWar_P1,dependency=tool|tools,name tokens=einfrieren|tool,no contextual semantic role identified,UNKNOWN,false,audited role is consistent with baseline role
E418,Tool$$einfrieren,CLASS,,,,UNKNOWN,UNKNOWN,UNKNOWN,LOW,LOW,name=einfrieren|tool,,,,incoming=0;outgoing=1;block=C:\Users\JBNU\git\ConstraintsRecovery\assets\tankwar\asset44:ELIF:9-10;products=TankWar_P2|TankWar_P3,dependency=beschleunigung|tool,name tokens=einfrieren|tool,no contextual semantic role identified,UNKNOWN,false,audited role is consistent with baseline role
E419,Tool$$einfrieren.Tool$$einfrieren,CONSTRUCTOR,Tool$$einfrieren,Tool$$einfrieren,,UNKNOWN,UNKNOWN,UNKNOWN,LOW,LOW,name=einfrieren|tool,declaring=einfrieren|tool,,package=einfrieren|tool,incoming=0;outgoing=0;block=C:\Users\JBNU\git\ConstraintsRecovery\assets\tankwar\asset44:IF:6-23;products=TankWar_P1|TankWar_P2|TankWar_P3,,name tokens=einfrieren|tool,no contextual semantic role identified,UNKNOWN,false,audited role is consistent with baseline role
E420,Tool$$einfrieren.init,METHOD,Tool$$einfrieren,Tool$$einfrieren,,UNKNOWN,UNKNOWN,UNKNOWN,LOW,MEDIUM,name=init,declaring=einfrieren|tool,,package=einfrieren|tool,incoming=0;outgoing=2;block=C:\Users\JBNU\git\ConstraintsRecovery\assets\tankwar\asset44:IF:6-23;products=TankWar_P1|TankWar_P2|TankWar_P3,dependency=koernigkeit|koernigkeit2|manager|tank|war,name tokens=init,no contextual semantic role identified,UNKNOWN,false,audited role is consistent with baseline role
E421,Missile$$Image,CLASS,,,,UNKNOWN,UNKNOWN,UNKNOWN,LOW,LOW,name=image|missile,,,,incoming=0;outgoing=1;block=C:\Users\JBNU\git\ConstraintsRecovery\assets\tankwar\asset45:IF:8-9;products=TankWar_P2|TankWar_P4,dependency=missile|tank|war,name tokens=image|missile,no contextual semantic role identified,UNKNOWN,false,audited role is consistent with baseline role
E422,Missile$$Image,CLASS,,,,UNKNOWN,UNKNOWN,UNKNOWN,LOW,LOW,name=image|missile,,,,incoming=0;outgoing=1;block=C:\Users\JBNU\git\ConstraintsRecovery\assets\tankwar\asset45:ELIF:10-11;products=TankWar_P3,dependency=explodieren|missile,name tokens=image|missile,no contextual semantic role identified,UNKNOWN,false,audited role is consistent with baseline role
E423,Missile$$Image.Missile$$Image,CONSTRUCTOR,Missile$$Image,Missile$$Image,,UNKNOWN,UNKNOWN,UNKNOWN,LOW,LOW,name=image|missile,declaring=image|missile,,package=image|missile,incoming=0;outgoing=0;block=C:\Users\JBNU\git\ConstraintsRecovery\assets\tankwar\asset45:IF:6-38;products=TankWar_P2|TankWar_P3|TankWar_P4,,name tokens=image|missile,no contextual semantic role identified,UNKNOWN,false,audited role is consistent with baseline role
E424,Missile$$Image.malen,METHOD,Missile$$Image,Missile$$Image,,UNKNOWN,UNKNOWN,UNKNOWN,LOW,MEDIUM,name=malen,declaring=image|missile,,package=image|missile,incoming=0;outgoing=4;block=C:\Users\JBNU\git\ConstraintsRecovery\assets\tankwar\asset45:IF:6-38;products=TankWar_P2|TankWar_P3|TankWar_P4,dependency=draw|fuer|image|maler|pc,name tokens=malen,no contextual semantic role identified,UNKNOWN,false,audited role is consistent with baseline role
E425,Tank$$einfrieren,CLASS,,,,UNKNOWN,UNKNOWN,UNKNOWN,LOW,LOW,name=einfrieren|tank,,,,incoming=0;outgoing=1;block=C:\Users\JBNU\git\ConstraintsRecovery\assets\tankwar\asset46:IF:9-10;products=TankWar_P1,dependency=tank|tools,name tokens=einfrieren|tank,no contextual semantic role identified,UNKNOWN,false,audited role is consistent with baseline role
E426,Tank$$einfrieren,CLASS,,,,UNKNOWN,UNKNOWN,UNKNOWN,LOW,LOW,name=einfrieren|tank,,,,incoming=0;outgoing=1;block=C:\Users\JBNU\git\ConstraintsRecovery\assets\tankwar\asset46:ELIF:11-13;products=TankWar_P2|TankWar_P3,dependency=beschleunigung|tank,name tokens=einfrieren|tank,no contextual semantic role identified,UNKNOWN,false,audited role is consistent with baseline role
E427,Tank$$einfrieren.einfrierenTimer,FIELD,Tank$$einfrieren,Tank$$einfrieren,,UNKNOWN,UNKNOWN,UNKNOWN,LOW,MEDIUM,name=einfrieren|timer,declaring=einfrieren|tank,,package=einfrieren|tank,incoming=3;outgoing=0;block=C:\Users\JBNU\git\ConstraintsRecovery\assets\tankwar\asset46:IF:6-50;products=TankWar_P1|TankWar_P2|TankWar_P3,dependency=behandeln|einfrieren|kontroller|tank|tool,name tokens=einfrieren|timer,no contextual semantic role identified,UNKNOWN,false,audited role is consistent with baseline role
E428,Tank$$einfrieren.einfrieren,FIELD,Tank$$einfrieren,Tank$$einfrieren,,UNKNOWN,UNKNOWN,UNKNOWN,LOW,MEDIUM,name=einfrieren,declaring=einfrieren|tank,,package=einfrieren|tank,incoming=4;outgoing=0;block=C:\Users\JBNU\git\ConstraintsRecovery\assets\tankwar\asset46:IF:6-50;products=TankWar_P1|TankWar_P2|TankWar_P3,dependency=behandeln|einfrieren|kontroller|tank|tool,name tokens=einfrieren,no contextual semantic role identified,UNKNOWN,false,audited role is consistent with baseline role
E429,Tank$$einfrieren.Tank$$einfrieren,CONSTRUCTOR,Tank$$einfrieren,Tank$$einfrieren,,UNKNOWN,UNKNOWN,UNKNOWN,LOW,LOW,name=einfrieren|tank,declaring=einfrieren|tank,,package=einfrieren|tank,incoming=0;outgoing=0;block=C:\Users\JBNU\git\ConstraintsRecovery\assets\tankwar\asset46:IF:6-50;products=TankWar_P1|TankWar_P2|TankWar_P3,,name tokens=einfrieren|tank,no contextual semantic role identified,UNKNOWN,false,audited role is consistent with baseline role
E430,Tank$$einfrieren.toolKontroller,METHOD,Tank$$einfrieren,Tank$$einfrieren,,UNKNOWN,UNKNOWN,UNKNOWN,LOW,MEDIUM,name=kontroller|tool,declaring=einfrieren|tank,,package=einfrieren|tank,incoming=0;outgoing=9;block=C:\Users\JBNU\git\ConstraintsRecovery\assets\tankwar\asset46:IF:6-50;products=TankWar_P1|TankWar_P2|TankWar_P3,dependency=aktive|einfrieren|manager|menge|tank|timer|war,name tokens=kontroller|tool,no contextual semantic role identified,UNKNOWN,false,audited role is consistent with baseline role
E431,Tank$$einfrieren.toolBehandeln,METHOD,Tank$$einfrieren,Tank$$einfrieren,,UNKNOWN,UNKNOWN,UNKNOWN,LOW,MEDIUM,name=behandeln|tool,declaring=einfrieren|tank,,package=einfrieren|tank,incoming=0;outgoing=8;block=C:\Users\JBNU\git\ConstraintsRecovery\assets\tankwar\asset46:IF:6-50;products=TankWar_P1|TankWar_P2|TankWar_P3,dependency=aktive|einfrieren|manager|menge|tank|tank1|tank2|timer|war,name tokens=behandeln|tool,no contextual semantic role identified,UNKNOWN,false,audited role is consistent with baseline role
E432,SoundPlayer,CLASS,,,,UNKNOWN,UNKNOWN,UNKNOWN,LOW,LOW,name=player|sound,,,,incoming=0;outgoing=0;block=C:\Users\JBNU\git\ConstraintsRecovery\assets\tankwar\asset47:IF:6-53;products=TankWar_P2|TankWar_P3|TankWar_P4,,name tokens=player|sound,no contextual semantic role identified,UNKNOWN,false,audited role is consistent with baseline role
E433,SoundPlayer.instance,FIELD,SoundPlayer,SoundPlayer,,UNKNOWN,UNKNOWN,UNKNOWN,LOW,MEDIUM,name=instance,declaring=player|sound,,package=player|sound,incoming=3;outgoing=0;block=C:\Users\JBNU\git\ConstraintsRecovery\assets\tankwar\asset47:IF:6-53;products=TankWar_P2|TankWar_P3|TankWar_P4,dependency=get|instance|player|sound,name tokens=instance,no contextual semantic role identified,UNKNOWN,false,audited role is consistent with baseline role
E434,SoundPlayer.inputStream,FIELD,SoundPlayer,SoundPlayer,,UNKNOWN,UNKNOWN,UNKNOWN,LOW,MEDIUM,name=input|stream,declaring=player|sound,,package=player|sound,incoming=17;outgoing=0;block=C:\Users\JBNU\git\ConstraintsRecovery\assets\tankwar\asset47:IF:6-53;products=TankWar_P2|TankWar_P3|TankWar_P4,dependency=bg|eat|explode|fire|move|play|player|roger|sound|stop|yeah|yessir,name tokens=input|stream,no contextual semantic role identified,INFRASTRUCTURE,true,"audited role separates semantic, architectural, and relevance dimensions"
E435,SoundPlayer.getInstance,METHOD,SoundPlayer,SoundPlayer,,UNKNOWN,UNKNOWN,UNKNOWN,LOW,MEDIUM,name=get|instance,declaring=player|sound,,package=player|sound,incoming=15;outgoing=3;block=C:\Users\JBNU\git\ConstraintsRecovery\assets\tankwar\asset47:IF:6-53;products=TankWar_P2|TankWar_P3|TankWar_P4,dependency=aktualisieren|behandeln|explodieren|fuer|init|instance|key|manager|missile|pc|player|press|sound|tank|tool,name tokens=get|instance,no contextual semantic role identified; getter has no domain target concept,UNKNOWN,false,audited role is consistent with baseline role
E436,SoundPlayer.playBgSound,METHOD,SoundPlayer,SoundPlayer,,UNKNOWN,UNKNOWN,UNKNOWN,LOW,MEDIUM,name=bg|play|sound,declaring=player|sound,,package=player|sound,incoming=3;outgoing=2;block=C:\Users\JBNU\git\ConstraintsRecovery\assets\tankwar\asset47:IF:6-53;products=TankWar_P2|TankWar_P3|TankWar_P4,dependency=aktualisieren|input|manager|player|sound|stream|tank,name tokens=bg|play|sound,no contextual semantic role identified,UNKNOWN,false,audited role is consistent with baseline role
E437,SoundPlayer.playFireSound,METHOD,SoundPlayer,SoundPlayer,,UNKNOWN,UNKNOWN,UNKNOWN,LOW,MEDIUM,name=fire|play|sound,declaring=player|sound,,package=player|sound,incoming=3;outgoing=2;block=C:\Users\JBNU\git\ConstraintsRecovery\assets\tankwar\asset47:IF:6-53;products=TankWar_P2|TankWar_P3|TankWar_P4,dependency=init|input|missile|player|sound|stream,name tokens=fire|play|sound,no contextual semantic role identified,UNKNOWN,false,audited role is consistent with baseline role
E438,SoundPlayer.playExplodeSound,METHOD,SoundPlayer,SoundPlayer,,UNKNOWN,UNKNOWN,UNKNOWN,LOW,MEDIUM,name=explode|play|sound,declaring=player|sound,,package=player|sound,incoming=1;outgoing=2;block=C:\Users\JBNU\git\ConstraintsRecovery\assets\tankwar\asset47:IF:6-53;products=TankWar_P2|TankWar_P3|TankWar_P4,dependency=explodieren|fuer|input|pc|player|sound|stream|tank,name tokens=explode|play|sound,no contextual semantic role identified,UNKNOWN,false,audited role is consistent with baseline role
E439,SoundPlayer.playMoveSound,METHOD,SoundPlayer,SoundPlayer,,UNKNOWN,UNKNOWN,UNKNOWN,LOW,MEDIUM,name=move|play|sound,declaring=player|sound,,package=player|sound,incoming=1;outgoing=2;block=C:\Users\JBNU\git\ConstraintsRecovery\assets\tankwar\asset47:IF:6-53;products=TankWar_P2|TankWar_P3|TankWar_P4,dependency=behandeln|fuer|input|key|pc|player|press|sound|stream|tank,name tokens=move|play|sound,no contextual semantic role identified,UNKNOWN,false,audited role is consistent with baseline role
E440,SoundPlayer.playRogerSound,METHOD,SoundPlayer,SoundPlayer,,UNKNOWN,UNKNOWN,UNKNOWN,LOW,MEDIUM,name=play|roger|sound,declaring=player|sound,,package=player|sound,incoming=1;outgoing=2;block=C:\Users\JBNU\git\ConstraintsRecovery\assets\tankwar\asset47:IF:6-53;products=TankWar_P2|TankWar_P3|TankWar_P4,dependency=behandeln|fuer|input|key|pc|player|press|sound|stream|tank,name tokens=play|roger|sound,no contextual semantic role identified,UNKNOWN,false,audited role is consistent with baseline role
E441,SoundPlayer.playYessirSound,METHOD,SoundPlayer,SoundPlayer,,UNKNOWN,UNKNOWN,UNKNOWN,LOW,MEDIUM,name=play|sound|yessir,declaring=player|sound,,package=player|sound,incoming=1;outgoing=2;block=C:\Users\JBNU\git\ConstraintsRecovery\assets\tankwar\asset47:IF:6-53;products=TankWar_P2|TankWar_P3|TankWar_P4,dependency=behandeln|fuer|input|key|pc|player|press|sound|stream|tank,name tokens=play|sound|yessir,no contextual semantic role identified,UNKNOWN,false,audited role is consistent with baseline role
E442,SoundPlayer.playYeahSound,METHOD,SoundPlayer,SoundPlayer,,UNKNOWN,UNKNOWN,UNKNOWN,LOW,MEDIUM,name=play|sound|yeah,declaring=player|sound,,package=player|sound,incoming=1;outgoing=2;block=C:\Users\JBNU\git\ConstraintsRecovery\assets\tankwar\asset47:IF:6-53;products=TankWar_P2|TankWar_P3|TankWar_P4,dependency=behandeln|fuer|input|key|pc|player|press|sound|stream|tank,name tokens=play|sound|yeah,no contextual semantic role identified,UNKNOWN,false,audited role is consistent with baseline role
E443,SoundPlayer.playEatSound,METHOD,SoundPlayer,SoundPlayer,,UNKNOWN,UNKNOWN,UNKNOWN,LOW,MEDIUM,name=eat|play|sound,declaring=player|sound,,package=player|sound,incoming=1;outgoing=2;block=C:\Users\JBNU\git\ConstraintsRecovery\assets\tankwar\asset47:IF:6-53;products=TankWar_P2|TankWar_P3|TankWar_P4,dependency=behandeln|fuer|input|pc|player|sound|stream|tank|tool,name tokens=eat|play|sound,no contextual semantic role identified,UNKNOWN,false,audited role is consistent with baseline role
E444,SoundPlayer.stopSound,METHOD,SoundPlayer,SoundPlayer,,UNKNOWN,UNKNOWN,UNKNOWN,LOW,MEDIUM,name=sound|stop,declaring=player|sound,,package=player|sound,incoming=3;outgoing=1;block=C:\Users\JBNU\git\ConstraintsRecovery\assets\tankwar\asset47:IF:6-53;products=TankWar_P2|TankWar_P3|TankWar_P4,dependency=aktualisieren|input|manager|player|sound|stream|tank,name tokens=sound|stop,no contextual semantic role identified,UNKNOWN,false,audited role is consistent with baseline role
E445,Tank$$Sound_fuer_pc,CLASS,,,,UNKNOWN,UNKNOWN,UNKNOWN,LOW,LOW,name=fuer|pc|sound|tank,,,,incoming=0;outgoing=0;block=C:\Users\JBNU\git\ConstraintsRecovery\assets\tankwar\asset48:IF:10-11;products=TankWar_P2,,name tokens=fuer|pc|sound|tank,no contextual semantic role identified,UNKNOWN,false,audited role is consistent with baseline role
E446,Tank$$Sound_fuer_pc,CLASS,,,,UNKNOWN,UNKNOWN,UNKNOWN,LOW,LOW,name=fuer|pc|sound|tank,,,,incoming=0;outgoing=1;block=C:\Users\JBNU\git\ConstraintsRecovery\assets\tankwar\asset48:ELIF:12-13;products=TankWar_P3|TankWar_P4,dependency=record|tank,name tokens=fuer|pc|sound|tank,no contextual semantic role identified,UNKNOWN,false,audited role is consistent with baseline role
E447,Tank$$Sound_fuer_pc.Tank$$Sound_fuer_pc,CONSTRUCTOR,Tank$$Sound_fuer_pc,Tank$$Sound_fuer_pc,,UNKNOWN,UNKNOWN,UNKNOWN,LOW,LOW,name=fuer|pc|sound|tank,declaring=fuer|pc|sound|tank,,package=fuer|pc|sound|tank,incoming=0;outgoing=0;block=C:\Users\JBNU\git\ConstraintsRecovery\assets\tankwar\asset48:IF:6-58;products=TankWar_P2|TankWar_P3|TankWar_P4,,name tokens=fuer|pc|sound|tank,no contextual semantic role identified,UNKNOWN,false,audited role is consistent with baseline role
E448,Tank$$Sound_fuer_pc.keyPressBehandeln,METHOD,Tank$$Sound_fuer_pc,Tank$$Sound_fuer_pc,,UNKNOWN,UNKNOWN,UNKNOWN,LOW,MEDIUM,name=behandeln|key|press,declaring=fuer|pc|sound|tank,,package=fuer|pc|sound|tank,incoming=0;outgoing=8;block=C:\Users\JBNU\git\ConstraintsRecovery\assets\tankwar\asset48:IF:6-58;products=TankWar_P2|TankWar_P3|TankWar_P4,dependency=get|instance|move|play|player|roger|sound|yeah|yessir,name tokens=behandeln|key|press,no contextual semantic role identified,UNKNOWN,false,audited role is consistent with baseline role
E449,Tank$$Sound_fuer_pc.explodieren,METHOD,Tank$$Sound_fuer_pc,Tank$$Sound_fuer_pc,,UNKNOWN,UNKNOWN,UNKNOWN,LOW,MEDIUM,name=explodieren,declaring=fuer|pc|sound|tank,,package=fuer|pc|sound|tank,incoming=0;outgoing=2;block=C:\Users\JBNU\git\ConstraintsRecovery\assets\tankwar\asset48:IF:6-58;products=TankWar_P2|TankWar_P3|TankWar_P4,dependency=explode|get|instance|play|player|sound,name tokens=explodieren,no contextual semantic role identified,UNKNOWN,false,audited role is consistent with baseline role
E450,Tank$$Sound_fuer_pc.toolBehandeln,METHOD,Tank$$Sound_fuer_pc,Tank$$Sound_fuer_pc,,UNKNOWN,UNKNOWN,UNKNOWN,LOW,MEDIUM,name=behandeln|tool,declaring=fuer|pc|sound|tank,,package=fuer|pc|sound|tank,incoming=0;outgoing=2;block=C:\Users\JBNU\git\ConstraintsRecovery\assets\tankwar\asset48:IF:6-58;products=TankWar_P2|TankWar_P3|TankWar_P4,dependency=eat|get|instance|play|player|sound,name tokens=behandeln|tool,no contextual semantic role identified,UNKNOWN,false,audited role is consistent with baseline role
E451,ExplodierenEffekt$$explodieren,CLASS,,,,UNKNOWN,UNKNOWN,UNKNOWN,LOW,LOW,name=effekt|explodieren,,,,incoming=1;outgoing=1;block=C:\Users\JBNU\git\ConstraintsRecovery\assets\tankwar\asset49:IF:5-132;products=TankWar_P3|TankWar_P5,dependency=effekt|explodieren|tank|war,name tokens=effekt|explodieren,no contextual semantic role identified,UNKNOWN,false,audited role is consistent with baseline role
E452,ExplodierenEffekt$$explodieren.i,FIELD,ExplodierenEffekt$$explodieren,ExplodierenEffekt$$explodieren,,UNKNOWN,UNKNOWN,UNKNOWN,LOW,MEDIUM,name=i,declaring=effekt|explodieren,,package=effekt|explodieren,incoming=4;outgoing=0;block=C:\Users\JBNU\git\ConstraintsRecovery\assets\tankwar\asset49:IF:5-132;products=TankWar_P3|TankWar_P5,dependency=effekt|explodieren|fill|malen|triangle,name tokens=i,no contextual semantic role identified,UNKNOWN,false,audited role is consistent with baseline role
E453,ExplodierenEffekt$$explodieren.x,FIELD,ExplodierenEffekt$$explodieren,ExplodierenEffekt$$explodieren,,UNKNOWN,UNKNOWN,UNKNOWN,LOW,MEDIUM,name=x,declaring=effekt|explodieren,,package=effekt|explodieren,incoming=20;outgoing=0;block=C:\Users\JBNU\git\ConstraintsRecovery\assets\tankwar\asset49:IF:5-132;products=TankWar_P3|TankWar_P5,dependency=effekt|explodieren|init|malen,name tokens=x,no contextual semantic role identified,UNKNOWN,false,audited role is consistent with baseline role
E454,ExplodierenEffekt$$explodieren.y,FIELD,ExplodierenEffekt$$explodieren,ExplodierenEffekt$$explodieren,,UNKNOWN,UNKNOWN,UNKNOWN,LOW,MEDIUM,name=y,declaring=effekt|explodieren,,package=effekt|explodieren,incoming=20;outgoing=0;block=C:\Users\JBNU\git\ConstraintsRecovery\assets\tankwar\asset49:IF:5-132;products=TankWar_P3|TankWar_P5,dependency=effekt|explodieren|init|malen,name tokens=y,no contextual semantic role identified,UNKNOWN,false,audited role is consistent with baseline role
E455,ExplodierenEffekt$$explodieren.koernigKeit,FIELD,ExplodierenEffekt$$explodieren,ExplodierenEffekt$$explodieren,,UNKNOWN,UNKNOWN,UNKNOWN,LOW,MEDIUM,name=keit|koernig,declaring=effekt|explodieren,,package=effekt|explodieren,incoming=7;outgoing=0;block=C:\Users\JBNU\git\ConstraintsRecovery\assets\tankwar\asset49:IF:5-132;products=TankWar_P3|TankWar_P5,dependency=effekt|explodieren|init,name tokens=keit|koernig,no contextual semantic role identified,UNKNOWN,false,audited role is consistent with baseline role
E456,ExplodierenEffekt$$explodieren.step,FIELD,ExplodierenEffekt$$explodieren,ExplodierenEffekt$$explodieren,,UNKNOWN,UNKNOWN,UNKNOWN,LOW,LOW,name=step,declaring=effekt|explodieren,,package=effekt|explodieren,incoming=0;outgoing=0;block=C:\Users\JBNU\git\ConstraintsRecovery\assets\tankwar\asset49:IF:5-132;products=TankWar_P3|TankWar_P5,,name tokens=step,no contextual semantic role identified,UNKNOWN,false,audited role is consistent with baseline role
E457,ExplodierenEffekt$$explodieren.ExplodierenEffekt$$explodieren,CONSTRUCTOR,ExplodierenEffekt$$explodieren,ExplodierenEffekt$$explodieren,,UNKNOWN,UNKNOWN,UNKNOWN,LOW,LOW,name=effekt|explodieren,declaring=effekt|explodieren,,package=effekt|explodieren,incoming=0;outgoing=0;block=C:\Users\JBNU\git\ConstraintsRecovery\assets\tankwar\asset49:IF:5-132;products=TankWar_P3|TankWar_P5,,name tokens=effekt|explodieren,no contextual semantic role identified,UNKNOWN,false,audited role is consistent with baseline role
E458,ExplodierenEffekt$$explodieren.init,METHOD,ExplodierenEffekt$$explodieren,ExplodierenEffekt$$explodieren,,UNKNOWN,UNKNOWN,UNKNOWN,LOW,MEDIUM,name=init,declaring=effekt|explodieren,,package=effekt|explodieren,incoming=0;outgoing=34;block=C:\Users\JBNU\git\ConstraintsRecovery\assets\tankwar\asset49:IF:5-132;products=TankWar_P3|TankWar_P5,dependency=effekt|explodieren|game|keit|koernig|koordinate|manager|object|screen|tank|war|width|x|y,name tokens=init,no contextual semantic role identified,UNKNOWN,false,audited role is consistent with baseline role
E459,ExplodierenEffekt$$explodieren.malen,METHOD,ExplodierenEffekt$$explodieren,ExplodierenEffekt$$explodieren,,UNKNOWN,UNKNOWN,UNKNOWN,LOW,MEDIUM,name=malen,declaring=effekt|explodieren,,package=effekt|explodieren,incoming=0;outgoing=31;block=C:\Users\JBNU\git\ConstraintsRecovery\assets\tankwar\asset49:IF:5-132;products=TankWar_P3|TankWar_P5,dependency=color|effekt|explodieren|fill|i|maler|pc|set|triangle|x|y,name tokens=malen,no contextual semantic role identified,UNKNOWN,false,audited role is consistent with baseline role
E460,ExplodierenEffekt$$explodieren.fillTriangle,METHOD,ExplodierenEffekt$$explodieren,ExplodierenEffekt$$explodieren,,UNKNOWN,UNKNOWN,UNKNOWN,LOW,MEDIUM,name=fill|triangle,declaring=effekt|explodieren,,package=effekt|explodieren,incoming=8;outgoing=3;block=C:\Users\JBNU\git\ConstraintsRecovery\assets\tankwar\asset49:IF:5-132;products=TankWar_P3|TankWar_P5,dependency=draw|effekt|explodieren|i|line|malen|maler|pc,name tokens=fill|triangle,no contextual semantic role identified,UNKNOWN,false,audited role is consistent with baseline role
E461,ExplodierenEffekt$$explodieren.explodieren,METHOD,ExplodierenEffekt$$explodieren,ExplodierenEffekt$$explodieren,,UNKNOWN,UNKNOWN,UNKNOWN,LOW,MEDIUM,name=explodieren,declaring=effekt|explodieren,,package=effekt|explodieren,incoming=1;outgoing=1;block=C:\Users\JBNU\git\ConstraintsRecovery\assets\tankwar\asset49:IF:5-132;products=TankWar_P3|TankWar_P5,dependency=effekt|exp|explodieren|malen|manager|tank,name tokens=explodieren,no contextual semantic role identified,UNKNOWN,false,audited role is consistent with baseline role
E462,Wall,CLASS,,,,UNKNOWN,UNKNOWN,UNKNOWN,LOW,LOW,name=wall,,,,incoming=0;outgoing=1;block=C:\Users\JBNU\git\ConstraintsRecovery\assets\tankwar\asset5:IF:8-22;products=TankWar_P1|TankWar_P2|TankWar_P3|TankWar_P4|TankWar_P5,dependency=tank|wall|war,name tokens=wall,no contextual semantic role identified,UNKNOWN,false,audited role is consistent with baseline role
E463,Wall.Wall,CONSTRUCTOR,Wall,Wall,,UNKNOWN,UNKNOWN,UNKNOWN,LOW,MEDIUM,name=wall,declaring=wall,,package=wall,incoming=4;outgoing=0;block=C:\Users\JBNU\git\ConstraintsRecovery\assets\tankwar\asset5:IF:8-22;products=TankWar_P1|TankWar_P2|TankWar_P3|TankWar_P4|TankWar_P5,dependency=info|map|read,name tokens=wall,no contextual semantic role identified,UNKNOWN,false,audited role is consistent with baseline role
E464,Wall.malen,METHOD,Wall,Wall,,UNKNOWN,UNKNOWN,UNKNOWN,LOW,MEDIUM,name=malen,declaring=wall,,package=wall,incoming=0;outgoing=4;block=C:\Users\JBNU\git\ConstraintsRecovery\assets\tankwar\asset5:IF:8-22;products=TankWar_P1|TankWar_P2|TankWar_P3|TankWar_P4|TankWar_P5,dependency=draw|fuer|game|image|koordinate|maler|object|pc|type|x|y,name tokens=malen,no contextual semantic role identified,UNKNOWN,false,audited role is consistent with baseline role
E465,TankManager$$Energie,CLASS,,,,UNKNOWN,UNKNOWN,UNKNOWN,LOW,LOW,name=energie|manager|tank,,,,incoming=0;outgoing=0;block=C:\Users\JBNU\git\ConstraintsRecovery\assets\tankwar\asset50:IF:8-10;products=TankWar_P4,,name tokens=energie|manager|tank,no contextual semantic role identified,UNKNOWN,false,audited role is consistent with baseline role
E466,TankManager$$Energie,CLASS,,,,UNKNOWN,UNKNOWN,UNKNOWN,LOW,LOW,name=energie|manager|tank,,,,incoming=0;outgoing=0;block=C:\Users\JBNU\git\ConstraintsRecovery\assets\tankwar\asset50:ELIF:11-12;products=TankWar_P1,,name tokens=energie|manager|tank,no contextual semantic role identified,UNKNOWN,false,audited role is consistent with baseline role
E467,TankManager$$Energie.TankManager$$Energie,CONSTRUCTOR,TankManager$$Energie,TankManager$$Energie,,UNKNOWN,UNKNOWN,UNKNOWN,LOW,LOW,name=energie|manager|tank,declaring=energie|manager|tank,,package=energie|manager|tank,incoming=0;outgoing=0;block=C:\Users\JBNU\git\ConstraintsRecovery\assets\tankwar\asset50:IF:5-21;products=TankWar_P1|TankWar_P4,,name tokens=energie|manager|tank,no contextual semantic role identified,UNKNOWN,false,audited role is consistent with baseline role
E468,TankManager$$Energie.toolsLaden,METHOD,TankManager$$Energie,TankManager$$Energie,,UNKNOWN,UNKNOWN,UNKNOWN,LOW,MEDIUM,name=laden|tools,declaring=energie|manager|tank,,package=energie|manager|tank,incoming=0;outgoing=1;block=C:\Users\JBNU\git\ConstraintsRecovery\assets\tankwar\asset50:IF:5-21;products=TankWar_P1|TankWar_P4,dependency=init|manager|tank|tool|tools,name tokens=laden|tools,no contextual semantic role identified,UNKNOWN,false,audited role is consistent with baseline role
E469,Maler$$USA_M1Abrams,CLASS,,,,UNKNOWN,UNKNOWN,UNKNOWN,LOW,LOW,name=m1abrams|maler|usa,,,,incoming=0;outgoing=0;block=C:\Users\JBNU\git\ConstraintsRecovery\assets\tankwar\asset51:IF:23-24;products=TankWar_P2,,name tokens=m1abrams|maler|usa,no contextual semantic role identified,UNKNOWN,false,audited role is consistent with baseline role
E470,Maler$$USA_M1Abrams,CLASS,,,,UNKNOWN,UNKNOWN,UNKNOWN,LOW,LOW,name=m1abrams|maler|usa,,,,incoming=0;outgoing=1;block=C:\Users\JBNU\git\ConstraintsRecovery\assets\tankwar\asset51:ELIF:25-27;products=TankWar_P1,dependency=fuer|maler|pc|re,name tokens=m1abrams|maler|usa,no contextual semantic role identified,UNKNOWN,false,audited role is consistent with baseline role
E471,Maler$$USA_M1Abrams.Maler$$USA_M1Abrams,CONSTRUCTOR,Maler$$USA_M1Abrams,Maler$$USA_M1Abrams,,UNKNOWN,UNKNOWN,UNKNOWN,LOW,LOW,name=m1abrams|maler|usa,declaring=m1abrams|maler|usa,,package=m1abrams|maler|usa,incoming=0;outgoing=0;block=C:\Users\JBNU\git\ConstraintsRecovery\assets\tankwar\asset51:IF:5-39;products=TankWar_P1|TankWar_P2,,name tokens=m1abrams|maler|usa,no contextual semantic role identified,UNKNOWN,false,audited role is consistent with baseline role
E472,Maler$$USA_M1Abrams.tankErstellen,METHOD,Maler$$USA_M1Abrams,Maler$$USA_M1Abrams,,UNKNOWN,UNKNOWN,UNKNOWN,LOW,MEDIUM,name=erstellen|tank,declaring=m1abrams|maler|usa,,package=m1abrams|maler|usa,incoming=0;outgoing=1;block=C:\Users\JBNU\git\ConstraintsRecovery\assets\tankwar\asset51:IF:5-39;products=TankWar_P1|TankWar_P2,dependency=image|load|maler|pc,name tokens=erstellen|tank,no contextual semantic role identified,UNKNOWN,false,audited role is consistent with baseline role
E473,Tank$$Beschleunigung,CLASS,,,,UNKNOWN,UNKNOWN,UNKNOWN,LOW,LOW,name=beschleunigung|tank,,,,incoming=1;outgoing=1;block=C:\Users\JBNU\git\ConstraintsRecovery\assets\tankwar\asset52:IF:5-39;products=TankWar_P2|TankWar_P3,dependency=einfrieren|tank|tools,name tokens=beschleunigung|tank,no contextual semantic role identified,UNKNOWN,false,audited role is consistent with baseline role
E474,Tank$$Beschleunigung.beschleunigungTimer,FIELD,Tank$$Beschleunigung,Tank$$Beschleunigung,,UNKNOWN,UNKNOWN,UNKNOWN,LOW,MEDIUM,name=beschleunigung|timer,declaring=beschleunigung|tank,,package=beschleunigung|tank,incoming=3;outgoing=0;block=C:\Users\JBNU\git\ConstraintsRecovery\assets\tankwar\asset52:IF:5-39;products=TankWar_P2|TankWar_P3,dependency=behandeln|beschleunigung|kontroller|tank|tool,name tokens=beschleunigung|timer,no contextual semantic role identified,UNKNOWN,false,audited role is consistent with baseline role
E475,Tank$$Beschleunigung.beschleunigung,FIELD,Tank$$Beschleunigung,Tank$$Beschleunigung,,UNKNOWN,UNKNOWN,UNKNOWN,LOW,MEDIUM,name=beschleunigung,declaring=beschleunigung|tank,,package=beschleunigung|tank,incoming=5;outgoing=0;block=C:\Users\JBNU\git\ConstraintsRecovery\assets\tankwar\asset52:IF:5-39;products=TankWar_P2|TankWar_P3,dependency=behandeln|beschleunigung|kontroller|tank|tool,name tokens=beschleunigung,no contextual semantic role identified,UNKNOWN,false,audited role is consistent with baseline role
E476,Tank$$Beschleunigung.Tank$$Beschleunigung,CONSTRUCTOR,Tank$$Beschleunigung,Tank$$Beschleunigung,,UNKNOWN,UNKNOWN,UNKNOWN,LOW,LOW,name=beschleunigung|tank,declaring=beschleunigung|tank,,package=beschleunigung|tank,incoming=0;outgoing=0;block=C:\Users\JBNU\git\ConstraintsRecovery\assets\tankwar\asset52:IF:5-39;products=TankWar_P2|TankWar_P3,,name tokens=beschleunigung|tank,no contextual semantic role identified,UNKNOWN,false,audited role is consistent with baseline role
E477,Tank$$Beschleunigung.toolKontroller,METHOD,Tank$$Beschleunigung,Tank$$Beschleunigung,,UNKNOWN,UNKNOWN,UNKNOWN,LOW,MEDIUM,name=kontroller|tool,declaring=beschleunigung|tank,,package=beschleunigung|tank,incoming=0;outgoing=5;block=C:\Users\JBNU\git\ConstraintsRecovery\assets\tankwar\asset52:IF:5-39;products=TankWar_P2|TankWar_P3,dependency=beschleunigung|tank|timer,name tokens=kontroller|tool,no contextual semantic role identified,UNKNOWN,false,audited role is consistent with baseline role
E478,Tank$$Beschleunigung.toolBehandeln,METHOD,Tank$$Beschleunigung,Tank$$Beschleunigung,,UNKNOWN,UNKNOWN,UNKNOWN,LOW,MEDIUM,name=behandeln|tool,declaring=beschleunigung|tank,,package=beschleunigung|tank,incoming=0;outgoing=3;block=C:\Users\JBNU\git\ConstraintsRecovery\assets\tankwar\asset52:IF:5-39;products=TankWar_P2|TankWar_P3,dependency=beschleunigung|tank|timer,name tokens=behandeln|tool,no contextual semantic role identified,UNKNOWN,false,audited role is consistent with baseline role
E479,Tank$$Energie,CLASS,,,,UNKNOWN,UNKNOWN,UNKNOWN,LOW,LOW,name=energie|tank,,,,incoming=0;outgoing=0;block=C:\Users\JBNU\git\ConstraintsRecovery\assets\tankwar\asset53:IF:8-10;products=TankWar_P4,,name tokens=energie|tank,no contextual semantic role identified,UNKNOWN,false,audited role is consistent with baseline role
E480,Tank$$Energie,CLASS,,,,UNKNOWN,UNKNOWN,UNKNOWN,LOW,LOW,name=energie|tank,,,,incoming=0;outgoing=0;block=C:\Users\JBNU\git\ConstraintsRecovery\assets\tankwar\asset53:ELIF:11-12;products=TankWar_P1,,name tokens=energie|tank,no contextual semantic role identified,UNKNOWN,false,audited role is consistent with baseline role
E481,Tank$$Energie.Tank$$Energie,CONSTRUCTOR,Tank$$Energie,Tank$$Energie,,UNKNOWN,UNKNOWN,UNKNOWN,LOW,LOW,name=energie|tank,declaring=energie|tank,,package=energie|tank,incoming=0;outgoing=0;block=C:\Users\JBNU\git\ConstraintsRecovery\assets\tankwar\asset53:IF:5-25;products=TankWar_P1|TankWar_P4,,name tokens=energie|tank,no contextual semantic role identified,UNKNOWN,false,audited role is consistent with baseline role
E482,Tank$$Energie.toolBehandeln,METHOD,Tank$$Energie,Tank$$Energie,,UNKNOWN,UNKNOWN,UNKNOWN,LOW,MEDIUM,name=behandeln|tool,declaring=energie|tank,,package=energie|tank,incoming=0;outgoing=1;block=C:\Users\JBNU\git\ConstraintsRecovery\assets\tankwar\asset53:IF:5-25;products=TankWar_P1|TankWar_P4,dependency=energie|tank|war,name tokens=behandeln|tool,no contextual semantic role identified,UNKNOWN,false,audited role is consistent with baseline role
E483,TankManager$$explodieren,CLASS,,,,UNKNOWN,UNKNOWN,UNKNOWN,LOW,LOW,name=explodieren|manager|tank,,,,incoming=0;outgoing=0;block=C:\Users\JBNU\git\ConstraintsRecovery\assets\tankwar\asset54:IF:11-12;products=TankWar_P3,,name tokens=explodieren|manager|tank,no contextual semantic role identified,UNKNOWN,false,audited role is consistent with baseline role
E484,TankManager$$explodieren,CLASS,,,,UNKNOWN,UNKNOWN,UNKNOWN,LOW,LOW,name=explodieren|manager|tank,,,,incoming=0;outgoing=0;block=C:\Users\JBNU\git\ConstraintsRecovery\assets\tankwar\asset54:ELIF:13-14;products=TankWar_P5,,name tokens=explodieren|manager|tank,no contextual semantic role identified,UNKNOWN,false,audited role is consistent with baseline role
E485,TankManager$$explodieren.expEffekt,FIELD,TankManager$$explodieren,TankManager$$explodieren,,UNKNOWN,UNKNOWN,UNKNOWN,LOW,MEDIUM,name=effekt|exp,declaring=explodieren|manager|tank,,package=explodieren|manager|tank,incoming=4;outgoing=0;block=C:\Users\JBNU\git\ConstraintsRecovery\assets\tankwar\asset54:IF:5-26;products=TankWar_P3|TankWar_P5,dependency=effekt|explodieren|komponente|malen|manager|missile|tank,name tokens=effekt|exp,no contextual semantic role identified,UNKNOWN,false,audited role is consistent with baseline role
E486,TankManager$$explodieren.TankManager$$explodieren,CONSTRUCTOR,TankManager$$explodieren,TankManager$$explodieren,,UNKNOWN,UNKNOWN,UNKNOWN,LOW,LOW,name=explodieren|manager|tank,declaring=explodieren|manager|tank,,package=explodieren|manager|tank,incoming=0;outgoing=0;block=C:\Users\JBNU\git\ConstraintsRecovery\assets\tankwar\asset54:IF:5-26;products=TankWar_P3|TankWar_P5,,name tokens=explodieren|manager|tank,no contextual semantic role identified,UNKNOWN,false,audited role is consistent with baseline role
E487,TankManager$$explodieren.komponenteMalen,METHOD,TankManager$$explodieren,TankManager$$explodieren,,UNKNOWN,UNKNOWN,UNKNOWN,LOW,MEDIUM,name=komponente|malen,declaring=explodieren|manager|tank,,package=explodieren|manager|tank,incoming=0;outgoing=2;block=C:\Users\JBNU\git\ConstraintsRecovery\assets\tankwar\asset54:IF:5-26;products=TankWar_P3|TankWar_P5,dependency=effekt|exp|explodieren|gruppe|malen|manager|tank|war,name tokens=komponente|malen,no contextual semantic role identified,UNKNOWN,false,audited role is consistent with baseline role
E488,ExplodierenEffekt,CLASS,,,,UNKNOWN,UNKNOWN,UNKNOWN,LOW,LOW,name=effekt|explodieren,,,,incoming=0;outgoing=1;block=C:\Users\JBNU\git\ConstraintsRecovery\assets\tankwar\asset55:IF:5-35;products=TankWar_P3|TankWar_P5,dependency=effekt|explodieren,name tokens=effekt|explodieren,no contextual semantic role identified,UNKNOWN,false,audited role is consistent with baseline role
E489,ExplodierenEffekt.init,FIELD,ExplodierenEffekt,ExplodierenEffekt,,UNKNOWN,UNKNOWN,UNKNOWN,LOW,MEDIUM,name=init,declaring=effekt|explodieren,,package=effekt|explodieren,incoming=2;outgoing=0;block=C:\Users\JBNU\git\ConstraintsRecovery\assets\tankwar\asset55:IF:5-35;products=TankWar_P3|TankWar_P5,dependency=effekt|explodieren|malen,name tokens=init,no contextual semantic role identified,UNKNOWN,false,audited role is consistent with baseline role
E490,ExplodierenEffekt.live,FIELD,ExplodierenEffekt,ExplodierenEffekt,,UNKNOWN,UNKNOWN,UNKNOWN,LOW,MEDIUM,name=live,declaring=effekt|explodieren,,package=effekt|explodieren,incoming=2;outgoing=0;block=C:\Users\JBNU\git\ConstraintsRecovery\assets\tankwar\asset55:IF:5-35;products=TankWar_P3|TankWar_P5,dependency=effekt|explodieren|malen,name tokens=live,no contextual semantic role identified,UNKNOWN,false,audited role is consistent with baseline role
E491,ExplodierenEffekt.step,FIELD,ExplodierenEffekt,ExplodierenEffekt,,UNKNOWN,UNKNOWN,UNKNOWN,LOW,MEDIUM,name=step,declaring=effekt|explodieren,,package=effekt|explodieren,incoming=4;outgoing=0;block=C:\Users\JBNU\git\ConstraintsRecovery\assets\tankwar\asset55:IF:5-35;products=TankWar_P3|TankWar_P5,dependency=effekt|explodieren|malen,name tokens=step,no contextual semantic role identified,UNKNOWN,false,audited role is consistent with baseline role
E492,ExplodierenEffekt.ExplodierenEffekt,CONSTRUCTOR,ExplodierenEffekt,ExplodierenEffekt,,UNKNOWN,UNKNOWN,UNKNOWN,LOW,MEDIUM,name=effekt|explodieren,declaring=effekt|explodieren,,package=effekt|explodieren,incoming=2;outgoing=0;block=C:\Users\JBNU\git\ConstraintsRecovery\assets\tankwar\asset55:IF:5-35;products=TankWar_P3|TankWar_P5,dependency=explodieren|missile|tank,name tokens=effekt|explodieren,no contextual semantic role identified,UNKNOWN,false,audited role is consistent with baseline role
E493,ExplodierenEffekt.malen,METHOD,ExplodierenEffekt,ExplodierenEffekt,,UNKNOWN,UNKNOWN,UNKNOWN,LOW,MEDIUM,name=malen,declaring=effekt|explodieren,,package=effekt|explodieren,incoming=0;outgoing=12;block=C:\Users\JBNU\git\ConstraintsRecovery\assets\tankwar\asset55:IF:5-35;products=TankWar_P3|TankWar_P5,dependency=draw|effekt|explodieren|fuer|image|init|koernigkeit2|live|maler|manager|pc|step|tank|war,name tokens=malen,no contextual semantic role identified,UNKNOWN,false,audited role is consistent with baseline role
E494,Maler$$Beschleunigung,CLASS,,,,UNKNOWN,UNKNOWN,UNKNOWN,LOW,LOW,name=beschleunigung|maler,,,,incoming=2;outgoing=1;block=C:\Users\JBNU\git\ConstraintsRecovery\assets\tankwar\asset56:IF:5-34;products=TankWar_P2|TankWar_P3,dependency=einfrieren|maler|pc,name tokens=beschleunigung|maler,no contextual semantic role identified,UNKNOWN,false,audited role is consistent with baseline role
E495,Maler$$Beschleunigung.Maler$$Beschleunigung,CONSTRUCTOR,Maler$$Beschleunigung,Maler$$Beschleunigung,,UNKNOWN,UNKNOWN,UNKNOWN,LOW,LOW,name=beschleunigung|maler,declaring=beschleunigung|maler,,package=beschleunigung|maler,incoming=0;outgoing=0;block=C:\Users\JBNU\git\ConstraintsRecovery\assets\tankwar\asset56:IF:5-34;products=TankWar_P2|TankWar_P3,,name tokens=beschleunigung|maler,no contextual semantic role identified,UNKNOWN,false,audited role is consistent with baseline role
E496,Maler$$Beschleunigung.helpItemErstellen,METHOD,Maler$$Beschleunigung,Maler$$Beschleunigung,,UNKNOWN,UNKNOWN,UNKNOWN,LOW,MEDIUM,name=erstellen|help|item,declaring=beschleunigung|maler,,package=beschleunigung|maler,incoming=0;outgoing=1;block=C:\Users\JBNU\git\ConstraintsRecovery\assets\tankwar\asset56:IF:5-34;products=TankWar_P2|TankWar_P3,dependency=image|load|maler|pc,name tokens=erstellen|help|item,no contextual semantic role identified,UNKNOWN,false,audited role is consistent with baseline role
E497,Tool$$Energie,CLASS,,,,UNKNOWN,UNKNOWN,UNKNOWN,LOW,LOW,name=energie|tool,,,,incoming=0;outgoing=0;block=C:\Users\JBNU\git\ConstraintsRecovery\assets\tankwar\asset57:IF:6-7;products=TankWar_P1,,name tokens=energie|tool,no contextual semantic role identified,UNKNOWN,false,audited role is consistent with baseline role
E498,Tool$$Energie,CLASS,,,,UNKNOWN,UNKNOWN,UNKNOWN,LOW,LOW,name=energie|tool,,,,incoming=0;outgoing=0;block=C:\Users\JBNU\git\ConstraintsRecovery\assets\tankwar\asset57:ELIF:8-9;products=TankWar_P4,,name tokens=energie|tool,no contextual semantic role identified,UNKNOWN,false,audited role is consistent with baseline role
E499,Tool$$Energie.Tool$$Energie,CONSTRUCTOR,Tool$$Energie,Tool$$Energie,,UNKNOWN,UNKNOWN,UNKNOWN,LOW,LOW,name=energie|tool,declaring=energie|tool,,package=energie|tool,incoming=0;outgoing=0;block=C:\Users\JBNU\git\ConstraintsRecovery\assets\tankwar\asset57:IF:5-22;products=TankWar_P1|TankWar_P4,,name tokens=energie|tool,no contextual semantic role identified,UNKNOWN,false,audited role is consistent with baseline role
E500,Tool$$Energie.init,METHOD,Tool$$Energie,Tool$$Energie,,UNKNOWN,UNKNOWN,UNKNOWN,LOW,MEDIUM,name=init,declaring=energie|tool,,package=energie|tool,incoming=0;outgoing=2;block=C:\Users\JBNU\git\ConstraintsRecovery\assets\tankwar\asset57:IF:5-22;products=TankWar_P1|TankWar_P4,dependency=koernigkeit|koernigkeit2|manager|tank|war,name tokens=init,no contextual semantic role identified,UNKNOWN,false,audited role is consistent with baseline role
E501,Tank$$explodieren,CLASS,,,,UNKNOWN,UNKNOWN,UNKNOWN,LOW,LOW,name=explodieren|tank,,,,incoming=0;outgoing=0;block=C:\Users\JBNU\git\ConstraintsRecovery\assets\tankwar\asset58:IF:8-10;products=TankWar_P3,,name tokens=explodieren|tank,no contextual semantic role identified,UNKNOWN,false,audited role is consistent with baseline role
E502,Tank$$explodieren,CLASS,,,,UNKNOWN,UNKNOWN,UNKNOWN,LOW,LOW,name=explodieren|tank,,,,incoming=0;outgoing=0;block=C:\Users\JBNU\git\ConstraintsRecovery\assets\tankwar\asset58:ELIF:11-12;products=TankWar_P5,,name tokens=explodieren|tank,no contextual semantic role identified,UNKNOWN,false,audited role is consistent with baseline role
E503,Tank$$explodieren.Tank$$explodieren,CONSTRUCTOR,Tank$$explodieren,Tank$$explodieren,,UNKNOWN,UNKNOWN,UNKNOWN,LOW,LOW,name=explodieren|tank,declaring=explodieren|tank,,package=explodieren|tank,incoming=0;outgoing=0;block=C:\Users\JBNU\git\ConstraintsRecovery\assets\tankwar\asset58:IF:5-21;products=TankWar_P3|TankWar_P5,,name tokens=explodieren|tank,no contextual semantic role identified,UNKNOWN,false,audited role is consistent with baseline role
E504,Tank$$explodieren.explodieren,METHOD,Tank$$explodieren,Tank$$explodieren,,UNKNOWN,UNKNOWN,UNKNOWN,LOW,MEDIUM,name=explodieren,declaring=explodieren|tank,,package=explodieren|tank,incoming=0;outgoing=2;block=C:\Users\JBNU\git\ConstraintsRecovery\assets\tankwar\asset58:IF:5-21;products=TankWar_P3|TankWar_P5,dependency=effekt|exp|explodieren|manager|tank,name tokens=explodieren,no contextual semantic role identified,UNKNOWN,false,audited role is consistent with baseline role
E505,TankManager$$Beschleunigung,CLASS,,,,UNKNOWN,UNKNOWN,UNKNOWN,LOW,LOW,name=beschleunigung|manager|tank,,,,incoming=2;outgoing=1;block=C:\Users\JBNU\git\ConstraintsRecovery\assets\tankwar\asset59:IF:5-22;products=TankWar_P2|TankWar_P3,dependency=einfrieren|manager|tank|tools,name tokens=beschleunigung|manager|tank,no contextual semantic role identified,UNKNOWN,false,audited role is consistent with baseline role
E506,TankManager$$Beschleunigung.TankManager$$Beschleunigung,CONSTRUCTOR,TankManager$$Beschleunigung,TankManager$$Beschleunigung,,UNKNOWN,UNKNOWN,UNKNOWN,LOW,LOW,name=beschleunigung|manager|tank,declaring=beschleunigung|manager|tank,,package=beschleunigung|manager|tank,incoming=0;outgoing=0;block=C:\Users\JBNU\git\ConstraintsRecovery\assets\tankwar\asset59:IF:5-22;products=TankWar_P2|TankWar_P3,,name tokens=beschleunigung|manager|tank,no contextual semantic role identified,UNKNOWN,false,audited role is consistent with baseline role
E507,TankManager$$Beschleunigung.toolsLaden,METHOD,TankManager$$Beschleunigung,TankManager$$Beschleunigung,,UNKNOWN,UNKNOWN,UNKNOWN,LOW,MEDIUM,name=laden|tools,declaring=beschleunigung|manager|tank,,package=beschleunigung|manager|tank,incoming=0;outgoing=1;block=C:\Users\JBNU\git\ConstraintsRecovery\assets\tankwar\asset59:IF:5-22;products=TankWar_P2|TankWar_P3,dependency=init|manager|tank|tool|tools,name tokens=laden|tools,no contextual semantic role identified,UNKNOWN,false,audited role is consistent with baseline role
E508,Maler,CLASS,,,,UNKNOWN,UNKNOWN,UNKNOWN,LOW,LOW,name=maler,,,,incoming=0;outgoing=0;block=C:\Users\JBNU\git\ConstraintsRecovery\assets\tankwar\asset6:IF:26-28;products=TankWar_P3,,name tokens=maler,no contextual semantic role identified,UNKNOWN,false,audited role is consistent with baseline role
E509,Maler,CLASS,,,,UNKNOWN,UNKNOWN,UNKNOWN,LOW,LOW,name=maler,,,,incoming=0;outgoing=0;block=C:\Users\JBNU\git\ConstraintsRecovery\assets\tankwar\asset6:ELIF:29-31;products=TankWar_P1,,name tokens=maler,no contextual semantic role identified,UNKNOWN,false,audited role is consistent with baseline role
E510,Maler,CLASS,,,,UNKNOWN,UNKNOWN,UNKNOWN,LOW,LOW,name=maler,,,,incoming=0;outgoing=0;block=C:\Users\JBNU\git\ConstraintsRecovery\assets\tankwar\asset6:ELIF:32-33;products=TankWar_P2,,name tokens=maler,no contextual semantic role identified,UNKNOWN,false,audited role is consistent with baseline role
E511,Maler,CLASS,,,,UNKNOWN,UNKNOWN,UNKNOWN,LOW,LOW,name=maler,,,,incoming=0;outgoing=1;block=C:\Users\JBNU\git\ConstraintsRecovery\assets\tankwar\asset6:ELIF:34-36;products=TankWar_P4|TankWar_P5,dependency=fuer|maler|pc|re,name tokens=maler,no contextual semantic role identified,UNKNOWN,false,audited role is consistent with baseline role
E512,Maler.Maler,CONSTRUCTOR,Maler,Maler,,UNKNOWN,UNKNOWN,UNKNOWN,LOW,MEDIUM,name=maler,declaring=maler,,package=maler,incoming=4;outgoing=0;block=C:\Users\JBNU\git\ConstraintsRecovery\assets\tankwar\asset6:IF:8-52;products=TankWar_P1|TankWar_P2|TankWar_P3|TankWar_P4|TankWar_P5,dependency=init|main|manager|tank|war,name tokens=maler,no contextual semantic role identified,UNKNOWN,false,audited role is consistent with baseline role
E513,Maler.tankErstellen,METHOD,Maler,Maler,,UNKNOWN,UNKNOWN,UNKNOWN,LOW,MEDIUM,name=erstellen|tank,declaring=maler,,package=maler,incoming=0;outgoing=2;block=C:\Users\JBNU\git\ConstraintsRecovery\assets\tankwar\asset6:IF:8-52;products=TankWar_P1|TankWar_P2|TankWar_P3|TankWar_P4|TankWar_P5,dependency=image|load|maler|pc,name tokens=erstellen|tank,no contextual semantic role identified,UNKNOWN,false,audited role is consistent with baseline role
E514,Tool$$Beschleunigung,CLASS,,,,UNKNOWN,UNKNOWN,UNKNOWN,LOW,LOW,name=beschleunigung|tool,,,,incoming=1;outgoing=1;block=C:\Users\JBNU\git\ConstraintsRecovery\assets\tankwar\asset60:IF:5-18;products=TankWar_P2|TankWar_P3,dependency=einfrieren|tool|tools,name tokens=beschleunigung|tool,no contextual semantic role identified,UNKNOWN,false,audited role is consistent with baseline role
E515,Tool$$Beschleunigung.Tool$$Beschleunigung,CONSTRUCTOR,Tool$$Beschleunigung,Tool$$Beschleunigung,,UNKNOWN,UNKNOWN,UNKNOWN,LOW,LOW,name=beschleunigung|tool,declaring=beschleunigung|tool,,package=beschleunigung|tool,incoming=0;outgoing=0;block=C:\Users\JBNU\git\ConstraintsRecovery\assets\tankwar\asset60:IF:5-18;products=TankWar_P2|TankWar_P3,,name tokens=beschleunigung|tool,no contextual semantic role identified,UNKNOWN,false,audited role is consistent with baseline role
E516,Tool$$Beschleunigung.init,METHOD,Tool$$Beschleunigung,Tool$$Beschleunigung,,UNKNOWN,UNKNOWN,UNKNOWN,LOW,MEDIUM,name=init,declaring=beschleunigung|tool,,package=beschleunigung|tool,incoming=0;outgoing=2;block=C:\Users\JBNU\git\ConstraintsRecovery\assets\tankwar\asset60:IF:5-18;products=TankWar_P2|TankWar_P3,dependency=koernigkeit|koernigkeit2|manager|tank|war,name tokens=init,no contextual semantic role identified,UNKNOWN,false,audited role is consistent with baseline role
E517,Maler$$Germany_Leopard,CLASS,,,,UNKNOWN,UNKNOWN,UNKNOWN,LOW,LOW,name=germany|leopard|maler,,,,incoming=0;outgoing=1;block=C:\Users\JBNU\git\ConstraintsRecovery\assets\tankwar\asset61:IF:23-25;products=TankWar_P3,dependency=fuer|maler|pc|re,name tokens=germany|leopard|maler,no contextual semantic role identified,UNKNOWN,false,audited role is consistent with baseline role
E518,Maler$$Germany_Leopard,CLASS,,,,UNKNOWN,UNKNOWN,UNKNOWN,LOW,LOW,name=germany|leopard|maler,,,,incoming=0;outgoing=0;block=C:\Users\JBNU\git\ConstraintsRecovery\assets\tankwar\asset61:ELIF:26-27;products=TankWar_P2,,name tokens=germany|leopard|maler,no contextual semantic role identified,UNKNOWN,false,audited role is consistent with baseline role
E519,Maler$$Germany_Leopard.Maler$$Germany_Leopard,CONSTRUCTOR,Maler$$Germany_Leopard,Maler$$Germany_Leopard,,UNKNOWN,UNKNOWN,UNKNOWN,LOW,LOW,name=germany|leopard|maler,declaring=germany|leopard|maler,,package=germany|leopard|maler,incoming=0;outgoing=0;block=C:\Users\JBNU\git\ConstraintsRecovery\assets\tankwar\asset61:IF:5-39;products=TankWar_P2|TankWar_P3,,name tokens=germany|leopard|maler,no contextual semantic role identified,UNKNOWN,false,audited role is consistent with baseline role
E520,Maler$$Germany_Leopard.tankErstellen,METHOD,Maler$$Germany_Leopard,Maler$$Germany_Leopard,,UNKNOWN,UNKNOWN,UNKNOWN,LOW,MEDIUM,name=erstellen|tank,declaring=germany|leopard|maler,,package=germany|leopard|maler,incoming=0;outgoing=1;block=C:\Users\JBNU\git\ConstraintsRecovery\assets\tankwar\asset61:IF:5-39;products=TankWar_P2|TankWar_P3,dependency=image|load|maler|pc,name tokens=erstellen|tank,no contextual semantic role identified,UNKNOWN,false,audited role is consistent with baseline role
E521,Maler$$Energie,CLASS,,,,UNKNOWN,UNKNOWN,UNKNOWN,LOW,LOW,name=energie|maler,,,,incoming=0;outgoing=0;block=C:\Users\JBNU\git\ConstraintsRecovery\assets\tankwar\asset62:IF:24-25;products=TankWar_P1,,name tokens=energie|maler,no contextual semantic role identified,UNKNOWN,false,audited role is consistent with baseline role
E522,Maler$$Energie,CLASS,,,,UNKNOWN,UNKNOWN,UNKNOWN,LOW,LOW,name=energie|maler,,,,incoming=0;outgoing=0;block=C:\Users\JBNU\git\ConstraintsRecovery\assets\tankwar\asset62:ELIF:26-27;products=TankWar_P4,,name tokens=energie|maler,no contextual semantic role identified,UNKNOWN,false,audited role is consistent with baseline role
E523,Maler$$Energie.Maler$$Energie,CONSTRUCTOR,Maler$$Energie,Maler$$Energie,,UNKNOWN,UNKNOWN,UNKNOWN,LOW,LOW,name=energie|maler,declaring=energie|maler,,package=energie|maler,incoming=0;outgoing=0;block=C:\Users\JBNU\git\ConstraintsRecovery\assets\tankwar\asset62:IF:5-36;products=TankWar_P1|TankWar_P4,,name tokens=energie|maler,no contextual semantic role identified,UNKNOWN,false,audited role is consistent with baseline role
E524,Maler$$Energie.helpItemErstellen,METHOD,Maler$$Energie,Maler$$Energie,,UNKNOWN,UNKNOWN,UNKNOWN,LOW,MEDIUM,name=erstellen|help|item,declaring=energie|maler,,package=energie|maler,incoming=0;outgoing=1;block=C:\Users\JBNU\git\ConstraintsRecovery\assets\tankwar\asset62:IF:5-36;products=TankWar_P1|TankWar_P4,dependency=image|load|maler|pc,name tokens=erstellen|help|item,no contextual semantic role identified,UNKNOWN,false,audited role is consistent with baseline role
E525,ExplodierenEffekt$$TankWar,CLASS,,,,UNKNOWN,UNKNOWN,UNKNOWN,LOW,LOW,name=effekt|explodieren|tank|war,,,,incoming=1;outgoing=1;block=C:\Users\JBNU\git\ConstraintsRecovery\assets\tankwar\asset63:IF:5-7;products=TankWar_P3|TankWar_P5,dependency=effekt|explodieren|game|object,name tokens=effekt|explodieren|tank|war,no contextual semantic role identified,UNKNOWN,false,audited role is consistent with baseline role
E526,Missile$$explodieren,CLASS,,,,UNKNOWN,UNKNOWN,UNKNOWN,LOW,LOW,name=explodieren|missile,,,,incoming=2;outgoing=1;block=C:\Users\JBNU\git\ConstraintsRecovery\assets\tankwar\asset64:IF:5-17;products=TankWar_P3|TankWar_P5,dependency=image|missile|tank|war,name tokens=explodieren|missile,no contextual semantic role identified,UNKNOWN,false,audited role is consistent with baseline role
E527,Missile$$explodieren.Missile$$explodieren,CONSTRUCTOR,Missile$$explodieren,Missile$$explodieren,,UNKNOWN,UNKNOWN,UNKNOWN,LOW,LOW,name=explodieren|missile,declaring=explodieren|missile,,package=explodieren|missile,incoming=0;outgoing=0;block=C:\Users\JBNU\git\ConstraintsRecovery\assets\tankwar\asset64:IF:5-17;products=TankWar_P3|TankWar_P5,,name tokens=explodieren|missile,no contextual semantic role identified,UNKNOWN,false,audited role is consistent with baseline role
E528,Missile$$explodieren.explodieren,METHOD,Missile$$explodieren,Missile$$explodieren,,UNKNOWN,UNKNOWN,UNKNOWN,LOW,MEDIUM,name=explodieren,declaring=explodieren|missile,,package=explodieren|missile,incoming=0;outgoing=2;block=C:\Users\JBNU\git\ConstraintsRecovery\assets\tankwar\asset64:IF:5-17;products=TankWar_P3|TankWar_P5,dependency=effekt|exp|explodieren|manager|tank,name tokens=explodieren,no contextual semantic role identified,UNKNOWN,false,audited role is consistent with baseline role
E529,Tank,CLASS,,,,UNKNOWN,UNKNOWN,UNKNOWN,LOW,LOW,name=tank,,,,incoming=0;outgoing=0;block=C:\Users\JBNU\git\ConstraintsRecovery\assets\tankwar\asset65:IF:4-59;products=TankWar_P3,,name tokens=tank,no contextual semantic role identified,UNKNOWN,false,audited role is consistent with baseline role
E530,Tank.Tank,CONSTRUCTOR,Tank,Tank,,UNKNOWN,UNKNOWN,UNKNOWN,LOW,LOW,name=tank,declaring=tank,,package=tank,incoming=0;outgoing=0;block=C:\Users\JBNU\git\ConstraintsRecovery\assets\tankwar\asset65:IF:4-59;products=TankWar_P3,,name tokens=tank,no contextual semantic role identified,UNKNOWN,false,audited role is consistent with baseline role
E531,Tank.tankFeindKI,METHOD,Tank,Tank,,UNKNOWN,UNKNOWN,UNKNOWN,LOW,MEDIUM,name=feind|ki|tank,declaring=tank,,package=tank,incoming=0;outgoing=6;block=C:\Users\JBNU\git\ConstraintsRecovery\assets\tankwar\asset65:IF:4-59;products=TankWar_P3,dependency=feuern|game|koordinate|manager|object|tank|tank1|war|x|y,name tokens=feind|ki|tank,no contextual semantic role identified,UNKNOWN,false,audited role is consistent with baseline role
E532,Maler$$M_240,CLASS,,,,UNKNOWN,UNKNOWN,UNKNOWN,LOW,LOW,name=240|m|maler,,,,incoming=1;outgoing=0;block=C:\Users\JBNU\git\ConstraintsRecovery\assets\tankwar\asset66:IF:4-31;products=TankWar_P3,dependency=fuer|maler|pc,name tokens=240|m|maler,no contextual semantic role identified,UNKNOWN,false,audited role is consistent with baseline role
E533,Maler$$M_240.Maler$$M_240,CONSTRUCTOR,Maler$$M_240,Maler$$M_240,,UNKNOWN,UNKNOWN,UNKNOWN,LOW,LOW,name=240|m|maler,declaring=240|m|maler,,package=240|m|maler,incoming=0;outgoing=0;block=C:\Users\JBNU\git\ConstraintsRecovery\assets\tankwar\asset66:IF:4-31;products=TankWar_P3,,name tokens=240|m|maler,no contextual semantic role identified,UNKNOWN,false,audited role is consistent with baseline role
E534,Maler$$M_240.gamesize,METHOD,Maler$$M_240,Maler$$M_240,,UNKNOWN,UNKNOWN,UNKNOWN,LOW,LOW,name=gamesize,declaring=240|m|maler,,package=240|m|maler,incoming=0;outgoing=0;block=C:\Users\JBNU\git\ConstraintsRecovery\assets\tankwar\asset66:IF:4-31;products=TankWar_P3,,name tokens=gamesize,no contextual semantic role identified,UNKNOWN,false,audited role is consistent with baseline role
E535,Sprach,CLASS,,,,UNKNOWN,UNKNOWN,UNKNOWN,LOW,LOW,name=sprach,,,,incoming=0;outgoing=0;block=C:\Users\JBNU\git\ConstraintsRecovery\assets\tankwar\asset67:IF:4-23;products=TankWar_P4,,name tokens=sprach,no contextual semantic role identified,UNKNOWN,false,audited role is consistent with baseline role
E536,Sprach.START,FIELD,Sprach,Sprach,,UNKNOWN,UNKNOWN,UNKNOWN,LOW,LOW,name=start,declaring=sprach,,package=sprach,incoming=0;outgoing=0;block=C:\Users\JBNU\git\ConstraintsRecovery\assets\tankwar\asset67:IF:4-23;products=TankWar_P4,,name tokens=start,no contextual semantic role identified,UNKNOWN,false,audited role is consistent with baseline role
E537,Sprach.HELP,FIELD,Sprach,Sprach,,UNKNOWN,UNKNOWN,UNKNOWN,LOW,LOW,name=help,declaring=sprach,,package=sprach,incoming=0;outgoing=0;block=C:\Users\JBNU\git\ConstraintsRecovery\assets\tankwar\asset67:IF:4-23;products=TankWar_P4,,name tokens=help,no contextual semantic role identified,UNKNOWN,false,audited role is consistent with baseline role
E538,Sprach.HelpItem,FIELD,Sprach,Sprach,,UNKNOWN,UNKNOWN,UNKNOWN,LOW,LOW,name=help|item,declaring=sprach,,package=sprach,incoming=0;outgoing=0;block=C:\Users\JBNU\git\ConstraintsRecovery\assets\tankwar\asset67:IF:4-23;products=TankWar_P4,,name tokens=help|item,no contextual semantic role identified,UNKNOWN,false,audited role is consistent with baseline role
E539,Sprach.EXIT,FIELD,Sprach,Sprach,,UNKNOWN,UNKNOWN,UNKNOWN,LOW,LOW,name=exit,declaring=sprach,,package=sprach,incoming=0;outgoing=0;block=C:\Users\JBNU\git\ConstraintsRecovery\assets\tankwar\asset67:IF:4-23;products=TankWar_P4,,name tokens=exit,no contextual semantic role identified,UNKNOWN,false,audited role is consistent with baseline role
E540,Sprach.LIAN_WANG,FIELD,Sprach,Sprach,,UNKNOWN,UNKNOWN,UNKNOWN,LOW,LOW,name=lian|wang,declaring=sprach,,package=sprach,incoming=0;outgoing=0;block=C:\Users\JBNU\git\ConstraintsRecovery\assets\tankwar\asset67:IF:4-23;products=TankWar_P4,,name tokens=lian|wang,no contextual semantic role identified,UNKNOWN,false,audited role is consistent with baseline role
E541,Sprach.RESUME,FIELD,Sprach,Sprach,,UNKNOWN,UNKNOWN,UNKNOWN,LOW,LOW,name=resume,declaring=sprach,,package=sprach,incoming=0;outgoing=0;block=C:\Users\JBNU\git\ConstraintsRecovery\assets\tankwar\asset67:IF:4-23;products=TankWar_P4,,name tokens=resume,no contextual semantic role identified,UNKNOWN,false,audited role is consistent with baseline role
E542,Sprach.NOTE,FIELD,Sprach,Sprach,,UNKNOWN,UNKNOWN,UNKNOWN,LOW,LOW,name=note,declaring=sprach,,package=sprach,incoming=0;outgoing=0;block=C:\Users\JBNU\git\ConstraintsRecovery\assets\tankwar\asset67:IF:4-23;products=TankWar_P4,,name tokens=note,no contextual semantic role identified,UNKNOWN,false,audited role is consistent with baseline role
E543,Sprach.MAIN_MENU,FIELD,Sprach,Sprach,,UNKNOWN,ORCHESTRATION,UNKNOWN,LOW,LOW,name=main|menu,declaring=sprach,,package=sprach,incoming=0;outgoing=0;block=C:\Users\JBNU\git\ConstraintsRecovery\assets\tankwar\asset67:IF:4-23;products=TankWar_P4,,name tokens=main|menu,no contextual semantic role identified,APPLICATION_ORCHESTRATION,true,"audited role separates semantic, architectural, and relevance dimensions"
E544,Sprach.PAUSE,FIELD,Sprach,Sprach,,UNKNOWN,UNKNOWN,UNKNOWN,LOW,LOW,name=pause,declaring=sprach,,package=sprach,incoming=0;outgoing=0;block=C:\Users\JBNU\git\ConstraintsRecovery\assets\tankwar\asset67:IF:4-23;products=TankWar_P4,,name tokens=pause,no contextual semantic role identified,UNKNOWN,false,audited role is consistent with baseline role
E545,Sprach.HNOTE,FIELD,Sprach,Sprach,,UNKNOWN,UNKNOWN,UNKNOWN,LOW,LOW,name=hnote,declaring=sprach,,package=sprach,incoming=0;outgoing=0;block=C:\Users\JBNU\git\ConstraintsRecovery\assets\tankwar\asset67:IF:4-23;products=TankWar_P4,,name tokens=hnote,no contextual semantic role identified,UNKNOWN,false,audited role is consistent with baseline role
E546,Sprach.Name,FIELD,Sprach,Sprach,,UNKNOWN,UNKNOWN,UNKNOWN,LOW,LOW,name=name,declaring=sprach,,package=sprach,incoming=0;outgoing=0;block=C:\Users\JBNU\git\ConstraintsRecovery\assets\tankwar\asset67:IF:4-23;products=TankWar_P4,,name tokens=name,no contextual semantic role identified,UNKNOWN,false,audited role is consistent with baseline role
E547,Sprach.LOSE,FIELD,Sprach,Sprach,,UNKNOWN,UNKNOWN,UNKNOWN,LOW,LOW,name=lose,declaring=sprach,,package=sprach,incoming=0;outgoing=0;block=C:\Users\JBNU\git\ConstraintsRecovery\assets\tankwar\asset67:IF:4-23;products=TankWar_P4,,name tokens=lose,no contextual semantic role identified,UNKNOWN,false,audited role is consistent with baseline role
E548,Sprach.LEVEL,FIELD,Sprach,Sprach,,UNKNOWN,UNKNOWN,UNKNOWN,LOW,LOW,name=level,declaring=sprach,,package=sprach,incoming=0;outgoing=0;block=C:\Users\JBNU\git\ConstraintsRecovery\assets\tankwar\asset67:IF:4-23;products=TankWar_P4,,name tokens=level,no contextual semantic role identified,UNKNOWN,false,audited role is consistent with baseline role
E549,Sprach.WIN,FIELD,Sprach,Sprach,,UNKNOWN,UNKNOWN,UNKNOWN,LOW,LOW,name=win,declaring=sprach,,package=sprach,incoming=0;outgoing=0;block=C:\Users\JBNU\git\ConstraintsRecovery\assets\tankwar\asset67:IF:4-23;products=TankWar_P4,,name tokens=win,no contextual semantic role identified,UNKNOWN,false,audited role is consistent with baseline role
E550,Sprach.TANKA,FIELD,Sprach,Sprach,,UNKNOWN,UNKNOWN,UNKNOWN,LOW,LOW,name=tanka,declaring=sprach,,package=sprach,incoming=0;outgoing=0;block=C:\Users\JBNU\git\ConstraintsRecovery\assets\tankwar\asset67:IF:4-23;products=TankWar_P4,,name tokens=tanka,no contextual semantic role identified,UNKNOWN,false,audited role is consistent with baseline role
E551,Sprach.TANKB,FIELD,Sprach,Sprach,,UNKNOWN,UNKNOWN,UNKNOWN,LOW,LOW,name=tankb,declaring=sprach,,package=sprach,incoming=0;outgoing=0;block=C:\Users\JBNU\git\ConstraintsRecovery\assets\tankwar\asset67:IF:4-23;products=TankWar_P4,,name tokens=tankb,no contextual semantic role identified,UNKNOWN,false,audited role is consistent with baseline role
E552,Sprach.TANKC,FIELD,Sprach,Sprach,,UNKNOWN,UNKNOWN,UNKNOWN,LOW,LOW,name=tankc,declaring=sprach,,package=sprach,incoming=0;outgoing=0;block=C:\Users\JBNU\git\ConstraintsRecovery\assets\tankwar\asset67:IF:4-23;products=TankWar_P4,,name tokens=tankc,no contextual semantic role identified,UNKNOWN,false,audited role is consistent with baseline role
E553,Missile,CLASS,,,,UNKNOWN,UNKNOWN,UNKNOWN,LOW,LOW,name=missile,,,,incoming=0;outgoing=0;block=C:\Users\JBNU\git\ConstraintsRecovery\assets\tankwar\asset68:IF:4-20;products=TankWar_P4,,name tokens=missile,no contextual semantic role identified,UNKNOWN,false,audited role is consistent with baseline role
E554,Missile.Missile,CONSTRUCTOR,Missile,Missile,,UNKNOWN,UNKNOWN,UNKNOWN,LOW,LOW,name=missile,declaring=missile,,package=missile,incoming=0;outgoing=0;block=C:\Users\JBNU\git\ConstraintsRecovery\assets\tankwar\asset68:IF:4-20;products=TankWar_P4,,name tokens=missile,no contextual semantic role identified,UNKNOWN,false,audited role is consistent with baseline role
E555,Missile.init,METHOD,Missile,Missile,,UNKNOWN,UNKNOWN,UNKNOWN,LOW,MEDIUM,name=init,declaring=missile,,package=missile,incoming=0;outgoing=2;block=C:\Users\JBNU\git\ConstraintsRecovery\assets\tankwar\asset68:IF:4-20;products=TankWar_P4,dependency=fire|get|instance|play|player|sound,name tokens=init,no contextual semantic role identified,UNKNOWN,false,audited role is consistent with baseline role
E556,Tank,CLASS,,,,UNKNOWN,UNKNOWN,UNKNOWN,LOW,LOW,name=tank,,,,incoming=0;outgoing=0;block=C:\Users\JBNU\git\ConstraintsRecovery\assets\tankwar\asset69:IF:4-59;products=TankWar_P4,,name tokens=tank,no contextual semantic role identified,UNKNOWN,false,audited role is consistent with baseline role
E557,Tank.Tank,CONSTRUCTOR,Tank,Tank,,UNKNOWN,UNKNOWN,UNKNOWN,LOW,LOW,name=tank,declaring=tank,,package=tank,incoming=0;outgoing=0;block=C:\Users\JBNU\git\ConstraintsRecovery\assets\tankwar\asset69:IF:4-59;products=TankWar_P4,,name tokens=tank,no contextual semantic role identified,UNKNOWN,false,audited role is consistent with baseline role
E558,Tank.tankFeindKI,METHOD,Tank,Tank,,UNKNOWN,UNKNOWN,UNKNOWN,LOW,MEDIUM,name=feind|ki|tank,declaring=tank,,package=tank,incoming=0;outgoing=6;block=C:\Users\JBNU\git\ConstraintsRecovery\assets\tankwar\asset69:IF:4-59;products=TankWar_P4,dependency=feuern|game|koordinate|manager|object|tank|tank1|war|x|y,name tokens=feind|ki|tank,no contextual semantic role identified,UNKNOWN,false,audited role is consistent with baseline role
E559,Wall$$TankWar,CLASS,,,,UNKNOWN,UNKNOWN,UNKNOWN,LOW,LOW,name=tank|wall|war,,,,incoming=1;outgoing=1;block=C:\Users\JBNU\git\ConstraintsRecovery\assets\tankwar\asset7:IF:8-62;products=TankWar_P1|TankWar_P2|TankWar_P3|TankWar_P4|TankWar_P5,dependency=game|object|wall,name tokens=tank|wall|war,no contextual semantic role identified,UNKNOWN,false,audited role is consistent with baseline role
E560,Wall$$TankWar.koernigGroesse,FIELD,Wall$$TankWar,Wall$$TankWar,,UNKNOWN,UNKNOWN,UNKNOWN,LOW,MEDIUM,name=groesse|koernig,declaring=tank|wall|war,,package=tank|wall|war,incoming=6;outgoing=0;block=C:\Users\JBNU\git\ConstraintsRecovery\assets\tankwar\asset7:IF:8-62;products=TankWar_P1|TankWar_P2|TankWar_P3|TankWar_P4|TankWar_P5,dependency=init|tank|wall|war,name tokens=groesse|koernig,no contextual semantic role identified,UNKNOWN,false,audited role is consistent with baseline role
E561,Wall$$TankWar.wallTeile,FIELD,Wall$$TankWar,Wall$$TankWar,,UNKNOWN,UNKNOWN,UNKNOWN,LOW,MEDIUM,name=teile|wall,declaring=tank|wall|war,,package=tank|wall|war,incoming=7;outgoing=0;block=C:\Users\JBNU\git\ConstraintsRecovery\assets\tankwar\asset7:IF:8-62;products=TankWar_P1|TankWar_P2|TankWar_P3|TankWar_P4|TankWar_P5,dependency=gegen|init|malen|stossen|tank|teil|wall|war,name tokens=teile|wall,no contextual semantic role identified,UNKNOWN,false,audited role is consistent with baseline role
E562,Wall$$TankWar.Wall$$TankWar,CONSTRUCTOR,Wall$$TankWar,Wall$$TankWar,,UNKNOWN,UNKNOWN,UNKNOWN,LOW,LOW,name=tank|wall|war,declaring=tank|wall|war,,package=tank|wall|war,incoming=0;outgoing=0;block=C:\Users\JBNU\git\ConstraintsRecovery\assets\tankwar\asset7:IF:8-62;products=TankWar_P1|TankWar_P2|TankWar_P3|TankWar_P4|TankWar_P5,,name tokens=tank|wall|war,no contextual semantic role identified,UNKNOWN,false,audited role is consistent with baseline role
E563,Wall$$TankWar.init,METHOD,Wall$$TankWar,Wall$$TankWar,,UNKNOWN,UNKNOWN,UNKNOWN,LOW,MEDIUM,name=init,declaring=tank|wall|war,,package=tank|wall|war,incoming=0;outgoing=15;block=C:\Users\JBNU\git\ConstraintsRecovery\assets\tankwar\asset7:IF:8-62;products=TankWar_P1|TankWar_P2|TankWar_P3|TankWar_P4|TankWar_P5,dependency=game|groesse|koernig|koernigkeit|koernigkeit2|koordinate|manager|object|tank|teile|wall|war|x|y,name tokens=init,no contextual semantic role identified,UNKNOWN,false,audited role is consistent with baseline role
E564,Wall$$TankWar.malen,METHOD,Wall$$TankWar,Wall$$TankWar,,UNKNOWN,UNKNOWN,UNKNOWN,LOW,MEDIUM,name=malen,declaring=tank|wall|war,,package=tank|wall|war,incoming=0;outgoing=2;block=C:\Users\JBNU\git\ConstraintsRecovery\assets\tankwar\asset7:IF:8-62;products=TankWar_P1|TankWar_P2|TankWar_P3|TankWar_P4|TankWar_P5,dependency=tank|teile|wall|war,name tokens=malen,no contextual semantic role identified,UNKNOWN,false,audited role is consistent with baseline role
E565,Wall$$TankWar.stossenGegen,METHOD,Wall$$TankWar,Wall$$TankWar,,UNKNOWN,UNKNOWN,UNKNOWN,LOW,MEDIUM,name=gegen|stossen,declaring=tank|wall|war,,package=tank|wall|war,incoming=0;outgoing=1;block=C:\Users\JBNU\git\ConstraintsRecovery\assets\tankwar\asset7:IF:8-62;products=TankWar_P1|TankWar_P2|TankWar_P3|TankWar_P4|TankWar_P5,dependency=gegen|stossen|tank|teil|wall|war,name tokens=gegen|stossen,no contextual semantic role identified,UNKNOWN,false,audited role is consistent with baseline role
E566,Wall$$TankWar.stossenGegenTeil,METHOD,Wall$$TankWar,Wall$$TankWar,,UNKNOWN,UNKNOWN,UNKNOWN,LOW,MEDIUM,name=gegen|stossen|teil,declaring=tank|wall|war,,package=tank|wall|war,incoming=1;outgoing=4;block=C:\Users\JBNU\git\ConstraintsRecovery\assets\tankwar\asset7:IF:8-62;products=TankWar_P1|TankWar_P2|TankWar_P3|TankWar_P4|TankWar_P5,dependency=gegen|stossen|tank|teile|wall|war,name tokens=gegen|stossen|teil,no contextual semantic role identified,UNKNOWN,false,audited role is consistent with baseline role
E567,TankManager,CLASS,,,,UNKNOWN,UNKNOWN,UNKNOWN,LOW,LOW,name=manager|tank,,,,incoming=0;outgoing=0;block=C:\Users\JBNU\git\ConstraintsRecovery\assets\tankwar\asset70:IF:4-29;products=TankWar_P2,,name tokens=manager|tank,no contextual semantic role identified,UNKNOWN,false,audited role is consistent with baseline role
E568,TankManager.sound,FIELD,TankManager,TankManager,,UNKNOWN,UNKNOWN,UNKNOWN,LOW,MEDIUM,name=sound,declaring=manager|tank,,package=manager|tank,incoming=4;outgoing=0;block=C:\Users\JBNU\git\ConstraintsRecovery\assets\tankwar\asset70:IF:4-29;products=TankWar_P2,dependency=aktualisieren|manager|tank,name tokens=sound,no contextual semantic role identified,UNKNOWN,false,audited role is consistent with baseline role
E569,TankManager.TankManager,CONSTRUCTOR,TankManager,TankManager,,UNKNOWN,UNKNOWN,UNKNOWN,LOW,LOW,name=manager|tank,declaring=manager|tank,,package=manager|tank,incoming=0;outgoing=0;block=C:\Users\JBNU\git\ConstraintsRecovery\assets\tankwar\asset70:IF:4-29;products=TankWar_P2,,name tokens=manager|tank,no contextual semantic role identified,UNKNOWN,false,audited role is consistent with baseline role
E570,TankManager.aktualisieren,METHOD,TankManager,TankManager,,UNKNOWN,UNKNOWN,UNKNOWN,LOW,MEDIUM,name=aktualisieren,declaring=manager|tank,,package=manager|tank,incoming=0;outgoing=8;block=C:\Users\JBNU\git\ConstraintsRecovery\assets\tankwar\asset70:IF:4-29;products=TankWar_P2,dependency=bg|get|instance|manager|play|player|sound|stop|tank,name tokens=aktualisieren,no contextual semantic role identified,UNKNOWN,false,audited role is consistent with baseline role
E571,Tank,CLASS,,,,UNKNOWN,UNKNOWN,UNKNOWN,LOW,LOW,name=tank,,,,incoming=0;outgoing=0;block=C:\Users\JBNU\git\ConstraintsRecovery\assets\tankwar\asset71:IF:4-26;products=TankWar_P2,,name tokens=tank,no contextual semantic role identified,UNKNOWN,false,audited role is consistent with baseline role
E572,Tank.Tank,CONSTRUCTOR,Tank,Tank,,UNKNOWN,UNKNOWN,UNKNOWN,LOW,LOW,name=tank,declaring=tank,,package=tank,incoming=0;outgoing=0;block=C:\Users\JBNU\git\ConstraintsRecovery\assets\tankwar\asset71:IF:4-26;products=TankWar_P2,,name tokens=tank,no contextual semantic role identified,UNKNOWN,false,audited role is consistent with baseline role
E573,Tank.tankFeindKI,METHOD,Tank,Tank,,UNKNOWN,UNKNOWN,UNKNOWN,LOW,MEDIUM,name=feind|ki|tank,declaring=tank,,package=tank,incoming=0;outgoing=1;block=C:\Users\JBNU\git\ConstraintsRecovery\assets\tankwar\asset71:IF:4-26;products=TankWar_P2,dependency=feuern|tank|war,name tokens=feind|ki|tank,no contextual semantic role identified,UNKNOWN,false,audited role is consistent with baseline role
E574,Tank,CLASS,,,,UNKNOWN,UNKNOWN,UNKNOWN,LOW,LOW,name=tank,,,,incoming=0;outgoing=1;block=C:\Users\JBNU\git\ConstraintsRecovery\assets\tankwar\asset72:IF:4-25;products=TankWar_P1,dependency=record|tank,name tokens=tank,no contextual semantic role identified,UNKNOWN,false,audited role is consistent with baseline role
E575,Tank.Tank,CONSTRUCTOR,Tank,Tank,,UNKNOWN,UNKNOWN,UNKNOWN,LOW,LOW,name=tank,declaring=tank,,package=tank,incoming=0;outgoing=0;block=C:\Users\JBNU\git\ConstraintsRecovery\assets\tankwar\asset72:IF:4-25;products=TankWar_P1,,name tokens=tank,no contextual semantic role identified,UNKNOWN,false,audited role is consistent with baseline role
E576,Tank.tankFeindKI,METHOD,Tank,Tank,,UNKNOWN,UNKNOWN,UNKNOWN,LOW,MEDIUM,name=feind|ki|tank,declaring=tank,,package=tank,incoming=0;outgoing=1;block=C:\Users\JBNU\git\ConstraintsRecovery\assets\tankwar\asset72:IF:4-25;products=TankWar_P1,dependency=feuern|tank|war,name tokens=feind|ki|tank,no contextual semantic role identified,UNKNOWN,false,audited role is consistent with baseline role
E577,Sprach,CLASS,,,,UNKNOWN,UNKNOWN,UNKNOWN,LOW,LOW,name=sprach,,,,incoming=0;outgoing=0;block=C:\Users\JBNU\git\ConstraintsRecovery\assets\tankwar\asset73:IF:4-23;products=TankWar_P1,,name tokens=sprach,no contextual semantic role identified,UNKNOWN,false,audited role is consistent with baseline role
E578,Sprach.START,FIELD,Sprach,Sprach,,UNKNOWN,UNKNOWN,UNKNOWN,LOW,LOW,name=start,declaring=sprach,,package=sprach,incoming=0;outgoing=0;block=C:\Users\JBNU\git\ConstraintsRecovery\assets\tankwar\asset73:IF:4-23;products=TankWar_P1,,name tokens=start,no contextual semantic role identified,UNKNOWN,false,audited role is consistent with baseline role
E579,Sprach.HELP,FIELD,Sprach,Sprach,,UNKNOWN,UNKNOWN,UNKNOWN,LOW,LOW,name=help,declaring=sprach,,package=sprach,incoming=0;outgoing=0;block=C:\Users\JBNU\git\ConstraintsRecovery\assets\tankwar\asset73:IF:4-23;products=TankWar_P1,,name tokens=help,no contextual semantic role identified,UNKNOWN,false,audited role is consistent with baseline role
E580,Sprach.HelpItem,FIELD,Sprach,Sprach,,UNKNOWN,UNKNOWN,UNKNOWN,LOW,LOW,name=help|item,declaring=sprach,,package=sprach,incoming=0;outgoing=0;block=C:\Users\JBNU\git\ConstraintsRecovery\assets\tankwar\asset73:IF:4-23;products=TankWar_P1,,name tokens=help|item,no contextual semantic role identified,UNKNOWN,false,audited role is consistent with baseline role
E581,Sprach.EXIT,FIELD,Sprach,Sprach,,UNKNOWN,UNKNOWN,UNKNOWN,LOW,LOW,name=exit,declaring=sprach,,package=sprach,incoming=0;outgoing=0;block=C:\Users\JBNU\git\ConstraintsRecovery\assets\tankwar\asset73:IF:4-23;products=TankWar_P1,,name tokens=exit,no contextual semantic role identified,UNKNOWN,false,audited role is consistent with baseline role
E582,Sprach.LIAN_WANG,FIELD,Sprach,Sprach,,UNKNOWN,UNKNOWN,UNKNOWN,LOW,LOW,name=lian|wang,declaring=sprach,,package=sprach,incoming=0;outgoing=0;block=C:\Users\JBNU\git\ConstraintsRecovery\assets\tankwar\asset73:IF:4-23;products=TankWar_P1,,name tokens=lian|wang,no contextual semantic role identified,UNKNOWN,false,audited role is consistent with baseline role
E583,Sprach.RESUME,FIELD,Sprach,Sprach,,UNKNOWN,UNKNOWN,UNKNOWN,LOW,LOW,name=resume,declaring=sprach,,package=sprach,incoming=0;outgoing=0;block=C:\Users\JBNU\git\ConstraintsRecovery\assets\tankwar\asset73:IF:4-23;products=TankWar_P1,,name tokens=resume,no contextual semantic role identified,UNKNOWN,false,audited role is consistent with baseline role
E584,Sprach.NOTE,FIELD,Sprach,Sprach,,UNKNOWN,UNKNOWN,UNKNOWN,LOW,LOW,name=note,declaring=sprach,,package=sprach,incoming=0;outgoing=0;block=C:\Users\JBNU\git\ConstraintsRecovery\assets\tankwar\asset73:IF:4-23;products=TankWar_P1,,name tokens=note,no contextual semantic role identified,UNKNOWN,false,audited role is consistent with baseline role
E585,Sprach.MAIN_MENU,FIELD,Sprach,Sprach,,UNKNOWN,ORCHESTRATION,UNKNOWN,LOW,LOW,name=main|menu,declaring=sprach,,package=sprach,incoming=0;outgoing=0;block=C:\Users\JBNU\git\ConstraintsRecovery\assets\tankwar\asset73:IF:4-23;products=TankWar_P1,,name tokens=main|menu,no contextual semantic role identified,APPLICATION_ORCHESTRATION,true,"audited role separates semantic, architectural, and relevance dimensions"
E586,Sprach.PAUSE,FIELD,Sprach,Sprach,,UNKNOWN,UNKNOWN,UNKNOWN,LOW,LOW,name=pause,declaring=sprach,,package=sprach,incoming=0;outgoing=0;block=C:\Users\JBNU\git\ConstraintsRecovery\assets\tankwar\asset73:IF:4-23;products=TankWar_P1,,name tokens=pause,no contextual semantic role identified,UNKNOWN,false,audited role is consistent with baseline role
E587,Sprach.HNOTE,FIELD,Sprach,Sprach,,UNKNOWN,UNKNOWN,UNKNOWN,LOW,LOW,name=hnote,declaring=sprach,,package=sprach,incoming=0;outgoing=0;block=C:\Users\JBNU\git\ConstraintsRecovery\assets\tankwar\asset73:IF:4-23;products=TankWar_P1,,name tokens=hnote,no contextual semantic role identified,UNKNOWN,false,audited role is consistent with baseline role
E588,Sprach.Name,FIELD,Sprach,Sprach,,UNKNOWN,UNKNOWN,UNKNOWN,LOW,LOW,name=name,declaring=sprach,,package=sprach,incoming=0;outgoing=0;block=C:\Users\JBNU\git\ConstraintsRecovery\assets\tankwar\asset73:IF:4-23;products=TankWar_P1,,name tokens=name,no contextual semantic role identified,UNKNOWN,false,audited role is consistent with baseline role
E589,Sprach.LOSE,FIELD,Sprach,Sprach,,UNKNOWN,UNKNOWN,UNKNOWN,LOW,LOW,name=lose,declaring=sprach,,package=sprach,incoming=0;outgoing=0;block=C:\Users\JBNU\git\ConstraintsRecovery\assets\tankwar\asset73:IF:4-23;products=TankWar_P1,,name tokens=lose,no contextual semantic role identified,UNKNOWN,false,audited role is consistent with baseline role
E590,Sprach.LEVEL,FIELD,Sprach,Sprach,,UNKNOWN,UNKNOWN,UNKNOWN,LOW,LOW,name=level,declaring=sprach,,package=sprach,incoming=0;outgoing=0;block=C:\Users\JBNU\git\ConstraintsRecovery\assets\tankwar\asset73:IF:4-23;products=TankWar_P1,,name tokens=level,no contextual semantic role identified,UNKNOWN,false,audited role is consistent with baseline role
E591,Sprach.WIN,FIELD,Sprach,Sprach,,UNKNOWN,UNKNOWN,UNKNOWN,LOW,LOW,name=win,declaring=sprach,,package=sprach,incoming=0;outgoing=0;block=C:\Users\JBNU\git\ConstraintsRecovery\assets\tankwar\asset73:IF:4-23;products=TankWar_P1,,name tokens=win,no contextual semantic role identified,UNKNOWN,false,audited role is consistent with baseline role
E592,Sprach.TANKA,FIELD,Sprach,Sprach,,UNKNOWN,UNKNOWN,UNKNOWN,LOW,LOW,name=tanka,declaring=sprach,,package=sprach,incoming=0;outgoing=0;block=C:\Users\JBNU\git\ConstraintsRecovery\assets\tankwar\asset73:IF:4-23;products=TankWar_P1,,name tokens=tanka,no contextual semantic role identified,UNKNOWN,false,audited role is consistent with baseline role
E593,Sprach.TANKB,FIELD,Sprach,Sprach,,UNKNOWN,UNKNOWN,UNKNOWN,LOW,LOW,name=tankb,declaring=sprach,,package=sprach,incoming=0;outgoing=0;block=C:\Users\JBNU\git\ConstraintsRecovery\assets\tankwar\asset73:IF:4-23;products=TankWar_P1,,name tokens=tankb,no contextual semantic role identified,UNKNOWN,false,audited role is consistent with baseline role
E594,Sprach.TANKC,FIELD,Sprach,Sprach,,UNKNOWN,UNKNOWN,UNKNOWN,LOW,LOW,name=tankc,declaring=sprach,,package=sprach,incoming=0;outgoing=0;block=C:\Users\JBNU\git\ConstraintsRecovery\assets\tankwar\asset73:IF:4-23;products=TankWar_P1,,name tokens=tankc,no contextual semantic role identified,UNKNOWN,false,audited role is consistent with baseline role
E595,Maler$$M_780,CLASS,,,,UNKNOWN,UNKNOWN,UNKNOWN,LOW,LOW,name=780|m|maler,,,,incoming=1;outgoing=0;block=C:\Users\JBNU\git\ConstraintsRecovery\assets\tankwar\asset74:IF:4-30;products=TankWar_P2,dependency=fuer|maler|pc,name tokens=780|m|maler,no contextual semantic role identified,UNKNOWN,false,audited role is consistent with baseline role
E596,Maler$$M_780.Maler$$M_780,CONSTRUCTOR,Maler$$M_780,Maler$$M_780,,UNKNOWN,UNKNOWN,UNKNOWN,LOW,LOW,name=780|m|maler,declaring=780|m|maler,,package=780|m|maler,incoming=0;outgoing=0;block=C:\Users\JBNU\git\ConstraintsRecovery\assets\tankwar\asset74:IF:4-30;products=TankWar_P2,,name tokens=780|m|maler,no contextual semantic role identified,UNKNOWN,false,audited role is consistent with baseline role
E597,Maler$$M_780.gamesize,METHOD,Maler$$M_780,Maler$$M_780,,UNKNOWN,UNKNOWN,UNKNOWN,LOW,LOW,name=gamesize,declaring=780|m|maler,,package=780|m|maler,incoming=0;outgoing=0;block=C:\Users\JBNU\git\ConstraintsRecovery\assets\tankwar\asset74:IF:4-30;products=TankWar_P2,,name tokens=gamesize,no contextual semantic role identified,UNKNOWN,false,audited role is consistent with baseline role
E598,Missile,CLASS,,,,UNKNOWN,UNKNOWN,UNKNOWN,LOW,LOW,name=missile,,,,incoming=0;outgoing=0;block=C:\Users\JBNU\git\ConstraintsRecovery\assets\tankwar\asset75:IF:4-20;products=TankWar_P3,,name tokens=missile,no contextual semantic role identified,UNKNOWN,false,audited role is consistent with baseline role
E599,Missile.Missile,CONSTRUCTOR,Missile,Missile,,UNKNOWN,UNKNOWN,UNKNOWN,LOW,LOW,name=missile,declaring=missile,,package=missile,incoming=0;outgoing=0;block=C:\Users\JBNU\git\ConstraintsRecovery\assets\tankwar\asset75:IF:4-20;products=TankWar_P3,,name tokens=missile,no contextual semantic role identified,UNKNOWN,false,audited role is consistent with baseline role
E600,Missile.init,METHOD,Missile,Missile,,UNKNOWN,UNKNOWN,UNKNOWN,LOW,MEDIUM,name=init,declaring=missile,,package=missile,incoming=0;outgoing=2;block=C:\Users\JBNU\git\ConstraintsRecovery\assets\tankwar\asset75:IF:4-20;products=TankWar_P3,dependency=fire|get|instance|play|player|sound,name tokens=init,no contextual semantic role identified,UNKNOWN,false,audited role is consistent with baseline role
E601,Tank,CLASS,,,,UNKNOWN,UNKNOWN,UNKNOWN,LOW,LOW,name=tank,,,,incoming=0;outgoing=1;block=C:\Users\JBNU\git\ConstraintsRecovery\assets\tankwar\asset76:IF:4-25;products=TankWar_P5,dependency=record|tank,name tokens=tank,no contextual semantic role identified,UNKNOWN,false,audited role is consistent with baseline role
E602,Tank.Tank,CONSTRUCTOR,Tank,Tank,,UNKNOWN,UNKNOWN,UNKNOWN,LOW,LOW,name=tank,declaring=tank,,package=tank,incoming=0;outgoing=0;block=C:\Users\JBNU\git\ConstraintsRecovery\assets\tankwar\asset76:IF:4-25;products=TankWar_P5,,name tokens=tank,no contextual semantic role identified,UNKNOWN,false,audited role is consistent with baseline role
E603,Tank.tankFeindKI,METHOD,Tank,Tank,,UNKNOWN,UNKNOWN,UNKNOWN,LOW,MEDIUM,name=feind|ki|tank,declaring=tank,,package=tank,incoming=0;outgoing=1;block=C:\Users\JBNU\git\ConstraintsRecovery\assets\tankwar\asset76:IF:4-25;products=TankWar_P5,dependency=feuern|tank|war,name tokens=feind|ki|tank,no contextual semantic role identified,UNKNOWN,false,audited role is consistent with baseline role
E604,Sprach,CLASS,,,,UNKNOWN,UNKNOWN,UNKNOWN,LOW,LOW,name=sprach,,,,incoming=0;outgoing=0;block=C:\Users\JBNU\git\ConstraintsRecovery\assets\tankwar\asset77:IF:4-23;products=TankWar_P2,,name tokens=sprach,no contextual semantic role identified,UNKNOWN,false,audited role is consistent with baseline role
E605,Sprach.START,FIELD,Sprach,Sprach,,UNKNOWN,UNKNOWN,UNKNOWN,LOW,LOW,name=start,declaring=sprach,,package=sprach,incoming=0;outgoing=0;block=C:\Users\JBNU\git\ConstraintsRecovery\assets\tankwar\asset77:IF:4-23;products=TankWar_P2,,name tokens=start,no contextual semantic role identified,UNKNOWN,false,audited role is consistent with baseline role
E606,Sprach.HELP,FIELD,Sprach,Sprach,,UNKNOWN,UNKNOWN,UNKNOWN,LOW,LOW,name=help,declaring=sprach,,package=sprach,incoming=0;outgoing=0;block=C:\Users\JBNU\git\ConstraintsRecovery\assets\tankwar\asset77:IF:4-23;products=TankWar_P2,,name tokens=help,no contextual semantic role identified,UNKNOWN,false,audited role is consistent with baseline role
E607,Sprach.HelpItem,FIELD,Sprach,Sprach,,UNKNOWN,UNKNOWN,UNKNOWN,LOW,LOW,name=help|item,declaring=sprach,,package=sprach,incoming=0;outgoing=0;block=C:\Users\JBNU\git\ConstraintsRecovery\assets\tankwar\asset77:IF:4-23;products=TankWar_P2,,name tokens=help|item,no contextual semantic role identified,UNKNOWN,false,audited role is consistent with baseline role
E608,Sprach.EXIT,FIELD,Sprach,Sprach,,UNKNOWN,UNKNOWN,UNKNOWN,LOW,LOW,name=exit,declaring=sprach,,package=sprach,incoming=0;outgoing=0;block=C:\Users\JBNU\git\ConstraintsRecovery\assets\tankwar\asset77:IF:4-23;products=TankWar_P2,,name tokens=exit,no contextual semantic role identified,UNKNOWN,false,audited role is consistent with baseline role
E609,Sprach.LIAN_WANG,FIELD,Sprach,Sprach,,UNKNOWN,UNKNOWN,UNKNOWN,LOW,LOW,name=lian|wang,declaring=sprach,,package=sprach,incoming=0;outgoing=0;block=C:\Users\JBNU\git\ConstraintsRecovery\assets\tankwar\asset77:IF:4-23;products=TankWar_P2,,name tokens=lian|wang,no contextual semantic role identified,UNKNOWN,false,audited role is consistent with baseline role
E610,Sprach.RESUME,FIELD,Sprach,Sprach,,UNKNOWN,UNKNOWN,UNKNOWN,LOW,LOW,name=resume,declaring=sprach,,package=sprach,incoming=0;outgoing=0;block=C:\Users\JBNU\git\ConstraintsRecovery\assets\tankwar\asset77:IF:4-23;products=TankWar_P2,,name tokens=resume,no contextual semantic role identified,UNKNOWN,false,audited role is consistent with baseline role
E611,Sprach.NOTE,FIELD,Sprach,Sprach,,UNKNOWN,UNKNOWN,UNKNOWN,LOW,LOW,name=note,declaring=sprach,,package=sprach,incoming=0;outgoing=0;block=C:\Users\JBNU\git\ConstraintsRecovery\assets\tankwar\asset77:IF:4-23;products=TankWar_P2,,name tokens=note,no contextual semantic role identified,UNKNOWN,false,audited role is consistent with baseline role
E612,Sprach.MAIN_MENU,FIELD,Sprach,Sprach,,UNKNOWN,ORCHESTRATION,UNKNOWN,LOW,LOW,name=main|menu,declaring=sprach,,package=sprach,incoming=0;outgoing=0;block=C:\Users\JBNU\git\ConstraintsRecovery\assets\tankwar\asset77:IF:4-23;products=TankWar_P2,,name tokens=main|menu,no contextual semantic role identified,APPLICATION_ORCHESTRATION,true,"audited role separates semantic, architectural, and relevance dimensions"
E613,Sprach.PAUSE,FIELD,Sprach,Sprach,,UNKNOWN,UNKNOWN,UNKNOWN,LOW,LOW,name=pause,declaring=sprach,,package=sprach,incoming=0;outgoing=0;block=C:\Users\JBNU\git\ConstraintsRecovery\assets\tankwar\asset77:IF:4-23;products=TankWar_P2,,name tokens=pause,no contextual semantic role identified,UNKNOWN,false,audited role is consistent with baseline role
E614,Sprach.HNOTE,FIELD,Sprach,Sprach,,UNKNOWN,UNKNOWN,UNKNOWN,LOW,LOW,name=hnote,declaring=sprach,,package=sprach,incoming=0;outgoing=0;block=C:\Users\JBNU\git\ConstraintsRecovery\assets\tankwar\asset77:IF:4-23;products=TankWar_P2,,name tokens=hnote,no contextual semantic role identified,UNKNOWN,false,audited role is consistent with baseline role
E615,Sprach.Name,FIELD,Sprach,Sprach,,UNKNOWN,UNKNOWN,UNKNOWN,LOW,LOW,name=name,declaring=sprach,,package=sprach,incoming=0;outgoing=0;block=C:\Users\JBNU\git\ConstraintsRecovery\assets\tankwar\asset77:IF:4-23;products=TankWar_P2,,name tokens=name,no contextual semantic role identified,UNKNOWN,false,audited role is consistent with baseline role
E616,Sprach.LOSE,FIELD,Sprach,Sprach,,UNKNOWN,UNKNOWN,UNKNOWN,LOW,LOW,name=lose,declaring=sprach,,package=sprach,incoming=0;outgoing=0;block=C:\Users\JBNU\git\ConstraintsRecovery\assets\tankwar\asset77:IF:4-23;products=TankWar_P2,,name tokens=lose,no contextual semantic role identified,UNKNOWN,false,audited role is consistent with baseline role
E617,Sprach.LEVEL,FIELD,Sprach,Sprach,,UNKNOWN,UNKNOWN,UNKNOWN,LOW,LOW,name=level,declaring=sprach,,package=sprach,incoming=0;outgoing=0;block=C:\Users\JBNU\git\ConstraintsRecovery\assets\tankwar\asset77:IF:4-23;products=TankWar_P2,,name tokens=level,no contextual semantic role identified,UNKNOWN,false,audited role is consistent with baseline role
E618,Sprach.WIN,FIELD,Sprach,Sprach,,UNKNOWN,UNKNOWN,UNKNOWN,LOW,LOW,name=win,declaring=sprach,,package=sprach,incoming=0;outgoing=0;block=C:\Users\JBNU\git\ConstraintsRecovery\assets\tankwar\asset77:IF:4-23;products=TankWar_P2,,name tokens=win,no contextual semantic role identified,UNKNOWN,false,audited role is consistent with baseline role
E619,Sprach.TANKA,FIELD,Sprach,Sprach,,UNKNOWN,UNKNOWN,UNKNOWN,LOW,LOW,name=tanka,declaring=sprach,,package=sprach,incoming=0;outgoing=0;block=C:\Users\JBNU\git\ConstraintsRecovery\assets\tankwar\asset77:IF:4-23;products=TankWar_P2,,name tokens=tanka,no contextual semantic role identified,UNKNOWN,false,audited role is consistent with baseline role
E620,Sprach.TANKB,FIELD,Sprach,Sprach,,UNKNOWN,UNKNOWN,UNKNOWN,LOW,LOW,name=tankb,declaring=sprach,,package=sprach,incoming=0;outgoing=0;block=C:\Users\JBNU\git\ConstraintsRecovery\assets\tankwar\asset77:IF:4-23;products=TankWar_P2,,name tokens=tankb,no contextual semantic role identified,UNKNOWN,false,audited role is consistent with baseline role
E621,Sprach.TANKC,FIELD,Sprach,Sprach,,UNKNOWN,UNKNOWN,UNKNOWN,LOW,LOW,name=tankc,declaring=sprach,,package=sprach,incoming=0;outgoing=0;block=C:\Users\JBNU\git\ConstraintsRecovery\assets\tankwar\asset77:IF:4-23;products=TankWar_P2,,name tokens=tankc,no contextual semantic role identified,UNKNOWN,false,audited role is consistent with baseline role
E622,Missile,CLASS,,,,UNKNOWN,UNKNOWN,UNKNOWN,LOW,LOW,name=missile,,,,incoming=0;outgoing=0;block=C:\Users\JBNU\git\ConstraintsRecovery\assets\tankwar\asset78:IF:4-20;products=TankWar_P2,,name tokens=missile,no contextual semantic role identified,UNKNOWN,false,audited role is consistent with baseline role
E623,Missile.Missile,CONSTRUCTOR,Missile,Missile,,UNKNOWN,UNKNOWN,UNKNOWN,LOW,LOW,name=missile,declaring=missile,,package=missile,incoming=0;outgoing=0;block=C:\Users\JBNU\git\ConstraintsRecovery\assets\tankwar\asset78:IF:4-20;products=TankWar_P2,,name tokens=missile,no contextual semantic role identified,UNKNOWN,false,audited role is consistent with baseline role
E624,Missile.init,METHOD,Missile,Missile,,UNKNOWN,UNKNOWN,UNKNOWN,LOW,MEDIUM,name=init,declaring=missile,,package=missile,incoming=0;outgoing=2;block=C:\Users\JBNU\git\ConstraintsRecovery\assets\tankwar\asset78:IF:4-20;products=TankWar_P2,dependency=fire|get|instance|play|player|sound,name tokens=init,no contextual semantic role identified,UNKNOWN,false,audited role is consistent with baseline role
E625,Sprach,CLASS,,,,UNKNOWN,UNKNOWN,UNKNOWN,LOW,LOW,name=sprach,,,,incoming=0;outgoing=0;block=C:\Users\JBNU\git\ConstraintsRecovery\assets\tankwar\asset79:IF:4-23;products=TankWar_P5,,name tokens=sprach,no contextual semantic role identified,UNKNOWN,false,audited role is consistent with baseline role
E626,Sprach.START,FIELD,Sprach,Sprach,,UNKNOWN,UNKNOWN,UNKNOWN,LOW,LOW,name=start,declaring=sprach,,package=sprach,incoming=0;outgoing=0;block=C:\Users\JBNU\git\ConstraintsRecovery\assets\tankwar\asset79:IF:4-23;products=TankWar_P5,,name tokens=start,no contextual semantic role identified,UNKNOWN,false,audited role is consistent with baseline role
E627,Sprach.HELP,FIELD,Sprach,Sprach,,UNKNOWN,UNKNOWN,UNKNOWN,LOW,LOW,name=help,declaring=sprach,,package=sprach,incoming=0;outgoing=0;block=C:\Users\JBNU\git\ConstraintsRecovery\assets\tankwar\asset79:IF:4-23;products=TankWar_P5,,name tokens=help,no contextual semantic role identified,UNKNOWN,false,audited role is consistent with baseline role
E628,Sprach.HelpItem,FIELD,Sprach,Sprach,,UNKNOWN,UNKNOWN,UNKNOWN,LOW,LOW,name=help|item,declaring=sprach,,package=sprach,incoming=0;outgoing=0;block=C:\Users\JBNU\git\ConstraintsRecovery\assets\tankwar\asset79:IF:4-23;products=TankWar_P5,,name tokens=help|item,no contextual semantic role identified,UNKNOWN,false,audited role is consistent with baseline role
E629,Sprach.EXIT,FIELD,Sprach,Sprach,,UNKNOWN,UNKNOWN,UNKNOWN,LOW,LOW,name=exit,declaring=sprach,,package=sprach,incoming=0;outgoing=0;block=C:\Users\JBNU\git\ConstraintsRecovery\assets\tankwar\asset79:IF:4-23;products=TankWar_P5,,name tokens=exit,no contextual semantic role identified,UNKNOWN,false,audited role is consistent with baseline role
E630,Sprach.LIAN_WANG,FIELD,Sprach,Sprach,,UNKNOWN,UNKNOWN,UNKNOWN,LOW,LOW,name=lian|wang,declaring=sprach,,package=sprach,incoming=0;outgoing=0;block=C:\Users\JBNU\git\ConstraintsRecovery\assets\tankwar\asset79:IF:4-23;products=TankWar_P5,,name tokens=lian|wang,no contextual semantic role identified,UNKNOWN,false,audited role is consistent with baseline role
E631,Sprach.RESUME,FIELD,Sprach,Sprach,,UNKNOWN,UNKNOWN,UNKNOWN,LOW,LOW,name=resume,declaring=sprach,,package=sprach,incoming=0;outgoing=0;block=C:\Users\JBNU\git\ConstraintsRecovery\assets\tankwar\asset79:IF:4-23;products=TankWar_P5,,name tokens=resume,no contextual semantic role identified,UNKNOWN,false,audited role is consistent with baseline role
E632,Sprach.NOTE,FIELD,Sprach,Sprach,,UNKNOWN,UNKNOWN,UNKNOWN,LOW,LOW,name=note,declaring=sprach,,package=sprach,incoming=0;outgoing=0;block=C:\Users\JBNU\git\ConstraintsRecovery\assets\tankwar\asset79:IF:4-23;products=TankWar_P5,,name tokens=note,no contextual semantic role identified,UNKNOWN,false,audited role is consistent with baseline role
E633,Sprach.MAIN_MENU,FIELD,Sprach,Sprach,,UNKNOWN,ORCHESTRATION,UNKNOWN,LOW,LOW,name=main|menu,declaring=sprach,,package=sprach,incoming=0;outgoing=0;block=C:\Users\JBNU\git\ConstraintsRecovery\assets\tankwar\asset79:IF:4-23;products=TankWar_P5,,name tokens=main|menu,no contextual semantic role identified,APPLICATION_ORCHESTRATION,true,"audited role separates semantic, architectural, and relevance dimensions"
E634,Sprach.PAUSE,FIELD,Sprach,Sprach,,UNKNOWN,UNKNOWN,UNKNOWN,LOW,LOW,name=pause,declaring=sprach,,package=sprach,incoming=0;outgoing=0;block=C:\Users\JBNU\git\ConstraintsRecovery\assets\tankwar\asset79:IF:4-23;products=TankWar_P5,,name tokens=pause,no contextual semantic role identified,UNKNOWN,false,audited role is consistent with baseline role
E635,Sprach.HNOTE,FIELD,Sprach,Sprach,,UNKNOWN,UNKNOWN,UNKNOWN,LOW,LOW,name=hnote,declaring=sprach,,package=sprach,incoming=0;outgoing=0;block=C:\Users\JBNU\git\ConstraintsRecovery\assets\tankwar\asset79:IF:4-23;products=TankWar_P5,,name tokens=hnote,no contextual semantic role identified,UNKNOWN,false,audited role is consistent with baseline role
E636,Sprach.Name,FIELD,Sprach,Sprach,,UNKNOWN,UNKNOWN,UNKNOWN,LOW,LOW,name=name,declaring=sprach,,package=sprach,incoming=0;outgoing=0;block=C:\Users\JBNU\git\ConstraintsRecovery\assets\tankwar\asset79:IF:4-23;products=TankWar_P5,,name tokens=name,no contextual semantic role identified,UNKNOWN,false,audited role is consistent with baseline role
E637,Sprach.LOSE,FIELD,Sprach,Sprach,,UNKNOWN,UNKNOWN,UNKNOWN,LOW,LOW,name=lose,declaring=sprach,,package=sprach,incoming=0;outgoing=0;block=C:\Users\JBNU\git\ConstraintsRecovery\assets\tankwar\asset79:IF:4-23;products=TankWar_P5,,name tokens=lose,no contextual semantic role identified,UNKNOWN,false,audited role is consistent with baseline role
E638,Sprach.LEVEL,FIELD,Sprach,Sprach,,UNKNOWN,UNKNOWN,UNKNOWN,LOW,LOW,name=level,declaring=sprach,,package=sprach,incoming=0;outgoing=0;block=C:\Users\JBNU\git\ConstraintsRecovery\assets\tankwar\asset79:IF:4-23;products=TankWar_P5,,name tokens=level,no contextual semantic role identified,UNKNOWN,false,audited role is consistent with baseline role
E639,Sprach.WIN,FIELD,Sprach,Sprach,,UNKNOWN,UNKNOWN,UNKNOWN,LOW,LOW,name=win,declaring=sprach,,package=sprach,incoming=0;outgoing=0;block=C:\Users\JBNU\git\ConstraintsRecovery\assets\tankwar\asset79:IF:4-23;products=TankWar_P5,,name tokens=win,no contextual semantic role identified,UNKNOWN,false,audited role is consistent with baseline role
E640,Sprach.TANKA,FIELD,Sprach,Sprach,,UNKNOWN,UNKNOWN,UNKNOWN,LOW,LOW,name=tanka,declaring=sprach,,package=sprach,incoming=0;outgoing=0;block=C:\Users\JBNU\git\ConstraintsRecovery\assets\tankwar\asset79:IF:4-23;products=TankWar_P5,,name tokens=tanka,no contextual semantic role identified,UNKNOWN,false,audited role is consistent with baseline role
E641,Sprach.TANKB,FIELD,Sprach,Sprach,,UNKNOWN,UNKNOWN,UNKNOWN,LOW,LOW,name=tankb,declaring=sprach,,package=sprach,incoming=0;outgoing=0;block=C:\Users\JBNU\git\ConstraintsRecovery\assets\tankwar\asset79:IF:4-23;products=TankWar_P5,,name tokens=tankb,no contextual semantic role identified,UNKNOWN,false,audited role is consistent with baseline role
E642,Sprach.TANKC,FIELD,Sprach,Sprach,,UNKNOWN,UNKNOWN,UNKNOWN,LOW,LOW,name=tankc,declaring=sprach,,package=sprach,incoming=0;outgoing=0;block=C:\Users\JBNU\git\ConstraintsRecovery\assets\tankwar\asset79:IF:4-23;products=TankWar_P5,,name tokens=tankc,no contextual semantic role identified,UNKNOWN,false,audited role is consistent with baseline role
E643,Tank$$Image,CLASS,,,,UNKNOWN,UNKNOWN,UNKNOWN,LOW,LOW,name=image|tank,,,,incoming=0;outgoing=0;block=C:\Users\JBNU\git\ConstraintsRecovery\assets\tankwar\asset8:IF:11-12;products=TankWar_P5,,name tokens=image|tank,no contextual semantic role identified,UNKNOWN,false,audited role is consistent with baseline role
E644,Tank$$Image,CLASS,,,,UNKNOWN,UNKNOWN,UNKNOWN,LOW,LOW,name=image|tank,,,,incoming=0;outgoing=0;block=C:\Users\JBNU\git\ConstraintsRecovery\assets\tankwar\asset8:ELIF:13-15;products=TankWar_P3,,name tokens=image|tank,no contextual semantic role identified,UNKNOWN,false,audited role is consistent with baseline role
E645,Tank$$Image,CLASS,,,,UNKNOWN,UNKNOWN,UNKNOWN,LOW,LOW,name=image|tank,,,,incoming=0;outgoing=0;block=C:\Users\JBNU\git\ConstraintsRecovery\assets\tankwar\asset8:ELIF:16-17;products=TankWar_P1,,name tokens=image|tank,no contextual semantic role identified,UNKNOWN,false,audited role is consistent with baseline role
E646,Tank$$Image,CLASS,,,,UNKNOWN,UNKNOWN,UNKNOWN,LOW,LOW,name=image|tank,,,,incoming=0;outgoing=0;block=C:\Users\JBNU\git\ConstraintsRecovery\assets\tankwar\asset8:ELIF:18-20;products=TankWar_P4,,name tokens=image|tank,no contextual semantic role identified,UNKNOWN,false,audited role is consistent with baseline role
E647,Tank$$Image,CLASS,,,,UNKNOWN,UNKNOWN,UNKNOWN,LOW,LOW,name=image|tank,,,,incoming=0;outgoing=0;block=C:\Users\JBNU\git\ConstraintsRecovery\assets\tankwar\asset8:ELIF:21-23;products=TankWar_P2,,name tokens=image|tank,no contextual semantic role identified,UNKNOWN,false,audited role is consistent with baseline role
E648,Tank$$Image.Tank$$Image,CONSTRUCTOR,Tank$$Image,Tank$$Image,,UNKNOWN,UNKNOWN,UNKNOWN,LOW,LOW,name=image|tank,declaring=image|tank,,package=image|tank,incoming=0;outgoing=0;block=C:\Users\JBNU\git\ConstraintsRecovery\assets\tankwar\asset8:IF:8-96;products=TankWar_P1|TankWar_P2|TankWar_P3|TankWar_P4|TankWar_P5,,name tokens=image|tank,no contextual semantic role identified,UNKNOWN,false,audited role is consistent with baseline role
E649,Tank$$Image.tankMalen,METHOD,Tank$$Image,Tank$$Image,,UNKNOWN,UNKNOWN,UNKNOWN,LOW,MEDIUM,name=malen|tank,declaring=image|tank,,package=image|tank,incoming=0;outgoing=31;block=C:\Users\JBNU\git\ConstraintsRecovery\assets\tankwar\asset8:IF:8-96;products=TankWar_P1|TankWar_P2|TankWar_P3|TankWar_P4|TankWar_P5,dependency=draw|energie|fuer|image|koernigkeit2|maler|manager|pc|tank|tanks|war,name tokens=malen|tank,no contextual semantic role identified,UNKNOWN,false,audited role is consistent with baseline role
E650,Tank$$Image.drawTanks,METHOD,Tank$$Image,Tank$$Image,,UNKNOWN,UNKNOWN,UNKNOWN,LOW,MEDIUM,name=draw|tanks,declaring=image|tank,,package=image|tank,incoming=15;outgoing=5;block=C:\Users\JBNU\git\ConstraintsRecovery\assets\tankwar\asset8:IF:8-96;products=TankWar_P1|TankWar_P2|TankWar_P3|TankWar_P4|TankWar_P5,dependency=draw|fahr|fuer|image|malen|maler|pc|richtung|tank|war,name tokens=draw|tanks,no contextual semantic role identified,UNKNOWN,false,audited role is consistent with baseline role
E651,Missile,CLASS,,,,UNKNOWN,UNKNOWN,UNKNOWN,LOW,LOW,name=missile,,,,incoming=0;outgoing=1;block=C:\Users\JBNU\git\ConstraintsRecovery\assets\tankwar\asset80:IF:4-31;products=TankWar_P1,dependency=missile|tank|war,name tokens=missile,no contextual semantic role identified,UNKNOWN,false,audited role is consistent with baseline role
E652,Missile.Missile,CONSTRUCTOR,Missile,Missile,,UNKNOWN,UNKNOWN,UNKNOWN,LOW,LOW,name=missile,declaring=missile,,package=missile,incoming=0;outgoing=0;block=C:\Users\JBNU\git\ConstraintsRecovery\assets\tankwar\asset80:IF:4-31;products=TankWar_P1,,name tokens=missile,no contextual semantic role identified,UNKNOWN,false,audited role is consistent with baseline role
E653,Missile.malen,METHOD,Missile,Missile,,UNKNOWN,UNKNOWN,UNKNOWN,LOW,MEDIUM,name=malen,declaring=missile,,package=missile,incoming=0;outgoing=4;block=C:\Users\JBNU\git\ConstraintsRecovery\assets\tankwar\asset80:IF:4-31;products=TankWar_P1,dependency=draw|fuer|image|maler|pc,name tokens=malen,no contextual semantic role identified,UNKNOWN,false,audited role is consistent with baseline role
E654,TankManager,CLASS,,,,UNKNOWN,UNKNOWN,UNKNOWN,LOW,LOW,name=manager|tank,,,,incoming=0;outgoing=0;block=C:\Users\JBNU\git\ConstraintsRecovery\assets\tankwar\asset81:IF:4-29;products=TankWar_P3,,name tokens=manager|tank,no contextual semantic role identified,UNKNOWN,false,audited role is consistent with baseline role
E655,TankManager.sound,FIELD,TankManager,TankManager,,UNKNOWN,UNKNOWN,UNKNOWN,LOW,MEDIUM,name=sound,declaring=manager|tank,,package=manager|tank,incoming=4;outgoing=0;block=C:\Users\JBNU\git\ConstraintsRecovery\assets\tankwar\asset81:IF:4-29;products=TankWar_P3,dependency=aktualisieren|manager|tank,name tokens=sound,no contextual semantic role identified,UNKNOWN,false,audited role is consistent with baseline role
E656,TankManager.TankManager,CONSTRUCTOR,TankManager,TankManager,,UNKNOWN,UNKNOWN,UNKNOWN,LOW,LOW,name=manager|tank,declaring=manager|tank,,package=manager|tank,incoming=0;outgoing=0;block=C:\Users\JBNU\git\ConstraintsRecovery\assets\tankwar\asset81:IF:4-29;products=TankWar_P3,,name tokens=manager|tank,no contextual semantic role identified,UNKNOWN,false,audited role is consistent with baseline role
E657,TankManager.aktualisieren,METHOD,TankManager,TankManager,,UNKNOWN,UNKNOWN,UNKNOWN,LOW,MEDIUM,name=aktualisieren,declaring=manager|tank,,package=manager|tank,incoming=0;outgoing=8;block=C:\Users\JBNU\git\ConstraintsRecovery\assets\tankwar\asset81:IF:4-29;products=TankWar_P3,dependency=bg|get|instance|manager|play|player|sound|stop|tank,name tokens=aktualisieren,no contextual semantic role identified,UNKNOWN,false,audited role is consistent with baseline role
E658,Missile,CLASS,,,,UNKNOWN,UNKNOWN,UNKNOWN,LOW,LOW,name=missile,,,,incoming=0;outgoing=1;block=C:\Users\JBNU\git\ConstraintsRecovery\assets\tankwar\asset82:IF:4-31;products=TankWar_P5,dependency=explodieren|missile,name tokens=missile,no contextual semantic role identified,UNKNOWN,false,audited role is consistent with baseline role
E659,Missile.Missile,CONSTRUCTOR,Missile,Missile,,UNKNOWN,UNKNOWN,UNKNOWN,LOW,LOW,name=missile,declaring=missile,,package=missile,incoming=0;outgoing=0;block=C:\Users\JBNU\git\ConstraintsRecovery\assets\tankwar\asset82:IF:4-31;products=TankWar_P5,,name tokens=missile,no contextual semantic role identified,UNKNOWN,false,audited role is consistent with baseline role
E660,Missile.malen,METHOD,Missile,Missile,,UNKNOWN,UNKNOWN,UNKNOWN,LOW,MEDIUM,name=malen,declaring=missile,,package=missile,incoming=0;outgoing=4;block=C:\Users\JBNU\git\ConstraintsRecovery\assets\tankwar\asset82:IF:4-31;products=TankWar_P5,dependency=draw|fuer|image|maler|pc,name tokens=malen,no contextual semantic role identified,UNKNOWN,false,audited role is consistent with baseline role
E661,Sprach,CLASS,,,,UNKNOWN,UNKNOWN,UNKNOWN,LOW,LOW,name=sprach,,,,incoming=0;outgoing=0;block=C:\Users\JBNU\git\ConstraintsRecovery\assets\tankwar\asset83:IF:4-23;products=TankWar_P3,,name tokens=sprach,no contextual semantic role identified,UNKNOWN,false,audited role is consistent with baseline role
E662,Sprach.START,FIELD,Sprach,Sprach,,UNKNOWN,UNKNOWN,UNKNOWN,LOW,LOW,name=start,declaring=sprach,,package=sprach,incoming=0;outgoing=0;block=C:\Users\JBNU\git\ConstraintsRecovery\assets\tankwar\asset83:IF:4-23;products=TankWar_P3,,name tokens=start,no contextual semantic role identified,UNKNOWN,false,audited role is consistent with baseline role
E663,Sprach.HELP,FIELD,Sprach,Sprach,,UNKNOWN,UNKNOWN,UNKNOWN,LOW,LOW,name=help,declaring=sprach,,package=sprach,incoming=0;outgoing=0;block=C:\Users\JBNU\git\ConstraintsRecovery\assets\tankwar\asset83:IF:4-23;products=TankWar_P3,,name tokens=help,no contextual semantic role identified,UNKNOWN,false,audited role is consistent with baseline role
E664,Sprach.HelpItem,FIELD,Sprach,Sprach,,UNKNOWN,UNKNOWN,UNKNOWN,LOW,LOW,name=help|item,declaring=sprach,,package=sprach,incoming=0;outgoing=0;block=C:\Users\JBNU\git\ConstraintsRecovery\assets\tankwar\asset83:IF:4-23;products=TankWar_P3,,name tokens=help|item,no contextual semantic role identified,UNKNOWN,false,audited role is consistent with baseline role
E665,Sprach.EXIT,FIELD,Sprach,Sprach,,UNKNOWN,UNKNOWN,UNKNOWN,LOW,LOW,name=exit,declaring=sprach,,package=sprach,incoming=0;outgoing=0;block=C:\Users\JBNU\git\ConstraintsRecovery\assets\tankwar\asset83:IF:4-23;products=TankWar_P3,,name tokens=exit,no contextual semantic role identified,UNKNOWN,false,audited role is consistent with baseline role
E666,Sprach.LIAN_WANG,FIELD,Sprach,Sprach,,UNKNOWN,UNKNOWN,UNKNOWN,LOW,LOW,name=lian|wang,declaring=sprach,,package=sprach,incoming=0;outgoing=0;block=C:\Users\JBNU\git\ConstraintsRecovery\assets\tankwar\asset83:IF:4-23;products=TankWar_P3,,name tokens=lian|wang,no contextual semantic role identified,UNKNOWN,false,audited role is consistent with baseline role
E667,Sprach.RESUME,FIELD,Sprach,Sprach,,UNKNOWN,UNKNOWN,UNKNOWN,LOW,LOW,name=resume,declaring=sprach,,package=sprach,incoming=0;outgoing=0;block=C:\Users\JBNU\git\ConstraintsRecovery\assets\tankwar\asset83:IF:4-23;products=TankWar_P3,,name tokens=resume,no contextual semantic role identified,UNKNOWN,false,audited role is consistent with baseline role
E668,Sprach.NOTE,FIELD,Sprach,Sprach,,UNKNOWN,UNKNOWN,UNKNOWN,LOW,LOW,name=note,declaring=sprach,,package=sprach,incoming=0;outgoing=0;block=C:\Users\JBNU\git\ConstraintsRecovery\assets\tankwar\asset83:IF:4-23;products=TankWar_P3,,name tokens=note,no contextual semantic role identified,UNKNOWN,false,audited role is consistent with baseline role
E669,Sprach.MAIN_MENU,FIELD,Sprach,Sprach,,UNKNOWN,ORCHESTRATION,UNKNOWN,LOW,LOW,name=main|menu,declaring=sprach,,package=sprach,incoming=0;outgoing=0;block=C:\Users\JBNU\git\ConstraintsRecovery\assets\tankwar\asset83:IF:4-23;products=TankWar_P3,,name tokens=main|menu,no contextual semantic role identified,APPLICATION_ORCHESTRATION,true,"audited role separates semantic, architectural, and relevance dimensions"
E670,Sprach.PAUSE,FIELD,Sprach,Sprach,,UNKNOWN,UNKNOWN,UNKNOWN,LOW,LOW,name=pause,declaring=sprach,,package=sprach,incoming=0;outgoing=0;block=C:\Users\JBNU\git\ConstraintsRecovery\assets\tankwar\asset83:IF:4-23;products=TankWar_P3,,name tokens=pause,no contextual semantic role identified,UNKNOWN,false,audited role is consistent with baseline role
E671,Sprach.HNOTE,FIELD,Sprach,Sprach,,UNKNOWN,UNKNOWN,UNKNOWN,LOW,LOW,name=hnote,declaring=sprach,,package=sprach,incoming=0;outgoing=0;block=C:\Users\JBNU\git\ConstraintsRecovery\assets\tankwar\asset83:IF:4-23;products=TankWar_P3,,name tokens=hnote,no contextual semantic role identified,UNKNOWN,false,audited role is consistent with baseline role
E672,Sprach.Name,FIELD,Sprach,Sprach,,UNKNOWN,UNKNOWN,UNKNOWN,LOW,LOW,name=name,declaring=sprach,,package=sprach,incoming=0;outgoing=0;block=C:\Users\JBNU\git\ConstraintsRecovery\assets\tankwar\asset83:IF:4-23;products=TankWar_P3,,name tokens=name,no contextual semantic role identified,UNKNOWN,false,audited role is consistent with baseline role
E673,Sprach.LOSE,FIELD,Sprach,Sprach,,UNKNOWN,UNKNOWN,UNKNOWN,LOW,LOW,name=lose,declaring=sprach,,package=sprach,incoming=0;outgoing=0;block=C:\Users\JBNU\git\ConstraintsRecovery\assets\tankwar\asset83:IF:4-23;products=TankWar_P3,,name tokens=lose,no contextual semantic role identified,UNKNOWN,false,audited role is consistent with baseline role
E674,Sprach.LEVEL,FIELD,Sprach,Sprach,,UNKNOWN,UNKNOWN,UNKNOWN,LOW,LOW,name=level,declaring=sprach,,package=sprach,incoming=0;outgoing=0;block=C:\Users\JBNU\git\ConstraintsRecovery\assets\tankwar\asset83:IF:4-23;products=TankWar_P3,,name tokens=level,no contextual semantic role identified,UNKNOWN,false,audited role is consistent with baseline role
E675,Sprach.WIN,FIELD,Sprach,Sprach,,UNKNOWN,UNKNOWN,UNKNOWN,LOW,LOW,name=win,declaring=sprach,,package=sprach,incoming=0;outgoing=0;block=C:\Users\JBNU\git\ConstraintsRecovery\assets\tankwar\asset83:IF:4-23;products=TankWar_P3,,name tokens=win,no contextual semantic role identified,UNKNOWN,false,audited role is consistent with baseline role
E676,Sprach.TANKA,FIELD,Sprach,Sprach,,UNKNOWN,UNKNOWN,UNKNOWN,LOW,LOW,name=tanka,declaring=sprach,,package=sprach,incoming=0;outgoing=0;block=C:\Users\JBNU\git\ConstraintsRecovery\assets\tankwar\asset83:IF:4-23;products=TankWar_P3,,name tokens=tanka,no contextual semantic role identified,UNKNOWN,false,audited role is consistent with baseline role
E677,Sprach.TANKB,FIELD,Sprach,Sprach,,UNKNOWN,UNKNOWN,UNKNOWN,LOW,LOW,name=tankb,declaring=sprach,,package=sprach,incoming=0;outgoing=0;block=C:\Users\JBNU\git\ConstraintsRecovery\assets\tankwar\asset83:IF:4-23;products=TankWar_P3,,name tokens=tankb,no contextual semantic role identified,UNKNOWN,false,audited role is consistent with baseline role
E678,Sprach.TANKC,FIELD,Sprach,Sprach,,UNKNOWN,UNKNOWN,UNKNOWN,LOW,LOW,name=tankc,declaring=sprach,,package=sprach,incoming=0;outgoing=0;block=C:\Users\JBNU\git\ConstraintsRecovery\assets\tankwar\asset83:IF:4-23;products=TankWar_P3,,name tokens=tankc,no contextual semantic role identified,UNKNOWN,false,audited role is consistent with baseline role
E679,TankManager,CLASS,,,,UNKNOWN,UNKNOWN,UNKNOWN,LOW,LOW,name=manager|tank,,,,incoming=0;outgoing=0;block=C:\Users\JBNU\git\ConstraintsRecovery\assets\tankwar\asset84:IF:4-29;products=TankWar_P4,,name tokens=manager|tank,no contextual semantic role identified,UNKNOWN,false,audited role is consistent with baseline role
E680,TankManager.sound,FIELD,TankManager,TankManager,,UNKNOWN,UNKNOWN,UNKNOWN,LOW,MEDIUM,name=sound,declaring=manager|tank,,package=manager|tank,incoming=4;outgoing=0;block=C:\Users\JBNU\git\ConstraintsRecovery\assets\tankwar\asset84:IF:4-29;products=TankWar_P4,dependency=aktualisieren|manager|tank,name tokens=sound,no contextual semantic role identified,UNKNOWN,false,audited role is consistent with baseline role
E681,TankManager.TankManager,CONSTRUCTOR,TankManager,TankManager,,UNKNOWN,UNKNOWN,UNKNOWN,LOW,LOW,name=manager|tank,declaring=manager|tank,,package=manager|tank,incoming=0;outgoing=0;block=C:\Users\JBNU\git\ConstraintsRecovery\assets\tankwar\asset84:IF:4-29;products=TankWar_P4,,name tokens=manager|tank,no contextual semantic role identified,UNKNOWN,false,audited role is consistent with baseline role
E682,TankManager.aktualisieren,METHOD,TankManager,TankManager,,UNKNOWN,UNKNOWN,UNKNOWN,LOW,MEDIUM,name=aktualisieren,declaring=manager|tank,,package=manager|tank,incoming=0;outgoing=8;block=C:\Users\JBNU\git\ConstraintsRecovery\assets\tankwar\asset84:IF:4-29;products=TankWar_P4,dependency=bg|get|instance|manager|play|player|sound|stop|tank,name tokens=aktualisieren,no contextual semantic role identified,UNKNOWN,false,audited role is consistent with baseline role
E683,TankManager$$TankWar,CLASS,,,,UNKNOWN,UNKNOWN,UNKNOWN,LOW,LOW,name=manager|tank|war,,,,incoming=1;outgoing=1;block=C:\Users\JBNU\git\ConstraintsRecovery\assets\tankwar\asset9:IF:8-248;products=TankWar_P1|TankWar_P2|TankWar_P3|TankWar_P4|TankWar_P5,dependency=manager|midlet|tank|tools,name tokens=manager|tank|war,no contextual semantic role identified,UNKNOWN,false,audited role is consistent with baseline role
E684,TankManager$$TankWar.maler,FIELD,TankManager$$TankWar,TankManager$$TankWar,,UNKNOWN,UNKNOWN,UNKNOWN,LOW,MEDIUM,name=maler,declaring=manager|tank|war,,package=manager|tank|war,incoming=20;outgoing=0;block=C:\Users\JBNU\git\ConstraintsRecovery\assets\tankwar\asset9:IF:8-248;products=TankWar_P1|TankWar_P2|TankWar_P3|TankWar_P4|TankWar_P5,dependency=aktualisieren|behandeln|init|key|komponente|laden|malen|malenkontrolle|manager|press|tank|tanks|war,name tokens=maler,no contextual semantic role identified,UNKNOWN,false,audited role is consistent with baseline role
E685,TankManager$$TankWar.status,FIELD,TankManager$$TankWar,TankManager$$TankWar,,UNKNOWN,UNKNOWN,UNKNOWN,LOW,MEDIUM,name=status,declaring=manager|tank|war,,package=manager|tank|war,incoming=4;outgoing=0;block=C:\Users\JBNU\git\ConstraintsRecovery\assets\tankwar\asset9:IF:8-248;products=TankWar_P1|TankWar_P2|TankWar_P3|TankWar_P4|TankWar_P5,dependency=behandeln|key|malenkontrolle|manager|press|release|set|status|tank|war,name tokens=status,no contextual semantic role identified,UNKNOWN,false,audited role is consistent with baseline role
E686,TankManager$$TankWar.screenHeight,FIELD,TankManager$$TankWar,TankManager$$TankWar,,UNKNOWN,UNKNOWN,UNKNOWN,LOW,MEDIUM,name=height|screen,declaring=manager|tank|war,,package=manager|tank|war,incoming=3;outgoing=0;block=C:\Users\JBNU\git\ConstraintsRecovery\assets\tankwar\asset9:IF:8-248;products=TankWar_P1|TankWar_P2|TankWar_P3|TankWar_P4|TankWar_P5,dependency=aktualisieren|init|koordinate|manager|missile|tank|war,name tokens=height|screen,no contextual semantic role identified,UNKNOWN,false,audited role is consistent with baseline role
E687,TankManager$$TankWar.screenWidth,FIELD,TankManager$$TankWar,TankManager$$TankWar,,UNKNOWN,UNKNOWN,UNKNOWN,LOW,MEDIUM,name=screen|width,declaring=manager|tank|war,,package=manager|tank|war,incoming=17;outgoing=0;block=C:\Users\JBNU\git\ConstraintsRecovery\assets\tankwar\asset9:IF:8-248;products=TankWar_P1|TankWar_P2|TankWar_P3|TankWar_P4|TankWar_P5,dependency=aktualisieren|effekt|explodieren|init|koordinate|manager|missile|tank|war,name tokens=screen|width,no contextual semantic role identified,UNKNOWN,false,audited role is consistent with baseline role
E688,TankManager$$TankWar.koernigkeit,FIELD,TankManager$$TankWar,TankManager$$TankWar,,UNKNOWN,UNKNOWN,UNKNOWN,LOW,MEDIUM,name=koernigkeit,declaring=manager|tank|war,,package=manager|tank|war,incoming=10;outgoing=0;block=C:\Users\JBNU\git\ConstraintsRecovery\assets\tankwar\asset9:IF:8-248;products=TankWar_P1|TankWar_P2|TankWar_P3|TankWar_P4|TankWar_P5,dependency=beschleunigung|bombe|einfrieren|energie|feuerkraft|init|kontroller|manager|mars|tank|tool|wall|war,name tokens=koernigkeit,no contextual semantic role identified,UNKNOWN,false,audited role is consistent with baseline role
E689,TankManager$$TankWar.koernigkeit2,FIELD,TankManager$$TankWar,TankManager$$TankWar,,UNKNOWN,UNKNOWN,UNKNOWN,LOW,MEDIUM,name=koernigkeit2,declaring=manager|tank|war,,package=manager|tank|war,incoming=52;outgoing=0;block=C:\Users\JBNU\git\ConstraintsRecovery\assets\tankwar\asset9:IF:8-248;products=TankWar_P1|TankWar_P2|TankWar_P3|TankWar_P4|TankWar_P5,dependency=aktualisieren|beschleunigung|bombe|effekt|einfrieren|energie|explodieren|feuerkraft|game|image|init|koordinate|malen|manager|mars|missile|object|tank|tool|wall|war,name tokens=koernigkeit2,no contextual semantic role identified,UNKNOWN,false,audited role is consistent with baseline role
E690,TankManager$$TankWar.name,FIELD,TankManager$$TankWar,TankManager$$TankWar,,UNKNOWN,UNKNOWN,UNKNOWN,LOW,LOW,name=name,declaring=manager|tank|war,,package=manager|tank|war,incoming=0;outgoing=0;block=C:\Users\JBNU\git\ConstraintsRecovery\assets\tankwar\asset9:IF:8-248;products=TankWar_P1|TankWar_P2|TankWar_P3|TankWar_P4|TankWar_P5,,name tokens=name,no contextual semantic role identified,UNKNOWN,false,audited role is consistent with baseline role
E691,TankManager$$TankWar.tank1,FIELD,TankManager$$TankWar,TankManager$$TankWar,,UNKNOWN,UNKNOWN,UNKNOWN,LOW,MEDIUM,name=tank1,declaring=manager|tank|war,,package=manager|tank|war,incoming=24;outgoing=0;block=C:\Users\JBNU\git\ConstraintsRecovery\assets\tankwar\asset9:IF:8-248;products=TankWar_P1|TankWar_P2|TankWar_P3|TankWar_P4|TankWar_P5,dependency=add|behandeln|blood|bombe|einfrieren|enemy|erkennen|explodieren|feind|get|key|ki|komponente|laden|malen|manager|map|press|release|tank|tanks|tool|tools|treffen|war,name tokens=tank1,no contextual semantic role identified,UNKNOWN,false,audited role is consistent with baseline role
E692,TankManager$$TankWar.tank2,FIELD,TankManager$$TankWar,TankManager$$TankWar,,UNKNOWN,UNKNOWN,UNKNOWN,LOW,MEDIUM,name=tank2,declaring=manager|tank|war,,package=manager|tank|war,incoming=7;outgoing=0;block=C:\Users\JBNU\git\ConstraintsRecovery\assets\tankwar\asset9:IF:8-248;products=TankWar_P1|TankWar_P2|TankWar_P3|TankWar_P4|TankWar_P5,dependency=add|behandeln|bombe|einfrieren|enemy|erkennen|laden|manager|map|tank|tool|tools|treffen|war,name tokens=tank2,no contextual semantic role identified,UNKNOWN,false,audited role is consistent with baseline role
E693,TankManager$$TankWar.base,FIELD,TankManager$$TankWar,TankManager$$TankWar,,UNKNOWN,UNKNOWN,UNKNOWN,LOW,MEDIUM,name=base,declaring=manager|tank|war,,package=manager|tank|war,incoming=6;outgoing=0;block=C:\Users\JBNU\git\ConstraintsRecovery\assets\tankwar\asset9:IF:8-248;products=TankWar_P1|TankWar_P2|TankWar_P3|TankWar_P4|TankWar_P5,dependency=add|behandeln|bombe|enemy|komponente|laden|malen|manager|map|tank|tanks|tool|war,name tokens=base,no contextual semantic role identified,UNKNOWN,false,audited role is consistent with baseline role
E694,TankManager$$TankWar.lvl,FIELD,TankManager$$TankWar,TankManager$$TankWar,,UNKNOWN,UNKNOWN,UNKNOWN,LOW,MEDIUM,name=lvl,declaring=manager|tank|war,,package=manager|tank|war,incoming=3;outgoing=0;block=C:\Users\JBNU\git\ConstraintsRecovery\assets\tankwar\asset9:IF:8-248;products=TankWar_P1|TankWar_P2|TankWar_P3|TankWar_P4|TankWar_P5,dependency=laden|malenkontrolle|manager|map|tank|war,name tokens=lvl,no contextual semantic role identified,UNKNOWN,false,audited role is consistent with baseline role
E695,TankManager$$TankWar.tankMenge,FIELD,TankManager$$TankWar,TankManager$$TankWar,,UNKNOWN,UNKNOWN,UNKNOWN,LOW,MEDIUM,name=menge|tank,declaring=manager|tank|war,,package=manager|tank|war,incoming=23;outgoing=0;block=C:\Users\JBNU\git\ConstraintsRecovery\assets\tankwar\asset9:IF:8-248;products=TankWar_P1|TankWar_P2|TankWar_P3|TankWar_P4|TankWar_P5,dependency=add|aktualisieren|behandeln|bombe|einfrieren|enemy|erkennen|explodieren|komponente|kontroller|koordinate|laden|malen|manager|map|missile|tank|tanks|tool|treffen|war,name tokens=menge|tank,no contextual semantic role identified,UNKNOWN,false,audited role is consistent with baseline role
E696,TankManager$$TankWar.missilesMenge,FIELD,TankManager$$TankWar,TankManager$$TankWar,,UNKNOWN,UNKNOWN,UNKNOWN,LOW,MEDIUM,name=menge|missiles,declaring=manager|tank|war,,package=manager|tank|war,incoming=8;outgoing=0;block=C:\Users\JBNU\git\ConstraintsRecovery\assets\tankwar\asset9:IF:8-248;products=TankWar_P1|TankWar_P2|TankWar_P3|TankWar_P4|TankWar_P5,dependency=aktualisieren|erkennen|explodieren|feuern|komponente|koordinate|malen|manager|missile|remove|tank|treffen|war,name tokens=menge|missiles,no contextual semantic role identified,UNKNOWN,false,audited role is consistent with baseline role
E697,TankManager$$TankWar.brickwall,FIELD,TankManager$$TankWar,TankManager$$TankWar,,UNKNOWN,UNKNOWN,UNKNOWN,LOW,MEDIUM,name=brickwall,declaring=manager|tank|war,,package=manager|tank|war,incoming=4;outgoing=0;block=C:\Users\JBNU\git\ConstraintsRecovery\assets\tankwar\asset9:IF:8-248;products=TankWar_P1|TankWar_P2|TankWar_P3|TankWar_P4|TankWar_P5,dependency=aktualisieren|erkennen|komponente|koordinate|laden|malen|manager|map|missile|tank|treffen|war,name tokens=brickwall,no contextual semantic role identified,UNKNOWN,false,audited role is consistent with baseline role
E698,TankManager$$TankWar.metalwall,FIELD,TankManager$$TankWar,TankManager$$TankWar,,UNKNOWN,UNKNOWN,UNKNOWN,LOW,MEDIUM,name=metalwall,declaring=manager|tank|war,,package=manager|tank|war,incoming=4;outgoing=0;block=C:\Users\JBNU\git\ConstraintsRecovery\assets\tankwar\asset9:IF:8-248;products=TankWar_P1|TankWar_P2|TankWar_P3|TankWar_P4|TankWar_P5,dependency=aktualisieren|erkennen|komponente|koordinate|laden|malen|manager|map|missile|tank|treffen|war,name tokens=metalwall,no contextual semantic role identified,UNKNOWN,false,audited role is consistent with baseline role
E699,TankManager$$TankWar.grasswall,FIELD,TankManager$$TankWar,TankManager$$TankWar,,UNKNOWN,UNKNOWN,UNKNOWN,LOW,MEDIUM,name=grasswall,declaring=manager|tank|war,,package=manager|tank|war,incoming=2;outgoing=0;block=C:\Users\JBNU\git\ConstraintsRecovery\assets\tankwar\asset9:IF:8-248;products=TankWar_P1|TankWar_P2|TankWar_P3|TankWar_P4|TankWar_P5,dependency=komponente|laden|malen|manager|map|tank|war,name tokens=grasswall,no contextual semantic role identified,UNKNOWN,false,audited role is consistent with baseline role
E700,TankManager$$TankWar.waterwall,FIELD,TankManager$$TankWar,TankManager$$TankWar,,UNKNOWN,UNKNOWN,UNKNOWN,LOW,MEDIUM,name=waterwall,declaring=manager|tank|war,,package=manager|tank|war,incoming=3;outgoing=0;block=C:\Users\JBNU\git\ConstraintsRecovery\assets\tankwar\asset9:IF:8-248;products=TankWar_P1|TankWar_P2|TankWar_P3|TankWar_P4|TankWar_P5,dependency=aktualisieren|komponente|koordinate|laden|malen|manager|map|tank|war,name tokens=waterwall,no contextual semantic role identified,UNKNOWN,false,audited role is consistent with baseline role
E701,TankManager$$TankWar.enemyPosition,FIELD,TankManager$$TankWar,TankManager$$TankWar,,UNKNOWN,UNKNOWN,UNKNOWN,LOW,MEDIUM,name=enemy|position,declaring=manager|tank|war,,package=manager|tank|war,incoming=5;outgoing=0;block=C:\Users\JBNU\git\ConstraintsRecovery\assets\tankwar\asset9:IF:8-248;products=TankWar_P1|TankWar_P2|TankWar_P3|TankWar_P4|TankWar_P5,dependency=add|enemy|laden|manager|map|tank|tanks|war,name tokens=enemy|position,no contextual semantic role identified,DOMAIN_CORE,true,"audited role separates semantic, architectural, and relevance dimensions"
E702,TankManager$$TankWar.enemyType,FIELD,TankManager$$TankWar,TankManager$$TankWar,,UNKNOWN,UNKNOWN,UNKNOWN,LOW,MEDIUM,name=enemy|type,declaring=manager|tank|war,,package=manager|tank|war,incoming=5;outgoing=0;block=C:\Users\JBNU\git\ConstraintsRecovery\assets\tankwar\asset9:IF:8-248;products=TankWar_P1|TankWar_P2|TankWar_P3|TankWar_P4|TankWar_P5,dependency=add|enemy|laden|manager|map|tank|tanks|war,name tokens=enemy|type,no contextual semantic role identified,UNKNOWN,false,audited role is consistent with baseline role
E703,TankManager$$TankWar.playerPositionX,FIELD,TankManager$$TankWar,TankManager$$TankWar,,UNKNOWN,UNKNOWN,UNKNOWN,LOW,MEDIUM,name=player|position|x,declaring=manager|tank|war,,package=manager|tank|war,incoming=2;outgoing=0;block=C:\Users\JBNU\git\ConstraintsRecovery\assets\tankwar\asset9:IF:8-248;products=TankWar_P1|TankWar_P2|TankWar_P3|TankWar_P4|TankWar_P5,dependency=laden|manager|map|tank|tanks|war,name tokens=player|position|x,no contextual semantic role identified,DOMAIN_CORE,true,"audited role separates semantic, architectural, and relevance dimensions"
E704,TankManager$$TankWar.playerPositionY,FIELD,TankManager$$TankWar,TankManager$$TankWar,,UNKNOWN,UNKNOWN,UNKNOWN,LOW,MEDIUM,name=player|position|y,declaring=manager|tank|war,,package=manager|tank|war,incoming=2;outgoing=0;block=C:\Users\JBNU\git\ConstraintsRecovery\assets\tankwar\asset9:IF:8-248;products=TankWar_P1|TankWar_P2|TankWar_P3|TankWar_P4|TankWar_P5,dependency=laden|manager|map|tank|tanks|war,name tokens=player|position|y,no contextual semantic role identified,DOMAIN_CORE,true,"audited role separates semantic, architectural, and relevance dimensions"
E705,TankManager$$TankWar.bPositionX,FIELD,TankManager$$TankWar,TankManager$$TankWar,,UNKNOWN,UNKNOWN,UNKNOWN,LOW,MEDIUM,name=b|position|x,declaring=manager|tank|war,,package=manager|tank|war,incoming=3;outgoing=0;block=C:\Users\JBNU\git\ConstraintsRecovery\assets\tankwar\asset9:IF:8-248;products=TankWar_P1|TankWar_P2|TankWar_P3|TankWar_P4|TankWar_P5,dependency=laden|manager|map|tank|tanks|war,name tokens=b|position|x,no contextual semantic role identified,DOMAIN_CORE,true,"audited role separates semantic, architectural, and relevance dimensions"
E706,TankManager$$TankWar.bPositionY,FIELD,TankManager$$TankWar,TankManager$$TankWar,,UNKNOWN,UNKNOWN,UNKNOWN,LOW,MEDIUM,name=b|position|y,declaring=manager|tank|war,,package=manager|tank|war,incoming=2;outgoing=0;block=C:\Users\JBNU\git\ConstraintsRecovery\assets\tankwar\asset9:IF:8-248;products=TankWar_P1|TankWar_P2|TankWar_P3|TankWar_P4|TankWar_P5,dependency=laden|manager|map|tank|tanks|war,name tokens=b|position|y,no contextual semantic role identified,DOMAIN_CORE,true,"audited role separates semantic, architectural, and relevance dimensions"
E707,TankManager$$TankWar.tankAllNum,FIELD,TankManager$$TankWar,TankManager$$TankWar,,UNKNOWN,UNKNOWN,UNKNOWN,LOW,MEDIUM,name=all|num|tank,declaring=manager|tank|war,,package=manager|tank|war,incoming=6;outgoing=0;block=C:\Users\JBNU\git\ConstraintsRecovery\assets\tankwar\asset9:IF:8-248;products=TankWar_P1|TankWar_P2|TankWar_P3|TankWar_P4|TankWar_P5,dependency=add|enemy|get|komponente|laden|malen|manager|map|menge|tank|tanks|war,name tokens=all|num|tank,no contextual semantic role identified,UNKNOWN,false,audited role is consistent with baseline role
E708,TankManager$$TankWar.tankMaxNum,FIELD,TankManager$$TankWar,TankManager$$TankWar,,UNKNOWN,UNKNOWN,UNKNOWN,LOW,MEDIUM,name=max|num|tank,declaring=manager|tank|war,,package=manager|tank|war,incoming=2;outgoing=0;block=C:\Users\JBNU\git\ConstraintsRecovery\assets\tankwar\asset9:IF:8-248;products=TankWar_P1|TankWar_P2|TankWar_P3|TankWar_P4|TankWar_P5,dependency=add|enemy|laden|manager|map|tank|war,name tokens=max|num|tank,no contextual semantic role identified,UNKNOWN,false,audited role is consistent with baseline role
E709,TankManager$$TankWar.enemyTankNum,FIELD,TankManager$$TankWar,TankManager$$TankWar,,UNKNOWN,UNKNOWN,UNKNOWN,LOW,MEDIUM,name=enemy|num|tank,declaring=manager|tank|war,,package=manager|tank|war,incoming=4;outgoing=0;block=C:\Users\JBNU\git\ConstraintsRecovery\assets\tankwar\asset9:IF:8-248;products=TankWar_P1|TankWar_P2|TankWar_P3|TankWar_P4|TankWar_P5,dependency=add|enemy|get|komponente|malen|manager|menge|tank|war,name tokens=enemy|num|tank,no contextual semantic role identified,UNKNOWN,false,audited role is consistent with baseline role
E710,TankManager$$TankWar.random,FIELD,TankManager$$TankWar,TankManager$$TankWar,,UNKNOWN,UNKNOWN,UNKNOWN,LOW,MEDIUM,name=random,declaring=manager|tank|war,,package=manager|tank|war,incoming=3;outgoing=0;block=C:\Users\JBNU\git\ConstraintsRecovery\assets\tankwar\asset9:IF:8-248;products=TankWar_P1|TankWar_P2|TankWar_P3|TankWar_P4|TankWar_P5,dependency=add|enemy|laden|manager|tank|tanks|war,name tokens=random,no contextual semantic role identified,UNKNOWN,false,audited role is consistent with baseline role
E711,TankManager$$TankWar.game,FIELD,TankManager$$TankWar,TankManager$$TankWar,,UNKNOWN,UNKNOWN,UNKNOWN,LOW,MEDIUM,name=game,declaring=manager|tank|war,,package=manager|tank|war,incoming=4;outgoing=0;block=C:\Users\JBNU\git\ConstraintsRecovery\assets\tankwar\asset9:IF:8-248;products=TankWar_P1|TankWar_P2|TankWar_P3|TankWar_P4|TankWar_P5,dependency=komponente|malen|malenkontrolle|manager|tank|war,name tokens=game,no contextual semantic role identified,UNKNOWN,false,audited role is consistent with baseline role
E712,TankManager$$TankWar.mapReady,FIELD,TankManager$$TankWar,TankManager$$TankWar,,UNKNOWN,UNKNOWN,UNKNOWN,LOW,MEDIUM,name=map|ready,declaring=manager|tank|war,,package=manager|tank|war,incoming=3;outgoing=0;block=C:\Users\JBNU\git\ConstraintsRecovery\assets\tankwar\asset9:IF:8-248;products=TankWar_P1|TankWar_P2|TankWar_P3|TankWar_P4|TankWar_P5,dependency=komponente|laden|malen|manager|map|tank|tanks|war,name tokens=map|ready,no contextual semantic role identified,UNKNOWN,false,audited role is consistent with baseline role
E713,TankManager$$TankWar.TankManager$$TankWar,CONSTRUCTOR,TankManager$$TankWar,TankManager$$TankWar,,UNKNOWN,UNKNOWN,UNKNOWN,LOW,MEDIUM,name=manager|tank|war,declaring=manager|tank|war,,package=manager|tank|war,incoming=0;outgoing=1;block=C:\Users\JBNU\git\ConstraintsRecovery\assets\tankwar\asset9:IF:8-248;products=TankWar_P1|TankWar_P2|TankWar_P3|TankWar_P4|TankWar_P5,dependency=init|manager|tank|war,name tokens=manager|tank|war,no contextual semantic role identified,UNKNOWN,false,audited role is consistent with baseline role
E714,TankManager$$TankWar.main,METHOD,TankManager$$TankWar,TankManager$$TankWar,,UNKNOWN,ORCHESTRATION,UNKNOWN,LOW,MEDIUM,name=main,declaring=manager|tank|war,,package=manager|tank|war,incoming=0;outgoing=7;block=C:\Users\JBNU\git\ConstraintsRecovery\assets\tankwar\asset9:IF:8-248;products=TankWar_P1|TankWar_P2|TankWar_P3|TankWar_P4|TankWar_P5,dependency=maler|tool,name tokens=main,no contextual semantic role identified,APPLICATION_ORCHESTRATION,true,"audited role separates semantic, architectural, and relevance dimensions"
E715,TankManager$$TankWar.init,METHOD,TankManager$$TankWar,TankManager$$TankWar,,UNKNOWN,UNKNOWN,UNKNOWN,LOW,MEDIUM,name=init,declaring=manager|tank|war,,package=manager|tank|war,incoming=1;outgoing=14;block=C:\Users\JBNU\git\ConstraintsRecovery\assets\tankwar\asset9:IF:8-248;products=TankWar_P1|TankWar_P2|TankWar_P3|TankWar_P4|TankWar_P5,dependency=get|height|koernigkeit|koernigkeit2|maler|manager|pc|screen|tank|war|width|zeit,name tokens=init,no contextual semantic role identified,UNKNOWN,false,audited role is consistent with baseline role
E716,TankManager$$TankWar.aktualisieren,METHOD,TankManager$$TankWar,TankManager$$TankWar,,UNKNOWN,UNKNOWN,UNKNOWN,LOW,MEDIUM,name=aktualisieren,declaring=manager|tank|war,,package=manager|tank|war,incoming=0;outgoing=1;block=C:\Users\JBNU\git\ConstraintsRecovery\assets\tankwar\asset9:IF:8-248;products=TankWar_P1|TankWar_P2|TankWar_P3|TankWar_P4|TankWar_P5,dependency=maler|manager|tank|war,name tokens=aktualisieren,no contextual semantic role identified,UNKNOWN,false,audited role is consistent with baseline role
E717,TankManager$$TankWar.keyPressBehandeln,METHOD,TankManager$$TankWar,TankManager$$TankWar,,UNKNOWN,UNKNOWN,UNKNOWN,LOW,MEDIUM,name=behandeln|key|press,declaring=manager|tank|war,,package=manager|tank|war,incoming=0;outgoing=7;block=C:\Users\JBNU\git\ConstraintsRecovery\assets\tankwar\asset9:IF:8-248;products=TankWar_P1|TankWar_P2|TankWar_P3|TankWar_P4|TankWar_P5,dependency=behandeln|key|maler|manager|pc|pressed|status|tank|tank1|war,name tokens=behandeln|key|press,no contextual semantic role identified,UNKNOWN,false,audited role is consistent with baseline role
E718,TankManager$$TankWar.keyReleaseBehandeln,METHOD,TankManager$$TankWar,TankManager$$TankWar,,UNKNOWN,UNKNOWN,UNKNOWN,LOW,MEDIUM,name=behandeln|key|release,declaring=manager|tank|war,,package=manager|tank|war,incoming=0;outgoing=3;block=C:\Users\JBNU\git\ConstraintsRecovery\assets\tankwar\asset9:IF:8-248;products=TankWar_P1|TankWar_P2|TankWar_P3|TankWar_P4|TankWar_P5,dependency=manager|status|tank|tank1|war,name tokens=behandeln|key|release,no contextual semantic role identified,UNKNOWN,false,audited role is consistent with baseline role
E719,TankManager$$TankWar.malenkontrolle,METHOD,TankManager$$TankWar,TankManager$$TankWar,,UNKNOWN,UNKNOWN,UNKNOWN,LOW,MEDIUM,name=malenkontrolle,declaring=manager|tank|war,,package=manager|tank|war,incoming=0;outgoing=21;block=C:\Users\JBNU\git\ConstraintsRecovery\assets\tankwar\asset9:IF:8-248;products=TankWar_P1|TankWar_P2|TankWar_P3|TankWar_P4|TankWar_P5,dependency=exit|game|help|komponente|level|lvl|main|malen|maler|manager|menu|pause|pc|status|tank|waehlen|war,name tokens=malenkontrolle,no contextual semantic role identified,UNKNOWN,false,audited role is consistent with baseline role
E720,TankManager$$TankWar.komponenteMalen,METHOD,TankManager$$TankWar,TankManager$$TankWar,,UNKNOWN,UNKNOWN,UNKNOWN,LOW,MEDIUM,name=komponente|malen,declaring=manager|tank|war,,package=manager|tank|war,incoming=4;outgoing=29;block=C:\Users\JBNU\git\ConstraintsRecovery\assets\tankwar\asset9:IF:8-248;products=TankWar_P1|TankWar_P2|TankWar_P3|TankWar_P4|TankWar_P5,dependency=add|all|base|brickwall|enemy|energie|game|grasswall|gruppe|laden|malen|malenkontrolle|maler|manager|map|menge|metalwall|missiles|num|ready|tank|tank1|tanks|war|waterwall,name tokens=komponente|malen,no contextual semantic role identified,UNKNOWN,false,audited role is consistent with baseline role
E721,TankManager$$TankWar.gruppeMalen,METHOD,TankManager$$TankWar,TankManager$$TankWar,,UNKNOWN,UNKNOWN,UNKNOWN,LOW,MEDIUM,name=gruppe|malen,declaring=manager|tank|war,,package=manager|tank|war,incoming=8;outgoing=0;block=C:\Users\JBNU\git\ConstraintsRecovery\assets\tankwar\asset9:IF:8-248;products=TankWar_P1|TankWar_P2|TankWar_P3|TankWar_P4|TankWar_P5,dependency=explodieren|komponente|malen|manager|tank|tools|war,name tokens=gruppe|malen,no contextual semantic role identified,UNKNOWN,false,audited role is consistent with baseline role
E722,TankManager$$TankWar.setStatus,METHOD,TankManager$$TankWar,TankManager$$TankWar,,UNKNOWN,UNKNOWN,UNKNOWN,LOW,MEDIUM,name=set|status,declaring=manager|tank|war,,package=manager|tank|war,incoming=0;outgoing=1;block=C:\Users\JBNU\git\ConstraintsRecovery\assets\tankwar\asset9:IF:8-248;products=TankWar_P1|TankWar_P2|TankWar_P3|TankWar_P4|TankWar_P5,dependency=manager|status|tank|war,name tokens=set|status,no contextual semantic role identified,UNKNOWN,false,audited role is consistent with baseline role
E723,TankManager$$TankWar.mapLaden,METHOD,TankManager$$TankWar,TankManager$$TankWar,,UNKNOWN,UNKNOWN,UNKNOWN,LOW,MEDIUM,name=laden|map,declaring=manager|tank|war,,package=manager|tank|war,incoming=1;outgoing=30;block=C:\Users\JBNU\git\ConstraintsRecovery\assets\tankwar\asset9:IF:8-248;products=TankWar_P1|TankWar_P2|TankWar_P3|TankWar_P4|TankWar_P5,dependency=all|b|base|brick|brickwall|enemy|grass|grasswall|info|komponente|location|lvl|malen|manager|map|max|menge|metal|metalwall|nr|num|player|position|read|ready|tank|tank1|tank2|type|wall|war|water|waterwall|x|y,name tokens=laden|map,no contextual semantic role identified,UNKNOWN,false,audited role is consistent with baseline role
E724,TankManager$$TankWar.tanksLaden,METHOD,TankManager$$TankWar,TankManager$$TankWar,,UNKNOWN,UNKNOWN,UNKNOWN,LOW,MEDIUM,name=laden|tanks,declaring=manager|tank|war,,package=manager|tank|war,incoming=1;outgoing=21;block=C:\Users\JBNU\git\ConstraintsRecovery\assets\tankwar\asset9:IF:8-248;products=TankWar_P1|TankWar_P2|TankWar_P3|TankWar_P4|TankWar_P5,dependency=all|b|base|enemy|komponente|malen|maler|manager|map|menge|num|pc|player|position|random|ready|tank|tank1|type|war|x|y,name tokens=laden|tanks,no contextual semantic role identified,UNKNOWN,false,audited role is consistent with baseline role
E725,TankManager$$TankWar.addEnemyTank,METHOD,TankManager$$TankWar,TankManager$$TankWar,,UNKNOWN,UNKNOWN,UNKNOWN,LOW,MEDIUM,name=add|enemy|tank,declaring=manager|tank|war,,package=manager|tank|war,incoming=1;outgoing=17;block=C:\Users\JBNU\git\ConstraintsRecovery\assets\tankwar\asset9:IF:8-248;products=TankWar_P1|TankWar_P2|TankWar_P3|TankWar_P4|TankWar_P5,dependency=all|base|enemy|komponente|malen|manager|max|menge|num|position|random|tank|tank1|tank2|type|war,name tokens=add|enemy|tank,no contextual semantic role identified,UNKNOWN,false,audited role is consistent with baseline role
E726,TankManager$$TankWar.getBlood,METHOD,TankManager$$TankWar,TankManager$$TankWar,,UNKNOWN,UNKNOWN,UNKNOWN,LOW,MEDIUM,name=blood|get,declaring=manager|tank|war,,package=manager|tank|war,incoming=0;outgoing=3;block=C:\Users\JBNU\git\ConstraintsRecovery\assets\tankwar\asset9:IF:8-248;products=TankWar_P1|TankWar_P2|TankWar_P3|TankWar_P4|TankWar_P5,dependency=energie|manager|tank|tank1|war,name tokens=blood|get,no contextual semantic role identified; getter has no domain target concept,UNKNOWN,false,audited role is consistent with baseline role
E727,TankManager$$TankWar.getTankMenge,METHOD,TankManager$$TankWar,TankManager$$TankWar,,UNKNOWN,UNKNOWN,UNKNOWN,LOW,MEDIUM,name=get|menge|tank,declaring=manager|tank|war,,package=manager|tank|war,incoming=0;outgoing=2;block=C:\Users\JBNU\git\ConstraintsRecovery\assets\tankwar\asset9:IF:8-248;products=TankWar_P1|TankWar_P2|TankWar_P3|TankWar_P4|TankWar_P5,dependency=all|enemy|manager|num|tank|war,name tokens=get|menge|tank,no contextual semantic role identified; getter has no domain target concept,UNKNOWN,false,audited role is consistent with baseline role
