relation_id,source_block_id,target_block_id,source_entity_id,target_entity_id,target_text,relation_type,source_file,source_line,source_group_id,target_group_id,source_signature,target_signature,source_entity_role,target_entity_role,dependency_strength,domain_relevance,requires_relevance,exclusion_reason,resolution_status,observed_product_set
D694,C:\Users\JBNU\git\ConstraintsRecovery\assets\tankwar\asset1:IF:8-128,C:\Users\JBNU\git\ConstraintsRecovery\assets\tankwar\asset22:IF:8-80,E1,E257,,EXTENDS,C:\Users\JBNU\git\ConstraintsRecovery\assets\tankwar\asset1,12,G4,G4,TankWar_P1|TankWar_P2|TankWar_P3|TankWar_P4|TankWar_P5,TankWar_P1|TankWar_P2|TankWar_P3|TankWar_P4|TankWar_P5,UNKNOWN,UNKNOWN,0.900,0.200,LOW,NONE,RESOLVED_INTERNAL,TankWar_P1|TankWar_P2|TankWar_P3|TankWar_P4|TankWar_P5
D695,C:\Users\JBNU\git\ConstraintsRecovery\assets\tankwar\asset1:IF:8-128,C:\Users\JBNU\git\ConstraintsRecovery\assets\tankwar\asset1:IF:8-128,E10,E6,,FIELD_REFERENCE,C:\Users\JBNU\git\ConstraintsRecovery\assets\tankwar\asset1,20,G4,G4,TankWar_P1|TankWar_P2|TankWar_P3|TankWar_P4|TankWar_P5,TankWar_P1|TankWar_P2|TankWar_P3|TankWar_P4|TankWar_P5,UNKNOWN,UNKNOWN,0.600,0.200,LOW,INTRA_BLOCK,RESOLVED_INTERNAL,TankWar_P1|TankWar_P2|TankWar_P3|TankWar_P4|TankWar_P5
D696,C:\Users\JBNU\git\ConstraintsRecovery\assets\tankwar\asset1:IF:8-128,C:\Users\JBNU\git\ConstraintsRecovery\assets\tankwar\asset1:IF:8-128,E10,E7,,FIELD_REFERENCE,C:\Users\JBNU\git\ConstraintsRecovery\assets\tankwar\asset1,20,G4,G4,TankWar_P1|TankWar_P2|TankWar_P3|TankWar_P4|TankWar_P5,TankWar_P1|TankWar_P2|TankWar_P3|TankWar_P4|TankWar_P5,UNKNOWN,UNKNOWN,0.600,0.200,LOW,INTRA_BLOCK,RESOLVED_INTERNAL,TankWar_P1|TankWar_P2|TankWar_P3|TankWar_P4|TankWar_P5
D697,C:\Users\JBNU\git\ConstraintsRecovery\assets\tankwar\asset1:IF:8-128,C:\Users\JBNU\git\ConstraintsRecovery\assets\tankwar\asset1:IF:8-128,E10,E9,,FIELD_REFERENCE,C:\Users\JBNU\git\ConstraintsRecovery\assets\tankwar\asset1,20,G4,G4,TankWar_P1|TankWar_P2|TankWar_P3|TankWar_P4|TankWar_P5,TankWar_P1|TankWar_P2|TankWar_P3|TankWar_P4|TankWar_P5,UNKNOWN,UNKNOWN,0.600,0.200,LOW,INTRA_BLOCK,RESOLVED_INTERNAL,TankWar_P1|TankWar_P2|TankWar_P3|TankWar_P4|TankWar_P5
D698,C:\Users\JBNU\git\ConstraintsRecovery\assets\tankwar\asset1:IF:8-128,C:\Users\JBNU\git\ConstraintsRecovery\assets\tankwar\asset22:IF:8-80,E11,E266,,FIELD_REFERENCE,C:\Users\JBNU\git\ConstraintsRecovery\assets\tankwar\asset1,24,G4,G4,TankWar_P1|TankWar_P2|TankWar_P3|TankWar_P4|TankWar_P5,TankWar_P1|TankWar_P2|TankWar_P3|TankWar_P4|TankWar_P5,UNKNOWN,UNKNOWN,0.600,0.200,LOW,NONE,RESOLVED_INTERNAL,TankWar_P1|TankWar_P2|TankWar_P3|TankWar_P4|TankWar_P5
D699,C:\Users\JBNU\git\ConstraintsRecovery\assets\tankwar\asset1:IF:8-128,C:\Users\JBNU\git\ConstraintsRecovery\assets\tankwar\asset1:IF:8-128,E11,E7,,FIELD_REFERENCE,C:\Users\JBNU\git\ConstraintsRecovery\assets\tankwar\asset1,25,G4,G4,TankWar_P1|TankWar_P2|TankWar_P3|TankWar_P4|TankWar_P5,TankWar_P1|TankWar_P2|TankWar_P3|TankWar_P4|TankWar_P5,UNKNOWN,UNKNOWN,0.600,0.200,LOW,INTRA_BLOCK,RESOLVED_INTERNAL,TankWar_P1|TankWar_P2|TankWar_P3|TankWar_P4|TankWar_P5
D700,C:\Users\JBNU\git\ConstraintsRecovery\assets\tankwar\asset1:IF:8-128,C:\Users\JBNU\git\ConstraintsRecovery\assets\tankwar\asset1:IF:8-128,E11,E9,,FIELD_REFERENCE,C:\Users\JBNU\git\ConstraintsRecovery\assets\tankwar\asset1,26,G4,G4,TankWar_P1|TankWar_P2|TankWar_P3|TankWar_P4|TankWar_P5,TankWar_P1|TankWar_P2|TankWar_P3|TankWar_P4|TankWar_P5,UNKNOWN,UNKNOWN,0.600,0.200,LOW,INTRA_BLOCK,RESOLVED_INTERNAL,TankWar_P1|TankWar_P2|TankWar_P3|TankWar_P4|TankWar_P5
D701,C:\Users\JBNU\git\ConstraintsRecovery\assets\tankwar\asset1:IF:8-128,C:\Users\JBNU\git\ConstraintsRecovery\assets\tankwar\asset22:IF:8-80,E11,E267,,FIELD_REFERENCE,C:\Users\JBNU\git\ConstraintsRecovery\assets\tankwar\asset1,27,G4,G4,TankWar_P1|TankWar_P2|TankWar_P3|TankWar_P4|TankWar_P5,TankWar_P1|TankWar_P2|TankWar_P3|TankWar_P4|TankWar_P5,UNKNOWN,UNKNOWN,0.600,0.200,LOW,NONE,RESOLVED_INTERNAL,TankWar_P1|TankWar_P2|TankWar_P3|TankWar_P4|TankWar_P5
D702,C:\Users\JBNU\git\ConstraintsRecovery\assets\tankwar\asset1:IF:8-128,C:\Users\JBNU\git\ConstraintsRecovery\assets\tankwar\asset1:IF:8-128,E11,E6,,FIELD_REFERENCE,C:\Users\JBNU\git\ConstraintsRecovery\assets\tankwar\asset1,28,G4,G4,TankWar_P1|TankWar_P2|TankWar_P3|TankWar_P4|TankWar_P5,TankWar_P1|TankWar_P2|TankWar_P3|TankWar_P4|TankWar_P5,UNKNOWN,UNKNOWN,0.600,0.200,LOW,INTRA_BLOCK,RESOLVED_INTERNAL,TankWar_P1|TankWar_P2|TankWar_P3|TankWar_P4|TankWar_P5
D703,C:\Users\JBNU\git\ConstraintsRecovery\assets\tankwar\asset1:IF:8-128,C:\Users\JBNU\git\ConstraintsRecovery\assets\tankwar\asset22:IF:8-80,E11,E270,,FIELD_REFERENCE,C:\Users\JBNU\git\ConstraintsRecovery\assets\tankwar\asset1,31,G4,G4,TankWar_P1|TankWar_P2|TankWar_P3|TankWar_P4|TankWar_P5,TankWar_P1|TankWar_P2|TankWar_P3|TankWar_P4|TankWar_P5,UNKNOWN,UNKNOWN,0.600,0.200,LOW,NONE,RESOLVED_INTERNAL,TankWar_P1|TankWar_P2|TankWar_P3|TankWar_P4|TankWar_P5
D704,C:\Users\JBNU\git\ConstraintsRecovery\assets\tankwar\asset1:IF:8-128,C:\Users\JBNU\git\ConstraintsRecovery\assets\tankwar\asset9:IF:8-248,E11,E689,,FIELD_REFERENCE,C:\Users\JBNU\git\ConstraintsRecovery\assets\tankwar\asset1,31,G4,G4,TankWar_P1|TankWar_P2|TankWar_P3|TankWar_P4|TankWar_P5,TankWar_P1|TankWar_P2|TankWar_P3|TankWar_P4|TankWar_P5,UNKNOWN,UNKNOWN,0.600,0.200,LOW,NONE,RESOLVED_INTERNAL,TankWar_P1|TankWar_P2|TankWar_P3|TankWar_P4|TankWar_P5
D705,C:\Users\JBNU\git\ConstraintsRecovery\assets\tankwar\asset1:IF:8-128,C:\Users\JBNU\git\ConstraintsRecovery\assets\tankwar\asset22:IF:8-80,E11,E268,,FIELD_REFERENCE,C:\Users\JBNU\git\ConstraintsRecovery\assets\tankwar\asset1,32,G4,G4,TankWar_P1|TankWar_P2|TankWar_P3|TankWar_P4|TankWar_P5,TankWar_P1|TankWar_P2|TankWar_P3|TankWar_P4|TankWar_P5,UNKNOWN,UNKNOWN,0.600,0.200,LOW,NONE,RESOLVED_INTERNAL,TankWar_P1|TankWar_P2|TankWar_P3|TankWar_P4|TankWar_P5
D706,C:\Users\JBNU\git\ConstraintsRecovery\assets\tankwar\asset1:IF:8-128,C:\Users\JBNU\git\ConstraintsRecovery\assets\tankwar\asset9:IF:8-248,E11,E689,,FIELD_REFERENCE,C:\Users\JBNU\git\ConstraintsRecovery\assets\tankwar\asset1,32,G4,G4,TankWar_P1|TankWar_P2|TankWar_P3|TankWar_P4|TankWar_P5,TankWar_P1|TankWar_P2|TankWar_P3|TankWar_P4|TankWar_P5,UNKNOWN,UNKNOWN,0.600,0.200,LOW,NONE,RESOLVED_INTERNAL,TankWar_P1|TankWar_P2|TankWar_P3|TankWar_P4|TankWar_P5
D707,C:\Users\JBNU\git\ConstraintsRecovery\assets\tankwar\asset1:IF:8-128,C:\Users\JBNU\git\ConstraintsRecovery\assets\tankwar\asset22:IF:8-80,E11,E265,,FIELD_REFERENCE,C:\Users\JBNU\git\ConstraintsRecovery\assets\tankwar\asset1,33,G4,G4,TankWar_P1|TankWar_P2|TankWar_P3|TankWar_P4|TankWar_P5,TankWar_P1|TankWar_P2|TankWar_P3|TankWar_P4|TankWar_P5,UNKNOWN,UNKNOWN,0.600,0.200,LOW,NONE,RESOLVED_INTERNAL,TankWar_P1|TankWar_P2|TankWar_P3|TankWar_P4|TankWar_P5
D708,C:\Users\JBNU\git\ConstraintsRecovery\assets\tankwar\asset1:IF:8-128,C:\Users\JBNU\git\ConstraintsRecovery\assets\tankwar\asset22:IF:8-80,E11,E264,,FIELD_REFERENCE,C:\Users\JBNU\git\ConstraintsRecovery\assets\tankwar\asset1,34,G4,G4,TankWar_P1|TankWar_P2|TankWar_P3|TankWar_P4|TankWar_P5,TankWar_P1|TankWar_P2|TankWar_P3|TankWar_P4|TankWar_P5,UNKNOWN,UNKNOWN,0.600,0.200,LOW,NONE,RESOLVED_INTERNAL,TankWar_P1|TankWar_P2|TankWar_P3|TankWar_P4|TankWar_P5
D709,C:\Users\JBNU\git\ConstraintsRecovery\assets\tankwar\asset1:IF:8-128,C:\Users\JBNU\git\ConstraintsRecovery\assets\tankwar\asset22:IF:8-80,E11,E263,,FIELD_REFERENCE,C:\Users\JBNU\git\ConstraintsRecovery\assets\tankwar\asset1,35,G4,G4,TankWar_P1|TankWar_P2|TankWar_P3|TankWar_P4|TankWar_P5,TankWar_P1|TankWar_P2|TankWar_P3|TankWar_P4|TankWar_P5,UNKNOWN,UNKNOWN,0.600,0.200,LOW,NONE,RESOLVED_INTERNAL,TankWar_P1|TankWar_P2|TankWar_P3|TankWar_P4|TankWar_P5
D710,C:\Users\JBNU\git\ConstraintsRecovery\assets\tankwar\asset1:IF:8-128,C:\Users\JBNU\git\ConstraintsRecovery\assets\tankwar\asset1:IF:8-128,E11,E2,,FIELD_REFERENCE,C:\Users\JBNU\git\ConstraintsRecovery\assets\tankwar\asset1,36,G4,G4,TankWar_P1|TankWar_P2|TankWar_P3|TankWar_P4|TankWar_P5,TankWar_P1|TankWar_P2|TankWar_P3|TankWar_P4|TankWar_P5,UNKNOWN,UNKNOWN,0.600,0.200,LOW,INTRA_BLOCK,RESOLVED_INTERNAL,TankWar_P1|TankWar_P2|TankWar_P3|TankWar_P4|TankWar_P5
D711,C:\Users\JBNU\git\ConstraintsRecovery\assets\tankwar\asset1:IF:8-128,C:\Users\JBNU\git\ConstraintsRecovery\assets\tankwar\asset1:IF:8-128,E11,E8,,FIELD_REFERENCE,C:\Users\JBNU\git\ConstraintsRecovery\assets\tankwar\asset1,37,G4,G4,TankWar_P1|TankWar_P2|TankWar_P3|TankWar_P4|TankWar_P5,TankWar_P1|TankWar_P2|TankWar_P3|TankWar_P4|TankWar_P5,UNKNOWN,UNKNOWN,0.600,0.200,LOW,INTRA_BLOCK,RESOLVED_INTERNAL,TankWar_P1|TankWar_P2|TankWar_P3|TankWar_P4|TankWar_P5
D712,C:\Users\JBNU\git\ConstraintsRecovery\assets\tankwar\asset1:IF:8-128,C:\Users\JBNU\git\ConstraintsRecovery\assets\tankwar\asset1:IF:8-128,E11,E7,,FIELD_REFERENCE,C:\Users\JBNU\git\ConstraintsRecovery\assets\tankwar\asset1,40,G4,G4,TankWar_P1|TankWar_P2|TankWar_P3|TankWar_P4|TankWar_P5,TankWar_P1|TankWar_P2|TankWar_P3|TankWar_P4|TankWar_P5,UNKNOWN,UNKNOWN,0.600,0.200,LOW,INTRA_BLOCK,RESOLVED_INTERNAL,TankWar_P1|TankWar_P2|TankWar_P3|TankWar_P4|TankWar_P5
D713,C:\Users\JBNU\git\ConstraintsRecovery\assets\tankwar\asset1:IF:8-128,C:\Users\JBNU\git\ConstraintsRecovery\assets\tankwar\asset22:IF:8-80,E11,E260,,FIELD_REFERENCE,C:\Users\JBNU\git\ConstraintsRecovery\assets\tankwar\asset1,42,G4,G4,TankWar_P1|TankWar_P2|TankWar_P3|TankWar_P4|TankWar_P5,TankWar_P1|TankWar_P2|TankWar_P3|TankWar_P4|TankWar_P5,UNKNOWN,UNKNOWN,0.600,0.200,LOW,NONE,RESOLVED_INTERNAL,TankWar_P1|TankWar_P2|TankWar_P3|TankWar_P4|TankWar_P5
D714,C:\Users\JBNU\git\ConstraintsRecovery\assets\tankwar\asset1:IF:8-128,C:\Users\JBNU\git\ConstraintsRecovery\assets\tankwar\asset22:IF:8-80,E11,E262,,FIELD_REFERENCE,C:\Users\JBNU\git\ConstraintsRecovery\assets\tankwar\asset1,43,G4,G4,TankWar_P1|TankWar_P2|TankWar_P3|TankWar_P4|TankWar_P5,TankWar_P1|TankWar_P2|TankWar_P3|TankWar_P4|TankWar_P5,UNKNOWN,UNKNOWN,0.600,0.200,LOW,NONE,RESOLVED_INTERNAL,TankWar_P1|TankWar_P2|TankWar_P3|TankWar_P4|TankWar_P5
D715,C:\Users\JBNU\git\ConstraintsRecovery\assets\tankwar\asset1:IF:8-128,C:\Users\JBNU\git\ConstraintsRecovery\assets\tankwar\asset22:IF:8-80,E11,E270,,FIELD_REFERENCE,C:\Users\JBNU\git\ConstraintsRecovery\assets\tankwar\asset1,46,G4,G4,TankWar_P1|TankWar_P2|TankWar_P3|TankWar_P4|TankWar_P5,TankWar_P1|TankWar_P2|TankWar_P3|TankWar_P4|TankWar_P5,UNKNOWN,UNKNOWN,0.600,0.200,LOW,NONE,RESOLVED_INTERNAL,TankWar_P1|TankWar_P2|TankWar_P3|TankWar_P4|TankWar_P5
D716,C:\Users\JBNU\git\ConstraintsRecovery\assets\tankwar\asset1:IF:8-128,C:\Users\JBNU\git\ConstraintsRecovery\assets\tankwar\asset22:IF:8-80,E11,E268,,FIELD_REFERENCE,C:\Users\JBNU\git\ConstraintsRecovery\assets\tankwar\asset1,47,G4,G4,TankWar_P1|TankWar_P2|TankWar_P3|TankWar_P4|TankWar_P5,TankWar_P1|TankWar_P2|TankWar_P3|TankWar_P4|TankWar_P5,UNKNOWN,UNKNOWN,0.600,0.200,LOW,NONE,RESOLVED_INTERNAL,TankWar_P1|TankWar_P2|TankWar_P3|TankWar_P4|TankWar_P5
D717,C:\Users\JBNU\git\ConstraintsRecovery\assets\tankwar\asset1:IF:8-128,C:\Users\JBNU\git\ConstraintsRecovery\assets\tankwar\asset22:IF:8-80,E11,E270,,FIELD_REFERENCE,C:\Users\JBNU\git\ConstraintsRecovery\assets\tankwar\asset1,47,G4,G4,TankWar_P1|TankWar_P2|TankWar_P3|TankWar_P4|TankWar_P5,TankWar_P1|TankWar_P2|TankWar_P3|TankWar_P4|TankWar_P5,UNKNOWN,UNKNOWN,0.600,0.200,LOW,NONE,RESOLVED_INTERNAL,TankWar_P1|TankWar_P2|TankWar_P3|TankWar_P4|TankWar_P5
D718,C:\Users\JBNU\git\ConstraintsRecovery\assets\tankwar\asset1:IF:8-128,C:\Users\JBNU\git\ConstraintsRecovery\assets\tankwar\asset22:IF:8-80,E11,E268,,FIELD_REFERENCE,C:\Users\JBNU\git\ConstraintsRecovery\assets\tankwar\asset1,48,G4,G4,TankWar_P1|TankWar_P2|TankWar_P3|TankWar_P4|TankWar_P5,TankWar_P1|TankWar_P2|TankWar_P3|TankWar_P4|TankWar_P5,UNKNOWN,UNKNOWN,0.600,0.200,LOW,NONE,RESOLVED_INTERNAL,TankWar_P1|TankWar_P2|TankWar_P3|TankWar_P4|TankWar_P5
D719,C:\Users\JBNU\git\ConstraintsRecovery\assets\tankwar\asset1:IF:8-128,C:\Users\JBNU\git\ConstraintsRecovery\assets\tankwar\asset22:IF:8-80,E11,E260,,FIELD_REFERENCE,C:\Users\JBNU\git\ConstraintsRecovery\assets\tankwar\asset1,49,G4,G4,TankWar_P1|TankWar_P2|TankWar_P3|TankWar_P4|TankWar_P5,TankWar_P1|TankWar_P2|TankWar_P3|TankWar_P4|TankWar_P5,UNKNOWN,UNKNOWN,0.600,0.200,LOW,NONE,RESOLVED_INTERNAL,TankWar_P1|TankWar_P2|TankWar_P3|TankWar_P4|TankWar_P5
D720,C:\Users\JBNU\git\ConstraintsRecovery\assets\tankwar\asset1:IF:8-128,C:\Users\JBNU\git\ConstraintsRecovery\assets\tankwar\asset22:IF:8-80,E11,E262,,FIELD_REFERENCE,C:\Users\JBNU\git\ConstraintsRecovery\assets\tankwar\asset1,50,G4,G4,TankWar_P1|TankWar_P2|TankWar_P3|TankWar_P4|TankWar_P5,TankWar_P1|TankWar_P2|TankWar_P3|TankWar_P4|TankWar_P5,UNKNOWN,UNKNOWN,0.600,0.200,LOW,NONE,RESOLVED_INTERNAL,TankWar_P1|TankWar_P2|TankWar_P3|TankWar_P4|TankWar_P5
D721,C:\Users\JBNU\git\ConstraintsRecovery\assets\tankwar\asset1:IF:8-128,C:\Users\JBNU\git\ConstraintsRecovery\assets\tankwar\asset22:IF:8-80,E11,E260,,FIELD_REFERENCE,C:\Users\JBNU\git\ConstraintsRecovery\assets\tankwar\asset1,53,G4,G4,TankWar_P1|TankWar_P2|TankWar_P3|TankWar_P4|TankWar_P5,TankWar_P1|TankWar_P2|TankWar_P3|TankWar_P4|TankWar_P5,UNKNOWN,UNKNOWN,0.600,0.200,LOW,NONE,RESOLVED_INTERNAL,TankWar_P1|TankWar_P2|TankWar_P3|TankWar_P4|TankWar_P5
D722,C:\Users\JBNU\git\ConstraintsRecovery\assets\tankwar\asset1:IF:8-128,C:\Users\JBNU\git\ConstraintsRecovery\assets\tankwar\asset22:IF:8-80,E11,E262,,FIELD_REFERENCE,C:\Users\JBNU\git\ConstraintsRecovery\assets\tankwar\asset1,54,G4,G4,TankWar_P1|TankWar_P2|TankWar_P3|TankWar_P4|TankWar_P5,TankWar_P1|TankWar_P2|TankWar_P3|TankWar_P4|TankWar_P5,UNKNOWN,UNKNOWN,0.600,0.200,LOW,NONE,RESOLVED_INTERNAL,TankWar_P1|TankWar_P2|TankWar_P3|TankWar_P4|TankWar_P5
D723,C:\Users\JBNU\git\ConstraintsRecovery\assets\tankwar\asset1:IF:8-128,C:\Users\JBNU\git\ConstraintsRecovery\assets\tankwar\asset22:IF:8-80,E11,E270,,FIELD_REFERENCE,C:\Users\JBNU\git\ConstraintsRecovery\assets\tankwar\asset1,57,G4,G4,TankWar_P1|TankWar_P2|TankWar_P3|TankWar_P4|TankWar_P5,TankWar_P1|TankWar_P2|TankWar_P3|TankWar_P4|TankWar_P5,UNKNOWN,UNKNOWN,0.600,0.200,LOW,NONE,RESOLVED_INTERNAL,TankWar_P1|TankWar_P2|TankWar_P3|TankWar_P4|TankWar_P5
D724,C:\Users\JBNU\git\ConstraintsRecovery\assets\tankwar\asset1:IF:8-128,C:\Users\JBNU\git\ConstraintsRecovery\assets\tankwar\asset22:IF:8-80,E11,E268,,FIELD_REFERENCE,C:\Users\JBNU\git\ConstraintsRecovery\assets\tankwar\asset1,58,G4,G4,TankWar_P1|TankWar_P2|TankWar_P3|TankWar_P4|TankWar_P5,TankWar_P1|TankWar_P2|TankWar_P3|TankWar_P4|TankWar_P5,UNKNOWN,UNKNOWN,0.600,0.200,LOW,NONE,RESOLVED_INTERNAL,TankWar_P1|TankWar_P2|TankWar_P3|TankWar_P4|TankWar_P5
D725,C:\Users\JBNU\git\ConstraintsRecovery\assets\tankwar\asset1:IF:8-128,C:\Users\JBNU\git\ConstraintsRecovery\assets\tankwar\asset22:IF:8-80,E11,E270,,FIELD_REFERENCE,C:\Users\JBNU\git\ConstraintsRecovery\assets\tankwar\asset1,58,G4,G4,TankWar_P1|TankWar_P2|TankWar_P3|TankWar_P4|TankWar_P5,TankWar_P1|TankWar_P2|TankWar_P3|TankWar_P4|TankWar_P5,UNKNOWN,UNKNOWN,0.600,0.200,LOW,NONE,RESOLVED_INTERNAL,TankWar_P1|TankWar_P2|TankWar_P3|TankWar_P4|TankWar_P5
D726,C:\Users\JBNU\git\ConstraintsRecovery\assets\tankwar\asset1:IF:8-128,C:\Users\JBNU\git\ConstraintsRecovery\assets\tankwar\asset22:IF:8-80,E11,E268,,FIELD_REFERENCE,C:\Users\JBNU\git\ConstraintsRecovery\assets\tankwar\asset1,59,G4,G4,TankWar_P1|TankWar_P2|TankWar_P3|TankWar_P4|TankWar_P5,TankWar_P1|TankWar_P2|TankWar_P3|TankWar_P4|TankWar_P5,UNKNOWN,UNKNOWN,0.600,0.200,LOW,NONE,RESOLVED_INTERNAL,TankWar_P1|TankWar_P2|TankWar_P3|TankWar_P4|TankWar_P5
D727,C:\Users\JBNU\git\ConstraintsRecovery\assets\tankwar\asset1:IF:8-128,C:\Users\JBNU\git\ConstraintsRecovery\assets\tankwar\asset22:IF:8-80,E11,E260,,FIELD_REFERENCE,C:\Users\JBNU\git\ConstraintsRecovery\assets\tankwar\asset1,60,G4,G4,TankWar_P1|TankWar_P2|TankWar_P3|TankWar_P4|TankWar_P5,TankWar_P1|TankWar_P2|TankWar_P3|TankWar_P4|TankWar_P5,UNKNOWN,UNKNOWN,0.600,0.200,LOW,NONE,RESOLVED_INTERNAL,TankWar_P1|TankWar_P2|TankWar_P3|TankWar_P4|TankWar_P5
D728,C:\Users\JBNU\git\ConstraintsRecovery\assets\tankwar\asset1:IF:8-128,C:\Users\JBNU\git\ConstraintsRecovery\assets\tankwar\asset22:IF:8-80,E11,E262,,FIELD_REFERENCE,C:\Users\JBNU\git\ConstraintsRecovery\assets\tankwar\asset1,61,G4,G4,TankWar_P1|TankWar_P2|TankWar_P3|TankWar_P4|TankWar_P5,TankWar_P1|TankWar_P2|TankWar_P3|TankWar_P4|TankWar_P5,UNKNOWN,UNKNOWN,0.600,0.200,LOW,NONE,RESOLVED_INTERNAL,TankWar_P1|TankWar_P2|TankWar_P3|TankWar_P4|TankWar_P5
D729,C:\Users\JBNU\git\ConstraintsRecovery\assets\tankwar\asset1:IF:8-128,C:\Users\JBNU\git\ConstraintsRecovery\assets\tankwar\asset1:IF:8-128,E11,E5,,FIELD_REFERENCE,C:\Users\JBNU\git\ConstraintsRecovery\assets\tankwar\asset1,64,G4,G4,TankWar_P1|TankWar_P2|TankWar_P3|TankWar_P4|TankWar_P5,TankWar_P1|TankWar_P2|TankWar_P3|TankWar_P4|TankWar_P5,UNKNOWN,UNKNOWN,0.600,0.200,LOW,INTRA_BLOCK,RESOLVED_INTERNAL,TankWar_P1|TankWar_P2|TankWar_P3|TankWar_P4|TankWar_P5
D730,C:\Users\JBNU\git\ConstraintsRecovery\assets\tankwar\asset1:IF:8-128,C:\Users\JBNU\git\ConstraintsRecovery\assets\tankwar\asset22:IF:8-80,E11,E260,,FIELD_REFERENCE,C:\Users\JBNU\git\ConstraintsRecovery\assets\tankwar\asset1,65,G4,G4,TankWar_P1|TankWar_P2|TankWar_P3|TankWar_P4|TankWar_P5,TankWar_P1|TankWar_P2|TankWar_P3|TankWar_P4|TankWar_P5,UNKNOWN,UNKNOWN,0.600,0.200,LOW,NONE,RESOLVED_INTERNAL,TankWar_P1|TankWar_P2|TankWar_P3|TankWar_P4|TankWar_P5
D731,C:\Users\JBNU\git\ConstraintsRecovery\assets\tankwar\asset1:IF:8-128,C:\Users\JBNU\git\ConstraintsRecovery\assets\tankwar\asset1:IF:8-128,E11,E3,,FIELD_REFERENCE,C:\Users\JBNU\git\ConstraintsRecovery\assets\tankwar\asset1,65,G4,G4,TankWar_P1|TankWar_P2|TankWar_P3|TankWar_P4|TankWar_P5,TankWar_P1|TankWar_P2|TankWar_P3|TankWar_P4|TankWar_P5,UNKNOWN,UNKNOWN,0.600,0.200,LOW,INTRA_BLOCK,RESOLVED_INTERNAL,TankWar_P1|TankWar_P2|TankWar_P3|TankWar_P4|TankWar_P5
D732,C:\Users\JBNU\git\ConstraintsRecovery\assets\tankwar\asset1:IF:8-128,C:\Users\JBNU\git\ConstraintsRecovery\assets\tankwar\asset22:IF:8-80,E11,E262,,FIELD_REFERENCE,C:\Users\JBNU\git\ConstraintsRecovery\assets\tankwar\asset1,66,G4,G4,TankWar_P1|TankWar_P2|TankWar_P3|TankWar_P4|TankWar_P5,TankWar_P1|TankWar_P2|TankWar_P3|TankWar_P4|TankWar_P5,UNKNOWN,UNKNOWN,0.600,0.200,LOW,NONE,RESOLVED_INTERNAL,TankWar_P1|TankWar_P2|TankWar_P3|TankWar_P4|TankWar_P5
D733,C:\Users\JBNU\git\ConstraintsRecovery\assets\tankwar\asset1:IF:8-128,C:\Users\JBNU\git\ConstraintsRecovery\assets\tankwar\asset1:IF:8-128,E11,E4,,FIELD_REFERENCE,C:\Users\JBNU\git\ConstraintsRecovery\assets\tankwar\asset1,66,G4,G4,TankWar_P1|TankWar_P2|TankWar_P3|TankWar_P4|TankWar_P5,TankWar_P1|TankWar_P2|TankWar_P3|TankWar_P4|TankWar_P5,UNKNOWN,UNKNOWN,0.600,0.200,LOW,INTRA_BLOCK,RESOLVED_INTERNAL,TankWar_P1|TankWar_P2|TankWar_P3|TankWar_P4|TankWar_P5
D734,C:\Users\JBNU\git\ConstraintsRecovery\assets\tankwar\asset1:IF:8-128,C:\Users\JBNU\git\ConstraintsRecovery\assets\tankwar\asset1:IF:8-128,E12,E5,,FIELD_REFERENCE,C:\Users\JBNU\git\ConstraintsRecovery\assets\tankwar\asset1,69,G4,G4,TankWar_P1|TankWar_P2|TankWar_P3|TankWar_P4|TankWar_P5,TankWar_P1|TankWar_P2|TankWar_P3|TankWar_P4|TankWar_P5,UNKNOWN,UNKNOWN,0.600,0.200,LOW,INTRA_BLOCK,RESOLVED_INTERNAL,TankWar_P1|TankWar_P2|TankWar_P3|TankWar_P4|TankWar_P5
D735,C:\Users\JBNU\git\ConstraintsRecovery\assets\tankwar\asset1:IF:8-128,C:\Users\JBNU\git\ConstraintsRecovery\assets\tankwar\asset1:IF:8-128,E12,E5,,FIELD_REFERENCE,C:\Users\JBNU\git\ConstraintsRecovery\assets\tankwar\asset1,70,G4,G4,TankWar_P1|TankWar_P2|TankWar_P3|TankWar_P4|TankWar_P5,TankWar_P1|TankWar_P2|TankWar_P3|TankWar_P4|TankWar_P5,UNKNOWN,UNKNOWN,0.600,0.200,LOW,INTRA_BLOCK,RESOLVED_INTERNAL,TankWar_P1|TankWar_P2|TankWar_P3|TankWar_P4|TankWar_P5
D736,C:\Users\JBNU\git\ConstraintsRecovery\assets\tankwar\asset1:IF:8-128,C:\Users\JBNU\git\ConstraintsRecovery\assets\tankwar\asset1:IF:8-128,E12,E13,,METHOD_CALL,C:\Users\JBNU\git\ConstraintsRecovery\assets\tankwar\asset1,74,G4,G4,TankWar_P1|TankWar_P2|TankWar_P3|TankWar_P4|TankWar_P5,TankWar_P1|TankWar_P2|TankWar_P3|TankWar_P4|TankWar_P5,UNKNOWN,UNKNOWN,0.750,0.200,LOW,INTRA_BLOCK,RESOLVED_INTERNAL,TankWar_P1|TankWar_P2|TankWar_P3|TankWar_P4|TankWar_P5
D737,C:\Users\JBNU\git\ConstraintsRecovery\assets\tankwar\asset1:IF:8-128,C:\Users\JBNU\git\ConstraintsRecovery\assets\tankwar\asset2:IF:8-332,E12,E241,,METHOD_CALL,C:\Users\JBNU\git\ConstraintsRecovery\assets\tankwar\asset1,75,G4,G4,TankWar_P1|TankWar_P2|TankWar_P3|TankWar_P4|TankWar_P5,TankWar_P1|TankWar_P2|TankWar_P3|TankWar_P4|TankWar_P5,UNKNOWN,UNKNOWN,0.750,0.200,LOW,NONE,RESOLVED_INTERNAL,TankWar_P1|TankWar_P2|TankWar_P3|TankWar_P4|TankWar_P5
D738,C:\Users\JBNU\git\ConstraintsRecovery\assets\tankwar\asset1:IF:8-128,C:\Users\JBNU\git\ConstraintsRecovery\assets\tankwar\asset2:IF:8-332,E12,E243,,METHOD_CALL,C:\Users\JBNU\git\ConstraintsRecovery\assets\tankwar\asset1,76,G4,G4,TankWar_P1|TankWar_P2|TankWar_P3|TankWar_P4|TankWar_P5,TankWar_P1|TankWar_P2|TankWar_P3|TankWar_P4|TankWar_P5,UNKNOWN,UNKNOWN,0.750,0.200,LOW,NONE,RESOLVED_INTERNAL,TankWar_P1|TankWar_P2|TankWar_P3|TankWar_P4|TankWar_P5
D739,C:\Users\JBNU\git\ConstraintsRecovery\assets\tankwar\asset1:IF:8-128,C:\Users\JBNU\git\ConstraintsRecovery\assets\tankwar\asset1:IF:8-128,E13,E7,,FIELD_REFERENCE,C:\Users\JBNU\git\ConstraintsRecovery\assets\tankwar\asset1,79,G4,G4,TankWar_P1|TankWar_P2|TankWar_P3|TankWar_P4|TankWar_P5,TankWar_P1|TankWar_P2|TankWar_P3|TankWar_P4|TankWar_P5,UNKNOWN,UNKNOWN,0.600,0.200,LOW,INTRA_BLOCK,RESOLVED_INTERNAL,TankWar_P1|TankWar_P2|TankWar_P3|TankWar_P4|TankWar_P5
D740,C:\Users\JBNU\git\ConstraintsRecovery\assets\tankwar\asset1:IF:8-128,C:\Users\JBNU\git\ConstraintsRecovery\assets\tankwar\asset1:IF:8-128,E13,E2,,FIELD_REFERENCE,C:\Users\JBNU\git\ConstraintsRecovery\assets\tankwar\asset1,81,G4,G4,TankWar_P1|TankWar_P2|TankWar_P3|TankWar_P4|TankWar_P5,TankWar_P1|TankWar_P2|TankWar_P3|TankWar_P4|TankWar_P5,UNKNOWN,UNKNOWN,0.600,0.200,LOW,INTRA_BLOCK,RESOLVED_INTERNAL,TankWar_P1|TankWar_P2|TankWar_P3|TankWar_P4|TankWar_P5
D741,C:\Users\JBNU\git\ConstraintsRecovery\assets\tankwar\asset1:IF:8-128,C:\Users\JBNU\git\ConstraintsRecovery\assets\tankwar\asset1:IF:8-128,E13,E4,,FIELD_REFERENCE,C:\Users\JBNU\git\ConstraintsRecovery\assets\tankwar\asset1,81,G4,G4,TankWar_P1|TankWar_P2|TankWar_P3|TankWar_P4|TankWar_P5,TankWar_P1|TankWar_P2|TankWar_P3|TankWar_P4|TankWar_P5,UNKNOWN,UNKNOWN,0.600,0.200,LOW,INTRA_BLOCK,RESOLVED_INTERNAL,TankWar_P1|TankWar_P2|TankWar_P3|TankWar_P4|TankWar_P5
D742,C:\Users\JBNU\git\ConstraintsRecovery\assets\tankwar\asset1:IF:8-128,C:\Users\JBNU\git\ConstraintsRecovery\assets\tankwar\asset9:IF:8-248,E13,E687,,FIELD_REFERENCE,C:\Users\JBNU\git\ConstraintsRecovery\assets\tankwar\asset1,81,G4,G4,TankWar_P1|TankWar_P2|TankWar_P3|TankWar_P4|TankWar_P5,TankWar_P1|TankWar_P2|TankWar_P3|TankWar_P4|TankWar_P5,UNKNOWN,UNKNOWN,0.600,0.200,LOW,NONE,RESOLVED_INTERNAL,TankWar_P1|TankWar_P2|TankWar_P3|TankWar_P4|TankWar_P5
D743,C:\Users\JBNU\git\ConstraintsRecovery\assets\tankwar\asset1:IF:8-128,C:\Users\JBNU\git\ConstraintsRecovery\assets\tankwar\asset1:IF:8-128,E13,E4,,FIELD_REFERENCE,C:\Users\JBNU\git\ConstraintsRecovery\assets\tankwar\asset1,82,G4,G4,TankWar_P1|TankWar_P2|TankWar_P3|TankWar_P4|TankWar_P5,TankWar_P1|TankWar_P2|TankWar_P3|TankWar_P4|TankWar_P5,UNKNOWN,UNKNOWN,0.600,0.200,LOW,INTRA_BLOCK,RESOLVED_INTERNAL,TankWar_P1|TankWar_P2|TankWar_P3|TankWar_P4|TankWar_P5
D744,C:\Users\JBNU\git\ConstraintsRecovery\assets\tankwar\asset1:IF:8-128,C:\Users\JBNU\git\ConstraintsRecovery\assets\tankwar\asset22:IF:8-80,E13,E280,,METHOD_CALL,C:\Users\JBNU\git\ConstraintsRecovery\assets\tankwar\asset1,82,G4,G4,TankWar_P1|TankWar_P2|TankWar_P3|TankWar_P4|TankWar_P5,TankWar_P1|TankWar_P2|TankWar_P3|TankWar_P4|TankWar_P5,UNKNOWN,UNKNOWN,0.750,0.200,LOW,NONE,RESOLVED_INTERNAL,TankWar_P1|TankWar_P2|TankWar_P3|TankWar_P4|TankWar_P5
D745,C:\Users\JBNU\git\ConstraintsRecovery\assets\tankwar\asset1:IF:8-128,C:\Users\JBNU\git\ConstraintsRecovery\assets\tankwar\asset1:IF:8-128,E13,E2,,FIELD_REFERENCE,C:\Users\JBNU\git\ConstraintsRecovery\assets\tankwar\asset1,85,G4,G4,TankWar_P1|TankWar_P2|TankWar_P3|TankWar_P4|TankWar_P5,TankWar_P1|TankWar_P2|TankWar_P3|TankWar_P4|TankWar_P5,UNKNOWN,UNKNOWN,0.600,0.200,LOW,INTRA_BLOCK,RESOLVED_INTERNAL,TankWar_P1|TankWar_P2|TankWar_P3|TankWar_P4|TankWar_P5
D746,C:\Users\JBNU\git\ConstraintsRecovery\assets\tankwar\asset1:IF:8-128,C:\Users\JBNU\git\ConstraintsRecovery\assets\tankwar\asset1:IF:8-128,E13,E3,,FIELD_REFERENCE,C:\Users\JBNU\git\ConstraintsRecovery\assets\tankwar\asset1,85,G4,G4,TankWar_P1|TankWar_P2|TankWar_P3|TankWar_P4|TankWar_P5,TankWar_P1|TankWar_P2|TankWar_P3|TankWar_P4|TankWar_P5,UNKNOWN,UNKNOWN,0.600,0.200,LOW,INTRA_BLOCK,RESOLVED_INTERNAL,TankWar_P1|TankWar_P2|TankWar_P3|TankWar_P4|TankWar_P5
D747,C:\Users\JBNU\git\ConstraintsRecovery\assets\tankwar\asset1:IF:8-128,C:\Users\JBNU\git\ConstraintsRecovery\assets\tankwar\asset9:IF:8-248,E13,E687,,FIELD_REFERENCE,C:\Users\JBNU\git\ConstraintsRecovery\assets\tankwar\asset1,85,G4,G4,TankWar_P1|TankWar_P2|TankWar_P3|TankWar_P4|TankWar_P5,TankWar_P1|TankWar_P2|TankWar_P3|TankWar_P4|TankWar_P5,UNKNOWN,UNKNOWN,0.600,0.200,LOW,NONE,RESOLVED_INTERNAL,TankWar_P1|TankWar_P2|TankWar_P3|TankWar_P4|TankWar_P5
D748,C:\Users\JBNU\git\ConstraintsRecovery\assets\tankwar\asset1:IF:8-128,C:\Users\JBNU\git\ConstraintsRecovery\assets\tankwar\asset1:IF:8-128,E13,E3,,FIELD_REFERENCE,C:\Users\JBNU\git\ConstraintsRecovery\assets\tankwar\asset1,86,G4,G4,TankWar_P1|TankWar_P2|TankWar_P3|TankWar_P4|TankWar_P5,TankWar_P1|TankWar_P2|TankWar_P3|TankWar_P4|TankWar_P5,UNKNOWN,UNKNOWN,0.600,0.200,LOW,INTRA_BLOCK,RESOLVED_INTERNAL,TankWar_P1|TankWar_P2|TankWar_P3|TankWar_P4|TankWar_P5
D749,C:\Users\JBNU\git\ConstraintsRecovery\assets\tankwar\asset1:IF:8-128,C:\Users\JBNU\git\ConstraintsRecovery\assets\tankwar\asset22:IF:8-80,E13,E280,,METHOD_CALL,C:\Users\JBNU\git\ConstraintsRecovery\assets\tankwar\asset1,86,G4,G4,TankWar_P1|TankWar_P2|TankWar_P3|TankWar_P4|TankWar_P5,TankWar_P1|TankWar_P2|TankWar_P3|TankWar_P4|TankWar_P5,UNKNOWN,UNKNOWN,0.750,0.200,LOW,NONE,RESOLVED_INTERNAL,TankWar_P1|TankWar_P2|TankWar_P3|TankWar_P4|TankWar_P5
D750,C:\Users\JBNU\git\ConstraintsRecovery\assets\tankwar\asset1:IF:8-128,C:\Users\JBNU\git\ConstraintsRecovery\assets\tankwar\asset1:IF:8-128,E13,E2,,FIELD_REFERENCE,C:\Users\JBNU\git\ConstraintsRecovery\assets\tankwar\asset1,89,G4,G4,TankWar_P1|TankWar_P2|TankWar_P3|TankWar_P4|TankWar_P5,TankWar_P1|TankWar_P2|TankWar_P3|TankWar_P4|TankWar_P5,UNKNOWN,UNKNOWN,0.600,0.200,LOW,INTRA_BLOCK,RESOLVED_INTERNAL,TankWar_P1|TankWar_P2|TankWar_P3|TankWar_P4|TankWar_P5
D751,C:\Users\JBNU\git\ConstraintsRecovery\assets\tankwar\asset1:IF:8-128,C:\Users\JBNU\git\ConstraintsRecovery\assets\tankwar\asset1:IF:8-128,E13,E4,,FIELD_REFERENCE,C:\Users\JBNU\git\ConstraintsRecovery\assets\tankwar\asset1,89,G4,G4,TankWar_P1|TankWar_P2|TankWar_P3|TankWar_P4|TankWar_P5,TankWar_P1|TankWar_P2|TankWar_P3|TankWar_P4|TankWar_P5,UNKNOWN,UNKNOWN,0.600,0.200,LOW,INTRA_BLOCK,RESOLVED_INTERNAL,TankWar_P1|TankWar_P2|TankWar_P3|TankWar_P4|TankWar_P5
D752,C:\Users\JBNU\git\ConstraintsRecovery\assets\tankwar\asset1:IF:8-128,C:\Users\JBNU\git\ConstraintsRecovery\assets\tankwar\asset9:IF:8-248,E13,E687,,FIELD_REFERENCE,C:\Users\JBNU\git\ConstraintsRecovery\assets\tankwar\asset1,89,G4,G4,TankWar_P1|TankWar_P2|TankWar_P3|TankWar_P4|TankWar_P5,TankWar_P1|TankWar_P2|TankWar_P3|TankWar_P4|TankWar_P5,UNKNOWN,UNKNOWN,0.600,0.200,LOW,NONE,RESOLVED_INTERNAL,TankWar_P1|TankWar_P2|TankWar_P3|TankWar_P4|TankWar_P5
D753,C:\Users\JBNU\git\ConstraintsRecovery\assets\tankwar\asset1:IF:8-128,C:\Users\JBNU\git\ConstraintsRecovery\assets\tankwar\asset1:IF:8-128,E13,E4,,FIELD_REFERENCE,C:\Users\JBNU\git\ConstraintsRecovery\assets\tankwar\asset1,90,G4,G4,TankWar_P1|TankWar_P2|TankWar_P3|TankWar_P4|TankWar_P5,TankWar_P1|TankWar_P2|TankWar_P3|TankWar_P4|TankWar_P5,UNKNOWN,UNKNOWN,0.600,0.200,LOW,INTRA_BLOCK,RESOLVED_INTERNAL,TankWar_P1|TankWar_P2|TankWar_P3|TankWar_P4|TankWar_P5
D754,C:\Users\JBNU\git\ConstraintsRecovery\assets\tankwar\asset1:IF:8-128,C:\Users\JBNU\git\ConstraintsRecovery\assets\tankwar\asset22:IF:8-80,E13,E280,,METHOD_CALL,C:\Users\JBNU\git\ConstraintsRecovery\assets\tankwar\asset1,90,G4,G4,TankWar_P1|TankWar_P2|TankWar_P3|TankWar_P4|TankWar_P5,TankWar_P1|TankWar_P2|TankWar_P3|TankWar_P4|TankWar_P5,UNKNOWN,UNKNOWN,0.750,0.200,LOW,NONE,RESOLVED_INTERNAL,TankWar_P1|TankWar_P2|TankWar_P3|TankWar_P4|TankWar_P5
D755,C:\Users\JBNU\git\ConstraintsRecovery\assets\tankwar\asset1:IF:8-128,C:\Users\JBNU\git\ConstraintsRecovery\assets\tankwar\asset1:IF:8-128,E13,E2,,FIELD_REFERENCE,C:\Users\JBNU\git\ConstraintsRecovery\assets\tankwar\asset1,93,G4,G4,TankWar_P1|TankWar_P2|TankWar_P3|TankWar_P4|TankWar_P5,TankWar_P1|TankWar_P2|TankWar_P3|TankWar_P4|TankWar_P5,UNKNOWN,UNKNOWN,0.600,0.200,LOW,INTRA_BLOCK,RESOLVED_INTERNAL,TankWar_P1|TankWar_P2|TankWar_P3|TankWar_P4|TankWar_P5
D756,C:\Users\JBNU\git\ConstraintsRecovery\assets\tankwar\asset1:IF:8-128,C:\Users\JBNU\git\ConstraintsRecovery\assets\tankwar\asset1:IF:8-128,E13,E3,,FIELD_REFERENCE,C:\Users\JBNU\git\ConstraintsRecovery\assets\tankwar\asset1,93,G4,G4,TankWar_P1|TankWar_P2|TankWar_P3|TankWar_P4|TankWar_P5,TankWar_P1|TankWar_P2|TankWar_P3|TankWar_P4|TankWar_P5,UNKNOWN,UNKNOWN,0.600,0.200,LOW,INTRA_BLOCK,RESOLVED_INTERNAL,TankWar_P1|TankWar_P2|TankWar_P3|TankWar_P4|TankWar_P5
D757,C:\Users\JBNU\git\ConstraintsRecovery\assets\tankwar\asset1:IF:8-128,C:\Users\JBNU\git\ConstraintsRecovery\assets\tankwar\asset9:IF:8-248,E13,E687,,FIELD_REFERENCE,C:\Users\JBNU\git\ConstraintsRecovery\assets\tankwar\asset1,93,G4,G4,TankWar_P1|TankWar_P2|TankWar_P3|TankWar_P4|TankWar_P5,TankWar_P1|TankWar_P2|TankWar_P3|TankWar_P4|TankWar_P5,UNKNOWN,UNKNOWN,0.600,0.200,LOW,NONE,RESOLVED_INTERNAL,TankWar_P1|TankWar_P2|TankWar_P3|TankWar_P4|TankWar_P5
D758,C:\Users\JBNU\git\ConstraintsRecovery\assets\tankwar\asset1:IF:8-128,C:\Users\JBNU\git\ConstraintsRecovery\assets\tankwar\asset1:IF:8-128,E13,E3,,FIELD_REFERENCE,C:\Users\JBNU\git\ConstraintsRecovery\assets\tankwar\asset1,94,G4,G4,TankWar_P1|TankWar_P2|TankWar_P3|TankWar_P4|TankWar_P5,TankWar_P1|TankWar_P2|TankWar_P3|TankWar_P4|TankWar_P5,UNKNOWN,UNKNOWN,0.600,0.200,LOW,INTRA_BLOCK,RESOLVED_INTERNAL,TankWar_P1|TankWar_P2|TankWar_P3|TankWar_P4|TankWar_P5
D759,C:\Users\JBNU\git\ConstraintsRecovery\assets\tankwar\asset1:IF:8-128,C:\Users\JBNU\git\ConstraintsRecovery\assets\tankwar\asset22:IF:8-80,E13,E280,,METHOD_CALL,C:\Users\JBNU\git\ConstraintsRecovery\assets\tankwar\asset1,94,G4,G4,TankWar_P1|TankWar_P2|TankWar_P3|TankWar_P4|TankWar_P5,TankWar_P1|TankWar_P2|TankWar_P3|TankWar_P4|TankWar_P5,UNKNOWN,UNKNOWN,0.750,0.200,LOW,NONE,RESOLVED_INTERNAL,TankWar_P1|TankWar_P2|TankWar_P3|TankWar_P4|TankWar_P5
D760,C:\Users\JBNU\git\ConstraintsRecovery\assets\tankwar\asset1:IF:8-128,C:\Users\JBNU\git\ConstraintsRecovery\assets\tankwar\asset9:IF:8-248,E13,E686,,FIELD_REFERENCE,C:\Users\JBNU\git\ConstraintsRecovery\assets\tankwar\asset1,97,G4,G4,TankWar_P1|TankWar_P2|TankWar_P3|TankWar_P4|TankWar_P5,TankWar_P1|TankWar_P2|TankWar_P3|TankWar_P4|TankWar_P5,UNKNOWN,UNKNOWN,0.600,0.200,LOW,NONE,RESOLVED_INTERNAL,TankWar_P1|TankWar_P2|TankWar_P3|TankWar_P4|TankWar_P5
D761,C:\Users\JBNU\git\ConstraintsRecovery\assets\tankwar\asset1:IF:8-128,C:\Users\JBNU\git\ConstraintsRecovery\assets\tankwar\asset9:IF:8-248,E13,E687,,FIELD_REFERENCE,C:\Users\JBNU\git\ConstraintsRecovery\assets\tankwar\asset1,97,G4,G4,TankWar_P1|TankWar_P2|TankWar_P3|TankWar_P4|TankWar_P5,TankWar_P1|TankWar_P2|TankWar_P3|TankWar_P4|TankWar_P5,UNKNOWN,UNKNOWN,0.600,0.200,LOW,NONE,RESOLVED_INTERNAL,TankWar_P1|TankWar_P2|TankWar_P3|TankWar_P4|TankWar_P5
D762,C:\Users\JBNU\git\ConstraintsRecovery\assets\tankwar\asset1:IF:8-128,C:\Users\JBNU\git\ConstraintsRecovery\assets\tankwar\asset9:IF:8-248,E13,E696,,FIELD_REFERENCE,C:\Users\JBNU\git\ConstraintsRecovery\assets\tankwar\asset1,98,G4,G4,TankWar_P1|TankWar_P2|TankWar_P3|TankWar_P4|TankWar_P5,TankWar_P1|TankWar_P2|TankWar_P3|TankWar_P4|TankWar_P5,UNKNOWN,UNKNOWN,0.600,0.200,LOW,NONE,RESOLVED_INTERNAL,TankWar_P1|TankWar_P2|TankWar_P3|TankWar_P4|TankWar_P5
D675,C:\Users\JBNU\git\ConstraintsRecovery\assets\tankwar\asset1:IF:8-128,C:\Users\JBNU\git\ConstraintsRecovery\assets\tankwar\asset1:IF:8-128,E13,E14,,METHOD_CALL,C:\Users\JBNU\git\ConstraintsRecovery\assets\tankwar\asset1,100,G4,G4,TankWar_P1|TankWar_P2|TankWar_P3|TankWar_P4|TankWar_P5,TankWar_P1|TankWar_P2|TankWar_P3|TankWar_P4|TankWar_P5,UNKNOWN,UNKNOWN,0.750,0.200,LOW,INTRA_BLOCK,RESOLVED_INTERNAL,TankWar_P1|TankWar_P2|TankWar_P3|TankWar_P4|TankWar_P5
D676,C:\Users\JBNU\git\ConstraintsRecovery\assets\tankwar\asset1:IF:8-128,C:\Users\JBNU\git\ConstraintsRecovery\assets\tankwar\asset9:IF:8-248,E14,E695,,FIELD_REFERENCE,C:\Users\JBNU\git\ConstraintsRecovery\assets\tankwar\asset1,103,G4,G4,TankWar_P1|TankWar_P2|TankWar_P3|TankWar_P4|TankWar_P5,TankWar_P1|TankWar_P2|TankWar_P3|TankWar_P4|TankWar_P5,UNKNOWN,UNKNOWN,0.600,0.200,LOW,NONE,RESOLVED_INTERNAL,TankWar_P1|TankWar_P2|TankWar_P3|TankWar_P4|TankWar_P5
D677,C:\Users\JBNU\git\ConstraintsRecovery\assets\tankwar\asset1:IF:8-128,C:\Users\JBNU\git\ConstraintsRecovery\assets\tankwar\asset9:IF:8-248,E14,E695,,FIELD_REFERENCE,C:\Users\JBNU\git\ConstraintsRecovery\assets\tankwar\asset1,104,G4,G4,TankWar_P1|TankWar_P2|TankWar_P3|TankWar_P4|TankWar_P5,TankWar_P1|TankWar_P2|TankWar_P3|TankWar_P4|TankWar_P5,UNKNOWN,UNKNOWN,0.600,0.200,LOW,NONE,RESOLVED_INTERNAL,TankWar_P1|TankWar_P2|TankWar_P3|TankWar_P4|TankWar_P5
D678,C:\Users\JBNU\git\ConstraintsRecovery\assets\tankwar\asset1:IF:8-128,C:\Users\JBNU\git\ConstraintsRecovery\assets\tankwar\asset1:IF:8-128,E14,E9,,FIELD_REFERENCE,C:\Users\JBNU\git\ConstraintsRecovery\assets\tankwar\asset1,104,G4,G4,TankWar_P1|TankWar_P2|TankWar_P3|TankWar_P4|TankWar_P5,TankWar_P1|TankWar_P2|TankWar_P3|TankWar_P4|TankWar_P5,UNKNOWN,UNKNOWN,0.600,0.200,LOW,INTRA_BLOCK,RESOLVED_INTERNAL,TankWar_P1|TankWar_P2|TankWar_P3|TankWar_P4|TankWar_P5
D679,C:\Users\JBNU\git\ConstraintsRecovery\assets\tankwar\asset1:IF:8-128,C:\Users\JBNU\git\ConstraintsRecovery\assets\tankwar\asset1:IF:8-128,E14,E6,,FIELD_REFERENCE,C:\Users\JBNU\git\ConstraintsRecovery\assets\tankwar\asset1,105,G4,G4,TankWar_P1|TankWar_P2|TankWar_P3|TankWar_P4|TankWar_P5,TankWar_P1|TankWar_P2|TankWar_P3|TankWar_P4|TankWar_P5,UNKNOWN,UNKNOWN,0.600,0.200,LOW,INTRA_BLOCK,RESOLVED_INTERNAL,TankWar_P1|TankWar_P2|TankWar_P3|TankWar_P4|TankWar_P5
D680,C:\Users\JBNU\git\ConstraintsRecovery\assets\tankwar\asset1:IF:8-128,C:\Users\JBNU\git\ConstraintsRecovery\assets\tankwar\asset9:IF:8-248,E14,E695,,FIELD_REFERENCE,C:\Users\JBNU\git\ConstraintsRecovery\assets\tankwar\asset1,105,G4,G4,TankWar_P1|TankWar_P2|TankWar_P3|TankWar_P4|TankWar_P5,TankWar_P1|TankWar_P2|TankWar_P3|TankWar_P4|TankWar_P5,UNKNOWN,UNKNOWN,0.600,0.200,LOW,NONE,RESOLVED_INTERNAL,TankWar_P1|TankWar_P2|TankWar_P3|TankWar_P4|TankWar_P5
D681,C:\Users\JBNU\git\ConstraintsRecovery\assets\tankwar\asset1:IF:8-128,C:\Users\JBNU\git\ConstraintsRecovery\assets\tankwar\asset1:IF:8-128,E14,E8,,FIELD_REFERENCE,C:\Users\JBNU\git\ConstraintsRecovery\assets\tankwar\asset1,105,G4,G4,TankWar_P1|TankWar_P2|TankWar_P3|TankWar_P4|TankWar_P5,TankWar_P1|TankWar_P2|TankWar_P3|TankWar_P4|TankWar_P5,UNKNOWN,UNKNOWN,0.600,0.200,LOW,INTRA_BLOCK,RESOLVED_INTERNAL,TankWar_P1|TankWar_P2|TankWar_P3|TankWar_P4|TankWar_P5
D682,C:\Users\JBNU\git\ConstraintsRecovery\assets\tankwar\asset1:IF:8-128,C:\Users\JBNU\git\ConstraintsRecovery\assets\tankwar\asset1:IF:8-128,E14,E16,,METHOD_CALL,C:\Users\JBNU\git\ConstraintsRecovery\assets\tankwar\asset1,106,G4,G4,TankWar_P1|TankWar_P2|TankWar_P3|TankWar_P4|TankWar_P5,TankWar_P1|TankWar_P2|TankWar_P3|TankWar_P4|TankWar_P5,UNKNOWN,UNKNOWN,0.750,0.200,LOW,INTRA_BLOCK,RESOLVED_INTERNAL,TankWar_P1|TankWar_P2|TankWar_P3|TankWar_P4|TankWar_P5
D683,C:\Users\JBNU\git\ConstraintsRecovery\assets\tankwar\asset1:IF:8-128,C:\Users\JBNU\git\ConstraintsRecovery\assets\tankwar\asset9:IF:8-248,E14,E696,,FIELD_REFERENCE,C:\Users\JBNU\git\ConstraintsRecovery\assets\tankwar\asset1,110,G4,G4,TankWar_P1|TankWar_P2|TankWar_P3|TankWar_P4|TankWar_P5,TankWar_P1|TankWar_P2|TankWar_P3|TankWar_P4|TankWar_P5,UNKNOWN,UNKNOWN,0.600,0.200,LOW,NONE,RESOLVED_INTERNAL,TankWar_P1|TankWar_P2|TankWar_P3|TankWar_P4|TankWar_P5
D684,C:\Users\JBNU\git\ConstraintsRecovery\assets\tankwar\asset1:IF:8-128,C:\Users\JBNU\git\ConstraintsRecovery\assets\tankwar\asset9:IF:8-248,E14,E696,,FIELD_REFERENCE,C:\Users\JBNU\git\ConstraintsRecovery\assets\tankwar\asset1,111,G4,G4,TankWar_P1|TankWar_P2|TankWar_P3|TankWar_P4|TankWar_P5,TankWar_P1|TankWar_P2|TankWar_P3|TankWar_P4|TankWar_P5,UNKNOWN,UNKNOWN,0.600,0.200,LOW,NONE,RESOLVED_INTERNAL,TankWar_P1|TankWar_P2|TankWar_P3|TankWar_P4|TankWar_P5
D685,C:\Users\JBNU\git\ConstraintsRecovery\assets\tankwar\asset1:IF:8-128,C:\Users\JBNU\git\ConstraintsRecovery\assets\tankwar\asset1:IF:8-128,E14,E9,,FIELD_REFERENCE,C:\Users\JBNU\git\ConstraintsRecovery\assets\tankwar\asset1,111,G4,G4,TankWar_P1|TankWar_P2|TankWar_P3|TankWar_P4|TankWar_P5,TankWar_P1|TankWar_P2|TankWar_P3|TankWar_P4|TankWar_P5,UNKNOWN,UNKNOWN,0.600,0.200,LOW,INTRA_BLOCK,RESOLVED_INTERNAL,TankWar_P1|TankWar_P2|TankWar_P3|TankWar_P4|TankWar_P5
D686,C:\Users\JBNU\git\ConstraintsRecovery\assets\tankwar\asset1:IF:8-128,C:\Users\JBNU\git\ConstraintsRecovery\assets\tankwar\asset9:IF:8-248,E14,E696,,FIELD_REFERENCE,C:\Users\JBNU\git\ConstraintsRecovery\assets\tankwar\asset1,112,G4,G4,TankWar_P1|TankWar_P2|TankWar_P3|TankWar_P4|TankWar_P5,TankWar_P1|TankWar_P2|TankWar_P3|TankWar_P4|TankWar_P5,UNKNOWN,UNKNOWN,0.600,0.200,LOW,NONE,RESOLVED_INTERNAL,TankWar_P1|TankWar_P2|TankWar_P3|TankWar_P4|TankWar_P5
D687,C:\Users\JBNU\git\ConstraintsRecovery\assets\tankwar\asset1:IF:8-128,C:\Users\JBNU\git\ConstraintsRecovery\assets\tankwar\asset1:IF:8-128,E14,E16,,METHOD_CALL,C:\Users\JBNU\git\ConstraintsRecovery\assets\tankwar\asset1,113,G4,G4,TankWar_P1|TankWar_P2|TankWar_P3|TankWar_P4|TankWar_P5,TankWar_P1|TankWar_P2|TankWar_P3|TankWar_P4|TankWar_P5,UNKNOWN,UNKNOWN,0.750,0.200,LOW,INTRA_BLOCK,RESOLVED_INTERNAL,TankWar_P1|TankWar_P2|TankWar_P3|TankWar_P4|TankWar_P5
D688,C:\Users\JBNU\git\ConstraintsRecovery\assets\tankwar\asset1:IF:8-128,C:\Users\JBNU\git\ConstraintsRecovery\assets\tankwar\asset9:IF:8-248,E14,E697,,FIELD_REFERENCE,C:\Users\JBNU\git\ConstraintsRecovery\assets\tankwar\asset1,117,G4,G4,TankWar_P1|TankWar_P2|TankWar_P3|TankWar_P4|TankWar_P5,TankWar_P1|TankWar_P2|TankWar_P3|TankWar_P4|TankWar_P5,UNKNOWN,UNKNOWN,0.600,0.200,LOW,NONE,RESOLVED_INTERNAL,TankWar_P1|TankWar_P2|TankWar_P3|TankWar_P4|TankWar_P5
D689,C:\Users\JBNU\git\ConstraintsRecovery\assets\tankwar\asset1:IF:8-128,C:\Users\JBNU\git\ConstraintsRecovery\assets\tankwar\asset1:IF:8-128,E14,E15,,METHOD_CALL,C:\Users\JBNU\git\ConstraintsRecovery\assets\tankwar\asset1,118,G4,G4,TankWar_P1|TankWar_P2|TankWar_P3|TankWar_P4|TankWar_P5,TankWar_P1|TankWar_P2|TankWar_P3|TankWar_P4|TankWar_P5,UNKNOWN,UNKNOWN,0.750,0.200,LOW,INTRA_BLOCK,RESOLVED_INTERNAL,TankWar_P1|TankWar_P2|TankWar_P3|TankWar_P4|TankWar_P5
D690,C:\Users\JBNU\git\ConstraintsRecovery\assets\tankwar\asset1:IF:8-128,C:\Users\JBNU\git\ConstraintsRecovery\assets\tankwar\asset9:IF:8-248,E14,E698,,FIELD_REFERENCE,C:\Users\JBNU\git\ConstraintsRecovery\assets\tankwar\asset1,119,G4,G4,TankWar_P1|TankWar_P2|TankWar_P3|TankWar_P4|TankWar_P5,TankWar_P1|TankWar_P2|TankWar_P3|TankWar_P4|TankWar_P5,UNKNOWN,UNKNOWN,0.600,0.200,LOW,NONE,RESOLVED_INTERNAL,TankWar_P1|TankWar_P2|TankWar_P3|TankWar_P4|TankWar_P5
D691,C:\Users\JBNU\git\ConstraintsRecovery\assets\tankwar\asset1:IF:8-128,C:\Users\JBNU\git\ConstraintsRecovery\assets\tankwar\asset1:IF:8-128,E14,E15,,METHOD_CALL,C:\Users\JBNU\git\ConstraintsRecovery\assets\tankwar\asset1,120,G4,G4,TankWar_P1|TankWar_P2|TankWar_P3|TankWar_P4|TankWar_P5,TankWar_P1|TankWar_P2|TankWar_P3|TankWar_P4|TankWar_P5,UNKNOWN,UNKNOWN,0.750,0.200,LOW,INTRA_BLOCK,RESOLVED_INTERNAL,TankWar_P1|TankWar_P2|TankWar_P3|TankWar_P4|TankWar_P5
D692,C:\Users\JBNU\git\ConstraintsRecovery\assets\tankwar\asset1:IF:8-128,C:\Users\JBNU\git\ConstraintsRecovery\assets\tankwar\asset9:IF:8-248,E15,E696,,FIELD_REFERENCE,C:\Users\JBNU\git\ConstraintsRecovery\assets\tankwar\asset1,123,G4,G4,TankWar_P1|TankWar_P2|TankWar_P3|TankWar_P4|TankWar_P5,TankWar_P1|TankWar_P2|TankWar_P3|TankWar_P4|TankWar_P5,UNKNOWN,UNKNOWN,0.600,0.200,LOW,NONE,RESOLVED_INTERNAL,TankWar_P1|TankWar_P2|TankWar_P3|TankWar_P4|TankWar_P5
D693,C:\Users\JBNU\git\ConstraintsRecovery\assets\tankwar\asset1:IF:8-128,C:\Users\JBNU\git\ConstraintsRecovery\assets\tankwar\asset9:IF:8-248,E16,E696,,FIELD_REFERENCE,C:\Users\JBNU\git\ConstraintsRecovery\assets\tankwar\asset1,126,G4,G4,TankWar_P1|TankWar_P2|TankWar_P3|TankWar_P4|TankWar_P5,TankWar_P1|TankWar_P2|TankWar_P3|TankWar_P4|TankWar_P5,UNKNOWN,UNKNOWN,0.600,0.200,LOW,NONE,RESOLVED_INTERNAL,TankWar_P1|TankWar_P2|TankWar_P3|TankWar_P4|TankWar_P5
D1,C:\Users\JBNU\git\ConstraintsRecovery\assets\tankwar\asset10:IF:8-42,C:\Users\JBNU\git\ConstraintsRecovery\assets\tankwar\asset14:IF:8-384,E17,E66,,EXTENDS,C:\Users\JBNU\git\ConstraintsRecovery\assets\tankwar\asset10,14,G4,G4,TankWar_P1|TankWar_P2|TankWar_P3|TankWar_P4|TankWar_P5,TankWar_P1|TankWar_P2|TankWar_P3|TankWar_P4|TankWar_P5,UNKNOWN,UNKNOWN,0.900,0.200,LOW,NONE,RESOLVED_INTERNAL,TankWar_P1|TankWar_P2|TankWar_P3|TankWar_P4|TankWar_P5
D2,C:\Users\JBNU\git\ConstraintsRecovery\assets\tankwar\asset10:IF:8-42,C:\Users\JBNU\git\ConstraintsRecovery\assets\tankwar\asset10:IF:8-42,E19,E20,,METHOD_CALL,C:\Users\JBNU\git\ConstraintsRecovery\assets\tankwar\asset10,21,G4,G4,TankWar_P1|TankWar_P2|TankWar_P3|TankWar_P4|TankWar_P5,TankWar_P1|TankWar_P2|TankWar_P3|TankWar_P4|TankWar_P5,UNKNOWN,UNKNOWN,0.750,0.200,LOW,INTRA_BLOCK,RESOLVED_INTERNAL,TankWar_P1|TankWar_P2|TankWar_P3|TankWar_P4|TankWar_P5
D3,C:\Users\JBNU\git\ConstraintsRecovery\assets\tankwar\asset10:IF:8-42,C:\Users\JBNU\git\ConstraintsRecovery\assets\tankwar\asset14:IF:8-384,E19,E99,,METHOD_CALL,C:\Users\JBNU\git\ConstraintsRecovery\assets\tankwar\asset10,30,G4,G4,TankWar_P1|TankWar_P2|TankWar_P3|TankWar_P4|TankWar_P5,TankWar_P1|TankWar_P2|TankWar_P3|TankWar_P4|TankWar_P5,UNKNOWN,UNKNOWN,0.750,0.200,LOW,NONE,RESOLVED_INTERNAL,TankWar_P1|TankWar_P2|TankWar_P3|TankWar_P4|TankWar_P5
D26,C:\Users\JBNU\git\ConstraintsRecovery\assets\tankwar\asset11:IF:8-132,C:\Users\JBNU\git\ConstraintsRecovery\assets\tankwar\asset11:IF:8-132,E56,E29,,FIELD_REFERENCE,C:\Users\JBNU\git\ConstraintsRecovery\assets\tankwar\asset11,46,G4,G4,TankWar_P1|TankWar_P2|TankWar_P3|TankWar_P4|TankWar_P5,TankWar_P1|TankWar_P2|TankWar_P3|TankWar_P4|TankWar_P5,UNKNOWN,UNKNOWN,0.600,0.200,LOW,INTRA_BLOCK,RESOLVED_INTERNAL,TankWar_P1|TankWar_P2|TankWar_P3|TankWar_P4|TankWar_P5
D27,C:\Users\JBNU\git\ConstraintsRecovery\assets\tankwar\asset11:IF:8-132,C:\Users\JBNU\git\ConstraintsRecovery\assets\tankwar\asset11:IF:8-132,E56,E57,,METHOD_CALL,C:\Users\JBNU\git\ConstraintsRecovery\assets\tankwar\asset11,48,G4,G4,TankWar_P1|TankWar_P2|TankWar_P3|TankWar_P4|TankWar_P5,TankWar_P1|TankWar_P2|TankWar_P3|TankWar_P4|TankWar_P5,UNKNOWN,UNKNOWN,0.750,0.200,LOW,INTRA_BLOCK,RESOLVED_INTERNAL,TankWar_P1|TankWar_P2|TankWar_P3|TankWar_P4|TankWar_P5
D28,C:\Users\JBNU\git\ConstraintsRecovery\assets\tankwar\asset11:IF:8-132,C:\Users\JBNU\git\ConstraintsRecovery\assets\tankwar\asset11:IF:8-132,E57,E30,,FIELD_REFERENCE,C:\Users\JBNU\git\ConstraintsRecovery\assets\tankwar\asset11,65,G4,G4,TankWar_P1|TankWar_P2|TankWar_P3|TankWar_P4|TankWar_P5,TankWar_P1|TankWar_P2|TankWar_P3|TankWar_P4|TankWar_P5,UNKNOWN,UNKNOWN,0.600,0.200,LOW,INTRA_BLOCK,RESOLVED_INTERNAL,TankWar_P1|TankWar_P2|TankWar_P3|TankWar_P4|TankWar_P5
D29,C:\Users\JBNU\git\ConstraintsRecovery\assets\tankwar\asset11:IF:8-132,C:\Users\JBNU\git\ConstraintsRecovery\assets\tankwar\asset27:IF:7-116,E57,E302,,FIELD_REFERENCE,C:\Users\JBNU\git\ConstraintsRecovery\assets\tankwar\asset11,70,G4,G7,TankWar_P1|TankWar_P2|TankWar_P3|TankWar_P4|TankWar_P5,TankWar_P1|TankWar_P3|TankWar_P4|TankWar_P5,UNKNOWN,UNKNOWN,0.600,0.200,LOW,NONE,RESOLVED_INTERNAL,TankWar_P1|TankWar_P2|TankWar_P3|TankWar_P4|TankWar_P5
D30,C:\Users\JBNU\git\ConstraintsRecovery\assets\tankwar\asset11:IF:8-132,C:\Users\JBNU\git\ConstraintsRecovery\assets\tankwar\asset11:IF:8-132,E57,E31,,FIELD_REFERENCE,C:\Users\JBNU\git\ConstraintsRecovery\assets\tankwar\asset11,74,G4,G4,TankWar_P1|TankWar_P2|TankWar_P3|TankWar_P4|TankWar_P5,TankWar_P1|TankWar_P2|TankWar_P3|TankWar_P4|TankWar_P5,UNKNOWN,UNKNOWN,0.600,0.200,LOW,INTRA_BLOCK,RESOLVED_INTERNAL,TankWar_P1|TankWar_P2|TankWar_P3|TankWar_P4|TankWar_P5
D31,C:\Users\JBNU\git\ConstraintsRecovery\assets\tankwar\asset11:IF:8-132,C:\Users\JBNU\git\ConstraintsRecovery\assets\tankwar\asset27:IF:7-116,E57,E302,,FIELD_REFERENCE,C:\Users\JBNU\git\ConstraintsRecovery\assets\tankwar\asset11,75,G4,G7,TankWar_P1|TankWar_P2|TankWar_P3|TankWar_P4|TankWar_P5,TankWar_P1|TankWar_P3|TankWar_P4|TankWar_P5,UNKNOWN,UNKNOWN,0.600,0.200,LOW,NONE,RESOLVED_INTERNAL,TankWar_P1|TankWar_P2|TankWar_P3|TankWar_P4|TankWar_P5
D32,C:\Users\JBNU\git\ConstraintsRecovery\assets\tankwar\asset11:IF:8-132,C:\Users\JBNU\git\ConstraintsRecovery\assets\tankwar\asset11:IF:8-132,E57,E31,,FIELD_REFERENCE,C:\Users\JBNU\git\ConstraintsRecovery\assets\tankwar\asset11,75,G4,G4,TankWar_P1|TankWar_P2|TankWar_P3|TankWar_P4|TankWar_P5,TankWar_P1|TankWar_P2|TankWar_P3|TankWar_P4|TankWar_P5,UNKNOWN,UNKNOWN,0.600,0.200,LOW,INTRA_BLOCK,RESOLVED_INTERNAL,TankWar_P1|TankWar_P2|TankWar_P3|TankWar_P4|TankWar_P5
D33,C:\Users\JBNU\git\ConstraintsRecovery\assets\tankwar\asset11:IF:8-132,C:\Users\JBNU\git\ConstraintsRecovery\assets\tankwar\asset11:IF:8-132,E57,E36,,FIELD_REFERENCE,C:\Users\JBNU\git\ConstraintsRecovery\assets\tankwar\asset11,78,G4,G4,TankWar_P1|TankWar_P2|TankWar_P3|TankWar_P4|TankWar_P5,TankWar_P1|TankWar_P2|TankWar_P3|TankWar_P4|TankWar_P5,UNKNOWN,UNKNOWN,0.600,0.200,LOW,INTRA_BLOCK,RESOLVED_INTERNAL,TankWar_P1|TankWar_P2|TankWar_P3|TankWar_P4|TankWar_P5
D34,C:\Users\JBNU\git\ConstraintsRecovery\assets\tankwar\asset11:IF:8-132,C:\Users\JBNU\git\ConstraintsRecovery\assets\tankwar\asset11:IF:8-132,E57,E37,,FIELD_REFERENCE,C:\Users\JBNU\git\ConstraintsRecovery\assets\tankwar\asset11,79,G4,G4,TankWar_P1|TankWar_P2|TankWar_P3|TankWar_P4|TankWar_P5,TankWar_P1|TankWar_P2|TankWar_P3|TankWar_P4|TankWar_P5,UNKNOWN,UNKNOWN,0.600,0.200,LOW,INTRA_BLOCK,RESOLVED_INTERNAL,TankWar_P1|TankWar_P2|TankWar_P3|TankWar_P4|TankWar_P5
D35,C:\Users\JBNU\git\ConstraintsRecovery\assets\tankwar\asset11:IF:8-132,C:\Users\JBNU\git\ConstraintsRecovery\assets\tankwar\asset11:IF:8-132,E57,E38,,FIELD_REFERENCE,C:\Users\JBNU\git\ConstraintsRecovery\assets\tankwar\asset11,80,G4,G4,TankWar_P1|TankWar_P2|TankWar_P3|TankWar_P4|TankWar_P5,TankWar_P1|TankWar_P2|TankWar_P3|TankWar_P4|TankWar_P5,UNKNOWN,UNKNOWN,0.600,0.200,LOW,INTRA_BLOCK,RESOLVED_INTERNAL,TankWar_P1|TankWar_P2|TankWar_P3|TankWar_P4|TankWar_P5
D36,C:\Users\JBNU\git\ConstraintsRecovery\assets\tankwar\asset11:IF:8-132,C:\Users\JBNU\git\ConstraintsRecovery\assets\tankwar\asset11:IF:8-132,E57,E39,,FIELD_REFERENCE,C:\Users\JBNU\git\ConstraintsRecovery\assets\tankwar\asset11,81,G4,G4,TankWar_P1|TankWar_P2|TankWar_P3|TankWar_P4|TankWar_P5,TankWar_P1|TankWar_P2|TankWar_P3|TankWar_P4|TankWar_P5,UNKNOWN,UNKNOWN,0.600,0.200,LOW,INTRA_BLOCK,RESOLVED_INTERNAL,TankWar_P1|TankWar_P2|TankWar_P3|TankWar_P4|TankWar_P5
D37,C:\Users\JBNU\git\ConstraintsRecovery\assets\tankwar\asset11:IF:8-132,C:\Users\JBNU\git\ConstraintsRecovery\assets\tankwar\asset5:IF:8-22,E57,E463,,CONSTRUCTOR_CALL,C:\Users\JBNU\git\ConstraintsRecovery\assets\tankwar\asset11,82,G4,G4,TankWar_P1|TankWar_P2|TankWar_P3|TankWar_P4|TankWar_P5,TankWar_P1|TankWar_P2|TankWar_P3|TankWar_P4|TankWar_P5,UNKNOWN,UNKNOWN,0.750,0.200,LOW,NONE,RESOLVED_INTERNAL,TankWar_P1|TankWar_P2|TankWar_P3|TankWar_P4|TankWar_P5
D38,C:\Users\JBNU\git\ConstraintsRecovery\assets\tankwar\asset11:IF:8-132,C:\Users\JBNU\git\ConstraintsRecovery\assets\tankwar\asset11:IF:8-132,E57,E23,,FIELD_REFERENCE,C:\Users\JBNU\git\ConstraintsRecovery\assets\tankwar\asset11,82,G4,G4,TankWar_P1|TankWar_P2|TankWar_P3|TankWar_P4|TankWar_P5,TankWar_P1|TankWar_P2|TankWar_P3|TankWar_P4|TankWar_P5,UNKNOWN,UNKNOWN,0.600,0.200,LOW,INTRA_BLOCK,RESOLVED_INTERNAL,TankWar_P1|TankWar_P2|TankWar_P3|TankWar_P4|TankWar_P5
D39,C:\Users\JBNU\git\ConstraintsRecovery\assets\tankwar\asset11:IF:8-132,C:\Users\JBNU\git\ConstraintsRecovery\assets\tankwar\asset11:IF:8-132,E57,E29,,FIELD_REFERENCE,C:\Users\JBNU\git\ConstraintsRecovery\assets\tankwar\asset11,82,G4,G4,TankWar_P1|TankWar_P2|TankWar_P3|TankWar_P4|TankWar_P5,TankWar_P1|TankWar_P2|TankWar_P3|TankWar_P4|TankWar_P5,UNKNOWN,UNKNOWN,0.600,0.200,LOW,INTRA_BLOCK,RESOLVED_INTERNAL,TankWar_P1|TankWar_P2|TankWar_P3|TankWar_P4|TankWar_P5
D40,C:\Users\JBNU\git\ConstraintsRecovery\assets\tankwar\asset11:IF:8-132,C:\Users\JBNU\git\ConstraintsRecovery\assets\tankwar\asset11:IF:8-132,E57,E36,,FIELD_REFERENCE,C:\Users\JBNU\git\ConstraintsRecovery\assets\tankwar\asset11,82,G4,G4,TankWar_P1|TankWar_P2|TankWar_P3|TankWar_P4|TankWar_P5,TankWar_P1|TankWar_P2|TankWar_P3|TankWar_P4|TankWar_P5,UNKNOWN,UNKNOWN,0.600,0.200,LOW,INTRA_BLOCK,RESOLVED_INTERNAL,TankWar_P1|TankWar_P2|TankWar_P3|TankWar_P4|TankWar_P5
D41,C:\Users\JBNU\git\ConstraintsRecovery\assets\tankwar\asset11:IF:8-132,C:\Users\JBNU\git\ConstraintsRecovery\assets\tankwar\asset11:IF:8-132,E57,E37,,FIELD_REFERENCE,C:\Users\JBNU\git\ConstraintsRecovery\assets\tankwar\asset11,82,G4,G4,TankWar_P1|TankWar_P2|TankWar_P3|TankWar_P4|TankWar_P5,TankWar_P1|TankWar_P2|TankWar_P3|TankWar_P4|TankWar_P5,UNKNOWN,UNKNOWN,0.600,0.200,LOW,INTRA_BLOCK,RESOLVED_INTERNAL,TankWar_P1|TankWar_P2|TankWar_P3|TankWar_P4|TankWar_P5
D42,C:\Users\JBNU\git\ConstraintsRecovery\assets\tankwar\asset11:IF:8-132,C:\Users\JBNU\git\ConstraintsRecovery\assets\tankwar\asset11:IF:8-132,E57,E38,,FIELD_REFERENCE,C:\Users\JBNU\git\ConstraintsRecovery\assets\tankwar\asset11,82,G4,G4,TankWar_P1|TankWar_P2|TankWar_P3|TankWar_P4|TankWar_P5,TankWar_P1|TankWar_P2|TankWar_P3|TankWar_P4|TankWar_P5,UNKNOWN,UNKNOWN,0.600,0.200,LOW,INTRA_BLOCK,RESOLVED_INTERNAL,TankWar_P1|TankWar_P2|TankWar_P3|TankWar_P4|TankWar_P5
D43,C:\Users\JBNU\git\ConstraintsRecovery\assets\tankwar\asset11:IF:8-132,C:\Users\JBNU\git\ConstraintsRecovery\assets\tankwar\asset11:IF:8-132,E57,E39,,FIELD_REFERENCE,C:\Users\JBNU\git\ConstraintsRecovery\assets\tankwar\asset11,82,G4,G4,TankWar_P1|TankWar_P2|TankWar_P3|TankWar_P4|TankWar_P5,TankWar_P1|TankWar_P2|TankWar_P3|TankWar_P4|TankWar_P5,UNKNOWN,UNKNOWN,0.600,0.200,LOW,INTRA_BLOCK,RESOLVED_INTERNAL,TankWar_P1|TankWar_P2|TankWar_P3|TankWar_P4|TankWar_P5
D44,C:\Users\JBNU\git\ConstraintsRecovery\assets\tankwar\asset11:IF:8-132,C:\Users\JBNU\git\ConstraintsRecovery\assets\tankwar\asset11:IF:8-132,E57,E40,,FIELD_REFERENCE,C:\Users\JBNU\git\ConstraintsRecovery\assets\tankwar\asset11,85,G4,G4,TankWar_P1|TankWar_P2|TankWar_P3|TankWar_P4|TankWar_P5,TankWar_P1|TankWar_P2|TankWar_P3|TankWar_P4|TankWar_P5,UNKNOWN,UNKNOWN,0.600,0.200,LOW,INTRA_BLOCK,RESOLVED_INTERNAL,TankWar_P1|TankWar_P2|TankWar_P3|TankWar_P4|TankWar_P5
D45,C:\Users\JBNU\git\ConstraintsRecovery\assets\tankwar\asset11:IF:8-132,C:\Users\JBNU\git\ConstraintsRecovery\assets\tankwar\asset11:IF:8-132,E57,E41,,FIELD_REFERENCE,C:\Users\JBNU\git\ConstraintsRecovery\assets\tankwar\asset11,86,G4,G4,TankWar_P1|TankWar_P2|TankWar_P3|TankWar_P4|TankWar_P5,TankWar_P1|TankWar_P2|TankWar_P3|TankWar_P4|TankWar_P5,UNKNOWN,UNKNOWN,0.600,0.200,LOW,INTRA_BLOCK,RESOLVED_INTERNAL,TankWar_P1|TankWar_P2|TankWar_P3|TankWar_P4|TankWar_P5
D46,C:\Users\JBNU\git\ConstraintsRecovery\assets\tankwar\asset11:IF:8-132,C:\Users\JBNU\git\ConstraintsRecovery\assets\tankwar\asset11:IF:8-132,E57,E42,,FIELD_REFERENCE,C:\Users\JBNU\git\ConstraintsRecovery\assets\tankwar\asset11,87,G4,G4,TankWar_P1|TankWar_P2|TankWar_P3|TankWar_P4|TankWar_P5,TankWar_P1|TankWar_P2|TankWar_P3|TankWar_P4|TankWar_P5,UNKNOWN,UNKNOWN,0.600,0.200,LOW,INTRA_BLOCK,RESOLVED_INTERNAL,TankWar_P1|TankWar_P2|TankWar_P3|TankWar_P4|TankWar_P5
D47,C:\Users\JBNU\git\ConstraintsRecovery\assets\tankwar\asset11:IF:8-132,C:\Users\JBNU\git\ConstraintsRecovery\assets\tankwar\asset11:IF:8-132,E57,E43,,FIELD_REFERENCE,C:\Users\JBNU\git\ConstraintsRecovery\assets\tankwar\asset11,88,G4,G4,TankWar_P1|TankWar_P2|TankWar_P3|TankWar_P4|TankWar_P5,TankWar_P1|TankWar_P2|TankWar_P3|TankWar_P4|TankWar_P5,UNKNOWN,UNKNOWN,0.600,0.200,LOW,INTRA_BLOCK,RESOLVED_INTERNAL,TankWar_P1|TankWar_P2|TankWar_P3|TankWar_P4|TankWar_P5
D48,C:\Users\JBNU\git\ConstraintsRecovery\assets\tankwar\asset11:IF:8-132,C:\Users\JBNU\git\ConstraintsRecovery\assets\tankwar\asset5:IF:8-22,E57,E463,,CONSTRUCTOR_CALL,C:\Users\JBNU\git\ConstraintsRecovery\assets\tankwar\asset11,89,G4,G4,TankWar_P1|TankWar_P2|TankWar_P3|TankWar_P4|TankWar_P5,TankWar_P1|TankWar_P2|TankWar_P3|TankWar_P4|TankWar_P5,UNKNOWN,UNKNOWN,0.750,0.200,LOW,NONE,RESOLVED_INTERNAL,TankWar_P1|TankWar_P2|TankWar_P3|TankWar_P4|TankWar_P5
D49,C:\Users\JBNU\git\ConstraintsRecovery\assets\tankwar\asset11:IF:8-132,C:\Users\JBNU\git\ConstraintsRecovery\assets\tankwar\asset11:IF:8-132,E57,E24,,FIELD_REFERENCE,C:\Users\JBNU\git\ConstraintsRecovery\assets\tankwar\asset11,89,G4,G4,TankWar_P1|TankWar_P2|TankWar_P3|TankWar_P4|TankWar_P5,TankWar_P1|TankWar_P2|TankWar_P3|TankWar_P4|TankWar_P5,UNKNOWN,UNKNOWN,0.600,0.200,LOW,INTRA_BLOCK,RESOLVED_INTERNAL,TankWar_P1|TankWar_P2|TankWar_P3|TankWar_P4|TankWar_P5
D50,C:\Users\JBNU\git\ConstraintsRecovery\assets\tankwar\asset11:IF:8-132,C:\Users\JBNU\git\ConstraintsRecovery\assets\tankwar\asset11:IF:8-132,E57,E29,,FIELD_REFERENCE,C:\Users\JBNU\git\ConstraintsRecovery\assets\tankwar\asset11,89,G4,G4,TankWar_P1|TankWar_P2|TankWar_P3|TankWar_P4|TankWar_P5,TankWar_P1|TankWar_P2|TankWar_P3|TankWar_P4|TankWar_P5,UNKNOWN,UNKNOWN,0.600,0.200,LOW,INTRA_BLOCK,RESOLVED_INTERNAL,TankWar_P1|TankWar_P2|TankWar_P3|TankWar_P4|TankWar_P5
D51,C:\Users\JBNU\git\ConstraintsRecovery\assets\tankwar\asset11:IF:8-132,C:\Users\JBNU\git\ConstraintsRecovery\assets\tankwar\asset11:IF:8-132,E57,E40,,FIELD_REFERENCE,C:\Users\JBNU\git\ConstraintsRecovery\assets\tankwar\asset11,89,G4,G4,TankWar_P1|TankWar_P2|TankWar_P3|TankWar_P4|TankWar_P5,TankWar_P1|TankWar_P2|TankWar_P3|TankWar_P4|TankWar_P5,UNKNOWN,UNKNOWN,0.600,0.200,LOW,INTRA_BLOCK,RESOLVED_INTERNAL,TankWar_P1|TankWar_P2|TankWar_P3|TankWar_P4|TankWar_P5
D52,C:\Users\JBNU\git\ConstraintsRecovery\assets\tankwar\asset11:IF:8-132,C:\Users\JBNU\git\ConstraintsRecovery\assets\tankwar\asset11:IF:8-132,E57,E41,,FIELD_REFERENCE,C:\Users\JBNU\git\ConstraintsRecovery\assets\tankwar\asset11,89,G4,G4,TankWar_P1|TankWar_P2|TankWar_P3|TankWar_P4|TankWar_P5,TankWar_P1|TankWar_P2|TankWar_P3|TankWar_P4|TankWar_P5,UNKNOWN,UNKNOWN,0.600,0.200,LOW,INTRA_BLOCK,RESOLVED_INTERNAL,TankWar_P1|TankWar_P2|TankWar_P3|TankWar_P4|TankWar_P5
D53,C:\Users\JBNU\git\ConstraintsRecovery\assets\tankwar\asset11:IF:8-132,C:\Users\JBNU\git\ConstraintsRecovery\assets\tankwar\asset11:IF:8-132,E57,E42,,FIELD_REFERENCE,C:\Users\JBNU\git\ConstraintsRecovery\assets\tankwar\asset11,89,G4,G4,TankWar_P1|TankWar_P2|TankWar_P3|TankWar_P4|TankWar_P5,TankWar_P1|TankWar_P2|TankWar_P3|TankWar_P4|TankWar_P5,UNKNOWN,UNKNOWN,0.600,0.200,LOW,INTRA_BLOCK,RESOLVED_INTERNAL,TankWar_P1|TankWar_P2|TankWar_P3|TankWar_P4|TankWar_P5
D54,C:\Users\JBNU\git\ConstraintsRecovery\assets\tankwar\asset11:IF:8-132,C:\Users\JBNU\git\ConstraintsRecovery\assets\tankwar\asset11:IF:8-132,E57,E43,,FIELD_REFERENCE,C:\Users\JBNU\git\ConstraintsRecovery\assets\tankwar\asset11,89,G4,G4,TankWar_P1|TankWar_P2|TankWar_P3|TankWar_P4|TankWar_P5,TankWar_P1|TankWar_P2|TankWar_P3|TankWar_P4|TankWar_P5,UNKNOWN,UNKNOWN,0.600,0.200,LOW,INTRA_BLOCK,RESOLVED_INTERNAL,TankWar_P1|TankWar_P2|TankWar_P3|TankWar_P4|TankWar_P5
D55,C:\Users\JBNU\git\ConstraintsRecovery\assets\tankwar\asset11:IF:8-132,C:\Users\JBNU\git\ConstraintsRecovery\assets\tankwar\asset11:IF:8-132,E57,E44,,FIELD_REFERENCE,C:\Users\JBNU\git\ConstraintsRecovery\assets\tankwar\asset11,92,G4,G4,TankWar_P1|TankWar_P2|TankWar_P3|TankWar_P4|TankWar_P5,TankWar_P1|TankWar_P2|TankWar_P3|TankWar_P4|TankWar_P5,UNKNOWN,UNKNOWN,0.600,0.200,LOW,INTRA_BLOCK,RESOLVED_INTERNAL,TankWar_P1|TankWar_P2|TankWar_P3|TankWar_P4|TankWar_P5
D56,C:\Users\JBNU\git\ConstraintsRecovery\assets\tankwar\asset11:IF:8-132,C:\Users\JBNU\git\ConstraintsRecovery\assets\tankwar\asset11:IF:8-132,E57,E45,,FIELD_REFERENCE,C:\Users\JBNU\git\ConstraintsRecovery\assets\tankwar\asset11,93,G4,G4,TankWar_P1|TankWar_P2|TankWar_P3|TankWar_P4|TankWar_P5,TankWar_P1|TankWar_P2|TankWar_P3|TankWar_P4|TankWar_P5,UNKNOWN,UNKNOWN,0.600,0.200,LOW,INTRA_BLOCK,RESOLVED_INTERNAL,TankWar_P1|TankWar_P2|TankWar_P3|TankWar_P4|TankWar_P5
D57,C:\Users\JBNU\git\ConstraintsRecovery\assets\tankwar\asset11:IF:8-132,C:\Users\JBNU\git\ConstraintsRecovery\assets\tankwar\asset11:IF:8-132,E57,E46,,FIELD_REFERENCE,C:\Users\JBNU\git\ConstraintsRecovery\assets\tankwar\asset11,94,G4,G4,TankWar_P1|TankWar_P2|TankWar_P3|TankWar_P4|TankWar_P5,TankWar_P1|TankWar_P2|TankWar_P3|TankWar_P4|TankWar_P5,UNKNOWN,UNKNOWN,0.600,0.200,LOW,INTRA_BLOCK,RESOLVED_INTERNAL,TankWar_P1|TankWar_P2|TankWar_P3|TankWar_P4|TankWar_P5
D58,C:\Users\JBNU\git\ConstraintsRecovery\assets\tankwar\asset11:IF:8-132,C:\Users\JBNU\git\ConstraintsRecovery\assets\tankwar\asset11:IF:8-132,E57,E47,,FIELD_REFERENCE,C:\Users\JBNU\git\ConstraintsRecovery\assets\tankwar\asset11,95,G4,G4,TankWar_P1|TankWar_P2|TankWar_P3|TankWar_P4|TankWar_P5,TankWar_P1|TankWar_P2|TankWar_P3|TankWar_P4|TankWar_P5,UNKNOWN,UNKNOWN,0.600,0.200,LOW,INTRA_BLOCK,RESOLVED_INTERNAL,TankWar_P1|TankWar_P2|TankWar_P3|TankWar_P4|TankWar_P5
D59,C:\Users\JBNU\git\ConstraintsRecovery\assets\tankwar\asset11:IF:8-132,C:\Users\JBNU\git\ConstraintsRecovery\assets\tankwar\asset5:IF:8-22,E57,E463,,CONSTRUCTOR_CALL,C:\Users\JBNU\git\ConstraintsRecovery\assets\tankwar\asset11,96,G4,G4,TankWar_P1|TankWar_P2|TankWar_P3|TankWar_P4|TankWar_P5,TankWar_P1|TankWar_P2|TankWar_P3|TankWar_P4|TankWar_P5,UNKNOWN,UNKNOWN,0.750,0.200,LOW,NONE,RESOLVED_INTERNAL,TankWar_P1|TankWar_P2|TankWar_P3|TankWar_P4|TankWar_P5
D60,C:\Users\JBNU\git\ConstraintsRecovery\assets\tankwar\asset11:IF:8-132,C:\Users\JBNU\git\ConstraintsRecovery\assets\tankwar\asset11:IF:8-132,E57,E25,,FIELD_REFERENCE,C:\Users\JBNU\git\ConstraintsRecovery\assets\tankwar\asset11,96,G4,G4,TankWar_P1|TankWar_P2|TankWar_P3|TankWar_P4|TankWar_P5,TankWar_P1|TankWar_P2|TankWar_P3|TankWar_P4|TankWar_P5,UNKNOWN,UNKNOWN,0.600,0.200,LOW,INTRA_BLOCK,RESOLVED_INTERNAL,TankWar_P1|TankWar_P2|TankWar_P3|TankWar_P4|TankWar_P5
D61,C:\Users\JBNU\git\ConstraintsRecovery\assets\tankwar\asset11:IF:8-132,C:\Users\JBNU\git\ConstraintsRecovery\assets\tankwar\asset11:IF:8-132,E57,E29,,FIELD_REFERENCE,C:\Users\JBNU\git\ConstraintsRecovery\assets\tankwar\asset11,96,G4,G4,TankWar_P1|TankWar_P2|TankWar_P3|TankWar_P4|TankWar_P5,TankWar_P1|TankWar_P2|TankWar_P3|TankWar_P4|TankWar_P5,UNKNOWN,UNKNOWN,0.600,0.200,LOW,INTRA_BLOCK,RESOLVED_INTERNAL,TankWar_P1|TankWar_P2|TankWar_P3|TankWar_P4|TankWar_P5
D62,C:\Users\JBNU\git\ConstraintsRecovery\assets\tankwar\asset11:IF:8-132,C:\Users\JBNU\git\ConstraintsRecovery\assets\tankwar\asset11:IF:8-132,E57,E44,,FIELD_REFERENCE,C:\Users\JBNU\git\ConstraintsRecovery\assets\tankwar\asset11,96,G4,G4,TankWar_P1|TankWar_P2|TankWar_P3|TankWar_P4|TankWar_P5,TankWar_P1|TankWar_P2|TankWar_P3|TankWar_P4|TankWar_P5,UNKNOWN,UNKNOWN,0.600,0.200,LOW,INTRA_BLOCK,RESOLVED_INTERNAL,TankWar_P1|TankWar_P2|TankWar_P3|TankWar_P4|TankWar_P5
D63,C:\Users\JBNU\git\ConstraintsRecovery\assets\tankwar\asset11:IF:8-132,C:\Users\JBNU\git\ConstraintsRecovery\assets\tankwar\asset11:IF:8-132,E57,E45,,FIELD_REFERENCE,C:\Users\JBNU\git\ConstraintsRecovery\assets\tankwar\asset11,96,G4,G4,TankWar_P1|TankWar_P2|TankWar_P3|TankWar_P4|TankWar_P5,TankWar_P1|TankWar_P2|TankWar_P3|TankWar_P4|TankWar_P5,UNKNOWN,UNKNOWN,0.600,0.200,LOW,INTRA_BLOCK,RESOLVED_INTERNAL,TankWar_P1|TankWar_P2|TankWar_P3|TankWar_P4|TankWar_P5
D64,C:\Users\JBNU\git\ConstraintsRecovery\assets\tankwar\asset11:IF:8-132,C:\Users\JBNU\git\ConstraintsRecovery\assets\tankwar\asset11:IF:8-132,E57,E46,,FIELD_REFERENCE,C:\Users\JBNU\git\ConstraintsRecovery\assets\tankwar\asset11,96,G4,G4,TankWar_P1|TankWar_P2|TankWar_P3|TankWar_P4|TankWar_P5,TankWar_P1|TankWar_P2|TankWar_P3|TankWar_P4|TankWar_P5,UNKNOWN,UNKNOWN,0.600,0.200,LOW,INTRA_BLOCK,RESOLVED_INTERNAL,TankWar_P1|TankWar_P2|TankWar_P3|TankWar_P4|TankWar_P5
D65,C:\Users\JBNU\git\ConstraintsRecovery\assets\tankwar\asset11:IF:8-132,C:\Users\JBNU\git\ConstraintsRecovery\assets\tankwar\asset11:IF:8-132,E57,E47,,FIELD_REFERENCE,C:\Users\JBNU\git\ConstraintsRecovery\assets\tankwar\asset11,96,G4,G4,TankWar_P1|TankWar_P2|TankWar_P3|TankWar_P4|TankWar_P5,TankWar_P1|TankWar_P2|TankWar_P3|TankWar_P4|TankWar_P5,UNKNOWN,UNKNOWN,0.600,0.200,LOW,INTRA_BLOCK,RESOLVED_INTERNAL,TankWar_P1|TankWar_P2|TankWar_P3|TankWar_P4|TankWar_P5
D66,C:\Users\JBNU\git\ConstraintsRecovery\assets\tankwar\asset11:IF:8-132,C:\Users\JBNU\git\ConstraintsRecovery\assets\tankwar\asset11:IF:8-132,E57,E48,,FIELD_REFERENCE,C:\Users\JBNU\git\ConstraintsRecovery\assets\tankwar\asset11,99,G4,G4,TankWar_P1|TankWar_P2|TankWar_P3|TankWar_P4|TankWar_P5,TankWar_P1|TankWar_P2|TankWar_P3|TankWar_P4|TankWar_P5,UNKNOWN,UNKNOWN,0.600,0.200,LOW,INTRA_BLOCK,RESOLVED_INTERNAL,TankWar_P1|TankWar_P2|TankWar_P3|TankWar_P4|TankWar_P5
D4,C:\Users\JBNU\git\ConstraintsRecovery\assets\tankwar\asset11:IF:8-132,C:\Users\JBNU\git\ConstraintsRecovery\assets\tankwar\asset11:IF:8-132,E57,E49,,FIELD_REFERENCE,C:\Users\JBNU\git\ConstraintsRecovery\assets\tankwar\asset11,100,G4,G4,TankWar_P1|TankWar_P2|TankWar_P3|TankWar_P4|TankWar_P5,TankWar_P1|TankWar_P2|TankWar_P3|TankWar_P4|TankWar_P5,UNKNOWN,UNKNOWN,0.600,0.200,LOW,INTRA_BLOCK,RESOLVED_INTERNAL,TankWar_P1|TankWar_P2|TankWar_P3|TankWar_P4|TankWar_P5
D5,C:\Users\JBNU\git\ConstraintsRecovery\assets\tankwar\asset11:IF:8-132,C:\Users\JBNU\git\ConstraintsRecovery\assets\tankwar\asset11:IF:8-132,E57,E50,,FIELD_REFERENCE,C:\Users\JBNU\git\ConstraintsRecovery\assets\tankwar\asset11,101,G4,G4,TankWar_P1|TankWar_P2|TankWar_P3|TankWar_P4|TankWar_P5,TankWar_P1|TankWar_P2|TankWar_P3|TankWar_P4|TankWar_P5,UNKNOWN,UNKNOWN,0.600,0.200,LOW,INTRA_BLOCK,RESOLVED_INTERNAL,TankWar_P1|TankWar_P2|TankWar_P3|TankWar_P4|TankWar_P5
D6,C:\Users\JBNU\git\ConstraintsRecovery\assets\tankwar\asset11:IF:8-132,C:\Users\JBNU\git\ConstraintsRecovery\assets\tankwar\asset11:IF:8-132,E57,E51,,FIELD_REFERENCE,C:\Users\JBNU\git\ConstraintsRecovery\assets\tankwar\asset11,102,G4,G4,TankWar_P1|TankWar_P2|TankWar_P3|TankWar_P4|TankWar_P5,TankWar_P1|TankWar_P2|TankWar_P3|TankWar_P4|TankWar_P5,UNKNOWN,UNKNOWN,0.600,0.200,LOW,INTRA_BLOCK,RESOLVED_INTERNAL,TankWar_P1|TankWar_P2|TankWar_P3|TankWar_P4|TankWar_P5
D7,C:\Users\JBNU\git\ConstraintsRecovery\assets\tankwar\asset11:IF:8-132,C:\Users\JBNU\git\ConstraintsRecovery\assets\tankwar\asset5:IF:8-22,E57,E463,,CONSTRUCTOR_CALL,C:\Users\JBNU\git\ConstraintsRecovery\assets\tankwar\asset11,103,G4,G4,TankWar_P1|TankWar_P2|TankWar_P3|TankWar_P4|TankWar_P5,TankWar_P1|TankWar_P2|TankWar_P3|TankWar_P4|TankWar_P5,UNKNOWN,UNKNOWN,0.750,0.200,LOW,NONE,RESOLVED_INTERNAL,TankWar_P1|TankWar_P2|TankWar_P3|TankWar_P4|TankWar_P5
D8,C:\Users\JBNU\git\ConstraintsRecovery\assets\tankwar\asset11:IF:8-132,C:\Users\JBNU\git\ConstraintsRecovery\assets\tankwar\asset11:IF:8-132,E57,E26,,FIELD_REFERENCE,C:\Users\JBNU\git\ConstraintsRecovery\assets\tankwar\asset11,103,G4,G4,TankWar_P1|TankWar_P2|TankWar_P3|TankWar_P4|TankWar_P5,TankWar_P1|TankWar_P2|TankWar_P3|TankWar_P4|TankWar_P5,UNKNOWN,UNKNOWN,0.600,0.200,LOW,INTRA_BLOCK,RESOLVED_INTERNAL,TankWar_P1|TankWar_P2|TankWar_P3|TankWar_P4|TankWar_P5
D9,C:\Users\JBNU\git\ConstraintsRecovery\assets\tankwar\asset11:IF:8-132,C:\Users\JBNU\git\ConstraintsRecovery\assets\tankwar\asset11:IF:8-132,E57,E29,,FIELD_REFERENCE,C:\Users\JBNU\git\ConstraintsRecovery\assets\tankwar\asset11,103,G4,G4,TankWar_P1|TankWar_P2|TankWar_P3|TankWar_P4|TankWar_P5,TankWar_P1|TankWar_P2|TankWar_P3|TankWar_P4|TankWar_P5,UNKNOWN,UNKNOWN,0.600,0.200,LOW,INTRA_BLOCK,RESOLVED_INTERNAL,TankWar_P1|TankWar_P2|TankWar_P3|TankWar_P4|TankWar_P5
D10,C:\Users\JBNU\git\ConstraintsRecovery\assets\tankwar\asset11:IF:8-132,C:\Users\JBNU\git\ConstraintsRecovery\assets\tankwar\asset11:IF:8-132,E57,E48,,FIELD_REFERENCE,C:\Users\JBNU\git\ConstraintsRecovery\assets\tankwar\asset11,103,G4,G4,TankWar_P1|TankWar_P2|TankWar_P3|TankWar_P4|TankWar_P5,TankWar_P1|TankWar_P2|TankWar_P3|TankWar_P4|TankWar_P5,UNKNOWN,UNKNOWN,0.600,0.200,LOW,INTRA_BLOCK,RESOLVED_INTERNAL,TankWar_P1|TankWar_P2|TankWar_P3|TankWar_P4|TankWar_P5
D11,C:\Users\JBNU\git\ConstraintsRecovery\assets\tankwar\asset11:IF:8-132,C:\Users\JBNU\git\ConstraintsRecovery\assets\tankwar\asset11:IF:8-132,E57,E49,,FIELD_REFERENCE,C:\Users\JBNU\git\ConstraintsRecovery\assets\tankwar\asset11,103,G4,G4,TankWar_P1|TankWar_P2|TankWar_P3|TankWar_P4|TankWar_P5,TankWar_P1|TankWar_P2|TankWar_P3|TankWar_P4|TankWar_P5,UNKNOWN,UNKNOWN,0.600,0.200,LOW,INTRA_BLOCK,RESOLVED_INTERNAL,TankWar_P1|TankWar_P2|TankWar_P3|TankWar_P4|TankWar_P5
D12,C:\Users\JBNU\git\ConstraintsRecovery\assets\tankwar\asset11:IF:8-132,C:\Users\JBNU\git\ConstraintsRecovery\assets\tankwar\asset11:IF:8-132,E57,E50,,FIELD_REFERENCE,C:\Users\JBNU\git\ConstraintsRecovery\assets\tankwar\asset11,103,G4,G4,TankWar_P1|TankWar_P2|TankWar_P3|TankWar_P4|TankWar_P5,TankWar_P1|TankWar_P2|TankWar_P3|TankWar_P4|TankWar_P5,UNKNOWN,UNKNOWN,0.600,0.200,LOW,INTRA_BLOCK,RESOLVED_INTERNAL,TankWar_P1|TankWar_P2|TankWar_P3|TankWar_P4|TankWar_P5
D13,C:\Users\JBNU\git\ConstraintsRecovery\assets\tankwar\asset11:IF:8-132,C:\Users\JBNU\git\ConstraintsRecovery\assets\tankwar\asset11:IF:8-132,E57,E51,,FIELD_REFERENCE,C:\Users\JBNU\git\ConstraintsRecovery\assets\tankwar\asset11,103,G4,G4,TankWar_P1|TankWar_P2|TankWar_P3|TankWar_P4|TankWar_P5,TankWar_P1|TankWar_P2|TankWar_P3|TankWar_P4|TankWar_P5,UNKNOWN,UNKNOWN,0.600,0.200,LOW,INTRA_BLOCK,RESOLVED_INTERNAL,TankWar_P1|TankWar_P2|TankWar_P3|TankWar_P4|TankWar_P5
D14,C:\Users\JBNU\git\ConstraintsRecovery\assets\tankwar\asset11:IF:8-132,C:\Users\JBNU\git\ConstraintsRecovery\assets\tankwar\asset11:IF:8-132,E57,E52,,FIELD_REFERENCE,C:\Users\JBNU\git\ConstraintsRecovery\assets\tankwar\asset11,106,G4,G4,TankWar_P1|TankWar_P2|TankWar_P3|TankWar_P4|TankWar_P5,TankWar_P1|TankWar_P2|TankWar_P3|TankWar_P4|TankWar_P5,UNKNOWN,UNKNOWN,0.600,0.200,LOW,INTRA_BLOCK,RESOLVED_INTERNAL,TankWar_P1|TankWar_P2|TankWar_P3|TankWar_P4|TankWar_P5
D15,C:\Users\JBNU\git\ConstraintsRecovery\assets\tankwar\asset11:IF:8-132,C:\Users\JBNU\git\ConstraintsRecovery\assets\tankwar\asset11:IF:8-132,E57,E52,,FIELD_REFERENCE,C:\Users\JBNU\git\ConstraintsRecovery\assets\tankwar\asset11,107,G4,G4,TankWar_P1|TankWar_P2|TankWar_P3|TankWar_P4|TankWar_P5,TankWar_P1|TankWar_P2|TankWar_P3|TankWar_P4|TankWar_P5,UNKNOWN,UNKNOWN,0.600,0.200,LOW,INTRA_BLOCK,RESOLVED_INTERNAL,TankWar_P1|TankWar_P2|TankWar_P3|TankWar_P4|TankWar_P5
D16,C:\Users\JBNU\git\ConstraintsRecovery\assets\tankwar\asset11:IF:8-132,C:\Users\JBNU\git\ConstraintsRecovery\assets\tankwar\asset11:IF:8-132,E57,E27,,FIELD_REFERENCE,C:\Users\JBNU\git\ConstraintsRecovery\assets\tankwar\asset11,108,G4,G4,TankWar_P1|TankWar_P2|TankWar_P3|TankWar_P4|TankWar_P5,TankWar_P1|TankWar_P2|TankWar_P3|TankWar_P4|TankWar_P5,UNKNOWN,DOMAIN_CORE,0.600,0.200,LOW,INTRA_BLOCK,RESOLVED_INTERNAL,TankWar_P1|TankWar_P2|TankWar_P3|TankWar_P4|TankWar_P5
D17,C:\Users\JBNU\git\ConstraintsRecovery\assets\tankwar\asset11:IF:8-132,C:\Users\JBNU\git\ConstraintsRecovery\assets\tankwar\asset11:IF:8-132,E57,E53,,FIELD_REFERENCE,C:\Users\JBNU\git\ConstraintsRecovery\assets\tankwar\asset11,111,G4,G4,TankWar_P1|TankWar_P2|TankWar_P3|TankWar_P4|TankWar_P5,TankWar_P1|TankWar_P2|TankWar_P3|TankWar_P4|TankWar_P5,UNKNOWN,UNKNOWN,0.600,0.200,LOW,INTRA_BLOCK,RESOLVED_INTERNAL,TankWar_P1|TankWar_P2|TankWar_P3|TankWar_P4|TankWar_P5
D18,C:\Users\JBNU\git\ConstraintsRecovery\assets\tankwar\asset11:IF:8-132,C:\Users\JBNU\git\ConstraintsRecovery\assets\tankwar\asset11:IF:8-132,E57,E54,,FIELD_REFERENCE,C:\Users\JBNU\git\ConstraintsRecovery\assets\tankwar\asset11,114,G4,G4,TankWar_P1|TankWar_P2|TankWar_P3|TankWar_P4|TankWar_P5,TankWar_P1|TankWar_P2|TankWar_P3|TankWar_P4|TankWar_P5,UNKNOWN,UNKNOWN,0.600,0.200,LOW,INTRA_BLOCK,RESOLVED_INTERNAL,TankWar_P1|TankWar_P2|TankWar_P3|TankWar_P4|TankWar_P5
D19,C:\Users\JBNU\git\ConstraintsRecovery\assets\tankwar\asset11:IF:8-132,C:\Users\JBNU\git\ConstraintsRecovery\assets\tankwar\asset11:IF:8-132,E57,E55,,FIELD_REFERENCE,C:\Users\JBNU\git\ConstraintsRecovery\assets\tankwar\asset11,117,G4,G4,TankWar_P1|TankWar_P2|TankWar_P3|TankWar_P4|TankWar_P5,TankWar_P1|TankWar_P2|TankWar_P3|TankWar_P4|TankWar_P5,UNKNOWN,UNKNOWN,0.600,0.200,LOW,INTRA_BLOCK,RESOLVED_INTERNAL,TankWar_P1|TankWar_P2|TankWar_P3|TankWar_P4|TankWar_P5
D20,C:\Users\JBNU\git\ConstraintsRecovery\assets\tankwar\asset11:IF:8-132,C:\Users\JBNU\git\ConstraintsRecovery\assets\tankwar\asset11:IF:8-132,E57,E55,,FIELD_REFERENCE,C:\Users\JBNU\git\ConstraintsRecovery\assets\tankwar\asset11,118,G4,G4,TankWar_P1|TankWar_P2|TankWar_P3|TankWar_P4|TankWar_P5,TankWar_P1|TankWar_P2|TankWar_P3|TankWar_P4|TankWar_P5,UNKNOWN,UNKNOWN,0.600,0.200,LOW,INTRA_BLOCK,RESOLVED_INTERNAL,TankWar_P1|TankWar_P2|TankWar_P3|TankWar_P4|TankWar_P5
D21,C:\Users\JBNU\git\ConstraintsRecovery\assets\tankwar\asset11:IF:8-132,C:\Users\JBNU\git\ConstraintsRecovery\assets\tankwar\asset11:IF:8-132,E57,E28,,FIELD_REFERENCE,C:\Users\JBNU\git\ConstraintsRecovery\assets\tankwar\asset11,119,G4,G4,TankWar_P1|TankWar_P2|TankWar_P3|TankWar_P4|TankWar_P5,TankWar_P1|TankWar_P2|TankWar_P3|TankWar_P4|TankWar_P5,UNKNOWN,UNKNOWN,0.600,0.200,LOW,INTRA_BLOCK,RESOLVED_INTERNAL,TankWar_P1|TankWar_P2|TankWar_P3|TankWar_P4|TankWar_P5
D22,C:\Users\JBNU\git\ConstraintsRecovery\assets\tankwar\asset11:IF:8-132,C:\Users\JBNU\git\ConstraintsRecovery\assets\tankwar\asset11:IF:8-132,E57,E32,,FIELD_REFERENCE,C:\Users\JBNU\git\ConstraintsRecovery\assets\tankwar\asset11,122,G4,G4,TankWar_P1|TankWar_P2|TankWar_P3|TankWar_P4|TankWar_P5,TankWar_P1|TankWar_P2|TankWar_P3|TankWar_P4|TankWar_P5,UNKNOWN,UNKNOWN,0.600,0.200,LOW,INTRA_BLOCK,RESOLVED_INTERNAL,TankWar_P1|TankWar_P2|TankWar_P3|TankWar_P4|TankWar_P5
D23,C:\Users\JBNU\git\ConstraintsRecovery\assets\tankwar\asset11:IF:8-132,C:\Users\JBNU\git\ConstraintsRecovery\assets\tankwar\asset11:IF:8-132,E57,E33,,FIELD_REFERENCE,C:\Users\JBNU\git\ConstraintsRecovery\assets\tankwar\asset11,123,G4,G4,TankWar_P1|TankWar_P2|TankWar_P3|TankWar_P4|TankWar_P5,TankWar_P1|TankWar_P2|TankWar_P3|TankWar_P4|TankWar_P5,UNKNOWN,UNKNOWN,0.600,0.200,LOW,INTRA_BLOCK,RESOLVED_INTERNAL,TankWar_P1|TankWar_P2|TankWar_P3|TankWar_P4|TankWar_P5
D24,C:\Users\JBNU\git\ConstraintsRecovery\assets\tankwar\asset11:IF:8-132,C:\Users\JBNU\git\ConstraintsRecovery\assets\tankwar\asset11:IF:8-132,E57,E34,,FIELD_REFERENCE,C:\Users\JBNU\git\ConstraintsRecovery\assets\tankwar\asset11,126,G4,G4,TankWar_P1|TankWar_P2|TankWar_P3|TankWar_P4|TankWar_P5,TankWar_P1|TankWar_P2|TankWar_P3|TankWar_P4|TankWar_P5,UNKNOWN,UNKNOWN,0.600,0.200,LOW,INTRA_BLOCK,RESOLVED_INTERNAL,TankWar_P1|TankWar_P2|TankWar_P3|TankWar_P4|TankWar_P5
D25,C:\Users\JBNU\git\ConstraintsRecovery\assets\tankwar\asset11:IF:8-132,C:\Users\JBNU\git\ConstraintsRecovery\assets\tankwar\asset11:IF:8-132,E57,E35,,FIELD_REFERENCE,C:\Users\JBNU\git\ConstraintsRecovery\assets\tankwar\asset11,127,G4,G4,TankWar_P1|TankWar_P2|TankWar_P3|TankWar_P4|TankWar_P5,TankWar_P1|TankWar_P2|TankWar_P3|TankWar_P4|TankWar_P5,UNKNOWN,UNKNOWN,0.600,0.200,LOW,INTRA_BLOCK,RESOLVED_INTERNAL,TankWar_P1|TankWar_P2|TankWar_P3|TankWar_P4|TankWar_P5
D141,C:\Users\JBNU\git\ConstraintsRecovery\assets\tankwar\asset13:ELIF:29-31,C:\Users\JBNU\git\ConstraintsRecovery\assets\tankwar\asset66:IF:4-31,E60,E532,,EXTENDS,C:\Users\JBNU\git\ConstraintsRecovery\assets\tankwar\asset13,31,G17,G17,TankWar_P3,TankWar_P3,UNKNOWN,UNKNOWN,0.900,0.200,LOW,NONE,RESOLVED_INTERNAL,TankWar_P3
D148,C:\Users\JBNU\git\ConstraintsRecovery\assets\tankwar\asset13:ELIF:32-33,C:\Users\JBNU\git\ConstraintsRecovery\assets\tankwar\asset74:IF:4-30,E61,E595,,EXTENDS,C:\Users\JBNU\git\ConstraintsRecovery\assets\tankwar\asset13,33,G12,G12,TankWar_P2,TankWar_P2,UNKNOWN,UNKNOWN,0.900,0.200,LOW,NONE,RESOLVED_INTERNAL,TankWar_P2
D155,C:\Users\JBNU\git\ConstraintsRecovery\assets\tankwar\asset13:IF:8-358,C:\Users\JBNU\git\ConstraintsRecovery\assets\tankwar\asset13:IF:8-358,E64,E62,,FIELD_REFERENCE,C:\Users\JBNU\git\ConstraintsRecovery\assets\tankwar\asset13,42,G4,G4,TankWar_P1|TankWar_P2|TankWar_P3|TankWar_P4|TankWar_P5,TankWar_P1|TankWar_P2|TankWar_P3|TankWar_P4|TankWar_P5,UNKNOWN,UNKNOWN,0.600,0.200,LOW,INTRA_BLOCK,RESOLVED_INTERNAL,TankWar_P1|TankWar_P2|TankWar_P3|TankWar_P4|TankWar_P5
D156,C:\Users\JBNU\git\ConstraintsRecovery\assets\tankwar\asset13:IF:8-358,C:\Users\JBNU\git\ConstraintsRecovery\assets\tankwar\asset13:IF:8-358,E64,E64,,METHOD_CALL,C:\Users\JBNU\git\ConstraintsRecovery\assets\tankwar\asset13,44,G4,G4,TankWar_P1|TankWar_P2|TankWar_P3|TankWar_P4|TankWar_P5,TankWar_P1|TankWar_P2|TankWar_P3|TankWar_P4|TankWar_P5,UNKNOWN,UNKNOWN,0.750,0.200,LOW,INTRA_BLOCK,RESOLVED_INTERNAL,TankWar_P1|TankWar_P2|TankWar_P3|TankWar_P4|TankWar_P5
D157,C:\Users\JBNU\git\ConstraintsRecovery\assets\tankwar\asset13:IF:8-358,C:\Users\JBNU\git\ConstraintsRecovery\assets\tankwar\asset27:IF:7-116,E64,E302,,FIELD_REFERENCE,C:\Users\JBNU\git\ConstraintsRecovery\assets\tankwar\asset13,46,G4,G7,TankWar_P1|TankWar_P2|TankWar_P3|TankWar_P4|TankWar_P5,TankWar_P1|TankWar_P3|TankWar_P4|TankWar_P5,UNKNOWN,UNKNOWN,0.600,0.200,LOW,NONE,RESOLVED_INTERNAL,TankWar_P1|TankWar_P2|TankWar_P3|TankWar_P4|TankWar_P5
D158,C:\Users\JBNU\git\ConstraintsRecovery\assets\tankwar\asset13:IF:8-358,C:\Users\JBNU\git\ConstraintsRecovery\assets\tankwar\asset13:IF:8-358,E64,E65,,METHOD_CALL,C:\Users\JBNU\git\ConstraintsRecovery\assets\tankwar\asset13,49,G4,G4,TankWar_P1|TankWar_P2|TankWar_P3|TankWar_P4|TankWar_P5,TankWar_P1|TankWar_P2|TankWar_P3|TankWar_P4|TankWar_P5,UNKNOWN,UNKNOWN,0.750,0.200,LOW,INTRA_BLOCK,RESOLVED_INTERNAL,TankWar_P1|TankWar_P2|TankWar_P3|TankWar_P4|TankWar_P5
D159,C:\Users\JBNU\git\ConstraintsRecovery\assets\tankwar\asset13:IF:8-358,C:\Users\JBNU\git\ConstraintsRecovery\assets\tankwar\asset13:IF:8-358,E64,E65,,METHOD_CALL,C:\Users\JBNU\git\ConstraintsRecovery\assets\tankwar\asset13,52,G4,G4,TankWar_P1|TankWar_P2|TankWar_P3|TankWar_P4|TankWar_P5,TankWar_P1|TankWar_P2|TankWar_P3|TankWar_P4|TankWar_P5,UNKNOWN,UNKNOWN,0.750,0.200,LOW,INTRA_BLOCK,RESOLVED_INTERNAL,TankWar_P1|TankWar_P2|TankWar_P3|TankWar_P4|TankWar_P5
D160,C:\Users\JBNU\git\ConstraintsRecovery\assets\tankwar\asset13:IF:8-358,C:\Users\JBNU\git\ConstraintsRecovery\assets\tankwar\asset13:IF:8-358,E64,E65,,METHOD_CALL,C:\Users\JBNU\git\ConstraintsRecovery\assets\tankwar\asset13,55,G4,G4,TankWar_P1|TankWar_P2|TankWar_P3|TankWar_P4|TankWar_P5,TankWar_P1|TankWar_P2|TankWar_P3|TankWar_P4|TankWar_P5,UNKNOWN,UNKNOWN,0.750,0.200,LOW,INTRA_BLOCK,RESOLVED_INTERNAL,TankWar_P1|TankWar_P2|TankWar_P3|TankWar_P4|TankWar_P5
D161,C:\Users\JBNU\git\ConstraintsRecovery\assets\tankwar\asset13:IF:8-358,C:\Users\JBNU\git\ConstraintsRecovery\assets\tankwar\asset13:IF:8-358,E64,E65,,METHOD_CALL,C:\Users\JBNU\git\ConstraintsRecovery\assets\tankwar\asset13,58,G4,G4,TankWar_P1|TankWar_P2|TankWar_P3|TankWar_P4|TankWar_P5,TankWar_P1|TankWar_P2|TankWar_P3|TankWar_P4|TankWar_P5,UNKNOWN,UNKNOWN,0.750,0.200,LOW,INTRA_BLOCK,RESOLVED_INTERNAL,TankWar_P1|TankWar_P2|TankWar_P3|TankWar_P4|TankWar_P5
D162,C:\Users\JBNU\git\ConstraintsRecovery\assets\tankwar\asset13:IF:8-358,C:\Users\JBNU\git\ConstraintsRecovery\assets\tankwar\asset13:IF:8-358,E64,E65,,METHOD_CALL,C:\Users\JBNU\git\ConstraintsRecovery\assets\tankwar\asset13,61,G4,G4,TankWar_P1|TankWar_P2|TankWar_P3|TankWar_P4|TankWar_P5,TankWar_P1|TankWar_P2|TankWar_P3|TankWar_P4|TankWar_P5,UNKNOWN,UNKNOWN,0.750,0.200,LOW,INTRA_BLOCK,RESOLVED_INTERNAL,TankWar_P1|TankWar_P2|TankWar_P3|TankWar_P4|TankWar_P5
D163,C:\Users\JBNU\git\ConstraintsRecovery\assets\tankwar\asset13:IF:8-358,C:\Users\JBNU\git\ConstraintsRecovery\assets\tankwar\asset13:IF:8-358,E64,E65,,METHOD_CALL,C:\Users\JBNU\git\ConstraintsRecovery\assets\tankwar\asset13,64,G4,G4,TankWar_P1|TankWar_P2|TankWar_P3|TankWar_P4|TankWar_P5,TankWar_P1|TankWar_P2|TankWar_P3|TankWar_P4|TankWar_P5,UNKNOWN,UNKNOWN,0.750,0.200,LOW,INTRA_BLOCK,RESOLVED_INTERNAL,TankWar_P1|TankWar_P2|TankWar_P3|TankWar_P4|TankWar_P5
D164,C:\Users\JBNU\git\ConstraintsRecovery\assets\tankwar\asset13:IF:8-358,C:\Users\JBNU\git\ConstraintsRecovery\assets\tankwar\asset13:IF:8-358,E64,E65,,METHOD_CALL,C:\Users\JBNU\git\ConstraintsRecovery\assets\tankwar\asset13,67,G4,G4,TankWar_P1|TankWar_P2|TankWar_P3|TankWar_P4|TankWar_P5,TankWar_P1|TankWar_P2|TankWar_P3|TankWar_P4|TankWar_P5,UNKNOWN,UNKNOWN,0.750,0.200,LOW,INTRA_BLOCK,RESOLVED_INTERNAL,TankWar_P1|TankWar_P2|TankWar_P3|TankWar_P4|TankWar_P5
D165,C:\Users\JBNU\git\ConstraintsRecovery\assets\tankwar\asset13:IF:8-358,C:\Users\JBNU\git\ConstraintsRecovery\assets\tankwar\asset13:IF:8-358,E64,E65,,METHOD_CALL,C:\Users\JBNU\git\ConstraintsRecovery\assets\tankwar\asset13,70,G4,G4,TankWar_P1|TankWar_P2|TankWar_P3|TankWar_P4|TankWar_P5,TankWar_P1|TankWar_P2|TankWar_P3|TankWar_P4|TankWar_P5,UNKNOWN,UNKNOWN,0.750,0.200,LOW,INTRA_BLOCK,RESOLVED_INTERNAL,TankWar_P1|TankWar_P2|TankWar_P3|TankWar_P4|TankWar_P5
D166,C:\Users\JBNU\git\ConstraintsRecovery\assets\tankwar\asset13:IF:8-358,C:\Users\JBNU\git\ConstraintsRecovery\assets\tankwar\asset13:IF:8-358,E64,E65,,METHOD_CALL,C:\Users\JBNU\git\ConstraintsRecovery\assets\tankwar\asset13,73,G4,G4,TankWar_P1|TankWar_P2|TankWar_P3|TankWar_P4|TankWar_P5,TankWar_P1|TankWar_P2|TankWar_P3|TankWar_P4|TankWar_P5,UNKNOWN,UNKNOWN,0.750,0.200,LOW,INTRA_BLOCK,RESOLVED_INTERNAL,TankWar_P1|TankWar_P2|TankWar_P3|TankWar_P4|TankWar_P5
D167,C:\Users\JBNU\git\ConstraintsRecovery\assets\tankwar\asset13:IF:8-358,C:\Users\JBNU\git\ConstraintsRecovery\assets\tankwar\asset13:IF:8-358,E64,E65,,METHOD_CALL,C:\Users\JBNU\git\ConstraintsRecovery\assets\tankwar\asset13,76,G4,G4,TankWar_P1|TankWar_P2|TankWar_P3|TankWar_P4|TankWar_P5,TankWar_P1|TankWar_P2|TankWar_P3|TankWar_P4|TankWar_P5,UNKNOWN,UNKNOWN,0.750,0.200,LOW,INTRA_BLOCK,RESOLVED_INTERNAL,TankWar_P1|TankWar_P2|TankWar_P3|TankWar_P4|TankWar_P5
D168,C:\Users\JBNU\git\ConstraintsRecovery\assets\tankwar\asset13:IF:8-358,C:\Users\JBNU\git\ConstraintsRecovery\assets\tankwar\asset13:IF:8-358,E64,E65,,METHOD_CALL,C:\Users\JBNU\git\ConstraintsRecovery\assets\tankwar\asset13,79,G4,G4,TankWar_P1|TankWar_P2|TankWar_P3|TankWar_P4|TankWar_P5,TankWar_P1|TankWar_P2|TankWar_P3|TankWar_P4|TankWar_P5,UNKNOWN,UNKNOWN,0.750,0.200,LOW,INTRA_BLOCK,RESOLVED_INTERNAL,TankWar_P1|TankWar_P2|TankWar_P3|TankWar_P4|TankWar_P5
D169,C:\Users\JBNU\git\ConstraintsRecovery\assets\tankwar\asset13:IF:8-358,C:\Users\JBNU\git\ConstraintsRecovery\assets\tankwar\asset13:IF:8-358,E64,E65,,METHOD_CALL,C:\Users\JBNU\git\ConstraintsRecovery\assets\tankwar\asset13,82,G4,G4,TankWar_P1|TankWar_P2|TankWar_P3|TankWar_P4|TankWar_P5,TankWar_P1|TankWar_P2|TankWar_P3|TankWar_P4|TankWar_P5,UNKNOWN,UNKNOWN,0.750,0.200,LOW,INTRA_BLOCK,RESOLVED_INTERNAL,TankWar_P1|TankWar_P2|TankWar_P3|TankWar_P4|TankWar_P5
D170,C:\Users\JBNU\git\ConstraintsRecovery\assets\tankwar\asset13:IF:8-358,C:\Users\JBNU\git\ConstraintsRecovery\assets\tankwar\asset13:IF:8-358,E64,E65,,METHOD_CALL,C:\Users\JBNU\git\ConstraintsRecovery\assets\tankwar\asset13,85,G4,G4,TankWar_P1|TankWar_P2|TankWar_P3|TankWar_P4|TankWar_P5,TankWar_P1|TankWar_P2|TankWar_P3|TankWar_P4|TankWar_P5,UNKNOWN,UNKNOWN,0.750,0.200,LOW,INTRA_BLOCK,RESOLVED_INTERNAL,TankWar_P1|TankWar_P2|TankWar_P3|TankWar_P4|TankWar_P5
D171,C:\Users\JBNU\git\ConstraintsRecovery\assets\tankwar\asset13:IF:8-358,C:\Users\JBNU\git\ConstraintsRecovery\assets\tankwar\asset13:IF:8-358,E64,E65,,METHOD_CALL,C:\Users\JBNU\git\ConstraintsRecovery\assets\tankwar\asset13,88,G4,G4,TankWar_P1|TankWar_P2|TankWar_P3|TankWar_P4|TankWar_P5,TankWar_P1|TankWar_P2|TankWar_P3|TankWar_P4|TankWar_P5,UNKNOWN,UNKNOWN,0.750,0.200,LOW,INTRA_BLOCK,RESOLVED_INTERNAL,TankWar_P1|TankWar_P2|TankWar_P3|TankWar_P4|TankWar_P5
D172,C:\Users\JBNU\git\ConstraintsRecovery\assets\tankwar\asset13:IF:8-358,C:\Users\JBNU\git\ConstraintsRecovery\assets\tankwar\asset13:IF:8-358,E64,E65,,METHOD_CALL,C:\Users\JBNU\git\ConstraintsRecovery\assets\tankwar\asset13,91,G4,G4,TankWar_P1|TankWar_P2|TankWar_P3|TankWar_P4|TankWar_P5,TankWar_P1|TankWar_P2|TankWar_P3|TankWar_P4|TankWar_P5,UNKNOWN,UNKNOWN,0.750,0.200,LOW,INTRA_BLOCK,RESOLVED_INTERNAL,TankWar_P1|TankWar_P2|TankWar_P3|TankWar_P4|TankWar_P5
D173,C:\Users\JBNU\git\ConstraintsRecovery\assets\tankwar\asset13:IF:8-358,C:\Users\JBNU\git\ConstraintsRecovery\assets\tankwar\asset13:IF:8-358,E64,E65,,METHOD_CALL,C:\Users\JBNU\git\ConstraintsRecovery\assets\tankwar\asset13,94,G4,G4,TankWar_P1|TankWar_P2|TankWar_P3|TankWar_P4|TankWar_P5,TankWar_P1|TankWar_P2|TankWar_P3|TankWar_P4|TankWar_P5,UNKNOWN,UNKNOWN,0.750,0.200,LOW,INTRA_BLOCK,RESOLVED_INTERNAL,TankWar_P1|TankWar_P2|TankWar_P3|TankWar_P4|TankWar_P5
D174,C:\Users\JBNU\git\ConstraintsRecovery\assets\tankwar\asset13:IF:8-358,C:\Users\JBNU\git\ConstraintsRecovery\assets\tankwar\asset13:IF:8-358,E64,E65,,METHOD_CALL,C:\Users\JBNU\git\ConstraintsRecovery\assets\tankwar\asset13,97,G4,G4,TankWar_P1|TankWar_P2|TankWar_P3|TankWar_P4|TankWar_P5,TankWar_P1|TankWar_P2|TankWar_P3|TankWar_P4|TankWar_P5,UNKNOWN,UNKNOWN,0.750,0.200,LOW,INTRA_BLOCK,RESOLVED_INTERNAL,TankWar_P1|TankWar_P2|TankWar_P3|TankWar_P4|TankWar_P5
D67,C:\Users\JBNU\git\ConstraintsRecovery\assets\tankwar\asset13:IF:8-358,C:\Users\JBNU\git\ConstraintsRecovery\assets\tankwar\asset13:IF:8-358,E64,E65,,METHOD_CALL,C:\Users\JBNU\git\ConstraintsRecovery\assets\tankwar\asset13,100,G4,G4,TankWar_P1|TankWar_P2|TankWar_P3|TankWar_P4|TankWar_P5,TankWar_P1|TankWar_P2|TankWar_P3|TankWar_P4|TankWar_P5,UNKNOWN,UNKNOWN,0.750,0.200,LOW,INTRA_BLOCK,RESOLVED_INTERNAL,TankWar_P1|TankWar_P2|TankWar_P3|TankWar_P4|TankWar_P5
D68,C:\Users\JBNU\git\ConstraintsRecovery\assets\tankwar\asset13:IF:8-358,C:\Users\JBNU\git\ConstraintsRecovery\assets\tankwar\asset13:IF:8-358,E64,E65,,METHOD_CALL,C:\Users\JBNU\git\ConstraintsRecovery\assets\tankwar\asset13,103,G4,G4,TankWar_P1|TankWar_P2|TankWar_P3|TankWar_P4|TankWar_P5,TankWar_P1|TankWar_P2|TankWar_P3|TankWar_P4|TankWar_P5,UNKNOWN,UNKNOWN,0.750,0.200,LOW,INTRA_BLOCK,RESOLVED_INTERNAL,TankWar_P1|TankWar_P2|TankWar_P3|TankWar_P4|TankWar_P5
D69,C:\Users\JBNU\git\ConstraintsRecovery\assets\tankwar\asset13:IF:8-358,C:\Users\JBNU\git\ConstraintsRecovery\assets\tankwar\asset13:IF:8-358,E64,E65,,METHOD_CALL,C:\Users\JBNU\git\ConstraintsRecovery\assets\tankwar\asset13,106,G4,G4,TankWar_P1|TankWar_P2|TankWar_P3|TankWar_P4|TankWar_P5,TankWar_P1|TankWar_P2|TankWar_P3|TankWar_P4|TankWar_P5,UNKNOWN,UNKNOWN,0.750,0.200,LOW,INTRA_BLOCK,RESOLVED_INTERNAL,TankWar_P1|TankWar_P2|TankWar_P3|TankWar_P4|TankWar_P5
D70,C:\Users\JBNU\git\ConstraintsRecovery\assets\tankwar\asset13:IF:8-358,C:\Users\JBNU\git\ConstraintsRecovery\assets\tankwar\asset13:IF:8-358,E64,E65,,METHOD_CALL,C:\Users\JBNU\git\ConstraintsRecovery\assets\tankwar\asset13,109,G4,G4,TankWar_P1|TankWar_P2|TankWar_P3|TankWar_P4|TankWar_P5,TankWar_P1|TankWar_P2|TankWar_P3|TankWar_P4|TankWar_P5,UNKNOWN,UNKNOWN,0.750,0.200,LOW,INTRA_BLOCK,RESOLVED_INTERNAL,TankWar_P1|TankWar_P2|TankWar_P3|TankWar_P4|TankWar_P5
D71,C:\Users\JBNU\git\ConstraintsRecovery\assets\tankwar\asset13:IF:8-358,C:\Users\JBNU\git\ConstraintsRecovery\assets\tankwar\asset13:IF:8-358,E64,E65,,METHOD_CALL,C:\Users\JBNU\git\ConstraintsRecovery\assets\tankwar\asset13,112,G4,G4,TankWar_P1|TankWar_P2|TankWar_P3|TankWar_P4|TankWar_P5,TankWar_P1|TankWar_P2|TankWar_P3|TankWar_P4|TankWar_P5,UNKNOWN,UNKNOWN,0.750,0.200,LOW,INTRA_BLOCK,RESOLVED_INTERNAL,TankWar_P1|TankWar_P2|TankWar_P3|TankWar_P4|TankWar_P5
D72,C:\Users\JBNU\git\ConstraintsRecovery\assets\tankwar\asset13:IF:8-358,C:\Users\JBNU\git\ConstraintsRecovery\assets\tankwar\asset13:IF:8-358,E64,E65,,METHOD_CALL,C:\Users\JBNU\git\ConstraintsRecovery\assets\tankwar\asset13,115,G4,G4,TankWar_P1|TankWar_P2|TankWar_P3|TankWar_P4|TankWar_P5,TankWar_P1|TankWar_P2|TankWar_P3|TankWar_P4|TankWar_P5,UNKNOWN,UNKNOWN,0.750,0.200,LOW,INTRA_BLOCK,RESOLVED_INTERNAL,TankWar_P1|TankWar_P2|TankWar_P3|TankWar_P4|TankWar_P5
D73,C:\Users\JBNU\git\ConstraintsRecovery\assets\tankwar\asset13:IF:8-358,C:\Users\JBNU\git\ConstraintsRecovery\assets\tankwar\asset13:IF:8-358,E64,E65,,METHOD_CALL,C:\Users\JBNU\git\ConstraintsRecovery\assets\tankwar\asset13,118,G4,G4,TankWar_P1|TankWar_P2|TankWar_P3|TankWar_P4|TankWar_P5,TankWar_P1|TankWar_P2|TankWar_P3|TankWar_P4|TankWar_P5,UNKNOWN,UNKNOWN,0.750,0.200,LOW,INTRA_BLOCK,RESOLVED_INTERNAL,TankWar_P1|TankWar_P2|TankWar_P3|TankWar_P4|TankWar_P5
D74,C:\Users\JBNU\git\ConstraintsRecovery\assets\tankwar\asset13:IF:8-358,C:\Users\JBNU\git\ConstraintsRecovery\assets\tankwar\asset13:IF:8-358,E64,E65,,METHOD_CALL,C:\Users\JBNU\git\ConstraintsRecovery\assets\tankwar\asset13,121,G4,G4,TankWar_P1|TankWar_P2|TankWar_P3|TankWar_P4|TankWar_P5,TankWar_P1|TankWar_P2|TankWar_P3|TankWar_P4|TankWar_P5,UNKNOWN,UNKNOWN,0.750,0.200,LOW,INTRA_BLOCK,RESOLVED_INTERNAL,TankWar_P1|TankWar_P2|TankWar_P3|TankWar_P4|TankWar_P5
D75,C:\Users\JBNU\git\ConstraintsRecovery\assets\tankwar\asset13:IF:8-358,C:\Users\JBNU\git\ConstraintsRecovery\assets\tankwar\asset13:IF:8-358,E64,E65,,METHOD_CALL,C:\Users\JBNU\git\ConstraintsRecovery\assets\tankwar\asset13,124,G4,G4,TankWar_P1|TankWar_P2|TankWar_P3|TankWar_P4|TankWar_P5,TankWar_P1|TankWar_P2|TankWar_P3|TankWar_P4|TankWar_P5,UNKNOWN,UNKNOWN,0.750,0.200,LOW,INTRA_BLOCK,RESOLVED_INTERNAL,TankWar_P1|TankWar_P2|TankWar_P3|TankWar_P4|TankWar_P5
D76,C:\Users\JBNU\git\ConstraintsRecovery\assets\tankwar\asset13:IF:8-358,C:\Users\JBNU\git\ConstraintsRecovery\assets\tankwar\asset13:IF:8-358,E64,E65,,METHOD_CALL,C:\Users\JBNU\git\ConstraintsRecovery\assets\tankwar\asset13,127,G4,G4,TankWar_P1|TankWar_P2|TankWar_P3|TankWar_P4|TankWar_P5,TankWar_P1|TankWar_P2|TankWar_P3|TankWar_P4|TankWar_P5,UNKNOWN,UNKNOWN,0.750,0.200,LOW,INTRA_BLOCK,RESOLVED_INTERNAL,TankWar_P1|TankWar_P2|TankWar_P3|TankWar_P4|TankWar_P5
D77,C:\Users\JBNU\git\ConstraintsRecovery\assets\tankwar\asset13:IF:8-358,C:\Users\JBNU\git\ConstraintsRecovery\assets\tankwar\asset13:IF:8-358,E64,E65,,METHOD_CALL,C:\Users\JBNU\git\ConstraintsRecovery\assets\tankwar\asset13,130,G4,G4,TankWar_P1|TankWar_P2|TankWar_P3|TankWar_P4|TankWar_P5,TankWar_P1|TankWar_P2|TankWar_P3|TankWar_P4|TankWar_P5,UNKNOWN,UNKNOWN,0.750,0.200,LOW,INTRA_BLOCK,RESOLVED_INTERNAL,TankWar_P1|TankWar_P2|TankWar_P3|TankWar_P4|TankWar_P5
D78,C:\Users\JBNU\git\ConstraintsRecovery\assets\tankwar\asset13:IF:8-358,C:\Users\JBNU\git\ConstraintsRecovery\assets\tankwar\asset13:IF:8-358,E64,E65,,METHOD_CALL,C:\Users\JBNU\git\ConstraintsRecovery\assets\tankwar\asset13,133,G4,G4,TankWar_P1|TankWar_P2|TankWar_P3|TankWar_P4|TankWar_P5,TankWar_P1|TankWar_P2|TankWar_P3|TankWar_P4|TankWar_P5,UNKNOWN,UNKNOWN,0.750,0.200,LOW,INTRA_BLOCK,RESOLVED_INTERNAL,TankWar_P1|TankWar_P2|TankWar_P3|TankWar_P4|TankWar_P5
D79,C:\Users\JBNU\git\ConstraintsRecovery\assets\tankwar\asset13:IF:8-358,C:\Users\JBNU\git\ConstraintsRecovery\assets\tankwar\asset13:IF:8-358,E64,E65,,METHOD_CALL,C:\Users\JBNU\git\ConstraintsRecovery\assets\tankwar\asset13,136,G4,G4,TankWar_P1|TankWar_P2|TankWar_P3|TankWar_P4|TankWar_P5,TankWar_P1|TankWar_P2|TankWar_P3|TankWar_P4|TankWar_P5,UNKNOWN,UNKNOWN,0.750,0.200,LOW,INTRA_BLOCK,RESOLVED_INTERNAL,TankWar_P1|TankWar_P2|TankWar_P3|TankWar_P4|TankWar_P5
D80,C:\Users\JBNU\git\ConstraintsRecovery\assets\tankwar\asset13:IF:8-358,C:\Users\JBNU\git\ConstraintsRecovery\assets\tankwar\asset13:IF:8-358,E64,E65,,METHOD_CALL,C:\Users\JBNU\git\ConstraintsRecovery\assets\tankwar\asset13,139,G4,G4,TankWar_P1|TankWar_P2|TankWar_P3|TankWar_P4|TankWar_P5,TankWar_P1|TankWar_P2|TankWar_P3|TankWar_P4|TankWar_P5,UNKNOWN,UNKNOWN,0.750,0.200,LOW,INTRA_BLOCK,RESOLVED_INTERNAL,TankWar_P1|TankWar_P2|TankWar_P3|TankWar_P4|TankWar_P5
D81,C:\Users\JBNU\git\ConstraintsRecovery\assets\tankwar\asset13:IF:8-358,C:\Users\JBNU\git\ConstraintsRecovery\assets\tankwar\asset13:IF:8-358,E64,E65,,METHOD_CALL,C:\Users\JBNU\git\ConstraintsRecovery\assets\tankwar\asset13,142,G4,G4,TankWar_P1|TankWar_P2|TankWar_P3|TankWar_P4|TankWar_P5,TankWar_P1|TankWar_P2|TankWar_P3|TankWar_P4|TankWar_P5,UNKNOWN,UNKNOWN,0.750,0.200,LOW,INTRA_BLOCK,RESOLVED_INTERNAL,TankWar_P1|TankWar_P2|TankWar_P3|TankWar_P4|TankWar_P5
D82,C:\Users\JBNU\git\ConstraintsRecovery\assets\tankwar\asset13:IF:8-358,C:\Users\JBNU\git\ConstraintsRecovery\assets\tankwar\asset13:IF:8-358,E64,E65,,METHOD_CALL,C:\Users\JBNU\git\ConstraintsRecovery\assets\tankwar\asset13,145,G4,G4,TankWar_P1|TankWar_P2|TankWar_P3|TankWar_P4|TankWar_P5,TankWar_P1|TankWar_P2|TankWar_P3|TankWar_P4|TankWar_P5,UNKNOWN,UNKNOWN,0.750,0.200,LOW,INTRA_BLOCK,RESOLVED_INTERNAL,TankWar_P1|TankWar_P2|TankWar_P3|TankWar_P4|TankWar_P5
D83,C:\Users\JBNU\git\ConstraintsRecovery\assets\tankwar\asset13:IF:8-358,C:\Users\JBNU\git\ConstraintsRecovery\assets\tankwar\asset13:IF:8-358,E64,E65,,METHOD_CALL,C:\Users\JBNU\git\ConstraintsRecovery\assets\tankwar\asset13,148,G4,G4,TankWar_P1|TankWar_P2|TankWar_P3|TankWar_P4|TankWar_P5,TankWar_P1|TankWar_P2|TankWar_P3|TankWar_P4|TankWar_P5,UNKNOWN,UNKNOWN,0.750,0.200,LOW,INTRA_BLOCK,RESOLVED_INTERNAL,TankWar_P1|TankWar_P2|TankWar_P3|TankWar_P4|TankWar_P5
D84,C:\Users\JBNU\git\ConstraintsRecovery\assets\tankwar\asset13:IF:8-358,C:\Users\JBNU\git\ConstraintsRecovery\assets\tankwar\asset13:IF:8-358,E64,E65,,METHOD_CALL,C:\Users\JBNU\git\ConstraintsRecovery\assets\tankwar\asset13,151,G4,G4,TankWar_P1|TankWar_P2|TankWar_P3|TankWar_P4|TankWar_P5,TankWar_P1|TankWar_P2|TankWar_P3|TankWar_P4|TankWar_P5,UNKNOWN,UNKNOWN,0.750,0.200,LOW,INTRA_BLOCK,RESOLVED_INTERNAL,TankWar_P1|TankWar_P2|TankWar_P3|TankWar_P4|TankWar_P5
D85,C:\Users\JBNU\git\ConstraintsRecovery\assets\tankwar\asset13:IF:8-358,C:\Users\JBNU\git\ConstraintsRecovery\assets\tankwar\asset13:IF:8-358,E64,E65,,METHOD_CALL,C:\Users\JBNU\git\ConstraintsRecovery\assets\tankwar\asset13,154,G4,G4,TankWar_P1|TankWar_P2|TankWar_P3|TankWar_P4|TankWar_P5,TankWar_P1|TankWar_P2|TankWar_P3|TankWar_P4|TankWar_P5,UNKNOWN,UNKNOWN,0.750,0.200,LOW,INTRA_BLOCK,RESOLVED_INTERNAL,TankWar_P1|TankWar_P2|TankWar_P3|TankWar_P4|TankWar_P5
D86,C:\Users\JBNU\git\ConstraintsRecovery\assets\tankwar\asset13:IF:8-358,C:\Users\JBNU\git\ConstraintsRecovery\assets\tankwar\asset13:IF:8-358,E64,E65,,METHOD_CALL,C:\Users\JBNU\git\ConstraintsRecovery\assets\tankwar\asset13,157,G4,G4,TankWar_P1|TankWar_P2|TankWar_P3|TankWar_P4|TankWar_P5,TankWar_P1|TankWar_P2|TankWar_P3|TankWar_P4|TankWar_P5,UNKNOWN,UNKNOWN,0.750,0.200,LOW,INTRA_BLOCK,RESOLVED_INTERNAL,TankWar_P1|TankWar_P2|TankWar_P3|TankWar_P4|TankWar_P5
D87,C:\Users\JBNU\git\ConstraintsRecovery\assets\tankwar\asset13:IF:8-358,C:\Users\JBNU\git\ConstraintsRecovery\assets\tankwar\asset13:IF:8-358,E64,E65,,METHOD_CALL,C:\Users\JBNU\git\ConstraintsRecovery\assets\tankwar\asset13,160,G4,G4,TankWar_P1|TankWar_P2|TankWar_P3|TankWar_P4|TankWar_P5,TankWar_P1|TankWar_P2|TankWar_P3|TankWar_P4|TankWar_P5,UNKNOWN,UNKNOWN,0.750,0.200,LOW,INTRA_BLOCK,RESOLVED_INTERNAL,TankWar_P1|TankWar_P2|TankWar_P3|TankWar_P4|TankWar_P5
D88,C:\Users\JBNU\git\ConstraintsRecovery\assets\tankwar\asset13:IF:8-358,C:\Users\JBNU\git\ConstraintsRecovery\assets\tankwar\asset13:IF:8-358,E64,E65,,METHOD_CALL,C:\Users\JBNU\git\ConstraintsRecovery\assets\tankwar\asset13,163,G4,G4,TankWar_P1|TankWar_P2|TankWar_P3|TankWar_P4|TankWar_P5,TankWar_P1|TankWar_P2|TankWar_P3|TankWar_P4|TankWar_P5,UNKNOWN,UNKNOWN,0.750,0.200,LOW,INTRA_BLOCK,RESOLVED_INTERNAL,TankWar_P1|TankWar_P2|TankWar_P3|TankWar_P4|TankWar_P5
D89,C:\Users\JBNU\git\ConstraintsRecovery\assets\tankwar\asset13:IF:8-358,C:\Users\JBNU\git\ConstraintsRecovery\assets\tankwar\asset13:IF:8-358,E64,E65,,METHOD_CALL,C:\Users\JBNU\git\ConstraintsRecovery\assets\tankwar\asset13,166,G4,G4,TankWar_P1|TankWar_P2|TankWar_P3|TankWar_P4|TankWar_P5,TankWar_P1|TankWar_P2|TankWar_P3|TankWar_P4|TankWar_P5,UNKNOWN,UNKNOWN,0.750,0.200,LOW,INTRA_BLOCK,RESOLVED_INTERNAL,TankWar_P1|TankWar_P2|TankWar_P3|TankWar_P4|TankWar_P5
D90,C:\Users\JBNU\git\ConstraintsRecovery\assets\tankwar\asset13:IF:8-358,C:\Users\JBNU\git\ConstraintsRecovery\assets\tankwar\asset13:IF:8-358,E64,E65,,METHOD_CALL,C:\Users\JBNU\git\ConstraintsRecovery\assets\tankwar\asset13,169,G4,G4,TankWar_P1|TankWar_P2|TankWar_P3|TankWar_P4|TankWar_P5,TankWar_P1|TankWar_P2|TankWar_P3|TankWar_P4|TankWar_P5,UNKNOWN,UNKNOWN,0.750,0.200,LOW,INTRA_BLOCK,RESOLVED_INTERNAL,TankWar_P1|TankWar_P2|TankWar_P3|TankWar_P4|TankWar_P5
D91,C:\Users\JBNU\git\ConstraintsRecovery\assets\tankwar\asset13:IF:8-358,C:\Users\JBNU\git\ConstraintsRecovery\assets\tankwar\asset13:IF:8-358,E64,E65,,METHOD_CALL,C:\Users\JBNU\git\ConstraintsRecovery\assets\tankwar\asset13,172,G4,G4,TankWar_P1|TankWar_P2|TankWar_P3|TankWar_P4|TankWar_P5,TankWar_P1|TankWar_P2|TankWar_P3|TankWar_P4|TankWar_P5,UNKNOWN,UNKNOWN,0.750,0.200,LOW,INTRA_BLOCK,RESOLVED_INTERNAL,TankWar_P1|TankWar_P2|TankWar_P3|TankWar_P4|TankWar_P5
D92,C:\Users\JBNU\git\ConstraintsRecovery\assets\tankwar\asset13:IF:8-358,C:\Users\JBNU\git\ConstraintsRecovery\assets\tankwar\asset13:IF:8-358,E64,E65,,METHOD_CALL,C:\Users\JBNU\git\ConstraintsRecovery\assets\tankwar\asset13,175,G4,G4,TankWar_P1|TankWar_P2|TankWar_P3|TankWar_P4|TankWar_P5,TankWar_P1|TankWar_P2|TankWar_P3|TankWar_P4|TankWar_P5,UNKNOWN,UNKNOWN,0.750,0.200,LOW,INTRA_BLOCK,RESOLVED_INTERNAL,TankWar_P1|TankWar_P2|TankWar_P3|TankWar_P4|TankWar_P5
D93,C:\Users\JBNU\git\ConstraintsRecovery\assets\tankwar\asset13:IF:8-358,C:\Users\JBNU\git\ConstraintsRecovery\assets\tankwar\asset13:IF:8-358,E64,E65,,METHOD_CALL,C:\Users\JBNU\git\ConstraintsRecovery\assets\tankwar\asset13,178,G4,G4,TankWar_P1|TankWar_P2|TankWar_P3|TankWar_P4|TankWar_P5,TankWar_P1|TankWar_P2|TankWar_P3|TankWar_P4|TankWar_P5,UNKNOWN,UNKNOWN,0.750,0.200,LOW,INTRA_BLOCK,RESOLVED_INTERNAL,TankWar_P1|TankWar_P2|TankWar_P3|TankWar_P4|TankWar_P5
D94,C:\Users\JBNU\git\ConstraintsRecovery\assets\tankwar\asset13:IF:8-358,C:\Users\JBNU\git\ConstraintsRecovery\assets\tankwar\asset13:IF:8-358,E64,E65,,METHOD_CALL,C:\Users\JBNU\git\ConstraintsRecovery\assets\tankwar\asset13,181,G4,G4,TankWar_P1|TankWar_P2|TankWar_P3|TankWar_P4|TankWar_P5,TankWar_P1|TankWar_P2|TankWar_P3|TankWar_P4|TankWar_P5,UNKNOWN,UNKNOWN,0.750,0.200,LOW,INTRA_BLOCK,RESOLVED_INTERNAL,TankWar_P1|TankWar_P2|TankWar_P3|TankWar_P4|TankWar_P5
D95,C:\Users\JBNU\git\ConstraintsRecovery\assets\tankwar\asset13:IF:8-358,C:\Users\JBNU\git\ConstraintsRecovery\assets\tankwar\asset13:IF:8-358,E64,E65,,METHOD_CALL,C:\Users\JBNU\git\ConstraintsRecovery\assets\tankwar\asset13,184,G4,G4,TankWar_P1|TankWar_P2|TankWar_P3|TankWar_P4|TankWar_P5,TankWar_P1|TankWar_P2|TankWar_P3|TankWar_P4|TankWar_P5,UNKNOWN,UNKNOWN,0.750,0.200,LOW,INTRA_BLOCK,RESOLVED_INTERNAL,TankWar_P1|TankWar_P2|TankWar_P3|TankWar_P4|TankWar_P5
D96,C:\Users\JBNU\git\ConstraintsRecovery\assets\tankwar\asset13:IF:8-358,C:\Users\JBNU\git\ConstraintsRecovery\assets\tankwar\asset13:IF:8-358,E64,E65,,METHOD_CALL,C:\Users\JBNU\git\ConstraintsRecovery\assets\tankwar\asset13,187,G4,G4,TankWar_P1|TankWar_P2|TankWar_P3|TankWar_P4|TankWar_P5,TankWar_P1|TankWar_P2|TankWar_P3|TankWar_P4|TankWar_P5,UNKNOWN,UNKNOWN,0.750,0.200,LOW,INTRA_BLOCK,RESOLVED_INTERNAL,TankWar_P1|TankWar_P2|TankWar_P3|TankWar_P4|TankWar_P5
D97,C:\Users\JBNU\git\ConstraintsRecovery\assets\tankwar\asset13:IF:8-358,C:\Users\JBNU\git\ConstraintsRecovery\assets\tankwar\asset13:IF:8-358,E64,E65,,METHOD_CALL,C:\Users\JBNU\git\ConstraintsRecovery\assets\tankwar\asset13,190,G4,G4,TankWar_P1|TankWar_P2|TankWar_P3|TankWar_P4|TankWar_P5,TankWar_P1|TankWar_P2|TankWar_P3|TankWar_P4|TankWar_P5,UNKNOWN,UNKNOWN,0.750,0.200,LOW,INTRA_BLOCK,RESOLVED_INTERNAL,TankWar_P1|TankWar_P2|TankWar_P3|TankWar_P4|TankWar_P5
D98,C:\Users\JBNU\git\ConstraintsRecovery\assets\tankwar\asset13:IF:8-358,C:\Users\JBNU\git\ConstraintsRecovery\assets\tankwar\asset13:IF:8-358,E64,E65,,METHOD_CALL,C:\Users\JBNU\git\ConstraintsRecovery\assets\tankwar\asset13,193,G4,G4,TankWar_P1|TankWar_P2|TankWar_P3|TankWar_P4|TankWar_P5,TankWar_P1|TankWar_P2|TankWar_P3|TankWar_P4|TankWar_P5,UNKNOWN,UNKNOWN,0.750,0.200,LOW,INTRA_BLOCK,RESOLVED_INTERNAL,TankWar_P1|TankWar_P2|TankWar_P3|TankWar_P4|TankWar_P5
D99,C:\Users\JBNU\git\ConstraintsRecovery\assets\tankwar\asset13:IF:8-358,C:\Users\JBNU\git\ConstraintsRecovery\assets\tankwar\asset13:IF:8-358,E64,E65,,METHOD_CALL,C:\Users\JBNU\git\ConstraintsRecovery\assets\tankwar\asset13,196,G4,G4,TankWar_P1|TankWar_P2|TankWar_P3|TankWar_P4|TankWar_P5,TankWar_P1|TankWar_P2|TankWar_P3|TankWar_P4|TankWar_P5,UNKNOWN,UNKNOWN,0.750,0.200,LOW,INTRA_BLOCK,RESOLVED_INTERNAL,TankWar_P1|TankWar_P2|TankWar_P3|TankWar_P4|TankWar_P5
D100,C:\Users\JBNU\git\ConstraintsRecovery\assets\tankwar\asset13:IF:8-358,C:\Users\JBNU\git\ConstraintsRecovery\assets\tankwar\asset13:IF:8-358,E64,E65,,METHOD_CALL,C:\Users\JBNU\git\ConstraintsRecovery\assets\tankwar\asset13,199,G4,G4,TankWar_P1|TankWar_P2|TankWar_P3|TankWar_P4|TankWar_P5,TankWar_P1|TankWar_P2|TankWar_P3|TankWar_P4|TankWar_P5,UNKNOWN,UNKNOWN,0.750,0.200,LOW,INTRA_BLOCK,RESOLVED_INTERNAL,TankWar_P1|TankWar_P2|TankWar_P3|TankWar_P4|TankWar_P5
D101,C:\Users\JBNU\git\ConstraintsRecovery\assets\tankwar\asset13:IF:8-358,C:\Users\JBNU\git\ConstraintsRecovery\assets\tankwar\asset13:IF:8-358,E64,E65,,METHOD_CALL,C:\Users\JBNU\git\ConstraintsRecovery\assets\tankwar\asset13,202,G4,G4,TankWar_P1|TankWar_P2|TankWar_P3|TankWar_P4|TankWar_P5,TankWar_P1|TankWar_P2|TankWar_P3|TankWar_P4|TankWar_P5,UNKNOWN,UNKNOWN,0.750,0.200,LOW,INTRA_BLOCK,RESOLVED_INTERNAL,TankWar_P1|TankWar_P2|TankWar_P3|TankWar_P4|TankWar_P5
D102,C:\Users\JBNU\git\ConstraintsRecovery\assets\tankwar\asset13:IF:8-358,C:\Users\JBNU\git\ConstraintsRecovery\assets\tankwar\asset13:IF:8-358,E64,E65,,METHOD_CALL,C:\Users\JBNU\git\ConstraintsRecovery\assets\tankwar\asset13,205,G4,G4,TankWar_P1|TankWar_P2|TankWar_P3|TankWar_P4|TankWar_P5,TankWar_P1|TankWar_P2|TankWar_P3|TankWar_P4|TankWar_P5,UNKNOWN,UNKNOWN,0.750,0.200,LOW,INTRA_BLOCK,RESOLVED_INTERNAL,TankWar_P1|TankWar_P2|TankWar_P3|TankWar_P4|TankWar_P5
D103,C:\Users\JBNU\git\ConstraintsRecovery\assets\tankwar\asset13:IF:8-358,C:\Users\JBNU\git\ConstraintsRecovery\assets\tankwar\asset13:IF:8-358,E64,E65,,METHOD_CALL,C:\Users\JBNU\git\ConstraintsRecovery\assets\tankwar\asset13,208,G4,G4,TankWar_P1|TankWar_P2|TankWar_P3|TankWar_P4|TankWar_P5,TankWar_P1|TankWar_P2|TankWar_P3|TankWar_P4|TankWar_P5,UNKNOWN,UNKNOWN,0.750,0.200,LOW,INTRA_BLOCK,RESOLVED_INTERNAL,TankWar_P1|TankWar_P2|TankWar_P3|TankWar_P4|TankWar_P5
D104,C:\Users\JBNU\git\ConstraintsRecovery\assets\tankwar\asset13:IF:8-358,C:\Users\JBNU\git\ConstraintsRecovery\assets\tankwar\asset13:IF:8-358,E64,E65,,METHOD_CALL,C:\Users\JBNU\git\ConstraintsRecovery\assets\tankwar\asset13,211,G4,G4,TankWar_P1|TankWar_P2|TankWar_P3|TankWar_P4|TankWar_P5,TankWar_P1|TankWar_P2|TankWar_P3|TankWar_P4|TankWar_P5,UNKNOWN,UNKNOWN,0.750,0.200,LOW,INTRA_BLOCK,RESOLVED_INTERNAL,TankWar_P1|TankWar_P2|TankWar_P3|TankWar_P4|TankWar_P5
D105,C:\Users\JBNU\git\ConstraintsRecovery\assets\tankwar\asset13:IF:8-358,C:\Users\JBNU\git\ConstraintsRecovery\assets\tankwar\asset13:IF:8-358,E64,E65,,METHOD_CALL,C:\Users\JBNU\git\ConstraintsRecovery\assets\tankwar\asset13,214,G4,G4,TankWar_P1|TankWar_P2|TankWar_P3|TankWar_P4|TankWar_P5,TankWar_P1|TankWar_P2|TankWar_P3|TankWar_P4|TankWar_P5,UNKNOWN,UNKNOWN,0.750,0.200,LOW,INTRA_BLOCK,RESOLVED_INTERNAL,TankWar_P1|TankWar_P2|TankWar_P3|TankWar_P4|TankWar_P5
D106,C:\Users\JBNU\git\ConstraintsRecovery\assets\tankwar\asset13:IF:8-358,C:\Users\JBNU\git\ConstraintsRecovery\assets\tankwar\asset13:IF:8-358,E64,E65,,METHOD_CALL,C:\Users\JBNU\git\ConstraintsRecovery\assets\tankwar\asset13,217,G4,G4,TankWar_P1|TankWar_P2|TankWar_P3|TankWar_P4|TankWar_P5,TankWar_P1|TankWar_P2|TankWar_P3|TankWar_P4|TankWar_P5,UNKNOWN,UNKNOWN,0.750,0.200,LOW,INTRA_BLOCK,RESOLVED_INTERNAL,TankWar_P1|TankWar_P2|TankWar_P3|TankWar_P4|TankWar_P5
D107,C:\Users\JBNU\git\ConstraintsRecovery\assets\tankwar\asset13:IF:8-358,C:\Users\JBNU\git\ConstraintsRecovery\assets\tankwar\asset13:IF:8-358,E64,E65,,METHOD_CALL,C:\Users\JBNU\git\ConstraintsRecovery\assets\tankwar\asset13,220,G4,G4,TankWar_P1|TankWar_P2|TankWar_P3|TankWar_P4|TankWar_P5,TankWar_P1|TankWar_P2|TankWar_P3|TankWar_P4|TankWar_P5,UNKNOWN,UNKNOWN,0.750,0.200,LOW,INTRA_BLOCK,RESOLVED_INTERNAL,TankWar_P1|TankWar_P2|TankWar_P3|TankWar_P4|TankWar_P5
D108,C:\Users\JBNU\git\ConstraintsRecovery\assets\tankwar\asset13:IF:8-358,C:\Users\JBNU\git\ConstraintsRecovery\assets\tankwar\asset13:IF:8-358,E64,E65,,METHOD_CALL,C:\Users\JBNU\git\ConstraintsRecovery\assets\tankwar\asset13,223,G4,G4,TankWar_P1|TankWar_P2|TankWar_P3|TankWar_P4|TankWar_P5,TankWar_P1|TankWar_P2|TankWar_P3|TankWar_P4|TankWar_P5,UNKNOWN,UNKNOWN,0.750,0.200,LOW,INTRA_BLOCK,RESOLVED_INTERNAL,TankWar_P1|TankWar_P2|TankWar_P3|TankWar_P4|TankWar_P5
D109,C:\Users\JBNU\git\ConstraintsRecovery\assets\tankwar\asset13:IF:8-358,C:\Users\JBNU\git\ConstraintsRecovery\assets\tankwar\asset13:IF:8-358,E64,E65,,METHOD_CALL,C:\Users\JBNU\git\ConstraintsRecovery\assets\tankwar\asset13,226,G4,G4,TankWar_P1|TankWar_P2|TankWar_P3|TankWar_P4|TankWar_P5,TankWar_P1|TankWar_P2|TankWar_P3|TankWar_P4|TankWar_P5,UNKNOWN,UNKNOWN,0.750,0.200,LOW,INTRA_BLOCK,RESOLVED_INTERNAL,TankWar_P1|TankWar_P2|TankWar_P3|TankWar_P4|TankWar_P5
D110,C:\Users\JBNU\git\ConstraintsRecovery\assets\tankwar\asset13:IF:8-358,C:\Users\JBNU\git\ConstraintsRecovery\assets\tankwar\asset13:IF:8-358,E64,E65,,METHOD_CALL,C:\Users\JBNU\git\ConstraintsRecovery\assets\tankwar\asset13,229,G4,G4,TankWar_P1|TankWar_P2|TankWar_P3|TankWar_P4|TankWar_P5,TankWar_P1|TankWar_P2|TankWar_P3|TankWar_P4|TankWar_P5,UNKNOWN,UNKNOWN,0.750,0.200,LOW,INTRA_BLOCK,RESOLVED_INTERNAL,TankWar_P1|TankWar_P2|TankWar_P3|TankWar_P4|TankWar_P5
D111,C:\Users\JBNU\git\ConstraintsRecovery\assets\tankwar\asset13:IF:8-358,C:\Users\JBNU\git\ConstraintsRecovery\assets\tankwar\asset13:IF:8-358,E64,E65,,METHOD_CALL,C:\Users\JBNU\git\ConstraintsRecovery\assets\tankwar\asset13,232,G4,G4,TankWar_P1|TankWar_P2|TankWar_P3|TankWar_P4|TankWar_P5,TankWar_P1|TankWar_P2|TankWar_P3|TankWar_P4|TankWar_P5,UNKNOWN,UNKNOWN,0.750,0.200,LOW,INTRA_BLOCK,RESOLVED_INTERNAL,TankWar_P1|TankWar_P2|TankWar_P3|TankWar_P4|TankWar_P5
D112,C:\Users\JBNU\git\ConstraintsRecovery\assets\tankwar\asset13:IF:8-358,C:\Users\JBNU\git\ConstraintsRecovery\assets\tankwar\asset13:IF:8-358,E64,E65,,METHOD_CALL,C:\Users\JBNU\git\ConstraintsRecovery\assets\tankwar\asset13,235,G4,G4,TankWar_P1|TankWar_P2|TankWar_P3|TankWar_P4|TankWar_P5,TankWar_P1|TankWar_P2|TankWar_P3|TankWar_P4|TankWar_P5,UNKNOWN,UNKNOWN,0.750,0.200,LOW,INTRA_BLOCK,RESOLVED_INTERNAL,TankWar_P1|TankWar_P2|TankWar_P3|TankWar_P4|TankWar_P5
D113,C:\Users\JBNU\git\ConstraintsRecovery\assets\tankwar\asset13:IF:8-358,C:\Users\JBNU\git\ConstraintsRecovery\assets\tankwar\asset13:IF:8-358,E64,E65,,METHOD_CALL,C:\Users\JBNU\git\ConstraintsRecovery\assets\tankwar\asset13,238,G4,G4,TankWar_P1|TankWar_P2|TankWar_P3|TankWar_P4|TankWar_P5,TankWar_P1|TankWar_P2|TankWar_P3|TankWar_P4|TankWar_P5,UNKNOWN,UNKNOWN,0.750,0.200,LOW,INTRA_BLOCK,RESOLVED_INTERNAL,TankWar_P1|TankWar_P2|TankWar_P3|TankWar_P4|TankWar_P5
D114,C:\Users\JBNU\git\ConstraintsRecovery\assets\tankwar\asset13:IF:8-358,C:\Users\JBNU\git\ConstraintsRecovery\assets\tankwar\asset13:IF:8-358,E64,E65,,METHOD_CALL,C:\Users\JBNU\git\ConstraintsRecovery\assets\tankwar\asset13,241,G4,G4,TankWar_P1|TankWar_P2|TankWar_P3|TankWar_P4|TankWar_P5,TankWar_P1|TankWar_P2|TankWar_P3|TankWar_P4|TankWar_P5,UNKNOWN,UNKNOWN,0.750,0.200,LOW,INTRA_BLOCK,RESOLVED_INTERNAL,TankWar_P1|TankWar_P2|TankWar_P3|TankWar_P4|TankWar_P5
D115,C:\Users\JBNU\git\ConstraintsRecovery\assets\tankwar\asset13:IF:8-358,C:\Users\JBNU\git\ConstraintsRecovery\assets\tankwar\asset13:IF:8-358,E64,E65,,METHOD_CALL,C:\Users\JBNU\git\ConstraintsRecovery\assets\tankwar\asset13,244,G4,G4,TankWar_P1|TankWar_P2|TankWar_P3|TankWar_P4|TankWar_P5,TankWar_P1|TankWar_P2|TankWar_P3|TankWar_P4|TankWar_P5,UNKNOWN,UNKNOWN,0.750,0.200,LOW,INTRA_BLOCK,RESOLVED_INTERNAL,TankWar_P1|TankWar_P2|TankWar_P3|TankWar_P4|TankWar_P5
D116,C:\Users\JBNU\git\ConstraintsRecovery\assets\tankwar\asset13:IF:8-358,C:\Users\JBNU\git\ConstraintsRecovery\assets\tankwar\asset13:IF:8-358,E64,E65,,METHOD_CALL,C:\Users\JBNU\git\ConstraintsRecovery\assets\tankwar\asset13,247,G4,G4,TankWar_P1|TankWar_P2|TankWar_P3|TankWar_P4|TankWar_P5,TankWar_P1|TankWar_P2|TankWar_P3|TankWar_P4|TankWar_P5,UNKNOWN,UNKNOWN,0.750,0.200,LOW,INTRA_BLOCK,RESOLVED_INTERNAL,TankWar_P1|TankWar_P2|TankWar_P3|TankWar_P4|TankWar_P5
D117,C:\Users\JBNU\git\ConstraintsRecovery\assets\tankwar\asset13:IF:8-358,C:\Users\JBNU\git\ConstraintsRecovery\assets\tankwar\asset13:IF:8-358,E64,E65,,METHOD_CALL,C:\Users\JBNU\git\ConstraintsRecovery\assets\tankwar\asset13,250,G4,G4,TankWar_P1|TankWar_P2|TankWar_P3|TankWar_P4|TankWar_P5,TankWar_P1|TankWar_P2|TankWar_P3|TankWar_P4|TankWar_P5,UNKNOWN,UNKNOWN,0.750,0.200,LOW,INTRA_BLOCK,RESOLVED_INTERNAL,TankWar_P1|TankWar_P2|TankWar_P3|TankWar_P4|TankWar_P5
D118,C:\Users\JBNU\git\ConstraintsRecovery\assets\tankwar\asset13:IF:8-358,C:\Users\JBNU\git\ConstraintsRecovery\assets\tankwar\asset13:IF:8-358,E64,E65,,METHOD_CALL,C:\Users\JBNU\git\ConstraintsRecovery\assets\tankwar\asset13,253,G4,G4,TankWar_P1|TankWar_P2|TankWar_P3|TankWar_P4|TankWar_P5,TankWar_P1|TankWar_P2|TankWar_P3|TankWar_P4|TankWar_P5,UNKNOWN,UNKNOWN,0.750,0.200,LOW,INTRA_BLOCK,RESOLVED_INTERNAL,TankWar_P1|TankWar_P2|TankWar_P3|TankWar_P4|TankWar_P5
D119,C:\Users\JBNU\git\ConstraintsRecovery\assets\tankwar\asset13:IF:8-358,C:\Users\JBNU\git\ConstraintsRecovery\assets\tankwar\asset13:IF:8-358,E64,E65,,METHOD_CALL,C:\Users\JBNU\git\ConstraintsRecovery\assets\tankwar\asset13,256,G4,G4,TankWar_P1|TankWar_P2|TankWar_P3|TankWar_P4|TankWar_P5,TankWar_P1|TankWar_P2|TankWar_P3|TankWar_P4|TankWar_P5,UNKNOWN,UNKNOWN,0.750,0.200,LOW,INTRA_BLOCK,RESOLVED_INTERNAL,TankWar_P1|TankWar_P2|TankWar_P3|TankWar_P4|TankWar_P5
D120,C:\Users\JBNU\git\ConstraintsRecovery\assets\tankwar\asset13:IF:8-358,C:\Users\JBNU\git\ConstraintsRecovery\assets\tankwar\asset13:IF:8-358,E64,E65,,METHOD_CALL,C:\Users\JBNU\git\ConstraintsRecovery\assets\tankwar\asset13,259,G4,G4,TankWar_P1|TankWar_P2|TankWar_P3|TankWar_P4|TankWar_P5,TankWar_P1|TankWar_P2|TankWar_P3|TankWar_P4|TankWar_P5,UNKNOWN,UNKNOWN,0.750,0.200,LOW,INTRA_BLOCK,RESOLVED_INTERNAL,TankWar_P1|TankWar_P2|TankWar_P3|TankWar_P4|TankWar_P5
D121,C:\Users\JBNU\git\ConstraintsRecovery\assets\tankwar\asset13:IF:8-358,C:\Users\JBNU\git\ConstraintsRecovery\assets\tankwar\asset13:IF:8-358,E64,E65,,METHOD_CALL,C:\Users\JBNU\git\ConstraintsRecovery\assets\tankwar\asset13,262,G4,G4,TankWar_P1|TankWar_P2|TankWar_P3|TankWar_P4|TankWar_P5,TankWar_P1|TankWar_P2|TankWar_P3|TankWar_P4|TankWar_P5,UNKNOWN,UNKNOWN,0.750,0.200,LOW,INTRA_BLOCK,RESOLVED_INTERNAL,TankWar_P1|TankWar_P2|TankWar_P3|TankWar_P4|TankWar_P5
D122,C:\Users\JBNU\git\ConstraintsRecovery\assets\tankwar\asset13:IF:8-358,C:\Users\JBNU\git\ConstraintsRecovery\assets\tankwar\asset13:IF:8-358,E64,E65,,METHOD_CALL,C:\Users\JBNU\git\ConstraintsRecovery\assets\tankwar\asset13,265,G4,G4,TankWar_P1|TankWar_P2|TankWar_P3|TankWar_P4|TankWar_P5,TankWar_P1|TankWar_P2|TankWar_P3|TankWar_P4|TankWar_P5,UNKNOWN,UNKNOWN,0.750,0.200,LOW,INTRA_BLOCK,RESOLVED_INTERNAL,TankWar_P1|TankWar_P2|TankWar_P3|TankWar_P4|TankWar_P5
D123,C:\Users\JBNU\git\ConstraintsRecovery\assets\tankwar\asset13:IF:8-358,C:\Users\JBNU\git\ConstraintsRecovery\assets\tankwar\asset13:IF:8-358,E64,E65,,METHOD_CALL,C:\Users\JBNU\git\ConstraintsRecovery\assets\tankwar\asset13,268,G4,G4,TankWar_P1|TankWar_P2|TankWar_P3|TankWar_P4|TankWar_P5,TankWar_P1|TankWar_P2|TankWar_P3|TankWar_P4|TankWar_P5,UNKNOWN,UNKNOWN,0.750,0.200,LOW,INTRA_BLOCK,RESOLVED_INTERNAL,TankWar_P1|TankWar_P2|TankWar_P3|TankWar_P4|TankWar_P5
D124,C:\Users\JBNU\git\ConstraintsRecovery\assets\tankwar\asset13:IF:8-358,C:\Users\JBNU\git\ConstraintsRecovery\assets\tankwar\asset13:IF:8-358,E64,E65,,METHOD_CALL,C:\Users\JBNU\git\ConstraintsRecovery\assets\tankwar\asset13,271,G4,G4,TankWar_P1|TankWar_P2|TankWar_P3|TankWar_P4|TankWar_P5,TankWar_P1|TankWar_P2|TankWar_P3|TankWar_P4|TankWar_P5,UNKNOWN,UNKNOWN,0.750,0.200,LOW,INTRA_BLOCK,RESOLVED_INTERNAL,TankWar_P1|TankWar_P2|TankWar_P3|TankWar_P4|TankWar_P5
D125,C:\Users\JBNU\git\ConstraintsRecovery\assets\tankwar\asset13:IF:8-358,C:\Users\JBNU\git\ConstraintsRecovery\assets\tankwar\asset13:IF:8-358,E64,E65,,METHOD_CALL,C:\Users\JBNU\git\ConstraintsRecovery\assets\tankwar\asset13,274,G4,G4,TankWar_P1|TankWar_P2|TankWar_P3|TankWar_P4|TankWar_P5,TankWar_P1|TankWar_P2|TankWar_P3|TankWar_P4|TankWar_P5,UNKNOWN,UNKNOWN,0.750,0.200,LOW,INTRA_BLOCK,RESOLVED_INTERNAL,TankWar_P1|TankWar_P2|TankWar_P3|TankWar_P4|TankWar_P5
D126,C:\Users\JBNU\git\ConstraintsRecovery\assets\tankwar\asset13:IF:8-358,C:\Users\JBNU\git\ConstraintsRecovery\assets\tankwar\asset13:IF:8-358,E64,E65,,METHOD_CALL,C:\Users\JBNU\git\ConstraintsRecovery\assets\tankwar\asset13,277,G4,G4,TankWar_P1|TankWar_P2|TankWar_P3|TankWar_P4|TankWar_P5,TankWar_P1|TankWar_P2|TankWar_P3|TankWar_P4|TankWar_P5,UNKNOWN,UNKNOWN,0.750,0.200,LOW,INTRA_BLOCK,RESOLVED_INTERNAL,TankWar_P1|TankWar_P2|TankWar_P3|TankWar_P4|TankWar_P5
D127,C:\Users\JBNU\git\ConstraintsRecovery\assets\tankwar\asset13:IF:8-358,C:\Users\JBNU\git\ConstraintsRecovery\assets\tankwar\asset13:IF:8-358,E64,E65,,METHOD_CALL,C:\Users\JBNU\git\ConstraintsRecovery\assets\tankwar\asset13,280,G4,G4,TankWar_P1|TankWar_P2|TankWar_P3|TankWar_P4|TankWar_P5,TankWar_P1|TankWar_P2|TankWar_P3|TankWar_P4|TankWar_P5,UNKNOWN,UNKNOWN,0.750,0.200,LOW,INTRA_BLOCK,RESOLVED_INTERNAL,TankWar_P1|TankWar_P2|TankWar_P3|TankWar_P4|TankWar_P5
D128,C:\Users\JBNU\git\ConstraintsRecovery\assets\tankwar\asset13:IF:8-358,C:\Users\JBNU\git\ConstraintsRecovery\assets\tankwar\asset13:IF:8-358,E64,E65,,METHOD_CALL,C:\Users\JBNU\git\ConstraintsRecovery\assets\tankwar\asset13,283,G4,G4,TankWar_P1|TankWar_P2|TankWar_P3|TankWar_P4|TankWar_P5,TankWar_P1|TankWar_P2|TankWar_P3|TankWar_P4|TankWar_P5,UNKNOWN,UNKNOWN,0.750,0.200,LOW,INTRA_BLOCK,RESOLVED_INTERNAL,TankWar_P1|TankWar_P2|TankWar_P3|TankWar_P4|TankWar_P5
D129,C:\Users\JBNU\git\ConstraintsRecovery\assets\tankwar\asset13:IF:8-358,C:\Users\JBNU\git\ConstraintsRecovery\assets\tankwar\asset13:IF:8-358,E64,E65,,METHOD_CALL,C:\Users\JBNU\git\ConstraintsRecovery\assets\tankwar\asset13,286,G4,G4,TankWar_P1|TankWar_P2|TankWar_P3|TankWar_P4|TankWar_P5,TankWar_P1|TankWar_P2|TankWar_P3|TankWar_P4|TankWar_P5,UNKNOWN,UNKNOWN,0.750,0.200,LOW,INTRA_BLOCK,RESOLVED_INTERNAL,TankWar_P1|TankWar_P2|TankWar_P3|TankWar_P4|TankWar_P5
D130,C:\Users\JBNU\git\ConstraintsRecovery\assets\tankwar\asset13:IF:8-358,C:\Users\JBNU\git\ConstraintsRecovery\assets\tankwar\asset13:IF:8-358,E64,E65,,METHOD_CALL,C:\Users\JBNU\git\ConstraintsRecovery\assets\tankwar\asset13,289,G4,G4,TankWar_P1|TankWar_P2|TankWar_P3|TankWar_P4|TankWar_P5,TankWar_P1|TankWar_P2|TankWar_P3|TankWar_P4|TankWar_P5,UNKNOWN,UNKNOWN,0.750,0.200,LOW,INTRA_BLOCK,RESOLVED_INTERNAL,TankWar_P1|TankWar_P2|TankWar_P3|TankWar_P4|TankWar_P5
D131,C:\Users\JBNU\git\ConstraintsRecovery\assets\tankwar\asset13:IF:8-358,C:\Users\JBNU\git\ConstraintsRecovery\assets\tankwar\asset13:IF:8-358,E64,E65,,METHOD_CALL,C:\Users\JBNU\git\ConstraintsRecovery\assets\tankwar\asset13,292,G4,G4,TankWar_P1|TankWar_P2|TankWar_P3|TankWar_P4|TankWar_P5,TankWar_P1|TankWar_P2|TankWar_P3|TankWar_P4|TankWar_P5,UNKNOWN,UNKNOWN,0.750,0.200,LOW,INTRA_BLOCK,RESOLVED_INTERNAL,TankWar_P1|TankWar_P2|TankWar_P3|TankWar_P4|TankWar_P5
D132,C:\Users\JBNU\git\ConstraintsRecovery\assets\tankwar\asset13:IF:8-358,C:\Users\JBNU\git\ConstraintsRecovery\assets\tankwar\asset13:IF:8-358,E64,E65,,METHOD_CALL,C:\Users\JBNU\git\ConstraintsRecovery\assets\tankwar\asset13,295,G4,G4,TankWar_P1|TankWar_P2|TankWar_P3|TankWar_P4|TankWar_P5,TankWar_P1|TankWar_P2|TankWar_P3|TankWar_P4|TankWar_P5,UNKNOWN,UNKNOWN,0.750,0.200,LOW,INTRA_BLOCK,RESOLVED_INTERNAL,TankWar_P1|TankWar_P2|TankWar_P3|TankWar_P4|TankWar_P5
D133,C:\Users\JBNU\git\ConstraintsRecovery\assets\tankwar\asset13:IF:8-358,C:\Users\JBNU\git\ConstraintsRecovery\assets\tankwar\asset13:IF:8-358,E64,E65,,METHOD_CALL,C:\Users\JBNU\git\ConstraintsRecovery\assets\tankwar\asset13,298,G4,G4,TankWar_P1|TankWar_P2|TankWar_P3|TankWar_P4|TankWar_P5,TankWar_P1|TankWar_P2|TankWar_P3|TankWar_P4|TankWar_P5,UNKNOWN,UNKNOWN,0.750,0.200,LOW,INTRA_BLOCK,RESOLVED_INTERNAL,TankWar_P1|TankWar_P2|TankWar_P3|TankWar_P4|TankWar_P5
D134,C:\Users\JBNU\git\ConstraintsRecovery\assets\tankwar\asset13:IF:8-358,C:\Users\JBNU\git\ConstraintsRecovery\assets\tankwar\asset13:IF:8-358,E64,E65,,METHOD_CALL,C:\Users\JBNU\git\ConstraintsRecovery\assets\tankwar\asset13,301,G4,G4,TankWar_P1|TankWar_P2|TankWar_P3|TankWar_P4|TankWar_P5,TankWar_P1|TankWar_P2|TankWar_P3|TankWar_P4|TankWar_P5,UNKNOWN,UNKNOWN,0.750,0.200,LOW,INTRA_BLOCK,RESOLVED_INTERNAL,TankWar_P1|TankWar_P2|TankWar_P3|TankWar_P4|TankWar_P5
D135,C:\Users\JBNU\git\ConstraintsRecovery\assets\tankwar\asset13:IF:8-358,C:\Users\JBNU\git\ConstraintsRecovery\assets\tankwar\asset13:IF:8-358,E64,E65,,METHOD_CALL,C:\Users\JBNU\git\ConstraintsRecovery\assets\tankwar\asset13,304,G4,G4,TankWar_P1|TankWar_P2|TankWar_P3|TankWar_P4|TankWar_P5,TankWar_P1|TankWar_P2|TankWar_P3|TankWar_P4|TankWar_P5,UNKNOWN,UNKNOWN,0.750,0.200,LOW,INTRA_BLOCK,RESOLVED_INTERNAL,TankWar_P1|TankWar_P2|TankWar_P3|TankWar_P4|TankWar_P5
D136,C:\Users\JBNU\git\ConstraintsRecovery\assets\tankwar\asset13:IF:8-358,C:\Users\JBNU\git\ConstraintsRecovery\assets\tankwar\asset13:IF:8-358,E64,E65,,METHOD_CALL,C:\Users\JBNU\git\ConstraintsRecovery\assets\tankwar\asset13,307,G4,G4,TankWar_P1|TankWar_P2|TankWar_P3|TankWar_P4|TankWar_P5,TankWar_P1|TankWar_P2|TankWar_P3|TankWar_P4|TankWar_P5,UNKNOWN,UNKNOWN,0.750,0.200,LOW,INTRA_BLOCK,RESOLVED_INTERNAL,TankWar_P1|TankWar_P2|TankWar_P3|TankWar_P4|TankWar_P5
D137,C:\Users\JBNU\git\ConstraintsRecovery\assets\tankwar\asset13:IF:8-358,C:\Users\JBNU\git\ConstraintsRecovery\assets\tankwar\asset13:IF:8-358,E64,E65,,METHOD_CALL,C:\Users\JBNU\git\ConstraintsRecovery\assets\tankwar\asset13,310,G4,G4,TankWar_P1|TankWar_P2|TankWar_P3|TankWar_P4|TankWar_P5,TankWar_P1|TankWar_P2|TankWar_P3|TankWar_P4|TankWar_P5,UNKNOWN,UNKNOWN,0.750,0.200,LOW,INTRA_BLOCK,RESOLVED_INTERNAL,TankWar_P1|TankWar_P2|TankWar_P3|TankWar_P4|TankWar_P5
D138,C:\Users\JBNU\git\ConstraintsRecovery\assets\tankwar\asset13:IF:8-358,C:\Users\JBNU\git\ConstraintsRecovery\assets\tankwar\asset13:IF:8-358,E64,E65,,METHOD_CALL,C:\Users\JBNU\git\ConstraintsRecovery\assets\tankwar\asset13,313,G4,G4,TankWar_P1|TankWar_P2|TankWar_P3|TankWar_P4|TankWar_P5,TankWar_P1|TankWar_P2|TankWar_P3|TankWar_P4|TankWar_P5,UNKNOWN,UNKNOWN,0.750,0.200,LOW,INTRA_BLOCK,RESOLVED_INTERNAL,TankWar_P1|TankWar_P2|TankWar_P3|TankWar_P4|TankWar_P5
D139,C:\Users\JBNU\git\ConstraintsRecovery\assets\tankwar\asset13:IF:8-358,C:\Users\JBNU\git\ConstraintsRecovery\assets\tankwar\asset13:IF:8-358,E64,E65,,METHOD_CALL,C:\Users\JBNU\git\ConstraintsRecovery\assets\tankwar\asset13,316,G4,G4,TankWar_P1|TankWar_P2|TankWar_P3|TankWar_P4|TankWar_P5,TankWar_P1|TankWar_P2|TankWar_P3|TankWar_P4|TankWar_P5,UNKNOWN,UNKNOWN,0.750,0.200,LOW,INTRA_BLOCK,RESOLVED_INTERNAL,TankWar_P1|TankWar_P2|TankWar_P3|TankWar_P4|TankWar_P5
D140,C:\Users\JBNU\git\ConstraintsRecovery\assets\tankwar\asset13:IF:8-358,C:\Users\JBNU\git\ConstraintsRecovery\assets\tankwar\asset13:IF:8-358,E64,E65,,METHOD_CALL,C:\Users\JBNU\git\ConstraintsRecovery\assets\tankwar\asset13,319,G4,G4,TankWar_P1|TankWar_P2|TankWar_P3|TankWar_P4|TankWar_P5,TankWar_P1|TankWar_P2|TankWar_P3|TankWar_P4|TankWar_P5,UNKNOWN,UNKNOWN,0.750,0.200,LOW,INTRA_BLOCK,RESOLVED_INTERNAL,TankWar_P1|TankWar_P2|TankWar_P3|TankWar_P4|TankWar_P5
D142,C:\Users\JBNU\git\ConstraintsRecovery\assets\tankwar\asset13:IF:8-358,C:\Users\JBNU\git\ConstraintsRecovery\assets\tankwar\asset13:IF:8-358,E64,E65,,METHOD_CALL,C:\Users\JBNU\git\ConstraintsRecovery\assets\tankwar\asset13,322,G4,G4,TankWar_P1|TankWar_P2|TankWar_P3|TankWar_P4|TankWar_P5,TankWar_P1|TankWar_P2|TankWar_P3|TankWar_P4|TankWar_P5,UNKNOWN,UNKNOWN,0.750,0.200,LOW,INTRA_BLOCK,RESOLVED_INTERNAL,TankWar_P1|TankWar_P2|TankWar_P3|TankWar_P4|TankWar_P5
D143,C:\Users\JBNU\git\ConstraintsRecovery\assets\tankwar\asset13:IF:8-358,C:\Users\JBNU\git\ConstraintsRecovery\assets\tankwar\asset13:IF:8-358,E64,E65,,METHOD_CALL,C:\Users\JBNU\git\ConstraintsRecovery\assets\tankwar\asset13,325,G4,G4,TankWar_P1|TankWar_P2|TankWar_P3|TankWar_P4|TankWar_P5,TankWar_P1|TankWar_P2|TankWar_P3|TankWar_P4|TankWar_P5,UNKNOWN,UNKNOWN,0.750,0.200,LOW,INTRA_BLOCK,RESOLVED_INTERNAL,TankWar_P1|TankWar_P2|TankWar_P3|TankWar_P4|TankWar_P5
D144,C:\Users\JBNU\git\ConstraintsRecovery\assets\tankwar\asset13:IF:8-358,C:\Users\JBNU\git\ConstraintsRecovery\assets\tankwar\asset13:IF:8-358,E64,E65,,METHOD_CALL,C:\Users\JBNU\git\ConstraintsRecovery\assets\tankwar\asset13,328,G4,G4,TankWar_P1|TankWar_P2|TankWar_P3|TankWar_P4|TankWar_P5,TankWar_P1|TankWar_P2|TankWar_P3|TankWar_P4|TankWar_P5,UNKNOWN,UNKNOWN,0.750,0.200,LOW,INTRA_BLOCK,RESOLVED_INTERNAL,TankWar_P1|TankWar_P2|TankWar_P3|TankWar_P4|TankWar_P5
D145,C:\Users\JBNU\git\ConstraintsRecovery\assets\tankwar\asset13:IF:8-358,C:\Users\JBNU\git\ConstraintsRecovery\assets\tankwar\asset13:IF:8-358,E64,E65,,METHOD_CALL,C:\Users\JBNU\git\ConstraintsRecovery\assets\tankwar\asset13,331,G4,G4,TankWar_P1|TankWar_P2|TankWar_P3|TankWar_P4|TankWar_P5,TankWar_P1|TankWar_P2|TankWar_P3|TankWar_P4|TankWar_P5,UNKNOWN,UNKNOWN,0.750,0.200,LOW,INTRA_BLOCK,RESOLVED_INTERNAL,TankWar_P1|TankWar_P2|TankWar_P3|TankWar_P4|TankWar_P5
D146,C:\Users\JBNU\git\ConstraintsRecovery\assets\tankwar\asset13:IF:8-358,C:\Users\JBNU\git\ConstraintsRecovery\assets\tankwar\asset13:IF:8-358,E64,E65,,METHOD_CALL,C:\Users\JBNU\git\ConstraintsRecovery\assets\tankwar\asset13,334,G4,G4,TankWar_P1|TankWar_P2|TankWar_P3|TankWar_P4|TankWar_P5,TankWar_P1|TankWar_P2|TankWar_P3|TankWar_P4|TankWar_P5,UNKNOWN,UNKNOWN,0.750,0.200,LOW,INTRA_BLOCK,RESOLVED_INTERNAL,TankWar_P1|TankWar_P2|TankWar_P3|TankWar_P4|TankWar_P5
D147,C:\Users\JBNU\git\ConstraintsRecovery\assets\tankwar\asset13:IF:8-358,C:\Users\JBNU\git\ConstraintsRecovery\assets\tankwar\asset13:IF:8-358,E64,E65,,METHOD_CALL,C:\Users\JBNU\git\ConstraintsRecovery\assets\tankwar\asset13,337,G4,G4,TankWar_P1|TankWar_P2|TankWar_P3|TankWar_P4|TankWar_P5,TankWar_P1|TankWar_P2|TankWar_P3|TankWar_P4|TankWar_P5,UNKNOWN,UNKNOWN,0.750,0.200,LOW,INTRA_BLOCK,RESOLVED_INTERNAL,TankWar_P1|TankWar_P2|TankWar_P3|TankWar_P4|TankWar_P5
D149,C:\Users\JBNU\git\ConstraintsRecovery\assets\tankwar\asset13:IF:8-358,C:\Users\JBNU\git\ConstraintsRecovery\assets\tankwar\asset13:IF:8-358,E64,E65,,METHOD_CALL,C:\Users\JBNU\git\ConstraintsRecovery\assets\tankwar\asset13,340,G4,G4,TankWar_P1|TankWar_P2|TankWar_P3|TankWar_P4|TankWar_P5,TankWar_P1|TankWar_P2|TankWar_P3|TankWar_P4|TankWar_P5,UNKNOWN,UNKNOWN,0.750,0.200,LOW,INTRA_BLOCK,RESOLVED_INTERNAL,TankWar_P1|TankWar_P2|TankWar_P3|TankWar_P4|TankWar_P5
D150,C:\Users\JBNU\git\ConstraintsRecovery\assets\tankwar\asset13:IF:8-358,C:\Users\JBNU\git\ConstraintsRecovery\assets\tankwar\asset13:IF:8-358,E64,E65,,METHOD_CALL,C:\Users\JBNU\git\ConstraintsRecovery\assets\tankwar\asset13,343,G4,G4,TankWar_P1|TankWar_P2|TankWar_P3|TankWar_P4|TankWar_P5,TankWar_P1|TankWar_P2|TankWar_P3|TankWar_P4|TankWar_P5,UNKNOWN,UNKNOWN,0.750,0.200,LOW,INTRA_BLOCK,RESOLVED_INTERNAL,TankWar_P1|TankWar_P2|TankWar_P3|TankWar_P4|TankWar_P5
D151,C:\Users\JBNU\git\ConstraintsRecovery\assets\tankwar\asset13:IF:8-358,C:\Users\JBNU\git\ConstraintsRecovery\assets\tankwar\asset27:IF:7-116,E64,E302,,FIELD_REFERENCE,C:\Users\JBNU\git\ConstraintsRecovery\assets\tankwar\asset13,346,G4,G7,TankWar_P1|TankWar_P2|TankWar_P3|TankWar_P4|TankWar_P5,TankWar_P1|TankWar_P3|TankWar_P4|TankWar_P5,UNKNOWN,UNKNOWN,0.600,0.200,LOW,NONE,RESOLVED_INTERNAL,TankWar_P1|TankWar_P2|TankWar_P3|TankWar_P4|TankWar_P5
D152,C:\Users\JBNU\git\ConstraintsRecovery\assets\tankwar\asset13:IF:8-358,C:\Users\JBNU\git\ConstraintsRecovery\assets\tankwar\asset13:IF:8-358,E64,E62,,FIELD_REFERENCE,C:\Users\JBNU\git\ConstraintsRecovery\assets\tankwar\asset13,348,G4,G4,TankWar_P1|TankWar_P2|TankWar_P3|TankWar_P4|TankWar_P5,TankWar_P1|TankWar_P2|TankWar_P3|TankWar_P4|TankWar_P5,UNKNOWN,UNKNOWN,0.600,0.200,LOW,INTRA_BLOCK,RESOLVED_INTERNAL,TankWar_P1|TankWar_P2|TankWar_P3|TankWar_P4|TankWar_P5
D153,C:\Users\JBNU\git\ConstraintsRecovery\assets\tankwar\asset13:IF:8-358,C:\Users\JBNU\git\ConstraintsRecovery\assets\tankwar\asset13:IF:8-358,E64,E64,,METHOD_CALL,C:\Users\JBNU\git\ConstraintsRecovery\assets\tankwar\asset13,350,G4,G4,TankWar_P1|TankWar_P2|TankWar_P3|TankWar_P4|TankWar_P5,TankWar_P1|TankWar_P2|TankWar_P3|TankWar_P4|TankWar_P5,UNKNOWN,UNKNOWN,0.750,0.200,LOW,INTRA_BLOCK,RESOLVED_INTERNAL,TankWar_P1|TankWar_P2|TankWar_P3|TankWar_P4|TankWar_P5
D154,C:\Users\JBNU\git\ConstraintsRecovery\assets\tankwar\asset13:IF:8-358,C:\Users\JBNU\git\ConstraintsRecovery\assets\tankwar\asset13:IF:8-358,E65,E62,,FIELD_REFERENCE,C:\Users\JBNU\git\ConstraintsRecovery\assets\tankwar\asset13,356,G4,G4,TankWar_P1|TankWar_P2|TankWar_P3|TankWar_P4|TankWar_P5,TankWar_P1|TankWar_P2|TankWar_P3|TankWar_P4|TankWar_P5,UNKNOWN,UNKNOWN,0.600,0.200,LOW,INTRA_BLOCK,RESOLVED_INTERNAL,TankWar_P1|TankWar_P2|TankWar_P3|TankWar_P4|TankWar_P5
D215,C:\Users\JBNU\git\ConstraintsRecovery\assets\tankwar\asset14:IF:8-384,C:\Users\JBNU\git\ConstraintsRecovery\assets\tankwar\asset22:IF:8-80,E66,E257,,EXTENDS,C:\Users\JBNU\git\ConstraintsRecovery\assets\tankwar\asset14,14,G4,G4,TankWar_P1|TankWar_P2|TankWar_P3|TankWar_P4|TankWar_P5,TankWar_P1|TankWar_P2|TankWar_P3|TankWar_P4|TankWar_P5,UNKNOWN,UNKNOWN,0.900,0.200,LOW,NONE,RESOLVED_INTERNAL,TankWar_P1|TankWar_P2|TankWar_P3|TankWar_P4|TankWar_P5
D406,C:\Users\JBNU\git\ConstraintsRecovery\assets\tankwar\asset14:IF:8-384,C:\Users\JBNU\git\ConstraintsRecovery\assets\tankwar\asset22:IF:8-80,E92,E267,,FIELD_REFERENCE,C:\Users\JBNU\git\ConstraintsRecovery\assets\tankwar\asset14,36,G4,G4,TankWar_P1|TankWar_P2|TankWar_P3|TankWar_P4|TankWar_P5,TankWar_P1|TankWar_P2|TankWar_P3|TankWar_P4|TankWar_P5,UNKNOWN,UNKNOWN,0.600,0.200,LOW,NONE,RESOLVED_INTERNAL,TankWar_P1|TankWar_P2|TankWar_P3|TankWar_P4|TankWar_P5
D415,C:\Users\JBNU\git\ConstraintsRecovery\assets\tankwar\asset14:IF:8-384,C:\Users\JBNU\git\ConstraintsRecovery\assets\tankwar\asset9:IF:8-248,E92,E689,,FIELD_REFERENCE,C:\Users\JBNU\git\ConstraintsRecovery\assets\tankwar\asset14,39,G4,G4,TankWar_P1|TankWar_P2|TankWar_P3|TankWar_P4|TankWar_P5,TankWar_P1|TankWar_P2|TankWar_P3|TankWar_P4|TankWar_P5,UNKNOWN,UNKNOWN,0.600,0.200,LOW,NONE,RESOLVED_INTERNAL,TankWar_P1|TankWar_P2|TankWar_P3|TankWar_P4|TankWar_P5
D416,C:\Users\JBNU\git\ConstraintsRecovery\assets\tankwar\asset14:IF:8-384,C:\Users\JBNU\git\ConstraintsRecovery\assets\tankwar\asset14:IF:8-384,E92,E85,,FIELD_REFERENCE,C:\Users\JBNU\git\ConstraintsRecovery\assets\tankwar\asset14,40,G4,G4,TankWar_P1|TankWar_P2|TankWar_P3|TankWar_P4|TankWar_P5,TankWar_P1|TankWar_P2|TankWar_P3|TankWar_P4|TankWar_P5,UNKNOWN,UNKNOWN,0.600,0.200,LOW,INTRA_BLOCK,RESOLVED_INTERNAL,TankWar_P1|TankWar_P2|TankWar_P3|TankWar_P4|TankWar_P5
D417,C:\Users\JBNU\git\ConstraintsRecovery\assets\tankwar\asset14:IF:8-384,C:\Users\JBNU\git\ConstraintsRecovery\assets\tankwar\asset14:IF:8-384,E92,E67,,FIELD_REFERENCE,C:\Users\JBNU\git\ConstraintsRecovery\assets\tankwar\asset14,41,G4,G4,TankWar_P1|TankWar_P2|TankWar_P3|TankWar_P4|TankWar_P5,TankWar_P1|TankWar_P2|TankWar_P3|TankWar_P4|TankWar_P5,UNKNOWN,UNKNOWN,0.600,0.200,LOW,INTRA_BLOCK,RESOLVED_INTERNAL,TankWar_P1|TankWar_P2|TankWar_P3|TankWar_P4|TankWar_P5
D418,C:\Users\JBNU\git\ConstraintsRecovery\assets\tankwar\asset14:IF:8-384,C:\Users\JBNU\git\ConstraintsRecovery\assets\tankwar\asset14:IF:8-384,E92,E75,,FIELD_REFERENCE,C:\Users\JBNU\git\ConstraintsRecovery\assets\tankwar\asset14,42,G4,G4,TankWar_P1|TankWar_P2|TankWar_P3|TankWar_P4|TankWar_P5,TankWar_P1|TankWar_P2|TankWar_P3|TankWar_P4|TankWar_P5,UNKNOWN,UNKNOWN,0.600,0.200,LOW,INTRA_BLOCK,RESOLVED_INTERNAL,TankWar_P1|TankWar_P2|TankWar_P3|TankWar_P4|TankWar_P5
D419,C:\Users\JBNU\git\ConstraintsRecovery\assets\tankwar\asset14:IF:8-384,C:\Users\JBNU\git\ConstraintsRecovery\assets\tankwar\asset14:IF:8-384,E92,E76,,FIELD_REFERENCE,C:\Users\JBNU\git\ConstraintsRecovery\assets\tankwar\asset14,43,G4,G4,TankWar_P1|TankWar_P2|TankWar_P3|TankWar_P4|TankWar_P5,TankWar_P1|TankWar_P2|TankWar_P3|TankWar_P4|TankWar_P5,UNKNOWN,UNKNOWN,0.600,0.200,LOW,INTRA_BLOCK,RESOLVED_INTERNAL,TankWar_P1|TankWar_P2|TankWar_P3|TankWar_P4|TankWar_P5
D420,C:\Users\JBNU\git\ConstraintsRecovery\assets\tankwar\asset14:IF:8-384,C:\Users\JBNU\git\ConstraintsRecovery\assets\tankwar\asset9:IF:8-248,E92,E689,,FIELD_REFERENCE,C:\Users\JBNU\git\ConstraintsRecovery\assets\tankwar\asset14,46,G4,G4,TankWar_P1|TankWar_P2|TankWar_P3|TankWar_P4|TankWar_P5,TankWar_P1|TankWar_P2|TankWar_P3|TankWar_P4|TankWar_P5,UNKNOWN,UNKNOWN,0.600,0.200,LOW,NONE,RESOLVED_INTERNAL,TankWar_P1|TankWar_P2|TankWar_P3|TankWar_P4|TankWar_P5
D421,C:\Users\JBNU\git\ConstraintsRecovery\assets\tankwar\asset14:IF:8-384,C:\Users\JBNU\git\ConstraintsRecovery\assets\tankwar\asset14:IF:8-384,E92,E85,,FIELD_REFERENCE,C:\Users\JBNU\git\ConstraintsRecovery\assets\tankwar\asset14,47,G4,G4,TankWar_P1|TankWar_P2|TankWar_P3|TankWar_P4|TankWar_P5,TankWar_P1|TankWar_P2|TankWar_P3|TankWar_P4|TankWar_P5,UNKNOWN,UNKNOWN,0.600,0.200,LOW,INTRA_BLOCK,RESOLVED_INTERNAL,TankWar_P1|TankWar_P2|TankWar_P3|TankWar_P4|TankWar_P5
D422,C:\Users\JBNU\git\ConstraintsRecovery\assets\tankwar\asset14:IF:8-384,C:\Users\JBNU\git\ConstraintsRecovery\assets\tankwar\asset14:IF:8-384,E92,E67,,FIELD_REFERENCE,C:\Users\JBNU\git\ConstraintsRecovery\assets\tankwar\asset14,48,G4,G4,TankWar_P1|TankWar_P2|TankWar_P3|TankWar_P4|TankWar_P5,TankWar_P1|TankWar_P2|TankWar_P3|TankWar_P4|TankWar_P5,UNKNOWN,UNKNOWN,0.600,0.200,LOW,INTRA_BLOCK,RESOLVED_INTERNAL,TankWar_P1|TankWar_P2|TankWar_P3|TankWar_P4|TankWar_P5
D423,C:\Users\JBNU\git\ConstraintsRecovery\assets\tankwar\asset14:IF:8-384,C:\Users\JBNU\git\ConstraintsRecovery\assets\tankwar\asset14:IF:8-384,E92,E75,,FIELD_REFERENCE,C:\Users\JBNU\git\ConstraintsRecovery\assets\tankwar\asset14,49,G4,G4,TankWar_P1|TankWar_P2|TankWar_P3|TankWar_P4|TankWar_P5,TankWar_P1|TankWar_P2|TankWar_P3|TankWar_P4|TankWar_P5,UNKNOWN,UNKNOWN,0.600,0.200,LOW,INTRA_BLOCK,RESOLVED_INTERNAL,TankWar_P1|TankWar_P2|TankWar_P3|TankWar_P4|TankWar_P5
D424,C:\Users\JBNU\git\ConstraintsRecovery\assets\tankwar\asset14:IF:8-384,C:\Users\JBNU\git\ConstraintsRecovery\assets\tankwar\asset14:IF:8-384,E92,E76,,FIELD_REFERENCE,C:\Users\JBNU\git\ConstraintsRecovery\assets\tankwar\asset14,50,G4,G4,TankWar_P1|TankWar_P2|TankWar_P3|TankWar_P4|TankWar_P5,TankWar_P1|TankWar_P2|TankWar_P3|TankWar_P4|TankWar_P5,UNKNOWN,UNKNOWN,0.600,0.200,LOW,INTRA_BLOCK,RESOLVED_INTERNAL,TankWar_P1|TankWar_P2|TankWar_P3|TankWar_P4|TankWar_P5
D425,C:\Users\JBNU\git\ConstraintsRecovery\assets\tankwar\asset14:IF:8-384,C:\Users\JBNU\git\ConstraintsRecovery\assets\tankwar\asset9:IF:8-248,E92,E689,,FIELD_REFERENCE,C:\Users\JBNU\git\ConstraintsRecovery\assets\tankwar\asset14,53,G4,G4,TankWar_P1|TankWar_P2|TankWar_P3|TankWar_P4|TankWar_P5,TankWar_P1|TankWar_P2|TankWar_P3|TankWar_P4|TankWar_P5,UNKNOWN,UNKNOWN,0.600,0.200,LOW,NONE,RESOLVED_INTERNAL,TankWar_P1|TankWar_P2|TankWar_P3|TankWar_P4|TankWar_P5
D426,C:\Users\JBNU\git\ConstraintsRecovery\assets\tankwar\asset14:IF:8-384,C:\Users\JBNU\git\ConstraintsRecovery\assets\tankwar\asset14:IF:8-384,E92,E85,,FIELD_REFERENCE,C:\Users\JBNU\git\ConstraintsRecovery\assets\tankwar\asset14,54,G4,G4,TankWar_P1|TankWar_P2|TankWar_P3|TankWar_P4|TankWar_P5,TankWar_P1|TankWar_P2|TankWar_P3|TankWar_P4|TankWar_P5,UNKNOWN,UNKNOWN,0.600,0.200,LOW,INTRA_BLOCK,RESOLVED_INTERNAL,TankWar_P1|TankWar_P2|TankWar_P3|TankWar_P4|TankWar_P5
D427,C:\Users\JBNU\git\ConstraintsRecovery\assets\tankwar\asset14:IF:8-384,C:\Users\JBNU\git\ConstraintsRecovery\assets\tankwar\asset14:IF:8-384,E92,E67,,FIELD_REFERENCE,C:\Users\JBNU\git\ConstraintsRecovery\assets\tankwar\asset14,55,G4,G4,TankWar_P1|TankWar_P2|TankWar_P3|TankWar_P4|TankWar_P5,TankWar_P1|TankWar_P2|TankWar_P3|TankWar_P4|TankWar_P5,UNKNOWN,UNKNOWN,0.600,0.200,LOW,INTRA_BLOCK,RESOLVED_INTERNAL,TankWar_P1|TankWar_P2|TankWar_P3|TankWar_P4|TankWar_P5
D428,C:\Users\JBNU\git\ConstraintsRecovery\assets\tankwar\asset14:IF:8-384,C:\Users\JBNU\git\ConstraintsRecovery\assets\tankwar\asset14:IF:8-384,E92,E75,,FIELD_REFERENCE,C:\Users\JBNU\git\ConstraintsRecovery\assets\tankwar\asset14,56,G4,G4,TankWar_P1|TankWar_P2|TankWar_P3|TankWar_P4|TankWar_P5,TankWar_P1|TankWar_P2|TankWar_P3|TankWar_P4|TankWar_P5,UNKNOWN,UNKNOWN,0.600,0.200,LOW,INTRA_BLOCK,RESOLVED_INTERNAL,TankWar_P1|TankWar_P2|TankWar_P3|TankWar_P4|TankWar_P5
D429,C:\Users\JBNU\git\ConstraintsRecovery\assets\tankwar\asset14:IF:8-384,C:\Users\JBNU\git\ConstraintsRecovery\assets\tankwar\asset14:IF:8-384,E92,E76,,FIELD_REFERENCE,C:\Users\JBNU\git\ConstraintsRecovery\assets\tankwar\asset14,57,G4,G4,TankWar_P1|TankWar_P2|TankWar_P3|TankWar_P4|TankWar_P5,TankWar_P1|TankWar_P2|TankWar_P3|TankWar_P4|TankWar_P5,UNKNOWN,UNKNOWN,0.600,0.200,LOW,INTRA_BLOCK,RESOLVED_INTERNAL,TankWar_P1|TankWar_P2|TankWar_P3|TankWar_P4|TankWar_P5
D430,C:\Users\JBNU\git\ConstraintsRecovery\assets\tankwar\asset14:IF:8-384,C:\Users\JBNU\git\ConstraintsRecovery\assets\tankwar\asset9:IF:8-248,E92,E689,,FIELD_REFERENCE,C:\Users\JBNU\git\ConstraintsRecovery\assets\tankwar\asset14,60,G4,G4,TankWar_P1|TankWar_P2|TankWar_P3|TankWar_P4|TankWar_P5,TankWar_P1|TankWar_P2|TankWar_P3|TankWar_P4|TankWar_P5,UNKNOWN,UNKNOWN,0.600,0.200,LOW,NONE,RESOLVED_INTERNAL,TankWar_P1|TankWar_P2|TankWar_P3|TankWar_P4|TankWar_P5
D431,C:\Users\JBNU\git\ConstraintsRecovery\assets\tankwar\asset14:IF:8-384,C:\Users\JBNU\git\ConstraintsRecovery\assets\tankwar\asset14:IF:8-384,E92,E85,,FIELD_REFERENCE,C:\Users\JBNU\git\ConstraintsRecovery\assets\tankwar\asset14,61,G4,G4,TankWar_P1|TankWar_P2|TankWar_P3|TankWar_P4|TankWar_P5,TankWar_P1|TankWar_P2|TankWar_P3|TankWar_P4|TankWar_P5,UNKNOWN,UNKNOWN,0.600,0.200,LOW,INTRA_BLOCK,RESOLVED_INTERNAL,TankWar_P1|TankWar_P2|TankWar_P3|TankWar_P4|TankWar_P5
D432,C:\Users\JBNU\git\ConstraintsRecovery\assets\tankwar\asset14:IF:8-384,C:\Users\JBNU\git\ConstraintsRecovery\assets\tankwar\asset14:IF:8-384,E92,E67,,FIELD_REFERENCE,C:\Users\JBNU\git\ConstraintsRecovery\assets\tankwar\asset14,62,G4,G4,TankWar_P1|TankWar_P2|TankWar_P3|TankWar_P4|TankWar_P5,TankWar_P1|TankWar_P2|TankWar_P3|TankWar_P4|TankWar_P5,UNKNOWN,UNKNOWN,0.600,0.200,LOW,INTRA_BLOCK,RESOLVED_INTERNAL,TankWar_P1|TankWar_P2|TankWar_P3|TankWar_P4|TankWar_P5
D433,C:\Users\JBNU\git\ConstraintsRecovery\assets\tankwar\asset14:IF:8-384,C:\Users\JBNU\git\ConstraintsRecovery\assets\tankwar\asset14:IF:8-384,E92,E75,,FIELD_REFERENCE,C:\Users\JBNU\git\ConstraintsRecovery\assets\tankwar\asset14,63,G4,G4,TankWar_P1|TankWar_P2|TankWar_P3|TankWar_P4|TankWar_P5,TankWar_P1|TankWar_P2|TankWar_P3|TankWar_P4|TankWar_P5,UNKNOWN,UNKNOWN,0.600,0.200,LOW,INTRA_BLOCK,RESOLVED_INTERNAL,TankWar_P1|TankWar_P2|TankWar_P3|TankWar_P4|TankWar_P5
D434,C:\Users\JBNU\git\ConstraintsRecovery\assets\tankwar\asset14:IF:8-384,C:\Users\JBNU\git\ConstraintsRecovery\assets\tankwar\asset14:IF:8-384,E92,E76,,FIELD_REFERENCE,C:\Users\JBNU\git\ConstraintsRecovery\assets\tankwar\asset14,64,G4,G4,TankWar_P1|TankWar_P2|TankWar_P3|TankWar_P4|TankWar_P5,TankWar_P1|TankWar_P2|TankWar_P3|TankWar_P4|TankWar_P5,UNKNOWN,UNKNOWN,0.600,0.200,LOW,INTRA_BLOCK,RESOLVED_INTERNAL,TankWar_P1|TankWar_P2|TankWar_P3|TankWar_P4|TankWar_P5
D435,C:\Users\JBNU\git\ConstraintsRecovery\assets\tankwar\asset14:IF:8-384,C:\Users\JBNU\git\ConstraintsRecovery\assets\tankwar\asset9:IF:8-248,E92,E689,,FIELD_REFERENCE,C:\Users\JBNU\git\ConstraintsRecovery\assets\tankwar\asset14,67,G4,G4,TankWar_P1|TankWar_P2|TankWar_P3|TankWar_P4|TankWar_P5,TankWar_P1|TankWar_P2|TankWar_P3|TankWar_P4|TankWar_P5,UNKNOWN,UNKNOWN,0.600,0.200,LOW,NONE,RESOLVED_INTERNAL,TankWar_P1|TankWar_P2|TankWar_P3|TankWar_P4|TankWar_P5
D436,C:\Users\JBNU\git\ConstraintsRecovery\assets\tankwar\asset14:IF:8-384,C:\Users\JBNU\git\ConstraintsRecovery\assets\tankwar\asset14:IF:8-384,E92,E85,,FIELD_REFERENCE,C:\Users\JBNU\git\ConstraintsRecovery\assets\tankwar\asset14,68,G4,G4,TankWar_P1|TankWar_P2|TankWar_P3|TankWar_P4|TankWar_P5,TankWar_P1|TankWar_P2|TankWar_P3|TankWar_P4|TankWar_P5,UNKNOWN,UNKNOWN,0.600,0.200,LOW,INTRA_BLOCK,RESOLVED_INTERNAL,TankWar_P1|TankWar_P2|TankWar_P3|TankWar_P4|TankWar_P5
D437,C:\Users\JBNU\git\ConstraintsRecovery\assets\tankwar\asset14:IF:8-384,C:\Users\JBNU\git\ConstraintsRecovery\assets\tankwar\asset14:IF:8-384,E92,E67,,FIELD_REFERENCE,C:\Users\JBNU\git\ConstraintsRecovery\assets\tankwar\asset14,69,G4,G4,TankWar_P1|TankWar_P2|TankWar_P3|TankWar_P4|TankWar_P5,TankWar_P1|TankWar_P2|TankWar_P3|TankWar_P4|TankWar_P5,UNKNOWN,UNKNOWN,0.600,0.200,LOW,INTRA_BLOCK,RESOLVED_INTERNAL,TankWar_P1|TankWar_P2|TankWar_P3|TankWar_P4|TankWar_P5
D438,C:\Users\JBNU\git\ConstraintsRecovery\assets\tankwar\asset14:IF:8-384,C:\Users\JBNU\git\ConstraintsRecovery\assets\tankwar\asset14:IF:8-384,E92,E75,,FIELD_REFERENCE,C:\Users\JBNU\git\ConstraintsRecovery\assets\tankwar\asset14,70,G4,G4,TankWar_P1|TankWar_P2|TankWar_P3|TankWar_P4|TankWar_P5,TankWar_P1|TankWar_P2|TankWar_P3|TankWar_P4|TankWar_P5,UNKNOWN,UNKNOWN,0.600,0.200,LOW,INTRA_BLOCK,RESOLVED_INTERNAL,TankWar_P1|TankWar_P2|TankWar_P3|TankWar_P4|TankWar_P5
D439,C:\Users\JBNU\git\ConstraintsRecovery\assets\tankwar\asset14:IF:8-384,C:\Users\JBNU\git\ConstraintsRecovery\assets\tankwar\asset14:IF:8-384,E92,E76,,FIELD_REFERENCE,C:\Users\JBNU\git\ConstraintsRecovery\assets\tankwar\asset14,71,G4,G4,TankWar_P1|TankWar_P2|TankWar_P3|TankWar_P4|TankWar_P5,TankWar_P1|TankWar_P2|TankWar_P3|TankWar_P4|TankWar_P5,UNKNOWN,UNKNOWN,0.600,0.200,LOW,INTRA_BLOCK,RESOLVED_INTERNAL,TankWar_P1|TankWar_P2|TankWar_P3|TankWar_P4|TankWar_P5
D440,C:\Users\JBNU\git\ConstraintsRecovery\assets\tankwar\asset14:IF:8-384,C:\Users\JBNU\git\ConstraintsRecovery\assets\tankwar\asset9:IF:8-248,E92,E689,,FIELD_REFERENCE,C:\Users\JBNU\git\ConstraintsRecovery\assets\tankwar\asset14,74,G4,G4,TankWar_P1|TankWar_P2|TankWar_P3|TankWar_P4|TankWar_P5,TankWar_P1|TankWar_P2|TankWar_P3|TankWar_P4|TankWar_P5,UNKNOWN,UNKNOWN,0.600,0.200,LOW,NONE,RESOLVED_INTERNAL,TankWar_P1|TankWar_P2|TankWar_P3|TankWar_P4|TankWar_P5
D441,C:\Users\JBNU\git\ConstraintsRecovery\assets\tankwar\asset14:IF:8-384,C:\Users\JBNU\git\ConstraintsRecovery\assets\tankwar\asset14:IF:8-384,E92,E85,,FIELD_REFERENCE,C:\Users\JBNU\git\ConstraintsRecovery\assets\tankwar\asset14,75,G4,G4,TankWar_P1|TankWar_P2|TankWar_P3|TankWar_P4|TankWar_P5,TankWar_P1|TankWar_P2|TankWar_P3|TankWar_P4|TankWar_P5,UNKNOWN,UNKNOWN,0.600,0.200,LOW,INTRA_BLOCK,RESOLVED_INTERNAL,TankWar_P1|TankWar_P2|TankWar_P3|TankWar_P4|TankWar_P5
D442,C:\Users\JBNU\git\ConstraintsRecovery\assets\tankwar\asset14:IF:8-384,C:\Users\JBNU\git\ConstraintsRecovery\assets\tankwar\asset14:IF:8-384,E92,E67,,FIELD_REFERENCE,C:\Users\JBNU\git\ConstraintsRecovery\assets\tankwar\asset14,76,G4,G4,TankWar_P1|TankWar_P2|TankWar_P3|TankWar_P4|TankWar_P5,TankWar_P1|TankWar_P2|TankWar_P3|TankWar_P4|TankWar_P5,UNKNOWN,UNKNOWN,0.600,0.200,LOW,INTRA_BLOCK,RESOLVED_INTERNAL,TankWar_P1|TankWar_P2|TankWar_P3|TankWar_P4|TankWar_P5
D443,C:\Users\JBNU\git\ConstraintsRecovery\assets\tankwar\asset14:IF:8-384,C:\Users\JBNU\git\ConstraintsRecovery\assets\tankwar\asset14:IF:8-384,E92,E75,,FIELD_REFERENCE,C:\Users\JBNU\git\ConstraintsRecovery\assets\tankwar\asset14,77,G4,G4,TankWar_P1|TankWar_P2|TankWar_P3|TankWar_P4|TankWar_P5,TankWar_P1|TankWar_P2|TankWar_P3|TankWar_P4|TankWar_P5,UNKNOWN,UNKNOWN,0.600,0.200,LOW,INTRA_BLOCK,RESOLVED_INTERNAL,TankWar_P1|TankWar_P2|TankWar_P3|TankWar_P4|TankWar_P5
D444,C:\Users\JBNU\git\ConstraintsRecovery\assets\tankwar\asset14:IF:8-384,C:\Users\JBNU\git\ConstraintsRecovery\assets\tankwar\asset14:IF:8-384,E92,E76,,FIELD_REFERENCE,C:\Users\JBNU\git\ConstraintsRecovery\assets\tankwar\asset14,78,G4,G4,TankWar_P1|TankWar_P2|TankWar_P3|TankWar_P4|TankWar_P5,TankWar_P1|TankWar_P2|TankWar_P3|TankWar_P4|TankWar_P5,UNKNOWN,UNKNOWN,0.600,0.200,LOW,INTRA_BLOCK,RESOLVED_INTERNAL,TankWar_P1|TankWar_P2|TankWar_P3|TankWar_P4|TankWar_P5
D445,C:\Users\JBNU\git\ConstraintsRecovery\assets\tankwar\asset14:IF:8-384,C:\Users\JBNU\git\ConstraintsRecovery\assets\tankwar\asset9:IF:8-248,E92,E689,,FIELD_REFERENCE,C:\Users\JBNU\git\ConstraintsRecovery\assets\tankwar\asset14,81,G4,G4,TankWar_P1|TankWar_P2|TankWar_P3|TankWar_P4|TankWar_P5,TankWar_P1|TankWar_P2|TankWar_P3|TankWar_P4|TankWar_P5,UNKNOWN,UNKNOWN,0.600,0.200,LOW,NONE,RESOLVED_INTERNAL,TankWar_P1|TankWar_P2|TankWar_P3|TankWar_P4|TankWar_P5
D446,C:\Users\JBNU\git\ConstraintsRecovery\assets\tankwar\asset14:IF:8-384,C:\Users\JBNU\git\ConstraintsRecovery\assets\tankwar\asset14:IF:8-384,E92,E85,,FIELD_REFERENCE,C:\Users\JBNU\git\ConstraintsRecovery\assets\tankwar\asset14,82,G4,G4,TankWar_P1|TankWar_P2|TankWar_P3|TankWar_P4|TankWar_P5,TankWar_P1|TankWar_P2|TankWar_P3|TankWar_P4|TankWar_P5,UNKNOWN,UNKNOWN,0.600,0.200,LOW,INTRA_BLOCK,RESOLVED_INTERNAL,TankWar_P1|TankWar_P2|TankWar_P3|TankWar_P4|TankWar_P5
D447,C:\Users\JBNU\git\ConstraintsRecovery\assets\tankwar\asset14:IF:8-384,C:\Users\JBNU\git\ConstraintsRecovery\assets\tankwar\asset14:IF:8-384,E92,E67,,FIELD_REFERENCE,C:\Users\JBNU\git\ConstraintsRecovery\assets\tankwar\asset14,83,G4,G4,TankWar_P1|TankWar_P2|TankWar_P3|TankWar_P4|TankWar_P5,TankWar_P1|TankWar_P2|TankWar_P3|TankWar_P4|TankWar_P5,UNKNOWN,UNKNOWN,0.600,0.200,LOW,INTRA_BLOCK,RESOLVED_INTERNAL,TankWar_P1|TankWar_P2|TankWar_P3|TankWar_P4|TankWar_P5
D448,C:\Users\JBNU\git\ConstraintsRecovery\assets\tankwar\asset14:IF:8-384,C:\Users\JBNU\git\ConstraintsRecovery\assets\tankwar\asset14:IF:8-384,E92,E75,,FIELD_REFERENCE,C:\Users\JBNU\git\ConstraintsRecovery\assets\tankwar\asset14,84,G4,G4,TankWar_P1|TankWar_P2|TankWar_P3|TankWar_P4|TankWar_P5,TankWar_P1|TankWar_P2|TankWar_P3|TankWar_P4|TankWar_P5,UNKNOWN,UNKNOWN,0.600,0.200,LOW,INTRA_BLOCK,RESOLVED_INTERNAL,TankWar_P1|TankWar_P2|TankWar_P3|TankWar_P4|TankWar_P5
D449,C:\Users\JBNU\git\ConstraintsRecovery\assets\tankwar\asset14:IF:8-384,C:\Users\JBNU\git\ConstraintsRecovery\assets\tankwar\asset14:IF:8-384,E92,E76,,FIELD_REFERENCE,C:\Users\JBNU\git\ConstraintsRecovery\assets\tankwar\asset14,85,G4,G4,TankWar_P1|TankWar_P2|TankWar_P3|TankWar_P4|TankWar_P5,TankWar_P1|TankWar_P2|TankWar_P3|TankWar_P4|TankWar_P5,UNKNOWN,UNKNOWN,0.600,0.200,LOW,INTRA_BLOCK,RESOLVED_INTERNAL,TankWar_P1|TankWar_P2|TankWar_P3|TankWar_P4|TankWar_P5
D450,C:\Users\JBNU\git\ConstraintsRecovery\assets\tankwar\asset14:IF:8-384,C:\Users\JBNU\git\ConstraintsRecovery\assets\tankwar\asset9:IF:8-248,E92,E689,,FIELD_REFERENCE,C:\Users\JBNU\git\ConstraintsRecovery\assets\tankwar\asset14,88,G4,G4,TankWar_P1|TankWar_P2|TankWar_P3|TankWar_P4|TankWar_P5,TankWar_P1|TankWar_P2|TankWar_P3|TankWar_P4|TankWar_P5,UNKNOWN,UNKNOWN,0.600,0.200,LOW,NONE,RESOLVED_INTERNAL,TankWar_P1|TankWar_P2|TankWar_P3|TankWar_P4|TankWar_P5
D451,C:\Users\JBNU\git\ConstraintsRecovery\assets\tankwar\asset14:IF:8-384,C:\Users\JBNU\git\ConstraintsRecovery\assets\tankwar\asset14:IF:8-384,E92,E85,,FIELD_REFERENCE,C:\Users\JBNU\git\ConstraintsRecovery\assets\tankwar\asset14,89,G4,G4,TankWar_P1|TankWar_P2|TankWar_P3|TankWar_P4|TankWar_P5,TankWar_P1|TankWar_P2|TankWar_P3|TankWar_P4|TankWar_P5,UNKNOWN,UNKNOWN,0.600,0.200,LOW,INTRA_BLOCK,RESOLVED_INTERNAL,TankWar_P1|TankWar_P2|TankWar_P3|TankWar_P4|TankWar_P5
D452,C:\Users\JBNU\git\ConstraintsRecovery\assets\tankwar\asset14:IF:8-384,C:\Users\JBNU\git\ConstraintsRecovery\assets\tankwar\asset14:IF:8-384,E92,E67,,FIELD_REFERENCE,C:\Users\JBNU\git\ConstraintsRecovery\assets\tankwar\asset14,90,G4,G4,TankWar_P1|TankWar_P2|TankWar_P3|TankWar_P4|TankWar_P5,TankWar_P1|TankWar_P2|TankWar_P3|TankWar_P4|TankWar_P5,UNKNOWN,UNKNOWN,0.600,0.200,LOW,INTRA_BLOCK,RESOLVED_INTERNAL,TankWar_P1|TankWar_P2|TankWar_P3|TankWar_P4|TankWar_P5
D453,C:\Users\JBNU\git\ConstraintsRecovery\assets\tankwar\asset14:IF:8-384,C:\Users\JBNU\git\ConstraintsRecovery\assets\tankwar\asset14:IF:8-384,E92,E76,,FIELD_REFERENCE,C:\Users\JBNU\git\ConstraintsRecovery\assets\tankwar\asset14,91,G4,G4,TankWar_P1|TankWar_P2|TankWar_P3|TankWar_P4|TankWar_P5,TankWar_P1|TankWar_P2|TankWar_P3|TankWar_P4|TankWar_P5,UNKNOWN,UNKNOWN,0.600,0.200,LOW,INTRA_BLOCK,RESOLVED_INTERNAL,TankWar_P1|TankWar_P2|TankWar_P3|TankWar_P4|TankWar_P5
D454,C:\Users\JBNU\git\ConstraintsRecovery\assets\tankwar\asset14:IF:8-384,C:\Users\JBNU\git\ConstraintsRecovery\assets\tankwar\asset9:IF:8-248,E92,E689,,FIELD_REFERENCE,C:\Users\JBNU\git\ConstraintsRecovery\assets\tankwar\asset14,94,G4,G4,TankWar_P1|TankWar_P2|TankWar_P3|TankWar_P4|TankWar_P5,TankWar_P1|TankWar_P2|TankWar_P3|TankWar_P4|TankWar_P5,UNKNOWN,UNKNOWN,0.600,0.200,LOW,NONE,RESOLVED_INTERNAL,TankWar_P1|TankWar_P2|TankWar_P3|TankWar_P4|TankWar_P5
D455,C:\Users\JBNU\git\ConstraintsRecovery\assets\tankwar\asset14:IF:8-384,C:\Users\JBNU\git\ConstraintsRecovery\assets\tankwar\asset14:IF:8-384,E92,E85,,FIELD_REFERENCE,C:\Users\JBNU\git\ConstraintsRecovery\assets\tankwar\asset14,95,G4,G4,TankWar_P1|TankWar_P2|TankWar_P3|TankWar_P4|TankWar_P5,TankWar_P1|TankWar_P2|TankWar_P3|TankWar_P4|TankWar_P5,UNKNOWN,UNKNOWN,0.600,0.200,LOW,INTRA_BLOCK,RESOLVED_INTERNAL,TankWar_P1|TankWar_P2|TankWar_P3|TankWar_P4|TankWar_P5
D456,C:\Users\JBNU\git\ConstraintsRecovery\assets\tankwar\asset14:IF:8-384,C:\Users\JBNU\git\ConstraintsRecovery\assets\tankwar\asset14:IF:8-384,E92,E67,,FIELD_REFERENCE,C:\Users\JBNU\git\ConstraintsRecovery\assets\tankwar\asset14,96,G4,G4,TankWar_P1|TankWar_P2|TankWar_P3|TankWar_P4|TankWar_P5,TankWar_P1|TankWar_P2|TankWar_P3|TankWar_P4|TankWar_P5,UNKNOWN,UNKNOWN,0.600,0.200,LOW,INTRA_BLOCK,RESOLVED_INTERNAL,TankWar_P1|TankWar_P2|TankWar_P3|TankWar_P4|TankWar_P5
D457,C:\Users\JBNU\git\ConstraintsRecovery\assets\tankwar\asset14:IF:8-384,C:\Users\JBNU\git\ConstraintsRecovery\assets\tankwar\asset14:IF:8-384,E92,E76,,FIELD_REFERENCE,C:\Users\JBNU\git\ConstraintsRecovery\assets\tankwar\asset14,97,G4,G4,TankWar_P1|TankWar_P2|TankWar_P3|TankWar_P4|TankWar_P5,TankWar_P1|TankWar_P2|TankWar_P3|TankWar_P4|TankWar_P5,UNKNOWN,UNKNOWN,0.600,0.200,LOW,INTRA_BLOCK,RESOLVED_INTERNAL,TankWar_P1|TankWar_P2|TankWar_P3|TankWar_P4|TankWar_P5
D175,C:\Users\JBNU\git\ConstraintsRecovery\assets\tankwar\asset14:IF:8-384,C:\Users\JBNU\git\ConstraintsRecovery\assets\tankwar\asset9:IF:8-248,E92,E689,,FIELD_REFERENCE,C:\Users\JBNU\git\ConstraintsRecovery\assets\tankwar\asset14,100,G4,G4,TankWar_P1|TankWar_P2|TankWar_P3|TankWar_P4|TankWar_P5,TankWar_P1|TankWar_P2|TankWar_P3|TankWar_P4|TankWar_P5,UNKNOWN,UNKNOWN,0.600,0.200,LOW,NONE,RESOLVED_INTERNAL,TankWar_P1|TankWar_P2|TankWar_P3|TankWar_P4|TankWar_P5
D176,C:\Users\JBNU\git\ConstraintsRecovery\assets\tankwar\asset14:IF:8-384,C:\Users\JBNU\git\ConstraintsRecovery\assets\tankwar\asset14:IF:8-384,E92,E85,,FIELD_REFERENCE,C:\Users\JBNU\git\ConstraintsRecovery\assets\tankwar\asset14,101,G4,G4,TankWar_P1|TankWar_P2|TankWar_P3|TankWar_P4|TankWar_P5,TankWar_P1|TankWar_P2|TankWar_P3|TankWar_P4|TankWar_P5,UNKNOWN,UNKNOWN,0.600,0.200,LOW,INTRA_BLOCK,RESOLVED_INTERNAL,TankWar_P1|TankWar_P2|TankWar_P3|TankWar_P4|TankWar_P5
D177,C:\Users\JBNU\git\ConstraintsRecovery\assets\tankwar\asset14:IF:8-384,C:\Users\JBNU\git\ConstraintsRecovery\assets\tankwar\asset14:IF:8-384,E92,E67,,FIELD_REFERENCE,C:\Users\JBNU\git\ConstraintsRecovery\assets\tankwar\asset14,102,G4,G4,TankWar_P1|TankWar_P2|TankWar_P3|TankWar_P4|TankWar_P5,TankWar_P1|TankWar_P2|TankWar_P3|TankWar_P4|TankWar_P5,UNKNOWN,UNKNOWN,0.600,0.200,LOW,INTRA_BLOCK,RESOLVED_INTERNAL,TankWar_P1|TankWar_P2|TankWar_P3|TankWar_P4|TankWar_P5
D178,C:\Users\JBNU\git\ConstraintsRecovery\assets\tankwar\asset14:IF:8-384,C:\Users\JBNU\git\ConstraintsRecovery\assets\tankwar\asset14:IF:8-384,E92,E76,,FIELD_REFERENCE,C:\Users\JBNU\git\ConstraintsRecovery\assets\tankwar\asset14,103,G4,G4,TankWar_P1|TankWar_P2|TankWar_P3|TankWar_P4|TankWar_P5,TankWar_P1|TankWar_P2|TankWar_P3|TankWar_P4|TankWar_P5,UNKNOWN,UNKNOWN,0.600,0.200,LOW,INTRA_BLOCK,RESOLVED_INTERNAL,TankWar_P1|TankWar_P2|TankWar_P3|TankWar_P4|TankWar_P5
D179,C:\Users\JBNU\git\ConstraintsRecovery\assets\tankwar\asset14:IF:8-384,C:\Users\JBNU\git\ConstraintsRecovery\assets\tankwar\asset14:IF:8-384,E92,E70,,FIELD_REFERENCE,C:\Users\JBNU\git\ConstraintsRecovery\assets\tankwar\asset14,106,G4,G4,TankWar_P1|TankWar_P2|TankWar_P3|TankWar_P4|TankWar_P5,TankWar_P1|TankWar_P2|TankWar_P3|TankWar_P4|TankWar_P5,UNKNOWN,UNKNOWN,0.600,0.200,LOW,INTRA_BLOCK,RESOLVED_INTERNAL,TankWar_P1|TankWar_P2|TankWar_P3|TankWar_P4|TankWar_P5
D180,C:\Users\JBNU\git\ConstraintsRecovery\assets\tankwar\asset14:IF:8-384,C:\Users\JBNU\git\ConstraintsRecovery\assets\tankwar\asset14:IF:8-384,E92,E70,,FIELD_REFERENCE,C:\Users\JBNU\git\ConstraintsRecovery\assets\tankwar\asset14,107,G4,G4,TankWar_P1|TankWar_P2|TankWar_P3|TankWar_P4|TankWar_P5,TankWar_P1|TankWar_P2|TankWar_P3|TankWar_P4|TankWar_P5,UNKNOWN,UNKNOWN,0.600,0.200,LOW,INTRA_BLOCK,RESOLVED_INTERNAL,TankWar_P1|TankWar_P2|TankWar_P3|TankWar_P4|TankWar_P5
D181,C:\Users\JBNU\git\ConstraintsRecovery\assets\tankwar\asset14:IF:8-384,C:\Users\JBNU\git\ConstraintsRecovery\assets\tankwar\asset14:IF:8-384,E92,E71,,FIELD_REFERENCE,C:\Users\JBNU\git\ConstraintsRecovery\assets\tankwar\asset14,107,G4,G4,TankWar_P1|TankWar_P2|TankWar_P3|TankWar_P4|TankWar_P5,TankWar_P1|TankWar_P2|TankWar_P3|TankWar_P4|TankWar_P5,UNKNOWN,UNKNOWN,0.600,0.200,LOW,INTRA_BLOCK,RESOLVED_INTERNAL,TankWar_P1|TankWar_P2|TankWar_P3|TankWar_P4|TankWar_P5
D182,C:\Users\JBNU\git\ConstraintsRecovery\assets\tankwar\asset14:IF:8-384,C:\Users\JBNU\git\ConstraintsRecovery\assets\tankwar\asset14:IF:8-384,E92,E70,,FIELD_REFERENCE,C:\Users\JBNU\git\ConstraintsRecovery\assets\tankwar\asset14,108,G4,G4,TankWar_P1|TankWar_P2|TankWar_P3|TankWar_P4|TankWar_P5,TankWar_P1|TankWar_P2|TankWar_P3|TankWar_P4|TankWar_P5,UNKNOWN,UNKNOWN,0.600,0.200,LOW,INTRA_BLOCK,RESOLVED_INTERNAL,TankWar_P1|TankWar_P2|TankWar_P3|TankWar_P4|TankWar_P5
D183,C:\Users\JBNU\git\ConstraintsRecovery\assets\tankwar\asset14:IF:8-384,C:\Users\JBNU\git\ConstraintsRecovery\assets\tankwar\asset14:IF:8-384,E92,E72,,FIELD_REFERENCE,C:\Users\JBNU\git\ConstraintsRecovery\assets\tankwar\asset14,108,G4,G4,TankWar_P1|TankWar_P2|TankWar_P3|TankWar_P4|TankWar_P5,TankWar_P1|TankWar_P2|TankWar_P3|TankWar_P4|TankWar_P5,UNKNOWN,UNKNOWN,0.600,0.200,LOW,INTRA_BLOCK,RESOLVED_INTERNAL,TankWar_P1|TankWar_P2|TankWar_P3|TankWar_P4|TankWar_P5
D184,C:\Users\JBNU\git\ConstraintsRecovery\assets\tankwar\asset14:IF:8-384,C:\Users\JBNU\git\ConstraintsRecovery\assets\tankwar\asset14:IF:8-384,E92,E70,,FIELD_REFERENCE,C:\Users\JBNU\git\ConstraintsRecovery\assets\tankwar\asset14,109,G4,G4,TankWar_P1|TankWar_P2|TankWar_P3|TankWar_P4|TankWar_P5,TankWar_P1|TankWar_P2|TankWar_P3|TankWar_P4|TankWar_P5,UNKNOWN,UNKNOWN,0.600,0.200,LOW,INTRA_BLOCK,RESOLVED_INTERNAL,TankWar_P1|TankWar_P2|TankWar_P3|TankWar_P4|TankWar_P5
D185,C:\Users\JBNU\git\ConstraintsRecovery\assets\tankwar\asset14:IF:8-384,C:\Users\JBNU\git\ConstraintsRecovery\assets\tankwar\asset14:IF:8-384,E92,E74,,FIELD_REFERENCE,C:\Users\JBNU\git\ConstraintsRecovery\assets\tankwar\asset14,109,G4,G4,TankWar_P1|TankWar_P2|TankWar_P3|TankWar_P4|TankWar_P5,TankWar_P1|TankWar_P2|TankWar_P3|TankWar_P4|TankWar_P5,UNKNOWN,UNKNOWN,0.600,0.200,LOW,INTRA_BLOCK,RESOLVED_INTERNAL,TankWar_P1|TankWar_P2|TankWar_P3|TankWar_P4|TankWar_P5
D186,C:\Users\JBNU\git\ConstraintsRecovery\assets\tankwar\asset14:IF:8-384,C:\Users\JBNU\git\ConstraintsRecovery\assets\tankwar\asset14:IF:8-384,E92,E68,,FIELD_REFERENCE,C:\Users\JBNU\git\ConstraintsRecovery\assets\tankwar\asset14,110,G4,G4,TankWar_P1|TankWar_P2|TankWar_P3|TankWar_P4|TankWar_P5,TankWar_P1|TankWar_P2|TankWar_P3|TankWar_P4|TankWar_P5,UNKNOWN,UNKNOWN,0.600,0.200,LOW,INTRA_BLOCK,RESOLVED_INTERNAL,TankWar_P1|TankWar_P2|TankWar_P3|TankWar_P4|TankWar_P5
D187,C:\Users\JBNU\git\ConstraintsRecovery\assets\tankwar\asset14:IF:8-384,C:\Users\JBNU\git\ConstraintsRecovery\assets\tankwar\asset9:IF:8-248,E92,E689,,FIELD_REFERENCE,C:\Users\JBNU\git\ConstraintsRecovery\assets\tankwar\asset14,110,G4,G4,TankWar_P1|TankWar_P2|TankWar_P3|TankWar_P4|TankWar_P5,TankWar_P1|TankWar_P2|TankWar_P3|TankWar_P4|TankWar_P5,UNKNOWN,UNKNOWN,0.600,0.200,LOW,NONE,RESOLVED_INTERNAL,TankWar_P1|TankWar_P2|TankWar_P3|TankWar_P4|TankWar_P5
D188,C:\Users\JBNU\git\ConstraintsRecovery\assets\tankwar\asset14:IF:8-384,C:\Users\JBNU\git\ConstraintsRecovery\assets\tankwar\asset9:IF:8-248,E92,E689,,FIELD_REFERENCE,C:\Users\JBNU\git\ConstraintsRecovery\assets\tankwar\asset14,111,G4,G4,TankWar_P1|TankWar_P2|TankWar_P3|TankWar_P4|TankWar_P5,TankWar_P1|TankWar_P2|TankWar_P3|TankWar_P4|TankWar_P5,UNKNOWN,UNKNOWN,0.600,0.200,LOW,NONE,RESOLVED_INTERNAL,TankWar_P1|TankWar_P2|TankWar_P3|TankWar_P4|TankWar_P5
D189,C:\Users\JBNU\git\ConstraintsRecovery\assets\tankwar\asset14:IF:8-384,C:\Users\JBNU\git\ConstraintsRecovery\assets\tankwar\asset14:IF:8-384,E92,E69,,FIELD_REFERENCE,C:\Users\JBNU\git\ConstraintsRecovery\assets\tankwar\asset14,111,G4,G4,TankWar_P1|TankWar_P2|TankWar_P3|TankWar_P4|TankWar_P5,TankWar_P1|TankWar_P2|TankWar_P3|TankWar_P4|TankWar_P5,UNKNOWN,UNKNOWN,0.600,0.200,LOW,INTRA_BLOCK,RESOLVED_INTERNAL,TankWar_P1|TankWar_P2|TankWar_P3|TankWar_P4|TankWar_P5
D190,C:\Users\JBNU\git\ConstraintsRecovery\assets\tankwar\asset14:IF:8-384,C:\Users\JBNU\git\ConstraintsRecovery\assets\tankwar\asset14:IF:8-384,E93,E70,,FIELD_REFERENCE,C:\Users\JBNU\git\ConstraintsRecovery\assets\tankwar\asset14,114,G4,G4,TankWar_P1|TankWar_P2|TankWar_P3|TankWar_P4|TankWar_P5,TankWar_P1|TankWar_P2|TankWar_P3|TankWar_P4|TankWar_P5,UNKNOWN,UNKNOWN,0.600,0.200,LOW,INTRA_BLOCK,RESOLVED_INTERNAL,TankWar_P1|TankWar_P2|TankWar_P3|TankWar_P4|TankWar_P5
D191,C:\Users\JBNU\git\ConstraintsRecovery\assets\tankwar\asset14:IF:8-384,C:\Users\JBNU\git\ConstraintsRecovery\assets\tankwar\asset14:IF:8-384,E93,E70,,FIELD_REFERENCE,C:\Users\JBNU\git\ConstraintsRecovery\assets\tankwar\asset14,115,G4,G4,TankWar_P1|TankWar_P2|TankWar_P3|TankWar_P4|TankWar_P5,TankWar_P1|TankWar_P2|TankWar_P3|TankWar_P4|TankWar_P5,UNKNOWN,UNKNOWN,0.600,0.200,LOW,INTRA_BLOCK,RESOLVED_INTERNAL,TankWar_P1|TankWar_P2|TankWar_P3|TankWar_P4|TankWar_P5
D192,C:\Users\JBNU\git\ConstraintsRecovery\assets\tankwar\asset14:IF:8-384,C:\Users\JBNU\git\ConstraintsRecovery\assets\tankwar\asset14:IF:8-384,E93,E87,,FIELD_REFERENCE,C:\Users\JBNU\git\ConstraintsRecovery\assets\tankwar\asset14,115,G4,G4,TankWar_P1|TankWar_P2|TankWar_P3|TankWar_P4|TankWar_P5,TankWar_P1|TankWar_P2|TankWar_P3|TankWar_P4|TankWar_P5,UNKNOWN,UNKNOWN,0.600,0.200,LOW,INTRA_BLOCK,RESOLVED_INTERNAL,TankWar_P1|TankWar_P2|TankWar_P3|TankWar_P4|TankWar_P5
D193,C:\Users\JBNU\git\ConstraintsRecovery\assets\tankwar\asset14:IF:8-384,C:\Users\JBNU\git\ConstraintsRecovery\assets\tankwar\asset14:IF:8-384,E93,E85,,FIELD_REFERENCE,C:\Users\JBNU\git\ConstraintsRecovery\assets\tankwar\asset14,117,G4,G4,TankWar_P1|TankWar_P2|TankWar_P3|TankWar_P4|TankWar_P5,TankWar_P1|TankWar_P2|TankWar_P3|TankWar_P4|TankWar_P5,UNKNOWN,UNKNOWN,0.600,0.200,LOW,INTRA_BLOCK,RESOLVED_INTERNAL,TankWar_P1|TankWar_P2|TankWar_P3|TankWar_P4|TankWar_P5
D194,C:\Users\JBNU\git\ConstraintsRecovery\assets\tankwar\asset14:IF:8-384,C:\Users\JBNU\git\ConstraintsRecovery\assets\tankwar\asset14:IF:8-384,E93,E71,,FIELD_REFERENCE,C:\Users\JBNU\git\ConstraintsRecovery\assets\tankwar\asset14,118,G4,G4,TankWar_P1|TankWar_P2|TankWar_P3|TankWar_P4|TankWar_P5,TankWar_P1|TankWar_P2|TankWar_P3|TankWar_P4|TankWar_P5,UNKNOWN,UNKNOWN,0.600,0.200,LOW,INTRA_BLOCK,RESOLVED_INTERNAL,TankWar_P1|TankWar_P2|TankWar_P3|TankWar_P4|TankWar_P5
D195,C:\Users\JBNU\git\ConstraintsRecovery\assets\tankwar\asset14:IF:8-384,C:\Users\JBNU\git\ConstraintsRecovery\assets\tankwar\asset14:IF:8-384,E93,E87,,FIELD_REFERENCE,C:\Users\JBNU\git\ConstraintsRecovery\assets\tankwar\asset14,118,G4,G4,TankWar_P1|TankWar_P2|TankWar_P3|TankWar_P4|TankWar_P5,TankWar_P1|TankWar_P2|TankWar_P3|TankWar_P4|TankWar_P5,UNKNOWN,UNKNOWN,0.600,0.200,LOW,INTRA_BLOCK,RESOLVED_INTERNAL,TankWar_P1|TankWar_P2|TankWar_P3|TankWar_P4|TankWar_P5
D196,C:\Users\JBNU\git\ConstraintsRecovery\assets\tankwar\asset14:IF:8-384,C:\Users\JBNU\git\ConstraintsRecovery\assets\tankwar\asset14:IF:8-384,E93,E72,,FIELD_REFERENCE,C:\Users\JBNU\git\ConstraintsRecovery\assets\tankwar\asset14,119,G4,G4,TankWar_P1|TankWar_P2|TankWar_P3|TankWar_P4|TankWar_P5,TankWar_P1|TankWar_P2|TankWar_P3|TankWar_P4|TankWar_P5,UNKNOWN,UNKNOWN,0.600,0.200,LOW,INTRA_BLOCK,RESOLVED_INTERNAL,TankWar_P1|TankWar_P2|TankWar_P3|TankWar_P4|TankWar_P5
D197,C:\Users\JBNU\git\ConstraintsRecovery\assets\tankwar\asset14:IF:8-384,C:\Users\JBNU\git\ConstraintsRecovery\assets\tankwar\asset14:IF:8-384,E93,E87,,FIELD_REFERENCE,C:\Users\JBNU\git\ConstraintsRecovery\assets\tankwar\asset14,119,G4,G4,TankWar_P1|TankWar_P2|TankWar_P3|TankWar_P4|TankWar_P5,TankWar_P1|TankWar_P2|TankWar_P3|TankWar_P4|TankWar_P5,UNKNOWN,UNKNOWN,0.600,0.200,LOW,INTRA_BLOCK,RESOLVED_INTERNAL,TankWar_P1|TankWar_P2|TankWar_P3|TankWar_P4|TankWar_P5
D198,C:\Users\JBNU\git\ConstraintsRecovery\assets\tankwar\asset14:IF:8-384,C:\Users\JBNU\git\ConstraintsRecovery\assets\tankwar\asset14:IF:8-384,E93,E87,,FIELD_REFERENCE,C:\Users\JBNU\git\ConstraintsRecovery\assets\tankwar\asset14,121,G4,G4,TankWar_P1|TankWar_P2|TankWar_P3|TankWar_P4|TankWar_P5,TankWar_P1|TankWar_P2|TankWar_P3|TankWar_P4|TankWar_P5,UNKNOWN,UNKNOWN,0.600,0.200,LOW,INTRA_BLOCK,RESOLVED_INTERNAL,TankWar_P1|TankWar_P2|TankWar_P3|TankWar_P4|TankWar_P5
D199,C:\Users\JBNU\git\ConstraintsRecovery\assets\tankwar\asset14:IF:8-384,C:\Users\JBNU\git\ConstraintsRecovery\assets\tankwar\asset14:IF:8-384,E93,E79,,FIELD_REFERENCE,C:\Users\JBNU\git\ConstraintsRecovery\assets\tankwar\asset14,123,G4,G4,TankWar_P1|TankWar_P2|TankWar_P3|TankWar_P4|TankWar_P5,TankWar_P1|TankWar_P2|TankWar_P3|TankWar_P4|TankWar_P5,UNKNOWN,UNKNOWN,0.600,0.200,LOW,INTRA_BLOCK,RESOLVED_INTERNAL,TankWar_P1|TankWar_P2|TankWar_P3|TankWar_P4|TankWar_P5
D200,C:\Users\JBNU\git\ConstraintsRecovery\assets\tankwar\asset14:IF:8-384,C:\Users\JBNU\git\ConstraintsRecovery\assets\tankwar\asset14:IF:8-384,E93,E99,,METHOD_CALL,C:\Users\JBNU\git\ConstraintsRecovery\assets\tankwar\asset14,124,G4,G4,TankWar_P1|TankWar_P2|TankWar_P3|TankWar_P4|TankWar_P5,TankWar_P1|TankWar_P2|TankWar_P3|TankWar_P4|TankWar_P5,UNKNOWN,UNKNOWN,0.750,0.200,LOW,INTRA_BLOCK,RESOLVED_INTERNAL,TankWar_P1|TankWar_P2|TankWar_P3|TankWar_P4|TankWar_P5
D201,C:\Users\JBNU\git\ConstraintsRecovery\assets\tankwar\asset14:IF:8-384,C:\Users\JBNU\git\ConstraintsRecovery\assets\tankwar\asset14:IF:8-384,E93,E78,,FIELD_REFERENCE,C:\Users\JBNU\git\ConstraintsRecovery\assets\tankwar\asset14,126,G4,G4,TankWar_P1|TankWar_P2|TankWar_P3|TankWar_P4|TankWar_P5,TankWar_P1|TankWar_P2|TankWar_P3|TankWar_P4|TankWar_P5,UNKNOWN,UNKNOWN,0.600,0.200,LOW,INTRA_BLOCK,RESOLVED_INTERNAL,TankWar_P1|TankWar_P2|TankWar_P3|TankWar_P4|TankWar_P5
D202,C:\Users\JBNU\git\ConstraintsRecovery\assets\tankwar\asset14:IF:8-384,C:\Users\JBNU\git\ConstraintsRecovery\assets\tankwar\asset14:IF:8-384,E93,E87,,FIELD_REFERENCE,C:\Users\JBNU\git\ConstraintsRecovery\assets\tankwar\asset14,127,G4,G4,TankWar_P1|TankWar_P2|TankWar_P3|TankWar_P4|TankWar_P5,TankWar_P1|TankWar_P2|TankWar_P3|TankWar_P4|TankWar_P5,UNKNOWN,UNKNOWN,0.600,0.200,LOW,INTRA_BLOCK,RESOLVED_INTERNAL,TankWar_P1|TankWar_P2|TankWar_P3|TankWar_P4|TankWar_P5
D203,C:\Users\JBNU\git\ConstraintsRecovery\assets\tankwar\asset14:IF:8-384,C:\Users\JBNU\git\ConstraintsRecovery\assets\tankwar\asset14:IF:8-384,E93,E87,,FIELD_REFERENCE,C:\Users\JBNU\git\ConstraintsRecovery\assets\tankwar\asset14,129,G4,G4,TankWar_P1|TankWar_P2|TankWar_P3|TankWar_P4|TankWar_P5,TankWar_P1|TankWar_P2|TankWar_P3|TankWar_P4|TankWar_P5,UNKNOWN,UNKNOWN,0.600,0.200,LOW,INTRA_BLOCK,RESOLVED_INTERNAL,TankWar_P1|TankWar_P2|TankWar_P3|TankWar_P4|TankWar_P5
D204,C:\Users\JBNU\git\ConstraintsRecovery\assets\tankwar\asset14:IF:8-384,C:\Users\JBNU\git\ConstraintsRecovery\assets\tankwar\asset14:IF:8-384,E93,E100,,METHOD_CALL,C:\Users\JBNU\git\ConstraintsRecovery\assets\tankwar\asset14,129,G4,G4,TankWar_P1|TankWar_P2|TankWar_P3|TankWar_P4|TankWar_P5,TankWar_P1|TankWar_P2|TankWar_P3|TankWar_P4|TankWar_P5,UNKNOWN,UNKNOWN,0.750,0.200,LOW,INTRA_BLOCK,RESOLVED_INTERNAL,TankWar_P1|TankWar_P2|TankWar_P3|TankWar_P4|TankWar_P5
D205,C:\Users\JBNU\git\ConstraintsRecovery\assets\tankwar\asset14:IF:8-384,C:\Users\JBNU\git\ConstraintsRecovery\assets\tankwar\asset14:IF:8-384,E93,E94,,METHOD_CALL,C:\Users\JBNU\git\ConstraintsRecovery\assets\tankwar\asset14,130,G4,G4,TankWar_P1|TankWar_P2|TankWar_P3|TankWar_P4|TankWar_P5,TankWar_P1|TankWar_P2|TankWar_P3|TankWar_P4|TankWar_P5,UNKNOWN,UNKNOWN,0.750,0.200,LOW,INTRA_BLOCK,RESOLVED_INTERNAL,TankWar_P1|TankWar_P2|TankWar_P3|TankWar_P4|TankWar_P5
D206,C:\Users\JBNU\git\ConstraintsRecovery\assets\tankwar\asset14:IF:8-384,C:\Users\JBNU\git\ConstraintsRecovery\assets\tankwar\asset2:IF:8-332,E94,E241,,METHOD_CALL,C:\Users\JBNU\git\ConstraintsRecovery\assets\tankwar\asset14,133,G4,G4,TankWar_P1|TankWar_P2|TankWar_P3|TankWar_P4|TankWar_P5,TankWar_P1|TankWar_P2|TankWar_P3|TankWar_P4|TankWar_P5,UNKNOWN,UNKNOWN,0.750,0.200,LOW,NONE,RESOLVED_INTERNAL,TankWar_P1|TankWar_P2|TankWar_P3|TankWar_P4|TankWar_P5
D207,C:\Users\JBNU\git\ConstraintsRecovery\assets\tankwar\asset14:IF:8-384,C:\Users\JBNU\git\ConstraintsRecovery\assets\tankwar\asset2:IF:8-332,E94,E243,,METHOD_CALL,C:\Users\JBNU\git\ConstraintsRecovery\assets\tankwar\asset14,134,G4,G4,TankWar_P1|TankWar_P2|TankWar_P3|TankWar_P4|TankWar_P5,TankWar_P1|TankWar_P2|TankWar_P3|TankWar_P4|TankWar_P5,UNKNOWN,UNKNOWN,0.750,0.200,LOW,NONE,RESOLVED_INTERNAL,TankWar_P1|TankWar_P2|TankWar_P3|TankWar_P4|TankWar_P5
D208,C:\Users\JBNU\git\ConstraintsRecovery\assets\tankwar\asset14:IF:8-384,C:\Users\JBNU\git\ConstraintsRecovery\assets\tankwar\asset14:IF:8-384,E94,E95,,METHOD_CALL,C:\Users\JBNU\git\ConstraintsRecovery\assets\tankwar\asset14,135,G4,G4,TankWar_P1|TankWar_P2|TankWar_P3|TankWar_P4|TankWar_P5,TankWar_P1|TankWar_P2|TankWar_P3|TankWar_P4|TankWar_P5,UNKNOWN,UNKNOWN,0.750,0.200,LOW,INTRA_BLOCK,RESOLVED_INTERNAL,TankWar_P1|TankWar_P2|TankWar_P3|TankWar_P4|TankWar_P5
D209,C:\Users\JBNU\git\ConstraintsRecovery\assets\tankwar\asset14:IF:8-384,C:\Users\JBNU\git\ConstraintsRecovery\assets\tankwar\asset14:IF:8-384,E95,E89,,FIELD_REFERENCE,C:\Users\JBNU\git\ConstraintsRecovery\assets\tankwar\asset14,139,G4,G4,TankWar_P1|TankWar_P2|TankWar_P3|TankWar_P4|TankWar_P5,TankWar_P1|TankWar_P2|TankWar_P3|TankWar_P4|TankWar_P5,UNKNOWN,UNKNOWN,0.600,0.200,LOW,INTRA_BLOCK,RESOLVED_INTERNAL,TankWar_P1|TankWar_P2|TankWar_P3|TankWar_P4|TankWar_P5
D210,C:\Users\JBNU\git\ConstraintsRecovery\assets\tankwar\asset14:IF:8-384,C:\Users\JBNU\git\ConstraintsRecovery\assets\tankwar\asset2:IF:8-332,E95,E241,,METHOD_CALL,C:\Users\JBNU\git\ConstraintsRecovery\assets\tankwar\asset14,141,G4,G4,TankWar_P1|TankWar_P2|TankWar_P3|TankWar_P4|TankWar_P5,TankWar_P1|TankWar_P2|TankWar_P3|TankWar_P4|TankWar_P5,UNKNOWN,UNKNOWN,0.750,0.200,LOW,NONE,RESOLVED_INTERNAL,TankWar_P1|TankWar_P2|TankWar_P3|TankWar_P4|TankWar_P5
D211,C:\Users\JBNU\git\ConstraintsRecovery\assets\tankwar\asset14:IF:8-384,C:\Users\JBNU\git\ConstraintsRecovery\assets\tankwar\asset2:IF:8-332,E95,E244,,METHOD_CALL,C:\Users\JBNU\git\ConstraintsRecovery\assets\tankwar\asset14,142,G4,G4,TankWar_P1|TankWar_P2|TankWar_P3|TankWar_P4|TankWar_P5,TankWar_P1|TankWar_P2|TankWar_P3|TankWar_P4|TankWar_P5,UNKNOWN,UNKNOWN,0.750,0.200,LOW,NONE,RESOLVED_INTERNAL,TankWar_P1|TankWar_P2|TankWar_P3|TankWar_P4|TankWar_P5
D212,C:\Users\JBNU\git\ConstraintsRecovery\assets\tankwar\asset14:IF:8-384,C:\Users\JBNU\git\ConstraintsRecovery\assets\tankwar\asset2:IF:8-332,E95,E241,,METHOD_CALL,C:\Users\JBNU\git\ConstraintsRecovery\assets\tankwar\asset14,145,G4,G4,TankWar_P1|TankWar_P2|TankWar_P3|TankWar_P4|TankWar_P5,TankWar_P1|TankWar_P2|TankWar_P3|TankWar_P4|TankWar_P5,UNKNOWN,UNKNOWN,0.750,0.200,LOW,NONE,RESOLVED_INTERNAL,TankWar_P1|TankWar_P2|TankWar_P3|TankWar_P4|TankWar_P5
D213,C:\Users\JBNU\git\ConstraintsRecovery\assets\tankwar\asset14:IF:8-384,C:\Users\JBNU\git\ConstraintsRecovery\assets\tankwar\asset2:IF:8-332,E95,E244,,METHOD_CALL,C:\Users\JBNU\git\ConstraintsRecovery\assets\tankwar\asset14,146,G4,G4,TankWar_P1|TankWar_P2|TankWar_P3|TankWar_P4|TankWar_P5,TankWar_P1|TankWar_P2|TankWar_P3|TankWar_P4|TankWar_P5,UNKNOWN,UNKNOWN,0.750,0.200,LOW,NONE,RESOLVED_INTERNAL,TankWar_P1|TankWar_P2|TankWar_P3|TankWar_P4|TankWar_P5
D214,C:\Users\JBNU\git\ConstraintsRecovery\assets\tankwar\asset14:IF:8-384,C:\Users\JBNU\git\ConstraintsRecovery\assets\tankwar\asset2:IF:8-332,E95,E241,,METHOD_CALL,C:\Users\JBNU\git\ConstraintsRecovery\assets\tankwar\asset14,149,G4,G4,TankWar_P1|TankWar_P2|TankWar_P3|TankWar_P4|TankWar_P5,TankWar_P1|TankWar_P2|TankWar_P3|TankWar_P4|TankWar_P5,UNKNOWN,UNKNOWN,0.750,0.200,LOW,NONE,RESOLVED_INTERNAL,TankWar_P1|TankWar_P2|TankWar_P3|TankWar_P4|TankWar_P5
D216,C:\Users\JBNU\git\ConstraintsRecovery\assets\tankwar\asset14:IF:8-384,C:\Users\JBNU\git\ConstraintsRecovery\assets\tankwar\asset2:IF:8-332,E95,E244,,METHOD_CALL,C:\Users\JBNU\git\ConstraintsRecovery\assets\tankwar\asset14,150,G4,G4,TankWar_P1|TankWar_P2|TankWar_P3|TankWar_P4|TankWar_P5,TankWar_P1|TankWar_P2|TankWar_P3|TankWar_P4|TankWar_P5,UNKNOWN,UNKNOWN,0.750,0.200,LOW,NONE,RESOLVED_INTERNAL,TankWar_P1|TankWar_P2|TankWar_P3|TankWar_P4|TankWar_P5
D217,C:\Users\JBNU\git\ConstraintsRecovery\assets\tankwar\asset14:IF:8-384,C:\Users\JBNU\git\ConstraintsRecovery\assets\tankwar\asset2:IF:8-332,E95,E241,,METHOD_CALL,C:\Users\JBNU\git\ConstraintsRecovery\assets\tankwar\asset14,153,G4,G4,TankWar_P1|TankWar_P2|TankWar_P3|TankWar_P4|TankWar_P5,TankWar_P1|TankWar_P2|TankWar_P3|TankWar_P4|TankWar_P5,UNKNOWN,UNKNOWN,0.750,0.200,LOW,NONE,RESOLVED_INTERNAL,TankWar_P1|TankWar_P2|TankWar_P3|TankWar_P4|TankWar_P5
D218,C:\Users\JBNU\git\ConstraintsRecovery\assets\tankwar\asset14:IF:8-384,C:\Users\JBNU\git\ConstraintsRecovery\assets\tankwar\asset2:IF:8-332,E95,E244,,METHOD_CALL,C:\Users\JBNU\git\ConstraintsRecovery\assets\tankwar\asset14,154,G4,G4,TankWar_P1|TankWar_P2|TankWar_P3|TankWar_P4|TankWar_P5,TankWar_P1|TankWar_P2|TankWar_P3|TankWar_P4|TankWar_P5,UNKNOWN,UNKNOWN,0.750,0.200,LOW,NONE,RESOLVED_INTERNAL,TankWar_P1|TankWar_P2|TankWar_P3|TankWar_P4|TankWar_P5
D219,C:\Users\JBNU\git\ConstraintsRecovery\assets\tankwar\asset14:IF:8-384,C:\Users\JBNU\git\ConstraintsRecovery\assets\tankwar\asset14:IF:8-384,E96,E83,,FIELD_REFERENCE,C:\Users\JBNU\git\ConstraintsRecovery\assets\tankwar\asset14,161,G4,G4,TankWar_P1|TankWar_P2|TankWar_P3|TankWar_P4|TankWar_P5,TankWar_P1|TankWar_P2|TankWar_P3|TankWar_P4|TankWar_P5,UNKNOWN,UNKNOWN,0.600,0.200,LOW,INTRA_BLOCK,RESOLVED_INTERNAL,TankWar_P1|TankWar_P2|TankWar_P3|TankWar_P4|TankWar_P5
D220,C:\Users\JBNU\git\ConstraintsRecovery\assets\tankwar\asset14:IF:8-384,C:\Users\JBNU\git\ConstraintsRecovery\assets\tankwar\asset14:IF:8-384,E96,E80,,FIELD_REFERENCE,C:\Users\JBNU\git\ConstraintsRecovery\assets\tankwar\asset14,162,G4,G4,TankWar_P1|TankWar_P2|TankWar_P3|TankWar_P4|TankWar_P5,TankWar_P1|TankWar_P2|TankWar_P3|TankWar_P4|TankWar_P5,UNKNOWN,UNKNOWN,0.600,0.200,LOW,INTRA_BLOCK,RESOLVED_INTERNAL,TankWar_P1|TankWar_P2|TankWar_P3|TankWar_P4|TankWar_P5
D221,C:\Users\JBNU\git\ConstraintsRecovery\assets\tankwar\asset14:IF:8-384,C:\Users\JBNU\git\ConstraintsRecovery\assets\tankwar\asset14:IF:8-384,E96,E81,,FIELD_REFERENCE,C:\Users\JBNU\git\ConstraintsRecovery\assets\tankwar\asset14,163,G4,G4,TankWar_P1|TankWar_P2|TankWar_P3|TankWar_P4|TankWar_P5,TankWar_P1|TankWar_P2|TankWar_P3|TankWar_P4|TankWar_P5,UNKNOWN,UNKNOWN,0.600,0.200,LOW,INTRA_BLOCK,RESOLVED_INTERNAL,TankWar_P1|TankWar_P2|TankWar_P3|TankWar_P4|TankWar_P5
D222,C:\Users\JBNU\git\ConstraintsRecovery\assets\tankwar\asset14:IF:8-384,C:\Users\JBNU\git\ConstraintsRecovery\assets\tankwar\asset14:IF:8-384,E96,E82,,FIELD_REFERENCE,C:\Users\JBNU\git\ConstraintsRecovery\assets\tankwar\asset14,164,G4,G4,TankWar_P1|TankWar_P2|TankWar_P3|TankWar_P4|TankWar_P5,TankWar_P1|TankWar_P2|TankWar_P3|TankWar_P4|TankWar_P5,UNKNOWN,UNKNOWN,0.600,0.200,LOW,INTRA_BLOCK,RESOLVED_INTERNAL,TankWar_P1|TankWar_P2|TankWar_P3|TankWar_P4|TankWar_P5
D223,C:\Users\JBNU\git\ConstraintsRecovery\assets\tankwar\asset14:IF:8-384,C:\Users\JBNU\git\ConstraintsRecovery\assets\tankwar\asset14:IF:8-384,E96,E83,,FIELD_REFERENCE,C:\Users\JBNU\git\ConstraintsRecovery\assets\tankwar\asset14,167,G4,G4,TankWar_P1|TankWar_P2|TankWar_P3|TankWar_P4|TankWar_P5,TankWar_P1|TankWar_P2|TankWar_P3|TankWar_P4|TankWar_P5,UNKNOWN,UNKNOWN,0.600,0.200,LOW,INTRA_BLOCK,RESOLVED_INTERNAL,TankWar_P1|TankWar_P2|TankWar_P3|TankWar_P4|TankWar_P5
D224,C:\Users\JBNU\git\ConstraintsRecovery\assets\tankwar\asset14:IF:8-384,C:\Users\JBNU\git\ConstraintsRecovery\assets\tankwar\asset14:IF:8-384,E96,E80,,FIELD_REFERENCE,C:\Users\JBNU\git\ConstraintsRecovery\assets\tankwar\asset14,168,G4,G4,TankWar_P1|TankWar_P2|TankWar_P3|TankWar_P4|TankWar_P5,TankWar_P1|TankWar_P2|TankWar_P3|TankWar_P4|TankWar_P5,UNKNOWN,UNKNOWN,0.600,0.200,LOW,INTRA_BLOCK,RESOLVED_INTERNAL,TankWar_P1|TankWar_P2|TankWar_P3|TankWar_P4|TankWar_P5
D225,C:\Users\JBNU\git\ConstraintsRecovery\assets\tankwar\asset14:IF:8-384,C:\Users\JBNU\git\ConstraintsRecovery\assets\tankwar\asset14:IF:8-384,E96,E81,,FIELD_REFERENCE,C:\Users\JBNU\git\ConstraintsRecovery\assets\tankwar\asset14,169,G4,G4,TankWar_P1|TankWar_P2|TankWar_P3|TankWar_P4|TankWar_P5,TankWar_P1|TankWar_P2|TankWar_P3|TankWar_P4|TankWar_P5,UNKNOWN,UNKNOWN,0.600,0.200,LOW,INTRA_BLOCK,RESOLVED_INTERNAL,TankWar_P1|TankWar_P2|TankWar_P3|TankWar_P4|TankWar_P5
D226,C:\Users\JBNU\git\ConstraintsRecovery\assets\tankwar\asset14:IF:8-384,C:\Users\JBNU\git\ConstraintsRecovery\assets\tankwar\asset14:IF:8-384,E96,E82,,FIELD_REFERENCE,C:\Users\JBNU\git\ConstraintsRecovery\assets\tankwar\asset14,170,G4,G4,TankWar_P1|TankWar_P2|TankWar_P3|TankWar_P4|TankWar_P5,TankWar_P1|TankWar_P2|TankWar_P3|TankWar_P4|TankWar_P5,UNKNOWN,UNKNOWN,0.600,0.200,LOW,INTRA_BLOCK,RESOLVED_INTERNAL,TankWar_P1|TankWar_P2|TankWar_P3|TankWar_P4|TankWar_P5
D227,C:\Users\JBNU\git\ConstraintsRecovery\assets\tankwar\asset14:IF:8-384,C:\Users\JBNU\git\ConstraintsRecovery\assets\tankwar\asset14:IF:8-384,E96,E83,,FIELD_REFERENCE,C:\Users\JBNU\git\ConstraintsRecovery\assets\tankwar\asset14,173,G4,G4,TankWar_P1|TankWar_P2|TankWar_P3|TankWar_P4|TankWar_P5,TankWar_P1|TankWar_P2|TankWar_P3|TankWar_P4|TankWar_P5,UNKNOWN,UNKNOWN,0.600,0.200,LOW,INTRA_BLOCK,RESOLVED_INTERNAL,TankWar_P1|TankWar_P2|TankWar_P3|TankWar_P4|TankWar_P5
D228,C:\Users\JBNU\git\ConstraintsRecovery\assets\tankwar\asset14:IF:8-384,C:\Users\JBNU\git\ConstraintsRecovery\assets\tankwar\asset14:IF:8-384,E96,E80,,FIELD_REFERENCE,C:\Users\JBNU\git\ConstraintsRecovery\assets\tankwar\asset14,174,G4,G4,TankWar_P1|TankWar_P2|TankWar_P3|TankWar_P4|TankWar_P5,TankWar_P1|TankWar_P2|TankWar_P3|TankWar_P4|TankWar_P5,UNKNOWN,UNKNOWN,0.600,0.200,LOW,INTRA_BLOCK,RESOLVED_INTERNAL,TankWar_P1|TankWar_P2|TankWar_P3|TankWar_P4|TankWar_P5
D229,C:\Users\JBNU\git\ConstraintsRecovery\assets\tankwar\asset14:IF:8-384,C:\Users\JBNU\git\ConstraintsRecovery\assets\tankwar\asset14:IF:8-384,E96,E81,,FIELD_REFERENCE,C:\Users\JBNU\git\ConstraintsRecovery\assets\tankwar\asset14,175,G4,G4,TankWar_P1|TankWar_P2|TankWar_P3|TankWar_P4|TankWar_P5,TankWar_P1|TankWar_P2|TankWar_P3|TankWar_P4|TankWar_P5,UNKNOWN,UNKNOWN,0.600,0.200,LOW,INTRA_BLOCK,RESOLVED_INTERNAL,TankWar_P1|TankWar_P2|TankWar_P3|TankWar_P4|TankWar_P5
D230,C:\Users\JBNU\git\ConstraintsRecovery\assets\tankwar\asset14:IF:8-384,C:\Users\JBNU\git\ConstraintsRecovery\assets\tankwar\asset14:IF:8-384,E96,E82,,FIELD_REFERENCE,C:\Users\JBNU\git\ConstraintsRecovery\assets\tankwar\asset14,176,G4,G4,TankWar_P1|TankWar_P2|TankWar_P3|TankWar_P4|TankWar_P5,TankWar_P1|TankWar_P2|TankWar_P3|TankWar_P4|TankWar_P5,UNKNOWN,UNKNOWN,0.600,0.200,LOW,INTRA_BLOCK,RESOLVED_INTERNAL,TankWar_P1|TankWar_P2|TankWar_P3|TankWar_P4|TankWar_P5
D231,C:\Users\JBNU\git\ConstraintsRecovery\assets\tankwar\asset14:IF:8-384,C:\Users\JBNU\git\ConstraintsRecovery\assets\tankwar\asset14:IF:8-384,E96,E83,,FIELD_REFERENCE,C:\Users\JBNU\git\ConstraintsRecovery\assets\tankwar\asset14,179,G4,G4,TankWar_P1|TankWar_P2|TankWar_P3|TankWar_P4|TankWar_P5,TankWar_P1|TankWar_P2|TankWar_P3|TankWar_P4|TankWar_P5,UNKNOWN,UNKNOWN,0.600,0.200,LOW,INTRA_BLOCK,RESOLVED_INTERNAL,TankWar_P1|TankWar_P2|TankWar_P3|TankWar_P4|TankWar_P5
D232,C:\Users\JBNU\git\ConstraintsRecovery\assets\tankwar\asset14:IF:8-384,C:\Users\JBNU\git\ConstraintsRecovery\assets\tankwar\asset14:IF:8-384,E96,E80,,FIELD_REFERENCE,C:\Users\JBNU\git\ConstraintsRecovery\assets\tankwar\asset14,180,G4,G4,TankWar_P1|TankWar_P2|TankWar_P3|TankWar_P4|TankWar_P5,TankWar_P1|TankWar_P2|TankWar_P3|TankWar_P4|TankWar_P5,UNKNOWN,UNKNOWN,0.600,0.200,LOW,INTRA_BLOCK,RESOLVED_INTERNAL,TankWar_P1|TankWar_P2|TankWar_P3|TankWar_P4|TankWar_P5
D233,C:\Users\JBNU\git\ConstraintsRecovery\assets\tankwar\asset14:IF:8-384,C:\Users\JBNU\git\ConstraintsRecovery\assets\tankwar\asset14:IF:8-384,E96,E81,,FIELD_REFERENCE,C:\Users\JBNU\git\ConstraintsRecovery\assets\tankwar\asset14,181,G4,G4,TankWar_P1|TankWar_P2|TankWar_P3|TankWar_P4|TankWar_P5,TankWar_P1|TankWar_P2|TankWar_P3|TankWar_P4|TankWar_P5,UNKNOWN,UNKNOWN,0.600,0.200,LOW,INTRA_BLOCK,RESOLVED_INTERNAL,TankWar_P1|TankWar_P2|TankWar_P3|TankWar_P4|TankWar_P5
D234,C:\Users\JBNU\git\ConstraintsRecovery\assets\tankwar\asset14:IF:8-384,C:\Users\JBNU\git\ConstraintsRecovery\assets\tankwar\asset14:IF:8-384,E96,E82,,FIELD_REFERENCE,C:\Users\JBNU\git\ConstraintsRecovery\assets\tankwar\asset14,182,G4,G4,TankWar_P1|TankWar_P2|TankWar_P3|TankWar_P4|TankWar_P5,TankWar_P1|TankWar_P2|TankWar_P3|TankWar_P4|TankWar_P5,UNKNOWN,UNKNOWN,0.600,0.200,LOW,INTRA_BLOCK,RESOLVED_INTERNAL,TankWar_P1|TankWar_P2|TankWar_P3|TankWar_P4|TankWar_P5
D235,C:\Users\JBNU\git\ConstraintsRecovery\assets\tankwar\asset14:IF:8-384,C:\Users\JBNU\git\ConstraintsRecovery\assets\tankwar\asset14:IF:8-384,E96,E79,,FIELD_REFERENCE,C:\Users\JBNU\git\ConstraintsRecovery\assets\tankwar\asset14,185,G4,G4,TankWar_P1|TankWar_P2|TankWar_P3|TankWar_P4|TankWar_P5,TankWar_P1|TankWar_P2|TankWar_P3|TankWar_P4|TankWar_P5,UNKNOWN,UNKNOWN,0.600,0.200,LOW,INTRA_BLOCK,RESOLVED_INTERNAL,TankWar_P1|TankWar_P2|TankWar_P3|TankWar_P4|TankWar_P5
D236,C:\Users\JBNU\git\ConstraintsRecovery\assets\tankwar\asset14:IF:8-384,C:\Users\JBNU\git\ConstraintsRecovery\assets\tankwar\asset14:IF:8-384,E96,E98,,METHOD_CALL,C:\Users\JBNU\git\ConstraintsRecovery\assets\tankwar\asset14,188,G4,G4,TankWar_P1|TankWar_P2|TankWar_P3|TankWar_P4|TankWar_P5,TankWar_P1|TankWar_P2|TankWar_P3|TankWar_P4|TankWar_P5,UNKNOWN,UNKNOWN,0.750,0.200,LOW,INTRA_BLOCK,RESOLVED_INTERNAL,TankWar_P1|TankWar_P2|TankWar_P3|TankWar_P4|TankWar_P5
D237,C:\Users\JBNU\git\ConstraintsRecovery\assets\tankwar\asset14:IF:8-384,C:\Users\JBNU\git\ConstraintsRecovery\assets\tankwar\asset14:IF:8-384,E97,E83,,FIELD_REFERENCE,C:\Users\JBNU\git\ConstraintsRecovery\assets\tankwar\asset14,193,G4,G4,TankWar_P1|TankWar_P2|TankWar_P3|TankWar_P4|TankWar_P5,TankWar_P1|TankWar_P2|TankWar_P3|TankWar_P4|TankWar_P5,UNKNOWN,UNKNOWN,0.600,0.200,LOW,INTRA_BLOCK,RESOLVED_INTERNAL,TankWar_P1|TankWar_P2|TankWar_P3|TankWar_P4|TankWar_P5
D238,C:\Users\JBNU\git\ConstraintsRecovery\assets\tankwar\asset14:IF:8-384,C:\Users\JBNU\git\ConstraintsRecovery\assets\tankwar\asset14:IF:8-384,E97,E80,,FIELD_REFERENCE,C:\Users\JBNU\git\ConstraintsRecovery\assets\tankwar\asset14,196,G4,G4,TankWar_P1|TankWar_P2|TankWar_P3|TankWar_P4|TankWar_P5,TankWar_P1|TankWar_P2|TankWar_P3|TankWar_P4|TankWar_P5,UNKNOWN,UNKNOWN,0.600,0.200,LOW,INTRA_BLOCK,RESOLVED_INTERNAL,TankWar_P1|TankWar_P2|TankWar_P3|TankWar_P4|TankWar_P5
D239,C:\Users\JBNU\git\ConstraintsRecovery\assets\tankwar\asset14:IF:8-384,C:\Users\JBNU\git\ConstraintsRecovery\assets\tankwar\asset14:IF:8-384,E97,E81,,FIELD_REFERENCE,C:\Users\JBNU\git\ConstraintsRecovery\assets\tankwar\asset14,199,G4,G4,TankWar_P1|TankWar_P2|TankWar_P3|TankWar_P4|TankWar_P5,TankWar_P1|TankWar_P2|TankWar_P3|TankWar_P4|TankWar_P5,UNKNOWN,UNKNOWN,0.600,0.200,LOW,INTRA_BLOCK,RESOLVED_INTERNAL,TankWar_P1|TankWar_P2|TankWar_P3|TankWar_P4|TankWar_P5
D240,C:\Users\JBNU\git\ConstraintsRecovery\assets\tankwar\asset14:IF:8-384,C:\Users\JBNU\git\ConstraintsRecovery\assets\tankwar\asset14:IF:8-384,E97,E82,,FIELD_REFERENCE,C:\Users\JBNU\git\ConstraintsRecovery\assets\tankwar\asset14,202,G4,G4,TankWar_P1|TankWar_P2|TankWar_P3|TankWar_P4|TankWar_P5,TankWar_P1|TankWar_P2|TankWar_P3|TankWar_P4|TankWar_P5,UNKNOWN,UNKNOWN,0.600,0.200,LOW,INTRA_BLOCK,RESOLVED_INTERNAL,TankWar_P1|TankWar_P2|TankWar_P3|TankWar_P4|TankWar_P5
D241,C:\Users\JBNU\git\ConstraintsRecovery\assets\tankwar\asset14:IF:8-384,C:\Users\JBNU\git\ConstraintsRecovery\assets\tankwar\asset14:IF:8-384,E97,E79,,FIELD_REFERENCE,C:\Users\JBNU\git\ConstraintsRecovery\assets\tankwar\asset14,205,G4,G4,TankWar_P1|TankWar_P2|TankWar_P3|TankWar_P4|TankWar_P5,TankWar_P1|TankWar_P2|TankWar_P3|TankWar_P4|TankWar_P5,UNKNOWN,UNKNOWN,0.600,0.200,LOW,INTRA_BLOCK,RESOLVED_INTERNAL,TankWar_P1|TankWar_P2|TankWar_P3|TankWar_P4|TankWar_P5
D242,C:\Users\JBNU\git\ConstraintsRecovery\assets\tankwar\asset14:IF:8-384,C:\Users\JBNU\git\ConstraintsRecovery\assets\tankwar\asset14:IF:8-384,E97,E98,,METHOD_CALL,C:\Users\JBNU\git\ConstraintsRecovery\assets\tankwar\asset14,208,G4,G4,TankWar_P1|TankWar_P2|TankWar_P3|TankWar_P4|TankWar_P5,TankWar_P1|TankWar_P2|TankWar_P3|TankWar_P4|TankWar_P5,UNKNOWN,UNKNOWN,0.750,0.200,LOW,INTRA_BLOCK,RESOLVED_INTERNAL,TankWar_P1|TankWar_P2|TankWar_P3|TankWar_P4|TankWar_P5
D243,C:\Users\JBNU\git\ConstraintsRecovery\assets\tankwar\asset14:IF:8-384,C:\Users\JBNU\git\ConstraintsRecovery\assets\tankwar\asset14:IF:8-384,E98,E80,,FIELD_REFERENCE,C:\Users\JBNU\git\ConstraintsRecovery\assets\tankwar\asset14,211,G4,G4,TankWar_P1|TankWar_P2|TankWar_P3|TankWar_P4|TankWar_P5,TankWar_P1|TankWar_P2|TankWar_P3|TankWar_P4|TankWar_P5,UNKNOWN,UNKNOWN,0.600,0.200,LOW,INTRA_BLOCK,RESOLVED_INTERNAL,TankWar_P1|TankWar_P2|TankWar_P3|TankWar_P4|TankWar_P5
D244,C:\Users\JBNU\git\ConstraintsRecovery\assets\tankwar\asset14:IF:8-384,C:\Users\JBNU\git\ConstraintsRecovery\assets\tankwar\asset14:IF:8-384,E98,E81,,FIELD_REFERENCE,C:\Users\JBNU\git\ConstraintsRecovery\assets\tankwar\asset14,211,G4,G4,TankWar_P1|TankWar_P2|TankWar_P3|TankWar_P4|TankWar_P5,TankWar_P1|TankWar_P2|TankWar_P3|TankWar_P4|TankWar_P5,UNKNOWN,UNKNOWN,0.600,0.200,LOW,INTRA_BLOCK,RESOLVED_INTERNAL,TankWar_P1|TankWar_P2|TankWar_P3|TankWar_P4|TankWar_P5
D245,C:\Users\JBNU\git\ConstraintsRecovery\assets\tankwar\asset14:IF:8-384,C:\Users\JBNU\git\ConstraintsRecovery\assets\tankwar\asset14:IF:8-384,E98,E82,,FIELD_REFERENCE,C:\Users\JBNU\git\ConstraintsRecovery\assets\tankwar\asset14,211,G4,G4,TankWar_P1|TankWar_P2|TankWar_P3|TankWar_P4|TankWar_P5,TankWar_P1|TankWar_P2|TankWar_P3|TankWar_P4|TankWar_P5,UNKNOWN,UNKNOWN,0.600,0.200,LOW,INTRA_BLOCK,RESOLVED_INTERNAL,TankWar_P1|TankWar_P2|TankWar_P3|TankWar_P4|TankWar_P5
D246,C:\Users\JBNU\git\ConstraintsRecovery\assets\tankwar\asset14:IF:8-384,C:\Users\JBNU\git\ConstraintsRecovery\assets\tankwar\asset14:IF:8-384,E98,E83,,FIELD_REFERENCE,C:\Users\JBNU\git\ConstraintsRecovery\assets\tankwar\asset14,211,G4,G4,TankWar_P1|TankWar_P2|TankWar_P3|TankWar_P4|TankWar_P5,TankWar_P1|TankWar_P2|TankWar_P3|TankWar_P4|TankWar_P5,UNKNOWN,UNKNOWN,0.600,0.200,LOW,INTRA_BLOCK,RESOLVED_INTERNAL,TankWar_P1|TankWar_P2|TankWar_P3|TankWar_P4|TankWar_P5
D247,C:\Users\JBNU\git\ConstraintsRecovery\assets\tankwar\asset14:IF:8-384,C:\Users\JBNU\git\ConstraintsRecovery\assets\tankwar\asset14:IF:8-384,E98,E90,,FIELD_REFERENCE,C:\Users\JBNU\git\ConstraintsRecovery\assets\tankwar\asset14,212,G4,G4,TankWar_P1|TankWar_P2|TankWar_P3|TankWar_P4|TankWar_P5,TankWar_P1|TankWar_P2|TankWar_P3|TankWar_P4|TankWar_P5,UNKNOWN,UNKNOWN,0.600,0.200,LOW,INTRA_BLOCK,RESOLVED_INTERNAL,TankWar_P1|TankWar_P2|TankWar_P3|TankWar_P4|TankWar_P5
D248,C:\Users\JBNU\git\ConstraintsRecovery\assets\tankwar\asset14:IF:8-384,C:\Users\JBNU\git\ConstraintsRecovery\assets\tankwar\asset14:IF:8-384,E98,E80,,FIELD_REFERENCE,C:\Users\JBNU\git\ConstraintsRecovery\assets\tankwar\asset14,213,G4,G4,TankWar_P1|TankWar_P2|TankWar_P3|TankWar_P4|TankWar_P5,TankWar_P1|TankWar_P2|TankWar_P3|TankWar_P4|TankWar_P5,UNKNOWN,UNKNOWN,0.600,0.200,LOW,INTRA_BLOCK,RESOLVED_INTERNAL,TankWar_P1|TankWar_P2|TankWar_P3|TankWar_P4|TankWar_P5
D249,C:\Users\JBNU\git\ConstraintsRecovery\assets\tankwar\asset14:IF:8-384,C:\Users\JBNU\git\ConstraintsRecovery\assets\tankwar\asset14:IF:8-384,E98,E81,,FIELD_REFERENCE,C:\Users\JBNU\git\ConstraintsRecovery\assets\tankwar\asset14,213,G4,G4,TankWar_P1|TankWar_P2|TankWar_P3|TankWar_P4|TankWar_P5,TankWar_P1|TankWar_P2|TankWar_P3|TankWar_P4|TankWar_P5,UNKNOWN,UNKNOWN,0.600,0.200,LOW,INTRA_BLOCK,RESOLVED_INTERNAL,TankWar_P1|TankWar_P2|TankWar_P3|TankWar_P4|TankWar_P5
D250,C:\Users\JBNU\git\ConstraintsRecovery\assets\tankwar\asset14:IF:8-384,C:\Users\JBNU\git\ConstraintsRecovery\assets\tankwar\asset14:IF:8-384,E98,E82,,FIELD_REFERENCE,C:\Users\JBNU\git\ConstraintsRecovery\assets\tankwar\asset14,213,G4,G4,TankWar_P1|TankWar_P2|TankWar_P3|TankWar_P4|TankWar_P5,TankWar_P1|TankWar_P2|TankWar_P3|TankWar_P4|TankWar_P5,UNKNOWN,UNKNOWN,0.600,0.200,LOW,INTRA_BLOCK,RESOLVED_INTERNAL,TankWar_P1|TankWar_P2|TankWar_P3|TankWar_P4|TankWar_P5
D251,C:\Users\JBNU\git\ConstraintsRecovery\assets\tankwar\asset14:IF:8-384,C:\Users\JBNU\git\ConstraintsRecovery\assets\tankwar\asset14:IF:8-384,E98,E83,,FIELD_REFERENCE,C:\Users\JBNU\git\ConstraintsRecovery\assets\tankwar\asset14,213,G4,G4,TankWar_P1|TankWar_P2|TankWar_P3|TankWar_P4|TankWar_P5,TankWar_P1|TankWar_P2|TankWar_P3|TankWar_P4|TankWar_P5,UNKNOWN,UNKNOWN,0.600,0.200,LOW,INTRA_BLOCK,RESOLVED_INTERNAL,TankWar_P1|TankWar_P2|TankWar_P3|TankWar_P4|TankWar_P5
D252,C:\Users\JBNU\git\ConstraintsRecovery\assets\tankwar\asset14:IF:8-384,C:\Users\JBNU\git\ConstraintsRecovery\assets\tankwar\asset14:IF:8-384,E98,E90,,FIELD_REFERENCE,C:\Users\JBNU\git\ConstraintsRecovery\assets\tankwar\asset14,214,G4,G4,TankWar_P1|TankWar_P2|TankWar_P3|TankWar_P4|TankWar_P5,TankWar_P1|TankWar_P2|TankWar_P3|TankWar_P4|TankWar_P5,UNKNOWN,UNKNOWN,0.600,0.200,LOW,INTRA_BLOCK,RESOLVED_INTERNAL,TankWar_P1|TankWar_P2|TankWar_P3|TankWar_P4|TankWar_P5
D253,C:\Users\JBNU\git\ConstraintsRecovery\assets\tankwar\asset14:IF:8-384,C:\Users\JBNU\git\ConstraintsRecovery\assets\tankwar\asset14:IF:8-384,E98,E80,,FIELD_REFERENCE,C:\Users\JBNU\git\ConstraintsRecovery\assets\tankwar\asset14,215,G4,G4,TankWar_P1|TankWar_P2|TankWar_P3|TankWar_P4|TankWar_P5,TankWar_P1|TankWar_P2|TankWar_P3|TankWar_P4|TankWar_P5,UNKNOWN,UNKNOWN,0.600,0.200,LOW,INTRA_BLOCK,RESOLVED_INTERNAL,TankWar_P1|TankWar_P2|TankWar_P3|TankWar_P4|TankWar_P5
D254,C:\Users\JBNU\git\ConstraintsRecovery\assets\tankwar\asset14:IF:8-384,C:\Users\JBNU\git\ConstraintsRecovery\assets\tankwar\asset14:IF:8-384,E98,E81,,FIELD_REFERENCE,C:\Users\JBNU\git\ConstraintsRecovery\assets\tankwar\asset14,215,G4,G4,TankWar_P1|TankWar_P2|TankWar_P3|TankWar_P4|TankWar_P5,TankWar_P1|TankWar_P2|TankWar_P3|TankWar_P4|TankWar_P5,UNKNOWN,UNKNOWN,0.600,0.200,LOW,INTRA_BLOCK,RESOLVED_INTERNAL,TankWar_P1|TankWar_P2|TankWar_P3|TankWar_P4|TankWar_P5
D255,C:\Users\JBNU\git\ConstraintsRecovery\assets\tankwar\asset14:IF:8-384,C:\Users\JBNU\git\ConstraintsRecovery\assets\tankwar\asset14:IF:8-384,E98,E82,,FIELD_REFERENCE,C:\Users\JBNU\git\ConstraintsRecovery\assets\tankwar\asset14,215,G4,G4,TankWar_P1|TankWar_P2|TankWar_P3|TankWar_P4|TankWar_P5,TankWar_P1|TankWar_P2|TankWar_P3|TankWar_P4|TankWar_P5,UNKNOWN,UNKNOWN,0.600,0.200,LOW,INTRA_BLOCK,RESOLVED_INTERNAL,TankWar_P1|TankWar_P2|TankWar_P3|TankWar_P4|TankWar_P5
D256,C:\Users\JBNU\git\ConstraintsRecovery\assets\tankwar\asset14:IF:8-384,C:\Users\JBNU\git\ConstraintsRecovery\assets\tankwar\asset14:IF:8-384,E98,E83,,FIELD_REFERENCE,C:\Users\JBNU\git\ConstraintsRecovery\assets\tankwar\asset14,215,G4,G4,TankWar_P1|TankWar_P2|TankWar_P3|TankWar_P4|TankWar_P5,TankWar_P1|TankWar_P2|TankWar_P3|TankWar_P4|TankWar_P5,UNKNOWN,UNKNOWN,0.600,0.200,LOW,INTRA_BLOCK,RESOLVED_INTERNAL,TankWar_P1|TankWar_P2|TankWar_P3|TankWar_P4|TankWar_P5
D257,C:\Users\JBNU\git\ConstraintsRecovery\assets\tankwar\asset14:IF:8-384,C:\Users\JBNU\git\ConstraintsRecovery\assets\tankwar\asset14:IF:8-384,E98,E90,,FIELD_REFERENCE,C:\Users\JBNU\git\ConstraintsRecovery\assets\tankwar\asset14,216,G4,G4,TankWar_P1|TankWar_P2|TankWar_P3|TankWar_P4|TankWar_P5,TankWar_P1|TankWar_P2|TankWar_P3|TankWar_P4|TankWar_P5,UNKNOWN,UNKNOWN,0.600,0.200,LOW,INTRA_BLOCK,RESOLVED_INTERNAL,TankWar_P1|TankWar_P2|TankWar_P3|TankWar_P4|TankWar_P5
D258,C:\Users\JBNU\git\ConstraintsRecovery\assets\tankwar\asset14:IF:8-384,C:\Users\JBNU\git\ConstraintsRecovery\assets\tankwar\asset14:IF:8-384,E98,E80,,FIELD_REFERENCE,C:\Users\JBNU\git\ConstraintsRecovery\assets\tankwar\asset14,217,G4,G4,TankWar_P1|TankWar_P2|TankWar_P3|TankWar_P4|TankWar_P5,TankWar_P1|TankWar_P2|TankWar_P3|TankWar_P4|TankWar_P5,UNKNOWN,UNKNOWN,0.600,0.200,LOW,INTRA_BLOCK,RESOLVED_INTERNAL,TankWar_P1|TankWar_P2|TankWar_P3|TankWar_P4|TankWar_P5
D259,C:\Users\JBNU\git\ConstraintsRecovery\assets\tankwar\asset14:IF:8-384,C:\Users\JBNU\git\ConstraintsRecovery\assets\tankwar\asset14:IF:8-384,E98,E81,,FIELD_REFERENCE,C:\Users\JBNU\git\ConstraintsRecovery\assets\tankwar\asset14,217,G4,G4,TankWar_P1|TankWar_P2|TankWar_P3|TankWar_P4|TankWar_P5,TankWar_P1|TankWar_P2|TankWar_P3|TankWar_P4|TankWar_P5,UNKNOWN,UNKNOWN,0.600,0.200,LOW,INTRA_BLOCK,RESOLVED_INTERNAL,TankWar_P1|TankWar_P2|TankWar_P3|TankWar_P4|TankWar_P5
D260,C:\Users\JBNU\git\ConstraintsRecovery\assets\tankwar\asset14:IF:8-384,C:\Users\JBNU\git\ConstraintsRecovery\assets\tankwar\asset14:IF:8-384,E98,E82,,FIELD_REFERENCE,C:\Users\JBNU\git\ConstraintsRecovery\assets\tankwar\asset14,217,G4,G4,TankWar_P1|TankWar_P2|TankWar_P3|TankWar_P4|TankWar_P5,TankWar_P1|TankWar_P2|TankWar_P3|TankWar_P4|TankWar_P5,UNKNOWN,UNKNOWN,0.600,0.200,LOW,INTRA_BLOCK,RESOLVED_INTERNAL,TankWar_P1|TankWar_P2|TankWar_P3|TankWar_P4|TankWar_P5
D261,C:\Users\JBNU\git\ConstraintsRecovery\assets\tankwar\asset14:IF:8-384,C:\Users\JBNU\git\ConstraintsRecovery\assets\tankwar\asset14:IF:8-384,E98,E83,,FIELD_REFERENCE,C:\Users\JBNU\git\ConstraintsRecovery\assets\tankwar\asset14,217,G4,G4,TankWar_P1|TankWar_P2|TankWar_P3|TankWar_P4|TankWar_P5,TankWar_P1|TankWar_P2|TankWar_P3|TankWar_P4|TankWar_P5,UNKNOWN,UNKNOWN,0.600,0.200,LOW,INTRA_BLOCK,RESOLVED_INTERNAL,TankWar_P1|TankWar_P2|TankWar_P3|TankWar_P4|TankWar_P5
D262,C:\Users\JBNU\git\ConstraintsRecovery\assets\tankwar\asset14:IF:8-384,C:\Users\JBNU\git\ConstraintsRecovery\assets\tankwar\asset14:IF:8-384,E98,E90,,FIELD_REFERENCE,C:\Users\JBNU\git\ConstraintsRecovery\assets\tankwar\asset14,218,G4,G4,TankWar_P1|TankWar_P2|TankWar_P3|TankWar_P4|TankWar_P5,TankWar_P1|TankWar_P2|TankWar_P3|TankWar_P4|TankWar_P5,UNKNOWN,UNKNOWN,0.600,0.200,LOW,INTRA_BLOCK,RESOLVED_INTERNAL,TankWar_P1|TankWar_P2|TankWar_P3|TankWar_P4|TankWar_P5
D263,C:\Users\JBNU\git\ConstraintsRecovery\assets\tankwar\asset14:IF:8-384,C:\Users\JBNU\git\ConstraintsRecovery\assets\tankwar\asset14:IF:8-384,E98,E80,,FIELD_REFERENCE,C:\Users\JBNU\git\ConstraintsRecovery\assets\tankwar\asset14,219,G4,G4,TankWar_P1|TankWar_P2|TankWar_P3|TankWar_P4|TankWar_P5,TankWar_P1|TankWar_P2|TankWar_P3|TankWar_P4|TankWar_P5,UNKNOWN,UNKNOWN,0.600,0.200,LOW,INTRA_BLOCK,RESOLVED_INTERNAL,TankWar_P1|TankWar_P2|TankWar_P3|TankWar_P4|TankWar_P5
D264,C:\Users\JBNU\git\ConstraintsRecovery\assets\tankwar\asset14:IF:8-384,C:\Users\JBNU\git\ConstraintsRecovery\assets\tankwar\asset14:IF:8-384,E98,E81,,FIELD_REFERENCE,C:\Users\JBNU\git\ConstraintsRecovery\assets\tankwar\asset14,219,G4,G4,TankWar_P1|TankWar_P2|TankWar_P3|TankWar_P4|TankWar_P5,TankWar_P1|TankWar_P2|TankWar_P3|TankWar_P4|TankWar_P5,UNKNOWN,UNKNOWN,0.600,0.200,LOW,INTRA_BLOCK,RESOLVED_INTERNAL,TankWar_P1|TankWar_P2|TankWar_P3|TankWar_P4|TankWar_P5
D265,C:\Users\JBNU\git\ConstraintsRecovery\assets\tankwar\asset14:IF:8-384,C:\Users\JBNU\git\ConstraintsRecovery\assets\tankwar\asset14:IF:8-384,E98,E82,,FIELD_REFERENCE,C:\Users\JBNU\git\ConstraintsRecovery\assets\tankwar\asset14,219,G4,G4,TankWar_P1|TankWar_P2|TankWar_P3|TankWar_P4|TankWar_P5,TankWar_P1|TankWar_P2|TankWar_P3|TankWar_P4|TankWar_P5,UNKNOWN,UNKNOWN,0.600,0.200,LOW,INTRA_BLOCK,RESOLVED_INTERNAL,TankWar_P1|TankWar_P2|TankWar_P3|TankWar_P4|TankWar_P5
D266,C:\Users\JBNU\git\ConstraintsRecovery\assets\tankwar\asset14:IF:8-384,C:\Users\JBNU\git\ConstraintsRecovery\assets\tankwar\asset14:IF:8-384,E98,E83,,FIELD_REFERENCE,C:\Users\JBNU\git\ConstraintsRecovery\assets\tankwar\asset14,219,G4,G4,TankWar_P1|TankWar_P2|TankWar_P3|TankWar_P4|TankWar_P5,TankWar_P1|TankWar_P2|TankWar_P3|TankWar_P4|TankWar_P5,UNKNOWN,UNKNOWN,0.600,0.200,LOW,INTRA_BLOCK,RESOLVED_INTERNAL,TankWar_P1|TankWar_P2|TankWar_P3|TankWar_P4|TankWar_P5
D267,C:\Users\JBNU\git\ConstraintsRecovery\assets\tankwar\asset14:IF:8-384,C:\Users\JBNU\git\ConstraintsRecovery\assets\tankwar\asset14:IF:8-384,E98,E90,,FIELD_REFERENCE,C:\Users\JBNU\git\ConstraintsRecovery\assets\tankwar\asset14,220,G4,G4,TankWar_P1|TankWar_P2|TankWar_P3|TankWar_P4|TankWar_P5,TankWar_P1|TankWar_P2|TankWar_P3|TankWar_P4|TankWar_P5,UNKNOWN,UNKNOWN,0.600,0.200,LOW,INTRA_BLOCK,RESOLVED_INTERNAL,TankWar_P1|TankWar_P2|TankWar_P3|TankWar_P4|TankWar_P5
D268,C:\Users\JBNU\git\ConstraintsRecovery\assets\tankwar\asset14:IF:8-384,C:\Users\JBNU\git\ConstraintsRecovery\assets\tankwar\asset14:IF:8-384,E98,E80,,FIELD_REFERENCE,C:\Users\JBNU\git\ConstraintsRecovery\assets\tankwar\asset14,221,G4,G4,TankWar_P1|TankWar_P2|TankWar_P3|TankWar_P4|TankWar_P5,TankWar_P1|TankWar_P2|TankWar_P3|TankWar_P4|TankWar_P5,UNKNOWN,UNKNOWN,0.600,0.200,LOW,INTRA_BLOCK,RESOLVED_INTERNAL,TankWar_P1|TankWar_P2|TankWar_P3|TankWar_P4|TankWar_P5
D269,C:\Users\JBNU\git\ConstraintsRecovery\assets\tankwar\asset14:IF:8-384,C:\Users\JBNU\git\ConstraintsRecovery\assets\tankwar\asset14:IF:8-384,E98,E81,,FIELD_REFERENCE,C:\Users\JBNU\git\ConstraintsRecovery\assets\tankwar\asset14,221,G4,G4,TankWar_P1|TankWar_P2|TankWar_P3|TankWar_P4|TankWar_P5,TankWar_P1|TankWar_P2|TankWar_P3|TankWar_P4|TankWar_P5,UNKNOWN,UNKNOWN,0.600,0.200,LOW,INTRA_BLOCK,RESOLVED_INTERNAL,TankWar_P1|TankWar_P2|TankWar_P3|TankWar_P4|TankWar_P5
D270,C:\Users\JBNU\git\ConstraintsRecovery\assets\tankwar\asset14:IF:8-384,C:\Users\JBNU\git\ConstraintsRecovery\assets\tankwar\asset14:IF:8-384,E98,E82,,FIELD_REFERENCE,C:\Users\JBNU\git\ConstraintsRecovery\assets\tankwar\asset14,221,G4,G4,TankWar_P1|TankWar_P2|TankWar_P3|TankWar_P4|TankWar_P5,TankWar_P1|TankWar_P2|TankWar_P3|TankWar_P4|TankWar_P5,UNKNOWN,UNKNOWN,0.600,0.200,LOW,INTRA_BLOCK,RESOLVED_INTERNAL,TankWar_P1|TankWar_P2|TankWar_P3|TankWar_P4|TankWar_P5
D271,C:\Users\JBNU\git\ConstraintsRecovery\assets\tankwar\asset14:IF:8-384,C:\Users\JBNU\git\ConstraintsRecovery\assets\tankwar\asset14:IF:8-384,E98,E83,,FIELD_REFERENCE,C:\Users\JBNU\git\ConstraintsRecovery\assets\tankwar\asset14,221,G4,G4,TankWar_P1|TankWar_P2|TankWar_P3|TankWar_P4|TankWar_P5,TankWar_P1|TankWar_P2|TankWar_P3|TankWar_P4|TankWar_P5,UNKNOWN,UNKNOWN,0.600,0.200,LOW,INTRA_BLOCK,RESOLVED_INTERNAL,TankWar_P1|TankWar_P2|TankWar_P3|TankWar_P4|TankWar_P5
D272,C:\Users\JBNU\git\ConstraintsRecovery\assets\tankwar\asset14:IF:8-384,C:\Users\JBNU\git\ConstraintsRecovery\assets\tankwar\asset14:IF:8-384,E98,E90,,FIELD_REFERENCE,C:\Users\JBNU\git\ConstraintsRecovery\assets\tankwar\asset14,222,G4,G4,TankWar_P1|TankWar_P2|TankWar_P3|TankWar_P4|TankWar_P5,TankWar_P1|TankWar_P2|TankWar_P3|TankWar_P4|TankWar_P5,UNKNOWN,UNKNOWN,0.600,0.200,LOW,INTRA_BLOCK,RESOLVED_INTERNAL,TankWar_P1|TankWar_P2|TankWar_P3|TankWar_P4|TankWar_P5
D273,C:\Users\JBNU\git\ConstraintsRecovery\assets\tankwar\asset14:IF:8-384,C:\Users\JBNU\git\ConstraintsRecovery\assets\tankwar\asset14:IF:8-384,E98,E80,,FIELD_REFERENCE,C:\Users\JBNU\git\ConstraintsRecovery\assets\tankwar\asset14,223,G4,G4,TankWar_P1|TankWar_P2|TankWar_P3|TankWar_P4|TankWar_P5,TankWar_P1|TankWar_P2|TankWar_P3|TankWar_P4|TankWar_P5,UNKNOWN,UNKNOWN,0.600,0.200,LOW,INTRA_BLOCK,RESOLVED_INTERNAL,TankWar_P1|TankWar_P2|TankWar_P3|TankWar_P4|TankWar_P5
D274,C:\Users\JBNU\git\ConstraintsRecovery\assets\tankwar\asset14:IF:8-384,C:\Users\JBNU\git\ConstraintsRecovery\assets\tankwar\asset14:IF:8-384,E98,E81,,FIELD_REFERENCE,C:\Users\JBNU\git\ConstraintsRecovery\assets\tankwar\asset14,223,G4,G4,TankWar_P1|TankWar_P2|TankWar_P3|TankWar_P4|TankWar_P5,TankWar_P1|TankWar_P2|TankWar_P3|TankWar_P4|TankWar_P5,UNKNOWN,UNKNOWN,0.600,0.200,LOW,INTRA_BLOCK,RESOLVED_INTERNAL,TankWar_P1|TankWar_P2|TankWar_P3|TankWar_P4|TankWar_P5
D275,C:\Users\JBNU\git\ConstraintsRecovery\assets\tankwar\asset14:IF:8-384,C:\Users\JBNU\git\ConstraintsRecovery\assets\tankwar\asset14:IF:8-384,E98,E82,,FIELD_REFERENCE,C:\Users\JBNU\git\ConstraintsRecovery\assets\tankwar\asset14,223,G4,G4,TankWar_P1|TankWar_P2|TankWar_P3|TankWar_P4|TankWar_P5,TankWar_P1|TankWar_P2|TankWar_P3|TankWar_P4|TankWar_P5,UNKNOWN,UNKNOWN,0.600,0.200,LOW,INTRA_BLOCK,RESOLVED_INTERNAL,TankWar_P1|TankWar_P2|TankWar_P3|TankWar_P4|TankWar_P5
D276,C:\Users\JBNU\git\ConstraintsRecovery\assets\tankwar\asset14:IF:8-384,C:\Users\JBNU\git\ConstraintsRecovery\assets\tankwar\asset14:IF:8-384,E98,E83,,FIELD_REFERENCE,C:\Users\JBNU\git\ConstraintsRecovery\assets\tankwar\asset14,223,G4,G4,TankWar_P1|TankWar_P2|TankWar_P3|TankWar_P4|TankWar_P5,TankWar_P1|TankWar_P2|TankWar_P3|TankWar_P4|TankWar_P5,UNKNOWN,UNKNOWN,0.600,0.200,LOW,INTRA_BLOCK,RESOLVED_INTERNAL,TankWar_P1|TankWar_P2|TankWar_P3|TankWar_P4|TankWar_P5
D277,C:\Users\JBNU\git\ConstraintsRecovery\assets\tankwar\asset14:IF:8-384,C:\Users\JBNU\git\ConstraintsRecovery\assets\tankwar\asset14:IF:8-384,E98,E90,,FIELD_REFERENCE,C:\Users\JBNU\git\ConstraintsRecovery\assets\tankwar\asset14,224,G4,G4,TankWar_P1|TankWar_P2|TankWar_P3|TankWar_P4|TankWar_P5,TankWar_P1|TankWar_P2|TankWar_P3|TankWar_P4|TankWar_P5,UNKNOWN,UNKNOWN,0.600,0.200,LOW,INTRA_BLOCK,RESOLVED_INTERNAL,TankWar_P1|TankWar_P2|TankWar_P3|TankWar_P4|TankWar_P5
D278,C:\Users\JBNU\git\ConstraintsRecovery\assets\tankwar\asset14:IF:8-384,C:\Users\JBNU\git\ConstraintsRecovery\assets\tankwar\asset14:IF:8-384,E98,E80,,FIELD_REFERENCE,C:\Users\JBNU\git\ConstraintsRecovery\assets\tankwar\asset14,225,G4,G4,TankWar_P1|TankWar_P2|TankWar_P3|TankWar_P4|TankWar_P5,TankWar_P1|TankWar_P2|TankWar_P3|TankWar_P4|TankWar_P5,UNKNOWN,UNKNOWN,0.600,0.200,LOW,INTRA_BLOCK,RESOLVED_INTERNAL,TankWar_P1|TankWar_P2|TankWar_P3|TankWar_P4|TankWar_P5
D279,C:\Users\JBNU\git\ConstraintsRecovery\assets\tankwar\asset14:IF:8-384,C:\Users\JBNU\git\ConstraintsRecovery\assets\tankwar\asset14:IF:8-384,E98,E81,,FIELD_REFERENCE,C:\Users\JBNU\git\ConstraintsRecovery\assets\tankwar\asset14,225,G4,G4,TankWar_P1|TankWar_P2|TankWar_P3|TankWar_P4|TankWar_P5,TankWar_P1|TankWar_P2|TankWar_P3|TankWar_P4|TankWar_P5,UNKNOWN,UNKNOWN,0.600,0.200,LOW,INTRA_BLOCK,RESOLVED_INTERNAL,TankWar_P1|TankWar_P2|TankWar_P3|TankWar_P4|TankWar_P5
D280,C:\Users\JBNU\git\ConstraintsRecovery\assets\tankwar\asset14:IF:8-384,C:\Users\JBNU\git\ConstraintsRecovery\assets\tankwar\asset14:IF:8-384,E98,E82,,FIELD_REFERENCE,C:\Users\JBNU\git\ConstraintsRecovery\assets\tankwar\asset14,225,G4,G4,TankWar_P1|TankWar_P2|TankWar_P3|TankWar_P4|TankWar_P5,TankWar_P1|TankWar_P2|TankWar_P3|TankWar_P4|TankWar_P5,UNKNOWN,UNKNOWN,0.600,0.200,LOW,INTRA_BLOCK,RESOLVED_INTERNAL,TankWar_P1|TankWar_P2|TankWar_P3|TankWar_P4|TankWar_P5
D281,C:\Users\JBNU\git\ConstraintsRecovery\assets\tankwar\asset14:IF:8-384,C:\Users\JBNU\git\ConstraintsRecovery\assets\tankwar\asset14:IF:8-384,E98,E83,,FIELD_REFERENCE,C:\Users\JBNU\git\ConstraintsRecovery\assets\tankwar\asset14,225,G4,G4,TankWar_P1|TankWar_P2|TankWar_P3|TankWar_P4|TankWar_P5,TankWar_P1|TankWar_P2|TankWar_P3|TankWar_P4|TankWar_P5,UNKNOWN,UNKNOWN,0.600,0.200,LOW,INTRA_BLOCK,RESOLVED_INTERNAL,TankWar_P1|TankWar_P2|TankWar_P3|TankWar_P4|TankWar_P5
D282,C:\Users\JBNU\git\ConstraintsRecovery\assets\tankwar\asset14:IF:8-384,C:\Users\JBNU\git\ConstraintsRecovery\assets\tankwar\asset14:IF:8-384,E98,E90,,FIELD_REFERENCE,C:\Users\JBNU\git\ConstraintsRecovery\assets\tankwar\asset14,226,G4,G4,TankWar_P1|TankWar_P2|TankWar_P3|TankWar_P4|TankWar_P5,TankWar_P1|TankWar_P2|TankWar_P3|TankWar_P4|TankWar_P5,UNKNOWN,UNKNOWN,0.600,0.200,LOW,INTRA_BLOCK,RESOLVED_INTERNAL,TankWar_P1|TankWar_P2|TankWar_P3|TankWar_P4|TankWar_P5
D283,C:\Users\JBNU\git\ConstraintsRecovery\assets\tankwar\asset14:IF:8-384,C:\Users\JBNU\git\ConstraintsRecovery\assets\tankwar\asset14:IF:8-384,E98,E80,,FIELD_REFERENCE,C:\Users\JBNU\git\ConstraintsRecovery\assets\tankwar\asset14,227,G4,G4,TankWar_P1|TankWar_P2|TankWar_P3|TankWar_P4|TankWar_P5,TankWar_P1|TankWar_P2|TankWar_P3|TankWar_P4|TankWar_P5,UNKNOWN,UNKNOWN,0.600,0.200,LOW,INTRA_BLOCK,RESOLVED_INTERNAL,TankWar_P1|TankWar_P2|TankWar_P3|TankWar_P4|TankWar_P5
D284,C:\Users\JBNU\git\ConstraintsRecovery\assets\tankwar\asset14:IF:8-384,C:\Users\JBNU\git\ConstraintsRecovery\assets\tankwar\asset14:IF:8-384,E98,E81,,FIELD_REFERENCE,C:\Users\JBNU\git\ConstraintsRecovery\assets\tankwar\asset14,227,G4,G4,TankWar_P1|TankWar_P2|TankWar_P3|TankWar_P4|TankWar_P5,TankWar_P1|TankWar_P2|TankWar_P3|TankWar_P4|TankWar_P5,UNKNOWN,UNKNOWN,0.600,0.200,LOW,INTRA_BLOCK,RESOLVED_INTERNAL,TankWar_P1|TankWar_P2|TankWar_P3|TankWar_P4|TankWar_P5
D285,C:\Users\JBNU\git\ConstraintsRecovery\assets\tankwar\asset14:IF:8-384,C:\Users\JBNU\git\ConstraintsRecovery\assets\tankwar\asset14:IF:8-384,E98,E82,,FIELD_REFERENCE,C:\Users\JBNU\git\ConstraintsRecovery\assets\tankwar\asset14,227,G4,G4,TankWar_P1|TankWar_P2|TankWar_P3|TankWar_P4|TankWar_P5,TankWar_P1|TankWar_P2|TankWar_P3|TankWar_P4|TankWar_P5,UNKNOWN,UNKNOWN,0.600,0.200,LOW,INTRA_BLOCK,RESOLVED_INTERNAL,TankWar_P1|TankWar_P2|TankWar_P3|TankWar_P4|TankWar_P5
D286,C:\Users\JBNU\git\ConstraintsRecovery\assets\tankwar\asset14:IF:8-384,C:\Users\JBNU\git\ConstraintsRecovery\assets\tankwar\asset14:IF:8-384,E98,E83,,FIELD_REFERENCE,C:\Users\JBNU\git\ConstraintsRecovery\assets\tankwar\asset14,227,G4,G4,TankWar_P1|TankWar_P2|TankWar_P3|TankWar_P4|TankWar_P5,TankWar_P1|TankWar_P2|TankWar_P3|TankWar_P4|TankWar_P5,UNKNOWN,UNKNOWN,0.600,0.200,LOW,INTRA_BLOCK,RESOLVED_INTERNAL,TankWar_P1|TankWar_P2|TankWar_P3|TankWar_P4|TankWar_P5
D287,C:\Users\JBNU\git\ConstraintsRecovery\assets\tankwar\asset14:IF:8-384,C:\Users\JBNU\git\ConstraintsRecovery\assets\tankwar\asset14:IF:8-384,E98,E90,,FIELD_REFERENCE,C:\Users\JBNU\git\ConstraintsRecovery\assets\tankwar\asset14,228,G4,G4,TankWar_P1|TankWar_P2|TankWar_P3|TankWar_P4|TankWar_P5,TankWar_P1|TankWar_P2|TankWar_P3|TankWar_P4|TankWar_P5,UNKNOWN,UNKNOWN,0.600,0.200,LOW,INTRA_BLOCK,RESOLVED_INTERNAL,TankWar_P1|TankWar_P2|TankWar_P3|TankWar_P4|TankWar_P5
D288,C:\Users\JBNU\git\ConstraintsRecovery\assets\tankwar\asset14:IF:8-384,C:\Users\JBNU\git\ConstraintsRecovery\assets\tankwar\asset14:IF:8-384,E99,E70,,FIELD_REFERENCE,C:\Users\JBNU\git\ConstraintsRecovery\assets\tankwar\asset14,231,G4,G4,TankWar_P1|TankWar_P2|TankWar_P3|TankWar_P4|TankWar_P5,TankWar_P1|TankWar_P2|TankWar_P3|TankWar_P4|TankWar_P5,UNKNOWN,UNKNOWN,0.600,0.200,LOW,INTRA_BLOCK,RESOLVED_INTERNAL,TankWar_P1|TankWar_P2|TankWar_P3|TankWar_P4|TankWar_P5
D289,C:\Users\JBNU\git\ConstraintsRecovery\assets\tankwar\asset14:IF:8-384,C:\Users\JBNU\git\ConstraintsRecovery\assets\tankwar\asset14:IF:8-384,E99,E74,,FIELD_REFERENCE,C:\Users\JBNU\git\ConstraintsRecovery\assets\tankwar\asset14,231,G4,G4,TankWar_P1|TankWar_P2|TankWar_P3|TankWar_P4|TankWar_P5,TankWar_P1|TankWar_P2|TankWar_P3|TankWar_P4|TankWar_P5,UNKNOWN,UNKNOWN,0.600,0.200,LOW,INTRA_BLOCK,RESOLVED_INTERNAL,TankWar_P1|TankWar_P2|TankWar_P3|TankWar_P4|TankWar_P5
D290,C:\Users\JBNU\git\ConstraintsRecovery\assets\tankwar\asset14:IF:8-384,C:\Users\JBNU\git\ConstraintsRecovery\assets\tankwar\asset14:IF:8-384,E99,E75,,FIELD_REFERENCE,C:\Users\JBNU\git\ConstraintsRecovery\assets\tankwar\asset14,231,G4,G4,TankWar_P1|TankWar_P2|TankWar_P3|TankWar_P4|TankWar_P5,TankWar_P1|TankWar_P2|TankWar_P3|TankWar_P4|TankWar_P5,UNKNOWN,UNKNOWN,0.600,0.200,LOW,INTRA_BLOCK,RESOLVED_INTERNAL,TankWar_P1|TankWar_P2|TankWar_P3|TankWar_P4|TankWar_P5
D291,C:\Users\JBNU\git\ConstraintsRecovery\assets\tankwar\asset14:IF:8-384,C:\Users\JBNU\git\ConstraintsRecovery\assets\tankwar\asset9:IF:8-248,E99,E696,,FIELD_REFERENCE,C:\Users\JBNU\git\ConstraintsRecovery\assets\tankwar\asset14,232,G4,G4,TankWar_P1|TankWar_P2|TankWar_P3|TankWar_P4|TankWar_P5,TankWar_P1|TankWar_P2|TankWar_P3|TankWar_P4|TankWar_P5,UNKNOWN,UNKNOWN,0.600,0.200,LOW,NONE,RESOLVED_INTERNAL,TankWar_P1|TankWar_P2|TankWar_P3|TankWar_P4|TankWar_P5
D292,C:\Users\JBNU\git\ConstraintsRecovery\assets\tankwar\asset14:IF:8-384,C:\Users\JBNU\git\ConstraintsRecovery\assets\tankwar\asset14:IF:8-384,E99,E73,,FIELD_REFERENCE,C:\Users\JBNU\git\ConstraintsRecovery\assets\tankwar\asset14,232,G4,G4,TankWar_P1|TankWar_P2|TankWar_P3|TankWar_P4|TankWar_P5,TankWar_P1|TankWar_P2|TankWar_P3|TankWar_P4|TankWar_P5,UNKNOWN,UNKNOWN,0.600,0.200,LOW,INTRA_BLOCK,RESOLVED_INTERNAL,TankWar_P1|TankWar_P2|TankWar_P3|TankWar_P4|TankWar_P5
D293,C:\Users\JBNU\git\ConstraintsRecovery\assets\tankwar\asset14:IF:8-384,C:\Users\JBNU\git\ConstraintsRecovery\assets\tankwar\asset14:IF:8-384,E99,E85,,FIELD_REFERENCE,C:\Users\JBNU\git\ConstraintsRecovery\assets\tankwar\asset14,232,G4,G4,TankWar_P1|TankWar_P2|TankWar_P3|TankWar_P4|TankWar_P5,TankWar_P1|TankWar_P2|TankWar_P3|TankWar_P4|TankWar_P5,UNKNOWN,UNKNOWN,0.600,0.200,LOW,INTRA_BLOCK,RESOLVED_INTERNAL,TankWar_P1|TankWar_P2|TankWar_P3|TankWar_P4|TankWar_P5
D294,C:\Users\JBNU\git\ConstraintsRecovery\assets\tankwar\asset14:IF:8-384,C:\Users\JBNU\git\ConstraintsRecovery\assets\tankwar\asset14:IF:8-384,E99,E89,,FIELD_REFERENCE,C:\Users\JBNU\git\ConstraintsRecovery\assets\tankwar\asset14,232,G4,G4,TankWar_P1|TankWar_P2|TankWar_P3|TankWar_P4|TankWar_P5,TankWar_P1|TankWar_P2|TankWar_P3|TankWar_P4|TankWar_P5,UNKNOWN,UNKNOWN,0.600,0.200,LOW,INTRA_BLOCK,RESOLVED_INTERNAL,TankWar_P1|TankWar_P2|TankWar_P3|TankWar_P4|TankWar_P5
D295,C:\Users\JBNU\git\ConstraintsRecovery\assets\tankwar\asset14:IF:8-384,C:\Users\JBNU\git\ConstraintsRecovery\assets\tankwar\asset14:IF:8-384,E99,E70,,FIELD_REFERENCE,C:\Users\JBNU\git\ConstraintsRecovery\assets\tankwar\asset14,233,G4,G4,TankWar_P1|TankWar_P2|TankWar_P3|TankWar_P4|TankWar_P5,TankWar_P1|TankWar_P2|TankWar_P3|TankWar_P4|TankWar_P5,UNKNOWN,UNKNOWN,0.600,0.200,LOW,INTRA_BLOCK,RESOLVED_INTERNAL,TankWar_P1|TankWar_P2|TankWar_P3|TankWar_P4|TankWar_P5
D296,C:\Users\JBNU\git\ConstraintsRecovery\assets\tankwar\asset14:IF:8-384,C:\Users\JBNU\git\ConstraintsRecovery\assets\tankwar\asset14:IF:8-384,E99,E74,,FIELD_REFERENCE,C:\Users\JBNU\git\ConstraintsRecovery\assets\tankwar\asset14,233,G4,G4,TankWar_P1|TankWar_P2|TankWar_P3|TankWar_P4|TankWar_P5,TankWar_P1|TankWar_P2|TankWar_P3|TankWar_P4|TankWar_P5,UNKNOWN,UNKNOWN,0.600,0.200,LOW,INTRA_BLOCK,RESOLVED_INTERNAL,TankWar_P1|TankWar_P2|TankWar_P3|TankWar_P4|TankWar_P5
D297,C:\Users\JBNU\git\ConstraintsRecovery\assets\tankwar\asset14:IF:8-384,C:\Users\JBNU\git\ConstraintsRecovery\assets\tankwar\asset9:IF:8-248,E100,E689,,FIELD_REFERENCE,C:\Users\JBNU\git\ConstraintsRecovery\assets\tankwar\asset14,237,G4,G4,TankWar_P1|TankWar_P2|TankWar_P3|TankWar_P4|TankWar_P5,TankWar_P1|TankWar_P2|TankWar_P3|TankWar_P4|TankWar_P5,UNKNOWN,UNKNOWN,0.600,0.200,LOW,NONE,RESOLVED_INTERNAL,TankWar_P1|TankWar_P2|TankWar_P3|TankWar_P4|TankWar_P5
D298,C:\Users\JBNU\git\ConstraintsRecovery\assets\tankwar\asset14:IF:8-384,C:\Users\JBNU\git\ConstraintsRecovery\assets\tankwar\asset9:IF:8-248,E100,E689,,FIELD_REFERENCE,C:\Users\JBNU\git\ConstraintsRecovery\assets\tankwar\asset14,238,G4,G4,TankWar_P1|TankWar_P2|TankWar_P3|TankWar_P4|TankWar_P5,TankWar_P1|TankWar_P2|TankWar_P3|TankWar_P4|TankWar_P5,UNKNOWN,UNKNOWN,0.600,0.200,LOW,NONE,RESOLVED_INTERNAL,TankWar_P1|TankWar_P2|TankWar_P3|TankWar_P4|TankWar_P5
D299,C:\Users\JBNU\git\ConstraintsRecovery\assets\tankwar\asset14:IF:8-384,C:\Users\JBNU\git\ConstraintsRecovery\assets\tankwar\asset9:IF:8-248,E100,E689,,FIELD_REFERENCE,C:\Users\JBNU\git\ConstraintsRecovery\assets\tankwar\asset14,239,G4,G4,TankWar_P1|TankWar_P2|TankWar_P3|TankWar_P4|TankWar_P5,TankWar_P1|TankWar_P2|TankWar_P3|TankWar_P4|TankWar_P5,UNKNOWN,UNKNOWN,0.600,0.200,LOW,NONE,RESOLVED_INTERNAL,TankWar_P1|TankWar_P2|TankWar_P3|TankWar_P4|TankWar_P5
D300,C:\Users\JBNU\git\ConstraintsRecovery\assets\tankwar\asset14:IF:8-384,C:\Users\JBNU\git\ConstraintsRecovery\assets\tankwar\asset9:IF:8-248,E100,E689,,FIELD_REFERENCE,C:\Users\JBNU\git\ConstraintsRecovery\assets\tankwar\asset14,240,G4,G4,TankWar_P1|TankWar_P2|TankWar_P3|TankWar_P4|TankWar_P5,TankWar_P1|TankWar_P2|TankWar_P3|TankWar_P4|TankWar_P5,UNKNOWN,UNKNOWN,0.600,0.200,LOW,NONE,RESOLVED_INTERNAL,TankWar_P1|TankWar_P2|TankWar_P3|TankWar_P4|TankWar_P5
D301,C:\Users\JBNU\git\ConstraintsRecovery\assets\tankwar\asset14:IF:8-384,C:\Users\JBNU\git\ConstraintsRecovery\assets\tankwar\asset14:IF:8-384,E100,E85,,FIELD_REFERENCE,C:\Users\JBNU\git\ConstraintsRecovery\assets\tankwar\asset14,241,G4,G4,TankWar_P1|TankWar_P2|TankWar_P3|TankWar_P4|TankWar_P5,TankWar_P1|TankWar_P2|TankWar_P3|TankWar_P4|TankWar_P5,UNKNOWN,UNKNOWN,0.600,0.200,LOW,INTRA_BLOCK,RESOLVED_INTERNAL,TankWar_P1|TankWar_P2|TankWar_P3|TankWar_P4|TankWar_P5
D302,C:\Users\JBNU\git\ConstraintsRecovery\assets\tankwar\asset14:IF:8-384,C:\Users\JBNU\git\ConstraintsRecovery\assets\tankwar\asset14:IF:8-384,E100,E87,,FIELD_REFERENCE,C:\Users\JBNU\git\ConstraintsRecovery\assets\tankwar\asset14,241,G4,G4,TankWar_P1|TankWar_P2|TankWar_P3|TankWar_P4|TankWar_P5,TankWar_P1|TankWar_P2|TankWar_P3|TankWar_P4|TankWar_P5,UNKNOWN,UNKNOWN,0.600,0.200,LOW,INTRA_BLOCK,RESOLVED_INTERNAL,TankWar_P1|TankWar_P2|TankWar_P3|TankWar_P4|TankWar_P5
D303,C:\Users\JBNU\git\ConstraintsRecovery\assets\tankwar\asset14:IF:8-384,C:\Users\JBNU\git\ConstraintsRecovery\assets\tankwar\asset14:IF:8-384,E100,E101,,METHOD_CALL,C:\Users\JBNU\git\ConstraintsRecovery\assets\tankwar\asset14,242,G4,G4,TankWar_P1|TankWar_P2|TankWar_P3|TankWar_P4|TankWar_P5,TankWar_P1|TankWar_P2|TankWar_P3|TankWar_P4|TankWar_P5,UNKNOWN,UNKNOWN,0.750,0.200,LOW,INTRA_BLOCK,RESOLVED_INTERNAL,TankWar_P1|TankWar_P2|TankWar_P3|TankWar_P4|TankWar_P5
D304,C:\Users\JBNU\git\ConstraintsRecovery\assets\tankwar\asset14:IF:8-384,C:\Users\JBNU\git\ConstraintsRecovery\assets\tankwar\asset14:IF:8-384,E100,E68,,FIELD_REFERENCE,C:\Users\JBNU\git\ConstraintsRecovery\assets\tankwar\asset14,248,G4,G4,TankWar_P1|TankWar_P2|TankWar_P3|TankWar_P4|TankWar_P5,TankWar_P1|TankWar_P2|TankWar_P3|TankWar_P4|TankWar_P5,UNKNOWN,UNKNOWN,0.600,0.200,LOW,INTRA_BLOCK,RESOLVED_INTERNAL,TankWar_P1|TankWar_P2|TankWar_P3|TankWar_P4|TankWar_P5
D305,C:\Users\JBNU\git\ConstraintsRecovery\assets\tankwar\asset14:IF:8-384,C:\Users\JBNU\git\ConstraintsRecovery\assets\tankwar\asset14:IF:8-384,E100,E69,,FIELD_REFERENCE,C:\Users\JBNU\git\ConstraintsRecovery\assets\tankwar\asset14,249,G4,G4,TankWar_P1|TankWar_P2|TankWar_P3|TankWar_P4|TankWar_P5,TankWar_P1|TankWar_P2|TankWar_P3|TankWar_P4|TankWar_P5,UNKNOWN,UNKNOWN,0.600,0.200,LOW,INTRA_BLOCK,RESOLVED_INTERNAL,TankWar_P1|TankWar_P2|TankWar_P3|TankWar_P4|TankWar_P5
D306,C:\Users\JBNU\git\ConstraintsRecovery\assets\tankwar\asset14:IF:8-384,C:\Users\JBNU\git\ConstraintsRecovery\assets\tankwar\asset14:IF:8-384,E100,E84,,FIELD_REFERENCE,C:\Users\JBNU\git\ConstraintsRecovery\assets\tankwar\asset14,252,G4,G4,TankWar_P1|TankWar_P2|TankWar_P3|TankWar_P4|TankWar_P5,TankWar_P1|TankWar_P2|TankWar_P3|TankWar_P4|TankWar_P5,UNKNOWN,UNKNOWN,0.600,0.200,LOW,INTRA_BLOCK,RESOLVED_INTERNAL,TankWar_P1|TankWar_P2|TankWar_P3|TankWar_P4|TankWar_P5
D307,C:\Users\JBNU\git\ConstraintsRecovery\assets\tankwar\asset14:IF:8-384,C:\Users\JBNU\git\ConstraintsRecovery\assets\tankwar\asset14:IF:8-384,E100,E84,,FIELD_REFERENCE,C:\Users\JBNU\git\ConstraintsRecovery\assets\tankwar\asset14,253,G4,G4,TankWar_P1|TankWar_P2|TankWar_P3|TankWar_P4|TankWar_P5,TankWar_P1|TankWar_P2|TankWar_P3|TankWar_P4|TankWar_P5,UNKNOWN,UNKNOWN,0.600,0.200,LOW,INTRA_BLOCK,RESOLVED_INTERNAL,TankWar_P1|TankWar_P2|TankWar_P3|TankWar_P4|TankWar_P5
D308,C:\Users\JBNU\git\ConstraintsRecovery\assets\tankwar\asset14:IF:8-384,C:\Users\JBNU\git\ConstraintsRecovery\assets\tankwar\asset14:IF:8-384,E100,E88,,FIELD_REFERENCE,C:\Users\JBNU\git\ConstraintsRecovery\assets\tankwar\asset14,254,G4,G4,TankWar_P1|TankWar_P2|TankWar_P3|TankWar_P4|TankWar_P5,TankWar_P1|TankWar_P2|TankWar_P3|TankWar_P4|TankWar_P5,UNKNOWN,UNKNOWN,0.600,0.200,LOW,INTRA_BLOCK,RESOLVED_INTERNAL,TankWar_P1|TankWar_P2|TankWar_P3|TankWar_P4|TankWar_P5
D309,C:\Users\JBNU\git\ConstraintsRecovery\assets\tankwar\asset14:IF:8-384,C:\Users\JBNU\git\ConstraintsRecovery\assets\tankwar\asset14:IF:8-384,E100,E89,,FIELD_REFERENCE,C:\Users\JBNU\git\ConstraintsRecovery\assets\tankwar\asset14,254,G4,G4,TankWar_P1|TankWar_P2|TankWar_P3|TankWar_P4|TankWar_P5,TankWar_P1|TankWar_P2|TankWar_P3|TankWar_P4|TankWar_P5,UNKNOWN,UNKNOWN,0.600,0.200,LOW,INTRA_BLOCK,RESOLVED_INTERNAL,TankWar_P1|TankWar_P2|TankWar_P3|TankWar_P4|TankWar_P5
D310,C:\Users\JBNU\git\ConstraintsRecovery\assets\tankwar\asset14:IF:8-384,C:\Users\JBNU\git\ConstraintsRecovery\assets\tankwar\asset14:IF:8-384,E100,E84,,FIELD_REFERENCE,C:\Users\JBNU\git\ConstraintsRecovery\assets\tankwar\asset14,257,G4,G4,TankWar_P1|TankWar_P2|TankWar_P3|TankWar_P4|TankWar_P5,TankWar_P1|TankWar_P2|TankWar_P3|TankWar_P4|TankWar_P5,UNKNOWN,UNKNOWN,0.600,0.200,LOW,INTRA_BLOCK,RESOLVED_INTERNAL,TankWar_P1|TankWar_P2|TankWar_P3|TankWar_P4|TankWar_P5
D311,C:\Users\JBNU\git\ConstraintsRecovery\assets\tankwar\asset14:IF:8-384,C:\Users\JBNU\git\ConstraintsRecovery\assets\tankwar\asset14:IF:8-384,E100,E84,,FIELD_REFERENCE,C:\Users\JBNU\git\ConstraintsRecovery\assets\tankwar\asset14,259,G4,G4,TankWar_P1|TankWar_P2|TankWar_P3|TankWar_P4|TankWar_P5,TankWar_P1|TankWar_P2|TankWar_P3|TankWar_P4|TankWar_P5,UNKNOWN,UNKNOWN,0.600,0.200,LOW,INTRA_BLOCK,RESOLVED_INTERNAL,TankWar_P1|TankWar_P2|TankWar_P3|TankWar_P4|TankWar_P5
D312,C:\Users\JBNU\git\ConstraintsRecovery\assets\tankwar\asset14:IF:8-384,C:\Users\JBNU\git\ConstraintsRecovery\assets\tankwar\asset14:IF:8-384,E100,E88,,FIELD_REFERENCE,C:\Users\JBNU\git\ConstraintsRecovery\assets\tankwar\asset14,260,G4,G4,TankWar_P1|TankWar_P2|TankWar_P3|TankWar_P4|TankWar_P5,TankWar_P1|TankWar_P2|TankWar_P3|TankWar_P4|TankWar_P5,UNKNOWN,UNKNOWN,0.600,0.200,LOW,INTRA_BLOCK,RESOLVED_INTERNAL,TankWar_P1|TankWar_P2|TankWar_P3|TankWar_P4|TankWar_P5
D313,C:\Users\JBNU\git\ConstraintsRecovery\assets\tankwar\asset14:IF:8-384,C:\Users\JBNU\git\ConstraintsRecovery\assets\tankwar\asset14:IF:8-384,E100,E67,,FIELD_REFERENCE,C:\Users\JBNU\git\ConstraintsRecovery\assets\tankwar\asset14,262,G4,G4,TankWar_P1|TankWar_P2|TankWar_P3|TankWar_P4|TankWar_P5,TankWar_P1|TankWar_P2|TankWar_P3|TankWar_P4|TankWar_P5,UNKNOWN,UNKNOWN,0.600,0.200,LOW,INTRA_BLOCK,RESOLVED_INTERNAL,TankWar_P1|TankWar_P2|TankWar_P3|TankWar_P4|TankWar_P5
D314,C:\Users\JBNU\git\ConstraintsRecovery\assets\tankwar\asset14:IF:8-384,C:\Users\JBNU\git\ConstraintsRecovery\assets\tankwar\asset9:IF:8-248,E100,E687,,FIELD_REFERENCE,C:\Users\JBNU\git\ConstraintsRecovery\assets\tankwar\asset14,262,G4,G4,TankWar_P1|TankWar_P2|TankWar_P3|TankWar_P4|TankWar_P5,TankWar_P1|TankWar_P2|TankWar_P3|TankWar_P4|TankWar_P5,UNKNOWN,UNKNOWN,0.600,0.200,LOW,NONE,RESOLVED_INTERNAL,TankWar_P1|TankWar_P2|TankWar_P3|TankWar_P4|TankWar_P5
D315,C:\Users\JBNU\git\ConstraintsRecovery\assets\tankwar\asset14:IF:8-384,C:\Users\JBNU\git\ConstraintsRecovery\assets\tankwar\asset14:IF:8-384,E100,E69,,FIELD_REFERENCE,C:\Users\JBNU\git\ConstraintsRecovery\assets\tankwar\asset14,262,G4,G4,TankWar_P1|TankWar_P2|TankWar_P3|TankWar_P4|TankWar_P5,TankWar_P1|TankWar_P2|TankWar_P3|TankWar_P4|TankWar_P5,UNKNOWN,UNKNOWN,0.600,0.200,LOW,INTRA_BLOCK,RESOLVED_INTERNAL,TankWar_P1|TankWar_P2|TankWar_P3|TankWar_P4|TankWar_P5
D316,C:\Users\JBNU\git\ConstraintsRecovery\assets\tankwar\asset14:IF:8-384,C:\Users\JBNU\git\ConstraintsRecovery\assets\tankwar\asset14:IF:8-384,E100,E87,,FIELD_REFERENCE,C:\Users\JBNU\git\ConstraintsRecovery\assets\tankwar\asset14,262,G4,G4,TankWar_P1|TankWar_P2|TankWar_P3|TankWar_P4|TankWar_P5,TankWar_P1|TankWar_P2|TankWar_P3|TankWar_P4|TankWar_P5,UNKNOWN,UNKNOWN,0.600,0.200,LOW,INTRA_BLOCK,RESOLVED_INTERNAL,TankWar_P1|TankWar_P2|TankWar_P3|TankWar_P4|TankWar_P5
D317,C:\Users\JBNU\git\ConstraintsRecovery\assets\tankwar\asset14:IF:8-384,C:\Users\JBNU\git\ConstraintsRecovery\assets\tankwar\asset14:IF:8-384,E100,E69,,FIELD_REFERENCE,C:\Users\JBNU\git\ConstraintsRecovery\assets\tankwar\asset14,263,G4,G4,TankWar_P1|TankWar_P2|TankWar_P3|TankWar_P4|TankWar_P5,TankWar_P1|TankWar_P2|TankWar_P3|TankWar_P4|TankWar_P5,UNKNOWN,UNKNOWN,0.600,0.200,LOW,INTRA_BLOCK,RESOLVED_INTERNAL,TankWar_P1|TankWar_P2|TankWar_P3|TankWar_P4|TankWar_P5
D318,C:\Users\JBNU\git\ConstraintsRecovery\assets\tankwar\asset14:IF:8-384,C:\Users\JBNU\git\ConstraintsRecovery\assets\tankwar\asset22:IF:8-80,E100,E280,,METHOD_CALL,C:\Users\JBNU\git\ConstraintsRecovery\assets\tankwar\asset14,263,G4,G4,TankWar_P1|TankWar_P2|TankWar_P3|TankWar_P4|TankWar_P5,TankWar_P1|TankWar_P2|TankWar_P3|TankWar_P4|TankWar_P5,UNKNOWN,UNKNOWN,0.750,0.200,LOW,NONE,RESOLVED_INTERNAL,TankWar_P1|TankWar_P2|TankWar_P3|TankWar_P4|TankWar_P5
D319,C:\Users\JBNU\git\ConstraintsRecovery\assets\tankwar\asset14:IF:8-384,C:\Users\JBNU\git\ConstraintsRecovery\assets\tankwar\asset14:IF:8-384,E100,E90,,FIELD_REFERENCE,C:\Users\JBNU\git\ConstraintsRecovery\assets\tankwar\asset14,264,G4,G4,TankWar_P1|TankWar_P2|TankWar_P3|TankWar_P4|TankWar_P5,TankWar_P1|TankWar_P2|TankWar_P3|TankWar_P4|TankWar_P5,UNKNOWN,UNKNOWN,0.600,0.200,LOW,INTRA_BLOCK,RESOLVED_INTERNAL,TankWar_P1|TankWar_P2|TankWar_P3|TankWar_P4|TankWar_P5
D320,C:\Users\JBNU\git\ConstraintsRecovery\assets\tankwar\asset14:IF:8-384,C:\Users\JBNU\git\ConstraintsRecovery\assets\tankwar\asset9:IF:8-248,E100,E689,,FIELD_REFERENCE,C:\Users\JBNU\git\ConstraintsRecovery\assets\tankwar\asset14,265,G4,G4,TankWar_P1|TankWar_P2|TankWar_P3|TankWar_P4|TankWar_P5,TankWar_P1|TankWar_P2|TankWar_P3|TankWar_P4|TankWar_P5,UNKNOWN,UNKNOWN,0.600,0.200,LOW,NONE,RESOLVED_INTERNAL,TankWar_P1|TankWar_P2|TankWar_P3|TankWar_P4|TankWar_P5
D321,C:\Users\JBNU\git\ConstraintsRecovery\assets\tankwar\asset14:IF:8-384,C:\Users\JBNU\git\ConstraintsRecovery\assets\tankwar\asset9:IF:8-248,E100,E689,,FIELD_REFERENCE,C:\Users\JBNU\git\ConstraintsRecovery\assets\tankwar\asset14,266,G4,G4,TankWar_P1|TankWar_P2|TankWar_P3|TankWar_P4|TankWar_P5,TankWar_P1|TankWar_P2|TankWar_P3|TankWar_P4|TankWar_P5,UNKNOWN,UNKNOWN,0.600,0.200,LOW,NONE,RESOLVED_INTERNAL,TankWar_P1|TankWar_P2|TankWar_P3|TankWar_P4|TankWar_P5
D322,C:\Users\JBNU\git\ConstraintsRecovery\assets\tankwar\asset14:IF:8-384,C:\Users\JBNU\git\ConstraintsRecovery\assets\tankwar\asset14:IF:8-384,E100,E69,,FIELD_REFERENCE,C:\Users\JBNU\git\ConstraintsRecovery\assets\tankwar\asset14,269,G4,G4,TankWar_P1|TankWar_P2|TankWar_P3|TankWar_P4|TankWar_P5,TankWar_P1|TankWar_P2|TankWar_P3|TankWar_P4|TankWar_P5,UNKNOWN,UNKNOWN,0.600,0.200,LOW,INTRA_BLOCK,RESOLVED_INTERNAL,TankWar_P1|TankWar_P2|TankWar_P3|TankWar_P4|TankWar_P5
D323,C:\Users\JBNU\git\ConstraintsRecovery\assets\tankwar\asset14:IF:8-384,C:\Users\JBNU\git\ConstraintsRecovery\assets\tankwar\asset14:IF:8-384,E100,E69,,FIELD_REFERENCE,C:\Users\JBNU\git\ConstraintsRecovery\assets\tankwar\asset14,270,G4,G4,TankWar_P1|TankWar_P2|TankWar_P3|TankWar_P4|TankWar_P5,TankWar_P1|TankWar_P2|TankWar_P3|TankWar_P4|TankWar_P5,UNKNOWN,UNKNOWN,0.600,0.200,LOW,INTRA_BLOCK,RESOLVED_INTERNAL,TankWar_P1|TankWar_P2|TankWar_P3|TankWar_P4|TankWar_P5
D324,C:\Users\JBNU\git\ConstraintsRecovery\assets\tankwar\asset14:IF:8-384,C:\Users\JBNU\git\ConstraintsRecovery\assets\tankwar\asset9:IF:8-248,E100,E689,,FIELD_REFERENCE,C:\Users\JBNU\git\ConstraintsRecovery\assets\tankwar\asset14,273,G4,G4,TankWar_P1|TankWar_P2|TankWar_P3|TankWar_P4|TankWar_P5,TankWar_P1|TankWar_P2|TankWar_P3|TankWar_P4|TankWar_P5,UNKNOWN,UNKNOWN,0.600,0.200,LOW,NONE,RESOLVED_INTERNAL,TankWar_P1|TankWar_P2|TankWar_P3|TankWar_P4|TankWar_P5
D325,C:\Users\JBNU\git\ConstraintsRecovery\assets\tankwar\asset14:IF:8-384,C:\Users\JBNU\git\ConstraintsRecovery\assets\tankwar\asset14:IF:8-384,E100,E67,,FIELD_REFERENCE,C:\Users\JBNU\git\ConstraintsRecovery\assets\tankwar\asset14,276,G4,G4,TankWar_P1|TankWar_P2|TankWar_P3|TankWar_P4|TankWar_P5,TankWar_P1|TankWar_P2|TankWar_P3|TankWar_P4|TankWar_P5,UNKNOWN,UNKNOWN,0.600,0.200,LOW,INTRA_BLOCK,RESOLVED_INTERNAL,TankWar_P1|TankWar_P2|TankWar_P3|TankWar_P4|TankWar_P5
D326,C:\Users\JBNU\git\ConstraintsRecovery\assets\tankwar\asset14:IF:8-384,C:\Users\JBNU\git\ConstraintsRecovery\assets\tankwar\asset14:IF:8-384,E100,E68,,FIELD_REFERENCE,C:\Users\JBNU\git\ConstraintsRecovery\assets\tankwar\asset14,276,G4,G4,TankWar_P1|TankWar_P2|TankWar_P3|TankWar_P4|TankWar_P5,TankWar_P1|TankWar_P2|TankWar_P3|TankWar_P4|TankWar_P5,UNKNOWN,UNKNOWN,0.600,0.200,LOW,INTRA_BLOCK,RESOLVED_INTERNAL,TankWar_P1|TankWar_P2|TankWar_P3|TankWar_P4|TankWar_P5
D327,C:\Users\JBNU\git\ConstraintsRecovery\assets\tankwar\asset14:IF:8-384,C:\Users\JBNU\git\ConstraintsRecovery\assets\tankwar\asset9:IF:8-248,E100,E687,,FIELD_REFERENCE,C:\Users\JBNU\git\ConstraintsRecovery\assets\tankwar\asset14,276,G4,G4,TankWar_P1|TankWar_P2|TankWar_P3|TankWar_P4|TankWar_P5,TankWar_P1|TankWar_P2|TankWar_P3|TankWar_P4|TankWar_P5,UNKNOWN,UNKNOWN,0.600,0.200,LOW,NONE,RESOLVED_INTERNAL,TankWar_P1|TankWar_P2|TankWar_P3|TankWar_P4|TankWar_P5
D328,C:\Users\JBNU\git\ConstraintsRecovery\assets\tankwar\asset14:IF:8-384,C:\Users\JBNU\git\ConstraintsRecovery\assets\tankwar\asset14:IF:8-384,E100,E87,,FIELD_REFERENCE,C:\Users\JBNU\git\ConstraintsRecovery\assets\tankwar\asset14,276,G4,G4,TankWar_P1|TankWar_P2|TankWar_P3|TankWar_P4|TankWar_P5,TankWar_P1|TankWar_P2|TankWar_P3|TankWar_P4|TankWar_P5,UNKNOWN,UNKNOWN,0.600,0.200,LOW,INTRA_BLOCK,RESOLVED_INTERNAL,TankWar_P1|TankWar_P2|TankWar_P3|TankWar_P4|TankWar_P5
D329,C:\Users\JBNU\git\ConstraintsRecovery\assets\tankwar\asset14:IF:8-384,C:\Users\JBNU\git\ConstraintsRecovery\assets\tankwar\asset14:IF:8-384,E100,E68,,FIELD_REFERENCE,C:\Users\JBNU\git\ConstraintsRecovery\assets\tankwar\asset14,277,G4,G4,TankWar_P1|TankWar_P2|TankWar_P3|TankWar_P4|TankWar_P5,TankWar_P1|TankWar_P2|TankWar_P3|TankWar_P4|TankWar_P5,UNKNOWN,UNKNOWN,0.600,0.200,LOW,INTRA_BLOCK,RESOLVED_INTERNAL,TankWar_P1|TankWar_P2|TankWar_P3|TankWar_P4|TankWar_P5
D330,C:\Users\JBNU\git\ConstraintsRecovery\assets\tankwar\asset14:IF:8-384,C:\Users\JBNU\git\ConstraintsRecovery\assets\tankwar\asset22:IF:8-80,E100,E280,,METHOD_CALL,C:\Users\JBNU\git\ConstraintsRecovery\assets\tankwar\asset14,277,G4,G4,TankWar_P1|TankWar_P2|TankWar_P3|TankWar_P4|TankWar_P5,TankWar_P1|TankWar_P2|TankWar_P3|TankWar_P4|TankWar_P5,UNKNOWN,UNKNOWN,0.750,0.200,LOW,NONE,RESOLVED_INTERNAL,TankWar_P1|TankWar_P2|TankWar_P3|TankWar_P4|TankWar_P5
D331,C:\Users\JBNU\git\ConstraintsRecovery\assets\tankwar\asset14:IF:8-384,C:\Users\JBNU\git\ConstraintsRecovery\assets\tankwar\asset14:IF:8-384,E100,E90,,FIELD_REFERENCE,C:\Users\JBNU\git\ConstraintsRecovery\assets\tankwar\asset14,278,G4,G4,TankWar_P1|TankWar_P2|TankWar_P3|TankWar_P4|TankWar_P5,TankWar_P1|TankWar_P2|TankWar_P3|TankWar_P4|TankWar_P5,UNKNOWN,UNKNOWN,0.600,0.200,LOW,INTRA_BLOCK,RESOLVED_INTERNAL,TankWar_P1|TankWar_P2|TankWar_P3|TankWar_P4|TankWar_P5
D332,C:\Users\JBNU\git\ConstraintsRecovery\assets\tankwar\asset14:IF:8-384,C:\Users\JBNU\git\ConstraintsRecovery\assets\tankwar\asset9:IF:8-248,E100,E689,,FIELD_REFERENCE,C:\Users\JBNU\git\ConstraintsRecovery\assets\tankwar\asset14,279,G4,G4,TankWar_P1|TankWar_P2|TankWar_P3|TankWar_P4|TankWar_P5,TankWar_P1|TankWar_P2|TankWar_P3|TankWar_P4|TankWar_P5,UNKNOWN,UNKNOWN,0.600,0.200,LOW,NONE,RESOLVED_INTERNAL,TankWar_P1|TankWar_P2|TankWar_P3|TankWar_P4|TankWar_P5
D333,C:\Users\JBNU\git\ConstraintsRecovery\assets\tankwar\asset14:IF:8-384,C:\Users\JBNU\git\ConstraintsRecovery\assets\tankwar\asset9:IF:8-248,E100,E689,,FIELD_REFERENCE,C:\Users\JBNU\git\ConstraintsRecovery\assets\tankwar\asset14,280,G4,G4,TankWar_P1|TankWar_P2|TankWar_P3|TankWar_P4|TankWar_P5,TankWar_P1|TankWar_P2|TankWar_P3|TankWar_P4|TankWar_P5,UNKNOWN,UNKNOWN,0.600,0.200,LOW,NONE,RESOLVED_INTERNAL,TankWar_P1|TankWar_P2|TankWar_P3|TankWar_P4|TankWar_P5
D334,C:\Users\JBNU\git\ConstraintsRecovery\assets\tankwar\asset14:IF:8-384,C:\Users\JBNU\git\ConstraintsRecovery\assets\tankwar\asset9:IF:8-248,E100,E689,,FIELD_REFERENCE,C:\Users\JBNU\git\ConstraintsRecovery\assets\tankwar\asset14,283,G4,G4,TankWar_P1|TankWar_P2|TankWar_P3|TankWar_P4|TankWar_P5,TankWar_P1|TankWar_P2|TankWar_P3|TankWar_P4|TankWar_P5,UNKNOWN,UNKNOWN,0.600,0.200,LOW,NONE,RESOLVED_INTERNAL,TankWar_P1|TankWar_P2|TankWar_P3|TankWar_P4|TankWar_P5
D335,C:\Users\JBNU\git\ConstraintsRecovery\assets\tankwar\asset14:IF:8-384,C:\Users\JBNU\git\ConstraintsRecovery\assets\tankwar\asset9:IF:8-248,E100,E689,,FIELD_REFERENCE,C:\Users\JBNU\git\ConstraintsRecovery\assets\tankwar\asset14,284,G4,G4,TankWar_P1|TankWar_P2|TankWar_P3|TankWar_P4|TankWar_P5,TankWar_P1|TankWar_P2|TankWar_P3|TankWar_P4|TankWar_P5,UNKNOWN,UNKNOWN,0.600,0.200,LOW,NONE,RESOLVED_INTERNAL,TankWar_P1|TankWar_P2|TankWar_P3|TankWar_P4|TankWar_P5
D336,C:\Users\JBNU\git\ConstraintsRecovery\assets\tankwar\asset14:IF:8-384,C:\Users\JBNU\git\ConstraintsRecovery\assets\tankwar\asset14:IF:8-384,E100,E67,,FIELD_REFERENCE,C:\Users\JBNU\git\ConstraintsRecovery\assets\tankwar\asset14,288,G4,G4,TankWar_P1|TankWar_P2|TankWar_P3|TankWar_P4|TankWar_P5,TankWar_P1|TankWar_P2|TankWar_P3|TankWar_P4|TankWar_P5,UNKNOWN,UNKNOWN,0.600,0.200,LOW,INTRA_BLOCK,RESOLVED_INTERNAL,TankWar_P1|TankWar_P2|TankWar_P3|TankWar_P4|TankWar_P5
D337,C:\Users\JBNU\git\ConstraintsRecovery\assets\tankwar\asset14:IF:8-384,C:\Users\JBNU\git\ConstraintsRecovery\assets\tankwar\asset9:IF:8-248,E100,E687,,FIELD_REFERENCE,C:\Users\JBNU\git\ConstraintsRecovery\assets\tankwar\asset14,288,G4,G4,TankWar_P1|TankWar_P2|TankWar_P3|TankWar_P4|TankWar_P5,TankWar_P1|TankWar_P2|TankWar_P3|TankWar_P4|TankWar_P5,UNKNOWN,UNKNOWN,0.600,0.200,LOW,NONE,RESOLVED_INTERNAL,TankWar_P1|TankWar_P2|TankWar_P3|TankWar_P4|TankWar_P5
D338,C:\Users\JBNU\git\ConstraintsRecovery\assets\tankwar\asset14:IF:8-384,C:\Users\JBNU\git\ConstraintsRecovery\assets\tankwar\asset14:IF:8-384,E100,E69,,FIELD_REFERENCE,C:\Users\JBNU\git\ConstraintsRecovery\assets\tankwar\asset14,288,G4,G4,TankWar_P1|TankWar_P2|TankWar_P3|TankWar_P4|TankWar_P5,TankWar_P1|TankWar_P2|TankWar_P3|TankWar_P4|TankWar_P5,UNKNOWN,UNKNOWN,0.600,0.200,LOW,INTRA_BLOCK,RESOLVED_INTERNAL,TankWar_P1|TankWar_P2|TankWar_P3|TankWar_P4|TankWar_P5
D339,C:\Users\JBNU\git\ConstraintsRecovery\assets\tankwar\asset14:IF:8-384,C:\Users\JBNU\git\ConstraintsRecovery\assets\tankwar\asset14:IF:8-384,E100,E87,,FIELD_REFERENCE,C:\Users\JBNU\git\ConstraintsRecovery\assets\tankwar\asset14,288,G4,G4,TankWar_P1|TankWar_P2|TankWar_P3|TankWar_P4|TankWar_P5,TankWar_P1|TankWar_P2|TankWar_P3|TankWar_P4|TankWar_P5,UNKNOWN,UNKNOWN,0.600,0.200,LOW,INTRA_BLOCK,RESOLVED_INTERNAL,TankWar_P1|TankWar_P2|TankWar_P3|TankWar_P4|TankWar_P5
D340,C:\Users\JBNU\git\ConstraintsRecovery\assets\tankwar\asset14:IF:8-384,C:\Users\JBNU\git\ConstraintsRecovery\assets\tankwar\asset14:IF:8-384,E100,E69,,FIELD_REFERENCE,C:\Users\JBNU\git\ConstraintsRecovery\assets\tankwar\asset14,289,G4,G4,TankWar_P1|TankWar_P2|TankWar_P3|TankWar_P4|TankWar_P5,TankWar_P1|TankWar_P2|TankWar_P3|TankWar_P4|TankWar_P5,UNKNOWN,UNKNOWN,0.600,0.200,LOW,INTRA_BLOCK,RESOLVED_INTERNAL,TankWar_P1|TankWar_P2|TankWar_P3|TankWar_P4|TankWar_P5
D341,C:\Users\JBNU\git\ConstraintsRecovery\assets\tankwar\asset14:IF:8-384,C:\Users\JBNU\git\ConstraintsRecovery\assets\tankwar\asset22:IF:8-80,E100,E280,,METHOD_CALL,C:\Users\JBNU\git\ConstraintsRecovery\assets\tankwar\asset14,289,G4,G4,TankWar_P1|TankWar_P2|TankWar_P3|TankWar_P4|TankWar_P5,TankWar_P1|TankWar_P2|TankWar_P3|TankWar_P4|TankWar_P5,UNKNOWN,UNKNOWN,0.750,0.200,LOW,NONE,RESOLVED_INTERNAL,TankWar_P1|TankWar_P2|TankWar_P3|TankWar_P4|TankWar_P5
D342,C:\Users\JBNU\git\ConstraintsRecovery\assets\tankwar\asset14:IF:8-384,C:\Users\JBNU\git\ConstraintsRecovery\assets\tankwar\asset14:IF:8-384,E100,E90,,FIELD_REFERENCE,C:\Users\JBNU\git\ConstraintsRecovery\assets\tankwar\asset14,290,G4,G4,TankWar_P1|TankWar_P2|TankWar_P3|TankWar_P4|TankWar_P5,TankWar_P1|TankWar_P2|TankWar_P3|TankWar_P4|TankWar_P5,UNKNOWN,UNKNOWN,0.600,0.200,LOW,INTRA_BLOCK,RESOLVED_INTERNAL,TankWar_P1|TankWar_P2|TankWar_P3|TankWar_P4|TankWar_P5
D343,C:\Users\JBNU\git\ConstraintsRecovery\assets\tankwar\asset14:IF:8-384,C:\Users\JBNU\git\ConstraintsRecovery\assets\tankwar\asset9:IF:8-248,E100,E689,,FIELD_REFERENCE,C:\Users\JBNU\git\ConstraintsRecovery\assets\tankwar\asset14,291,G4,G4,TankWar_P1|TankWar_P2|TankWar_P3|TankWar_P4|TankWar_P5,TankWar_P1|TankWar_P2|TankWar_P3|TankWar_P4|TankWar_P5,UNKNOWN,UNKNOWN,0.600,0.200,LOW,NONE,RESOLVED_INTERNAL,TankWar_P1|TankWar_P2|TankWar_P3|TankWar_P4|TankWar_P5
D344,C:\Users\JBNU\git\ConstraintsRecovery\assets\tankwar\asset14:IF:8-384,C:\Users\JBNU\git\ConstraintsRecovery\assets\tankwar\asset9:IF:8-248,E100,E689,,FIELD_REFERENCE,C:\Users\JBNU\git\ConstraintsRecovery\assets\tankwar\asset14,292,G4,G4,TankWar_P1|TankWar_P2|TankWar_P3|TankWar_P4|TankWar_P5,TankWar_P1|TankWar_P2|TankWar_P3|TankWar_P4|TankWar_P5,UNKNOWN,UNKNOWN,0.600,0.200,LOW,NONE,RESOLVED_INTERNAL,TankWar_P1|TankWar_P2|TankWar_P3|TankWar_P4|TankWar_P5
D345,C:\Users\JBNU\git\ConstraintsRecovery\assets\tankwar\asset14:IF:8-384,C:\Users\JBNU\git\ConstraintsRecovery\assets\tankwar\asset9:IF:8-248,E100,E689,,FIELD_REFERENCE,C:\Users\JBNU\git\ConstraintsRecovery\assets\tankwar\asset14,295,G4,G4,TankWar_P1|TankWar_P2|TankWar_P3|TankWar_P4|TankWar_P5,TankWar_P1|TankWar_P2|TankWar_P3|TankWar_P4|TankWar_P5,UNKNOWN,UNKNOWN,0.600,0.200,LOW,NONE,RESOLVED_INTERNAL,TankWar_P1|TankWar_P2|TankWar_P3|TankWar_P4|TankWar_P5
D346,C:\Users\JBNU\git\ConstraintsRecovery\assets\tankwar\asset14:IF:8-384,C:\Users\JBNU\git\ConstraintsRecovery\assets\tankwar\asset9:IF:8-248,E100,E689,,FIELD_REFERENCE,C:\Users\JBNU\git\ConstraintsRecovery\assets\tankwar\asset14,296,G4,G4,TankWar_P1|TankWar_P2|TankWar_P3|TankWar_P4|TankWar_P5,TankWar_P1|TankWar_P2|TankWar_P3|TankWar_P4|TankWar_P5,UNKNOWN,UNKNOWN,0.600,0.200,LOW,NONE,RESOLVED_INTERNAL,TankWar_P1|TankWar_P2|TankWar_P3|TankWar_P4|TankWar_P5
D347,C:\Users\JBNU\git\ConstraintsRecovery\assets\tankwar\asset14:IF:8-384,C:\Users\JBNU\git\ConstraintsRecovery\assets\tankwar\asset14:IF:8-384,E100,E67,,FIELD_REFERENCE,C:\Users\JBNU\git\ConstraintsRecovery\assets\tankwar\asset14,300,G4,G4,TankWar_P1|TankWar_P2|TankWar_P3|TankWar_P4|TankWar_P5,TankWar_P1|TankWar_P2|TankWar_P3|TankWar_P4|TankWar_P5,UNKNOWN,UNKNOWN,0.600,0.200,LOW,INTRA_BLOCK,RESOLVED_INTERNAL,TankWar_P1|TankWar_P2|TankWar_P3|TankWar_P4|TankWar_P5
D348,C:\Users\JBNU\git\ConstraintsRecovery\assets\tankwar\asset14:IF:8-384,C:\Users\JBNU\git\ConstraintsRecovery\assets\tankwar\asset14:IF:8-384,E100,E68,,FIELD_REFERENCE,C:\Users\JBNU\git\ConstraintsRecovery\assets\tankwar\asset14,300,G4,G4,TankWar_P1|TankWar_P2|TankWar_P3|TankWar_P4|TankWar_P5,TankWar_P1|TankWar_P2|TankWar_P3|TankWar_P4|TankWar_P5,UNKNOWN,UNKNOWN,0.600,0.200,LOW,INTRA_BLOCK,RESOLVED_INTERNAL,TankWar_P1|TankWar_P2|TankWar_P3|TankWar_P4|TankWar_P5
D349,C:\Users\JBNU\git\ConstraintsRecovery\assets\tankwar\asset14:IF:8-384,C:\Users\JBNU\git\ConstraintsRecovery\assets\tankwar\asset9:IF:8-248,E100,E687,,FIELD_REFERENCE,C:\Users\JBNU\git\ConstraintsRecovery\assets\tankwar\asset14,300,G4,G4,TankWar_P1|TankWar_P2|TankWar_P3|TankWar_P4|TankWar_P5,TankWar_P1|TankWar_P2|TankWar_P3|TankWar_P4|TankWar_P5,UNKNOWN,UNKNOWN,0.600,0.200,LOW,NONE,RESOLVED_INTERNAL,TankWar_P1|TankWar_P2|TankWar_P3|TankWar_P4|TankWar_P5
D350,C:\Users\JBNU\git\ConstraintsRecovery\assets\tankwar\asset14:IF:8-384,C:\Users\JBNU\git\ConstraintsRecovery\assets\tankwar\asset14:IF:8-384,E100,E87,,FIELD_REFERENCE,C:\Users\JBNU\git\ConstraintsRecovery\assets\tankwar\asset14,300,G4,G4,TankWar_P1|TankWar_P2|TankWar_P3|TankWar_P4|TankWar_P5,TankWar_P1|TankWar_P2|TankWar_P3|TankWar_P4|TankWar_P5,UNKNOWN,UNKNOWN,0.600,0.200,LOW,INTRA_BLOCK,RESOLVED_INTERNAL,TankWar_P1|TankWar_P2|TankWar_P3|TankWar_P4|TankWar_P5
D351,C:\Users\JBNU\git\ConstraintsRecovery\assets\tankwar\asset14:IF:8-384,C:\Users\JBNU\git\ConstraintsRecovery\assets\tankwar\asset14:IF:8-384,E100,E68,,FIELD_REFERENCE,C:\Users\JBNU\git\ConstraintsRecovery\assets\tankwar\asset14,301,G4,G4,TankWar_P1|TankWar_P2|TankWar_P3|TankWar_P4|TankWar_P5,TankWar_P1|TankWar_P2|TankWar_P3|TankWar_P4|TankWar_P5,UNKNOWN,UNKNOWN,0.600,0.200,LOW,INTRA_BLOCK,RESOLVED_INTERNAL,TankWar_P1|TankWar_P2|TankWar_P3|TankWar_P4|TankWar_P5
D352,C:\Users\JBNU\git\ConstraintsRecovery\assets\tankwar\asset14:IF:8-384,C:\Users\JBNU\git\ConstraintsRecovery\assets\tankwar\asset22:IF:8-80,E100,E280,,METHOD_CALL,C:\Users\JBNU\git\ConstraintsRecovery\assets\tankwar\asset14,301,G4,G4,TankWar_P1|TankWar_P2|TankWar_P3|TankWar_P4|TankWar_P5,TankWar_P1|TankWar_P2|TankWar_P3|TankWar_P4|TankWar_P5,UNKNOWN,UNKNOWN,0.750,0.200,LOW,NONE,RESOLVED_INTERNAL,TankWar_P1|TankWar_P2|TankWar_P3|TankWar_P4|TankWar_P5
D353,C:\Users\JBNU\git\ConstraintsRecovery\assets\tankwar\asset14:IF:8-384,C:\Users\JBNU\git\ConstraintsRecovery\assets\tankwar\asset14:IF:8-384,E100,E90,,FIELD_REFERENCE,C:\Users\JBNU\git\ConstraintsRecovery\assets\tankwar\asset14,302,G4,G4,TankWar_P1|TankWar_P2|TankWar_P3|TankWar_P4|TankWar_P5,TankWar_P1|TankWar_P2|TankWar_P3|TankWar_P4|TankWar_P5,UNKNOWN,UNKNOWN,0.600,0.200,LOW,INTRA_BLOCK,RESOLVED_INTERNAL,TankWar_P1|TankWar_P2|TankWar_P3|TankWar_P4|TankWar_P5
D354,C:\Users\JBNU\git\ConstraintsRecovery\assets\tankwar\asset14:IF:8-384,C:\Users\JBNU\git\ConstraintsRecovery\assets\tankwar\asset9:IF:8-248,E100,E689,,FIELD_REFERENCE,C:\Users\JBNU\git\ConstraintsRecovery\assets\tankwar\asset14,303,G4,G4,TankWar_P1|TankWar_P2|TankWar_P3|TankWar_P4|TankWar_P5,TankWar_P1|TankWar_P2|TankWar_P3|TankWar_P4|TankWar_P5,UNKNOWN,UNKNOWN,0.600,0.200,LOW,NONE,RESOLVED_INTERNAL,TankWar_P1|TankWar_P2|TankWar_P3|TankWar_P4|TankWar_P5
D355,C:\Users\JBNU\git\ConstraintsRecovery\assets\tankwar\asset14:IF:8-384,C:\Users\JBNU\git\ConstraintsRecovery\assets\tankwar\asset9:IF:8-248,E100,E689,,FIELD_REFERENCE,C:\Users\JBNU\git\ConstraintsRecovery\assets\tankwar\asset14,304,G4,G4,TankWar_P1|TankWar_P2|TankWar_P3|TankWar_P4|TankWar_P5,TankWar_P1|TankWar_P2|TankWar_P3|TankWar_P4|TankWar_P5,UNKNOWN,UNKNOWN,0.600,0.200,LOW,NONE,RESOLVED_INTERNAL,TankWar_P1|TankWar_P2|TankWar_P3|TankWar_P4|TankWar_P5
D356,C:\Users\JBNU\git\ConstraintsRecovery\assets\tankwar\asset14:IF:8-384,C:\Users\JBNU\git\ConstraintsRecovery\assets\tankwar\asset14:IF:8-384,E100,E68,,FIELD_REFERENCE,C:\Users\JBNU\git\ConstraintsRecovery\assets\tankwar\asset14,307,G4,G4,TankWar_P1|TankWar_P2|TankWar_P3|TankWar_P4|TankWar_P5,TankWar_P1|TankWar_P2|TankWar_P3|TankWar_P4|TankWar_P5,UNKNOWN,UNKNOWN,0.600,0.200,LOW,INTRA_BLOCK,RESOLVED_INTERNAL,TankWar_P1|TankWar_P2|TankWar_P3|TankWar_P4|TankWar_P5
D357,C:\Users\JBNU\git\ConstraintsRecovery\assets\tankwar\asset14:IF:8-384,C:\Users\JBNU\git\ConstraintsRecovery\assets\tankwar\asset14:IF:8-384,E100,E68,,FIELD_REFERENCE,C:\Users\JBNU\git\ConstraintsRecovery\assets\tankwar\asset14,308,G4,G4,TankWar_P1|TankWar_P2|TankWar_P3|TankWar_P4|TankWar_P5,TankWar_P1|TankWar_P2|TankWar_P3|TankWar_P4|TankWar_P5,UNKNOWN,UNKNOWN,0.600,0.200,LOW,INTRA_BLOCK,RESOLVED_INTERNAL,TankWar_P1|TankWar_P2|TankWar_P3|TankWar_P4|TankWar_P5
D358,C:\Users\JBNU\git\ConstraintsRecovery\assets\tankwar\asset14:IF:8-384,C:\Users\JBNU\git\ConstraintsRecovery\assets\tankwar\asset9:IF:8-248,E100,E689,,FIELD_REFERENCE,C:\Users\JBNU\git\ConstraintsRecovery\assets\tankwar\asset14,311,G4,G4,TankWar_P1|TankWar_P2|TankWar_P3|TankWar_P4|TankWar_P5,TankWar_P1|TankWar_P2|TankWar_P3|TankWar_P4|TankWar_P5,UNKNOWN,UNKNOWN,0.600,0.200,LOW,NONE,RESOLVED_INTERNAL,TankWar_P1|TankWar_P2|TankWar_P3|TankWar_P4|TankWar_P5
D359,C:\Users\JBNU\git\ConstraintsRecovery\assets\tankwar\asset14:IF:8-384,C:\Users\JBNU\git\ConstraintsRecovery\assets\tankwar\asset14:IF:8-384,E100,E90,,FIELD_REFERENCE,C:\Users\JBNU\git\ConstraintsRecovery\assets\tankwar\asset14,315,G4,G4,TankWar_P1|TankWar_P2|TankWar_P3|TankWar_P4|TankWar_P5,TankWar_P1|TankWar_P2|TankWar_P3|TankWar_P4|TankWar_P5,UNKNOWN,UNKNOWN,0.600,0.200,LOW,INTRA_BLOCK,RESOLVED_INTERNAL,TankWar_P1|TankWar_P2|TankWar_P3|TankWar_P4|TankWar_P5
D360,C:\Users\JBNU\git\ConstraintsRecovery\assets\tankwar\asset14:IF:8-384,C:\Users\JBNU\git\ConstraintsRecovery\assets\tankwar\asset14:IF:8-384,E100,E67,,FIELD_REFERENCE,C:\Users\JBNU\git\ConstraintsRecovery\assets\tankwar\asset14,317,G4,G4,TankWar_P1|TankWar_P2|TankWar_P3|TankWar_P4|TankWar_P5,TankWar_P1|TankWar_P2|TankWar_P3|TankWar_P4|TankWar_P5,UNKNOWN,UNKNOWN,0.600,0.200,LOW,INTRA_BLOCK,RESOLVED_INTERNAL,TankWar_P1|TankWar_P2|TankWar_P3|TankWar_P4|TankWar_P5
D361,C:\Users\JBNU\git\ConstraintsRecovery\assets\tankwar\asset14:IF:8-384,C:\Users\JBNU\git\ConstraintsRecovery\assets\tankwar\asset9:IF:8-248,E100,E687,,FIELD_REFERENCE,C:\Users\JBNU\git\ConstraintsRecovery\assets\tankwar\asset14,317,G4,G4,TankWar_P1|TankWar_P2|TankWar_P3|TankWar_P4|TankWar_P5,TankWar_P1|TankWar_P2|TankWar_P3|TankWar_P4|TankWar_P5,UNKNOWN,UNKNOWN,0.600,0.200,LOW,NONE,RESOLVED_INTERNAL,TankWar_P1|TankWar_P2|TankWar_P3|TankWar_P4|TankWar_P5
D362,C:\Users\JBNU\git\ConstraintsRecovery\assets\tankwar\asset14:IF:8-384,C:\Users\JBNU\git\ConstraintsRecovery\assets\tankwar\asset14:IF:8-384,E100,E69,,FIELD_REFERENCE,C:\Users\JBNU\git\ConstraintsRecovery\assets\tankwar\asset14,317,G4,G4,TankWar_P1|TankWar_P2|TankWar_P3|TankWar_P4|TankWar_P5,TankWar_P1|TankWar_P2|TankWar_P3|TankWar_P4|TankWar_P5,UNKNOWN,UNKNOWN,0.600,0.200,LOW,INTRA_BLOCK,RESOLVED_INTERNAL,TankWar_P1|TankWar_P2|TankWar_P3|TankWar_P4|TankWar_P5
D363,C:\Users\JBNU\git\ConstraintsRecovery\assets\tankwar\asset14:IF:8-384,C:\Users\JBNU\git\ConstraintsRecovery\assets\tankwar\asset14:IF:8-384,E100,E87,,FIELD_REFERENCE,C:\Users\JBNU\git\ConstraintsRecovery\assets\tankwar\asset14,317,G4,G4,TankWar_P1|TankWar_P2|TankWar_P3|TankWar_P4|TankWar_P5,TankWar_P1|TankWar_P2|TankWar_P3|TankWar_P4|TankWar_P5,UNKNOWN,UNKNOWN,0.600,0.200,LOW,INTRA_BLOCK,RESOLVED_INTERNAL,TankWar_P1|TankWar_P2|TankWar_P3|TankWar_P4|TankWar_P5
D364,C:\Users\JBNU\git\ConstraintsRecovery\assets\tankwar\asset14:IF:8-384,C:\Users\JBNU\git\ConstraintsRecovery\assets\tankwar\asset14:IF:8-384,E100,E69,,FIELD_REFERENCE,C:\Users\JBNU\git\ConstraintsRecovery\assets\tankwar\asset14,318,G4,G4,TankWar_P1|TankWar_P2|TankWar_P3|TankWar_P4|TankWar_P5,TankWar_P1|TankWar_P2|TankWar_P3|TankWar_P4|TankWar_P5,UNKNOWN,UNKNOWN,0.600,0.200,LOW,INTRA_BLOCK,RESOLVED_INTERNAL,TankWar_P1|TankWar_P2|TankWar_P3|TankWar_P4|TankWar_P5
D365,C:\Users\JBNU\git\ConstraintsRecovery\assets\tankwar\asset14:IF:8-384,C:\Users\JBNU\git\ConstraintsRecovery\assets\tankwar\asset22:IF:8-80,E100,E280,,METHOD_CALL,C:\Users\JBNU\git\ConstraintsRecovery\assets\tankwar\asset14,318,G4,G4,TankWar_P1|TankWar_P2|TankWar_P3|TankWar_P4|TankWar_P5,TankWar_P1|TankWar_P2|TankWar_P3|TankWar_P4|TankWar_P5,UNKNOWN,UNKNOWN,0.750,0.200,LOW,NONE,RESOLVED_INTERNAL,TankWar_P1|TankWar_P2|TankWar_P3|TankWar_P4|TankWar_P5
D366,C:\Users\JBNU\git\ConstraintsRecovery\assets\tankwar\asset14:IF:8-384,C:\Users\JBNU\git\ConstraintsRecovery\assets\tankwar\asset14:IF:8-384,E100,E67,,FIELD_REFERENCE,C:\Users\JBNU\git\ConstraintsRecovery\assets\tankwar\asset14,321,G4,G4,TankWar_P1|TankWar_P2|TankWar_P3|TankWar_P4|TankWar_P5,TankWar_P1|TankWar_P2|TankWar_P3|TankWar_P4|TankWar_P5,UNKNOWN,UNKNOWN,0.600,0.200,LOW,INTRA_BLOCK,RESOLVED_INTERNAL,TankWar_P1|TankWar_P2|TankWar_P3|TankWar_P4|TankWar_P5
D367,C:\Users\JBNU\git\ConstraintsRecovery\assets\tankwar\asset14:IF:8-384,C:\Users\JBNU\git\ConstraintsRecovery\assets\tankwar\asset14:IF:8-384,E100,E68,,FIELD_REFERENCE,C:\Users\JBNU\git\ConstraintsRecovery\assets\tankwar\asset14,321,G4,G4,TankWar_P1|TankWar_P2|TankWar_P3|TankWar_P4|TankWar_P5,TankWar_P1|TankWar_P2|TankWar_P3|TankWar_P4|TankWar_P5,UNKNOWN,UNKNOWN,0.600,0.200,LOW,INTRA_BLOCK,RESOLVED_INTERNAL,TankWar_P1|TankWar_P2|TankWar_P3|TankWar_P4|TankWar_P5
D368,C:\Users\JBNU\git\ConstraintsRecovery\assets\tankwar\asset14:IF:8-384,C:\Users\JBNU\git\ConstraintsRecovery\assets\tankwar\asset9:IF:8-248,E100,E687,,FIELD_REFERENCE,C:\Users\JBNU\git\ConstraintsRecovery\assets\tankwar\asset14,321,G4,G4,TankWar_P1|TankWar_P2|TankWar_P3|TankWar_P4|TankWar_P5,TankWar_P1|TankWar_P2|TankWar_P3|TankWar_P4|TankWar_P5,UNKNOWN,UNKNOWN,0.600,0.200,LOW,NONE,RESOLVED_INTERNAL,TankWar_P1|TankWar_P2|TankWar_P3|TankWar_P4|TankWar_P5
D369,C:\Users\JBNU\git\ConstraintsRecovery\assets\tankwar\asset14:IF:8-384,C:\Users\JBNU\git\ConstraintsRecovery\assets\tankwar\asset14:IF:8-384,E100,E87,,FIELD_REFERENCE,C:\Users\JBNU\git\ConstraintsRecovery\assets\tankwar\asset14,321,G4,G4,TankWar_P1|TankWar_P2|TankWar_P3|TankWar_P4|TankWar_P5,TankWar_P1|TankWar_P2|TankWar_P3|TankWar_P4|TankWar_P5,UNKNOWN,UNKNOWN,0.600,0.200,LOW,INTRA_BLOCK,RESOLVED_INTERNAL,TankWar_P1|TankWar_P2|TankWar_P3|TankWar_P4|TankWar_P5
D370,C:\Users\JBNU\git\ConstraintsRecovery\assets\tankwar\asset14:IF:8-384,C:\Users\JBNU\git\ConstraintsRecovery\assets\tankwar\asset14:IF:8-384,E100,E68,,FIELD_REFERENCE,C:\Users\JBNU\git\ConstraintsRecovery\assets\tankwar\asset14,322,G4,G4,TankWar_P1|TankWar_P2|TankWar_P3|TankWar_P4|TankWar_P5,TankWar_P1|TankWar_P2|TankWar_P3|TankWar_P4|TankWar_P5,UNKNOWN,UNKNOWN,0.600,0.200,LOW,INTRA_BLOCK,RESOLVED_INTERNAL,TankWar_P1|TankWar_P2|TankWar_P3|TankWar_P4|TankWar_P5
D371,C:\Users\JBNU\git\ConstraintsRecovery\assets\tankwar\asset14:IF:8-384,C:\Users\JBNU\git\ConstraintsRecovery\assets\tankwar\asset22:IF:8-80,E100,E280,,METHOD_CALL,C:\Users\JBNU\git\ConstraintsRecovery\assets\tankwar\asset14,322,G4,G4,TankWar_P1|TankWar_P2|TankWar_P3|TankWar_P4|TankWar_P5,TankWar_P1|TankWar_P2|TankWar_P3|TankWar_P4|TankWar_P5,UNKNOWN,UNKNOWN,0.750,0.200,LOW,NONE,RESOLVED_INTERNAL,TankWar_P1|TankWar_P2|TankWar_P3|TankWar_P4|TankWar_P5
D372,C:\Users\JBNU\git\ConstraintsRecovery\assets\tankwar\asset14:IF:8-384,C:\Users\JBNU\git\ConstraintsRecovery\assets\tankwar\asset14:IF:8-384,E100,E67,,FIELD_REFERENCE,C:\Users\JBNU\git\ConstraintsRecovery\assets\tankwar\asset14,325,G4,G4,TankWar_P1|TankWar_P2|TankWar_P3|TankWar_P4|TankWar_P5,TankWar_P1|TankWar_P2|TankWar_P3|TankWar_P4|TankWar_P5,UNKNOWN,UNKNOWN,0.600,0.200,LOW,INTRA_BLOCK,RESOLVED_INTERNAL,TankWar_P1|TankWar_P2|TankWar_P3|TankWar_P4|TankWar_P5
D373,C:\Users\JBNU\git\ConstraintsRecovery\assets\tankwar\asset14:IF:8-384,C:\Users\JBNU\git\ConstraintsRecovery\assets\tankwar\asset9:IF:8-248,E100,E687,,FIELD_REFERENCE,C:\Users\JBNU\git\ConstraintsRecovery\assets\tankwar\asset14,325,G4,G4,TankWar_P1|TankWar_P2|TankWar_P3|TankWar_P4|TankWar_P5,TankWar_P1|TankWar_P2|TankWar_P3|TankWar_P4|TankWar_P5,UNKNOWN,UNKNOWN,0.600,0.200,LOW,NONE,RESOLVED_INTERNAL,TankWar_P1|TankWar_P2|TankWar_P3|TankWar_P4|TankWar_P5
D374,C:\Users\JBNU\git\ConstraintsRecovery\assets\tankwar\asset14:IF:8-384,C:\Users\JBNU\git\ConstraintsRecovery\assets\tankwar\asset14:IF:8-384,E100,E69,,FIELD_REFERENCE,C:\Users\JBNU\git\ConstraintsRecovery\assets\tankwar\asset14,325,G4,G4,TankWar_P1|TankWar_P2|TankWar_P3|TankWar_P4|TankWar_P5,TankWar_P1|TankWar_P2|TankWar_P3|TankWar_P4|TankWar_P5,UNKNOWN,UNKNOWN,0.600,0.200,LOW,INTRA_BLOCK,RESOLVED_INTERNAL,TankWar_P1|TankWar_P2|TankWar_P3|TankWar_P4|TankWar_P5
D375,C:\Users\JBNU\git\ConstraintsRecovery\assets\tankwar\asset14:IF:8-384,C:\Users\JBNU\git\ConstraintsRecovery\assets\tankwar\asset14:IF:8-384,E100,E87,,FIELD_REFERENCE,C:\Users\JBNU\git\ConstraintsRecovery\assets\tankwar\asset14,325,G4,G4,TankWar_P1|TankWar_P2|TankWar_P3|TankWar_P4|TankWar_P5,TankWar_P1|TankWar_P2|TankWar_P3|TankWar_P4|TankWar_P5,UNKNOWN,UNKNOWN,0.600,0.200,LOW,INTRA_BLOCK,RESOLVED_INTERNAL,TankWar_P1|TankWar_P2|TankWar_P3|TankWar_P4|TankWar_P5
D376,C:\Users\JBNU\git\ConstraintsRecovery\assets\tankwar\asset14:IF:8-384,C:\Users\JBNU\git\ConstraintsRecovery\assets\tankwar\asset14:IF:8-384,E100,E69,,FIELD_REFERENCE,C:\Users\JBNU\git\ConstraintsRecovery\assets\tankwar\asset14,326,G4,G4,TankWar_P1|TankWar_P2|TankWar_P3|TankWar_P4|TankWar_P5,TankWar_P1|TankWar_P2|TankWar_P3|TankWar_P4|TankWar_P5,UNKNOWN,UNKNOWN,0.600,0.200,LOW,INTRA_BLOCK,RESOLVED_INTERNAL,TankWar_P1|TankWar_P2|TankWar_P3|TankWar_P4|TankWar_P5
D377,C:\Users\JBNU\git\ConstraintsRecovery\assets\tankwar\asset14:IF:8-384,C:\Users\JBNU\git\ConstraintsRecovery\assets\tankwar\asset22:IF:8-80,E100,E280,,METHOD_CALL,C:\Users\JBNU\git\ConstraintsRecovery\assets\tankwar\asset14,326,G4,G4,TankWar_P1|TankWar_P2|TankWar_P3|TankWar_P4|TankWar_P5,TankWar_P1|TankWar_P2|TankWar_P3|TankWar_P4|TankWar_P5,UNKNOWN,UNKNOWN,0.750,0.200,LOW,NONE,RESOLVED_INTERNAL,TankWar_P1|TankWar_P2|TankWar_P3|TankWar_P4|TankWar_P5
D378,C:\Users\JBNU\git\ConstraintsRecovery\assets\tankwar\asset14:IF:8-384,C:\Users\JBNU\git\ConstraintsRecovery\assets\tankwar\asset14:IF:8-384,E100,E67,,FIELD_REFERENCE,C:\Users\JBNU\git\ConstraintsRecovery\assets\tankwar\asset14,329,G4,G4,TankWar_P1|TankWar_P2|TankWar_P3|TankWar_P4|TankWar_P5,TankWar_P1|TankWar_P2|TankWar_P3|TankWar_P4|TankWar_P5,UNKNOWN,UNKNOWN,0.600,0.200,LOW,INTRA_BLOCK,RESOLVED_INTERNAL,TankWar_P1|TankWar_P2|TankWar_P3|TankWar_P4|TankWar_P5
D379,C:\Users\JBNU\git\ConstraintsRecovery\assets\tankwar\asset14:IF:8-384,C:\Users\JBNU\git\ConstraintsRecovery\assets\tankwar\asset14:IF:8-384,E100,E68,,FIELD_REFERENCE,C:\Users\JBNU\git\ConstraintsRecovery\assets\tankwar\asset14,329,G4,G4,TankWar_P1|TankWar_P2|TankWar_P3|TankWar_P4|TankWar_P5,TankWar_P1|TankWar_P2|TankWar_P3|TankWar_P4|TankWar_P5,UNKNOWN,UNKNOWN,0.600,0.200,LOW,INTRA_BLOCK,RESOLVED_INTERNAL,TankWar_P1|TankWar_P2|TankWar_P3|TankWar_P4|TankWar_P5
D380,C:\Users\JBNU\git\ConstraintsRecovery\assets\tankwar\asset14:IF:8-384,C:\Users\JBNU\git\ConstraintsRecovery\assets\tankwar\asset9:IF:8-248,E100,E687,,FIELD_REFERENCE,C:\Users\JBNU\git\ConstraintsRecovery\assets\tankwar\asset14,329,G4,G4,TankWar_P1|TankWar_P2|TankWar_P3|TankWar_P4|TankWar_P5,TankWar_P1|TankWar_P2|TankWar_P3|TankWar_P4|TankWar_P5,UNKNOWN,UNKNOWN,0.600,0.200,LOW,NONE,RESOLVED_INTERNAL,TankWar_P1|TankWar_P2|TankWar_P3|TankWar_P4|TankWar_P5
D381,C:\Users\JBNU\git\ConstraintsRecovery\assets\tankwar\asset14:IF:8-384,C:\Users\JBNU\git\ConstraintsRecovery\assets\tankwar\asset14:IF:8-384,E100,E87,,FIELD_REFERENCE,C:\Users\JBNU\git\ConstraintsRecovery\assets\tankwar\asset14,329,G4,G4,TankWar_P1|TankWar_P2|TankWar_P3|TankWar_P4|TankWar_P5,TankWar_P1|TankWar_P2|TankWar_P3|TankWar_P4|TankWar_P5,UNKNOWN,UNKNOWN,0.600,0.200,LOW,INTRA_BLOCK,RESOLVED_INTERNAL,TankWar_P1|TankWar_P2|TankWar_P3|TankWar_P4|TankWar_P5
D382,C:\Users\JBNU\git\ConstraintsRecovery\assets\tankwar\asset14:IF:8-384,C:\Users\JBNU\git\ConstraintsRecovery\assets\tankwar\asset14:IF:8-384,E100,E68,,FIELD_REFERENCE,C:\Users\JBNU\git\ConstraintsRecovery\assets\tankwar\asset14,330,G4,G4,TankWar_P1|TankWar_P2|TankWar_P3|TankWar_P4|TankWar_P5,TankWar_P1|TankWar_P2|TankWar_P3|TankWar_P4|TankWar_P5,UNKNOWN,UNKNOWN,0.600,0.200,LOW,INTRA_BLOCK,RESOLVED_INTERNAL,TankWar_P1|TankWar_P2|TankWar_P3|TankWar_P4|TankWar_P5
D383,C:\Users\JBNU\git\ConstraintsRecovery\assets\tankwar\asset14:IF:8-384,C:\Users\JBNU\git\ConstraintsRecovery\assets\tankwar\asset22:IF:8-80,E100,E280,,METHOD_CALL,C:\Users\JBNU\git\ConstraintsRecovery\assets\tankwar\asset14,330,G4,G4,TankWar_P1|TankWar_P2|TankWar_P3|TankWar_P4|TankWar_P5,TankWar_P1|TankWar_P2|TankWar_P3|TankWar_P4|TankWar_P5,UNKNOWN,UNKNOWN,0.750,0.200,LOW,NONE,RESOLVED_INTERNAL,TankWar_P1|TankWar_P2|TankWar_P3|TankWar_P4|TankWar_P5
D384,C:\Users\JBNU\git\ConstraintsRecovery\assets\tankwar\asset14:IF:8-384,C:\Users\JBNU\git\ConstraintsRecovery\assets\tankwar\asset14:IF:8-384,E100,E84,,FIELD_REFERENCE,C:\Users\JBNU\git\ConstraintsRecovery\assets\tankwar\asset14,334,G4,G4,TankWar_P1|TankWar_P2|TankWar_P3|TankWar_P4|TankWar_P5,TankWar_P1|TankWar_P2|TankWar_P3|TankWar_P4|TankWar_P5,UNKNOWN,UNKNOWN,0.600,0.200,LOW,INTRA_BLOCK,RESOLVED_INTERNAL,TankWar_P1|TankWar_P2|TankWar_P3|TankWar_P4|TankWar_P5
D385,C:\Users\JBNU\git\ConstraintsRecovery\assets\tankwar\asset14:IF:8-384,C:\Users\JBNU\git\ConstraintsRecovery\assets\tankwar\asset14:IF:8-384,E100,E90,,FIELD_REFERENCE,C:\Users\JBNU\git\ConstraintsRecovery\assets\tankwar\asset14,334,G4,G4,TankWar_P1|TankWar_P2|TankWar_P3|TankWar_P4|TankWar_P5,TankWar_P1|TankWar_P2|TankWar_P3|TankWar_P4|TankWar_P5,UNKNOWN,UNKNOWN,0.600,0.200,LOW,INTRA_BLOCK,RESOLVED_INTERNAL,TankWar_P1|TankWar_P2|TankWar_P3|TankWar_P4|TankWar_P5
D386,C:\Users\JBNU\git\ConstraintsRecovery\assets\tankwar\asset14:IF:8-384,C:\Users\JBNU\git\ConstraintsRecovery\assets\tankwar\asset14:IF:8-384,E100,E89,,FIELD_REFERENCE,C:\Users\JBNU\git\ConstraintsRecovery\assets\tankwar\asset14,335,G4,G4,TankWar_P1|TankWar_P2|TankWar_P3|TankWar_P4|TankWar_P5,TankWar_P1|TankWar_P2|TankWar_P3|TankWar_P4|TankWar_P5,UNKNOWN,UNKNOWN,0.600,0.200,LOW,INTRA_BLOCK,RESOLVED_INTERNAL,TankWar_P1|TankWar_P2|TankWar_P3|TankWar_P4|TankWar_P5
D387,C:\Users\JBNU\git\ConstraintsRecovery\assets\tankwar\asset14:IF:8-384,C:\Users\JBNU\git\ConstraintsRecovery\assets\tankwar\asset14:IF:8-384,E100,E90,,FIELD_REFERENCE,C:\Users\JBNU\git\ConstraintsRecovery\assets\tankwar\asset14,335,G4,G4,TankWar_P1|TankWar_P2|TankWar_P3|TankWar_P4|TankWar_P5,TankWar_P1|TankWar_P2|TankWar_P3|TankWar_P4|TankWar_P5,UNKNOWN,UNKNOWN,0.600,0.200,LOW,INTRA_BLOCK,RESOLVED_INTERNAL,TankWar_P1|TankWar_P2|TankWar_P3|TankWar_P4|TankWar_P5
D388,C:\Users\JBNU\git\ConstraintsRecovery\assets\tankwar\asset14:IF:8-384,C:\Users\JBNU\git\ConstraintsRecovery\assets\tankwar\asset9:IF:8-248,E100,E686,,FIELD_REFERENCE,C:\Users\JBNU\git\ConstraintsRecovery\assets\tankwar\asset14,336,G4,G4,TankWar_P1|TankWar_P2|TankWar_P3|TankWar_P4|TankWar_P5,TankWar_P1|TankWar_P2|TankWar_P3|TankWar_P4|TankWar_P5,UNKNOWN,UNKNOWN,0.600,0.200,LOW,NONE,RESOLVED_INTERNAL,TankWar_P1|TankWar_P2|TankWar_P3|TankWar_P4|TankWar_P5
D389,C:\Users\JBNU\git\ConstraintsRecovery\assets\tankwar\asset14:IF:8-384,C:\Users\JBNU\git\ConstraintsRecovery\assets\tankwar\asset9:IF:8-248,E100,E687,,FIELD_REFERENCE,C:\Users\JBNU\git\ConstraintsRecovery\assets\tankwar\asset14,336,G4,G4,TankWar_P1|TankWar_P2|TankWar_P3|TankWar_P4|TankWar_P5,TankWar_P1|TankWar_P2|TankWar_P3|TankWar_P4|TankWar_P5,UNKNOWN,UNKNOWN,0.600,0.200,LOW,NONE,RESOLVED_INTERNAL,TankWar_P1|TankWar_P2|TankWar_P3|TankWar_P4|TankWar_P5
D390,C:\Users\JBNU\git\ConstraintsRecovery\assets\tankwar\asset14:IF:8-384,C:\Users\JBNU\git\ConstraintsRecovery\assets\tankwar\asset14:IF:8-384,E100,E68,,FIELD_REFERENCE,C:\Users\JBNU\git\ConstraintsRecovery\assets\tankwar\asset14,339,G4,G4,TankWar_P1|TankWar_P2|TankWar_P3|TankWar_P4|TankWar_P5,TankWar_P1|TankWar_P2|TankWar_P3|TankWar_P4|TankWar_P5,UNKNOWN,UNKNOWN,0.600,0.200,LOW,INTRA_BLOCK,RESOLVED_INTERNAL,TankWar_P1|TankWar_P2|TankWar_P3|TankWar_P4|TankWar_P5
D391,C:\Users\JBNU\git\ConstraintsRecovery\assets\tankwar\asset14:IF:8-384,C:\Users\JBNU\git\ConstraintsRecovery\assets\tankwar\asset14:IF:8-384,E100,E69,,FIELD_REFERENCE,C:\Users\JBNU\git\ConstraintsRecovery\assets\tankwar\asset14,340,G4,G4,TankWar_P1|TankWar_P2|TankWar_P3|TankWar_P4|TankWar_P5,TankWar_P1|TankWar_P2|TankWar_P3|TankWar_P4|TankWar_P5,UNKNOWN,UNKNOWN,0.600,0.200,LOW,INTRA_BLOCK,RESOLVED_INTERNAL,TankWar_P1|TankWar_P2|TankWar_P3|TankWar_P4|TankWar_P5
D392,C:\Users\JBNU\git\ConstraintsRecovery\assets\tankwar\asset14:IF:8-384,C:\Users\JBNU\git\ConstraintsRecovery\assets\tankwar\asset9:IF:8-248,E100,E695,,FIELD_REFERENCE,C:\Users\JBNU\git\ConstraintsRecovery\assets\tankwar\asset14,342,G4,G4,TankWar_P1|TankWar_P2|TankWar_P3|TankWar_P4|TankWar_P5,TankWar_P1|TankWar_P2|TankWar_P3|TankWar_P4|TankWar_P5,UNKNOWN,UNKNOWN,0.600,0.200,LOW,NONE,RESOLVED_INTERNAL,TankWar_P1|TankWar_P2|TankWar_P3|TankWar_P4|TankWar_P5
D393,C:\Users\JBNU\git\ConstraintsRecovery\assets\tankwar\asset14:IF:8-384,C:\Users\JBNU\git\ConstraintsRecovery\assets\tankwar\asset9:IF:8-248,E100,E689,,FIELD_REFERENCE,C:\Users\JBNU\git\ConstraintsRecovery\assets\tankwar\asset14,343,G4,G4,TankWar_P1|TankWar_P2|TankWar_P3|TankWar_P4|TankWar_P5,TankWar_P1|TankWar_P2|TankWar_P3|TankWar_P4|TankWar_P5,UNKNOWN,UNKNOWN,0.600,0.200,LOW,NONE,RESOLVED_INTERNAL,TankWar_P1|TankWar_P2|TankWar_P3|TankWar_P4|TankWar_P5
D394,C:\Users\JBNU\git\ConstraintsRecovery\assets\tankwar\asset14:IF:8-384,C:\Users\JBNU\git\ConstraintsRecovery\assets\tankwar\asset9:IF:8-248,E100,E689,,FIELD_REFERENCE,C:\Users\JBNU\git\ConstraintsRecovery\assets\tankwar\asset14,344,G4,G4,TankWar_P1|TankWar_P2|TankWar_P3|TankWar_P4|TankWar_P5,TankWar_P1|TankWar_P2|TankWar_P3|TankWar_P4|TankWar_P5,UNKNOWN,UNKNOWN,0.600,0.200,LOW,NONE,RESOLVED_INTERNAL,TankWar_P1|TankWar_P2|TankWar_P3|TankWar_P4|TankWar_P5
D395,C:\Users\JBNU\git\ConstraintsRecovery\assets\tankwar\asset14:IF:8-384,C:\Users\JBNU\git\ConstraintsRecovery\assets\tankwar\asset14:IF:8-384,E100,E68,,FIELD_REFERENCE,C:\Users\JBNU\git\ConstraintsRecovery\assets\tankwar\asset14,345,G4,G4,TankWar_P1|TankWar_P2|TankWar_P3|TankWar_P4|TankWar_P5,TankWar_P1|TankWar_P2|TankWar_P3|TankWar_P4|TankWar_P5,UNKNOWN,UNKNOWN,0.600,0.200,LOW,INTRA_BLOCK,RESOLVED_INTERNAL,TankWar_P1|TankWar_P2|TankWar_P3|TankWar_P4|TankWar_P5
D396,C:\Users\JBNU\git\ConstraintsRecovery\assets\tankwar\asset14:IF:8-384,C:\Users\JBNU\git\ConstraintsRecovery\assets\tankwar\asset14:IF:8-384,E100,E69,,FIELD_REFERENCE,C:\Users\JBNU\git\ConstraintsRecovery\assets\tankwar\asset14,346,G4,G4,TankWar_P1|TankWar_P2|TankWar_P3|TankWar_P4|TankWar_P5,TankWar_P1|TankWar_P2|TankWar_P3|TankWar_P4|TankWar_P5,UNKNOWN,UNKNOWN,0.600,0.200,LOW,INTRA_BLOCK,RESOLVED_INTERNAL,TankWar_P1|TankWar_P2|TankWar_P3|TankWar_P4|TankWar_P5
D397,C:\Users\JBNU\git\ConstraintsRecovery\assets\tankwar\asset14:IF:8-384,C:\Users\JBNU\git\ConstraintsRecovery\assets\tankwar\asset9:IF:8-248,E100,E697,,FIELD_REFERENCE,C:\Users\JBNU\git\ConstraintsRecovery\assets\tankwar\asset14,348,G4,G4,TankWar_P1|TankWar_P2|TankWar_P3|TankWar_P4|TankWar_P5,TankWar_P1|TankWar_P2|TankWar_P3|TankWar_P4|TankWar_P5,UNKNOWN,UNKNOWN,0.600,0.200,LOW,NONE,RESOLVED_INTERNAL,TankWar_P1|TankWar_P2|TankWar_P3|TankWar_P4|TankWar_P5
D398,C:\Users\JBNU\git\ConstraintsRecovery\assets\tankwar\asset14:IF:8-384,C:\Users\JBNU\git\ConstraintsRecovery\assets\tankwar\asset14:IF:8-384,E100,E68,,FIELD_REFERENCE,C:\Users\JBNU\git\ConstraintsRecovery\assets\tankwar\asset14,351,G4,G4,TankWar_P1|TankWar_P2|TankWar_P3|TankWar_P4|TankWar_P5,TankWar_P1|TankWar_P2|TankWar_P3|TankWar_P4|TankWar_P5,UNKNOWN,UNKNOWN,0.600,0.200,LOW,INTRA_BLOCK,RESOLVED_INTERNAL,TankWar_P1|TankWar_P2|TankWar_P3|TankWar_P4|TankWar_P5
D399,C:\Users\JBNU\git\ConstraintsRecovery\assets\tankwar\asset14:IF:8-384,C:\Users\JBNU\git\ConstraintsRecovery\assets\tankwar\asset14:IF:8-384,E100,E69,,FIELD_REFERENCE,C:\Users\JBNU\git\ConstraintsRecovery\assets\tankwar\asset14,352,G4,G4,TankWar_P1|TankWar_P2|TankWar_P3|TankWar_P4|TankWar_P5,TankWar_P1|TankWar_P2|TankWar_P3|TankWar_P4|TankWar_P5,UNKNOWN,UNKNOWN,0.600,0.200,LOW,INTRA_BLOCK,RESOLVED_INTERNAL,TankWar_P1|TankWar_P2|TankWar_P3|TankWar_P4|TankWar_P5
D400,C:\Users\JBNU\git\ConstraintsRecovery\assets\tankwar\asset14:IF:8-384,C:\Users\JBNU\git\ConstraintsRecovery\assets\tankwar\asset9:IF:8-248,E100,E698,,FIELD_REFERENCE,C:\Users\JBNU\git\ConstraintsRecovery\assets\tankwar\asset14,354,G4,G4,TankWar_P1|TankWar_P2|TankWar_P3|TankWar_P4|TankWar_P5,TankWar_P1|TankWar_P2|TankWar_P3|TankWar_P4|TankWar_P5,UNKNOWN,UNKNOWN,0.600,0.200,LOW,NONE,RESOLVED_INTERNAL,TankWar_P1|TankWar_P2|TankWar_P3|TankWar_P4|TankWar_P5
D401,C:\Users\JBNU\git\ConstraintsRecovery\assets\tankwar\asset14:IF:8-384,C:\Users\JBNU\git\ConstraintsRecovery\assets\tankwar\asset14:IF:8-384,E100,E68,,FIELD_REFERENCE,C:\Users\JBNU\git\ConstraintsRecovery\assets\tankwar\asset14,357,G4,G4,TankWar_P1|TankWar_P2|TankWar_P3|TankWar_P4|TankWar_P5,TankWar_P1|TankWar_P2|TankWar_P3|TankWar_P4|TankWar_P5,UNKNOWN,UNKNOWN,0.600,0.200,LOW,INTRA_BLOCK,RESOLVED_INTERNAL,TankWar_P1|TankWar_P2|TankWar_P3|TankWar_P4|TankWar_P5
D402,C:\Users\JBNU\git\ConstraintsRecovery\assets\tankwar\asset14:IF:8-384,C:\Users\JBNU\git\ConstraintsRecovery\assets\tankwar\asset14:IF:8-384,E100,E69,,FIELD_REFERENCE,C:\Users\JBNU\git\ConstraintsRecovery\assets\tankwar\asset14,358,G4,G4,TankWar_P1|TankWar_P2|TankWar_P3|TankWar_P4|TankWar_P5,TankWar_P1|TankWar_P2|TankWar_P3|TankWar_P4|TankWar_P5,UNKNOWN,UNKNOWN,0.600,0.200,LOW,INTRA_BLOCK,RESOLVED_INTERNAL,TankWar_P1|TankWar_P2|TankWar_P3|TankWar_P4|TankWar_P5
D403,C:\Users\JBNU\git\ConstraintsRecovery\assets\tankwar\asset14:IF:8-384,C:\Users\JBNU\git\ConstraintsRecovery\assets\tankwar\asset9:IF:8-248,E100,E700,,FIELD_REFERENCE,C:\Users\JBNU\git\ConstraintsRecovery\assets\tankwar\asset14,360,G4,G4,TankWar_P1|TankWar_P2|TankWar_P3|TankWar_P4|TankWar_P5,TankWar_P1|TankWar_P2|TankWar_P3|TankWar_P4|TankWar_P5,UNKNOWN,UNKNOWN,0.600,0.200,LOW,NONE,RESOLVED_INTERNAL,TankWar_P1|TankWar_P2|TankWar_P3|TankWar_P4|TankWar_P5
D404,C:\Users\JBNU\git\ConstraintsRecovery\assets\tankwar\asset14:IF:8-384,C:\Users\JBNU\git\ConstraintsRecovery\assets\tankwar\asset14:IF:8-384,E100,E68,,FIELD_REFERENCE,C:\Users\JBNU\git\ConstraintsRecovery\assets\tankwar\asset14,363,G4,G4,TankWar_P1|TankWar_P2|TankWar_P3|TankWar_P4|TankWar_P5,TankWar_P1|TankWar_P2|TankWar_P3|TankWar_P4|TankWar_P5,UNKNOWN,UNKNOWN,0.600,0.200,LOW,INTRA_BLOCK,RESOLVED_INTERNAL,TankWar_P1|TankWar_P2|TankWar_P3|TankWar_P4|TankWar_P5
D405,C:\Users\JBNU\git\ConstraintsRecovery\assets\tankwar\asset14:IF:8-384,C:\Users\JBNU\git\ConstraintsRecovery\assets\tankwar\asset14:IF:8-384,E100,E69,,FIELD_REFERENCE,C:\Users\JBNU\git\ConstraintsRecovery\assets\tankwar\asset14,364,G4,G4,TankWar_P1|TankWar_P2|TankWar_P3|TankWar_P4|TankWar_P5,TankWar_P1|TankWar_P2|TankWar_P3|TankWar_P4|TankWar_P5,UNKNOWN,UNKNOWN,0.600,0.200,LOW,INTRA_BLOCK,RESOLVED_INTERNAL,TankWar_P1|TankWar_P2|TankWar_P3|TankWar_P4|TankWar_P5
D407,C:\Users\JBNU\git\ConstraintsRecovery\assets\tankwar\asset14:IF:8-384,C:\Users\JBNU\git\ConstraintsRecovery\assets\tankwar\asset14:IF:8-384,E102,E86,,FIELD_REFERENCE,C:\Users\JBNU\git\ConstraintsRecovery\assets\tankwar\asset14,370,G4,G4,TankWar_P1|TankWar_P2|TankWar_P3|TankWar_P4|TankWar_P5,TankWar_P1|TankWar_P2|TankWar_P3|TankWar_P4|TankWar_P5,UNKNOWN,UNKNOWN,0.600,0.200,LOW,INTRA_BLOCK,RESOLVED_INTERNAL,TankWar_P1|TankWar_P2|TankWar_P3|TankWar_P4|TankWar_P5
D408,C:\Users\JBNU\git\ConstraintsRecovery\assets\tankwar\asset14:IF:8-384,C:\Users\JBNU\git\ConstraintsRecovery\assets\tankwar\asset14:IF:8-384,E102,E76,,FIELD_REFERENCE,C:\Users\JBNU\git\ConstraintsRecovery\assets\tankwar\asset14,371,G4,G4,TankWar_P1|TankWar_P2|TankWar_P3|TankWar_P4|TankWar_P5,TankWar_P1|TankWar_P2|TankWar_P3|TankWar_P4|TankWar_P5,UNKNOWN,UNKNOWN,0.600,0.200,LOW,INTRA_BLOCK,RESOLVED_INTERNAL,TankWar_P1|TankWar_P2|TankWar_P3|TankWar_P4|TankWar_P5
D409,C:\Users\JBNU\git\ConstraintsRecovery\assets\tankwar\asset14:IF:8-384,C:\Users\JBNU\git\ConstraintsRecovery\assets\tankwar\asset14:IF:8-384,E102,E76,,FIELD_REFERENCE,C:\Users\JBNU\git\ConstraintsRecovery\assets\tankwar\asset14,372,G4,G4,TankWar_P1|TankWar_P2|TankWar_P3|TankWar_P4|TankWar_P5,TankWar_P1|TankWar_P2|TankWar_P3|TankWar_P4|TankWar_P5,UNKNOWN,UNKNOWN,0.600,0.200,LOW,INTRA_BLOCK,RESOLVED_INTERNAL,TankWar_P1|TankWar_P2|TankWar_P3|TankWar_P4|TankWar_P5
D410,C:\Users\JBNU\git\ConstraintsRecovery\assets\tankwar\asset14:IF:8-384,C:\Users\JBNU\git\ConstraintsRecovery\assets\tankwar\asset14:IF:8-384,E102,E103,,METHOD_CALL,C:\Users\JBNU\git\ConstraintsRecovery\assets\tankwar\asset14,373,G4,G4,TankWar_P1|TankWar_P2|TankWar_P3|TankWar_P4|TankWar_P5,TankWar_P1|TankWar_P2|TankWar_P3|TankWar_P4|TankWar_P5,UNKNOWN,UNKNOWN,0.750,0.200,LOW,INTRA_BLOCK,RESOLVED_INTERNAL,TankWar_P1|TankWar_P2|TankWar_P3|TankWar_P4|TankWar_P5
D411,C:\Users\JBNU\git\ConstraintsRecovery\assets\tankwar\asset14:IF:8-384,C:\Users\JBNU\git\ConstraintsRecovery\assets\tankwar\asset9:IF:8-248,E103,E695,,FIELD_REFERENCE,C:\Users\JBNU\git\ConstraintsRecovery\assets\tankwar\asset14,377,G4,G4,TankWar_P1|TankWar_P2|TankWar_P3|TankWar_P4|TankWar_P5,TankWar_P1|TankWar_P2|TankWar_P3|TankWar_P4|TankWar_P5,UNKNOWN,UNKNOWN,0.600,0.200,LOW,NONE,RESOLVED_INTERNAL,TankWar_P1|TankWar_P2|TankWar_P3|TankWar_P4|TankWar_P5
D412,C:\Users\JBNU\git\ConstraintsRecovery\assets\tankwar\asset14:IF:8-384,C:\Users\JBNU\git\ConstraintsRecovery\assets\tankwar\asset22:IF:8-80,E103,E267,,FIELD_REFERENCE,C:\Users\JBNU\git\ConstraintsRecovery\assets\tankwar\asset14,378,G4,G4,TankWar_P1|TankWar_P2|TankWar_P3|TankWar_P4|TankWar_P5,TankWar_P1|TankWar_P2|TankWar_P3|TankWar_P4|TankWar_P5,UNKNOWN,UNKNOWN,0.600,0.200,LOW,NONE,RESOLVED_INTERNAL,TankWar_P1|TankWar_P2|TankWar_P3|TankWar_P4|TankWar_P5
D413,C:\Users\JBNU\git\ConstraintsRecovery\assets\tankwar\asset14:IF:8-384,C:\Users\JBNU\git\ConstraintsRecovery\assets\tankwar\asset9:IF:8-248,E103,E691,,FIELD_REFERENCE,C:\Users\JBNU\git\ConstraintsRecovery\assets\tankwar\asset14,378,G4,G4,TankWar_P1|TankWar_P2|TankWar_P3|TankWar_P4|TankWar_P5,TankWar_P1|TankWar_P2|TankWar_P3|TankWar_P4|TankWar_P5,UNKNOWN,UNKNOWN,0.600,0.200,LOW,NONE,RESOLVED_INTERNAL,TankWar_P1|TankWar_P2|TankWar_P3|TankWar_P4|TankWar_P5
D414,C:\Users\JBNU\git\ConstraintsRecovery\assets\tankwar\asset14:IF:8-384,C:\Users\JBNU\git\ConstraintsRecovery\assets\tankwar\asset9:IF:8-248,E103,E691,,FIELD_REFERENCE,C:\Users\JBNU\git\ConstraintsRecovery\assets\tankwar\asset14,379,G4,G4,TankWar_P1|TankWar_P2|TankWar_P3|TankWar_P4|TankWar_P5,TankWar_P1|TankWar_P2|TankWar_P3|TankWar_P4|TankWar_P5,UNKNOWN,UNKNOWN,0.600,0.200,LOW,NONE,RESOLVED_INTERNAL,TankWar_P1|TankWar_P2|TankWar_P3|TankWar_P4|TankWar_P5
D591,C:\Users\JBNU\git\ConstraintsRecovery\assets\tankwar\asset15:IF:8-281,C:\Users\JBNU\git\ConstraintsRecovery\assets\tankwar\asset15:IF:8-281,E120,E110,,FIELD_REFERENCE,C:\Users\JBNU\git\ConstraintsRecovery\assets\tankwar\asset15,31,G4,G4,TankWar_P1|TankWar_P2|TankWar_P3|TankWar_P4|TankWar_P5,TankWar_P1|TankWar_P2|TankWar_P3|TankWar_P4|TankWar_P5,UNKNOWN,UNKNOWN,0.600,0.200,LOW,INTRA_BLOCK,RESOLVED_INTERNAL,TankWar_P1|TankWar_P2|TankWar_P3|TankWar_P4|TankWar_P5
D592,C:\Users\JBNU\git\ConstraintsRecovery\assets\tankwar\asset15:IF:8-281,C:\Users\JBNU\git\ConstraintsRecovery\assets\tankwar\asset15:IF:8-281,E120,E109,,FIELD_REFERENCE,C:\Users\JBNU\git\ConstraintsRecovery\assets\tankwar\asset15,32,G4,G4,TankWar_P1|TankWar_P2|TankWar_P3|TankWar_P4|TankWar_P5,TankWar_P1|TankWar_P2|TankWar_P3|TankWar_P4|TankWar_P5,UNKNOWN,UNKNOWN,0.600,0.200,LOW,INTRA_BLOCK,RESOLVED_INTERNAL,TankWar_P1|TankWar_P2|TankWar_P3|TankWar_P4|TankWar_P5
D593,C:\Users\JBNU\git\ConstraintsRecovery\assets\tankwar\asset15:IF:8-281,C:\Users\JBNU\git\ConstraintsRecovery\assets\tankwar\asset15:IF:8-281,E120,E111,,FIELD_REFERENCE,C:\Users\JBNU\git\ConstraintsRecovery\assets\tankwar\asset15,33,G4,G4,TankWar_P1|TankWar_P2|TankWar_P3|TankWar_P4|TankWar_P5,TankWar_P1|TankWar_P2|TankWar_P3|TankWar_P4|TankWar_P5,UNKNOWN,UNKNOWN,0.600,0.200,LOW,INTRA_BLOCK,RESOLVED_INTERNAL,TankWar_P1|TankWar_P2|TankWar_P3|TankWar_P4|TankWar_P5
D594,C:\Users\JBNU\git\ConstraintsRecovery\assets\tankwar\asset15:IF:8-281,C:\Users\JBNU\git\ConstraintsRecovery\assets\tankwar\asset15:IF:8-281,E121,E111,,FIELD_REFERENCE,C:\Users\JBNU\git\ConstraintsRecovery\assets\tankwar\asset15,36,G4,G4,TankWar_P1|TankWar_P2|TankWar_P3|TankWar_P4|TankWar_P5,TankWar_P1|TankWar_P2|TankWar_P3|TankWar_P4|TankWar_P5,UNKNOWN,UNKNOWN,0.600,0.200,LOW,INTRA_BLOCK,RESOLVED_INTERNAL,TankWar_P1|TankWar_P2|TankWar_P3|TankWar_P4|TankWar_P5
D595,C:\Users\JBNU\git\ConstraintsRecovery\assets\tankwar\asset15:IF:8-281,C:\Users\JBNU\git\ConstraintsRecovery\assets\tankwar\asset15:IF:8-281,E122,E107,,FIELD_REFERENCE,C:\Users\JBNU\git\ConstraintsRecovery\assets\tankwar\asset15,39,G4,G4,TankWar_P1|TankWar_P2|TankWar_P3|TankWar_P4|TankWar_P5,TankWar_P1|TankWar_P2|TankWar_P3|TankWar_P4|TankWar_P5,UNKNOWN,UNKNOWN,0.600,0.200,LOW,INTRA_BLOCK,RESOLVED_INTERNAL,TankWar_P1|TankWar_P2|TankWar_P3|TankWar_P4|TankWar_P5
D596,C:\Users\JBNU\git\ConstraintsRecovery\assets\tankwar\asset15:IF:8-281,C:\Users\JBNU\git\ConstraintsRecovery\assets\tankwar\asset15:IF:8-281,E122,E108,,FIELD_REFERENCE,C:\Users\JBNU\git\ConstraintsRecovery\assets\tankwar\asset15,40,G4,G4,TankWar_P1|TankWar_P2|TankWar_P3|TankWar_P4|TankWar_P5,TankWar_P1|TankWar_P2|TankWar_P3|TankWar_P4|TankWar_P5,UNKNOWN,UNKNOWN,0.600,0.200,LOW,INTRA_BLOCK,RESOLVED_INTERNAL,TankWar_P1|TankWar_P2|TankWar_P3|TankWar_P4|TankWar_P5
D597,C:\Users\JBNU\git\ConstraintsRecovery\assets\tankwar\asset15:IF:8-281,C:\Users\JBNU\git\ConstraintsRecovery\assets\tankwar\asset15:IF:8-281,E123,E115,,FIELD_REFERENCE,C:\Users\JBNU\git\ConstraintsRecovery\assets\tankwar\asset15,43,G4,G4,TankWar_P1|TankWar_P2|TankWar_P3|TankWar_P4|TankWar_P5,TankWar_P1|TankWar_P2|TankWar_P3|TankWar_P4|TankWar_P5,UNKNOWN,UNKNOWN,0.600,0.200,LOW,INTRA_BLOCK,RESOLVED_INTERNAL,TankWar_P1|TankWar_P2|TankWar_P3|TankWar_P4|TankWar_P5
D598,C:\Users\JBNU\git\ConstraintsRecovery\assets\tankwar\asset15:IF:8-281,C:\Users\JBNU\git\ConstraintsRecovery\assets\tankwar\asset15:IF:8-281,E123,E116,,FIELD_REFERENCE,C:\Users\JBNU\git\ConstraintsRecovery\assets\tankwar\asset15,44,G4,G4,TankWar_P1|TankWar_P2|TankWar_P3|TankWar_P4|TankWar_P5,TankWar_P1|TankWar_P2|TankWar_P3|TankWar_P4|TankWar_P5,UNKNOWN,UNKNOWN,0.600,0.200,LOW,INTRA_BLOCK,RESOLVED_INTERNAL,TankWar_P1|TankWar_P2|TankWar_P3|TankWar_P4|TankWar_P5
D599,C:\Users\JBNU\git\ConstraintsRecovery\assets\tankwar\asset15:IF:8-281,C:\Users\JBNU\git\ConstraintsRecovery\assets\tankwar\asset15:IF:8-281,E124,E109,,FIELD_REFERENCE,C:\Users\JBNU\git\ConstraintsRecovery\assets\tankwar\asset15,47,G4,G4,TankWar_P1|TankWar_P2|TankWar_P3|TankWar_P4|TankWar_P5,TankWar_P1|TankWar_P2|TankWar_P3|TankWar_P4|TankWar_P5,UNKNOWN,UNKNOWN,0.600,0.200,LOW,INTRA_BLOCK,RESOLVED_INTERNAL,TankWar_P1|TankWar_P2|TankWar_P3|TankWar_P4|TankWar_P5
D600,C:\Users\JBNU\git\ConstraintsRecovery\assets\tankwar\asset15:IF:8-281,C:\Users\JBNU\git\ConstraintsRecovery\assets\tankwar\asset15:IF:8-281,E125,E112,,FIELD_REFERENCE,C:\Users\JBNU\git\ConstraintsRecovery\assets\tankwar\asset15,50,G4,G4,TankWar_P1|TankWar_P2|TankWar_P3|TankWar_P4|TankWar_P5,TankWar_P1|TankWar_P2|TankWar_P3|TankWar_P4|TankWar_P5,UNKNOWN,UNKNOWN,0.600,0.200,LOW,INTRA_BLOCK,RESOLVED_INTERNAL,TankWar_P1|TankWar_P2|TankWar_P3|TankWar_P4|TankWar_P5
D601,C:\Users\JBNU\git\ConstraintsRecovery\assets\tankwar\asset15:IF:8-281,C:\Users\JBNU\git\ConstraintsRecovery\assets\tankwar\asset15:IF:8-281,E125,E112,,FIELD_REFERENCE,C:\Users\JBNU\git\ConstraintsRecovery\assets\tankwar\asset15,51,G4,G4,TankWar_P1|TankWar_P2|TankWar_P3|TankWar_P4|TankWar_P5,TankWar_P1|TankWar_P2|TankWar_P3|TankWar_P4|TankWar_P5,UNKNOWN,UNKNOWN,0.600,0.200,LOW,INTRA_BLOCK,RESOLVED_INTERNAL,TankWar_P1|TankWar_P2|TankWar_P3|TankWar_P4|TankWar_P5
D602,C:\Users\JBNU\git\ConstraintsRecovery\assets\tankwar\asset15:IF:8-281,C:\Users\JBNU\git\ConstraintsRecovery\assets\tankwar\asset15:IF:8-281,E125,E113,,FIELD_REFERENCE,C:\Users\JBNU\git\ConstraintsRecovery\assets\tankwar\asset15,53,G4,G4,TankWar_P1|TankWar_P2|TankWar_P3|TankWar_P4|TankWar_P5,TankWar_P1|TankWar_P2|TankWar_P3|TankWar_P4|TankWar_P5,UNKNOWN,UNKNOWN,0.600,0.200,LOW,INTRA_BLOCK,RESOLVED_INTERNAL,TankWar_P1|TankWar_P2|TankWar_P3|TankWar_P4|TankWar_P5
D603,C:\Users\JBNU\git\ConstraintsRecovery\assets\tankwar\asset15:IF:8-281,C:\Users\JBNU\git\ConstraintsRecovery\assets\tankwar\asset15:IF:8-281,E125,E114,,FIELD_REFERENCE,C:\Users\JBNU\git\ConstraintsRecovery\assets\tankwar\asset15,54,G4,G4,TankWar_P1|TankWar_P2|TankWar_P3|TankWar_P4|TankWar_P5,TankWar_P1|TankWar_P2|TankWar_P3|TankWar_P4|TankWar_P5,UNKNOWN,UNKNOWN,0.600,0.200,LOW,INTRA_BLOCK,RESOLVED_INTERNAL,TankWar_P1|TankWar_P2|TankWar_P3|TankWar_P4|TankWar_P5
D604,C:\Users\JBNU\git\ConstraintsRecovery\assets\tankwar\asset15:IF:8-281,C:\Users\JBNU\git\ConstraintsRecovery\assets\tankwar\asset15:IF:8-281,E125,E113,,FIELD_REFERENCE,C:\Users\JBNU\git\ConstraintsRecovery\assets\tankwar\asset15,57,G4,G4,TankWar_P1|TankWar_P2|TankWar_P3|TankWar_P4|TankWar_P5,TankWar_P1|TankWar_P2|TankWar_P3|TankWar_P4|TankWar_P5,UNKNOWN,UNKNOWN,0.600,0.200,LOW,INTRA_BLOCK,RESOLVED_INTERNAL,TankWar_P1|TankWar_P2|TankWar_P3|TankWar_P4|TankWar_P5
D605,C:\Users\JBNU\git\ConstraintsRecovery\assets\tankwar\asset15:IF:8-281,C:\Users\JBNU\git\ConstraintsRecovery\assets\tankwar\asset15:IF:8-281,E125,E114,,FIELD_REFERENCE,C:\Users\JBNU\git\ConstraintsRecovery\assets\tankwar\asset15,58,G4,G4,TankWar_P1|TankWar_P2|TankWar_P3|TankWar_P4|TankWar_P5,TankWar_P1|TankWar_P2|TankWar_P3|TankWar_P4|TankWar_P5,UNKNOWN,UNKNOWN,0.600,0.200,LOW,INTRA_BLOCK,RESOLVED_INTERNAL,TankWar_P1|TankWar_P2|TankWar_P3|TankWar_P4|TankWar_P5
D606,C:\Users\JBNU\git\ConstraintsRecovery\assets\tankwar\asset15:IF:8-281,C:\Users\JBNU\git\ConstraintsRecovery\assets\tankwar\asset15:IF:8-281,E125,E113,,FIELD_REFERENCE,C:\Users\JBNU\git\ConstraintsRecovery\assets\tankwar\asset15,61,G4,G4,TankWar_P1|TankWar_P2|TankWar_P3|TankWar_P4|TankWar_P5,TankWar_P1|TankWar_P2|TankWar_P3|TankWar_P4|TankWar_P5,UNKNOWN,UNKNOWN,0.600,0.200,LOW,INTRA_BLOCK,RESOLVED_INTERNAL,TankWar_P1|TankWar_P2|TankWar_P3|TankWar_P4|TankWar_P5
D607,C:\Users\JBNU\git\ConstraintsRecovery\assets\tankwar\asset15:IF:8-281,C:\Users\JBNU\git\ConstraintsRecovery\assets\tankwar\asset15:IF:8-281,E125,E114,,FIELD_REFERENCE,C:\Users\JBNU\git\ConstraintsRecovery\assets\tankwar\asset15,62,G4,G4,TankWar_P1|TankWar_P2|TankWar_P3|TankWar_P4|TankWar_P5,TankWar_P1|TankWar_P2|TankWar_P3|TankWar_P4|TankWar_P5,UNKNOWN,UNKNOWN,0.600,0.200,LOW,INTRA_BLOCK,RESOLVED_INTERNAL,TankWar_P1|TankWar_P2|TankWar_P3|TankWar_P4|TankWar_P5
D608,C:\Users\JBNU\git\ConstraintsRecovery\assets\tankwar\asset15:IF:8-281,C:\Users\JBNU\git\ConstraintsRecovery\assets\tankwar\asset15:IF:8-281,E125,E113,,FIELD_REFERENCE,C:\Users\JBNU\git\ConstraintsRecovery\assets\tankwar\asset15,65,G4,G4,TankWar_P1|TankWar_P2|TankWar_P3|TankWar_P4|TankWar_P5,TankWar_P1|TankWar_P2|TankWar_P3|TankWar_P4|TankWar_P5,UNKNOWN,UNKNOWN,0.600,0.200,LOW,INTRA_BLOCK,RESOLVED_INTERNAL,TankWar_P1|TankWar_P2|TankWar_P3|TankWar_P4|TankWar_P5
D609,C:\Users\JBNU\git\ConstraintsRecovery\assets\tankwar\asset15:IF:8-281,C:\Users\JBNU\git\ConstraintsRecovery\assets\tankwar\asset15:IF:8-281,E125,E114,,FIELD_REFERENCE,C:\Users\JBNU\git\ConstraintsRecovery\assets\tankwar\asset15,66,G4,G4,TankWar_P1|TankWar_P2|TankWar_P3|TankWar_P4|TankWar_P5,TankWar_P1|TankWar_P2|TankWar_P3|TankWar_P4|TankWar_P5,UNKNOWN,UNKNOWN,0.600,0.200,LOW,INTRA_BLOCK,RESOLVED_INTERNAL,TankWar_P1|TankWar_P2|TankWar_P3|TankWar_P4|TankWar_P5
D610,C:\Users\JBNU\git\ConstraintsRecovery\assets\tankwar\asset15:IF:8-281,C:\Users\JBNU\git\ConstraintsRecovery\assets\tankwar\asset15:IF:8-281,E126,E117,,FIELD_REFERENCE,C:\Users\JBNU\git\ConstraintsRecovery\assets\tankwar\asset15,71,G4,G4,TankWar_P1|TankWar_P2|TankWar_P3|TankWar_P4|TankWar_P5,TankWar_P1|TankWar_P2|TankWar_P3|TankWar_P4|TankWar_P5,UNKNOWN,UNKNOWN,0.600,0.200,LOW,INTRA_BLOCK,RESOLVED_INTERNAL,TankWar_P1|TankWar_P2|TankWar_P3|TankWar_P4|TankWar_P5
D611,C:\Users\JBNU\git\ConstraintsRecovery\assets\tankwar\asset15:IF:8-281,C:\Users\JBNU\git\ConstraintsRecovery\assets\tankwar\asset15:IF:8-281,E127,E118,,FIELD_REFERENCE,C:\Users\JBNU\git\ConstraintsRecovery\assets\tankwar\asset15,74,G4,G4,TankWar_P1|TankWar_P2|TankWar_P3|TankWar_P4|TankWar_P5,TankWar_P1|TankWar_P2|TankWar_P3|TankWar_P4|TankWar_P5,UNKNOWN,UNKNOWN,0.600,0.200,LOW,INTRA_BLOCK,RESOLVED_INTERNAL,TankWar_P1|TankWar_P2|TankWar_P3|TankWar_P4|TankWar_P5
D612,C:\Users\JBNU\git\ConstraintsRecovery\assets\tankwar\asset15:IF:8-281,C:\Users\JBNU\git\ConstraintsRecovery\assets\tankwar\asset15:IF:8-281,E128,E106,,FIELD_REFERENCE,C:\Users\JBNU\git\ConstraintsRecovery\assets\tankwar\asset15,78,G4,G4,TankWar_P1|TankWar_P2|TankWar_P3|TankWar_P4|TankWar_P5,TankWar_P1|TankWar_P2|TankWar_P3|TankWar_P4|TankWar_P5,UNKNOWN,UNKNOWN,0.600,0.200,LOW,INTRA_BLOCK,RESOLVED_INTERNAL,TankWar_P1|TankWar_P2|TankWar_P3|TankWar_P4|TankWar_P5
D613,C:\Users\JBNU\git\ConstraintsRecovery\assets\tankwar\asset15:IF:8-281,C:\Users\JBNU\git\ConstraintsRecovery\assets\tankwar\asset15:IF:8-281,E128,E106,,FIELD_REFERENCE,C:\Users\JBNU\git\ConstraintsRecovery\assets\tankwar\asset15,80,G4,G4,TankWar_P1|TankWar_P2|TankWar_P3|TankWar_P4|TankWar_P5,TankWar_P1|TankWar_P2|TankWar_P3|TankWar_P4|TankWar_P5,UNKNOWN,UNKNOWN,0.600,0.200,LOW,INTRA_BLOCK,RESOLVED_INTERNAL,TankWar_P1|TankWar_P2|TankWar_P3|TankWar_P4|TankWar_P5
D614,C:\Users\JBNU\git\ConstraintsRecovery\assets\tankwar\asset15:IF:8-281,C:\Users\JBNU\git\ConstraintsRecovery\assets\tankwar\asset15:IF:8-281,E128,E106,,FIELD_REFERENCE,C:\Users\JBNU\git\ConstraintsRecovery\assets\tankwar\asset15,81,G4,G4,TankWar_P1|TankWar_P2|TankWar_P3|TankWar_P4|TankWar_P5,TankWar_P1|TankWar_P2|TankWar_P3|TankWar_P4|TankWar_P5,UNKNOWN,UNKNOWN,0.600,0.200,LOW,INTRA_BLOCK,RESOLVED_INTERNAL,TankWar_P1|TankWar_P2|TankWar_P3|TankWar_P4|TankWar_P5
D615,C:\Users\JBNU\git\ConstraintsRecovery\assets\tankwar\asset15:IF:8-281,C:\Users\JBNU\git\ConstraintsRecovery\assets\tankwar\asset17:IF:8-36,E128,E144,,FIELD_REFERENCE,C:\Users\JBNU\git\ConstraintsRecovery\assets\tankwar\asset15,81,G4,G4,TankWar_P1|TankWar_P2|TankWar_P3|TankWar_P4|TankWar_P5,TankWar_P1|TankWar_P2|TankWar_P3|TankWar_P4|TankWar_P5,UNKNOWN,UNKNOWN,0.600,0.200,LOW,NONE,RESOLVED_INTERNAL,TankWar_P1|TankWar_P2|TankWar_P3|TankWar_P4|TankWar_P5
D616,C:\Users\JBNU\git\ConstraintsRecovery\assets\tankwar\asset15:IF:8-281,C:\Users\JBNU\git\ConstraintsRecovery\assets\tankwar\asset15:IF:8-281,E128,E106,,FIELD_REFERENCE,C:\Users\JBNU\git\ConstraintsRecovery\assets\tankwar\asset15,82,G4,G4,TankWar_P1|TankWar_P2|TankWar_P3|TankWar_P4|TankWar_P5,TankWar_P1|TankWar_P2|TankWar_P3|TankWar_P4|TankWar_P5,UNKNOWN,UNKNOWN,0.600,0.200,LOW,INTRA_BLOCK,RESOLVED_INTERNAL,TankWar_P1|TankWar_P2|TankWar_P3|TankWar_P4|TankWar_P5
D617,C:\Users\JBNU\git\ConstraintsRecovery\assets\tankwar\asset15:IF:8-281,C:\Users\JBNU\git\ConstraintsRecovery\assets\tankwar\asset17:IF:8-36,E128,E147,,CONSTRUCTOR_CALL,C:\Users\JBNU\git\ConstraintsRecovery\assets\tankwar\asset15,84,G4,G4,TankWar_P1|TankWar_P2|TankWar_P3|TankWar_P4|TankWar_P5,TankWar_P1|TankWar_P2|TankWar_P3|TankWar_P4|TankWar_P5,UNKNOWN,UNKNOWN,0.750,0.200,LOW,NONE,RESOLVED_INTERNAL,TankWar_P1|TankWar_P2|TankWar_P3|TankWar_P4|TankWar_P5
D618,C:\Users\JBNU\git\ConstraintsRecovery\assets\tankwar\asset15:IF:8-281,C:\Users\JBNU\git\ConstraintsRecovery\assets\tankwar\asset15:IF:8-281,E128,E106,,FIELD_REFERENCE,C:\Users\JBNU\git\ConstraintsRecovery\assets\tankwar\asset15,86,G4,G4,TankWar_P1|TankWar_P2|TankWar_P3|TankWar_P4|TankWar_P5,TankWar_P1|TankWar_P2|TankWar_P3|TankWar_P4|TankWar_P5,UNKNOWN,UNKNOWN,0.600,0.200,LOW,INTRA_BLOCK,RESOLVED_INTERNAL,TankWar_P1|TankWar_P2|TankWar_P3|TankWar_P4|TankWar_P5
D619,C:\Users\JBNU\git\ConstraintsRecovery\assets\tankwar\asset15:IF:8-281,C:\Users\JBNU\git\ConstraintsRecovery\assets\tankwar\asset15:IF:8-281,E128,E106,,FIELD_REFERENCE,C:\Users\JBNU\git\ConstraintsRecovery\assets\tankwar\asset15,87,G4,G4,TankWar_P1|TankWar_P2|TankWar_P3|TankWar_P4|TankWar_P5,TankWar_P1|TankWar_P2|TankWar_P3|TankWar_P4|TankWar_P5,UNKNOWN,UNKNOWN,0.600,0.200,LOW,INTRA_BLOCK,RESOLVED_INTERNAL,TankWar_P1|TankWar_P2|TankWar_P3|TankWar_P4|TankWar_P5
D620,C:\Users\JBNU\git\ConstraintsRecovery\assets\tankwar\asset15:IF:8-281,C:\Users\JBNU\git\ConstraintsRecovery\assets\tankwar\asset17:IF:8-36,E128,E147,,CONSTRUCTOR_CALL,C:\Users\JBNU\git\ConstraintsRecovery\assets\tankwar\asset15,93,G4,G4,TankWar_P1|TankWar_P2|TankWar_P3|TankWar_P4|TankWar_P5,TankWar_P1|TankWar_P2|TankWar_P3|TankWar_P4|TankWar_P5,UNKNOWN,UNKNOWN,0.750,0.200,LOW,NONE,RESOLVED_INTERNAL,TankWar_P1|TankWar_P2|TankWar_P3|TankWar_P4|TankWar_P5
D621,C:\Users\JBNU\git\ConstraintsRecovery\assets\tankwar\asset15:IF:8-281,C:\Users\JBNU\git\ConstraintsRecovery\assets\tankwar\asset15:IF:8-281,E128,E106,,FIELD_REFERENCE,C:\Users\JBNU\git\ConstraintsRecovery\assets\tankwar\asset15,95,G4,G4,TankWar_P1|TankWar_P2|TankWar_P3|TankWar_P4|TankWar_P5,TankWar_P1|TankWar_P2|TankWar_P3|TankWar_P4|TankWar_P5,UNKNOWN,UNKNOWN,0.600,0.200,LOW,INTRA_BLOCK,RESOLVED_INTERNAL,TankWar_P1|TankWar_P2|TankWar_P3|TankWar_P4|TankWar_P5
D622,C:\Users\JBNU\git\ConstraintsRecovery\assets\tankwar\asset15:IF:8-281,C:\Users\JBNU\git\ConstraintsRecovery\assets\tankwar\asset15:IF:8-281,E128,E106,,FIELD_REFERENCE,C:\Users\JBNU\git\ConstraintsRecovery\assets\tankwar\asset15,97,G4,G4,TankWar_P1|TankWar_P2|TankWar_P3|TankWar_P4|TankWar_P5,TankWar_P1|TankWar_P2|TankWar_P3|TankWar_P4|TankWar_P5,UNKNOWN,UNKNOWN,0.600,0.200,LOW,INTRA_BLOCK,RESOLVED_INTERNAL,TankWar_P1|TankWar_P2|TankWar_P3|TankWar_P4|TankWar_P5
D623,C:\Users\JBNU\git\ConstraintsRecovery\assets\tankwar\asset15:IF:8-281,C:\Users\JBNU\git\ConstraintsRecovery\assets\tankwar\asset15:IF:8-281,E128,E106,,FIELD_REFERENCE,C:\Users\JBNU\git\ConstraintsRecovery\assets\tankwar\asset15,99,G4,G4,TankWar_P1|TankWar_P2|TankWar_P3|TankWar_P4|TankWar_P5,TankWar_P1|TankWar_P2|TankWar_P3|TankWar_P4|TankWar_P5,UNKNOWN,UNKNOWN,0.600,0.200,LOW,INTRA_BLOCK,RESOLVED_INTERNAL,TankWar_P1|TankWar_P2|TankWar_P3|TankWar_P4|TankWar_P5
D458,C:\Users\JBNU\git\ConstraintsRecovery\assets\tankwar\asset15:IF:8-281,C:\Users\JBNU\git\ConstraintsRecovery\assets\tankwar\asset15:IF:8-281,E128,E106,,FIELD_REFERENCE,C:\Users\JBNU\git\ConstraintsRecovery\assets\tankwar\asset15,101,G4,G4,TankWar_P1|TankWar_P2|TankWar_P3|TankWar_P4|TankWar_P5,TankWar_P1|TankWar_P2|TankWar_P3|TankWar_P4|TankWar_P5,UNKNOWN,UNKNOWN,0.600,0.200,LOW,INTRA_BLOCK,RESOLVED_INTERNAL,TankWar_P1|TankWar_P2|TankWar_P3|TankWar_P4|TankWar_P5
D459,C:\Users\JBNU\git\ConstraintsRecovery\assets\tankwar\asset15:IF:8-281,C:\Users\JBNU\git\ConstraintsRecovery\assets\tankwar\asset17:IF:8-36,E128,E147,,CONSTRUCTOR_CALL,C:\Users\JBNU\git\ConstraintsRecovery\assets\tankwar\asset15,105,G4,G4,TankWar_P1|TankWar_P2|TankWar_P3|TankWar_P4|TankWar_P5,TankWar_P1|TankWar_P2|TankWar_P3|TankWar_P4|TankWar_P5,UNKNOWN,UNKNOWN,0.750,0.200,LOW,NONE,RESOLVED_INTERNAL,TankWar_P1|TankWar_P2|TankWar_P3|TankWar_P4|TankWar_P5
D460,C:\Users\JBNU\git\ConstraintsRecovery\assets\tankwar\asset15:IF:8-281,C:\Users\JBNU\git\ConstraintsRecovery\assets\tankwar\asset15:IF:8-281,E128,E106,,FIELD_REFERENCE,C:\Users\JBNU\git\ConstraintsRecovery\assets\tankwar\asset15,105,G4,G4,TankWar_P1|TankWar_P2|TankWar_P3|TankWar_P4|TankWar_P5,TankWar_P1|TankWar_P2|TankWar_P3|TankWar_P4|TankWar_P5,UNKNOWN,UNKNOWN,0.600,0.200,LOW,INTRA_BLOCK,RESOLVED_INTERNAL,TankWar_P1|TankWar_P2|TankWar_P3|TankWar_P4|TankWar_P5
D461,C:\Users\JBNU\git\ConstraintsRecovery\assets\tankwar\asset15:IF:8-281,C:\Users\JBNU\git\ConstraintsRecovery\assets\tankwar\asset15:IF:8-281,E129,E106,,FIELD_REFERENCE,C:\Users\JBNU\git\ConstraintsRecovery\assets\tankwar\asset15,110,G4,G4,TankWar_P1|TankWar_P2|TankWar_P3|TankWar_P4|TankWar_P5,TankWar_P1|TankWar_P2|TankWar_P3|TankWar_P4|TankWar_P5,UNKNOWN,UNKNOWN,0.600,0.200,LOW,INTRA_BLOCK,RESOLVED_INTERNAL,TankWar_P1|TankWar_P2|TankWar_P3|TankWar_P4|TankWar_P5
D462,C:\Users\JBNU\git\ConstraintsRecovery\assets\tankwar\asset15:IF:8-281,C:\Users\JBNU\git\ConstraintsRecovery\assets\tankwar\asset15:IF:8-281,E129,E106,,FIELD_REFERENCE,C:\Users\JBNU\git\ConstraintsRecovery\assets\tankwar\asset15,112,G4,G4,TankWar_P1|TankWar_P2|TankWar_P3|TankWar_P4|TankWar_P5,TankWar_P1|TankWar_P2|TankWar_P3|TankWar_P4|TankWar_P5,UNKNOWN,UNKNOWN,0.600,0.200,LOW,INTRA_BLOCK,RESOLVED_INTERNAL,TankWar_P1|TankWar_P2|TankWar_P3|TankWar_P4|TankWar_P5
D463,C:\Users\JBNU\git\ConstraintsRecovery\assets\tankwar\asset15:IF:8-281,C:\Users\JBNU\git\ConstraintsRecovery\assets\tankwar\asset15:IF:8-281,E129,E106,,FIELD_REFERENCE,C:\Users\JBNU\git\ConstraintsRecovery\assets\tankwar\asset15,113,G4,G4,TankWar_P1|TankWar_P2|TankWar_P3|TankWar_P4|TankWar_P5,TankWar_P1|TankWar_P2|TankWar_P3|TankWar_P4|TankWar_P5,UNKNOWN,UNKNOWN,0.600,0.200,LOW,INTRA_BLOCK,RESOLVED_INTERNAL,TankWar_P1|TankWar_P2|TankWar_P3|TankWar_P4|TankWar_P5
D464,C:\Users\JBNU\git\ConstraintsRecovery\assets\tankwar\asset15:IF:8-281,C:\Users\JBNU\git\ConstraintsRecovery\assets\tankwar\asset17:IF:8-36,E129,E144,,FIELD_REFERENCE,C:\Users\JBNU\git\ConstraintsRecovery\assets\tankwar\asset15,113,G4,G4,TankWar_P1|TankWar_P2|TankWar_P3|TankWar_P4|TankWar_P5,TankWar_P1|TankWar_P2|TankWar_P3|TankWar_P4|TankWar_P5,UNKNOWN,UNKNOWN,0.600,0.200,LOW,NONE,RESOLVED_INTERNAL,TankWar_P1|TankWar_P2|TankWar_P3|TankWar_P4|TankWar_P5
D465,C:\Users\JBNU\git\ConstraintsRecovery\assets\tankwar\asset15:IF:8-281,C:\Users\JBNU\git\ConstraintsRecovery\assets\tankwar\asset15:IF:8-281,E129,E106,,FIELD_REFERENCE,C:\Users\JBNU\git\ConstraintsRecovery\assets\tankwar\asset15,114,G4,G4,TankWar_P1|TankWar_P2|TankWar_P3|TankWar_P4|TankWar_P5,TankWar_P1|TankWar_P2|TankWar_P3|TankWar_P4|TankWar_P5,UNKNOWN,UNKNOWN,0.600,0.200,LOW,INTRA_BLOCK,RESOLVED_INTERNAL,TankWar_P1|TankWar_P2|TankWar_P3|TankWar_P4|TankWar_P5
D466,C:\Users\JBNU\git\ConstraintsRecovery\assets\tankwar\asset15:IF:8-281,C:\Users\JBNU\git\ConstraintsRecovery\assets\tankwar\asset17:IF:8-36,E129,E147,,CONSTRUCTOR_CALL,C:\Users\JBNU\git\ConstraintsRecovery\assets\tankwar\asset15,116,G4,G4,TankWar_P1|TankWar_P2|TankWar_P3|TankWar_P4|TankWar_P5,TankWar_P1|TankWar_P2|TankWar_P3|TankWar_P4|TankWar_P5,UNKNOWN,UNKNOWN,0.750,0.200,LOW,NONE,RESOLVED_INTERNAL,TankWar_P1|TankWar_P2|TankWar_P3|TankWar_P4|TankWar_P5
D467,C:\Users\JBNU\git\ConstraintsRecovery\assets\tankwar\asset15:IF:8-281,C:\Users\JBNU\git\ConstraintsRecovery\assets\tankwar\asset15:IF:8-281,E129,E106,,FIELD_REFERENCE,C:\Users\JBNU\git\ConstraintsRecovery\assets\tankwar\asset15,118,G4,G4,TankWar_P1|TankWar_P2|TankWar_P3|TankWar_P4|TankWar_P5,TankWar_P1|TankWar_P2|TankWar_P3|TankWar_P4|TankWar_P5,UNKNOWN,UNKNOWN,0.600,0.200,LOW,INTRA_BLOCK,RESOLVED_INTERNAL,TankWar_P1|TankWar_P2|TankWar_P3|TankWar_P4|TankWar_P5
D468,C:\Users\JBNU\git\ConstraintsRecovery\assets\tankwar\asset15:IF:8-281,C:\Users\JBNU\git\ConstraintsRecovery\assets\tankwar\asset15:IF:8-281,E129,E106,,FIELD_REFERENCE,C:\Users\JBNU\git\ConstraintsRecovery\assets\tankwar\asset15,119,G4,G4,TankWar_P1|TankWar_P2|TankWar_P3|TankWar_P4|TankWar_P5,TankWar_P1|TankWar_P2|TankWar_P3|TankWar_P4|TankWar_P5,UNKNOWN,UNKNOWN,0.600,0.200,LOW,INTRA_BLOCK,RESOLVED_INTERNAL,TankWar_P1|TankWar_P2|TankWar_P3|TankWar_P4|TankWar_P5
D469,C:\Users\JBNU\git\ConstraintsRecovery\assets\tankwar\asset15:IF:8-281,C:\Users\JBNU\git\ConstraintsRecovery\assets\tankwar\asset17:IF:8-36,E129,E147,,CONSTRUCTOR_CALL,C:\Users\JBNU\git\ConstraintsRecovery\assets\tankwar\asset15,125,G4,G4,TankWar_P1|TankWar_P2|TankWar_P3|TankWar_P4|TankWar_P5,TankWar_P1|TankWar_P2|TankWar_P3|TankWar_P4|TankWar_P5,UNKNOWN,UNKNOWN,0.750,0.200,LOW,NONE,RESOLVED_INTERNAL,TankWar_P1|TankWar_P2|TankWar_P3|TankWar_P4|TankWar_P5
D470,C:\Users\JBNU\git\ConstraintsRecovery\assets\tankwar\asset15:IF:8-281,C:\Users\JBNU\git\ConstraintsRecovery\assets\tankwar\asset15:IF:8-281,E129,E106,,FIELD_REFERENCE,C:\Users\JBNU\git\ConstraintsRecovery\assets\tankwar\asset15,127,G4,G4,TankWar_P1|TankWar_P2|TankWar_P3|TankWar_P4|TankWar_P5,TankWar_P1|TankWar_P2|TankWar_P3|TankWar_P4|TankWar_P5,UNKNOWN,UNKNOWN,0.600,0.200,LOW,INTRA_BLOCK,RESOLVED_INTERNAL,TankWar_P1|TankWar_P2|TankWar_P3|TankWar_P4|TankWar_P5
D471,C:\Users\JBNU\git\ConstraintsRecovery\assets\tankwar\asset15:IF:8-281,C:\Users\JBNU\git\ConstraintsRecovery\assets\tankwar\asset15:IF:8-281,E129,E106,,FIELD_REFERENCE,C:\Users\JBNU\git\ConstraintsRecovery\assets\tankwar\asset15,129,G4,G4,TankWar_P1|TankWar_P2|TankWar_P3|TankWar_P4|TankWar_P5,TankWar_P1|TankWar_P2|TankWar_P3|TankWar_P4|TankWar_P5,UNKNOWN,UNKNOWN,0.600,0.200,LOW,INTRA_BLOCK,RESOLVED_INTERNAL,TankWar_P1|TankWar_P2|TankWar_P3|TankWar_P4|TankWar_P5
D472,C:\Users\JBNU\git\ConstraintsRecovery\assets\tankwar\asset15:IF:8-281,C:\Users\JBNU\git\ConstraintsRecovery\assets\tankwar\asset15:IF:8-281,E129,E106,,FIELD_REFERENCE,C:\Users\JBNU\git\ConstraintsRecovery\assets\tankwar\asset15,131,G4,G4,TankWar_P1|TankWar_P2|TankWar_P3|TankWar_P4|TankWar_P5,TankWar_P1|TankWar_P2|TankWar_P3|TankWar_P4|TankWar_P5,UNKNOWN,UNKNOWN,0.600,0.200,LOW,INTRA_BLOCK,RESOLVED_INTERNAL,TankWar_P1|TankWar_P2|TankWar_P3|TankWar_P4|TankWar_P5
D473,C:\Users\JBNU\git\ConstraintsRecovery\assets\tankwar\asset15:IF:8-281,C:\Users\JBNU\git\ConstraintsRecovery\assets\tankwar\asset15:IF:8-281,E129,E106,,FIELD_REFERENCE,C:\Users\JBNU\git\ConstraintsRecovery\assets\tankwar\asset15,133,G4,G4,TankWar_P1|TankWar_P2|TankWar_P3|TankWar_P4|TankWar_P5,TankWar_P1|TankWar_P2|TankWar_P3|TankWar_P4|TankWar_P5,UNKNOWN,UNKNOWN,0.600,0.200,LOW,INTRA_BLOCK,RESOLVED_INTERNAL,TankWar_P1|TankWar_P2|TankWar_P3|TankWar_P4|TankWar_P5
D474,C:\Users\JBNU\git\ConstraintsRecovery\assets\tankwar\asset15:IF:8-281,C:\Users\JBNU\git\ConstraintsRecovery\assets\tankwar\asset17:IF:8-36,E129,E147,,CONSTRUCTOR_CALL,C:\Users\JBNU\git\ConstraintsRecovery\assets\tankwar\asset15,137,G4,G4,TankWar_P1|TankWar_P2|TankWar_P3|TankWar_P4|TankWar_P5,TankWar_P1|TankWar_P2|TankWar_P3|TankWar_P4|TankWar_P5,UNKNOWN,UNKNOWN,0.750,0.200,LOW,NONE,RESOLVED_INTERNAL,TankWar_P1|TankWar_P2|TankWar_P3|TankWar_P4|TankWar_P5
D475,C:\Users\JBNU\git\ConstraintsRecovery\assets\tankwar\asset15:IF:8-281,C:\Users\JBNU\git\ConstraintsRecovery\assets\tankwar\asset15:IF:8-281,E129,E106,,FIELD_REFERENCE,C:\Users\JBNU\git\ConstraintsRecovery\assets\tankwar\asset15,137,G4,G4,TankWar_P1|TankWar_P2|TankWar_P3|TankWar_P4|TankWar_P5,TankWar_P1|TankWar_P2|TankWar_P3|TankWar_P4|TankWar_P5,UNKNOWN,UNKNOWN,0.600,0.200,LOW,INTRA_BLOCK,RESOLVED_INTERNAL,TankWar_P1|TankWar_P2|TankWar_P3|TankWar_P4|TankWar_P5
D476,C:\Users\JBNU\git\ConstraintsRecovery\assets\tankwar\asset15:IF:8-281,C:\Users\JBNU\git\ConstraintsRecovery\assets\tankwar\asset15:IF:8-281,E130,E106,,FIELD_REFERENCE,C:\Users\JBNU\git\ConstraintsRecovery\assets\tankwar\asset15,142,G4,G4,TankWar_P1|TankWar_P2|TankWar_P3|TankWar_P4|TankWar_P5,TankWar_P1|TankWar_P2|TankWar_P3|TankWar_P4|TankWar_P5,UNKNOWN,UNKNOWN,0.600,0.200,LOW,INTRA_BLOCK,RESOLVED_INTERNAL,TankWar_P1|TankWar_P2|TankWar_P3|TankWar_P4|TankWar_P5
D477,C:\Users\JBNU\git\ConstraintsRecovery\assets\tankwar\asset15:IF:8-281,C:\Users\JBNU\git\ConstraintsRecovery\assets\tankwar\asset15:IF:8-281,E130,E106,,FIELD_REFERENCE,C:\Users\JBNU\git\ConstraintsRecovery\assets\tankwar\asset15,144,G4,G4,TankWar_P1|TankWar_P2|TankWar_P3|TankWar_P4|TankWar_P5,TankWar_P1|TankWar_P2|TankWar_P3|TankWar_P4|TankWar_P5,UNKNOWN,UNKNOWN,0.600,0.200,LOW,INTRA_BLOCK,RESOLVED_INTERNAL,TankWar_P1|TankWar_P2|TankWar_P3|TankWar_P4|TankWar_P5
D478,C:\Users\JBNU\git\ConstraintsRecovery\assets\tankwar\asset15:IF:8-281,C:\Users\JBNU\git\ConstraintsRecovery\assets\tankwar\asset15:IF:8-281,E130,E106,,FIELD_REFERENCE,C:\Users\JBNU\git\ConstraintsRecovery\assets\tankwar\asset15,145,G4,G4,TankWar_P1|TankWar_P2|TankWar_P3|TankWar_P4|TankWar_P5,TankWar_P1|TankWar_P2|TankWar_P3|TankWar_P4|TankWar_P5,UNKNOWN,UNKNOWN,0.600,0.200,LOW,INTRA_BLOCK,RESOLVED_INTERNAL,TankWar_P1|TankWar_P2|TankWar_P3|TankWar_P4|TankWar_P5
D479,C:\Users\JBNU\git\ConstraintsRecovery\assets\tankwar\asset15:IF:8-281,C:\Users\JBNU\git\ConstraintsRecovery\assets\tankwar\asset17:IF:8-36,E130,E144,,FIELD_REFERENCE,C:\Users\JBNU\git\ConstraintsRecovery\assets\tankwar\asset15,145,G4,G4,TankWar_P1|TankWar_P2|TankWar_P3|TankWar_P4|TankWar_P5,TankWar_P1|TankWar_P2|TankWar_P3|TankWar_P4|TankWar_P5,UNKNOWN,UNKNOWN,0.600,0.200,LOW,NONE,RESOLVED_INTERNAL,TankWar_P1|TankWar_P2|TankWar_P3|TankWar_P4|TankWar_P5
D480,C:\Users\JBNU\git\ConstraintsRecovery\assets\tankwar\asset15:IF:8-281,C:\Users\JBNU\git\ConstraintsRecovery\assets\tankwar\asset15:IF:8-281,E130,E106,,FIELD_REFERENCE,C:\Users\JBNU\git\ConstraintsRecovery\assets\tankwar\asset15,146,G4,G4,TankWar_P1|TankWar_P2|TankWar_P3|TankWar_P4|TankWar_P5,TankWar_P1|TankWar_P2|TankWar_P3|TankWar_P4|TankWar_P5,UNKNOWN,UNKNOWN,0.600,0.200,LOW,INTRA_BLOCK,RESOLVED_INTERNAL,TankWar_P1|TankWar_P2|TankWar_P3|TankWar_P4|TankWar_P5
D481,C:\Users\JBNU\git\ConstraintsRecovery\assets\tankwar\asset15:IF:8-281,C:\Users\JBNU\git\ConstraintsRecovery\assets\tankwar\asset17:IF:8-36,E130,E146,,CONSTRUCTOR_CALL,C:\Users\JBNU\git\ConstraintsRecovery\assets\tankwar\asset15,148,G4,G4,TankWar_P1|TankWar_P2|TankWar_P3|TankWar_P4|TankWar_P5,TankWar_P1|TankWar_P2|TankWar_P3|TankWar_P4|TankWar_P5,UNKNOWN,UNKNOWN,0.750,0.200,LOW,NONE,RESOLVED_INTERNAL,TankWar_P1|TankWar_P2|TankWar_P3|TankWar_P4|TankWar_P5
D482,C:\Users\JBNU\git\ConstraintsRecovery\assets\tankwar\asset15:IF:8-281,C:\Users\JBNU\git\ConstraintsRecovery\assets\tankwar\asset15:IF:8-281,E130,E106,,FIELD_REFERENCE,C:\Users\JBNU\git\ConstraintsRecovery\assets\tankwar\asset15,150,G4,G4,TankWar_P1|TankWar_P2|TankWar_P3|TankWar_P4|TankWar_P5,TankWar_P1|TankWar_P2|TankWar_P3|TankWar_P4|TankWar_P5,UNKNOWN,UNKNOWN,0.600,0.200,LOW,INTRA_BLOCK,RESOLVED_INTERNAL,TankWar_P1|TankWar_P2|TankWar_P3|TankWar_P4|TankWar_P5
D483,C:\Users\JBNU\git\ConstraintsRecovery\assets\tankwar\asset15:IF:8-281,C:\Users\JBNU\git\ConstraintsRecovery\assets\tankwar\asset15:IF:8-281,E130,E106,,FIELD_REFERENCE,C:\Users\JBNU\git\ConstraintsRecovery\assets\tankwar\asset15,151,G4,G4,TankWar_P1|TankWar_P2|TankWar_P3|TankWar_P4|TankWar_P5,TankWar_P1|TankWar_P2|TankWar_P3|TankWar_P4|TankWar_P5,UNKNOWN,UNKNOWN,0.600,0.200,LOW,INTRA_BLOCK,RESOLVED_INTERNAL,TankWar_P1|TankWar_P2|TankWar_P3|TankWar_P4|TankWar_P5
D484,C:\Users\JBNU\git\ConstraintsRecovery\assets\tankwar\asset15:IF:8-281,C:\Users\JBNU\git\ConstraintsRecovery\assets\tankwar\asset17:IF:8-36,E130,E146,,CONSTRUCTOR_CALL,C:\Users\JBNU\git\ConstraintsRecovery\assets\tankwar\asset15,157,G4,G4,TankWar_P1|TankWar_P2|TankWar_P3|TankWar_P4|TankWar_P5,TankWar_P1|TankWar_P2|TankWar_P3|TankWar_P4|TankWar_P5,UNKNOWN,UNKNOWN,0.750,0.200,LOW,NONE,RESOLVED_INTERNAL,TankWar_P1|TankWar_P2|TankWar_P3|TankWar_P4|TankWar_P5
D485,C:\Users\JBNU\git\ConstraintsRecovery\assets\tankwar\asset15:IF:8-281,C:\Users\JBNU\git\ConstraintsRecovery\assets\tankwar\asset15:IF:8-281,E130,E106,,FIELD_REFERENCE,C:\Users\JBNU\git\ConstraintsRecovery\assets\tankwar\asset15,159,G4,G4,TankWar_P1|TankWar_P2|TankWar_P3|TankWar_P4|TankWar_P5,TankWar_P1|TankWar_P2|TankWar_P3|TankWar_P4|TankWar_P5,UNKNOWN,UNKNOWN,0.600,0.200,LOW,INTRA_BLOCK,RESOLVED_INTERNAL,TankWar_P1|TankWar_P2|TankWar_P3|TankWar_P4|TankWar_P5
D486,C:\Users\JBNU\git\ConstraintsRecovery\assets\tankwar\asset15:IF:8-281,C:\Users\JBNU\git\ConstraintsRecovery\assets\tankwar\asset15:IF:8-281,E130,E106,,FIELD_REFERENCE,C:\Users\JBNU\git\ConstraintsRecovery\assets\tankwar\asset15,161,G4,G4,TankWar_P1|TankWar_P2|TankWar_P3|TankWar_P4|TankWar_P5,TankWar_P1|TankWar_P2|TankWar_P3|TankWar_P4|TankWar_P5,UNKNOWN,UNKNOWN,0.600,0.200,LOW,INTRA_BLOCK,RESOLVED_INTERNAL,TankWar_P1|TankWar_P2|TankWar_P3|TankWar_P4|TankWar_P5
D487,C:\Users\JBNU\git\ConstraintsRecovery\assets\tankwar\asset15:IF:8-281,C:\Users\JBNU\git\ConstraintsRecovery\assets\tankwar\asset15:IF:8-281,E130,E106,,FIELD_REFERENCE,C:\Users\JBNU\git\ConstraintsRecovery\assets\tankwar\asset15,163,G4,G4,TankWar_P1|TankWar_P2|TankWar_P3|TankWar_P4|TankWar_P5,TankWar_P1|TankWar_P2|TankWar_P3|TankWar_P4|TankWar_P5,UNKNOWN,UNKNOWN,0.600,0.200,LOW,INTRA_BLOCK,RESOLVED_INTERNAL,TankWar_P1|TankWar_P2|TankWar_P3|TankWar_P4|TankWar_P5
D488,C:\Users\JBNU\git\ConstraintsRecovery\assets\tankwar\asset15:IF:8-281,C:\Users\JBNU\git\ConstraintsRecovery\assets\tankwar\asset15:IF:8-281,E130,E106,,FIELD_REFERENCE,C:\Users\JBNU\git\ConstraintsRecovery\assets\tankwar\asset15,165,G4,G4,TankWar_P1|TankWar_P2|TankWar_P3|TankWar_P4|TankWar_P5,TankWar_P1|TankWar_P2|TankWar_P3|TankWar_P4|TankWar_P5,UNKNOWN,UNKNOWN,0.600,0.200,LOW,INTRA_BLOCK,RESOLVED_INTERNAL,TankWar_P1|TankWar_P2|TankWar_P3|TankWar_P4|TankWar_P5
D489,C:\Users\JBNU\git\ConstraintsRecovery\assets\tankwar\asset15:IF:8-281,C:\Users\JBNU\git\ConstraintsRecovery\assets\tankwar\asset17:IF:8-36,E130,E146,,CONSTRUCTOR_CALL,C:\Users\JBNU\git\ConstraintsRecovery\assets\tankwar\asset15,169,G4,G4,TankWar_P1|TankWar_P2|TankWar_P3|TankWar_P4|TankWar_P5,TankWar_P1|TankWar_P2|TankWar_P3|TankWar_P4|TankWar_P5,UNKNOWN,UNKNOWN,0.750,0.200,LOW,NONE,RESOLVED_INTERNAL,TankWar_P1|TankWar_P2|TankWar_P3|TankWar_P4|TankWar_P5
D490,C:\Users\JBNU\git\ConstraintsRecovery\assets\tankwar\asset15:IF:8-281,C:\Users\JBNU\git\ConstraintsRecovery\assets\tankwar\asset15:IF:8-281,E130,E106,,FIELD_REFERENCE,C:\Users\JBNU\git\ConstraintsRecovery\assets\tankwar\asset15,169,G4,G4,TankWar_P1|TankWar_P2|TankWar_P3|TankWar_P4|TankWar_P5,TankWar_P1|TankWar_P2|TankWar_P3|TankWar_P4|TankWar_P5,UNKNOWN,UNKNOWN,0.600,0.200,LOW,INTRA_BLOCK,RESOLVED_INTERNAL,TankWar_P1|TankWar_P2|TankWar_P3|TankWar_P4|TankWar_P5
D491,C:\Users\JBNU\git\ConstraintsRecovery\assets\tankwar\asset15:IF:8-281,C:\Users\JBNU\git\ConstraintsRecovery\assets\tankwar\asset15:IF:8-281,E131,E106,,FIELD_REFERENCE,C:\Users\JBNU\git\ConstraintsRecovery\assets\tankwar\asset15,174,G4,G4,TankWar_P1|TankWar_P2|TankWar_P3|TankWar_P4|TankWar_P5,TankWar_P1|TankWar_P2|TankWar_P3|TankWar_P4|TankWar_P5,UNKNOWN,UNKNOWN,0.600,0.200,LOW,INTRA_BLOCK,RESOLVED_INTERNAL,TankWar_P1|TankWar_P2|TankWar_P3|TankWar_P4|TankWar_P5
D492,C:\Users\JBNU\git\ConstraintsRecovery\assets\tankwar\asset15:IF:8-281,C:\Users\JBNU\git\ConstraintsRecovery\assets\tankwar\asset15:IF:8-281,E131,E106,,FIELD_REFERENCE,C:\Users\JBNU\git\ConstraintsRecovery\assets\tankwar\asset15,175,G4,G4,TankWar_P1|TankWar_P2|TankWar_P3|TankWar_P4|TankWar_P5,TankWar_P1|TankWar_P2|TankWar_P3|TankWar_P4|TankWar_P5,UNKNOWN,UNKNOWN,0.600,0.200,LOW,INTRA_BLOCK,RESOLVED_INTERNAL,TankWar_P1|TankWar_P2|TankWar_P3|TankWar_P4|TankWar_P5
D493,C:\Users\JBNU\git\ConstraintsRecovery\assets\tankwar\asset15:IF:8-281,C:\Users\JBNU\git\ConstraintsRecovery\assets\tankwar\asset15:IF:8-281,E131,E106,,FIELD_REFERENCE,C:\Users\JBNU\git\ConstraintsRecovery\assets\tankwar\asset15,176,G4,G4,TankWar_P1|TankWar_P2|TankWar_P3|TankWar_P4|TankWar_P5,TankWar_P1|TankWar_P2|TankWar_P3|TankWar_P4|TankWar_P5,UNKNOWN,UNKNOWN,0.600,0.200,LOW,INTRA_BLOCK,RESOLVED_INTERNAL,TankWar_P1|TankWar_P2|TankWar_P3|TankWar_P4|TankWar_P5
D494,C:\Users\JBNU\git\ConstraintsRecovery\assets\tankwar\asset15:IF:8-281,C:\Users\JBNU\git\ConstraintsRecovery\assets\tankwar\asset15:IF:8-281,E131,E106,,FIELD_REFERENCE,C:\Users\JBNU\git\ConstraintsRecovery\assets\tankwar\asset15,177,G4,G4,TankWar_P1|TankWar_P2|TankWar_P3|TankWar_P4|TankWar_P5,TankWar_P1|TankWar_P2|TankWar_P3|TankWar_P4|TankWar_P5,UNKNOWN,UNKNOWN,0.600,0.200,LOW,INTRA_BLOCK,RESOLVED_INTERNAL,TankWar_P1|TankWar_P2|TankWar_P3|TankWar_P4|TankWar_P5
D495,C:\Users\JBNU\git\ConstraintsRecovery\assets\tankwar\asset15:IF:8-281,C:\Users\JBNU\git\ConstraintsRecovery\assets\tankwar\asset15:IF:8-281,E131,E106,,FIELD_REFERENCE,C:\Users\JBNU\git\ConstraintsRecovery\assets\tankwar\asset15,178,G4,G4,TankWar_P1|TankWar_P2|TankWar_P3|TankWar_P4|TankWar_P5,TankWar_P1|TankWar_P2|TankWar_P3|TankWar_P4|TankWar_P5,UNKNOWN,UNKNOWN,0.600,0.200,LOW,INTRA_BLOCK,RESOLVED_INTERNAL,TankWar_P1|TankWar_P2|TankWar_P3|TankWar_P4|TankWar_P5
D496,C:\Users\JBNU\git\ConstraintsRecovery\assets\tankwar\asset15:IF:8-281,C:\Users\JBNU\git\ConstraintsRecovery\assets\tankwar\asset15:IF:8-281,E131,E106,,FIELD_REFERENCE,C:\Users\JBNU\git\ConstraintsRecovery\assets\tankwar\asset15,180,G4,G4,TankWar_P1|TankWar_P2|TankWar_P3|TankWar_P4|TankWar_P5,TankWar_P1|TankWar_P2|TankWar_P3|TankWar_P4|TankWar_P5,UNKNOWN,UNKNOWN,0.600,0.200,LOW,INTRA_BLOCK,RESOLVED_INTERNAL,TankWar_P1|TankWar_P2|TankWar_P3|TankWar_P4|TankWar_P5
D497,C:\Users\JBNU\git\ConstraintsRecovery\assets\tankwar\asset15:IF:8-281,C:\Users\JBNU\git\ConstraintsRecovery\assets\tankwar\asset15:IF:8-281,E131,E106,,FIELD_REFERENCE,C:\Users\JBNU\git\ConstraintsRecovery\assets\tankwar\asset15,187,G4,G4,TankWar_P1|TankWar_P2|TankWar_P3|TankWar_P4|TankWar_P5,TankWar_P1|TankWar_P2|TankWar_P3|TankWar_P4|TankWar_P5,UNKNOWN,UNKNOWN,0.600,0.200,LOW,INTRA_BLOCK,RESOLVED_INTERNAL,TankWar_P1|TankWar_P2|TankWar_P3|TankWar_P4|TankWar_P5
D498,C:\Users\JBNU\git\ConstraintsRecovery\assets\tankwar\asset15:IF:8-281,C:\Users\JBNU\git\ConstraintsRecovery\assets\tankwar\asset15:IF:8-281,E131,E106,,FIELD_REFERENCE,C:\Users\JBNU\git\ConstraintsRecovery\assets\tankwar\asset15,188,G4,G4,TankWar_P1|TankWar_P2|TankWar_P3|TankWar_P4|TankWar_P5,TankWar_P1|TankWar_P2|TankWar_P3|TankWar_P4|TankWar_P5,UNKNOWN,UNKNOWN,0.600,0.200,LOW,INTRA_BLOCK,RESOLVED_INTERNAL,TankWar_P1|TankWar_P2|TankWar_P3|TankWar_P4|TankWar_P5
D499,C:\Users\JBNU\git\ConstraintsRecovery\assets\tankwar\asset15:IF:8-281,C:\Users\JBNU\git\ConstraintsRecovery\assets\tankwar\asset15:IF:8-281,E131,E106,,FIELD_REFERENCE,C:\Users\JBNU\git\ConstraintsRecovery\assets\tankwar\asset15,189,G4,G4,TankWar_P1|TankWar_P2|TankWar_P3|TankWar_P4|TankWar_P5,TankWar_P1|TankWar_P2|TankWar_P3|TankWar_P4|TankWar_P5,UNKNOWN,UNKNOWN,0.600,0.200,LOW,INTRA_BLOCK,RESOLVED_INTERNAL,TankWar_P1|TankWar_P2|TankWar_P3|TankWar_P4|TankWar_P5
D500,C:\Users\JBNU\git\ConstraintsRecovery\assets\tankwar\asset15:IF:8-281,C:\Users\JBNU\git\ConstraintsRecovery\assets\tankwar\asset15:IF:8-281,E131,E106,,FIELD_REFERENCE,C:\Users\JBNU\git\ConstraintsRecovery\assets\tankwar\asset15,191,G4,G4,TankWar_P1|TankWar_P2|TankWar_P3|TankWar_P4|TankWar_P5,TankWar_P1|TankWar_P2|TankWar_P3|TankWar_P4|TankWar_P5,UNKNOWN,UNKNOWN,0.600,0.200,LOW,INTRA_BLOCK,RESOLVED_INTERNAL,TankWar_P1|TankWar_P2|TankWar_P3|TankWar_P4|TankWar_P5
D501,C:\Users\JBNU\git\ConstraintsRecovery\assets\tankwar\asset15:IF:8-281,C:\Users\JBNU\git\ConstraintsRecovery\assets\tankwar\asset15:IF:8-281,E131,E106,,FIELD_REFERENCE,C:\Users\JBNU\git\ConstraintsRecovery\assets\tankwar\asset15,193,G4,G4,TankWar_P1|TankWar_P2|TankWar_P3|TankWar_P4|TankWar_P5,TankWar_P1|TankWar_P2|TankWar_P3|TankWar_P4|TankWar_P5,UNKNOWN,UNKNOWN,0.600,0.200,LOW,INTRA_BLOCK,RESOLVED_INTERNAL,TankWar_P1|TankWar_P2|TankWar_P3|TankWar_P4|TankWar_P5
D502,C:\Users\JBNU\git\ConstraintsRecovery\assets\tankwar\asset15:IF:8-281,C:\Users\JBNU\git\ConstraintsRecovery\assets\tankwar\asset15:IF:8-281,E131,E117,,FIELD_REFERENCE,C:\Users\JBNU\git\ConstraintsRecovery\assets\tankwar\asset15,200,G4,G4,TankWar_P1|TankWar_P2|TankWar_P3|TankWar_P4|TankWar_P5,TankWar_P1|TankWar_P2|TankWar_P3|TankWar_P4|TankWar_P5,UNKNOWN,UNKNOWN,0.600,0.200,LOW,INTRA_BLOCK,RESOLVED_INTERNAL,TankWar_P1|TankWar_P2|TankWar_P3|TankWar_P4|TankWar_P5
D503,C:\Users\JBNU\git\ConstraintsRecovery\assets\tankwar\asset15:IF:8-281,C:\Users\JBNU\git\ConstraintsRecovery\assets\tankwar\asset15:IF:8-281,E131,E106,,FIELD_REFERENCE,C:\Users\JBNU\git\ConstraintsRecovery\assets\tankwar\asset15,201,G4,G4,TankWar_P1|TankWar_P2|TankWar_P3|TankWar_P4|TankWar_P5,TankWar_P1|TankWar_P2|TankWar_P3|TankWar_P4|TankWar_P5,UNKNOWN,UNKNOWN,0.600,0.200,LOW,INTRA_BLOCK,RESOLVED_INTERNAL,TankWar_P1|TankWar_P2|TankWar_P3|TankWar_P4|TankWar_P5
D504,C:\Users\JBNU\git\ConstraintsRecovery\assets\tankwar\asset15:IF:8-281,C:\Users\JBNU\git\ConstraintsRecovery\assets\tankwar\asset15:IF:8-281,E131,E106,,FIELD_REFERENCE,C:\Users\JBNU\git\ConstraintsRecovery\assets\tankwar\asset15,202,G4,G4,TankWar_P1|TankWar_P2|TankWar_P3|TankWar_P4|TankWar_P5,TankWar_P1|TankWar_P2|TankWar_P3|TankWar_P4|TankWar_P5,UNKNOWN,UNKNOWN,0.600,0.200,LOW,INTRA_BLOCK,RESOLVED_INTERNAL,TankWar_P1|TankWar_P2|TankWar_P3|TankWar_P4|TankWar_P5
D505,C:\Users\JBNU\git\ConstraintsRecovery\assets\tankwar\asset15:IF:8-281,C:\Users\JBNU\git\ConstraintsRecovery\assets\tankwar\asset15:IF:8-281,E131,E106,,FIELD_REFERENCE,C:\Users\JBNU\git\ConstraintsRecovery\assets\tankwar\asset15,203,G4,G4,TankWar_P1|TankWar_P2|TankWar_P3|TankWar_P4|TankWar_P5,TankWar_P1|TankWar_P2|TankWar_P3|TankWar_P4|TankWar_P5,UNKNOWN,UNKNOWN,0.600,0.200,LOW,INTRA_BLOCK,RESOLVED_INTERNAL,TankWar_P1|TankWar_P2|TankWar_P3|TankWar_P4|TankWar_P5
D506,C:\Users\JBNU\git\ConstraintsRecovery\assets\tankwar\asset15:IF:8-281,C:\Users\JBNU\git\ConstraintsRecovery\assets\tankwar\asset15:IF:8-281,E131,E110,,FIELD_REFERENCE,C:\Users\JBNU\git\ConstraintsRecovery\assets\tankwar\asset15,203,G4,G4,TankWar_P1|TankWar_P2|TankWar_P3|TankWar_P4|TankWar_P5,TankWar_P1|TankWar_P2|TankWar_P3|TankWar_P4|TankWar_P5,UNKNOWN,UNKNOWN,0.600,0.200,LOW,INTRA_BLOCK,RESOLVED_INTERNAL,TankWar_P1|TankWar_P2|TankWar_P3|TankWar_P4|TankWar_P5
D507,C:\Users\JBNU\git\ConstraintsRecovery\assets\tankwar\asset15:IF:8-281,C:\Users\JBNU\git\ConstraintsRecovery\assets\tankwar\asset17:IF:8-36,E131,E141,,FIELD_REFERENCE,C:\Users\JBNU\git\ConstraintsRecovery\assets\tankwar\asset15,203,G4,G4,TankWar_P1|TankWar_P2|TankWar_P3|TankWar_P4|TankWar_P5,TankWar_P1|TankWar_P2|TankWar_P3|TankWar_P4|TankWar_P5,UNKNOWN,UNKNOWN,0.600,0.200,LOW,NONE,RESOLVED_INTERNAL,TankWar_P1|TankWar_P2|TankWar_P3|TankWar_P4|TankWar_P5
D508,C:\Users\JBNU\git\ConstraintsRecovery\assets\tankwar\asset15:IF:8-281,C:\Users\JBNU\git\ConstraintsRecovery\assets\tankwar\asset15:IF:8-281,E131,E106,,FIELD_REFERENCE,C:\Users\JBNU\git\ConstraintsRecovery\assets\tankwar\asset15,208,G4,G4,TankWar_P1|TankWar_P2|TankWar_P3|TankWar_P4|TankWar_P5,TankWar_P1|TankWar_P2|TankWar_P3|TankWar_P4|TankWar_P5,UNKNOWN,UNKNOWN,0.600,0.200,LOW,INTRA_BLOCK,RESOLVED_INTERNAL,TankWar_P1|TankWar_P2|TankWar_P3|TankWar_P4|TankWar_P5
D509,C:\Users\JBNU\git\ConstraintsRecovery\assets\tankwar\asset15:IF:8-281,C:\Users\JBNU\git\ConstraintsRecovery\assets\tankwar\asset15:IF:8-281,E131,E110,,FIELD_REFERENCE,C:\Users\JBNU\git\ConstraintsRecovery\assets\tankwar\asset15,208,G4,G4,TankWar_P1|TankWar_P2|TankWar_P3|TankWar_P4|TankWar_P5,TankWar_P1|TankWar_P2|TankWar_P3|TankWar_P4|TankWar_P5,UNKNOWN,UNKNOWN,0.600,0.200,LOW,INTRA_BLOCK,RESOLVED_INTERNAL,TankWar_P1|TankWar_P2|TankWar_P3|TankWar_P4|TankWar_P5
D510,C:\Users\JBNU\git\ConstraintsRecovery\assets\tankwar\asset15:IF:8-281,C:\Users\JBNU\git\ConstraintsRecovery\assets\tankwar\asset17:IF:8-36,E131,E141,,FIELD_REFERENCE,C:\Users\JBNU\git\ConstraintsRecovery\assets\tankwar\asset15,208,G4,G4,TankWar_P1|TankWar_P2|TankWar_P3|TankWar_P4|TankWar_P5,TankWar_P1|TankWar_P2|TankWar_P3|TankWar_P4|TankWar_P5,UNKNOWN,UNKNOWN,0.600,0.200,LOW,NONE,RESOLVED_INTERNAL,TankWar_P1|TankWar_P2|TankWar_P3|TankWar_P4|TankWar_P5
D511,C:\Users\JBNU\git\ConstraintsRecovery\assets\tankwar\asset15:IF:8-281,C:\Users\JBNU\git\ConstraintsRecovery\assets\tankwar\asset15:IF:8-281,E132,E118,,FIELD_REFERENCE,C:\Users\JBNU\git\ConstraintsRecovery\assets\tankwar\asset15,216,G4,G4,TankWar_P1|TankWar_P2|TankWar_P3|TankWar_P4|TankWar_P5,TankWar_P1|TankWar_P2|TankWar_P3|TankWar_P4|TankWar_P5,UNKNOWN,UNKNOWN,0.600,0.200,LOW,INTRA_BLOCK,RESOLVED_INTERNAL,TankWar_P1|TankWar_P2|TankWar_P3|TankWar_P4|TankWar_P5
D512,C:\Users\JBNU\git\ConstraintsRecovery\assets\tankwar\asset15:IF:8-281,C:\Users\JBNU\git\ConstraintsRecovery\assets\tankwar\asset15:IF:8-281,E132,E119,,FIELD_REFERENCE,C:\Users\JBNU\git\ConstraintsRecovery\assets\tankwar\asset15,216,G4,G4,TankWar_P1|TankWar_P2|TankWar_P3|TankWar_P4|TankWar_P5,TankWar_P1|TankWar_P2|TankWar_P3|TankWar_P4|TankWar_P5,UNKNOWN,UNKNOWN,0.600,0.200,LOW,INTRA_BLOCK,RESOLVED_INTERNAL,TankWar_P1|TankWar_P2|TankWar_P3|TankWar_P4|TankWar_P5
D513,C:\Users\JBNU\git\ConstraintsRecovery\assets\tankwar\asset15:IF:8-281,C:\Users\JBNU\git\ConstraintsRecovery\assets\tankwar\asset15:IF:8-281,E132,E119,,FIELD_REFERENCE,C:\Users\JBNU\git\ConstraintsRecovery\assets\tankwar\asset15,217,G4,G4,TankWar_P1|TankWar_P2|TankWar_P3|TankWar_P4|TankWar_P5,TankWar_P1|TankWar_P2|TankWar_P3|TankWar_P4|TankWar_P5,UNKNOWN,UNKNOWN,0.600,0.200,LOW,INTRA_BLOCK,RESOLVED_INTERNAL,TankWar_P1|TankWar_P2|TankWar_P3|TankWar_P4|TankWar_P5
D514,C:\Users\JBNU\git\ConstraintsRecovery\assets\tankwar\asset15:IF:8-281,C:\Users\JBNU\git\ConstraintsRecovery\assets\tankwar\asset15:IF:8-281,E132,E111,,FIELD_REFERENCE,C:\Users\JBNU\git\ConstraintsRecovery\assets\tankwar\asset15,218,G4,G4,TankWar_P1|TankWar_P2|TankWar_P3|TankWar_P4|TankWar_P5,TankWar_P1|TankWar_P2|TankWar_P3|TankWar_P4|TankWar_P5,UNKNOWN,UNKNOWN,0.600,0.200,LOW,INTRA_BLOCK,RESOLVED_INTERNAL,TankWar_P1|TankWar_P2|TankWar_P3|TankWar_P4|TankWar_P5
D515,C:\Users\JBNU\git\ConstraintsRecovery\assets\tankwar\asset15:IF:8-281,C:\Users\JBNU\git\ConstraintsRecovery\assets\tankwar\asset15:IF:8-281,E132,E107,,FIELD_REFERENCE,C:\Users\JBNU\git\ConstraintsRecovery\assets\tankwar\asset15,219,G4,G4,TankWar_P1|TankWar_P2|TankWar_P3|TankWar_P4|TankWar_P5,TankWar_P1|TankWar_P2|TankWar_P3|TankWar_P4|TankWar_P5,UNKNOWN,UNKNOWN,0.600,0.200,LOW,INTRA_BLOCK,RESOLVED_INTERNAL,TankWar_P1|TankWar_P2|TankWar_P3|TankWar_P4|TankWar_P5
D516,C:\Users\JBNU\git\ConstraintsRecovery\assets\tankwar\asset15:IF:8-281,C:\Users\JBNU\git\ConstraintsRecovery\assets\tankwar\asset15:IF:8-281,E132,E108,,FIELD_REFERENCE,C:\Users\JBNU\git\ConstraintsRecovery\assets\tankwar\asset15,219,G4,G4,TankWar_P1|TankWar_P2|TankWar_P3|TankWar_P4|TankWar_P5,TankWar_P1|TankWar_P2|TankWar_P3|TankWar_P4|TankWar_P5,UNKNOWN,UNKNOWN,0.600,0.200,LOW,INTRA_BLOCK,RESOLVED_INTERNAL,TankWar_P1|TankWar_P2|TankWar_P3|TankWar_P4|TankWar_P5
D517,C:\Users\JBNU\git\ConstraintsRecovery\assets\tankwar\asset15:IF:8-281,C:\Users\JBNU\git\ConstraintsRecovery\assets\tankwar\asset15:IF:8-281,E132,E111,,FIELD_REFERENCE,C:\Users\JBNU\git\ConstraintsRecovery\assets\tankwar\asset15,219,G4,G4,TankWar_P1|TankWar_P2|TankWar_P3|TankWar_P4|TankWar_P5,TankWar_P1|TankWar_P2|TankWar_P3|TankWar_P4|TankWar_P5,UNKNOWN,UNKNOWN,0.600,0.200,LOW,INTRA_BLOCK,RESOLVED_INTERNAL,TankWar_P1|TankWar_P2|TankWar_P3|TankWar_P4|TankWar_P5
D518,C:\Users\JBNU\git\ConstraintsRecovery\assets\tankwar\asset15:IF:8-281,C:\Users\JBNU\git\ConstraintsRecovery\assets\tankwar\asset15:IF:8-281,E132,E106,,FIELD_REFERENCE,C:\Users\JBNU\git\ConstraintsRecovery\assets\tankwar\asset15,222,G4,G4,TankWar_P1|TankWar_P2|TankWar_P3|TankWar_P4|TankWar_P5,TankWar_P1|TankWar_P2|TankWar_P3|TankWar_P4|TankWar_P5,UNKNOWN,UNKNOWN,0.600,0.200,LOW,INTRA_BLOCK,RESOLVED_INTERNAL,TankWar_P1|TankWar_P2|TankWar_P3|TankWar_P4|TankWar_P5
D519,C:\Users\JBNU\git\ConstraintsRecovery\assets\tankwar\asset15:IF:8-281,C:\Users\JBNU\git\ConstraintsRecovery\assets\tankwar\asset17:IF:8-36,E132,E142,,FIELD_REFERENCE,C:\Users\JBNU\git\ConstraintsRecovery\assets\tankwar\asset15,222,G4,G4,TankWar_P1|TankWar_P2|TankWar_P3|TankWar_P4|TankWar_P5,TankWar_P1|TankWar_P2|TankWar_P3|TankWar_P4|TankWar_P5,UNKNOWN,UNKNOWN,0.600,0.200,LOW,NONE,RESOLVED_INTERNAL,TankWar_P1|TankWar_P2|TankWar_P3|TankWar_P4|TankWar_P5
D520,C:\Users\JBNU\git\ConstraintsRecovery\assets\tankwar\asset15:IF:8-281,C:\Users\JBNU\git\ConstraintsRecovery\assets\tankwar\asset15:IF:8-281,E132,E106,,FIELD_REFERENCE,C:\Users\JBNU\git\ConstraintsRecovery\assets\tankwar\asset15,223,G4,G4,TankWar_P1|TankWar_P2|TankWar_P3|TankWar_P4|TankWar_P5,TankWar_P1|TankWar_P2|TankWar_P3|TankWar_P4|TankWar_P5,UNKNOWN,UNKNOWN,0.600,0.200,LOW,INTRA_BLOCK,RESOLVED_INTERNAL,TankWar_P1|TankWar_P2|TankWar_P3|TankWar_P4|TankWar_P5
D521,C:\Users\JBNU\git\ConstraintsRecovery\assets\tankwar\asset15:IF:8-281,C:\Users\JBNU\git\ConstraintsRecovery\assets\tankwar\asset15:IF:8-281,E132,E106,,FIELD_REFERENCE,C:\Users\JBNU\git\ConstraintsRecovery\assets\tankwar\asset15,225,G4,G4,TankWar_P1|TankWar_P2|TankWar_P3|TankWar_P4|TankWar_P5,TankWar_P1|TankWar_P2|TankWar_P3|TankWar_P4|TankWar_P5,UNKNOWN,UNKNOWN,0.600,0.200,LOW,INTRA_BLOCK,RESOLVED_INTERNAL,TankWar_P1|TankWar_P2|TankWar_P3|TankWar_P4|TankWar_P5
D522,C:\Users\JBNU\git\ConstraintsRecovery\assets\tankwar\asset15:IF:8-281,C:\Users\JBNU\git\ConstraintsRecovery\assets\tankwar\asset17:IF:8-36,E132,E141,,FIELD_REFERENCE,C:\Users\JBNU\git\ConstraintsRecovery\assets\tankwar\asset15,225,G4,G4,TankWar_P1|TankWar_P2|TankWar_P3|TankWar_P4|TankWar_P5,TankWar_P1|TankWar_P2|TankWar_P3|TankWar_P4|TankWar_P5,UNKNOWN,UNKNOWN,0.600,0.200,LOW,NONE,RESOLVED_INTERNAL,TankWar_P1|TankWar_P2|TankWar_P3|TankWar_P4|TankWar_P5
D523,C:\Users\JBNU\git\ConstraintsRecovery\assets\tankwar\asset15:IF:8-281,C:\Users\JBNU\git\ConstraintsRecovery\assets\tankwar\asset15:IF:8-281,E132,E112,,FIELD_REFERENCE,C:\Users\JBNU\git\ConstraintsRecovery\assets\tankwar\asset15,226,G4,G4,TankWar_P1|TankWar_P2|TankWar_P3|TankWar_P4|TankWar_P5,TankWar_P1|TankWar_P2|TankWar_P3|TankWar_P4|TankWar_P5,UNKNOWN,UNKNOWN,0.600,0.200,LOW,INTRA_BLOCK,RESOLVED_INTERNAL,TankWar_P1|TankWar_P2|TankWar_P3|TankWar_P4|TankWar_P5
D524,C:\Users\JBNU\git\ConstraintsRecovery\assets\tankwar\asset15:IF:8-281,C:\Users\JBNU\git\ConstraintsRecovery\assets\tankwar\asset15:IF:8-281,E132,E115,,FIELD_REFERENCE,C:\Users\JBNU\git\ConstraintsRecovery\assets\tankwar\asset15,228,G4,G4,TankWar_P1|TankWar_P2|TankWar_P3|TankWar_P4|TankWar_P5,TankWar_P1|TankWar_P2|TankWar_P3|TankWar_P4|TankWar_P5,UNKNOWN,UNKNOWN,0.600,0.200,LOW,INTRA_BLOCK,RESOLVED_INTERNAL,TankWar_P1|TankWar_P2|TankWar_P3|TankWar_P4|TankWar_P5
D525,C:\Users\JBNU\git\ConstraintsRecovery\assets\tankwar\asset15:IF:8-281,C:\Users\JBNU\git\ConstraintsRecovery\assets\tankwar\asset15:IF:8-281,E132,E106,,FIELD_REFERENCE,C:\Users\JBNU\git\ConstraintsRecovery\assets\tankwar\asset15,229,G4,G4,TankWar_P1|TankWar_P2|TankWar_P3|TankWar_P4|TankWar_P5,TankWar_P1|TankWar_P2|TankWar_P3|TankWar_P4|TankWar_P5,UNKNOWN,UNKNOWN,0.600,0.200,LOW,INTRA_BLOCK,RESOLVED_INTERNAL,TankWar_P1|TankWar_P2|TankWar_P3|TankWar_P4|TankWar_P5
D526,C:\Users\JBNU\git\ConstraintsRecovery\assets\tankwar\asset15:IF:8-281,C:\Users\JBNU\git\ConstraintsRecovery\assets\tankwar\asset15:IF:8-281,E132,E109,,FIELD_REFERENCE,C:\Users\JBNU\git\ConstraintsRecovery\assets\tankwar\asset15,229,G4,G4,TankWar_P1|TankWar_P2|TankWar_P3|TankWar_P4|TankWar_P5,TankWar_P1|TankWar_P2|TankWar_P3|TankWar_P4|TankWar_P5,UNKNOWN,UNKNOWN,0.600,0.200,LOW,INTRA_BLOCK,RESOLVED_INTERNAL,TankWar_P1|TankWar_P2|TankWar_P3|TankWar_P4|TankWar_P5
D527,C:\Users\JBNU\git\ConstraintsRecovery\assets\tankwar\asset15:IF:8-281,C:\Users\JBNU\git\ConstraintsRecovery\assets\tankwar\asset15:IF:8-281,E132,E116,,FIELD_REFERENCE,C:\Users\JBNU\git\ConstraintsRecovery\assets\tankwar\asset15,229,G4,G4,TankWar_P1|TankWar_P2|TankWar_P3|TankWar_P4|TankWar_P5,TankWar_P1|TankWar_P2|TankWar_P3|TankWar_P4|TankWar_P5,UNKNOWN,UNKNOWN,0.600,0.200,LOW,INTRA_BLOCK,RESOLVED_INTERNAL,TankWar_P1|TankWar_P2|TankWar_P3|TankWar_P4|TankWar_P5
D528,C:\Users\JBNU\git\ConstraintsRecovery\assets\tankwar\asset15:IF:8-281,C:\Users\JBNU\git\ConstraintsRecovery\assets\tankwar\asset15:IF:8-281,E132,E106,,FIELD_REFERENCE,C:\Users\JBNU\git\ConstraintsRecovery\assets\tankwar\asset15,232,G4,G4,TankWar_P1|TankWar_P2|TankWar_P3|TankWar_P4|TankWar_P5,TankWar_P1|TankWar_P2|TankWar_P3|TankWar_P4|TankWar_P5,UNKNOWN,UNKNOWN,0.600,0.200,LOW,INTRA_BLOCK,RESOLVED_INTERNAL,TankWar_P1|TankWar_P2|TankWar_P3|TankWar_P4|TankWar_P5
D529,C:\Users\JBNU\git\ConstraintsRecovery\assets\tankwar\asset15:IF:8-281,C:\Users\JBNU\git\ConstraintsRecovery\assets\tankwar\asset15:IF:8-281,E132,E109,,FIELD_REFERENCE,C:\Users\JBNU\git\ConstraintsRecovery\assets\tankwar\asset15,232,G4,G4,TankWar_P1|TankWar_P2|TankWar_P3|TankWar_P4|TankWar_P5,TankWar_P1|TankWar_P2|TankWar_P3|TankWar_P4|TankWar_P5,UNKNOWN,UNKNOWN,0.600,0.200,LOW,INTRA_BLOCK,RESOLVED_INTERNAL,TankWar_P1|TankWar_P2|TankWar_P3|TankWar_P4|TankWar_P5
D530,C:\Users\JBNU\git\ConstraintsRecovery\assets\tankwar\asset15:IF:8-281,C:\Users\JBNU\git\ConstraintsRecovery\assets\tankwar\asset15:IF:8-281,E132,E115,,FIELD_REFERENCE,C:\Users\JBNU\git\ConstraintsRecovery\assets\tankwar\asset15,232,G4,G4,TankWar_P1|TankWar_P2|TankWar_P3|TankWar_P4|TankWar_P5,TankWar_P1|TankWar_P2|TankWar_P3|TankWar_P4|TankWar_P5,UNKNOWN,UNKNOWN,0.600,0.200,LOW,INTRA_BLOCK,RESOLVED_INTERNAL,TankWar_P1|TankWar_P2|TankWar_P3|TankWar_P4|TankWar_P5
D531,C:\Users\JBNU\git\ConstraintsRecovery\assets\tankwar\asset15:IF:8-281,C:\Users\JBNU\git\ConstraintsRecovery\assets\tankwar\asset15:IF:8-281,E132,E116,,FIELD_REFERENCE,C:\Users\JBNU\git\ConstraintsRecovery\assets\tankwar\asset15,233,G4,G4,TankWar_P1|TankWar_P2|TankWar_P3|TankWar_P4|TankWar_P5,TankWar_P1|TankWar_P2|TankWar_P3|TankWar_P4|TankWar_P5,UNKNOWN,UNKNOWN,0.600,0.200,LOW,INTRA_BLOCK,RESOLVED_INTERNAL,TankWar_P1|TankWar_P2|TankWar_P3|TankWar_P4|TankWar_P5
D532,C:\Users\JBNU\git\ConstraintsRecovery\assets\tankwar\asset15:IF:8-281,C:\Users\JBNU\git\ConstraintsRecovery\assets\tankwar\asset15:IF:8-281,E132,E106,,FIELD_REFERENCE,C:\Users\JBNU\git\ConstraintsRecovery\assets\tankwar\asset15,236,G4,G4,TankWar_P1|TankWar_P2|TankWar_P3|TankWar_P4|TankWar_P5,TankWar_P1|TankWar_P2|TankWar_P3|TankWar_P4|TankWar_P5,UNKNOWN,UNKNOWN,0.600,0.200,LOW,INTRA_BLOCK,RESOLVED_INTERNAL,TankWar_P1|TankWar_P2|TankWar_P3|TankWar_P4|TankWar_P5
D533,C:\Users\JBNU\git\ConstraintsRecovery\assets\tankwar\asset15:IF:8-281,C:\Users\JBNU\git\ConstraintsRecovery\assets\tankwar\asset15:IF:8-281,E132,E109,,FIELD_REFERENCE,C:\Users\JBNU\git\ConstraintsRecovery\assets\tankwar\asset15,236,G4,G4,TankWar_P1|TankWar_P2|TankWar_P3|TankWar_P4|TankWar_P5,TankWar_P1|TankWar_P2|TankWar_P3|TankWar_P4|TankWar_P5,UNKNOWN,UNKNOWN,0.600,0.200,LOW,INTRA_BLOCK,RESOLVED_INTERNAL,TankWar_P1|TankWar_P2|TankWar_P3|TankWar_P4|TankWar_P5
D534,C:\Users\JBNU\git\ConstraintsRecovery\assets\tankwar\asset15:IF:8-281,C:\Users\JBNU\git\ConstraintsRecovery\assets\tankwar\asset15:IF:8-281,E132,E115,,FIELD_REFERENCE,C:\Users\JBNU\git\ConstraintsRecovery\assets\tankwar\asset15,236,G4,G4,TankWar_P1|TankWar_P2|TankWar_P3|TankWar_P4|TankWar_P5,TankWar_P1|TankWar_P2|TankWar_P3|TankWar_P4|TankWar_P5,UNKNOWN,UNKNOWN,0.600,0.200,LOW,INTRA_BLOCK,RESOLVED_INTERNAL,TankWar_P1|TankWar_P2|TankWar_P3|TankWar_P4|TankWar_P5
D535,C:\Users\JBNU\git\ConstraintsRecovery\assets\tankwar\asset15:IF:8-281,C:\Users\JBNU\git\ConstraintsRecovery\assets\tankwar\asset15:IF:8-281,E132,E106,,FIELD_REFERENCE,C:\Users\JBNU\git\ConstraintsRecovery\assets\tankwar\asset15,237,G4,G4,TankWar_P1|TankWar_P2|TankWar_P3|TankWar_P4|TankWar_P5,TankWar_P1|TankWar_P2|TankWar_P3|TankWar_P4|TankWar_P5,UNKNOWN,UNKNOWN,0.600,0.200,LOW,INTRA_BLOCK,RESOLVED_INTERNAL,TankWar_P1|TankWar_P2|TankWar_P3|TankWar_P4|TankWar_P5
D536,C:\Users\JBNU\git\ConstraintsRecovery\assets\tankwar\asset15:IF:8-281,C:\Users\JBNU\git\ConstraintsRecovery\assets\tankwar\asset15:IF:8-281,E132,E109,,FIELD_REFERENCE,C:\Users\JBNU\git\ConstraintsRecovery\assets\tankwar\asset15,237,G4,G4,TankWar_P1|TankWar_P2|TankWar_P3|TankWar_P4|TankWar_P5,TankWar_P1|TankWar_P2|TankWar_P3|TankWar_P4|TankWar_P5,UNKNOWN,UNKNOWN,0.600,0.200,LOW,INTRA_BLOCK,RESOLVED_INTERNAL,TankWar_P1|TankWar_P2|TankWar_P3|TankWar_P4|TankWar_P5
D537,C:\Users\JBNU\git\ConstraintsRecovery\assets\tankwar\asset15:IF:8-281,C:\Users\JBNU\git\ConstraintsRecovery\assets\tankwar\asset15:IF:8-281,E132,E116,,FIELD_REFERENCE,C:\Users\JBNU\git\ConstraintsRecovery\assets\tankwar\asset15,237,G4,G4,TankWar_P1|TankWar_P2|TankWar_P3|TankWar_P4|TankWar_P5,TankWar_P1|TankWar_P2|TankWar_P3|TankWar_P4|TankWar_P5,UNKNOWN,UNKNOWN,0.600,0.200,LOW,INTRA_BLOCK,RESOLVED_INTERNAL,TankWar_P1|TankWar_P2|TankWar_P3|TankWar_P4|TankWar_P5
D538,C:\Users\JBNU\git\ConstraintsRecovery\assets\tankwar\asset15:IF:8-281,C:\Users\JBNU\git\ConstraintsRecovery\assets\tankwar\asset15:IF:8-281,E132,E115,,FIELD_REFERENCE,C:\Users\JBNU\git\ConstraintsRecovery\assets\tankwar\asset15,240,G4,G4,TankWar_P1|TankWar_P2|TankWar_P3|TankWar_P4|TankWar_P5,TankWar_P1|TankWar_P2|TankWar_P3|TankWar_P4|TankWar_P5,UNKNOWN,UNKNOWN,0.600,0.200,LOW,INTRA_BLOCK,RESOLVED_INTERNAL,TankWar_P1|TankWar_P2|TankWar_P3|TankWar_P4|TankWar_P5
D539,C:\Users\JBNU\git\ConstraintsRecovery\assets\tankwar\asset15:IF:8-281,C:\Users\JBNU\git\ConstraintsRecovery\assets\tankwar\asset15:IF:8-281,E132,E116,,FIELD_REFERENCE,C:\Users\JBNU\git\ConstraintsRecovery\assets\tankwar\asset15,241,G4,G4,TankWar_P1|TankWar_P2|TankWar_P3|TankWar_P4|TankWar_P5,TankWar_P1|TankWar_P2|TankWar_P3|TankWar_P4|TankWar_P5,UNKNOWN,UNKNOWN,0.600,0.200,LOW,INTRA_BLOCK,RESOLVED_INTERNAL,TankWar_P1|TankWar_P2|TankWar_P3|TankWar_P4|TankWar_P5
D540,C:\Users\JBNU\git\ConstraintsRecovery\assets\tankwar\asset15:IF:8-281,C:\Users\JBNU\git\ConstraintsRecovery\assets\tankwar\asset15:IF:8-281,E132,E106,,FIELD_REFERENCE,C:\Users\JBNU\git\ConstraintsRecovery\assets\tankwar\asset15,244,G4,G4,TankWar_P1|TankWar_P2|TankWar_P3|TankWar_P4|TankWar_P5,TankWar_P1|TankWar_P2|TankWar_P3|TankWar_P4|TankWar_P5,UNKNOWN,UNKNOWN,0.600,0.200,LOW,INTRA_BLOCK,RESOLVED_INTERNAL,TankWar_P1|TankWar_P2|TankWar_P3|TankWar_P4|TankWar_P5
D541,C:\Users\JBNU\git\ConstraintsRecovery\assets\tankwar\asset15:IF:8-281,C:\Users\JBNU\git\ConstraintsRecovery\assets\tankwar\asset15:IF:8-281,E132,E117,,FIELD_REFERENCE,C:\Users\JBNU\git\ConstraintsRecovery\assets\tankwar\asset15,247,G4,G4,TankWar_P1|TankWar_P2|TankWar_P3|TankWar_P4|TankWar_P5,TankWar_P1|TankWar_P2|TankWar_P3|TankWar_P4|TankWar_P5,UNKNOWN,UNKNOWN,0.600,0.200,LOW,INTRA_BLOCK,RESOLVED_INTERNAL,TankWar_P1|TankWar_P2|TankWar_P3|TankWar_P4|TankWar_P5
D542,C:\Users\JBNU\git\ConstraintsRecovery\assets\tankwar\asset15:IF:8-281,C:\Users\JBNU\git\ConstraintsRecovery\assets\tankwar\asset15:IF:8-281,E132,E106,,FIELD_REFERENCE,C:\Users\JBNU\git\ConstraintsRecovery\assets\tankwar\asset15,251,G4,G4,TankWar_P1|TankWar_P2|TankWar_P3|TankWar_P4|TankWar_P5,TankWar_P1|TankWar_P2|TankWar_P3|TankWar_P4|TankWar_P5,UNKNOWN,UNKNOWN,0.600,0.200,LOW,INTRA_BLOCK,RESOLVED_INTERNAL,TankWar_P1|TankWar_P2|TankWar_P3|TankWar_P4|TankWar_P5
D543,C:\Users\JBNU\git\ConstraintsRecovery\assets\tankwar\asset15:IF:8-281,C:\Users\JBNU\git\ConstraintsRecovery\assets\tankwar\asset15:IF:8-281,E132,E109,,FIELD_REFERENCE,C:\Users\JBNU\git\ConstraintsRecovery\assets\tankwar\asset15,251,G4,G4,TankWar_P1|TankWar_P2|TankWar_P3|TankWar_P4|TankWar_P5,TankWar_P1|TankWar_P2|TankWar_P3|TankWar_P4|TankWar_P5,UNKNOWN,UNKNOWN,0.600,0.200,LOW,INTRA_BLOCK,RESOLVED_INTERNAL,TankWar_P1|TankWar_P2|TankWar_P3|TankWar_P4|TankWar_P5
D544,C:\Users\JBNU\git\ConstraintsRecovery\assets\tankwar\asset15:IF:8-281,C:\Users\JBNU\git\ConstraintsRecovery\assets\tankwar\asset15:IF:8-281,E132,E113,,FIELD_REFERENCE,C:\Users\JBNU\git\ConstraintsRecovery\assets\tankwar\asset15,251,G4,G4,TankWar_P1|TankWar_P2|TankWar_P3|TankWar_P4|TankWar_P5,TankWar_P1|TankWar_P2|TankWar_P3|TankWar_P4|TankWar_P5,UNKNOWN,UNKNOWN,0.600,0.200,LOW,INTRA_BLOCK,RESOLVED_INTERNAL,TankWar_P1|TankWar_P2|TankWar_P3|TankWar_P4|TankWar_P5
D545,C:\Users\JBNU\git\ConstraintsRecovery\assets\tankwar\asset15:IF:8-281,C:\Users\JBNU\git\ConstraintsRecovery\assets\tankwar\asset15:IF:8-281,E132,E114,,FIELD_REFERENCE,C:\Users\JBNU\git\ConstraintsRecovery\assets\tankwar\asset15,251,G4,G4,TankWar_P1|TankWar_P2|TankWar_P3|TankWar_P4|TankWar_P5,TankWar_P1|TankWar_P2|TankWar_P3|TankWar_P4|TankWar_P5,UNKNOWN,UNKNOWN,0.600,0.200,LOW,INTRA_BLOCK,RESOLVED_INTERNAL,TankWar_P1|TankWar_P2|TankWar_P3|TankWar_P4|TankWar_P5
D546,C:\Users\JBNU\git\ConstraintsRecovery\assets\tankwar\asset15:IF:8-281,C:\Users\JBNU\git\ConstraintsRecovery\assets\tankwar\asset17:IF:8-36,E132,E141,,FIELD_REFERENCE,C:\Users\JBNU\git\ConstraintsRecovery\assets\tankwar\asset15,251,G4,G4,TankWar_P1|TankWar_P2|TankWar_P3|TankWar_P4|TankWar_P5,TankWar_P1|TankWar_P2|TankWar_P3|TankWar_P4|TankWar_P5,UNKNOWN,UNKNOWN,0.600,0.200,LOW,NONE,RESOLVED_INTERNAL,TankWar_P1|TankWar_P2|TankWar_P3|TankWar_P4|TankWar_P5
D547,C:\Users\JBNU\git\ConstraintsRecovery\assets\tankwar\asset15:IF:8-281,C:\Users\JBNU\git\ConstraintsRecovery\assets\tankwar\asset15:IF:8-281,E132,E112,,FIELD_REFERENCE,C:\Users\JBNU\git\ConstraintsRecovery\assets\tankwar\asset15,254,G4,G4,TankWar_P1|TankWar_P2|TankWar_P3|TankWar_P4|TankWar_P5,TankWar_P1|TankWar_P2|TankWar_P3|TankWar_P4|TankWar_P5,UNKNOWN,UNKNOWN,0.600,0.200,LOW,INTRA_BLOCK,RESOLVED_INTERNAL,TankWar_P1|TankWar_P2|TankWar_P3|TankWar_P4|TankWar_P5
D548,C:\Users\JBNU\git\ConstraintsRecovery\assets\tankwar\asset15:IF:8-281,C:\Users\JBNU\git\ConstraintsRecovery\assets\tankwar\asset15:IF:8-281,E132,E106,,FIELD_REFERENCE,C:\Users\JBNU\git\ConstraintsRecovery\assets\tankwar\asset15,256,G4,G4,TankWar_P1|TankWar_P2|TankWar_P3|TankWar_P4|TankWar_P5,TankWar_P1|TankWar_P2|TankWar_P3|TankWar_P4|TankWar_P5,UNKNOWN,UNKNOWN,0.600,0.200,LOW,INTRA_BLOCK,RESOLVED_INTERNAL,TankWar_P1|TankWar_P2|TankWar_P3|TankWar_P4|TankWar_P5
D549,C:\Users\JBNU\git\ConstraintsRecovery\assets\tankwar\asset15:IF:8-281,C:\Users\JBNU\git\ConstraintsRecovery\assets\tankwar\asset15:IF:8-281,E132,E115,,FIELD_REFERENCE,C:\Users\JBNU\git\ConstraintsRecovery\assets\tankwar\asset15,256,G4,G4,TankWar_P1|TankWar_P2|TankWar_P3|TankWar_P4|TankWar_P5,TankWar_P1|TankWar_P2|TankWar_P3|TankWar_P4|TankWar_P5,UNKNOWN,UNKNOWN,0.600,0.200,LOW,INTRA_BLOCK,RESOLVED_INTERNAL,TankWar_P1|TankWar_P2|TankWar_P3|TankWar_P4|TankWar_P5
D550,C:\Users\JBNU\git\ConstraintsRecovery\assets\tankwar\asset15:IF:8-281,C:\Users\JBNU\git\ConstraintsRecovery\assets\tankwar\asset17:IF:8-36,E132,E142,,FIELD_REFERENCE,C:\Users\JBNU\git\ConstraintsRecovery\assets\tankwar\asset15,256,G4,G4,TankWar_P1|TankWar_P2|TankWar_P3|TankWar_P4|TankWar_P5,TankWar_P1|TankWar_P2|TankWar_P3|TankWar_P4|TankWar_P5,UNKNOWN,UNKNOWN,0.600,0.200,LOW,NONE,RESOLVED_INTERNAL,TankWar_P1|TankWar_P2|TankWar_P3|TankWar_P4|TankWar_P5
D551,C:\Users\JBNU\git\ConstraintsRecovery\assets\tankwar\asset15:IF:8-281,C:\Users\JBNU\git\ConstraintsRecovery\assets\tankwar\asset15:IF:8-281,E132,E106,,FIELD_REFERENCE,C:\Users\JBNU\git\ConstraintsRecovery\assets\tankwar\asset15,257,G4,G4,TankWar_P1|TankWar_P2|TankWar_P3|TankWar_P4|TankWar_P5,TankWar_P1|TankWar_P2|TankWar_P3|TankWar_P4|TankWar_P5,UNKNOWN,UNKNOWN,0.600,0.200,LOW,INTRA_BLOCK,RESOLVED_INTERNAL,TankWar_P1|TankWar_P2|TankWar_P3|TankWar_P4|TankWar_P5
D552,C:\Users\JBNU\git\ConstraintsRecovery\assets\tankwar\asset15:IF:8-281,C:\Users\JBNU\git\ConstraintsRecovery\assets\tankwar\asset15:IF:8-281,E132,E109,,FIELD_REFERENCE,C:\Users\JBNU\git\ConstraintsRecovery\assets\tankwar\asset15,257,G4,G4,TankWar_P1|TankWar_P2|TankWar_P3|TankWar_P4|TankWar_P5,TankWar_P1|TankWar_P2|TankWar_P3|TankWar_P4|TankWar_P5,UNKNOWN,UNKNOWN,0.600,0.200,LOW,INTRA_BLOCK,RESOLVED_INTERNAL,TankWar_P1|TankWar_P2|TankWar_P3|TankWar_P4|TankWar_P5
D553,C:\Users\JBNU\git\ConstraintsRecovery\assets\tankwar\asset15:IF:8-281,C:\Users\JBNU\git\ConstraintsRecovery\assets\tankwar\asset15:IF:8-281,E132,E116,,FIELD_REFERENCE,C:\Users\JBNU\git\ConstraintsRecovery\assets\tankwar\asset15,257,G4,G4,TankWar_P1|TankWar_P2|TankWar_P3|TankWar_P4|TankWar_P5,TankWar_P1|TankWar_P2|TankWar_P3|TankWar_P4|TankWar_P5,UNKNOWN,UNKNOWN,0.600,0.200,LOW,INTRA_BLOCK,RESOLVED_INTERNAL,TankWar_P1|TankWar_P2|TankWar_P3|TankWar_P4|TankWar_P5
D554,C:\Users\JBNU\git\ConstraintsRecovery\assets\tankwar\asset15:IF:8-281,C:\Users\JBNU\git\ConstraintsRecovery\assets\tankwar\asset17:IF:8-36,E132,E142,,FIELD_REFERENCE,C:\Users\JBNU\git\ConstraintsRecovery\assets\tankwar\asset15,257,G4,G4,TankWar_P1|TankWar_P2|TankWar_P3|TankWar_P4|TankWar_P5,TankWar_P1|TankWar_P2|TankWar_P3|TankWar_P4|TankWar_P5,UNKNOWN,UNKNOWN,0.600,0.200,LOW,NONE,RESOLVED_INTERNAL,TankWar_P1|TankWar_P2|TankWar_P3|TankWar_P4|TankWar_P5
D555,C:\Users\JBNU\git\ConstraintsRecovery\assets\tankwar\asset15:IF:8-281,C:\Users\JBNU\git\ConstraintsRecovery\assets\tankwar\asset15:IF:8-281,E132,E106,,FIELD_REFERENCE,C:\Users\JBNU\git\ConstraintsRecovery\assets\tankwar\asset15,260,G4,G4,TankWar_P1|TankWar_P2|TankWar_P3|TankWar_P4|TankWar_P5,TankWar_P1|TankWar_P2|TankWar_P3|TankWar_P4|TankWar_P5,UNKNOWN,UNKNOWN,0.600,0.200,LOW,INTRA_BLOCK,RESOLVED_INTERNAL,TankWar_P1|TankWar_P2|TankWar_P3|TankWar_P4|TankWar_P5
D556,C:\Users\JBNU\git\ConstraintsRecovery\assets\tankwar\asset15:IF:8-281,C:\Users\JBNU\git\ConstraintsRecovery\assets\tankwar\asset15:IF:8-281,E132,E109,,FIELD_REFERENCE,C:\Users\JBNU\git\ConstraintsRecovery\assets\tankwar\asset15,260,G4,G4,TankWar_P1|TankWar_P2|TankWar_P3|TankWar_P4|TankWar_P5,TankWar_P1|TankWar_P2|TankWar_P3|TankWar_P4|TankWar_P5,UNKNOWN,UNKNOWN,0.600,0.200,LOW,INTRA_BLOCK,RESOLVED_INTERNAL,TankWar_P1|TankWar_P2|TankWar_P3|TankWar_P4|TankWar_P5
D557,C:\Users\JBNU\git\ConstraintsRecovery\assets\tankwar\asset15:IF:8-281,C:\Users\JBNU\git\ConstraintsRecovery\assets\tankwar\asset15:IF:8-281,E132,E115,,FIELD_REFERENCE,C:\Users\JBNU\git\ConstraintsRecovery\assets\tankwar\asset15,260,G4,G4,TankWar_P1|TankWar_P2|TankWar_P3|TankWar_P4|TankWar_P5,TankWar_P1|TankWar_P2|TankWar_P3|TankWar_P4|TankWar_P5,UNKNOWN,UNKNOWN,0.600,0.200,LOW,INTRA_BLOCK,RESOLVED_INTERNAL,TankWar_P1|TankWar_P2|TankWar_P3|TankWar_P4|TankWar_P5
D558,C:\Users\JBNU\git\ConstraintsRecovery\assets\tankwar\asset15:IF:8-281,C:\Users\JBNU\git\ConstraintsRecovery\assets\tankwar\asset17:IF:8-36,E132,E142,,FIELD_REFERENCE,C:\Users\JBNU\git\ConstraintsRecovery\assets\tankwar\asset15,260,G4,G4,TankWar_P1|TankWar_P2|TankWar_P3|TankWar_P4|TankWar_P5,TankWar_P1|TankWar_P2|TankWar_P3|TankWar_P4|TankWar_P5,UNKNOWN,UNKNOWN,0.600,0.200,LOW,NONE,RESOLVED_INTERNAL,TankWar_P1|TankWar_P2|TankWar_P3|TankWar_P4|TankWar_P5
D559,C:\Users\JBNU\git\ConstraintsRecovery\assets\tankwar\asset15:IF:8-281,C:\Users\JBNU\git\ConstraintsRecovery\assets\tankwar\asset15:IF:8-281,E132,E106,,FIELD_REFERENCE,C:\Users\JBNU\git\ConstraintsRecovery\assets\tankwar\asset15,261,G4,G4,TankWar_P1|TankWar_P2|TankWar_P3|TankWar_P4|TankWar_P5,TankWar_P1|TankWar_P2|TankWar_P3|TankWar_P4|TankWar_P5,UNKNOWN,UNKNOWN,0.600,0.200,LOW,INTRA_BLOCK,RESOLVED_INTERNAL,TankWar_P1|TankWar_P2|TankWar_P3|TankWar_P4|TankWar_P5
D560,C:\Users\JBNU\git\ConstraintsRecovery\assets\tankwar\asset15:IF:8-281,C:\Users\JBNU\git\ConstraintsRecovery\assets\tankwar\asset15:IF:8-281,E132,E116,,FIELD_REFERENCE,C:\Users\JBNU\git\ConstraintsRecovery\assets\tankwar\asset15,261,G4,G4,TankWar_P1|TankWar_P2|TankWar_P3|TankWar_P4|TankWar_P5,TankWar_P1|TankWar_P2|TankWar_P3|TankWar_P4|TankWar_P5,UNKNOWN,UNKNOWN,0.600,0.200,LOW,INTRA_BLOCK,RESOLVED_INTERNAL,TankWar_P1|TankWar_P2|TankWar_P3|TankWar_P4|TankWar_P5
D561,C:\Users\JBNU\git\ConstraintsRecovery\assets\tankwar\asset15:IF:8-281,C:\Users\JBNU\git\ConstraintsRecovery\assets\tankwar\asset17:IF:8-36,E132,E142,,FIELD_REFERENCE,C:\Users\JBNU\git\ConstraintsRecovery\assets\tankwar\asset15,261,G4,G4,TankWar_P1|TankWar_P2|TankWar_P3|TankWar_P4|TankWar_P5,TankWar_P1|TankWar_P2|TankWar_P3|TankWar_P4|TankWar_P5,UNKNOWN,UNKNOWN,0.600,0.200,LOW,NONE,RESOLVED_INTERNAL,TankWar_P1|TankWar_P2|TankWar_P3|TankWar_P4|TankWar_P5
D562,C:\Users\JBNU\git\ConstraintsRecovery\assets\tankwar\asset15:IF:8-281,C:\Users\JBNU\git\ConstraintsRecovery\assets\tankwar\asset15:IF:8-281,E132,E106,,FIELD_REFERENCE,C:\Users\JBNU\git\ConstraintsRecovery\assets\tankwar\asset15,264,G4,G4,TankWar_P1|TankWar_P2|TankWar_P3|TankWar_P4|TankWar_P5,TankWar_P1|TankWar_P2|TankWar_P3|TankWar_P4|TankWar_P5,UNKNOWN,UNKNOWN,0.600,0.200,LOW,INTRA_BLOCK,RESOLVED_INTERNAL,TankWar_P1|TankWar_P2|TankWar_P3|TankWar_P4|TankWar_P5
D563,C:\Users\JBNU\git\ConstraintsRecovery\assets\tankwar\asset15:IF:8-281,C:\Users\JBNU\git\ConstraintsRecovery\assets\tankwar\asset15:IF:8-281,E132,E109,,FIELD_REFERENCE,C:\Users\JBNU\git\ConstraintsRecovery\assets\tankwar\asset15,264,G4,G4,TankWar_P1|TankWar_P2|TankWar_P3|TankWar_P4|TankWar_P5,TankWar_P1|TankWar_P2|TankWar_P3|TankWar_P4|TankWar_P5,UNKNOWN,UNKNOWN,0.600,0.200,LOW,INTRA_BLOCK,RESOLVED_INTERNAL,TankWar_P1|TankWar_P2|TankWar_P3|TankWar_P4|TankWar_P5
D564,C:\Users\JBNU\git\ConstraintsRecovery\assets\tankwar\asset15:IF:8-281,C:\Users\JBNU\git\ConstraintsRecovery\assets\tankwar\asset15:IF:8-281,E132,E115,,FIELD_REFERENCE,C:\Users\JBNU\git\ConstraintsRecovery\assets\tankwar\asset15,264,G4,G4,TankWar_P1|TankWar_P2|TankWar_P3|TankWar_P4|TankWar_P5,TankWar_P1|TankWar_P2|TankWar_P3|TankWar_P4|TankWar_P5,UNKNOWN,UNKNOWN,0.600,0.200,LOW,INTRA_BLOCK,RESOLVED_INTERNAL,TankWar_P1|TankWar_P2|TankWar_P3|TankWar_P4|TankWar_P5
D565,C:\Users\JBNU\git\ConstraintsRecovery\assets\tankwar\asset15:IF:8-281,C:\Users\JBNU\git\ConstraintsRecovery\assets\tankwar\asset17:IF:8-36,E132,E142,,FIELD_REFERENCE,C:\Users\JBNU\git\ConstraintsRecovery\assets\tankwar\asset15,264,G4,G4,TankWar_P1|TankWar_P2|TankWar_P3|TankWar_P4|TankWar_P5,TankWar_P1|TankWar_P2|TankWar_P3|TankWar_P4|TankWar_P5,UNKNOWN,UNKNOWN,0.600,0.200,LOW,NONE,RESOLVED_INTERNAL,TankWar_P1|TankWar_P2|TankWar_P3|TankWar_P4|TankWar_P5
D566,C:\Users\JBNU\git\ConstraintsRecovery\assets\tankwar\asset15:IF:8-281,C:\Users\JBNU\git\ConstraintsRecovery\assets\tankwar\asset15:IF:8-281,E132,E106,,FIELD_REFERENCE,C:\Users\JBNU\git\ConstraintsRecovery\assets\tankwar\asset15,265,G4,G4,TankWar_P1|TankWar_P2|TankWar_P3|TankWar_P4|TankWar_P5,TankWar_P1|TankWar_P2|TankWar_P3|TankWar_P4|TankWar_P5,UNKNOWN,UNKNOWN,0.600,0.200,LOW,INTRA_BLOCK,RESOLVED_INTERNAL,TankWar_P1|TankWar_P2|TankWar_P3|TankWar_P4|TankWar_P5
D567,C:\Users\JBNU\git\ConstraintsRecovery\assets\tankwar\asset15:IF:8-281,C:\Users\JBNU\git\ConstraintsRecovery\assets\tankwar\asset15:IF:8-281,E132,E109,,FIELD_REFERENCE,C:\Users\JBNU\git\ConstraintsRecovery\assets\tankwar\asset15,265,G4,G4,TankWar_P1|TankWar_P2|TankWar_P3|TankWar_P4|TankWar_P5,TankWar_P1|TankWar_P2|TankWar_P3|TankWar_P4|TankWar_P5,UNKNOWN,UNKNOWN,0.600,0.200,LOW,INTRA_BLOCK,RESOLVED_INTERNAL,TankWar_P1|TankWar_P2|TankWar_P3|TankWar_P4|TankWar_P5
D568,C:\Users\JBNU\git\ConstraintsRecovery\assets\tankwar\asset15:IF:8-281,C:\Users\JBNU\git\ConstraintsRecovery\assets\tankwar\asset15:IF:8-281,E132,E116,,FIELD_REFERENCE,C:\Users\JBNU\git\ConstraintsRecovery\assets\tankwar\asset15,265,G4,G4,TankWar_P1|TankWar_P2|TankWar_P3|TankWar_P4|TankWar_P5,TankWar_P1|TankWar_P2|TankWar_P3|TankWar_P4|TankWar_P5,UNKNOWN,UNKNOWN,0.600,0.200,LOW,INTRA_BLOCK,RESOLVED_INTERNAL,TankWar_P1|TankWar_P2|TankWar_P3|TankWar_P4|TankWar_P5
D569,C:\Users\JBNU\git\ConstraintsRecovery\assets\tankwar\asset15:IF:8-281,C:\Users\JBNU\git\ConstraintsRecovery\assets\tankwar\asset17:IF:8-36,E132,E142,,FIELD_REFERENCE,C:\Users\JBNU\git\ConstraintsRecovery\assets\tankwar\asset15,265,G4,G4,TankWar_P1|TankWar_P2|TankWar_P3|TankWar_P4|TankWar_P5,TankWar_P1|TankWar_P2|TankWar_P3|TankWar_P4|TankWar_P5,UNKNOWN,UNKNOWN,0.600,0.200,LOW,NONE,RESOLVED_INTERNAL,TankWar_P1|TankWar_P2|TankWar_P3|TankWar_P4|TankWar_P5
D570,C:\Users\JBNU\git\ConstraintsRecovery\assets\tankwar\asset15:IF:8-281,C:\Users\JBNU\git\ConstraintsRecovery\assets\tankwar\asset15:IF:8-281,E132,E106,,FIELD_REFERENCE,C:\Users\JBNU\git\ConstraintsRecovery\assets\tankwar\asset15,268,G4,G4,TankWar_P1|TankWar_P2|TankWar_P3|TankWar_P4|TankWar_P5,TankWar_P1|TankWar_P2|TankWar_P3|TankWar_P4|TankWar_P5,UNKNOWN,UNKNOWN,0.600,0.200,LOW,INTRA_BLOCK,RESOLVED_INTERNAL,TankWar_P1|TankWar_P2|TankWar_P3|TankWar_P4|TankWar_P5
D571,C:\Users\JBNU\git\ConstraintsRecovery\assets\tankwar\asset15:IF:8-281,C:\Users\JBNU\git\ConstraintsRecovery\assets\tankwar\asset15:IF:8-281,E132,E115,,FIELD_REFERENCE,C:\Users\JBNU\git\ConstraintsRecovery\assets\tankwar\asset15,268,G4,G4,TankWar_P1|TankWar_P2|TankWar_P3|TankWar_P4|TankWar_P5,TankWar_P1|TankWar_P2|TankWar_P3|TankWar_P4|TankWar_P5,UNKNOWN,UNKNOWN,0.600,0.200,LOW,INTRA_BLOCK,RESOLVED_INTERNAL,TankWar_P1|TankWar_P2|TankWar_P3|TankWar_P4|TankWar_P5
D572,C:\Users\JBNU\git\ConstraintsRecovery\assets\tankwar\asset15:IF:8-281,C:\Users\JBNU\git\ConstraintsRecovery\assets\tankwar\asset17:IF:8-36,E132,E142,,FIELD_REFERENCE,C:\Users\JBNU\git\ConstraintsRecovery\assets\tankwar\asset15,268,G4,G4,TankWar_P1|TankWar_P2|TankWar_P3|TankWar_P4|TankWar_P5,TankWar_P1|TankWar_P2|TankWar_P3|TankWar_P4|TankWar_P5,UNKNOWN,UNKNOWN,0.600,0.200,LOW,NONE,RESOLVED_INTERNAL,TankWar_P1|TankWar_P2|TankWar_P3|TankWar_P4|TankWar_P5
D573,C:\Users\JBNU\git\ConstraintsRecovery\assets\tankwar\asset15:IF:8-281,C:\Users\JBNU\git\ConstraintsRecovery\assets\tankwar\asset15:IF:8-281,E132,E106,,FIELD_REFERENCE,C:\Users\JBNU\git\ConstraintsRecovery\assets\tankwar\asset15,269,G4,G4,TankWar_P1|TankWar_P2|TankWar_P3|TankWar_P4|TankWar_P5,TankWar_P1|TankWar_P2|TankWar_P3|TankWar_P4|TankWar_P5,UNKNOWN,UNKNOWN,0.600,0.200,LOW,INTRA_BLOCK,RESOLVED_INTERNAL,TankWar_P1|TankWar_P2|TankWar_P3|TankWar_P4|TankWar_P5
D574,C:\Users\JBNU\git\ConstraintsRecovery\assets\tankwar\asset15:IF:8-281,C:\Users\JBNU\git\ConstraintsRecovery\assets\tankwar\asset15:IF:8-281,E132,E116,,FIELD_REFERENCE,C:\Users\JBNU\git\ConstraintsRecovery\assets\tankwar\asset15,269,G4,G4,TankWar_P1|TankWar_P2|TankWar_P3|TankWar_P4|TankWar_P5,TankWar_P1|TankWar_P2|TankWar_P3|TankWar_P4|TankWar_P5,UNKNOWN,UNKNOWN,0.600,0.200,LOW,INTRA_BLOCK,RESOLVED_INTERNAL,TankWar_P1|TankWar_P2|TankWar_P3|TankWar_P4|TankWar_P5
D575,C:\Users\JBNU\git\ConstraintsRecovery\assets\tankwar\asset15:IF:8-281,C:\Users\JBNU\git\ConstraintsRecovery\assets\tankwar\asset17:IF:8-36,E132,E142,,FIELD_REFERENCE,C:\Users\JBNU\git\ConstraintsRecovery\assets\tankwar\asset15,269,G4,G4,TankWar_P1|TankWar_P2|TankWar_P3|TankWar_P4|TankWar_P5,TankWar_P1|TankWar_P2|TankWar_P3|TankWar_P4|TankWar_P5,UNKNOWN,UNKNOWN,0.600,0.200,LOW,NONE,RESOLVED_INTERNAL,TankWar_P1|TankWar_P2|TankWar_P3|TankWar_P4|TankWar_P5
D576,C:\Users\JBNU\git\ConstraintsRecovery\assets\tankwar\asset15:IF:8-281,C:\Users\JBNU\git\ConstraintsRecovery\assets\tankwar\asset15:IF:8-281,E132,E106,,FIELD_REFERENCE,C:\Users\JBNU\git\ConstraintsRecovery\assets\tankwar\asset15,272,G4,G4,TankWar_P1|TankWar_P2|TankWar_P3|TankWar_P4|TankWar_P5,TankWar_P1|TankWar_P2|TankWar_P3|TankWar_P4|TankWar_P5,UNKNOWN,UNKNOWN,0.600,0.200,LOW,INTRA_BLOCK,RESOLVED_INTERNAL,TankWar_P1|TankWar_P2|TankWar_P3|TankWar_P4|TankWar_P5
D577,C:\Users\JBNU\git\ConstraintsRecovery\assets\tankwar\asset15:IF:8-281,C:\Users\JBNU\git\ConstraintsRecovery\assets\tankwar\asset15:IF:8-281,E132,E106,,FIELD_REFERENCE,C:\Users\JBNU\git\ConstraintsRecovery\assets\tankwar\asset15,273,G4,G4,TankWar_P1|TankWar_P2|TankWar_P3|TankWar_P4|TankWar_P5,TankWar_P1|TankWar_P2|TankWar_P3|TankWar_P4|TankWar_P5,UNKNOWN,UNKNOWN,0.600,0.200,LOW,INTRA_BLOCK,RESOLVED_INTERNAL,TankWar_P1|TankWar_P2|TankWar_P3|TankWar_P4|TankWar_P5
D578,C:\Users\JBNU\git\ConstraintsRecovery\assets\tankwar\asset15:IF:8-281,C:\Users\JBNU\git\ConstraintsRecovery\assets\tankwar\asset15:IF:8-281,E132,E106,,FIELD_REFERENCE,C:\Users\JBNU\git\ConstraintsRecovery\assets\tankwar\asset15,274,G4,G4,TankWar_P1|TankWar_P2|TankWar_P3|TankWar_P4|TankWar_P5,TankWar_P1|TankWar_P2|TankWar_P3|TankWar_P4|TankWar_P5,UNKNOWN,UNKNOWN,0.600,0.200,LOW,INTRA_BLOCK,RESOLVED_INTERNAL,TankWar_P1|TankWar_P2|TankWar_P3|TankWar_P4|TankWar_P5
D579,C:\Users\JBNU\git\ConstraintsRecovery\assets\tankwar\asset15:IF:8-281,C:\Users\JBNU\git\ConstraintsRecovery\assets\tankwar\asset15:IF:8-281,E132,E109,,FIELD_REFERENCE,C:\Users\JBNU\git\ConstraintsRecovery\assets\tankwar\asset15,274,G4,G4,TankWar_P1|TankWar_P2|TankWar_P3|TankWar_P4|TankWar_P5,TankWar_P1|TankWar_P2|TankWar_P3|TankWar_P4|TankWar_P5,UNKNOWN,UNKNOWN,0.600,0.200,LOW,INTRA_BLOCK,RESOLVED_INTERNAL,TankWar_P1|TankWar_P2|TankWar_P3|TankWar_P4|TankWar_P5
D580,C:\Users\JBNU\git\ConstraintsRecovery\assets\tankwar\asset15:IF:8-281,C:\Users\JBNU\git\ConstraintsRecovery\assets\tankwar\asset15:IF:8-281,E132,E113,,FIELD_REFERENCE,C:\Users\JBNU\git\ConstraintsRecovery\assets\tankwar\asset15,274,G4,G4,TankWar_P1|TankWar_P2|TankWar_P3|TankWar_P4|TankWar_P5,TankWar_P1|TankWar_P2|TankWar_P3|TankWar_P4|TankWar_P5,UNKNOWN,UNKNOWN,0.600,0.200,LOW,INTRA_BLOCK,RESOLVED_INTERNAL,TankWar_P1|TankWar_P2|TankWar_P3|TankWar_P4|TankWar_P5
D581,C:\Users\JBNU\git\ConstraintsRecovery\assets\tankwar\asset15:IF:8-281,C:\Users\JBNU\git\ConstraintsRecovery\assets\tankwar\asset15:IF:8-281,E132,E114,,FIELD_REFERENCE,C:\Users\JBNU\git\ConstraintsRecovery\assets\tankwar\asset15,274,G4,G4,TankWar_P1|TankWar_P2|TankWar_P3|TankWar_P4|TankWar_P5,TankWar_P1|TankWar_P2|TankWar_P3|TankWar_P4|TankWar_P5,UNKNOWN,UNKNOWN,0.600,0.200,LOW,INTRA_BLOCK,RESOLVED_INTERNAL,TankWar_P1|TankWar_P2|TankWar_P3|TankWar_P4|TankWar_P5
D582,C:\Users\JBNU\git\ConstraintsRecovery\assets\tankwar\asset15:IF:8-281,C:\Users\JBNU\git\ConstraintsRecovery\assets\tankwar\asset17:IF:8-36,E132,E143,,FIELD_REFERENCE,C:\Users\JBNU\git\ConstraintsRecovery\assets\tankwar\asset15,274,G4,G4,TankWar_P1|TankWar_P2|TankWar_P3|TankWar_P4|TankWar_P5,TankWar_P1|TankWar_P2|TankWar_P3|TankWar_P4|TankWar_P5,UNKNOWN,UNKNOWN,0.600,0.200,LOW,NONE,RESOLVED_INTERNAL,TankWar_P1|TankWar_P2|TankWar_P3|TankWar_P4|TankWar_P5
D583,C:\Users\JBNU\git\ConstraintsRecovery\assets\tankwar\asset15:IF:8-281,C:\Users\JBNU\git\ConstraintsRecovery\assets\tankwar\asset13:IF:8-358,E132,E64,,METHOD_CALL,C:\Users\JBNU\git\ConstraintsRecovery\assets\tankwar\asset15,274,G4,G4,TankWar_P1|TankWar_P2|TankWar_P3|TankWar_P4|TankWar_P5,TankWar_P1|TankWar_P2|TankWar_P3|TankWar_P4|TankWar_P5,UNKNOWN,UNKNOWN,0.750,0.200,LOW,NONE,RESOLVED_INTERNAL,TankWar_P1|TankWar_P2|TankWar_P3|TankWar_P4|TankWar_P5
D584,C:\Users\JBNU\git\ConstraintsRecovery\assets\tankwar\asset15:IF:8-281,C:\Users\JBNU\git\ConstraintsRecovery\assets\tankwar\asset15:IF:8-281,E132,E106,,FIELD_REFERENCE,C:\Users\JBNU\git\ConstraintsRecovery\assets\tankwar\asset15,276,G4,G4,TankWar_P1|TankWar_P2|TankWar_P3|TankWar_P4|TankWar_P5,TankWar_P1|TankWar_P2|TankWar_P3|TankWar_P4|TankWar_P5,UNKNOWN,UNKNOWN,0.600,0.200,LOW,INTRA_BLOCK,RESOLVED_INTERNAL,TankWar_P1|TankWar_P2|TankWar_P3|TankWar_P4|TankWar_P5
D585,C:\Users\JBNU\git\ConstraintsRecovery\assets\tankwar\asset15:IF:8-281,C:\Users\JBNU\git\ConstraintsRecovery\assets\tankwar\asset15:IF:8-281,E132,E109,,FIELD_REFERENCE,C:\Users\JBNU\git\ConstraintsRecovery\assets\tankwar\asset15,276,G4,G4,TankWar_P1|TankWar_P2|TankWar_P3|TankWar_P4|TankWar_P5,TankWar_P1|TankWar_P2|TankWar_P3|TankWar_P4|TankWar_P5,UNKNOWN,UNKNOWN,0.600,0.200,LOW,INTRA_BLOCK,RESOLVED_INTERNAL,TankWar_P1|TankWar_P2|TankWar_P3|TankWar_P4|TankWar_P5
D586,C:\Users\JBNU\git\ConstraintsRecovery\assets\tankwar\asset15:IF:8-281,C:\Users\JBNU\git\ConstraintsRecovery\assets\tankwar\asset15:IF:8-281,E132,E113,,FIELD_REFERENCE,C:\Users\JBNU\git\ConstraintsRecovery\assets\tankwar\asset15,276,G4,G4,TankWar_P1|TankWar_P2|TankWar_P3|TankWar_P4|TankWar_P5,TankWar_P1|TankWar_P2|TankWar_P3|TankWar_P4|TankWar_P5,UNKNOWN,UNKNOWN,0.600,0.200,LOW,INTRA_BLOCK,RESOLVED_INTERNAL,TankWar_P1|TankWar_P2|TankWar_P3|TankWar_P4|TankWar_P5
D587,C:\Users\JBNU\git\ConstraintsRecovery\assets\tankwar\asset15:IF:8-281,C:\Users\JBNU\git\ConstraintsRecovery\assets\tankwar\asset15:IF:8-281,E132,E114,,FIELD_REFERENCE,C:\Users\JBNU\git\ConstraintsRecovery\assets\tankwar\asset15,276,G4,G4,TankWar_P1|TankWar_P2|TankWar_P3|TankWar_P4|TankWar_P5,TankWar_P1|TankWar_P2|TankWar_P3|TankWar_P4|TankWar_P5,UNKNOWN,UNKNOWN,0.600,0.200,LOW,INTRA_BLOCK,RESOLVED_INTERNAL,TankWar_P1|TankWar_P2|TankWar_P3|TankWar_P4|TankWar_P5
D588,C:\Users\JBNU\git\ConstraintsRecovery\assets\tankwar\asset15:IF:8-281,C:\Users\JBNU\git\ConstraintsRecovery\assets\tankwar\asset17:IF:8-36,E132,E142,,FIELD_REFERENCE,C:\Users\JBNU\git\ConstraintsRecovery\assets\tankwar\asset15,276,G4,G4,TankWar_P1|TankWar_P2|TankWar_P3|TankWar_P4|TankWar_P5,TankWar_P1|TankWar_P2|TankWar_P3|TankWar_P4|TankWar_P5,UNKNOWN,UNKNOWN,0.600,0.200,LOW,NONE,RESOLVED_INTERNAL,TankWar_P1|TankWar_P2|TankWar_P3|TankWar_P4|TankWar_P5
D589,C:\Users\JBNU\git\ConstraintsRecovery\assets\tankwar\asset15:IF:8-281,C:\Users\JBNU\git\ConstraintsRecovery\assets\tankwar\asset17:IF:8-36,E132,E143,,FIELD_REFERENCE,C:\Users\JBNU\git\ConstraintsRecovery\assets\tankwar\asset15,276,G4,G4,TankWar_P1|TankWar_P2|TankWar_P3|TankWar_P4|TankWar_P5,TankWar_P1|TankWar_P2|TankWar_P3|TankWar_P4|TankWar_P5,UNKNOWN,UNKNOWN,0.600,0.200,LOW,NONE,RESOLVED_INTERNAL,TankWar_P1|TankWar_P2|TankWar_P3|TankWar_P4|TankWar_P5
D590,C:\Users\JBNU\git\ConstraintsRecovery\assets\tankwar\asset15:IF:8-281,C:\Users\JBNU\git\ConstraintsRecovery\assets\tankwar\asset13:IF:8-358,E132,E64,,METHOD_CALL,C:\Users\JBNU\git\ConstraintsRecovery\assets\tankwar\asset15,276,G4,G4,TankWar_P1|TankWar_P2|TankWar_P3|TankWar_P4|TankWar_P5,TankWar_P1|TankWar_P2|TankWar_P3|TankWar_P4|TankWar_P5,UNKNOWN,UNKNOWN,0.750,0.200,LOW,NONE,RESOLVED_INTERNAL,TankWar_P1|TankWar_P2|TankWar_P3|TankWar_P4|TankWar_P5
D624,C:\Users\JBNU\git\ConstraintsRecovery\assets\tankwar\asset16:IF:8-49,C:\Users\JBNU\git\ConstraintsRecovery\assets\tankwar\asset16:IF:8-49,E137,E134,,FIELD_REFERENCE,C:\Users\JBNU\git\ConstraintsRecovery\assets\tankwar\asset16,19,G4,G4,TankWar_P1|TankWar_P2|TankWar_P3|TankWar_P4|TankWar_P5,TankWar_P1|TankWar_P2|TankWar_P3|TankWar_P4|TankWar_P5,DOMAIN_SUPPORT,UNKNOWN,0.600,0.200,LOW,INTRA_BLOCK,RESOLVED_INTERNAL,TankWar_P1|TankWar_P2|TankWar_P3|TankWar_P4|TankWar_P5
D625,C:\Users\JBNU\git\ConstraintsRecovery\assets\tankwar\asset16:IF:8-49,C:\Users\JBNU\git\ConstraintsRecovery\assets\tankwar\asset16:IF:8-49,E137,E136,,FIELD_REFERENCE,C:\Users\JBNU\git\ConstraintsRecovery\assets\tankwar\asset16,20,G4,G4,TankWar_P1|TankWar_P2|TankWar_P3|TankWar_P4|TankWar_P5,TankWar_P1|TankWar_P2|TankWar_P3|TankWar_P4|TankWar_P5,DOMAIN_SUPPORT,UNKNOWN,0.600,0.200,LOW,INTRA_BLOCK,RESOLVED_INTERNAL,TankWar_P1|TankWar_P2|TankWar_P3|TankWar_P4|TankWar_P5
D626,C:\Users\JBNU\git\ConstraintsRecovery\assets\tankwar\asset16:IF:8-49,C:\Users\JBNU\git\ConstraintsRecovery\assets\tankwar\asset16:IF:8-49,E137,E135,,FIELD_REFERENCE,C:\Users\JBNU\git\ConstraintsRecovery\assets\tankwar\asset16,22,G4,G4,TankWar_P1|TankWar_P2|TankWar_P3|TankWar_P4|TankWar_P5,TankWar_P1|TankWar_P2|TankWar_P3|TankWar_P4|TankWar_P5,DOMAIN_SUPPORT,UNKNOWN,0.600,0.200,LOW,INTRA_BLOCK,RESOLVED_INTERNAL,TankWar_P1|TankWar_P2|TankWar_P3|TankWar_P4|TankWar_P5
D627,C:\Users\JBNU\git\ConstraintsRecovery\assets\tankwar\asset16:IF:8-49,C:\Users\JBNU\git\ConstraintsRecovery\assets\tankwar\asset16:IF:8-49,E137,E135,,FIELD_REFERENCE,C:\Users\JBNU\git\ConstraintsRecovery\assets\tankwar\asset16,23,G4,G4,TankWar_P1|TankWar_P2|TankWar_P3|TankWar_P4|TankWar_P5,TankWar_P1|TankWar_P2|TankWar_P3|TankWar_P4|TankWar_P5,DOMAIN_SUPPORT,UNKNOWN,0.600,0.200,LOW,INTRA_BLOCK,RESOLVED_INTERNAL,TankWar_P1|TankWar_P2|TankWar_P3|TankWar_P4|TankWar_P5
D628,C:\Users\JBNU\git\ConstraintsRecovery\assets\tankwar\asset16:IF:8-49,C:\Users\JBNU\git\ConstraintsRecovery\assets\tankwar\asset16:IF:8-49,E138,E134,,FIELD_REFERENCE,C:\Users\JBNU\git\ConstraintsRecovery\assets\tankwar\asset16,26,G4,G4,TankWar_P1|TankWar_P2|TankWar_P3|TankWar_P4|TankWar_P5,TankWar_P1|TankWar_P2|TankWar_P3|TankWar_P4|TankWar_P5,UNKNOWN,UNKNOWN,0.600,0.200,LOW,INTRA_BLOCK,RESOLVED_INTERNAL,TankWar_P1|TankWar_P2|TankWar_P3|TankWar_P4|TankWar_P5
D629,C:\Users\JBNU\git\ConstraintsRecovery\assets\tankwar\asset16:IF:8-49,C:\Users\JBNU\git\ConstraintsRecovery\assets\tankwar\asset16:IF:8-49,E138,E134,,FIELD_REFERENCE,C:\Users\JBNU\git\ConstraintsRecovery\assets\tankwar\asset16,32,G4,G4,TankWar_P1|TankWar_P2|TankWar_P3|TankWar_P4|TankWar_P5,TankWar_P1|TankWar_P2|TankWar_P3|TankWar_P4|TankWar_P5,UNKNOWN,UNKNOWN,0.600,0.200,LOW,INTRA_BLOCK,RESOLVED_INTERNAL,TankWar_P1|TankWar_P2|TankWar_P3|TankWar_P4|TankWar_P5
D630,C:\Users\JBNU\git\ConstraintsRecovery\assets\tankwar\asset16:IF:8-49,C:\Users\JBNU\git\ConstraintsRecovery\assets\tankwar\asset16:IF:8-49,E138,E134,,FIELD_REFERENCE,C:\Users\JBNU\git\ConstraintsRecovery\assets\tankwar\asset16,33,G4,G4,TankWar_P1|TankWar_P2|TankWar_P3|TankWar_P4|TankWar_P5,TankWar_P1|TankWar_P2|TankWar_P3|TankWar_P4|TankWar_P5,UNKNOWN,UNKNOWN,0.600,0.200,LOW,INTRA_BLOCK,RESOLVED_INTERNAL,TankWar_P1|TankWar_P2|TankWar_P3|TankWar_P4|TankWar_P5
D631,C:\Users\JBNU\git\ConstraintsRecovery\assets\tankwar\asset16:IF:8-49,C:\Users\JBNU\git\ConstraintsRecovery\assets\tankwar\asset16:IF:8-49,E138,E134,,FIELD_REFERENCE,C:\Users\JBNU\git\ConstraintsRecovery\assets\tankwar\asset16,35,G4,G4,TankWar_P1|TankWar_P2|TankWar_P3|TankWar_P4|TankWar_P5,TankWar_P1|TankWar_P2|TankWar_P3|TankWar_P4|TankWar_P5,UNKNOWN,UNKNOWN,0.600,0.200,LOW,INTRA_BLOCK,RESOLVED_INTERNAL,TankWar_P1|TankWar_P2|TankWar_P3|TankWar_P4|TankWar_P5
D632,C:\Users\JBNU\git\ConstraintsRecovery\assets\tankwar\asset16:IF:8-49,C:\Users\JBNU\git\ConstraintsRecovery\assets\tankwar\asset2:IF:8-332,E138,E244,,METHOD_CALL,C:\Users\JBNU\git\ConstraintsRecovery\assets\tankwar\asset16,35,G4,G4,TankWar_P1|TankWar_P2|TankWar_P3|TankWar_P4|TankWar_P5,TankWar_P1|TankWar_P2|TankWar_P3|TankWar_P4|TankWar_P5,UNKNOWN,UNKNOWN,0.750,0.200,LOW,NONE,RESOLVED_INTERNAL,TankWar_P1|TankWar_P2|TankWar_P3|TankWar_P4|TankWar_P5
D633,C:\Users\JBNU\git\ConstraintsRecovery\assets\tankwar\asset16:IF:8-49,C:\Users\JBNU\git\ConstraintsRecovery\assets\tankwar\asset16:IF:8-49,E138,E134,,FIELD_REFERENCE,C:\Users\JBNU\git\ConstraintsRecovery\assets\tankwar\asset16,37,G4,G4,TankWar_P1|TankWar_P2|TankWar_P3|TankWar_P4|TankWar_P5,TankWar_P1|TankWar_P2|TankWar_P3|TankWar_P4|TankWar_P5,UNKNOWN,UNKNOWN,0.600,0.200,LOW,INTRA_BLOCK,RESOLVED_INTERNAL,TankWar_P1|TankWar_P2|TankWar_P3|TankWar_P4|TankWar_P5
D634,C:\Users\JBNU\git\ConstraintsRecovery\assets\tankwar\asset16:IF:8-49,C:\Users\JBNU\git\ConstraintsRecovery\assets\tankwar\asset16:IF:8-49,E138,E134,,FIELD_REFERENCE,C:\Users\JBNU\git\ConstraintsRecovery\assets\tankwar\asset16,45,G4,G4,TankWar_P1|TankWar_P2|TankWar_P3|TankWar_P4|TankWar_P5,TankWar_P1|TankWar_P2|TankWar_P3|TankWar_P4|TankWar_P5,UNKNOWN,UNKNOWN,0.600,0.200,LOW,INTRA_BLOCK,RESOLVED_INTERNAL,TankWar_P1|TankWar_P2|TankWar_P3|TankWar_P4|TankWar_P5
D635,C:\Users\JBNU\git\ConstraintsRecovery\assets\tankwar\asset17:IF:8-36,C:\Users\JBNU\git\ConstraintsRecovery\assets\tankwar\asset17:IF:8-36,E145,E140,,FIELD_REFERENCE,C:\Users\JBNU\git\ConstraintsRecovery\assets\tankwar\asset17,16,G4,G4,TankWar_P1|TankWar_P2|TankWar_P3|TankWar_P4|TankWar_P5,TankWar_P1|TankWar_P2|TankWar_P3|TankWar_P4|TankWar_P5,UNKNOWN,UNKNOWN,0.600,0.200,LOW,INTRA_BLOCK,RESOLVED_INTERNAL,TankWar_P1|TankWar_P2|TankWar_P3|TankWar_P4|TankWar_P5
D636,C:\Users\JBNU\git\ConstraintsRecovery\assets\tankwar\asset17:IF:8-36,C:\Users\JBNU\git\ConstraintsRecovery\assets\tankwar\asset17:IF:8-36,E145,E141,,FIELD_REFERENCE,C:\Users\JBNU\git\ConstraintsRecovery\assets\tankwar\asset17,17,G4,G4,TankWar_P1|TankWar_P2|TankWar_P3|TankWar_P4|TankWar_P5,TankWar_P1|TankWar_P2|TankWar_P3|TankWar_P4|TankWar_P5,UNKNOWN,UNKNOWN,0.600,0.200,LOW,INTRA_BLOCK,RESOLVED_INTERNAL,TankWar_P1|TankWar_P2|TankWar_P3|TankWar_P4|TankWar_P5
D637,C:\Users\JBNU\git\ConstraintsRecovery\assets\tankwar\asset17:IF:8-36,C:\Users\JBNU\git\ConstraintsRecovery\assets\tankwar\asset17:IF:8-36,E145,E142,,FIELD_REFERENCE,C:\Users\JBNU\git\ConstraintsRecovery\assets\tankwar\asset17,18,G4,G4,TankWar_P1|TankWar_P2|TankWar_P3|TankWar_P4|TankWar_P5,TankWar_P1|TankWar_P2|TankWar_P3|TankWar_P4|TankWar_P5,UNKNOWN,UNKNOWN,0.600,0.200,LOW,INTRA_BLOCK,RESOLVED_INTERNAL,TankWar_P1|TankWar_P2|TankWar_P3|TankWar_P4|TankWar_P5
D638,C:\Users\JBNU\git\ConstraintsRecovery\assets\tankwar\asset17:IF:8-36,C:\Users\JBNU\git\ConstraintsRecovery\assets\tankwar\asset17:IF:8-36,E145,E143,,FIELD_REFERENCE,C:\Users\JBNU\git\ConstraintsRecovery\assets\tankwar\asset17,19,G4,G4,TankWar_P1|TankWar_P2|TankWar_P3|TankWar_P4|TankWar_P5,TankWar_P1|TankWar_P2|TankWar_P3|TankWar_P4|TankWar_P5,UNKNOWN,UNKNOWN,0.600,0.200,LOW,INTRA_BLOCK,RESOLVED_INTERNAL,TankWar_P1|TankWar_P2|TankWar_P3|TankWar_P4|TankWar_P5
D639,C:\Users\JBNU\git\ConstraintsRecovery\assets\tankwar\asset17:IF:8-36,C:\Users\JBNU\git\ConstraintsRecovery\assets\tankwar\asset17:IF:8-36,E145,E144,,FIELD_REFERENCE,C:\Users\JBNU\git\ConstraintsRecovery\assets\tankwar\asset17,20,G4,G4,TankWar_P1|TankWar_P2|TankWar_P3|TankWar_P4|TankWar_P5,TankWar_P1|TankWar_P2|TankWar_P3|TankWar_P4|TankWar_P5,UNKNOWN,UNKNOWN,0.600,0.200,LOW,INTRA_BLOCK,RESOLVED_INTERNAL,TankWar_P1|TankWar_P2|TankWar_P3|TankWar_P4|TankWar_P5
D640,C:\Users\JBNU\git\ConstraintsRecovery\assets\tankwar\asset17:IF:8-36,C:\Users\JBNU\git\ConstraintsRecovery\assets\tankwar\asset17:IF:8-36,E146,E140,,FIELD_REFERENCE,C:\Users\JBNU\git\ConstraintsRecovery\assets\tankwar\asset17,23,G4,G4,TankWar_P1|TankWar_P2|TankWar_P3|TankWar_P4|TankWar_P5,TankWar_P1|TankWar_P2|TankWar_P3|TankWar_P4|TankWar_P5,UNKNOWN,UNKNOWN,0.600,0.200,LOW,INTRA_BLOCK,RESOLVED_INTERNAL,TankWar_P1|TankWar_P2|TankWar_P3|TankWar_P4|TankWar_P5
D641,C:\Users\JBNU\git\ConstraintsRecovery\assets\tankwar\asset17:IF:8-36,C:\Users\JBNU\git\ConstraintsRecovery\assets\tankwar\asset17:IF:8-36,E146,E141,,FIELD_REFERENCE,C:\Users\JBNU\git\ConstraintsRecovery\assets\tankwar\asset17,24,G4,G4,TankWar_P1|TankWar_P2|TankWar_P3|TankWar_P4|TankWar_P5,TankWar_P1|TankWar_P2|TankWar_P3|TankWar_P4|TankWar_P5,UNKNOWN,UNKNOWN,0.600,0.200,LOW,INTRA_BLOCK,RESOLVED_INTERNAL,TankWar_P1|TankWar_P2|TankWar_P3|TankWar_P4|TankWar_P5
D642,C:\Users\JBNU\git\ConstraintsRecovery\assets\tankwar\asset17:IF:8-36,C:\Users\JBNU\git\ConstraintsRecovery\assets\tankwar\asset17:IF:8-36,E146,E142,,FIELD_REFERENCE,C:\Users\JBNU\git\ConstraintsRecovery\assets\tankwar\asset17,25,G4,G4,TankWar_P1|TankWar_P2|TankWar_P3|TankWar_P4|TankWar_P5,TankWar_P1|TankWar_P2|TankWar_P3|TankWar_P4|TankWar_P5,UNKNOWN,UNKNOWN,0.600,0.200,LOW,INTRA_BLOCK,RESOLVED_INTERNAL,TankWar_P1|TankWar_P2|TankWar_P3|TankWar_P4|TankWar_P5
D643,C:\Users\JBNU\git\ConstraintsRecovery\assets\tankwar\asset17:IF:8-36,C:\Users\JBNU\git\ConstraintsRecovery\assets\tankwar\asset17:IF:8-36,E146,E143,,FIELD_REFERENCE,C:\Users\JBNU\git\ConstraintsRecovery\assets\tankwar\asset17,26,G4,G4,TankWar_P1|TankWar_P2|TankWar_P3|TankWar_P4|TankWar_P5,TankWar_P1|TankWar_P2|TankWar_P3|TankWar_P4|TankWar_P5,UNKNOWN,UNKNOWN,0.600,0.200,LOW,INTRA_BLOCK,RESOLVED_INTERNAL,TankWar_P1|TankWar_P2|TankWar_P3|TankWar_P4|TankWar_P5
D644,C:\Users\JBNU\git\ConstraintsRecovery\assets\tankwar\asset17:IF:8-36,C:\Users\JBNU\git\ConstraintsRecovery\assets\tankwar\asset17:IF:8-36,E146,E144,,FIELD_REFERENCE,C:\Users\JBNU\git\ConstraintsRecovery\assets\tankwar\asset17,27,G4,G4,TankWar_P1|TankWar_P2|TankWar_P3|TankWar_P4|TankWar_P5,TankWar_P1|TankWar_P2|TankWar_P3|TankWar_P4|TankWar_P5,UNKNOWN,UNKNOWN,0.600,0.200,LOW,INTRA_BLOCK,RESOLVED_INTERNAL,TankWar_P1|TankWar_P2|TankWar_P3|TankWar_P4|TankWar_P5
D645,C:\Users\JBNU\git\ConstraintsRecovery\assets\tankwar\asset17:IF:8-36,C:\Users\JBNU\git\ConstraintsRecovery\assets\tankwar\asset17:IF:8-36,E147,E140,,FIELD_REFERENCE,C:\Users\JBNU\git\ConstraintsRecovery\assets\tankwar\asset17,30,G4,G4,TankWar_P1|TankWar_P2|TankWar_P3|TankWar_P4|TankWar_P5,TankWar_P1|TankWar_P2|TankWar_P3|TankWar_P4|TankWar_P5,UNKNOWN,UNKNOWN,0.600,0.200,LOW,INTRA_BLOCK,RESOLVED_INTERNAL,TankWar_P1|TankWar_P2|TankWar_P3|TankWar_P4|TankWar_P5
D646,C:\Users\JBNU\git\ConstraintsRecovery\assets\tankwar\asset17:IF:8-36,C:\Users\JBNU\git\ConstraintsRecovery\assets\tankwar\asset17:IF:8-36,E147,E141,,FIELD_REFERENCE,C:\Users\JBNU\git\ConstraintsRecovery\assets\tankwar\asset17,31,G4,G4,TankWar_P1|TankWar_P2|TankWar_P3|TankWar_P4|TankWar_P5,TankWar_P1|TankWar_P2|TankWar_P3|TankWar_P4|TankWar_P5,UNKNOWN,UNKNOWN,0.600,0.200,LOW,INTRA_BLOCK,RESOLVED_INTERNAL,TankWar_P1|TankWar_P2|TankWar_P3|TankWar_P4|TankWar_P5
D647,C:\Users\JBNU\git\ConstraintsRecovery\assets\tankwar\asset17:IF:8-36,C:\Users\JBNU\git\ConstraintsRecovery\assets\tankwar\asset17:IF:8-36,E147,E142,,FIELD_REFERENCE,C:\Users\JBNU\git\ConstraintsRecovery\assets\tankwar\asset17,32,G4,G4,TankWar_P1|TankWar_P2|TankWar_P3|TankWar_P4|TankWar_P5,TankWar_P1|TankWar_P2|TankWar_P3|TankWar_P4|TankWar_P5,UNKNOWN,UNKNOWN,0.600,0.200,LOW,INTRA_BLOCK,RESOLVED_INTERNAL,TankWar_P1|TankWar_P2|TankWar_P3|TankWar_P4|TankWar_P5
D648,C:\Users\JBNU\git\ConstraintsRecovery\assets\tankwar\asset17:IF:8-36,C:\Users\JBNU\git\ConstraintsRecovery\assets\tankwar\asset17:IF:8-36,E147,E143,,FIELD_REFERENCE,C:\Users\JBNU\git\ConstraintsRecovery\assets\tankwar\asset17,33,G4,G4,TankWar_P1|TankWar_P2|TankWar_P3|TankWar_P4|TankWar_P5,TankWar_P1|TankWar_P2|TankWar_P3|TankWar_P4|TankWar_P5,UNKNOWN,UNKNOWN,0.600,0.200,LOW,INTRA_BLOCK,RESOLVED_INTERNAL,TankWar_P1|TankWar_P2|TankWar_P3|TankWar_P4|TankWar_P5
D649,C:\Users\JBNU\git\ConstraintsRecovery\assets\tankwar\asset17:IF:8-36,C:\Users\JBNU\git\ConstraintsRecovery\assets\tankwar\asset17:IF:8-36,E147,E144,,FIELD_REFERENCE,C:\Users\JBNU\git\ConstraintsRecovery\assets\tankwar\asset17,34,G4,G4,TankWar_P1|TankWar_P2|TankWar_P3|TankWar_P4|TankWar_P5,TankWar_P1|TankWar_P2|TankWar_P3|TankWar_P4|TankWar_P5,UNKNOWN,UNKNOWN,0.600,0.200,LOW,INTRA_BLOCK,RESOLVED_INTERNAL,TankWar_P1|TankWar_P2|TankWar_P3|TankWar_P4|TankWar_P5
D674,C:\Users\JBNU\git\ConstraintsRecovery\assets\tankwar\asset19:IF:8-51,C:\Users\JBNU\git\ConstraintsRecovery\assets\tankwar\asset22:IF:8-80,E192,E257,,EXTENDS,C:\Users\JBNU\git\ConstraintsRecovery\assets\tankwar\asset19,9,G4,G4,TankWar_P1|TankWar_P2|TankWar_P3|TankWar_P4|TankWar_P5,TankWar_P1|TankWar_P2|TankWar_P3|TankWar_P4|TankWar_P5,UNKNOWN,UNKNOWN,0.900,0.200,LOW,NONE,RESOLVED_INTERNAL,TankWar_P1|TankWar_P2|TankWar_P3|TankWar_P4|TankWar_P5
D650,C:\Users\JBNU\git\ConstraintsRecovery\assets\tankwar\asset19:IF:8-51,C:\Users\JBNU\git\ConstraintsRecovery\assets\tankwar\asset22:IF:8-80,E197,E267,,FIELD_REFERENCE,C:\Users\JBNU\git\ConstraintsRecovery\assets\tankwar\asset19,17,G4,G4,TankWar_P1|TankWar_P2|TankWar_P3|TankWar_P4|TankWar_P5,TankWar_P1|TankWar_P2|TankWar_P3|TankWar_P4|TankWar_P5,UNKNOWN,UNKNOWN,0.600,0.200,LOW,NONE,RESOLVED_INTERNAL,TankWar_P1|TankWar_P2|TankWar_P3|TankWar_P4|TankWar_P5
D651,C:\Users\JBNU\git\ConstraintsRecovery\assets\tankwar\asset19:IF:8-51,C:\Users\JBNU\git\ConstraintsRecovery\assets\tankwar\asset19:IF:8-51,E197,E193,,FIELD_REFERENCE,C:\Users\JBNU\git\ConstraintsRecovery\assets\tankwar\asset19,18,G4,G4,TankWar_P1|TankWar_P2|TankWar_P3|TankWar_P4|TankWar_P5,TankWar_P1|TankWar_P2|TankWar_P3|TankWar_P4|TankWar_P5,UNKNOWN,UNKNOWN,0.600,0.200,LOW,INTRA_BLOCK,RESOLVED_INTERNAL,TankWar_P1|TankWar_P2|TankWar_P3|TankWar_P4|TankWar_P5
D652,C:\Users\JBNU\git\ConstraintsRecovery\assets\tankwar\asset19:IF:8-51,C:\Users\JBNU\git\ConstraintsRecovery\assets\tankwar\asset19:IF:8-51,E197,E193,,FIELD_REFERENCE,C:\Users\JBNU\git\ConstraintsRecovery\assets\tankwar\asset19,19,G4,G4,TankWar_P1|TankWar_P2|TankWar_P3|TankWar_P4|TankWar_P5,TankWar_P1|TankWar_P2|TankWar_P3|TankWar_P4|TankWar_P5,UNKNOWN,UNKNOWN,0.600,0.200,LOW,INTRA_BLOCK,RESOLVED_INTERNAL,TankWar_P1|TankWar_P2|TankWar_P3|TankWar_P4|TankWar_P5
D653,C:\Users\JBNU\git\ConstraintsRecovery\assets\tankwar\asset19:IF:8-51,C:\Users\JBNU\git\ConstraintsRecovery\assets\tankwar\asset19:IF:8-51,E197,E194,,FIELD_REFERENCE,C:\Users\JBNU\git\ConstraintsRecovery\assets\tankwar\asset19,19,G4,G4,TankWar_P1|TankWar_P2|TankWar_P3|TankWar_P4|TankWar_P5,TankWar_P1|TankWar_P2|TankWar_P3|TankWar_P4|TankWar_P5,UNKNOWN,UNKNOWN,0.600,0.200,LOW,INTRA_BLOCK,RESOLVED_INTERNAL,TankWar_P1|TankWar_P2|TankWar_P3|TankWar_P4|TankWar_P5
D654,C:\Users\JBNU\git\ConstraintsRecovery\assets\tankwar\asset19:IF:8-51,C:\Users\JBNU\git\ConstraintsRecovery\assets\tankwar\asset19:IF:8-51,E198,E194,,FIELD_REFERENCE,C:\Users\JBNU\git\ConstraintsRecovery\assets\tankwar\asset19,22,G4,G4,TankWar_P1|TankWar_P2|TankWar_P3|TankWar_P4|TankWar_P5,TankWar_P1|TankWar_P2|TankWar_P3|TankWar_P4|TankWar_P5,UNKNOWN,UNKNOWN,0.600,0.200,LOW,INTRA_BLOCK,RESOLVED_INTERNAL,TankWar_P1|TankWar_P2|TankWar_P3|TankWar_P4|TankWar_P5
D655,C:\Users\JBNU\git\ConstraintsRecovery\assets\tankwar\asset19:IF:8-51,C:\Users\JBNU\git\ConstraintsRecovery\assets\tankwar\asset19:IF:8-51,E198,E194,,FIELD_REFERENCE,C:\Users\JBNU\git\ConstraintsRecovery\assets\tankwar\asset19,23,G4,G4,TankWar_P1|TankWar_P2|TankWar_P3|TankWar_P4|TankWar_P5,TankWar_P1|TankWar_P2|TankWar_P3|TankWar_P4|TankWar_P5,UNKNOWN,UNKNOWN,0.600,0.200,LOW,INTRA_BLOCK,RESOLVED_INTERNAL,TankWar_P1|TankWar_P2|TankWar_P3|TankWar_P4|TankWar_P5
D656,C:\Users\JBNU\git\ConstraintsRecovery\assets\tankwar\asset19:IF:8-51,C:\Users\JBNU\git\ConstraintsRecovery\assets\tankwar\asset19:IF:8-51,E198,E193,,FIELD_REFERENCE,C:\Users\JBNU\git\ConstraintsRecovery\assets\tankwar\asset19,25,G4,G4,TankWar_P1|TankWar_P2|TankWar_P3|TankWar_P4|TankWar_P5,TankWar_P1|TankWar_P2|TankWar_P3|TankWar_P4|TankWar_P5,UNKNOWN,UNKNOWN,0.600,0.200,LOW,INTRA_BLOCK,RESOLVED_INTERNAL,TankWar_P1|TankWar_P2|TankWar_P3|TankWar_P4|TankWar_P5
D657,C:\Users\JBNU\git\ConstraintsRecovery\assets\tankwar\asset19:IF:8-51,C:\Users\JBNU\git\ConstraintsRecovery\assets\tankwar\asset19:IF:8-51,E198,E193,,FIELD_REFERENCE,C:\Users\JBNU\git\ConstraintsRecovery\assets\tankwar\asset19,27,G4,G4,TankWar_P1|TankWar_P2|TankWar_P3|TankWar_P4|TankWar_P5,TankWar_P1|TankWar_P2|TankWar_P3|TankWar_P4|TankWar_P5,UNKNOWN,UNKNOWN,0.600,0.200,LOW,INTRA_BLOCK,RESOLVED_INTERNAL,TankWar_P1|TankWar_P2|TankWar_P3|TankWar_P4|TankWar_P5
D658,C:\Users\JBNU\git\ConstraintsRecovery\assets\tankwar\asset19:IF:8-51,C:\Users\JBNU\git\ConstraintsRecovery\assets\tankwar\asset3:IF:8-44,E198,E333,,FIELD_REFERENCE,C:\Users\JBNU\git\ConstraintsRecovery\assets\tankwar\asset19,28,G4,G4,TankWar_P1|TankWar_P2|TankWar_P3|TankWar_P4|TankWar_P5,TankWar_P1|TankWar_P2|TankWar_P3|TankWar_P4|TankWar_P5,UNKNOWN,UNKNOWN,0.600,0.200,LOW,NONE,RESOLVED_INTERNAL,TankWar_P1|TankWar_P2|TankWar_P3|TankWar_P4|TankWar_P5
D659,C:\Users\JBNU\git\ConstraintsRecovery\assets\tankwar\asset19:IF:8-51,C:\Users\JBNU\git\ConstraintsRecovery\assets\tankwar\asset19:IF:8-51,E198,E200,,METHOD_CALL,C:\Users\JBNU\git\ConstraintsRecovery\assets\tankwar\asset19,30,G4,G4,TankWar_P1|TankWar_P2|TankWar_P3|TankWar_P4|TankWar_P5,TankWar_P1|TankWar_P2|TankWar_P3|TankWar_P4|TankWar_P5,UNKNOWN,UNKNOWN,0.750,0.200,LOW,INTRA_BLOCK,RESOLVED_INTERNAL,TankWar_P1|TankWar_P2|TankWar_P3|TankWar_P4|TankWar_P5
D660,C:\Users\JBNU\git\ConstraintsRecovery\assets\tankwar\asset19:IF:8-51,C:\Users\JBNU\git\ConstraintsRecovery\assets\tankwar\asset19:IF:8-51,E198,E199,,METHOD_CALL,C:\Users\JBNU\git\ConstraintsRecovery\assets\tankwar\asset19,31,G4,G4,TankWar_P1|TankWar_P2|TankWar_P3|TankWar_P4|TankWar_P5,TankWar_P1|TankWar_P2|TankWar_P3|TankWar_P4|TankWar_P5,UNKNOWN,UNKNOWN,0.750,0.200,LOW,INTRA_BLOCK,RESOLVED_INTERNAL,TankWar_P1|TankWar_P2|TankWar_P3|TankWar_P4|TankWar_P5
D661,C:\Users\JBNU\git\ConstraintsRecovery\assets\tankwar\asset19:IF:8-51,C:\Users\JBNU\git\ConstraintsRecovery\assets\tankwar\asset9:IF:8-248,E200,E691,,FIELD_REFERENCE,C:\Users\JBNU\git\ConstraintsRecovery\assets\tankwar\asset19,37,G4,G4,TankWar_P1|TankWar_P2|TankWar_P3|TankWar_P4|TankWar_P5,TankWar_P1|TankWar_P2|TankWar_P3|TankWar_P4|TankWar_P5,UNKNOWN,UNKNOWN,0.600,0.200,LOW,NONE,RESOLVED_INTERNAL,TankWar_P1|TankWar_P2|TankWar_P3|TankWar_P4|TankWar_P5
D662,C:\Users\JBNU\git\ConstraintsRecovery\assets\tankwar\asset19:IF:8-51,C:\Users\JBNU\git\ConstraintsRecovery\assets\tankwar\asset9:IF:8-248,E200,E691,,FIELD_REFERENCE,C:\Users\JBNU\git\ConstraintsRecovery\assets\tankwar\asset19,38,G4,G4,TankWar_P1|TankWar_P2|TankWar_P3|TankWar_P4|TankWar_P5,TankWar_P1|TankWar_P2|TankWar_P3|TankWar_P4|TankWar_P5,UNKNOWN,UNKNOWN,0.600,0.200,LOW,NONE,RESOLVED_INTERNAL,TankWar_P1|TankWar_P2|TankWar_P3|TankWar_P4|TankWar_P5
D663,C:\Users\JBNU\git\ConstraintsRecovery\assets\tankwar\asset19:IF:8-51,C:\Users\JBNU\git\ConstraintsRecovery\assets\tankwar\asset19:IF:8-51,E200,E195,,FIELD_REFERENCE,C:\Users\JBNU\git\ConstraintsRecovery\assets\tankwar\asset19,39,G4,G4,TankWar_P1|TankWar_P2|TankWar_P3|TankWar_P4|TankWar_P5,TankWar_P1|TankWar_P2|TankWar_P3|TankWar_P4|TankWar_P5,UNKNOWN,UNKNOWN,0.600,0.200,LOW,INTRA_BLOCK,RESOLVED_INTERNAL,TankWar_P1|TankWar_P2|TankWar_P3|TankWar_P4|TankWar_P5
D664,C:\Users\JBNU\git\ConstraintsRecovery\assets\tankwar\asset19:IF:8-51,C:\Users\JBNU\git\ConstraintsRecovery\assets\tankwar\asset22:IF:8-80,E200,E267,,FIELD_REFERENCE,C:\Users\JBNU\git\ConstraintsRecovery\assets\tankwar\asset19,39,G4,G4,TankWar_P1|TankWar_P2|TankWar_P3|TankWar_P4|TankWar_P5,TankWar_P1|TankWar_P2|TankWar_P3|TankWar_P4|TankWar_P5,UNKNOWN,UNKNOWN,0.600,0.200,LOW,NONE,RESOLVED_INTERNAL,TankWar_P1|TankWar_P2|TankWar_P3|TankWar_P4|TankWar_P5
D665,C:\Users\JBNU\git\ConstraintsRecovery\assets\tankwar\asset19:IF:8-51,C:\Users\JBNU\git\ConstraintsRecovery\assets\tankwar\asset9:IF:8-248,E200,E691,,FIELD_REFERENCE,C:\Users\JBNU\git\ConstraintsRecovery\assets\tankwar\asset19,39,G4,G4,TankWar_P1|TankWar_P2|TankWar_P3|TankWar_P4|TankWar_P5,TankWar_P1|TankWar_P2|TankWar_P3|TankWar_P4|TankWar_P5,UNKNOWN,UNKNOWN,0.600,0.200,LOW,NONE,RESOLVED_INTERNAL,TankWar_P1|TankWar_P2|TankWar_P3|TankWar_P4|TankWar_P5
D666,C:\Users\JBNU\git\ConstraintsRecovery\assets\tankwar\asset19:IF:8-51,C:\Users\JBNU\git\ConstraintsRecovery\assets\tankwar\asset19:IF:8-51,E200,E201,,METHOD_CALL,C:\Users\JBNU\git\ConstraintsRecovery\assets\tankwar\asset19,40,G4,G4,TankWar_P1|TankWar_P2|TankWar_P3|TankWar_P4|TankWar_P5,TankWar_P1|TankWar_P2|TankWar_P3|TankWar_P4|TankWar_P5,UNKNOWN,UNKNOWN,0.750,0.200,LOW,INTRA_BLOCK,RESOLVED_INTERNAL,TankWar_P1|TankWar_P2|TankWar_P3|TankWar_P4|TankWar_P5
D667,C:\Users\JBNU\git\ConstraintsRecovery\assets\tankwar\asset19:IF:8-51,C:\Users\JBNU\git\ConstraintsRecovery\assets\tankwar\asset9:IF:8-248,E200,E692,,FIELD_REFERENCE,C:\Users\JBNU\git\ConstraintsRecovery\assets\tankwar\asset19,42,G4,G4,TankWar_P1|TankWar_P2|TankWar_P3|TankWar_P4|TankWar_P5,TankWar_P1|TankWar_P2|TankWar_P3|TankWar_P4|TankWar_P5,UNKNOWN,UNKNOWN,0.600,0.200,LOW,NONE,RESOLVED_INTERNAL,TankWar_P1|TankWar_P2|TankWar_P3|TankWar_P4|TankWar_P5
D668,C:\Users\JBNU\git\ConstraintsRecovery\assets\tankwar\asset19:IF:8-51,C:\Users\JBNU\git\ConstraintsRecovery\assets\tankwar\asset9:IF:8-248,E200,E692,,FIELD_REFERENCE,C:\Users\JBNU\git\ConstraintsRecovery\assets\tankwar\asset19,43,G4,G4,TankWar_P1|TankWar_P2|TankWar_P3|TankWar_P4|TankWar_P5,TankWar_P1|TankWar_P2|TankWar_P3|TankWar_P4|TankWar_P5,UNKNOWN,UNKNOWN,0.600,0.200,LOW,NONE,RESOLVED_INTERNAL,TankWar_P1|TankWar_P2|TankWar_P3|TankWar_P4|TankWar_P5
D669,C:\Users\JBNU\git\ConstraintsRecovery\assets\tankwar\asset19:IF:8-51,C:\Users\JBNU\git\ConstraintsRecovery\assets\tankwar\asset19:IF:8-51,E200,E195,,FIELD_REFERENCE,C:\Users\JBNU\git\ConstraintsRecovery\assets\tankwar\asset19,44,G4,G4,TankWar_P1|TankWar_P2|TankWar_P3|TankWar_P4|TankWar_P5,TankWar_P1|TankWar_P2|TankWar_P3|TankWar_P4|TankWar_P5,UNKNOWN,UNKNOWN,0.600,0.200,LOW,INTRA_BLOCK,RESOLVED_INTERNAL,TankWar_P1|TankWar_P2|TankWar_P3|TankWar_P4|TankWar_P5
D670,C:\Users\JBNU\git\ConstraintsRecovery\assets\tankwar\asset19:IF:8-51,C:\Users\JBNU\git\ConstraintsRecovery\assets\tankwar\asset22:IF:8-80,E200,E267,,FIELD_REFERENCE,C:\Users\JBNU\git\ConstraintsRecovery\assets\tankwar\asset19,44,G4,G4,TankWar_P1|TankWar_P2|TankWar_P3|TankWar_P4|TankWar_P5,TankWar_P1|TankWar_P2|TankWar_P3|TankWar_P4|TankWar_P5,UNKNOWN,UNKNOWN,0.600,0.200,LOW,NONE,RESOLVED_INTERNAL,TankWar_P1|TankWar_P2|TankWar_P3|TankWar_P4|TankWar_P5
D671,C:\Users\JBNU\git\ConstraintsRecovery\assets\tankwar\asset19:IF:8-51,C:\Users\JBNU\git\ConstraintsRecovery\assets\tankwar\asset9:IF:8-248,E200,E692,,FIELD_REFERENCE,C:\Users\JBNU\git\ConstraintsRecovery\assets\tankwar\asset19,44,G4,G4,TankWar_P1|TankWar_P2|TankWar_P3|TankWar_P4|TankWar_P5,TankWar_P1|TankWar_P2|TankWar_P3|TankWar_P4|TankWar_P5,UNKNOWN,UNKNOWN,0.600,0.200,LOW,NONE,RESOLVED_INTERNAL,TankWar_P1|TankWar_P2|TankWar_P3|TankWar_P4|TankWar_P5
D672,C:\Users\JBNU\git\ConstraintsRecovery\assets\tankwar\asset19:IF:8-51,C:\Users\JBNU\git\ConstraintsRecovery\assets\tankwar\asset19:IF:8-51,E200,E201,,METHOD_CALL,C:\Users\JBNU\git\ConstraintsRecovery\assets\tankwar\asset19,45,G4,G4,TankWar_P1|TankWar_P2|TankWar_P3|TankWar_P4|TankWar_P5,TankWar_P1|TankWar_P2|TankWar_P3|TankWar_P4|TankWar_P5,UNKNOWN,UNKNOWN,0.750,0.200,LOW,INTRA_BLOCK,RESOLVED_INTERNAL,TankWar_P1|TankWar_P2|TankWar_P3|TankWar_P4|TankWar_P5
D673,C:\Users\JBNU\git\ConstraintsRecovery\assets\tankwar\asset19:IF:8-51,C:\Users\JBNU\git\ConstraintsRecovery\assets\tankwar\asset3:IF:8-44,E201,E333,,FIELD_REFERENCE,C:\Users\JBNU\git\ConstraintsRecovery\assets\tankwar\asset19,49,G4,G4,TankWar_P1|TankWar_P2|TankWar_P3|TankWar_P4|TankWar_P5,TankWar_P1|TankWar_P2|TankWar_P3|TankWar_P4|TankWar_P5,UNKNOWN,UNKNOWN,0.600,0.200,LOW,NONE,RESOLVED_INTERNAL,TankWar_P1|TankWar_P2|TankWar_P3|TankWar_P4|TankWar_P5
D1115,C:\Users\JBNU\git\ConstraintsRecovery\assets\tankwar\asset2:IF:8-332,C:\Users\JBNU\git\ConstraintsRecovery\assets\tankwar\asset2:IF:8-332,E217,E203,,FIELD_REFERENCE,C:\Users\JBNU\git\ConstraintsRecovery\assets\tankwar\asset2,45,G4,G4,TankWar_P1|TankWar_P2|TankWar_P3|TankWar_P4|TankWar_P5,TankWar_P1|TankWar_P2|TankWar_P3|TankWar_P4|TankWar_P5,UNKNOWN,UNKNOWN,0.600,0.200,LOW,INTRA_BLOCK,RESOLVED_INTERNAL,TankWar_P1|TankWar_P2|TankWar_P3|TankWar_P4|TankWar_P5
D1116,C:\Users\JBNU\git\ConstraintsRecovery\assets\tankwar\asset2:IF:8-332,C:\Users\JBNU\git\ConstraintsRecovery\assets\tankwar\asset2:IF:8-332,E218,E220,,METHOD_CALL,C:\Users\JBNU\git\ConstraintsRecovery\assets\tankwar\asset2,48,G4,G4,TankWar_P1|TankWar_P2|TankWar_P3|TankWar_P4|TankWar_P5,TankWar_P1|TankWar_P2|TankWar_P3|TankWar_P4|TankWar_P5,UNKNOWN,UNKNOWN,0.750,0.200,LOW,INTRA_BLOCK,RESOLVED_INTERNAL,TankWar_P1|TankWar_P2|TankWar_P3|TankWar_P4|TankWar_P5
D1117,C:\Users\JBNU\git\ConstraintsRecovery\assets\tankwar\asset2:IF:8-332,C:\Users\JBNU\git\ConstraintsRecovery\assets\tankwar\asset16:IF:8-49,E218,E137,,CONSTRUCTOR_CALL,C:\Users\JBNU\git\ConstraintsRecovery\assets\tankwar\asset2,49,G4,G4,TankWar_P1|TankWar_P2|TankWar_P3|TankWar_P4|TankWar_P5,TankWar_P1|TankWar_P2|TankWar_P3|TankWar_P4|TankWar_P5,UNKNOWN,DOMAIN_SUPPORT,0.750,0.425,LOW,NONE,RESOLVED_INTERNAL,TankWar_P1|TankWar_P2|TankWar_P3|TankWar_P4|TankWar_P5
D1118,C:\Users\JBNU\git\ConstraintsRecovery\assets\tankwar\asset2:IF:8-332,C:\Users\JBNU\git\ConstraintsRecovery\assets\tankwar\asset2:IF:8-332,E218,E210,,FIELD_REFERENCE,C:\Users\JBNU\git\ConstraintsRecovery\assets\tankwar\asset2,49,G4,G4,TankWar_P1|TankWar_P2|TankWar_P3|TankWar_P4|TankWar_P5,TankWar_P1|TankWar_P2|TankWar_P3|TankWar_P4|TankWar_P5,UNKNOWN,DOMAIN_SUPPORT,0.600,0.200,LOW,INTRA_BLOCK,RESOLVED_INTERNAL,TankWar_P1|TankWar_P2|TankWar_P3|TankWar_P4|TankWar_P5
D1119,C:\Users\JBNU\git\ConstraintsRecovery\assets\tankwar\asset2:IF:8-332,C:\Users\JBNU\git\ConstraintsRecovery\assets\tankwar\asset16:IF:8-49,E218,E136,,FIELD_REFERENCE,C:\Users\JBNU\git\ConstraintsRecovery\assets\tankwar\asset2,50,G4,G4,TankWar_P1|TankWar_P2|TankWar_P3|TankWar_P4|TankWar_P5,TankWar_P1|TankWar_P2|TankWar_P3|TankWar_P4|TankWar_P5,UNKNOWN,UNKNOWN,0.600,0.200,LOW,NONE,RESOLVED_INTERNAL,TankWar_P1|TankWar_P2|TankWar_P3|TankWar_P4|TankWar_P5
D1120,C:\Users\JBNU\git\ConstraintsRecovery\assets\tankwar\asset2:IF:8-332,C:\Users\JBNU\git\ConstraintsRecovery\assets\tankwar\asset2:IF:8-332,E218,E211,,FIELD_REFERENCE,C:\Users\JBNU\git\ConstraintsRecovery\assets\tankwar\asset2,50,G4,G4,TankWar_P1|TankWar_P2|TankWar_P3|TankWar_P4|TankWar_P5,TankWar_P1|TankWar_P2|TankWar_P3|TankWar_P4|TankWar_P5,UNKNOWN,UNKNOWN,0.600,0.200,LOW,INTRA_BLOCK,RESOLVED_INTERNAL,TankWar_P1|TankWar_P2|TankWar_P3|TankWar_P4|TankWar_P5
D1121,C:\Users\JBNU\git\ConstraintsRecovery\assets\tankwar\asset2:IF:8-332,C:\Users\JBNU\git\ConstraintsRecovery\assets\tankwar\asset2:IF:8-332,E218,E204,,FIELD_REFERENCE,C:\Users\JBNU\git\ConstraintsRecovery\assets\tankwar\asset2,51,G4,G4,TankWar_P1|TankWar_P2|TankWar_P3|TankWar_P4|TankWar_P5,TankWar_P1|TankWar_P2|TankWar_P3|TankWar_P4|TankWar_P5,UNKNOWN,UNKNOWN,0.600,0.200,LOW,INTRA_BLOCK,RESOLVED_INTERNAL,TankWar_P1|TankWar_P2|TankWar_P3|TankWar_P4|TankWar_P5
D1122,C:\Users\JBNU\git\ConstraintsRecovery\assets\tankwar\asset2:IF:8-332,C:\Users\JBNU\git\ConstraintsRecovery\assets\tankwar\asset2:IF:8-332,E218,E205,,FIELD_REFERENCE,C:\Users\JBNU\git\ConstraintsRecovery\assets\tankwar\asset2,51,G4,G4,TankWar_P1|TankWar_P2|TankWar_P3|TankWar_P4|TankWar_P5,TankWar_P1|TankWar_P2|TankWar_P3|TankWar_P4|TankWar_P5,UNKNOWN,UNKNOWN,0.600,0.200,LOW,INTRA_BLOCK,RESOLVED_INTERNAL,TankWar_P1|TankWar_P2|TankWar_P3|TankWar_P4|TankWar_P5
D1123,C:\Users\JBNU\git\ConstraintsRecovery\assets\tankwar\asset2:IF:8-332,C:\Users\JBNU\git\ConstraintsRecovery\assets\tankwar\asset2:IF:8-332,E218,E211,,FIELD_REFERENCE,C:\Users\JBNU\git\ConstraintsRecovery\assets\tankwar\asset2,51,G4,G4,TankWar_P1|TankWar_P2|TankWar_P3|TankWar_P4|TankWar_P5,TankWar_P1|TankWar_P2|TankWar_P3|TankWar_P4|TankWar_P5,UNKNOWN,UNKNOWN,0.600,0.200,LOW,INTRA_BLOCK,RESOLVED_INTERNAL,TankWar_P1|TankWar_P2|TankWar_P3|TankWar_P4|TankWar_P5
D1124,C:\Users\JBNU\git\ConstraintsRecovery\assets\tankwar\asset2:IF:8-332,C:\Users\JBNU\git\ConstraintsRecovery\assets\tankwar\asset2:IF:8-332,E218,E209,,FIELD_REFERENCE,C:\Users\JBNU\git\ConstraintsRecovery\assets\tankwar\asset2,52,G4,G4,TankWar_P1|TankWar_P2|TankWar_P3|TankWar_P4|TankWar_P5,TankWar_P1|TankWar_P2|TankWar_P3|TankWar_P4|TankWar_P5,UNKNOWN,UNKNOWN,0.600,0.200,LOW,INTRA_BLOCK,RESOLVED_INTERNAL,TankWar_P1|TankWar_P2|TankWar_P3|TankWar_P4|TankWar_P5
D1125,C:\Users\JBNU\git\ConstraintsRecovery\assets\tankwar\asset2:IF:8-332,C:\Users\JBNU\git\ConstraintsRecovery\assets\tankwar\asset2:IF:8-332,E218,E209,,FIELD_REFERENCE,C:\Users\JBNU\git\ConstraintsRecovery\assets\tankwar\asset2,53,G4,G4,TankWar_P1|TankWar_P2|TankWar_P3|TankWar_P4|TankWar_P5,TankWar_P1|TankWar_P2|TankWar_P3|TankWar_P4|TankWar_P5,UNKNOWN,UNKNOWN,0.600,0.200,LOW,INTRA_BLOCK,RESOLVED_INTERNAL,TankWar_P1|TankWar_P2|TankWar_P3|TankWar_P4|TankWar_P5
D1126,C:\Users\JBNU\git\ConstraintsRecovery\assets\tankwar\asset2:IF:8-332,C:\Users\JBNU\git\ConstraintsRecovery\assets\tankwar\asset2:IF:8-332,E218,E209,,FIELD_REFERENCE,C:\Users\JBNU\git\ConstraintsRecovery\assets\tankwar\asset2,58,G4,G4,TankWar_P1|TankWar_P2|TankWar_P3|TankWar_P4|TankWar_P5,TankWar_P1|TankWar_P2|TankWar_P3|TankWar_P4|TankWar_P5,UNKNOWN,UNKNOWN,0.600,0.200,LOW,INTRA_BLOCK,RESOLVED_INTERNAL,TankWar_P1|TankWar_P2|TankWar_P3|TankWar_P4|TankWar_P5
D1127,C:\Users\JBNU\git\ConstraintsRecovery\assets\tankwar\asset2:IF:8-332,C:\Users\JBNU\git\ConstraintsRecovery\assets\tankwar\asset2:IF:8-332,E218,E209,,FIELD_REFERENCE,C:\Users\JBNU\git\ConstraintsRecovery\assets\tankwar\asset2,60,G4,G4,TankWar_P1|TankWar_P2|TankWar_P3|TankWar_P4|TankWar_P5,TankWar_P1|TankWar_P2|TankWar_P3|TankWar_P4|TankWar_P5,UNKNOWN,UNKNOWN,0.600,0.200,LOW,INTRA_BLOCK,RESOLVED_INTERNAL,TankWar_P1|TankWar_P2|TankWar_P3|TankWar_P4|TankWar_P5
D1128,C:\Users\JBNU\git\ConstraintsRecovery\assets\tankwar\asset2:IF:8-332,C:\Users\JBNU\git\ConstraintsRecovery\assets\tankwar\asset2:IF:8-332,E218,E209,,FIELD_REFERENCE,C:\Users\JBNU\git\ConstraintsRecovery\assets\tankwar\asset2,61,G4,G4,TankWar_P1|TankWar_P2|TankWar_P3|TankWar_P4|TankWar_P5,TankWar_P1|TankWar_P2|TankWar_P3|TankWar_P4|TankWar_P5,UNKNOWN,UNKNOWN,0.600,0.200,LOW,INTRA_BLOCK,RESOLVED_INTERNAL,TankWar_P1|TankWar_P2|TankWar_P3|TankWar_P4|TankWar_P5
D1129,C:\Users\JBNU\git\ConstraintsRecovery\assets\tankwar\asset2:IF:8-332,C:\Users\JBNU\git\ConstraintsRecovery\assets\tankwar\asset4:IF:8-26,E218,E390,,CONSTRUCTOR_CALL,C:\Users\JBNU\git\ConstraintsRecovery\assets\tankwar\asset2,62,G4,G4,TankWar_P1|TankWar_P2|TankWar_P3|TankWar_P4|TankWar_P5,TankWar_P1|TankWar_P2|TankWar_P3|TankWar_P4|TankWar_P5,UNKNOWN,UNKNOWN,0.750,0.200,LOW,NONE,RESOLVED_INTERNAL,TankWar_P1|TankWar_P2|TankWar_P3|TankWar_P4|TankWar_P5
D1130,C:\Users\JBNU\git\ConstraintsRecovery\assets\tankwar\asset2:IF:8-332,C:\Users\JBNU\git\ConstraintsRecovery\assets\tankwar\asset2:IF:8-332,E218,E203,,FIELD_REFERENCE,C:\Users\JBNU\git\ConstraintsRecovery\assets\tankwar\asset2,62,G4,G4,TankWar_P1|TankWar_P2|TankWar_P3|TankWar_P4|TankWar_P5,TankWar_P1|TankWar_P2|TankWar_P3|TankWar_P4|TankWar_P5,UNKNOWN,UNKNOWN,0.600,0.200,LOW,INTRA_BLOCK,RESOLVED_INTERNAL,TankWar_P1|TankWar_P2|TankWar_P3|TankWar_P4|TankWar_P5
D1131,C:\Users\JBNU\git\ConstraintsRecovery\assets\tankwar\asset2:IF:8-332,C:\Users\JBNU\git\ConstraintsRecovery\assets\tankwar\asset2:IF:8-332,E218,E209,,FIELD_REFERENCE,C:\Users\JBNU\git\ConstraintsRecovery\assets\tankwar\asset2,62,G4,G4,TankWar_P1|TankWar_P2|TankWar_P3|TankWar_P4|TankWar_P5,TankWar_P1|TankWar_P2|TankWar_P3|TankWar_P4|TankWar_P5,UNKNOWN,UNKNOWN,0.600,0.200,LOW,INTRA_BLOCK,RESOLVED_INTERNAL,TankWar_P1|TankWar_P2|TankWar_P3|TankWar_P4|TankWar_P5
D1132,C:\Users\JBNU\git\ConstraintsRecovery\assets\tankwar\asset2:IF:8-332,C:\Users\JBNU\git\ConstraintsRecovery\assets\tankwar\asset2:IF:8-332,E218,E209,,FIELD_REFERENCE,C:\Users\JBNU\git\ConstraintsRecovery\assets\tankwar\asset2,63,G4,G4,TankWar_P1|TankWar_P2|TankWar_P3|TankWar_P4|TankWar_P5,TankWar_P1|TankWar_P2|TankWar_P3|TankWar_P4|TankWar_P5,UNKNOWN,UNKNOWN,0.600,0.200,LOW,INTRA_BLOCK,RESOLVED_INTERNAL,TankWar_P1|TankWar_P2|TankWar_P3|TankWar_P4|TankWar_P5
D1133,C:\Users\JBNU\git\ConstraintsRecovery\assets\tankwar\asset2:IF:8-332,C:\Users\JBNU\git\ConstraintsRecovery\assets\tankwar\asset2:IF:8-332,E221,E206,,FIELD_REFERENCE,C:\Users\JBNU\git\ConstraintsRecovery\assets\tankwar\asset2,68,G4,G4,TankWar_P1|TankWar_P2|TankWar_P3|TankWar_P4|TankWar_P5,TankWar_P1|TankWar_P2|TankWar_P3|TankWar_P4|TankWar_P5,UNKNOWN,UNKNOWN,0.600,0.200,LOW,INTRA_BLOCK,RESOLVED_INTERNAL,TankWar_P1|TankWar_P2|TankWar_P3|TankWar_P4|TankWar_P5
D1134,C:\Users\JBNU\git\ConstraintsRecovery\assets\tankwar\asset2:IF:8-332,C:\Users\JBNU\git\ConstraintsRecovery\assets\tankwar\asset2:IF:8-332,E221,E203,,FIELD_REFERENCE,C:\Users\JBNU\git\ConstraintsRecovery\assets\tankwar\asset2,70,G4,G4,TankWar_P1|TankWar_P2|TankWar_P3|TankWar_P4|TankWar_P5,TankWar_P1|TankWar_P2|TankWar_P3|TankWar_P4|TankWar_P5,UNKNOWN,UNKNOWN,0.600,0.200,LOW,INTRA_BLOCK,RESOLVED_INTERNAL,TankWar_P1|TankWar_P2|TankWar_P3|TankWar_P4|TankWar_P5
D1135,C:\Users\JBNU\git\ConstraintsRecovery\assets\tankwar\asset2:IF:8-332,C:\Users\JBNU\git\ConstraintsRecovery\assets\tankwar\asset2:IF:8-332,E222,E208,,FIELD_REFERENCE,C:\Users\JBNU\git\ConstraintsRecovery\assets\tankwar\asset2,74,G4,G4,TankWar_P1|TankWar_P2|TankWar_P3|TankWar_P4|TankWar_P5,TankWar_P1|TankWar_P2|TankWar_P3|TankWar_P4|TankWar_P5,APPLICATION_ORCHESTRATION,UNKNOWN,0.600,0.200,LOW,INTRA_BLOCK,RESOLVED_INTERNAL,TankWar_P1|TankWar_P2|TankWar_P3|TankWar_P4|TankWar_P5
D1136,C:\Users\JBNU\git\ConstraintsRecovery\assets\tankwar\asset2:IF:8-332,C:\Users\JBNU\git\ConstraintsRecovery\assets\tankwar\asset2:IF:8-332,E222,E223,,METHOD_CALL,C:\Users\JBNU\git\ConstraintsRecovery\assets\tankwar\asset2,75,G4,G4,TankWar_P1|TankWar_P2|TankWar_P3|TankWar_P4|TankWar_P5,TankWar_P1|TankWar_P2|TankWar_P3|TankWar_P4|TankWar_P5,APPLICATION_ORCHESTRATION,APPLICATION_ORCHESTRATION,0.750,0.200,LOW,INTRA_BLOCK,RESOLVED_INTERNAL,TankWar_P1|TankWar_P2|TankWar_P3|TankWar_P4|TankWar_P5
D1137,C:\Users\JBNU\git\ConstraintsRecovery\assets\tankwar\asset2:IF:8-332,C:\Users\JBNU\git\ConstraintsRecovery\assets\tankwar\asset2:IF:8-332,E222,E206,,FIELD_REFERENCE,C:\Users\JBNU\git\ConstraintsRecovery\assets\tankwar\asset2,77,G4,G4,TankWar_P1|TankWar_P2|TankWar_P3|TankWar_P4|TankWar_P5,TankWar_P1|TankWar_P2|TankWar_P3|TankWar_P4|TankWar_P5,APPLICATION_ORCHESTRATION,UNKNOWN,0.600,0.200,LOW,INTRA_BLOCK,RESOLVED_INTERNAL,TankWar_P1|TankWar_P2|TankWar_P3|TankWar_P4|TankWar_P5
D1138,C:\Users\JBNU\git\ConstraintsRecovery\assets\tankwar\asset2:IF:8-332,C:\Users\JBNU\git\ConstraintsRecovery\assets\tankwar\asset2:IF:8-332,E222,E208,,FIELD_REFERENCE,C:\Users\JBNU\git\ConstraintsRecovery\assets\tankwar\asset2,77,G4,G4,TankWar_P1|TankWar_P2|TankWar_P3|TankWar_P4|TankWar_P5,TankWar_P1|TankWar_P2|TankWar_P3|TankWar_P4|TankWar_P5,APPLICATION_ORCHESTRATION,UNKNOWN,0.600,0.200,LOW,INTRA_BLOCK,RESOLVED_INTERNAL,TankWar_P1|TankWar_P2|TankWar_P3|TankWar_P4|TankWar_P5
D1139,C:\Users\JBNU\git\ConstraintsRecovery\assets\tankwar\asset2:IF:8-332,C:\Users\JBNU\git\ConstraintsRecovery\assets\tankwar\asset15:IF:8-281,E222,E132,,METHOD_CALL,C:\Users\JBNU\git\ConstraintsRecovery\assets\tankwar\asset2,77,G4,G4,TankWar_P1|TankWar_P2|TankWar_P3|TankWar_P4|TankWar_P5,TankWar_P1|TankWar_P2|TankWar_P3|TankWar_P4|TankWar_P5,APPLICATION_ORCHESTRATION,UNKNOWN,0.750,0.275,LOW,NONE,RESOLVED_INTERNAL,TankWar_P1|TankWar_P2|TankWar_P3|TankWar_P4|TankWar_P5
D1140,C:\Users\JBNU\git\ConstraintsRecovery\assets\tankwar\asset2:IF:8-332,C:\Users\JBNU\git\ConstraintsRecovery\assets\tankwar\asset2:IF:8-332,E223,E204,,FIELD_REFERENCE,C:\Users\JBNU\git\ConstraintsRecovery\assets\tankwar\asset2,80,G4,G4,TankWar_P1|TankWar_P2|TankWar_P3|TankWar_P4|TankWar_P5,TankWar_P1|TankWar_P2|TankWar_P3|TankWar_P4|TankWar_P5,APPLICATION_ORCHESTRATION,UNKNOWN,0.600,0.200,LOW,INTRA_BLOCK,RESOLVED_INTERNAL,TankWar_P1|TankWar_P2|TankWar_P3|TankWar_P4|TankWar_P5
D1141,C:\Users\JBNU\git\ConstraintsRecovery\assets\tankwar\asset2:IF:8-332,C:\Users\JBNU\git\ConstraintsRecovery\assets\tankwar\asset2:IF:8-332,E223,E205,,FIELD_REFERENCE,C:\Users\JBNU\git\ConstraintsRecovery\assets\tankwar\asset2,80,G4,G4,TankWar_P1|TankWar_P2|TankWar_P3|TankWar_P4|TankWar_P5,TankWar_P1|TankWar_P2|TankWar_P3|TankWar_P4|TankWar_P5,APPLICATION_ORCHESTRATION,UNKNOWN,0.600,0.200,LOW,INTRA_BLOCK,RESOLVED_INTERNAL,TankWar_P1|TankWar_P2|TankWar_P3|TankWar_P4|TankWar_P5
D1142,C:\Users\JBNU\git\ConstraintsRecovery\assets\tankwar\asset2:IF:8-332,C:\Users\JBNU\git\ConstraintsRecovery\assets\tankwar\asset2:IF:8-332,E223,E211,,FIELD_REFERENCE,C:\Users\JBNU\git\ConstraintsRecovery\assets\tankwar\asset2,80,G4,G4,TankWar_P1|TankWar_P2|TankWar_P3|TankWar_P4|TankWar_P5,TankWar_P1|TankWar_P2|TankWar_P3|TankWar_P4|TankWar_P5,APPLICATION_ORCHESTRATION,UNKNOWN,0.600,0.200,LOW,INTRA_BLOCK,RESOLVED_INTERNAL,TankWar_P1|TankWar_P2|TankWar_P3|TankWar_P4|TankWar_P5
D1143,C:\Users\JBNU\git\ConstraintsRecovery\assets\tankwar\asset2:IF:8-332,C:\Users\JBNU\git\ConstraintsRecovery\assets\tankwar\asset2:IF:8-332,E223,E209,,FIELD_REFERENCE,C:\Users\JBNU\git\ConstraintsRecovery\assets\tankwar\asset2,81,G4,G4,TankWar_P1|TankWar_P2|TankWar_P3|TankWar_P4|TankWar_P5,TankWar_P1|TankWar_P2|TankWar_P3|TankWar_P4|TankWar_P5,APPLICATION_ORCHESTRATION,UNKNOWN,0.600,0.200,LOW,INTRA_BLOCK,RESOLVED_INTERNAL,TankWar_P1|TankWar_P2|TankWar_P3|TankWar_P4|TankWar_P5
D1144,C:\Users\JBNU\git\ConstraintsRecovery\assets\tankwar\asset2:IF:8-332,C:\Users\JBNU\git\ConstraintsRecovery\assets\tankwar\asset15:IF:8-281,E223,E120,,CONSTRUCTOR_CALL,C:\Users\JBNU\git\ConstraintsRecovery\assets\tankwar\asset2,82,G4,G4,TankWar_P1|TankWar_P2|TankWar_P3|TankWar_P4|TankWar_P5,TankWar_P1|TankWar_P2|TankWar_P3|TankWar_P4|TankWar_P5,APPLICATION_ORCHESTRATION,UNKNOWN,0.750,0.275,LOW,NONE,RESOLVED_INTERNAL,TankWar_P1|TankWar_P2|TankWar_P3|TankWar_P4|TankWar_P5
D1145,C:\Users\JBNU\git\ConstraintsRecovery\assets\tankwar\asset2:IF:8-332,C:\Users\JBNU\git\ConstraintsRecovery\assets\tankwar\asset2:IF:8-332,E223,E208,,FIELD_REFERENCE,C:\Users\JBNU\git\ConstraintsRecovery\assets\tankwar\asset2,82,G4,G4,TankWar_P1|TankWar_P2|TankWar_P3|TankWar_P4|TankWar_P5,TankWar_P1|TankWar_P2|TankWar_P3|TankWar_P4|TankWar_P5,APPLICATION_ORCHESTRATION,UNKNOWN,0.600,0.200,LOW,INTRA_BLOCK,RESOLVED_INTERNAL,TankWar_P1|TankWar_P2|TankWar_P3|TankWar_P4|TankWar_P5
D1146,C:\Users\JBNU\git\ConstraintsRecovery\assets\tankwar\asset2:IF:8-332,C:\Users\JBNU\git\ConstraintsRecovery\assets\tankwar\asset2:IF:8-332,E223,E208,,FIELD_REFERENCE,C:\Users\JBNU\git\ConstraintsRecovery\assets\tankwar\asset2,83,G4,G4,TankWar_P1|TankWar_P2|TankWar_P3|TankWar_P4|TankWar_P5,TankWar_P1|TankWar_P2|TankWar_P3|TankWar_P4|TankWar_P5,APPLICATION_ORCHESTRATION,UNKNOWN,0.600,0.200,LOW,INTRA_BLOCK,RESOLVED_INTERNAL,TankWar_P1|TankWar_P2|TankWar_P3|TankWar_P4|TankWar_P5
D1147,C:\Users\JBNU\git\ConstraintsRecovery\assets\tankwar\asset2:IF:8-332,C:\Users\JBNU\git\ConstraintsRecovery\assets\tankwar\asset2:IF:8-332,E223,E208,,FIELD_REFERENCE,C:\Users\JBNU\git\ConstraintsRecovery\assets\tankwar\asset2,84,G4,G4,TankWar_P1|TankWar_P2|TankWar_P3|TankWar_P4|TankWar_P5,TankWar_P1|TankWar_P2|TankWar_P3|TankWar_P4|TankWar_P5,APPLICATION_ORCHESTRATION,UNKNOWN,0.600,0.200,LOW,INTRA_BLOCK,RESOLVED_INTERNAL,TankWar_P1|TankWar_P2|TankWar_P3|TankWar_P4|TankWar_P5
D1148,C:\Users\JBNU\git\ConstraintsRecovery\assets\tankwar\asset2:IF:8-332,C:\Users\JBNU\git\ConstraintsRecovery\assets\tankwar\asset2:IF:8-332,E223,E208,,FIELD_REFERENCE,C:\Users\JBNU\git\ConstraintsRecovery\assets\tankwar\asset2,85,G4,G4,TankWar_P1|TankWar_P2|TankWar_P3|TankWar_P4|TankWar_P5,TankWar_P1|TankWar_P2|TankWar_P3|TankWar_P4|TankWar_P5,APPLICATION_ORCHESTRATION,UNKNOWN,0.600,0.200,LOW,INTRA_BLOCK,RESOLVED_INTERNAL,TankWar_P1|TankWar_P2|TankWar_P3|TankWar_P4|TankWar_P5
D1149,C:\Users\JBNU\git\ConstraintsRecovery\assets\tankwar\asset2:IF:8-332,C:\Users\JBNU\git\ConstraintsRecovery\assets\tankwar\asset2:IF:8-332,E223,E208,,FIELD_REFERENCE,C:\Users\JBNU\git\ConstraintsRecovery\assets\tankwar\asset2,86,G4,G4,TankWar_P1|TankWar_P2|TankWar_P3|TankWar_P4|TankWar_P5,TankWar_P1|TankWar_P2|TankWar_P3|TankWar_P4|TankWar_P5,APPLICATION_ORCHESTRATION,UNKNOWN,0.600,0.200,LOW,INTRA_BLOCK,RESOLVED_INTERNAL,TankWar_P1|TankWar_P2|TankWar_P3|TankWar_P4|TankWar_P5
D1150,C:\Users\JBNU\git\ConstraintsRecovery\assets\tankwar\asset2:IF:8-332,C:\Users\JBNU\git\ConstraintsRecovery\assets\tankwar\asset15:IF:8-281,E223,E125,,METHOD_CALL,C:\Users\JBNU\git\ConstraintsRecovery\assets\tankwar\asset2,86,G4,G4,TankWar_P1|TankWar_P2|TankWar_P3|TankWar_P4|TankWar_P5,TankWar_P1|TankWar_P2|TankWar_P3|TankWar_P4|TankWar_P5,APPLICATION_ORCHESTRATION,UNKNOWN,0.750,0.275,LOW,NONE,RESOLVED_INTERNAL,TankWar_P1|TankWar_P2|TankWar_P3|TankWar_P4|TankWar_P5
D1151,C:\Users\JBNU\git\ConstraintsRecovery\assets\tankwar\asset2:IF:8-332,C:\Users\JBNU\git\ConstraintsRecovery\assets\tankwar\asset2:IF:8-332,E223,E204,,FIELD_REFERENCE,C:\Users\JBNU\git\ConstraintsRecovery\assets\tankwar\asset2,87,G4,G4,TankWar_P1|TankWar_P2|TankWar_P3|TankWar_P4|TankWar_P5,TankWar_P1|TankWar_P2|TankWar_P3|TankWar_P4|TankWar_P5,APPLICATION_ORCHESTRATION,UNKNOWN,0.600,0.200,LOW,INTRA_BLOCK,RESOLVED_INTERNAL,TankWar_P1|TankWar_P2|TankWar_P3|TankWar_P4|TankWar_P5
D1152,C:\Users\JBNU\git\ConstraintsRecovery\assets\tankwar\asset2:IF:8-332,C:\Users\JBNU\git\ConstraintsRecovery\assets\tankwar\asset2:IF:8-332,E223,E205,,FIELD_REFERENCE,C:\Users\JBNU\git\ConstraintsRecovery\assets\tankwar\asset2,87,G4,G4,TankWar_P1|TankWar_P2|TankWar_P3|TankWar_P4|TankWar_P5,TankWar_P1|TankWar_P2|TankWar_P3|TankWar_P4|TankWar_P5,APPLICATION_ORCHESTRATION,UNKNOWN,0.600,0.200,LOW,INTRA_BLOCK,RESOLVED_INTERNAL,TankWar_P1|TankWar_P2|TankWar_P3|TankWar_P4|TankWar_P5
D1153,C:\Users\JBNU\git\ConstraintsRecovery\assets\tankwar\asset2:IF:8-332,C:\Users\JBNU\git\ConstraintsRecovery\assets\tankwar\asset2:IF:8-332,E223,E208,,FIELD_REFERENCE,C:\Users\JBNU\git\ConstraintsRecovery\assets\tankwar\asset2,87,G4,G4,TankWar_P1|TankWar_P2|TankWar_P3|TankWar_P4|TankWar_P5,TankWar_P1|TankWar_P2|TankWar_P3|TankWar_P4|TankWar_P5,APPLICATION_ORCHESTRATION,UNKNOWN,0.600,0.200,LOW,INTRA_BLOCK,RESOLVED_INTERNAL,TankWar_P1|TankWar_P2|TankWar_P3|TankWar_P4|TankWar_P5
D1154,C:\Users\JBNU\git\ConstraintsRecovery\assets\tankwar\asset2:IF:8-332,C:\Users\JBNU\git\ConstraintsRecovery\assets\tankwar\asset2:IF:8-332,E223,E211,,FIELD_REFERENCE,C:\Users\JBNU\git\ConstraintsRecovery\assets\tankwar\asset2,87,G4,G4,TankWar_P1|TankWar_P2|TankWar_P3|TankWar_P4|TankWar_P5,TankWar_P1|TankWar_P2|TankWar_P3|TankWar_P4|TankWar_P5,APPLICATION_ORCHESTRATION,UNKNOWN,0.600,0.200,LOW,INTRA_BLOCK,RESOLVED_INTERNAL,TankWar_P1|TankWar_P2|TankWar_P3|TankWar_P4|TankWar_P5
D1155,C:\Users\JBNU\git\ConstraintsRecovery\assets\tankwar\asset2:IF:8-332,C:\Users\JBNU\git\ConstraintsRecovery\assets\tankwar\asset15:IF:8-281,E223,E123,,METHOD_CALL,C:\Users\JBNU\git\ConstraintsRecovery\assets\tankwar\asset2,87,G4,G4,TankWar_P1|TankWar_P2|TankWar_P3|TankWar_P4|TankWar_P5,TankWar_P1|TankWar_P2|TankWar_P3|TankWar_P4|TankWar_P5,APPLICATION_ORCHESTRATION,UNKNOWN,0.750,0.275,LOW,NONE,RESOLVED_INTERNAL,TankWar_P1|TankWar_P2|TankWar_P3|TankWar_P4|TankWar_P5
D1156,C:\Users\JBNU\git\ConstraintsRecovery\assets\tankwar\asset2:IF:8-332,C:\Users\JBNU\git\ConstraintsRecovery\assets\tankwar\asset2:IF:8-332,E223,E208,,FIELD_REFERENCE,C:\Users\JBNU\git\ConstraintsRecovery\assets\tankwar\asset2,88,G4,G4,TankWar_P1|TankWar_P2|TankWar_P3|TankWar_P4|TankWar_P5,TankWar_P1|TankWar_P2|TankWar_P3|TankWar_P4|TankWar_P5,APPLICATION_ORCHESTRATION,UNKNOWN,0.600,0.200,LOW,INTRA_BLOCK,RESOLVED_INTERNAL,TankWar_P1|TankWar_P2|TankWar_P3|TankWar_P4|TankWar_P5
D1157,C:\Users\JBNU\git\ConstraintsRecovery\assets\tankwar\asset2:IF:8-332,C:\Users\JBNU\git\ConstraintsRecovery\assets\tankwar\asset15:IF:8-281,E223,E124,,METHOD_CALL,C:\Users\JBNU\git\ConstraintsRecovery\assets\tankwar\asset2,88,G4,G4,TankWar_P1|TankWar_P2|TankWar_P3|TankWar_P4|TankWar_P5,TankWar_P1|TankWar_P2|TankWar_P3|TankWar_P4|TankWar_P5,APPLICATION_ORCHESTRATION,UNKNOWN,0.750,0.275,LOW,NONE,RESOLVED_INTERNAL,TankWar_P1|TankWar_P2|TankWar_P3|TankWar_P4|TankWar_P5
D1158,C:\Users\JBNU\git\ConstraintsRecovery\assets\tankwar\asset2:IF:8-332,C:\Users\JBNU\git\ConstraintsRecovery\assets\tankwar\asset2:IF:8-332,E223,E204,,FIELD_REFERENCE,C:\Users\JBNU\git\ConstraintsRecovery\assets\tankwar\asset2,89,G4,G4,TankWar_P1|TankWar_P2|TankWar_P3|TankWar_P4|TankWar_P5,TankWar_P1|TankWar_P2|TankWar_P3|TankWar_P4|TankWar_P5,APPLICATION_ORCHESTRATION,UNKNOWN,0.600,0.200,LOW,INTRA_BLOCK,RESOLVED_INTERNAL,TankWar_P1|TankWar_P2|TankWar_P3|TankWar_P4|TankWar_P5
D1159,C:\Users\JBNU\git\ConstraintsRecovery\assets\tankwar\asset2:IF:8-332,C:\Users\JBNU\git\ConstraintsRecovery\assets\tankwar\asset2:IF:8-332,E223,E205,,FIELD_REFERENCE,C:\Users\JBNU\git\ConstraintsRecovery\assets\tankwar\asset2,89,G4,G4,TankWar_P1|TankWar_P2|TankWar_P3|TankWar_P4|TankWar_P5,TankWar_P1|TankWar_P2|TankWar_P3|TankWar_P4|TankWar_P5,APPLICATION_ORCHESTRATION,UNKNOWN,0.600,0.200,LOW,INTRA_BLOCK,RESOLVED_INTERNAL,TankWar_P1|TankWar_P2|TankWar_P3|TankWar_P4|TankWar_P5
D1160,C:\Users\JBNU\git\ConstraintsRecovery\assets\tankwar\asset2:IF:8-332,C:\Users\JBNU\git\ConstraintsRecovery\assets\tankwar\asset2:IF:8-332,E223,E208,,FIELD_REFERENCE,C:\Users\JBNU\git\ConstraintsRecovery\assets\tankwar\asset2,89,G4,G4,TankWar_P1|TankWar_P2|TankWar_P3|TankWar_P4|TankWar_P5,TankWar_P1|TankWar_P2|TankWar_P3|TankWar_P4|TankWar_P5,APPLICATION_ORCHESTRATION,UNKNOWN,0.600,0.200,LOW,INTRA_BLOCK,RESOLVED_INTERNAL,TankWar_P1|TankWar_P2|TankWar_P3|TankWar_P4|TankWar_P5
D1161,C:\Users\JBNU\git\ConstraintsRecovery\assets\tankwar\asset2:IF:8-332,C:\Users\JBNU\git\ConstraintsRecovery\assets\tankwar\asset2:IF:8-332,E223,E211,,FIELD_REFERENCE,C:\Users\JBNU\git\ConstraintsRecovery\assets\tankwar\asset2,89,G4,G4,TankWar_P1|TankWar_P2|TankWar_P3|TankWar_P4|TankWar_P5,TankWar_P1|TankWar_P2|TankWar_P3|TankWar_P4|TankWar_P5,APPLICATION_ORCHESTRATION,UNKNOWN,0.600,0.200,LOW,INTRA_BLOCK,RESOLVED_INTERNAL,TankWar_P1|TankWar_P2|TankWar_P3|TankWar_P4|TankWar_P5
D1162,C:\Users\JBNU\git\ConstraintsRecovery\assets\tankwar\asset2:IF:8-332,C:\Users\JBNU\git\ConstraintsRecovery\assets\tankwar\asset15:IF:8-281,E223,E121,,METHOD_CALL,C:\Users\JBNU\git\ConstraintsRecovery\assets\tankwar\asset2,89,G4,G4,TankWar_P1|TankWar_P2|TankWar_P3|TankWar_P4|TankWar_P5,TankWar_P1|TankWar_P2|TankWar_P3|TankWar_P4|TankWar_P5,APPLICATION_ORCHESTRATION,UNKNOWN,0.750,0.275,LOW,NONE,RESOLVED_INTERNAL,TankWar_P1|TankWar_P2|TankWar_P3|TankWar_P4|TankWar_P5
D1163,C:\Users\JBNU\git\ConstraintsRecovery\assets\tankwar\asset2:IF:8-332,C:\Users\JBNU\git\ConstraintsRecovery\assets\tankwar\asset2:IF:8-332,E223,E228,,METHOD_CALL,C:\Users\JBNU\git\ConstraintsRecovery\assets\tankwar\asset2,89,G4,G4,TankWar_P1|TankWar_P2|TankWar_P3|TankWar_P4|TankWar_P5,TankWar_P1|TankWar_P2|TankWar_P3|TankWar_P4|TankWar_P5,APPLICATION_ORCHESTRATION,UNKNOWN,0.750,0.200,LOW,INTRA_BLOCK,RESOLVED_INTERNAL,TankWar_P1|TankWar_P2|TankWar_P3|TankWar_P4|TankWar_P5
D1164,C:\Users\JBNU\git\ConstraintsRecovery\assets\tankwar\asset2:IF:8-332,C:\Users\JBNU\git\ConstraintsRecovery\assets\tankwar\asset2:IF:8-332,E223,E208,,FIELD_REFERENCE,C:\Users\JBNU\git\ConstraintsRecovery\assets\tankwar\asset2,90,G4,G4,TankWar_P1|TankWar_P2|TankWar_P3|TankWar_P4|TankWar_P5,TankWar_P1|TankWar_P2|TankWar_P3|TankWar_P4|TankWar_P5,APPLICATION_ORCHESTRATION,UNKNOWN,0.600,0.200,LOW,INTRA_BLOCK,RESOLVED_INTERNAL,TankWar_P1|TankWar_P2|TankWar_P3|TankWar_P4|TankWar_P5
D1165,C:\Users\JBNU\git\ConstraintsRecovery\assets\tankwar\asset2:IF:8-332,C:\Users\JBNU\git\ConstraintsRecovery\assets\tankwar\asset15:IF:8-281,E223,E122,,METHOD_CALL,C:\Users\JBNU\git\ConstraintsRecovery\assets\tankwar\asset2,90,G4,G4,TankWar_P1|TankWar_P2|TankWar_P3|TankWar_P4|TankWar_P5,TankWar_P1|TankWar_P2|TankWar_P3|TankWar_P4|TankWar_P5,APPLICATION_ORCHESTRATION,UNKNOWN,0.750,0.275,LOW,NONE,RESOLVED_INTERNAL,TankWar_P1|TankWar_P2|TankWar_P3|TankWar_P4|TankWar_P5
D1166,C:\Users\JBNU\git\ConstraintsRecovery\assets\tankwar\asset2:IF:8-332,C:\Users\JBNU\git\ConstraintsRecovery\assets\tankwar\asset2:IF:8-332,E224,E208,,FIELD_REFERENCE,C:\Users\JBNU\git\ConstraintsRecovery\assets\tankwar\asset2,93,G4,G4,TankWar_P1|TankWar_P2|TankWar_P3|TankWar_P4|TankWar_P5,TankWar_P1|TankWar_P2|TankWar_P3|TankWar_P4|TankWar_P5,UNKNOWN,UNKNOWN,0.600,0.200,LOW,INTRA_BLOCK,RESOLVED_INTERNAL,TankWar_P1|TankWar_P2|TankWar_P3|TankWar_P4|TankWar_P5
D1167,C:\Users\JBNU\git\ConstraintsRecovery\assets\tankwar\asset2:IF:8-332,C:\Users\JBNU\git\ConstraintsRecovery\assets\tankwar\asset2:IF:8-332,E224,E225,,METHOD_CALL,C:\Users\JBNU\git\ConstraintsRecovery\assets\tankwar\asset2,94,G4,G4,TankWar_P1|TankWar_P2|TankWar_P3|TankWar_P4|TankWar_P5,TankWar_P1|TankWar_P2|TankWar_P3|TankWar_P4|TankWar_P5,UNKNOWN,UNKNOWN,0.750,0.200,LOW,INTRA_BLOCK,RESOLVED_INTERNAL,TankWar_P1|TankWar_P2|TankWar_P3|TankWar_P4|TankWar_P5
D1168,C:\Users\JBNU\git\ConstraintsRecovery\assets\tankwar\asset2:IF:8-332,C:\Users\JBNU\git\ConstraintsRecovery\assets\tankwar\asset2:IF:8-332,E224,E206,,FIELD_REFERENCE,C:\Users\JBNU\git\ConstraintsRecovery\assets\tankwar\asset2,96,G4,G4,TankWar_P1|TankWar_P2|TankWar_P3|TankWar_P4|TankWar_P5,TankWar_P1|TankWar_P2|TankWar_P3|TankWar_P4|TankWar_P5,UNKNOWN,UNKNOWN,0.600,0.200,LOW,INTRA_BLOCK,RESOLVED_INTERNAL,TankWar_P1|TankWar_P2|TankWar_P3|TankWar_P4|TankWar_P5
D1169,C:\Users\JBNU\git\ConstraintsRecovery\assets\tankwar\asset2:IF:8-332,C:\Users\JBNU\git\ConstraintsRecovery\assets\tankwar\asset2:IF:8-332,E224,E208,,FIELD_REFERENCE,C:\Users\JBNU\git\ConstraintsRecovery\assets\tankwar\asset2,96,G4,G4,TankWar_P1|TankWar_P2|TankWar_P3|TankWar_P4|TankWar_P5,TankWar_P1|TankWar_P2|TankWar_P3|TankWar_P4|TankWar_P5,UNKNOWN,UNKNOWN,0.600,0.200,LOW,INTRA_BLOCK,RESOLVED_INTERNAL,TankWar_P1|TankWar_P2|TankWar_P3|TankWar_P4|TankWar_P5
D1170,C:\Users\JBNU\git\ConstraintsRecovery\assets\tankwar\asset2:IF:8-332,C:\Users\JBNU\git\ConstraintsRecovery\assets\tankwar\asset15:IF:8-281,E224,E132,,METHOD_CALL,C:\Users\JBNU\git\ConstraintsRecovery\assets\tankwar\asset2,96,G4,G4,TankWar_P1|TankWar_P2|TankWar_P3|TankWar_P4|TankWar_P5,TankWar_P1|TankWar_P2|TankWar_P3|TankWar_P4|TankWar_P5,UNKNOWN,UNKNOWN,0.750,0.200,LOW,NONE,RESOLVED_INTERNAL,TankWar_P1|TankWar_P2|TankWar_P3|TankWar_P4|TankWar_P5
D1171,C:\Users\JBNU\git\ConstraintsRecovery\assets\tankwar\asset2:IF:8-332,C:\Users\JBNU\git\ConstraintsRecovery\assets\tankwar\asset15:IF:8-281,E225,E120,,CONSTRUCTOR_CALL,C:\Users\JBNU\git\ConstraintsRecovery\assets\tankwar\asset2,99,G4,G4,TankWar_P1|TankWar_P2|TankWar_P3|TankWar_P4|TankWar_P5,TankWar_P1|TankWar_P2|TankWar_P3|TankWar_P4|TankWar_P5,UNKNOWN,UNKNOWN,0.750,0.200,LOW,NONE,RESOLVED_INTERNAL,TankWar_P1|TankWar_P2|TankWar_P3|TankWar_P4|TankWar_P5
D1172,C:\Users\JBNU\git\ConstraintsRecovery\assets\tankwar\asset2:IF:8-332,C:\Users\JBNU\git\ConstraintsRecovery\assets\tankwar\asset2:IF:8-332,E225,E208,,FIELD_REFERENCE,C:\Users\JBNU\git\ConstraintsRecovery\assets\tankwar\asset2,99,G4,G4,TankWar_P1|TankWar_P2|TankWar_P3|TankWar_P4|TankWar_P5,TankWar_P1|TankWar_P2|TankWar_P3|TankWar_P4|TankWar_P5,UNKNOWN,UNKNOWN,0.600,0.200,LOW,INTRA_BLOCK,RESOLVED_INTERNAL,TankWar_P1|TankWar_P2|TankWar_P3|TankWar_P4|TankWar_P5
D891,C:\Users\JBNU\git\ConstraintsRecovery\assets\tankwar\asset2:IF:8-332,C:\Users\JBNU\git\ConstraintsRecovery\assets\tankwar\asset2:IF:8-332,E225,E204,,FIELD_REFERENCE,C:\Users\JBNU\git\ConstraintsRecovery\assets\tankwar\asset2,100,G4,G4,TankWar_P1|TankWar_P2|TankWar_P3|TankWar_P4|TankWar_P5,TankWar_P1|TankWar_P2|TankWar_P3|TankWar_P4|TankWar_P5,UNKNOWN,UNKNOWN,0.600,0.200,LOW,INTRA_BLOCK,RESOLVED_INTERNAL,TankWar_P1|TankWar_P2|TankWar_P3|TankWar_P4|TankWar_P5
D892,C:\Users\JBNU\git\ConstraintsRecovery\assets\tankwar\asset2:IF:8-332,C:\Users\JBNU\git\ConstraintsRecovery\assets\tankwar\asset2:IF:8-332,E225,E205,,FIELD_REFERENCE,C:\Users\JBNU\git\ConstraintsRecovery\assets\tankwar\asset2,100,G4,G4,TankWar_P1|TankWar_P2|TankWar_P3|TankWar_P4|TankWar_P5,TankWar_P1|TankWar_P2|TankWar_P3|TankWar_P4|TankWar_P5,UNKNOWN,UNKNOWN,0.600,0.200,LOW,INTRA_BLOCK,RESOLVED_INTERNAL,TankWar_P1|TankWar_P2|TankWar_P3|TankWar_P4|TankWar_P5
D893,C:\Users\JBNU\git\ConstraintsRecovery\assets\tankwar\asset2:IF:8-332,C:\Users\JBNU\git\ConstraintsRecovery\assets\tankwar\asset2:IF:8-332,E225,E208,,FIELD_REFERENCE,C:\Users\JBNU\git\ConstraintsRecovery\assets\tankwar\asset2,100,G4,G4,TankWar_P1|TankWar_P2|TankWar_P3|TankWar_P4|TankWar_P5,TankWar_P1|TankWar_P2|TankWar_P3|TankWar_P4|TankWar_P5,UNKNOWN,UNKNOWN,0.600,0.200,LOW,INTRA_BLOCK,RESOLVED_INTERNAL,TankWar_P1|TankWar_P2|TankWar_P3|TankWar_P4|TankWar_P5
D894,C:\Users\JBNU\git\ConstraintsRecovery\assets\tankwar\asset2:IF:8-332,C:\Users\JBNU\git\ConstraintsRecovery\assets\tankwar\asset2:IF:8-332,E225,E211,,FIELD_REFERENCE,C:\Users\JBNU\git\ConstraintsRecovery\assets\tankwar\asset2,100,G4,G4,TankWar_P1|TankWar_P2|TankWar_P3|TankWar_P4|TankWar_P5,TankWar_P1|TankWar_P2|TankWar_P3|TankWar_P4|TankWar_P5,UNKNOWN,UNKNOWN,0.600,0.200,LOW,INTRA_BLOCK,RESOLVED_INTERNAL,TankWar_P1|TankWar_P2|TankWar_P3|TankWar_P4|TankWar_P5
D895,C:\Users\JBNU\git\ConstraintsRecovery\assets\tankwar\asset2:IF:8-332,C:\Users\JBNU\git\ConstraintsRecovery\assets\tankwar\asset15:IF:8-281,E225,E121,,METHOD_CALL,C:\Users\JBNU\git\ConstraintsRecovery\assets\tankwar\asset2,100,G4,G4,TankWar_P1|TankWar_P2|TankWar_P3|TankWar_P4|TankWar_P5,TankWar_P1|TankWar_P2|TankWar_P3|TankWar_P4|TankWar_P5,UNKNOWN,UNKNOWN,0.750,0.200,LOW,NONE,RESOLVED_INTERNAL,TankWar_P1|TankWar_P2|TankWar_P3|TankWar_P4|TankWar_P5
D896,C:\Users\JBNU\git\ConstraintsRecovery\assets\tankwar\asset2:IF:8-332,C:\Users\JBNU\git\ConstraintsRecovery\assets\tankwar\asset2:IF:8-332,E225,E228,,METHOD_CALL,C:\Users\JBNU\git\ConstraintsRecovery\assets\tankwar\asset2,100,G4,G4,TankWar_P1|TankWar_P2|TankWar_P3|TankWar_P4|TankWar_P5,TankWar_P1|TankWar_P2|TankWar_P3|TankWar_P4|TankWar_P5,UNKNOWN,UNKNOWN,0.750,0.200,LOW,INTRA_BLOCK,RESOLVED_INTERNAL,TankWar_P1|TankWar_P2|TankWar_P3|TankWar_P4|TankWar_P5
D897,C:\Users\JBNU\git\ConstraintsRecovery\assets\tankwar\asset2:IF:8-332,C:\Users\JBNU\git\ConstraintsRecovery\assets\tankwar\asset2:IF:8-332,E225,E208,,FIELD_REFERENCE,C:\Users\JBNU\git\ConstraintsRecovery\assets\tankwar\asset2,101,G4,G4,TankWar_P1|TankWar_P2|TankWar_P3|TankWar_P4|TankWar_P5,TankWar_P1|TankWar_P2|TankWar_P3|TankWar_P4|TankWar_P5,UNKNOWN,UNKNOWN,0.600,0.200,LOW,INTRA_BLOCK,RESOLVED_INTERNAL,TankWar_P1|TankWar_P2|TankWar_P3|TankWar_P4|TankWar_P5
D898,C:\Users\JBNU\git\ConstraintsRecovery\assets\tankwar\asset2:IF:8-332,C:\Users\JBNU\git\ConstraintsRecovery\assets\tankwar\asset15:IF:8-281,E225,E125,,METHOD_CALL,C:\Users\JBNU\git\ConstraintsRecovery\assets\tankwar\asset2,101,G4,G4,TankWar_P1|TankWar_P2|TankWar_P3|TankWar_P4|TankWar_P5,TankWar_P1|TankWar_P2|TankWar_P3|TankWar_P4|TankWar_P5,UNKNOWN,UNKNOWN,0.750,0.200,LOW,NONE,RESOLVED_INTERNAL,TankWar_P1|TankWar_P2|TankWar_P3|TankWar_P4|TankWar_P5
D899,C:\Users\JBNU\git\ConstraintsRecovery\assets\tankwar\asset2:IF:8-332,C:\Users\JBNU\git\ConstraintsRecovery\assets\tankwar\asset2:IF:8-332,E225,E208,,FIELD_REFERENCE,C:\Users\JBNU\git\ConstraintsRecovery\assets\tankwar\asset2,102,G4,G4,TankWar_P1|TankWar_P2|TankWar_P3|TankWar_P4|TankWar_P5,TankWar_P1|TankWar_P2|TankWar_P3|TankWar_P4|TankWar_P5,UNKNOWN,UNKNOWN,0.600,0.200,LOW,INTRA_BLOCK,RESOLVED_INTERNAL,TankWar_P1|TankWar_P2|TankWar_P3|TankWar_P4|TankWar_P5
D900,C:\Users\JBNU\git\ConstraintsRecovery\assets\tankwar\asset2:IF:8-332,C:\Users\JBNU\git\ConstraintsRecovery\assets\tankwar\asset15:IF:8-281,E225,E124,,METHOD_CALL,C:\Users\JBNU\git\ConstraintsRecovery\assets\tankwar\asset2,102,G4,G4,TankWar_P1|TankWar_P2|TankWar_P3|TankWar_P4|TankWar_P5,TankWar_P1|TankWar_P2|TankWar_P3|TankWar_P4|TankWar_P5,UNKNOWN,UNKNOWN,0.750,0.200,LOW,NONE,RESOLVED_INTERNAL,TankWar_P1|TankWar_P2|TankWar_P3|TankWar_P4|TankWar_P5
D901,C:\Users\JBNU\git\ConstraintsRecovery\assets\tankwar\asset2:IF:8-332,C:\Users\JBNU\git\ConstraintsRecovery\assets\tankwar\asset2:IF:8-332,E225,E204,,FIELD_REFERENCE,C:\Users\JBNU\git\ConstraintsRecovery\assets\tankwar\asset2,103,G4,G4,TankWar_P1|TankWar_P2|TankWar_P3|TankWar_P4|TankWar_P5,TankWar_P1|TankWar_P2|TankWar_P3|TankWar_P4|TankWar_P5,UNKNOWN,UNKNOWN,0.600,0.200,LOW,INTRA_BLOCK,RESOLVED_INTERNAL,TankWar_P1|TankWar_P2|TankWar_P3|TankWar_P4|TankWar_P5
D902,C:\Users\JBNU\git\ConstraintsRecovery\assets\tankwar\asset2:IF:8-332,C:\Users\JBNU\git\ConstraintsRecovery\assets\tankwar\asset2:IF:8-332,E225,E205,,FIELD_REFERENCE,C:\Users\JBNU\git\ConstraintsRecovery\assets\tankwar\asset2,103,G4,G4,TankWar_P1|TankWar_P2|TankWar_P3|TankWar_P4|TankWar_P5,TankWar_P1|TankWar_P2|TankWar_P3|TankWar_P4|TankWar_P5,UNKNOWN,UNKNOWN,0.600,0.200,LOW,INTRA_BLOCK,RESOLVED_INTERNAL,TankWar_P1|TankWar_P2|TankWar_P3|TankWar_P4|TankWar_P5
D903,C:\Users\JBNU\git\ConstraintsRecovery\assets\tankwar\asset2:IF:8-332,C:\Users\JBNU\git\ConstraintsRecovery\assets\tankwar\asset2:IF:8-332,E225,E208,,FIELD_REFERENCE,C:\Users\JBNU\git\ConstraintsRecovery\assets\tankwar\asset2,103,G4,G4,TankWar_P1|TankWar_P2|TankWar_P3|TankWar_P4|TankWar_P5,TankWar_P1|TankWar_P2|TankWar_P3|TankWar_P4|TankWar_P5,UNKNOWN,UNKNOWN,0.600,0.200,LOW,INTRA_BLOCK,RESOLVED_INTERNAL,TankWar_P1|TankWar_P2|TankWar_P3|TankWar_P4|TankWar_P5
D904,C:\Users\JBNU\git\ConstraintsRecovery\assets\tankwar\asset2:IF:8-332,C:\Users\JBNU\git\ConstraintsRecovery\assets\tankwar\asset2:IF:8-332,E225,E211,,FIELD_REFERENCE,C:\Users\JBNU\git\ConstraintsRecovery\assets\tankwar\asset2,103,G4,G4,TankWar_P1|TankWar_P2|TankWar_P3|TankWar_P4|TankWar_P5,TankWar_P1|TankWar_P2|TankWar_P3|TankWar_P4|TankWar_P5,UNKNOWN,UNKNOWN,0.600,0.200,LOW,INTRA_BLOCK,RESOLVED_INTERNAL,TankWar_P1|TankWar_P2|TankWar_P3|TankWar_P4|TankWar_P5
D905,C:\Users\JBNU\git\ConstraintsRecovery\assets\tankwar\asset2:IF:8-332,C:\Users\JBNU\git\ConstraintsRecovery\assets\tankwar\asset15:IF:8-281,E225,E123,,METHOD_CALL,C:\Users\JBNU\git\ConstraintsRecovery\assets\tankwar\asset2,103,G4,G4,TankWar_P1|TankWar_P2|TankWar_P3|TankWar_P4|TankWar_P5,TankWar_P1|TankWar_P2|TankWar_P3|TankWar_P4|TankWar_P5,UNKNOWN,UNKNOWN,0.750,0.200,LOW,NONE,RESOLVED_INTERNAL,TankWar_P1|TankWar_P2|TankWar_P3|TankWar_P4|TankWar_P5
D906,C:\Users\JBNU\git\ConstraintsRecovery\assets\tankwar\asset2:IF:8-332,C:\Users\JBNU\git\ConstraintsRecovery\assets\tankwar\asset2:IF:8-332,E226,E208,,FIELD_REFERENCE,C:\Users\JBNU\git\ConstraintsRecovery\assets\tankwar\asset2,106,G4,G4,TankWar_P1|TankWar_P2|TankWar_P3|TankWar_P4|TankWar_P5,TankWar_P1|TankWar_P2|TankWar_P3|TankWar_P4|TankWar_P5,UNKNOWN,UNKNOWN,0.600,0.200,LOW,INTRA_BLOCK,RESOLVED_INTERNAL,TankWar_P1|TankWar_P2|TankWar_P3|TankWar_P4|TankWar_P5
D907,C:\Users\JBNU\git\ConstraintsRecovery\assets\tankwar\asset2:IF:8-332,C:\Users\JBNU\git\ConstraintsRecovery\assets\tankwar\asset2:IF:8-332,E226,E227,,METHOD_CALL,C:\Users\JBNU\git\ConstraintsRecovery\assets\tankwar\asset2,107,G4,G4,TankWar_P1|TankWar_P2|TankWar_P3|TankWar_P4|TankWar_P5,TankWar_P1|TankWar_P2|TankWar_P3|TankWar_P4|TankWar_P5,UNKNOWN,UNKNOWN,0.750,0.200,LOW,INTRA_BLOCK,RESOLVED_INTERNAL,TankWar_P1|TankWar_P2|TankWar_P3|TankWar_P4|TankWar_P5
D908,C:\Users\JBNU\git\ConstraintsRecovery\assets\tankwar\asset2:IF:8-332,C:\Users\JBNU\git\ConstraintsRecovery\assets\tankwar\asset2:IF:8-332,E226,E206,,FIELD_REFERENCE,C:\Users\JBNU\git\ConstraintsRecovery\assets\tankwar\asset2,109,G4,G4,TankWar_P1|TankWar_P2|TankWar_P3|TankWar_P4|TankWar_P5,TankWar_P1|TankWar_P2|TankWar_P3|TankWar_P4|TankWar_P5,UNKNOWN,UNKNOWN,0.600,0.200,LOW,INTRA_BLOCK,RESOLVED_INTERNAL,TankWar_P1|TankWar_P2|TankWar_P3|TankWar_P4|TankWar_P5
D909,C:\Users\JBNU\git\ConstraintsRecovery\assets\tankwar\asset2:IF:8-332,C:\Users\JBNU\git\ConstraintsRecovery\assets\tankwar\asset2:IF:8-332,E226,E208,,FIELD_REFERENCE,C:\Users\JBNU\git\ConstraintsRecovery\assets\tankwar\asset2,109,G4,G4,TankWar_P1|TankWar_P2|TankWar_P3|TankWar_P4|TankWar_P5,TankWar_P1|TankWar_P2|TankWar_P3|TankWar_P4|TankWar_P5,UNKNOWN,UNKNOWN,0.600,0.200,LOW,INTRA_BLOCK,RESOLVED_INTERNAL,TankWar_P1|TankWar_P2|TankWar_P3|TankWar_P4|TankWar_P5
D910,C:\Users\JBNU\git\ConstraintsRecovery\assets\tankwar\asset2:IF:8-332,C:\Users\JBNU\git\ConstraintsRecovery\assets\tankwar\asset15:IF:8-281,E226,E132,,METHOD_CALL,C:\Users\JBNU\git\ConstraintsRecovery\assets\tankwar\asset2,109,G4,G4,TankWar_P1|TankWar_P2|TankWar_P3|TankWar_P4|TankWar_P5,TankWar_P1|TankWar_P2|TankWar_P3|TankWar_P4|TankWar_P5,UNKNOWN,UNKNOWN,0.750,0.200,LOW,NONE,RESOLVED_INTERNAL,TankWar_P1|TankWar_P2|TankWar_P3|TankWar_P4|TankWar_P5
D911,C:\Users\JBNU\git\ConstraintsRecovery\assets\tankwar\asset2:IF:8-332,C:\Users\JBNU\git\ConstraintsRecovery\assets\tankwar\asset15:IF:8-281,E227,E120,,CONSTRUCTOR_CALL,C:\Users\JBNU\git\ConstraintsRecovery\assets\tankwar\asset2,112,G4,G4,TankWar_P1|TankWar_P2|TankWar_P3|TankWar_P4|TankWar_P5,TankWar_P1|TankWar_P2|TankWar_P3|TankWar_P4|TankWar_P5,UNKNOWN,UNKNOWN,0.750,0.200,LOW,NONE,RESOLVED_INTERNAL,TankWar_P1|TankWar_P2|TankWar_P3|TankWar_P4|TankWar_P5
D912,C:\Users\JBNU\git\ConstraintsRecovery\assets\tankwar\asset2:IF:8-332,C:\Users\JBNU\git\ConstraintsRecovery\assets\tankwar\asset2:IF:8-332,E227,E208,,FIELD_REFERENCE,C:\Users\JBNU\git\ConstraintsRecovery\assets\tankwar\asset2,112,G4,G4,TankWar_P1|TankWar_P2|TankWar_P3|TankWar_P4|TankWar_P5,TankWar_P1|TankWar_P2|TankWar_P3|TankWar_P4|TankWar_P5,UNKNOWN,UNKNOWN,0.600,0.200,LOW,INTRA_BLOCK,RESOLVED_INTERNAL,TankWar_P1|TankWar_P2|TankWar_P3|TankWar_P4|TankWar_P5
D913,C:\Users\JBNU\git\ConstraintsRecovery\assets\tankwar\asset2:IF:8-332,C:\Users\JBNU\git\ConstraintsRecovery\assets\tankwar\asset2:IF:8-332,E227,E208,,FIELD_REFERENCE,C:\Users\JBNU\git\ConstraintsRecovery\assets\tankwar\asset2,113,G4,G4,TankWar_P1|TankWar_P2|TankWar_P3|TankWar_P4|TankWar_P5,TankWar_P1|TankWar_P2|TankWar_P3|TankWar_P4|TankWar_P5,UNKNOWN,UNKNOWN,0.600,0.200,LOW,INTRA_BLOCK,RESOLVED_INTERNAL,TankWar_P1|TankWar_P2|TankWar_P3|TankWar_P4|TankWar_P5
D914,C:\Users\JBNU\git\ConstraintsRecovery\assets\tankwar\asset2:IF:8-332,C:\Users\JBNU\git\ConstraintsRecovery\assets\tankwar\asset2:IF:8-332,E227,E228,,METHOD_CALL,C:\Users\JBNU\git\ConstraintsRecovery\assets\tankwar\asset2,113,G4,G4,TankWar_P1|TankWar_P2|TankWar_P3|TankWar_P4|TankWar_P5,TankWar_P1|TankWar_P2|TankWar_P3|TankWar_P4|TankWar_P5,UNKNOWN,UNKNOWN,0.750,0.200,LOW,INTRA_BLOCK,RESOLVED_INTERNAL,TankWar_P1|TankWar_P2|TankWar_P3|TankWar_P4|TankWar_P5
D915,C:\Users\JBNU\git\ConstraintsRecovery\assets\tankwar\asset2:IF:8-332,C:\Users\JBNU\git\ConstraintsRecovery\assets\tankwar\asset2:IF:8-332,E227,E208,,FIELD_REFERENCE,C:\Users\JBNU\git\ConstraintsRecovery\assets\tankwar\asset2,114,G4,G4,TankWar_P1|TankWar_P2|TankWar_P3|TankWar_P4|TankWar_P5,TankWar_P1|TankWar_P2|TankWar_P3|TankWar_P4|TankWar_P5,UNKNOWN,UNKNOWN,0.600,0.200,LOW,INTRA_BLOCK,RESOLVED_INTERNAL,TankWar_P1|TankWar_P2|TankWar_P3|TankWar_P4|TankWar_P5
D916,C:\Users\JBNU\git\ConstraintsRecovery\assets\tankwar\asset2:IF:8-332,C:\Users\JBNU\git\ConstraintsRecovery\assets\tankwar\asset15:IF:8-281,E227,E125,,METHOD_CALL,C:\Users\JBNU\git\ConstraintsRecovery\assets\tankwar\asset2,114,G4,G4,TankWar_P1|TankWar_P2|TankWar_P3|TankWar_P4|TankWar_P5,TankWar_P1|TankWar_P2|TankWar_P3|TankWar_P4|TankWar_P5,UNKNOWN,UNKNOWN,0.750,0.200,LOW,NONE,RESOLVED_INTERNAL,TankWar_P1|TankWar_P2|TankWar_P3|TankWar_P4|TankWar_P5
D917,C:\Users\JBNU\git\ConstraintsRecovery\assets\tankwar\asset2:IF:8-332,C:\Users\JBNU\git\ConstraintsRecovery\assets\tankwar\asset2:IF:8-332,E227,E204,,FIELD_REFERENCE,C:\Users\JBNU\git\ConstraintsRecovery\assets\tankwar\asset2,115,G4,G4,TankWar_P1|TankWar_P2|TankWar_P3|TankWar_P4|TankWar_P5,TankWar_P1|TankWar_P2|TankWar_P3|TankWar_P4|TankWar_P5,UNKNOWN,UNKNOWN,0.600,0.200,LOW,INTRA_BLOCK,RESOLVED_INTERNAL,TankWar_P1|TankWar_P2|TankWar_P3|TankWar_P4|TankWar_P5
D918,C:\Users\JBNU\git\ConstraintsRecovery\assets\tankwar\asset2:IF:8-332,C:\Users\JBNU\git\ConstraintsRecovery\assets\tankwar\asset2:IF:8-332,E227,E205,,FIELD_REFERENCE,C:\Users\JBNU\git\ConstraintsRecovery\assets\tankwar\asset2,115,G4,G4,TankWar_P1|TankWar_P2|TankWar_P3|TankWar_P4|TankWar_P5,TankWar_P1|TankWar_P2|TankWar_P3|TankWar_P4|TankWar_P5,UNKNOWN,UNKNOWN,0.600,0.200,LOW,INTRA_BLOCK,RESOLVED_INTERNAL,TankWar_P1|TankWar_P2|TankWar_P3|TankWar_P4|TankWar_P5
D919,C:\Users\JBNU\git\ConstraintsRecovery\assets\tankwar\asset2:IF:8-332,C:\Users\JBNU\git\ConstraintsRecovery\assets\tankwar\asset2:IF:8-332,E227,E208,,FIELD_REFERENCE,C:\Users\JBNU\git\ConstraintsRecovery\assets\tankwar\asset2,115,G4,G4,TankWar_P1|TankWar_P2|TankWar_P3|TankWar_P4|TankWar_P5,TankWar_P1|TankWar_P2|TankWar_P3|TankWar_P4|TankWar_P5,UNKNOWN,UNKNOWN,0.600,0.200,LOW,INTRA_BLOCK,RESOLVED_INTERNAL,TankWar_P1|TankWar_P2|TankWar_P3|TankWar_P4|TankWar_P5
D920,C:\Users\JBNU\git\ConstraintsRecovery\assets\tankwar\asset2:IF:8-332,C:\Users\JBNU\git\ConstraintsRecovery\assets\tankwar\asset2:IF:8-332,E227,E211,,FIELD_REFERENCE,C:\Users\JBNU\git\ConstraintsRecovery\assets\tankwar\asset2,115,G4,G4,TankWar_P1|TankWar_P2|TankWar_P3|TankWar_P4|TankWar_P5,TankWar_P1|TankWar_P2|TankWar_P3|TankWar_P4|TankWar_P5,UNKNOWN,UNKNOWN,0.600,0.200,LOW,INTRA_BLOCK,RESOLVED_INTERNAL,TankWar_P1|TankWar_P2|TankWar_P3|TankWar_P4|TankWar_P5
D921,C:\Users\JBNU\git\ConstraintsRecovery\assets\tankwar\asset2:IF:8-332,C:\Users\JBNU\git\ConstraintsRecovery\assets\tankwar\asset15:IF:8-281,E227,E123,,METHOD_CALL,C:\Users\JBNU\git\ConstraintsRecovery\assets\tankwar\asset2,115,G4,G4,TankWar_P1|TankWar_P2|TankWar_P3|TankWar_P4|TankWar_P5,TankWar_P1|TankWar_P2|TankWar_P3|TankWar_P4|TankWar_P5,UNKNOWN,UNKNOWN,0.750,0.200,LOW,NONE,RESOLVED_INTERNAL,TankWar_P1|TankWar_P2|TankWar_P3|TankWar_P4|TankWar_P5
D922,C:\Users\JBNU\git\ConstraintsRecovery\assets\tankwar\asset2:IF:8-332,C:\Users\JBNU\git\ConstraintsRecovery\assets\tankwar\asset2:IF:8-332,E228,E215,,FIELD_REFERENCE,C:\Users\JBNU\git\ConstraintsRecovery\assets\tankwar\asset2,118,G4,G4,TankWar_P1|TankWar_P2|TankWar_P3|TankWar_P4|TankWar_P5,TankWar_P1|TankWar_P2|TankWar_P3|TankWar_P4|TankWar_P5,UNKNOWN,UNKNOWN,0.600,0.200,LOW,INTRA_BLOCK,RESOLVED_INTERNAL,TankWar_P1|TankWar_P2|TankWar_P3|TankWar_P4|TankWar_P5
D923,C:\Users\JBNU\git\ConstraintsRecovery\assets\tankwar\asset2:IF:8-332,C:\Users\JBNU\git\ConstraintsRecovery\assets\tankwar\asset2:IF:8-332,E229,E208,,FIELD_REFERENCE,C:\Users\JBNU\git\ConstraintsRecovery\assets\tankwar\asset2,125,G4,G4,TankWar_P1|TankWar_P2|TankWar_P3|TankWar_P4|TankWar_P5,TankWar_P1|TankWar_P2|TankWar_P3|TankWar_P4|TankWar_P5,UNKNOWN,UNKNOWN,0.600,0.200,LOW,INTRA_BLOCK,RESOLVED_INTERNAL,TankWar_P1|TankWar_P2|TankWar_P3|TankWar_P4|TankWar_P5
D924,C:\Users\JBNU\git\ConstraintsRecovery\assets\tankwar\asset2:IF:8-332,C:\Users\JBNU\git\ConstraintsRecovery\assets\tankwar\asset2:IF:8-332,E229,E213,,FIELD_REFERENCE,C:\Users\JBNU\git\ConstraintsRecovery\assets\tankwar\asset2,126,G4,G4,TankWar_P1|TankWar_P2|TankWar_P3|TankWar_P4|TankWar_P5,TankWar_P1|TankWar_P2|TankWar_P3|TankWar_P4|TankWar_P5,UNKNOWN,UNKNOWN,0.600,0.200,LOW,INTRA_BLOCK,RESOLVED_INTERNAL,TankWar_P1|TankWar_P2|TankWar_P3|TankWar_P4|TankWar_P5
D925,C:\Users\JBNU\git\ConstraintsRecovery\assets\tankwar\asset2:IF:8-332,C:\Users\JBNU\git\ConstraintsRecovery\assets\tankwar\asset2:IF:8-332,E229,E209,,FIELD_REFERENCE,C:\Users\JBNU\git\ConstraintsRecovery\assets\tankwar\asset2,127,G4,G4,TankWar_P1|TankWar_P2|TankWar_P3|TankWar_P4|TankWar_P5,TankWar_P1|TankWar_P2|TankWar_P3|TankWar_P4|TankWar_P5,UNKNOWN,UNKNOWN,0.600,0.200,LOW,INTRA_BLOCK,RESOLVED_INTERNAL,TankWar_P1|TankWar_P2|TankWar_P3|TankWar_P4|TankWar_P5
D926,C:\Users\JBNU\git\ConstraintsRecovery\assets\tankwar\asset2:IF:8-332,C:\Users\JBNU\git\ConstraintsRecovery\assets\tankwar\asset2:IF:8-332,E229,E210,,FIELD_REFERENCE,C:\Users\JBNU\git\ConstraintsRecovery\assets\tankwar\asset2,127,G4,G4,TankWar_P1|TankWar_P2|TankWar_P3|TankWar_P4|TankWar_P5,TankWar_P1|TankWar_P2|TankWar_P3|TankWar_P4|TankWar_P5,UNKNOWN,DOMAIN_SUPPORT,0.600,0.200,LOW,INTRA_BLOCK,RESOLVED_INTERNAL,TankWar_P1|TankWar_P2|TankWar_P3|TankWar_P4|TankWar_P5
D927,C:\Users\JBNU\git\ConstraintsRecovery\assets\tankwar\asset2:IF:8-332,C:\Users\JBNU\git\ConstraintsRecovery\assets\tankwar\asset2:IF:8-332,E229,E204,,FIELD_REFERENCE,C:\Users\JBNU\git\ConstraintsRecovery\assets\tankwar\asset2,128,G4,G4,TankWar_P1|TankWar_P2|TankWar_P3|TankWar_P4|TankWar_P5,TankWar_P1|TankWar_P2|TankWar_P3|TankWar_P4|TankWar_P5,UNKNOWN,UNKNOWN,0.600,0.200,LOW,INTRA_BLOCK,RESOLVED_INTERNAL,TankWar_P1|TankWar_P2|TankWar_P3|TankWar_P4|TankWar_P5
D928,C:\Users\JBNU\git\ConstraintsRecovery\assets\tankwar\asset2:IF:8-332,C:\Users\JBNU\git\ConstraintsRecovery\assets\tankwar\asset2:IF:8-332,E229,E205,,FIELD_REFERENCE,C:\Users\JBNU\git\ConstraintsRecovery\assets\tankwar\asset2,128,G4,G4,TankWar_P1|TankWar_P2|TankWar_P3|TankWar_P4|TankWar_P5,TankWar_P1|TankWar_P2|TankWar_P3|TankWar_P4|TankWar_P5,UNKNOWN,UNKNOWN,0.600,0.200,LOW,INTRA_BLOCK,RESOLVED_INTERNAL,TankWar_P1|TankWar_P2|TankWar_P3|TankWar_P4|TankWar_P5
D929,C:\Users\JBNU\git\ConstraintsRecovery\assets\tankwar\asset2:IF:8-332,C:\Users\JBNU\git\ConstraintsRecovery\assets\tankwar\asset2:IF:8-332,E229,E211,,FIELD_REFERENCE,C:\Users\JBNU\git\ConstraintsRecovery\assets\tankwar\asset2,128,G4,G4,TankWar_P1|TankWar_P2|TankWar_P3|TankWar_P4|TankWar_P5,TankWar_P1|TankWar_P2|TankWar_P3|TankWar_P4|TankWar_P5,UNKNOWN,UNKNOWN,0.600,0.200,LOW,INTRA_BLOCK,RESOLVED_INTERNAL,TankWar_P1|TankWar_P2|TankWar_P3|TankWar_P4|TankWar_P5
D930,C:\Users\JBNU\git\ConstraintsRecovery\assets\tankwar\asset2:IF:8-332,C:\Users\JBNU\git\ConstraintsRecovery\assets\tankwar\asset2:IF:8-332,E229,E209,,FIELD_REFERENCE,C:\Users\JBNU\git\ConstraintsRecovery\assets\tankwar\asset2,129,G4,G4,TankWar_P1|TankWar_P2|TankWar_P3|TankWar_P4|TankWar_P5,TankWar_P1|TankWar_P2|TankWar_P3|TankWar_P4|TankWar_P5,UNKNOWN,UNKNOWN,0.600,0.200,LOW,INTRA_BLOCK,RESOLVED_INTERNAL,TankWar_P1|TankWar_P2|TankWar_P3|TankWar_P4|TankWar_P5
D931,C:\Users\JBNU\git\ConstraintsRecovery\assets\tankwar\asset2:IF:8-332,C:\Users\JBNU\git\ConstraintsRecovery\assets\tankwar\asset15:IF:8-281,E229,E120,,CONSTRUCTOR_CALL,C:\Users\JBNU\git\ConstraintsRecovery\assets\tankwar\asset2,130,G4,G4,TankWar_P1|TankWar_P2|TankWar_P3|TankWar_P4|TankWar_P5,TankWar_P1|TankWar_P2|TankWar_P3|TankWar_P4|TankWar_P5,UNKNOWN,UNKNOWN,0.750,0.200,LOW,NONE,RESOLVED_INTERNAL,TankWar_P1|TankWar_P2|TankWar_P3|TankWar_P4|TankWar_P5
D932,C:\Users\JBNU\git\ConstraintsRecovery\assets\tankwar\asset2:IF:8-332,C:\Users\JBNU\git\ConstraintsRecovery\assets\tankwar\asset2:IF:8-332,E229,E208,,FIELD_REFERENCE,C:\Users\JBNU\git\ConstraintsRecovery\assets\tankwar\asset2,130,G4,G4,TankWar_P1|TankWar_P2|TankWar_P3|TankWar_P4|TankWar_P5,TankWar_P1|TankWar_P2|TankWar_P3|TankWar_P4|TankWar_P5,UNKNOWN,UNKNOWN,0.600,0.200,LOW,INTRA_BLOCK,RESOLVED_INTERNAL,TankWar_P1|TankWar_P2|TankWar_P3|TankWar_P4|TankWar_P5
D933,C:\Users\JBNU\git\ConstraintsRecovery\assets\tankwar\asset2:IF:8-332,C:\Users\JBNU\git\ConstraintsRecovery\assets\tankwar\asset2:IF:8-332,E229,E204,,FIELD_REFERENCE,C:\Users\JBNU\git\ConstraintsRecovery\assets\tankwar\asset2,131,G4,G4,TankWar_P1|TankWar_P2|TankWar_P3|TankWar_P4|TankWar_P5,TankWar_P1|TankWar_P2|TankWar_P3|TankWar_P4|TankWar_P5,UNKNOWN,UNKNOWN,0.600,0.200,LOW,INTRA_BLOCK,RESOLVED_INTERNAL,TankWar_P1|TankWar_P2|TankWar_P3|TankWar_P4|TankWar_P5
D934,C:\Users\JBNU\git\ConstraintsRecovery\assets\tankwar\asset2:IF:8-332,C:\Users\JBNU\git\ConstraintsRecovery\assets\tankwar\asset2:IF:8-332,E229,E205,,FIELD_REFERENCE,C:\Users\JBNU\git\ConstraintsRecovery\assets\tankwar\asset2,131,G4,G4,TankWar_P1|TankWar_P2|TankWar_P3|TankWar_P4|TankWar_P5,TankWar_P1|TankWar_P2|TankWar_P3|TankWar_P4|TankWar_P5,UNKNOWN,UNKNOWN,0.600,0.200,LOW,INTRA_BLOCK,RESOLVED_INTERNAL,TankWar_P1|TankWar_P2|TankWar_P3|TankWar_P4|TankWar_P5
D935,C:\Users\JBNU\git\ConstraintsRecovery\assets\tankwar\asset2:IF:8-332,C:\Users\JBNU\git\ConstraintsRecovery\assets\tankwar\asset2:IF:8-332,E229,E208,,FIELD_REFERENCE,C:\Users\JBNU\git\ConstraintsRecovery\assets\tankwar\asset2,131,G4,G4,TankWar_P1|TankWar_P2|TankWar_P3|TankWar_P4|TankWar_P5,TankWar_P1|TankWar_P2|TankWar_P3|TankWar_P4|TankWar_P5,UNKNOWN,UNKNOWN,0.600,0.200,LOW,INTRA_BLOCK,RESOLVED_INTERNAL,TankWar_P1|TankWar_P2|TankWar_P3|TankWar_P4|TankWar_P5
D936,C:\Users\JBNU\git\ConstraintsRecovery\assets\tankwar\asset2:IF:8-332,C:\Users\JBNU\git\ConstraintsRecovery\assets\tankwar\asset2:IF:8-332,E229,E211,,FIELD_REFERENCE,C:\Users\JBNU\git\ConstraintsRecovery\assets\tankwar\asset2,131,G4,G4,TankWar_P1|TankWar_P2|TankWar_P3|TankWar_P4|TankWar_P5,TankWar_P1|TankWar_P2|TankWar_P3|TankWar_P4|TankWar_P5,UNKNOWN,UNKNOWN,0.600,0.200,LOW,INTRA_BLOCK,RESOLVED_INTERNAL,TankWar_P1|TankWar_P2|TankWar_P3|TankWar_P4|TankWar_P5
D937,C:\Users\JBNU\git\ConstraintsRecovery\assets\tankwar\asset2:IF:8-332,C:\Users\JBNU\git\ConstraintsRecovery\assets\tankwar\asset15:IF:8-281,E229,E123,,METHOD_CALL,C:\Users\JBNU\git\ConstraintsRecovery\assets\tankwar\asset2,131,G4,G4,TankWar_P1|TankWar_P2|TankWar_P3|TankWar_P4|TankWar_P5,TankWar_P1|TankWar_P2|TankWar_P3|TankWar_P4|TankWar_P5,UNKNOWN,UNKNOWN,0.750,0.200,LOW,NONE,RESOLVED_INTERNAL,TankWar_P1|TankWar_P2|TankWar_P3|TankWar_P4|TankWar_P5
D938,C:\Users\JBNU\git\ConstraintsRecovery\assets\tankwar\asset2:IF:8-332,C:\Users\JBNU\git\ConstraintsRecovery\assets\tankwar\asset2:IF:8-332,E229,E208,,FIELD_REFERENCE,C:\Users\JBNU\git\ConstraintsRecovery\assets\tankwar\asset2,132,G4,G4,TankWar_P1|TankWar_P2|TankWar_P3|TankWar_P4|TankWar_P5,TankWar_P1|TankWar_P2|TankWar_P3|TankWar_P4|TankWar_P5,UNKNOWN,UNKNOWN,0.600,0.200,LOW,INTRA_BLOCK,RESOLVED_INTERNAL,TankWar_P1|TankWar_P2|TankWar_P3|TankWar_P4|TankWar_P5
D939,C:\Users\JBNU\git\ConstraintsRecovery\assets\tankwar\asset2:IF:8-332,C:\Users\JBNU\git\ConstraintsRecovery\assets\tankwar\asset15:IF:8-281,E229,E124,,METHOD_CALL,C:\Users\JBNU\git\ConstraintsRecovery\assets\tankwar\asset2,132,G4,G4,TankWar_P1|TankWar_P2|TankWar_P3|TankWar_P4|TankWar_P5,TankWar_P1|TankWar_P2|TankWar_P3|TankWar_P4|TankWar_P5,UNKNOWN,UNKNOWN,0.750,0.200,LOW,NONE,RESOLVED_INTERNAL,TankWar_P1|TankWar_P2|TankWar_P3|TankWar_P4|TankWar_P5
D940,C:\Users\JBNU\git\ConstraintsRecovery\assets\tankwar\asset2:IF:8-332,C:\Users\JBNU\git\ConstraintsRecovery\assets\tankwar\asset2:IF:8-332,E229,E208,,FIELD_REFERENCE,C:\Users\JBNU\git\ConstraintsRecovery\assets\tankwar\asset2,133,G4,G4,TankWar_P1|TankWar_P2|TankWar_P3|TankWar_P4|TankWar_P5,TankWar_P1|TankWar_P2|TankWar_P3|TankWar_P4|TankWar_P5,UNKNOWN,UNKNOWN,0.600,0.200,LOW,INTRA_BLOCK,RESOLVED_INTERNAL,TankWar_P1|TankWar_P2|TankWar_P3|TankWar_P4|TankWar_P5
D941,C:\Users\JBNU\git\ConstraintsRecovery\assets\tankwar\asset2:IF:8-332,C:\Users\JBNU\git\ConstraintsRecovery\assets\tankwar\asset2:IF:8-332,E229,E208,,FIELD_REFERENCE,C:\Users\JBNU\git\ConstraintsRecovery\assets\tankwar\asset2,134,G4,G4,TankWar_P1|TankWar_P2|TankWar_P3|TankWar_P4|TankWar_P5,TankWar_P1|TankWar_P2|TankWar_P3|TankWar_P4|TankWar_P5,UNKNOWN,UNKNOWN,0.600,0.200,LOW,INTRA_BLOCK,RESOLVED_INTERNAL,TankWar_P1|TankWar_P2|TankWar_P3|TankWar_P4|TankWar_P5
D942,C:\Users\JBNU\git\ConstraintsRecovery\assets\tankwar\asset2:IF:8-332,C:\Users\JBNU\git\ConstraintsRecovery\assets\tankwar\asset2:IF:8-332,E229,E208,,FIELD_REFERENCE,C:\Users\JBNU\git\ConstraintsRecovery\assets\tankwar\asset2,135,G4,G4,TankWar_P1|TankWar_P2|TankWar_P3|TankWar_P4|TankWar_P5,TankWar_P1|TankWar_P2|TankWar_P3|TankWar_P4|TankWar_P5,UNKNOWN,UNKNOWN,0.600,0.200,LOW,INTRA_BLOCK,RESOLVED_INTERNAL,TankWar_P1|TankWar_P2|TankWar_P3|TankWar_P4|TankWar_P5
D943,C:\Users\JBNU\git\ConstraintsRecovery\assets\tankwar\asset2:IF:8-332,C:\Users\JBNU\git\ConstraintsRecovery\assets\tankwar\asset15:IF:8-281,E229,E126,,METHOD_CALL,C:\Users\JBNU\git\ConstraintsRecovery\assets\tankwar\asset2,135,G4,G4,TankWar_P1|TankWar_P2|TankWar_P3|TankWar_P4|TankWar_P5,TankWar_P1|TankWar_P2|TankWar_P3|TankWar_P4|TankWar_P5,UNKNOWN,UNKNOWN,0.750,0.200,LOW,NONE,RESOLVED_INTERNAL,TankWar_P1|TankWar_P2|TankWar_P3|TankWar_P4|TankWar_P5
D944,C:\Users\JBNU\git\ConstraintsRecovery\assets\tankwar\asset2:IF:8-332,C:\Users\JBNU\git\ConstraintsRecovery\assets\tankwar\asset2:IF:8-332,E229,E208,,FIELD_REFERENCE,C:\Users\JBNU\git\ConstraintsRecovery\assets\tankwar\asset2,136,G4,G4,TankWar_P1|TankWar_P2|TankWar_P3|TankWar_P4|TankWar_P5,TankWar_P1|TankWar_P2|TankWar_P3|TankWar_P4|TankWar_P5,UNKNOWN,UNKNOWN,0.600,0.200,LOW,INTRA_BLOCK,RESOLVED_INTERNAL,TankWar_P1|TankWar_P2|TankWar_P3|TankWar_P4|TankWar_P5
D945,C:\Users\JBNU\git\ConstraintsRecovery\assets\tankwar\asset2:IF:8-332,C:\Users\JBNU\git\ConstraintsRecovery\assets\tankwar\asset15:IF:8-281,E229,E127,,METHOD_CALL,C:\Users\JBNU\git\ConstraintsRecovery\assets\tankwar\asset2,136,G4,G4,TankWar_P1|TankWar_P2|TankWar_P3|TankWar_P4|TankWar_P5,TankWar_P1|TankWar_P2|TankWar_P3|TankWar_P4|TankWar_P5,UNKNOWN,UNKNOWN,0.750,0.200,LOW,NONE,RESOLVED_INTERNAL,TankWar_P1|TankWar_P2|TankWar_P3|TankWar_P4|TankWar_P5
D946,C:\Users\JBNU\git\ConstraintsRecovery\assets\tankwar\asset2:IF:8-332,C:\Users\JBNU\git\ConstraintsRecovery\assets\tankwar\asset2:IF:8-332,E229,E208,,FIELD_REFERENCE,C:\Users\JBNU\git\ConstraintsRecovery\assets\tankwar\asset2,137,G4,G4,TankWar_P1|TankWar_P2|TankWar_P3|TankWar_P4|TankWar_P5,TankWar_P1|TankWar_P2|TankWar_P3|TankWar_P4|TankWar_P5,UNKNOWN,UNKNOWN,0.600,0.200,LOW,INTRA_BLOCK,RESOLVED_INTERNAL,TankWar_P1|TankWar_P2|TankWar_P3|TankWar_P4|TankWar_P5
D947,C:\Users\JBNU\git\ConstraintsRecovery\assets\tankwar\asset2:IF:8-332,C:\Users\JBNU\git\ConstraintsRecovery\assets\tankwar\asset15:IF:8-281,E229,E125,,METHOD_CALL,C:\Users\JBNU\git\ConstraintsRecovery\assets\tankwar\asset2,137,G4,G4,TankWar_P1|TankWar_P2|TankWar_P3|TankWar_P4|TankWar_P5,TankWar_P1|TankWar_P2|TankWar_P3|TankWar_P4|TankWar_P5,UNKNOWN,UNKNOWN,0.750,0.200,LOW,NONE,RESOLVED_INTERNAL,TankWar_P1|TankWar_P2|TankWar_P3|TankWar_P4|TankWar_P5
D948,C:\Users\JBNU\git\ConstraintsRecovery\assets\tankwar\asset2:IF:8-332,C:\Users\JBNU\git\ConstraintsRecovery\assets\tankwar\asset2:IF:8-332,E229,E208,,FIELD_REFERENCE,C:\Users\JBNU\git\ConstraintsRecovery\assets\tankwar\asset2,138,G4,G4,TankWar_P1|TankWar_P2|TankWar_P3|TankWar_P4|TankWar_P5,TankWar_P1|TankWar_P2|TankWar_P3|TankWar_P4|TankWar_P5,UNKNOWN,UNKNOWN,0.600,0.200,LOW,INTRA_BLOCK,RESOLVED_INTERNAL,TankWar_P1|TankWar_P2|TankWar_P3|TankWar_P4|TankWar_P5
D949,C:\Users\JBNU\git\ConstraintsRecovery\assets\tankwar\asset2:IF:8-332,C:\Users\JBNU\git\ConstraintsRecovery\assets\tankwar\asset15:IF:8-281,E229,E124,,METHOD_CALL,C:\Users\JBNU\git\ConstraintsRecovery\assets\tankwar\asset2,138,G4,G4,TankWar_P1|TankWar_P2|TankWar_P3|TankWar_P4|TankWar_P5,TankWar_P1|TankWar_P2|TankWar_P3|TankWar_P4|TankWar_P5,UNKNOWN,UNKNOWN,0.750,0.200,LOW,NONE,RESOLVED_INTERNAL,TankWar_P1|TankWar_P2|TankWar_P3|TankWar_P4|TankWar_P5
D950,C:\Users\JBNU\git\ConstraintsRecovery\assets\tankwar\asset2:IF:8-332,C:\Users\JBNU\git\ConstraintsRecovery\assets\tankwar\asset2:IF:8-332,E229,E206,,FIELD_REFERENCE,C:\Users\JBNU\git\ConstraintsRecovery\assets\tankwar\asset2,140,G4,G4,TankWar_P1|TankWar_P2|TankWar_P3|TankWar_P4|TankWar_P5,TankWar_P1|TankWar_P2|TankWar_P3|TankWar_P4|TankWar_P5,UNKNOWN,UNKNOWN,0.600,0.200,LOW,INTRA_BLOCK,RESOLVED_INTERNAL,TankWar_P1|TankWar_P2|TankWar_P3|TankWar_P4|TankWar_P5
D951,C:\Users\JBNU\git\ConstraintsRecovery\assets\tankwar\asset2:IF:8-332,C:\Users\JBNU\git\ConstraintsRecovery\assets\tankwar\asset2:IF:8-332,E229,E208,,FIELD_REFERENCE,C:\Users\JBNU\git\ConstraintsRecovery\assets\tankwar\asset2,140,G4,G4,TankWar_P1|TankWar_P2|TankWar_P3|TankWar_P4|TankWar_P5,TankWar_P1|TankWar_P2|TankWar_P3|TankWar_P4|TankWar_P5,UNKNOWN,UNKNOWN,0.600,0.200,LOW,INTRA_BLOCK,RESOLVED_INTERNAL,TankWar_P1|TankWar_P2|TankWar_P3|TankWar_P4|TankWar_P5
D952,C:\Users\JBNU\git\ConstraintsRecovery\assets\tankwar\asset2:IF:8-332,C:\Users\JBNU\git\ConstraintsRecovery\assets\tankwar\asset15:IF:8-281,E229,E132,,METHOD_CALL,C:\Users\JBNU\git\ConstraintsRecovery\assets\tankwar\asset2,140,G4,G4,TankWar_P1|TankWar_P2|TankWar_P3|TankWar_P4|TankWar_P5,TankWar_P1|TankWar_P2|TankWar_P3|TankWar_P4|TankWar_P5,UNKNOWN,UNKNOWN,0.750,0.200,LOW,NONE,RESOLVED_INTERNAL,TankWar_P1|TankWar_P2|TankWar_P3|TankWar_P4|TankWar_P5
D953,C:\Users\JBNU\git\ConstraintsRecovery\assets\tankwar\asset2:IF:8-332,C:\Users\JBNU\git\ConstraintsRecovery\assets\tankwar\asset2:IF:8-332,E229,E213,,FIELD_REFERENCE,C:\Users\JBNU\git\ConstraintsRecovery\assets\tankwar\asset2,141,G4,G4,TankWar_P1|TankWar_P2|TankWar_P3|TankWar_P4|TankWar_P5,TankWar_P1|TankWar_P2|TankWar_P3|TankWar_P4|TankWar_P5,UNKNOWN,UNKNOWN,0.600,0.200,LOW,INTRA_BLOCK,RESOLVED_INTERNAL,TankWar_P1|TankWar_P2|TankWar_P3|TankWar_P4|TankWar_P5
D954,C:\Users\JBNU\git\ConstraintsRecovery\assets\tankwar\asset2:IF:8-332,C:\Users\JBNU\git\ConstraintsRecovery\assets\tankwar\asset2:IF:8-332,E229,E233,,METHOD_CALL,C:\Users\JBNU\git\ConstraintsRecovery\assets\tankwar\asset2,142,G4,G4,TankWar_P1|TankWar_P2|TankWar_P3|TankWar_P4|TankWar_P5,TankWar_P1|TankWar_P2|TankWar_P3|TankWar_P4|TankWar_P5,UNKNOWN,UNKNOWN,0.750,0.200,LOW,INTRA_BLOCK,RESOLVED_INTERNAL,TankWar_P1|TankWar_P2|TankWar_P3|TankWar_P4|TankWar_P5
D955,C:\Users\JBNU\git\ConstraintsRecovery\assets\tankwar\asset2:IF:8-332,C:\Users\JBNU\git\ConstraintsRecovery\assets\tankwar\asset2:IF:8-332,E229,E208,,FIELD_REFERENCE,C:\Users\JBNU\git\ConstraintsRecovery\assets\tankwar\asset2,143,G4,G4,TankWar_P1|TankWar_P2|TankWar_P3|TankWar_P4|TankWar_P5,TankWar_P1|TankWar_P2|TankWar_P3|TankWar_P4|TankWar_P5,UNKNOWN,UNKNOWN,0.600,0.200,LOW,INTRA_BLOCK,RESOLVED_INTERNAL,TankWar_P1|TankWar_P2|TankWar_P3|TankWar_P4|TankWar_P5
D956,C:\Users\JBNU\git\ConstraintsRecovery\assets\tankwar\asset2:IF:8-332,C:\Users\JBNU\git\ConstraintsRecovery\assets\tankwar\asset2:IF:8-332,E230,E208,,FIELD_REFERENCE,C:\Users\JBNU\git\ConstraintsRecovery\assets\tankwar\asset2,147,G4,G4,TankWar_P1|TankWar_P2|TankWar_P3|TankWar_P4|TankWar_P5,TankWar_P1|TankWar_P2|TankWar_P3|TankWar_P4|TankWar_P5,UNKNOWN,UNKNOWN,0.600,0.200,LOW,INTRA_BLOCK,RESOLVED_INTERNAL,TankWar_P1|TankWar_P2|TankWar_P3|TankWar_P4|TankWar_P5
D957,C:\Users\JBNU\git\ConstraintsRecovery\assets\tankwar\asset2:IF:8-332,C:\Users\JBNU\git\ConstraintsRecovery\assets\tankwar\asset2:IF:8-332,E230,E213,,FIELD_REFERENCE,C:\Users\JBNU\git\ConstraintsRecovery\assets\tankwar\asset2,148,G4,G4,TankWar_P1|TankWar_P2|TankWar_P3|TankWar_P4|TankWar_P5,TankWar_P1|TankWar_P2|TankWar_P3|TankWar_P4|TankWar_P5,UNKNOWN,UNKNOWN,0.600,0.200,LOW,INTRA_BLOCK,RESOLVED_INTERNAL,TankWar_P1|TankWar_P2|TankWar_P3|TankWar_P4|TankWar_P5
D958,C:\Users\JBNU\git\ConstraintsRecovery\assets\tankwar\asset2:IF:8-332,C:\Users\JBNU\git\ConstraintsRecovery\assets\tankwar\asset15:IF:8-281,E230,E120,,CONSTRUCTOR_CALL,C:\Users\JBNU\git\ConstraintsRecovery\assets\tankwar\asset2,149,G4,G4,TankWar_P1|TankWar_P2|TankWar_P3|TankWar_P4|TankWar_P5,TankWar_P1|TankWar_P2|TankWar_P3|TankWar_P4|TankWar_P5,UNKNOWN,UNKNOWN,0.750,0.200,LOW,NONE,RESOLVED_INTERNAL,TankWar_P1|TankWar_P2|TankWar_P3|TankWar_P4|TankWar_P5
D959,C:\Users\JBNU\git\ConstraintsRecovery\assets\tankwar\asset2:IF:8-332,C:\Users\JBNU\git\ConstraintsRecovery\assets\tankwar\asset2:IF:8-332,E230,E208,,FIELD_REFERENCE,C:\Users\JBNU\git\ConstraintsRecovery\assets\tankwar\asset2,149,G4,G4,TankWar_P1|TankWar_P2|TankWar_P3|TankWar_P4|TankWar_P5,TankWar_P1|TankWar_P2|TankWar_P3|TankWar_P4|TankWar_P5,UNKNOWN,UNKNOWN,0.600,0.200,LOW,INTRA_BLOCK,RESOLVED_INTERNAL,TankWar_P1|TankWar_P2|TankWar_P3|TankWar_P4|TankWar_P5
D960,C:\Users\JBNU\git\ConstraintsRecovery\assets\tankwar\asset2:IF:8-332,C:\Users\JBNU\git\ConstraintsRecovery\assets\tankwar\asset2:IF:8-332,E230,E204,,FIELD_REFERENCE,C:\Users\JBNU\git\ConstraintsRecovery\assets\tankwar\asset2,150,G4,G4,TankWar_P1|TankWar_P2|TankWar_P3|TankWar_P4|TankWar_P5,TankWar_P1|TankWar_P2|TankWar_P3|TankWar_P4|TankWar_P5,UNKNOWN,UNKNOWN,0.600,0.200,LOW,INTRA_BLOCK,RESOLVED_INTERNAL,TankWar_P1|TankWar_P2|TankWar_P3|TankWar_P4|TankWar_P5
D961,C:\Users\JBNU\git\ConstraintsRecovery\assets\tankwar\asset2:IF:8-332,C:\Users\JBNU\git\ConstraintsRecovery\assets\tankwar\asset2:IF:8-332,E230,E205,,FIELD_REFERENCE,C:\Users\JBNU\git\ConstraintsRecovery\assets\tankwar\asset2,150,G4,G4,TankWar_P1|TankWar_P2|TankWar_P3|TankWar_P4|TankWar_P5,TankWar_P1|TankWar_P2|TankWar_P3|TankWar_P4|TankWar_P5,UNKNOWN,UNKNOWN,0.600,0.200,LOW,INTRA_BLOCK,RESOLVED_INTERNAL,TankWar_P1|TankWar_P2|TankWar_P3|TankWar_P4|TankWar_P5
D962,C:\Users\JBNU\git\ConstraintsRecovery\assets\tankwar\asset2:IF:8-332,C:\Users\JBNU\git\ConstraintsRecovery\assets\tankwar\asset2:IF:8-332,E230,E208,,FIELD_REFERENCE,C:\Users\JBNU\git\ConstraintsRecovery\assets\tankwar\asset2,150,G4,G4,TankWar_P1|TankWar_P2|TankWar_P3|TankWar_P4|TankWar_P5,TankWar_P1|TankWar_P2|TankWar_P3|TankWar_P4|TankWar_P5,UNKNOWN,UNKNOWN,0.600,0.200,LOW,INTRA_BLOCK,RESOLVED_INTERNAL,TankWar_P1|TankWar_P2|TankWar_P3|TankWar_P4|TankWar_P5
D963,C:\Users\JBNU\git\ConstraintsRecovery\assets\tankwar\asset2:IF:8-332,C:\Users\JBNU\git\ConstraintsRecovery\assets\tankwar\asset2:IF:8-332,E230,E211,,FIELD_REFERENCE,C:\Users\JBNU\git\ConstraintsRecovery\assets\tankwar\asset2,150,G4,G4,TankWar_P1|TankWar_P2|TankWar_P3|TankWar_P4|TankWar_P5,TankWar_P1|TankWar_P2|TankWar_P3|TankWar_P4|TankWar_P5,UNKNOWN,UNKNOWN,0.600,0.200,LOW,INTRA_BLOCK,RESOLVED_INTERNAL,TankWar_P1|TankWar_P2|TankWar_P3|TankWar_P4|TankWar_P5
D964,C:\Users\JBNU\git\ConstraintsRecovery\assets\tankwar\asset2:IF:8-332,C:\Users\JBNU\git\ConstraintsRecovery\assets\tankwar\asset15:IF:8-281,E230,E123,,METHOD_CALL,C:\Users\JBNU\git\ConstraintsRecovery\assets\tankwar\asset2,150,G4,G4,TankWar_P1|TankWar_P2|TankWar_P3|TankWar_P4|TankWar_P5,TankWar_P1|TankWar_P2|TankWar_P3|TankWar_P4|TankWar_P5,UNKNOWN,UNKNOWN,0.750,0.200,LOW,NONE,RESOLVED_INTERNAL,TankWar_P1|TankWar_P2|TankWar_P3|TankWar_P4|TankWar_P5
D965,C:\Users\JBNU\git\ConstraintsRecovery\assets\tankwar\asset2:IF:8-332,C:\Users\JBNU\git\ConstraintsRecovery\assets\tankwar\asset2:IF:8-332,E230,E208,,FIELD_REFERENCE,C:\Users\JBNU\git\ConstraintsRecovery\assets\tankwar\asset2,151,G4,G4,TankWar_P1|TankWar_P2|TankWar_P3|TankWar_P4|TankWar_P5,TankWar_P1|TankWar_P2|TankWar_P3|TankWar_P4|TankWar_P5,UNKNOWN,UNKNOWN,0.600,0.200,LOW,INTRA_BLOCK,RESOLVED_INTERNAL,TankWar_P1|TankWar_P2|TankWar_P3|TankWar_P4|TankWar_P5
D966,C:\Users\JBNU\git\ConstraintsRecovery\assets\tankwar\asset2:IF:8-332,C:\Users\JBNU\git\ConstraintsRecovery\assets\tankwar\asset15:IF:8-281,E230,E124,,METHOD_CALL,C:\Users\JBNU\git\ConstraintsRecovery\assets\tankwar\asset2,151,G4,G4,TankWar_P1|TankWar_P2|TankWar_P3|TankWar_P4|TankWar_P5,TankWar_P1|TankWar_P2|TankWar_P3|TankWar_P4|TankWar_P5,UNKNOWN,UNKNOWN,0.750,0.200,LOW,NONE,RESOLVED_INTERNAL,TankWar_P1|TankWar_P2|TankWar_P3|TankWar_P4|TankWar_P5
D967,C:\Users\JBNU\git\ConstraintsRecovery\assets\tankwar\asset2:IF:8-332,C:\Users\JBNU\git\ConstraintsRecovery\assets\tankwar\asset2:IF:8-332,E230,E208,,FIELD_REFERENCE,C:\Users\JBNU\git\ConstraintsRecovery\assets\tankwar\asset2,152,G4,G4,TankWar_P1|TankWar_P2|TankWar_P3|TankWar_P4|TankWar_P5,TankWar_P1|TankWar_P2|TankWar_P3|TankWar_P4|TankWar_P5,UNKNOWN,UNKNOWN,0.600,0.200,LOW,INTRA_BLOCK,RESOLVED_INTERNAL,TankWar_P1|TankWar_P2|TankWar_P3|TankWar_P4|TankWar_P5
D968,C:\Users\JBNU\git\ConstraintsRecovery\assets\tankwar\asset2:IF:8-332,C:\Users\JBNU\git\ConstraintsRecovery\assets\tankwar\asset2:IF:8-332,E230,E208,,FIELD_REFERENCE,C:\Users\JBNU\git\ConstraintsRecovery\assets\tankwar\asset2,153,G4,G4,TankWar_P1|TankWar_P2|TankWar_P3|TankWar_P4|TankWar_P5,TankWar_P1|TankWar_P2|TankWar_P3|TankWar_P4|TankWar_P5,UNKNOWN,UNKNOWN,0.600,0.200,LOW,INTRA_BLOCK,RESOLVED_INTERNAL,TankWar_P1|TankWar_P2|TankWar_P3|TankWar_P4|TankWar_P5
D969,C:\Users\JBNU\git\ConstraintsRecovery\assets\tankwar\asset2:IF:8-332,C:\Users\JBNU\git\ConstraintsRecovery\assets\tankwar\asset15:IF:8-281,E230,E127,,METHOD_CALL,C:\Users\JBNU\git\ConstraintsRecovery\assets\tankwar\asset2,153,G4,G4,TankWar_P1|TankWar_P2|TankWar_P3|TankWar_P4|TankWar_P5,TankWar_P1|TankWar_P2|TankWar_P3|TankWar_P4|TankWar_P5,UNKNOWN,UNKNOWN,0.750,0.200,LOW,NONE,RESOLVED_INTERNAL,TankWar_P1|TankWar_P2|TankWar_P3|TankWar_P4|TankWar_P5
D970,C:\Users\JBNU\git\ConstraintsRecovery\assets\tankwar\asset2:IF:8-332,C:\Users\JBNU\git\ConstraintsRecovery\assets\tankwar\asset2:IF:8-332,E230,E208,,FIELD_REFERENCE,C:\Users\JBNU\git\ConstraintsRecovery\assets\tankwar\asset2,154,G4,G4,TankWar_P1|TankWar_P2|TankWar_P3|TankWar_P4|TankWar_P5,TankWar_P1|TankWar_P2|TankWar_P3|TankWar_P4|TankWar_P5,UNKNOWN,UNKNOWN,0.600,0.200,LOW,INTRA_BLOCK,RESOLVED_INTERNAL,TankWar_P1|TankWar_P2|TankWar_P3|TankWar_P4|TankWar_P5
D971,C:\Users\JBNU\git\ConstraintsRecovery\assets\tankwar\asset2:IF:8-332,C:\Users\JBNU\git\ConstraintsRecovery\assets\tankwar\asset15:IF:8-281,E230,E125,,METHOD_CALL,C:\Users\JBNU\git\ConstraintsRecovery\assets\tankwar\asset2,154,G4,G4,TankWar_P1|TankWar_P2|TankWar_P3|TankWar_P4|TankWar_P5,TankWar_P1|TankWar_P2|TankWar_P3|TankWar_P4|TankWar_P5,UNKNOWN,UNKNOWN,0.750,0.200,LOW,NONE,RESOLVED_INTERNAL,TankWar_P1|TankWar_P2|TankWar_P3|TankWar_P4|TankWar_P5
D972,C:\Users\JBNU\git\ConstraintsRecovery\assets\tankwar\asset2:IF:8-332,C:\Users\JBNU\git\ConstraintsRecovery\assets\tankwar\asset2:IF:8-332,E230,E208,,FIELD_REFERENCE,C:\Users\JBNU\git\ConstraintsRecovery\assets\tankwar\asset2,155,G4,G4,TankWar_P1|TankWar_P2|TankWar_P3|TankWar_P4|TankWar_P5,TankWar_P1|TankWar_P2|TankWar_P3|TankWar_P4|TankWar_P5,UNKNOWN,UNKNOWN,0.600,0.200,LOW,INTRA_BLOCK,RESOLVED_INTERNAL,TankWar_P1|TankWar_P2|TankWar_P3|TankWar_P4|TankWar_P5
D973,C:\Users\JBNU\git\ConstraintsRecovery\assets\tankwar\asset2:IF:8-332,C:\Users\JBNU\git\ConstraintsRecovery\assets\tankwar\asset15:IF:8-281,E230,E124,,METHOD_CALL,C:\Users\JBNU\git\ConstraintsRecovery\assets\tankwar\asset2,155,G4,G4,TankWar_P1|TankWar_P2|TankWar_P3|TankWar_P4|TankWar_P5,TankWar_P1|TankWar_P2|TankWar_P3|TankWar_P4|TankWar_P5,UNKNOWN,UNKNOWN,0.750,0.200,LOW,NONE,RESOLVED_INTERNAL,TankWar_P1|TankWar_P2|TankWar_P3|TankWar_P4|TankWar_P5
D974,C:\Users\JBNU\git\ConstraintsRecovery\assets\tankwar\asset2:IF:8-332,C:\Users\JBNU\git\ConstraintsRecovery\assets\tankwar\asset2:IF:8-332,E230,E206,,FIELD_REFERENCE,C:\Users\JBNU\git\ConstraintsRecovery\assets\tankwar\asset2,157,G4,G4,TankWar_P1|TankWar_P2|TankWar_P3|TankWar_P4|TankWar_P5,TankWar_P1|TankWar_P2|TankWar_P3|TankWar_P4|TankWar_P5,UNKNOWN,UNKNOWN,0.600,0.200,LOW,INTRA_BLOCK,RESOLVED_INTERNAL,TankWar_P1|TankWar_P2|TankWar_P3|TankWar_P4|TankWar_P5
D975,C:\Users\JBNU\git\ConstraintsRecovery\assets\tankwar\asset2:IF:8-332,C:\Users\JBNU\git\ConstraintsRecovery\assets\tankwar\asset2:IF:8-332,E230,E208,,FIELD_REFERENCE,C:\Users\JBNU\git\ConstraintsRecovery\assets\tankwar\asset2,157,G4,G4,TankWar_P1|TankWar_P2|TankWar_P3|TankWar_P4|TankWar_P5,TankWar_P1|TankWar_P2|TankWar_P3|TankWar_P4|TankWar_P5,UNKNOWN,UNKNOWN,0.600,0.200,LOW,INTRA_BLOCK,RESOLVED_INTERNAL,TankWar_P1|TankWar_P2|TankWar_P3|TankWar_P4|TankWar_P5
D976,C:\Users\JBNU\git\ConstraintsRecovery\assets\tankwar\asset2:IF:8-332,C:\Users\JBNU\git\ConstraintsRecovery\assets\tankwar\asset15:IF:8-281,E230,E132,,METHOD_CALL,C:\Users\JBNU\git\ConstraintsRecovery\assets\tankwar\asset2,157,G4,G4,TankWar_P1|TankWar_P2|TankWar_P3|TankWar_P4|TankWar_P5,TankWar_P1|TankWar_P2|TankWar_P3|TankWar_P4|TankWar_P5,UNKNOWN,UNKNOWN,0.750,0.200,LOW,NONE,RESOLVED_INTERNAL,TankWar_P1|TankWar_P2|TankWar_P3|TankWar_P4|TankWar_P5
D977,C:\Users\JBNU\git\ConstraintsRecovery\assets\tankwar\asset2:IF:8-332,C:\Users\JBNU\git\ConstraintsRecovery\assets\tankwar\asset2:IF:8-332,E230,E213,,FIELD_REFERENCE,C:\Users\JBNU\git\ConstraintsRecovery\assets\tankwar\asset2,158,G4,G4,TankWar_P1|TankWar_P2|TankWar_P3|TankWar_P4|TankWar_P5,TankWar_P1|TankWar_P2|TankWar_P3|TankWar_P4|TankWar_P5,UNKNOWN,UNKNOWN,0.600,0.200,LOW,INTRA_BLOCK,RESOLVED_INTERNAL,TankWar_P1|TankWar_P2|TankWar_P3|TankWar_P4|TankWar_P5
D978,C:\Users\JBNU\git\ConstraintsRecovery\assets\tankwar\asset2:IF:8-332,C:\Users\JBNU\git\ConstraintsRecovery\assets\tankwar\asset2:IF:8-332,E230,E209,,FIELD_REFERENCE,C:\Users\JBNU\git\ConstraintsRecovery\assets\tankwar\asset2,159,G4,G4,TankWar_P1|TankWar_P2|TankWar_P3|TankWar_P4|TankWar_P5,TankWar_P1|TankWar_P2|TankWar_P3|TankWar_P4|TankWar_P5,UNKNOWN,UNKNOWN,0.600,0.200,LOW,INTRA_BLOCK,RESOLVED_INTERNAL,TankWar_P1|TankWar_P2|TankWar_P3|TankWar_P4|TankWar_P5
D979,C:\Users\JBNU\git\ConstraintsRecovery\assets\tankwar\asset2:IF:8-332,C:\Users\JBNU\git\ConstraintsRecovery\assets\tankwar\asset2:IF:8-332,E230,E210,,FIELD_REFERENCE,C:\Users\JBNU\git\ConstraintsRecovery\assets\tankwar\asset2,159,G4,G4,TankWar_P1|TankWar_P2|TankWar_P3|TankWar_P4|TankWar_P5,TankWar_P1|TankWar_P2|TankWar_P3|TankWar_P4|TankWar_P5,UNKNOWN,DOMAIN_SUPPORT,0.600,0.200,LOW,INTRA_BLOCK,RESOLVED_INTERNAL,TankWar_P1|TankWar_P2|TankWar_P3|TankWar_P4|TankWar_P5
D980,C:\Users\JBNU\git\ConstraintsRecovery\assets\tankwar\asset2:IF:8-332,C:\Users\JBNU\git\ConstraintsRecovery\assets\tankwar\asset2:IF:8-332,E230,E204,,FIELD_REFERENCE,C:\Users\JBNU\git\ConstraintsRecovery\assets\tankwar\asset2,160,G4,G4,TankWar_P1|TankWar_P2|TankWar_P3|TankWar_P4|TankWar_P5,TankWar_P1|TankWar_P2|TankWar_P3|TankWar_P4|TankWar_P5,UNKNOWN,UNKNOWN,0.600,0.200,LOW,INTRA_BLOCK,RESOLVED_INTERNAL,TankWar_P1|TankWar_P2|TankWar_P3|TankWar_P4|TankWar_P5
D981,C:\Users\JBNU\git\ConstraintsRecovery\assets\tankwar\asset2:IF:8-332,C:\Users\JBNU\git\ConstraintsRecovery\assets\tankwar\asset2:IF:8-332,E230,E205,,FIELD_REFERENCE,C:\Users\JBNU\git\ConstraintsRecovery\assets\tankwar\asset2,160,G4,G4,TankWar_P1|TankWar_P2|TankWar_P3|TankWar_P4|TankWar_P5,TankWar_P1|TankWar_P2|TankWar_P3|TankWar_P4|TankWar_P5,UNKNOWN,UNKNOWN,0.600,0.200,LOW,INTRA_BLOCK,RESOLVED_INTERNAL,TankWar_P1|TankWar_P2|TankWar_P3|TankWar_P4|TankWar_P5
D982,C:\Users\JBNU\git\ConstraintsRecovery\assets\tankwar\asset2:IF:8-332,C:\Users\JBNU\git\ConstraintsRecovery\assets\tankwar\asset2:IF:8-332,E230,E211,,FIELD_REFERENCE,C:\Users\JBNU\git\ConstraintsRecovery\assets\tankwar\asset2,160,G4,G4,TankWar_P1|TankWar_P2|TankWar_P3|TankWar_P4|TankWar_P5,TankWar_P1|TankWar_P2|TankWar_P3|TankWar_P4|TankWar_P5,UNKNOWN,UNKNOWN,0.600,0.200,LOW,INTRA_BLOCK,RESOLVED_INTERNAL,TankWar_P1|TankWar_P2|TankWar_P3|TankWar_P4|TankWar_P5
D983,C:\Users\JBNU\git\ConstraintsRecovery\assets\tankwar\asset2:IF:8-332,C:\Users\JBNU\git\ConstraintsRecovery\assets\tankwar\asset2:IF:8-332,E230,E209,,FIELD_REFERENCE,C:\Users\JBNU\git\ConstraintsRecovery\assets\tankwar\asset2,161,G4,G4,TankWar_P1|TankWar_P2|TankWar_P3|TankWar_P4|TankWar_P5,TankWar_P1|TankWar_P2|TankWar_P3|TankWar_P4|TankWar_P5,UNKNOWN,UNKNOWN,0.600,0.200,LOW,INTRA_BLOCK,RESOLVED_INTERNAL,TankWar_P1|TankWar_P2|TankWar_P3|TankWar_P4|TankWar_P5
D984,C:\Users\JBNU\git\ConstraintsRecovery\assets\tankwar\asset2:IF:8-332,C:\Users\JBNU\git\ConstraintsRecovery\assets\tankwar\asset2:IF:8-332,E230,E203,,FIELD_REFERENCE,C:\Users\JBNU\git\ConstraintsRecovery\assets\tankwar\asset2,163,G4,G4,TankWar_P1|TankWar_P2|TankWar_P3|TankWar_P4|TankWar_P5,TankWar_P1|TankWar_P2|TankWar_P3|TankWar_P4|TankWar_P5,UNKNOWN,UNKNOWN,0.600,0.200,LOW,INTRA_BLOCK,RESOLVED_INTERNAL,TankWar_P1|TankWar_P2|TankWar_P3|TankWar_P4|TankWar_P5
D985,C:\Users\JBNU\git\ConstraintsRecovery\assets\tankwar\asset2:IF:8-332,C:\Users\JBNU\git\ConstraintsRecovery\assets\tankwar\asset2:IF:8-332,E230,E208,,FIELD_REFERENCE,C:\Users\JBNU\git\ConstraintsRecovery\assets\tankwar\asset2,164,G4,G4,TankWar_P1|TankWar_P2|TankWar_P3|TankWar_P4|TankWar_P5,TankWar_P1|TankWar_P2|TankWar_P3|TankWar_P4|TankWar_P5,UNKNOWN,UNKNOWN,0.600,0.200,LOW,INTRA_BLOCK,RESOLVED_INTERNAL,TankWar_P1|TankWar_P2|TankWar_P3|TankWar_P4|TankWar_P5
D986,C:\Users\JBNU\git\ConstraintsRecovery\assets\tankwar\asset2:IF:8-332,C:\Users\JBNU\git\ConstraintsRecovery\assets\tankwar\asset2:IF:8-332,E231,E208,,FIELD_REFERENCE,C:\Users\JBNU\git\ConstraintsRecovery\assets\tankwar\asset2,168,G4,G4,TankWar_P1|TankWar_P2|TankWar_P3|TankWar_P4|TankWar_P5,TankWar_P1|TankWar_P2|TankWar_P3|TankWar_P4|TankWar_P5,UNKNOWN,UNKNOWN,0.600,0.200,LOW,INTRA_BLOCK,RESOLVED_INTERNAL,TankWar_P1|TankWar_P2|TankWar_P3|TankWar_P4|TankWar_P5
D987,C:\Users\JBNU\git\ConstraintsRecovery\assets\tankwar\asset2:IF:8-332,C:\Users\JBNU\git\ConstraintsRecovery\assets\tankwar\asset2:IF:8-332,E231,E213,,FIELD_REFERENCE,C:\Users\JBNU\git\ConstraintsRecovery\assets\tankwar\asset2,169,G4,G4,TankWar_P1|TankWar_P2|TankWar_P3|TankWar_P4|TankWar_P5,TankWar_P1|TankWar_P2|TankWar_P3|TankWar_P4|TankWar_P5,UNKNOWN,UNKNOWN,0.600,0.200,LOW,INTRA_BLOCK,RESOLVED_INTERNAL,TankWar_P1|TankWar_P2|TankWar_P3|TankWar_P4|TankWar_P5
D988,C:\Users\JBNU\git\ConstraintsRecovery\assets\tankwar\asset2:IF:8-332,C:\Users\JBNU\git\ConstraintsRecovery\assets\tankwar\asset2:IF:8-332,E231,E209,,FIELD_REFERENCE,C:\Users\JBNU\git\ConstraintsRecovery\assets\tankwar\asset2,170,G4,G4,TankWar_P1|TankWar_P2|TankWar_P3|TankWar_P4|TankWar_P5,TankWar_P1|TankWar_P2|TankWar_P3|TankWar_P4|TankWar_P5,UNKNOWN,UNKNOWN,0.600,0.200,LOW,INTRA_BLOCK,RESOLVED_INTERNAL,TankWar_P1|TankWar_P2|TankWar_P3|TankWar_P4|TankWar_P5
D989,C:\Users\JBNU\git\ConstraintsRecovery\assets\tankwar\asset2:IF:8-332,C:\Users\JBNU\git\ConstraintsRecovery\assets\tankwar\asset2:IF:8-332,E231,E210,,FIELD_REFERENCE,C:\Users\JBNU\git\ConstraintsRecovery\assets\tankwar\asset2,170,G4,G4,TankWar_P1|TankWar_P2|TankWar_P3|TankWar_P4|TankWar_P5,TankWar_P1|TankWar_P2|TankWar_P3|TankWar_P4|TankWar_P5,UNKNOWN,DOMAIN_SUPPORT,0.600,0.200,LOW,INTRA_BLOCK,RESOLVED_INTERNAL,TankWar_P1|TankWar_P2|TankWar_P3|TankWar_P4|TankWar_P5
D990,C:\Users\JBNU\git\ConstraintsRecovery\assets\tankwar\asset2:IF:8-332,C:\Users\JBNU\git\ConstraintsRecovery\assets\tankwar\asset2:IF:8-332,E231,E204,,FIELD_REFERENCE,C:\Users\JBNU\git\ConstraintsRecovery\assets\tankwar\asset2,171,G4,G4,TankWar_P1|TankWar_P2|TankWar_P3|TankWar_P4|TankWar_P5,TankWar_P1|TankWar_P2|TankWar_P3|TankWar_P4|TankWar_P5,UNKNOWN,UNKNOWN,0.600,0.200,LOW,INTRA_BLOCK,RESOLVED_INTERNAL,TankWar_P1|TankWar_P2|TankWar_P3|TankWar_P4|TankWar_P5
D991,C:\Users\JBNU\git\ConstraintsRecovery\assets\tankwar\asset2:IF:8-332,C:\Users\JBNU\git\ConstraintsRecovery\assets\tankwar\asset2:IF:8-332,E231,E205,,FIELD_REFERENCE,C:\Users\JBNU\git\ConstraintsRecovery\assets\tankwar\asset2,171,G4,G4,TankWar_P1|TankWar_P2|TankWar_P3|TankWar_P4|TankWar_P5,TankWar_P1|TankWar_P2|TankWar_P3|TankWar_P4|TankWar_P5,UNKNOWN,UNKNOWN,0.600,0.200,LOW,INTRA_BLOCK,RESOLVED_INTERNAL,TankWar_P1|TankWar_P2|TankWar_P3|TankWar_P4|TankWar_P5
D992,C:\Users\JBNU\git\ConstraintsRecovery\assets\tankwar\asset2:IF:8-332,C:\Users\JBNU\git\ConstraintsRecovery\assets\tankwar\asset2:IF:8-332,E231,E211,,FIELD_REFERENCE,C:\Users\JBNU\git\ConstraintsRecovery\assets\tankwar\asset2,171,G4,G4,TankWar_P1|TankWar_P2|TankWar_P3|TankWar_P4|TankWar_P5,TankWar_P1|TankWar_P2|TankWar_P3|TankWar_P4|TankWar_P5,UNKNOWN,UNKNOWN,0.600,0.200,LOW,INTRA_BLOCK,RESOLVED_INTERNAL,TankWar_P1|TankWar_P2|TankWar_P3|TankWar_P4|TankWar_P5
D993,C:\Users\JBNU\git\ConstraintsRecovery\assets\tankwar\asset2:IF:8-332,C:\Users\JBNU\git\ConstraintsRecovery\assets\tankwar\asset2:IF:8-332,E231,E209,,FIELD_REFERENCE,C:\Users\JBNU\git\ConstraintsRecovery\assets\tankwar\asset2,172,G4,G4,TankWar_P1|TankWar_P2|TankWar_P3|TankWar_P4|TankWar_P5,TankWar_P1|TankWar_P2|TankWar_P3|TankWar_P4|TankWar_P5,UNKNOWN,UNKNOWN,0.600,0.200,LOW,INTRA_BLOCK,RESOLVED_INTERNAL,TankWar_P1|TankWar_P2|TankWar_P3|TankWar_P4|TankWar_P5
D994,C:\Users\JBNU\git\ConstraintsRecovery\assets\tankwar\asset2:IF:8-332,C:\Users\JBNU\git\ConstraintsRecovery\assets\tankwar\asset15:IF:8-281,E231,E120,,CONSTRUCTOR_CALL,C:\Users\JBNU\git\ConstraintsRecovery\assets\tankwar\asset2,173,G4,G4,TankWar_P1|TankWar_P2|TankWar_P3|TankWar_P4|TankWar_P5,TankWar_P1|TankWar_P2|TankWar_P3|TankWar_P4|TankWar_P5,UNKNOWN,UNKNOWN,0.750,0.200,LOW,NONE,RESOLVED_INTERNAL,TankWar_P1|TankWar_P2|TankWar_P3|TankWar_P4|TankWar_P5
D995,C:\Users\JBNU\git\ConstraintsRecovery\assets\tankwar\asset2:IF:8-332,C:\Users\JBNU\git\ConstraintsRecovery\assets\tankwar\asset2:IF:8-332,E231,E208,,FIELD_REFERENCE,C:\Users\JBNU\git\ConstraintsRecovery\assets\tankwar\asset2,173,G4,G4,TankWar_P1|TankWar_P2|TankWar_P3|TankWar_P4|TankWar_P5,TankWar_P1|TankWar_P2|TankWar_P3|TankWar_P4|TankWar_P5,UNKNOWN,UNKNOWN,0.600,0.200,LOW,INTRA_BLOCK,RESOLVED_INTERNAL,TankWar_P1|TankWar_P2|TankWar_P3|TankWar_P4|TankWar_P5
D996,C:\Users\JBNU\git\ConstraintsRecovery\assets\tankwar\asset2:IF:8-332,C:\Users\JBNU\git\ConstraintsRecovery\assets\tankwar\asset2:IF:8-332,E231,E204,,FIELD_REFERENCE,C:\Users\JBNU\git\ConstraintsRecovery\assets\tankwar\asset2,174,G4,G4,TankWar_P1|TankWar_P2|TankWar_P3|TankWar_P4|TankWar_P5,TankWar_P1|TankWar_P2|TankWar_P3|TankWar_P4|TankWar_P5,UNKNOWN,UNKNOWN,0.600,0.200,LOW,INTRA_BLOCK,RESOLVED_INTERNAL,TankWar_P1|TankWar_P2|TankWar_P3|TankWar_P4|TankWar_P5
D997,C:\Users\JBNU\git\ConstraintsRecovery\assets\tankwar\asset2:IF:8-332,C:\Users\JBNU\git\ConstraintsRecovery\assets\tankwar\asset2:IF:8-332,E231,E205,,FIELD_REFERENCE,C:\Users\JBNU\git\ConstraintsRecovery\assets\tankwar\asset2,174,G4,G4,TankWar_P1|TankWar_P2|TankWar_P3|TankWar_P4|TankWar_P5,TankWar_P1|TankWar_P2|TankWar_P3|TankWar_P4|TankWar_P5,UNKNOWN,UNKNOWN,0.600,0.200,LOW,INTRA_BLOCK,RESOLVED_INTERNAL,TankWar_P1|TankWar_P2|TankWar_P3|TankWar_P4|TankWar_P5
D998,C:\Users\JBNU\git\ConstraintsRecovery\assets\tankwar\asset2:IF:8-332,C:\Users\JBNU\git\ConstraintsRecovery\assets\tankwar\asset2:IF:8-332,E231,E208,,FIELD_REFERENCE,C:\Users\JBNU\git\ConstraintsRecovery\assets\tankwar\asset2,174,G4,G4,TankWar_P1|TankWar_P2|TankWar_P3|TankWar_P4|TankWar_P5,TankWar_P1|TankWar_P2|TankWar_P3|TankWar_P4|TankWar_P5,UNKNOWN,UNKNOWN,0.600,0.200,LOW,INTRA_BLOCK,RESOLVED_INTERNAL,TankWar_P1|TankWar_P2|TankWar_P3|TankWar_P4|TankWar_P5
D999,C:\Users\JBNU\git\ConstraintsRecovery\assets\tankwar\asset2:IF:8-332,C:\Users\JBNU\git\ConstraintsRecovery\assets\tankwar\asset2:IF:8-332,E231,E211,,FIELD_REFERENCE,C:\Users\JBNU\git\ConstraintsRecovery\assets\tankwar\asset2,174,G4,G4,TankWar_P1|TankWar_P2|TankWar_P3|TankWar_P4|TankWar_P5,TankWar_P1|TankWar_P2|TankWar_P3|TankWar_P4|TankWar_P5,UNKNOWN,UNKNOWN,0.600,0.200,LOW,INTRA_BLOCK,RESOLVED_INTERNAL,TankWar_P1|TankWar_P2|TankWar_P3|TankWar_P4|TankWar_P5
D1000,C:\Users\JBNU\git\ConstraintsRecovery\assets\tankwar\asset2:IF:8-332,C:\Users\JBNU\git\ConstraintsRecovery\assets\tankwar\asset15:IF:8-281,E231,E123,,METHOD_CALL,C:\Users\JBNU\git\ConstraintsRecovery\assets\tankwar\asset2,174,G4,G4,TankWar_P1|TankWar_P2|TankWar_P3|TankWar_P4|TankWar_P5,TankWar_P1|TankWar_P2|TankWar_P3|TankWar_P4|TankWar_P5,UNKNOWN,UNKNOWN,0.750,0.200,LOW,NONE,RESOLVED_INTERNAL,TankWar_P1|TankWar_P2|TankWar_P3|TankWar_P4|TankWar_P5
D1001,C:\Users\JBNU\git\ConstraintsRecovery\assets\tankwar\asset2:IF:8-332,C:\Users\JBNU\git\ConstraintsRecovery\assets\tankwar\asset2:IF:8-332,E231,E208,,FIELD_REFERENCE,C:\Users\JBNU\git\ConstraintsRecovery\assets\tankwar\asset2,175,G4,G4,TankWar_P1|TankWar_P2|TankWar_P3|TankWar_P4|TankWar_P5,TankWar_P1|TankWar_P2|TankWar_P3|TankWar_P4|TankWar_P5,UNKNOWN,UNKNOWN,0.600,0.200,LOW,INTRA_BLOCK,RESOLVED_INTERNAL,TankWar_P1|TankWar_P2|TankWar_P3|TankWar_P4|TankWar_P5
D1002,C:\Users\JBNU\git\ConstraintsRecovery\assets\tankwar\asset2:IF:8-332,C:\Users\JBNU\git\ConstraintsRecovery\assets\tankwar\asset15:IF:8-281,E231,E124,,METHOD_CALL,C:\Users\JBNU\git\ConstraintsRecovery\assets\tankwar\asset2,175,G4,G4,TankWar_P1|TankWar_P2|TankWar_P3|TankWar_P4|TankWar_P5,TankWar_P1|TankWar_P2|TankWar_P3|TankWar_P4|TankWar_P5,UNKNOWN,UNKNOWN,0.750,0.200,LOW,NONE,RESOLVED_INTERNAL,TankWar_P1|TankWar_P2|TankWar_P3|TankWar_P4|TankWar_P5
D1003,C:\Users\JBNU\git\ConstraintsRecovery\assets\tankwar\asset2:IF:8-332,C:\Users\JBNU\git\ConstraintsRecovery\assets\tankwar\asset2:IF:8-332,E231,E208,,FIELD_REFERENCE,C:\Users\JBNU\git\ConstraintsRecovery\assets\tankwar\asset2,176,G4,G4,TankWar_P1|TankWar_P2|TankWar_P3|TankWar_P4|TankWar_P5,TankWar_P1|TankWar_P2|TankWar_P3|TankWar_P4|TankWar_P5,UNKNOWN,UNKNOWN,0.600,0.200,LOW,INTRA_BLOCK,RESOLVED_INTERNAL,TankWar_P1|TankWar_P2|TankWar_P3|TankWar_P4|TankWar_P5
D1004,C:\Users\JBNU\git\ConstraintsRecovery\assets\tankwar\asset2:IF:8-332,C:\Users\JBNU\git\ConstraintsRecovery\assets\tankwar\asset2:IF:8-332,E231,E208,,FIELD_REFERENCE,C:\Users\JBNU\git\ConstraintsRecovery\assets\tankwar\asset2,177,G4,G4,TankWar_P1|TankWar_P2|TankWar_P3|TankWar_P4|TankWar_P5,TankWar_P1|TankWar_P2|TankWar_P3|TankWar_P4|TankWar_P5,UNKNOWN,UNKNOWN,0.600,0.200,LOW,INTRA_BLOCK,RESOLVED_INTERNAL,TankWar_P1|TankWar_P2|TankWar_P3|TankWar_P4|TankWar_P5
D1005,C:\Users\JBNU\git\ConstraintsRecovery\assets\tankwar\asset2:IF:8-332,C:\Users\JBNU\git\ConstraintsRecovery\assets\tankwar\asset15:IF:8-281,E231,E127,,METHOD_CALL,C:\Users\JBNU\git\ConstraintsRecovery\assets\tankwar\asset2,177,G4,G4,TankWar_P1|TankWar_P2|TankWar_P3|TankWar_P4|TankWar_P5,TankWar_P1|TankWar_P2|TankWar_P3|TankWar_P4|TankWar_P5,UNKNOWN,UNKNOWN,0.750,0.200,LOW,NONE,RESOLVED_INTERNAL,TankWar_P1|TankWar_P2|TankWar_P3|TankWar_P4|TankWar_P5
D1006,C:\Users\JBNU\git\ConstraintsRecovery\assets\tankwar\asset2:IF:8-332,C:\Users\JBNU\git\ConstraintsRecovery\assets\tankwar\asset2:IF:8-332,E231,E208,,FIELD_REFERENCE,C:\Users\JBNU\git\ConstraintsRecovery\assets\tankwar\asset2,178,G4,G4,TankWar_P1|TankWar_P2|TankWar_P3|TankWar_P4|TankWar_P5,TankWar_P1|TankWar_P2|TankWar_P3|TankWar_P4|TankWar_P5,UNKNOWN,UNKNOWN,0.600,0.200,LOW,INTRA_BLOCK,RESOLVED_INTERNAL,TankWar_P1|TankWar_P2|TankWar_P3|TankWar_P4|TankWar_P5
D1007,C:\Users\JBNU\git\ConstraintsRecovery\assets\tankwar\asset2:IF:8-332,C:\Users\JBNU\git\ConstraintsRecovery\assets\tankwar\asset15:IF:8-281,E231,E125,,METHOD_CALL,C:\Users\JBNU\git\ConstraintsRecovery\assets\tankwar\asset2,178,G4,G4,TankWar_P1|TankWar_P2|TankWar_P3|TankWar_P4|TankWar_P5,TankWar_P1|TankWar_P2|TankWar_P3|TankWar_P4|TankWar_P5,UNKNOWN,UNKNOWN,0.750,0.200,LOW,NONE,RESOLVED_INTERNAL,TankWar_P1|TankWar_P2|TankWar_P3|TankWar_P4|TankWar_P5
D1008,C:\Users\JBNU\git\ConstraintsRecovery\assets\tankwar\asset2:IF:8-332,C:\Users\JBNU\git\ConstraintsRecovery\assets\tankwar\asset2:IF:8-332,E231,E208,,FIELD_REFERENCE,C:\Users\JBNU\git\ConstraintsRecovery\assets\tankwar\asset2,179,G4,G4,TankWar_P1|TankWar_P2|TankWar_P3|TankWar_P4|TankWar_P5,TankWar_P1|TankWar_P2|TankWar_P3|TankWar_P4|TankWar_P5,UNKNOWN,UNKNOWN,0.600,0.200,LOW,INTRA_BLOCK,RESOLVED_INTERNAL,TankWar_P1|TankWar_P2|TankWar_P3|TankWar_P4|TankWar_P5
D1009,C:\Users\JBNU\git\ConstraintsRecovery\assets\tankwar\asset2:IF:8-332,C:\Users\JBNU\git\ConstraintsRecovery\assets\tankwar\asset15:IF:8-281,E231,E124,,METHOD_CALL,C:\Users\JBNU\git\ConstraintsRecovery\assets\tankwar\asset2,179,G4,G4,TankWar_P1|TankWar_P2|TankWar_P3|TankWar_P4|TankWar_P5,TankWar_P1|TankWar_P2|TankWar_P3|TankWar_P4|TankWar_P5,UNKNOWN,UNKNOWN,0.750,0.200,LOW,NONE,RESOLVED_INTERNAL,TankWar_P1|TankWar_P2|TankWar_P3|TankWar_P4|TankWar_P5
D1010,C:\Users\JBNU\git\ConstraintsRecovery\assets\tankwar\asset2:IF:8-332,C:\Users\JBNU\git\ConstraintsRecovery\assets\tankwar\asset2:IF:8-332,E231,E206,,FIELD_REFERENCE,C:\Users\JBNU\git\ConstraintsRecovery\assets\tankwar\asset2,181,G4,G4,TankWar_P1|TankWar_P2|TankWar_P3|TankWar_P4|TankWar_P5,TankWar_P1|TankWar_P2|TankWar_P3|TankWar_P4|TankWar_P5,UNKNOWN,UNKNOWN,0.600,0.200,LOW,INTRA_BLOCK,RESOLVED_INTERNAL,TankWar_P1|TankWar_P2|TankWar_P3|TankWar_P4|TankWar_P5
D1011,C:\Users\JBNU\git\ConstraintsRecovery\assets\tankwar\asset2:IF:8-332,C:\Users\JBNU\git\ConstraintsRecovery\assets\tankwar\asset2:IF:8-332,E231,E208,,FIELD_REFERENCE,C:\Users\JBNU\git\ConstraintsRecovery\assets\tankwar\asset2,181,G4,G4,TankWar_P1|TankWar_P2|TankWar_P3|TankWar_P4|TankWar_P5,TankWar_P1|TankWar_P2|TankWar_P3|TankWar_P4|TankWar_P5,UNKNOWN,UNKNOWN,0.600,0.200,LOW,INTRA_BLOCK,RESOLVED_INTERNAL,TankWar_P1|TankWar_P2|TankWar_P3|TankWar_P4|TankWar_P5
D1012,C:\Users\JBNU\git\ConstraintsRecovery\assets\tankwar\asset2:IF:8-332,C:\Users\JBNU\git\ConstraintsRecovery\assets\tankwar\asset15:IF:8-281,E231,E132,,METHOD_CALL,C:\Users\JBNU\git\ConstraintsRecovery\assets\tankwar\asset2,181,G4,G4,TankWar_P1|TankWar_P2|TankWar_P3|TankWar_P4|TankWar_P5,TankWar_P1|TankWar_P2|TankWar_P3|TankWar_P4|TankWar_P5,UNKNOWN,UNKNOWN,0.750,0.200,LOW,NONE,RESOLVED_INTERNAL,TankWar_P1|TankWar_P2|TankWar_P3|TankWar_P4|TankWar_P5
D1013,C:\Users\JBNU\git\ConstraintsRecovery\assets\tankwar\asset2:IF:8-332,C:\Users\JBNU\git\ConstraintsRecovery\assets\tankwar\asset2:IF:8-332,E231,E213,,FIELD_REFERENCE,C:\Users\JBNU\git\ConstraintsRecovery\assets\tankwar\asset2,182,G4,G4,TankWar_P1|TankWar_P2|TankWar_P3|TankWar_P4|TankWar_P5,TankWar_P1|TankWar_P2|TankWar_P3|TankWar_P4|TankWar_P5,UNKNOWN,UNKNOWN,0.600,0.200,LOW,INTRA_BLOCK,RESOLVED_INTERNAL,TankWar_P1|TankWar_P2|TankWar_P3|TankWar_P4|TankWar_P5
D1014,C:\Users\JBNU\git\ConstraintsRecovery\assets\tankwar\asset2:IF:8-332,C:\Users\JBNU\git\ConstraintsRecovery\assets\tankwar\asset2:IF:8-332,E231,E203,,FIELD_REFERENCE,C:\Users\JBNU\git\ConstraintsRecovery\assets\tankwar\asset2,184,G4,G4,TankWar_P1|TankWar_P2|TankWar_P3|TankWar_P4|TankWar_P5,TankWar_P1|TankWar_P2|TankWar_P3|TankWar_P4|TankWar_P5,UNKNOWN,UNKNOWN,0.600,0.200,LOW,INTRA_BLOCK,RESOLVED_INTERNAL,TankWar_P1|TankWar_P2|TankWar_P3|TankWar_P4|TankWar_P5
D1015,C:\Users\JBNU\git\ConstraintsRecovery\assets\tankwar\asset2:IF:8-332,C:\Users\JBNU\git\ConstraintsRecovery\assets\tankwar\asset2:IF:8-332,E231,E208,,FIELD_REFERENCE,C:\Users\JBNU\git\ConstraintsRecovery\assets\tankwar\asset2,185,G4,G4,TankWar_P1|TankWar_P2|TankWar_P3|TankWar_P4|TankWar_P5,TankWar_P1|TankWar_P2|TankWar_P3|TankWar_P4|TankWar_P5,UNKNOWN,UNKNOWN,0.600,0.200,LOW,INTRA_BLOCK,RESOLVED_INTERNAL,TankWar_P1|TankWar_P2|TankWar_P3|TankWar_P4|TankWar_P5
D1016,C:\Users\JBNU\git\ConstraintsRecovery\assets\tankwar\asset2:IF:8-332,C:\Users\JBNU\git\ConstraintsRecovery\assets\tankwar\asset2:IF:8-332,E232,E208,,FIELD_REFERENCE,C:\Users\JBNU\git\ConstraintsRecovery\assets\tankwar\asset2,189,G4,G4,TankWar_P1|TankWar_P2|TankWar_P3|TankWar_P4|TankWar_P5,TankWar_P1|TankWar_P2|TankWar_P3|TankWar_P4|TankWar_P5,UNKNOWN,UNKNOWN,0.600,0.200,LOW,INTRA_BLOCK,RESOLVED_INTERNAL,TankWar_P1|TankWar_P2|TankWar_P3|TankWar_P4|TankWar_P5
D1017,C:\Users\JBNU\git\ConstraintsRecovery\assets\tankwar\asset2:IF:8-332,C:\Users\JBNU\git\ConstraintsRecovery\assets\tankwar\asset2:IF:8-332,E232,E209,,FIELD_REFERENCE,C:\Users\JBNU\git\ConstraintsRecovery\assets\tankwar\asset2,190,G4,G4,TankWar_P1|TankWar_P2|TankWar_P3|TankWar_P4|TankWar_P5,TankWar_P1|TankWar_P2|TankWar_P3|TankWar_P4|TankWar_P5,UNKNOWN,UNKNOWN,0.600,0.200,LOW,INTRA_BLOCK,RESOLVED_INTERNAL,TankWar_P1|TankWar_P2|TankWar_P3|TankWar_P4|TankWar_P5
D1018,C:\Users\JBNU\git\ConstraintsRecovery\assets\tankwar\asset2:IF:8-332,C:\Users\JBNU\git\ConstraintsRecovery\assets\tankwar\asset2:IF:8-332,E232,E210,,FIELD_REFERENCE,C:\Users\JBNU\git\ConstraintsRecovery\assets\tankwar\asset2,190,G4,G4,TankWar_P1|TankWar_P2|TankWar_P3|TankWar_P4|TankWar_P5,TankWar_P1|TankWar_P2|TankWar_P3|TankWar_P4|TankWar_P5,UNKNOWN,DOMAIN_SUPPORT,0.600,0.200,LOW,INTRA_BLOCK,RESOLVED_INTERNAL,TankWar_P1|TankWar_P2|TankWar_P3|TankWar_P4|TankWar_P5
D1019,C:\Users\JBNU\git\ConstraintsRecovery\assets\tankwar\asset2:IF:8-332,C:\Users\JBNU\git\ConstraintsRecovery\assets\tankwar\asset2:IF:8-332,E232,E204,,FIELD_REFERENCE,C:\Users\JBNU\git\ConstraintsRecovery\assets\tankwar\asset2,191,G4,G4,TankWar_P1|TankWar_P2|TankWar_P3|TankWar_P4|TankWar_P5,TankWar_P1|TankWar_P2|TankWar_P3|TankWar_P4|TankWar_P5,UNKNOWN,UNKNOWN,0.600,0.200,LOW,INTRA_BLOCK,RESOLVED_INTERNAL,TankWar_P1|TankWar_P2|TankWar_P3|TankWar_P4|TankWar_P5
D1020,C:\Users\JBNU\git\ConstraintsRecovery\assets\tankwar\asset2:IF:8-332,C:\Users\JBNU\git\ConstraintsRecovery\assets\tankwar\asset2:IF:8-332,E232,E205,,FIELD_REFERENCE,C:\Users\JBNU\git\ConstraintsRecovery\assets\tankwar\asset2,191,G4,G4,TankWar_P1|TankWar_P2|TankWar_P3|TankWar_P4|TankWar_P5,TankWar_P1|TankWar_P2|TankWar_P3|TankWar_P4|TankWar_P5,UNKNOWN,UNKNOWN,0.600,0.200,LOW,INTRA_BLOCK,RESOLVED_INTERNAL,TankWar_P1|TankWar_P2|TankWar_P3|TankWar_P4|TankWar_P5
D1021,C:\Users\JBNU\git\ConstraintsRecovery\assets\tankwar\asset2:IF:8-332,C:\Users\JBNU\git\ConstraintsRecovery\assets\tankwar\asset2:IF:8-332,E232,E211,,FIELD_REFERENCE,C:\Users\JBNU\git\ConstraintsRecovery\assets\tankwar\asset2,191,G4,G4,TankWar_P1|TankWar_P2|TankWar_P3|TankWar_P4|TankWar_P5,TankWar_P1|TankWar_P2|TankWar_P3|TankWar_P4|TankWar_P5,UNKNOWN,UNKNOWN,0.600,0.200,LOW,INTRA_BLOCK,RESOLVED_INTERNAL,TankWar_P1|TankWar_P2|TankWar_P3|TankWar_P4|TankWar_P5
D1022,C:\Users\JBNU\git\ConstraintsRecovery\assets\tankwar\asset2:IF:8-332,C:\Users\JBNU\git\ConstraintsRecovery\assets\tankwar\asset2:IF:8-332,E232,E209,,FIELD_REFERENCE,C:\Users\JBNU\git\ConstraintsRecovery\assets\tankwar\asset2,192,G4,G4,TankWar_P1|TankWar_P2|TankWar_P3|TankWar_P4|TankWar_P5,TankWar_P1|TankWar_P2|TankWar_P3|TankWar_P4|TankWar_P5,UNKNOWN,UNKNOWN,0.600,0.200,LOW,INTRA_BLOCK,RESOLVED_INTERNAL,TankWar_P1|TankWar_P2|TankWar_P3|TankWar_P4|TankWar_P5
D1023,C:\Users\JBNU\git\ConstraintsRecovery\assets\tankwar\asset2:IF:8-332,C:\Users\JBNU\git\ConstraintsRecovery\assets\tankwar\asset15:IF:8-281,E232,E120,,CONSTRUCTOR_CALL,C:\Users\JBNU\git\ConstraintsRecovery\assets\tankwar\asset2,193,G4,G4,TankWar_P1|TankWar_P2|TankWar_P3|TankWar_P4|TankWar_P5,TankWar_P1|TankWar_P2|TankWar_P3|TankWar_P4|TankWar_P5,UNKNOWN,UNKNOWN,0.750,0.200,LOW,NONE,RESOLVED_INTERNAL,TankWar_P1|TankWar_P2|TankWar_P3|TankWar_P4|TankWar_P5
D1024,C:\Users\JBNU\git\ConstraintsRecovery\assets\tankwar\asset2:IF:8-332,C:\Users\JBNU\git\ConstraintsRecovery\assets\tankwar\asset2:IF:8-332,E232,E208,,FIELD_REFERENCE,C:\Users\JBNU\git\ConstraintsRecovery\assets\tankwar\asset2,193,G4,G4,TankWar_P1|TankWar_P2|TankWar_P3|TankWar_P4|TankWar_P5,TankWar_P1|TankWar_P2|TankWar_P3|TankWar_P4|TankWar_P5,UNKNOWN,UNKNOWN,0.600,0.200,LOW,INTRA_BLOCK,RESOLVED_INTERNAL,TankWar_P1|TankWar_P2|TankWar_P3|TankWar_P4|TankWar_P5
D1025,C:\Users\JBNU\git\ConstraintsRecovery\assets\tankwar\asset2:IF:8-332,C:\Users\JBNU\git\ConstraintsRecovery\assets\tankwar\asset2:IF:8-332,E232,E204,,FIELD_REFERENCE,C:\Users\JBNU\git\ConstraintsRecovery\assets\tankwar\asset2,194,G4,G4,TankWar_P1|TankWar_P2|TankWar_P3|TankWar_P4|TankWar_P5,TankWar_P1|TankWar_P2|TankWar_P3|TankWar_P4|TankWar_P5,UNKNOWN,UNKNOWN,0.600,0.200,LOW,INTRA_BLOCK,RESOLVED_INTERNAL,TankWar_P1|TankWar_P2|TankWar_P3|TankWar_P4|TankWar_P5
D1026,C:\Users\JBNU\git\ConstraintsRecovery\assets\tankwar\asset2:IF:8-332,C:\Users\JBNU\git\ConstraintsRecovery\assets\tankwar\asset2:IF:8-332,E232,E205,,FIELD_REFERENCE,C:\Users\JBNU\git\ConstraintsRecovery\assets\tankwar\asset2,194,G4,G4,TankWar_P1|TankWar_P2|TankWar_P3|TankWar_P4|TankWar_P5,TankWar_P1|TankWar_P2|TankWar_P3|TankWar_P4|TankWar_P5,UNKNOWN,UNKNOWN,0.600,0.200,LOW,INTRA_BLOCK,RESOLVED_INTERNAL,TankWar_P1|TankWar_P2|TankWar_P3|TankWar_P4|TankWar_P5
D1027,C:\Users\JBNU\git\ConstraintsRecovery\assets\tankwar\asset2:IF:8-332,C:\Users\JBNU\git\ConstraintsRecovery\assets\tankwar\asset2:IF:8-332,E232,E208,,FIELD_REFERENCE,C:\Users\JBNU\git\ConstraintsRecovery\assets\tankwar\asset2,194,G4,G4,TankWar_P1|TankWar_P2|TankWar_P3|TankWar_P4|TankWar_P5,TankWar_P1|TankWar_P2|TankWar_P3|TankWar_P4|TankWar_P5,UNKNOWN,UNKNOWN,0.600,0.200,LOW,INTRA_BLOCK,RESOLVED_INTERNAL,TankWar_P1|TankWar_P2|TankWar_P3|TankWar_P4|TankWar_P5
D1028,C:\Users\JBNU\git\ConstraintsRecovery\assets\tankwar\asset2:IF:8-332,C:\Users\JBNU\git\ConstraintsRecovery\assets\tankwar\asset2:IF:8-332,E232,E211,,FIELD_REFERENCE,C:\Users\JBNU\git\ConstraintsRecovery\assets\tankwar\asset2,194,G4,G4,TankWar_P1|TankWar_P2|TankWar_P3|TankWar_P4|TankWar_P5,TankWar_P1|TankWar_P2|TankWar_P3|TankWar_P4|TankWar_P5,UNKNOWN,UNKNOWN,0.600,0.200,LOW,INTRA_BLOCK,RESOLVED_INTERNAL,TankWar_P1|TankWar_P2|TankWar_P3|TankWar_P4|TankWar_P5
D1029,C:\Users\JBNU\git\ConstraintsRecovery\assets\tankwar\asset2:IF:8-332,C:\Users\JBNU\git\ConstraintsRecovery\assets\tankwar\asset15:IF:8-281,E232,E123,,METHOD_CALL,C:\Users\JBNU\git\ConstraintsRecovery\assets\tankwar\asset2,194,G4,G4,TankWar_P1|TankWar_P2|TankWar_P3|TankWar_P4|TankWar_P5,TankWar_P1|TankWar_P2|TankWar_P3|TankWar_P4|TankWar_P5,UNKNOWN,UNKNOWN,0.750,0.200,LOW,NONE,RESOLVED_INTERNAL,TankWar_P1|TankWar_P2|TankWar_P3|TankWar_P4|TankWar_P5
D1030,C:\Users\JBNU\git\ConstraintsRecovery\assets\tankwar\asset2:IF:8-332,C:\Users\JBNU\git\ConstraintsRecovery\assets\tankwar\asset2:IF:8-332,E232,E208,,FIELD_REFERENCE,C:\Users\JBNU\git\ConstraintsRecovery\assets\tankwar\asset2,195,G4,G4,TankWar_P1|TankWar_P2|TankWar_P3|TankWar_P4|TankWar_P5,TankWar_P1|TankWar_P2|TankWar_P3|TankWar_P4|TankWar_P5,UNKNOWN,UNKNOWN,0.600,0.200,LOW,INTRA_BLOCK,RESOLVED_INTERNAL,TankWar_P1|TankWar_P2|TankWar_P3|TankWar_P4|TankWar_P5
D1031,C:\Users\JBNU\git\ConstraintsRecovery\assets\tankwar\asset2:IF:8-332,C:\Users\JBNU\git\ConstraintsRecovery\assets\tankwar\asset15:IF:8-281,E232,E124,,METHOD_CALL,C:\Users\JBNU\git\ConstraintsRecovery\assets\tankwar\asset2,195,G4,G4,TankWar_P1|TankWar_P2|TankWar_P3|TankWar_P4|TankWar_P5,TankWar_P1|TankWar_P2|TankWar_P3|TankWar_P4|TankWar_P5,UNKNOWN,UNKNOWN,0.750,0.200,LOW,NONE,RESOLVED_INTERNAL,TankWar_P1|TankWar_P2|TankWar_P3|TankWar_P4|TankWar_P5
D1032,C:\Users\JBNU\git\ConstraintsRecovery\assets\tankwar\asset2:IF:8-332,C:\Users\JBNU\git\ConstraintsRecovery\assets\tankwar\asset2:IF:8-332,E232,E208,,FIELD_REFERENCE,C:\Users\JBNU\git\ConstraintsRecovery\assets\tankwar\asset2,196,G4,G4,TankWar_P1|TankWar_P2|TankWar_P3|TankWar_P4|TankWar_P5,TankWar_P1|TankWar_P2|TankWar_P3|TankWar_P4|TankWar_P5,UNKNOWN,UNKNOWN,0.600,0.200,LOW,INTRA_BLOCK,RESOLVED_INTERNAL,TankWar_P1|TankWar_P2|TankWar_P3|TankWar_P4|TankWar_P5
D1033,C:\Users\JBNU\git\ConstraintsRecovery\assets\tankwar\asset2:IF:8-332,C:\Users\JBNU\git\ConstraintsRecovery\assets\tankwar\asset2:IF:8-332,E232,E208,,FIELD_REFERENCE,C:\Users\JBNU\git\ConstraintsRecovery\assets\tankwar\asset2,197,G4,G4,TankWar_P1|TankWar_P2|TankWar_P3|TankWar_P4|TankWar_P5,TankWar_P1|TankWar_P2|TankWar_P3|TankWar_P4|TankWar_P5,UNKNOWN,UNKNOWN,0.600,0.200,LOW,INTRA_BLOCK,RESOLVED_INTERNAL,TankWar_P1|TankWar_P2|TankWar_P3|TankWar_P4|TankWar_P5
D1034,C:\Users\JBNU\git\ConstraintsRecovery\assets\tankwar\asset2:IF:8-332,C:\Users\JBNU\git\ConstraintsRecovery\assets\tankwar\asset2:IF:8-332,E232,E208,,FIELD_REFERENCE,C:\Users\JBNU\git\ConstraintsRecovery\assets\tankwar\asset2,198,G4,G4,TankWar_P1|TankWar_P2|TankWar_P3|TankWar_P4|TankWar_P5,TankWar_P1|TankWar_P2|TankWar_P3|TankWar_P4|TankWar_P5,UNKNOWN,UNKNOWN,0.600,0.200,LOW,INTRA_BLOCK,RESOLVED_INTERNAL,TankWar_P1|TankWar_P2|TankWar_P3|TankWar_P4|TankWar_P5
D1035,C:\Users\JBNU\git\ConstraintsRecovery\assets\tankwar\asset2:IF:8-332,C:\Users\JBNU\git\ConstraintsRecovery\assets\tankwar\asset15:IF:8-281,E232,E125,,METHOD_CALL,C:\Users\JBNU\git\ConstraintsRecovery\assets\tankwar\asset2,198,G4,G4,TankWar_P1|TankWar_P2|TankWar_P3|TankWar_P4|TankWar_P5,TankWar_P1|TankWar_P2|TankWar_P3|TankWar_P4|TankWar_P5,UNKNOWN,UNKNOWN,0.750,0.200,LOW,NONE,RESOLVED_INTERNAL,TankWar_P1|TankWar_P2|TankWar_P3|TankWar_P4|TankWar_P5
D1036,C:\Users\JBNU\git\ConstraintsRecovery\assets\tankwar\asset2:IF:8-332,C:\Users\JBNU\git\ConstraintsRecovery\assets\tankwar\asset2:IF:8-332,E232,E208,,FIELD_REFERENCE,C:\Users\JBNU\git\ConstraintsRecovery\assets\tankwar\asset2,199,G4,G4,TankWar_P1|TankWar_P2|TankWar_P3|TankWar_P4|TankWar_P5,TankWar_P1|TankWar_P2|TankWar_P3|TankWar_P4|TankWar_P5,UNKNOWN,UNKNOWN,0.600,0.200,LOW,INTRA_BLOCK,RESOLVED_INTERNAL,TankWar_P1|TankWar_P2|TankWar_P3|TankWar_P4|TankWar_P5
D1037,C:\Users\JBNU\git\ConstraintsRecovery\assets\tankwar\asset2:IF:8-332,C:\Users\JBNU\git\ConstraintsRecovery\assets\tankwar\asset15:IF:8-281,E232,E124,,METHOD_CALL,C:\Users\JBNU\git\ConstraintsRecovery\assets\tankwar\asset2,199,G4,G4,TankWar_P1|TankWar_P2|TankWar_P3|TankWar_P4|TankWar_P5,TankWar_P1|TankWar_P2|TankWar_P3|TankWar_P4|TankWar_P5,UNKNOWN,UNKNOWN,0.750,0.200,LOW,NONE,RESOLVED_INTERNAL,TankWar_P1|TankWar_P2|TankWar_P3|TankWar_P4|TankWar_P5
D1038,C:\Users\JBNU\git\ConstraintsRecovery\assets\tankwar\asset2:IF:8-332,C:\Users\JBNU\git\ConstraintsRecovery\assets\tankwar\asset2:IF:8-332,E232,E206,,FIELD_REFERENCE,C:\Users\JBNU\git\ConstraintsRecovery\assets\tankwar\asset2,201,G4,G4,TankWar_P1|TankWar_P2|TankWar_P3|TankWar_P4|TankWar_P5,TankWar_P1|TankWar_P2|TankWar_P3|TankWar_P4|TankWar_P5,UNKNOWN,UNKNOWN,0.600,0.200,LOW,INTRA_BLOCK,RESOLVED_INTERNAL,TankWar_P1|TankWar_P2|TankWar_P3|TankWar_P4|TankWar_P5
D1039,C:\Users\JBNU\git\ConstraintsRecovery\assets\tankwar\asset2:IF:8-332,C:\Users\JBNU\git\ConstraintsRecovery\assets\tankwar\asset2:IF:8-332,E232,E208,,FIELD_REFERENCE,C:\Users\JBNU\git\ConstraintsRecovery\assets\tankwar\asset2,201,G4,G4,TankWar_P1|TankWar_P2|TankWar_P3|TankWar_P4|TankWar_P5,TankWar_P1|TankWar_P2|TankWar_P3|TankWar_P4|TankWar_P5,UNKNOWN,UNKNOWN,0.600,0.200,LOW,INTRA_BLOCK,RESOLVED_INTERNAL,TankWar_P1|TankWar_P2|TankWar_P3|TankWar_P4|TankWar_P5
D1040,C:\Users\JBNU\git\ConstraintsRecovery\assets\tankwar\asset2:IF:8-332,C:\Users\JBNU\git\ConstraintsRecovery\assets\tankwar\asset15:IF:8-281,E232,E132,,METHOD_CALL,C:\Users\JBNU\git\ConstraintsRecovery\assets\tankwar\asset2,201,G4,G4,TankWar_P1|TankWar_P2|TankWar_P3|TankWar_P4|TankWar_P5,TankWar_P1|TankWar_P2|TankWar_P3|TankWar_P4|TankWar_P5,UNKNOWN,UNKNOWN,0.750,0.200,LOW,NONE,RESOLVED_INTERNAL,TankWar_P1|TankWar_P2|TankWar_P3|TankWar_P4|TankWar_P5
D1041,C:\Users\JBNU\git\ConstraintsRecovery\assets\tankwar\asset2:IF:8-332,C:\Users\JBNU\git\ConstraintsRecovery\assets\tankwar\asset2:IF:8-332,E233,E203,,FIELD_REFERENCE,C:\Users\JBNU\git\ConstraintsRecovery\assets\tankwar\asset2,205,G4,G4,TankWar_P1|TankWar_P2|TankWar_P3|TankWar_P4|TankWar_P5,TankWar_P1|TankWar_P2|TankWar_P3|TankWar_P4|TankWar_P5,UNKNOWN,UNKNOWN,0.600,0.200,LOW,INTRA_BLOCK,RESOLVED_INTERNAL,TankWar_P1|TankWar_P2|TankWar_P3|TankWar_P4|TankWar_P5
D1042,C:\Users\JBNU\git\ConstraintsRecovery\assets\tankwar\asset2:IF:8-332,C:\Users\JBNU\git\ConstraintsRecovery\assets\tankwar\asset2:IF:8-332,E233,E204,,FIELD_REFERENCE,C:\Users\JBNU\git\ConstraintsRecovery\assets\tankwar\asset2,206,G4,G4,TankWar_P1|TankWar_P2|TankWar_P3|TankWar_P4|TankWar_P5,TankWar_P1|TankWar_P2|TankWar_P3|TankWar_P4|TankWar_P5,UNKNOWN,UNKNOWN,0.600,0.200,LOW,INTRA_BLOCK,RESOLVED_INTERNAL,TankWar_P1|TankWar_P2|TankWar_P3|TankWar_P4|TankWar_P5
D1043,C:\Users\JBNU\git\ConstraintsRecovery\assets\tankwar\asset2:IF:8-332,C:\Users\JBNU\git\ConstraintsRecovery\assets\tankwar\asset2:IF:8-332,E233,E205,,FIELD_REFERENCE,C:\Users\JBNU\git\ConstraintsRecovery\assets\tankwar\asset2,206,G4,G4,TankWar_P1|TankWar_P2|TankWar_P3|TankWar_P4|TankWar_P5,TankWar_P1|TankWar_P2|TankWar_P3|TankWar_P4|TankWar_P5,UNKNOWN,UNKNOWN,0.600,0.200,LOW,INTRA_BLOCK,RESOLVED_INTERNAL,TankWar_P1|TankWar_P2|TankWar_P3|TankWar_P4|TankWar_P5
D1044,C:\Users\JBNU\git\ConstraintsRecovery\assets\tankwar\asset2:IF:8-332,C:\Users\JBNU\git\ConstraintsRecovery\assets\tankwar\asset2:IF:8-332,E233,E209,,FIELD_REFERENCE,C:\Users\JBNU\git\ConstraintsRecovery\assets\tankwar\asset2,207,G4,G4,TankWar_P1|TankWar_P2|TankWar_P3|TankWar_P4|TankWar_P5,TankWar_P1|TankWar_P2|TankWar_P3|TankWar_P4|TankWar_P5,UNKNOWN,UNKNOWN,0.600,0.200,LOW,INTRA_BLOCK,RESOLVED_INTERNAL,TankWar_P1|TankWar_P2|TankWar_P3|TankWar_P4|TankWar_P5
D1045,C:\Users\JBNU\git\ConstraintsRecovery\assets\tankwar\asset2:IF:8-332,C:\Users\JBNU\git\ConstraintsRecovery\assets\tankwar\asset2:IF:8-332,E233,E210,,FIELD_REFERENCE,C:\Users\JBNU\git\ConstraintsRecovery\assets\tankwar\asset2,207,G4,G4,TankWar_P1|TankWar_P2|TankWar_P3|TankWar_P4|TankWar_P5,TankWar_P1|TankWar_P2|TankWar_P3|TankWar_P4|TankWar_P5,UNKNOWN,DOMAIN_SUPPORT,0.600,0.200,LOW,INTRA_BLOCK,RESOLVED_INTERNAL,TankWar_P1|TankWar_P2|TankWar_P3|TankWar_P4|TankWar_P5
D1046,C:\Users\JBNU\git\ConstraintsRecovery\assets\tankwar\asset2:IF:8-332,C:\Users\JBNU\git\ConstraintsRecovery\assets\tankwar\asset2:IF:8-332,E233,E209,,FIELD_REFERENCE,C:\Users\JBNU\git\ConstraintsRecovery\assets\tankwar\asset2,208,G4,G4,TankWar_P1|TankWar_P2|TankWar_P3|TankWar_P4|TankWar_P5,TankWar_P1|TankWar_P2|TankWar_P3|TankWar_P4|TankWar_P5,UNKNOWN,UNKNOWN,0.600,0.200,LOW,INTRA_BLOCK,RESOLVED_INTERNAL,TankWar_P1|TankWar_P2|TankWar_P3|TankWar_P4|TankWar_P5
D1047,C:\Users\JBNU\git\ConstraintsRecovery\assets\tankwar\asset2:IF:8-332,C:\Users\JBNU\git\ConstraintsRecovery\assets\tankwar\asset2:IF:8-332,E233,E208,,FIELD_REFERENCE,C:\Users\JBNU\git\ConstraintsRecovery\assets\tankwar\asset2,209,G4,G4,TankWar_P1|TankWar_P2|TankWar_P3|TankWar_P4|TankWar_P5,TankWar_P1|TankWar_P2|TankWar_P3|TankWar_P4|TankWar_P5,UNKNOWN,UNKNOWN,0.600,0.200,LOW,INTRA_BLOCK,RESOLVED_INTERNAL,TankWar_P1|TankWar_P2|TankWar_P3|TankWar_P4|TankWar_P5
D1048,C:\Users\JBNU\git\ConstraintsRecovery\assets\tankwar\asset2:IF:8-332,C:\Users\JBNU\git\ConstraintsRecovery\assets\tankwar\asset2:IF:8-332,E234,E208,,FIELD_REFERENCE,C:\Users\JBNU\git\ConstraintsRecovery\assets\tankwar\asset2,212,G4,G4,TankWar_P1|TankWar_P2|TankWar_P3|TankWar_P4|TankWar_P5,TankWar_P1|TankWar_P2|TankWar_P3|TankWar_P4|TankWar_P5,UNKNOWN,UNKNOWN,0.600,0.200,LOW,INTRA_BLOCK,RESOLVED_INTERNAL,TankWar_P1|TankWar_P2|TankWar_P3|TankWar_P4|TankWar_P5
D1049,C:\Users\JBNU\git\ConstraintsRecovery\assets\tankwar\asset2:IF:8-332,C:\Users\JBNU\git\ConstraintsRecovery\assets\tankwar\asset15:IF:8-281,E234,E120,,CONSTRUCTOR_CALL,C:\Users\JBNU\git\ConstraintsRecovery\assets\tankwar\asset2,213,G4,G4,TankWar_P1|TankWar_P2|TankWar_P3|TankWar_P4|TankWar_P5,TankWar_P1|TankWar_P2|TankWar_P3|TankWar_P4|TankWar_P5,UNKNOWN,UNKNOWN,0.750,0.200,LOW,NONE,RESOLVED_INTERNAL,TankWar_P1|TankWar_P2|TankWar_P3|TankWar_P4|TankWar_P5
D1050,C:\Users\JBNU\git\ConstraintsRecovery\assets\tankwar\asset2:IF:8-332,C:\Users\JBNU\git\ConstraintsRecovery\assets\tankwar\asset2:IF:8-332,E234,E208,,FIELD_REFERENCE,C:\Users\JBNU\git\ConstraintsRecovery\assets\tankwar\asset2,213,G4,G4,TankWar_P1|TankWar_P2|TankWar_P3|TankWar_P4|TankWar_P5,TankWar_P1|TankWar_P2|TankWar_P3|TankWar_P4|TankWar_P5,UNKNOWN,UNKNOWN,0.600,0.200,LOW,INTRA_BLOCK,RESOLVED_INTERNAL,TankWar_P1|TankWar_P2|TankWar_P3|TankWar_P4|TankWar_P5
D1051,C:\Users\JBNU\git\ConstraintsRecovery\assets\tankwar\asset2:IF:8-332,C:\Users\JBNU\git\ConstraintsRecovery\assets\tankwar\asset2:IF:8-332,E234,E204,,FIELD_REFERENCE,C:\Users\JBNU\git\ConstraintsRecovery\assets\tankwar\asset2,214,G4,G4,TankWar_P1|TankWar_P2|TankWar_P3|TankWar_P4|TankWar_P5,TankWar_P1|TankWar_P2|TankWar_P3|TankWar_P4|TankWar_P5,UNKNOWN,UNKNOWN,0.600,0.200,LOW,INTRA_BLOCK,RESOLVED_INTERNAL,TankWar_P1|TankWar_P2|TankWar_P3|TankWar_P4|TankWar_P5
D1052,C:\Users\JBNU\git\ConstraintsRecovery\assets\tankwar\asset2:IF:8-332,C:\Users\JBNU\git\ConstraintsRecovery\assets\tankwar\asset2:IF:8-332,E234,E205,,FIELD_REFERENCE,C:\Users\JBNU\git\ConstraintsRecovery\assets\tankwar\asset2,214,G4,G4,TankWar_P1|TankWar_P2|TankWar_P3|TankWar_P4|TankWar_P5,TankWar_P1|TankWar_P2|TankWar_P3|TankWar_P4|TankWar_P5,UNKNOWN,UNKNOWN,0.600,0.200,LOW,INTRA_BLOCK,RESOLVED_INTERNAL,TankWar_P1|TankWar_P2|TankWar_P3|TankWar_P4|TankWar_P5
D1053,C:\Users\JBNU\git\ConstraintsRecovery\assets\tankwar\asset2:IF:8-332,C:\Users\JBNU\git\ConstraintsRecovery\assets\tankwar\asset2:IF:8-332,E234,E208,,FIELD_REFERENCE,C:\Users\JBNU\git\ConstraintsRecovery\assets\tankwar\asset2,214,G4,G4,TankWar_P1|TankWar_P2|TankWar_P3|TankWar_P4|TankWar_P5,TankWar_P1|TankWar_P2|TankWar_P3|TankWar_P4|TankWar_P5,UNKNOWN,UNKNOWN,0.600,0.200,LOW,INTRA_BLOCK,RESOLVED_INTERNAL,TankWar_P1|TankWar_P2|TankWar_P3|TankWar_P4|TankWar_P5
D1054,C:\Users\JBNU\git\ConstraintsRecovery\assets\tankwar\asset2:IF:8-332,C:\Users\JBNU\git\ConstraintsRecovery\assets\tankwar\asset2:IF:8-332,E234,E211,,FIELD_REFERENCE,C:\Users\JBNU\git\ConstraintsRecovery\assets\tankwar\asset2,214,G4,G4,TankWar_P1|TankWar_P2|TankWar_P3|TankWar_P4|TankWar_P5,TankWar_P1|TankWar_P2|TankWar_P3|TankWar_P4|TankWar_P5,UNKNOWN,UNKNOWN,0.600,0.200,LOW,INTRA_BLOCK,RESOLVED_INTERNAL,TankWar_P1|TankWar_P2|TankWar_P3|TankWar_P4|TankWar_P5
D1055,C:\Users\JBNU\git\ConstraintsRecovery\assets\tankwar\asset2:IF:8-332,C:\Users\JBNU\git\ConstraintsRecovery\assets\tankwar\asset15:IF:8-281,E234,E123,,METHOD_CALL,C:\Users\JBNU\git\ConstraintsRecovery\assets\tankwar\asset2,214,G4,G4,TankWar_P1|TankWar_P2|TankWar_P3|TankWar_P4|TankWar_P5,TankWar_P1|TankWar_P2|TankWar_P3|TankWar_P4|TankWar_P5,UNKNOWN,UNKNOWN,0.750,0.200,LOW,NONE,RESOLVED_INTERNAL,TankWar_P1|TankWar_P2|TankWar_P3|TankWar_P4|TankWar_P5
D1056,C:\Users\JBNU\git\ConstraintsRecovery\assets\tankwar\asset2:IF:8-332,C:\Users\JBNU\git\ConstraintsRecovery\assets\tankwar\asset2:IF:8-332,E234,E208,,FIELD_REFERENCE,C:\Users\JBNU\git\ConstraintsRecovery\assets\tankwar\asset2,215,G4,G4,TankWar_P1|TankWar_P2|TankWar_P3|TankWar_P4|TankWar_P5,TankWar_P1|TankWar_P2|TankWar_P3|TankWar_P4|TankWar_P5,UNKNOWN,UNKNOWN,0.600,0.200,LOW,INTRA_BLOCK,RESOLVED_INTERNAL,TankWar_P1|TankWar_P2|TankWar_P3|TankWar_P4|TankWar_P5
D1057,C:\Users\JBNU\git\ConstraintsRecovery\assets\tankwar\asset2:IF:8-332,C:\Users\JBNU\git\ConstraintsRecovery\assets\tankwar\asset15:IF:8-281,E234,E124,,METHOD_CALL,C:\Users\JBNU\git\ConstraintsRecovery\assets\tankwar\asset2,215,G4,G4,TankWar_P1|TankWar_P2|TankWar_P3|TankWar_P4|TankWar_P5,TankWar_P1|TankWar_P2|TankWar_P3|TankWar_P4|TankWar_P5,UNKNOWN,UNKNOWN,0.750,0.200,LOW,NONE,RESOLVED_INTERNAL,TankWar_P1|TankWar_P2|TankWar_P3|TankWar_P4|TankWar_P5
D1058,C:\Users\JBNU\git\ConstraintsRecovery\assets\tankwar\asset2:IF:8-332,C:\Users\JBNU\git\ConstraintsRecovery\assets\tankwar\asset2:IF:8-332,E234,E208,,FIELD_REFERENCE,C:\Users\JBNU\git\ConstraintsRecovery\assets\tankwar\asset2,216,G4,G4,TankWar_P1|TankWar_P2|TankWar_P3|TankWar_P4|TankWar_P5,TankWar_P1|TankWar_P2|TankWar_P3|TankWar_P4|TankWar_P5,UNKNOWN,UNKNOWN,0.600,0.200,LOW,INTRA_BLOCK,RESOLVED_INTERNAL,TankWar_P1|TankWar_P2|TankWar_P3|TankWar_P4|TankWar_P5
D1059,C:\Users\JBNU\git\ConstraintsRecovery\assets\tankwar\asset2:IF:8-332,C:\Users\JBNU\git\ConstraintsRecovery\assets\tankwar\asset2:IF:8-332,E234,E208,,FIELD_REFERENCE,C:\Users\JBNU\git\ConstraintsRecovery\assets\tankwar\asset2,217,G4,G4,TankWar_P1|TankWar_P2|TankWar_P3|TankWar_P4|TankWar_P5,TankWar_P1|TankWar_P2|TankWar_P3|TankWar_P4|TankWar_P5,UNKNOWN,UNKNOWN,0.600,0.200,LOW,INTRA_BLOCK,RESOLVED_INTERNAL,TankWar_P1|TankWar_P2|TankWar_P3|TankWar_P4|TankWar_P5
D1060,C:\Users\JBNU\git\ConstraintsRecovery\assets\tankwar\asset2:IF:8-332,C:\Users\JBNU\git\ConstraintsRecovery\assets\tankwar\asset15:IF:8-281,E234,E125,,METHOD_CALL,C:\Users\JBNU\git\ConstraintsRecovery\assets\tankwar\asset2,217,G4,G4,TankWar_P1|TankWar_P2|TankWar_P3|TankWar_P4|TankWar_P5,TankWar_P1|TankWar_P2|TankWar_P3|TankWar_P4|TankWar_P5,UNKNOWN,UNKNOWN,0.750,0.200,LOW,NONE,RESOLVED_INTERNAL,TankWar_P1|TankWar_P2|TankWar_P3|TankWar_P4|TankWar_P5
D1061,C:\Users\JBNU\git\ConstraintsRecovery\assets\tankwar\asset2:IF:8-332,C:\Users\JBNU\git\ConstraintsRecovery\assets\tankwar\asset2:IF:8-332,E234,E208,,FIELD_REFERENCE,C:\Users\JBNU\git\ConstraintsRecovery\assets\tankwar\asset2,218,G4,G4,TankWar_P1|TankWar_P2|TankWar_P3|TankWar_P4|TankWar_P5,TankWar_P1|TankWar_P2|TankWar_P3|TankWar_P4|TankWar_P5,UNKNOWN,UNKNOWN,0.600,0.200,LOW,INTRA_BLOCK,RESOLVED_INTERNAL,TankWar_P1|TankWar_P2|TankWar_P3|TankWar_P4|TankWar_P5
D1062,C:\Users\JBNU\git\ConstraintsRecovery\assets\tankwar\asset2:IF:8-332,C:\Users\JBNU\git\ConstraintsRecovery\assets\tankwar\asset15:IF:8-281,E234,E124,,METHOD_CALL,C:\Users\JBNU\git\ConstraintsRecovery\assets\tankwar\asset2,218,G4,G4,TankWar_P1|TankWar_P2|TankWar_P3|TankWar_P4|TankWar_P5,TankWar_P1|TankWar_P2|TankWar_P3|TankWar_P4|TankWar_P5,UNKNOWN,UNKNOWN,0.750,0.200,LOW,NONE,RESOLVED_INTERNAL,TankWar_P1|TankWar_P2|TankWar_P3|TankWar_P4|TankWar_P5
D1063,C:\Users\JBNU\git\ConstraintsRecovery\assets\tankwar\asset2:IF:8-332,C:\Users\JBNU\git\ConstraintsRecovery\assets\tankwar\asset2:IF:8-332,E234,E206,,FIELD_REFERENCE,C:\Users\JBNU\git\ConstraintsRecovery\assets\tankwar\asset2,220,G4,G4,TankWar_P1|TankWar_P2|TankWar_P3|TankWar_P4|TankWar_P5,TankWar_P1|TankWar_P2|TankWar_P3|TankWar_P4|TankWar_P5,UNKNOWN,UNKNOWN,0.600,0.200,LOW,INTRA_BLOCK,RESOLVED_INTERNAL,TankWar_P1|TankWar_P2|TankWar_P3|TankWar_P4|TankWar_P5
D1064,C:\Users\JBNU\git\ConstraintsRecovery\assets\tankwar\asset2:IF:8-332,C:\Users\JBNU\git\ConstraintsRecovery\assets\tankwar\asset2:IF:8-332,E234,E208,,FIELD_REFERENCE,C:\Users\JBNU\git\ConstraintsRecovery\assets\tankwar\asset2,220,G4,G4,TankWar_P1|TankWar_P2|TankWar_P3|TankWar_P4|TankWar_P5,TankWar_P1|TankWar_P2|TankWar_P3|TankWar_P4|TankWar_P5,UNKNOWN,UNKNOWN,0.600,0.200,LOW,INTRA_BLOCK,RESOLVED_INTERNAL,TankWar_P1|TankWar_P2|TankWar_P3|TankWar_P4|TankWar_P5
D1065,C:\Users\JBNU\git\ConstraintsRecovery\assets\tankwar\asset2:IF:8-332,C:\Users\JBNU\git\ConstraintsRecovery\assets\tankwar\asset15:IF:8-281,E234,E132,,METHOD_CALL,C:\Users\JBNU\git\ConstraintsRecovery\assets\tankwar\asset2,220,G4,G4,TankWar_P1|TankWar_P2|TankWar_P3|TankWar_P4|TankWar_P5,TankWar_P1|TankWar_P2|TankWar_P3|TankWar_P4|TankWar_P5,UNKNOWN,UNKNOWN,0.750,0.200,LOW,NONE,RESOLVED_INTERNAL,TankWar_P1|TankWar_P2|TankWar_P3|TankWar_P4|TankWar_P5
D1066,C:\Users\JBNU\git\ConstraintsRecovery\assets\tankwar\asset2:IF:8-332,C:\Users\JBNU\git\ConstraintsRecovery\assets\tankwar\asset2:IF:8-332,E235,E208,,FIELD_REFERENCE,C:\Users\JBNU\git\ConstraintsRecovery\assets\tankwar\asset2,223,G4,G4,TankWar_P1|TankWar_P2|TankWar_P3|TankWar_P4|TankWar_P5,TankWar_P1|TankWar_P2|TankWar_P3|TankWar_P4|TankWar_P5,UNKNOWN,UNKNOWN,0.600,0.200,LOW,INTRA_BLOCK,RESOLVED_INTERNAL,TankWar_P1|TankWar_P2|TankWar_P3|TankWar_P4|TankWar_P5
D1067,C:\Users\JBNU\git\ConstraintsRecovery\assets\tankwar\asset2:IF:8-332,C:\Users\JBNU\git\ConstraintsRecovery\assets\tankwar\asset2:IF:8-332,E235,E208,,FIELD_REFERENCE,C:\Users\JBNU\git\ConstraintsRecovery\assets\tankwar\asset2,224,G4,G4,TankWar_P1|TankWar_P2|TankWar_P3|TankWar_P4|TankWar_P5,TankWar_P1|TankWar_P2|TankWar_P3|TankWar_P4|TankWar_P5,UNKNOWN,UNKNOWN,0.600,0.200,LOW,INTRA_BLOCK,RESOLVED_INTERNAL,TankWar_P1|TankWar_P2|TankWar_P3|TankWar_P4|TankWar_P5
D1068,C:\Users\JBNU\git\ConstraintsRecovery\assets\tankwar\asset2:IF:8-332,C:\Users\JBNU\git\ConstraintsRecovery\assets\tankwar\asset15:IF:8-281,E235,E131,,METHOD_CALL,C:\Users\JBNU\git\ConstraintsRecovery\assets\tankwar\asset2,224,G4,G4,TankWar_P1|TankWar_P2|TankWar_P3|TankWar_P4|TankWar_P5,TankWar_P1|TankWar_P2|TankWar_P3|TankWar_P4|TankWar_P5,UNKNOWN,UNKNOWN,0.750,0.200,LOW,NONE,RESOLVED_INTERNAL,TankWar_P1|TankWar_P2|TankWar_P3|TankWar_P4|TankWar_P5
D1069,C:\Users\JBNU\git\ConstraintsRecovery\assets\tankwar\asset2:IF:8-332,C:\Users\JBNU\git\ConstraintsRecovery\assets\tankwar\asset2:IF:8-332,E236,E203,,FIELD_REFERENCE,C:\Users\JBNU\git\ConstraintsRecovery\assets\tankwar\asset2,230,G4,G4,TankWar_P1|TankWar_P2|TankWar_P3|TankWar_P4|TankWar_P5,TankWar_P1|TankWar_P2|TankWar_P3|TankWar_P4|TankWar_P5,UNKNOWN,UNKNOWN,0.600,0.200,LOW,INTRA_BLOCK,RESOLVED_INTERNAL,TankWar_P1|TankWar_P2|TankWar_P3|TankWar_P4|TankWar_P5
D1070,C:\Users\JBNU\git\ConstraintsRecovery\assets\tankwar\asset2:IF:8-332,C:\Users\JBNU\git\ConstraintsRecovery\assets\tankwar\asset2:IF:8-332,E236,E208,,FIELD_REFERENCE,C:\Users\JBNU\git\ConstraintsRecovery\assets\tankwar\asset2,231,G4,G4,TankWar_P1|TankWar_P2|TankWar_P3|TankWar_P4|TankWar_P5,TankWar_P1|TankWar_P2|TankWar_P3|TankWar_P4|TankWar_P5,UNKNOWN,UNKNOWN,0.600,0.200,LOW,INTRA_BLOCK,RESOLVED_INTERNAL,TankWar_P1|TankWar_P2|TankWar_P3|TankWar_P4|TankWar_P5
D1071,C:\Users\JBNU\git\ConstraintsRecovery\assets\tankwar\asset2:IF:8-332,C:\Users\JBNU\git\ConstraintsRecovery\assets\tankwar\asset2:IF:8-332,E236,E203,,FIELD_REFERENCE,C:\Users\JBNU\git\ConstraintsRecovery\assets\tankwar\asset2,235,G4,G4,TankWar_P1|TankWar_P2|TankWar_P3|TankWar_P4|TankWar_P5,TankWar_P1|TankWar_P2|TankWar_P3|TankWar_P4|TankWar_P5,UNKNOWN,UNKNOWN,0.600,0.200,LOW,INTRA_BLOCK,RESOLVED_INTERNAL,TankWar_P1|TankWar_P2|TankWar_P3|TankWar_P4|TankWar_P5
D1072,C:\Users\JBNU\git\ConstraintsRecovery\assets\tankwar\asset2:IF:8-332,C:\Users\JBNU\git\ConstraintsRecovery\assets\tankwar\asset2:IF:8-332,E236,E208,,FIELD_REFERENCE,C:\Users\JBNU\git\ConstraintsRecovery\assets\tankwar\asset2,236,G4,G4,TankWar_P1|TankWar_P2|TankWar_P3|TankWar_P4|TankWar_P5,TankWar_P1|TankWar_P2|TankWar_P3|TankWar_P4|TankWar_P5,UNKNOWN,UNKNOWN,0.600,0.200,LOW,INTRA_BLOCK,RESOLVED_INTERNAL,TankWar_P1|TankWar_P2|TankWar_P3|TankWar_P4|TankWar_P5
D1073,C:\Users\JBNU\git\ConstraintsRecovery\assets\tankwar\asset2:IF:8-332,C:\Users\JBNU\git\ConstraintsRecovery\assets\tankwar\asset2:IF:8-332,E236,E203,,FIELD_REFERENCE,C:\Users\JBNU\git\ConstraintsRecovery\assets\tankwar\asset2,240,G4,G4,TankWar_P1|TankWar_P2|TankWar_P3|TankWar_P4|TankWar_P5,TankWar_P1|TankWar_P2|TankWar_P3|TankWar_P4|TankWar_P5,UNKNOWN,UNKNOWN,0.600,0.200,LOW,INTRA_BLOCK,RESOLVED_INTERNAL,TankWar_P1|TankWar_P2|TankWar_P3|TankWar_P4|TankWar_P5
D1074,C:\Users\JBNU\git\ConstraintsRecovery\assets\tankwar\asset2:IF:8-332,C:\Users\JBNU\git\ConstraintsRecovery\assets\tankwar\asset2:IF:8-332,E236,E208,,FIELD_REFERENCE,C:\Users\JBNU\git\ConstraintsRecovery\assets\tankwar\asset2,241,G4,G4,TankWar_P1|TankWar_P2|TankWar_P3|TankWar_P4|TankWar_P5,TankWar_P1|TankWar_P2|TankWar_P3|TankWar_P4|TankWar_P5,UNKNOWN,UNKNOWN,0.600,0.200,LOW,INTRA_BLOCK,RESOLVED_INTERNAL,TankWar_P1|TankWar_P2|TankWar_P3|TankWar_P4|TankWar_P5
D1075,C:\Users\JBNU\git\ConstraintsRecovery\assets\tankwar\asset2:IF:8-332,C:\Users\JBNU\git\ConstraintsRecovery\assets\tankwar\asset2:IF:8-332,E236,E203,,FIELD_REFERENCE,C:\Users\JBNU\git\ConstraintsRecovery\assets\tankwar\asset2,245,G4,G4,TankWar_P1|TankWar_P2|TankWar_P3|TankWar_P4|TankWar_P5,TankWar_P1|TankWar_P2|TankWar_P3|TankWar_P4|TankWar_P5,UNKNOWN,UNKNOWN,0.600,0.200,LOW,INTRA_BLOCK,RESOLVED_INTERNAL,TankWar_P1|TankWar_P2|TankWar_P3|TankWar_P4|TankWar_P5
D1076,C:\Users\JBNU\git\ConstraintsRecovery\assets\tankwar\asset2:IF:8-332,C:\Users\JBNU\git\ConstraintsRecovery\assets\tankwar\asset2:IF:8-332,E236,E208,,FIELD_REFERENCE,C:\Users\JBNU\git\ConstraintsRecovery\assets\tankwar\asset2,246,G4,G4,TankWar_P1|TankWar_P2|TankWar_P3|TankWar_P4|TankWar_P5,TankWar_P1|TankWar_P2|TankWar_P3|TankWar_P4|TankWar_P5,UNKNOWN,UNKNOWN,0.600,0.200,LOW,INTRA_BLOCK,RESOLVED_INTERNAL,TankWar_P1|TankWar_P2|TankWar_P3|TankWar_P4|TankWar_P5
D1077,C:\Users\JBNU\git\ConstraintsRecovery\assets\tankwar\asset2:IF:8-332,C:\Users\JBNU\git\ConstraintsRecovery\assets\tankwar\asset2:IF:8-332,E236,E203,,FIELD_REFERENCE,C:\Users\JBNU\git\ConstraintsRecovery\assets\tankwar\asset2,250,G4,G4,TankWar_P1|TankWar_P2|TankWar_P3|TankWar_P4|TankWar_P5,TankWar_P1|TankWar_P2|TankWar_P3|TankWar_P4|TankWar_P5,UNKNOWN,UNKNOWN,0.600,0.200,LOW,INTRA_BLOCK,RESOLVED_INTERNAL,TankWar_P1|TankWar_P2|TankWar_P3|TankWar_P4|TankWar_P5
D1078,C:\Users\JBNU\git\ConstraintsRecovery\assets\tankwar\asset2:IF:8-332,C:\Users\JBNU\git\ConstraintsRecovery\assets\tankwar\asset2:IF:8-332,E236,E208,,FIELD_REFERENCE,C:\Users\JBNU\git\ConstraintsRecovery\assets\tankwar\asset2,251,G4,G4,TankWar_P1|TankWar_P2|TankWar_P3|TankWar_P4|TankWar_P5,TankWar_P1|TankWar_P2|TankWar_P3|TankWar_P4|TankWar_P5,UNKNOWN,UNKNOWN,0.600,0.200,LOW,INTRA_BLOCK,RESOLVED_INTERNAL,TankWar_P1|TankWar_P2|TankWar_P3|TankWar_P4|TankWar_P5
D1079,C:\Users\JBNU\git\ConstraintsRecovery\assets\tankwar\asset2:IF:8-332,C:\Users\JBNU\git\ConstraintsRecovery\assets\tankwar\asset2:IF:8-332,E236,E203,,FIELD_REFERENCE,C:\Users\JBNU\git\ConstraintsRecovery\assets\tankwar\asset2,255,G4,G4,TankWar_P1|TankWar_P2|TankWar_P3|TankWar_P4|TankWar_P5,TankWar_P1|TankWar_P2|TankWar_P3|TankWar_P4|TankWar_P5,UNKNOWN,UNKNOWN,0.600,0.200,LOW,INTRA_BLOCK,RESOLVED_INTERNAL,TankWar_P1|TankWar_P2|TankWar_P3|TankWar_P4|TankWar_P5
D1080,C:\Users\JBNU\git\ConstraintsRecovery\assets\tankwar\asset2:IF:8-332,C:\Users\JBNU\git\ConstraintsRecovery\assets\tankwar\asset2:IF:8-332,E236,E208,,FIELD_REFERENCE,C:\Users\JBNU\git\ConstraintsRecovery\assets\tankwar\asset2,256,G4,G4,TankWar_P1|TankWar_P2|TankWar_P3|TankWar_P4|TankWar_P5,TankWar_P1|TankWar_P2|TankWar_P3|TankWar_P4|TankWar_P5,UNKNOWN,UNKNOWN,0.600,0.200,LOW,INTRA_BLOCK,RESOLVED_INTERNAL,TankWar_P1|TankWar_P2|TankWar_P3|TankWar_P4|TankWar_P5
D1081,C:\Users\JBNU\git\ConstraintsRecovery\assets\tankwar\asset2:IF:8-332,C:\Users\JBNU\git\ConstraintsRecovery\assets\tankwar\asset2:IF:8-332,E236,E203,,FIELD_REFERENCE,C:\Users\JBNU\git\ConstraintsRecovery\assets\tankwar\asset2,263,G4,G4,TankWar_P1|TankWar_P2|TankWar_P3|TankWar_P4|TankWar_P5,TankWar_P1|TankWar_P2|TankWar_P3|TankWar_P4|TankWar_P5,UNKNOWN,UNKNOWN,0.600,0.200,LOW,INTRA_BLOCK,RESOLVED_INTERNAL,TankWar_P1|TankWar_P2|TankWar_P3|TankWar_P4|TankWar_P5
D1082,C:\Users\JBNU\git\ConstraintsRecovery\assets\tankwar\asset2:IF:8-332,C:\Users\JBNU\git\ConstraintsRecovery\assets\tankwar\asset2:IF:8-332,E236,E208,,FIELD_REFERENCE,C:\Users\JBNU\git\ConstraintsRecovery\assets\tankwar\asset2,264,G4,G4,TankWar_P1|TankWar_P2|TankWar_P3|TankWar_P4|TankWar_P5,TankWar_P1|TankWar_P2|TankWar_P3|TankWar_P4|TankWar_P5,UNKNOWN,UNKNOWN,0.600,0.200,LOW,INTRA_BLOCK,RESOLVED_INTERNAL,TankWar_P1|TankWar_P2|TankWar_P3|TankWar_P4|TankWar_P5
D1083,C:\Users\JBNU\git\ConstraintsRecovery\assets\tankwar\asset2:IF:8-332,C:\Users\JBNU\git\ConstraintsRecovery\assets\tankwar\asset2:IF:8-332,E236,E233,,METHOD_CALL,C:\Users\JBNU\git\ConstraintsRecovery\assets\tankwar\asset2,267,G4,G4,TankWar_P1|TankWar_P2|TankWar_P3|TankWar_P4|TankWar_P5,TankWar_P1|TankWar_P2|TankWar_P3|TankWar_P4|TankWar_P5,UNKNOWN,UNKNOWN,0.750,0.200,LOW,INTRA_BLOCK,RESOLVED_INTERNAL,TankWar_P1|TankWar_P2|TankWar_P3|TankWar_P4|TankWar_P5
D1084,C:\Users\JBNU\git\ConstraintsRecovery\assets\tankwar\asset2:IF:8-332,C:\Users\JBNU\git\ConstraintsRecovery\assets\tankwar\asset2:IF:8-332,E236,E208,,FIELD_REFERENCE,C:\Users\JBNU\git\ConstraintsRecovery\assets\tankwar\asset2,270,G4,G4,TankWar_P1|TankWar_P2|TankWar_P3|TankWar_P4|TankWar_P5,TankWar_P1|TankWar_P2|TankWar_P3|TankWar_P4|TankWar_P5,UNKNOWN,UNKNOWN,0.600,0.200,LOW,INTRA_BLOCK,RESOLVED_INTERNAL,TankWar_P1|TankWar_P2|TankWar_P3|TankWar_P4|TankWar_P5
D1085,C:\Users\JBNU\git\ConstraintsRecovery\assets\tankwar\asset2:IF:8-332,C:\Users\JBNU\git\ConstraintsRecovery\assets\tankwar\asset2:IF:8-332,E236,E214,,FIELD_REFERENCE,C:\Users\JBNU\git\ConstraintsRecovery\assets\tankwar\asset2,271,G4,G4,TankWar_P1|TankWar_P2|TankWar_P3|TankWar_P4|TankWar_P5,TankWar_P1|TankWar_P2|TankWar_P3|TankWar_P4|TankWar_P5,UNKNOWN,UNKNOWN,0.600,0.200,LOW,INTRA_BLOCK,RESOLVED_INTERNAL,TankWar_P1|TankWar_P2|TankWar_P3|TankWar_P4|TankWar_P5
D1086,C:\Users\JBNU\git\ConstraintsRecovery\assets\tankwar\asset2:IF:8-332,C:\Users\JBNU\git\ConstraintsRecovery\assets\tankwar\asset2:IF:8-332,E236,E203,,FIELD_REFERENCE,C:\Users\JBNU\git\ConstraintsRecovery\assets\tankwar\asset2,273,G4,G4,TankWar_P1|TankWar_P2|TankWar_P3|TankWar_P4|TankWar_P5,TankWar_P1|TankWar_P2|TankWar_P3|TankWar_P4|TankWar_P5,UNKNOWN,UNKNOWN,0.600,0.200,LOW,INTRA_BLOCK,RESOLVED_INTERNAL,TankWar_P1|TankWar_P2|TankWar_P3|TankWar_P4|TankWar_P5
D1087,C:\Users\JBNU\git\ConstraintsRecovery\assets\tankwar\asset2:IF:8-332,C:\Users\JBNU\git\ConstraintsRecovery\assets\tankwar\asset2:IF:8-332,E236,E208,,FIELD_REFERENCE,C:\Users\JBNU\git\ConstraintsRecovery\assets\tankwar\asset2,276,G4,G4,TankWar_P1|TankWar_P2|TankWar_P3|TankWar_P4|TankWar_P5,TankWar_P1|TankWar_P2|TankWar_P3|TankWar_P4|TankWar_P5,UNKNOWN,UNKNOWN,0.600,0.200,LOW,INTRA_BLOCK,RESOLVED_INTERNAL,TankWar_P1|TankWar_P2|TankWar_P3|TankWar_P4|TankWar_P5
D1088,C:\Users\JBNU\git\ConstraintsRecovery\assets\tankwar\asset2:IF:8-332,C:\Users\JBNU\git\ConstraintsRecovery\assets\tankwar\asset2:IF:8-332,E236,E214,,FIELD_REFERENCE,C:\Users\JBNU\git\ConstraintsRecovery\assets\tankwar\asset2,277,G4,G4,TankWar_P1|TankWar_P2|TankWar_P3|TankWar_P4|TankWar_P5,TankWar_P1|TankWar_P2|TankWar_P3|TankWar_P4|TankWar_P5,UNKNOWN,UNKNOWN,0.600,0.200,LOW,INTRA_BLOCK,RESOLVED_INTERNAL,TankWar_P1|TankWar_P2|TankWar_P3|TankWar_P4|TankWar_P5
D1089,C:\Users\JBNU\git\ConstraintsRecovery\assets\tankwar\asset2:IF:8-332,C:\Users\JBNU\git\ConstraintsRecovery\assets\tankwar\asset2:IF:8-332,E236,E203,,FIELD_REFERENCE,C:\Users\JBNU\git\ConstraintsRecovery\assets\tankwar\asset2,279,G4,G4,TankWar_P1|TankWar_P2|TankWar_P3|TankWar_P4|TankWar_P5,TankWar_P1|TankWar_P2|TankWar_P3|TankWar_P4|TankWar_P5,UNKNOWN,UNKNOWN,0.600,0.200,LOW,INTRA_BLOCK,RESOLVED_INTERNAL,TankWar_P1|TankWar_P2|TankWar_P3|TankWar_P4|TankWar_P5
D1090,C:\Users\JBNU\git\ConstraintsRecovery\assets\tankwar\asset2:IF:8-332,C:\Users\JBNU\git\ConstraintsRecovery\assets\tankwar\asset2:IF:8-332,E236,E208,,FIELD_REFERENCE,C:\Users\JBNU\git\ConstraintsRecovery\assets\tankwar\asset2,282,G4,G4,TankWar_P1|TankWar_P2|TankWar_P3|TankWar_P4|TankWar_P5,TankWar_P1|TankWar_P2|TankWar_P3|TankWar_P4|TankWar_P5,UNKNOWN,UNKNOWN,0.600,0.200,LOW,INTRA_BLOCK,RESOLVED_INTERNAL,TankWar_P1|TankWar_P2|TankWar_P3|TankWar_P4|TankWar_P5
D1091,C:\Users\JBNU\git\ConstraintsRecovery\assets\tankwar\asset2:IF:8-332,C:\Users\JBNU\git\ConstraintsRecovery\assets\tankwar\asset2:IF:8-332,E236,E214,,FIELD_REFERENCE,C:\Users\JBNU\git\ConstraintsRecovery\assets\tankwar\asset2,283,G4,G4,TankWar_P1|TankWar_P2|TankWar_P3|TankWar_P4|TankWar_P5,TankWar_P1|TankWar_P2|TankWar_P3|TankWar_P4|TankWar_P5,UNKNOWN,UNKNOWN,0.600,0.200,LOW,INTRA_BLOCK,RESOLVED_INTERNAL,TankWar_P1|TankWar_P2|TankWar_P3|TankWar_P4|TankWar_P5
D1092,C:\Users\JBNU\git\ConstraintsRecovery\assets\tankwar\asset2:IF:8-332,C:\Users\JBNU\git\ConstraintsRecovery\assets\tankwar\asset2:IF:8-332,E236,E203,,FIELD_REFERENCE,C:\Users\JBNU\git\ConstraintsRecovery\assets\tankwar\asset2,285,G4,G4,TankWar_P1|TankWar_P2|TankWar_P3|TankWar_P4|TankWar_P5,TankWar_P1|TankWar_P2|TankWar_P3|TankWar_P4|TankWar_P5,UNKNOWN,UNKNOWN,0.600,0.200,LOW,INTRA_BLOCK,RESOLVED_INTERNAL,TankWar_P1|TankWar_P2|TankWar_P3|TankWar_P4|TankWar_P5
D1093,C:\Users\JBNU\git\ConstraintsRecovery\assets\tankwar\asset2:IF:8-332,C:\Users\JBNU\git\ConstraintsRecovery\assets\tankwar\asset2:IF:8-332,E238,E207,,FIELD_REFERENCE,C:\Users\JBNU\git\ConstraintsRecovery\assets\tankwar\asset2,292,G4,G4,TankWar_P1|TankWar_P2|TankWar_P3|TankWar_P4|TankWar_P5,TankWar_P1|TankWar_P2|TankWar_P3|TankWar_P4|TankWar_P5,UNKNOWN,UNKNOWN,0.600,0.200,LOW,INTRA_BLOCK,RESOLVED_INTERNAL,TankWar_P1|TankWar_P2|TankWar_P3|TankWar_P4|TankWar_P5
D1094,C:\Users\JBNU\git\ConstraintsRecovery\assets\tankwar\asset2:IF:8-332,C:\Users\JBNU\git\ConstraintsRecovery\assets\tankwar\asset16:IF:8-49,E238,E136,,FIELD_REFERENCE,C:\Users\JBNU\git\ConstraintsRecovery\assets\tankwar\asset2,293,G4,G4,TankWar_P1|TankWar_P2|TankWar_P3|TankWar_P4|TankWar_P5,TankWar_P1|TankWar_P2|TankWar_P3|TankWar_P4|TankWar_P5,UNKNOWN,UNKNOWN,0.600,0.200,LOW,NONE,RESOLVED_INTERNAL,TankWar_P1|TankWar_P2|TankWar_P3|TankWar_P4|TankWar_P5
D1095,C:\Users\JBNU\git\ConstraintsRecovery\assets\tankwar\asset2:IF:8-332,C:\Users\JBNU\git\ConstraintsRecovery\assets\tankwar\asset2:IF:8-332,E238,E204,,FIELD_REFERENCE,C:\Users\JBNU\git\ConstraintsRecovery\assets\tankwar\asset2,293,G4,G4,TankWar_P1|TankWar_P2|TankWar_P3|TankWar_P4|TankWar_P5,TankWar_P1|TankWar_P2|TankWar_P3|TankWar_P4|TankWar_P5,UNKNOWN,UNKNOWN,0.600,0.200,LOW,INTRA_BLOCK,RESOLVED_INTERNAL,TankWar_P1|TankWar_P2|TankWar_P3|TankWar_P4|TankWar_P5
D1096,C:\Users\JBNU\git\ConstraintsRecovery\assets\tankwar\asset2:IF:8-332,C:\Users\JBNU\git\ConstraintsRecovery\assets\tankwar\asset2:IF:8-332,E238,E205,,FIELD_REFERENCE,C:\Users\JBNU\git\ConstraintsRecovery\assets\tankwar\asset2,293,G4,G4,TankWar_P1|TankWar_P2|TankWar_P3|TankWar_P4|TankWar_P5,TankWar_P1|TankWar_P2|TankWar_P3|TankWar_P4|TankWar_P5,UNKNOWN,UNKNOWN,0.600,0.200,LOW,INTRA_BLOCK,RESOLVED_INTERNAL,TankWar_P1|TankWar_P2|TankWar_P3|TankWar_P4|TankWar_P5
D1097,C:\Users\JBNU\git\ConstraintsRecovery\assets\tankwar\asset2:IF:8-332,C:\Users\JBNU\git\ConstraintsRecovery\assets\tankwar\asset2:IF:8-332,E238,E207,,FIELD_REFERENCE,C:\Users\JBNU\git\ConstraintsRecovery\assets\tankwar\asset2,293,G4,G4,TankWar_P1|TankWar_P2|TankWar_P3|TankWar_P4|TankWar_P5,TankWar_P1|TankWar_P2|TankWar_P3|TankWar_P4|TankWar_P5,UNKNOWN,UNKNOWN,0.600,0.200,LOW,INTRA_BLOCK,RESOLVED_INTERNAL,TankWar_P1|TankWar_P2|TankWar_P3|TankWar_P4|TankWar_P5
D1098,C:\Users\JBNU\git\ConstraintsRecovery\assets\tankwar\asset2:IF:8-332,C:\Users\JBNU\git\ConstraintsRecovery\assets\tankwar\asset2:IF:8-332,E238,E207,,FIELD_REFERENCE,C:\Users\JBNU\git\ConstraintsRecovery\assets\tankwar\asset2,295,G4,G4,TankWar_P1|TankWar_P2|TankWar_P3|TankWar_P4|TankWar_P5,TankWar_P1|TankWar_P2|TankWar_P3|TankWar_P4|TankWar_P5,UNKNOWN,UNKNOWN,0.600,0.200,LOW,INTRA_BLOCK,RESOLVED_INTERNAL,TankWar_P1|TankWar_P2|TankWar_P3|TankWar_P4|TankWar_P5
D1099,C:\Users\JBNU\git\ConstraintsRecovery\assets\tankwar\asset2:IF:8-332,C:\Users\JBNU\git\ConstraintsRecovery\assets\tankwar\asset16:IF:8-49,E238,E136,,FIELD_REFERENCE,C:\Users\JBNU\git\ConstraintsRecovery\assets\tankwar\asset2,298,G4,G4,TankWar_P1|TankWar_P2|TankWar_P3|TankWar_P4|TankWar_P5,TankWar_P1|TankWar_P2|TankWar_P3|TankWar_P4|TankWar_P5,UNKNOWN,UNKNOWN,0.600,0.200,LOW,NONE,RESOLVED_INTERNAL,TankWar_P1|TankWar_P2|TankWar_P3|TankWar_P4|TankWar_P5
D1100,C:\Users\JBNU\git\ConstraintsRecovery\assets\tankwar\asset2:IF:8-332,C:\Users\JBNU\git\ConstraintsRecovery\assets\tankwar\asset2:IF:8-332,E238,E204,,FIELD_REFERENCE,C:\Users\JBNU\git\ConstraintsRecovery\assets\tankwar\asset2,298,G4,G4,TankWar_P1|TankWar_P2|TankWar_P3|TankWar_P4|TankWar_P5,TankWar_P1|TankWar_P2|TankWar_P3|TankWar_P4|TankWar_P5,UNKNOWN,UNKNOWN,0.600,0.200,LOW,INTRA_BLOCK,RESOLVED_INTERNAL,TankWar_P1|TankWar_P2|TankWar_P3|TankWar_P4|TankWar_P5
D1101,C:\Users\JBNU\git\ConstraintsRecovery\assets\tankwar\asset2:IF:8-332,C:\Users\JBNU\git\ConstraintsRecovery\assets\tankwar\asset2:IF:8-332,E238,E205,,FIELD_REFERENCE,C:\Users\JBNU\git\ConstraintsRecovery\assets\tankwar\asset2,298,G4,G4,TankWar_P1|TankWar_P2|TankWar_P3|TankWar_P4|TankWar_P5,TankWar_P1|TankWar_P2|TankWar_P3|TankWar_P4|TankWar_P5,UNKNOWN,UNKNOWN,0.600,0.200,LOW,INTRA_BLOCK,RESOLVED_INTERNAL,TankWar_P1|TankWar_P2|TankWar_P3|TankWar_P4|TankWar_P5
D1102,C:\Users\JBNU\git\ConstraintsRecovery\assets\tankwar\asset2:IF:8-332,C:\Users\JBNU\git\ConstraintsRecovery\assets\tankwar\asset2:IF:8-332,E238,E244,,METHOD_CALL,C:\Users\JBNU\git\ConstraintsRecovery\assets\tankwar\asset2,298,G4,G4,TankWar_P1|TankWar_P2|TankWar_P3|TankWar_P4|TankWar_P5,TankWar_P1|TankWar_P2|TankWar_P3|TankWar_P4|TankWar_P5,UNKNOWN,UNKNOWN,0.750,0.200,LOW,INTRA_BLOCK,RESOLVED_INTERNAL,TankWar_P1|TankWar_P2|TankWar_P3|TankWar_P4|TankWar_P5
D1103,C:\Users\JBNU\git\ConstraintsRecovery\assets\tankwar\asset2:IF:8-332,C:\Users\JBNU\git\ConstraintsRecovery\assets\tankwar\asset2:IF:8-332,E238,E221,,METHOD_CALL,C:\Users\JBNU\git\ConstraintsRecovery\assets\tankwar\asset2,300,G4,G4,TankWar_P1|TankWar_P2|TankWar_P3|TankWar_P4|TankWar_P5,TankWar_P1|TankWar_P2|TankWar_P3|TankWar_P4|TankWar_P5,UNKNOWN,UNKNOWN,0.750,0.200,LOW,INTRA_BLOCK,RESOLVED_INTERNAL,TankWar_P1|TankWar_P2|TankWar_P3|TankWar_P4|TankWar_P5
D1104,C:\Users\JBNU\git\ConstraintsRecovery\assets\tankwar\asset2:IF:8-332,C:\Users\JBNU\git\ConstraintsRecovery\assets\tankwar\asset2:IF:8-332,E238,E207,,FIELD_REFERENCE,C:\Users\JBNU\git\ConstraintsRecovery\assets\tankwar\asset2,301,G4,G4,TankWar_P1|TankWar_P2|TankWar_P3|TankWar_P4|TankWar_P5,TankWar_P1|TankWar_P2|TankWar_P3|TankWar_P4|TankWar_P5,UNKNOWN,UNKNOWN,0.600,0.200,LOW,INTRA_BLOCK,RESOLVED_INTERNAL,TankWar_P1|TankWar_P2|TankWar_P3|TankWar_P4|TankWar_P5
D1105,C:\Users\JBNU\git\ConstraintsRecovery\assets\tankwar\asset2:IF:8-332,C:\Users\JBNU\git\ConstraintsRecovery\assets\tankwar\asset2:IF:8-332,E238,E210,,FIELD_REFERENCE,C:\Users\JBNU\git\ConstraintsRecovery\assets\tankwar\asset2,302,G4,G4,TankWar_P1|TankWar_P2|TankWar_P3|TankWar_P4|TankWar_P5,TankWar_P1|TankWar_P2|TankWar_P3|TankWar_P4|TankWar_P5,UNKNOWN,DOMAIN_SUPPORT,0.600,0.200,LOW,INTRA_BLOCK,RESOLVED_INTERNAL,TankWar_P1|TankWar_P2|TankWar_P3|TankWar_P4|TankWar_P5
D1106,C:\Users\JBNU\git\ConstraintsRecovery\assets\tankwar\asset2:IF:8-332,C:\Users\JBNU\git\ConstraintsRecovery\assets\tankwar\asset2:IF:8-332,E239,E204,,FIELD_REFERENCE,C:\Users\JBNU\git\ConstraintsRecovery\assets\tankwar\asset2,305,G4,G4,TankWar_P1|TankWar_P2|TankWar_P3|TankWar_P4|TankWar_P5,TankWar_P1|TankWar_P2|TankWar_P3|TankWar_P4|TankWar_P5,UNKNOWN,UNKNOWN,0.600,0.200,LOW,INTRA_BLOCK,RESOLVED_INTERNAL,TankWar_P1|TankWar_P2|TankWar_P3|TankWar_P4|TankWar_P5
D1107,C:\Users\JBNU\git\ConstraintsRecovery\assets\tankwar\asset2:IF:8-332,C:\Users\JBNU\git\ConstraintsRecovery\assets\tankwar\asset2:IF:8-332,E240,E205,,FIELD_REFERENCE,C:\Users\JBNU\git\ConstraintsRecovery\assets\tankwar\asset2,308,G4,G4,TankWar_P1|TankWar_P2|TankWar_P3|TankWar_P4|TankWar_P5,TankWar_P1|TankWar_P2|TankWar_P3|TankWar_P4|TankWar_P5,UNKNOWN,UNKNOWN,0.600,0.200,LOW,INTRA_BLOCK,RESOLVED_INTERNAL,TankWar_P1|TankWar_P2|TankWar_P3|TankWar_P4|TankWar_P5
D1108,C:\Users\JBNU\git\ConstraintsRecovery\assets\tankwar\asset2:IF:8-332,C:\Users\JBNU\git\ConstraintsRecovery\assets\tankwar\asset2:IF:8-332,E241,E206,,FIELD_REFERENCE,C:\Users\JBNU\git\ConstraintsRecovery\assets\tankwar\asset2,312,G4,G4,TankWar_P1|TankWar_P2|TankWar_P3|TankWar_P4|TankWar_P5,TankWar_P1|TankWar_P2|TankWar_P3|TankWar_P4|TankWar_P5,UNKNOWN,UNKNOWN,0.600,0.200,LOW,INTRA_BLOCK,RESOLVED_INTERNAL,TankWar_P1|TankWar_P2|TankWar_P3|TankWar_P4|TankWar_P5
D1109,C:\Users\JBNU\git\ConstraintsRecovery\assets\tankwar\asset2:IF:8-332,C:\Users\JBNU\git\ConstraintsRecovery\assets\tankwar\asset2:IF:8-332,E242,E212,,FIELD_REFERENCE,C:\Users\JBNU\git\ConstraintsRecovery\assets\tankwar\asset2,315,G4,G4,TankWar_P1|TankWar_P2|TankWar_P3|TankWar_P4|TankWar_P5,TankWar_P1|TankWar_P2|TankWar_P3|TankWar_P4|TankWar_P5,UNKNOWN,UNKNOWN,0.600,0.200,LOW,INTRA_BLOCK,RESOLVED_INTERNAL,TankWar_P1|TankWar_P2|TankWar_P3|TankWar_P4|TankWar_P5
D1110,C:\Users\JBNU\git\ConstraintsRecovery\assets\tankwar\asset2:IF:8-332,C:\Users\JBNU\git\ConstraintsRecovery\assets\tankwar\asset2:IF:8-332,E243,E206,,FIELD_REFERENCE,C:\Users\JBNU\git\ConstraintsRecovery\assets\tankwar\asset2,318,G4,G4,TankWar_P1|TankWar_P2|TankWar_P3|TankWar_P4|TankWar_P5,TankWar_P1|TankWar_P2|TankWar_P3|TankWar_P4|TankWar_P5,UNKNOWN,UNKNOWN,0.600,0.200,LOW,INTRA_BLOCK,RESOLVED_INTERNAL,TankWar_P1|TankWar_P2|TankWar_P3|TankWar_P4|TankWar_P5
D1111,C:\Users\JBNU\git\ConstraintsRecovery\assets\tankwar\asset2:IF:8-332,C:\Users\JBNU\git\ConstraintsRecovery\assets\tankwar\asset2:IF:8-332,E244,E206,,FIELD_REFERENCE,C:\Users\JBNU\git\ConstraintsRecovery\assets\tankwar\asset2,321,G4,G4,TankWar_P1|TankWar_P2|TankWar_P3|TankWar_P4|TankWar_P5,TankWar_P1|TankWar_P2|TankWar_P3|TankWar_P4|TankWar_P5,UNKNOWN,UNKNOWN,0.600,0.200,LOW,INTRA_BLOCK,RESOLVED_INTERNAL,TankWar_P1|TankWar_P2|TankWar_P3|TankWar_P4|TankWar_P5
D1112,C:\Users\JBNU\git\ConstraintsRecovery\assets\tankwar\asset2:IF:8-332,C:\Users\JBNU\git\ConstraintsRecovery\assets\tankwar\asset2:IF:8-332,E245,E206,,FIELD_REFERENCE,C:\Users\JBNU\git\ConstraintsRecovery\assets\tankwar\asset2,324,G4,G4,TankWar_P1|TankWar_P2|TankWar_P3|TankWar_P4|TankWar_P5,TankWar_P1|TankWar_P2|TankWar_P3|TankWar_P4|TankWar_P5,UNKNOWN,UNKNOWN,0.600,0.200,LOW,INTRA_BLOCK,RESOLVED_INTERNAL,TankWar_P1|TankWar_P2|TankWar_P3|TankWar_P4|TankWar_P5
D1113,C:\Users\JBNU\git\ConstraintsRecovery\assets\tankwar\asset2:IF:8-332,C:\Users\JBNU\git\ConstraintsRecovery\assets\tankwar\asset2:IF:8-332,E246,E206,,FIELD_REFERENCE,C:\Users\JBNU\git\ConstraintsRecovery\assets\tankwar\asset2,327,G4,G4,TankWar_P1|TankWar_P2|TankWar_P3|TankWar_P4|TankWar_P5,TankWar_P1|TankWar_P2|TankWar_P3|TankWar_P4|TankWar_P5,UNKNOWN,UNKNOWN,0.600,0.200,LOW,INTRA_BLOCK,RESOLVED_INTERNAL,TankWar_P1|TankWar_P2|TankWar_P3|TankWar_P4|TankWar_P5
D1114,C:\Users\JBNU\git\ConstraintsRecovery\assets\tankwar\asset2:IF:8-332,C:\Users\JBNU\git\ConstraintsRecovery\assets\tankwar\asset2:IF:8-332,E247,E206,,FIELD_REFERENCE,C:\Users\JBNU\git\ConstraintsRecovery\assets\tankwar\asset2,330,G4,G4,TankWar_P1|TankWar_P2|TankWar_P3|TankWar_P4|TankWar_P5,TankWar_P1|TankWar_P2|TankWar_P3|TankWar_P4|TankWar_P5,UNKNOWN,UNKNOWN,0.600,0.200,LOW,INTRA_BLOCK,RESOLVED_INTERNAL,TankWar_P1|TankWar_P2|TankWar_P3|TankWar_P4|TankWar_P5
D763,C:\Users\JBNU\git\ConstraintsRecovery\assets\tankwar\asset20:IF:8-41,C:\Users\JBNU\git\ConstraintsRecovery\assets\tankwar\asset13:IF:8-358,E252,E64,,METHOD_CALL,C:\Users\JBNU\git\ConstraintsRecovery\assets\tankwar\asset20,22,G4,G4,TankWar_P1|TankWar_P2|TankWar_P3|TankWar_P4|TankWar_P5,TankWar_P1|TankWar_P2|TankWar_P3|TankWar_P4|TankWar_P5,UNKNOWN,UNKNOWN,0.750,0.200,LOW,NONE,RESOLVED_INTERNAL,TankWar_P1|TankWar_P2|TankWar_P3|TankWar_P4|TankWar_P5
D764,C:\Users\JBNU\git\ConstraintsRecovery\assets\tankwar\asset20:IF:8-41,C:\Users\JBNU\git\ConstraintsRecovery\assets\tankwar\asset13:IF:8-358,E252,E64,,METHOD_CALL,C:\Users\JBNU\git\ConstraintsRecovery\assets\tankwar\asset20,25,G4,G4,TankWar_P1|TankWar_P2|TankWar_P3|TankWar_P4|TankWar_P5,TankWar_P1|TankWar_P2|TankWar_P3|TankWar_P4|TankWar_P5,UNKNOWN,UNKNOWN,0.750,0.200,LOW,NONE,RESOLVED_INTERNAL,TankWar_P1|TankWar_P2|TankWar_P3|TankWar_P4|TankWar_P5
D765,C:\Users\JBNU\git\ConstraintsRecovery\assets\tankwar\asset20:IF:8-41,C:\Users\JBNU\git\ConstraintsRecovery\assets\tankwar\asset13:IF:8-358,E252,E64,,METHOD_CALL,C:\Users\JBNU\git\ConstraintsRecovery\assets\tankwar\asset20,28,G4,G4,TankWar_P1|TankWar_P2|TankWar_P3|TankWar_P4|TankWar_P5,TankWar_P1|TankWar_P2|TankWar_P3|TankWar_P4|TankWar_P5,UNKNOWN,UNKNOWN,0.750,0.200,LOW,NONE,RESOLVED_INTERNAL,TankWar_P1|TankWar_P2|TankWar_P3|TankWar_P4|TankWar_P5
D766,C:\Users\JBNU\git\ConstraintsRecovery\assets\tankwar\asset20:IF:8-41,C:\Users\JBNU\git\ConstraintsRecovery\assets\tankwar\asset13:IF:8-358,E252,E64,,METHOD_CALL,C:\Users\JBNU\git\ConstraintsRecovery\assets\tankwar\asset20,31,G4,G4,TankWar_P1|TankWar_P2|TankWar_P3|TankWar_P4|TankWar_P5,TankWar_P1|TankWar_P2|TankWar_P3|TankWar_P4|TankWar_P5,UNKNOWN,UNKNOWN,0.750,0.200,LOW,NONE,RESOLVED_INTERNAL,TankWar_P1|TankWar_P2|TankWar_P3|TankWar_P4|TankWar_P5
D767,C:\Users\JBNU\git\ConstraintsRecovery\assets\tankwar\asset20:IF:8-41,C:\Users\JBNU\git\ConstraintsRecovery\assets\tankwar\asset13:IF:8-358,E252,E64,,METHOD_CALL,C:\Users\JBNU\git\ConstraintsRecovery\assets\tankwar\asset20,34,G4,G4,TankWar_P1|TankWar_P2|TankWar_P3|TankWar_P4|TankWar_P5,TankWar_P1|TankWar_P2|TankWar_P3|TankWar_P4|TankWar_P5,UNKNOWN,UNKNOWN,0.750,0.200,LOW,NONE,RESOLVED_INTERNAL,TankWar_P1|TankWar_P2|TankWar_P3|TankWar_P4|TankWar_P5
D768,C:\Users\JBNU\git\ConstraintsRecovery\assets\tankwar\asset20:IF:8-41,C:\Users\JBNU\git\ConstraintsRecovery\assets\tankwar\asset13:IF:8-358,E252,E64,,METHOD_CALL,C:\Users\JBNU\git\ConstraintsRecovery\assets\tankwar\asset20,37,G4,G4,TankWar_P1|TankWar_P2|TankWar_P3|TankWar_P4|TankWar_P5,TankWar_P1|TankWar_P2|TankWar_P3|TankWar_P4|TankWar_P5,UNKNOWN,UNKNOWN,0.750,0.200,LOW,NONE,RESOLVED_INTERNAL,TankWar_P1|TankWar_P2|TankWar_P3|TankWar_P4|TankWar_P5
D769,C:\Users\JBNU\git\ConstraintsRecovery\assets\tankwar\asset21:IF:8-24,C:\Users\JBNU\git\ConstraintsRecovery\assets\tankwar\asset21:IF:8-24,E255,E254,,FIELD_REFERENCE,C:\Users\JBNU\git\ConstraintsRecovery\assets\tankwar\asset21,12,G4,G4,TankWar_P1|TankWar_P2|TankWar_P3|TankWar_P4|TankWar_P5,TankWar_P1|TankWar_P2|TankWar_P3|TankWar_P4|TankWar_P5,UNKNOWN,UNKNOWN,0.600,0.200,LOW,INTRA_BLOCK,RESOLVED_INTERNAL,TankWar_P1|TankWar_P2|TankWar_P3|TankWar_P4|TankWar_P5
D770,C:\Users\JBNU\git\ConstraintsRecovery\assets\tankwar\asset21:IF:8-24,C:\Users\JBNU\git\ConstraintsRecovery\assets\tankwar\asset21:IF:8-24,E256,E254,,FIELD_REFERENCE,C:\Users\JBNU\git\ConstraintsRecovery\assets\tankwar\asset21,16,G4,G4,TankWar_P1|TankWar_P2|TankWar_P3|TankWar_P4|TankWar_P5,TankWar_P1|TankWar_P2|TankWar_P3|TankWar_P4|TankWar_P5,UNKNOWN,UNKNOWN,0.600,0.200,LOW,INTRA_BLOCK,RESOLVED_INTERNAL,TankWar_P1|TankWar_P2|TankWar_P3|TankWar_P4|TankWar_P5
D771,C:\Users\JBNU\git\ConstraintsRecovery\assets\tankwar\asset22:IF:8-80,C:\Users\JBNU\git\ConstraintsRecovery\assets\tankwar\asset22:IF:8-80,E273,E258,,FIELD_REFERENCE,C:\Users\JBNU\git\ConstraintsRecovery\assets\tankwar\asset22,19,G4,G4,TankWar_P1|TankWar_P2|TankWar_P3|TankWar_P4|TankWar_P5,TankWar_P1|TankWar_P2|TankWar_P3|TankWar_P4|TankWar_P5,UNKNOWN,UNKNOWN,0.600,0.200,LOW,INTRA_BLOCK,RESOLVED_INTERNAL,TankWar_P1|TankWar_P2|TankWar_P3|TankWar_P4|TankWar_P5
D772,C:\Users\JBNU\git\ConstraintsRecovery\assets\tankwar\asset22:IF:8-80,C:\Users\JBNU\git\ConstraintsRecovery\assets\tankwar\asset22:IF:8-80,E273,E260,,FIELD_REFERENCE,C:\Users\JBNU\git\ConstraintsRecovery\assets\tankwar\asset22,19,G4,G4,TankWar_P1|TankWar_P2|TankWar_P3|TankWar_P4|TankWar_P5,TankWar_P1|TankWar_P2|TankWar_P3|TankWar_P4|TankWar_P5,UNKNOWN,UNKNOWN,0.600,0.200,LOW,INTRA_BLOCK,RESOLVED_INTERNAL,TankWar_P1|TankWar_P2|TankWar_P3|TankWar_P4|TankWar_P5
D773,C:\Users\JBNU\git\ConstraintsRecovery\assets\tankwar\asset22:IF:8-80,C:\Users\JBNU\git\ConstraintsRecovery\assets\tankwar\asset22:IF:8-80,E273,E262,,FIELD_REFERENCE,C:\Users\JBNU\git\ConstraintsRecovery\assets\tankwar\asset22,19,G4,G4,TankWar_P1|TankWar_P2|TankWar_P3|TankWar_P4|TankWar_P5,TankWar_P1|TankWar_P2|TankWar_P3|TankWar_P4|TankWar_P5,UNKNOWN,UNKNOWN,0.600,0.200,LOW,INTRA_BLOCK,RESOLVED_INTERNAL,TankWar_P1|TankWar_P2|TankWar_P3|TankWar_P4|TankWar_P5
D774,C:\Users\JBNU\git\ConstraintsRecovery\assets\tankwar\asset22:IF:8-80,C:\Users\JBNU\git\ConstraintsRecovery\assets\tankwar\asset22:IF:8-80,E273,E263,,FIELD_REFERENCE,C:\Users\JBNU\git\ConstraintsRecovery\assets\tankwar\asset22,19,G4,G4,TankWar_P1|TankWar_P2|TankWar_P3|TankWar_P4|TankWar_P5,TankWar_P1|TankWar_P2|TankWar_P3|TankWar_P4|TankWar_P5,UNKNOWN,UNKNOWN,0.600,0.200,LOW,INTRA_BLOCK,RESOLVED_INTERNAL,TankWar_P1|TankWar_P2|TankWar_P3|TankWar_P4|TankWar_P5
D775,C:\Users\JBNU\git\ConstraintsRecovery\assets\tankwar\asset22:IF:8-80,C:\Users\JBNU\git\ConstraintsRecovery\assets\tankwar\asset22:IF:8-80,E273,E264,,FIELD_REFERENCE,C:\Users\JBNU\git\ConstraintsRecovery\assets\tankwar\asset22,19,G4,G4,TankWar_P1|TankWar_P2|TankWar_P3|TankWar_P4|TankWar_P5,TankWar_P1|TankWar_P2|TankWar_P3|TankWar_P4|TankWar_P5,UNKNOWN,UNKNOWN,0.600,0.200,LOW,INTRA_BLOCK,RESOLVED_INTERNAL,TankWar_P1|TankWar_P2|TankWar_P3|TankWar_P4|TankWar_P5
D776,C:\Users\JBNU\git\ConstraintsRecovery\assets\tankwar\asset22:IF:8-80,C:\Users\JBNU\git\ConstraintsRecovery\assets\tankwar\asset22:IF:8-80,E273,E265,,FIELD_REFERENCE,C:\Users\JBNU\git\ConstraintsRecovery\assets\tankwar\asset22,19,G4,G4,TankWar_P1|TankWar_P2|TankWar_P3|TankWar_P4|TankWar_P5,TankWar_P1|TankWar_P2|TankWar_P3|TankWar_P4|TankWar_P5,UNKNOWN,UNKNOWN,0.600,0.200,LOW,INTRA_BLOCK,RESOLVED_INTERNAL,TankWar_P1|TankWar_P2|TankWar_P3|TankWar_P4|TankWar_P5
D777,C:\Users\JBNU\git\ConstraintsRecovery\assets\tankwar\asset22:IF:8-80,C:\Users\JBNU\git\ConstraintsRecovery\assets\tankwar\asset22:IF:8-80,E273,E266,,FIELD_REFERENCE,C:\Users\JBNU\git\ConstraintsRecovery\assets\tankwar\asset22,19,G4,G4,TankWar_P1|TankWar_P2|TankWar_P3|TankWar_P4|TankWar_P5,TankWar_P1|TankWar_P2|TankWar_P3|TankWar_P4|TankWar_P5,UNKNOWN,UNKNOWN,0.600,0.200,LOW,INTRA_BLOCK,RESOLVED_INTERNAL,TankWar_P1|TankWar_P2|TankWar_P3|TankWar_P4|TankWar_P5
D778,C:\Users\JBNU\git\ConstraintsRecovery\assets\tankwar\asset22:IF:8-80,C:\Users\JBNU\git\ConstraintsRecovery\assets\tankwar\asset22:IF:8-80,E273,E268,,FIELD_REFERENCE,C:\Users\JBNU\git\ConstraintsRecovery\assets\tankwar\asset22,19,G4,G4,TankWar_P1|TankWar_P2|TankWar_P3|TankWar_P4|TankWar_P5,TankWar_P1|TankWar_P2|TankWar_P3|TankWar_P4|TankWar_P5,UNKNOWN,UNKNOWN,0.600,0.200,LOW,INTRA_BLOCK,RESOLVED_INTERNAL,TankWar_P1|TankWar_P2|TankWar_P3|TankWar_P4|TankWar_P5
D779,C:\Users\JBNU\git\ConstraintsRecovery\assets\tankwar\asset22:IF:8-80,C:\Users\JBNU\git\ConstraintsRecovery\assets\tankwar\asset22:IF:8-80,E273,E270,,FIELD_REFERENCE,C:\Users\JBNU\git\ConstraintsRecovery\assets\tankwar\asset22,19,G4,G4,TankWar_P1|TankWar_P2|TankWar_P3|TankWar_P4|TankWar_P5,TankWar_P1|TankWar_P2|TankWar_P3|TankWar_P4|TankWar_P5,UNKNOWN,UNKNOWN,0.600,0.200,LOW,INTRA_BLOCK,RESOLVED_INTERNAL,TankWar_P1|TankWar_P2|TankWar_P3|TankWar_P4|TankWar_P5
D780,C:\Users\JBNU\git\ConstraintsRecovery\assets\tankwar\asset22:IF:8-80,C:\Users\JBNU\git\ConstraintsRecovery\assets\tankwar\asset22:IF:8-80,E275,E258,,FIELD_REFERENCE,C:\Users\JBNU\git\ConstraintsRecovery\assets\tankwar\asset22,24,G4,G4,TankWar_P1|TankWar_P2|TankWar_P3|TankWar_P4|TankWar_P5,TankWar_P1|TankWar_P2|TankWar_P3|TankWar_P4|TankWar_P5,UNKNOWN,UNKNOWN,0.600,0.200,LOW,INTRA_BLOCK,RESOLVED_INTERNAL,TankWar_P1|TankWar_P2|TankWar_P3|TankWar_P4|TankWar_P5
D781,C:\Users\JBNU\git\ConstraintsRecovery\assets\tankwar\asset22:IF:8-80,C:\Users\JBNU\git\ConstraintsRecovery\assets\tankwar\asset22:IF:8-80,E275,E260,,FIELD_REFERENCE,C:\Users\JBNU\git\ConstraintsRecovery\assets\tankwar\asset22,25,G4,G4,TankWar_P1|TankWar_P2|TankWar_P3|TankWar_P4|TankWar_P5,TankWar_P1|TankWar_P2|TankWar_P3|TankWar_P4|TankWar_P5,UNKNOWN,UNKNOWN,0.600,0.200,LOW,INTRA_BLOCK,RESOLVED_INTERNAL,TankWar_P1|TankWar_P2|TankWar_P3|TankWar_P4|TankWar_P5
D782,C:\Users\JBNU\git\ConstraintsRecovery\assets\tankwar\asset22:IF:8-80,C:\Users\JBNU\git\ConstraintsRecovery\assets\tankwar\asset22:IF:8-80,E275,E262,,FIELD_REFERENCE,C:\Users\JBNU\git\ConstraintsRecovery\assets\tankwar\asset22,26,G4,G4,TankWar_P1|TankWar_P2|TankWar_P3|TankWar_P4|TankWar_P5,TankWar_P1|TankWar_P2|TankWar_P3|TankWar_P4|TankWar_P5,UNKNOWN,UNKNOWN,0.600,0.200,LOW,INTRA_BLOCK,RESOLVED_INTERNAL,TankWar_P1|TankWar_P2|TankWar_P3|TankWar_P4|TankWar_P5
D783,C:\Users\JBNU\git\ConstraintsRecovery\assets\tankwar\asset22:IF:8-80,C:\Users\JBNU\git\ConstraintsRecovery\assets\tankwar\asset22:IF:8-80,E275,E265,,FIELD_REFERENCE,C:\Users\JBNU\git\ConstraintsRecovery\assets\tankwar\asset22,27,G4,G4,TankWar_P1|TankWar_P2|TankWar_P3|TankWar_P4|TankWar_P5,TankWar_P1|TankWar_P2|TankWar_P3|TankWar_P4|TankWar_P5,UNKNOWN,UNKNOWN,0.600,0.200,LOW,INTRA_BLOCK,RESOLVED_INTERNAL,TankWar_P1|TankWar_P2|TankWar_P3|TankWar_P4|TankWar_P5
D784,C:\Users\JBNU\git\ConstraintsRecovery\assets\tankwar\asset22:IF:8-80,C:\Users\JBNU\git\ConstraintsRecovery\assets\tankwar\asset22:IF:8-80,E275,E264,,FIELD_REFERENCE,C:\Users\JBNU\git\ConstraintsRecovery\assets\tankwar\asset22,28,G4,G4,TankWar_P1|TankWar_P2|TankWar_P3|TankWar_P4|TankWar_P5,TankWar_P1|TankWar_P2|TankWar_P3|TankWar_P4|TankWar_P5,UNKNOWN,UNKNOWN,0.600,0.200,LOW,INTRA_BLOCK,RESOLVED_INTERNAL,TankWar_P1|TankWar_P2|TankWar_P3|TankWar_P4|TankWar_P5
D785,C:\Users\JBNU\git\ConstraintsRecovery\assets\tankwar\asset22:IF:8-80,C:\Users\JBNU\git\ConstraintsRecovery\assets\tankwar\asset22:IF:8-80,E275,E263,,FIELD_REFERENCE,C:\Users\JBNU\git\ConstraintsRecovery\assets\tankwar\asset22,29,G4,G4,TankWar_P1|TankWar_P2|TankWar_P3|TankWar_P4|TankWar_P5,TankWar_P1|TankWar_P2|TankWar_P3|TankWar_P4|TankWar_P5,UNKNOWN,UNKNOWN,0.600,0.200,LOW,INTRA_BLOCK,RESOLVED_INTERNAL,TankWar_P1|TankWar_P2|TankWar_P3|TankWar_P4|TankWar_P5
D786,C:\Users\JBNU\git\ConstraintsRecovery\assets\tankwar\asset22:IF:8-80,C:\Users\JBNU\git\ConstraintsRecovery\assets\tankwar\asset22:IF:8-80,E275,E270,,FIELD_REFERENCE,C:\Users\JBNU\git\ConstraintsRecovery\assets\tankwar\asset22,30,G4,G4,TankWar_P1|TankWar_P2|TankWar_P3|TankWar_P4|TankWar_P5,TankWar_P1|TankWar_P2|TankWar_P3|TankWar_P4|TankWar_P5,UNKNOWN,UNKNOWN,0.600,0.200,LOW,INTRA_BLOCK,RESOLVED_INTERNAL,TankWar_P1|TankWar_P2|TankWar_P3|TankWar_P4|TankWar_P5
D787,C:\Users\JBNU\git\ConstraintsRecovery\assets\tankwar\asset22:IF:8-80,C:\Users\JBNU\git\ConstraintsRecovery\assets\tankwar\asset22:IF:8-80,E275,E268,,FIELD_REFERENCE,C:\Users\JBNU\git\ConstraintsRecovery\assets\tankwar\asset22,31,G4,G4,TankWar_P1|TankWar_P2|TankWar_P3|TankWar_P4|TankWar_P5,TankWar_P1|TankWar_P2|TankWar_P3|TankWar_P4|TankWar_P5,UNKNOWN,UNKNOWN,0.600,0.200,LOW,INTRA_BLOCK,RESOLVED_INTERNAL,TankWar_P1|TankWar_P2|TankWar_P3|TankWar_P4|TankWar_P5
D788,C:\Users\JBNU\git\ConstraintsRecovery\assets\tankwar\asset22:IF:8-80,C:\Users\JBNU\git\ConstraintsRecovery\assets\tankwar\asset22:IF:8-80,E275,E258,,FIELD_REFERENCE,C:\Users\JBNU\git\ConstraintsRecovery\assets\tankwar\asset22,32,G4,G4,TankWar_P1|TankWar_P2|TankWar_P3|TankWar_P4|TankWar_P5,TankWar_P1|TankWar_P2|TankWar_P3|TankWar_P4|TankWar_P5,UNKNOWN,UNKNOWN,0.600,0.200,LOW,INTRA_BLOCK,RESOLVED_INTERNAL,TankWar_P1|TankWar_P2|TankWar_P3|TankWar_P4|TankWar_P5
D789,C:\Users\JBNU\git\ConstraintsRecovery\assets\tankwar\asset22:IF:8-80,C:\Users\JBNU\git\ConstraintsRecovery\assets\tankwar\asset22:IF:8-80,E275,E270,,FIELD_REFERENCE,C:\Users\JBNU\git\ConstraintsRecovery\assets\tankwar\asset22,32,G4,G4,TankWar_P1|TankWar_P2|TankWar_P3|TankWar_P4|TankWar_P5,TankWar_P1|TankWar_P2|TankWar_P3|TankWar_P4|TankWar_P5,UNKNOWN,UNKNOWN,0.600,0.200,LOW,INTRA_BLOCK,RESOLVED_INTERNAL,TankWar_P1|TankWar_P2|TankWar_P3|TankWar_P4|TankWar_P5
D790,C:\Users\JBNU\git\ConstraintsRecovery\assets\tankwar\asset22:IF:8-80,C:\Users\JBNU\git\ConstraintsRecovery\assets\tankwar\asset22:IF:8-80,E275,E271,,FIELD_REFERENCE,C:\Users\JBNU\git\ConstraintsRecovery\assets\tankwar\asset22,32,G4,G4,TankWar_P1|TankWar_P2|TankWar_P3|TankWar_P4|TankWar_P5,TankWar_P1|TankWar_P2|TankWar_P3|TankWar_P4|TankWar_P5,UNKNOWN,UNKNOWN,0.600,0.200,LOW,INTRA_BLOCK,RESOLVED_INTERNAL,TankWar_P1|TankWar_P2|TankWar_P3|TankWar_P4|TankWar_P5
D791,C:\Users\JBNU\git\ConstraintsRecovery\assets\tankwar\asset22:IF:8-80,C:\Users\JBNU\git\ConstraintsRecovery\assets\tankwar\asset9:IF:8-248,E275,E689,,FIELD_REFERENCE,C:\Users\JBNU\git\ConstraintsRecovery\assets\tankwar\asset22,32,G4,G4,TankWar_P1|TankWar_P2|TankWar_P3|TankWar_P4|TankWar_P5,TankWar_P1|TankWar_P2|TankWar_P3|TankWar_P4|TankWar_P5,UNKNOWN,UNKNOWN,0.600,0.200,LOW,NONE,RESOLVED_INTERNAL,TankWar_P1|TankWar_P2|TankWar_P3|TankWar_P4|TankWar_P5
D792,C:\Users\JBNU\git\ConstraintsRecovery\assets\tankwar\asset22:IF:8-80,C:\Users\JBNU\git\ConstraintsRecovery\assets\tankwar\asset22:IF:8-80,E275,E258,,FIELD_REFERENCE,C:\Users\JBNU\git\ConstraintsRecovery\assets\tankwar\asset22,33,G4,G4,TankWar_P1|TankWar_P2|TankWar_P3|TankWar_P4|TankWar_P5,TankWar_P1|TankWar_P2|TankWar_P3|TankWar_P4|TankWar_P5,UNKNOWN,UNKNOWN,0.600,0.200,LOW,INTRA_BLOCK,RESOLVED_INTERNAL,TankWar_P1|TankWar_P2|TankWar_P3|TankWar_P4|TankWar_P5
D793,C:\Users\JBNU\git\ConstraintsRecovery\assets\tankwar\asset22:IF:8-80,C:\Users\JBNU\git\ConstraintsRecovery\assets\tankwar\asset22:IF:8-80,E275,E268,,FIELD_REFERENCE,C:\Users\JBNU\git\ConstraintsRecovery\assets\tankwar\asset22,33,G4,G4,TankWar_P1|TankWar_P2|TankWar_P3|TankWar_P4|TankWar_P5,TankWar_P1|TankWar_P2|TankWar_P3|TankWar_P4|TankWar_P5,UNKNOWN,UNKNOWN,0.600,0.200,LOW,INTRA_BLOCK,RESOLVED_INTERNAL,TankWar_P1|TankWar_P2|TankWar_P3|TankWar_P4|TankWar_P5
D794,C:\Users\JBNU\git\ConstraintsRecovery\assets\tankwar\asset22:IF:8-80,C:\Users\JBNU\git\ConstraintsRecovery\assets\tankwar\asset22:IF:8-80,E275,E269,,FIELD_REFERENCE,C:\Users\JBNU\git\ConstraintsRecovery\assets\tankwar\asset22,33,G4,G4,TankWar_P1|TankWar_P2|TankWar_P3|TankWar_P4|TankWar_P5,TankWar_P1|TankWar_P2|TankWar_P3|TankWar_P4|TankWar_P5,UNKNOWN,UNKNOWN,0.600,0.200,LOW,INTRA_BLOCK,RESOLVED_INTERNAL,TankWar_P1|TankWar_P2|TankWar_P3|TankWar_P4|TankWar_P5
D795,C:\Users\JBNU\git\ConstraintsRecovery\assets\tankwar\asset22:IF:8-80,C:\Users\JBNU\git\ConstraintsRecovery\assets\tankwar\asset9:IF:8-248,E275,E689,,FIELD_REFERENCE,C:\Users\JBNU\git\ConstraintsRecovery\assets\tankwar\asset22,33,G4,G4,TankWar_P1|TankWar_P2|TankWar_P3|TankWar_P4|TankWar_P5,TankWar_P1|TankWar_P2|TankWar_P3|TankWar_P4|TankWar_P5,UNKNOWN,UNKNOWN,0.600,0.200,LOW,NONE,RESOLVED_INTERNAL,TankWar_P1|TankWar_P2|TankWar_P3|TankWar_P4|TankWar_P5
D796,C:\Users\JBNU\git\ConstraintsRecovery\assets\tankwar\asset22:IF:8-80,C:\Users\JBNU\git\ConstraintsRecovery\assets\tankwar\asset22:IF:8-80,E275,E266,,FIELD_REFERENCE,C:\Users\JBNU\git\ConstraintsRecovery\assets\tankwar\asset22,34,G4,G4,TankWar_P1|TankWar_P2|TankWar_P3|TankWar_P4|TankWar_P5,TankWar_P1|TankWar_P2|TankWar_P3|TankWar_P4|TankWar_P5,UNKNOWN,UNKNOWN,0.600,0.200,LOW,INTRA_BLOCK,RESOLVED_INTERNAL,TankWar_P1|TankWar_P2|TankWar_P3|TankWar_P4|TankWar_P5
D797,C:\Users\JBNU\git\ConstraintsRecovery\assets\tankwar\asset22:IF:8-80,C:\Users\JBNU\git\ConstraintsRecovery\assets\tankwar\asset22:IF:8-80,E276,E258,,FIELD_REFERENCE,C:\Users\JBNU\git\ConstraintsRecovery\assets\tankwar\asset22,37,G4,G4,TankWar_P1|TankWar_P2|TankWar_P3|TankWar_P4|TankWar_P5,TankWar_P1|TankWar_P2|TankWar_P3|TankWar_P4|TankWar_P5,UNKNOWN,UNKNOWN,0.600,0.200,LOW,INTRA_BLOCK,RESOLVED_INTERNAL,TankWar_P1|TankWar_P2|TankWar_P3|TankWar_P4|TankWar_P5
D798,C:\Users\JBNU\git\ConstraintsRecovery\assets\tankwar\asset22:IF:8-80,C:\Users\JBNU\git\ConstraintsRecovery\assets\tankwar\asset22:IF:8-80,E276,E263,,FIELD_REFERENCE,C:\Users\JBNU\git\ConstraintsRecovery\assets\tankwar\asset22,37,G4,G4,TankWar_P1|TankWar_P2|TankWar_P3|TankWar_P4|TankWar_P5,TankWar_P1|TankWar_P2|TankWar_P3|TankWar_P4|TankWar_P5,UNKNOWN,UNKNOWN,0.600,0.200,LOW,INTRA_BLOCK,RESOLVED_INTERNAL,TankWar_P1|TankWar_P2|TankWar_P3|TankWar_P4|TankWar_P5
D799,C:\Users\JBNU\git\ConstraintsRecovery\assets\tankwar\asset22:IF:8-80,C:\Users\JBNU\git\ConstraintsRecovery\assets\tankwar\asset22:IF:8-80,E276,E264,,FIELD_REFERENCE,C:\Users\JBNU\git\ConstraintsRecovery\assets\tankwar\asset22,37,G4,G4,TankWar_P1|TankWar_P2|TankWar_P3|TankWar_P4|TankWar_P5,TankWar_P1|TankWar_P2|TankWar_P3|TankWar_P4|TankWar_P5,UNKNOWN,UNKNOWN,0.600,0.200,LOW,INTRA_BLOCK,RESOLVED_INTERNAL,TankWar_P1|TankWar_P2|TankWar_P3|TankWar_P4|TankWar_P5
D800,C:\Users\JBNU\git\ConstraintsRecovery\assets\tankwar\asset22:IF:8-80,C:\Users\JBNU\git\ConstraintsRecovery\assets\tankwar\asset22:IF:8-80,E276,E265,,FIELD_REFERENCE,C:\Users\JBNU\git\ConstraintsRecovery\assets\tankwar\asset22,37,G4,G4,TankWar_P1|TankWar_P2|TankWar_P3|TankWar_P4|TankWar_P5,TankWar_P1|TankWar_P2|TankWar_P3|TankWar_P4|TankWar_P5,UNKNOWN,UNKNOWN,0.600,0.200,LOW,INTRA_BLOCK,RESOLVED_INTERNAL,TankWar_P1|TankWar_P2|TankWar_P3|TankWar_P4|TankWar_P5
D801,C:\Users\JBNU\git\ConstraintsRecovery\assets\tankwar\asset22:IF:8-80,C:\Users\JBNU\git\ConstraintsRecovery\assets\tankwar\asset2:IF:8-332,E276,E241,,METHOD_CALL,C:\Users\JBNU\git\ConstraintsRecovery\assets\tankwar\asset22,37,G4,G4,TankWar_P1|TankWar_P2|TankWar_P3|TankWar_P4|TankWar_P5,TankWar_P1|TankWar_P2|TankWar_P3|TankWar_P4|TankWar_P5,UNKNOWN,UNKNOWN,0.750,0.200,LOW,NONE,RESOLVED_INTERNAL,TankWar_P1|TankWar_P2|TankWar_P3|TankWar_P4|TankWar_P5
D802,C:\Users\JBNU\git\ConstraintsRecovery\assets\tankwar\asset22:IF:8-80,C:\Users\JBNU\git\ConstraintsRecovery\assets\tankwar\asset22:IF:8-80,E276,E258,,FIELD_REFERENCE,C:\Users\JBNU\git\ConstraintsRecovery\assets\tankwar\asset22,38,G4,G4,TankWar_P1|TankWar_P2|TankWar_P3|TankWar_P4|TankWar_P5,TankWar_P1|TankWar_P2|TankWar_P3|TankWar_P4|TankWar_P5,UNKNOWN,UNKNOWN,0.600,0.200,LOW,INTRA_BLOCK,RESOLVED_INTERNAL,TankWar_P1|TankWar_P2|TankWar_P3|TankWar_P4|TankWar_P5
D803,C:\Users\JBNU\git\ConstraintsRecovery\assets\tankwar\asset22:IF:8-80,C:\Users\JBNU\git\ConstraintsRecovery\assets\tankwar\asset22:IF:8-80,E276,E260,,FIELD_REFERENCE,C:\Users\JBNU\git\ConstraintsRecovery\assets\tankwar\asset22,38,G4,G4,TankWar_P1|TankWar_P2|TankWar_P3|TankWar_P4|TankWar_P5,TankWar_P1|TankWar_P2|TankWar_P3|TankWar_P4|TankWar_P5,UNKNOWN,UNKNOWN,0.600,0.200,LOW,INTRA_BLOCK,RESOLVED_INTERNAL,TankWar_P1|TankWar_P2|TankWar_P3|TankWar_P4|TankWar_P5
D804,C:\Users\JBNU\git\ConstraintsRecovery\assets\tankwar\asset22:IF:8-80,C:\Users\JBNU\git\ConstraintsRecovery\assets\tankwar\asset22:IF:8-80,E276,E262,,FIELD_REFERENCE,C:\Users\JBNU\git\ConstraintsRecovery\assets\tankwar\asset22,38,G4,G4,TankWar_P1|TankWar_P2|TankWar_P3|TankWar_P4|TankWar_P5,TankWar_P1|TankWar_P2|TankWar_P3|TankWar_P4|TankWar_P5,UNKNOWN,UNKNOWN,0.600,0.200,LOW,INTRA_BLOCK,RESOLVED_INTERNAL,TankWar_P1|TankWar_P2|TankWar_P3|TankWar_P4|TankWar_P5
D805,C:\Users\JBNU\git\ConstraintsRecovery\assets\tankwar\asset22:IF:8-80,C:\Users\JBNU\git\ConstraintsRecovery\assets\tankwar\asset22:IF:8-80,E276,E268,,FIELD_REFERENCE,C:\Users\JBNU\git\ConstraintsRecovery\assets\tankwar\asset22,38,G4,G4,TankWar_P1|TankWar_P2|TankWar_P3|TankWar_P4|TankWar_P5,TankWar_P1|TankWar_P2|TankWar_P3|TankWar_P4|TankWar_P5,UNKNOWN,UNKNOWN,0.600,0.200,LOW,INTRA_BLOCK,RESOLVED_INTERNAL,TankWar_P1|TankWar_P2|TankWar_P3|TankWar_P4|TankWar_P5
D806,C:\Users\JBNU\git\ConstraintsRecovery\assets\tankwar\asset22:IF:8-80,C:\Users\JBNU\git\ConstraintsRecovery\assets\tankwar\asset22:IF:8-80,E276,E270,,FIELD_REFERENCE,C:\Users\JBNU\git\ConstraintsRecovery\assets\tankwar\asset22,38,G4,G4,TankWar_P1|TankWar_P2|TankWar_P3|TankWar_P4|TankWar_P5,TankWar_P1|TankWar_P2|TankWar_P3|TankWar_P4|TankWar_P5,UNKNOWN,UNKNOWN,0.600,0.200,LOW,INTRA_BLOCK,RESOLVED_INTERNAL,TankWar_P1|TankWar_P2|TankWar_P3|TankWar_P4|TankWar_P5
D807,C:\Users\JBNU\git\ConstraintsRecovery\assets\tankwar\asset22:IF:8-80,C:\Users\JBNU\git\ConstraintsRecovery\assets\tankwar\asset2:IF:8-332,E276,E244,,METHOD_CALL,C:\Users\JBNU\git\ConstraintsRecovery\assets\tankwar\asset22,38,G4,G4,TankWar_P1|TankWar_P2|TankWar_P3|TankWar_P4|TankWar_P5,TankWar_P1|TankWar_P2|TankWar_P3|TankWar_P4|TankWar_P5,UNKNOWN,UNKNOWN,0.750,0.200,LOW,NONE,RESOLVED_INTERNAL,TankWar_P1|TankWar_P2|TankWar_P3|TankWar_P4|TankWar_P5
D808,C:\Users\JBNU\git\ConstraintsRecovery\assets\tankwar\asset22:IF:8-80,C:\Users\JBNU\git\ConstraintsRecovery\assets\tankwar\asset22:IF:8-80,E277,E259,,FIELD_REFERENCE,C:\Users\JBNU\git\ConstraintsRecovery\assets\tankwar\asset22,42,G4,G4,TankWar_P1|TankWar_P2|TankWar_P3|TankWar_P4|TankWar_P5,TankWar_P1|TankWar_P2|TankWar_P3|TankWar_P4|TankWar_P5,UNKNOWN,UNKNOWN,0.600,0.200,LOW,INTRA_BLOCK,RESOLVED_INTERNAL,TankWar_P1|TankWar_P2|TankWar_P3|TankWar_P4|TankWar_P5
D809,C:\Users\JBNU\git\ConstraintsRecovery\assets\tankwar\asset22:IF:8-80,C:\Users\JBNU\git\ConstraintsRecovery\assets\tankwar\asset22:IF:8-80,E277,E261,,FIELD_REFERENCE,C:\Users\JBNU\git\ConstraintsRecovery\assets\tankwar\asset22,42,G4,G4,TankWar_P1|TankWar_P2|TankWar_P3|TankWar_P4|TankWar_P5,TankWar_P1|TankWar_P2|TankWar_P3|TankWar_P4|TankWar_P5,UNKNOWN,UNKNOWN,0.600,0.200,LOW,INTRA_BLOCK,RESOLVED_INTERNAL,TankWar_P1|TankWar_P2|TankWar_P3|TankWar_P4|TankWar_P5
D810,C:\Users\JBNU\git\ConstraintsRecovery\assets\tankwar\asset22:IF:8-80,C:\Users\JBNU\git\ConstraintsRecovery\assets\tankwar\asset22:IF:8-80,E277,E269,,FIELD_REFERENCE,C:\Users\JBNU\git\ConstraintsRecovery\assets\tankwar\asset22,42,G4,G4,TankWar_P1|TankWar_P2|TankWar_P3|TankWar_P4|TankWar_P5,TankWar_P1|TankWar_P2|TankWar_P3|TankWar_P4|TankWar_P5,UNKNOWN,UNKNOWN,0.600,0.200,LOW,INTRA_BLOCK,RESOLVED_INTERNAL,TankWar_P1|TankWar_P2|TankWar_P3|TankWar_P4|TankWar_P5
D811,C:\Users\JBNU\git\ConstraintsRecovery\assets\tankwar\asset22:IF:8-80,C:\Users\JBNU\git\ConstraintsRecovery\assets\tankwar\asset22:IF:8-80,E277,E271,,FIELD_REFERENCE,C:\Users\JBNU\git\ConstraintsRecovery\assets\tankwar\asset22,42,G4,G4,TankWar_P1|TankWar_P2|TankWar_P3|TankWar_P4|TankWar_P5,TankWar_P1|TankWar_P2|TankWar_P3|TankWar_P4|TankWar_P5,UNKNOWN,UNKNOWN,0.600,0.200,LOW,INTRA_BLOCK,RESOLVED_INTERNAL,TankWar_P1|TankWar_P2|TankWar_P3|TankWar_P4|TankWar_P5
D812,C:\Users\JBNU\git\ConstraintsRecovery\assets\tankwar\asset22:IF:8-80,C:\Users\JBNU\git\ConstraintsRecovery\assets\tankwar\asset22:IF:8-80,E277,E260,,FIELD_REFERENCE,C:\Users\JBNU\git\ConstraintsRecovery\assets\tankwar\asset22,46,G4,G4,TankWar_P1|TankWar_P2|TankWar_P3|TankWar_P4|TankWar_P5,TankWar_P1|TankWar_P2|TankWar_P3|TankWar_P4|TankWar_P5,UNKNOWN,UNKNOWN,0.600,0.200,LOW,INTRA_BLOCK,RESOLVED_INTERNAL,TankWar_P1|TankWar_P2|TankWar_P3|TankWar_P4|TankWar_P5
D813,C:\Users\JBNU\git\ConstraintsRecovery\assets\tankwar\asset22:IF:8-80,C:\Users\JBNU\git\ConstraintsRecovery\assets\tankwar\asset22:IF:8-80,E277,E262,,FIELD_REFERENCE,C:\Users\JBNU\git\ConstraintsRecovery\assets\tankwar\asset22,46,G4,G4,TankWar_P1|TankWar_P2|TankWar_P3|TankWar_P4|TankWar_P5,TankWar_P1|TankWar_P2|TankWar_P3|TankWar_P4|TankWar_P5,UNKNOWN,UNKNOWN,0.600,0.200,LOW,INTRA_BLOCK,RESOLVED_INTERNAL,TankWar_P1|TankWar_P2|TankWar_P3|TankWar_P4|TankWar_P5
D814,C:\Users\JBNU\git\ConstraintsRecovery\assets\tankwar\asset22:IF:8-80,C:\Users\JBNU\git\ConstraintsRecovery\assets\tankwar\asset22:IF:8-80,E277,E268,,FIELD_REFERENCE,C:\Users\JBNU\git\ConstraintsRecovery\assets\tankwar\asset22,46,G4,G4,TankWar_P1|TankWar_P2|TankWar_P3|TankWar_P4|TankWar_P5,TankWar_P1|TankWar_P2|TankWar_P3|TankWar_P4|TankWar_P5,UNKNOWN,UNKNOWN,0.600,0.200,LOW,INTRA_BLOCK,RESOLVED_INTERNAL,TankWar_P1|TankWar_P2|TankWar_P3|TankWar_P4|TankWar_P5
D815,C:\Users\JBNU\git\ConstraintsRecovery\assets\tankwar\asset22:IF:8-80,C:\Users\JBNU\git\ConstraintsRecovery\assets\tankwar\asset22:IF:8-80,E277,E270,,FIELD_REFERENCE,C:\Users\JBNU\git\ConstraintsRecovery\assets\tankwar\asset22,46,G4,G4,TankWar_P1|TankWar_P2|TankWar_P3|TankWar_P4|TankWar_P5,TankWar_P1|TankWar_P2|TankWar_P3|TankWar_P4|TankWar_P5,UNKNOWN,UNKNOWN,0.600,0.200,LOW,INTRA_BLOCK,RESOLVED_INTERNAL,TankWar_P1|TankWar_P2|TankWar_P3|TankWar_P4|TankWar_P5
D816,C:\Users\JBNU\git\ConstraintsRecovery\assets\tankwar\asset23:IF:7-99,C:\Users\JBNU\git\ConstraintsRecovery\assets\tankwar\asset15:IF:8-281,E286,E120,,CONSTRUCTOR_CALL,C:\Users\JBNU\git\ConstraintsRecovery\assets\tankwar\asset23,34,G7,G4,TankWar_P1|TankWar_P3|TankWar_P4|TankWar_P5,TankWar_P1|TankWar_P2|TankWar_P3|TankWar_P4|TankWar_P5,UNKNOWN,UNKNOWN,0.750,0.200,LOW,NONE,RESOLVED_INTERNAL,TankWar_P1|TankWar_P3|TankWar_P4|TankWar_P5
D817,C:\Users\JBNU\git\ConstraintsRecovery\assets\tankwar\asset23:IF:7-99,C:\Users\JBNU\git\ConstraintsRecovery\assets\tankwar\asset15:IF:8-281,E286,E123,,METHOD_CALL,C:\Users\JBNU\git\ConstraintsRecovery\assets\tankwar\asset23,35,G7,G4,TankWar_P1|TankWar_P3|TankWar_P4|TankWar_P5,TankWar_P1|TankWar_P2|TankWar_P3|TankWar_P4|TankWar_P5,UNKNOWN,UNKNOWN,0.750,0.200,LOW,NONE,RESOLVED_INTERNAL,TankWar_P1|TankWar_P3|TankWar_P4|TankWar_P5
D818,C:\Users\JBNU\git\ConstraintsRecovery\assets\tankwar\asset23:IF:7-99,C:\Users\JBNU\git\ConstraintsRecovery\assets\tankwar\asset15:IF:8-281,E286,E124,,METHOD_CALL,C:\Users\JBNU\git\ConstraintsRecovery\assets\tankwar\asset23,36,G7,G4,TankWar_P1|TankWar_P3|TankWar_P4|TankWar_P5,TankWar_P1|TankWar_P2|TankWar_P3|TankWar_P4|TankWar_P5,UNKNOWN,UNKNOWN,0.750,0.200,LOW,NONE,RESOLVED_INTERNAL,TankWar_P1|TankWar_P3|TankWar_P4|TankWar_P5
D819,C:\Users\JBNU\git\ConstraintsRecovery\assets\tankwar\asset23:IF:7-99,C:\Users\JBNU\git\ConstraintsRecovery\assets\tankwar\asset15:IF:8-281,E286,E126,,METHOD_CALL,C:\Users\JBNU\git\ConstraintsRecovery\assets\tankwar\asset23,37,G7,G4,TankWar_P1|TankWar_P3|TankWar_P4|TankWar_P5,TankWar_P1|TankWar_P2|TankWar_P3|TankWar_P4|TankWar_P5,UNKNOWN,UNKNOWN,0.750,0.200,LOW,NONE,RESOLVED_INTERNAL,TankWar_P1|TankWar_P3|TankWar_P4|TankWar_P5
D820,C:\Users\JBNU\git\ConstraintsRecovery\assets\tankwar\asset23:IF:7-99,C:\Users\JBNU\git\ConstraintsRecovery\assets\tankwar\asset23:IF:7-99,E286,E284,,FIELD_REFERENCE,C:\Users\JBNU\git\ConstraintsRecovery\assets\tankwar\asset23,40,G7,G7,TankWar_P1|TankWar_P3|TankWar_P4|TankWar_P5,TankWar_P1|TankWar_P3|TankWar_P4|TankWar_P5,UNKNOWN,UNKNOWN,0.600,0.200,LOW,INTRA_BLOCK,RESOLVED_INTERNAL,TankWar_P1|TankWar_P3|TankWar_P4|TankWar_P5
D821,C:\Users\JBNU\git\ConstraintsRecovery\assets\tankwar\asset23:IF:7-99,C:\Users\JBNU\git\ConstraintsRecovery\assets\tankwar\asset24:IF:7-24,E286,E294,,FIELD_REFERENCE,C:\Users\JBNU\git\ConstraintsRecovery\assets\tankwar\asset23,40,G7,G7,TankWar_P1|TankWar_P3|TankWar_P4|TankWar_P5,TankWar_P1|TankWar_P3|TankWar_P4|TankWar_P5,UNKNOWN,UNKNOWN,0.600,0.200,LOW,NONE,RESOLVED_INTERNAL,TankWar_P1|TankWar_P3|TankWar_P4|TankWar_P5
D822,C:\Users\JBNU\git\ConstraintsRecovery\assets\tankwar\asset23:IF:7-99,C:\Users\JBNU\git\ConstraintsRecovery\assets\tankwar\asset15:IF:8-281,E286,E132,,METHOD_CALL,C:\Users\JBNU\git\ConstraintsRecovery\assets\tankwar\asset23,43,G7,G4,TankWar_P1|TankWar_P3|TankWar_P4|TankWar_P5,TankWar_P1|TankWar_P2|TankWar_P3|TankWar_P4|TankWar_P5,UNKNOWN,UNKNOWN,0.750,0.200,LOW,NONE,RESOLVED_INTERNAL,TankWar_P1|TankWar_P3|TankWar_P4|TankWar_P5
D823,C:\Users\JBNU\git\ConstraintsRecovery\assets\tankwar\asset23:IF:7-99,C:\Users\JBNU\git\ConstraintsRecovery\assets\tankwar\asset15:IF:8-281,E287,E120,,CONSTRUCTOR_CALL,C:\Users\JBNU\git\ConstraintsRecovery\assets\tankwar\asset23,47,G7,G4,TankWar_P1|TankWar_P3|TankWar_P4|TankWar_P5,TankWar_P1|TankWar_P2|TankWar_P3|TankWar_P4|TankWar_P5,UNKNOWN,UNKNOWN,0.750,0.200,LOW,NONE,RESOLVED_INTERNAL,TankWar_P1|TankWar_P3|TankWar_P4|TankWar_P5
D824,C:\Users\JBNU\git\ConstraintsRecovery\assets\tankwar\asset23:IF:7-99,C:\Users\JBNU\git\ConstraintsRecovery\assets\tankwar\asset15:IF:8-281,E287,E123,,METHOD_CALL,C:\Users\JBNU\git\ConstraintsRecovery\assets\tankwar\asset23,49,G7,G4,TankWar_P1|TankWar_P3|TankWar_P4|TankWar_P5,TankWar_P1|TankWar_P2|TankWar_P3|TankWar_P4|TankWar_P5,UNKNOWN,UNKNOWN,0.750,0.200,LOW,NONE,RESOLVED_INTERNAL,TankWar_P1|TankWar_P3|TankWar_P4|TankWar_P5
D825,C:\Users\JBNU\git\ConstraintsRecovery\assets\tankwar\asset23:IF:7-99,C:\Users\JBNU\git\ConstraintsRecovery\assets\tankwar\asset23:IF:7-99,E287,E283,,FIELD_REFERENCE,C:\Users\JBNU\git\ConstraintsRecovery\assets\tankwar\asset23,50,G7,G7,TankWar_P1|TankWar_P3|TankWar_P4|TankWar_P5,TankWar_P1|TankWar_P3|TankWar_P4|TankWar_P5,UNKNOWN,UNKNOWN,0.600,0.200,LOW,INTRA_BLOCK,RESOLVED_INTERNAL,TankWar_P1|TankWar_P3|TankWar_P4|TankWar_P5
D826,C:\Users\JBNU\git\ConstraintsRecovery\assets\tankwar\asset23:IF:7-99,C:\Users\JBNU\git\ConstraintsRecovery\assets\tankwar\asset23:IF:7-99,E287,E283,,FIELD_REFERENCE,C:\Users\JBNU\git\ConstraintsRecovery\assets\tankwar\asset23,51,G7,G7,TankWar_P1|TankWar_P3|TankWar_P4|TankWar_P5,TankWar_P1|TankWar_P3|TankWar_P4|TankWar_P5,UNKNOWN,UNKNOWN,0.600,0.200,LOW,INTRA_BLOCK,RESOLVED_INTERNAL,TankWar_P1|TankWar_P3|TankWar_P4|TankWar_P5
D827,C:\Users\JBNU\git\ConstraintsRecovery\assets\tankwar\asset23:IF:7-99,C:\Users\JBNU\git\ConstraintsRecovery\assets\tankwar\asset23:IF:7-99,E287,E283,,FIELD_REFERENCE,C:\Users\JBNU\git\ConstraintsRecovery\assets\tankwar\asset23,52,G7,G7,TankWar_P1|TankWar_P3|TankWar_P4|TankWar_P5,TankWar_P1|TankWar_P3|TankWar_P4|TankWar_P5,UNKNOWN,UNKNOWN,0.600,0.200,LOW,INTRA_BLOCK,RESOLVED_INTERNAL,TankWar_P1|TankWar_P3|TankWar_P4|TankWar_P5
D828,C:\Users\JBNU\git\ConstraintsRecovery\assets\tankwar\asset23:IF:7-99,C:\Users\JBNU\git\ConstraintsRecovery\assets\tankwar\asset23:IF:7-99,E287,E283,,FIELD_REFERENCE,C:\Users\JBNU\git\ConstraintsRecovery\assets\tankwar\asset23,53,G7,G7,TankWar_P1|TankWar_P3|TankWar_P4|TankWar_P5,TankWar_P1|TankWar_P3|TankWar_P4|TankWar_P5,UNKNOWN,UNKNOWN,0.600,0.200,LOW,INTRA_BLOCK,RESOLVED_INTERNAL,TankWar_P1|TankWar_P3|TankWar_P4|TankWar_P5
D829,C:\Users\JBNU\git\ConstraintsRecovery\assets\tankwar\asset23:IF:7-99,C:\Users\JBNU\git\ConstraintsRecovery\assets\tankwar\asset23:IF:7-99,E287,E283,,FIELD_REFERENCE,C:\Users\JBNU\git\ConstraintsRecovery\assets\tankwar\asset23,54,G7,G7,TankWar_P1|TankWar_P3|TankWar_P4|TankWar_P5,TankWar_P1|TankWar_P3|TankWar_P4|TankWar_P5,UNKNOWN,UNKNOWN,0.600,0.200,LOW,INTRA_BLOCK,RESOLVED_INTERNAL,TankWar_P1|TankWar_P3|TankWar_P4|TankWar_P5
D830,C:\Users\JBNU\git\ConstraintsRecovery\assets\tankwar\asset23:IF:7-99,C:\Users\JBNU\git\ConstraintsRecovery\assets\tankwar\asset23:IF:7-99,E287,E283,,FIELD_REFERENCE,C:\Users\JBNU\git\ConstraintsRecovery\assets\tankwar\asset23,55,G7,G7,TankWar_P1|TankWar_P3|TankWar_P4|TankWar_P5,TankWar_P1|TankWar_P3|TankWar_P4|TankWar_P5,UNKNOWN,UNKNOWN,0.600,0.200,LOW,INTRA_BLOCK,RESOLVED_INTERNAL,TankWar_P1|TankWar_P3|TankWar_P4|TankWar_P5
D831,C:\Users\JBNU\git\ConstraintsRecovery\assets\tankwar\asset23:IF:7-99,C:\Users\JBNU\git\ConstraintsRecovery\assets\tankwar\asset23:IF:7-99,E287,E283,,FIELD_REFERENCE,C:\Users\JBNU\git\ConstraintsRecovery\assets\tankwar\asset23,56,G7,G7,TankWar_P1|TankWar_P3|TankWar_P4|TankWar_P5,TankWar_P1|TankWar_P3|TankWar_P4|TankWar_P5,UNKNOWN,UNKNOWN,0.600,0.200,LOW,INTRA_BLOCK,RESOLVED_INTERNAL,TankWar_P1|TankWar_P3|TankWar_P4|TankWar_P5
D832,C:\Users\JBNU\git\ConstraintsRecovery\assets\tankwar\asset23:IF:7-99,C:\Users\JBNU\git\ConstraintsRecovery\assets\tankwar\asset23:IF:7-99,E287,E283,,FIELD_REFERENCE,C:\Users\JBNU\git\ConstraintsRecovery\assets\tankwar\asset23,57,G7,G7,TankWar_P1|TankWar_P3|TankWar_P4|TankWar_P5,TankWar_P1|TankWar_P3|TankWar_P4|TankWar_P5,UNKNOWN,UNKNOWN,0.600,0.200,LOW,INTRA_BLOCK,RESOLVED_INTERNAL,TankWar_P1|TankWar_P3|TankWar_P4|TankWar_P5
D833,C:\Users\JBNU\git\ConstraintsRecovery\assets\tankwar\asset23:IF:7-99,C:\Users\JBNU\git\ConstraintsRecovery\assets\tankwar\asset23:IF:7-99,E287,E283,,FIELD_REFERENCE,C:\Users\JBNU\git\ConstraintsRecovery\assets\tankwar\asset23,60,G7,G7,TankWar_P1|TankWar_P3|TankWar_P4|TankWar_P5,TankWar_P1|TankWar_P3|TankWar_P4|TankWar_P5,UNKNOWN,UNKNOWN,0.600,0.200,LOW,INTRA_BLOCK,RESOLVED_INTERNAL,TankWar_P1|TankWar_P3|TankWar_P4|TankWar_P5
D834,C:\Users\JBNU\git\ConstraintsRecovery\assets\tankwar\asset23:IF:7-99,C:\Users\JBNU\git\ConstraintsRecovery\assets\tankwar\asset15:IF:8-281,E287,E132,,METHOD_CALL,C:\Users\JBNU\git\ConstraintsRecovery\assets\tankwar\asset23,62,G7,G4,TankWar_P1|TankWar_P3|TankWar_P4|TankWar_P5,TankWar_P1|TankWar_P2|TankWar_P3|TankWar_P4|TankWar_P5,UNKNOWN,UNKNOWN,0.750,0.200,LOW,NONE,RESOLVED_INTERNAL,TankWar_P1|TankWar_P3|TankWar_P4|TankWar_P5
D835,C:\Users\JBNU\git\ConstraintsRecovery\assets\tankwar\asset23:IF:7-99,C:\Users\JBNU\git\ConstraintsRecovery\assets\tankwar\asset23:IF:7-99,E290,E283,,FIELD_REFERENCE,C:\Users\JBNU\git\ConstraintsRecovery\assets\tankwar\asset23,81,G7,G7,TankWar_P1|TankWar_P3|TankWar_P4|TankWar_P5,TankWar_P1|TankWar_P3|TankWar_P4|TankWar_P5,UNKNOWN,UNKNOWN,0.600,0.200,LOW,INTRA_BLOCK,RESOLVED_INTERNAL,TankWar_P1|TankWar_P3|TankWar_P4|TankWar_P5
D836,C:\Users\JBNU\git\ConstraintsRecovery\assets\tankwar\asset23:IF:7-99,C:\Users\JBNU\git\ConstraintsRecovery\assets\tankwar\asset23:IF:7-99,E290,E284,,FIELD_REFERENCE,C:\Users\JBNU\git\ConstraintsRecovery\assets\tankwar\asset23,81,G7,G7,TankWar_P1|TankWar_P3|TankWar_P4|TankWar_P5,TankWar_P1|TankWar_P3|TankWar_P4|TankWar_P5,UNKNOWN,UNKNOWN,0.600,0.200,LOW,INTRA_BLOCK,RESOLVED_INTERNAL,TankWar_P1|TankWar_P3|TankWar_P4|TankWar_P5
D837,C:\Users\JBNU\git\ConstraintsRecovery\assets\tankwar\asset23:IF:7-99,C:\Users\JBNU\git\ConstraintsRecovery\assets\tankwar\asset23:IF:7-99,E290,E283,,FIELD_REFERENCE,C:\Users\JBNU\git\ConstraintsRecovery\assets\tankwar\asset23,83,G7,G7,TankWar_P1|TankWar_P3|TankWar_P4|TankWar_P5,TankWar_P1|TankWar_P3|TankWar_P4|TankWar_P5,UNKNOWN,UNKNOWN,0.600,0.200,LOW,INTRA_BLOCK,RESOLVED_INTERNAL,TankWar_P1|TankWar_P3|TankWar_P4|TankWar_P5
D838,C:\Users\JBNU\git\ConstraintsRecovery\assets\tankwar\asset24:IF:7-24,C:\Users\JBNU\git\ConstraintsRecovery\assets\tankwar\asset24:IF:7-24,E295,E293,,FIELD_REFERENCE,C:\Users\JBNU\git\ConstraintsRecovery\assets\tankwar\asset24,13,G7,G7,TankWar_P1|TankWar_P3|TankWar_P4|TankWar_P5,TankWar_P1|TankWar_P3|TankWar_P4|TankWar_P5,UNKNOWN,UNKNOWN,0.600,0.200,LOW,INTRA_BLOCK,RESOLVED_INTERNAL,TankWar_P1|TankWar_P3|TankWar_P4|TankWar_P5
D839,C:\Users\JBNU\git\ConstraintsRecovery\assets\tankwar\asset24:IF:7-24,C:\Users\JBNU\git\ConstraintsRecovery\assets\tankwar\asset24:IF:7-24,E295,E293,,FIELD_REFERENCE,C:\Users\JBNU\git\ConstraintsRecovery\assets\tankwar\asset24,14,G7,G7,TankWar_P1|TankWar_P3|TankWar_P4|TankWar_P5,TankWar_P1|TankWar_P3|TankWar_P4|TankWar_P5,UNKNOWN,UNKNOWN,0.600,0.200,LOW,INTRA_BLOCK,RESOLVED_INTERNAL,TankWar_P1|TankWar_P3|TankWar_P4|TankWar_P5
D840,C:\Users\JBNU\git\ConstraintsRecovery\assets\tankwar\asset24:IF:7-24,C:\Users\JBNU\git\ConstraintsRecovery\assets\tankwar\asset24:IF:7-24,E295,E293,,FIELD_REFERENCE,C:\Users\JBNU\git\ConstraintsRecovery\assets\tankwar\asset24,16,G7,G7,TankWar_P1|TankWar_P3|TankWar_P4|TankWar_P5,TankWar_P1|TankWar_P3|TankWar_P4|TankWar_P5,UNKNOWN,UNKNOWN,0.600,0.200,LOW,INTRA_BLOCK,RESOLVED_INTERNAL,TankWar_P1|TankWar_P3|TankWar_P4|TankWar_P5
D841,C:\Users\JBNU\git\ConstraintsRecovery\assets\tankwar\asset24:IF:7-24,C:\Users\JBNU\git\ConstraintsRecovery\assets\tankwar\asset24:IF:7-24,E295,E293,,FIELD_REFERENCE,C:\Users\JBNU\git\ConstraintsRecovery\assets\tankwar\asset24,18,G7,G7,TankWar_P1|TankWar_P3|TankWar_P4|TankWar_P5,TankWar_P1|TankWar_P3|TankWar_P4|TankWar_P5,UNKNOWN,UNKNOWN,0.600,0.200,LOW,INTRA_BLOCK,RESOLVED_INTERNAL,TankWar_P1|TankWar_P3|TankWar_P4|TankWar_P5
D842,C:\Users\JBNU\git\ConstraintsRecovery\assets\tankwar\asset24:IF:7-24,C:\Users\JBNU\git\ConstraintsRecovery\assets\tankwar\asset24:IF:7-24,E295,E293,,FIELD_REFERENCE,C:\Users\JBNU\git\ConstraintsRecovery\assets\tankwar\asset24,20,G7,G7,TankWar_P1|TankWar_P3|TankWar_P4|TankWar_P5,TankWar_P1|TankWar_P3|TankWar_P4|TankWar_P5,UNKNOWN,UNKNOWN,0.600,0.200,LOW,INTRA_BLOCK,RESOLVED_INTERNAL,TankWar_P1|TankWar_P3|TankWar_P4|TankWar_P5
D843,C:\Users\JBNU\git\ConstraintsRecovery\assets\tankwar\asset24:IF:7-24,C:\Users\JBNU\git\ConstraintsRecovery\assets\tankwar\asset24:IF:7-24,E295,E294,,FIELD_REFERENCE,C:\Users\JBNU\git\ConstraintsRecovery\assets\tankwar\asset24,22,G7,G7,TankWar_P1|TankWar_P3|TankWar_P4|TankWar_P5,TankWar_P1|TankWar_P3|TankWar_P4|TankWar_P5,UNKNOWN,UNKNOWN,0.600,0.200,LOW,INTRA_BLOCK,RESOLVED_INTERNAL,TankWar_P1|TankWar_P3|TankWar_P4|TankWar_P5
D844,C:\Users\JBNU\git\ConstraintsRecovery\assets\tankwar\asset25:IF:7-10,C:\Users\JBNU\git\ConstraintsRecovery\assets\tankwar\asset18:IF:9-10,E296,E148,,EXTENDS,C:\Users\JBNU\git\ConstraintsRecovery\assets\tankwar\asset25,8,G7,G7,TankWar_P1|TankWar_P3|TankWar_P4|TankWar_P5,TankWar_P1|TankWar_P3|TankWar_P4|TankWar_P5,UNKNOWN,UNKNOWN,0.900,0.200,LOW,NONE,RESOLVED_INTERNAL,TankWar_P1|TankWar_P3|TankWar_P4|TankWar_P5
D846,C:\Users\JBNU\git\ConstraintsRecovery\assets\tankwar\asset27:IF:7-116,C:\Users\JBNU\git\ConstraintsRecovery\assets\tankwar\asset27:IF:7-116,E305,E303,,FIELD_REFERENCE,C:\Users\JBNU\git\ConstraintsRecovery\assets\tankwar\asset27,22,G7,G7,TankWar_P1|TankWar_P3|TankWar_P4|TankWar_P5,TankWar_P1|TankWar_P3|TankWar_P4|TankWar_P5,UNKNOWN,UNKNOWN,0.600,0.200,LOW,INTRA_BLOCK,RESOLVED_INTERNAL,TankWar_P1|TankWar_P3|TankWar_P4|TankWar_P5
D847,C:\Users\JBNU\git\ConstraintsRecovery\assets\tankwar\asset27:IF:7-116,C:\Users\JBNU\git\ConstraintsRecovery\assets\tankwar\asset27:IF:7-116,E305,E304,,FIELD_REFERENCE,C:\Users\JBNU\git\ConstraintsRecovery\assets\tankwar\asset27,22,G7,G7,TankWar_P1|TankWar_P3|TankWar_P4|TankWar_P5,TankWar_P1|TankWar_P3|TankWar_P4|TankWar_P5,UNKNOWN,UNKNOWN,0.600,0.200,LOW,INTRA_BLOCK,RESOLVED_INTERNAL,TankWar_P1|TankWar_P3|TankWar_P4|TankWar_P5
D848,C:\Users\JBNU\git\ConstraintsRecovery\assets\tankwar\asset27:IF:7-116,C:\Users\JBNU\git\ConstraintsRecovery\assets\tankwar\asset27:IF:7-116,E305,E302,,FIELD_REFERENCE,C:\Users\JBNU\git\ConstraintsRecovery\assets\tankwar\asset27,25,G7,G7,TankWar_P1|TankWar_P3|TankWar_P4|TankWar_P5,TankWar_P1|TankWar_P3|TankWar_P4|TankWar_P5,UNKNOWN,UNKNOWN,0.600,0.200,LOW,INTRA_BLOCK,RESOLVED_INTERNAL,TankWar_P1|TankWar_P3|TankWar_P4|TankWar_P5
D849,C:\Users\JBNU\git\ConstraintsRecovery\assets\tankwar\asset27:IF:7-116,C:\Users\JBNU\git\ConstraintsRecovery\assets\tankwar\asset27:IF:7-116,E305,E304,,FIELD_REFERENCE,C:\Users\JBNU\git\ConstraintsRecovery\assets\tankwar\asset27,25,G7,G7,TankWar_P1|TankWar_P3|TankWar_P4|TankWar_P5,TankWar_P1|TankWar_P3|TankWar_P4|TankWar_P5,UNKNOWN,UNKNOWN,0.600,0.200,LOW,INTRA_BLOCK,RESOLVED_INTERNAL,TankWar_P1|TankWar_P3|TankWar_P4|TankWar_P5
D850,C:\Users\JBNU\git\ConstraintsRecovery\assets\tankwar\asset27:IF:7-116,C:\Users\JBNU\git\ConstraintsRecovery\assets\tankwar\asset27:IF:7-116,E305,E302,,FIELD_REFERENCE,C:\Users\JBNU\git\ConstraintsRecovery\assets\tankwar\asset27,26,G7,G7,TankWar_P1|TankWar_P3|TankWar_P4|TankWar_P5,TankWar_P1|TankWar_P3|TankWar_P4|TankWar_P5,UNKNOWN,UNKNOWN,0.600,0.200,LOW,INTRA_BLOCK,RESOLVED_INTERNAL,TankWar_P1|TankWar_P3|TankWar_P4|TankWar_P5
D851,C:\Users\JBNU\git\ConstraintsRecovery\assets\tankwar\asset27:IF:7-116,C:\Users\JBNU\git\ConstraintsRecovery\assets\tankwar\asset27:IF:7-116,E305,E303,,FIELD_REFERENCE,C:\Users\JBNU\git\ConstraintsRecovery\assets\tankwar\asset27,27,G7,G7,TankWar_P1|TankWar_P3|TankWar_P4|TankWar_P5,TankWar_P1|TankWar_P3|TankWar_P4|TankWar_P5,UNKNOWN,UNKNOWN,0.600,0.200,LOW,INTRA_BLOCK,RESOLVED_INTERNAL,TankWar_P1|TankWar_P3|TankWar_P4|TankWar_P5
D852,C:\Users\JBNU\git\ConstraintsRecovery\assets\tankwar\asset27:IF:7-116,C:\Users\JBNU\git\ConstraintsRecovery\assets\tankwar\asset27:IF:7-116,E305,E304,,FIELD_REFERENCE,C:\Users\JBNU\git\ConstraintsRecovery\assets\tankwar\asset27,27,G7,G7,TankWar_P1|TankWar_P3|TankWar_P4|TankWar_P5,TankWar_P1|TankWar_P3|TankWar_P4|TankWar_P5,UNKNOWN,UNKNOWN,0.600,0.200,LOW,INTRA_BLOCK,RESOLVED_INTERNAL,TankWar_P1|TankWar_P3|TankWar_P4|TankWar_P5
D853,C:\Users\JBNU\git\ConstraintsRecovery\assets\tankwar\asset27:IF:7-116,C:\Users\JBNU\git\ConstraintsRecovery\assets\tankwar\asset24:IF:7-24,E305,E295,,CONSTRUCTOR_CALL,C:\Users\JBNU\git\ConstraintsRecovery\assets\tankwar\asset27,34,G7,G7,TankWar_P1|TankWar_P3|TankWar_P4|TankWar_P5,TankWar_P1|TankWar_P3|TankWar_P4|TankWar_P5,UNKNOWN,UNKNOWN,0.750,0.200,LOW,NONE,RESOLVED_INTERNAL,TankWar_P1|TankWar_P3|TankWar_P4|TankWar_P5
D854,C:\Users\JBNU\git\ConstraintsRecovery\assets\tankwar\asset27:IF:7-116,C:\Users\JBNU\git\ConstraintsRecovery\assets\tankwar\asset27:IF:7-116,E305,E303,,FIELD_REFERENCE,C:\Users\JBNU\git\ConstraintsRecovery\assets\tankwar\asset27,38,G7,G7,TankWar_P1|TankWar_P3|TankWar_P4|TankWar_P5,TankWar_P1|TankWar_P3|TankWar_P4|TankWar_P5,UNKNOWN,UNKNOWN,0.600,0.200,LOW,INTRA_BLOCK,RESOLVED_INTERNAL,TankWar_P1|TankWar_P3|TankWar_P4|TankWar_P5
D855,C:\Users\JBNU\git\ConstraintsRecovery\assets\tankwar\asset27:IF:7-116,C:\Users\JBNU\git\ConstraintsRecovery\assets\tankwar\asset27:IF:7-116,E305,E303,,FIELD_REFERENCE,C:\Users\JBNU\git\ConstraintsRecovery\assets\tankwar\asset27,47,G7,G7,TankWar_P1|TankWar_P3|TankWar_P4|TankWar_P5,TankWar_P1|TankWar_P3|TankWar_P4|TankWar_P5,UNKNOWN,UNKNOWN,0.600,0.200,LOW,INTRA_BLOCK,RESOLVED_INTERNAL,TankWar_P1|TankWar_P3|TankWar_P4|TankWar_P5
D856,C:\Users\JBNU\git\ConstraintsRecovery\assets\tankwar\asset27:IF:7-116,C:\Users\JBNU\git\ConstraintsRecovery\assets\tankwar\asset27:IF:7-116,E305,E302,,FIELD_REFERENCE,C:\Users\JBNU\git\ConstraintsRecovery\assets\tankwar\asset27,48,G7,G7,TankWar_P1|TankWar_P3|TankWar_P4|TankWar_P5,TankWar_P1|TankWar_P3|TankWar_P4|TankWar_P5,UNKNOWN,UNKNOWN,0.600,0.200,LOW,INTRA_BLOCK,RESOLVED_INTERNAL,TankWar_P1|TankWar_P3|TankWar_P4|TankWar_P5
D857,C:\Users\JBNU\git\ConstraintsRecovery\assets\tankwar\asset27:IF:7-116,C:\Users\JBNU\git\ConstraintsRecovery\assets\tankwar\asset27:IF:7-116,E305,E304,,FIELD_REFERENCE,C:\Users\JBNU\git\ConstraintsRecovery\assets\tankwar\asset27,48,G7,G7,TankWar_P1|TankWar_P3|TankWar_P4|TankWar_P5,TankWar_P1|TankWar_P3|TankWar_P4|TankWar_P5,UNKNOWN,UNKNOWN,0.600,0.200,LOW,INTRA_BLOCK,RESOLVED_INTERNAL,TankWar_P1|TankWar_P3|TankWar_P4|TankWar_P5
D858,C:\Users\JBNU\git\ConstraintsRecovery\assets\tankwar\asset27:IF:7-116,C:\Users\JBNU\git\ConstraintsRecovery\assets\tankwar\asset24:IF:7-24,E305,E294,,FIELD_REFERENCE,C:\Users\JBNU\git\ConstraintsRecovery\assets\tankwar\asset27,56,G7,G7,TankWar_P1|TankWar_P3|TankWar_P4|TankWar_P5,TankWar_P1|TankWar_P3|TankWar_P4|TankWar_P5,UNKNOWN,UNKNOWN,0.600,0.200,LOW,NONE,RESOLVED_INTERNAL,TankWar_P1|TankWar_P3|TankWar_P4|TankWar_P5
D859,C:\Users\JBNU\git\ConstraintsRecovery\assets\tankwar\asset27:IF:7-116,C:\Users\JBNU\git\ConstraintsRecovery\assets\tankwar\asset27:IF:7-116,E305,E302,,FIELD_REFERENCE,C:\Users\JBNU\git\ConstraintsRecovery\assets\tankwar\asset27,78,G7,G7,TankWar_P1|TankWar_P3|TankWar_P4|TankWar_P5,TankWar_P1|TankWar_P3|TankWar_P4|TankWar_P5,UNKNOWN,UNKNOWN,0.600,0.200,LOW,INTRA_BLOCK,RESOLVED_INTERNAL,TankWar_P1|TankWar_P3|TankWar_P4|TankWar_P5
D860,C:\Users\JBNU\git\ConstraintsRecovery\assets\tankwar\asset27:IF:7-116,C:\Users\JBNU\git\ConstraintsRecovery\assets\tankwar\asset27:IF:7-116,E305,E302,,FIELD_REFERENCE,C:\Users\JBNU\git\ConstraintsRecovery\assets\tankwar\asset27,84,G7,G7,TankWar_P1|TankWar_P3|TankWar_P4|TankWar_P5,TankWar_P1|TankWar_P3|TankWar_P4|TankWar_P5,UNKNOWN,UNKNOWN,0.600,0.200,LOW,INTRA_BLOCK,RESOLVED_INTERNAL,TankWar_P1|TankWar_P3|TankWar_P4|TankWar_P5
D861,C:\Users\JBNU\git\ConstraintsRecovery\assets\tankwar\asset27:IF:7-116,C:\Users\JBNU\git\ConstraintsRecovery\assets\tankwar\asset27:IF:7-116,E306,E303,,FIELD_REFERENCE,C:\Users\JBNU\git\ConstraintsRecovery\assets\tankwar\asset27,91,G7,G7,TankWar_P1|TankWar_P3|TankWar_P4|TankWar_P5,TankWar_P1|TankWar_P3|TankWar_P4|TankWar_P5,UNKNOWN,UNKNOWN,0.600,0.200,LOW,INTRA_BLOCK,RESOLVED_INTERNAL,TankWar_P1|TankWar_P3|TankWar_P4|TankWar_P5
D862,C:\Users\JBNU\git\ConstraintsRecovery\assets\tankwar\asset27:IF:7-116,C:\Users\JBNU\git\ConstraintsRecovery\assets\tankwar\asset27:IF:7-116,E306,E304,,FIELD_REFERENCE,C:\Users\JBNU\git\ConstraintsRecovery\assets\tankwar\asset27,91,G7,G7,TankWar_P1|TankWar_P3|TankWar_P4|TankWar_P5,TankWar_P1|TankWar_P3|TankWar_P4|TankWar_P5,UNKNOWN,UNKNOWN,0.600,0.200,LOW,INTRA_BLOCK,RESOLVED_INTERNAL,TankWar_P1|TankWar_P3|TankWar_P4|TankWar_P5
D863,C:\Users\JBNU\git\ConstraintsRecovery\assets\tankwar\asset27:IF:7-116,C:\Users\JBNU\git\ConstraintsRecovery\assets\tankwar\asset27:IF:7-116,E306,E302,,FIELD_REFERENCE,C:\Users\JBNU\git\ConstraintsRecovery\assets\tankwar\asset27,94,G7,G7,TankWar_P1|TankWar_P3|TankWar_P4|TankWar_P5,TankWar_P1|TankWar_P3|TankWar_P4|TankWar_P5,UNKNOWN,UNKNOWN,0.600,0.200,LOW,INTRA_BLOCK,RESOLVED_INTERNAL,TankWar_P1|TankWar_P3|TankWar_P4|TankWar_P5
D864,C:\Users\JBNU\git\ConstraintsRecovery\assets\tankwar\asset27:IF:7-116,C:\Users\JBNU\git\ConstraintsRecovery\assets\tankwar\asset27:IF:7-116,E306,E304,,FIELD_REFERENCE,C:\Users\JBNU\git\ConstraintsRecovery\assets\tankwar\asset27,94,G7,G7,TankWar_P1|TankWar_P3|TankWar_P4|TankWar_P5,TankWar_P1|TankWar_P3|TankWar_P4|TankWar_P5,UNKNOWN,UNKNOWN,0.600,0.200,LOW,INTRA_BLOCK,RESOLVED_INTERNAL,TankWar_P1|TankWar_P3|TankWar_P4|TankWar_P5
D865,C:\Users\JBNU\git\ConstraintsRecovery\assets\tankwar\asset27:IF:7-116,C:\Users\JBNU\git\ConstraintsRecovery\assets\tankwar\asset27:IF:7-116,E306,E302,,FIELD_REFERENCE,C:\Users\JBNU\git\ConstraintsRecovery\assets\tankwar\asset27,95,G7,G7,TankWar_P1|TankWar_P3|TankWar_P4|TankWar_P5,TankWar_P1|TankWar_P3|TankWar_P4|TankWar_P5,UNKNOWN,UNKNOWN,0.600,0.200,LOW,INTRA_BLOCK,RESOLVED_INTERNAL,TankWar_P1|TankWar_P3|TankWar_P4|TankWar_P5
D866,C:\Users\JBNU\git\ConstraintsRecovery\assets\tankwar\asset27:IF:7-116,C:\Users\JBNU\git\ConstraintsRecovery\assets\tankwar\asset27:IF:7-116,E306,E303,,FIELD_REFERENCE,C:\Users\JBNU\git\ConstraintsRecovery\assets\tankwar\asset27,96,G7,G7,TankWar_P1|TankWar_P3|TankWar_P4|TankWar_P5,TankWar_P1|TankWar_P3|TankWar_P4|TankWar_P5,UNKNOWN,UNKNOWN,0.600,0.200,LOW,INTRA_BLOCK,RESOLVED_INTERNAL,TankWar_P1|TankWar_P3|TankWar_P4|TankWar_P5
D867,C:\Users\JBNU\git\ConstraintsRecovery\assets\tankwar\asset27:IF:7-116,C:\Users\JBNU\git\ConstraintsRecovery\assets\tankwar\asset27:IF:7-116,E306,E304,,FIELD_REFERENCE,C:\Users\JBNU\git\ConstraintsRecovery\assets\tankwar\asset27,96,G7,G7,TankWar_P1|TankWar_P3|TankWar_P4|TankWar_P5,TankWar_P1|TankWar_P3|TankWar_P4|TankWar_P5,UNKNOWN,UNKNOWN,0.600,0.200,LOW,INTRA_BLOCK,RESOLVED_INTERNAL,TankWar_P1|TankWar_P3|TankWar_P4|TankWar_P5
D845,C:\Users\JBNU\git\ConstraintsRecovery\assets\tankwar\asset27:IF:7-116,C:\Users\JBNU\git\ConstraintsRecovery\assets\tankwar\asset27:IF:7-116,E306,E303,,FIELD_REFERENCE,C:\Users\JBNU\git\ConstraintsRecovery\assets\tankwar\asset27,106,G7,G7,TankWar_P1|TankWar_P3|TankWar_P4|TankWar_P5,TankWar_P1|TankWar_P3|TankWar_P4|TankWar_P5,UNKNOWN,UNKNOWN,0.600,0.200,LOW,INTRA_BLOCK,RESOLVED_INTERNAL,TankWar_P1|TankWar_P3|TankWar_P4|TankWar_P5
D868,C:\Users\JBNU\git\ConstraintsRecovery\assets\tankwar\asset28:IF:7-57,C:\Users\JBNU\git\ConstraintsRecovery\assets\tankwar\asset28:IF:7-57,E319,E311,,FIELD_REFERENCE,C:\Users\JBNU\git\ConstraintsRecovery\assets\tankwar\asset28,35,G7,G7,TankWar_P1|TankWar_P3|TankWar_P4|TankWar_P5,TankWar_P1|TankWar_P3|TankWar_P4|TankWar_P5,UNKNOWN,UNKNOWN,0.600,0.200,LOW,INTRA_BLOCK,RESOLVED_INTERNAL,TankWar_P3|TankWar_P4
D869,C:\Users\JBNU\git\ConstraintsRecovery\assets\tankwar\asset28:IF:7-57,C:\Users\JBNU\git\ConstraintsRecovery\assets\tankwar\asset28:IF:7-57,E320,E312,,FIELD_REFERENCE,C:\Users\JBNU\git\ConstraintsRecovery\assets\tankwar\asset28,35,G7,G7,TankWar_P1|TankWar_P3|TankWar_P4|TankWar_P5,TankWar_P1|TankWar_P3|TankWar_P4|TankWar_P5,UNKNOWN,UNKNOWN,0.600,0.200,LOW,INTRA_BLOCK,RESOLVED_INTERNAL,TankWar_P1|TankWar_P5
D870,C:\Users\JBNU\git\ConstraintsRecovery\assets\tankwar\asset28:IF:7-57,C:\Users\JBNU\git\ConstraintsRecovery\assets\tankwar\asset28:IF:7-57,E321,E311,,FIELD_REFERENCE,C:\Users\JBNU\git\ConstraintsRecovery\assets\tankwar\asset28,41,G7,G7,TankWar_P1|TankWar_P3|TankWar_P4|TankWar_P5,TankWar_P1|TankWar_P3|TankWar_P4|TankWar_P5,UNKNOWN,UNKNOWN,0.600,0.200,LOW,INTRA_BLOCK,RESOLVED_INTERNAL,TankWar_P3|TankWar_P4
D871,C:\Users\JBNU\git\ConstraintsRecovery\assets\tankwar\asset28:IF:7-57,C:\Users\JBNU\git\ConstraintsRecovery\assets\tankwar\asset28:IF:7-57,E322,E312,,FIELD_REFERENCE,C:\Users\JBNU\git\ConstraintsRecovery\assets\tankwar\asset28,41,G7,G7,TankWar_P1|TankWar_P3|TankWar_P4|TankWar_P5,TankWar_P1|TankWar_P3|TankWar_P4|TankWar_P5,UNKNOWN,UNKNOWN,0.600,0.200,LOW,INTRA_BLOCK,RESOLVED_INTERNAL,TankWar_P1|TankWar_P5
D872,C:\Users\JBNU\git\ConstraintsRecovery\assets\tankwar\asset28:IF:7-57,C:\Users\JBNU\git\ConstraintsRecovery\assets\tankwar\asset23:IF:7-99,E321,E286,,METHOD_CALL,C:\Users\JBNU\git\ConstraintsRecovery\assets\tankwar\asset28,41,G7,G7,TankWar_P1|TankWar_P3|TankWar_P4|TankWar_P5,TankWar_P1|TankWar_P3|TankWar_P4|TankWar_P5,UNKNOWN,UNKNOWN,0.750,0.200,LOW,NONE,RESOLVED_INTERNAL,TankWar_P3|TankWar_P4
D873,C:\Users\JBNU\git\ConstraintsRecovery\assets\tankwar\asset28:IF:7-57,C:\Users\JBNU\git\ConstraintsRecovery\assets\tankwar\asset27:IF:7-116,E321,E306,,METHOD_CALL,C:\Users\JBNU\git\ConstraintsRecovery\assets\tankwar\asset28,41,G7,G7,TankWar_P1|TankWar_P3|TankWar_P4|TankWar_P5,TankWar_P1|TankWar_P3|TankWar_P4|TankWar_P5,UNKNOWN,UNKNOWN,0.750,0.200,LOW,NONE,RESOLVED_INTERNAL,TankWar_P3|TankWar_P4
D874,C:\Users\JBNU\git\ConstraintsRecovery\assets\tankwar\asset28:IF:7-57,C:\Users\JBNU\git\ConstraintsRecovery\assets\tankwar\asset23:IF:7-99,E322,E286,,METHOD_CALL,C:\Users\JBNU\git\ConstraintsRecovery\assets\tankwar\asset28,41,G7,G7,TankWar_P1|TankWar_P3|TankWar_P4|TankWar_P5,TankWar_P1|TankWar_P3|TankWar_P4|TankWar_P5,UNKNOWN,UNKNOWN,0.750,0.200,LOW,NONE,RESOLVED_INTERNAL,TankWar_P1|TankWar_P5
D875,C:\Users\JBNU\git\ConstraintsRecovery\assets\tankwar\asset28:IF:7-57,C:\Users\JBNU\git\ConstraintsRecovery\assets\tankwar\asset27:IF:7-116,E322,E306,,METHOD_CALL,C:\Users\JBNU\git\ConstraintsRecovery\assets\tankwar\asset28,41,G7,G7,TankWar_P1|TankWar_P3|TankWar_P4|TankWar_P5,TankWar_P1|TankWar_P3|TankWar_P4|TankWar_P5,UNKNOWN,UNKNOWN,0.750,0.200,LOW,NONE,RESOLVED_INTERNAL,TankWar_P1|TankWar_P5
D876,C:\Users\JBNU\git\ConstraintsRecovery\assets\tankwar\asset28:IF:7-57,C:\Users\JBNU\git\ConstraintsRecovery\assets\tankwar\asset23:IF:7-99,E321,E287,,METHOD_CALL,C:\Users\JBNU\git\ConstraintsRecovery\assets\tankwar\asset28,44,G7,G7,TankWar_P1|TankWar_P3|TankWar_P4|TankWar_P5,TankWar_P1|TankWar_P3|TankWar_P4|TankWar_P5,UNKNOWN,UNKNOWN,0.750,0.200,LOW,NONE,RESOLVED_INTERNAL,TankWar_P3|TankWar_P4
D877,C:\Users\JBNU\git\ConstraintsRecovery\assets\tankwar\asset28:IF:7-57,C:\Users\JBNU\git\ConstraintsRecovery\assets\tankwar\asset23:IF:7-99,E322,E287,,METHOD_CALL,C:\Users\JBNU\git\ConstraintsRecovery\assets\tankwar\asset28,44,G7,G7,TankWar_P1|TankWar_P3|TankWar_P4|TankWar_P5,TankWar_P1|TankWar_P3|TankWar_P4|TankWar_P5,UNKNOWN,UNKNOWN,0.750,0.200,LOW,NONE,RESOLVED_INTERNAL,TankWar_P1|TankWar_P5
D878,C:\Users\JBNU\git\ConstraintsRecovery\assets\tankwar\asset28:IF:7-57,C:\Users\JBNU\git\ConstraintsRecovery\assets\tankwar\asset22:IF:8-80,E323,E267,,FIELD_REFERENCE,C:\Users\JBNU\git\ConstraintsRecovery\assets\tankwar\asset28,49,G7,G4,TankWar_P1|TankWar_P3|TankWar_P4|TankWar_P5,TankWar_P1|TankWar_P2|TankWar_P3|TankWar_P4|TankWar_P5,UNKNOWN,UNKNOWN,0.600,0.200,LOW,NONE,RESOLVED_INTERNAL,TankWar_P3|TankWar_P4
D879,C:\Users\JBNU\git\ConstraintsRecovery\assets\tankwar\asset28:IF:7-57,C:\Users\JBNU\git\ConstraintsRecovery\assets\tankwar\asset22:IF:8-80,E324,E267,,FIELD_REFERENCE,C:\Users\JBNU\git\ConstraintsRecovery\assets\tankwar\asset28,49,G7,G4,TankWar_P1|TankWar_P3|TankWar_P4|TankWar_P5,TankWar_P1|TankWar_P2|TankWar_P3|TankWar_P4|TankWar_P5,UNKNOWN,UNKNOWN,0.600,0.200,LOW,NONE,RESOLVED_INTERNAL,TankWar_P1|TankWar_P5
D880,C:\Users\JBNU\git\ConstraintsRecovery\assets\tankwar\asset28:IF:7-57,C:\Users\JBNU\git\ConstraintsRecovery\assets\tankwar\asset28:IF:7-57,E323,E313,,FIELD_REFERENCE,C:\Users\JBNU\git\ConstraintsRecovery\assets\tankwar\asset28,50,G7,G7,TankWar_P1|TankWar_P3|TankWar_P4|TankWar_P5,TankWar_P1|TankWar_P3|TankWar_P4|TankWar_P5,UNKNOWN,UNKNOWN,0.600,0.200,LOW,INTRA_BLOCK,RESOLVED_INTERNAL,TankWar_P3|TankWar_P4
D881,C:\Users\JBNU\git\ConstraintsRecovery\assets\tankwar\asset28:IF:7-57,C:\Users\JBNU\git\ConstraintsRecovery\assets\tankwar\asset28:IF:7-57,E324,E314,,FIELD_REFERENCE,C:\Users\JBNU\git\ConstraintsRecovery\assets\tankwar\asset28,50,G7,G7,TankWar_P1|TankWar_P3|TankWar_P4|TankWar_P5,TankWar_P1|TankWar_P3|TankWar_P4|TankWar_P5,UNKNOWN,UNKNOWN,0.600,0.200,LOW,INTRA_BLOCK,RESOLVED_INTERNAL,TankWar_P1|TankWar_P5
D882,C:\Users\JBNU\git\ConstraintsRecovery\assets\tankwar\asset28:IF:7-57,C:\Users\JBNU\git\ConstraintsRecovery\assets\tankwar\asset28:IF:7-57,E325,E311,,FIELD_REFERENCE,C:\Users\JBNU\git\ConstraintsRecovery\assets\tankwar\asset28,54,G7,G7,TankWar_P1|TankWar_P3|TankWar_P4|TankWar_P5,TankWar_P1|TankWar_P3|TankWar_P4|TankWar_P5,UNKNOWN,UNKNOWN,0.600,0.200,LOW,INTRA_BLOCK,RESOLVED_INTERNAL,TankWar_P3|TankWar_P4
D883,C:\Users\JBNU\git\ConstraintsRecovery\assets\tankwar\asset28:IF:7-57,C:\Users\JBNU\git\ConstraintsRecovery\assets\tankwar\asset28:IF:7-57,E325,E313,,FIELD_REFERENCE,C:\Users\JBNU\git\ConstraintsRecovery\assets\tankwar\asset28,54,G7,G7,TankWar_P1|TankWar_P3|TankWar_P4|TankWar_P5,TankWar_P1|TankWar_P3|TankWar_P4|TankWar_P5,UNKNOWN,UNKNOWN,0.600,0.200,LOW,INTRA_BLOCK,RESOLVED_INTERNAL,TankWar_P3|TankWar_P4
D884,C:\Users\JBNU\git\ConstraintsRecovery\assets\tankwar\asset28:IF:7-57,C:\Users\JBNU\git\ConstraintsRecovery\assets\tankwar\asset28:IF:7-57,E326,E312,,FIELD_REFERENCE,C:\Users\JBNU\git\ConstraintsRecovery\assets\tankwar\asset28,54,G7,G7,TankWar_P1|TankWar_P3|TankWar_P4|TankWar_P5,TankWar_P1|TankWar_P3|TankWar_P4|TankWar_P5,UNKNOWN,UNKNOWN,0.600,0.200,LOW,INTRA_BLOCK,RESOLVED_INTERNAL,TankWar_P1|TankWar_P5
D885,C:\Users\JBNU\git\ConstraintsRecovery\assets\tankwar\asset28:IF:7-57,C:\Users\JBNU\git\ConstraintsRecovery\assets\tankwar\asset28:IF:7-57,E326,E314,,FIELD_REFERENCE,C:\Users\JBNU\git\ConstraintsRecovery\assets\tankwar\asset28,54,G7,G7,TankWar_P1|TankWar_P3|TankWar_P4|TankWar_P5,TankWar_P1|TankWar_P3|TankWar_P4|TankWar_P5,UNKNOWN,UNKNOWN,0.600,0.200,LOW,INTRA_BLOCK,RESOLVED_INTERNAL,TankWar_P1|TankWar_P5
D886,C:\Users\JBNU\git\ConstraintsRecovery\assets\tankwar\asset28:IF:7-57,C:\Users\JBNU\git\ConstraintsRecovery\assets\tankwar\asset27:IF:7-116,E325,E305,,METHOD_CALL,C:\Users\JBNU\git\ConstraintsRecovery\assets\tankwar\asset28,54,G7,G7,TankWar_P1|TankWar_P3|TankWar_P4|TankWar_P5,TankWar_P1|TankWar_P3|TankWar_P4|TankWar_P5,UNKNOWN,UNKNOWN,0.750,0.200,LOW,NONE,RESOLVED_INTERNAL,TankWar_P3|TankWar_P4
D887,C:\Users\JBNU\git\ConstraintsRecovery\assets\tankwar\asset28:IF:7-57,C:\Users\JBNU\git\ConstraintsRecovery\assets\tankwar\asset27:IF:7-116,E326,E305,,METHOD_CALL,C:\Users\JBNU\git\ConstraintsRecovery\assets\tankwar\asset28,54,G7,G7,TankWar_P1|TankWar_P3|TankWar_P4|TankWar_P5,TankWar_P1|TankWar_P3|TankWar_P4|TankWar_P5,UNKNOWN,UNKNOWN,0.750,0.200,LOW,NONE,RESOLVED_INTERNAL,TankWar_P1|TankWar_P5
D888,C:\Users\JBNU\git\ConstraintsRecovery\assets\tankwar\asset28:IF:7-57,C:\Users\JBNU\git\ConstraintsRecovery\assets\tankwar\asset28:IF:7-57,E325,E313,,FIELD_REFERENCE,C:\Users\JBNU\git\ConstraintsRecovery\assets\tankwar\asset28,55,G7,G7,TankWar_P1|TankWar_P3|TankWar_P4|TankWar_P5,TankWar_P1|TankWar_P3|TankWar_P4|TankWar_P5,UNKNOWN,UNKNOWN,0.600,0.200,LOW,INTRA_BLOCK,RESOLVED_INTERNAL,TankWar_P3|TankWar_P4
D889,C:\Users\JBNU\git\ConstraintsRecovery\assets\tankwar\asset28:IF:7-57,C:\Users\JBNU\git\ConstraintsRecovery\assets\tankwar\asset28:IF:7-57,E326,E314,,FIELD_REFERENCE,C:\Users\JBNU\git\ConstraintsRecovery\assets\tankwar\asset28,55,G7,G7,TankWar_P1|TankWar_P3|TankWar_P4|TankWar_P5,TankWar_P1|TankWar_P3|TankWar_P4|TankWar_P5,UNKNOWN,UNKNOWN,0.600,0.200,LOW,INTRA_BLOCK,RESOLVED_INTERNAL,TankWar_P1|TankWar_P5
D890,C:\Users\JBNU\git\ConstraintsRecovery\assets\tankwar\asset29:IF:6-26,C:\Users\JBNU\git\ConstraintsRecovery\assets\tankwar\asset3:IF:8-44,E331,E337,,METHOD_CALL,C:\Users\JBNU\git\ConstraintsRecovery\assets\tankwar\asset29,23,G8,G4,TankWar_P1|TankWar_P3|TankWar_P5,TankWar_P1|TankWar_P2|TankWar_P3|TankWar_P4|TankWar_P5,UNKNOWN,UNKNOWN,0.750,0.200,LOW,NONE,RESOLVED_INTERNAL,TankWar_P1|TankWar_P3|TankWar_P5
D1208,C:\Users\JBNU\git\ConstraintsRecovery\assets\tankwar\asset3:IF:8-44,C:\Users\JBNU\git\ConstraintsRecovery\assets\tankwar\asset9:IF:8-248,E332,E683,,EXTENDS,C:\Users\JBNU\git\ConstraintsRecovery\assets\tankwar\asset3,17,G4,G4,TankWar_P1|TankWar_P2|TankWar_P3|TankWar_P4|TankWar_P5,TankWar_P1|TankWar_P2|TankWar_P3|TankWar_P4|TankWar_P5,UNKNOWN,UNKNOWN,0.900,0.200,LOW,NONE,RESOLVED_INTERNAL,TankWar_P1|TankWar_P2|TankWar_P3|TankWar_P4|TankWar_P5
D1209,C:\Users\JBNU\git\ConstraintsRecovery\assets\tankwar\asset3:IF:8-44,C:\Users\JBNU\git\ConstraintsRecovery\assets\tankwar\asset3:IF:8-44,E335,E333,,FIELD_REFERENCE,C:\Users\JBNU\git\ConstraintsRecovery\assets\tankwar\asset3,25,G4,G4,TankWar_P1|TankWar_P2|TankWar_P3|TankWar_P4|TankWar_P5,TankWar_P1|TankWar_P2|TankWar_P3|TankWar_P4|TankWar_P5,UNKNOWN,UNKNOWN,0.600,0.200,LOW,INTRA_BLOCK,RESOLVED_INTERNAL,TankWar_P1|TankWar_P2|TankWar_P3|TankWar_P4|TankWar_P5
D1210,C:\Users\JBNU\git\ConstraintsRecovery\assets\tankwar\asset3:IF:8-44,C:\Users\JBNU\git\ConstraintsRecovery\assets\tankwar\asset9:IF:8-248,E335,E721,,METHOD_CALL,C:\Users\JBNU\git\ConstraintsRecovery\assets\tankwar\asset3,25,G4,G4,TankWar_P1|TankWar_P2|TankWar_P3|TankWar_P4|TankWar_P5,TankWar_P1|TankWar_P2|TankWar_P3|TankWar_P4|TankWar_P5,UNKNOWN,UNKNOWN,0.750,0.200,LOW,NONE,RESOLVED_INTERNAL,TankWar_P1|TankWar_P2|TankWar_P3|TankWar_P4|TankWar_P5
D1211,C:\Users\JBNU\git\ConstraintsRecovery\assets\tankwar\asset3:IF:8-44,C:\Users\JBNU\git\ConstraintsRecovery\assets\tankwar\asset20:IF:8-41,E337,E251,,CONSTRUCTOR_CALL,C:\Users\JBNU\git\ConstraintsRecovery\assets\tankwar\asset3,34,G4,G4,TankWar_P1|TankWar_P2|TankWar_P3|TankWar_P4|TankWar_P5,TankWar_P1|TankWar_P2|TankWar_P3|TankWar_P4|TankWar_P5,UNKNOWN,UNKNOWN,0.750,0.200,LOW,NONE,RESOLVED_INTERNAL,TankWar_P1|TankWar_P2|TankWar_P3|TankWar_P4|TankWar_P5
D1212,C:\Users\JBNU\git\ConstraintsRecovery\assets\tankwar\asset3:IF:8-44,C:\Users\JBNU\git\ConstraintsRecovery\assets\tankwar\asset3:IF:8-44,E337,E333,,FIELD_REFERENCE,C:\Users\JBNU\git\ConstraintsRecovery\assets\tankwar\asset3,35,G4,G4,TankWar_P1|TankWar_P2|TankWar_P3|TankWar_P4|TankWar_P5,TankWar_P1|TankWar_P2|TankWar_P3|TankWar_P4|TankWar_P5,UNKNOWN,UNKNOWN,0.600,0.200,LOW,INTRA_BLOCK,RESOLVED_INTERNAL,TankWar_P1|TankWar_P2|TankWar_P3|TankWar_P4|TankWar_P5
D1213,C:\Users\JBNU\git\ConstraintsRecovery\assets\tankwar\asset3:IF:8-44,C:\Users\JBNU\git\ConstraintsRecovery\assets\tankwar\asset3:IF:8-44,E337,E333,,FIELD_REFERENCE,C:\Users\JBNU\git\ConstraintsRecovery\assets\tankwar\asset3,36,G4,G4,TankWar_P1|TankWar_P2|TankWar_P3|TankWar_P4|TankWar_P5,TankWar_P1|TankWar_P2|TankWar_P3|TankWar_P4|TankWar_P5,UNKNOWN,UNKNOWN,0.600,0.200,LOW,INTRA_BLOCK,RESOLVED_INTERNAL,TankWar_P1|TankWar_P2|TankWar_P3|TankWar_P4|TankWar_P5
D1214,C:\Users\JBNU\git\ConstraintsRecovery\assets\tankwar\asset3:IF:8-44,C:\Users\JBNU\git\ConstraintsRecovery\assets\tankwar\asset3:IF:8-44,E338,E336,,METHOD_CALL,C:\Users\JBNU\git\ConstraintsRecovery\assets\tankwar\asset3,42,G4,G4,TankWar_P1|TankWar_P2|TankWar_P3|TankWar_P4|TankWar_P5,TankWar_P1|TankWar_P2|TankWar_P3|TankWar_P4|TankWar_P5,UNKNOWN,UNKNOWN,0.750,0.200,LOW,INTRA_BLOCK,RESOLVED_INTERNAL,TankWar_P1|TankWar_P2|TankWar_P3|TankWar_P4|TankWar_P5
D1173,C:\Users\JBNU\git\ConstraintsRecovery\assets\tankwar\asset30:IF:9-10,C:\Users\JBNU\git\ConstraintsRecovery\assets\tankwar\asset10:IF:8-42,E339,E17,,EXTENDS,C:\Users\JBNU\git\ConstraintsRecovery\assets\tankwar\asset30,10,G22,G4,TankWar_P5,TankWar_P1|TankWar_P2|TankWar_P3|TankWar_P4|TankWar_P5,UNKNOWN,UNKNOWN,0.900,0.200,LOW,NONE,RESOLVED_INTERNAL,TankWar_P5
D1174,C:\Users\JBNU\git\ConstraintsRecovery\assets\tankwar\asset30:ELIF:14-16,C:\Users\JBNU\git\ConstraintsRecovery\assets\tankwar\asset10:IF:8-42,E341,E17,,EXTENDS,C:\Users\JBNU\git\ConstraintsRecovery\assets\tankwar\asset30,16,G20,G4,TankWar_P4,TankWar_P1|TankWar_P2|TankWar_P3|TankWar_P4|TankWar_P5,UNKNOWN,UNKNOWN,0.900,0.200,LOW,NONE,RESOLVED_INTERNAL,TankWar_P4
D1175,C:\Users\JBNU\git\ConstraintsRecovery\assets\tankwar\asset30:IF:6-40,C:\Users\JBNU\git\ConstraintsRecovery\assets\tankwar\asset9:IF:8-248,E343,E695,,FIELD_REFERENCE,C:\Users\JBNU\git\ConstraintsRecovery\assets\tankwar\asset30,26,G16,G4,TankWar_P2|TankWar_P4|TankWar_P5,TankWar_P1|TankWar_P2|TankWar_P3|TankWar_P4|TankWar_P5,UNKNOWN,UNKNOWN,0.600,0.200,LOW,NONE,RESOLVED_INTERNAL,TankWar_P2|TankWar_P4|TankWar_P5
D1176,C:\Users\JBNU\git\ConstraintsRecovery\assets\tankwar\asset30:IF:6-40,C:\Users\JBNU\git\ConstraintsRecovery\assets\tankwar\asset9:IF:8-248,E343,E691,,FIELD_REFERENCE,C:\Users\JBNU\git\ConstraintsRecovery\assets\tankwar\asset30,27,G16,G4,TankWar_P2|TankWar_P4|TankWar_P5,TankWar_P1|TankWar_P2|TankWar_P3|TankWar_P4|TankWar_P5,UNKNOWN,UNKNOWN,0.600,0.200,LOW,NONE,RESOLVED_INTERNAL,TankWar_P2|TankWar_P4|TankWar_P5
D1177,C:\Users\JBNU\git\ConstraintsRecovery\assets\tankwar\asset30:IF:6-40,C:\Users\JBNU\git\ConstraintsRecovery\assets\tankwar\asset9:IF:8-248,E343,E692,,FIELD_REFERENCE,C:\Users\JBNU\git\ConstraintsRecovery\assets\tankwar\asset30,27,G16,G4,TankWar_P2|TankWar_P4|TankWar_P5,TankWar_P1|TankWar_P2|TankWar_P3|TankWar_P4|TankWar_P5,UNKNOWN,UNKNOWN,0.600,0.200,LOW,NONE,RESOLVED_INTERNAL,TankWar_P2|TankWar_P4|TankWar_P5
D1178,C:\Users\JBNU\git\ConstraintsRecovery\assets\tankwar\asset30:IF:6-40,C:\Users\JBNU\git\ConstraintsRecovery\assets\tankwar\asset9:IF:8-248,E343,E693,,FIELD_REFERENCE,C:\Users\JBNU\git\ConstraintsRecovery\assets\tankwar\asset30,27,G16,G4,TankWar_P2|TankWar_P4|TankWar_P5,TankWar_P1|TankWar_P2|TankWar_P3|TankWar_P4|TankWar_P5,UNKNOWN,UNKNOWN,0.600,0.200,LOW,NONE,RESOLVED_INTERNAL,TankWar_P2|TankWar_P4|TankWar_P5
D1179,C:\Users\JBNU\git\ConstraintsRecovery\assets\tankwar\asset30:IF:6-40,C:\Users\JBNU\git\ConstraintsRecovery\assets\tankwar\asset9:IF:8-248,E343,E695,,FIELD_REFERENCE,C:\Users\JBNU\git\ConstraintsRecovery\assets\tankwar\asset30,27,G16,G4,TankWar_P2|TankWar_P4|TankWar_P5,TankWar_P1|TankWar_P2|TankWar_P3|TankWar_P4|TankWar_P5,UNKNOWN,UNKNOWN,0.600,0.200,LOW,NONE,RESOLVED_INTERNAL,TankWar_P2|TankWar_P4|TankWar_P5
D1180,C:\Users\JBNU\git\ConstraintsRecovery\assets\tankwar\asset30:IF:6-40,C:\Users\JBNU\git\ConstraintsRecovery\assets\tankwar\asset9:IF:8-248,E343,E695,,FIELD_REFERENCE,C:\Users\JBNU\git\ConstraintsRecovery\assets\tankwar\asset30,28,G16,G4,TankWar_P2|TankWar_P4|TankWar_P5,TankWar_P1|TankWar_P2|TankWar_P3|TankWar_P4|TankWar_P5,UNKNOWN,UNKNOWN,0.600,0.200,LOW,NONE,RESOLVED_INTERNAL,TankWar_P2|TankWar_P4|TankWar_P5
D1181,C:\Users\JBNU\git\ConstraintsRecovery\assets\tankwar\asset31:IF:6-25,C:\Users\JBNU\git\ConstraintsRecovery\assets\tankwar\asset3:IF:8-44,E347,E337,,METHOD_CALL,C:\Users\JBNU\git\ConstraintsRecovery\assets\tankwar\asset31,22,G3,G4,TankWar_P1|TankWar_P2|TankWar_P3,TankWar_P1|TankWar_P2|TankWar_P3|TankWar_P4|TankWar_P5,UNKNOWN,UNKNOWN,0.750,0.200,LOW,NONE,RESOLVED_INTERNAL,TankWar_P1|TankWar_P2|TankWar_P3
D1182,C:\Users\JBNU\git\ConstraintsRecovery\assets\tankwar\asset32:IF:24-26,C:\Users\JBNU\git\ConstraintsRecovery\assets\tankwar\asset2:IF:8-332,E348,E202,,EXTENDS,C:\Users\JBNU\git\ConstraintsRecovery\assets\tankwar\asset32,26,G1,G4,TankWar_P1,TankWar_P1|TankWar_P2|TankWar_P3|TankWar_P4|TankWar_P5,UNKNOWN,UNKNOWN,0.900,0.200,LOW,NONE,RESOLVED_INTERNAL,TankWar_P1
D1183,C:\Users\JBNU\git\ConstraintsRecovery\assets\tankwar\asset32:ELIF:27-29,C:\Users\JBNU\git\ConstraintsRecovery\assets\tankwar\asset56:IF:5-34,E349,E494,,EXTENDS,C:\Users\JBNU\git\ConstraintsRecovery\assets\tankwar\asset32,29,G17,G13,TankWar_P3,TankWar_P2|TankWar_P3,UNKNOWN,UNKNOWN,0.900,0.200,LOW,NONE,RESOLVED_INTERNAL,TankWar_P3
D1184,C:\Users\JBNU\git\ConstraintsRecovery\assets\tankwar\asset32:ELIF:30-31,C:\Users\JBNU\git\ConstraintsRecovery\assets\tankwar\asset56:IF:5-34,E350,E494,,EXTENDS,C:\Users\JBNU\git\ConstraintsRecovery\assets\tankwar\asset32,31,G12,G13,TankWar_P2,TankWar_P2|TankWar_P3,UNKNOWN,UNKNOWN,0.900,0.200,LOW,NONE,RESOLVED_INTERNAL,TankWar_P2
D1185,C:\Users\JBNU\git\ConstraintsRecovery\assets\tankwar\asset32:IF:6-40,C:\Users\JBNU\git\ConstraintsRecovery\assets\tankwar\asset2:IF:8-332,E352,E228,,METHOD_CALL,C:\Users\JBNU\git\ConstraintsRecovery\assets\tankwar\asset32,38,G3,G4,TankWar_P1|TankWar_P2|TankWar_P3,TankWar_P1|TankWar_P2|TankWar_P3|TankWar_P4|TankWar_P5,UNKNOWN,UNKNOWN,0.750,0.200,LOW,NONE,RESOLVED_INTERNAL,TankWar_P1|TankWar_P2|TankWar_P3
D1186,C:\Users\JBNU\git\ConstraintsRecovery\assets\tankwar\asset33:IF:6-23,C:\Users\JBNU\git\ConstraintsRecovery\assets\tankwar\asset9:IF:8-248,E356,E688,,FIELD_REFERENCE,C:\Users\JBNU\git\ConstraintsRecovery\assets\tankwar\asset33,19,G3,G4,TankWar_P1|TankWar_P2|TankWar_P3,TankWar_P1|TankWar_P2|TankWar_P3|TankWar_P4|TankWar_P5,UNKNOWN,UNKNOWN,0.600,0.200,LOW,NONE,RESOLVED_INTERNAL,TankWar_P1|TankWar_P2|TankWar_P3
D1187,C:\Users\JBNU\git\ConstraintsRecovery\assets\tankwar\asset33:IF:6-23,C:\Users\JBNU\git\ConstraintsRecovery\assets\tankwar\asset9:IF:8-248,E356,E689,,FIELD_REFERENCE,C:\Users\JBNU\git\ConstraintsRecovery\assets\tankwar\asset33,19,G3,G4,TankWar_P1|TankWar_P2|TankWar_P3,TankWar_P1|TankWar_P2|TankWar_P3|TankWar_P4|TankWar_P5,UNKNOWN,UNKNOWN,0.600,0.200,LOW,NONE,RESOLVED_INTERNAL,TankWar_P1|TankWar_P2|TankWar_P3
D1188,C:\Users\JBNU\git\ConstraintsRecovery\assets\tankwar\asset34:IF:6-39,C:\Users\JBNU\git\ConstraintsRecovery\assets\tankwar\asset2:IF:8-332,E361,E228,,METHOD_CALL,C:\Users\JBNU\git\ConstraintsRecovery\assets\tankwar\asset34,37,G8,G4,TankWar_P1|TankWar_P3|TankWar_P5,TankWar_P1|TankWar_P2|TankWar_P3|TankWar_P4|TankWar_P5,UNKNOWN,UNKNOWN,0.750,0.200,LOW,NONE,RESOLVED_INTERNAL,TankWar_P1|TankWar_P3|TankWar_P5
D1189,C:\Users\JBNU\git\ConstraintsRecovery\assets\tankwar\asset35:IF:24-26,C:\Users\JBNU\git\ConstraintsRecovery\assets\tankwar\asset2:IF:8-332,E362,E202,,EXTENDS,C:\Users\JBNU\git\ConstraintsRecovery\assets\tankwar\asset35,26,G21,G4,TankWar_P4|TankWar_P5,TankWar_P1|TankWar_P2|TankWar_P3|TankWar_P4|TankWar_P5,UNKNOWN,UNKNOWN,0.900,0.200,LOW,NONE,RESOLVED_INTERNAL,TankWar_P4|TankWar_P5
D1190,C:\Users\JBNU\git\ConstraintsRecovery\assets\tankwar\asset35:IF:6-37,C:\Users\JBNU\git\ConstraintsRecovery\assets\tankwar\asset2:IF:8-332,E365,E228,,METHOD_CALL,C:\Users\JBNU\git\ConstraintsRecovery\assets\tankwar\asset35,35,G16,G4,TankWar_P2|TankWar_P4|TankWar_P5,TankWar_P1|TankWar_P2|TankWar_P3|TankWar_P4|TankWar_P5,UNKNOWN,UNKNOWN,0.750,0.200,LOW,NONE,RESOLVED_INTERNAL,TankWar_P2|TankWar_P4|TankWar_P5
D1191,C:\Users\JBNU\git\ConstraintsRecovery\assets\tankwar\asset36:IF:12-13,C:\Users\JBNU\git\ConstraintsRecovery\assets\tankwar\asset3:IF:8-44,E366,E332,,EXTENDS,C:\Users\JBNU\git\ConstraintsRecovery\assets\tankwar\asset36,13,G1,G4,TankWar_P1,TankWar_P1|TankWar_P2|TankWar_P3|TankWar_P4|TankWar_P5,UNKNOWN,UNKNOWN,0.900,0.200,LOW,NONE,RESOLVED_INTERNAL,TankWar_P1
D1192,C:\Users\JBNU\git\ConstraintsRecovery\assets\tankwar\asset36:ELIF:14-15,C:\Users\JBNU\git\ConstraintsRecovery\assets\tankwar\asset59:IF:5-22,E367,E505,,EXTENDS,C:\Users\JBNU\git\ConstraintsRecovery\assets\tankwar\asset36,15,G17,G13,TankWar_P3,TankWar_P2|TankWar_P3,UNKNOWN,UNKNOWN,0.900,0.200,LOW,NONE,RESOLVED_INTERNAL,TankWar_P3
D1193,C:\Users\JBNU\git\ConstraintsRecovery\assets\tankwar\asset36:ELIF:16-18,C:\Users\JBNU\git\ConstraintsRecovery\assets\tankwar\asset59:IF:5-22,E368,E505,,EXTENDS,C:\Users\JBNU\git\ConstraintsRecovery\assets\tankwar\asset36,18,G12,G13,TankWar_P2,TankWar_P2|TankWar_P3,UNKNOWN,UNKNOWN,0.900,0.200,LOW,NONE,RESOLVED_INTERNAL,TankWar_P2
D1194,C:\Users\JBNU\git\ConstraintsRecovery\assets\tankwar\asset36:IF:6-27,C:\Users\JBNU\git\ConstraintsRecovery\assets\tankwar\asset3:IF:8-44,E370,E337,,METHOD_CALL,C:\Users\JBNU\git\ConstraintsRecovery\assets\tankwar\asset36,24,G3,G4,TankWar_P1|TankWar_P2|TankWar_P3,TankWar_P1|TankWar_P2|TankWar_P3|TankWar_P4|TankWar_P5,UNKNOWN,UNKNOWN,0.750,0.200,LOW,NONE,RESOLVED_INTERNAL,TankWar_P1|TankWar_P2|TankWar_P3
D1195,C:\Users\JBNU\git\ConstraintsRecovery\assets\tankwar\asset37:IF:6-37,C:\Users\JBNU\git\ConstraintsRecovery\assets\tankwar\asset2:IF:8-332,E374,E228,,METHOD_CALL,C:\Users\JBNU\git\ConstraintsRecovery\assets\tankwar\asset37,35,G3,G4,TankWar_P1|TankWar_P2|TankWar_P3,TankWar_P1|TankWar_P2|TankWar_P3|TankWar_P4|TankWar_P5,UNKNOWN,UNKNOWN,0.750,0.200,LOW,NONE,RESOLVED_INTERNAL,TankWar_P1|TankWar_P2|TankWar_P3
D1196,C:\Users\JBNU\git\ConstraintsRecovery\assets\tankwar\asset38:IF:9-11,C:\Users\JBNU\git\ConstraintsRecovery\assets\tankwar\asset3:IF:8-44,E375,E332,,EXTENDS,C:\Users\JBNU\git\ConstraintsRecovery\assets\tankwar\asset38,11,G20,G4,TankWar_P4,TankWar_P1|TankWar_P2|TankWar_P3|TankWar_P4|TankWar_P5,UNKNOWN,UNKNOWN,0.900,0.200,LOW,NONE,RESOLVED_INTERNAL,TankWar_P4
D1197,C:\Users\JBNU\git\ConstraintsRecovery\assets\tankwar\asset38:ELIF:15-16,C:\Users\JBNU\git\ConstraintsRecovery\assets\tankwar\asset3:IF:8-44,E377,E332,,EXTENDS,C:\Users\JBNU\git\ConstraintsRecovery\assets\tankwar\asset38,16,G22,G4,TankWar_P5,TankWar_P1|TankWar_P2|TankWar_P3|TankWar_P4|TankWar_P5,UNKNOWN,UNKNOWN,0.900,0.200,LOW,NONE,RESOLVED_INTERNAL,TankWar_P5
D1198,C:\Users\JBNU\git\ConstraintsRecovery\assets\tankwar\asset38:IF:6-25,C:\Users\JBNU\git\ConstraintsRecovery\assets\tankwar\asset3:IF:8-44,E379,E337,,METHOD_CALL,C:\Users\JBNU\git\ConstraintsRecovery\assets\tankwar\asset38,22,G16,G4,TankWar_P2|TankWar_P4|TankWar_P5,TankWar_P1|TankWar_P2|TankWar_P3|TankWar_P4|TankWar_P5,UNKNOWN,UNKNOWN,0.750,0.200,LOW,NONE,RESOLVED_INTERNAL,TankWar_P2|TankWar_P4|TankWar_P5
D1199,C:\Users\JBNU\git\ConstraintsRecovery\assets\tankwar\asset39:IF:6-46,C:\Users\JBNU\git\ConstraintsRecovery\assets\tankwar\asset39:IF:6-46,E386,E384,,FIELD_REFERENCE,C:\Users\JBNU\git\ConstraintsRecovery\assets\tankwar\asset39,25,G8,G8,TankWar_P1|TankWar_P3|TankWar_P5,TankWar_P1|TankWar_P3|TankWar_P5,UNKNOWN,UNKNOWN,0.600,0.200,LOW,INTRA_BLOCK,RESOLVED_INTERNAL,TankWar_P1|TankWar_P3|TankWar_P5
D1200,C:\Users\JBNU\git\ConstraintsRecovery\assets\tankwar\asset39:IF:6-46,C:\Users\JBNU\git\ConstraintsRecovery\assets\tankwar\asset39:IF:6-46,E386,E383,,FIELD_REFERENCE,C:\Users\JBNU\git\ConstraintsRecovery\assets\tankwar\asset39,26,G8,G8,TankWar_P1|TankWar_P3|TankWar_P5,TankWar_P1|TankWar_P3|TankWar_P5,UNKNOWN,UNKNOWN,0.600,0.200,LOW,INTRA_BLOCK,RESOLVED_INTERNAL,TankWar_P1|TankWar_P3|TankWar_P5
D1201,C:\Users\JBNU\git\ConstraintsRecovery\assets\tankwar\asset39:IF:6-46,C:\Users\JBNU\git\ConstraintsRecovery\assets\tankwar\asset39:IF:6-46,E386,E383,,FIELD_REFERENCE,C:\Users\JBNU\git\ConstraintsRecovery\assets\tankwar\asset39,29,G8,G8,TankWar_P1|TankWar_P3|TankWar_P5,TankWar_P1|TankWar_P3|TankWar_P5,UNKNOWN,UNKNOWN,0.600,0.200,LOW,INTRA_BLOCK,RESOLVED_INTERNAL,TankWar_P1|TankWar_P3|TankWar_P5
D1202,C:\Users\JBNU\git\ConstraintsRecovery\assets\tankwar\asset39:IF:6-46,C:\Users\JBNU\git\ConstraintsRecovery\assets\tankwar\asset39:IF:6-46,E386,E384,,FIELD_REFERENCE,C:\Users\JBNU\git\ConstraintsRecovery\assets\tankwar\asset39,29,G8,G8,TankWar_P1|TankWar_P3|TankWar_P5,TankWar_P1|TankWar_P3|TankWar_P5,UNKNOWN,UNKNOWN,0.600,0.200,LOW,INTRA_BLOCK,RESOLVED_INTERNAL,TankWar_P1|TankWar_P3|TankWar_P5
D1203,C:\Users\JBNU\git\ConstraintsRecovery\assets\tankwar\asset39:IF:6-46,C:\Users\JBNU\git\ConstraintsRecovery\assets\tankwar\asset39:IF:6-46,E386,E384,,FIELD_REFERENCE,C:\Users\JBNU\git\ConstraintsRecovery\assets\tankwar\asset39,31,G8,G8,TankWar_P1|TankWar_P3|TankWar_P5,TankWar_P1|TankWar_P3|TankWar_P5,UNKNOWN,UNKNOWN,0.600,0.200,LOW,INTRA_BLOCK,RESOLVED_INTERNAL,TankWar_P1|TankWar_P3|TankWar_P5
D1204,C:\Users\JBNU\git\ConstraintsRecovery\assets\tankwar\asset39:IF:6-46,C:\Users\JBNU\git\ConstraintsRecovery\assets\tankwar\asset39:IF:6-46,E387,E384,,FIELD_REFERENCE,C:\Users\JBNU\git\ConstraintsRecovery\assets\tankwar\asset39,38,G8,G8,TankWar_P1|TankWar_P3|TankWar_P5,TankWar_P1|TankWar_P3|TankWar_P5,UNKNOWN,UNKNOWN,0.600,0.200,LOW,INTRA_BLOCK,RESOLVED_INTERNAL,TankWar_P1|TankWar_P3|TankWar_P5
D1205,C:\Users\JBNU\git\ConstraintsRecovery\assets\tankwar\asset39:IF:6-46,C:\Users\JBNU\git\ConstraintsRecovery\assets\tankwar\asset39:IF:6-46,E387,E383,,FIELD_REFERENCE,C:\Users\JBNU\git\ConstraintsRecovery\assets\tankwar\asset39,39,G8,G8,TankWar_P1|TankWar_P3|TankWar_P5,TankWar_P1|TankWar_P3|TankWar_P5,UNKNOWN,UNKNOWN,0.600,0.200,LOW,INTRA_BLOCK,RESOLVED_INTERNAL,TankWar_P1|TankWar_P3|TankWar_P5
D1206,C:\Users\JBNU\git\ConstraintsRecovery\assets\tankwar\asset39:IF:6-46,C:\Users\JBNU\git\ConstraintsRecovery\assets\tankwar\asset39:IF:6-46,E387,E384,,FIELD_REFERENCE,C:\Users\JBNU\git\ConstraintsRecovery\assets\tankwar\asset39,40,G8,G8,TankWar_P1|TankWar_P3|TankWar_P5,TankWar_P1|TankWar_P3|TankWar_P5,UNKNOWN,UNKNOWN,0.600,0.200,LOW,INTRA_BLOCK,RESOLVED_INTERNAL,TankWar_P1|TankWar_P3|TankWar_P5
D1207,C:\Users\JBNU\git\ConstraintsRecovery\assets\tankwar\asset39:IF:6-46,C:\Users\JBNU\git\ConstraintsRecovery\assets\tankwar\asset14:IF:8-384,E387,E75,,FIELD_REFERENCE,C:\Users\JBNU\git\ConstraintsRecovery\assets\tankwar\asset39,41,G8,G4,TankWar_P1|TankWar_P3|TankWar_P5,TankWar_P1|TankWar_P2|TankWar_P3|TankWar_P4|TankWar_P5,UNKNOWN,UNKNOWN,0.600,0.200,LOW,NONE,RESOLVED_INTERNAL,TankWar_P1|TankWar_P3|TankWar_P5
D1363,C:\Users\JBNU\git\ConstraintsRecovery\assets\tankwar\asset4:IF:8-26,C:\Users\JBNU\git\ConstraintsRecovery\assets\tankwar\asset4:IF:8-26,E390,E389,,FIELD_REFERENCE,C:\Users\JBNU\git\ConstraintsRecovery\assets\tankwar\asset4,14,G4,G4,TankWar_P1|TankWar_P2|TankWar_P3|TankWar_P4|TankWar_P5,TankWar_P1|TankWar_P2|TankWar_P3|TankWar_P4|TankWar_P5,UNKNOWN,UNKNOWN,0.600,0.200,LOW,INTRA_BLOCK,RESOLVED_INTERNAL,TankWar_P1|TankWar_P2|TankWar_P3|TankWar_P4|TankWar_P5
D1364,C:\Users\JBNU\git\ConstraintsRecovery\assets\tankwar\asset4:IF:8-26,C:\Users\JBNU\git\ConstraintsRecovery\assets\tankwar\asset4:IF:8-26,E391,E389,,FIELD_REFERENCE,C:\Users\JBNU\git\ConstraintsRecovery\assets\tankwar\asset4,18,G4,G4,TankWar_P1|TankWar_P2|TankWar_P3|TankWar_P4|TankWar_P5,TankWar_P1|TankWar_P2|TankWar_P3|TankWar_P4|TankWar_P5,UNKNOWN,UNKNOWN,0.600,0.200,LOW,INTRA_BLOCK,RESOLVED_INTERNAL,TankWar_P1|TankWar_P2|TankWar_P3|TankWar_P4|TankWar_P5
D1365,C:\Users\JBNU\git\ConstraintsRecovery\assets\tankwar\asset4:IF:8-26,C:\Users\JBNU\git\ConstraintsRecovery\assets\tankwar\asset4:IF:8-26,E392,E389,,FIELD_REFERENCE,C:\Users\JBNU\git\ConstraintsRecovery\assets\tankwar\asset4,22,G4,G4,TankWar_P1|TankWar_P2|TankWar_P3|TankWar_P4|TankWar_P5,TankWar_P1|TankWar_P2|TankWar_P3|TankWar_P4|TankWar_P5,UNKNOWN,UNKNOWN,0.600,0.200,LOW,INTRA_BLOCK,RESOLVED_INTERNAL,TankWar_P1|TankWar_P2|TankWar_P3|TankWar_P4|TankWar_P5
D1215,C:\Users\JBNU\git\ConstraintsRecovery\assets\tankwar\asset41:IF:6-48,C:\Users\JBNU\git\ConstraintsRecovery\assets\tankwar\asset41:IF:6-48,E405,E402,,FIELD_REFERENCE,C:\Users\JBNU\git\ConstraintsRecovery\assets\tankwar\asset41,25,G3,G3,TankWar_P1|TankWar_P2|TankWar_P3,TankWar_P1|TankWar_P2|TankWar_P3,UNKNOWN,UNKNOWN,0.600,0.200,LOW,INTRA_BLOCK,RESOLVED_INTERNAL,TankWar_P1|TankWar_P2|TankWar_P3
D1216,C:\Users\JBNU\git\ConstraintsRecovery\assets\tankwar\asset41:IF:6-48,C:\Users\JBNU\git\ConstraintsRecovery\assets\tankwar\asset41:IF:6-48,E405,E403,,FIELD_REFERENCE,C:\Users\JBNU\git\ConstraintsRecovery\assets\tankwar\asset41,25,G3,G3,TankWar_P1|TankWar_P2|TankWar_P3,TankWar_P1|TankWar_P2|TankWar_P3,UNKNOWN,UNKNOWN,0.600,0.200,LOW,INTRA_BLOCK,RESOLVED_INTERNAL,TankWar_P1|TankWar_P2|TankWar_P3
D1217,C:\Users\JBNU\git\ConstraintsRecovery\assets\tankwar\asset41:IF:6-48,C:\Users\JBNU\git\ConstraintsRecovery\assets\tankwar\asset41:IF:6-48,E405,E402,,FIELD_REFERENCE,C:\Users\JBNU\git\ConstraintsRecovery\assets\tankwar\asset41,26,G3,G3,TankWar_P1|TankWar_P2|TankWar_P3,TankWar_P1|TankWar_P2|TankWar_P3,UNKNOWN,UNKNOWN,0.600,0.200,LOW,INTRA_BLOCK,RESOLVED_INTERNAL,TankWar_P1|TankWar_P2|TankWar_P3
D1218,C:\Users\JBNU\git\ConstraintsRecovery\assets\tankwar\asset41:IF:6-48,C:\Users\JBNU\git\ConstraintsRecovery\assets\tankwar\asset41:IF:6-48,E405,E402,,FIELD_REFERENCE,C:\Users\JBNU\git\ConstraintsRecovery\assets\tankwar\asset41,28,G3,G3,TankWar_P1|TankWar_P2|TankWar_P3,TankWar_P1|TankWar_P2|TankWar_P3,UNKNOWN,UNKNOWN,0.600,0.200,LOW,INTRA_BLOCK,RESOLVED_INTERNAL,TankWar_P1|TankWar_P2|TankWar_P3
D1219,C:\Users\JBNU\git\ConstraintsRecovery\assets\tankwar\asset41:IF:6-48,C:\Users\JBNU\git\ConstraintsRecovery\assets\tankwar\asset2:IF:8-332,E405,E241,,METHOD_CALL,C:\Users\JBNU\git\ConstraintsRecovery\assets\tankwar\asset41,29,G3,G4,TankWar_P1|TankWar_P2|TankWar_P3,TankWar_P1|TankWar_P2|TankWar_P3|TankWar_P4|TankWar_P5,UNKNOWN,UNKNOWN,0.750,0.200,LOW,NONE,RESOLVED_INTERNAL,TankWar_P1|TankWar_P2|TankWar_P3
D1220,C:\Users\JBNU\git\ConstraintsRecovery\assets\tankwar\asset41:IF:6-48,C:\Users\JBNU\git\ConstraintsRecovery\assets\tankwar\asset9:IF:8-248,E405,E688,,FIELD_REFERENCE,C:\Users\JBNU\git\ConstraintsRecovery\assets\tankwar\asset41,30,G3,G4,TankWar_P1|TankWar_P2|TankWar_P3,TankWar_P1|TankWar_P2|TankWar_P3|TankWar_P4|TankWar_P5,UNKNOWN,UNKNOWN,0.600,0.200,LOW,NONE,RESOLVED_INTERNAL,TankWar_P1|TankWar_P2|TankWar_P3
D1221,C:\Users\JBNU\git\ConstraintsRecovery\assets\tankwar\asset41:IF:6-48,C:\Users\JBNU\git\ConstraintsRecovery\assets\tankwar\asset2:IF:8-332,E405,E247,,METHOD_CALL,C:\Users\JBNU\git\ConstraintsRecovery\assets\tankwar\asset41,30,G3,G4,TankWar_P1|TankWar_P2|TankWar_P3,TankWar_P1|TankWar_P2|TankWar_P3|TankWar_P4|TankWar_P5,UNKNOWN,UNKNOWN,0.750,0.200,LOW,NONE,RESOLVED_INTERNAL,TankWar_P1|TankWar_P2|TankWar_P3
D1222,C:\Users\JBNU\git\ConstraintsRecovery\assets\tankwar\asset41:IF:6-48,C:\Users\JBNU\git\ConstraintsRecovery\assets\tankwar\asset41:IF:6-48,E406,E403,,FIELD_REFERENCE,C:\Users\JBNU\git\ConstraintsRecovery\assets\tankwar\asset41,37,G3,G3,TankWar_P1|TankWar_P2|TankWar_P3,TankWar_P1|TankWar_P2|TankWar_P3,UNKNOWN,UNKNOWN,0.600,0.200,LOW,INTRA_BLOCK,RESOLVED_INTERNAL,TankWar_P1|TankWar_P2|TankWar_P3
D1223,C:\Users\JBNU\git\ConstraintsRecovery\assets\tankwar\asset41:IF:6-48,C:\Users\JBNU\git\ConstraintsRecovery\assets\tankwar\asset41:IF:6-48,E406,E402,,FIELD_REFERENCE,C:\Users\JBNU\git\ConstraintsRecovery\assets\tankwar\asset41,38,G3,G3,TankWar_P1|TankWar_P2|TankWar_P3,TankWar_P1|TankWar_P2|TankWar_P3,UNKNOWN,UNKNOWN,0.600,0.200,LOW,INTRA_BLOCK,RESOLVED_INTERNAL,TankWar_P1|TankWar_P2|TankWar_P3
D1224,C:\Users\JBNU\git\ConstraintsRecovery\assets\tankwar\asset41:IF:6-48,C:\Users\JBNU\git\ConstraintsRecovery\assets\tankwar\asset41:IF:6-48,E407,E402,,FIELD_REFERENCE,C:\Users\JBNU\git\ConstraintsRecovery\assets\tankwar\asset41,43,G3,G3,TankWar_P1|TankWar_P2|TankWar_P3,TankWar_P1|TankWar_P2|TankWar_P3,UNKNOWN,UNKNOWN,0.600,0.200,LOW,INTRA_BLOCK,RESOLVED_INTERNAL,TankWar_P1|TankWar_P2|TankWar_P3
D1225,C:\Users\JBNU\git\ConstraintsRecovery\assets\tankwar\asset41:IF:6-48,C:\Users\JBNU\git\ConstraintsRecovery\assets\tankwar\asset14:IF:8-384,E407,E76,,FIELD_REFERENCE,C:\Users\JBNU\git\ConstraintsRecovery\assets\tankwar\asset41,44,G3,G4,TankWar_P1|TankWar_P2|TankWar_P3,TankWar_P1|TankWar_P2|TankWar_P3|TankWar_P4|TankWar_P5,UNKNOWN,UNKNOWN,0.600,0.200,LOW,NONE,RESOLVED_INTERNAL,TankWar_P1|TankWar_P2|TankWar_P3
D1228,C:\Users\JBNU\git\ConstraintsRecovery\assets\tankwar\asset42:IF:7-8,C:\Users\JBNU\git\ConstraintsRecovery\assets\tankwar\asset19:IF:8-51,E408,E192,,EXTENDS,C:\Users\JBNU\git\ConstraintsRecovery\assets\tankwar\asset42,8,G21,G4,TankWar_P4|TankWar_P5,TankWar_P1|TankWar_P2|TankWar_P3|TankWar_P4|TankWar_P5,UNKNOWN,UNKNOWN,0.900,0.200,LOW,NONE,RESOLVED_INTERNAL,TankWar_P4|TankWar_P5
D1226,C:\Users\JBNU\git\ConstraintsRecovery\assets\tankwar\asset42:IF:6-23,C:\Users\JBNU\git\ConstraintsRecovery\assets\tankwar\asset9:IF:8-248,E411,E688,,FIELD_REFERENCE,C:\Users\JBNU\git\ConstraintsRecovery\assets\tankwar\asset42,19,G16,G4,TankWar_P2|TankWar_P4|TankWar_P5,TankWar_P1|TankWar_P2|TankWar_P3|TankWar_P4|TankWar_P5,UNKNOWN,UNKNOWN,0.600,0.200,LOW,NONE,RESOLVED_INTERNAL,TankWar_P2|TankWar_P4|TankWar_P5
D1227,C:\Users\JBNU\git\ConstraintsRecovery\assets\tankwar\asset42:IF:6-23,C:\Users\JBNU\git\ConstraintsRecovery\assets\tankwar\asset9:IF:8-248,E411,E689,,FIELD_REFERENCE,C:\Users\JBNU\git\ConstraintsRecovery\assets\tankwar\asset42,19,G16,G4,TankWar_P2|TankWar_P4|TankWar_P5,TankWar_P1|TankWar_P2|TankWar_P3|TankWar_P4|TankWar_P5,UNKNOWN,UNKNOWN,0.600,0.200,LOW,NONE,RESOLVED_INTERNAL,TankWar_P2|TankWar_P4|TankWar_P5
D1229,C:\Users\JBNU\git\ConstraintsRecovery\assets\tankwar\asset43:IF:6-25,C:\Users\JBNU\git\ConstraintsRecovery\assets\tankwar\asset9:IF:8-248,E416,E688,,FIELD_REFERENCE,C:\Users\JBNU\git\ConstraintsRecovery\assets\tankwar\asset43,21,G8,G4,TankWar_P1|TankWar_P3|TankWar_P5,TankWar_P1|TankWar_P2|TankWar_P3|TankWar_P4|TankWar_P5,UNKNOWN,UNKNOWN,0.600,0.200,LOW,NONE,RESOLVED_INTERNAL,TankWar_P1|TankWar_P3|TankWar_P5
D1230,C:\Users\JBNU\git\ConstraintsRecovery\assets\tankwar\asset43:IF:6-25,C:\Users\JBNU\git\ConstraintsRecovery\assets\tankwar\asset9:IF:8-248,E416,E689,,FIELD_REFERENCE,C:\Users\JBNU\git\ConstraintsRecovery\assets\tankwar\asset43,21,G8,G4,TankWar_P1|TankWar_P3|TankWar_P5,TankWar_P1|TankWar_P2|TankWar_P3|TankWar_P4|TankWar_P5,UNKNOWN,UNKNOWN,0.600,0.200,LOW,NONE,RESOLVED_INTERNAL,TankWar_P1|TankWar_P3|TankWar_P5
D1234,C:\Users\JBNU\git\ConstraintsRecovery\assets\tankwar\asset44:IF:7-8,C:\Users\JBNU\git\ConstraintsRecovery\assets\tankwar\asset19:IF:8-51,E417,E192,,EXTENDS,C:\Users\JBNU\git\ConstraintsRecovery\assets\tankwar\asset44,8,G1,G4,TankWar_P1,TankWar_P1|TankWar_P2|TankWar_P3|TankWar_P4|TankWar_P5,UNKNOWN,UNKNOWN,0.900,0.200,LOW,NONE,RESOLVED_INTERNAL,TankWar_P1
D1231,C:\Users\JBNU\git\ConstraintsRecovery\assets\tankwar\asset44:ELIF:9-10,C:\Users\JBNU\git\ConstraintsRecovery\assets\tankwar\asset60:IF:5-18,E418,E514,,EXTENDS,C:\Users\JBNU\git\ConstraintsRecovery\assets\tankwar\asset44,10,G13,G13,TankWar_P2|TankWar_P3,TankWar_P2|TankWar_P3,UNKNOWN,UNKNOWN,0.900,0.200,LOW,NONE,RESOLVED_INTERNAL,TankWar_P2|TankWar_P3
D1232,C:\Users\JBNU\git\ConstraintsRecovery\assets\tankwar\asset44:IF:6-23,C:\Users\JBNU\git\ConstraintsRecovery\assets\tankwar\asset9:IF:8-248,E420,E688,,FIELD_REFERENCE,C:\Users\JBNU\git\ConstraintsRecovery\assets\tankwar\asset44,19,G3,G4,TankWar_P1|TankWar_P2|TankWar_P3,TankWar_P1|TankWar_P2|TankWar_P3|TankWar_P4|TankWar_P5,UNKNOWN,UNKNOWN,0.600,0.200,LOW,NONE,RESOLVED_INTERNAL,TankWar_P1|TankWar_P2|TankWar_P3
D1233,C:\Users\JBNU\git\ConstraintsRecovery\assets\tankwar\asset44:IF:6-23,C:\Users\JBNU\git\ConstraintsRecovery\assets\tankwar\asset9:IF:8-248,E420,E689,,FIELD_REFERENCE,C:\Users\JBNU\git\ConstraintsRecovery\assets\tankwar\asset44,19,G3,G4,TankWar_P1|TankWar_P2|TankWar_P3,TankWar_P1|TankWar_P2|TankWar_P3|TankWar_P4|TankWar_P5,UNKNOWN,UNKNOWN,0.600,0.200,LOW,NONE,RESOLVED_INTERNAL,TankWar_P1|TankWar_P2|TankWar_P3
D1240,C:\Users\JBNU\git\ConstraintsRecovery\assets\tankwar\asset45:IF:8-9,C:\Users\JBNU\git\ConstraintsRecovery\assets\tankwar\asset1:IF:8-128,E421,E1,,EXTENDS,C:\Users\JBNU\git\ConstraintsRecovery\assets\tankwar\asset45,9,G15,G4,TankWar_P2|TankWar_P4,TankWar_P1|TankWar_P2|TankWar_P3|TankWar_P4|TankWar_P5,UNKNOWN,UNKNOWN,0.900,0.200,LOW,NONE,RESOLVED_INTERNAL,TankWar_P2|TankWar_P4
D1235,C:\Users\JBNU\git\ConstraintsRecovery\assets\tankwar\asset45:ELIF:10-11,C:\Users\JBNU\git\ConstraintsRecovery\assets\tankwar\asset64:IF:5-17,E422,E526,,EXTENDS,C:\Users\JBNU\git\ConstraintsRecovery\assets\tankwar\asset45,11,G17,G19,TankWar_P3,TankWar_P3|TankWar_P5,UNKNOWN,UNKNOWN,0.900,0.200,LOW,NONE,RESOLVED_INTERNAL,TankWar_P3
D1236,C:\Users\JBNU\git\ConstraintsRecovery\assets\tankwar\asset45:IF:6-38,C:\Users\JBNU\git\ConstraintsRecovery\assets\tankwar\asset13:IF:8-358,E424,E64,,METHOD_CALL,C:\Users\JBNU\git\ConstraintsRecovery\assets\tankwar\asset45,25,G14,G4,TankWar_P2|TankWar_P3|TankWar_P4,TankWar_P1|TankWar_P2|TankWar_P3|TankWar_P4|TankWar_P5,UNKNOWN,UNKNOWN,0.750,0.200,LOW,NONE,RESOLVED_INTERNAL,TankWar_P2|TankWar_P3|TankWar_P4
D1237,C:\Users\JBNU\git\ConstraintsRecovery\assets\tankwar\asset45:IF:6-38,C:\Users\JBNU\git\ConstraintsRecovery\assets\tankwar\asset13:IF:8-358,E424,E64,,METHOD_CALL,C:\Users\JBNU\git\ConstraintsRecovery\assets\tankwar\asset45,28,G14,G4,TankWar_P2|TankWar_P3|TankWar_P4,TankWar_P1|TankWar_P2|TankWar_P3|TankWar_P4|TankWar_P5,UNKNOWN,UNKNOWN,0.750,0.200,LOW,NONE,RESOLVED_INTERNAL,TankWar_P2|TankWar_P3|TankWar_P4
D1238,C:\Users\JBNU\git\ConstraintsRecovery\assets\tankwar\asset45:IF:6-38,C:\Users\JBNU\git\ConstraintsRecovery\assets\tankwar\asset13:IF:8-358,E424,E64,,METHOD_CALL,C:\Users\JBNU\git\ConstraintsRecovery\assets\tankwar\asset45,31,G14,G4,TankWar_P2|TankWar_P3|TankWar_P4,TankWar_P1|TankWar_P2|TankWar_P3|TankWar_P4|TankWar_P5,UNKNOWN,UNKNOWN,0.750,0.200,LOW,NONE,RESOLVED_INTERNAL,TankWar_P2|TankWar_P3|TankWar_P4
D1239,C:\Users\JBNU\git\ConstraintsRecovery\assets\tankwar\asset45:IF:6-38,C:\Users\JBNU\git\ConstraintsRecovery\assets\tankwar\asset13:IF:8-358,E424,E64,,METHOD_CALL,C:\Users\JBNU\git\ConstraintsRecovery\assets\tankwar\asset45,34,G14,G4,TankWar_P2|TankWar_P3|TankWar_P4,TankWar_P1|TankWar_P2|TankWar_P3|TankWar_P4|TankWar_P5,UNKNOWN,UNKNOWN,0.750,0.200,LOW,NONE,RESOLVED_INTERNAL,TankWar_P2|TankWar_P3|TankWar_P4
D1241,C:\Users\JBNU\git\ConstraintsRecovery\assets\tankwar\asset46:IF:9-10,C:\Users\JBNU\git\ConstraintsRecovery\assets\tankwar\asset10:IF:8-42,E425,E17,,EXTENDS,C:\Users\JBNU\git\ConstraintsRecovery\assets\tankwar\asset46,10,G1,G4,TankWar_P1,TankWar_P1|TankWar_P2|TankWar_P3|TankWar_P4|TankWar_P5,UNKNOWN,UNKNOWN,0.900,0.200,LOW,NONE,RESOLVED_INTERNAL,TankWar_P1
D1242,C:\Users\JBNU\git\ConstraintsRecovery\assets\tankwar\asset46:ELIF:11-13,C:\Users\JBNU\git\ConstraintsRecovery\assets\tankwar\asset52:IF:5-39,E426,E473,,EXTENDS,C:\Users\JBNU\git\ConstraintsRecovery\assets\tankwar\asset46,13,G13,G13,TankWar_P2|TankWar_P3,TankWar_P2|TankWar_P3,UNKNOWN,UNKNOWN,0.900,0.200,LOW,NONE,RESOLVED_INTERNAL,TankWar_P2|TankWar_P3
D1243,C:\Users\JBNU\git\ConstraintsRecovery\assets\tankwar\asset46:IF:6-50,C:\Users\JBNU\git\ConstraintsRecovery\assets\tankwar\asset46:IF:6-50,E430,E428,,FIELD_REFERENCE,C:\Users\JBNU\git\ConstraintsRecovery\assets\tankwar\asset46,23,G3,G3,TankWar_P1|TankWar_P2|TankWar_P3,TankWar_P1|TankWar_P2|TankWar_P3,UNKNOWN,UNKNOWN,0.600,0.200,LOW,INTRA_BLOCK,RESOLVED_INTERNAL,TankWar_P1|TankWar_P2|TankWar_P3
D1244,C:\Users\JBNU\git\ConstraintsRecovery\assets\tankwar\asset46:IF:6-50,C:\Users\JBNU\git\ConstraintsRecovery\assets\tankwar\asset46:IF:6-50,E430,E427,,FIELD_REFERENCE,C:\Users\JBNU\git\ConstraintsRecovery\assets\tankwar\asset46,24,G3,G3,TankWar_P1|TankWar_P2|TankWar_P3,TankWar_P1|TankWar_P2|TankWar_P3,UNKNOWN,UNKNOWN,0.600,0.200,LOW,INTRA_BLOCK,RESOLVED_INTERNAL,TankWar_P1|TankWar_P2|TankWar_P3
D1245,C:\Users\JBNU\git\ConstraintsRecovery\assets\tankwar\asset46:IF:6-50,C:\Users\JBNU\git\ConstraintsRecovery\assets\tankwar\asset46:IF:6-50,E430,E427,,FIELD_REFERENCE,C:\Users\JBNU\git\ConstraintsRecovery\assets\tankwar\asset46,27,G3,G3,TankWar_P1|TankWar_P2|TankWar_P3,TankWar_P1|TankWar_P2|TankWar_P3,UNKNOWN,UNKNOWN,0.600,0.200,LOW,INTRA_BLOCK,RESOLVED_INTERNAL,TankWar_P1|TankWar_P2|TankWar_P3
D1246,C:\Users\JBNU\git\ConstraintsRecovery\assets\tankwar\asset46:IF:6-50,C:\Users\JBNU\git\ConstraintsRecovery\assets\tankwar\asset46:IF:6-50,E430,E428,,FIELD_REFERENCE,C:\Users\JBNU\git\ConstraintsRecovery\assets\tankwar\asset46,27,G3,G3,TankWar_P1|TankWar_P2|TankWar_P3,TankWar_P1|TankWar_P2|TankWar_P3,UNKNOWN,UNKNOWN,0.600,0.200,LOW,INTRA_BLOCK,RESOLVED_INTERNAL,TankWar_P1|TankWar_P2|TankWar_P3
D1247,C:\Users\JBNU\git\ConstraintsRecovery\assets\tankwar\asset46:IF:6-50,C:\Users\JBNU\git\ConstraintsRecovery\assets\tankwar\asset9:IF:8-248,E430,E695,,FIELD_REFERENCE,C:\Users\JBNU\git\ConstraintsRecovery\assets\tankwar\asset46,28,G3,G4,TankWar_P1|TankWar_P2|TankWar_P3,TankWar_P1|TankWar_P2|TankWar_P3|TankWar_P4|TankWar_P5,UNKNOWN,UNKNOWN,0.600,0.200,LOW,NONE,RESOLVED_INTERNAL,TankWar_P1|TankWar_P2|TankWar_P3
D1248,C:\Users\JBNU\git\ConstraintsRecovery\assets\tankwar\asset46:IF:6-50,C:\Users\JBNU\git\ConstraintsRecovery\assets\tankwar\asset9:IF:8-248,E430,E695,,FIELD_REFERENCE,C:\Users\JBNU\git\ConstraintsRecovery\assets\tankwar\asset46,29,G3,G4,TankWar_P1|TankWar_P2|TankWar_P3,TankWar_P1|TankWar_P2|TankWar_P3|TankWar_P4|TankWar_P5,UNKNOWN,UNKNOWN,0.600,0.200,LOW,NONE,RESOLVED_INTERNAL,TankWar_P1|TankWar_P2|TankWar_P3
D1249,C:\Users\JBNU\git\ConstraintsRecovery\assets\tankwar\asset46:IF:6-50,C:\Users\JBNU\git\ConstraintsRecovery\assets\tankwar\asset9:IF:8-248,E430,E695,,FIELD_REFERENCE,C:\Users\JBNU\git\ConstraintsRecovery\assets\tankwar\asset46,30,G3,G4,TankWar_P1|TankWar_P2|TankWar_P3,TankWar_P1|TankWar_P2|TankWar_P3|TankWar_P4|TankWar_P5,UNKNOWN,UNKNOWN,0.600,0.200,LOW,NONE,RESOLVED_INTERNAL,TankWar_P1|TankWar_P2|TankWar_P3
D1250,C:\Users\JBNU\git\ConstraintsRecovery\assets\tankwar\asset46:IF:6-50,C:\Users\JBNU\git\ConstraintsRecovery\assets\tankwar\asset14:IF:8-384,E430,E78,,FIELD_REFERENCE,C:\Users\JBNU\git\ConstraintsRecovery\assets\tankwar\asset46,30,G3,G4,TankWar_P1|TankWar_P2|TankWar_P3,TankWar_P1|TankWar_P2|TankWar_P3|TankWar_P4|TankWar_P5,UNKNOWN,UNKNOWN,0.600,0.200,LOW,NONE,RESOLVED_INTERNAL,TankWar_P1|TankWar_P2|TankWar_P3
D1251,C:\Users\JBNU\git\ConstraintsRecovery\assets\tankwar\asset46:IF:6-50,C:\Users\JBNU\git\ConstraintsRecovery\assets\tankwar\asset46:IF:6-50,E430,E428,,FIELD_REFERENCE,C:\Users\JBNU\git\ConstraintsRecovery\assets\tankwar\asset46,33,G3,G3,TankWar_P1|TankWar_P2|TankWar_P3,TankWar_P1|TankWar_P2|TankWar_P3,UNKNOWN,UNKNOWN,0.600,0.200,LOW,INTRA_BLOCK,RESOLVED_INTERNAL,TankWar_P1|TankWar_P2|TankWar_P3
D1252,C:\Users\JBNU\git\ConstraintsRecovery\assets\tankwar\asset46:IF:6-50,C:\Users\JBNU\git\ConstraintsRecovery\assets\tankwar\asset46:IF:6-50,E431,E427,,FIELD_REFERENCE,C:\Users\JBNU\git\ConstraintsRecovery\assets\tankwar\asset46,40,G3,G3,TankWar_P1|TankWar_P2|TankWar_P3,TankWar_P1|TankWar_P2|TankWar_P3,UNKNOWN,UNKNOWN,0.600,0.200,LOW,INTRA_BLOCK,RESOLVED_INTERNAL,TankWar_P1|TankWar_P2|TankWar_P3
D1253,C:\Users\JBNU\git\ConstraintsRecovery\assets\tankwar\asset46:IF:6-50,C:\Users\JBNU\git\ConstraintsRecovery\assets\tankwar\asset46:IF:6-50,E431,E428,,FIELD_REFERENCE,C:\Users\JBNU\git\ConstraintsRecovery\assets\tankwar\asset46,41,G3,G3,TankWar_P1|TankWar_P2|TankWar_P3,TankWar_P1|TankWar_P2|TankWar_P3,UNKNOWN,UNKNOWN,0.600,0.200,LOW,INTRA_BLOCK,RESOLVED_INTERNAL,TankWar_P1|TankWar_P2|TankWar_P3
D1254,C:\Users\JBNU\git\ConstraintsRecovery\assets\tankwar\asset46:IF:6-50,C:\Users\JBNU\git\ConstraintsRecovery\assets\tankwar\asset9:IF:8-248,E431,E695,,FIELD_REFERENCE,C:\Users\JBNU\git\ConstraintsRecovery\assets\tankwar\asset46,42,G3,G4,TankWar_P1|TankWar_P2|TankWar_P3,TankWar_P1|TankWar_P2|TankWar_P3|TankWar_P4|TankWar_P5,UNKNOWN,UNKNOWN,0.600,0.200,LOW,NONE,RESOLVED_INTERNAL,TankWar_P1|TankWar_P2|TankWar_P3
D1255,C:\Users\JBNU\git\ConstraintsRecovery\assets\tankwar\asset46:IF:6-50,C:\Users\JBNU\git\ConstraintsRecovery\assets\tankwar\asset9:IF:8-248,E431,E691,,FIELD_REFERENCE,C:\Users\JBNU\git\ConstraintsRecovery\assets\tankwar\asset46,43,G3,G4,TankWar_P1|TankWar_P2|TankWar_P3,TankWar_P1|TankWar_P2|TankWar_P3|TankWar_P4|TankWar_P5,UNKNOWN,UNKNOWN,0.600,0.200,LOW,NONE,RESOLVED_INTERNAL,TankWar_P1|TankWar_P2|TankWar_P3
D1256,C:\Users\JBNU\git\ConstraintsRecovery\assets\tankwar\asset46:IF:6-50,C:\Users\JBNU\git\ConstraintsRecovery\assets\tankwar\asset9:IF:8-248,E431,E692,,FIELD_REFERENCE,C:\Users\JBNU\git\ConstraintsRecovery\assets\tankwar\asset46,43,G3,G4,TankWar_P1|TankWar_P2|TankWar_P3,TankWar_P1|TankWar_P2|TankWar_P3|TankWar_P4|TankWar_P5,UNKNOWN,UNKNOWN,0.600,0.200,LOW,NONE,RESOLVED_INTERNAL,TankWar_P1|TankWar_P2|TankWar_P3
D1257,C:\Users\JBNU\git\ConstraintsRecovery\assets\tankwar\asset46:IF:6-50,C:\Users\JBNU\git\ConstraintsRecovery\assets\tankwar\asset9:IF:8-248,E431,E695,,FIELD_REFERENCE,C:\Users\JBNU\git\ConstraintsRecovery\assets\tankwar\asset46,43,G3,G4,TankWar_P1|TankWar_P2|TankWar_P3,TankWar_P1|TankWar_P2|TankWar_P3|TankWar_P4|TankWar_P5,UNKNOWN,UNKNOWN,0.600,0.200,LOW,NONE,RESOLVED_INTERNAL,TankWar_P1|TankWar_P2|TankWar_P3
D1258,C:\Users\JBNU\git\ConstraintsRecovery\assets\tankwar\asset46:IF:6-50,C:\Users\JBNU\git\ConstraintsRecovery\assets\tankwar\asset9:IF:8-248,E431,E695,,FIELD_REFERENCE,C:\Users\JBNU\git\ConstraintsRecovery\assets\tankwar\asset46,44,G3,G4,TankWar_P1|TankWar_P2|TankWar_P3,TankWar_P1|TankWar_P2|TankWar_P3|TankWar_P4|TankWar_P5,UNKNOWN,UNKNOWN,0.600,0.200,LOW,NONE,RESOLVED_INTERNAL,TankWar_P1|TankWar_P2|TankWar_P3
D1259,C:\Users\JBNU\git\ConstraintsRecovery\assets\tankwar\asset46:IF:6-50,C:\Users\JBNU\git\ConstraintsRecovery\assets\tankwar\asset14:IF:8-384,E431,E78,,FIELD_REFERENCE,C:\Users\JBNU\git\ConstraintsRecovery\assets\tankwar\asset46,44,G3,G4,TankWar_P1|TankWar_P2|TankWar_P3,TankWar_P1|TankWar_P2|TankWar_P3|TankWar_P4|TankWar_P5,UNKNOWN,UNKNOWN,0.600,0.200,LOW,NONE,RESOLVED_INTERNAL,TankWar_P1|TankWar_P2|TankWar_P3
D1260,C:\Users\JBNU\git\ConstraintsRecovery\assets\tankwar\asset47:IF:6-53,C:\Users\JBNU\git\ConstraintsRecovery\assets\tankwar\asset47:IF:6-53,E435,E433,,FIELD_REFERENCE,C:\Users\JBNU\git\ConstraintsRecovery\assets\tankwar\asset47,13,G14,G14,TankWar_P2|TankWar_P3|TankWar_P4,TankWar_P2|TankWar_P3|TankWar_P4,UNKNOWN,UNKNOWN,0.600,0.200,LOW,INTRA_BLOCK,RESOLVED_INTERNAL,TankWar_P2|TankWar_P3|TankWar_P4
D1261,C:\Users\JBNU\git\ConstraintsRecovery\assets\tankwar\asset47:IF:6-53,C:\Users\JBNU\git\ConstraintsRecovery\assets\tankwar\asset47:IF:6-53,E435,E433,,FIELD_REFERENCE,C:\Users\JBNU\git\ConstraintsRecovery\assets\tankwar\asset47,14,G14,G14,TankWar_P2|TankWar_P3|TankWar_P4,TankWar_P2|TankWar_P3|TankWar_P4,UNKNOWN,UNKNOWN,0.600,0.200,LOW,INTRA_BLOCK,RESOLVED_INTERNAL,TankWar_P2|TankWar_P3|TankWar_P4
D1262,C:\Users\JBNU\git\ConstraintsRecovery\assets\tankwar\asset47:IF:6-53,C:\Users\JBNU\git\ConstraintsRecovery\assets\tankwar\asset47:IF:6-53,E435,E433,,FIELD_REFERENCE,C:\Users\JBNU\git\ConstraintsRecovery\assets\tankwar\asset47,16,G14,G14,TankWar_P2|TankWar_P3|TankWar_P4,TankWar_P2|TankWar_P3|TankWar_P4,UNKNOWN,UNKNOWN,0.600,0.200,LOW,INTRA_BLOCK,RESOLVED_INTERNAL,TankWar_P2|TankWar_P3|TankWar_P4
D1263,C:\Users\JBNU\git\ConstraintsRecovery\assets\tankwar\asset47:IF:6-53,C:\Users\JBNU\git\ConstraintsRecovery\assets\tankwar\asset47:IF:6-53,E436,E434,,FIELD_REFERENCE,C:\Users\JBNU\git\ConstraintsRecovery\assets\tankwar\asset47,19,G14,G14,TankWar_P2|TankWar_P3|TankWar_P4,TankWar_P2|TankWar_P3|TankWar_P4,UNKNOWN,INFRASTRUCTURE,0.600,0.200,LOW,INTRA_BLOCK,RESOLVED_INTERNAL,TankWar_P2|TankWar_P3|TankWar_P4
D1264,C:\Users\JBNU\git\ConstraintsRecovery\assets\tankwar\asset47:IF:6-53,C:\Users\JBNU\git\ConstraintsRecovery\assets\tankwar\asset47:IF:6-53,E436,E434,,FIELD_REFERENCE,C:\Users\JBNU\git\ConstraintsRecovery\assets\tankwar\asset47,20,G14,G14,TankWar_P2|TankWar_P3|TankWar_P4,TankWar_P2|TankWar_P3|TankWar_P4,UNKNOWN,INFRASTRUCTURE,0.600,0.200,LOW,INTRA_BLOCK,RESOLVED_INTERNAL,TankWar_P2|TankWar_P3|TankWar_P4
D1265,C:\Users\JBNU\git\ConstraintsRecovery\assets\tankwar\asset47:IF:6-53,C:\Users\JBNU\git\ConstraintsRecovery\assets\tankwar\asset47:IF:6-53,E437,E434,,FIELD_REFERENCE,C:\Users\JBNU\git\ConstraintsRecovery\assets\tankwar\asset47,23,G14,G14,TankWar_P2|TankWar_P3|TankWar_P4,TankWar_P2|TankWar_P3|TankWar_P4,UNKNOWN,INFRASTRUCTURE,0.600,0.200,LOW,INTRA_BLOCK,RESOLVED_INTERNAL,TankWar_P2|TankWar_P3|TankWar_P4
D1266,C:\Users\JBNU\git\ConstraintsRecovery\assets\tankwar\asset47:IF:6-53,C:\Users\JBNU\git\ConstraintsRecovery\assets\tankwar\asset47:IF:6-53,E437,E434,,FIELD_REFERENCE,C:\Users\JBNU\git\ConstraintsRecovery\assets\tankwar\asset47,24,G14,G14,TankWar_P2|TankWar_P3|TankWar_P4,TankWar_P2|TankWar_P3|TankWar_P4,UNKNOWN,INFRASTRUCTURE,0.600,0.200,LOW,INTRA_BLOCK,RESOLVED_INTERNAL,TankWar_P2|TankWar_P3|TankWar_P4
D1267,C:\Users\JBNU\git\ConstraintsRecovery\assets\tankwar\asset47:IF:6-53,C:\Users\JBNU\git\ConstraintsRecovery\assets\tankwar\asset47:IF:6-53,E438,E434,,FIELD_REFERENCE,C:\Users\JBNU\git\ConstraintsRecovery\assets\tankwar\asset47,27,G14,G14,TankWar_P2|TankWar_P3|TankWar_P4,TankWar_P2|TankWar_P3|TankWar_P4,UNKNOWN,INFRASTRUCTURE,0.600,0.200,LOW,INTRA_BLOCK,RESOLVED_INTERNAL,TankWar_P2|TankWar_P3|TankWar_P4
D1268,C:\Users\JBNU\git\ConstraintsRecovery\assets\tankwar\asset47:IF:6-53,C:\Users\JBNU\git\ConstraintsRecovery\assets\tankwar\asset47:IF:6-53,E438,E434,,FIELD_REFERENCE,C:\Users\JBNU\git\ConstraintsRecovery\assets\tankwar\asset47,28,G14,G14,TankWar_P2|TankWar_P3|TankWar_P4,TankWar_P2|TankWar_P3|TankWar_P4,UNKNOWN,INFRASTRUCTURE,0.600,0.200,LOW,INTRA_BLOCK,RESOLVED_INTERNAL,TankWar_P2|TankWar_P3|TankWar_P4
D1269,C:\Users\JBNU\git\ConstraintsRecovery\assets\tankwar\asset47:IF:6-53,C:\Users\JBNU\git\ConstraintsRecovery\assets\tankwar\asset47:IF:6-53,E439,E434,,FIELD_REFERENCE,C:\Users\JBNU\git\ConstraintsRecovery\assets\tankwar\asset47,31,G14,G14,TankWar_P2|TankWar_P3|TankWar_P4,TankWar_P2|TankWar_P3|TankWar_P4,UNKNOWN,INFRASTRUCTURE,0.600,0.200,LOW,INTRA_BLOCK,RESOLVED_INTERNAL,TankWar_P2|TankWar_P3|TankWar_P4
D1270,C:\Users\JBNU\git\ConstraintsRecovery\assets\tankwar\asset47:IF:6-53,C:\Users\JBNU\git\ConstraintsRecovery\assets\tankwar\asset47:IF:6-53,E439,E434,,FIELD_REFERENCE,C:\Users\JBNU\git\ConstraintsRecovery\assets\tankwar\asset47,32,G14,G14,TankWar_P2|TankWar_P3|TankWar_P4,TankWar_P2|TankWar_P3|TankWar_P4,UNKNOWN,INFRASTRUCTURE,0.600,0.200,LOW,INTRA_BLOCK,RESOLVED_INTERNAL,TankWar_P2|TankWar_P3|TankWar_P4
D1271,C:\Users\JBNU\git\ConstraintsRecovery\assets\tankwar\asset47:IF:6-53,C:\Users\JBNU\git\ConstraintsRecovery\assets\tankwar\asset47:IF:6-53,E440,E434,,FIELD_REFERENCE,C:\Users\JBNU\git\ConstraintsRecovery\assets\tankwar\asset47,35,G14,G14,TankWar_P2|TankWar_P3|TankWar_P4,TankWar_P2|TankWar_P3|TankWar_P4,UNKNOWN,INFRASTRUCTURE,0.600,0.200,LOW,INTRA_BLOCK,RESOLVED_INTERNAL,TankWar_P2|TankWar_P3|TankWar_P4
D1272,C:\Users\JBNU\git\ConstraintsRecovery\assets\tankwar\asset47:IF:6-53,C:\Users\JBNU\git\ConstraintsRecovery\assets\tankwar\asset47:IF:6-53,E440,E434,,FIELD_REFERENCE,C:\Users\JBNU\git\ConstraintsRecovery\assets\tankwar\asset47,36,G14,G14,TankWar_P2|TankWar_P3|TankWar_P4,TankWar_P2|TankWar_P3|TankWar_P4,UNKNOWN,INFRASTRUCTURE,0.600,0.200,LOW,INTRA_BLOCK,RESOLVED_INTERNAL,TankWar_P2|TankWar_P3|TankWar_P4
D1273,C:\Users\JBNU\git\ConstraintsRecovery\assets\tankwar\asset47:IF:6-53,C:\Users\JBNU\git\ConstraintsRecovery\assets\tankwar\asset47:IF:6-53,E441,E434,,FIELD_REFERENCE,C:\Users\JBNU\git\ConstraintsRecovery\assets\tankwar\asset47,39,G14,G14,TankWar_P2|TankWar_P3|TankWar_P4,TankWar_P2|TankWar_P3|TankWar_P4,UNKNOWN,INFRASTRUCTURE,0.600,0.200,LOW,INTRA_BLOCK,RESOLVED_INTERNAL,TankWar_P2|TankWar_P3|TankWar_P4
D1274,C:\Users\JBNU\git\ConstraintsRecovery\assets\tankwar\asset47:IF:6-53,C:\Users\JBNU\git\ConstraintsRecovery\assets\tankwar\asset47:IF:6-53,E441,E434,,FIELD_REFERENCE,C:\Users\JBNU\git\ConstraintsRecovery\assets\tankwar\asset47,40,G14,G14,TankWar_P2|TankWar_P3|TankWar_P4,TankWar_P2|TankWar_P3|TankWar_P4,UNKNOWN,INFRASTRUCTURE,0.600,0.200,LOW,INTRA_BLOCK,RESOLVED_INTERNAL,TankWar_P2|TankWar_P3|TankWar_P4
D1275,C:\Users\JBNU\git\ConstraintsRecovery\assets\tankwar\asset47:IF:6-53,C:\Users\JBNU\git\ConstraintsRecovery\assets\tankwar\asset47:IF:6-53,E442,E434,,FIELD_REFERENCE,C:\Users\JBNU\git\ConstraintsRecovery\assets\tankwar\asset47,43,G14,G14,TankWar_P2|TankWar_P3|TankWar_P4,TankWar_P2|TankWar_P3|TankWar_P4,UNKNOWN,INFRASTRUCTURE,0.600,0.200,LOW,INTRA_BLOCK,RESOLVED_INTERNAL,TankWar_P2|TankWar_P3|TankWar_P4
D1276,C:\Users\JBNU\git\ConstraintsRecovery\assets\tankwar\asset47:IF:6-53,C:\Users\JBNU\git\ConstraintsRecovery\assets\tankwar\asset47:IF:6-53,E442,E434,,FIELD_REFERENCE,C:\Users\JBNU\git\ConstraintsRecovery\assets\tankwar\asset47,44,G14,G14,TankWar_P2|TankWar_P3|TankWar_P4,TankWar_P2|TankWar_P3|TankWar_P4,UNKNOWN,INFRASTRUCTURE,0.600,0.200,LOW,INTRA_BLOCK,RESOLVED_INTERNAL,TankWar_P2|TankWar_P3|TankWar_P4
D1277,C:\Users\JBNU\git\ConstraintsRecovery\assets\tankwar\asset47:IF:6-53,C:\Users\JBNU\git\ConstraintsRecovery\assets\tankwar\asset47:IF:6-53,E443,E434,,FIELD_REFERENCE,C:\Users\JBNU\git\ConstraintsRecovery\assets\tankwar\asset47,47,G14,G14,TankWar_P2|TankWar_P3|TankWar_P4,TankWar_P2|TankWar_P3|TankWar_P4,UNKNOWN,INFRASTRUCTURE,0.600,0.200,LOW,INTRA_BLOCK,RESOLVED_INTERNAL,TankWar_P2|TankWar_P3|TankWar_P4
D1278,C:\Users\JBNU\git\ConstraintsRecovery\assets\tankwar\asset47:IF:6-53,C:\Users\JBNU\git\ConstraintsRecovery\assets\tankwar\asset47:IF:6-53,E443,E434,,FIELD_REFERENCE,C:\Users\JBNU\git\ConstraintsRecovery\assets\tankwar\asset47,48,G14,G14,TankWar_P2|TankWar_P3|TankWar_P4,TankWar_P2|TankWar_P3|TankWar_P4,UNKNOWN,INFRASTRUCTURE,0.600,0.200,LOW,INTRA_BLOCK,RESOLVED_INTERNAL,TankWar_P2|TankWar_P3|TankWar_P4
D1279,C:\Users\JBNU\git\ConstraintsRecovery\assets\tankwar\asset47:IF:6-53,C:\Users\JBNU\git\ConstraintsRecovery\assets\tankwar\asset47:IF:6-53,E444,E434,,FIELD_REFERENCE,C:\Users\JBNU\git\ConstraintsRecovery\assets\tankwar\asset47,51,G14,G14,TankWar_P2|TankWar_P3|TankWar_P4,TankWar_P2|TankWar_P3|TankWar_P4,UNKNOWN,INFRASTRUCTURE,0.600,0.200,LOW,INTRA_BLOCK,RESOLVED_INTERNAL,TankWar_P2|TankWar_P3|TankWar_P4
D1280,C:\Users\JBNU\git\ConstraintsRecovery\assets\tankwar\asset48:ELIF:12-13,C:\Users\JBNU\git\ConstraintsRecovery\assets\tankwar\asset26:IF:7-21,E446,E298,,EXTENDS,C:\Users\JBNU\git\ConstraintsRecovery\assets\tankwar\asset48,13,G18,G7,TankWar_P3|TankWar_P4,TankWar_P1|TankWar_P3|TankWar_P4|TankWar_P5,UNKNOWN,UNKNOWN,0.900,0.200,LOW,NONE,RESOLVED_INTERNAL,TankWar_P3|TankWar_P4
D1281,C:\Users\JBNU\git\ConstraintsRecovery\assets\tankwar\asset48:IF:6-58,C:\Users\JBNU\git\ConstraintsRecovery\assets\tankwar\asset47:IF:6-53,E448,E435,,METHOD_CALL,C:\Users\JBNU\git\ConstraintsRecovery\assets\tankwar\asset48,25,G14,G14,TankWar_P2|TankWar_P3|TankWar_P4,TankWar_P2|TankWar_P3|TankWar_P4,UNKNOWN,UNKNOWN,0.750,0.200,LOW,NONE,RESOLVED_INTERNAL,TankWar_P2|TankWar_P3|TankWar_P4
D1282,C:\Users\JBNU\git\ConstraintsRecovery\assets\tankwar\asset48:IF:6-58,C:\Users\JBNU\git\ConstraintsRecovery\assets\tankwar\asset47:IF:6-53,E448,E439,,METHOD_CALL,C:\Users\JBNU\git\ConstraintsRecovery\assets\tankwar\asset48,25,G14,G14,TankWar_P2|TankWar_P3|TankWar_P4,TankWar_P2|TankWar_P3|TankWar_P4,UNKNOWN,UNKNOWN,0.750,0.200,LOW,NONE,RESOLVED_INTERNAL,TankWar_P2|TankWar_P3|TankWar_P4
D1283,C:\Users\JBNU\git\ConstraintsRecovery\assets\tankwar\asset48:IF:6-58,C:\Users\JBNU\git\ConstraintsRecovery\assets\tankwar\asset47:IF:6-53,E448,E435,,METHOD_CALL,C:\Users\JBNU\git\ConstraintsRecovery\assets\tankwar\asset48,28,G14,G14,TankWar_P2|TankWar_P3|TankWar_P4,TankWar_P2|TankWar_P3|TankWar_P4,UNKNOWN,UNKNOWN,0.750,0.200,LOW,NONE,RESOLVED_INTERNAL,TankWar_P2|TankWar_P3|TankWar_P4
D1284,C:\Users\JBNU\git\ConstraintsRecovery\assets\tankwar\asset48:IF:6-58,C:\Users\JBNU\git\ConstraintsRecovery\assets\tankwar\asset47:IF:6-53,E448,E440,,METHOD_CALL,C:\Users\JBNU\git\ConstraintsRecovery\assets\tankwar\asset48,28,G14,G14,TankWar_P2|TankWar_P3|TankWar_P4,TankWar_P2|TankWar_P3|TankWar_P4,UNKNOWN,UNKNOWN,0.750,0.200,LOW,NONE,RESOLVED_INTERNAL,TankWar_P2|TankWar_P3|TankWar_P4
D1285,C:\Users\JBNU\git\ConstraintsRecovery\assets\tankwar\asset48:IF:6-58,C:\Users\JBNU\git\ConstraintsRecovery\assets\tankwar\asset47:IF:6-53,E448,E435,,METHOD_CALL,C:\Users\JBNU\git\ConstraintsRecovery\assets\tankwar\asset48,31,G14,G14,TankWar_P2|TankWar_P3|TankWar_P4,TankWar_P2|TankWar_P3|TankWar_P4,UNKNOWN,UNKNOWN,0.750,0.200,LOW,NONE,RESOLVED_INTERNAL,TankWar_P2|TankWar_P3|TankWar_P4
D1286,C:\Users\JBNU\git\ConstraintsRecovery\assets\tankwar\asset48:IF:6-58,C:\Users\JBNU\git\ConstraintsRecovery\assets\tankwar\asset47:IF:6-53,E448,E441,,METHOD_CALL,C:\Users\JBNU\git\ConstraintsRecovery\assets\tankwar\asset48,31,G14,G14,TankWar_P2|TankWar_P3|TankWar_P4,TankWar_P2|TankWar_P3|TankWar_P4,UNKNOWN,UNKNOWN,0.750,0.200,LOW,NONE,RESOLVED_INTERNAL,TankWar_P2|TankWar_P3|TankWar_P4
D1287,C:\Users\JBNU\git\ConstraintsRecovery\assets\tankwar\asset48:IF:6-58,C:\Users\JBNU\git\ConstraintsRecovery\assets\tankwar\asset47:IF:6-53,E448,E435,,METHOD_CALL,C:\Users\JBNU\git\ConstraintsRecovery\assets\tankwar\asset48,34,G14,G14,TankWar_P2|TankWar_P3|TankWar_P4,TankWar_P2|TankWar_P3|TankWar_P4,UNKNOWN,UNKNOWN,0.750,0.200,LOW,NONE,RESOLVED_INTERNAL,TankWar_P2|TankWar_P3|TankWar_P4
D1288,C:\Users\JBNU\git\ConstraintsRecovery\assets\tankwar\asset48:IF:6-58,C:\Users\JBNU\git\ConstraintsRecovery\assets\tankwar\asset47:IF:6-53,E448,E442,,METHOD_CALL,C:\Users\JBNU\git\ConstraintsRecovery\assets\tankwar\asset48,34,G14,G14,TankWar_P2|TankWar_P3|TankWar_P4,TankWar_P2|TankWar_P3|TankWar_P4,UNKNOWN,UNKNOWN,0.750,0.200,LOW,NONE,RESOLVED_INTERNAL,TankWar_P2|TankWar_P3|TankWar_P4
D1289,C:\Users\JBNU\git\ConstraintsRecovery\assets\tankwar\asset48:IF:6-58,C:\Users\JBNU\git\ConstraintsRecovery\assets\tankwar\asset47:IF:6-53,E449,E435,,METHOD_CALL,C:\Users\JBNU\git\ConstraintsRecovery\assets\tankwar\asset48,45,G14,G14,TankWar_P2|TankWar_P3|TankWar_P4,TankWar_P2|TankWar_P3|TankWar_P4,UNKNOWN,UNKNOWN,0.750,0.200,LOW,NONE,RESOLVED_INTERNAL,TankWar_P2|TankWar_P3|TankWar_P4
D1290,C:\Users\JBNU\git\ConstraintsRecovery\assets\tankwar\asset48:IF:6-58,C:\Users\JBNU\git\ConstraintsRecovery\assets\tankwar\asset47:IF:6-53,E449,E438,,METHOD_CALL,C:\Users\JBNU\git\ConstraintsRecovery\assets\tankwar\asset48,45,G14,G14,TankWar_P2|TankWar_P3|TankWar_P4,TankWar_P2|TankWar_P3|TankWar_P4,UNKNOWN,UNKNOWN,0.750,0.200,LOW,NONE,RESOLVED_INTERNAL,TankWar_P2|TankWar_P3|TankWar_P4
D1291,C:\Users\JBNU\git\ConstraintsRecovery\assets\tankwar\asset48:IF:6-58,C:\Users\JBNU\git\ConstraintsRecovery\assets\tankwar\asset47:IF:6-53,E450,E435,,METHOD_CALL,C:\Users\JBNU\git\ConstraintsRecovery\assets\tankwar\asset48,53,G14,G14,TankWar_P2|TankWar_P3|TankWar_P4,TankWar_P2|TankWar_P3|TankWar_P4,UNKNOWN,UNKNOWN,0.750,0.200,LOW,NONE,RESOLVED_INTERNAL,TankWar_P2|TankWar_P3|TankWar_P4
D1292,C:\Users\JBNU\git\ConstraintsRecovery\assets\tankwar\asset48:IF:6-58,C:\Users\JBNU\git\ConstraintsRecovery\assets\tankwar\asset47:IF:6-53,E450,E443,,METHOD_CALL,C:\Users\JBNU\git\ConstraintsRecovery\assets\tankwar\asset48,53,G14,G14,TankWar_P2|TankWar_P3|TankWar_P4,TankWar_P2|TankWar_P3|TankWar_P4,UNKNOWN,UNKNOWN,0.750,0.200,LOW,NONE,RESOLVED_INTERNAL,TankWar_P2|TankWar_P3|TankWar_P4
D1359,C:\Users\JBNU\git\ConstraintsRecovery\assets\tankwar\asset49:IF:5-132,C:\Users\JBNU\git\ConstraintsRecovery\assets\tankwar\asset63:IF:5-7,E451,E525,,EXTENDS,C:\Users\JBNU\git\ConstraintsRecovery\assets\tankwar\asset49,6,G19,G19,TankWar_P3|TankWar_P5,TankWar_P3|TankWar_P5,UNKNOWN,UNKNOWN,0.900,0.200,LOW,NONE,RESOLVED_INTERNAL,TankWar_P3|TankWar_P5
D1296,C:\Users\JBNU\git\ConstraintsRecovery\assets\tankwar\asset49:IF:5-132,C:\Users\JBNU\git\ConstraintsRecovery\assets\tankwar\asset22:IF:8-80,E458,E260,,FIELD_REFERENCE,C:\Users\JBNU\git\ConstraintsRecovery\assets\tankwar\asset49,16,G19,G4,TankWar_P3|TankWar_P5,TankWar_P1|TankWar_P2|TankWar_P3|TankWar_P4|TankWar_P5,UNKNOWN,UNKNOWN,0.600,0.200,LOW,NONE,RESOLVED_INTERNAL,TankWar_P3|TankWar_P5
D1297,C:\Users\JBNU\git\ConstraintsRecovery\assets\tankwar\asset49:IF:5-132,C:\Users\JBNU\git\ConstraintsRecovery\assets\tankwar\asset22:IF:8-80,E458,E262,,FIELD_REFERENCE,C:\Users\JBNU\git\ConstraintsRecovery\assets\tankwar\asset49,17,G19,G4,TankWar_P3|TankWar_P5,TankWar_P1|TankWar_P2|TankWar_P3|TankWar_P4|TankWar_P5,UNKNOWN,UNKNOWN,0.600,0.200,LOW,NONE,RESOLVED_INTERNAL,TankWar_P3|TankWar_P5
D1298,C:\Users\JBNU\git\ConstraintsRecovery\assets\tankwar\asset49:IF:5-132,C:\Users\JBNU\git\ConstraintsRecovery\assets\tankwar\asset49:IF:5-132,E458,E455,,FIELD_REFERENCE,C:\Users\JBNU\git\ConstraintsRecovery\assets\tankwar\asset49,18,G19,G19,TankWar_P3|TankWar_P5,TankWar_P3|TankWar_P5,UNKNOWN,UNKNOWN,0.600,0.200,LOW,INTRA_BLOCK,RESOLVED_INTERNAL,TankWar_P3|TankWar_P5
D1299,C:\Users\JBNU\git\ConstraintsRecovery\assets\tankwar\asset49:IF:5-132,C:\Users\JBNU\git\ConstraintsRecovery\assets\tankwar\asset9:IF:8-248,E458,E687,,FIELD_REFERENCE,C:\Users\JBNU\git\ConstraintsRecovery\assets\tankwar\asset49,18,G19,G4,TankWar_P3|TankWar_P5,TankWar_P1|TankWar_P2|TankWar_P3|TankWar_P4|TankWar_P5,UNKNOWN,UNKNOWN,0.600,0.200,LOW,NONE,RESOLVED_INTERNAL,TankWar_P3|TankWar_P5
D1300,C:\Users\JBNU\git\ConstraintsRecovery\assets\tankwar\asset49:IF:5-132,C:\Users\JBNU\git\ConstraintsRecovery\assets\tankwar\asset49:IF:5-132,E458,E455,,FIELD_REFERENCE,C:\Users\JBNU\git\ConstraintsRecovery\assets\tankwar\asset49,19,G19,G19,TankWar_P3|TankWar_P5,TankWar_P3|TankWar_P5,UNKNOWN,UNKNOWN,0.600,0.200,LOW,INTRA_BLOCK,RESOLVED_INTERNAL,TankWar_P3|TankWar_P5
D1301,C:\Users\JBNU\git\ConstraintsRecovery\assets\tankwar\asset49:IF:5-132,C:\Users\JBNU\git\ConstraintsRecovery\assets\tankwar\asset49:IF:5-132,E458,E455,,FIELD_REFERENCE,C:\Users\JBNU\git\ConstraintsRecovery\assets\tankwar\asset49,20,G19,G19,TankWar_P3|TankWar_P5,TankWar_P3|TankWar_P5,UNKNOWN,UNKNOWN,0.600,0.200,LOW,INTRA_BLOCK,RESOLVED_INTERNAL,TankWar_P3|TankWar_P5
D1302,C:\Users\JBNU\git\ConstraintsRecovery\assets\tankwar\asset49:IF:5-132,C:\Users\JBNU\git\ConstraintsRecovery\assets\tankwar\asset49:IF:5-132,E458,E455,,FIELD_REFERENCE,C:\Users\JBNU\git\ConstraintsRecovery\assets\tankwar\asset49,21,G19,G19,TankWar_P3|TankWar_P5,TankWar_P3|TankWar_P5,UNKNOWN,UNKNOWN,0.600,0.200,LOW,INTRA_BLOCK,RESOLVED_INTERNAL,TankWar_P3|TankWar_P5
D1303,C:\Users\JBNU\git\ConstraintsRecovery\assets\tankwar\asset49:IF:5-132,C:\Users\JBNU\git\ConstraintsRecovery\assets\tankwar\asset49:IF:5-132,E458,E455,,FIELD_REFERENCE,C:\Users\JBNU\git\ConstraintsRecovery\assets\tankwar\asset49,22,G19,G19,TankWar_P3|TankWar_P5,TankWar_P3|TankWar_P5,UNKNOWN,UNKNOWN,0.600,0.200,LOW,INTRA_BLOCK,RESOLVED_INTERNAL,TankWar_P3|TankWar_P5
D1304,C:\Users\JBNU\git\ConstraintsRecovery\assets\tankwar\asset49:IF:5-132,C:\Users\JBNU\git\ConstraintsRecovery\assets\tankwar\asset49:IF:5-132,E458,E453,,FIELD_REFERENCE,C:\Users\JBNU\git\ConstraintsRecovery\assets\tankwar\asset49,23,G19,G19,TankWar_P3|TankWar_P5,TankWar_P3|TankWar_P5,UNKNOWN,UNKNOWN,0.600,0.200,LOW,INTRA_BLOCK,RESOLVED_INTERNAL,TankWar_P3|TankWar_P5
D1305,C:\Users\JBNU\git\ConstraintsRecovery\assets\tankwar\asset49:IF:5-132,C:\Users\JBNU\git\ConstraintsRecovery\assets\tankwar\asset49:IF:5-132,E458,E454,,FIELD_REFERENCE,C:\Users\JBNU\git\ConstraintsRecovery\assets\tankwar\asset49,24,G19,G19,TankWar_P3|TankWar_P5,TankWar_P3|TankWar_P5,UNKNOWN,UNKNOWN,0.600,0.200,LOW,INTRA_BLOCK,RESOLVED_INTERNAL,TankWar_P3|TankWar_P5
D1306,C:\Users\JBNU\git\ConstraintsRecovery\assets\tankwar\asset49:IF:5-132,C:\Users\JBNU\git\ConstraintsRecovery\assets\tankwar\asset49:IF:5-132,E458,E453,,FIELD_REFERENCE,C:\Users\JBNU\git\ConstraintsRecovery\assets\tankwar\asset49,25,G19,G19,TankWar_P3|TankWar_P5,TankWar_P3|TankWar_P5,UNKNOWN,UNKNOWN,0.600,0.200,LOW,INTRA_BLOCK,RESOLVED_INTERNAL,TankWar_P3|TankWar_P5
D1307,C:\Users\JBNU\git\ConstraintsRecovery\assets\tankwar\asset49:IF:5-132,C:\Users\JBNU\git\ConstraintsRecovery\assets\tankwar\asset49:IF:5-132,E458,E454,,FIELD_REFERENCE,C:\Users\JBNU\git\ConstraintsRecovery\assets\tankwar\asset49,26,G19,G19,TankWar_P3|TankWar_P5,TankWar_P3|TankWar_P5,UNKNOWN,UNKNOWN,0.600,0.200,LOW,INTRA_BLOCK,RESOLVED_INTERNAL,TankWar_P3|TankWar_P5
D1308,C:\Users\JBNU\git\ConstraintsRecovery\assets\tankwar\asset49:IF:5-132,C:\Users\JBNU\git\ConstraintsRecovery\assets\tankwar\asset49:IF:5-132,E458,E453,,FIELD_REFERENCE,C:\Users\JBNU\git\ConstraintsRecovery\assets\tankwar\asset49,27,G19,G19,TankWar_P3|TankWar_P5,TankWar_P3|TankWar_P5,UNKNOWN,UNKNOWN,0.600,0.200,LOW,INTRA_BLOCK,RESOLVED_INTERNAL,TankWar_P3|TankWar_P5
D1309,C:\Users\JBNU\git\ConstraintsRecovery\assets\tankwar\asset49:IF:5-132,C:\Users\JBNU\git\ConstraintsRecovery\assets\tankwar\asset49:IF:5-132,E458,E454,,FIELD_REFERENCE,C:\Users\JBNU\git\ConstraintsRecovery\assets\tankwar\asset49,28,G19,G19,TankWar_P3|TankWar_P5,TankWar_P3|TankWar_P5,UNKNOWN,UNKNOWN,0.600,0.200,LOW,INTRA_BLOCK,RESOLVED_INTERNAL,TankWar_P3|TankWar_P5
D1310,C:\Users\JBNU\git\ConstraintsRecovery\assets\tankwar\asset49:IF:5-132,C:\Users\JBNU\git\ConstraintsRecovery\assets\tankwar\asset49:IF:5-132,E458,E453,,FIELD_REFERENCE,C:\Users\JBNU\git\ConstraintsRecovery\assets\tankwar\asset49,29,G19,G19,TankWar_P3|TankWar_P5,TankWar_P3|TankWar_P5,UNKNOWN,UNKNOWN,0.600,0.200,LOW,INTRA_BLOCK,RESOLVED_INTERNAL,TankWar_P3|TankWar_P5
D1311,C:\Users\JBNU\git\ConstraintsRecovery\assets\tankwar\asset49:IF:5-132,C:\Users\JBNU\git\ConstraintsRecovery\assets\tankwar\asset49:IF:5-132,E458,E454,,FIELD_REFERENCE,C:\Users\JBNU\git\ConstraintsRecovery\assets\tankwar\asset49,30,G19,G19,TankWar_P3|TankWar_P5,TankWar_P3|TankWar_P5,UNKNOWN,UNKNOWN,0.600,0.200,LOW,INTRA_BLOCK,RESOLVED_INTERNAL,TankWar_P3|TankWar_P5
D1312,C:\Users\JBNU\git\ConstraintsRecovery\assets\tankwar\asset49:IF:5-132,C:\Users\JBNU\git\ConstraintsRecovery\assets\tankwar\asset49:IF:5-132,E458,E453,,FIELD_REFERENCE,C:\Users\JBNU\git\ConstraintsRecovery\assets\tankwar\asset49,31,G19,G19,TankWar_P3|TankWar_P5,TankWar_P3|TankWar_P5,UNKNOWN,UNKNOWN,0.600,0.200,LOW,INTRA_BLOCK,RESOLVED_INTERNAL,TankWar_P3|TankWar_P5
D1313,C:\Users\JBNU\git\ConstraintsRecovery\assets\tankwar\asset49:IF:5-132,C:\Users\JBNU\git\ConstraintsRecovery\assets\tankwar\asset49:IF:5-132,E458,E454,,FIELD_REFERENCE,C:\Users\JBNU\git\ConstraintsRecovery\assets\tankwar\asset49,32,G19,G19,TankWar_P3|TankWar_P5,TankWar_P3|TankWar_P5,UNKNOWN,UNKNOWN,0.600,0.200,LOW,INTRA_BLOCK,RESOLVED_INTERNAL,TankWar_P3|TankWar_P5
D1314,C:\Users\JBNU\git\ConstraintsRecovery\assets\tankwar\asset49:IF:5-132,C:\Users\JBNU\git\ConstraintsRecovery\assets\tankwar\asset49:IF:5-132,E458,E455,,FIELD_REFERENCE,C:\Users\JBNU\git\ConstraintsRecovery\assets\tankwar\asset49,32,G19,G19,TankWar_P3|TankWar_P5,TankWar_P3|TankWar_P5,UNKNOWN,UNKNOWN,0.600,0.200,LOW,INTRA_BLOCK,RESOLVED_INTERNAL,TankWar_P3|TankWar_P5
D1315,C:\Users\JBNU\git\ConstraintsRecovery\assets\tankwar\asset49:IF:5-132,C:\Users\JBNU\git\ConstraintsRecovery\assets\tankwar\asset49:IF:5-132,E458,E453,,FIELD_REFERENCE,C:\Users\JBNU\git\ConstraintsRecovery\assets\tankwar\asset49,33,G19,G19,TankWar_P3|TankWar_P5,TankWar_P3|TankWar_P5,UNKNOWN,UNKNOWN,0.600,0.200,LOW,INTRA_BLOCK,RESOLVED_INTERNAL,TankWar_P3|TankWar_P5
D1316,C:\Users\JBNU\git\ConstraintsRecovery\assets\tankwar\asset49:IF:5-132,C:\Users\JBNU\git\ConstraintsRecovery\assets\tankwar\asset49:IF:5-132,E458,E454,,FIELD_REFERENCE,C:\Users\JBNU\git\ConstraintsRecovery\assets\tankwar\asset49,34,G19,G19,TankWar_P3|TankWar_P5,TankWar_P3|TankWar_P5,UNKNOWN,UNKNOWN,0.600,0.200,LOW,INTRA_BLOCK,RESOLVED_INTERNAL,TankWar_P3|TankWar_P5
D1317,C:\Users\JBNU\git\ConstraintsRecovery\assets\tankwar\asset49:IF:5-132,C:\Users\JBNU\git\ConstraintsRecovery\assets\tankwar\asset49:IF:5-132,E458,E453,,FIELD_REFERENCE,C:\Users\JBNU\git\ConstraintsRecovery\assets\tankwar\asset49,35,G19,G19,TankWar_P3|TankWar_P5,TankWar_P3|TankWar_P5,UNKNOWN,UNKNOWN,0.600,0.200,LOW,INTRA_BLOCK,RESOLVED_INTERNAL,TankWar_P3|TankWar_P5
D1318,C:\Users\JBNU\git\ConstraintsRecovery\assets\tankwar\asset49:IF:5-132,C:\Users\JBNU\git\ConstraintsRecovery\assets\tankwar\asset49:IF:5-132,E458,E454,,FIELD_REFERENCE,C:\Users\JBNU\git\ConstraintsRecovery\assets\tankwar\asset49,36,G19,G19,TankWar_P3|TankWar_P5,TankWar_P3|TankWar_P5,UNKNOWN,UNKNOWN,0.600,0.200,LOW,INTRA_BLOCK,RESOLVED_INTERNAL,TankWar_P3|TankWar_P5
D1319,C:\Users\JBNU\git\ConstraintsRecovery\assets\tankwar\asset49:IF:5-132,C:\Users\JBNU\git\ConstraintsRecovery\assets\tankwar\asset49:IF:5-132,E458,E453,,FIELD_REFERENCE,C:\Users\JBNU\git\ConstraintsRecovery\assets\tankwar\asset49,37,G19,G19,TankWar_P3|TankWar_P5,TankWar_P3|TankWar_P5,UNKNOWN,UNKNOWN,0.600,0.200,LOW,INTRA_BLOCK,RESOLVED_INTERNAL,TankWar_P3|TankWar_P5
D1320,C:\Users\JBNU\git\ConstraintsRecovery\assets\tankwar\asset49:IF:5-132,C:\Users\JBNU\git\ConstraintsRecovery\assets\tankwar\asset49:IF:5-132,E458,E454,,FIELD_REFERENCE,C:\Users\JBNU\git\ConstraintsRecovery\assets\tankwar\asset49,38,G19,G19,TankWar_P3|TankWar_P5,TankWar_P3|TankWar_P5,UNKNOWN,UNKNOWN,0.600,0.200,LOW,INTRA_BLOCK,RESOLVED_INTERNAL,TankWar_P3|TankWar_P5
D1321,C:\Users\JBNU\git\ConstraintsRecovery\assets\tankwar\asset49:IF:5-132,C:\Users\JBNU\git\ConstraintsRecovery\assets\tankwar\asset49:IF:5-132,E458,E453,,FIELD_REFERENCE,C:\Users\JBNU\git\ConstraintsRecovery\assets\tankwar\asset49,39,G19,G19,TankWar_P3|TankWar_P5,TankWar_P3|TankWar_P5,UNKNOWN,UNKNOWN,0.600,0.200,LOW,INTRA_BLOCK,RESOLVED_INTERNAL,TankWar_P3|TankWar_P5
D1322,C:\Users\JBNU\git\ConstraintsRecovery\assets\tankwar\asset49:IF:5-132,C:\Users\JBNU\git\ConstraintsRecovery\assets\tankwar\asset49:IF:5-132,E458,E454,,FIELD_REFERENCE,C:\Users\JBNU\git\ConstraintsRecovery\assets\tankwar\asset49,40,G19,G19,TankWar_P3|TankWar_P5,TankWar_P3|TankWar_P5,UNKNOWN,UNKNOWN,0.600,0.200,LOW,INTRA_BLOCK,RESOLVED_INTERNAL,TankWar_P3|TankWar_P5
D1323,C:\Users\JBNU\git\ConstraintsRecovery\assets\tankwar\asset49:IF:5-132,C:\Users\JBNU\git\ConstraintsRecovery\assets\tankwar\asset49:IF:5-132,E458,E453,,FIELD_REFERENCE,C:\Users\JBNU\git\ConstraintsRecovery\assets\tankwar\asset49,41,G19,G19,TankWar_P3|TankWar_P5,TankWar_P3|TankWar_P5,UNKNOWN,UNKNOWN,0.600,0.200,LOW,INTRA_BLOCK,RESOLVED_INTERNAL,TankWar_P3|TankWar_P5
D1324,C:\Users\JBNU\git\ConstraintsRecovery\assets\tankwar\asset49:IF:5-132,C:\Users\JBNU\git\ConstraintsRecovery\assets\tankwar\asset49:IF:5-132,E458,E454,,FIELD_REFERENCE,C:\Users\JBNU\git\ConstraintsRecovery\assets\tankwar\asset49,42,G19,G19,TankWar_P3|TankWar_P5,TankWar_P3|TankWar_P5,UNKNOWN,UNKNOWN,0.600,0.200,LOW,INTRA_BLOCK,RESOLVED_INTERNAL,TankWar_P3|TankWar_P5
D1325,C:\Users\JBNU\git\ConstraintsRecovery\assets\tankwar\asset49:IF:5-132,C:\Users\JBNU\git\ConstraintsRecovery\assets\tankwar\asset49:IF:5-132,E458,E453,,FIELD_REFERENCE,C:\Users\JBNU\git\ConstraintsRecovery\assets\tankwar\asset49,43,G19,G19,TankWar_P3|TankWar_P5,TankWar_P3|TankWar_P5,UNKNOWN,UNKNOWN,0.600,0.200,LOW,INTRA_BLOCK,RESOLVED_INTERNAL,TankWar_P3|TankWar_P5
D1326,C:\Users\JBNU\git\ConstraintsRecovery\assets\tankwar\asset49:IF:5-132,C:\Users\JBNU\git\ConstraintsRecovery\assets\tankwar\asset49:IF:5-132,E458,E455,,FIELD_REFERENCE,C:\Users\JBNU\git\ConstraintsRecovery\assets\tankwar\asset49,43,G19,G19,TankWar_P3|TankWar_P5,TankWar_P3|TankWar_P5,UNKNOWN,UNKNOWN,0.600,0.200,LOW,INTRA_BLOCK,RESOLVED_INTERNAL,TankWar_P3|TankWar_P5
D1327,C:\Users\JBNU\git\ConstraintsRecovery\assets\tankwar\asset49:IF:5-132,C:\Users\JBNU\git\ConstraintsRecovery\assets\tankwar\asset49:IF:5-132,E458,E454,,FIELD_REFERENCE,C:\Users\JBNU\git\ConstraintsRecovery\assets\tankwar\asset49,44,G19,G19,TankWar_P3|TankWar_P5,TankWar_P3|TankWar_P5,UNKNOWN,UNKNOWN,0.600,0.200,LOW,INTRA_BLOCK,RESOLVED_INTERNAL,TankWar_P3|TankWar_P5
D1328,C:\Users\JBNU\git\ConstraintsRecovery\assets\tankwar\asset49:IF:5-132,C:\Users\JBNU\git\ConstraintsRecovery\assets\tankwar\asset49:IF:5-132,E458,E453,,FIELD_REFERENCE,C:\Users\JBNU\git\ConstraintsRecovery\assets\tankwar\asset49,45,G19,G19,TankWar_P3|TankWar_P5,TankWar_P3|TankWar_P5,UNKNOWN,UNKNOWN,0.600,0.200,LOW,INTRA_BLOCK,RESOLVED_INTERNAL,TankWar_P3|TankWar_P5
D1329,C:\Users\JBNU\git\ConstraintsRecovery\assets\tankwar\asset49:IF:5-132,C:\Users\JBNU\git\ConstraintsRecovery\assets\tankwar\asset49:IF:5-132,E458,E454,,FIELD_REFERENCE,C:\Users\JBNU\git\ConstraintsRecovery\assets\tankwar\asset49,46,G19,G19,TankWar_P3|TankWar_P5,TankWar_P3|TankWar_P5,UNKNOWN,UNKNOWN,0.600,0.200,LOW,INTRA_BLOCK,RESOLVED_INTERNAL,TankWar_P3|TankWar_P5
D1330,C:\Users\JBNU\git\ConstraintsRecovery\assets\tankwar\asset49:IF:5-132,C:\Users\JBNU\git\ConstraintsRecovery\assets\tankwar\asset49:IF:5-132,E459,E452,,FIELD_REFERENCE,C:\Users\JBNU\git\ConstraintsRecovery\assets\tankwar\asset49,49,G19,G19,TankWar_P3|TankWar_P5,TankWar_P3|TankWar_P5,UNKNOWN,UNKNOWN,0.600,0.200,LOW,INTRA_BLOCK,RESOLVED_INTERNAL,TankWar_P3|TankWar_P5
D1331,C:\Users\JBNU\git\ConstraintsRecovery\assets\tankwar\asset49:IF:5-132,C:\Users\JBNU\git\ConstraintsRecovery\assets\tankwar\asset2:IF:8-332,E459,E241,,METHOD_CALL,C:\Users\JBNU\git\ConstraintsRecovery\assets\tankwar\asset49,52,G19,G4,TankWar_P3|TankWar_P5,TankWar_P1|TankWar_P2|TankWar_P3|TankWar_P4|TankWar_P5,UNKNOWN,UNKNOWN,0.750,0.200,LOW,NONE,RESOLVED_INTERNAL,TankWar_P3|TankWar_P5
D1332,C:\Users\JBNU\git\ConstraintsRecovery\assets\tankwar\asset49:IF:5-132,C:\Users\JBNU\git\ConstraintsRecovery\assets\tankwar\asset2:IF:8-332,E459,E241,,METHOD_CALL,C:\Users\JBNU\git\ConstraintsRecovery\assets\tankwar\asset49,55,G19,G4,TankWar_P3|TankWar_P5,TankWar_P1|TankWar_P2|TankWar_P3|TankWar_P4|TankWar_P5,UNKNOWN,UNKNOWN,0.750,0.200,LOW,NONE,RESOLVED_INTERNAL,TankWar_P3|TankWar_P5
D1333,C:\Users\JBNU\git\ConstraintsRecovery\assets\tankwar\asset49:IF:5-132,C:\Users\JBNU\git\ConstraintsRecovery\assets\tankwar\asset2:IF:8-332,E459,E241,,METHOD_CALL,C:\Users\JBNU\git\ConstraintsRecovery\assets\tankwar\asset49,58,G19,G4,TankWar_P3|TankWar_P5,TankWar_P1|TankWar_P2|TankWar_P3|TankWar_P4|TankWar_P5,UNKNOWN,UNKNOWN,0.750,0.200,LOW,NONE,RESOLVED_INTERNAL,TankWar_P3|TankWar_P5
D1334,C:\Users\JBNU\git\ConstraintsRecovery\assets\tankwar\asset49:IF:5-132,C:\Users\JBNU\git\ConstraintsRecovery\assets\tankwar\asset49:IF:5-132,E459,E453,,FIELD_REFERENCE,C:\Users\JBNU\git\ConstraintsRecovery\assets\tankwar\asset49,61,G19,G19,TankWar_P3|TankWar_P5,TankWar_P3|TankWar_P5,UNKNOWN,UNKNOWN,0.600,0.200,LOW,INTRA_BLOCK,RESOLVED_INTERNAL,TankWar_P3|TankWar_P5
D1335,C:\Users\JBNU\git\ConstraintsRecovery\assets\tankwar\asset49:IF:5-132,C:\Users\JBNU\git\ConstraintsRecovery\assets\tankwar\asset49:IF:5-132,E459,E454,,FIELD_REFERENCE,C:\Users\JBNU\git\ConstraintsRecovery\assets\tankwar\asset49,61,G19,G19,TankWar_P3|TankWar_P5,TankWar_P3|TankWar_P5,UNKNOWN,UNKNOWN,0.600,0.200,LOW,INTRA_BLOCK,RESOLVED_INTERNAL,TankWar_P3|TankWar_P5
D1336,C:\Users\JBNU\git\ConstraintsRecovery\assets\tankwar\asset49:IF:5-132,C:\Users\JBNU\git\ConstraintsRecovery\assets\tankwar\asset49:IF:5-132,E459,E460,,METHOD_CALL,C:\Users\JBNU\git\ConstraintsRecovery\assets\tankwar\asset49,61,G19,G19,TankWar_P3|TankWar_P5,TankWar_P3|TankWar_P5,UNKNOWN,UNKNOWN,0.750,0.200,LOW,INTRA_BLOCK,RESOLVED_INTERNAL,TankWar_P3|TankWar_P5
D1337,C:\Users\JBNU\git\ConstraintsRecovery\assets\tankwar\asset49:IF:5-132,C:\Users\JBNU\git\ConstraintsRecovery\assets\tankwar\asset49:IF:5-132,E459,E453,,FIELD_REFERENCE,C:\Users\JBNU\git\ConstraintsRecovery\assets\tankwar\asset49,62,G19,G19,TankWar_P3|TankWar_P5,TankWar_P3|TankWar_P5,UNKNOWN,UNKNOWN,0.600,0.200,LOW,INTRA_BLOCK,RESOLVED_INTERNAL,TankWar_P3|TankWar_P5
D1338,C:\Users\JBNU\git\ConstraintsRecovery\assets\tankwar\asset49:IF:5-132,C:\Users\JBNU\git\ConstraintsRecovery\assets\tankwar\asset49:IF:5-132,E459,E454,,FIELD_REFERENCE,C:\Users\JBNU\git\ConstraintsRecovery\assets\tankwar\asset49,62,G19,G19,TankWar_P3|TankWar_P5,TankWar_P3|TankWar_P5,UNKNOWN,UNKNOWN,0.600,0.200,LOW,INTRA_BLOCK,RESOLVED_INTERNAL,TankWar_P3|TankWar_P5
D1339,C:\Users\JBNU\git\ConstraintsRecovery\assets\tankwar\asset49:IF:5-132,C:\Users\JBNU\git\ConstraintsRecovery\assets\tankwar\asset49:IF:5-132,E459,E460,,METHOD_CALL,C:\Users\JBNU\git\ConstraintsRecovery\assets\tankwar\asset49,62,G19,G19,TankWar_P3|TankWar_P5,TankWar_P3|TankWar_P5,UNKNOWN,UNKNOWN,0.750,0.200,LOW,INTRA_BLOCK,RESOLVED_INTERNAL,TankWar_P3|TankWar_P5
D1340,C:\Users\JBNU\git\ConstraintsRecovery\assets\tankwar\asset49:IF:5-132,C:\Users\JBNU\git\ConstraintsRecovery\assets\tankwar\asset49:IF:5-132,E459,E453,,FIELD_REFERENCE,C:\Users\JBNU\git\ConstraintsRecovery\assets\tankwar\asset49,63,G19,G19,TankWar_P3|TankWar_P5,TankWar_P3|TankWar_P5,UNKNOWN,UNKNOWN,0.600,0.200,LOW,INTRA_BLOCK,RESOLVED_INTERNAL,TankWar_P3|TankWar_P5
D1341,C:\Users\JBNU\git\ConstraintsRecovery\assets\tankwar\asset49:IF:5-132,C:\Users\JBNU\git\ConstraintsRecovery\assets\tankwar\asset49:IF:5-132,E459,E454,,FIELD_REFERENCE,C:\Users\JBNU\git\ConstraintsRecovery\assets\tankwar\asset49,63,G19,G19,TankWar_P3|TankWar_P5,TankWar_P3|TankWar_P5,UNKNOWN,UNKNOWN,0.600,0.200,LOW,INTRA_BLOCK,RESOLVED_INTERNAL,TankWar_P3|TankWar_P5
D1342,C:\Users\JBNU\git\ConstraintsRecovery\assets\tankwar\asset49:IF:5-132,C:\Users\JBNU\git\ConstraintsRecovery\assets\tankwar\asset49:IF:5-132,E459,E460,,METHOD_CALL,C:\Users\JBNU\git\ConstraintsRecovery\assets\tankwar\asset49,63,G19,G19,TankWar_P3|TankWar_P5,TankWar_P3|TankWar_P5,UNKNOWN,UNKNOWN,0.750,0.200,LOW,INTRA_BLOCK,RESOLVED_INTERNAL,TankWar_P3|TankWar_P5
D1343,C:\Users\JBNU\git\ConstraintsRecovery\assets\tankwar\asset49:IF:5-132,C:\Users\JBNU\git\ConstraintsRecovery\assets\tankwar\asset49:IF:5-132,E459,E453,,FIELD_REFERENCE,C:\Users\JBNU\git\ConstraintsRecovery\assets\tankwar\asset49,64,G19,G19,TankWar_P3|TankWar_P5,TankWar_P3|TankWar_P5,UNKNOWN,UNKNOWN,0.600,0.200,LOW,INTRA_BLOCK,RESOLVED_INTERNAL,TankWar_P3|TankWar_P5
D1344,C:\Users\JBNU\git\ConstraintsRecovery\assets\tankwar\asset49:IF:5-132,C:\Users\JBNU\git\ConstraintsRecovery\assets\tankwar\asset49:IF:5-132,E459,E454,,FIELD_REFERENCE,C:\Users\JBNU\git\ConstraintsRecovery\assets\tankwar\asset49,64,G19,G19,TankWar_P3|TankWar_P5,TankWar_P3|TankWar_P5,UNKNOWN,UNKNOWN,0.600,0.200,LOW,INTRA_BLOCK,RESOLVED_INTERNAL,TankWar_P3|TankWar_P5
D1345,C:\Users\JBNU\git\ConstraintsRecovery\assets\tankwar\asset49:IF:5-132,C:\Users\JBNU\git\ConstraintsRecovery\assets\tankwar\asset49:IF:5-132,E459,E460,,METHOD_CALL,C:\Users\JBNU\git\ConstraintsRecovery\assets\tankwar\asset49,64,G19,G19,TankWar_P3|TankWar_P5,TankWar_P3|TankWar_P5,UNKNOWN,UNKNOWN,0.750,0.200,LOW,INTRA_BLOCK,RESOLVED_INTERNAL,TankWar_P3|TankWar_P5
D1346,C:\Users\JBNU\git\ConstraintsRecovery\assets\tankwar\asset49:IF:5-132,C:\Users\JBNU\git\ConstraintsRecovery\assets\tankwar\asset49:IF:5-132,E459,E453,,FIELD_REFERENCE,C:\Users\JBNU\git\ConstraintsRecovery\assets\tankwar\asset49,65,G19,G19,TankWar_P3|TankWar_P5,TankWar_P3|TankWar_P5,UNKNOWN,UNKNOWN,0.600,0.200,LOW,INTRA_BLOCK,RESOLVED_INTERNAL,TankWar_P3|TankWar_P5
D1347,C:\Users\JBNU\git\ConstraintsRecovery\assets\tankwar\asset49:IF:5-132,C:\Users\JBNU\git\ConstraintsRecovery\assets\tankwar\asset49:IF:5-132,E459,E454,,FIELD_REFERENCE,C:\Users\JBNU\git\ConstraintsRecovery\assets\tankwar\asset49,65,G19,G19,TankWar_P3|TankWar_P5,TankWar_P3|TankWar_P5,UNKNOWN,UNKNOWN,0.600,0.200,LOW,INTRA_BLOCK,RESOLVED_INTERNAL,TankWar_P3|TankWar_P5
D1348,C:\Users\JBNU\git\ConstraintsRecovery\assets\tankwar\asset49:IF:5-132,C:\Users\JBNU\git\ConstraintsRecovery\assets\tankwar\asset49:IF:5-132,E459,E460,,METHOD_CALL,C:\Users\JBNU\git\ConstraintsRecovery\assets\tankwar\asset49,65,G19,G19,TankWar_P3|TankWar_P5,TankWar_P3|TankWar_P5,UNKNOWN,UNKNOWN,0.750,0.200,LOW,INTRA_BLOCK,RESOLVED_INTERNAL,TankWar_P3|TankWar_P5
D1349,C:\Users\JBNU\git\ConstraintsRecovery\assets\tankwar\asset49:IF:5-132,C:\Users\JBNU\git\ConstraintsRecovery\assets\tankwar\asset49:IF:5-132,E459,E453,,FIELD_REFERENCE,C:\Users\JBNU\git\ConstraintsRecovery\assets\tankwar\asset49,66,G19,G19,TankWar_P3|TankWar_P5,TankWar_P3|TankWar_P5,UNKNOWN,UNKNOWN,0.600,0.200,LOW,INTRA_BLOCK,RESOLVED_INTERNAL,TankWar_P3|TankWar_P5
D1350,C:\Users\JBNU\git\ConstraintsRecovery\assets\tankwar\asset49:IF:5-132,C:\Users\JBNU\git\ConstraintsRecovery\assets\tankwar\asset49:IF:5-132,E459,E454,,FIELD_REFERENCE,C:\Users\JBNU\git\ConstraintsRecovery\assets\tankwar\asset49,66,G19,G19,TankWar_P3|TankWar_P5,TankWar_P3|TankWar_P5,UNKNOWN,UNKNOWN,0.600,0.200,LOW,INTRA_BLOCK,RESOLVED_INTERNAL,TankWar_P3|TankWar_P5
D1351,C:\Users\JBNU\git\ConstraintsRecovery\assets\tankwar\asset49:IF:5-132,C:\Users\JBNU\git\ConstraintsRecovery\assets\tankwar\asset49:IF:5-132,E459,E460,,METHOD_CALL,C:\Users\JBNU\git\ConstraintsRecovery\assets\tankwar\asset49,66,G19,G19,TankWar_P3|TankWar_P5,TankWar_P3|TankWar_P5,UNKNOWN,UNKNOWN,0.750,0.200,LOW,INTRA_BLOCK,RESOLVED_INTERNAL,TankWar_P3|TankWar_P5
D1352,C:\Users\JBNU\git\ConstraintsRecovery\assets\tankwar\asset49:IF:5-132,C:\Users\JBNU\git\ConstraintsRecovery\assets\tankwar\asset49:IF:5-132,E459,E453,,FIELD_REFERENCE,C:\Users\JBNU\git\ConstraintsRecovery\assets\tankwar\asset49,67,G19,G19,TankWar_P3|TankWar_P5,TankWar_P3|TankWar_P5,UNKNOWN,UNKNOWN,0.600,0.200,LOW,INTRA_BLOCK,RESOLVED_INTERNAL,TankWar_P3|TankWar_P5
D1353,C:\Users\JBNU\git\ConstraintsRecovery\assets\tankwar\asset49:IF:5-132,C:\Users\JBNU\git\ConstraintsRecovery\assets\tankwar\asset49:IF:5-132,E459,E454,,FIELD_REFERENCE,C:\Users\JBNU\git\ConstraintsRecovery\assets\tankwar\asset49,67,G19,G19,TankWar_P3|TankWar_P5,TankWar_P3|TankWar_P5,UNKNOWN,UNKNOWN,0.600,0.200,LOW,INTRA_BLOCK,RESOLVED_INTERNAL,TankWar_P3|TankWar_P5
D1354,C:\Users\JBNU\git\ConstraintsRecovery\assets\tankwar\asset49:IF:5-132,C:\Users\JBNU\git\ConstraintsRecovery\assets\tankwar\asset49:IF:5-132,E459,E460,,METHOD_CALL,C:\Users\JBNU\git\ConstraintsRecovery\assets\tankwar\asset49,67,G19,G19,TankWar_P3|TankWar_P5,TankWar_P3|TankWar_P5,UNKNOWN,UNKNOWN,0.750,0.200,LOW,INTRA_BLOCK,RESOLVED_INTERNAL,TankWar_P3|TankWar_P5
D1355,C:\Users\JBNU\git\ConstraintsRecovery\assets\tankwar\asset49:IF:5-132,C:\Users\JBNU\git\ConstraintsRecovery\assets\tankwar\asset49:IF:5-132,E459,E453,,FIELD_REFERENCE,C:\Users\JBNU\git\ConstraintsRecovery\assets\tankwar\asset49,68,G19,G19,TankWar_P3|TankWar_P5,TankWar_P3|TankWar_P5,UNKNOWN,UNKNOWN,0.600,0.200,LOW,INTRA_BLOCK,RESOLVED_INTERNAL,TankWar_P3|TankWar_P5
D1356,C:\Users\JBNU\git\ConstraintsRecovery\assets\tankwar\asset49:IF:5-132,C:\Users\JBNU\git\ConstraintsRecovery\assets\tankwar\asset49:IF:5-132,E459,E454,,FIELD_REFERENCE,C:\Users\JBNU\git\ConstraintsRecovery\assets\tankwar\asset49,68,G19,G19,TankWar_P3|TankWar_P5,TankWar_P3|TankWar_P5,UNKNOWN,UNKNOWN,0.600,0.200,LOW,INTRA_BLOCK,RESOLVED_INTERNAL,TankWar_P3|TankWar_P5
D1357,C:\Users\JBNU\git\ConstraintsRecovery\assets\tankwar\asset49:IF:5-132,C:\Users\JBNU\git\ConstraintsRecovery\assets\tankwar\asset49:IF:5-132,E459,E460,,METHOD_CALL,C:\Users\JBNU\git\ConstraintsRecovery\assets\tankwar\asset49,68,G19,G19,TankWar_P3|TankWar_P5,TankWar_P3|TankWar_P5,UNKNOWN,UNKNOWN,0.750,0.200,LOW,INTRA_BLOCK,RESOLVED_INTERNAL,TankWar_P3|TankWar_P5
D1358,C:\Users\JBNU\git\ConstraintsRecovery\assets\tankwar\asset49:IF:5-132,C:\Users\JBNU\git\ConstraintsRecovery\assets\tankwar\asset49:IF:5-132,E459,E452,,FIELD_REFERENCE,C:\Users\JBNU\git\ConstraintsRecovery\assets\tankwar\asset49,69,G19,G19,TankWar_P3|TankWar_P5,TankWar_P3|TankWar_P5,UNKNOWN,UNKNOWN,0.600,0.200,LOW,INTRA_BLOCK,RESOLVED_INTERNAL,TankWar_P3|TankWar_P5
D1360,C:\Users\JBNU\git\ConstraintsRecovery\assets\tankwar\asset49:IF:5-132,C:\Users\JBNU\git\ConstraintsRecovery\assets\tankwar\asset49:IF:5-132,E459,E452,,FIELD_REFERENCE,C:\Users\JBNU\git\ConstraintsRecovery\assets\tankwar\asset49,70,G19,G19,TankWar_P3|TankWar_P5,TankWar_P3|TankWar_P5,UNKNOWN,UNKNOWN,0.600,0.200,LOW,INTRA_BLOCK,RESOLVED_INTERNAL,TankWar_P3|TankWar_P5
D1361,C:\Users\JBNU\git\ConstraintsRecovery\assets\tankwar\asset49:IF:5-132,C:\Users\JBNU\git\ConstraintsRecovery\assets\tankwar\asset49:IF:5-132,E459,E461,,METHOD_CALL,C:\Users\JBNU\git\ConstraintsRecovery\assets\tankwar\asset49,71,G19,G19,TankWar_P3|TankWar_P5,TankWar_P3|TankWar_P5,UNKNOWN,UNKNOWN,0.750,0.200,LOW,INTRA_BLOCK,RESOLVED_INTERNAL,TankWar_P3|TankWar_P5
D1362,C:\Users\JBNU\git\ConstraintsRecovery\assets\tankwar\asset49:IF:5-132,C:\Users\JBNU\git\ConstraintsRecovery\assets\tankwar\asset49:IF:5-132,E460,E452,,FIELD_REFERENCE,C:\Users\JBNU\git\ConstraintsRecovery\assets\tankwar\asset49,76,G19,G19,TankWar_P3|TankWar_P5,TankWar_P3|TankWar_P5,UNKNOWN,UNKNOWN,0.600,0.200,LOW,INTRA_BLOCK,RESOLVED_INTERNAL,TankWar_P3|TankWar_P5
D1293,C:\Users\JBNU\git\ConstraintsRecovery\assets\tankwar\asset49:IF:5-132,C:\Users\JBNU\git\ConstraintsRecovery\assets\tankwar\asset2:IF:8-332,E460,E245,,METHOD_CALL,C:\Users\JBNU\git\ConstraintsRecovery\assets\tankwar\asset49,117,G19,G4,TankWar_P3|TankWar_P5,TankWar_P1|TankWar_P2|TankWar_P3|TankWar_P4|TankWar_P5,UNKNOWN,UNKNOWN,0.750,0.200,LOW,NONE,RESOLVED_INTERNAL,TankWar_P3|TankWar_P5
D1294,C:\Users\JBNU\git\ConstraintsRecovery\assets\tankwar\asset49:IF:5-132,C:\Users\JBNU\git\ConstraintsRecovery\assets\tankwar\asset2:IF:8-332,E460,E245,,METHOD_CALL,C:\Users\JBNU\git\ConstraintsRecovery\assets\tankwar\asset49,125,G19,G4,TankWar_P3|TankWar_P5,TankWar_P1|TankWar_P2|TankWar_P3|TankWar_P4|TankWar_P5,UNKNOWN,UNKNOWN,0.750,0.200,LOW,NONE,RESOLVED_INTERNAL,TankWar_P3|TankWar_P5
D1295,C:\Users\JBNU\git\ConstraintsRecovery\assets\tankwar\asset49:IF:5-132,C:\Users\JBNU\git\ConstraintsRecovery\assets\tankwar\asset54:IF:5-26,E461,E485,,FIELD_REFERENCE,C:\Users\JBNU\git\ConstraintsRecovery\assets\tankwar\asset49,130,G19,G19,TankWar_P3|TankWar_P5,TankWar_P3|TankWar_P5,UNKNOWN,UNKNOWN,0.600,0.200,LOW,NONE,RESOLVED_INTERNAL,TankWar_P3|TankWar_P5
D1402,C:\Users\JBNU\git\ConstraintsRecovery\assets\tankwar\asset5:IF:8-22,C:\Users\JBNU\git\ConstraintsRecovery\assets\tankwar\asset7:IF:8-62,E462,E559,,EXTENDS,C:\Users\JBNU\git\ConstraintsRecovery\assets\tankwar\asset5,10,G4,G4,TankWar_P1|TankWar_P2|TankWar_P3|TankWar_P4|TankWar_P5,TankWar_P1|TankWar_P2|TankWar_P3|TankWar_P4|TankWar_P5,UNKNOWN,UNKNOWN,0.900,0.200,LOW,NONE,RESOLVED_INTERNAL,TankWar_P1|TankWar_P2|TankWar_P3|TankWar_P4|TankWar_P5
D1403,C:\Users\JBNU\git\ConstraintsRecovery\assets\tankwar\asset5:IF:8-22,C:\Users\JBNU\git\ConstraintsRecovery\assets\tankwar\asset22:IF:8-80,E464,E260,,FIELD_REFERENCE,C:\Users\JBNU\git\ConstraintsRecovery\assets\tankwar\asset5,16,G4,G4,TankWar_P1|TankWar_P2|TankWar_P3|TankWar_P4|TankWar_P5,TankWar_P1|TankWar_P2|TankWar_P3|TankWar_P4|TankWar_P5,UNKNOWN,UNKNOWN,0.600,0.200,LOW,NONE,RESOLVED_INTERNAL,TankWar_P1|TankWar_P2|TankWar_P3|TankWar_P4|TankWar_P5
D1404,C:\Users\JBNU\git\ConstraintsRecovery\assets\tankwar\asset5:IF:8-22,C:\Users\JBNU\git\ConstraintsRecovery\assets\tankwar\asset22:IF:8-80,E464,E262,,FIELD_REFERENCE,C:\Users\JBNU\git\ConstraintsRecovery\assets\tankwar\asset5,17,G4,G4,TankWar_P1|TankWar_P2|TankWar_P3|TankWar_P4|TankWar_P5,TankWar_P1|TankWar_P2|TankWar_P3|TankWar_P4|TankWar_P5,UNKNOWN,UNKNOWN,0.600,0.200,LOW,NONE,RESOLVED_INTERNAL,TankWar_P1|TankWar_P2|TankWar_P3|TankWar_P4|TankWar_P5
D1405,C:\Users\JBNU\git\ConstraintsRecovery\assets\tankwar\asset5:IF:8-22,C:\Users\JBNU\git\ConstraintsRecovery\assets\tankwar\asset22:IF:8-80,E464,E266,,FIELD_REFERENCE,C:\Users\JBNU\git\ConstraintsRecovery\assets\tankwar\asset5,18,G4,G4,TankWar_P1|TankWar_P2|TankWar_P3|TankWar_P4|TankWar_P5,TankWar_P1|TankWar_P2|TankWar_P3|TankWar_P4|TankWar_P5,UNKNOWN,UNKNOWN,0.600,0.200,LOW,NONE,RESOLVED_INTERNAL,TankWar_P1|TankWar_P2|TankWar_P3|TankWar_P4|TankWar_P5
D1406,C:\Users\JBNU\git\ConstraintsRecovery\assets\tankwar\asset5:IF:8-22,C:\Users\JBNU\git\ConstraintsRecovery\assets\tankwar\asset13:IF:8-358,E464,E64,,METHOD_CALL,C:\Users\JBNU\git\ConstraintsRecovery\assets\tankwar\asset5,19,G4,G4,TankWar_P1|TankWar_P2|TankWar_P3|TankWar_P4|TankWar_P5,TankWar_P1|TankWar_P2|TankWar_P3|TankWar_P4|TankWar_P5,UNKNOWN,UNKNOWN,0.750,0.200,LOW,NONE,RESOLVED_INTERNAL,TankWar_P1|TankWar_P2|TankWar_P3|TankWar_P4|TankWar_P5
D1366,C:\Users\JBNU\git\ConstraintsRecovery\assets\tankwar\asset50:IF:5-21,C:\Users\JBNU\git\ConstraintsRecovery\assets\tankwar\asset3:IF:8-44,E468,E337,,METHOD_CALL,C:\Users\JBNU\git\ConstraintsRecovery\assets\tankwar\asset50,18,G9,G4,TankWar_P1|TankWar_P4,TankWar_P1|TankWar_P2|TankWar_P3|TankWar_P4|TankWar_P5,UNKNOWN,UNKNOWN,0.750,0.200,LOW,NONE,RESOLVED_INTERNAL,TankWar_P1|TankWar_P4
D1367,C:\Users\JBNU\git\ConstraintsRecovery\assets\tankwar\asset51:ELIF:25-27,C:\Users\JBNU\git\ConstraintsRecovery\assets\tankwar\asset23:IF:7-99,E470,E282,,EXTENDS,C:\Users\JBNU\git\ConstraintsRecovery\assets\tankwar\asset51,27,G1,G7,TankWar_P1,TankWar_P1|TankWar_P3|TankWar_P4|TankWar_P5,UNKNOWN,UNKNOWN,0.900,0.200,LOW,NONE,RESOLVED_INTERNAL,TankWar_P1
D1368,C:\Users\JBNU\git\ConstraintsRecovery\assets\tankwar\asset51:IF:5-39,C:\Users\JBNU\git\ConstraintsRecovery\assets\tankwar\asset2:IF:8-332,E472,E228,,METHOD_CALL,C:\Users\JBNU\git\ConstraintsRecovery\assets\tankwar\asset51,37,G2,G4,TankWar_P1|TankWar_P2,TankWar_P1|TankWar_P2|TankWar_P3|TankWar_P4|TankWar_P5,UNKNOWN,UNKNOWN,0.750,0.200,LOW,NONE,RESOLVED_INTERNAL,TankWar_P1|TankWar_P2
D1377,C:\Users\JBNU\git\ConstraintsRecovery\assets\tankwar\asset52:IF:5-39,C:\Users\JBNU\git\ConstraintsRecovery\assets\tankwar\asset10:IF:8-42,E473,E17,,EXTENDS,C:\Users\JBNU\git\ConstraintsRecovery\assets\tankwar\asset52,9,G13,G4,TankWar_P2|TankWar_P3,TankWar_P1|TankWar_P2|TankWar_P3|TankWar_P4|TankWar_P5,UNKNOWN,UNKNOWN,0.900,0.200,LOW,NONE,RESOLVED_INTERNAL,TankWar_P2|TankWar_P3
D1369,C:\Users\JBNU\git\ConstraintsRecovery\assets\tankwar\asset52:IF:5-39,C:\Users\JBNU\git\ConstraintsRecovery\assets\tankwar\asset52:IF:5-39,E477,E475,,FIELD_REFERENCE,C:\Users\JBNU\git\ConstraintsRecovery\assets\tankwar\asset52,18,G13,G13,TankWar_P2|TankWar_P3,TankWar_P2|TankWar_P3,UNKNOWN,UNKNOWN,0.600,0.200,LOW,INTRA_BLOCK,RESOLVED_INTERNAL,TankWar_P2|TankWar_P3
D1370,C:\Users\JBNU\git\ConstraintsRecovery\assets\tankwar\asset52:IF:5-39,C:\Users\JBNU\git\ConstraintsRecovery\assets\tankwar\asset52:IF:5-39,E477,E474,,FIELD_REFERENCE,C:\Users\JBNU\git\ConstraintsRecovery\assets\tankwar\asset52,19,G13,G13,TankWar_P2|TankWar_P3,TankWar_P2|TankWar_P3,UNKNOWN,UNKNOWN,0.600,0.200,LOW,INTRA_BLOCK,RESOLVED_INTERNAL,TankWar_P2|TankWar_P3
D1371,C:\Users\JBNU\git\ConstraintsRecovery\assets\tankwar\asset52:IF:5-39,C:\Users\JBNU\git\ConstraintsRecovery\assets\tankwar\asset52:IF:5-39,E477,E474,,FIELD_REFERENCE,C:\Users\JBNU\git\ConstraintsRecovery\assets\tankwar\asset52,22,G13,G13,TankWar_P2|TankWar_P3,TankWar_P2|TankWar_P3,UNKNOWN,UNKNOWN,0.600,0.200,LOW,INTRA_BLOCK,RESOLVED_INTERNAL,TankWar_P2|TankWar_P3
D1372,C:\Users\JBNU\git\ConstraintsRecovery\assets\tankwar\asset52:IF:5-39,C:\Users\JBNU\git\ConstraintsRecovery\assets\tankwar\asset52:IF:5-39,E477,E475,,FIELD_REFERENCE,C:\Users\JBNU\git\ConstraintsRecovery\assets\tankwar\asset52,22,G13,G13,TankWar_P2|TankWar_P3,TankWar_P2|TankWar_P3,UNKNOWN,UNKNOWN,0.600,0.200,LOW,INTRA_BLOCK,RESOLVED_INTERNAL,TankWar_P2|TankWar_P3
D1373,C:\Users\JBNU\git\ConstraintsRecovery\assets\tankwar\asset52:IF:5-39,C:\Users\JBNU\git\ConstraintsRecovery\assets\tankwar\asset52:IF:5-39,E477,E475,,FIELD_REFERENCE,C:\Users\JBNU\git\ConstraintsRecovery\assets\tankwar\asset52,24,G13,G13,TankWar_P2|TankWar_P3,TankWar_P2|TankWar_P3,UNKNOWN,UNKNOWN,0.600,0.200,LOW,INTRA_BLOCK,RESOLVED_INTERNAL,TankWar_P2|TankWar_P3
D1374,C:\Users\JBNU\git\ConstraintsRecovery\assets\tankwar\asset52:IF:5-39,C:\Users\JBNU\git\ConstraintsRecovery\assets\tankwar\asset52:IF:5-39,E478,E475,,FIELD_REFERENCE,C:\Users\JBNU\git\ConstraintsRecovery\assets\tankwar\asset52,31,G13,G13,TankWar_P2|TankWar_P3,TankWar_P2|TankWar_P3,UNKNOWN,UNKNOWN,0.600,0.200,LOW,INTRA_BLOCK,RESOLVED_INTERNAL,TankWar_P2|TankWar_P3
D1375,C:\Users\JBNU\git\ConstraintsRecovery\assets\tankwar\asset52:IF:5-39,C:\Users\JBNU\git\ConstraintsRecovery\assets\tankwar\asset52:IF:5-39,E478,E474,,FIELD_REFERENCE,C:\Users\JBNU\git\ConstraintsRecovery\assets\tankwar\asset52,32,G13,G13,TankWar_P2|TankWar_P3,TankWar_P2|TankWar_P3,UNKNOWN,UNKNOWN,0.600,0.200,LOW,INTRA_BLOCK,RESOLVED_INTERNAL,TankWar_P2|TankWar_P3
D1376,C:\Users\JBNU\git\ConstraintsRecovery\assets\tankwar\asset52:IF:5-39,C:\Users\JBNU\git\ConstraintsRecovery\assets\tankwar\asset52:IF:5-39,E478,E475,,FIELD_REFERENCE,C:\Users\JBNU\git\ConstraintsRecovery\assets\tankwar\asset52,33,G13,G13,TankWar_P2|TankWar_P3,TankWar_P2|TankWar_P3,UNKNOWN,UNKNOWN,0.600,0.200,LOW,INTRA_BLOCK,RESOLVED_INTERNAL,TankWar_P2|TankWar_P3
D1378,C:\Users\JBNU\git\ConstraintsRecovery\assets\tankwar\asset53:IF:5-25,C:\Users\JBNU\git\ConstraintsRecovery\assets\tankwar\asset14:IF:8-384,E482,E76,,FIELD_REFERENCE,C:\Users\JBNU\git\ConstraintsRecovery\assets\tankwar\asset53,21,G9,G4,TankWar_P1|TankWar_P4,TankWar_P1|TankWar_P2|TankWar_P3|TankWar_P4|TankWar_P5,UNKNOWN,UNKNOWN,0.600,0.200,LOW,NONE,RESOLVED_INTERNAL,TankWar_P1|TankWar_P4
D1379,C:\Users\JBNU\git\ConstraintsRecovery\assets\tankwar\asset54:IF:5-26,C:\Users\JBNU\git\ConstraintsRecovery\assets\tankwar\asset54:IF:5-26,E487,E485,,FIELD_REFERENCE,C:\Users\JBNU\git\ConstraintsRecovery\assets\tankwar\asset54,23,G19,G19,TankWar_P3|TankWar_P5,TankWar_P3|TankWar_P5,UNKNOWN,UNKNOWN,0.600,0.200,LOW,INTRA_BLOCK,RESOLVED_INTERNAL,TankWar_P3|TankWar_P5
D1380,C:\Users\JBNU\git\ConstraintsRecovery\assets\tankwar\asset54:IF:5-26,C:\Users\JBNU\git\ConstraintsRecovery\assets\tankwar\asset9:IF:8-248,E487,E721,,METHOD_CALL,C:\Users\JBNU\git\ConstraintsRecovery\assets\tankwar\asset54,23,G19,G4,TankWar_P3|TankWar_P5,TankWar_P1|TankWar_P2|TankWar_P3|TankWar_P4|TankWar_P5,UNKNOWN,UNKNOWN,0.750,0.200,LOW,NONE,RESOLVED_INTERNAL,TankWar_P3|TankWar_P5
D1393,C:\Users\JBNU\git\ConstraintsRecovery\assets\tankwar\asset55:IF:5-35,C:\Users\JBNU\git\ConstraintsRecovery\assets\tankwar\asset49:IF:5-132,E488,E451,,EXTENDS,C:\Users\JBNU\git\ConstraintsRecovery\assets\tankwar\asset55,6,G19,G19,TankWar_P3|TankWar_P5,TankWar_P3|TankWar_P5,UNKNOWN,UNKNOWN,0.900,0.200,LOW,NONE,RESOLVED_INTERNAL,TankWar_P3|TankWar_P5
D1381,C:\Users\JBNU\git\ConstraintsRecovery\assets\tankwar\asset55:IF:5-35,C:\Users\JBNU\git\ConstraintsRecovery\assets\tankwar\asset55:IF:5-35,E493,E489,,FIELD_REFERENCE,C:\Users\JBNU\git\ConstraintsRecovery\assets\tankwar\asset55,14,G19,G19,TankWar_P3|TankWar_P5,TankWar_P3|TankWar_P5,UNKNOWN,UNKNOWN,0.600,0.200,LOW,INTRA_BLOCK,RESOLVED_INTERNAL,TankWar_P3|TankWar_P5
D1382,C:\Users\JBNU\git\ConstraintsRecovery\assets\tankwar\asset55:IF:5-35,C:\Users\JBNU\git\ConstraintsRecovery\assets\tankwar\asset9:IF:8-248,E493,E689,,FIELD_REFERENCE,C:\Users\JBNU\git\ConstraintsRecovery\assets\tankwar\asset55,16,G19,G4,TankWar_P3|TankWar_P5,TankWar_P1|TankWar_P2|TankWar_P3|TankWar_P4|TankWar_P5,UNKNOWN,UNKNOWN,0.600,0.200,LOW,NONE,RESOLVED_INTERNAL,TankWar_P3|TankWar_P5
D1383,C:\Users\JBNU\git\ConstraintsRecovery\assets\tankwar\asset55:IF:5-35,C:\Users\JBNU\git\ConstraintsRecovery\assets\tankwar\asset13:IF:8-358,E493,E64,,METHOD_CALL,C:\Users\JBNU\git\ConstraintsRecovery\assets\tankwar\asset55,16,G19,G4,TankWar_P3|TankWar_P5,TankWar_P1|TankWar_P2|TankWar_P3|TankWar_P4|TankWar_P5,UNKNOWN,UNKNOWN,0.750,0.200,LOW,NONE,RESOLVED_INTERNAL,TankWar_P3|TankWar_P5
D1384,C:\Users\JBNU\git\ConstraintsRecovery\assets\tankwar\asset55:IF:5-35,C:\Users\JBNU\git\ConstraintsRecovery\assets\tankwar\asset55:IF:5-35,E493,E489,,FIELD_REFERENCE,C:\Users\JBNU\git\ConstraintsRecovery\assets\tankwar\asset55,18,G19,G19,TankWar_P3|TankWar_P5,TankWar_P3|TankWar_P5,UNKNOWN,UNKNOWN,0.600,0.200,LOW,INTRA_BLOCK,RESOLVED_INTERNAL,TankWar_P3|TankWar_P5
D1385,C:\Users\JBNU\git\ConstraintsRecovery\assets\tankwar\asset55:IF:5-35,C:\Users\JBNU\git\ConstraintsRecovery\assets\tankwar\asset55:IF:5-35,E493,E490,,FIELD_REFERENCE,C:\Users\JBNU\git\ConstraintsRecovery\assets\tankwar\asset55,20,G19,G19,TankWar_P3|TankWar_P5,TankWar_P3|TankWar_P5,UNKNOWN,UNKNOWN,0.600,0.200,LOW,INTRA_BLOCK,RESOLVED_INTERNAL,TankWar_P3|TankWar_P5
D1386,C:\Users\JBNU\git\ConstraintsRecovery\assets\tankwar\asset55:IF:5-35,C:\Users\JBNU\git\ConstraintsRecovery\assets\tankwar\asset55:IF:5-35,E493,E491,,FIELD_REFERENCE,C:\Users\JBNU\git\ConstraintsRecovery\assets\tankwar\asset55,24,G19,G19,TankWar_P3|TankWar_P5,TankWar_P3|TankWar_P5,UNKNOWN,UNKNOWN,0.600,0.200,LOW,INTRA_BLOCK,RESOLVED_INTERNAL,TankWar_P3|TankWar_P5
D1387,C:\Users\JBNU\git\ConstraintsRecovery\assets\tankwar\asset55:IF:5-35,C:\Users\JBNU\git\ConstraintsRecovery\assets\tankwar\asset55:IF:5-35,E493,E490,,FIELD_REFERENCE,C:\Users\JBNU\git\ConstraintsRecovery\assets\tankwar\asset55,25,G19,G19,TankWar_P3|TankWar_P5,TankWar_P3|TankWar_P5,UNKNOWN,UNKNOWN,0.600,0.200,LOW,INTRA_BLOCK,RESOLVED_INTERNAL,TankWar_P3|TankWar_P5
D1388,C:\Users\JBNU\git\ConstraintsRecovery\assets\tankwar\asset55:IF:5-35,C:\Users\JBNU\git\ConstraintsRecovery\assets\tankwar\asset55:IF:5-35,E493,E491,,FIELD_REFERENCE,C:\Users\JBNU\git\ConstraintsRecovery\assets\tankwar\asset55,26,G19,G19,TankWar_P3|TankWar_P5,TankWar_P3|TankWar_P5,UNKNOWN,UNKNOWN,0.600,0.200,LOW,INTRA_BLOCK,RESOLVED_INTERNAL,TankWar_P3|TankWar_P5
D1389,C:\Users\JBNU\git\ConstraintsRecovery\assets\tankwar\asset55:IF:5-35,C:\Users\JBNU\git\ConstraintsRecovery\assets\tankwar\asset55:IF:5-35,E493,E491,,FIELD_REFERENCE,C:\Users\JBNU\git\ConstraintsRecovery\assets\tankwar\asset55,29,G19,G19,TankWar_P3|TankWar_P5,TankWar_P3|TankWar_P5,UNKNOWN,UNKNOWN,0.600,0.200,LOW,INTRA_BLOCK,RESOLVED_INTERNAL,TankWar_P3|TankWar_P5
D1390,C:\Users\JBNU\git\ConstraintsRecovery\assets\tankwar\asset55:IF:5-35,C:\Users\JBNU\git\ConstraintsRecovery\assets\tankwar\asset9:IF:8-248,E493,E689,,FIELD_REFERENCE,C:\Users\JBNU\git\ConstraintsRecovery\assets\tankwar\asset55,29,G19,G4,TankWar_P3|TankWar_P5,TankWar_P1|TankWar_P2|TankWar_P3|TankWar_P4|TankWar_P5,UNKNOWN,UNKNOWN,0.600,0.200,LOW,NONE,RESOLVED_INTERNAL,TankWar_P3|TankWar_P5
D1391,C:\Users\JBNU\git\ConstraintsRecovery\assets\tankwar\asset55:IF:5-35,C:\Users\JBNU\git\ConstraintsRecovery\assets\tankwar\asset13:IF:8-358,E493,E64,,METHOD_CALL,C:\Users\JBNU\git\ConstraintsRecovery\assets\tankwar\asset55,29,G19,G4,TankWar_P3|TankWar_P5,TankWar_P1|TankWar_P2|TankWar_P3|TankWar_P4|TankWar_P5,UNKNOWN,UNKNOWN,0.750,0.200,LOW,NONE,RESOLVED_INTERNAL,TankWar_P3|TankWar_P5
D1392,C:\Users\JBNU\git\ConstraintsRecovery\assets\tankwar\asset55:IF:5-35,C:\Users\JBNU\git\ConstraintsRecovery\assets\tankwar\asset55:IF:5-35,E493,E491,,FIELD_REFERENCE,C:\Users\JBNU\git\ConstraintsRecovery\assets\tankwar\asset55,32,G19,G19,TankWar_P3|TankWar_P5,TankWar_P3|TankWar_P5,UNKNOWN,UNKNOWN,0.600,0.200,LOW,INTRA_BLOCK,RESOLVED_INTERNAL,TankWar_P3|TankWar_P5
D1394,C:\Users\JBNU\git\ConstraintsRecovery\assets\tankwar\asset56:IF:5-34,C:\Users\JBNU\git\ConstraintsRecovery\assets\tankwar\asset2:IF:8-332,E494,E202,,EXTENDS,C:\Users\JBNU\git\ConstraintsRecovery\assets\tankwar\asset56,26,G13,G4,TankWar_P2|TankWar_P3,TankWar_P1|TankWar_P2|TankWar_P3|TankWar_P4|TankWar_P5,UNKNOWN,UNKNOWN,0.900,0.200,LOW,NONE,RESOLVED_INTERNAL,TankWar_P2|TankWar_P3
D1395,C:\Users\JBNU\git\ConstraintsRecovery\assets\tankwar\asset56:IF:5-34,C:\Users\JBNU\git\ConstraintsRecovery\assets\tankwar\asset2:IF:8-332,E496,E228,,METHOD_CALL,C:\Users\JBNU\git\ConstraintsRecovery\assets\tankwar\asset56,32,G13,G4,TankWar_P2|TankWar_P3,TankWar_P1|TankWar_P2|TankWar_P3|TankWar_P4|TankWar_P5,UNKNOWN,UNKNOWN,0.750,0.200,LOW,NONE,RESOLVED_INTERNAL,TankWar_P2|TankWar_P3
D1396,C:\Users\JBNU\git\ConstraintsRecovery\assets\tankwar\asset57:IF:5-22,C:\Users\JBNU\git\ConstraintsRecovery\assets\tankwar\asset9:IF:8-248,E500,E688,,FIELD_REFERENCE,C:\Users\JBNU\git\ConstraintsRecovery\assets\tankwar\asset57,18,G9,G4,TankWar_P1|TankWar_P4,TankWar_P1|TankWar_P2|TankWar_P3|TankWar_P4|TankWar_P5,UNKNOWN,UNKNOWN,0.600,0.200,LOW,NONE,RESOLVED_INTERNAL,TankWar_P1|TankWar_P4
D1397,C:\Users\JBNU\git\ConstraintsRecovery\assets\tankwar\asset57:IF:5-22,C:\Users\JBNU\git\ConstraintsRecovery\assets\tankwar\asset9:IF:8-248,E500,E689,,FIELD_REFERENCE,C:\Users\JBNU\git\ConstraintsRecovery\assets\tankwar\asset57,18,G9,G4,TankWar_P1|TankWar_P4,TankWar_P1|TankWar_P2|TankWar_P3|TankWar_P4|TankWar_P5,UNKNOWN,UNKNOWN,0.600,0.200,LOW,NONE,RESOLVED_INTERNAL,TankWar_P1|TankWar_P4
D1398,C:\Users\JBNU\git\ConstraintsRecovery\assets\tankwar\asset58:IF:5-21,C:\Users\JBNU\git\ConstraintsRecovery\assets\tankwar\asset55:IF:5-35,E504,E492,,CONSTRUCTOR_CALL,C:\Users\JBNU\git\ConstraintsRecovery\assets\tankwar\asset58,19,G19,G19,TankWar_P3|TankWar_P5,TankWar_P3|TankWar_P5,UNKNOWN,UNKNOWN,0.750,0.200,LOW,NONE,RESOLVED_INTERNAL,TankWar_P3|TankWar_P5
D1399,C:\Users\JBNU\git\ConstraintsRecovery\assets\tankwar\asset58:IF:5-21,C:\Users\JBNU\git\ConstraintsRecovery\assets\tankwar\asset54:IF:5-26,E504,E485,,FIELD_REFERENCE,C:\Users\JBNU\git\ConstraintsRecovery\assets\tankwar\asset58,19,G19,G19,TankWar_P3|TankWar_P5,TankWar_P3|TankWar_P5,UNKNOWN,UNKNOWN,0.600,0.200,LOW,NONE,RESOLVED_INTERNAL,TankWar_P3|TankWar_P5
D1400,C:\Users\JBNU\git\ConstraintsRecovery\assets\tankwar\asset59:IF:5-22,C:\Users\JBNU\git\ConstraintsRecovery\assets\tankwar\asset3:IF:8-44,E505,E332,,EXTENDS,C:\Users\JBNU\git\ConstraintsRecovery\assets\tankwar\asset59,14,G13,G4,TankWar_P2|TankWar_P3,TankWar_P1|TankWar_P2|TankWar_P3|TankWar_P4|TankWar_P5,UNKNOWN,UNKNOWN,0.900,0.200,LOW,NONE,RESOLVED_INTERNAL,TankWar_P2|TankWar_P3
D1401,C:\Users\JBNU\git\ConstraintsRecovery\assets\tankwar\asset59:IF:5-22,C:\Users\JBNU\git\ConstraintsRecovery\assets\tankwar\asset3:IF:8-44,E507,E337,,METHOD_CALL,C:\Users\JBNU\git\ConstraintsRecovery\assets\tankwar\asset59,19,G13,G4,TankWar_P2|TankWar_P3,TankWar_P1|TankWar_P2|TankWar_P3|TankWar_P4|TankWar_P5,UNKNOWN,UNKNOWN,0.750,0.200,LOW,NONE,RESOLVED_INTERNAL,TankWar_P2|TankWar_P3
D1431,C:\Users\JBNU\git\ConstraintsRecovery\assets\tankwar\asset6:ELIF:34-36,C:\Users\JBNU\git\ConstraintsRecovery\assets\tankwar\asset23:IF:7-99,E511,E282,,EXTENDS,C:\Users\JBNU\git\ConstraintsRecovery\assets\tankwar\asset6,36,G21,G7,TankWar_P4|TankWar_P5,TankWar_P1|TankWar_P3|TankWar_P4|TankWar_P5,UNKNOWN,UNKNOWN,0.900,0.200,LOW,NONE,RESOLVED_INTERNAL,TankWar_P4|TankWar_P5
D1432,C:\Users\JBNU\git\ConstraintsRecovery\assets\tankwar\asset6:IF:46-47,C:\Users\JBNU\git\ConstraintsRecovery\assets\tankwar\asset2:IF:8-332,E513,E228,,METHOD_CALL,C:\Users\JBNU\git\ConstraintsRecovery\assets\tankwar\asset6,47,G20,G4,TankWar_P4,TankWar_P1|TankWar_P2|TankWar_P3|TankWar_P4|TankWar_P5,UNKNOWN,UNKNOWN,0.750,0.200,LOW,NONE,RESOLVED_INTERNAL,TankWar_P4
D1433,C:\Users\JBNU\git\ConstraintsRecovery\assets\tankwar\asset6:ELIF:48-49,C:\Users\JBNU\git\ConstraintsRecovery\assets\tankwar\asset2:IF:8-332,E513,E228,,METHOD_CALL,C:\Users\JBNU\git\ConstraintsRecovery\assets\tankwar\asset6,49,G5,G4,TankWar_P1|TankWar_P2|TankWar_P3|TankWar_P5,TankWar_P1|TankWar_P2|TankWar_P3|TankWar_P4|TankWar_P5,UNKNOWN,UNKNOWN,0.750,0.200,LOW,NONE,RESOLVED_INTERNAL,TankWar_P1|TankWar_P2|TankWar_P3|TankWar_P5
D1409,C:\Users\JBNU\git\ConstraintsRecovery\assets\tankwar\asset60:IF:5-18,C:\Users\JBNU\git\ConstraintsRecovery\assets\tankwar\asset19:IF:8-51,E514,E192,,EXTENDS,C:\Users\JBNU\git\ConstraintsRecovery\assets\tankwar\asset60,6,G13,G4,TankWar_P2|TankWar_P3,TankWar_P1|TankWar_P2|TankWar_P3|TankWar_P4|TankWar_P5,UNKNOWN,UNKNOWN,0.900,0.200,LOW,NONE,RESOLVED_INTERNAL,TankWar_P2|TankWar_P3
D1407,C:\Users\JBNU\git\ConstraintsRecovery\assets\tankwar\asset60:IF:5-18,C:\Users\JBNU\git\ConstraintsRecovery\assets\tankwar\asset9:IF:8-248,E516,E688,,FIELD_REFERENCE,C:\Users\JBNU\git\ConstraintsRecovery\assets\tankwar\asset60,14,G13,G4,TankWar_P2|TankWar_P3,TankWar_P1|TankWar_P2|TankWar_P3|TankWar_P4|TankWar_P5,UNKNOWN,UNKNOWN,0.600,0.200,LOW,NONE,RESOLVED_INTERNAL,TankWar_P2|TankWar_P3
D1408,C:\Users\JBNU\git\ConstraintsRecovery\assets\tankwar\asset60:IF:5-18,C:\Users\JBNU\git\ConstraintsRecovery\assets\tankwar\asset9:IF:8-248,E516,E689,,FIELD_REFERENCE,C:\Users\JBNU\git\ConstraintsRecovery\assets\tankwar\asset60,14,G13,G4,TankWar_P2|TankWar_P3,TankWar_P1|TankWar_P2|TankWar_P3|TankWar_P4|TankWar_P5,UNKNOWN,UNKNOWN,0.600,0.200,LOW,NONE,RESOLVED_INTERNAL,TankWar_P2|TankWar_P3
D1410,C:\Users\JBNU\git\ConstraintsRecovery\assets\tankwar\asset61:IF:23-25,C:\Users\JBNU\git\ConstraintsRecovery\assets\tankwar\asset23:IF:7-99,E517,E282,,EXTENDS,C:\Users\JBNU\git\ConstraintsRecovery\assets\tankwar\asset61,25,G17,G7,TankWar_P3,TankWar_P1|TankWar_P3|TankWar_P4|TankWar_P5,UNKNOWN,UNKNOWN,0.900,0.200,LOW,NONE,RESOLVED_INTERNAL,TankWar_P3
D1411,C:\Users\JBNU\git\ConstraintsRecovery\assets\tankwar\asset61:IF:5-39,C:\Users\JBNU\git\ConstraintsRecovery\assets\tankwar\asset2:IF:8-332,E520,E228,,METHOD_CALL,C:\Users\JBNU\git\ConstraintsRecovery\assets\tankwar\asset61,37,G13,G4,TankWar_P2|TankWar_P3,TankWar_P1|TankWar_P2|TankWar_P3|TankWar_P4|TankWar_P5,UNKNOWN,UNKNOWN,0.750,0.200,LOW,NONE,RESOLVED_INTERNAL,TankWar_P2|TankWar_P3
D1412,C:\Users\JBNU\git\ConstraintsRecovery\assets\tankwar\asset62:IF:5-36,C:\Users\JBNU\git\ConstraintsRecovery\assets\tankwar\asset2:IF:8-332,E524,E228,,METHOD_CALL,C:\Users\JBNU\git\ConstraintsRecovery\assets\tankwar\asset62,34,G9,G4,TankWar_P1|TankWar_P4,TankWar_P1|TankWar_P2|TankWar_P3|TankWar_P4|TankWar_P5,UNKNOWN,UNKNOWN,0.750,0.200,LOW,NONE,RESOLVED_INTERNAL,TankWar_P1|TankWar_P4
D1413,C:\Users\JBNU\git\ConstraintsRecovery\assets\tankwar\asset63:IF:5-7,C:\Users\JBNU\git\ConstraintsRecovery\assets\tankwar\asset22:IF:8-80,E525,E257,,EXTENDS,C:\Users\JBNU\git\ConstraintsRecovery\assets\tankwar\asset63,6,G19,G4,TankWar_P3|TankWar_P5,TankWar_P1|TankWar_P2|TankWar_P3|TankWar_P4|TankWar_P5,UNKNOWN,UNKNOWN,0.900,0.200,LOW,NONE,RESOLVED_INTERNAL,TankWar_P3|TankWar_P5
D1416,C:\Users\JBNU\git\ConstraintsRecovery\assets\tankwar\asset64:IF:5-17,C:\Users\JBNU\git\ConstraintsRecovery\assets\tankwar\asset1:IF:8-128,E526,E1,,EXTENDS,C:\Users\JBNU\git\ConstraintsRecovery\assets\tankwar\asset64,9,G19,G4,TankWar_P3|TankWar_P5,TankWar_P1|TankWar_P2|TankWar_P3|TankWar_P4|TankWar_P5,UNKNOWN,UNKNOWN,0.900,0.200,LOW,NONE,RESOLVED_INTERNAL,TankWar_P3|TankWar_P5
D1414,C:\Users\JBNU\git\ConstraintsRecovery\assets\tankwar\asset64:IF:5-17,C:\Users\JBNU\git\ConstraintsRecovery\assets\tankwar\asset55:IF:5-35,E528,E492,,CONSTRUCTOR_CALL,C:\Users\JBNU\git\ConstraintsRecovery\assets\tankwar\asset64,15,G19,G19,TankWar_P3|TankWar_P5,TankWar_P3|TankWar_P5,UNKNOWN,UNKNOWN,0.750,0.200,LOW,NONE,RESOLVED_INTERNAL,TankWar_P3|TankWar_P5
D1415,C:\Users\JBNU\git\ConstraintsRecovery\assets\tankwar\asset64:IF:5-17,C:\Users\JBNU\git\ConstraintsRecovery\assets\tankwar\asset54:IF:5-26,E528,E485,,FIELD_REFERENCE,C:\Users\JBNU\git\ConstraintsRecovery\assets\tankwar\asset64,15,G19,G19,TankWar_P3|TankWar_P5,TankWar_P3|TankWar_P5,UNKNOWN,UNKNOWN,0.600,0.200,LOW,NONE,RESOLVED_INTERNAL,TankWar_P3|TankWar_P5
D1417,C:\Users\JBNU\git\ConstraintsRecovery\assets\tankwar\asset65:IF:4-59,C:\Users\JBNU\git\ConstraintsRecovery\assets\tankwar\asset14:IF:8-384,E531,E99,,METHOD_CALL,C:\Users\JBNU\git\ConstraintsRecovery\assets\tankwar\asset65,16,G17,G4,TankWar_P3,TankWar_P1|TankWar_P2|TankWar_P3|TankWar_P4|TankWar_P5,UNKNOWN,UNKNOWN,0.750,0.200,LOW,NONE,RESOLVED_INTERNAL,TankWar_P3
D1418,C:\Users\JBNU\git\ConstraintsRecovery\assets\tankwar\asset65:IF:4-59,C:\Users\JBNU\git\ConstraintsRecovery\assets\tankwar\asset9:IF:8-248,E531,E691,,FIELD_REFERENCE,C:\Users\JBNU\git\ConstraintsRecovery\assets\tankwar\asset65,20,G17,G4,TankWar_P3,TankWar_P1|TankWar_P2|TankWar_P3|TankWar_P4|TankWar_P5,UNKNOWN,UNKNOWN,0.600,0.200,LOW,NONE,RESOLVED_INTERNAL,TankWar_P3
D1419,C:\Users\JBNU\git\ConstraintsRecovery\assets\tankwar\asset65:IF:4-59,C:\Users\JBNU\git\ConstraintsRecovery\assets\tankwar\asset22:IF:8-80,E531,E260,,FIELD_REFERENCE,C:\Users\JBNU\git\ConstraintsRecovery\assets\tankwar\asset65,21,G17,G4,TankWar_P3,TankWar_P1|TankWar_P2|TankWar_P3|TankWar_P4|TankWar_P5,UNKNOWN,UNKNOWN,0.600,0.200,LOW,NONE,RESOLVED_INTERNAL,TankWar_P3
D1420,C:\Users\JBNU\git\ConstraintsRecovery\assets\tankwar\asset65:IF:4-59,C:\Users\JBNU\git\ConstraintsRecovery\assets\tankwar\asset9:IF:8-248,E531,E691,,FIELD_REFERENCE,C:\Users\JBNU\git\ConstraintsRecovery\assets\tankwar\asset65,21,G17,G4,TankWar_P3,TankWar_P1|TankWar_P2|TankWar_P3|TankWar_P4|TankWar_P5,UNKNOWN,UNKNOWN,0.600,0.200,LOW,NONE,RESOLVED_INTERNAL,TankWar_P3
D1421,C:\Users\JBNU\git\ConstraintsRecovery\assets\tankwar\asset65:IF:4-59,C:\Users\JBNU\git\ConstraintsRecovery\assets\tankwar\asset22:IF:8-80,E531,E262,,FIELD_REFERENCE,C:\Users\JBNU\git\ConstraintsRecovery\assets\tankwar\asset65,22,G17,G4,TankWar_P3,TankWar_P1|TankWar_P2|TankWar_P3|TankWar_P4|TankWar_P5,UNKNOWN,UNKNOWN,0.600,0.200,LOW,NONE,RESOLVED_INTERNAL,TankWar_P3
D1422,C:\Users\JBNU\git\ConstraintsRecovery\assets\tankwar\asset65:IF:4-59,C:\Users\JBNU\git\ConstraintsRecovery\assets\tankwar\asset9:IF:8-248,E531,E691,,FIELD_REFERENCE,C:\Users\JBNU\git\ConstraintsRecovery\assets\tankwar\asset65,22,G17,G4,TankWar_P3,TankWar_P1|TankWar_P2|TankWar_P3|TankWar_P4|TankWar_P5,UNKNOWN,UNKNOWN,0.600,0.200,LOW,NONE,RESOLVED_INTERNAL,TankWar_P3
D1423,C:\Users\JBNU\git\ConstraintsRecovery\assets\tankwar\asset68:IF:4-20,C:\Users\JBNU\git\ConstraintsRecovery\assets\tankwar\asset47:IF:6-53,E555,E435,,METHOD_CALL,C:\Users\JBNU\git\ConstraintsRecovery\assets\tankwar\asset68,14,G20,G14,TankWar_P4,TankWar_P2|TankWar_P3|TankWar_P4,UNKNOWN,UNKNOWN,0.750,0.200,LOW,NONE,RESOLVED_INTERNAL,TankWar_P4
D1424,C:\Users\JBNU\git\ConstraintsRecovery\assets\tankwar\asset68:IF:4-20,C:\Users\JBNU\git\ConstraintsRecovery\assets\tankwar\asset47:IF:6-53,E555,E437,,METHOD_CALL,C:\Users\JBNU\git\ConstraintsRecovery\assets\tankwar\asset68,14,G20,G14,TankWar_P4,TankWar_P2|TankWar_P3|TankWar_P4,UNKNOWN,UNKNOWN,0.750,0.200,LOW,NONE,RESOLVED_INTERNAL,TankWar_P4
D1425,C:\Users\JBNU\git\ConstraintsRecovery\assets\tankwar\asset69:IF:4-59,C:\Users\JBNU\git\ConstraintsRecovery\assets\tankwar\asset14:IF:8-384,E558,E99,,METHOD_CALL,C:\Users\JBNU\git\ConstraintsRecovery\assets\tankwar\asset69,16,G20,G4,TankWar_P4,TankWar_P1|TankWar_P2|TankWar_P3|TankWar_P4|TankWar_P5,UNKNOWN,UNKNOWN,0.750,0.200,LOW,NONE,RESOLVED_INTERNAL,TankWar_P4
D1426,C:\Users\JBNU\git\ConstraintsRecovery\assets\tankwar\asset69:IF:4-59,C:\Users\JBNU\git\ConstraintsRecovery\assets\tankwar\asset9:IF:8-248,E558,E691,,FIELD_REFERENCE,C:\Users\JBNU\git\ConstraintsRecovery\assets\tankwar\asset69,20,G20,G4,TankWar_P4,TankWar_P1|TankWar_P2|TankWar_P3|TankWar_P4|TankWar_P5,UNKNOWN,UNKNOWN,0.600,0.200,LOW,NONE,RESOLVED_INTERNAL,TankWar_P4
D1427,C:\Users\JBNU\git\ConstraintsRecovery\assets\tankwar\asset69:IF:4-59,C:\Users\JBNU\git\ConstraintsRecovery\assets\tankwar\asset22:IF:8-80,E558,E260,,FIELD_REFERENCE,C:\Users\JBNU\git\ConstraintsRecovery\assets\tankwar\asset69,21,G20,G4,TankWar_P4,TankWar_P1|TankWar_P2|TankWar_P3|TankWar_P4|TankWar_P5,UNKNOWN,UNKNOWN,0.600,0.200,LOW,NONE,RESOLVED_INTERNAL,TankWar_P4
D1428,C:\Users\JBNU\git\ConstraintsRecovery\assets\tankwar\asset69:IF:4-59,C:\Users\JBNU\git\ConstraintsRecovery\assets\tankwar\asset9:IF:8-248,E558,E691,,FIELD_REFERENCE,C:\Users\JBNU\git\ConstraintsRecovery\assets\tankwar\asset69,21,G20,G4,TankWar_P4,TankWar_P1|TankWar_P2|TankWar_P3|TankWar_P4|TankWar_P5,UNKNOWN,UNKNOWN,0.600,0.200,LOW,NONE,RESOLVED_INTERNAL,TankWar_P4
D1429,C:\Users\JBNU\git\ConstraintsRecovery\assets\tankwar\asset69:IF:4-59,C:\Users\JBNU\git\ConstraintsRecovery\assets\tankwar\asset22:IF:8-80,E558,E262,,FIELD_REFERENCE,C:\Users\JBNU\git\ConstraintsRecovery\assets\tankwar\asset69,22,G20,G4,TankWar_P4,TankWar_P1|TankWar_P2|TankWar_P3|TankWar_P4|TankWar_P5,UNKNOWN,UNKNOWN,0.600,0.200,LOW,NONE,RESOLVED_INTERNAL,TankWar_P4
D1430,C:\Users\JBNU\git\ConstraintsRecovery\assets\tankwar\asset69:IF:4-59,C:\Users\JBNU\git\ConstraintsRecovery\assets\tankwar\asset9:IF:8-248,E558,E691,,FIELD_REFERENCE,C:\Users\JBNU\git\ConstraintsRecovery\assets\tankwar\asset69,22,G20,G4,TankWar_P4,TankWar_P1|TankWar_P2|TankWar_P3|TankWar_P4|TankWar_P5,UNKNOWN,UNKNOWN,0.600,0.200,LOW,NONE,RESOLVED_INTERNAL,TankWar_P4
D1451,C:\Users\JBNU\git\ConstraintsRecovery\assets\tankwar\asset7:IF:8-62,C:\Users\JBNU\git\ConstraintsRecovery\assets\tankwar\asset22:IF:8-80,E559,E257,,EXTENDS,C:\Users\JBNU\git\ConstraintsRecovery\assets\tankwar\asset7,10,G4,G4,TankWar_P1|TankWar_P2|TankWar_P3|TankWar_P4|TankWar_P5,TankWar_P1|TankWar_P2|TankWar_P3|TankWar_P4|TankWar_P5,UNKNOWN,UNKNOWN,0.900,0.200,LOW,NONE,RESOLVED_INTERNAL,TankWar_P1|TankWar_P2|TankWar_P3|TankWar_P4|TankWar_P5
D1452,C:\Users\JBNU\git\ConstraintsRecovery\assets\tankwar\asset7:IF:8-62,C:\Users\JBNU\git\ConstraintsRecovery\assets\tankwar\asset7:IF:8-62,E563,E560,,FIELD_REFERENCE,C:\Users\JBNU\git\ConstraintsRecovery\assets\tankwar\asset7,17,G4,G4,TankWar_P1|TankWar_P2|TankWar_P3|TankWar_P4|TankWar_P5,TankWar_P1|TankWar_P2|TankWar_P3|TankWar_P4|TankWar_P5,UNKNOWN,UNKNOWN,0.600,0.200,LOW,INTRA_BLOCK,RESOLVED_INTERNAL,TankWar_P1|TankWar_P2|TankWar_P3|TankWar_P4|TankWar_P5
D1453,C:\Users\JBNU\git\ConstraintsRecovery\assets\tankwar\asset7:IF:8-62,C:\Users\JBNU\git\ConstraintsRecovery\assets\tankwar\asset9:IF:8-248,E563,E688,,FIELD_REFERENCE,C:\Users\JBNU\git\ConstraintsRecovery\assets\tankwar\asset7,17,G4,G4,TankWar_P1|TankWar_P2|TankWar_P3|TankWar_P4|TankWar_P5,TankWar_P1|TankWar_P2|TankWar_P3|TankWar_P4|TankWar_P5,UNKNOWN,UNKNOWN,0.600,0.200,LOW,NONE,RESOLVED_INTERNAL,TankWar_P1|TankWar_P2|TankWar_P3|TankWar_P4|TankWar_P5
D1454,C:\Users\JBNU\git\ConstraintsRecovery\assets\tankwar\asset7:IF:8-62,C:\Users\JBNU\git\ConstraintsRecovery\assets\tankwar\asset7:IF:8-62,E563,E560,,FIELD_REFERENCE,C:\Users\JBNU\git\ConstraintsRecovery\assets\tankwar\asset7,20,G4,G4,TankWar_P1|TankWar_P2|TankWar_P3|TankWar_P4|TankWar_P5,TankWar_P1|TankWar_P2|TankWar_P3|TankWar_P4|TankWar_P5,UNKNOWN,UNKNOWN,0.600,0.200,LOW,INTRA_BLOCK,RESOLVED_INTERNAL,TankWar_P1|TankWar_P2|TankWar_P3|TankWar_P4|TankWar_P5
D1455,C:\Users\JBNU\git\ConstraintsRecovery\assets\tankwar\asset7:IF:8-62,C:\Users\JBNU\git\ConstraintsRecovery\assets\tankwar\asset9:IF:8-248,E563,E689,,FIELD_REFERENCE,C:\Users\JBNU\git\ConstraintsRecovery\assets\tankwar\asset7,20,G4,G4,TankWar_P1|TankWar_P2|TankWar_P3|TankWar_P4|TankWar_P5,TankWar_P1|TankWar_P2|TankWar_P3|TankWar_P4|TankWar_P5,UNKNOWN,UNKNOWN,0.600,0.200,LOW,NONE,RESOLVED_INTERNAL,TankWar_P1|TankWar_P2|TankWar_P3|TankWar_P4|TankWar_P5
D1456,C:\Users\JBNU\git\ConstraintsRecovery\assets\tankwar\asset7:IF:8-62,C:\Users\JBNU\git\ConstraintsRecovery\assets\tankwar\asset7:IF:8-62,E563,E560,,FIELD_REFERENCE,C:\Users\JBNU\git\ConstraintsRecovery\assets\tankwar\asset7,23,G4,G4,TankWar_P1|TankWar_P2|TankWar_P3|TankWar_P4|TankWar_P5,TankWar_P1|TankWar_P2|TankWar_P3|TankWar_P4|TankWar_P5,UNKNOWN,UNKNOWN,0.600,0.200,LOW,INTRA_BLOCK,RESOLVED_INTERNAL,TankWar_P1|TankWar_P2|TankWar_P3|TankWar_P4|TankWar_P5
D1457,C:\Users\JBNU\git\ConstraintsRecovery\assets\tankwar\asset7:IF:8-62,C:\Users\JBNU\git\ConstraintsRecovery\assets\tankwar\asset9:IF:8-248,E563,E689,,FIELD_REFERENCE,C:\Users\JBNU\git\ConstraintsRecovery\assets\tankwar\asset7,23,G4,G4,TankWar_P1|TankWar_P2|TankWar_P3|TankWar_P4|TankWar_P5,TankWar_P1|TankWar_P2|TankWar_P3|TankWar_P4|TankWar_P5,UNKNOWN,UNKNOWN,0.600,0.200,LOW,NONE,RESOLVED_INTERNAL,TankWar_P1|TankWar_P2|TankWar_P3|TankWar_P4|TankWar_P5
D1458,C:\Users\JBNU\git\ConstraintsRecovery\assets\tankwar\asset7:IF:8-62,C:\Users\JBNU\git\ConstraintsRecovery\assets\tankwar\asset7:IF:8-62,E563,E560,,FIELD_REFERENCE,C:\Users\JBNU\git\ConstraintsRecovery\assets\tankwar\asset7,26,G4,G4,TankWar_P1|TankWar_P2|TankWar_P3|TankWar_P4|TankWar_P5,TankWar_P1|TankWar_P2|TankWar_P3|TankWar_P4|TankWar_P5,UNKNOWN,UNKNOWN,0.600,0.200,LOW,INTRA_BLOCK,RESOLVED_INTERNAL,TankWar_P1|TankWar_P2|TankWar_P3|TankWar_P4|TankWar_P5
D1459,C:\Users\JBNU\git\ConstraintsRecovery\assets\tankwar\asset7:IF:8-62,C:\Users\JBNU\git\ConstraintsRecovery\assets\tankwar\asset9:IF:8-248,E563,E689,,FIELD_REFERENCE,C:\Users\JBNU\git\ConstraintsRecovery\assets\tankwar\asset7,26,G4,G4,TankWar_P1|TankWar_P2|TankWar_P3|TankWar_P4|TankWar_P5,TankWar_P1|TankWar_P2|TankWar_P3|TankWar_P4|TankWar_P5,UNKNOWN,UNKNOWN,0.600,0.200,LOW,NONE,RESOLVED_INTERNAL,TankWar_P1|TankWar_P2|TankWar_P3|TankWar_P4|TankWar_P5
D1460,C:\Users\JBNU\git\ConstraintsRecovery\assets\tankwar\asset7:IF:8-62,C:\Users\JBNU\git\ConstraintsRecovery\assets\tankwar\asset7:IF:8-62,E563,E560,,FIELD_REFERENCE,C:\Users\JBNU\git\ConstraintsRecovery\assets\tankwar\asset7,29,G4,G4,TankWar_P1|TankWar_P2|TankWar_P3|TankWar_P4|TankWar_P5,TankWar_P1|TankWar_P2|TankWar_P3|TankWar_P4|TankWar_P5,UNKNOWN,UNKNOWN,0.600,0.200,LOW,INTRA_BLOCK,RESOLVED_INTERNAL,TankWar_P1|TankWar_P2|TankWar_P3|TankWar_P4|TankWar_P5
D1461,C:\Users\JBNU\git\ConstraintsRecovery\assets\tankwar\asset7:IF:8-62,C:\Users\JBNU\git\ConstraintsRecovery\assets\tankwar\asset9:IF:8-248,E563,E689,,FIELD_REFERENCE,C:\Users\JBNU\git\ConstraintsRecovery\assets\tankwar\asset7,29,G4,G4,TankWar_P1|TankWar_P2|TankWar_P3|TankWar_P4|TankWar_P5,TankWar_P1|TankWar_P2|TankWar_P3|TankWar_P4|TankWar_P5,UNKNOWN,UNKNOWN,0.600,0.200,LOW,NONE,RESOLVED_INTERNAL,TankWar_P1|TankWar_P2|TankWar_P3|TankWar_P4|TankWar_P5
D1462,C:\Users\JBNU\git\ConstraintsRecovery\assets\tankwar\asset7:IF:8-62,C:\Users\JBNU\git\ConstraintsRecovery\assets\tankwar\asset22:IF:8-80,E563,E273,,CONSTRUCTOR_CALL,C:\Users\JBNU\git\ConstraintsRecovery\assets\tankwar\asset7,34,G4,G4,TankWar_P1|TankWar_P2|TankWar_P3|TankWar_P4|TankWar_P5,TankWar_P1|TankWar_P2|TankWar_P3|TankWar_P4|TankWar_P5,UNKNOWN,UNKNOWN,0.750,0.200,LOW,NONE,RESOLVED_INTERNAL,TankWar_P1|TankWar_P2|TankWar_P3|TankWar_P4|TankWar_P5
D1463,C:\Users\JBNU\git\ConstraintsRecovery\assets\tankwar\asset7:IF:8-62,C:\Users\JBNU\git\ConstraintsRecovery\assets\tankwar\asset22:IF:8-80,E563,E260,,FIELD_REFERENCE,C:\Users\JBNU\git\ConstraintsRecovery\assets\tankwar\asset7,34,G4,G4,TankWar_P1|TankWar_P2|TankWar_P3|TankWar_P4|TankWar_P5,TankWar_P1|TankWar_P2|TankWar_P3|TankWar_P4|TankWar_P5,UNKNOWN,UNKNOWN,0.600,0.200,LOW,NONE,RESOLVED_INTERNAL,TankWar_P1|TankWar_P2|TankWar_P3|TankWar_P4|TankWar_P5
D1464,C:\Users\JBNU\git\ConstraintsRecovery\assets\tankwar\asset7:IF:8-62,C:\Users\JBNU\git\ConstraintsRecovery\assets\tankwar\asset22:IF:8-80,E563,E262,,FIELD_REFERENCE,C:\Users\JBNU\git\ConstraintsRecovery\assets\tankwar\asset7,34,G4,G4,TankWar_P1|TankWar_P2|TankWar_P3|TankWar_P4|TankWar_P5,TankWar_P1|TankWar_P2|TankWar_P3|TankWar_P4|TankWar_P5,UNKNOWN,UNKNOWN,0.600,0.200,LOW,NONE,RESOLVED_INTERNAL,TankWar_P1|TankWar_P2|TankWar_P3|TankWar_P4|TankWar_P5
D1465,C:\Users\JBNU\git\ConstraintsRecovery\assets\tankwar\asset7:IF:8-62,C:\Users\JBNU\git\ConstraintsRecovery\assets\tankwar\asset7:IF:8-62,E563,E560,,FIELD_REFERENCE,C:\Users\JBNU\git\ConstraintsRecovery\assets\tankwar\asset7,34,G4,G4,TankWar_P1|TankWar_P2|TankWar_P3|TankWar_P4|TankWar_P5,TankWar_P1|TankWar_P2|TankWar_P3|TankWar_P4|TankWar_P5,UNKNOWN,UNKNOWN,0.600,0.200,LOW,INTRA_BLOCK,RESOLVED_INTERNAL,TankWar_P1|TankWar_P2|TankWar_P3|TankWar_P4|TankWar_P5
D1466,C:\Users\JBNU\git\ConstraintsRecovery\assets\tankwar\asset7:IF:8-62,C:\Users\JBNU\git\ConstraintsRecovery\assets\tankwar\asset7:IF:8-62,E563,E561,,FIELD_REFERENCE,C:\Users\JBNU\git\ConstraintsRecovery\assets\tankwar\asset7,34,G4,G4,TankWar_P1|TankWar_P2|TankWar_P3|TankWar_P4|TankWar_P5,TankWar_P1|TankWar_P2|TankWar_P3|TankWar_P4|TankWar_P5,UNKNOWN,UNKNOWN,0.600,0.200,LOW,INTRA_BLOCK,RESOLVED_INTERNAL,TankWar_P1|TankWar_P2|TankWar_P3|TankWar_P4|TankWar_P5
D1467,C:\Users\JBNU\git\ConstraintsRecovery\assets\tankwar\asset7:IF:8-62,C:\Users\JBNU\git\ConstraintsRecovery\assets\tankwar\asset7:IF:8-62,E564,E561,,FIELD_REFERENCE,C:\Users\JBNU\git\ConstraintsRecovery\assets\tankwar\asset7,39,G4,G4,TankWar_P1|TankWar_P2|TankWar_P3|TankWar_P4|TankWar_P5,TankWar_P1|TankWar_P2|TankWar_P3|TankWar_P4|TankWar_P5,UNKNOWN,UNKNOWN,0.600,0.200,LOW,INTRA_BLOCK,RESOLVED_INTERNAL,TankWar_P1|TankWar_P2|TankWar_P3|TankWar_P4|TankWar_P5
D1468,C:\Users\JBNU\git\ConstraintsRecovery\assets\tankwar\asset7:IF:8-62,C:\Users\JBNU\git\ConstraintsRecovery\assets\tankwar\asset7:IF:8-62,E564,E561,,FIELD_REFERENCE,C:\Users\JBNU\git\ConstraintsRecovery\assets\tankwar\asset7,40,G4,G4,TankWar_P1|TankWar_P2|TankWar_P3|TankWar_P4|TankWar_P5,TankWar_P1|TankWar_P2|TankWar_P3|TankWar_P4|TankWar_P5,UNKNOWN,UNKNOWN,0.600,0.200,LOW,INTRA_BLOCK,RESOLVED_INTERNAL,TankWar_P1|TankWar_P2|TankWar_P3|TankWar_P4|TankWar_P5
D1469,C:\Users\JBNU\git\ConstraintsRecovery\assets\tankwar\asset7:IF:8-62,C:\Users\JBNU\git\ConstraintsRecovery\assets\tankwar\asset7:IF:8-62,E565,E566,,METHOD_CALL,C:\Users\JBNU\git\ConstraintsRecovery\assets\tankwar\asset7,44,G4,G4,TankWar_P1|TankWar_P2|TankWar_P3|TankWar_P4|TankWar_P5,TankWar_P1|TankWar_P2|TankWar_P3|TankWar_P4|TankWar_P5,UNKNOWN,UNKNOWN,0.750,0.200,LOW,INTRA_BLOCK,RESOLVED_INTERNAL,TankWar_P1|TankWar_P2|TankWar_P3|TankWar_P4|TankWar_P5
D1470,C:\Users\JBNU\git\ConstraintsRecovery\assets\tankwar\asset7:IF:8-62,C:\Users\JBNU\git\ConstraintsRecovery\assets\tankwar\asset7:IF:8-62,E566,E561,,FIELD_REFERENCE,C:\Users\JBNU\git\ConstraintsRecovery\assets\tankwar\asset7,49,G4,G4,TankWar_P1|TankWar_P2|TankWar_P3|TankWar_P4|TankWar_P5,TankWar_P1|TankWar_P2|TankWar_P3|TankWar_P4|TankWar_P5,UNKNOWN,UNKNOWN,0.600,0.200,LOW,INTRA_BLOCK,RESOLVED_INTERNAL,TankWar_P1|TankWar_P2|TankWar_P3|TankWar_P4|TankWar_P5
D1471,C:\Users\JBNU\git\ConstraintsRecovery\assets\tankwar\asset7:IF:8-62,C:\Users\JBNU\git\ConstraintsRecovery\assets\tankwar\asset7:IF:8-62,E566,E561,,FIELD_REFERENCE,C:\Users\JBNU\git\ConstraintsRecovery\assets\tankwar\asset7,50,G4,G4,TankWar_P1|TankWar_P2|TankWar_P3|TankWar_P4|TankWar_P5,TankWar_P1|TankWar_P2|TankWar_P3|TankWar_P4|TankWar_P5,UNKNOWN,UNKNOWN,0.600,0.200,LOW,INTRA_BLOCK,RESOLVED_INTERNAL,TankWar_P1|TankWar_P2|TankWar_P3|TankWar_P4|TankWar_P5
D1472,C:\Users\JBNU\git\ConstraintsRecovery\assets\tankwar\asset7:IF:8-62,C:\Users\JBNU\git\ConstraintsRecovery\assets\tankwar\asset7:IF:8-62,E566,E561,,FIELD_REFERENCE,C:\Users\JBNU\git\ConstraintsRecovery\assets\tankwar\asset7,51,G4,G4,TankWar_P1|TankWar_P2|TankWar_P3|TankWar_P4|TankWar_P5,TankWar_P1|TankWar_P2|TankWar_P3|TankWar_P4|TankWar_P5,UNKNOWN,UNKNOWN,0.600,0.200,LOW,INTRA_BLOCK,RESOLVED_INTERNAL,TankWar_P1|TankWar_P2|TankWar_P3|TankWar_P4|TankWar_P5
D1473,C:\Users\JBNU\git\ConstraintsRecovery\assets\tankwar\asset7:IF:8-62,C:\Users\JBNU\git\ConstraintsRecovery\assets\tankwar\asset7:IF:8-62,E566,E561,,FIELD_REFERENCE,C:\Users\JBNU\git\ConstraintsRecovery\assets\tankwar\asset7,57,G4,G4,TankWar_P1|TankWar_P2|TankWar_P3|TankWar_P4|TankWar_P5,TankWar_P1|TankWar_P2|TankWar_P3|TankWar_P4|TankWar_P5,UNKNOWN,UNKNOWN,0.600,0.200,LOW,INTRA_BLOCK,RESOLVED_INTERNAL,TankWar_P1|TankWar_P2|TankWar_P3|TankWar_P4|TankWar_P5
D1434,C:\Users\JBNU\git\ConstraintsRecovery\assets\tankwar\asset70:IF:4-29,C:\Users\JBNU\git\ConstraintsRecovery\assets\tankwar\asset70:IF:4-29,E570,E568,,FIELD_REFERENCE,C:\Users\JBNU\git\ConstraintsRecovery\assets\tankwar\asset70,16,G12,G12,TankWar_P2,TankWar_P2,UNKNOWN,UNKNOWN,0.600,0.200,LOW,INTRA_BLOCK,RESOLVED_INTERNAL,TankWar_P2
D1435,C:\Users\JBNU\git\ConstraintsRecovery\assets\tankwar\asset70:IF:4-29,C:\Users\JBNU\git\ConstraintsRecovery\assets\tankwar\asset47:IF:6-53,E570,E435,,METHOD_CALL,C:\Users\JBNU\git\ConstraintsRecovery\assets\tankwar\asset70,18,G12,G14,TankWar_P2,TankWar_P2|TankWar_P3|TankWar_P4,UNKNOWN,UNKNOWN,0.750,0.200,LOW,NONE,RESOLVED_INTERNAL,TankWar_P2
D1436,C:\Users\JBNU\git\ConstraintsRecovery\assets\tankwar\asset70:IF:4-29,C:\Users\JBNU\git\ConstraintsRecovery\assets\tankwar\asset47:IF:6-53,E570,E436,,METHOD_CALL,C:\Users\JBNU\git\ConstraintsRecovery\assets\tankwar\asset70,18,G12,G14,TankWar_P2,TankWar_P2|TankWar_P3|TankWar_P4,UNKNOWN,UNKNOWN,0.750,0.200,LOW,NONE,RESOLVED_INTERNAL,TankWar_P2
D1437,C:\Users\JBNU\git\ConstraintsRecovery\assets\tankwar\asset70:IF:4-29,C:\Users\JBNU\git\ConstraintsRecovery\assets\tankwar\asset70:IF:4-29,E570,E568,,FIELD_REFERENCE,C:\Users\JBNU\git\ConstraintsRecovery\assets\tankwar\asset70,19,G12,G12,TankWar_P2,TankWar_P2,UNKNOWN,UNKNOWN,0.600,0.200,LOW,INTRA_BLOCK,RESOLVED_INTERNAL,TankWar_P2
D1438,C:\Users\JBNU\git\ConstraintsRecovery\assets\tankwar\asset70:IF:4-29,C:\Users\JBNU\git\ConstraintsRecovery\assets\tankwar\asset70:IF:4-29,E570,E568,,FIELD_REFERENCE,C:\Users\JBNU\git\ConstraintsRecovery\assets\tankwar\asset70,24,G12,G12,TankWar_P2,TankWar_P2,UNKNOWN,UNKNOWN,0.600,0.200,LOW,INTRA_BLOCK,RESOLVED_INTERNAL,TankWar_P2
D1439,C:\Users\JBNU\git\ConstraintsRecovery\assets\tankwar\asset70:IF:4-29,C:\Users\JBNU\git\ConstraintsRecovery\assets\tankwar\asset47:IF:6-53,E570,E435,,METHOD_CALL,C:\Users\JBNU\git\ConstraintsRecovery\assets\tankwar\asset70,25,G12,G14,TankWar_P2,TankWar_P2|TankWar_P3|TankWar_P4,UNKNOWN,UNKNOWN,0.750,0.200,LOW,NONE,RESOLVED_INTERNAL,TankWar_P2
D1440,C:\Users\JBNU\git\ConstraintsRecovery\assets\tankwar\asset70:IF:4-29,C:\Users\JBNU\git\ConstraintsRecovery\assets\tankwar\asset47:IF:6-53,E570,E444,,METHOD_CALL,C:\Users\JBNU\git\ConstraintsRecovery\assets\tankwar\asset70,25,G12,G14,TankWar_P2,TankWar_P2|TankWar_P3|TankWar_P4,UNKNOWN,UNKNOWN,0.750,0.200,LOW,NONE,RESOLVED_INTERNAL,TankWar_P2
D1441,C:\Users\JBNU\git\ConstraintsRecovery\assets\tankwar\asset70:IF:4-29,C:\Users\JBNU\git\ConstraintsRecovery\assets\tankwar\asset70:IF:4-29,E570,E568,,FIELD_REFERENCE,C:\Users\JBNU\git\ConstraintsRecovery\assets\tankwar\asset70,26,G12,G12,TankWar_P2,TankWar_P2,UNKNOWN,UNKNOWN,0.600,0.200,LOW,INTRA_BLOCK,RESOLVED_INTERNAL,TankWar_P2
D1442,C:\Users\JBNU\git\ConstraintsRecovery\assets\tankwar\asset71:IF:4-26,C:\Users\JBNU\git\ConstraintsRecovery\assets\tankwar\asset14:IF:8-384,E573,E99,,METHOD_CALL,C:\Users\JBNU\git\ConstraintsRecovery\assets\tankwar\asset71,16,G12,G4,TankWar_P2,TankWar_P1|TankWar_P2|TankWar_P3|TankWar_P4|TankWar_P5,UNKNOWN,UNKNOWN,0.750,0.200,LOW,NONE,RESOLVED_INTERNAL,TankWar_P2
D1444,C:\Users\JBNU\git\ConstraintsRecovery\assets\tankwar\asset72:IF:4-25,C:\Users\JBNU\git\ConstraintsRecovery\assets\tankwar\asset26:IF:7-21,E574,E298,,EXTENDS,C:\Users\JBNU\git\ConstraintsRecovery\assets\tankwar\asset72,7,G1,G7,TankWar_P1,TankWar_P1|TankWar_P3|TankWar_P4|TankWar_P5,UNKNOWN,UNKNOWN,0.900,0.200,LOW,NONE,RESOLVED_INTERNAL,TankWar_P1
D1443,C:\Users\JBNU\git\ConstraintsRecovery\assets\tankwar\asset72:IF:4-25,C:\Users\JBNU\git\ConstraintsRecovery\assets\tankwar\asset14:IF:8-384,E576,E99,,METHOD_CALL,C:\Users\JBNU\git\ConstraintsRecovery\assets\tankwar\asset72,15,G1,G4,TankWar_P1,TankWar_P1|TankWar_P2|TankWar_P3|TankWar_P4|TankWar_P5,UNKNOWN,UNKNOWN,0.750,0.200,LOW,NONE,RESOLVED_INTERNAL,TankWar_P1
D1445,C:\Users\JBNU\git\ConstraintsRecovery\assets\tankwar\asset75:IF:4-20,C:\Users\JBNU\git\ConstraintsRecovery\assets\tankwar\asset47:IF:6-53,E600,E435,,METHOD_CALL,C:\Users\JBNU\git\ConstraintsRecovery\assets\tankwar\asset75,14,G17,G14,TankWar_P3,TankWar_P2|TankWar_P3|TankWar_P4,UNKNOWN,UNKNOWN,0.750,0.200,LOW,NONE,RESOLVED_INTERNAL,TankWar_P3
D1446,C:\Users\JBNU\git\ConstraintsRecovery\assets\tankwar\asset75:IF:4-20,C:\Users\JBNU\git\ConstraintsRecovery\assets\tankwar\asset47:IF:6-53,E600,E437,,METHOD_CALL,C:\Users\JBNU\git\ConstraintsRecovery\assets\tankwar\asset75,14,G17,G14,TankWar_P3,TankWar_P2|TankWar_P3|TankWar_P4,UNKNOWN,UNKNOWN,0.750,0.200,LOW,NONE,RESOLVED_INTERNAL,TankWar_P3
D1448,C:\Users\JBNU\git\ConstraintsRecovery\assets\tankwar\asset76:IF:4-25,C:\Users\JBNU\git\ConstraintsRecovery\assets\tankwar\asset26:IF:7-21,E601,E298,,EXTENDS,C:\Users\JBNU\git\ConstraintsRecovery\assets\tankwar\asset76,7,G22,G7,TankWar_P5,TankWar_P1|TankWar_P3|TankWar_P4|TankWar_P5,UNKNOWN,UNKNOWN,0.900,0.200,LOW,NONE,RESOLVED_INTERNAL,TankWar_P5
D1447,C:\Users\JBNU\git\ConstraintsRecovery\assets\tankwar\asset76:IF:4-25,C:\Users\JBNU\git\ConstraintsRecovery\assets\tankwar\asset14:IF:8-384,E603,E99,,METHOD_CALL,C:\Users\JBNU\git\ConstraintsRecovery\assets\tankwar\asset76,15,G22,G4,TankWar_P5,TankWar_P1|TankWar_P2|TankWar_P3|TankWar_P4|TankWar_P5,UNKNOWN,UNKNOWN,0.750,0.200,LOW,NONE,RESOLVED_INTERNAL,TankWar_P5
D1449,C:\Users\JBNU\git\ConstraintsRecovery\assets\tankwar\asset78:IF:4-20,C:\Users\JBNU\git\ConstraintsRecovery\assets\tankwar\asset47:IF:6-53,E624,E435,,METHOD_CALL,C:\Users\JBNU\git\ConstraintsRecovery\assets\tankwar\asset78,14,G12,G14,TankWar_P2,TankWar_P2|TankWar_P3|TankWar_P4,UNKNOWN,UNKNOWN,0.750,0.200,LOW,NONE,RESOLVED_INTERNAL,TankWar_P2
D1450,C:\Users\JBNU\git\ConstraintsRecovery\assets\tankwar\asset78:IF:4-20,C:\Users\JBNU\git\ConstraintsRecovery\assets\tankwar\asset47:IF:6-53,E624,E437,,METHOD_CALL,C:\Users\JBNU\git\ConstraintsRecovery\assets\tankwar\asset78,14,G12,G14,TankWar_P2,TankWar_P2|TankWar_P3|TankWar_P4,UNKNOWN,UNKNOWN,0.750,0.200,LOW,NONE,RESOLVED_INTERNAL,TankWar_P2
D1500,C:\Users\JBNU\git\ConstraintsRecovery\assets\tankwar\asset8:IF:8-96,C:\Users\JBNU\git\ConstraintsRecovery\assets\tankwar\asset13:IF:8-358,E649,E64,,METHOD_CALL,C:\Users\JBNU\git\ConstraintsRecovery\assets\tankwar\asset8,31,G4,G4,TankWar_P1|TankWar_P2|TankWar_P3|TankWar_P4|TankWar_P5,TankWar_P1|TankWar_P2|TankWar_P3|TankWar_P4|TankWar_P5,UNKNOWN,UNKNOWN,0.750,0.200,LOW,NONE,RESOLVED_INTERNAL,TankWar_P1|TankWar_P2|TankWar_P3|TankWar_P4|TankWar_P5
D1501,C:\Users\JBNU\git\ConstraintsRecovery\assets\tankwar\asset8:IF:8-96,C:\Users\JBNU\git\ConstraintsRecovery\assets\tankwar\asset9:IF:8-248,E649,E689,,FIELD_REFERENCE,C:\Users\JBNU\git\ConstraintsRecovery\assets\tankwar\asset8,34,G4,G4,TankWar_P1|TankWar_P2|TankWar_P3|TankWar_P4|TankWar_P5,TankWar_P1|TankWar_P2|TankWar_P3|TankWar_P4|TankWar_P5,UNKNOWN,UNKNOWN,0.600,0.200,LOW,NONE,RESOLVED_INTERNAL,TankWar_P1|TankWar_P2|TankWar_P3|TankWar_P4|TankWar_P5
D1502,C:\Users\JBNU\git\ConstraintsRecovery\assets\tankwar\asset8:IF:8-96,C:\Users\JBNU\git\ConstraintsRecovery\assets\tankwar\asset13:IF:8-358,E649,E64,,METHOD_CALL,C:\Users\JBNU\git\ConstraintsRecovery\assets\tankwar\asset8,34,G4,G4,TankWar_P1|TankWar_P2|TankWar_P3|TankWar_P4|TankWar_P5,TankWar_P1|TankWar_P2|TankWar_P3|TankWar_P4|TankWar_P5,UNKNOWN,UNKNOWN,0.750,0.200,LOW,NONE,RESOLVED_INTERNAL,TankWar_P1|TankWar_P2|TankWar_P3|TankWar_P4|TankWar_P5
D1503,C:\Users\JBNU\git\ConstraintsRecovery\assets\tankwar\asset8:IF:8-96,C:\Users\JBNU\git\ConstraintsRecovery\assets\tankwar\asset8:IF:8-96,E649,E650,,METHOD_CALL,C:\Users\JBNU\git\ConstraintsRecovery\assets\tankwar\asset8,35,G4,G4,TankWar_P1|TankWar_P2|TankWar_P3|TankWar_P4|TankWar_P5,TankWar_P1|TankWar_P2|TankWar_P3|TankWar_P4|TankWar_P5,UNKNOWN,UNKNOWN,0.750,0.200,LOW,INTRA_BLOCK,RESOLVED_INTERNAL,TankWar_P1|TankWar_P2|TankWar_P3|TankWar_P4|TankWar_P5
D1504,C:\Users\JBNU\git\ConstraintsRecovery\assets\tankwar\asset8:IF:8-96,C:\Users\JBNU\git\ConstraintsRecovery\assets\tankwar\asset9:IF:8-248,E649,E689,,FIELD_REFERENCE,C:\Users\JBNU\git\ConstraintsRecovery\assets\tankwar\asset8,38,G4,G4,TankWar_P1|TankWar_P2|TankWar_P3|TankWar_P4|TankWar_P5,TankWar_P1|TankWar_P2|TankWar_P3|TankWar_P4|TankWar_P5,UNKNOWN,UNKNOWN,0.600,0.200,LOW,NONE,RESOLVED_INTERNAL,TankWar_P1|TankWar_P2|TankWar_P3|TankWar_P4|TankWar_P5
D1505,C:\Users\JBNU\git\ConstraintsRecovery\assets\tankwar\asset8:IF:8-96,C:\Users\JBNU\git\ConstraintsRecovery\assets\tankwar\asset13:IF:8-358,E649,E64,,METHOD_CALL,C:\Users\JBNU\git\ConstraintsRecovery\assets\tankwar\asset8,38,G4,G4,TankWar_P1|TankWar_P2|TankWar_P3|TankWar_P4|TankWar_P5,TankWar_P1|TankWar_P2|TankWar_P3|TankWar_P4|TankWar_P5,UNKNOWN,UNKNOWN,0.750,0.200,LOW,NONE,RESOLVED_INTERNAL,TankWar_P1|TankWar_P2|TankWar_P3|TankWar_P4|TankWar_P5
D1506,C:\Users\JBNU\git\ConstraintsRecovery\assets\tankwar\asset8:IF:8-96,C:\Users\JBNU\git\ConstraintsRecovery\assets\tankwar\asset8:IF:8-96,E649,E650,,METHOD_CALL,C:\Users\JBNU\git\ConstraintsRecovery\assets\tankwar\asset8,39,G4,G4,TankWar_P1|TankWar_P2|TankWar_P3|TankWar_P4|TankWar_P5,TankWar_P1|TankWar_P2|TankWar_P3|TankWar_P4|TankWar_P5,UNKNOWN,UNKNOWN,0.750,0.200,LOW,INTRA_BLOCK,RESOLVED_INTERNAL,TankWar_P1|TankWar_P2|TankWar_P3|TankWar_P4|TankWar_P5
D1507,C:\Users\JBNU\git\ConstraintsRecovery\assets\tankwar\asset8:IF:8-96,C:\Users\JBNU\git\ConstraintsRecovery\assets\tankwar\asset9:IF:8-248,E649,E689,,FIELD_REFERENCE,C:\Users\JBNU\git\ConstraintsRecovery\assets\tankwar\asset8,42,G4,G4,TankWar_P1|TankWar_P2|TankWar_P3|TankWar_P4|TankWar_P5,TankWar_P1|TankWar_P2|TankWar_P3|TankWar_P4|TankWar_P5,UNKNOWN,UNKNOWN,0.600,0.200,LOW,NONE,RESOLVED_INTERNAL,TankWar_P1|TankWar_P2|TankWar_P3|TankWar_P4|TankWar_P5
D1508,C:\Users\JBNU\git\ConstraintsRecovery\assets\tankwar\asset8:IF:8-96,C:\Users\JBNU\git\ConstraintsRecovery\assets\tankwar\asset13:IF:8-358,E649,E64,,METHOD_CALL,C:\Users\JBNU\git\ConstraintsRecovery\assets\tankwar\asset8,42,G4,G4,TankWar_P1|TankWar_P2|TankWar_P3|TankWar_P4|TankWar_P5,TankWar_P1|TankWar_P2|TankWar_P3|TankWar_P4|TankWar_P5,UNKNOWN,UNKNOWN,0.750,0.200,LOW,NONE,RESOLVED_INTERNAL,TankWar_P1|TankWar_P2|TankWar_P3|TankWar_P4|TankWar_P5
D1509,C:\Users\JBNU\git\ConstraintsRecovery\assets\tankwar\asset8:IF:8-96,C:\Users\JBNU\git\ConstraintsRecovery\assets\tankwar\asset8:IF:8-96,E649,E650,,METHOD_CALL,C:\Users\JBNU\git\ConstraintsRecovery\assets\tankwar\asset8,43,G4,G4,TankWar_P1|TankWar_P2|TankWar_P3|TankWar_P4|TankWar_P5,TankWar_P1|TankWar_P2|TankWar_P3|TankWar_P4|TankWar_P5,UNKNOWN,UNKNOWN,0.750,0.200,LOW,INTRA_BLOCK,RESOLVED_INTERNAL,TankWar_P1|TankWar_P2|TankWar_P3|TankWar_P4|TankWar_P5
D1510,C:\Users\JBNU\git\ConstraintsRecovery\assets\tankwar\asset8:IF:8-96,C:\Users\JBNU\git\ConstraintsRecovery\assets\tankwar\asset8:IF:8-96,E649,E650,,METHOD_CALL,C:\Users\JBNU\git\ConstraintsRecovery\assets\tankwar\asset8,46,G4,G4,TankWar_P1|TankWar_P2|TankWar_P3|TankWar_P4|TankWar_P5,TankWar_P1|TankWar_P2|TankWar_P3|TankWar_P4|TankWar_P5,UNKNOWN,UNKNOWN,0.750,0.200,LOW,INTRA_BLOCK,RESOLVED_INTERNAL,TankWar_P1|TankWar_P2|TankWar_P3|TankWar_P4|TankWar_P5
D1511,C:\Users\JBNU\git\ConstraintsRecovery\assets\tankwar\asset8:IF:8-96,C:\Users\JBNU\git\ConstraintsRecovery\assets\tankwar\asset8:IF:8-96,E649,E650,,METHOD_CALL,C:\Users\JBNU\git\ConstraintsRecovery\assets\tankwar\asset8,49,G4,G4,TankWar_P1|TankWar_P2|TankWar_P3|TankWar_P4|TankWar_P5,TankWar_P1|TankWar_P2|TankWar_P3|TankWar_P4|TankWar_P5,UNKNOWN,UNKNOWN,0.750,0.200,LOW,INTRA_BLOCK,RESOLVED_INTERNAL,TankWar_P1|TankWar_P2|TankWar_P3|TankWar_P4|TankWar_P5
D1512,C:\Users\JBNU\git\ConstraintsRecovery\assets\tankwar\asset8:IF:8-96,C:\Users\JBNU\git\ConstraintsRecovery\assets\tankwar\asset8:IF:8-96,E649,E650,,METHOD_CALL,C:\Users\JBNU\git\ConstraintsRecovery\assets\tankwar\asset8,52,G4,G4,TankWar_P1|TankWar_P2|TankWar_P3|TankWar_P4|TankWar_P5,TankWar_P1|TankWar_P2|TankWar_P3|TankWar_P4|TankWar_P5,UNKNOWN,UNKNOWN,0.750,0.200,LOW,INTRA_BLOCK,RESOLVED_INTERNAL,TankWar_P1|TankWar_P2|TankWar_P3|TankWar_P4|TankWar_P5
D1513,C:\Users\JBNU\git\ConstraintsRecovery\assets\tankwar\asset8:IF:8-96,C:\Users\JBNU\git\ConstraintsRecovery\assets\tankwar\asset14:IF:8-384,E649,E76,,FIELD_REFERENCE,C:\Users\JBNU\git\ConstraintsRecovery\assets\tankwar\asset8,55,G4,G4,TankWar_P1|TankWar_P2|TankWar_P3|TankWar_P4|TankWar_P5,TankWar_P1|TankWar_P2|TankWar_P3|TankWar_P4|TankWar_P5,UNKNOWN,UNKNOWN,0.600,0.200,LOW,NONE,RESOLVED_INTERNAL,TankWar_P1|TankWar_P2|TankWar_P3|TankWar_P4|TankWar_P5
D1514,C:\Users\JBNU\git\ConstraintsRecovery\assets\tankwar\asset8:IF:8-96,C:\Users\JBNU\git\ConstraintsRecovery\assets\tankwar\asset8:IF:8-96,E649,E650,,METHOD_CALL,C:\Users\JBNU\git\ConstraintsRecovery\assets\tankwar\asset8,56,G4,G4,TankWar_P1|TankWar_P2|TankWar_P3|TankWar_P4|TankWar_P5,TankWar_P1|TankWar_P2|TankWar_P3|TankWar_P4|TankWar_P5,UNKNOWN,UNKNOWN,0.750,0.200,LOW,INTRA_BLOCK,RESOLVED_INTERNAL,TankWar_P1|TankWar_P2|TankWar_P3|TankWar_P4|TankWar_P5
D1515,C:\Users\JBNU\git\ConstraintsRecovery\assets\tankwar\asset8:IF:8-96,C:\Users\JBNU\git\ConstraintsRecovery\assets\tankwar\asset14:IF:8-384,E649,E76,,FIELD_REFERENCE,C:\Users\JBNU\git\ConstraintsRecovery\assets\tankwar\asset8,57,G4,G4,TankWar_P1|TankWar_P2|TankWar_P3|TankWar_P4|TankWar_P5,TankWar_P1|TankWar_P2|TankWar_P3|TankWar_P4|TankWar_P5,UNKNOWN,UNKNOWN,0.600,0.200,LOW,NONE,RESOLVED_INTERNAL,TankWar_P1|TankWar_P2|TankWar_P3|TankWar_P4|TankWar_P5
D1516,C:\Users\JBNU\git\ConstraintsRecovery\assets\tankwar\asset8:IF:8-96,C:\Users\JBNU\git\ConstraintsRecovery\assets\tankwar\asset8:IF:8-96,E649,E650,,METHOD_CALL,C:\Users\JBNU\git\ConstraintsRecovery\assets\tankwar\asset8,58,G4,G4,TankWar_P1|TankWar_P2|TankWar_P3|TankWar_P4|TankWar_P5,TankWar_P1|TankWar_P2|TankWar_P3|TankWar_P4|TankWar_P5,UNKNOWN,UNKNOWN,0.750,0.200,LOW,INTRA_BLOCK,RESOLVED_INTERNAL,TankWar_P1|TankWar_P2|TankWar_P3|TankWar_P4|TankWar_P5
D1517,C:\Users\JBNU\git\ConstraintsRecovery\assets\tankwar\asset8:IF:8-96,C:\Users\JBNU\git\ConstraintsRecovery\assets\tankwar\asset14:IF:8-384,E649,E76,,FIELD_REFERENCE,C:\Users\JBNU\git\ConstraintsRecovery\assets\tankwar\asset8,59,G4,G4,TankWar_P1|TankWar_P2|TankWar_P3|TankWar_P4|TankWar_P5,TankWar_P1|TankWar_P2|TankWar_P3|TankWar_P4|TankWar_P5,UNKNOWN,UNKNOWN,0.600,0.200,LOW,NONE,RESOLVED_INTERNAL,TankWar_P1|TankWar_P2|TankWar_P3|TankWar_P4|TankWar_P5
D1518,C:\Users\JBNU\git\ConstraintsRecovery\assets\tankwar\asset8:IF:8-96,C:\Users\JBNU\git\ConstraintsRecovery\assets\tankwar\asset8:IF:8-96,E649,E650,,METHOD_CALL,C:\Users\JBNU\git\ConstraintsRecovery\assets\tankwar\asset8,60,G4,G4,TankWar_P1|TankWar_P2|TankWar_P3|TankWar_P4|TankWar_P5,TankWar_P1|TankWar_P2|TankWar_P3|TankWar_P4|TankWar_P5,UNKNOWN,UNKNOWN,0.750,0.200,LOW,INTRA_BLOCK,RESOLVED_INTERNAL,TankWar_P1|TankWar_P2|TankWar_P3|TankWar_P4|TankWar_P5
D1519,C:\Users\JBNU\git\ConstraintsRecovery\assets\tankwar\asset8:IF:8-96,C:\Users\JBNU\git\ConstraintsRecovery\assets\tankwar\asset14:IF:8-384,E649,E76,,FIELD_REFERENCE,C:\Users\JBNU\git\ConstraintsRecovery\assets\tankwar\asset8,63,G4,G4,TankWar_P1|TankWar_P2|TankWar_P3|TankWar_P4|TankWar_P5,TankWar_P1|TankWar_P2|TankWar_P3|TankWar_P4|TankWar_P5,UNKNOWN,UNKNOWN,0.600,0.200,LOW,NONE,RESOLVED_INTERNAL,TankWar_P1|TankWar_P2|TankWar_P3|TankWar_P4|TankWar_P5
D1520,C:\Users\JBNU\git\ConstraintsRecovery\assets\tankwar\asset8:IF:8-96,C:\Users\JBNU\git\ConstraintsRecovery\assets\tankwar\asset8:IF:8-96,E649,E650,,METHOD_CALL,C:\Users\JBNU\git\ConstraintsRecovery\assets\tankwar\asset8,64,G4,G4,TankWar_P1|TankWar_P2|TankWar_P3|TankWar_P4|TankWar_P5,TankWar_P1|TankWar_P2|TankWar_P3|TankWar_P4|TankWar_P5,UNKNOWN,UNKNOWN,0.750,0.200,LOW,INTRA_BLOCK,RESOLVED_INTERNAL,TankWar_P1|TankWar_P2|TankWar_P3|TankWar_P4|TankWar_P5
D1521,C:\Users\JBNU\git\ConstraintsRecovery\assets\tankwar\asset8:IF:8-96,C:\Users\JBNU\git\ConstraintsRecovery\assets\tankwar\asset14:IF:8-384,E649,E76,,FIELD_REFERENCE,C:\Users\JBNU\git\ConstraintsRecovery\assets\tankwar\asset8,65,G4,G4,TankWar_P1|TankWar_P2|TankWar_P3|TankWar_P4|TankWar_P5,TankWar_P1|TankWar_P2|TankWar_P3|TankWar_P4|TankWar_P5,UNKNOWN,UNKNOWN,0.600,0.200,LOW,NONE,RESOLVED_INTERNAL,TankWar_P1|TankWar_P2|TankWar_P3|TankWar_P4|TankWar_P5
D1522,C:\Users\JBNU\git\ConstraintsRecovery\assets\tankwar\asset8:IF:8-96,C:\Users\JBNU\git\ConstraintsRecovery\assets\tankwar\asset8:IF:8-96,E649,E650,,METHOD_CALL,C:\Users\JBNU\git\ConstraintsRecovery\assets\tankwar\asset8,66,G4,G4,TankWar_P1|TankWar_P2|TankWar_P3|TankWar_P4|TankWar_P5,TankWar_P1|TankWar_P2|TankWar_P3|TankWar_P4|TankWar_P5,UNKNOWN,UNKNOWN,0.750,0.200,LOW,INTRA_BLOCK,RESOLVED_INTERNAL,TankWar_P1|TankWar_P2|TankWar_P3|TankWar_P4|TankWar_P5
D1523,C:\Users\JBNU\git\ConstraintsRecovery\assets\tankwar\asset8:IF:8-96,C:\Users\JBNU\git\ConstraintsRecovery\assets\tankwar\asset14:IF:8-384,E649,E76,,FIELD_REFERENCE,C:\Users\JBNU\git\ConstraintsRecovery\assets\tankwar\asset8,67,G4,G4,TankWar_P1|TankWar_P2|TankWar_P3|TankWar_P4|TankWar_P5,TankWar_P1|TankWar_P2|TankWar_P3|TankWar_P4|TankWar_P5,UNKNOWN,UNKNOWN,0.600,0.200,LOW,NONE,RESOLVED_INTERNAL,TankWar_P1|TankWar_P2|TankWar_P3|TankWar_P4|TankWar_P5
D1524,C:\Users\JBNU\git\ConstraintsRecovery\assets\tankwar\asset8:IF:8-96,C:\Users\JBNU\git\ConstraintsRecovery\assets\tankwar\asset8:IF:8-96,E649,E650,,METHOD_CALL,C:\Users\JBNU\git\ConstraintsRecovery\assets\tankwar\asset8,68,G4,G4,TankWar_P1|TankWar_P2|TankWar_P3|TankWar_P4|TankWar_P5,TankWar_P1|TankWar_P2|TankWar_P3|TankWar_P4|TankWar_P5,UNKNOWN,UNKNOWN,0.750,0.200,LOW,INTRA_BLOCK,RESOLVED_INTERNAL,TankWar_P1|TankWar_P2|TankWar_P3|TankWar_P4|TankWar_P5
D1525,C:\Users\JBNU\git\ConstraintsRecovery\assets\tankwar\asset8:IF:8-96,C:\Users\JBNU\git\ConstraintsRecovery\assets\tankwar\asset14:IF:8-384,E649,E76,,FIELD_REFERENCE,C:\Users\JBNU\git\ConstraintsRecovery\assets\tankwar\asset8,71,G4,G4,TankWar_P1|TankWar_P2|TankWar_P3|TankWar_P4|TankWar_P5,TankWar_P1|TankWar_P2|TankWar_P3|TankWar_P4|TankWar_P5,UNKNOWN,UNKNOWN,0.600,0.200,LOW,NONE,RESOLVED_INTERNAL,TankWar_P1|TankWar_P2|TankWar_P3|TankWar_P4|TankWar_P5
D1526,C:\Users\JBNU\git\ConstraintsRecovery\assets\tankwar\asset8:IF:8-96,C:\Users\JBNU\git\ConstraintsRecovery\assets\tankwar\asset8:IF:8-96,E649,E650,,METHOD_CALL,C:\Users\JBNU\git\ConstraintsRecovery\assets\tankwar\asset8,72,G4,G4,TankWar_P1|TankWar_P2|TankWar_P3|TankWar_P4|TankWar_P5,TankWar_P1|TankWar_P2|TankWar_P3|TankWar_P4|TankWar_P5,UNKNOWN,UNKNOWN,0.750,0.200,LOW,INTRA_BLOCK,RESOLVED_INTERNAL,TankWar_P1|TankWar_P2|TankWar_P3|TankWar_P4|TankWar_P5
D1527,C:\Users\JBNU\git\ConstraintsRecovery\assets\tankwar\asset8:IF:8-96,C:\Users\JBNU\git\ConstraintsRecovery\assets\tankwar\asset14:IF:8-384,E649,E76,,FIELD_REFERENCE,C:\Users\JBNU\git\ConstraintsRecovery\assets\tankwar\asset8,73,G4,G4,TankWar_P1|TankWar_P2|TankWar_P3|TankWar_P4|TankWar_P5,TankWar_P1|TankWar_P2|TankWar_P3|TankWar_P4|TankWar_P5,UNKNOWN,UNKNOWN,0.600,0.200,LOW,NONE,RESOLVED_INTERNAL,TankWar_P1|TankWar_P2|TankWar_P3|TankWar_P4|TankWar_P5
D1528,C:\Users\JBNU\git\ConstraintsRecovery\assets\tankwar\asset8:IF:8-96,C:\Users\JBNU\git\ConstraintsRecovery\assets\tankwar\asset8:IF:8-96,E649,E650,,METHOD_CALL,C:\Users\JBNU\git\ConstraintsRecovery\assets\tankwar\asset8,74,G4,G4,TankWar_P1|TankWar_P2|TankWar_P3|TankWar_P4|TankWar_P5,TankWar_P1|TankWar_P2|TankWar_P3|TankWar_P4|TankWar_P5,UNKNOWN,UNKNOWN,0.750,0.200,LOW,INTRA_BLOCK,RESOLVED_INTERNAL,TankWar_P1|TankWar_P2|TankWar_P3|TankWar_P4|TankWar_P5
D1529,C:\Users\JBNU\git\ConstraintsRecovery\assets\tankwar\asset8:IF:8-96,C:\Users\JBNU\git\ConstraintsRecovery\assets\tankwar\asset14:IF:8-384,E649,E76,,FIELD_REFERENCE,C:\Users\JBNU\git\ConstraintsRecovery\assets\tankwar\asset8,75,G4,G4,TankWar_P1|TankWar_P2|TankWar_P3|TankWar_P4|TankWar_P5,TankWar_P1|TankWar_P2|TankWar_P3|TankWar_P4|TankWar_P5,UNKNOWN,UNKNOWN,0.600,0.200,LOW,NONE,RESOLVED_INTERNAL,TankWar_P1|TankWar_P2|TankWar_P3|TankWar_P4|TankWar_P5
D1530,C:\Users\JBNU\git\ConstraintsRecovery\assets\tankwar\asset8:IF:8-96,C:\Users\JBNU\git\ConstraintsRecovery\assets\tankwar\asset8:IF:8-96,E649,E650,,METHOD_CALL,C:\Users\JBNU\git\ConstraintsRecovery\assets\tankwar\asset8,76,G4,G4,TankWar_P1|TankWar_P2|TankWar_P3|TankWar_P4|TankWar_P5,TankWar_P1|TankWar_P2|TankWar_P3|TankWar_P4|TankWar_P5,UNKNOWN,UNKNOWN,0.750,0.200,LOW,INTRA_BLOCK,RESOLVED_INTERNAL,TankWar_P1|TankWar_P2|TankWar_P3|TankWar_P4|TankWar_P5
D1531,C:\Users\JBNU\git\ConstraintsRecovery\assets\tankwar\asset8:IF:8-96,C:\Users\JBNU\git\ConstraintsRecovery\assets\tankwar\asset14:IF:8-384,E650,E89,,FIELD_REFERENCE,C:\Users\JBNU\git\ConstraintsRecovery\assets\tankwar\asset8,81,G4,G4,TankWar_P1|TankWar_P2|TankWar_P3|TankWar_P4|TankWar_P5,TankWar_P1|TankWar_P2|TankWar_P3|TankWar_P4|TankWar_P5,UNKNOWN,UNKNOWN,0.600,0.200,LOW,NONE,RESOLVED_INTERNAL,TankWar_P1|TankWar_P2|TankWar_P3|TankWar_P4|TankWar_P5
D1532,C:\Users\JBNU\git\ConstraintsRecovery\assets\tankwar\asset8:IF:8-96,C:\Users\JBNU\git\ConstraintsRecovery\assets\tankwar\asset13:IF:8-358,E650,E64,,METHOD_CALL,C:\Users\JBNU\git\ConstraintsRecovery\assets\tankwar\asset8,83,G4,G4,TankWar_P1|TankWar_P2|TankWar_P3|TankWar_P4|TankWar_P5,TankWar_P1|TankWar_P2|TankWar_P3|TankWar_P4|TankWar_P5,UNKNOWN,UNKNOWN,0.750,0.200,LOW,NONE,RESOLVED_INTERNAL,TankWar_P1|TankWar_P2|TankWar_P3|TankWar_P4|TankWar_P5
D1533,C:\Users\JBNU\git\ConstraintsRecovery\assets\tankwar\asset8:IF:8-96,C:\Users\JBNU\git\ConstraintsRecovery\assets\tankwar\asset13:IF:8-358,E650,E64,,METHOD_CALL,C:\Users\JBNU\git\ConstraintsRecovery\assets\tankwar\asset8,86,G4,G4,TankWar_P1|TankWar_P2|TankWar_P3|TankWar_P4|TankWar_P5,TankWar_P1|TankWar_P2|TankWar_P3|TankWar_P4|TankWar_P5,UNKNOWN,UNKNOWN,0.750,0.200,LOW,NONE,RESOLVED_INTERNAL,TankWar_P1|TankWar_P2|TankWar_P3|TankWar_P4|TankWar_P5
D1534,C:\Users\JBNU\git\ConstraintsRecovery\assets\tankwar\asset8:IF:8-96,C:\Users\JBNU\git\ConstraintsRecovery\assets\tankwar\asset13:IF:8-358,E650,E64,,METHOD_CALL,C:\Users\JBNU\git\ConstraintsRecovery\assets\tankwar\asset8,89,G4,G4,TankWar_P1|TankWar_P2|TankWar_P3|TankWar_P4|TankWar_P5,TankWar_P1|TankWar_P2|TankWar_P3|TankWar_P4|TankWar_P5,UNKNOWN,UNKNOWN,0.750,0.200,LOW,NONE,RESOLVED_INTERNAL,TankWar_P1|TankWar_P2|TankWar_P3|TankWar_P4|TankWar_P5
D1535,C:\Users\JBNU\git\ConstraintsRecovery\assets\tankwar\asset8:IF:8-96,C:\Users\JBNU\git\ConstraintsRecovery\assets\tankwar\asset13:IF:8-358,E650,E64,,METHOD_CALL,C:\Users\JBNU\git\ConstraintsRecovery\assets\tankwar\asset8,92,G4,G4,TankWar_P1|TankWar_P2|TankWar_P3|TankWar_P4|TankWar_P5,TankWar_P1|TankWar_P2|TankWar_P3|TankWar_P4|TankWar_P5,UNKNOWN,UNKNOWN,0.750,0.200,LOW,NONE,RESOLVED_INTERNAL,TankWar_P1|TankWar_P2|TankWar_P3|TankWar_P4|TankWar_P5
D1478,C:\Users\JBNU\git\ConstraintsRecovery\assets\tankwar\asset80:IF:4-31,C:\Users\JBNU\git\ConstraintsRecovery\assets\tankwar\asset1:IF:8-128,E651,E1,,EXTENDS,C:\Users\JBNU\git\ConstraintsRecovery\assets\tankwar\asset80,5,G1,G4,TankWar_P1,TankWar_P1|TankWar_P2|TankWar_P3|TankWar_P4|TankWar_P5,UNKNOWN,UNKNOWN,0.900,0.200,LOW,NONE,RESOLVED_INTERNAL,TankWar_P1
D1474,C:\Users\JBNU\git\ConstraintsRecovery\assets\tankwar\asset80:IF:4-31,C:\Users\JBNU\git\ConstraintsRecovery\assets\tankwar\asset13:IF:8-358,E653,E64,,METHOD_CALL,C:\Users\JBNU\git\ConstraintsRecovery\assets\tankwar\asset80,18,G1,G4,TankWar_P1,TankWar_P1|TankWar_P2|TankWar_P3|TankWar_P4|TankWar_P5,UNKNOWN,UNKNOWN,0.750,0.200,LOW,NONE,RESOLVED_INTERNAL,TankWar_P1
D1475,C:\Users\JBNU\git\ConstraintsRecovery\assets\tankwar\asset80:IF:4-31,C:\Users\JBNU\git\ConstraintsRecovery\assets\tankwar\asset13:IF:8-358,E653,E64,,METHOD_CALL,C:\Users\JBNU\git\ConstraintsRecovery\assets\tankwar\asset80,21,G1,G4,TankWar_P1,TankWar_P1|TankWar_P2|TankWar_P3|TankWar_P4|TankWar_P5,UNKNOWN,UNKNOWN,0.750,0.200,LOW,NONE,RESOLVED_INTERNAL,TankWar_P1
D1476,C:\Users\JBNU\git\ConstraintsRecovery\assets\tankwar\asset80:IF:4-31,C:\Users\JBNU\git\ConstraintsRecovery\assets\tankwar\asset13:IF:8-358,E653,E64,,METHOD_CALL,C:\Users\JBNU\git\ConstraintsRecovery\assets\tankwar\asset80,24,G1,G4,TankWar_P1,TankWar_P1|TankWar_P2|TankWar_P3|TankWar_P4|TankWar_P5,UNKNOWN,UNKNOWN,0.750,0.200,LOW,NONE,RESOLVED_INTERNAL,TankWar_P1
D1477,C:\Users\JBNU\git\ConstraintsRecovery\assets\tankwar\asset80:IF:4-31,C:\Users\JBNU\git\ConstraintsRecovery\assets\tankwar\asset13:IF:8-358,E653,E64,,METHOD_CALL,C:\Users\JBNU\git\ConstraintsRecovery\assets\tankwar\asset80,27,G1,G4,TankWar_P1,TankWar_P1|TankWar_P2|TankWar_P3|TankWar_P4|TankWar_P5,UNKNOWN,UNKNOWN,0.750,0.200,LOW,NONE,RESOLVED_INTERNAL,TankWar_P1
D1479,C:\Users\JBNU\git\ConstraintsRecovery\assets\tankwar\asset81:IF:4-29,C:\Users\JBNU\git\ConstraintsRecovery\assets\tankwar\asset81:IF:4-29,E657,E655,,FIELD_REFERENCE,C:\Users\JBNU\git\ConstraintsRecovery\assets\tankwar\asset81,16,G17,G17,TankWar_P3,TankWar_P3,UNKNOWN,UNKNOWN,0.600,0.200,LOW,INTRA_BLOCK,RESOLVED_INTERNAL,TankWar_P3
D1480,C:\Users\JBNU\git\ConstraintsRecovery\assets\tankwar\asset81:IF:4-29,C:\Users\JBNU\git\ConstraintsRecovery\assets\tankwar\asset47:IF:6-53,E657,E435,,METHOD_CALL,C:\Users\JBNU\git\ConstraintsRecovery\assets\tankwar\asset81,18,G17,G14,TankWar_P3,TankWar_P2|TankWar_P3|TankWar_P4,UNKNOWN,UNKNOWN,0.750,0.200,LOW,NONE,RESOLVED_INTERNAL,TankWar_P3
D1481,C:\Users\JBNU\git\ConstraintsRecovery\assets\tankwar\asset81:IF:4-29,C:\Users\JBNU\git\ConstraintsRecovery\assets\tankwar\asset47:IF:6-53,E657,E436,,METHOD_CALL,C:\Users\JBNU\git\ConstraintsRecovery\assets\tankwar\asset81,18,G17,G14,TankWar_P3,TankWar_P2|TankWar_P3|TankWar_P4,UNKNOWN,UNKNOWN,0.750,0.200,LOW,NONE,RESOLVED_INTERNAL,TankWar_P3
D1482,C:\Users\JBNU\git\ConstraintsRecovery\assets\tankwar\asset81:IF:4-29,C:\Users\JBNU\git\ConstraintsRecovery\assets\tankwar\asset81:IF:4-29,E657,E655,,FIELD_REFERENCE,C:\Users\JBNU\git\ConstraintsRecovery\assets\tankwar\asset81,19,G17,G17,TankWar_P3,TankWar_P3,UNKNOWN,UNKNOWN,0.600,0.200,LOW,INTRA_BLOCK,RESOLVED_INTERNAL,TankWar_P3
D1483,C:\Users\JBNU\git\ConstraintsRecovery\assets\tankwar\asset81:IF:4-29,C:\Users\JBNU\git\ConstraintsRecovery\assets\tankwar\asset81:IF:4-29,E657,E655,,FIELD_REFERENCE,C:\Users\JBNU\git\ConstraintsRecovery\assets\tankwar\asset81,24,G17,G17,TankWar_P3,TankWar_P3,UNKNOWN,UNKNOWN,0.600,0.200,LOW,INTRA_BLOCK,RESOLVED_INTERNAL,TankWar_P3
D1484,C:\Users\JBNU\git\ConstraintsRecovery\assets\tankwar\asset81:IF:4-29,C:\Users\JBNU\git\ConstraintsRecovery\assets\tankwar\asset47:IF:6-53,E657,E435,,METHOD_CALL,C:\Users\JBNU\git\ConstraintsRecovery\assets\tankwar\asset81,25,G17,G14,TankWar_P3,TankWar_P2|TankWar_P3|TankWar_P4,UNKNOWN,UNKNOWN,0.750,0.200,LOW,NONE,RESOLVED_INTERNAL,TankWar_P3
D1485,C:\Users\JBNU\git\ConstraintsRecovery\assets\tankwar\asset81:IF:4-29,C:\Users\JBNU\git\ConstraintsRecovery\assets\tankwar\asset47:IF:6-53,E657,E444,,METHOD_CALL,C:\Users\JBNU\git\ConstraintsRecovery\assets\tankwar\asset81,25,G17,G14,TankWar_P3,TankWar_P2|TankWar_P3|TankWar_P4,UNKNOWN,UNKNOWN,0.750,0.200,LOW,NONE,RESOLVED_INTERNAL,TankWar_P3
D1486,C:\Users\JBNU\git\ConstraintsRecovery\assets\tankwar\asset81:IF:4-29,C:\Users\JBNU\git\ConstraintsRecovery\assets\tankwar\asset81:IF:4-29,E657,E655,,FIELD_REFERENCE,C:\Users\JBNU\git\ConstraintsRecovery\assets\tankwar\asset81,26,G17,G17,TankWar_P3,TankWar_P3,UNKNOWN,UNKNOWN,0.600,0.200,LOW,INTRA_BLOCK,RESOLVED_INTERNAL,TankWar_P3
D1491,C:\Users\JBNU\git\ConstraintsRecovery\assets\tankwar\asset82:IF:4-31,C:\Users\JBNU\git\ConstraintsRecovery\assets\tankwar\asset64:IF:5-17,E658,E526,,EXTENDS,C:\Users\JBNU\git\ConstraintsRecovery\assets\tankwar\asset82,5,G22,G19,TankWar_P5,TankWar_P3|TankWar_P5,UNKNOWN,UNKNOWN,0.900,0.200,LOW,NONE,RESOLVED_INTERNAL,TankWar_P5
D1487,C:\Users\JBNU\git\ConstraintsRecovery\assets\tankwar\asset82:IF:4-31,C:\Users\JBNU\git\ConstraintsRecovery\assets\tankwar\asset13:IF:8-358,E660,E64,,METHOD_CALL,C:\Users\JBNU\git\ConstraintsRecovery\assets\tankwar\asset82,18,G22,G4,TankWar_P5,TankWar_P1|TankWar_P2|TankWar_P3|TankWar_P4|TankWar_P5,UNKNOWN,UNKNOWN,0.750,0.200,LOW,NONE,RESOLVED_INTERNAL,TankWar_P5
D1488,C:\Users\JBNU\git\ConstraintsRecovery\assets\tankwar\asset82:IF:4-31,C:\Users\JBNU\git\ConstraintsRecovery\assets\tankwar\asset13:IF:8-358,E660,E64,,METHOD_CALL,C:\Users\JBNU\git\ConstraintsRecovery\assets\tankwar\asset82,21,G22,G4,TankWar_P5,TankWar_P1|TankWar_P2|TankWar_P3|TankWar_P4|TankWar_P5,UNKNOWN,UNKNOWN,0.750,0.200,LOW,NONE,RESOLVED_INTERNAL,TankWar_P5
D1489,C:\Users\JBNU\git\ConstraintsRecovery\assets\tankwar\asset82:IF:4-31,C:\Users\JBNU\git\ConstraintsRecovery\assets\tankwar\asset13:IF:8-358,E660,E64,,METHOD_CALL,C:\Users\JBNU\git\ConstraintsRecovery\assets\tankwar\asset82,24,G22,G4,TankWar_P5,TankWar_P1|TankWar_P2|TankWar_P3|TankWar_P4|TankWar_P5,UNKNOWN,UNKNOWN,0.750,0.200,LOW,NONE,RESOLVED_INTERNAL,TankWar_P5
D1490,C:\Users\JBNU\git\ConstraintsRecovery\assets\tankwar\asset82:IF:4-31,C:\Users\JBNU\git\ConstraintsRecovery\assets\tankwar\asset13:IF:8-358,E660,E64,,METHOD_CALL,C:\Users\JBNU\git\ConstraintsRecovery\assets\tankwar\asset82,27,G22,G4,TankWar_P5,TankWar_P1|TankWar_P2|TankWar_P3|TankWar_P4|TankWar_P5,UNKNOWN,UNKNOWN,0.750,0.200,LOW,NONE,RESOLVED_INTERNAL,TankWar_P5
D1492,C:\Users\JBNU\git\ConstraintsRecovery\assets\tankwar\asset84:IF:4-29,C:\Users\JBNU\git\ConstraintsRecovery\assets\tankwar\asset84:IF:4-29,E682,E680,,FIELD_REFERENCE,C:\Users\JBNU\git\ConstraintsRecovery\assets\tankwar\asset84,16,G20,G20,TankWar_P4,TankWar_P4,UNKNOWN,UNKNOWN,0.600,0.200,LOW,INTRA_BLOCK,RESOLVED_INTERNAL,TankWar_P4
D1493,C:\Users\JBNU\git\ConstraintsRecovery\assets\tankwar\asset84:IF:4-29,C:\Users\JBNU\git\ConstraintsRecovery\assets\tankwar\asset47:IF:6-53,E682,E435,,METHOD_CALL,C:\Users\JBNU\git\ConstraintsRecovery\assets\tankwar\asset84,18,G20,G14,TankWar_P4,TankWar_P2|TankWar_P3|TankWar_P4,UNKNOWN,UNKNOWN,0.750,0.200,LOW,NONE,RESOLVED_INTERNAL,TankWar_P4
D1494,C:\Users\JBNU\git\ConstraintsRecovery\assets\tankwar\asset84:IF:4-29,C:\Users\JBNU\git\ConstraintsRecovery\assets\tankwar\asset47:IF:6-53,E682,E436,,METHOD_CALL,C:\Users\JBNU\git\ConstraintsRecovery\assets\tankwar\asset84,18,G20,G14,TankWar_P4,TankWar_P2|TankWar_P3|TankWar_P4,UNKNOWN,UNKNOWN,0.750,0.200,LOW,NONE,RESOLVED_INTERNAL,TankWar_P4
D1495,C:\Users\JBNU\git\ConstraintsRecovery\assets\tankwar\asset84:IF:4-29,C:\Users\JBNU\git\ConstraintsRecovery\assets\tankwar\asset84:IF:4-29,E682,E680,,FIELD_REFERENCE,C:\Users\JBNU\git\ConstraintsRecovery\assets\tankwar\asset84,19,G20,G20,TankWar_P4,TankWar_P4,UNKNOWN,UNKNOWN,0.600,0.200,LOW,INTRA_BLOCK,RESOLVED_INTERNAL,TankWar_P4
D1496,C:\Users\JBNU\git\ConstraintsRecovery\assets\tankwar\asset84:IF:4-29,C:\Users\JBNU\git\ConstraintsRecovery\assets\tankwar\asset84:IF:4-29,E682,E680,,FIELD_REFERENCE,C:\Users\JBNU\git\ConstraintsRecovery\assets\tankwar\asset84,24,G20,G20,TankWar_P4,TankWar_P4,UNKNOWN,UNKNOWN,0.600,0.200,LOW,INTRA_BLOCK,RESOLVED_INTERNAL,TankWar_P4
D1497,C:\Users\JBNU\git\ConstraintsRecovery\assets\tankwar\asset84:IF:4-29,C:\Users\JBNU\git\ConstraintsRecovery\assets\tankwar\asset47:IF:6-53,E682,E435,,METHOD_CALL,C:\Users\JBNU\git\ConstraintsRecovery\assets\tankwar\asset84,25,G20,G14,TankWar_P4,TankWar_P2|TankWar_P3|TankWar_P4,UNKNOWN,UNKNOWN,0.750,0.200,LOW,NONE,RESOLVED_INTERNAL,TankWar_P4
D1498,C:\Users\JBNU\git\ConstraintsRecovery\assets\tankwar\asset84:IF:4-29,C:\Users\JBNU\git\ConstraintsRecovery\assets\tankwar\asset47:IF:6-53,E682,E444,,METHOD_CALL,C:\Users\JBNU\git\ConstraintsRecovery\assets\tankwar\asset84,25,G20,G14,TankWar_P4,TankWar_P2|TankWar_P3|TankWar_P4,UNKNOWN,UNKNOWN,0.750,0.200,LOW,NONE,RESOLVED_INTERNAL,TankWar_P4
D1499,C:\Users\JBNU\git\ConstraintsRecovery\assets\tankwar\asset84:IF:4-29,C:\Users\JBNU\git\ConstraintsRecovery\assets\tankwar\asset84:IF:4-29,E682,E680,,FIELD_REFERENCE,C:\Users\JBNU\git\ConstraintsRecovery\assets\tankwar\asset84,26,G20,G20,TankWar_P4,TankWar_P4,UNKNOWN,UNKNOWN,0.600,0.200,LOW,INTRA_BLOCK,RESOLVED_INTERNAL,TankWar_P4
D1590,C:\Users\JBNU\git\ConstraintsRecovery\assets\tankwar\asset9:IF:8-248,C:\Users\JBNU\git\ConstraintsRecovery\assets\tankwar\asset12:IF:8-10,E683,E58,,EXTENDS,C:\Users\JBNU\git\ConstraintsRecovery\assets\tankwar\asset9,17,G4,G4,TankWar_P1|TankWar_P2|TankWar_P3|TankWar_P4|TankWar_P5,TankWar_P1|TankWar_P2|TankWar_P3|TankWar_P4|TankWar_P5,UNKNOWN,UNKNOWN,0.900,0.200,LOW,NONE,RESOLVED_INTERNAL,TankWar_P1|TankWar_P2|TankWar_P3|TankWar_P4|TankWar_P5
D1664,C:\Users\JBNU\git\ConstraintsRecovery\assets\tankwar\asset9:IF:8-248,C:\Users\JBNU\git\ConstraintsRecovery\assets\tankwar\asset9:IF:8-248,E713,E715,,METHOD_CALL,C:\Users\JBNU\git\ConstraintsRecovery\assets\tankwar\asset9,46,G4,G4,TankWar_P1|TankWar_P2|TankWar_P3|TankWar_P4|TankWar_P5,TankWar_P1|TankWar_P2|TankWar_P3|TankWar_P4|TankWar_P5,UNKNOWN,UNKNOWN,0.750,0.200,LOW,INTRA_BLOCK,RESOLVED_INTERNAL,TankWar_P1|TankWar_P2|TankWar_P3|TankWar_P4|TankWar_P5
D1665,C:\Users\JBNU\git\ConstraintsRecovery\assets\tankwar\asset9:IF:49-51,C:\Users\JBNU\git\ConstraintsRecovery\assets\tankwar\asset6:IF:8-52,E714,E512,,CONSTRUCTOR_CALL,C:\Users\JBNU\git\ConstraintsRecovery\assets\tankwar\asset9,50,G1,G4,TankWar_P1,TankWar_P1|TankWar_P2|TankWar_P3|TankWar_P4|TankWar_P5,APPLICATION_ORCHESTRATION,UNKNOWN,0.750,0.275,LOW,NONE,RESOLVED_INTERNAL,TankWar_P1
D1666,C:\Users\JBNU\git\ConstraintsRecovery\assets\tankwar\asset9:ELIF:52-55,C:\Users\JBNU\git\ConstraintsRecovery\assets\tankwar\asset20:IF:8-41,E714,E251,,CONSTRUCTOR_CALL,C:\Users\JBNU\git\ConstraintsRecovery\assets\tankwar\asset9,54,G17,G4,TankWar_P3,TankWar_P1|TankWar_P2|TankWar_P3|TankWar_P4|TankWar_P5,APPLICATION_ORCHESTRATION,UNKNOWN,0.750,0.275,LOW,NONE,RESOLVED_INTERNAL,TankWar_P3
D1667,C:\Users\JBNU\git\ConstraintsRecovery\assets\tankwar\asset9:ELIF:56-58,C:\Users\JBNU\git\ConstraintsRecovery\assets\tankwar\asset6:IF:8-52,E714,E512,,CONSTRUCTOR_CALL,C:\Users\JBNU\git\ConstraintsRecovery\assets\tankwar\asset9,57,G12,G4,TankWar_P2,TankWar_P1|TankWar_P2|TankWar_P3|TankWar_P4|TankWar_P5,APPLICATION_ORCHESTRATION,UNKNOWN,0.750,0.275,LOW,NONE,RESOLVED_INTERNAL,TankWar_P2
D1668,C:\Users\JBNU\git\ConstraintsRecovery\assets\tankwar\asset9:ELIF:56-58,C:\Users\JBNU\git\ConstraintsRecovery\assets\tankwar\asset20:IF:8-41,E714,E251,,CONSTRUCTOR_CALL,C:\Users\JBNU\git\ConstraintsRecovery\assets\tankwar\asset9,58,G12,G4,TankWar_P2,TankWar_P1|TankWar_P2|TankWar_P3|TankWar_P4|TankWar_P5,APPLICATION_ORCHESTRATION,UNKNOWN,0.750,0.275,LOW,NONE,RESOLVED_INTERNAL,TankWar_P2
D1669,C:\Users\JBNU\git\ConstraintsRecovery\assets\tankwar\asset9:ELIF:59-62,C:\Users\JBNU\git\ConstraintsRecovery\assets\tankwar\asset6:IF:8-52,E714,E512,,CONSTRUCTOR_CALL,C:\Users\JBNU\git\ConstraintsRecovery\assets\tankwar\asset9,60,G20,G4,TankWar_P4,TankWar_P1|TankWar_P2|TankWar_P3|TankWar_P4|TankWar_P5,APPLICATION_ORCHESTRATION,UNKNOWN,0.750,0.275,LOW,NONE,RESOLVED_INTERNAL,TankWar_P4
D1670,C:\Users\JBNU\git\ConstraintsRecovery\assets\tankwar\asset9:ELIF:59-62,C:\Users\JBNU\git\ConstraintsRecovery\assets\tankwar\asset20:IF:8-41,E714,E251,,CONSTRUCTOR_CALL,C:\Users\JBNU\git\ConstraintsRecovery\assets\tankwar\asset9,62,G20,G4,TankWar_P4,TankWar_P1|TankWar_P2|TankWar_P3|TankWar_P4|TankWar_P5,APPLICATION_ORCHESTRATION,UNKNOWN,0.750,0.275,LOW,NONE,RESOLVED_INTERNAL,TankWar_P4
D1671,C:\Users\JBNU\git\ConstraintsRecovery\assets\tankwar\asset9:ELIF:63-66,C:\Users\JBNU\git\ConstraintsRecovery\assets\tankwar\asset20:IF:8-41,E714,E251,,CONSTRUCTOR_CALL,C:\Users\JBNU\git\ConstraintsRecovery\assets\tankwar\asset9,66,G22,G4,TankWar_P5,TankWar_P1|TankWar_P2|TankWar_P3|TankWar_P4|TankWar_P5,APPLICATION_ORCHESTRATION,UNKNOWN,0.750,0.275,LOW,NONE,RESOLVED_INTERNAL,TankWar_P5
D1672,C:\Users\JBNU\git\ConstraintsRecovery\assets\tankwar\asset9:IF:8-248,C:\Users\JBNU\git\ConstraintsRecovery\assets\tankwar\asset6:IF:8-52,E715,E512,,CONSTRUCTOR_CALL,C:\Users\JBNU\git\ConstraintsRecovery\assets\tankwar\asset9,72,G4,G4,TankWar_P1|TankWar_P2|TankWar_P3|TankWar_P4|TankWar_P5,TankWar_P1|TankWar_P2|TankWar_P3|TankWar_P4|TankWar_P5,UNKNOWN,UNKNOWN,0.750,0.200,LOW,NONE,RESOLVED_INTERNAL,TankWar_P1|TankWar_P2|TankWar_P3|TankWar_P4|TankWar_P5
D1673,C:\Users\JBNU\git\ConstraintsRecovery\assets\tankwar\asset9:IF:8-248,C:\Users\JBNU\git\ConstraintsRecovery\assets\tankwar\asset9:IF:8-248,E715,E684,,FIELD_REFERENCE,C:\Users\JBNU\git\ConstraintsRecovery\assets\tankwar\asset9,72,G4,G4,TankWar_P1|TankWar_P2|TankWar_P3|TankWar_P4|TankWar_P5,TankWar_P1|TankWar_P2|TankWar_P3|TankWar_P4|TankWar_P5,UNKNOWN,UNKNOWN,0.600,0.200,LOW,INTRA_BLOCK,RESOLVED_INTERNAL,TankWar_P1|TankWar_P2|TankWar_P3|TankWar_P4|TankWar_P5
D1674,C:\Users\JBNU\git\ConstraintsRecovery\assets\tankwar\asset9:IF:8-248,C:\Users\JBNU\git\ConstraintsRecovery\assets\tankwar\asset9:IF:8-248,E715,E684,,FIELD_REFERENCE,C:\Users\JBNU\git\ConstraintsRecovery\assets\tankwar\asset9,73,G4,G4,TankWar_P1|TankWar_P2|TankWar_P3|TankWar_P4|TankWar_P5,TankWar_P1|TankWar_P2|TankWar_P3|TankWar_P4|TankWar_P5,UNKNOWN,UNKNOWN,0.600,0.200,LOW,INTRA_BLOCK,RESOLVED_INTERNAL,TankWar_P1|TankWar_P2|TankWar_P3|TankWar_P4|TankWar_P5
D1675,C:\Users\JBNU\git\ConstraintsRecovery\assets\tankwar\asset9:IF:8-248,C:\Users\JBNU\git\ConstraintsRecovery\assets\tankwar\asset9:IF:8-248,E715,E684,,FIELD_REFERENCE,C:\Users\JBNU\git\ConstraintsRecovery\assets\tankwar\asset9,74,G4,G4,TankWar_P1|TankWar_P2|TankWar_P3|TankWar_P4|TankWar_P5,TankWar_P1|TankWar_P2|TankWar_P3|TankWar_P4|TankWar_P5,UNKNOWN,UNKNOWN,0.600,0.200,LOW,INTRA_BLOCK,RESOLVED_INTERNAL,TankWar_P1|TankWar_P2|TankWar_P3|TankWar_P4|TankWar_P5
D1676,C:\Users\JBNU\git\ConstraintsRecovery\assets\tankwar\asset9:IF:8-248,C:\Users\JBNU\git\ConstraintsRecovery\assets\tankwar\asset9:IF:8-248,E715,E687,,FIELD_REFERENCE,C:\Users\JBNU\git\ConstraintsRecovery\assets\tankwar\asset9,74,G4,G4,TankWar_P1|TankWar_P2|TankWar_P3|TankWar_P4|TankWar_P5,TankWar_P1|TankWar_P2|TankWar_P3|TankWar_P4|TankWar_P5,UNKNOWN,UNKNOWN,0.600,0.200,LOW,INTRA_BLOCK,RESOLVED_INTERNAL,TankWar_P1|TankWar_P2|TankWar_P3|TankWar_P4|TankWar_P5
D1677,C:\Users\JBNU\git\ConstraintsRecovery\assets\tankwar\asset9:IF:8-248,C:\Users\JBNU\git\ConstraintsRecovery\assets\tankwar\asset2:IF:8-332,E715,E239,,METHOD_CALL,C:\Users\JBNU\git\ConstraintsRecovery\assets\tankwar\asset9,74,G4,G4,TankWar_P1|TankWar_P2|TankWar_P3|TankWar_P4|TankWar_P5,TankWar_P1|TankWar_P2|TankWar_P3|TankWar_P4|TankWar_P5,UNKNOWN,UNKNOWN,0.750,0.200,LOW,NONE,RESOLVED_INTERNAL,TankWar_P1|TankWar_P2|TankWar_P3|TankWar_P4|TankWar_P5
D1678,C:\Users\JBNU\git\ConstraintsRecovery\assets\tankwar\asset9:IF:8-248,C:\Users\JBNU\git\ConstraintsRecovery\assets\tankwar\asset9:IF:8-248,E715,E684,,FIELD_REFERENCE,C:\Users\JBNU\git\ConstraintsRecovery\assets\tankwar\asset9,75,G4,G4,TankWar_P1|TankWar_P2|TankWar_P3|TankWar_P4|TankWar_P5,TankWar_P1|TankWar_P2|TankWar_P3|TankWar_P4|TankWar_P5,UNKNOWN,UNKNOWN,0.600,0.200,LOW,INTRA_BLOCK,RESOLVED_INTERNAL,TankWar_P1|TankWar_P2|TankWar_P3|TankWar_P4|TankWar_P5
D1679,C:\Users\JBNU\git\ConstraintsRecovery\assets\tankwar\asset9:IF:8-248,C:\Users\JBNU\git\ConstraintsRecovery\assets\tankwar\asset9:IF:8-248,E715,E686,,FIELD_REFERENCE,C:\Users\JBNU\git\ConstraintsRecovery\assets\tankwar\asset9,75,G4,G4,TankWar_P1|TankWar_P2|TankWar_P3|TankWar_P4|TankWar_P5,TankWar_P1|TankWar_P2|TankWar_P3|TankWar_P4|TankWar_P5,UNKNOWN,UNKNOWN,0.600,0.200,LOW,INTRA_BLOCK,RESOLVED_INTERNAL,TankWar_P1|TankWar_P2|TankWar_P3|TankWar_P4|TankWar_P5
D1680,C:\Users\JBNU\git\ConstraintsRecovery\assets\tankwar\asset9:IF:8-248,C:\Users\JBNU\git\ConstraintsRecovery\assets\tankwar\asset2:IF:8-332,E715,E240,,METHOD_CALL,C:\Users\JBNU\git\ConstraintsRecovery\assets\tankwar\asset9,75,G4,G4,TankWar_P1|TankWar_P2|TankWar_P3|TankWar_P4|TankWar_P5,TankWar_P1|TankWar_P2|TankWar_P3|TankWar_P4|TankWar_P5,UNKNOWN,UNKNOWN,0.750,0.200,LOW,NONE,RESOLVED_INTERNAL,TankWar_P1|TankWar_P2|TankWar_P3|TankWar_P4|TankWar_P5
D1681,C:\Users\JBNU\git\ConstraintsRecovery\assets\tankwar\asset9:IF:8-248,C:\Users\JBNU\git\ConstraintsRecovery\assets\tankwar\asset9:IF:8-248,E715,E687,,FIELD_REFERENCE,C:\Users\JBNU\git\ConstraintsRecovery\assets\tankwar\asset9,76,G4,G4,TankWar_P1|TankWar_P2|TankWar_P3|TankWar_P4|TankWar_P5,TankWar_P1|TankWar_P2|TankWar_P3|TankWar_P4|TankWar_P5,UNKNOWN,UNKNOWN,0.600,0.200,LOW,INTRA_BLOCK,RESOLVED_INTERNAL,TankWar_P1|TankWar_P2|TankWar_P3|TankWar_P4|TankWar_P5
D1682,C:\Users\JBNU\git\ConstraintsRecovery\assets\tankwar\asset9:IF:8-248,C:\Users\JBNU\git\ConstraintsRecovery\assets\tankwar\asset9:IF:8-248,E715,E688,,FIELD_REFERENCE,C:\Users\JBNU\git\ConstraintsRecovery\assets\tankwar\asset9,76,G4,G4,TankWar_P1|TankWar_P2|TankWar_P3|TankWar_P4|TankWar_P5,TankWar_P1|TankWar_P2|TankWar_P3|TankWar_P4|TankWar_P5,UNKNOWN,UNKNOWN,0.600,0.200,LOW,INTRA_BLOCK,RESOLVED_INTERNAL,TankWar_P1|TankWar_P2|TankWar_P3|TankWar_P4|TankWar_P5
D1683,C:\Users\JBNU\git\ConstraintsRecovery\assets\tankwar\asset9:IF:8-248,C:\Users\JBNU\git\ConstraintsRecovery\assets\tankwar\asset9:IF:8-248,E715,E688,,FIELD_REFERENCE,C:\Users\JBNU\git\ConstraintsRecovery\assets\tankwar\asset9,77,G4,G4,TankWar_P1|TankWar_P2|TankWar_P3|TankWar_P4|TankWar_P5,TankWar_P1|TankWar_P2|TankWar_P3|TankWar_P4|TankWar_P5,UNKNOWN,UNKNOWN,0.600,0.200,LOW,INTRA_BLOCK,RESOLVED_INTERNAL,TankWar_P1|TankWar_P2|TankWar_P3|TankWar_P4|TankWar_P5
D1684,C:\Users\JBNU\git\ConstraintsRecovery\assets\tankwar\asset9:IF:8-248,C:\Users\JBNU\git\ConstraintsRecovery\assets\tankwar\asset9:IF:8-248,E715,E689,,FIELD_REFERENCE,C:\Users\JBNU\git\ConstraintsRecovery\assets\tankwar\asset9,77,G4,G4,TankWar_P1|TankWar_P2|TankWar_P3|TankWar_P4|TankWar_P5,TankWar_P1|TankWar_P2|TankWar_P3|TankWar_P4|TankWar_P5,UNKNOWN,UNKNOWN,0.600,0.200,LOW,INTRA_BLOCK,RESOLVED_INTERNAL,TankWar_P1|TankWar_P2|TankWar_P3|TankWar_P4|TankWar_P5
D1685,C:\Users\JBNU\git\ConstraintsRecovery\assets\tankwar\asset9:IF:8-248,C:\Users\JBNU\git\ConstraintsRecovery\assets\tankwar\asset21:IF:8-24,E715,E255,,CONSTRUCTOR_CALL,C:\Users\JBNU\git\ConstraintsRecovery\assets\tankwar\asset9,78,G4,G4,TankWar_P1|TankWar_P2|TankWar_P3|TankWar_P4|TankWar_P5,TankWar_P1|TankWar_P2|TankWar_P3|TankWar_P4|TankWar_P5,UNKNOWN,UNKNOWN,0.750,0.200,LOW,NONE,RESOLVED_INTERNAL,TankWar_P1|TankWar_P2|TankWar_P3|TankWar_P4|TankWar_P5
D1686,C:\Users\JBNU\git\ConstraintsRecovery\assets\tankwar\asset9:IF:8-248,C:\Users\JBNU\git\ConstraintsRecovery\assets\tankwar\asset9:IF:8-248,E716,E684,,FIELD_REFERENCE,C:\Users\JBNU\git\ConstraintsRecovery\assets\tankwar\asset9,81,G4,G4,TankWar_P1|TankWar_P2|TankWar_P3|TankWar_P4|TankWar_P5,TankWar_P1|TankWar_P2|TankWar_P3|TankWar_P4|TankWar_P5,UNKNOWN,UNKNOWN,0.600,0.200,LOW,INTRA_BLOCK,RESOLVED_INTERNAL,TankWar_P1|TankWar_P2|TankWar_P3|TankWar_P4|TankWar_P5
D1687,C:\Users\JBNU\git\ConstraintsRecovery\assets\tankwar\asset9:IF:8-248,C:\Users\JBNU\git\ConstraintsRecovery\assets\tankwar\asset9:IF:8-248,E717,E685,,FIELD_REFERENCE,C:\Users\JBNU\git\ConstraintsRecovery\assets\tankwar\asset9,84,G4,G4,TankWar_P1|TankWar_P2|TankWar_P3|TankWar_P4|TankWar_P5,TankWar_P1|TankWar_P2|TankWar_P3|TankWar_P4|TankWar_P5,UNKNOWN,UNKNOWN,0.600,0.200,LOW,INTRA_BLOCK,RESOLVED_INTERNAL,TankWar_P1|TankWar_P2|TankWar_P3|TankWar_P4|TankWar_P5
D1688,C:\Users\JBNU\git\ConstraintsRecovery\assets\tankwar\asset9:IF:8-248,C:\Users\JBNU\git\ConstraintsRecovery\assets\tankwar\asset9:IF:8-248,E717,E684,,FIELD_REFERENCE,C:\Users\JBNU\git\ConstraintsRecovery\assets\tankwar\asset9,85,G4,G4,TankWar_P1|TankWar_P2|TankWar_P3|TankWar_P4|TankWar_P5,TankWar_P1|TankWar_P2|TankWar_P3|TankWar_P4|TankWar_P5,UNKNOWN,UNKNOWN,0.600,0.200,LOW,INTRA_BLOCK,RESOLVED_INTERNAL,TankWar_P1|TankWar_P2|TankWar_P3|TankWar_P4|TankWar_P5
D1689,C:\Users\JBNU\git\ConstraintsRecovery\assets\tankwar\asset9:IF:8-248,C:\Users\JBNU\git\ConstraintsRecovery\assets\tankwar\asset2:IF:8-332,E717,E235,,METHOD_CALL,C:\Users\JBNU\git\ConstraintsRecovery\assets\tankwar\asset9,85,G4,G4,TankWar_P1|TankWar_P2|TankWar_P3|TankWar_P4|TankWar_P5,TankWar_P1|TankWar_P2|TankWar_P3|TankWar_P4|TankWar_P5,UNKNOWN,UNKNOWN,0.750,0.200,LOW,NONE,RESOLVED_INTERNAL,TankWar_P1|TankWar_P2|TankWar_P3|TankWar_P4|TankWar_P5
D1690,C:\Users\JBNU\git\ConstraintsRecovery\assets\tankwar\asset9:IF:8-248,C:\Users\JBNU\git\ConstraintsRecovery\assets\tankwar\asset9:IF:8-248,E717,E684,,FIELD_REFERENCE,C:\Users\JBNU\git\ConstraintsRecovery\assets\tankwar\asset9,89,G4,G4,TankWar_P1|TankWar_P2|TankWar_P3|TankWar_P4|TankWar_P5,TankWar_P1|TankWar_P2|TankWar_P3|TankWar_P4|TankWar_P5,UNKNOWN,UNKNOWN,0.600,0.200,LOW,INTRA_BLOCK,RESOLVED_INTERNAL,TankWar_P1|TankWar_P2|TankWar_P3|TankWar_P4|TankWar_P5
D1691,C:\Users\JBNU\git\ConstraintsRecovery\assets\tankwar\asset9:IF:8-248,C:\Users\JBNU\git\ConstraintsRecovery\assets\tankwar\asset9:IF:8-248,E717,E684,,FIELD_REFERENCE,C:\Users\JBNU\git\ConstraintsRecovery\assets\tankwar\asset9,93,G4,G4,TankWar_P1|TankWar_P2|TankWar_P3|TankWar_P4|TankWar_P5,TankWar_P1|TankWar_P2|TankWar_P3|TankWar_P4|TankWar_P5,UNKNOWN,UNKNOWN,0.600,0.200,LOW,INTRA_BLOCK,RESOLVED_INTERNAL,TankWar_P1|TankWar_P2|TankWar_P3|TankWar_P4|TankWar_P5
D1692,C:\Users\JBNU\git\ConstraintsRecovery\assets\tankwar\asset9:IF:8-248,C:\Users\JBNU\git\ConstraintsRecovery\assets\tankwar\asset9:IF:8-248,E717,E691,,FIELD_REFERENCE,C:\Users\JBNU\git\ConstraintsRecovery\assets\tankwar\asset9,95,G4,G4,TankWar_P1|TankWar_P2|TankWar_P3|TankWar_P4|TankWar_P5,TankWar_P1|TankWar_P2|TankWar_P3|TankWar_P4|TankWar_P5,UNKNOWN,UNKNOWN,0.600,0.200,LOW,INTRA_BLOCK,RESOLVED_INTERNAL,TankWar_P1|TankWar_P2|TankWar_P3|TankWar_P4|TankWar_P5
D1693,C:\Users\JBNU\git\ConstraintsRecovery\assets\tankwar\asset9:IF:8-248,C:\Users\JBNU\git\ConstraintsRecovery\assets\tankwar\asset9:IF:8-248,E717,E691,,FIELD_REFERENCE,C:\Users\JBNU\git\ConstraintsRecovery\assets\tankwar\asset9,96,G4,G4,TankWar_P1|TankWar_P2|TankWar_P3|TankWar_P4|TankWar_P5,TankWar_P1|TankWar_P2|TankWar_P3|TankWar_P4|TankWar_P5,UNKNOWN,UNKNOWN,0.600,0.200,LOW,INTRA_BLOCK,RESOLVED_INTERNAL,TankWar_P1|TankWar_P2|TankWar_P3|TankWar_P4|TankWar_P5
D1536,C:\Users\JBNU\git\ConstraintsRecovery\assets\tankwar\asset9:IF:8-248,C:\Users\JBNU\git\ConstraintsRecovery\assets\tankwar\asset9:IF:8-248,E718,E685,,FIELD_REFERENCE,C:\Users\JBNU\git\ConstraintsRecovery\assets\tankwar\asset9,100,G4,G4,TankWar_P1|TankWar_P2|TankWar_P3|TankWar_P4|TankWar_P5,TankWar_P1|TankWar_P2|TankWar_P3|TankWar_P4|TankWar_P5,UNKNOWN,UNKNOWN,0.600,0.200,LOW,INTRA_BLOCK,RESOLVED_INTERNAL,TankWar_P1|TankWar_P2|TankWar_P3|TankWar_P4|TankWar_P5
D1537,C:\Users\JBNU\git\ConstraintsRecovery\assets\tankwar\asset9:IF:8-248,C:\Users\JBNU\git\ConstraintsRecovery\assets\tankwar\asset9:IF:8-248,E718,E691,,FIELD_REFERENCE,C:\Users\JBNU\git\ConstraintsRecovery\assets\tankwar\asset9,101,G4,G4,TankWar_P1|TankWar_P2|TankWar_P3|TankWar_P4|TankWar_P5,TankWar_P1|TankWar_P2|TankWar_P3|TankWar_P4|TankWar_P5,UNKNOWN,UNKNOWN,0.600,0.200,LOW,INTRA_BLOCK,RESOLVED_INTERNAL,TankWar_P1|TankWar_P2|TankWar_P3|TankWar_P4|TankWar_P5
D1538,C:\Users\JBNU\git\ConstraintsRecovery\assets\tankwar\asset9:IF:8-248,C:\Users\JBNU\git\ConstraintsRecovery\assets\tankwar\asset9:IF:8-248,E718,E691,,FIELD_REFERENCE,C:\Users\JBNU\git\ConstraintsRecovery\assets\tankwar\asset9,102,G4,G4,TankWar_P1|TankWar_P2|TankWar_P3|TankWar_P4|TankWar_P5,TankWar_P1|TankWar_P2|TankWar_P3|TankWar_P4|TankWar_P5,UNKNOWN,UNKNOWN,0.600,0.200,LOW,INTRA_BLOCK,RESOLVED_INTERNAL,TankWar_P1|TankWar_P2|TankWar_P3|TankWar_P4|TankWar_P5
D1539,C:\Users\JBNU\git\ConstraintsRecovery\assets\tankwar\asset9:IF:8-248,C:\Users\JBNU\git\ConstraintsRecovery\assets\tankwar\asset9:IF:8-248,E719,E685,,FIELD_REFERENCE,C:\Users\JBNU\git\ConstraintsRecovery\assets\tankwar\asset9,106,G4,G4,TankWar_P1|TankWar_P2|TankWar_P3|TankWar_P4|TankWar_P5,TankWar_P1|TankWar_P2|TankWar_P3|TankWar_P4|TankWar_P5,UNKNOWN,UNKNOWN,0.600,0.200,LOW,INTRA_BLOCK,RESOLVED_INTERNAL,TankWar_P1|TankWar_P2|TankWar_P3|TankWar_P4|TankWar_P5
D1540,C:\Users\JBNU\git\ConstraintsRecovery\assets\tankwar\asset9:IF:8-248,C:\Users\JBNU\git\ConstraintsRecovery\assets\tankwar\asset9:IF:8-248,E719,E711,,FIELD_REFERENCE,C:\Users\JBNU\git\ConstraintsRecovery\assets\tankwar\asset9,108,G4,G4,TankWar_P1|TankWar_P2|TankWar_P3|TankWar_P4|TankWar_P5,TankWar_P1|TankWar_P2|TankWar_P3|TankWar_P4|TankWar_P5,UNKNOWN,UNKNOWN,0.600,0.200,LOW,INTRA_BLOCK,RESOLVED_INTERNAL,TankWar_P1|TankWar_P2|TankWar_P3|TankWar_P4|TankWar_P5
D1541,C:\Users\JBNU\git\ConstraintsRecovery\assets\tankwar\asset9:IF:8-248,C:\Users\JBNU\git\ConstraintsRecovery\assets\tankwar\asset9:IF:8-248,E719,E694,,FIELD_REFERENCE,C:\Users\JBNU\git\ConstraintsRecovery\assets\tankwar\asset9,109,G4,G4,TankWar_P1|TankWar_P2|TankWar_P3|TankWar_P4|TankWar_P5,TankWar_P1|TankWar_P2|TankWar_P3|TankWar_P4|TankWar_P5,UNKNOWN,UNKNOWN,0.600,0.200,LOW,INTRA_BLOCK,RESOLVED_INTERNAL,TankWar_P1|TankWar_P2|TankWar_P3|TankWar_P4|TankWar_P5
D1542,C:\Users\JBNU\git\ConstraintsRecovery\assets\tankwar\asset9:IF:8-248,C:\Users\JBNU\git\ConstraintsRecovery\assets\tankwar\asset9:IF:8-248,E719,E684,,FIELD_REFERENCE,C:\Users\JBNU\git\ConstraintsRecovery\assets\tankwar\asset9,110,G4,G4,TankWar_P1|TankWar_P2|TankWar_P3|TankWar_P4|TankWar_P5,TankWar_P1|TankWar_P2|TankWar_P3|TankWar_P4|TankWar_P5,UNKNOWN,UNKNOWN,0.600,0.200,LOW,INTRA_BLOCK,RESOLVED_INTERNAL,TankWar_P1|TankWar_P2|TankWar_P3|TankWar_P4|TankWar_P5
D1543,C:\Users\JBNU\git\ConstraintsRecovery\assets\tankwar\asset9:IF:8-248,C:\Users\JBNU\git\ConstraintsRecovery\assets\tankwar\asset2:IF:8-332,E719,E222,,METHOD_CALL,C:\Users\JBNU\git\ConstraintsRecovery\assets\tankwar\asset9,110,G4,G4,TankWar_P1|TankWar_P2|TankWar_P3|TankWar_P4|TankWar_P5,TankWar_P1|TankWar_P2|TankWar_P3|TankWar_P4|TankWar_P5,UNKNOWN,APPLICATION_ORCHESTRATION,0.750,0.275,LOW,NONE,RESOLVED_INTERNAL,TankWar_P1|TankWar_P2|TankWar_P3|TankWar_P4|TankWar_P5
D1544,C:\Users\JBNU\git\ConstraintsRecovery\assets\tankwar\asset9:IF:8-248,C:\Users\JBNU\git\ConstraintsRecovery\assets\tankwar\asset9:IF:8-248,E719,E684,,FIELD_REFERENCE,C:\Users\JBNU\git\ConstraintsRecovery\assets\tankwar\asset9,113,G4,G4,TankWar_P1|TankWar_P2|TankWar_P3|TankWar_P4|TankWar_P5,TankWar_P1|TankWar_P2|TankWar_P3|TankWar_P4|TankWar_P5,UNKNOWN,UNKNOWN,0.600,0.200,LOW,INTRA_BLOCK,RESOLVED_INTERNAL,TankWar_P1|TankWar_P2|TankWar_P3|TankWar_P4|TankWar_P5
D1545,C:\Users\JBNU\git\ConstraintsRecovery\assets\tankwar\asset9:IF:8-248,C:\Users\JBNU\git\ConstraintsRecovery\assets\tankwar\asset2:IF:8-332,E719,E224,,METHOD_CALL,C:\Users\JBNU\git\ConstraintsRecovery\assets\tankwar\asset9,113,G4,G4,TankWar_P1|TankWar_P2|TankWar_P3|TankWar_P4|TankWar_P5,TankWar_P1|TankWar_P2|TankWar_P3|TankWar_P4|TankWar_P5,UNKNOWN,UNKNOWN,0.750,0.200,LOW,NONE,RESOLVED_INTERNAL,TankWar_P1|TankWar_P2|TankWar_P3|TankWar_P4|TankWar_P5
D1546,C:\Users\JBNU\git\ConstraintsRecovery\assets\tankwar\asset9:IF:8-248,C:\Users\JBNU\git\ConstraintsRecovery\assets\tankwar\asset9:IF:8-248,E719,E684,,FIELD_REFERENCE,C:\Users\JBNU\git\ConstraintsRecovery\assets\tankwar\asset9,116,G4,G4,TankWar_P1|TankWar_P2|TankWar_P3|TankWar_P4|TankWar_P5,TankWar_P1|TankWar_P2|TankWar_P3|TankWar_P4|TankWar_P5,UNKNOWN,UNKNOWN,0.600,0.200,LOW,INTRA_BLOCK,RESOLVED_INTERNAL,TankWar_P1|TankWar_P2|TankWar_P3|TankWar_P4|TankWar_P5
D1547,C:\Users\JBNU\git\ConstraintsRecovery\assets\tankwar\asset9:IF:8-248,C:\Users\JBNU\git\ConstraintsRecovery\assets\tankwar\asset2:IF:8-332,E719,E226,,METHOD_CALL,C:\Users\JBNU\git\ConstraintsRecovery\assets\tankwar\asset9,116,G4,G4,TankWar_P1|TankWar_P2|TankWar_P3|TankWar_P4|TankWar_P5,TankWar_P1|TankWar_P2|TankWar_P3|TankWar_P4|TankWar_P5,UNKNOWN,UNKNOWN,0.750,0.200,LOW,NONE,RESOLVED_INTERNAL,TankWar_P1|TankWar_P2|TankWar_P3|TankWar_P4|TankWar_P5
D1548,C:\Users\JBNU\git\ConstraintsRecovery\assets\tankwar\asset9:IF:8-248,C:\Users\JBNU\git\ConstraintsRecovery\assets\tankwar\asset9:IF:8-248,E719,E720,,METHOD_CALL,C:\Users\JBNU\git\ConstraintsRecovery\assets\tankwar\asset9,119,G4,G4,TankWar_P1|TankWar_P2|TankWar_P3|TankWar_P4|TankWar_P5,TankWar_P1|TankWar_P2|TankWar_P3|TankWar_P4|TankWar_P5,UNKNOWN,UNKNOWN,0.750,0.200,LOW,INTRA_BLOCK,RESOLVED_INTERNAL,TankWar_P1|TankWar_P2|TankWar_P3|TankWar_P4|TankWar_P5
D1549,C:\Users\JBNU\git\ConstraintsRecovery\assets\tankwar\asset9:IF:8-248,C:\Users\JBNU\git\ConstraintsRecovery\assets\tankwar\asset9:IF:8-248,E719,E720,,METHOD_CALL,C:\Users\JBNU\git\ConstraintsRecovery\assets\tankwar\asset9,122,G4,G4,TankWar_P1|TankWar_P2|TankWar_P3|TankWar_P4|TankWar_P5,TankWar_P1|TankWar_P2|TankWar_P3|TankWar_P4|TankWar_P5,UNKNOWN,UNKNOWN,0.750,0.200,LOW,INTRA_BLOCK,RESOLVED_INTERNAL,TankWar_P1|TankWar_P2|TankWar_P3|TankWar_P4|TankWar_P5
D1550,C:\Users\JBNU\git\ConstraintsRecovery\assets\tankwar\asset9:IF:8-248,C:\Users\JBNU\git\ConstraintsRecovery\assets\tankwar\asset9:IF:8-248,E719,E684,,FIELD_REFERENCE,C:\Users\JBNU\git\ConstraintsRecovery\assets\tankwar\asset9,123,G4,G4,TankWar_P1|TankWar_P2|TankWar_P3|TankWar_P4|TankWar_P5,TankWar_P1|TankWar_P2|TankWar_P3|TankWar_P4|TankWar_P5,UNKNOWN,UNKNOWN,0.600,0.200,LOW,INTRA_BLOCK,RESOLVED_INTERNAL,TankWar_P1|TankWar_P2|TankWar_P3|TankWar_P4|TankWar_P5
D1551,C:\Users\JBNU\git\ConstraintsRecovery\assets\tankwar\asset9:IF:8-248,C:\Users\JBNU\git\ConstraintsRecovery\assets\tankwar\asset2:IF:8-332,E719,E234,,METHOD_CALL,C:\Users\JBNU\git\ConstraintsRecovery\assets\tankwar\asset9,123,G4,G4,TankWar_P1|TankWar_P2|TankWar_P3|TankWar_P4|TankWar_P5,TankWar_P1|TankWar_P2|TankWar_P3|TankWar_P4|TankWar_P5,UNKNOWN,UNKNOWN,0.750,0.200,LOW,NONE,RESOLVED_INTERNAL,TankWar_P1|TankWar_P2|TankWar_P3|TankWar_P4|TankWar_P5
D1552,C:\Users\JBNU\git\ConstraintsRecovery\assets\tankwar\asset9:IF:8-248,C:\Users\JBNU\git\ConstraintsRecovery\assets\tankwar\asset9:IF:8-248,E719,E684,,FIELD_REFERENCE,C:\Users\JBNU\git\ConstraintsRecovery\assets\tankwar\asset9,126,G4,G4,TankWar_P1|TankWar_P2|TankWar_P3|TankWar_P4|TankWar_P5,TankWar_P1|TankWar_P2|TankWar_P3|TankWar_P4|TankWar_P5,UNKNOWN,UNKNOWN,0.600,0.200,LOW,INTRA_BLOCK,RESOLVED_INTERNAL,TankWar_P1|TankWar_P2|TankWar_P3|TankWar_P4|TankWar_P5
D1553,C:\Users\JBNU\git\ConstraintsRecovery\assets\tankwar\asset9:IF:8-248,C:\Users\JBNU\git\ConstraintsRecovery\assets\tankwar\asset9:IF:8-248,E719,E694,,FIELD_REFERENCE,C:\Users\JBNU\git\ConstraintsRecovery\assets\tankwar\asset9,126,G4,G4,TankWar_P1|TankWar_P2|TankWar_P3|TankWar_P4|TankWar_P5,TankWar_P1|TankWar_P2|TankWar_P3|TankWar_P4|TankWar_P5,UNKNOWN,UNKNOWN,0.600,0.200,LOW,INTRA_BLOCK,RESOLVED_INTERNAL,TankWar_P1|TankWar_P2|TankWar_P3|TankWar_P4|TankWar_P5
D1554,C:\Users\JBNU\git\ConstraintsRecovery\assets\tankwar\asset9:IF:8-248,C:\Users\JBNU\git\ConstraintsRecovery\assets\tankwar\asset2:IF:8-332,E719,E229,,METHOD_CALL,C:\Users\JBNU\git\ConstraintsRecovery\assets\tankwar\asset9,126,G4,G4,TankWar_P1|TankWar_P2|TankWar_P3|TankWar_P4|TankWar_P5,TankWar_P1|TankWar_P2|TankWar_P3|TankWar_P4|TankWar_P5,UNKNOWN,UNKNOWN,0.750,0.200,LOW,NONE,RESOLVED_INTERNAL,TankWar_P1|TankWar_P2|TankWar_P3|TankWar_P4|TankWar_P5
D1555,C:\Users\JBNU\git\ConstraintsRecovery\assets\tankwar\asset9:IF:8-248,C:\Users\JBNU\git\ConstraintsRecovery\assets\tankwar\asset9:IF:8-248,E719,E720,,METHOD_CALL,C:\Users\JBNU\git\ConstraintsRecovery\assets\tankwar\asset9,129,G4,G4,TankWar_P1|TankWar_P2|TankWar_P3|TankWar_P4|TankWar_P5,TankWar_P1|TankWar_P2|TankWar_P3|TankWar_P4|TankWar_P5,UNKNOWN,UNKNOWN,0.750,0.200,LOW,INTRA_BLOCK,RESOLVED_INTERNAL,TankWar_P1|TankWar_P2|TankWar_P3|TankWar_P4|TankWar_P5
D1556,C:\Users\JBNU\git\ConstraintsRecovery\assets\tankwar\asset9:IF:8-248,C:\Users\JBNU\git\ConstraintsRecovery\assets\tankwar\asset9:IF:8-248,E719,E684,,FIELD_REFERENCE,C:\Users\JBNU\git\ConstraintsRecovery\assets\tankwar\asset9,130,G4,G4,TankWar_P1|TankWar_P2|TankWar_P3|TankWar_P4|TankWar_P5,TankWar_P1|TankWar_P2|TankWar_P3|TankWar_P4|TankWar_P5,UNKNOWN,UNKNOWN,0.600,0.200,LOW,INTRA_BLOCK,RESOLVED_INTERNAL,TankWar_P1|TankWar_P2|TankWar_P3|TankWar_P4|TankWar_P5
D1557,C:\Users\JBNU\git\ConstraintsRecovery\assets\tankwar\asset9:IF:8-248,C:\Users\JBNU\git\ConstraintsRecovery\assets\tankwar\asset9:IF:8-248,E719,E720,,METHOD_CALL,C:\Users\JBNU\git\ConstraintsRecovery\assets\tankwar\asset9,133,G4,G4,TankWar_P1|TankWar_P2|TankWar_P3|TankWar_P4|TankWar_P5,TankWar_P1|TankWar_P2|TankWar_P3|TankWar_P4|TankWar_P5,UNKNOWN,UNKNOWN,0.750,0.200,LOW,INTRA_BLOCK,RESOLVED_INTERNAL,TankWar_P1|TankWar_P2|TankWar_P3|TankWar_P4|TankWar_P5
D1558,C:\Users\JBNU\git\ConstraintsRecovery\assets\tankwar\asset9:IF:8-248,C:\Users\JBNU\git\ConstraintsRecovery\assets\tankwar\asset9:IF:8-248,E719,E684,,FIELD_REFERENCE,C:\Users\JBNU\git\ConstraintsRecovery\assets\tankwar\asset9,134,G4,G4,TankWar_P1|TankWar_P2|TankWar_P3|TankWar_P4|TankWar_P5,TankWar_P1|TankWar_P2|TankWar_P3|TankWar_P4|TankWar_P5,UNKNOWN,UNKNOWN,0.600,0.200,LOW,INTRA_BLOCK,RESOLVED_INTERNAL,TankWar_P1|TankWar_P2|TankWar_P3|TankWar_P4|TankWar_P5
D1559,C:\Users\JBNU\git\ConstraintsRecovery\assets\tankwar\asset9:IF:8-248,C:\Users\JBNU\git\ConstraintsRecovery\assets\tankwar\asset2:IF:8-332,E719,E232,,METHOD_CALL,C:\Users\JBNU\git\ConstraintsRecovery\assets\tankwar\asset9,134,G4,G4,TankWar_P1|TankWar_P2|TankWar_P3|TankWar_P4|TankWar_P5,TankWar_P1|TankWar_P2|TankWar_P3|TankWar_P4|TankWar_P5,UNKNOWN,UNKNOWN,0.750,0.200,LOW,NONE,RESOLVED_INTERNAL,TankWar_P1|TankWar_P2|TankWar_P3|TankWar_P4|TankWar_P5
D1560,C:\Users\JBNU\git\ConstraintsRecovery\assets\tankwar\asset9:IF:8-248,C:\Users\JBNU\git\ConstraintsRecovery\assets\tankwar\asset9:IF:8-248,E720,E711,,FIELD_REFERENCE,C:\Users\JBNU\git\ConstraintsRecovery\assets\tankwar\asset9,139,G4,G4,TankWar_P1|TankWar_P2|TankWar_P3|TankWar_P4|TankWar_P5,TankWar_P1|TankWar_P2|TankWar_P3|TankWar_P4|TankWar_P5,UNKNOWN,UNKNOWN,0.600,0.200,LOW,INTRA_BLOCK,RESOLVED_INTERNAL,TankWar_P1|TankWar_P2|TankWar_P3|TankWar_P4|TankWar_P5
D1561,C:\Users\JBNU\git\ConstraintsRecovery\assets\tankwar\asset9:IF:8-248,C:\Users\JBNU\git\ConstraintsRecovery\assets\tankwar\asset9:IF:8-248,E720,E723,,METHOD_CALL,C:\Users\JBNU\git\ConstraintsRecovery\assets\tankwar\asset9,140,G4,G4,TankWar_P1|TankWar_P2|TankWar_P3|TankWar_P4|TankWar_P5,TankWar_P1|TankWar_P2|TankWar_P3|TankWar_P4|TankWar_P5,UNKNOWN,UNKNOWN,0.750,0.200,LOW,INTRA_BLOCK,RESOLVED_INTERNAL,TankWar_P1|TankWar_P2|TankWar_P3|TankWar_P4|TankWar_P5
D1562,C:\Users\JBNU\git\ConstraintsRecovery\assets\tankwar\asset9:IF:8-248,C:\Users\JBNU\git\ConstraintsRecovery\assets\tankwar\asset9:IF:8-248,E720,E724,,METHOD_CALL,C:\Users\JBNU\git\ConstraintsRecovery\assets\tankwar\asset9,141,G4,G4,TankWar_P1|TankWar_P2|TankWar_P3|TankWar_P4|TankWar_P5,TankWar_P1|TankWar_P2|TankWar_P3|TankWar_P4|TankWar_P5,UNKNOWN,UNKNOWN,0.750,0.200,LOW,INTRA_BLOCK,RESOLVED_INTERNAL,TankWar_P1|TankWar_P2|TankWar_P3|TankWar_P4|TankWar_P5
D1563,C:\Users\JBNU\git\ConstraintsRecovery\assets\tankwar\asset9:IF:8-248,C:\Users\JBNU\git\ConstraintsRecovery\assets\tankwar\asset9:IF:8-248,E720,E711,,FIELD_REFERENCE,C:\Users\JBNU\git\ConstraintsRecovery\assets\tankwar\asset9,142,G4,G4,TankWar_P1|TankWar_P2|TankWar_P3|TankWar_P4|TankWar_P5,TankWar_P1|TankWar_P2|TankWar_P3|TankWar_P4|TankWar_P5,UNKNOWN,UNKNOWN,0.600,0.200,LOW,INTRA_BLOCK,RESOLVED_INTERNAL,TankWar_P1|TankWar_P2|TankWar_P3|TankWar_P4|TankWar_P5
D1564,C:\Users\JBNU\git\ConstraintsRecovery\assets\tankwar\asset9:IF:8-248,C:\Users\JBNU\git\ConstraintsRecovery\assets\tankwar\asset9:IF:8-248,E720,E712,,FIELD_REFERENCE,C:\Users\JBNU\git\ConstraintsRecovery\assets\tankwar\asset9,144,G4,G4,TankWar_P1|TankWar_P2|TankWar_P3|TankWar_P4|TankWar_P5,TankWar_P1|TankWar_P2|TankWar_P3|TankWar_P4|TankWar_P5,UNKNOWN,UNKNOWN,0.600,0.200,LOW,INTRA_BLOCK,RESOLVED_INTERNAL,TankWar_P1|TankWar_P2|TankWar_P3|TankWar_P4|TankWar_P5
D1565,C:\Users\JBNU\git\ConstraintsRecovery\assets\tankwar\asset9:IF:8-248,C:\Users\JBNU\git\ConstraintsRecovery\assets\tankwar\asset9:IF:8-248,E720,E725,,METHOD_CALL,C:\Users\JBNU\git\ConstraintsRecovery\assets\tankwar\asset9,145,G4,G4,TankWar_P1|TankWar_P2|TankWar_P3|TankWar_P4|TankWar_P5,TankWar_P1|TankWar_P2|TankWar_P3|TankWar_P4|TankWar_P5,UNKNOWN,UNKNOWN,0.750,0.200,LOW,INTRA_BLOCK,RESOLVED_INTERNAL,TankWar_P1|TankWar_P2|TankWar_P3|TankWar_P4|TankWar_P5
D1566,C:\Users\JBNU\git\ConstraintsRecovery\assets\tankwar\asset9:IF:8-248,C:\Users\JBNU\git\ConstraintsRecovery\assets\tankwar\asset9:IF:8-248,E720,E691,,FIELD_REFERENCE,C:\Users\JBNU\git\ConstraintsRecovery\assets\tankwar\asset9,146,G4,G4,TankWar_P1|TankWar_P2|TankWar_P3|TankWar_P4|TankWar_P5,TankWar_P1|TankWar_P2|TankWar_P3|TankWar_P4|TankWar_P5,UNKNOWN,UNKNOWN,0.600,0.200,LOW,INTRA_BLOCK,RESOLVED_INTERNAL,TankWar_P1|TankWar_P2|TankWar_P3|TankWar_P4|TankWar_P5
D1567,C:\Users\JBNU\git\ConstraintsRecovery\assets\tankwar\asset9:IF:8-248,C:\Users\JBNU\git\ConstraintsRecovery\assets\tankwar\asset9:IF:8-248,E720,E684,,FIELD_REFERENCE,C:\Users\JBNU\git\ConstraintsRecovery\assets\tankwar\asset9,148,G4,G4,TankWar_P1|TankWar_P2|TankWar_P3|TankWar_P4|TankWar_P5,TankWar_P1|TankWar_P2|TankWar_P3|TankWar_P4|TankWar_P5,UNKNOWN,UNKNOWN,0.600,0.200,LOW,INTRA_BLOCK,RESOLVED_INTERNAL,TankWar_P1|TankWar_P2|TankWar_P3|TankWar_P4|TankWar_P5
D1568,C:\Users\JBNU\git\ConstraintsRecovery\assets\tankwar\asset9:IF:8-248,C:\Users\JBNU\git\ConstraintsRecovery\assets\tankwar\asset9:IF:8-248,E720,E693,,FIELD_REFERENCE,C:\Users\JBNU\git\ConstraintsRecovery\assets\tankwar\asset9,150,G4,G4,TankWar_P1|TankWar_P2|TankWar_P3|TankWar_P4|TankWar_P5,TankWar_P1|TankWar_P2|TankWar_P3|TankWar_P4|TankWar_P5,UNKNOWN,UNKNOWN,0.600,0.200,LOW,INTRA_BLOCK,RESOLVED_INTERNAL,TankWar_P1|TankWar_P2|TankWar_P3|TankWar_P4|TankWar_P5
D1569,C:\Users\JBNU\git\ConstraintsRecovery\assets\tankwar\asset9:IF:8-248,C:\Users\JBNU\git\ConstraintsRecovery\assets\tankwar\asset14:IF:8-384,E720,E76,,FIELD_REFERENCE,C:\Users\JBNU\git\ConstraintsRecovery\assets\tankwar\asset9,150,G4,G4,TankWar_P1|TankWar_P2|TankWar_P3|TankWar_P4|TankWar_P5,TankWar_P1|TankWar_P2|TankWar_P3|TankWar_P4|TankWar_P5,UNKNOWN,UNKNOWN,0.600,0.200,LOW,NONE,RESOLVED_INTERNAL,TankWar_P1|TankWar_P2|TankWar_P3|TankWar_P4|TankWar_P5
D1570,C:\Users\JBNU\git\ConstraintsRecovery\assets\tankwar\asset9:IF:8-248,C:\Users\JBNU\git\ConstraintsRecovery\assets\tankwar\asset9:IF:8-248,E720,E684,,FIELD_REFERENCE,C:\Users\JBNU\git\ConstraintsRecovery\assets\tankwar\asset9,152,G4,G4,TankWar_P1|TankWar_P2|TankWar_P3|TankWar_P4|TankWar_P5,TankWar_P1|TankWar_P2|TankWar_P3|TankWar_P4|TankWar_P5,UNKNOWN,UNKNOWN,0.600,0.200,LOW,INTRA_BLOCK,RESOLVED_INTERNAL,TankWar_P1|TankWar_P2|TankWar_P3|TankWar_P4|TankWar_P5
D1571,C:\Users\JBNU\git\ConstraintsRecovery\assets\tankwar\asset9:IF:8-248,C:\Users\JBNU\git\ConstraintsRecovery\assets\tankwar\asset9:IF:8-248,E720,E707,,FIELD_REFERENCE,C:\Users\JBNU\git\ConstraintsRecovery\assets\tankwar\asset9,154,G4,G4,TankWar_P1|TankWar_P2|TankWar_P3|TankWar_P4|TankWar_P5,TankWar_P1|TankWar_P2|TankWar_P3|TankWar_P4|TankWar_P5,UNKNOWN,UNKNOWN,0.600,0.200,LOW,INTRA_BLOCK,RESOLVED_INTERNAL,TankWar_P1|TankWar_P2|TankWar_P3|TankWar_P4|TankWar_P5
D1572,C:\Users\JBNU\git\ConstraintsRecovery\assets\tankwar\asset9:IF:8-248,C:\Users\JBNU\git\ConstraintsRecovery\assets\tankwar\asset9:IF:8-248,E720,E709,,FIELD_REFERENCE,C:\Users\JBNU\git\ConstraintsRecovery\assets\tankwar\asset9,154,G4,G4,TankWar_P1|TankWar_P2|TankWar_P3|TankWar_P4|TankWar_P5,TankWar_P1|TankWar_P2|TankWar_P3|TankWar_P4|TankWar_P5,UNKNOWN,UNKNOWN,0.600,0.200,LOW,INTRA_BLOCK,RESOLVED_INTERNAL,TankWar_P1|TankWar_P2|TankWar_P3|TankWar_P4|TankWar_P5
D1573,C:\Users\JBNU\git\ConstraintsRecovery\assets\tankwar\asset9:IF:8-248,C:\Users\JBNU\git\ConstraintsRecovery\assets\tankwar\asset9:IF:8-248,E720,E711,,FIELD_REFERENCE,C:\Users\JBNU\git\ConstraintsRecovery\assets\tankwar\asset9,155,G4,G4,TankWar_P1|TankWar_P2|TankWar_P3|TankWar_P4|TankWar_P5,TankWar_P1|TankWar_P2|TankWar_P3|TankWar_P4|TankWar_P5,UNKNOWN,UNKNOWN,0.600,0.200,LOW,INTRA_BLOCK,RESOLVED_INTERNAL,TankWar_P1|TankWar_P2|TankWar_P3|TankWar_P4|TankWar_P5
D1574,C:\Users\JBNU\git\ConstraintsRecovery\assets\tankwar\asset9:IF:8-248,C:\Users\JBNU\git\ConstraintsRecovery\assets\tankwar\asset9:IF:8-248,E720,E695,,FIELD_REFERENCE,C:\Users\JBNU\git\ConstraintsRecovery\assets\tankwar\asset9,156,G4,G4,TankWar_P1|TankWar_P2|TankWar_P3|TankWar_P4|TankWar_P5,TankWar_P1|TankWar_P2|TankWar_P3|TankWar_P4|TankWar_P5,UNKNOWN,UNKNOWN,0.600,0.200,LOW,INTRA_BLOCK,RESOLVED_INTERNAL,TankWar_P1|TankWar_P2|TankWar_P3|TankWar_P4|TankWar_P5
D1575,C:\Users\JBNU\git\ConstraintsRecovery\assets\tankwar\asset9:IF:8-248,C:\Users\JBNU\git\ConstraintsRecovery\assets\tankwar\asset9:IF:8-248,E720,E684,,FIELD_REFERENCE,C:\Users\JBNU\git\ConstraintsRecovery\assets\tankwar\asset9,158,G4,G4,TankWar_P1|TankWar_P2|TankWar_P3|TankWar_P4|TankWar_P5,TankWar_P1|TankWar_P2|TankWar_P3|TankWar_P4|TankWar_P5,UNKNOWN,UNKNOWN,0.600,0.200,LOW,INTRA_BLOCK,RESOLVED_INTERNAL,TankWar_P1|TankWar_P2|TankWar_P3|TankWar_P4|TankWar_P5
D1576,C:\Users\JBNU\git\ConstraintsRecovery\assets\tankwar\asset9:IF:8-248,C:\Users\JBNU\git\ConstraintsRecovery\assets\tankwar\asset9:IF:8-248,E720,E697,,FIELD_REFERENCE,C:\Users\JBNU\git\ConstraintsRecovery\assets\tankwar\asset9,160,G4,G4,TankWar_P1|TankWar_P2|TankWar_P3|TankWar_P4|TankWar_P5,TankWar_P1|TankWar_P2|TankWar_P3|TankWar_P4|TankWar_P5,UNKNOWN,UNKNOWN,0.600,0.200,LOW,INTRA_BLOCK,RESOLVED_INTERNAL,TankWar_P1|TankWar_P2|TankWar_P3|TankWar_P4|TankWar_P5
D1577,C:\Users\JBNU\git\ConstraintsRecovery\assets\tankwar\asset9:IF:8-248,C:\Users\JBNU\git\ConstraintsRecovery\assets\tankwar\asset9:IF:8-248,E720,E721,,METHOD_CALL,C:\Users\JBNU\git\ConstraintsRecovery\assets\tankwar\asset9,160,G4,G4,TankWar_P1|TankWar_P2|TankWar_P3|TankWar_P4|TankWar_P5,TankWar_P1|TankWar_P2|TankWar_P3|TankWar_P4|TankWar_P5,UNKNOWN,UNKNOWN,0.750,0.200,LOW,INTRA_BLOCK,RESOLVED_INTERNAL,TankWar_P1|TankWar_P2|TankWar_P3|TankWar_P4|TankWar_P5
D1578,C:\Users\JBNU\git\ConstraintsRecovery\assets\tankwar\asset9:IF:8-248,C:\Users\JBNU\git\ConstraintsRecovery\assets\tankwar\asset9:IF:8-248,E720,E695,,FIELD_REFERENCE,C:\Users\JBNU\git\ConstraintsRecovery\assets\tankwar\asset9,161,G4,G4,TankWar_P1|TankWar_P2|TankWar_P3|TankWar_P4|TankWar_P5,TankWar_P1|TankWar_P2|TankWar_P3|TankWar_P4|TankWar_P5,UNKNOWN,UNKNOWN,0.600,0.200,LOW,INTRA_BLOCK,RESOLVED_INTERNAL,TankWar_P1|TankWar_P2|TankWar_P3|TankWar_P4|TankWar_P5
D1579,C:\Users\JBNU\git\ConstraintsRecovery\assets\tankwar\asset9:IF:8-248,C:\Users\JBNU\git\ConstraintsRecovery\assets\tankwar\asset9:IF:8-248,E720,E721,,METHOD_CALL,C:\Users\JBNU\git\ConstraintsRecovery\assets\tankwar\asset9,161,G4,G4,TankWar_P1|TankWar_P2|TankWar_P3|TankWar_P4|TankWar_P5,TankWar_P1|TankWar_P2|TankWar_P3|TankWar_P4|TankWar_P5,UNKNOWN,UNKNOWN,0.750,0.200,LOW,INTRA_BLOCK,RESOLVED_INTERNAL,TankWar_P1|TankWar_P2|TankWar_P3|TankWar_P4|TankWar_P5
D1580,C:\Users\JBNU\git\ConstraintsRecovery\assets\tankwar\asset9:IF:8-248,C:\Users\JBNU\git\ConstraintsRecovery\assets\tankwar\asset9:IF:8-248,E720,E700,,FIELD_REFERENCE,C:\Users\JBNU\git\ConstraintsRecovery\assets\tankwar\asset9,162,G4,G4,TankWar_P1|TankWar_P2|TankWar_P3|TankWar_P4|TankWar_P5,TankWar_P1|TankWar_P2|TankWar_P3|TankWar_P4|TankWar_P5,UNKNOWN,UNKNOWN,0.600,0.200,LOW,INTRA_BLOCK,RESOLVED_INTERNAL,TankWar_P1|TankWar_P2|TankWar_P3|TankWar_P4|TankWar_P5
D1581,C:\Users\JBNU\git\ConstraintsRecovery\assets\tankwar\asset9:IF:8-248,C:\Users\JBNU\git\ConstraintsRecovery\assets\tankwar\asset9:IF:8-248,E720,E721,,METHOD_CALL,C:\Users\JBNU\git\ConstraintsRecovery\assets\tankwar\asset9,162,G4,G4,TankWar_P1|TankWar_P2|TankWar_P3|TankWar_P4|TankWar_P5,TankWar_P1|TankWar_P2|TankWar_P3|TankWar_P4|TankWar_P5,UNKNOWN,UNKNOWN,0.750,0.200,LOW,INTRA_BLOCK,RESOLVED_INTERNAL,TankWar_P1|TankWar_P2|TankWar_P3|TankWar_P4|TankWar_P5
D1582,C:\Users\JBNU\git\ConstraintsRecovery\assets\tankwar\asset9:IF:8-248,C:\Users\JBNU\git\ConstraintsRecovery\assets\tankwar\asset9:IF:8-248,E720,E696,,FIELD_REFERENCE,C:\Users\JBNU\git\ConstraintsRecovery\assets\tankwar\asset9,163,G4,G4,TankWar_P1|TankWar_P2|TankWar_P3|TankWar_P4|TankWar_P5,TankWar_P1|TankWar_P2|TankWar_P3|TankWar_P4|TankWar_P5,UNKNOWN,UNKNOWN,0.600,0.200,LOW,INTRA_BLOCK,RESOLVED_INTERNAL,TankWar_P1|TankWar_P2|TankWar_P3|TankWar_P4|TankWar_P5
D1583,C:\Users\JBNU\git\ConstraintsRecovery\assets\tankwar\asset9:IF:8-248,C:\Users\JBNU\git\ConstraintsRecovery\assets\tankwar\asset9:IF:8-248,E720,E721,,METHOD_CALL,C:\Users\JBNU\git\ConstraintsRecovery\assets\tankwar\asset9,163,G4,G4,TankWar_P1|TankWar_P2|TankWar_P3|TankWar_P4|TankWar_P5,TankWar_P1|TankWar_P2|TankWar_P3|TankWar_P4|TankWar_P5,UNKNOWN,UNKNOWN,0.750,0.200,LOW,INTRA_BLOCK,RESOLVED_INTERNAL,TankWar_P1|TankWar_P2|TankWar_P3|TankWar_P4|TankWar_P5
D1584,C:\Users\JBNU\git\ConstraintsRecovery\assets\tankwar\asset9:IF:8-248,C:\Users\JBNU\git\ConstraintsRecovery\assets\tankwar\asset9:IF:8-248,E720,E698,,FIELD_REFERENCE,C:\Users\JBNU\git\ConstraintsRecovery\assets\tankwar\asset9,164,G4,G4,TankWar_P1|TankWar_P2|TankWar_P3|TankWar_P4|TankWar_P5,TankWar_P1|TankWar_P2|TankWar_P3|TankWar_P4|TankWar_P5,UNKNOWN,UNKNOWN,0.600,0.200,LOW,INTRA_BLOCK,RESOLVED_INTERNAL,TankWar_P1|TankWar_P2|TankWar_P3|TankWar_P4|TankWar_P5
D1585,C:\Users\JBNU\git\ConstraintsRecovery\assets\tankwar\asset9:IF:8-248,C:\Users\JBNU\git\ConstraintsRecovery\assets\tankwar\asset9:IF:8-248,E720,E721,,METHOD_CALL,C:\Users\JBNU\git\ConstraintsRecovery\assets\tankwar\asset9,164,G4,G4,TankWar_P1|TankWar_P2|TankWar_P3|TankWar_P4|TankWar_P5,TankWar_P1|TankWar_P2|TankWar_P3|TankWar_P4|TankWar_P5,UNKNOWN,UNKNOWN,0.750,0.200,LOW,INTRA_BLOCK,RESOLVED_INTERNAL,TankWar_P1|TankWar_P2|TankWar_P3|TankWar_P4|TankWar_P5
D1586,C:\Users\JBNU\git\ConstraintsRecovery\assets\tankwar\asset9:IF:8-248,C:\Users\JBNU\git\ConstraintsRecovery\assets\tankwar\asset9:IF:8-248,E720,E699,,FIELD_REFERENCE,C:\Users\JBNU\git\ConstraintsRecovery\assets\tankwar\asset9,165,G4,G4,TankWar_P1|TankWar_P2|TankWar_P3|TankWar_P4|TankWar_P5,TankWar_P1|TankWar_P2|TankWar_P3|TankWar_P4|TankWar_P5,UNKNOWN,UNKNOWN,0.600,0.200,LOW,INTRA_BLOCK,RESOLVED_INTERNAL,TankWar_P1|TankWar_P2|TankWar_P3|TankWar_P4|TankWar_P5
D1587,C:\Users\JBNU\git\ConstraintsRecovery\assets\tankwar\asset9:IF:8-248,C:\Users\JBNU\git\ConstraintsRecovery\assets\tankwar\asset9:IF:8-248,E720,E721,,METHOD_CALL,C:\Users\JBNU\git\ConstraintsRecovery\assets\tankwar\asset9,165,G4,G4,TankWar_P1|TankWar_P2|TankWar_P3|TankWar_P4|TankWar_P5,TankWar_P1|TankWar_P2|TankWar_P3|TankWar_P4|TankWar_P5,UNKNOWN,UNKNOWN,0.750,0.200,LOW,INTRA_BLOCK,RESOLVED_INTERNAL,TankWar_P1|TankWar_P2|TankWar_P3|TankWar_P4|TankWar_P5
D1588,C:\Users\JBNU\git\ConstraintsRecovery\assets\tankwar\asset9:IF:8-248,C:\Users\JBNU\git\ConstraintsRecovery\assets\tankwar\asset9:IF:8-248,E720,E684,,FIELD_REFERENCE,C:\Users\JBNU\git\ConstraintsRecovery\assets\tankwar\asset9,168,G4,G4,TankWar_P1|TankWar_P2|TankWar_P3|TankWar_P4|TankWar_P5,TankWar_P1|TankWar_P2|TankWar_P3|TankWar_P4|TankWar_P5,UNKNOWN,UNKNOWN,0.600,0.200,LOW,INTRA_BLOCK,RESOLVED_INTERNAL,TankWar_P1|TankWar_P2|TankWar_P3|TankWar_P4|TankWar_P5
D1589,C:\Users\JBNU\git\ConstraintsRecovery\assets\tankwar\asset9:IF:8-248,C:\Users\JBNU\git\ConstraintsRecovery\assets\tankwar\asset9:IF:8-248,E722,E685,,FIELD_REFERENCE,C:\Users\JBNU\git\ConstraintsRecovery\assets\tankwar\asset9,177,G4,G4,TankWar_P1|TankWar_P2|TankWar_P3|TankWar_P4|TankWar_P5,TankWar_P1|TankWar_P2|TankWar_P3|TankWar_P4|TankWar_P5,UNKNOWN,UNKNOWN,0.600,0.200,LOW,INTRA_BLOCK,RESOLVED_INTERNAL,TankWar_P1|TankWar_P2|TankWar_P3|TankWar_P4|TankWar_P5
D1591,C:\Users\JBNU\git\ConstraintsRecovery\assets\tankwar\asset9:IF:8-248,C:\Users\JBNU\git\ConstraintsRecovery\assets\tankwar\asset9:IF:8-248,E723,E695,,FIELD_REFERENCE,C:\Users\JBNU\git\ConstraintsRecovery\assets\tankwar\asset9,180,G4,G4,TankWar_P1|TankWar_P2|TankWar_P3|TankWar_P4|TankWar_P5,TankWar_P1|TankWar_P2|TankWar_P3|TankWar_P4|TankWar_P5,UNKNOWN,UNKNOWN,0.600,0.200,LOW,INTRA_BLOCK,RESOLVED_INTERNAL,TankWar_P1|TankWar_P2|TankWar_P3|TankWar_P4|TankWar_P5
D1592,C:\Users\JBNU\git\ConstraintsRecovery\assets\tankwar\asset9:IF:8-248,C:\Users\JBNU\git\ConstraintsRecovery\assets\tankwar\asset9:IF:8-248,E723,E691,,FIELD_REFERENCE,C:\Users\JBNU\git\ConstraintsRecovery\assets\tankwar\asset9,181,G4,G4,TankWar_P1|TankWar_P2|TankWar_P3|TankWar_P4|TankWar_P5,TankWar_P1|TankWar_P2|TankWar_P3|TankWar_P4|TankWar_P5,UNKNOWN,UNKNOWN,0.600,0.200,LOW,INTRA_BLOCK,RESOLVED_INTERNAL,TankWar_P1|TankWar_P2|TankWar_P3|TankWar_P4|TankWar_P5
D1593,C:\Users\JBNU\git\ConstraintsRecovery\assets\tankwar\asset9:IF:8-248,C:\Users\JBNU\git\ConstraintsRecovery\assets\tankwar\asset9:IF:8-248,E723,E692,,FIELD_REFERENCE,C:\Users\JBNU\git\ConstraintsRecovery\assets\tankwar\asset9,182,G4,G4,TankWar_P1|TankWar_P2|TankWar_P3|TankWar_P4|TankWar_P5,TankWar_P1|TankWar_P2|TankWar_P3|TankWar_P4|TankWar_P5,UNKNOWN,UNKNOWN,0.600,0.200,LOW,INTRA_BLOCK,RESOLVED_INTERNAL,TankWar_P1|TankWar_P2|TankWar_P3|TankWar_P4|TankWar_P5
D1594,C:\Users\JBNU\git\ConstraintsRecovery\assets\tankwar\asset9:IF:8-248,C:\Users\JBNU\git\ConstraintsRecovery\assets\tankwar\asset9:IF:8-248,E723,E693,,FIELD_REFERENCE,C:\Users\JBNU\git\ConstraintsRecovery\assets\tankwar\asset9,183,G4,G4,TankWar_P1|TankWar_P2|TankWar_P3|TankWar_P4|TankWar_P5,TankWar_P1|TankWar_P2|TankWar_P3|TankWar_P4|TankWar_P5,UNKNOWN,UNKNOWN,0.600,0.200,LOW,INTRA_BLOCK,RESOLVED_INTERNAL,TankWar_P1|TankWar_P2|TankWar_P3|TankWar_P4|TankWar_P5
D1595,C:\Users\JBNU\git\ConstraintsRecovery\assets\tankwar\asset9:IF:8-248,C:\Users\JBNU\git\ConstraintsRecovery\assets\tankwar\asset11:IF:8-132,E723,E56,,CONSTRUCTOR_CALL,C:\Users\JBNU\git\ConstraintsRecovery\assets\tankwar\asset9,184,G4,G4,TankWar_P1|TankWar_P2|TankWar_P3|TankWar_P4|TankWar_P5,TankWar_P1|TankWar_P2|TankWar_P3|TankWar_P4|TankWar_P5,UNKNOWN,UNKNOWN,0.750,0.200,LOW,NONE,RESOLVED_INTERNAL,TankWar_P1|TankWar_P2|TankWar_P3|TankWar_P4|TankWar_P5
D1596,C:\Users\JBNU\git\ConstraintsRecovery\assets\tankwar\asset9:IF:8-248,C:\Users\JBNU\git\ConstraintsRecovery\assets\tankwar\asset9:IF:8-248,E723,E694,,FIELD_REFERENCE,C:\Users\JBNU\git\ConstraintsRecovery\assets\tankwar\asset9,184,G4,G4,TankWar_P1|TankWar_P2|TankWar_P3|TankWar_P4|TankWar_P5,TankWar_P1|TankWar_P2|TankWar_P3|TankWar_P4|TankWar_P5,UNKNOWN,UNKNOWN,0.600,0.200,LOW,INTRA_BLOCK,RESOLVED_INTERNAL,TankWar_P1|TankWar_P2|TankWar_P3|TankWar_P4|TankWar_P5
D1597,C:\Users\JBNU\git\ConstraintsRecovery\assets\tankwar\asset9:IF:8-248,C:\Users\JBNU\git\ConstraintsRecovery\assets\tankwar\asset11:IF:8-132,E723,E30,,FIELD_REFERENCE,C:\Users\JBNU\git\ConstraintsRecovery\assets\tankwar\asset9,185,G4,G4,TankWar_P1|TankWar_P2|TankWar_P3|TankWar_P4|TankWar_P5,TankWar_P1|TankWar_P2|TankWar_P3|TankWar_P4|TankWar_P5,UNKNOWN,UNKNOWN,0.600,0.200,LOW,NONE,RESOLVED_INTERNAL,TankWar_P1|TankWar_P2|TankWar_P3|TankWar_P4|TankWar_P5
D1598,C:\Users\JBNU\git\ConstraintsRecovery\assets\tankwar\asset9:IF:8-248,C:\Users\JBNU\git\ConstraintsRecovery\assets\tankwar\asset9:IF:8-248,E723,E712,,FIELD_REFERENCE,C:\Users\JBNU\git\ConstraintsRecovery\assets\tankwar\asset9,185,G4,G4,TankWar_P1|TankWar_P2|TankWar_P3|TankWar_P4|TankWar_P5,TankWar_P1|TankWar_P2|TankWar_P3|TankWar_P4|TankWar_P5,UNKNOWN,UNKNOWN,0.600,0.200,LOW,INTRA_BLOCK,RESOLVED_INTERNAL,TankWar_P1|TankWar_P2|TankWar_P3|TankWar_P4|TankWar_P5
D1599,C:\Users\JBNU\git\ConstraintsRecovery\assets\tankwar\asset9:IF:8-248,C:\Users\JBNU\git\ConstraintsRecovery\assets\tankwar\asset11:IF:8-132,E723,E23,,FIELD_REFERENCE,C:\Users\JBNU\git\ConstraintsRecovery\assets\tankwar\asset9,186,G4,G4,TankWar_P1|TankWar_P2|TankWar_P3|TankWar_P4|TankWar_P5,TankWar_P1|TankWar_P2|TankWar_P3|TankWar_P4|TankWar_P5,UNKNOWN,UNKNOWN,0.600,0.200,LOW,NONE,RESOLVED_INTERNAL,TankWar_P1|TankWar_P2|TankWar_P3|TankWar_P4|TankWar_P5
D1600,C:\Users\JBNU\git\ConstraintsRecovery\assets\tankwar\asset9:IF:8-248,C:\Users\JBNU\git\ConstraintsRecovery\assets\tankwar\asset9:IF:8-248,E723,E697,,FIELD_REFERENCE,C:\Users\JBNU\git\ConstraintsRecovery\assets\tankwar\asset9,186,G4,G4,TankWar_P1|TankWar_P2|TankWar_P3|TankWar_P4|TankWar_P5,TankWar_P1|TankWar_P2|TankWar_P3|TankWar_P4|TankWar_P5,UNKNOWN,UNKNOWN,0.600,0.200,LOW,INTRA_BLOCK,RESOLVED_INTERNAL,TankWar_P1|TankWar_P2|TankWar_P3|TankWar_P4|TankWar_P5
D1601,C:\Users\JBNU\git\ConstraintsRecovery\assets\tankwar\asset9:IF:8-248,C:\Users\JBNU\git\ConstraintsRecovery\assets\tankwar\asset11:IF:8-132,E723,E24,,FIELD_REFERENCE,C:\Users\JBNU\git\ConstraintsRecovery\assets\tankwar\asset9,187,G4,G4,TankWar_P1|TankWar_P2|TankWar_P3|TankWar_P4|TankWar_P5,TankWar_P1|TankWar_P2|TankWar_P3|TankWar_P4|TankWar_P5,UNKNOWN,UNKNOWN,0.600,0.200,LOW,NONE,RESOLVED_INTERNAL,TankWar_P1|TankWar_P2|TankWar_P3|TankWar_P4|TankWar_P5
D1602,C:\Users\JBNU\git\ConstraintsRecovery\assets\tankwar\asset9:IF:8-248,C:\Users\JBNU\git\ConstraintsRecovery\assets\tankwar\asset9:IF:8-248,E723,E698,,FIELD_REFERENCE,C:\Users\JBNU\git\ConstraintsRecovery\assets\tankwar\asset9,187,G4,G4,TankWar_P1|TankWar_P2|TankWar_P3|TankWar_P4|TankWar_P5,TankWar_P1|TankWar_P2|TankWar_P3|TankWar_P4|TankWar_P5,UNKNOWN,UNKNOWN,0.600,0.200,LOW,INTRA_BLOCK,RESOLVED_INTERNAL,TankWar_P1|TankWar_P2|TankWar_P3|TankWar_P4|TankWar_P5
D1603,C:\Users\JBNU\git\ConstraintsRecovery\assets\tankwar\asset9:IF:8-248,C:\Users\JBNU\git\ConstraintsRecovery\assets\tankwar\asset11:IF:8-132,E723,E25,,FIELD_REFERENCE,C:\Users\JBNU\git\ConstraintsRecovery\assets\tankwar\asset9,188,G4,G4,TankWar_P1|TankWar_P2|TankWar_P3|TankWar_P4|TankWar_P5,TankWar_P1|TankWar_P2|TankWar_P3|TankWar_P4|TankWar_P5,UNKNOWN,UNKNOWN,0.600,0.200,LOW,NONE,RESOLVED_INTERNAL,TankWar_P1|TankWar_P2|TankWar_P3|TankWar_P4|TankWar_P5
D1604,C:\Users\JBNU\git\ConstraintsRecovery\assets\tankwar\asset9:IF:8-248,C:\Users\JBNU\git\ConstraintsRecovery\assets\tankwar\asset9:IF:8-248,E723,E699,,FIELD_REFERENCE,C:\Users\JBNU\git\ConstraintsRecovery\assets\tankwar\asset9,188,G4,G4,TankWar_P1|TankWar_P2|TankWar_P3|TankWar_P4|TankWar_P5,TankWar_P1|TankWar_P2|TankWar_P3|TankWar_P4|TankWar_P5,UNKNOWN,UNKNOWN,0.600,0.200,LOW,INTRA_BLOCK,RESOLVED_INTERNAL,TankWar_P1|TankWar_P2|TankWar_P3|TankWar_P4|TankWar_P5
D1605,C:\Users\JBNU\git\ConstraintsRecovery\assets\tankwar\asset9:IF:8-248,C:\Users\JBNU\git\ConstraintsRecovery\assets\tankwar\asset11:IF:8-132,E723,E26,,FIELD_REFERENCE,C:\Users\JBNU\git\ConstraintsRecovery\assets\tankwar\asset9,189,G4,G4,TankWar_P1|TankWar_P2|TankWar_P3|TankWar_P4|TankWar_P5,TankWar_P1|TankWar_P2|TankWar_P3|TankWar_P4|TankWar_P5,UNKNOWN,UNKNOWN,0.600,0.200,LOW,NONE,RESOLVED_INTERNAL,TankWar_P1|TankWar_P2|TankWar_P3|TankWar_P4|TankWar_P5
D1606,C:\Users\JBNU\git\ConstraintsRecovery\assets\tankwar\asset9:IF:8-248,C:\Users\JBNU\git\ConstraintsRecovery\assets\tankwar\asset9:IF:8-248,E723,E700,,FIELD_REFERENCE,C:\Users\JBNU\git\ConstraintsRecovery\assets\tankwar\asset9,189,G4,G4,TankWar_P1|TankWar_P2|TankWar_P3|TankWar_P4|TankWar_P5,TankWar_P1|TankWar_P2|TankWar_P3|TankWar_P4|TankWar_P5,UNKNOWN,UNKNOWN,0.600,0.200,LOW,INTRA_BLOCK,RESOLVED_INTERNAL,TankWar_P1|TankWar_P2|TankWar_P3|TankWar_P4|TankWar_P5
D1607,C:\Users\JBNU\git\ConstraintsRecovery\assets\tankwar\asset9:IF:8-248,C:\Users\JBNU\git\ConstraintsRecovery\assets\tankwar\asset9:IF:8-248,E723,E701,,FIELD_REFERENCE,C:\Users\JBNU\git\ConstraintsRecovery\assets\tankwar\asset9,190,G4,G4,TankWar_P1|TankWar_P2|TankWar_P3|TankWar_P4|TankWar_P5,TankWar_P1|TankWar_P2|TankWar_P3|TankWar_P4|TankWar_P5,UNKNOWN,DOMAIN_CORE,0.600,0.200,LOW,INTRA_BLOCK,RESOLVED_INTERNAL,TankWar_P1|TankWar_P2|TankWar_P3|TankWar_P4|TankWar_P5
D1608,C:\Users\JBNU\git\ConstraintsRecovery\assets\tankwar\asset9:IF:8-248,C:\Users\JBNU\git\ConstraintsRecovery\assets\tankwar\asset11:IF:8-132,E723,E32,,FIELD_REFERENCE,C:\Users\JBNU\git\ConstraintsRecovery\assets\tankwar\asset9,191,G4,G4,TankWar_P1|TankWar_P2|TankWar_P3|TankWar_P4|TankWar_P5,TankWar_P1|TankWar_P2|TankWar_P3|TankWar_P4|TankWar_P5,UNKNOWN,UNKNOWN,0.600,0.200,LOW,NONE,RESOLVED_INTERNAL,TankWar_P1|TankWar_P2|TankWar_P3|TankWar_P4|TankWar_P5
D1609,C:\Users\JBNU\git\ConstraintsRecovery\assets\tankwar\asset9:IF:8-248,C:\Users\JBNU\git\ConstraintsRecovery\assets\tankwar\asset9:IF:8-248,E723,E703,,FIELD_REFERENCE,C:\Users\JBNU\git\ConstraintsRecovery\assets\tankwar\asset9,191,G4,G4,TankWar_P1|TankWar_P2|TankWar_P3|TankWar_P4|TankWar_P5,TankWar_P1|TankWar_P2|TankWar_P3|TankWar_P4|TankWar_P5,UNKNOWN,DOMAIN_CORE,0.600,0.200,LOW,INTRA_BLOCK,RESOLVED_INTERNAL,TankWar_P1|TankWar_P2|TankWar_P3|TankWar_P4|TankWar_P5
D1610,C:\Users\JBNU\git\ConstraintsRecovery\assets\tankwar\asset9:IF:8-248,C:\Users\JBNU\git\ConstraintsRecovery\assets\tankwar\asset11:IF:8-132,E723,E33,,FIELD_REFERENCE,C:\Users\JBNU\git\ConstraintsRecovery\assets\tankwar\asset9,192,G4,G4,TankWar_P1|TankWar_P2|TankWar_P3|TankWar_P4|TankWar_P5,TankWar_P1|TankWar_P2|TankWar_P3|TankWar_P4|TankWar_P5,UNKNOWN,UNKNOWN,0.600,0.200,LOW,NONE,RESOLVED_INTERNAL,TankWar_P1|TankWar_P2|TankWar_P3|TankWar_P4|TankWar_P5
D1611,C:\Users\JBNU\git\ConstraintsRecovery\assets\tankwar\asset9:IF:8-248,C:\Users\JBNU\git\ConstraintsRecovery\assets\tankwar\asset9:IF:8-248,E723,E704,,FIELD_REFERENCE,C:\Users\JBNU\git\ConstraintsRecovery\assets\tankwar\asset9,192,G4,G4,TankWar_P1|TankWar_P2|TankWar_P3|TankWar_P4|TankWar_P5,TankWar_P1|TankWar_P2|TankWar_P3|TankWar_P4|TankWar_P5,UNKNOWN,DOMAIN_CORE,0.600,0.200,LOW,INTRA_BLOCK,RESOLVED_INTERNAL,TankWar_P1|TankWar_P2|TankWar_P3|TankWar_P4|TankWar_P5
D1612,C:\Users\JBNU\git\ConstraintsRecovery\assets\tankwar\asset9:IF:8-248,C:\Users\JBNU\git\ConstraintsRecovery\assets\tankwar\asset11:IF:8-132,E723,E53,,FIELD_REFERENCE,C:\Users\JBNU\git\ConstraintsRecovery\assets\tankwar\asset9,193,G4,G4,TankWar_P1|TankWar_P2|TankWar_P3|TankWar_P4|TankWar_P5,TankWar_P1|TankWar_P2|TankWar_P3|TankWar_P4|TankWar_P5,UNKNOWN,UNKNOWN,0.600,0.200,LOW,NONE,RESOLVED_INTERNAL,TankWar_P1|TankWar_P2|TankWar_P3|TankWar_P4|TankWar_P5
D1613,C:\Users\JBNU\git\ConstraintsRecovery\assets\tankwar\asset9:IF:8-248,C:\Users\JBNU\git\ConstraintsRecovery\assets\tankwar\asset9:IF:8-248,E723,E707,,FIELD_REFERENCE,C:\Users\JBNU\git\ConstraintsRecovery\assets\tankwar\asset9,193,G4,G4,TankWar_P1|TankWar_P2|TankWar_P3|TankWar_P4|TankWar_P5,TankWar_P1|TankWar_P2|TankWar_P3|TankWar_P4|TankWar_P5,UNKNOWN,UNKNOWN,0.600,0.200,LOW,INTRA_BLOCK,RESOLVED_INTERNAL,TankWar_P1|TankWar_P2|TankWar_P3|TankWar_P4|TankWar_P5
D1614,C:\Users\JBNU\git\ConstraintsRecovery\assets\tankwar\asset9:IF:8-248,C:\Users\JBNU\git\ConstraintsRecovery\assets\tankwar\asset11:IF:8-132,E723,E54,,FIELD_REFERENCE,C:\Users\JBNU\git\ConstraintsRecovery\assets\tankwar\asset9,194,G4,G4,TankWar_P1|TankWar_P2|TankWar_P3|TankWar_P4|TankWar_P5,TankWar_P1|TankWar_P2|TankWar_P3|TankWar_P4|TankWar_P5,UNKNOWN,UNKNOWN,0.600,0.200,LOW,NONE,RESOLVED_INTERNAL,TankWar_P1|TankWar_P2|TankWar_P3|TankWar_P4|TankWar_P5
D1615,C:\Users\JBNU\git\ConstraintsRecovery\assets\tankwar\asset9:IF:8-248,C:\Users\JBNU\git\ConstraintsRecovery\assets\tankwar\asset9:IF:8-248,E723,E708,,FIELD_REFERENCE,C:\Users\JBNU\git\ConstraintsRecovery\assets\tankwar\asset9,194,G4,G4,TankWar_P1|TankWar_P2|TankWar_P3|TankWar_P4|TankWar_P5,TankWar_P1|TankWar_P2|TankWar_P3|TankWar_P4|TankWar_P5,UNKNOWN,UNKNOWN,0.600,0.200,LOW,INTRA_BLOCK,RESOLVED_INTERNAL,TankWar_P1|TankWar_P2|TankWar_P3|TankWar_P4|TankWar_P5
D1616,C:\Users\JBNU\git\ConstraintsRecovery\assets\tankwar\asset9:IF:8-248,C:\Users\JBNU\git\ConstraintsRecovery\assets\tankwar\asset11:IF:8-132,E723,E34,,FIELD_REFERENCE,C:\Users\JBNU\git\ConstraintsRecovery\assets\tankwar\asset9,195,G4,G4,TankWar_P1|TankWar_P2|TankWar_P3|TankWar_P4|TankWar_P5,TankWar_P1|TankWar_P2|TankWar_P3|TankWar_P4|TankWar_P5,UNKNOWN,UNKNOWN,0.600,0.200,LOW,NONE,RESOLVED_INTERNAL,TankWar_P1|TankWar_P2|TankWar_P3|TankWar_P4|TankWar_P5
D1617,C:\Users\JBNU\git\ConstraintsRecovery\assets\tankwar\asset9:IF:8-248,C:\Users\JBNU\git\ConstraintsRecovery\assets\tankwar\asset9:IF:8-248,E723,E705,,FIELD_REFERENCE,C:\Users\JBNU\git\ConstraintsRecovery\assets\tankwar\asset9,195,G4,G4,TankWar_P1|TankWar_P2|TankWar_P3|TankWar_P4|TankWar_P5,TankWar_P1|TankWar_P2|TankWar_P3|TankWar_P4|TankWar_P5,UNKNOWN,DOMAIN_CORE,0.600,0.200,LOW,INTRA_BLOCK,RESOLVED_INTERNAL,TankWar_P1|TankWar_P2|TankWar_P3|TankWar_P4|TankWar_P5
D1618,C:\Users\JBNU\git\ConstraintsRecovery\assets\tankwar\asset9:IF:8-248,C:\Users\JBNU\git\ConstraintsRecovery\assets\tankwar\asset11:IF:8-132,E723,E35,,FIELD_REFERENCE,C:\Users\JBNU\git\ConstraintsRecovery\assets\tankwar\asset9,196,G4,G4,TankWar_P1|TankWar_P2|TankWar_P3|TankWar_P4|TankWar_P5,TankWar_P1|TankWar_P2|TankWar_P3|TankWar_P4|TankWar_P5,UNKNOWN,UNKNOWN,0.600,0.200,LOW,NONE,RESOLVED_INTERNAL,TankWar_P1|TankWar_P2|TankWar_P3|TankWar_P4|TankWar_P5
D1619,C:\Users\JBNU\git\ConstraintsRecovery\assets\tankwar\asset9:IF:8-248,C:\Users\JBNU\git\ConstraintsRecovery\assets\tankwar\asset9:IF:8-248,E723,E706,,FIELD_REFERENCE,C:\Users\JBNU\git\ConstraintsRecovery\assets\tankwar\asset9,196,G4,G4,TankWar_P1|TankWar_P2|TankWar_P3|TankWar_P4|TankWar_P5,TankWar_P1|TankWar_P2|TankWar_P3|TankWar_P4|TankWar_P5,UNKNOWN,DOMAIN_CORE,0.600,0.200,LOW,INTRA_BLOCK,RESOLVED_INTERNAL,TankWar_P1|TankWar_P2|TankWar_P3|TankWar_P4|TankWar_P5
D1620,C:\Users\JBNU\git\ConstraintsRecovery\assets\tankwar\asset9:IF:8-248,C:\Users\JBNU\git\ConstraintsRecovery\assets\tankwar\asset9:IF:8-248,E723,E702,,FIELD_REFERENCE,C:\Users\JBNU\git\ConstraintsRecovery\assets\tankwar\asset9,197,G4,G4,TankWar_P1|TankWar_P2|TankWar_P3|TankWar_P4|TankWar_P5,TankWar_P1|TankWar_P2|TankWar_P3|TankWar_P4|TankWar_P5,UNKNOWN,UNKNOWN,0.600,0.200,LOW,INTRA_BLOCK,RESOLVED_INTERNAL,TankWar_P1|TankWar_P2|TankWar_P3|TankWar_P4|TankWar_P5
D1621,C:\Users\JBNU\git\ConstraintsRecovery\assets\tankwar\asset9:IF:8-248,C:\Users\JBNU\git\ConstraintsRecovery\assets\tankwar\asset9:IF:8-248,E724,E712,,FIELD_REFERENCE,C:\Users\JBNU\git\ConstraintsRecovery\assets\tankwar\asset9,200,G4,G4,TankWar_P1|TankWar_P2|TankWar_P3|TankWar_P4|TankWar_P5,TankWar_P1|TankWar_P2|TankWar_P3|TankWar_P4|TankWar_P5,UNKNOWN,UNKNOWN,0.600,0.200,LOW,INTRA_BLOCK,RESOLVED_INTERNAL,TankWar_P1|TankWar_P2|TankWar_P3|TankWar_P4|TankWar_P5
D1622,C:\Users\JBNU\git\ConstraintsRecovery\assets\tankwar\asset9:IF:8-248,C:\Users\JBNU\git\ConstraintsRecovery\assets\tankwar\asset9:IF:8-248,E724,E701,,FIELD_REFERENCE,C:\Users\JBNU\git\ConstraintsRecovery\assets\tankwar\asset9,201,G4,G4,TankWar_P1|TankWar_P2|TankWar_P3|TankWar_P4|TankWar_P5,TankWar_P1|TankWar_P2|TankWar_P3|TankWar_P4|TankWar_P5,UNKNOWN,DOMAIN_CORE,0.600,0.200,LOW,INTRA_BLOCK,RESOLVED_INTERNAL,TankWar_P1|TankWar_P2|TankWar_P3|TankWar_P4|TankWar_P5
D1623,C:\Users\JBNU\git\ConstraintsRecovery\assets\tankwar\asset9:IF:8-248,C:\Users\JBNU\git\ConstraintsRecovery\assets\tankwar\asset9:IF:8-248,E724,E702,,FIELD_REFERENCE,C:\Users\JBNU\git\ConstraintsRecovery\assets\tankwar\asset9,202,G4,G4,TankWar_P1|TankWar_P2|TankWar_P3|TankWar_P4|TankWar_P5,TankWar_P1|TankWar_P2|TankWar_P3|TankWar_P4|TankWar_P5,UNKNOWN,UNKNOWN,0.600,0.200,LOW,INTRA_BLOCK,RESOLVED_INTERNAL,TankWar_P1|TankWar_P2|TankWar_P3|TankWar_P4|TankWar_P5
D1624,C:\Users\JBNU\git\ConstraintsRecovery\assets\tankwar\asset9:IF:8-248,C:\Users\JBNU\git\ConstraintsRecovery\assets\tankwar\asset2:IF:8-332,E724,E214,,FIELD_REFERENCE,C:\Users\JBNU\git\ConstraintsRecovery\assets\tankwar\asset9,203,G4,G4,TankWar_P1|TankWar_P2|TankWar_P3|TankWar_P4|TankWar_P5,TankWar_P1|TankWar_P2|TankWar_P3|TankWar_P4|TankWar_P5,UNKNOWN,UNKNOWN,0.600,0.200,LOW,NONE,RESOLVED_INTERNAL,TankWar_P1|TankWar_P2|TankWar_P3|TankWar_P4|TankWar_P5
D1625,C:\Users\JBNU\git\ConstraintsRecovery\assets\tankwar\asset9:IF:8-248,C:\Users\JBNU\git\ConstraintsRecovery\assets\tankwar\asset9:IF:8-248,E724,E684,,FIELD_REFERENCE,C:\Users\JBNU\git\ConstraintsRecovery\assets\tankwar\asset9,203,G4,G4,TankWar_P1|TankWar_P2|TankWar_P3|TankWar_P4|TankWar_P5,TankWar_P1|TankWar_P2|TankWar_P3|TankWar_P4|TankWar_P5,UNKNOWN,UNKNOWN,0.600,0.200,LOW,INTRA_BLOCK,RESOLVED_INTERNAL,TankWar_P1|TankWar_P2|TankWar_P3|TankWar_P4|TankWar_P5
D1626,C:\Users\JBNU\git\ConstraintsRecovery\assets\tankwar\asset9:IF:8-248,C:\Users\JBNU\git\ConstraintsRecovery\assets\tankwar\asset9:IF:8-248,E724,E691,,FIELD_REFERENCE,C:\Users\JBNU\git\ConstraintsRecovery\assets\tankwar\asset9,203,G4,G4,TankWar_P1|TankWar_P2|TankWar_P3|TankWar_P4|TankWar_P5,TankWar_P1|TankWar_P2|TankWar_P3|TankWar_P4|TankWar_P5,UNKNOWN,UNKNOWN,0.600,0.200,LOW,INTRA_BLOCK,RESOLVED_INTERNAL,TankWar_P1|TankWar_P2|TankWar_P3|TankWar_P4|TankWar_P5
D1627,C:\Users\JBNU\git\ConstraintsRecovery\assets\tankwar\asset9:IF:8-248,C:\Users\JBNU\git\ConstraintsRecovery\assets\tankwar\asset9:IF:8-248,E724,E703,,FIELD_REFERENCE,C:\Users\JBNU\git\ConstraintsRecovery\assets\tankwar\asset9,203,G4,G4,TankWar_P1|TankWar_P2|TankWar_P3|TankWar_P4|TankWar_P5,TankWar_P1|TankWar_P2|TankWar_P3|TankWar_P4|TankWar_P5,UNKNOWN,DOMAIN_CORE,0.600,0.200,LOW,INTRA_BLOCK,RESOLVED_INTERNAL,TankWar_P1|TankWar_P2|TankWar_P3|TankWar_P4|TankWar_P5
D1628,C:\Users\JBNU\git\ConstraintsRecovery\assets\tankwar\asset9:IF:8-248,C:\Users\JBNU\git\ConstraintsRecovery\assets\tankwar\asset9:IF:8-248,E724,E704,,FIELD_REFERENCE,C:\Users\JBNU\git\ConstraintsRecovery\assets\tankwar\asset9,203,G4,G4,TankWar_P1|TankWar_P2|TankWar_P3|TankWar_P4|TankWar_P5,TankWar_P1|TankWar_P2|TankWar_P3|TankWar_P4|TankWar_P5,UNKNOWN,DOMAIN_CORE,0.600,0.200,LOW,INTRA_BLOCK,RESOLVED_INTERNAL,TankWar_P1|TankWar_P2|TankWar_P3|TankWar_P4|TankWar_P5
D1629,C:\Users\JBNU\git\ConstraintsRecovery\assets\tankwar\asset9:IF:8-248,C:\Users\JBNU\git\ConstraintsRecovery\assets\tankwar\asset9:IF:8-248,E724,E691,,FIELD_REFERENCE,C:\Users\JBNU\git\ConstraintsRecovery\assets\tankwar\asset9,204,G4,G4,TankWar_P1|TankWar_P2|TankWar_P3|TankWar_P4|TankWar_P5,TankWar_P1|TankWar_P2|TankWar_P3|TankWar_P4|TankWar_P5,UNKNOWN,UNKNOWN,0.600,0.200,LOW,INTRA_BLOCK,RESOLVED_INTERNAL,TankWar_P1|TankWar_P2|TankWar_P3|TankWar_P4|TankWar_P5
D1630,C:\Users\JBNU\git\ConstraintsRecovery\assets\tankwar\asset9:IF:8-248,C:\Users\JBNU\git\ConstraintsRecovery\assets\tankwar\asset9:IF:8-248,E724,E695,,FIELD_REFERENCE,C:\Users\JBNU\git\ConstraintsRecovery\assets\tankwar\asset9,204,G4,G4,TankWar_P1|TankWar_P2|TankWar_P3|TankWar_P4|TankWar_P5,TankWar_P1|TankWar_P2|TankWar_P3|TankWar_P4|TankWar_P5,UNKNOWN,UNKNOWN,0.600,0.200,LOW,INTRA_BLOCK,RESOLVED_INTERNAL,TankWar_P1|TankWar_P2|TankWar_P3|TankWar_P4|TankWar_P5
D1631,C:\Users\JBNU\git\ConstraintsRecovery\assets\tankwar\asset9:IF:8-248,C:\Users\JBNU\git\ConstraintsRecovery\assets\tankwar\asset9:IF:8-248,E724,E705,,FIELD_REFERENCE,C:\Users\JBNU\git\ConstraintsRecovery\assets\tankwar\asset9,205,G4,G4,TankWar_P1|TankWar_P2|TankWar_P3|TankWar_P4|TankWar_P5,TankWar_P1|TankWar_P2|TankWar_P3|TankWar_P4|TankWar_P5,UNKNOWN,DOMAIN_CORE,0.600,0.200,LOW,INTRA_BLOCK,RESOLVED_INTERNAL,TankWar_P1|TankWar_P2|TankWar_P3|TankWar_P4|TankWar_P5
D1632,C:\Users\JBNU\git\ConstraintsRecovery\assets\tankwar\asset9:IF:8-248,C:\Users\JBNU\git\ConstraintsRecovery\assets\tankwar\asset9:IF:8-248,E724,E693,,FIELD_REFERENCE,C:\Users\JBNU\git\ConstraintsRecovery\assets\tankwar\asset9,206,G4,G4,TankWar_P1|TankWar_P2|TankWar_P3|TankWar_P4|TankWar_P5,TankWar_P1|TankWar_P2|TankWar_P3|TankWar_P4|TankWar_P5,UNKNOWN,UNKNOWN,0.600,0.200,LOW,INTRA_BLOCK,RESOLVED_INTERNAL,TankWar_P1|TankWar_P2|TankWar_P3|TankWar_P4|TankWar_P5
D1633,C:\Users\JBNU\git\ConstraintsRecovery\assets\tankwar\asset9:IF:8-248,C:\Users\JBNU\git\ConstraintsRecovery\assets\tankwar\asset9:IF:8-248,E724,E705,,FIELD_REFERENCE,C:\Users\JBNU\git\ConstraintsRecovery\assets\tankwar\asset9,206,G4,G4,TankWar_P1|TankWar_P2|TankWar_P3|TankWar_P4|TankWar_P5,TankWar_P1|TankWar_P2|TankWar_P3|TankWar_P4|TankWar_P5,UNKNOWN,DOMAIN_CORE,0.600,0.200,LOW,INTRA_BLOCK,RESOLVED_INTERNAL,TankWar_P1|TankWar_P2|TankWar_P3|TankWar_P4|TankWar_P5
D1634,C:\Users\JBNU\git\ConstraintsRecovery\assets\tankwar\asset9:IF:8-248,C:\Users\JBNU\git\ConstraintsRecovery\assets\tankwar\asset9:IF:8-248,E724,E706,,FIELD_REFERENCE,C:\Users\JBNU\git\ConstraintsRecovery\assets\tankwar\asset9,206,G4,G4,TankWar_P1|TankWar_P2|TankWar_P3|TankWar_P4|TankWar_P5,TankWar_P1|TankWar_P2|TankWar_P3|TankWar_P4|TankWar_P5,UNKNOWN,DOMAIN_CORE,0.600,0.200,LOW,INTRA_BLOCK,RESOLVED_INTERNAL,TankWar_P1|TankWar_P2|TankWar_P3|TankWar_P4|TankWar_P5
D1635,C:\Users\JBNU\git\ConstraintsRecovery\assets\tankwar\asset9:IF:8-248,C:\Users\JBNU\git\ConstraintsRecovery\assets\tankwar\asset9:IF:8-248,E724,E693,,FIELD_REFERENCE,C:\Users\JBNU\git\ConstraintsRecovery\assets\tankwar\asset9,207,G4,G4,TankWar_P1|TankWar_P2|TankWar_P3|TankWar_P4|TankWar_P5,TankWar_P1|TankWar_P2|TankWar_P3|TankWar_P4|TankWar_P5,UNKNOWN,UNKNOWN,0.600,0.200,LOW,INTRA_BLOCK,RESOLVED_INTERNAL,TankWar_P1|TankWar_P2|TankWar_P3|TankWar_P4|TankWar_P5
D1636,C:\Users\JBNU\git\ConstraintsRecovery\assets\tankwar\asset9:IF:8-248,C:\Users\JBNU\git\ConstraintsRecovery\assets\tankwar\asset9:IF:8-248,E724,E695,,FIELD_REFERENCE,C:\Users\JBNU\git\ConstraintsRecovery\assets\tankwar\asset9,207,G4,G4,TankWar_P1|TankWar_P2|TankWar_P3|TankWar_P4|TankWar_P5,TankWar_P1|TankWar_P2|TankWar_P3|TankWar_P4|TankWar_P5,UNKNOWN,UNKNOWN,0.600,0.200,LOW,INTRA_BLOCK,RESOLVED_INTERNAL,TankWar_P1|TankWar_P2|TankWar_P3|TankWar_P4|TankWar_P5
D1637,C:\Users\JBNU\git\ConstraintsRecovery\assets\tankwar\asset9:IF:8-248,C:\Users\JBNU\git\ConstraintsRecovery\assets\tankwar\asset9:IF:8-248,E724,E710,,FIELD_REFERENCE,C:\Users\JBNU\git\ConstraintsRecovery\assets\tankwar\asset9,210,G4,G4,TankWar_P1|TankWar_P2|TankWar_P3|TankWar_P4|TankWar_P5,TankWar_P1|TankWar_P2|TankWar_P3|TankWar_P4|TankWar_P5,UNKNOWN,UNKNOWN,0.600,0.200,LOW,INTRA_BLOCK,RESOLVED_INTERNAL,TankWar_P1|TankWar_P2|TankWar_P3|TankWar_P4|TankWar_P5
D1638,C:\Users\JBNU\git\ConstraintsRecovery\assets\tankwar\asset9:IF:8-248,C:\Users\JBNU\git\ConstraintsRecovery\assets\tankwar\asset9:IF:8-248,E724,E702,,FIELD_REFERENCE,C:\Users\JBNU\git\ConstraintsRecovery\assets\tankwar\asset9,211,G4,G4,TankWar_P1|TankWar_P2|TankWar_P3|TankWar_P4|TankWar_P5,TankWar_P1|TankWar_P2|TankWar_P3|TankWar_P4|TankWar_P5,UNKNOWN,UNKNOWN,0.600,0.200,LOW,INTRA_BLOCK,RESOLVED_INTERNAL,TankWar_P1|TankWar_P2|TankWar_P3|TankWar_P4|TankWar_P5
D1639,C:\Users\JBNU\git\ConstraintsRecovery\assets\tankwar\asset9:IF:8-248,C:\Users\JBNU\git\ConstraintsRecovery\assets\tankwar\asset9:IF:8-248,E724,E701,,FIELD_REFERENCE,C:\Users\JBNU\git\ConstraintsRecovery\assets\tankwar\asset9,213,G4,G4,TankWar_P1|TankWar_P2|TankWar_P3|TankWar_P4|TankWar_P5,TankWar_P1|TankWar_P2|TankWar_P3|TankWar_P4|TankWar_P5,UNKNOWN,DOMAIN_CORE,0.600,0.200,LOW,INTRA_BLOCK,RESOLVED_INTERNAL,TankWar_P1|TankWar_P2|TankWar_P3|TankWar_P4|TankWar_P5
D1640,C:\Users\JBNU\git\ConstraintsRecovery\assets\tankwar\asset9:IF:8-248,C:\Users\JBNU\git\ConstraintsRecovery\assets\tankwar\asset9:IF:8-248,E724,E695,,FIELD_REFERENCE,C:\Users\JBNU\git\ConstraintsRecovery\assets\tankwar\asset9,216,G4,G4,TankWar_P1|TankWar_P2|TankWar_P3|TankWar_P4|TankWar_P5,TankWar_P1|TankWar_P2|TankWar_P3|TankWar_P4|TankWar_P5,UNKNOWN,UNKNOWN,0.600,0.200,LOW,INTRA_BLOCK,RESOLVED_INTERNAL,TankWar_P1|TankWar_P2|TankWar_P3|TankWar_P4|TankWar_P5
D1641,C:\Users\JBNU\git\ConstraintsRecovery\assets\tankwar\asset9:IF:8-248,C:\Users\JBNU\git\ConstraintsRecovery\assets\tankwar\asset9:IF:8-248,E724,E707,,FIELD_REFERENCE,C:\Users\JBNU\git\ConstraintsRecovery\assets\tankwar\asset9,217,G4,G4,TankWar_P1|TankWar_P2|TankWar_P3|TankWar_P4|TankWar_P5,TankWar_P1|TankWar_P2|TankWar_P3|TankWar_P4|TankWar_P5,UNKNOWN,UNKNOWN,0.600,0.200,LOW,INTRA_BLOCK,RESOLVED_INTERNAL,TankWar_P1|TankWar_P2|TankWar_P3|TankWar_P4|TankWar_P5
D1642,C:\Users\JBNU\git\ConstraintsRecovery\assets\tankwar\asset9:IF:8-248,C:\Users\JBNU\git\ConstraintsRecovery\assets\tankwar\asset9:IF:8-248,E725,E691,,FIELD_REFERENCE,C:\Users\JBNU\git\ConstraintsRecovery\assets\tankwar\asset9,222,G4,G4,TankWar_P1|TankWar_P2|TankWar_P3|TankWar_P4|TankWar_P5,TankWar_P1|TankWar_P2|TankWar_P3|TankWar_P4|TankWar_P5,UNKNOWN,UNKNOWN,0.600,0.200,LOW,INTRA_BLOCK,RESOLVED_INTERNAL,TankWar_P1|TankWar_P2|TankWar_P3|TankWar_P4|TankWar_P5
D1643,C:\Users\JBNU\git\ConstraintsRecovery\assets\tankwar\asset9:IF:8-248,C:\Users\JBNU\git\ConstraintsRecovery\assets\tankwar\asset9:IF:8-248,E725,E692,,FIELD_REFERENCE,C:\Users\JBNU\git\ConstraintsRecovery\assets\tankwar\asset9,222,G4,G4,TankWar_P1|TankWar_P2|TankWar_P3|TankWar_P4|TankWar_P5,TankWar_P1|TankWar_P2|TankWar_P3|TankWar_P4|TankWar_P5,UNKNOWN,UNKNOWN,0.600,0.200,LOW,INTRA_BLOCK,RESOLVED_INTERNAL,TankWar_P1|TankWar_P2|TankWar_P3|TankWar_P4|TankWar_P5
D1644,C:\Users\JBNU\git\ConstraintsRecovery\assets\tankwar\asset9:IF:8-248,C:\Users\JBNU\git\ConstraintsRecovery\assets\tankwar\asset9:IF:8-248,E725,E693,,FIELD_REFERENCE,C:\Users\JBNU\git\ConstraintsRecovery\assets\tankwar\asset9,222,G4,G4,TankWar_P1|TankWar_P2|TankWar_P3|TankWar_P4|TankWar_P5,TankWar_P1|TankWar_P2|TankWar_P3|TankWar_P4|TankWar_P5,UNKNOWN,UNKNOWN,0.600,0.200,LOW,INTRA_BLOCK,RESOLVED_INTERNAL,TankWar_P1|TankWar_P2|TankWar_P3|TankWar_P4|TankWar_P5
D1645,C:\Users\JBNU\git\ConstraintsRecovery\assets\tankwar\asset9:IF:8-248,C:\Users\JBNU\git\ConstraintsRecovery\assets\tankwar\asset9:IF:8-248,E725,E695,,FIELD_REFERENCE,C:\Users\JBNU\git\ConstraintsRecovery\assets\tankwar\asset9,222,G4,G4,TankWar_P1|TankWar_P2|TankWar_P3|TankWar_P4|TankWar_P5,TankWar_P1|TankWar_P2|TankWar_P3|TankWar_P4|TankWar_P5,UNKNOWN,UNKNOWN,0.600,0.200,LOW,INTRA_BLOCK,RESOLVED_INTERNAL,TankWar_P1|TankWar_P2|TankWar_P3|TankWar_P4|TankWar_P5
D1646,C:\Users\JBNU\git\ConstraintsRecovery\assets\tankwar\asset9:IF:8-248,C:\Users\JBNU\git\ConstraintsRecovery\assets\tankwar\asset9:IF:8-248,E725,E709,,FIELD_REFERENCE,C:\Users\JBNU\git\ConstraintsRecovery\assets\tankwar\asset9,222,G4,G4,TankWar_P1|TankWar_P2|TankWar_P3|TankWar_P4|TankWar_P5,TankWar_P1|TankWar_P2|TankWar_P3|TankWar_P4|TankWar_P5,UNKNOWN,UNKNOWN,0.600,0.200,LOW,INTRA_BLOCK,RESOLVED_INTERNAL,TankWar_P1|TankWar_P2|TankWar_P3|TankWar_P4|TankWar_P5
D1647,C:\Users\JBNU\git\ConstraintsRecovery\assets\tankwar\asset9:IF:8-248,C:\Users\JBNU\git\ConstraintsRecovery\assets\tankwar\asset9:IF:8-248,E725,E707,,FIELD_REFERENCE,C:\Users\JBNU\git\ConstraintsRecovery\assets\tankwar\asset9,223,G4,G4,TankWar_P1|TankWar_P2|TankWar_P3|TankWar_P4|TankWar_P5,TankWar_P1|TankWar_P2|TankWar_P3|TankWar_P4|TankWar_P5,UNKNOWN,UNKNOWN,0.600,0.200,LOW,INTRA_BLOCK,RESOLVED_INTERNAL,TankWar_P1|TankWar_P2|TankWar_P3|TankWar_P4|TankWar_P5
D1648,C:\Users\JBNU\git\ConstraintsRecovery\assets\tankwar\asset9:IF:8-248,C:\Users\JBNU\git\ConstraintsRecovery\assets\tankwar\asset9:IF:8-248,E725,E708,,FIELD_REFERENCE,C:\Users\JBNU\git\ConstraintsRecovery\assets\tankwar\asset9,223,G4,G4,TankWar_P1|TankWar_P2|TankWar_P3|TankWar_P4|TankWar_P5,TankWar_P1|TankWar_P2|TankWar_P3|TankWar_P4|TankWar_P5,UNKNOWN,UNKNOWN,0.600,0.200,LOW,INTRA_BLOCK,RESOLVED_INTERNAL,TankWar_P1|TankWar_P2|TankWar_P3|TankWar_P4|TankWar_P5
D1649,C:\Users\JBNU\git\ConstraintsRecovery\assets\tankwar\asset9:IF:8-248,C:\Users\JBNU\git\ConstraintsRecovery\assets\tankwar\asset9:IF:8-248,E725,E709,,FIELD_REFERENCE,C:\Users\JBNU\git\ConstraintsRecovery\assets\tankwar\asset9,223,G4,G4,TankWar_P1|TankWar_P2|TankWar_P3|TankWar_P4|TankWar_P5,TankWar_P1|TankWar_P2|TankWar_P3|TankWar_P4|TankWar_P5,UNKNOWN,UNKNOWN,0.600,0.200,LOW,INTRA_BLOCK,RESOLVED_INTERNAL,TankWar_P1|TankWar_P2|TankWar_P3|TankWar_P4|TankWar_P5
D1650,C:\Users\JBNU\git\ConstraintsRecovery\assets\tankwar\asset9:IF:8-248,C:\Users\JBNU\git\ConstraintsRecovery\assets\tankwar\asset9:IF:8-248,E725,E701,,FIELD_REFERENCE,C:\Users\JBNU\git\ConstraintsRecovery\assets\tankwar\asset9,224,G4,G4,TankWar_P1|TankWar_P2|TankWar_P3|TankWar_P4|TankWar_P5,TankWar_P1|TankWar_P2|TankWar_P3|TankWar_P4|TankWar_P5,UNKNOWN,DOMAIN_CORE,0.600,0.200,LOW,INTRA_BLOCK,RESOLVED_INTERNAL,TankWar_P1|TankWar_P2|TankWar_P3|TankWar_P4|TankWar_P5
D1651,C:\Users\JBNU\git\ConstraintsRecovery\assets\tankwar\asset9:IF:8-248,C:\Users\JBNU\git\ConstraintsRecovery\assets\tankwar\asset9:IF:8-248,E725,E710,,FIELD_REFERENCE,C:\Users\JBNU\git\ConstraintsRecovery\assets\tankwar\asset9,225,G4,G4,TankWar_P1|TankWar_P2|TankWar_P3|TankWar_P4|TankWar_P5,TankWar_P1|TankWar_P2|TankWar_P3|TankWar_P4|TankWar_P5,UNKNOWN,UNKNOWN,0.600,0.200,LOW,INTRA_BLOCK,RESOLVED_INTERNAL,TankWar_P1|TankWar_P2|TankWar_P3|TankWar_P4|TankWar_P5
D1652,C:\Users\JBNU\git\ConstraintsRecovery\assets\tankwar\asset9:IF:8-248,C:\Users\JBNU\git\ConstraintsRecovery\assets\tankwar\asset9:IF:8-248,E725,E702,,FIELD_REFERENCE,C:\Users\JBNU\git\ConstraintsRecovery\assets\tankwar\asset9,226,G4,G4,TankWar_P1|TankWar_P2|TankWar_P3|TankWar_P4|TankWar_P5,TankWar_P1|TankWar_P2|TankWar_P3|TankWar_P4|TankWar_P5,UNKNOWN,UNKNOWN,0.600,0.200,LOW,INTRA_BLOCK,RESOLVED_INTERNAL,TankWar_P1|TankWar_P2|TankWar_P3|TankWar_P4|TankWar_P5
D1653,C:\Users\JBNU\git\ConstraintsRecovery\assets\tankwar\asset9:IF:8-248,C:\Users\JBNU\git\ConstraintsRecovery\assets\tankwar\asset9:IF:8-248,E725,E710,,FIELD_REFERENCE,C:\Users\JBNU\git\ConstraintsRecovery\assets\tankwar\asset9,227,G4,G4,TankWar_P1|TankWar_P2|TankWar_P3|TankWar_P4|TankWar_P5,TankWar_P1|TankWar_P2|TankWar_P3|TankWar_P4|TankWar_P5,UNKNOWN,UNKNOWN,0.600,0.200,LOW,INTRA_BLOCK,RESOLVED_INTERNAL,TankWar_P1|TankWar_P2|TankWar_P3|TankWar_P4|TankWar_P5
D1654,C:\Users\JBNU\git\ConstraintsRecovery\assets\tankwar\asset9:IF:8-248,C:\Users\JBNU\git\ConstraintsRecovery\assets\tankwar\asset9:IF:8-248,E725,E702,,FIELD_REFERENCE,C:\Users\JBNU\git\ConstraintsRecovery\assets\tankwar\asset9,228,G4,G4,TankWar_P1|TankWar_P2|TankWar_P3|TankWar_P4|TankWar_P5,TankWar_P1|TankWar_P2|TankWar_P3|TankWar_P4|TankWar_P5,UNKNOWN,UNKNOWN,0.600,0.200,LOW,INTRA_BLOCK,RESOLVED_INTERNAL,TankWar_P1|TankWar_P2|TankWar_P3|TankWar_P4|TankWar_P5
D1655,C:\Users\JBNU\git\ConstraintsRecovery\assets\tankwar\asset9:IF:8-248,C:\Users\JBNU\git\ConstraintsRecovery\assets\tankwar\asset9:IF:8-248,E725,E701,,FIELD_REFERENCE,C:\Users\JBNU\git\ConstraintsRecovery\assets\tankwar\asset9,230,G4,G4,TankWar_P1|TankWar_P2|TankWar_P3|TankWar_P4|TankWar_P5,TankWar_P1|TankWar_P2|TankWar_P3|TankWar_P4|TankWar_P5,UNKNOWN,DOMAIN_CORE,0.600,0.200,LOW,INTRA_BLOCK,RESOLVED_INTERNAL,TankWar_P1|TankWar_P2|TankWar_P3|TankWar_P4|TankWar_P5
D1656,C:\Users\JBNU\git\ConstraintsRecovery\assets\tankwar\asset9:IF:8-248,C:\Users\JBNU\git\ConstraintsRecovery\assets\tankwar\asset9:IF:8-248,E725,E695,,FIELD_REFERENCE,C:\Users\JBNU\git\ConstraintsRecovery\assets\tankwar\asset9,233,G4,G4,TankWar_P1|TankWar_P2|TankWar_P3|TankWar_P4|TankWar_P5,TankWar_P1|TankWar_P2|TankWar_P3|TankWar_P4|TankWar_P5,UNKNOWN,UNKNOWN,0.600,0.200,LOW,INTRA_BLOCK,RESOLVED_INTERNAL,TankWar_P1|TankWar_P2|TankWar_P3|TankWar_P4|TankWar_P5
D1657,C:\Users\JBNU\git\ConstraintsRecovery\assets\tankwar\asset9:IF:8-248,C:\Users\JBNU\git\ConstraintsRecovery\assets\tankwar\asset9:IF:8-248,E725,E695,,FIELD_REFERENCE,C:\Users\JBNU\git\ConstraintsRecovery\assets\tankwar\asset9,234,G4,G4,TankWar_P1|TankWar_P2|TankWar_P3|TankWar_P4|TankWar_P5,TankWar_P1|TankWar_P2|TankWar_P3|TankWar_P4|TankWar_P5,UNKNOWN,UNKNOWN,0.600,0.200,LOW,INTRA_BLOCK,RESOLVED_INTERNAL,TankWar_P1|TankWar_P2|TankWar_P3|TankWar_P4|TankWar_P5
D1658,C:\Users\JBNU\git\ConstraintsRecovery\assets\tankwar\asset9:IF:8-248,C:\Users\JBNU\git\ConstraintsRecovery\assets\tankwar\asset9:IF:8-248,E725,E707,,FIELD_REFERENCE,C:\Users\JBNU\git\ConstraintsRecovery\assets\tankwar\asset9,235,G4,G4,TankWar_P1|TankWar_P2|TankWar_P3|TankWar_P4|TankWar_P5,TankWar_P1|TankWar_P2|TankWar_P3|TankWar_P4|TankWar_P5,UNKNOWN,UNKNOWN,0.600,0.200,LOW,INTRA_BLOCK,RESOLVED_INTERNAL,TankWar_P1|TankWar_P2|TankWar_P3|TankWar_P4|TankWar_P5
D1659,C:\Users\JBNU\git\ConstraintsRecovery\assets\tankwar\asset9:IF:8-248,C:\Users\JBNU\git\ConstraintsRecovery\assets\tankwar\asset9:IF:8-248,E726,E691,,FIELD_REFERENCE,C:\Users\JBNU\git\ConstraintsRecovery\assets\tankwar\asset9,240,G4,G4,TankWar_P1|TankWar_P2|TankWar_P3|TankWar_P4|TankWar_P5,TankWar_P1|TankWar_P2|TankWar_P3|TankWar_P4|TankWar_P5,UNKNOWN,UNKNOWN,0.600,0.200,LOW,INTRA_BLOCK,RESOLVED_INTERNAL,TankWar_P1|TankWar_P2|TankWar_P3|TankWar_P4|TankWar_P5
D1660,C:\Users\JBNU\git\ConstraintsRecovery\assets\tankwar\asset9:IF:8-248,C:\Users\JBNU\git\ConstraintsRecovery\assets\tankwar\asset9:IF:8-248,E726,E691,,FIELD_REFERENCE,C:\Users\JBNU\git\ConstraintsRecovery\assets\tankwar\asset9,241,G4,G4,TankWar_P1|TankWar_P2|TankWar_P3|TankWar_P4|TankWar_P5,TankWar_P1|TankWar_P2|TankWar_P3|TankWar_P4|TankWar_P5,UNKNOWN,UNKNOWN,0.600,0.200,LOW,INTRA_BLOCK,RESOLVED_INTERNAL,TankWar_P1|TankWar_P2|TankWar_P3|TankWar_P4|TankWar_P5
D1661,C:\Users\JBNU\git\ConstraintsRecovery\assets\tankwar\asset9:IF:8-248,C:\Users\JBNU\git\ConstraintsRecovery\assets\tankwar\asset14:IF:8-384,E726,E76,,FIELD_REFERENCE,C:\Users\JBNU\git\ConstraintsRecovery\assets\tankwar\asset9,241,G4,G4,TankWar_P1|TankWar_P2|TankWar_P3|TankWar_P4|TankWar_P5,TankWar_P1|TankWar_P2|TankWar_P3|TankWar_P4|TankWar_P5,UNKNOWN,UNKNOWN,0.600,0.200,LOW,NONE,RESOLVED_INTERNAL,TankWar_P1|TankWar_P2|TankWar_P3|TankWar_P4|TankWar_P5
D1662,C:\Users\JBNU\git\ConstraintsRecovery\assets\tankwar\asset9:IF:8-248,C:\Users\JBNU\git\ConstraintsRecovery\assets\tankwar\asset9:IF:8-248,E727,E707,,FIELD_REFERENCE,C:\Users\JBNU\git\ConstraintsRecovery\assets\tankwar\asset9,246,G4,G4,TankWar_P1|TankWar_P2|TankWar_P3|TankWar_P4|TankWar_P5,TankWar_P1|TankWar_P2|TankWar_P3|TankWar_P4|TankWar_P5,UNKNOWN,UNKNOWN,0.600,0.200,LOW,INTRA_BLOCK,RESOLVED_INTERNAL,TankWar_P1|TankWar_P2|TankWar_P3|TankWar_P4|TankWar_P5
D1663,C:\Users\JBNU\git\ConstraintsRecovery\assets\tankwar\asset9:IF:8-248,C:\Users\JBNU\git\ConstraintsRecovery\assets\tankwar\asset9:IF:8-248,E727,E709,,FIELD_REFERENCE,C:\Users\JBNU\git\ConstraintsRecovery\assets\tankwar\asset9,246,G4,G4,TankWar_P1|TankWar_P2|TankWar_P3|TankWar_P4|TankWar_P5,TankWar_P1|TankWar_P2|TankWar_P3|TankWar_P4|TankWar_P5,UNKNOWN,UNKNOWN,0.600,0.200,LOW,INTRA_BLOCK,RESOLVED_INTERNAL,TankWar_P1|TankWar_P2|TankWar_P3|TankWar_P4|TankWar_P5
