block_id,group_id,signature,entity_id,entity_kind,qualified_name,entity_role,domain_score,variability_score,file,start_line,end_line,observed_product_set
C:\Users\JBNU\git\ConstraintsRecovery\assets\tankwar\asset10:IF:8-42,G4,TankWar_P1|TankWar_P2|TankWar_P3|TankWar_P4|TankWar_P5,E17,CLASS,Tank$$Tools,UNKNOWN,0.2,0.05,C:\Users\JBNU\git\ConstraintsRecovery\assets\tankwar\asset10,14,42,TankWar_P1|TankWar_P2|TankWar_P3|TankWar_P4|TankWar_P5
C:\Users\JBNU\git\ConstraintsRecovery\assets\tankwar\asset10:IF:8-42,G4,TankWar_P1|TankWar_P2|TankWar_P3|TankWar_P4|TankWar_P5,E18,CONSTRUCTOR,Tank$$Tools.Tank$$Tools,UNKNOWN,0.2,0.05,C:\Users\JBNU\git\ConstraintsRecovery\assets\tankwar\asset10,15,17,TankWar_P1|TankWar_P2|TankWar_P3|TankWar_P4|TankWar_P5
C:\Users\JBNU\git\ConstraintsRecovery\assets\tankwar\asset10:IF:8-42,G4,TankWar_P1|TankWar_P2|TankWar_P3|TankWar_P4|TankWar_P5,E19,METHOD,Tank$$Tools.malen,UNKNOWN,0.2,0.05,C:\Users\JBNU\git\ConstraintsRecovery\assets\tankwar\asset10,18,37,TankWar_P1|TankWar_P2|TankWar_P3|TankWar_P4|TankWar_P5
C:\Users\JBNU\git\ConstraintsRecovery\assets\tankwar\asset10:IF:8-42,G4,TankWar_P1|TankWar_P2|TankWar_P3|TankWar_P4|TankWar_P5,E20,METHOD,Tank$$Tools.toolKontroller,UNKNOWN,0.2,0.05,C:\Users\JBNU\git\ConstraintsRecovery\assets\tankwar\asset10,38,39,TankWar_P1|TankWar_P2|TankWar_P3|TankWar_P4|TankWar_P5
C:\Users\JBNU\git\ConstraintsRecovery\assets\tankwar\asset10:IF:8-42,G4,TankWar_P1|TankWar_P2|TankWar_P3|TankWar_P4|TankWar_P5,E21,METHOD,Tank$$Tools.toolBehandeln,UNKNOWN,0.2,0.05,C:\Users\JBNU\git\ConstraintsRecovery\assets\tankwar\asset10,40,41,TankWar_P1|TankWar_P2|TankWar_P3|TankWar_P4|TankWar_P5
C:\Users\JBNU\git\ConstraintsRecovery\assets\tankwar\asset11:IF:8-132,G4,TankWar_P1|TankWar_P2|TankWar_P3|TankWar_P4|TankWar_P5,E22,CLASS,MapInfo,UNKNOWN,0.2,0.05,C:\Users\JBNU\git\ConstraintsRecovery\assets\tankwar\asset11,11,132,TankWar_P1|TankWar_P2|TankWar_P3|TankWar_P4|TankWar_P5
C:\Users\JBNU\git\ConstraintsRecovery\assets\tankwar\asset11:IF:8-132,G4,TankWar_P1|TankWar_P2|TankWar_P3|TankWar_P4|TankWar_P5,E23,FIELD,MapInfo.brickWall,UNKNOWN,0.2,0.05,C:\Users\JBNU\git\ConstraintsRecovery\assets\tankwar\asset11,12,12,TankWar_P1|TankWar_P2|TankWar_P3|TankWar_P4|TankWar_P5
C:\Users\JBNU\git\ConstraintsRecovery\assets\tankwar\asset11:IF:8-132,G4,TankWar_P1|TankWar_P2|TankWar_P3|TankWar_P4|TankWar_P5,E24,FIELD,MapInfo.metalWall,UNKNOWN,0.2,0.05,C:\Users\JBNU\git\ConstraintsRecovery\assets\tankwar\asset11,13,13,TankWar_P1|TankWar_P2|TankWar_P3|TankWar_P4|TankWar_P5
C:\Users\JBNU\git\ConstraintsRecovery\assets\tankwar\asset11:IF:8-132,G4,TankWar_P1|TankWar_P2|TankWar_P3|TankWar_P4|TankWar_P5,E25,FIELD,MapInfo.grassWall,UNKNOWN,0.2,0.05,C:\Users\JBNU\git\ConstraintsRecovery\assets\tankwar\asset11,14,14,TankWar_P1|TankWar_P2|TankWar_P3|TankWar_P4|TankWar_P5
C:\Users\JBNU\git\ConstraintsRecovery\assets\tankwar\asset11:IF:8-132,G4,TankWar_P1|TankWar_P2|TankWar_P3|TankWar_P4|TankWar_P5,E26,FIELD,MapInfo.waterWall,UNKNOWN,0.2,0.05,C:\Users\JBNU\git\ConstraintsRecovery\assets\tankwar\asset11,15,15,TankWar_P1|TankWar_P2|TankWar_P3|TankWar_P4|TankWar_P5
C:\Users\JBNU\git\ConstraintsRecovery\assets\tankwar\asset11:IF:8-132,G4,TankWar_P1|TankWar_P2|TankWar_P3|TankWar_P4|TankWar_P5,E27,FIELD,MapInfo.enemyPosition,DOMAIN_CORE,0.9,0.05,C:\Users\JBNU\git\ConstraintsRecovery\assets\tankwar\asset11,16,16,TankWar_P1|TankWar_P2|TankWar_P3|TankWar_P4|TankWar_P5
C:\Users\JBNU\git\ConstraintsRecovery\assets\tankwar\asset11:IF:8-132,G4,TankWar_P1|TankWar_P2|TankWar_P3|TankWar_P4|TankWar_P5,E28,FIELD,MapInfo.enemyType,UNKNOWN,0.2,0.05,C:\Users\JBNU\git\ConstraintsRecovery\assets\tankwar\asset11,17,17,TankWar_P1|TankWar_P2|TankWar_P3|TankWar_P4|TankWar_P5
C:\Users\JBNU\git\ConstraintsRecovery\assets\tankwar\asset11:IF:8-132,G4,TankWar_P1|TankWar_P2|TankWar_P3|TankWar_P4|TankWar_P5,E29,FIELD,MapInfo.tankManager,UNKNOWN,0.2,0.05,C:\Users\JBNU\git\ConstraintsRecovery\assets\tankwar\asset11,18,18,TankWar_P1|TankWar_P2|TankWar_P3|TankWar_P4|TankWar_P5
C:\Users\JBNU\git\ConstraintsRecovery\assets\tankwar\asset11:IF:8-132,G4,TankWar_P1|TankWar_P2|TankWar_P3|TankWar_P4|TankWar_P5,E30,FIELD,MapInfo.read,UNKNOWN,0.2,0.05,C:\Users\JBNU\git\ConstraintsRecovery\assets\tankwar\asset11,19,19,TankWar_P1|TankWar_P2|TankWar_P3|TankWar_P4|TankWar_P5
C:\Users\JBNU\git\ConstraintsRecovery\assets\tankwar\asset11:IF:8-132,G4,TankWar_P1|TankWar_P2|TankWar_P3|TankWar_P4|TankWar_P5,E31,FIELD,MapInfo.mapSize,UNKNOWN,0.2,0.05,C:\Users\JBNU\git\ConstraintsRecovery\assets\tankwar\asset11,20,20,TankWar_P1|TankWar_P2|TankWar_P3|TankWar_P4|TankWar_P5
C:\Users\JBNU\git\ConstraintsRecovery\assets\tankwar\asset11:IF:8-132,G4,TankWar_P1|TankWar_P2|TankWar_P3|TankWar_P4|TankWar_P5,E32,FIELD,MapInfo.playerLocationX,UNKNOWN,0.2,0.05,C:\Users\JBNU\git\ConstraintsRecovery\assets\tankwar\asset11,21,21,TankWar_P1|TankWar_P2|TankWar_P3|TankWar_P4|TankWar_P5
C:\Users\JBNU\git\ConstraintsRecovery\assets\tankwar\asset11:IF:8-132,G4,TankWar_P1|TankWar_P2|TankWar_P3|TankWar_P4|TankWar_P5,E33,FIELD,MapInfo.playerLocationY,UNKNOWN,0.2,0.05,C:\Users\JBNU\git\ConstraintsRecovery\assets\tankwar\asset11,22,22,TankWar_P1|TankWar_P2|TankWar_P3|TankWar_P4|TankWar_P5
C:\Users\JBNU\git\ConstraintsRecovery\assets\tankwar\asset11:IF:8-132,G4,TankWar_P1|TankWar_P2|TankWar_P3|TankWar_P4|TankWar_P5,E34,FIELD,MapInfo.baseLocationX,UNKNOWN,0.2,0.05,C:\Users\JBNU\git\ConstraintsRecovery\assets\tankwar\asset11,23,23,TankWar_P1|TankWar_P2|TankWar_P3|TankWar_P4|TankWar_P5
C:\Users\JBNU\git\ConstraintsRecovery\assets\tankwar\asset11:IF:8-132,G4,TankWar_P1|TankWar_P2|TankWar_P3|TankWar_P4|TankWar_P5,E35,FIELD,MapInfo.baseLocationY,UNKNOWN,0.2,0.05,C:\Users\JBNU\git\ConstraintsRecovery\assets\tankwar\asset11,24,24,TankWar_P1|TankWar_P2|TankWar_P3|TankWar_P4|TankWar_P5
C:\Users\JBNU\git\ConstraintsRecovery\assets\tankwar\asset11:IF:8-132,G4,TankWar_P1|TankWar_P2|TankWar_P3|TankWar_P4|TankWar_P5,E36,FIELD,MapInfo.brickWallLocationX,UNKNOWN,0.2,0.05,C:\Users\JBNU\git\ConstraintsRecovery\assets\tankwar\asset11,25,25,TankWar_P1|TankWar_P2|TankWar_P3|TankWar_P4|TankWar_P5
C:\Users\JBNU\git\ConstraintsRecovery\assets\tankwar\asset11:IF:8-132,G4,TankWar_P1|TankWar_P2|TankWar_P3|TankWar_P4|TankWar_P5,E37,FIELD,MapInfo.brickWallLocationY,UNKNOWN,0.2,0.05,C:\Users\JBNU\git\ConstraintsRecovery\assets\tankwar\asset11,26,26,TankWar_P1|TankWar_P2|TankWar_P3|TankWar_P4|TankWar_P5
C:\Users\JBNU\git\ConstraintsRecovery\assets\tankwar\asset11:IF:8-132,G4,TankWar_P1|TankWar_P2|TankWar_P3|TankWar_P4|TankWar_P5,E38,FIELD,MapInfo.brickWallWidth,UNKNOWN,0.2,0.05,C:\Users\JBNU\git\ConstraintsRecovery\assets\tankwar\asset11,27,27,TankWar_P1|TankWar_P2|TankWar_P3|TankWar_P4|TankWar_P5
C:\Users\JBNU\git\ConstraintsRecovery\assets\tankwar\asset11:IF:8-132,G4,TankWar_P1|TankWar_P2|TankWar_P3|TankWar_P4|TankWar_P5,E39,FIELD,MapInfo.brickWallHeight,UNKNOWN,0.2,0.05,C:\Users\JBNU\git\ConstraintsRecovery\assets\tankwar\asset11,28,28,TankWar_P1|TankWar_P2|TankWar_P3|TankWar_P4|TankWar_P5
C:\Users\JBNU\git\ConstraintsRecovery\assets\tankwar\asset11:IF:8-132,G4,TankWar_P1|TankWar_P2|TankWar_P3|TankWar_P4|TankWar_P5,E40,FIELD,MapInfo.metalWallLocationX,UNKNOWN,0.2,0.05,C:\Users\JBNU\git\ConstraintsRecovery\assets\tankwar\asset11,29,29,TankWar_P1|TankWar_P2|TankWar_P3|TankWar_P4|TankWar_P5
C:\Users\JBNU\git\ConstraintsRecovery\assets\tankwar\asset11:IF:8-132,G4,TankWar_P1|TankWar_P2|TankWar_P3|TankWar_P4|TankWar_P5,E41,FIELD,MapInfo.metalWallLocationY,UNKNOWN,0.2,0.05,C:\Users\JBNU\git\ConstraintsRecovery\assets\tankwar\asset11,30,30,TankWar_P1|TankWar_P2|TankWar_P3|TankWar_P4|TankWar_P5
C:\Users\JBNU\git\ConstraintsRecovery\assets\tankwar\asset11:IF:8-132,G4,TankWar_P1|TankWar_P2|TankWar_P3|TankWar_P4|TankWar_P5,E42,FIELD,MapInfo.metalWallWidth,UNKNOWN,0.2,0.05,C:\Users\JBNU\git\ConstraintsRecovery\assets\tankwar\asset11,31,31,TankWar_P1|TankWar_P2|TankWar_P3|TankWar_P4|TankWar_P5
C:\Users\JBNU\git\ConstraintsRecovery\assets\tankwar\asset11:IF:8-132,G4,TankWar_P1|TankWar_P2|TankWar_P3|TankWar_P4|TankWar_P5,E43,FIELD,MapInfo.metalWallHeight,UNKNOWN,0.2,0.05,C:\Users\JBNU\git\ConstraintsRecovery\assets\tankwar\asset11,32,32,TankWar_P1|TankWar_P2|TankWar_P3|TankWar_P4|TankWar_P5
C:\Users\JBNU\git\ConstraintsRecovery\assets\tankwar\asset11:IF:8-132,G4,TankWar_P1|TankWar_P2|TankWar_P3|TankWar_P4|TankWar_P5,E44,FIELD,MapInfo.grassWallLocationX,UNKNOWN,0.2,0.05,C:\Users\JBNU\git\ConstraintsRecovery\assets\tankwar\asset11,33,33,TankWar_P1|TankWar_P2|TankWar_P3|TankWar_P4|TankWar_P5
C:\Users\JBNU\git\ConstraintsRecovery\assets\tankwar\asset11:IF:8-132,G4,TankWar_P1|TankWar_P2|TankWar_P3|TankWar_P4|TankWar_P5,E45,FIELD,MapInfo.grassWallLocationY,UNKNOWN,0.2,0.05,C:\Users\JBNU\git\ConstraintsRecovery\assets\tankwar\asset11,34,34,TankWar_P1|TankWar_P2|TankWar_P3|TankWar_P4|TankWar_P5
C:\Users\JBNU\git\ConstraintsRecovery\assets\tankwar\asset11:IF:8-132,G4,TankWar_P1|TankWar_P2|TankWar_P3|TankWar_P4|TankWar_P5,E46,FIELD,MapInfo.grassWallWidth,UNKNOWN,0.2,0.05,C:\Users\JBNU\git\ConstraintsRecovery\assets\tankwar\asset11,35,35,TankWar_P1|TankWar_P2|TankWar_P3|TankWar_P4|TankWar_P5
C:\Users\JBNU\git\ConstraintsRecovery\assets\tankwar\asset11:IF:8-132,G4,TankWar_P1|TankWar_P2|TankWar_P3|TankWar_P4|TankWar_P5,E47,FIELD,MapInfo.grassWallHeight,UNKNOWN,0.2,0.05,C:\Users\JBNU\git\ConstraintsRecovery\assets\tankwar\asset11,36,36,TankWar_P1|TankWar_P2|TankWar_P3|TankWar_P4|TankWar_P5
C:\Users\JBNU\git\ConstraintsRecovery\assets\tankwar\asset11:IF:8-132,G4,TankWar_P1|TankWar_P2|TankWar_P3|TankWar_P4|TankWar_P5,E48,FIELD,MapInfo.waterWallLocationX,UNKNOWN,0.2,0.05,C:\Users\JBNU\git\ConstraintsRecovery\assets\tankwar\asset11,37,37,TankWar_P1|TankWar_P2|TankWar_P3|TankWar_P4|TankWar_P5
C:\Users\JBNU\git\ConstraintsRecovery\assets\tankwar\asset11:IF:8-132,G4,TankWar_P1|TankWar_P2|TankWar_P3|TankWar_P4|TankWar_P5,E49,FIELD,MapInfo.waterWallLocationY,UNKNOWN,0.2,0.05,C:\Users\JBNU\git\ConstraintsRecovery\assets\tankwar\asset11,38,38,TankWar_P1|TankWar_P2|TankWar_P3|TankWar_P4|TankWar_P5
C:\Users\JBNU\git\ConstraintsRecovery\assets\tankwar\asset11:IF:8-132,G4,TankWar_P1|TankWar_P2|TankWar_P3|TankWar_P4|TankWar_P5,E50,FIELD,MapInfo.waterWallWidth,UNKNOWN,0.2,0.05,C:\Users\JBNU\git\ConstraintsRecovery\assets\tankwar\asset11,39,39,TankWar_P1|TankWar_P2|TankWar_P3|TankWar_P4|TankWar_P5
C:\Users\JBNU\git\ConstraintsRecovery\assets\tankwar\asset11:IF:8-132,G4,TankWar_P1|TankWar_P2|TankWar_P3|TankWar_P4|TankWar_P5,E51,FIELD,MapInfo.waterWallHeight,UNKNOWN,0.2,0.05,C:\Users\JBNU\git\ConstraintsRecovery\assets\tankwar\asset11,40,40,TankWar_P1|TankWar_P2|TankWar_P3|TankWar_P4|TankWar_P5
C:\Users\JBNU\git\ConstraintsRecovery\assets\tankwar\asset11:IF:8-132,G4,TankWar_P1|TankWar_P2|TankWar_P3|TankWar_P4|TankWar_P5,E52,FIELD,MapInfo.enemyLocation,UNKNOWN,0.2,0.05,C:\Users\JBNU\git\ConstraintsRecovery\assets\tankwar\asset11,41,41,TankWar_P1|TankWar_P2|TankWar_P3|TankWar_P4|TankWar_P5
C:\Users\JBNU\git\ConstraintsRecovery\assets\tankwar\asset11:IF:8-132,G4,TankWar_P1|TankWar_P2|TankWar_P3|TankWar_P4|TankWar_P5,E53,FIELD,MapInfo.enemyAllNr,UNKNOWN,0.2,0.05,C:\Users\JBNU\git\ConstraintsRecovery\assets\tankwar\asset11,42,42,TankWar_P1|TankWar_P2|TankWar_P3|TankWar_P4|TankWar_P5
C:\Users\JBNU\git\ConstraintsRecovery\assets\tankwar\asset11:IF:8-132,G4,TankWar_P1|TankWar_P2|TankWar_P3|TankWar_P4|TankWar_P5,E54,FIELD,MapInfo.enemyMaxNr,UNKNOWN,0.2,0.05,C:\Users\JBNU\git\ConstraintsRecovery\assets\tankwar\asset11,43,43,TankWar_P1|TankWar_P2|TankWar_P3|TankWar_P4|TankWar_P5
C:\Users\JBNU\git\ConstraintsRecovery\assets\tankwar\asset11:IF:8-132,G4,TankWar_P1|TankWar_P2|TankWar_P3|TankWar_P4|TankWar_P5,E55,FIELD,MapInfo.enemyTy,UNKNOWN,0.2,0.05,C:\Users\JBNU\git\ConstraintsRecovery\assets\tankwar\asset11,44,44,TankWar_P1|TankWar_P2|TankWar_P3|TankWar_P4|TankWar_P5
C:\Users\JBNU\git\ConstraintsRecovery\assets\tankwar\asset11:IF:8-132,G4,TankWar_P1|TankWar_P2|TankWar_P3|TankWar_P4|TankWar_P5,E56,CONSTRUCTOR,MapInfo.MapInfo,UNKNOWN,0.2,0.05,C:\Users\JBNU\git\ConstraintsRecovery\assets\tankwar\asset11,45,49,TankWar_P1|TankWar_P2|TankWar_P3|TankWar_P4|TankWar_P5
C:\Users\JBNU\git\ConstraintsRecovery\assets\tankwar\asset11:IF:8-132,G4,TankWar_P1|TankWar_P2|TankWar_P3|TankWar_P4|TankWar_P5,E57,METHOD,MapInfo.readMap,UNKNOWN,0.2,0.05,C:\Users\JBNU\git\ConstraintsRecovery\assets\tankwar\asset11,50,131,TankWar_P1|TankWar_P2|TankWar_P3|TankWar_P4|TankWar_P5
C:\Users\JBNU\git\ConstraintsRecovery\assets\tankwar\asset12:IF:8-10,G4,TankWar_P1|TankWar_P2|TankWar_P3|TankWar_P4|TankWar_P5,E58,CLASS,MIDlet,UNKNOWN,0.2,0.05,C:\Users\JBNU\git\ConstraintsRecovery\assets\tankwar\asset12,9,10,TankWar_P1|TankWar_P2|TankWar_P3|TankWar_P4|TankWar_P5
C:\Users\JBNU\git\ConstraintsRecovery\assets\tankwar\asset13:ELIF:29-31,G17,TankWar_P3,E60,CLASS,Maler$$fuer_PC,UNKNOWN,0.2,0.05,C:\Users\JBNU\git\ConstraintsRecovery\assets\tankwar\asset13,31,358,TankWar_P3
C:\Users\JBNU\git\ConstraintsRecovery\assets\tankwar\asset13:ELIF:32-33,G12,TankWar_P2,E61,CLASS,Maler$$fuer_PC,UNKNOWN,0.2,0.05,C:\Users\JBNU\git\ConstraintsRecovery\assets\tankwar\asset13,33,358,TankWar_P2
C:\Users\JBNU\git\ConstraintsRecovery\assets\tankwar\asset13:IF:26-28,G10,TankWar_P1|TankWar_P4|TankWar_P5,E59,CLASS,Maler$$fuer_PC,UNKNOWN,0.2,0.05,C:\Users\JBNU\git\ConstraintsRecovery\assets\tankwar\asset13,28,358,TankWar_P1|TankWar_P4|TankWar_P5
C:\Users\JBNU\git\ConstraintsRecovery\assets\tankwar\asset13:IF:8-358,G4,TankWar_P1|TankWar_P2|TankWar_P3|TankWar_P4|TankWar_P5,E62,FIELD,Maler$$fuer_PC.images,UNKNOWN,0.2,0.05,C:\Users\JBNU\git\ConstraintsRecovery\assets\tankwar\asset13,35,35,TankWar_P1|TankWar_P2|TankWar_P3|TankWar_P4|TankWar_P5
C:\Users\JBNU\git\ConstraintsRecovery\assets\tankwar\asset13:IF:8-358,G4,TankWar_P1|TankWar_P2|TankWar_P3|TankWar_P4|TankWar_P5,E63,CONSTRUCTOR,Maler$$fuer_PC.Maler$$fuer_PC,UNKNOWN,0.2,0.05,C:\Users\JBNU\git\ConstraintsRecovery\assets\tankwar\asset13,36,38,TankWar_P1|TankWar_P2|TankWar_P3|TankWar_P4|TankWar_P5
C:\Users\JBNU\git\ConstraintsRecovery\assets\tankwar\asset13:IF:8-358,G4,TankWar_P1|TankWar_P2|TankWar_P3|TankWar_P4|TankWar_P5,E64,METHOD,Maler$$fuer_PC.drawImage,UNKNOWN,0.2,0.05,C:\Users\JBNU\git\ConstraintsRecovery\assets\tankwar\asset13,39,353,TankWar_P1|TankWar_P2|TankWar_P3|TankWar_P4|TankWar_P5
C:\Users\JBNU\git\ConstraintsRecovery\assets\tankwar\asset13:IF:8-358,G4,TankWar_P1|TankWar_P2|TankWar_P3|TankWar_P4|TankWar_P5,E65,METHOD,Maler$$fuer_PC.loadimage,UNKNOWN,0.2,0.05,C:\Users\JBNU\git\ConstraintsRecovery\assets\tankwar\asset13,354,357,TankWar_P1|TankWar_P2|TankWar_P3|TankWar_P4|TankWar_P5
C:\Users\JBNU\git\ConstraintsRecovery\assets\tankwar\asset14:IF:8-384,G4,TankWar_P1|TankWar_P2|TankWar_P3|TankWar_P4|TankWar_P5,E66,CLASS,Tank$$TankWar,UNKNOWN,0.2,0.05,C:\Users\JBNU\git\ConstraintsRecovery\assets\tankwar\asset14,14,384,TankWar_P1|TankWar_P2|TankWar_P3|TankWar_P4|TankWar_P5
C:\Users\JBNU\git\ConstraintsRecovery\assets\tankwar\asset14:IF:8-384,G4,TankWar_P1|TankWar_P2|TankWar_P3|TankWar_P4|TankWar_P5,E67,FIELD,Tank$$TankWar.geschwindigkeit,UNKNOWN,0.2,0.05,C:\Users\JBNU\git\ConstraintsRecovery\assets\tankwar\asset14,15,15,TankWar_P1|TankWar_P2|TankWar_P3|TankWar_P4|TankWar_P5
C:\Users\JBNU\git\ConstraintsRecovery\assets\tankwar\asset14:IF:8-384,G4,TankWar_P1|TankWar_P2|TankWar_P3|TankWar_P4|TankWar_P5,E68,FIELD,Tank$$TankWar.xf_Koordinate,UNKNOWN,0.2,0.05,C:\Users\JBNU\git\ConstraintsRecovery\assets\tankwar\asset14,15,15,TankWar_P1|TankWar_P2|TankWar_P3|TankWar_P4|TankWar_P5
C:\Users\JBNU\git\ConstraintsRecovery\assets\tankwar\asset14:IF:8-384,G4,TankWar_P1|TankWar_P2|TankWar_P3|TankWar_P4|TankWar_P5,E69,FIELD,Tank$$TankWar.yf_Koordinate,UNKNOWN,0.2,0.05,C:\Users\JBNU\git\ConstraintsRecovery\assets\tankwar\asset14,15,15,TankWar_P1|TankWar_P2|TankWar_P3|TankWar_P4|TankWar_P5
C:\Users\JBNU\git\ConstraintsRecovery\assets\tankwar\asset14:IF:8-384,G4,TankWar_P1|TankWar_P2|TankWar_P3|TankWar_P4|TankWar_P5,E70,FIELD,Tank$$TankWar.currTime,UNKNOWN,0.2,0.05,C:\Users\JBNU\git\ConstraintsRecovery\assets\tankwar\asset14,16,16,TankWar_P1|TankWar_P2|TankWar_P3|TankWar_P4|TankWar_P5
C:\Users\JBNU\git\ConstraintsRecovery\assets\tankwar\asset14:IF:8-384,G4,TankWar_P1|TankWar_P2|TankWar_P3|TankWar_P4|TankWar_P5,E71,FIELD,Tank$$TankWar.time,UNKNOWN,0.2,0.05,C:\Users\JBNU\git\ConstraintsRecovery\assets\tankwar\asset14,17,17,TankWar_P1|TankWar_P2|TankWar_P3|TankWar_P4|TankWar_P5
C:\Users\JBNU\git\ConstraintsRecovery\assets\tankwar\asset14:IF:8-384,G4,TankWar_P1|TankWar_P2|TankWar_P3|TankWar_P4|TankWar_P5,E72,FIELD,Tank$$TankWar.time1,UNKNOWN,0.2,0.05,C:\Users\JBNU\git\ConstraintsRecovery\assets\tankwar\asset14,17,17,TankWar_P1|TankWar_P2|TankWar_P3|TankWar_P4|TankWar_P5
C:\Users\JBNU\git\ConstraintsRecovery\assets\tankwar\asset14:IF:8-384,G4,TankWar_P1|TankWar_P2|TankWar_P3|TankWar_P4|TankWar_P5,E73,FIELD,Tank$$TankWar.missileType,UNKNOWN,0.2,0.05,C:\Users\JBNU\git\ConstraintsRecovery\assets\tankwar\asset14,18,18,TankWar_P1|TankWar_P2|TankWar_P3|TankWar_P4|TankWar_P5
C:\Users\JBNU\git\ConstraintsRecovery\assets\tankwar\asset14:IF:8-384,G4,TankWar_P1|TankWar_P2|TankWar_P3|TankWar_P4|TankWar_P5,E74,FIELD,Tank$$TankWar.feuernKontroller,UNKNOWN,0.2,0.05,C:\Users\JBNU\git\ConstraintsRecovery\assets\tankwar\asset14,19,19,TankWar_P1|TankWar_P2|TankWar_P3|TankWar_P4|TankWar_P5
C:\Users\JBNU\git\ConstraintsRecovery\assets\tankwar\asset14:IF:8-384,G4,TankWar_P1|TankWar_P2|TankWar_P3|TankWar_P4|TankWar_P5,E75,FIELD,Tank$$TankWar.feuernHaufigkeit,UNKNOWN,0.2,0.05,C:\Users\JBNU\git\ConstraintsRecovery\assets\tankwar\asset14,20,20,TankWar_P1|TankWar_P2|TankWar_P3|TankWar_P4|TankWar_P5
C:\Users\JBNU\git\ConstraintsRecovery\assets\tankwar\asset14:IF:8-384,G4,TankWar_P1|TankWar_P2|TankWar_P3|TankWar_P4|TankWar_P5,E76,FIELD,Tank$$TankWar.energie,UNKNOWN,0.2,0.05,C:\Users\JBNU\git\ConstraintsRecovery\assets\tankwar\asset14,21,21,TankWar_P1|TankWar_P2|TankWar_P3|TankWar_P4|TankWar_P5
C:\Users\JBNU\git\ConstraintsRecovery\assets\tankwar\asset14:IF:8-384,G4,TankWar_P1|TankWar_P2|TankWar_P3|TankWar_P4|TankWar_P5,E77,FIELD,Tank$$TankWar.random,UNKNOWN,0.2,0.05,C:\Users\JBNU\git\ConstraintsRecovery\assets\tankwar\asset14,22,22,TankWar_P1|TankWar_P2|TankWar_P3|TankWar_P4|TankWar_P5
C:\Users\JBNU\git\ConstraintsRecovery\assets\tankwar\asset14:IF:8-384,G4,TankWar_P1|TankWar_P2|TankWar_P3|TankWar_P4|TankWar_P5,E78,FIELD,Tank$$TankWar.aktive,UNKNOWN,0.2,0.05,C:\Users\JBNU\git\ConstraintsRecovery\assets\tankwar\asset14,23,23,TankWar_P1|TankWar_P2|TankWar_P3|TankWar_P4|TankWar_P5
C:\Users\JBNU\git\ConstraintsRecovery\assets\tankwar\asset14:IF:8-384,G4,TankWar_P1|TankWar_P2|TankWar_P3|TankWar_P4|TankWar_P5,E79,FIELD,Tank$$TankWar.feuern,UNKNOWN,0.2,0.05,C:\Users\JBNU\git\ConstraintsRecovery\assets\tankwar\asset14,24,24,TankWar_P1|TankWar_P2|TankWar_P3|TankWar_P4|TankWar_P5
C:\Users\JBNU\git\ConstraintsRecovery\assets\tankwar\asset14:IF:8-384,G4,TankWar_P1|TankWar_P2|TankWar_P3|TankWar_P4|TankWar_P5,E80,FIELD,Tank$$TankWar.keyDown,UNKNOWN,0.2,0.05,C:\Users\JBNU\git\ConstraintsRecovery\assets\tankwar\asset14,25,25,TankWar_P1|TankWar_P2|TankWar_P3|TankWar_P4|TankWar_P5
C:\Users\JBNU\git\ConstraintsRecovery\assets\tankwar\asset14:IF:8-384,G4,TankWar_P1|TankWar_P2|TankWar_P3|TankWar_P4|TankWar_P5,E81,FIELD,Tank$$TankWar.keyLeft,UNKNOWN,0.2,0.05,C:\Users\JBNU\git\ConstraintsRecovery\assets\tankwar\asset14,25,25,TankWar_P1|TankWar_P2|TankWar_P3|TankWar_P4|TankWar_P5
C:\Users\JBNU\git\ConstraintsRecovery\assets\tankwar\asset14:IF:8-384,G4,TankWar_P1|TankWar_P2|TankWar_P3|TankWar_P4|TankWar_P5,E82,FIELD,Tank$$TankWar.keyRight,UNKNOWN,0.2,0.05,C:\Users\JBNU\git\ConstraintsRecovery\assets\tankwar\asset14,25,25,TankWar_P1|TankWar_P2|TankWar_P3|TankWar_P4|TankWar_P5
C:\Users\JBNU\git\ConstraintsRecovery\assets\tankwar\asset14:IF:8-384,G4,TankWar_P1|TankWar_P2|TankWar_P3|TankWar_P4|TankWar_P5,E83,FIELD,Tank$$TankWar.keyUp,UNKNOWN,0.2,0.05,C:\Users\JBNU\git\ConstraintsRecovery\assets\tankwar\asset14,25,25,TankWar_P1|TankWar_P2|TankWar_P3|TankWar_P4|TankWar_P5
C:\Users\JBNU\git\ConstraintsRecovery\assets\tankwar\asset14:IF:8-384,G4,TankWar_P1|TankWar_P2|TankWar_P3|TankWar_P4|TankWar_P5,E84,FIELD,Tank$$TankWar.flachHeit,UNKNOWN,0.2,0.05,C:\Users\JBNU\git\ConstraintsRecovery\assets\tankwar\asset14,26,26,TankWar_P1|TankWar_P2|TankWar_P3|TankWar_P4|TankWar_P5
C:\Users\JBNU\git\ConstraintsRecovery\assets\tankwar\asset14:IF:8-384,G4,TankWar_P1|TankWar_P2|TankWar_P3|TankWar_P4|TankWar_P5,E85,FIELD,Tank$$TankWar.feindlich,UNKNOWN,0.2,0.05,C:\Users\JBNU\git\ConstraintsRecovery\assets\tankwar\asset14,27,27,TankWar_P1|TankWar_P2|TankWar_P3|TankWar_P4|TankWar_P5
C:\Users\JBNU\git\ConstraintsRecovery\assets\tankwar\asset14:IF:8-384,G4,TankWar_P1|TankWar_P2|TankWar_P3|TankWar_P4|TankWar_P5,E86,FIELD,Tank$$TankWar.beschId,UNKNOWN,0.2,0.05,C:\Users\JBNU\git\ConstraintsRecovery\assets\tankwar\asset14,28,28,TankWar_P1|TankWar_P2|TankWar_P3|TankWar_P4|TankWar_P5
C:\Users\JBNU\git\ConstraintsRecovery\assets\tankwar\asset14:IF:8-384,G4,TankWar_P1|TankWar_P2|TankWar_P3|TankWar_P4|TankWar_P5,E87,FIELD,Tank$$TankWar.elapsedTime,UNKNOWN,0.2,0.05,C:\Users\JBNU\git\ConstraintsRecovery\assets\tankwar\asset14,29,29,TankWar_P1|TankWar_P2|TankWar_P3|TankWar_P4|TankWar_P5
C:\Users\JBNU\git\ConstraintsRecovery\assets\tankwar\asset14:IF:8-384,G4,TankWar_P1|TankWar_P2|TankWar_P3|TankWar_P4|TankWar_P5,E88,FIELD,Tank$$TankWar.flachHeitRichtung,UNKNOWN,0.2,0.05,C:\Users\JBNU\git\ConstraintsRecovery\assets\tankwar\asset14,30,30,TankWar_P1|TankWar_P2|TankWar_P3|TankWar_P4|TankWar_P5
C:\Users\JBNU\git\ConstraintsRecovery\assets\tankwar\asset14:IF:8-384,G4,TankWar_P1|TankWar_P2|TankWar_P3|TankWar_P4|TankWar_P5,E89,FIELD,Tank$$TankWar.fahrRichtung,UNKNOWN,0.2,0.05,C:\Users\JBNU\git\ConstraintsRecovery\assets\tankwar\asset14,31,31,TankWar_P1|TankWar_P2|TankWar_P3|TankWar_P4|TankWar_P5
C:\Users\JBNU\git\ConstraintsRecovery\assets\tankwar\asset14:IF:8-384,G4,TankWar_P1|TankWar_P2|TankWar_P3|TankWar_P4|TankWar_P5,E90,FIELD,Tank$$TankWar.tankRichtung,UNKNOWN,0.2,0.05,C:\Users\JBNU\git\ConstraintsRecovery\assets\tankwar\asset14,31,31,TankWar_P1|TankWar_P2|TankWar_P3|TankWar_P4|TankWar_P5
C:\Users\JBNU\git\ConstraintsRecovery\assets\tankwar\asset14:IF:8-384,G4,TankWar_P1|TankWar_P2|TankWar_P3|TankWar_P4|TankWar_P5,E91,CONSTRUCTOR,Tank$$TankWar.Tank$$TankWar,UNKNOWN,0.2,0.05,C:\Users\JBNU\git\ConstraintsRecovery\assets\tankwar\asset14,32,34,TankWar_P1|TankWar_P2|TankWar_P3|TankWar_P4|TankWar_P5
C:\Users\JBNU\git\ConstraintsRecovery\assets\tankwar\asset14:IF:8-384,G4,TankWar_P1|TankWar_P2|TankWar_P3|TankWar_P4|TankWar_P5,E92,METHOD,Tank$$TankWar.init,UNKNOWN,0.2,0.05,C:\Users\JBNU\git\ConstraintsRecovery\assets\tankwar\asset14,35,112,TankWar_P1|TankWar_P2|TankWar_P3|TankWar_P4|TankWar_P5
C:\Users\JBNU\git\ConstraintsRecovery\assets\tankwar\asset14:IF:8-384,G4,TankWar_P1|TankWar_P2|TankWar_P3|TankWar_P4|TankWar_P5,E93,METHOD,Tank$$TankWar.malen,UNKNOWN,0.2,0.05,C:\Users\JBNU\git\ConstraintsRecovery\assets\tankwar\asset14,113,131,TankWar_P1|TankWar_P2|TankWar_P3|TankWar_P4|TankWar_P5
C:\Users\JBNU\git\ConstraintsRecovery\assets\tankwar\asset14:IF:8-384,G4,TankWar_P1|TankWar_P2|TankWar_P3|TankWar_P4|TankWar_P5,E94,METHOD,Tank$$TankWar.tankMalen,UNKNOWN,0.2,0.05,C:\Users\JBNU\git\ConstraintsRecovery\assets\tankwar\asset14,132,136,TankWar_P1|TankWar_P2|TankWar_P3|TankWar_P4|TankWar_P5
C:\Users\JBNU\git\ConstraintsRecovery\assets\tankwar\asset14:IF:8-384,G4,TankWar_P1|TankWar_P2|TankWar_P3|TankWar_P4|TankWar_P5,E95,METHOD,Tank$$TankWar.geschuetzTurm,UNKNOWN,0.2,0.05,C:\Users\JBNU\git\ConstraintsRecovery\assets\tankwar\asset14,137,157,TankWar_P1|TankWar_P2|TankWar_P3|TankWar_P4|TankWar_P5
C:\Users\JBNU\git\ConstraintsRecovery\assets\tankwar\asset14:IF:8-384,G4,TankWar_P1|TankWar_P2|TankWar_P3|TankWar_P4|TankWar_P5,E96,METHOD,Tank$$TankWar.keyPressBehandeln,UNKNOWN,0.2,0.05,C:\Users\JBNU\git\ConstraintsRecovery\assets\tankwar\asset14,158,189,TankWar_P1|TankWar_P2|TankWar_P3|TankWar_P4|TankWar_P5
C:\Users\JBNU\git\ConstraintsRecovery\assets\tankwar\asset14:IF:8-384,G4,TankWar_P1|TankWar_P2|TankWar_P3|TankWar_P4|TankWar_P5,E97,METHOD,Tank$$TankWar.keyReleaseBehandeln,UNKNOWN,0.2,0.05,C:\Users\JBNU\git\ConstraintsRecovery\assets\tankwar\asset14,190,209,TankWar_P1|TankWar_P2|TankWar_P3|TankWar_P4|TankWar_P5
C:\Users\JBNU\git\ConstraintsRecovery\assets\tankwar\asset14:IF:8-384,G4,TankWar_P1|TankWar_P2|TankWar_P3|TankWar_P4|TankWar_P5,E98,METHOD,Tank$$TankWar.richtungErkennen,UNKNOWN,0.2,0.05,C:\Users\JBNU\git\ConstraintsRecovery\assets\tankwar\asset14,210,229,TankWar_P1|TankWar_P2|TankWar_P3|TankWar_P4|TankWar_P5
C:\Users\JBNU\git\ConstraintsRecovery\assets\tankwar\asset14:IF:8-384,G4,TankWar_P1|TankWar_P2|TankWar_P3|TankWar_P4|TankWar_P5,E99,METHOD,Tank$$TankWar.feuern,UNKNOWN,0.2,0.05,C:\Users\JBNU\git\ConstraintsRecovery\assets\tankwar\asset14,230,235,TankWar_P1|TankWar_P2|TankWar_P3|TankWar_P4|TankWar_P5
C:\Users\JBNU\git\ConstraintsRecovery\assets\tankwar\asset14:IF:8-384,G4,TankWar_P1|TankWar_P2|TankWar_P3|TankWar_P4|TankWar_P5,E100,METHOD,Tank$$TankWar.koordinateAktualisieren,UNKNOWN,0.2,0.05,C:\Users\JBNU\git\ConstraintsRecovery\assets\tankwar\asset14,236,366,TankWar_P1|TankWar_P2|TankWar_P3|TankWar_P4|TankWar_P5
C:\Users\JBNU\git\ConstraintsRecovery\assets\tankwar\asset14:IF:8-384,G4,TankWar_P1|TankWar_P2|TankWar_P3|TankWar_P4|TankWar_P5,E101,METHOD,Tank$$TankWar.tankFeindKI,UNKNOWN,0.2,0.05,C:\Users\JBNU\git\ConstraintsRecovery\assets\tankwar\asset14,367,368,TankWar_P1|TankWar_P2|TankWar_P3|TankWar_P4|TankWar_P5
C:\Users\JBNU\git\ConstraintsRecovery\assets\tankwar\asset14:IF:8-384,G4,TankWar_P1|TankWar_P2|TankWar_P3|TankWar_P4|TankWar_P5,E102,METHOD,Tank$$TankWar.beschaedigen,UNKNOWN,0.2,0.05,C:\Users\JBNU\git\ConstraintsRecovery\assets\tankwar\asset14,369,375,TankWar_P1|TankWar_P2|TankWar_P3|TankWar_P4|TankWar_P5
C:\Users\JBNU\git\ConstraintsRecovery\assets\tankwar\asset14:IF:8-384,G4,TankWar_P1|TankWar_P2|TankWar_P3|TankWar_P4|TankWar_P5,E103,METHOD,Tank$$TankWar.explodieren,UNKNOWN,0.2,0.05,C:\Users\JBNU\git\ConstraintsRecovery\assets\tankwar\asset14,376,381,TankWar_P1|TankWar_P2|TankWar_P3|TankWar_P4|TankWar_P5
C:\Users\JBNU\git\ConstraintsRecovery\assets\tankwar\asset14:IF:8-384,G4,TankWar_P1|TankWar_P2|TankWar_P3|TankWar_P4|TankWar_P5,E104,METHOD,Tank$$TankWar.toolBehandeln,UNKNOWN,0.2,0.05,C:\Users\JBNU\git\ConstraintsRecovery\assets\tankwar\asset14,382,383,TankWar_P1|TankWar_P2|TankWar_P3|TankWar_P4|TankWar_P5
C:\Users\JBNU\git\ConstraintsRecovery\assets\tankwar\asset15:IF:8-281,G4,TankWar_P1|TankWar_P2|TankWar_P3|TankWar_P4|TankWar_P5,E105,CLASS,Menu,UNKNOWN,0.2,0.05,C:\Users\JBNU\git\ConstraintsRecovery\assets\tankwar\asset15,18,281,TankWar_P1|TankWar_P2|TankWar_P3|TankWar_P4|TankWar_P5
C:\Users\JBNU\git\ConstraintsRecovery\assets\tankwar\asset15:IF:8-281,G4,TankWar_P1|TankWar_P2|TankWar_P3|TankWar_P4|TankWar_P5,E106,FIELD,Menu.options,UNKNOWN,0.2,0.05,C:\Users\JBNU\git\ConstraintsRecovery\assets\tankwar\asset15,19,19,TankWar_P1|TankWar_P2|TankWar_P3|TankWar_P4|TankWar_P5
C:\Users\JBNU\git\ConstraintsRecovery\assets\tankwar\asset15:IF:8-281,G4,TankWar_P1|TankWar_P2|TankWar_P3|TankWar_P4|TankWar_P5,E107,FIELD,Menu.logoXK,UNKNOWN,0.2,0.05,C:\Users\JBNU\git\ConstraintsRecovery\assets\tankwar\asset15,20,20,TankWar_P1|TankWar_P2|TankWar_P3|TankWar_P4|TankWar_P5
C:\Users\JBNU\git\ConstraintsRecovery\assets\tankwar\asset15:IF:8-281,G4,TankWar_P1|TankWar_P2|TankWar_P3|TankWar_P4|TankWar_P5,E108,FIELD,Menu.logoYK,UNKNOWN,0.2,0.05,C:\Users\JBNU\git\ConstraintsRecovery\assets\tankwar\asset15,20,20,TankWar_P1|TankWar_P2|TankWar_P3|TankWar_P4|TankWar_P5
C:\Users\JBNU\git\ConstraintsRecovery\assets\tankwar\asset15:IF:8-281,G4,TankWar_P1|TankWar_P2|TankWar_P3|TankWar_P4|TankWar_P5,E109,FIELD,Menu.zeileAbstand,UNKNOWN,0.2,0.05,C:\Users\JBNU\git\ConstraintsRecovery\assets\tankwar\asset15,21,21,TankWar_P1|TankWar_P2|TankWar_P3|TankWar_P4|TankWar_P5
C:\Users\JBNU\git\ConstraintsRecovery\assets\tankwar\asset15:IF:8-281,G4,TankWar_P1|TankWar_P2|TankWar_P3|TankWar_P4|TankWar_P5,E110,FIELD,Menu.maler,UNKNOWN,0.2,0.05,C:\Users\JBNU\git\ConstraintsRecovery\assets\tankwar\asset15,22,22,TankWar_P1|TankWar_P2|TankWar_P3|TankWar_P4|TankWar_P5
C:\Users\JBNU\git\ConstraintsRecovery\assets\tankwar\asset15:IF:8-281,G4,TankWar_P1|TankWar_P2|TankWar_P3|TankWar_P4|TankWar_P5,E111,FIELD,Menu.logoimage,UNKNOWN,0.2,0.05,C:\Users\JBNU\git\ConstraintsRecovery\assets\tankwar\asset15,23,23,TankWar_P1|TankWar_P2|TankWar_P3|TankWar_P4|TankWar_P5
C:\Users\JBNU\git\ConstraintsRecovery\assets\tankwar\asset15:IF:8-281,G4,TankWar_P1|TankWar_P2|TankWar_P3|TankWar_P4|TankWar_P5,E112,FIELD,Menu.style,UNKNOWN,0.2,0.05,C:\Users\JBNU\git\ConstraintsRecovery\assets\tankwar\asset15,24,24,TankWar_P1|TankWar_P2|TankWar_P3|TankWar_P4|TankWar_P5
C:\Users\JBNU\git\ConstraintsRecovery\assets\tankwar\asset15:IF:8-281,G4,TankWar_P1|TankWar_P2|TankWar_P3|TankWar_P4|TankWar_P5,E113,FIELD,Menu.xStyle,UNKNOWN,0.2,0.05,C:\Users\JBNU\git\ConstraintsRecovery\assets\tankwar\asset15,25,25,TankWar_P1|TankWar_P2|TankWar_P3|TankWar_P4|TankWar_P5
C:\Users\JBNU\git\ConstraintsRecovery\assets\tankwar\asset15:IF:8-281,G4,TankWar_P1|TankWar_P2|TankWar_P3|TankWar_P4|TankWar_P5,E114,FIELD,Menu.yStyle,UNKNOWN,0.2,0.05,C:\Users\JBNU\git\ConstraintsRecovery\assets\tankwar\asset15,25,25,TankWar_P1|TankWar_P2|TankWar_P3|TankWar_P4|TankWar_P5
C:\Users\JBNU\git\ConstraintsRecovery\assets\tankwar\asset15:IF:8-281,G4,TankWar_P1|TankWar_P2|TankWar_P3|TankWar_P4|TankWar_P5,E115,FIELD,Menu.x_KoordinateImage,UNKNOWN,0.2,0.05,C:\Users\JBNU\git\ConstraintsRecovery\assets\tankwar\asset15,26,26,TankWar_P1|TankWar_P2|TankWar_P3|TankWar_P4|TankWar_P5
C:\Users\JBNU\git\ConstraintsRecovery\assets\tankwar\asset15:IF:8-281,G4,TankWar_P1|TankWar_P2|TankWar_P3|TankWar_P4|TankWar_P5,E116,FIELD,Menu.y_KoordinateImage,UNKNOWN,0.2,0.05,C:\Users\JBNU\git\ConstraintsRecovery\assets\tankwar\asset15,26,26,TankWar_P1|TankWar_P2|TankWar_P3|TankWar_P4|TankWar_P5
C:\Users\JBNU\git\ConstraintsRecovery\assets\tankwar\asset15:IF:8-281,G4,TankWar_P1|TankWar_P2|TankWar_P3|TankWar_P4|TankWar_P5,E117,FIELD,Menu.waehlbar,UNKNOWN,0.2,0.05,C:\Users\JBNU\git\ConstraintsRecovery\assets\tankwar\asset15,27,27,TankWar_P1|TankWar_P2|TankWar_P3|TankWar_P4|TankWar_P5
C:\Users\JBNU\git\ConstraintsRecovery\assets\tankwar\asset15:IF:8-281,G4,TankWar_P1|TankWar_P2|TankWar_P3|TankWar_P4|TankWar_P5,E118,FIELD,Menu.fontSize,UNKNOWN,0.2,0.05,C:\Users\JBNU\git\ConstraintsRecovery\assets\tankwar\asset15,28,28,TankWar_P1|TankWar_P2|TankWar_P3|TankWar_P4|TankWar_P5
C:\Users\JBNU\git\ConstraintsRecovery\assets\tankwar\asset15:IF:8-281,G4,TankWar_P1|TankWar_P2|TankWar_P3|TankWar_P4|TankWar_P5,E119,FIELD,Menu.font,UNKNOWN,0.2,0.05,C:\Users\JBNU\git\ConstraintsRecovery\assets\tankwar\asset15,29,29,TankWar_P1|TankWar_P2|TankWar_P3|TankWar_P4|TankWar_P5
C:\Users\JBNU\git\ConstraintsRecovery\assets\tankwar\asset15:IF:8-281,G4,TankWar_P1|TankWar_P2|TankWar_P3|TankWar_P4|TankWar_P5,E120,CONSTRUCTOR,Menu.Menu,UNKNOWN,0.2,0.05,C:\Users\JBNU\git\ConstraintsRecovery\assets\tankwar\asset15,30,34,TankWar_P1|TankWar_P2|TankWar_P3|TankWar_P4|TankWar_P5
C:\Users\JBNU\git\ConstraintsRecovery\assets\tankwar\asset15:IF:8-281,G4,TankWar_P1|TankWar_P2|TankWar_P3|TankWar_P4|TankWar_P5,E121,METHOD,Menu.addLogo,UNKNOWN,0.2,0.05,C:\Users\JBNU\git\ConstraintsRecovery\assets\tankwar\asset15,35,37,TankWar_P1|TankWar_P2|TankWar_P3|TankWar_P4|TankWar_P5
C:\Users\JBNU\git\ConstraintsRecovery\assets\tankwar\asset15:IF:8-281,G4,TankWar_P1|TankWar_P2|TankWar_P3|TankWar_P4|TankWar_P5,E122,METHOD,Menu.setLogoKoordinate,UNKNOWN,0.2,0.05,C:\Users\JBNU\git\ConstraintsRecovery\assets\tankwar\asset15,38,41,TankWar_P1|TankWar_P2|TankWar_P3|TankWar_P4|TankWar_P5
C:\Users\JBNU\git\ConstraintsRecovery\assets\tankwar\asset15:IF:8-281,G4,TankWar_P1|TankWar_P2|TankWar_P3|TankWar_P4|TankWar_P5,E123,METHOD,Menu.setKoordinateImage,UNKNOWN,0.2,0.05,C:\Users\JBNU\git\ConstraintsRecovery\assets\tankwar\asset15,42,45,TankWar_P1|TankWar_P2|TankWar_P3|TankWar_P4|TankWar_P5
C:\Users\JBNU\git\ConstraintsRecovery\assets\tankwar\asset15:IF:8-281,G4,TankWar_P1|TankWar_P2|TankWar_P3|TankWar_P4|TankWar_P5,E124,METHOD,Menu.setZeileAbstand,UNKNOWN,0.2,0.05,C:\Users\JBNU\git\ConstraintsRecovery\assets\tankwar\asset15,46,48,TankWar_P1|TankWar_P2|TankWar_P3|TankWar_P4|TankWar_P5
C:\Users\JBNU\git\ConstraintsRecovery\assets\tankwar\asset15:IF:8-281,G4,TankWar_P1|TankWar_P2|TankWar_P3|TankWar_P4|TankWar_P5,E125,METHOD,Menu.setStyle,UNKNOWN,0.2,0.05,C:\Users\JBNU\git\ConstraintsRecovery\assets\tankwar\asset15,49,69,TankWar_P1|TankWar_P2|TankWar_P3|TankWar_P4|TankWar_P5
C:\Users\JBNU\git\ConstraintsRecovery\assets\tankwar\asset15:IF:8-281,G4,TankWar_P1|TankWar_P2|TankWar_P3|TankWar_P4|TankWar_P5,E126,METHOD,Menu.setWaehlbar,UNKNOWN,0.2,0.05,C:\Users\JBNU\git\ConstraintsRecovery\assets\tankwar\asset15,70,72,TankWar_P1|TankWar_P2|TankWar_P3|TankWar_P4|TankWar_P5
C:\Users\JBNU\git\ConstraintsRecovery\assets\tankwar\asset15:IF:8-281,G4,TankWar_P1|TankWar_P2|TankWar_P3|TankWar_P4|TankWar_P5,E127,METHOD,Menu.setFontSize,UNKNOWN,0.2,0.05,C:\Users\JBNU\git\ConstraintsRecovery\assets\tankwar\asset15,73,75,TankWar_P1|TankWar_P2|TankWar_P3|TankWar_P4|TankWar_P5
C:\Users\JBNU\git\ConstraintsRecovery\assets\tankwar\asset15:IF:8-281,G4,TankWar_P1|TankWar_P2|TankWar_P3|TankWar_P4|TankWar_P5,E128,METHOD,Menu.add,UNKNOWN,0.2,0.05,C:\Users\JBNU\git\ConstraintsRecovery\assets\tankwar\asset15,76,107,TankWar_P1|TankWar_P2|TankWar_P3|TankWar_P4|TankWar_P5
C:\Users\JBNU\git\ConstraintsRecovery\assets\tankwar\asset15:IF:8-281,G4,TankWar_P1|TankWar_P2|TankWar_P3|TankWar_P4|TankWar_P5,E129,METHOD,Menu.add,UNKNOWN,0.2,0.05,C:\Users\JBNU\git\ConstraintsRecovery\assets\tankwar\asset15,108,139,TankWar_P1|TankWar_P2|TankWar_P3|TankWar_P4|TankWar_P5
C:\Users\JBNU\git\ConstraintsRecovery\assets\tankwar\asset15:IF:8-281,G4,TankWar_P1|TankWar_P2|TankWar_P3|TankWar_P4|TankWar_P5,E130,METHOD,Menu.add,UNKNOWN,0.2,0.05,C:\Users\JBNU\git\ConstraintsRecovery\assets\tankwar\asset15,140,171,TankWar_P1|TankWar_P2|TankWar_P3|TankWar_P4|TankWar_P5
C:\Users\JBNU\git\ConstraintsRecovery\assets\tankwar\asset15:IF:8-281,G4,TankWar_P1|TankWar_P2|TankWar_P3|TankWar_P4|TankWar_P5,E131,METHOD,Menu.KeyBehandeln,UNKNOWN,0.2,0.05,C:\Users\JBNU\git\ConstraintsRecovery\assets\tankwar\asset15,172,211,TankWar_P1|TankWar_P2|TankWar_P3|TankWar_P4|TankWar_P5
C:\Users\JBNU\git\ConstraintsRecovery\assets\tankwar\asset15:IF:8-281,G4,TankWar_P1|TankWar_P2|TankWar_P3|TankWar_P4|TankWar_P5,E132,METHOD,Menu.erscheinen,UNKNOWN,0.2,0.05,C:\Users\JBNU\git\ConstraintsRecovery\assets\tankwar\asset15,212,280,TankWar_P1|TankWar_P2|TankWar_P3|TankWar_P4|TankWar_P5
C:\Users\JBNU\git\ConstraintsRecovery\assets\tankwar\asset16:IF:8-49,G4,TankWar_P1|TankWar_P2|TankWar_P3|TankWar_P4|TankWar_P5,E133,CLASS,InfoPanel,DOMAIN_SUPPORT,0.65,0.05,C:\Users\JBNU\git\ConstraintsRecovery\assets\tankwar\asset16,14,49,TankWar_P1|TankWar_P2|TankWar_P3|TankWar_P4|TankWar_P5
C:\Users\JBNU\git\ConstraintsRecovery\assets\tankwar\asset16:IF:8-49,G4,TankWar_P1|TankWar_P2|TankWar_P3|TankWar_P4|TankWar_P5,E134,FIELD,InfoPanel.maler,UNKNOWN,0.2,0.05,C:\Users\JBNU\git\ConstraintsRecovery\assets\tankwar\asset16,15,15,TankWar_P1|TankWar_P2|TankWar_P3|TankWar_P4|TankWar_P5
C:\Users\JBNU\git\ConstraintsRecovery\assets\tankwar\asset16:IF:8-49,G4,TankWar_P1|TankWar_P2|TankWar_P3|TankWar_P4|TankWar_P5,E135,FIELD,InfoPanel.behalter,UNKNOWN,0.2,0.05,C:\Users\JBNU\git\ConstraintsRecovery\assets\tankwar\asset16,16,16,TankWar_P1|TankWar_P2|TankWar_P3|TankWar_P4|TankWar_P5
C:\Users\JBNU\git\ConstraintsRecovery\assets\tankwar\asset16:IF:8-49,G4,TankWar_P1|TankWar_P2|TankWar_P3|TankWar_P4|TankWar_P5,E136,FIELD,InfoPanel.INFO_WIDTH,UNKNOWN,0.2,0.05,C:\Users\JBNU\git\ConstraintsRecovery\assets\tankwar\asset16,17,17,TankWar_P1|TankWar_P2|TankWar_P3|TankWar_P4|TankWar_P5
C:\Users\JBNU\git\ConstraintsRecovery\assets\tankwar\asset16:IF:8-49,G4,TankWar_P1|TankWar_P2|TankWar_P3|TankWar_P4|TankWar_P5,E137,CONSTRUCTOR,InfoPanel.InfoPanel,DOMAIN_SUPPORT,0.65,0.05,C:\Users\JBNU\git\ConstraintsRecovery\assets\tankwar\asset16,18,24,TankWar_P1|TankWar_P2|TankWar_P3|TankWar_P4|TankWar_P5
C:\Users\JBNU\git\ConstraintsRecovery\assets\tankwar\asset16:IF:8-49,G4,TankWar_P1|TankWar_P2|TankWar_P3|TankWar_P4|TankWar_P5,E138,METHOD,InfoPanel.paint,UNKNOWN,0.2,0.05,C:\Users\JBNU\git\ConstraintsRecovery\assets\tankwar\asset16,25,48,TankWar_P1|TankWar_P2|TankWar_P3|TankWar_P4|TankWar_P5
C:\Users\JBNU\git\ConstraintsRecovery\assets\tankwar\asset17:IF:8-36,G4,TankWar_P1|TankWar_P2|TankWar_P3|TankWar_P4|TankWar_P5,E139,CLASS,Option,UNKNOWN,0.2,0.05,C:\Users\JBNU\git\ConstraintsRecovery\assets\tankwar\asset17,10,36,TankWar_P1|TankWar_P2|TankWar_P3|TankWar_P4|TankWar_P5
C:\Users\JBNU\git\ConstraintsRecovery\assets\tankwar\asset17:IF:8-36,G4,TankWar_P1|TankWar_P2|TankWar_P3|TankWar_P4|TankWar_P5,E140,FIELD,Option.status,UNKNOWN,0.2,0.05,C:\Users\JBNU\git\ConstraintsRecovery\assets\tankwar\asset17,11,11,TankWar_P1|TankWar_P2|TankWar_P3|TankWar_P4|TankWar_P5
C:\Users\JBNU\git\ConstraintsRecovery\assets\tankwar\asset17:IF:8-36,G4,TankWar_P1|TankWar_P2|TankWar_P3|TankWar_P4|TankWar_P5,E141,FIELD,Option.str,UNKNOWN,0.2,0.05,C:\Users\JBNU\git\ConstraintsRecovery\assets\tankwar\asset17,12,12,TankWar_P1|TankWar_P2|TankWar_P3|TankWar_P4|TankWar_P5
C:\Users\JBNU\git\ConstraintsRecovery\assets\tankwar\asset17:IF:8-36,G4,TankWar_P1|TankWar_P2|TankWar_P3|TankWar_P4|TankWar_P5,E142,FIELD,Option.img,UNKNOWN,0.2,0.05,C:\Users\JBNU\git\ConstraintsRecovery\assets\tankwar\asset17,13,13,TankWar_P1|TankWar_P2|TankWar_P3|TankWar_P4|TankWar_P5
C:\Users\JBNU\git\ConstraintsRecovery\assets\tankwar\asset17:IF:8-36,G4,TankWar_P1|TankWar_P2|TankWar_P3|TankWar_P4|TankWar_P5,E143,FIELD,Option.img2,UNKNOWN,0.2,0.05,C:\Users\JBNU\git\ConstraintsRecovery\assets\tankwar\asset17,13,13,TankWar_P1|TankWar_P2|TankWar_P3|TankWar_P4|TankWar_P5
C:\Users\JBNU\git\ConstraintsRecovery\assets\tankwar\asset17:IF:8-36,G4,TankWar_P1|TankWar_P2|TankWar_P3|TankWar_P4|TankWar_P5,E144,FIELD,Option.prioritaet,UNKNOWN,0.2,0.05,C:\Users\JBNU\git\ConstraintsRecovery\assets\tankwar\asset17,14,14,TankWar_P1|TankWar_P2|TankWar_P3|TankWar_P4|TankWar_P5
C:\Users\JBNU\git\ConstraintsRecovery\assets\tankwar\asset17:IF:8-36,G4,TankWar_P1|TankWar_P2|TankWar_P3|TankWar_P4|TankWar_P5,E145,CONSTRUCTOR,Option.Option,UNKNOWN,0.2,0.05,C:\Users\JBNU\git\ConstraintsRecovery\assets\tankwar\asset17,15,21,TankWar_P1|TankWar_P2|TankWar_P3|TankWar_P4|TankWar_P5
C:\Users\JBNU\git\ConstraintsRecovery\assets\tankwar\asset17:IF:8-36,G4,TankWar_P1|TankWar_P2|TankWar_P3|TankWar_P4|TankWar_P5,E146,CONSTRUCTOR,Option.Option,UNKNOWN,0.2,0.05,C:\Users\JBNU\git\ConstraintsRecovery\assets\tankwar\asset17,22,28,TankWar_P1|TankWar_P2|TankWar_P3|TankWar_P4|TankWar_P5
C:\Users\JBNU\git\ConstraintsRecovery\assets\tankwar\asset17:IF:8-36,G4,TankWar_P1|TankWar_P2|TankWar_P3|TankWar_P4|TankWar_P5,E147,CONSTRUCTOR,Option.Option,UNKNOWN,0.2,0.05,C:\Users\JBNU\git\ConstraintsRecovery\assets\tankwar\asset17,29,35,TankWar_P1|TankWar_P2|TankWar_P3|TankWar_P4|TankWar_P5
C:\Users\JBNU\git\ConstraintsRecovery\assets\tankwar\asset18:ELIF:11-12,G12,TankWar_P2,E149,INTERFACE,GameManager,UNKNOWN,0.2,0.05,C:\Users\JBNU\git\ConstraintsRecovery\assets\tankwar\asset18,12,35,TankWar_P2
C:\Users\JBNU\git\ConstraintsRecovery\assets\tankwar\asset18:IF:8-35,G4,TankWar_P1|TankWar_P2|TankWar_P3|TankWar_P4|TankWar_P5,E150,FIELD,GameManager$$TankWar.MAIN_MENU,APPLICATION_ORCHESTRATION,0.35,0.2,C:\Users\JBNU\git\ConstraintsRecovery\assets\tankwar\asset18,14,14,TankWar_P1|TankWar_P3|TankWar_P4|TankWar_P5
C:\Users\JBNU\git\ConstraintsRecovery\assets\tankwar\asset18:IF:8-35,G4,TankWar_P1|TankWar_P2|TankWar_P3|TankWar_P4|TankWar_P5,E151,FIELD,GameManager.MAIN_MENU,APPLICATION_ORCHESTRATION,0.35,0.2,C:\Users\JBNU\git\ConstraintsRecovery\assets\tankwar\asset18,14,14,TankWar_P2
C:\Users\JBNU\git\ConstraintsRecovery\assets\tankwar\asset18:IF:8-35,G4,TankWar_P1|TankWar_P2|TankWar_P3|TankWar_P4|TankWar_P5,E152,FIELD,GameManager$$TankWar.TANK_WAEHLEN,UNKNOWN,0.2,0.05,C:\Users\JBNU\git\ConstraintsRecovery\assets\tankwar\asset18,15,15,TankWar_P1|TankWar_P3|TankWar_P4|TankWar_P5
C:\Users\JBNU\git\ConstraintsRecovery\assets\tankwar\asset18:IF:8-35,G4,TankWar_P1|TankWar_P2|TankWar_P3|TankWar_P4|TankWar_P5,E153,FIELD,GameManager.TANK_WAEHLEN,UNKNOWN,0.2,0.05,C:\Users\JBNU\git\ConstraintsRecovery\assets\tankwar\asset18,15,15,TankWar_P2
C:\Users\JBNU\git\ConstraintsRecovery\assets\tankwar\asset18:IF:8-35,G4,TankWar_P1|TankWar_P2|TankWar_P3|TankWar_P4|TankWar_P5,E154,FIELD,GameManager$$TankWar.SPIELEN,UNKNOWN,0.2,0.05,C:\Users\JBNU\git\ConstraintsRecovery\assets\tankwar\asset18,16,16,TankWar_P1|TankWar_P3|TankWar_P4|TankWar_P5
C:\Users\JBNU\git\ConstraintsRecovery\assets\tankwar\asset18:IF:8-35,G4,TankWar_P1|TankWar_P2|TankWar_P3|TankWar_P4|TankWar_P5,E155,FIELD,GameManager.SPIELEN,UNKNOWN,0.2,0.05,C:\Users\JBNU\git\ConstraintsRecovery\assets\tankwar\asset18,16,16,TankWar_P2
C:\Users\JBNU\git\ConstraintsRecovery\assets\tankwar\asset18:IF:8-35,G4,TankWar_P1|TankWar_P2|TankWar_P3|TankWar_P4|TankWar_P5,E156,FIELD,GameManager$$TankWar.NOTE,UNKNOWN,0.2,0.05,C:\Users\JBNU\git\ConstraintsRecovery\assets\tankwar\asset18,17,17,TankWar_P1|TankWar_P3|TankWar_P4|TankWar_P5
C:\Users\JBNU\git\ConstraintsRecovery\assets\tankwar\asset18:IF:8-35,G4,TankWar_P1|TankWar_P2|TankWar_P3|TankWar_P4|TankWar_P5,E157,FIELD,GameManager.NOTE,UNKNOWN,0.2,0.05,C:\Users\JBNU\git\ConstraintsRecovery\assets\tankwar\asset18,17,17,TankWar_P2
C:\Users\JBNU\git\ConstraintsRecovery\assets\tankwar\asset18:IF:8-35,G4,TankWar_P1|TankWar_P2|TankWar_P3|TankWar_P4|TankWar_P5,E158,FIELD,GameManager$$TankWar.HELP,UNKNOWN,0.2,0.05,C:\Users\JBNU\git\ConstraintsRecovery\assets\tankwar\asset18,18,18,TankWar_P1|TankWar_P3|TankWar_P4|TankWar_P5
C:\Users\JBNU\git\ConstraintsRecovery\assets\tankwar\asset18:IF:8-35,G4,TankWar_P1|TankWar_P2|TankWar_P3|TankWar_P4|TankWar_P5,E159,FIELD,GameManager.HELP,UNKNOWN,0.2,0.05,C:\Users\JBNU\git\ConstraintsRecovery\assets\tankwar\asset18,18,18,TankWar_P2
C:\Users\JBNU\git\ConstraintsRecovery\assets\tankwar\asset18:IF:8-35,G4,TankWar_P1|TankWar_P2|TankWar_P3|TankWar_P4|TankWar_P5,E160,FIELD,GameManager$$TankWar.LIAN_WANG,UNKNOWN,0.2,0.05,C:\Users\JBNU\git\ConstraintsRecovery\assets\tankwar\asset18,19,19,TankWar_P1|TankWar_P3|TankWar_P4|TankWar_P5
C:\Users\JBNU\git\ConstraintsRecovery\assets\tankwar\asset18:IF:8-35,G4,TankWar_P1|TankWar_P2|TankWar_P3|TankWar_P4|TankWar_P5,E161,FIELD,GameManager.LIAN_WANG,UNKNOWN,0.2,0.05,C:\Users\JBNU\git\ConstraintsRecovery\assets\tankwar\asset18,19,19,TankWar_P2
C:\Users\JBNU\git\ConstraintsRecovery\assets\tankwar\asset18:IF:8-35,G4,TankWar_P1|TankWar_P2|TankWar_P3|TankWar_P4|TankWar_P5,E162,FIELD,GameManager$$TankWar.BANG_ZHU,UNKNOWN,0.2,0.05,C:\Users\JBNU\git\ConstraintsRecovery\assets\tankwar\asset18,20,20,TankWar_P1|TankWar_P3|TankWar_P4|TankWar_P5
C:\Users\JBNU\git\ConstraintsRecovery\assets\tankwar\asset18:IF:8-35,G4,TankWar_P1|TankWar_P2|TankWar_P3|TankWar_P4|TankWar_P5,E163,FIELD,GameManager.BANG_ZHU,UNKNOWN,0.2,0.05,C:\Users\JBNU\git\ConstraintsRecovery\assets\tankwar\asset18,20,20,TankWar_P2
C:\Users\JBNU\git\ConstraintsRecovery\assets\tankwar\asset18:IF:8-35,G4,TankWar_P1|TankWar_P2|TankWar_P3|TankWar_P4|TankWar_P5,E164,FIELD,GameManager$$TankWar.KAI_FA,UNKNOWN,0.2,0.05,C:\Users\JBNU\git\ConstraintsRecovery\assets\tankwar\asset18,21,21,TankWar_P1|TankWar_P3|TankWar_P4|TankWar_P5
C:\Users\JBNU\git\ConstraintsRecovery\assets\tankwar\asset18:IF:8-35,G4,TankWar_P1|TankWar_P2|TankWar_P3|TankWar_P4|TankWar_P5,E165,FIELD,GameManager.KAI_FA,UNKNOWN,0.2,0.05,C:\Users\JBNU\git\ConstraintsRecovery\assets\tankwar\asset18,21,21,TankWar_P2
C:\Users\JBNU\git\ConstraintsRecovery\assets\tankwar\asset18:IF:8-35,G4,TankWar_P1|TankWar_P2|TankWar_P3|TankWar_P4|TankWar_P5,E166,FIELD,GameManager$$TankWar.PAUSE,UNKNOWN,0.2,0.05,C:\Users\JBNU\git\ConstraintsRecovery\assets\tankwar\asset18,22,22,TankWar_P1|TankWar_P3|TankWar_P4|TankWar_P5
C:\Users\JBNU\git\ConstraintsRecovery\assets\tankwar\asset18:IF:8-35,G4,TankWar_P1|TankWar_P2|TankWar_P3|TankWar_P4|TankWar_P5,E167,FIELD,GameManager.PAUSE,UNKNOWN,0.2,0.05,C:\Users\JBNU\git\ConstraintsRecovery\assets\tankwar\asset18,22,22,TankWar_P2
C:\Users\JBNU\git\ConstraintsRecovery\assets\tankwar\asset18:IF:8-35,G4,TankWar_P1|TankWar_P2|TankWar_P3|TankWar_P4|TankWar_P5,E168,FIELD,GameManager$$TankWar.EXIT,UNKNOWN,0.2,0.05,C:\Users\JBNU\git\ConstraintsRecovery\assets\tankwar\asset18,23,23,TankWar_P1|TankWar_P3|TankWar_P4|TankWar_P5
C:\Users\JBNU\git\ConstraintsRecovery\assets\tankwar\asset18:IF:8-35,G4,TankWar_P1|TankWar_P2|TankWar_P3|TankWar_P4|TankWar_P5,E169,FIELD,GameManager.EXIT,UNKNOWN,0.2,0.05,C:\Users\JBNU\git\ConstraintsRecovery\assets\tankwar\asset18,23,23,TankWar_P2
C:\Users\JBNU\git\ConstraintsRecovery\assets\tankwar\asset18:IF:8-35,G4,TankWar_P1|TankWar_P2|TankWar_P3|TankWar_P4|TankWar_P5,E170,FIELD,GameManager$$TankWar.NAME_VERGEBEN,UNKNOWN,0.2,0.05,C:\Users\JBNU\git\ConstraintsRecovery\assets\tankwar\asset18,24,24,TankWar_P1|TankWar_P3|TankWar_P4|TankWar_P5
C:\Users\JBNU\git\ConstraintsRecovery\assets\tankwar\asset18:IF:8-35,G4,TankWar_P1|TankWar_P2|TankWar_P3|TankWar_P4|TankWar_P5,E171,FIELD,GameManager.NAME_VERGEBEN,UNKNOWN,0.2,0.05,C:\Users\JBNU\git\ConstraintsRecovery\assets\tankwar\asset18,24,24,TankWar_P2
C:\Users\JBNU\git\ConstraintsRecovery\assets\tankwar\asset18:IF:8-35,G4,TankWar_P1|TankWar_P2|TankWar_P3|TankWar_P4|TankWar_P5,E172,FIELD,GameManager$$TankWar.LOSE,UNKNOWN,0.2,0.05,C:\Users\JBNU\git\ConstraintsRecovery\assets\tankwar\asset18,25,25,TankWar_P1|TankWar_P3|TankWar_P4|TankWar_P5
C:\Users\JBNU\git\ConstraintsRecovery\assets\tankwar\asset18:IF:8-35,G4,TankWar_P1|TankWar_P2|TankWar_P3|TankWar_P4|TankWar_P5,E173,FIELD,GameManager.LOSE,UNKNOWN,0.2,0.05,C:\Users\JBNU\git\ConstraintsRecovery\assets\tankwar\asset18,25,25,TankWar_P2
C:\Users\JBNU\git\ConstraintsRecovery\assets\tankwar\asset18:IF:8-35,G4,TankWar_P1|TankWar_P2|TankWar_P3|TankWar_P4|TankWar_P5,E174,FIELD,GameManager$$TankWar.LEVEL,UNKNOWN,0.2,0.05,C:\Users\JBNU\git\ConstraintsRecovery\assets\tankwar\asset18,26,26,TankWar_P1|TankWar_P3|TankWar_P4|TankWar_P5
C:\Users\JBNU\git\ConstraintsRecovery\assets\tankwar\asset18:IF:8-35,G4,TankWar_P1|TankWar_P2|TankWar_P3|TankWar_P4|TankWar_P5,E175,FIELD,GameManager.LEVEL,UNKNOWN,0.2,0.05,C:\Users\JBNU\git\ConstraintsRecovery\assets\tankwar\asset18,26,26,TankWar_P2
C:\Users\JBNU\git\ConstraintsRecovery\assets\tankwar\asset18:IF:8-35,G4,TankWar_P1|TankWar_P2|TankWar_P3|TankWar_P4|TankWar_P5,E176,FIELD,GameManager$$TankWar.WIN,UNKNOWN,0.2,0.05,C:\Users\JBNU\git\ConstraintsRecovery\assets\tankwar\asset18,27,27,TankWar_P1|TankWar_P3|TankWar_P4|TankWar_P5
C:\Users\JBNU\git\ConstraintsRecovery\assets\tankwar\asset18:IF:8-35,G4,TankWar_P1|TankWar_P2|TankWar_P3|TankWar_P4|TankWar_P5,E177,FIELD,GameManager.WIN,UNKNOWN,0.2,0.05,C:\Users\JBNU\git\ConstraintsRecovery\assets\tankwar\asset18,27,27,TankWar_P2
C:\Users\JBNU\git\ConstraintsRecovery\assets\tankwar\asset18:IF:8-35,G4,TankWar_P1|TankWar_P2|TankWar_P3|TankWar_P4|TankWar_P5,E178,METHOD,GameManager$$TankWar.aktualisieren,UNKNOWN,0.2,0.05,C:\Users\JBNU\git\ConstraintsRecovery\assets\tankwar\asset18,28,28,TankWar_P1|TankWar_P3|TankWar_P4|TankWar_P5
C:\Users\JBNU\git\ConstraintsRecovery\assets\tankwar\asset18:IF:8-35,G4,TankWar_P1|TankWar_P2|TankWar_P3|TankWar_P4|TankWar_P5,E179,METHOD,GameManager.aktualisieren,UNKNOWN,0.2,0.05,C:\Users\JBNU\git\ConstraintsRecovery\assets\tankwar\asset18,28,28,TankWar_P2
C:\Users\JBNU\git\ConstraintsRecovery\assets\tankwar\asset18:IF:8-35,G4,TankWar_P1|TankWar_P2|TankWar_P3|TankWar_P4|TankWar_P5,E180,METHOD,GameManager$$TankWar.malenkontrolle,UNKNOWN,0.2,0.05,C:\Users\JBNU\git\ConstraintsRecovery\assets\tankwar\asset18,29,29,TankWar_P1|TankWar_P3|TankWar_P4|TankWar_P5
C:\Users\JBNU\git\ConstraintsRecovery\assets\tankwar\asset18:IF:8-35,G4,TankWar_P1|TankWar_P2|TankWar_P3|TankWar_P4|TankWar_P5,E181,METHOD,GameManager.malenkontrolle,UNKNOWN,0.2,0.05,C:\Users\JBNU\git\ConstraintsRecovery\assets\tankwar\asset18,29,29,TankWar_P2
C:\Users\JBNU\git\ConstraintsRecovery\assets\tankwar\asset18:IF:8-35,G4,TankWar_P1|TankWar_P2|TankWar_P3|TankWar_P4|TankWar_P5,E182,METHOD,GameManager$$TankWar.keyPressBehandeln,UNKNOWN,0.2,0.05,C:\Users\JBNU\git\ConstraintsRecovery\assets\tankwar\asset18,30,30,TankWar_P1|TankWar_P3|TankWar_P4|TankWar_P5
C:\Users\JBNU\git\ConstraintsRecovery\assets\tankwar\asset18:IF:8-35,G4,TankWar_P1|TankWar_P2|TankWar_P3|TankWar_P4|TankWar_P5,E183,METHOD,GameManager.keyPressBehandeln,UNKNOWN,0.2,0.05,C:\Users\JBNU\git\ConstraintsRecovery\assets\tankwar\asset18,30,30,TankWar_P2
C:\Users\JBNU\git\ConstraintsRecovery\assets\tankwar\asset18:IF:8-35,G4,TankWar_P1|TankWar_P2|TankWar_P3|TankWar_P4|TankWar_P5,E184,METHOD,GameManager$$TankWar.keyReleaseBehandeln,UNKNOWN,0.2,0.05,C:\Users\JBNU\git\ConstraintsRecovery\assets\tankwar\asset18,31,31,TankWar_P1|TankWar_P3|TankWar_P4|TankWar_P5
C:\Users\JBNU\git\ConstraintsRecovery\assets\tankwar\asset18:IF:8-35,G4,TankWar_P1|TankWar_P2|TankWar_P3|TankWar_P4|TankWar_P5,E185,METHOD,GameManager.keyReleaseBehandeln,UNKNOWN,0.2,0.05,C:\Users\JBNU\git\ConstraintsRecovery\assets\tankwar\asset18,31,31,TankWar_P2
C:\Users\JBNU\git\ConstraintsRecovery\assets\tankwar\asset18:IF:8-35,G4,TankWar_P1|TankWar_P2|TankWar_P3|TankWar_P4|TankWar_P5,E186,METHOD,GameManager$$TankWar.setStatus,UNKNOWN,0.2,0.05,C:\Users\JBNU\git\ConstraintsRecovery\assets\tankwar\asset18,32,32,TankWar_P1|TankWar_P3|TankWar_P4|TankWar_P5
C:\Users\JBNU\git\ConstraintsRecovery\assets\tankwar\asset18:IF:8-35,G4,TankWar_P1|TankWar_P2|TankWar_P3|TankWar_P4|TankWar_P5,E187,METHOD,GameManager.setStatus,UNKNOWN,0.2,0.05,C:\Users\JBNU\git\ConstraintsRecovery\assets\tankwar\asset18,32,32,TankWar_P2
C:\Users\JBNU\git\ConstraintsRecovery\assets\tankwar\asset18:IF:8-35,G4,TankWar_P1|TankWar_P2|TankWar_P3|TankWar_P4|TankWar_P5,E188,METHOD,GameManager$$TankWar.getBlood,UNKNOWN,0.2,0.05,C:\Users\JBNU\git\ConstraintsRecovery\assets\tankwar\asset18,33,33,TankWar_P1|TankWar_P3|TankWar_P4|TankWar_P5
C:\Users\JBNU\git\ConstraintsRecovery\assets\tankwar\asset18:IF:8-35,G4,TankWar_P1|TankWar_P2|TankWar_P3|TankWar_P4|TankWar_P5,E189,METHOD,GameManager.getBlood,UNKNOWN,0.2,0.05,C:\Users\JBNU\git\ConstraintsRecovery\assets\tankwar\asset18,33,33,TankWar_P2
C:\Users\JBNU\git\ConstraintsRecovery\assets\tankwar\asset18:IF:8-35,G4,TankWar_P1|TankWar_P2|TankWar_P3|TankWar_P4|TankWar_P5,E190,METHOD,GameManager$$TankWar.getTankMenge,UNKNOWN,0.2,0.05,C:\Users\JBNU\git\ConstraintsRecovery\assets\tankwar\asset18,34,34,TankWar_P1|TankWar_P3|TankWar_P4|TankWar_P5
C:\Users\JBNU\git\ConstraintsRecovery\assets\tankwar\asset18:IF:8-35,G4,TankWar_P1|TankWar_P2|TankWar_P3|TankWar_P4|TankWar_P5,E191,METHOD,GameManager.getTankMenge,UNKNOWN,0.2,0.05,C:\Users\JBNU\git\ConstraintsRecovery\assets\tankwar\asset18,34,34,TankWar_P2
C:\Users\JBNU\git\ConstraintsRecovery\assets\tankwar\asset18:IF:9-10,G7,TankWar_P1|TankWar_P3|TankWar_P4|TankWar_P5,E148,INTERFACE,GameManager$$TankWar,UNKNOWN,0.2,0.05,C:\Users\JBNU\git\ConstraintsRecovery\assets\tankwar\asset18,10,35,TankWar_P1|TankWar_P3|TankWar_P4|TankWar_P5
C:\Users\JBNU\git\ConstraintsRecovery\assets\tankwar\asset19:IF:8-51,G4,TankWar_P1|TankWar_P2|TankWar_P3|TankWar_P4|TankWar_P5,E192,CLASS,Tool$$Tools,UNKNOWN,0.2,0.05,C:\Users\JBNU\git\ConstraintsRecovery\assets\tankwar\asset19,9,51,TankWar_P1|TankWar_P2|TankWar_P3|TankWar_P4|TankWar_P5
C:\Users\JBNU\git\ConstraintsRecovery\assets\tankwar\asset19:IF:8-51,G4,TankWar_P1|TankWar_P2|TankWar_P3|TankWar_P4|TankWar_P5,E193,FIELD,Tool$$Tools.time,UNKNOWN,0.2,0.05,C:\Users\JBNU\git\ConstraintsRecovery\assets\tankwar\asset19,10,10,TankWar_P1|TankWar_P2|TankWar_P3|TankWar_P4|TankWar_P5
C:\Users\JBNU\git\ConstraintsRecovery\assets\tankwar\asset19:IF:8-51,G4,TankWar_P1|TankWar_P2|TankWar_P3|TankWar_P4|TankWar_P5,E194,FIELD,Tool$$Tools.currTime,UNKNOWN,0.2,0.05,C:\Users\JBNU\git\ConstraintsRecovery\assets\tankwar\asset19,11,11,TankWar_P1|TankWar_P2|TankWar_P3|TankWar_P4|TankWar_P5
C:\Users\JBNU\git\ConstraintsRecovery\assets\tankwar\asset19:IF:8-51,G4,TankWar_P1|TankWar_P2|TankWar_P3|TankWar_P4|TankWar_P5,E195,FIELD,Tool$$Tools.tankId,UNKNOWN,0.2,0.05,C:\Users\JBNU\git\ConstraintsRecovery\assets\tankwar\asset19,12,12,TankWar_P1|TankWar_P2|TankWar_P3|TankWar_P4|TankWar_P5
C:\Users\JBNU\git\ConstraintsRecovery\assets\tankwar\asset19:IF:8-51,G4,TankWar_P1|TankWar_P2|TankWar_P3|TankWar_P4|TankWar_P5,E196,CONSTRUCTOR,Tool$$Tools.Tool$$Tools,UNKNOWN,0.2,0.05,C:\Users\JBNU\git\ConstraintsRecovery\assets\tankwar\asset19,13,15,TankWar_P1|TankWar_P2|TankWar_P3|TankWar_P4|TankWar_P5
C:\Users\JBNU\git\ConstraintsRecovery\assets\tankwar\asset19:IF:8-51,G4,TankWar_P1|TankWar_P2|TankWar_P3|TankWar_P4|TankWar_P5,E197,METHOD,Tool$$Tools.init,UNKNOWN,0.2,0.05,C:\Users\JBNU\git\ConstraintsRecovery\assets\tankwar\asset19,16,20,TankWar_P1|TankWar_P2|TankWar_P3|TankWar_P4|TankWar_P5
C:\Users\JBNU\git\ConstraintsRecovery\assets\tankwar\asset19:IF:8-51,G4,TankWar_P1|TankWar_P2|TankWar_P3|TankWar_P4|TankWar_P5,E198,METHOD,Tool$$Tools.malen,UNKNOWN,0.2,0.05,C:\Users\JBNU\git\ConstraintsRecovery\assets\tankwar\asset19,21,32,TankWar_P1|TankWar_P2|TankWar_P3|TankWar_P4|TankWar_P5
C:\Users\JBNU\git\ConstraintsRecovery\assets\tankwar\asset19:IF:8-51,G4,TankWar_P1|TankWar_P2|TankWar_P3|TankWar_P4|TankWar_P5,E199,METHOD,Tool$$Tools.toolMalen,UNKNOWN,0.2,0.05,C:\Users\JBNU\git\ConstraintsRecovery\assets\tankwar\asset19,33,35,TankWar_P1|TankWar_P2|TankWar_P3|TankWar_P4|TankWar_P5
C:\Users\JBNU\git\ConstraintsRecovery\assets\tankwar\asset19:IF:8-51,G4,TankWar_P1|TankWar_P2|TankWar_P3|TankWar_P4|TankWar_P5,E200,METHOD,Tool$$Tools.treffenErkennen,UNKNOWN,0.2,0.05,C:\Users\JBNU\git\ConstraintsRecovery\assets\tankwar\asset19,36,47,TankWar_P1|TankWar_P2|TankWar_P3|TankWar_P4|TankWar_P5
C:\Users\JBNU\git\ConstraintsRecovery\assets\tankwar\asset19:IF:8-51,G4,TankWar_P1|TankWar_P2|TankWar_P3|TankWar_P4|TankWar_P5,E201,METHOD,Tool$$Tools.remove,UNKNOWN,0.2,0.05,C:\Users\JBNU\git\ConstraintsRecovery\assets\tankwar\asset19,48,50,TankWar_P1|TankWar_P2|TankWar_P3|TankWar_P4|TankWar_P5
C:\Users\JBNU\git\ConstraintsRecovery\assets\tankwar\asset1:IF:8-128,G4,TankWar_P1|TankWar_P2|TankWar_P3|TankWar_P4|TankWar_P5,E1,CLASS,Missile$$TankWar,UNKNOWN,0.2,0.05,C:\Users\JBNU\git\ConstraintsRecovery\assets\tankwar\asset1,12,128,TankWar_P1|TankWar_P2|TankWar_P3|TankWar_P4|TankWar_P5
C:\Users\JBNU\git\ConstraintsRecovery\assets\tankwar\asset1:IF:8-128,G4,TankWar_P1|TankWar_P2|TankWar_P3|TankWar_P4|TankWar_P5,E2,FIELD,Missile$$TankWar.geschwindigkeit,UNKNOWN,0.2,0.05,C:\Users\JBNU\git\ConstraintsRecovery\assets\tankwar\asset1,13,13,TankWar_P1|TankWar_P2|TankWar_P3|TankWar_P4|TankWar_P5
C:\Users\JBNU\git\ConstraintsRecovery\assets\tankwar\asset1:IF:8-128,G4,TankWar_P1|TankWar_P2|TankWar_P3|TankWar_P4|TankWar_P5,E3,FIELD,Missile$$TankWar.xf_Koordinate,UNKNOWN,0.2,0.05,C:\Users\JBNU\git\ConstraintsRecovery\assets\tankwar\asset1,13,13,TankWar_P1|TankWar_P2|TankWar_P3|TankWar_P4|TankWar_P5
C:\Users\JBNU\git\ConstraintsRecovery\assets\tankwar\asset1:IF:8-128,G4,TankWar_P1|TankWar_P2|TankWar_P3|TankWar_P4|TankWar_P5,E4,FIELD,Missile$$TankWar.yf_Koordinate,UNKNOWN,0.2,0.05,C:\Users\JBNU\git\ConstraintsRecovery\assets\tankwar\asset1,13,13,TankWar_P1|TankWar_P2|TankWar_P3|TankWar_P4|TankWar_P5
C:\Users\JBNU\git\ConstraintsRecovery\assets\tankwar\asset1:IF:8-128,G4,TankWar_P1|TankWar_P2|TankWar_P3|TankWar_P4|TankWar_P5,E5,FIELD,Missile$$TankWar.currTime,UNKNOWN,0.2,0.05,C:\Users\JBNU\git\ConstraintsRecovery\assets\tankwar\asset1,14,14,TankWar_P1|TankWar_P2|TankWar_P3|TankWar_P4|TankWar_P5
C:\Users\JBNU\git\ConstraintsRecovery\assets\tankwar\asset1:IF:8-128,G4,TankWar_P1|TankWar_P2|TankWar_P3|TankWar_P4|TankWar_P5,E6,FIELD,Missile$$TankWar.tankId,UNKNOWN,0.2,0.05,C:\Users\JBNU\git\ConstraintsRecovery\assets\tankwar\asset1,15,15,TankWar_P1|TankWar_P2|TankWar_P3|TankWar_P4|TankWar_P5
C:\Users\JBNU\git\ConstraintsRecovery\assets\tankwar\asset1:IF:8-128,G4,TankWar_P1|TankWar_P2|TankWar_P3|TankWar_P4|TankWar_P5,E7,FIELD,Missile$$TankWar.missileRichtung,UNKNOWN,0.2,0.05,C:\Users\JBNU\git\ConstraintsRecovery\assets\tankwar\asset1,16,16,TankWar_P1|TankWar_P2|TankWar_P3|TankWar_P4|TankWar_P5
C:\Users\JBNU\git\ConstraintsRecovery\assets\tankwar\asset1:IF:8-128,G4,TankWar_P1|TankWar_P2|TankWar_P3|TankWar_P4|TankWar_P5,E8,FIELD,Missile$$TankWar.vernichtungskraft,UNKNOWN,0.2,0.05,C:\Users\JBNU\git\ConstraintsRecovery\assets\tankwar\asset1,17,17,TankWar_P1|TankWar_P2|TankWar_P3|TankWar_P4|TankWar_P5
C:\Users\JBNU\git\ConstraintsRecovery\assets\tankwar\asset1:IF:8-128,G4,TankWar_P1|TankWar_P2|TankWar_P3|TankWar_P4|TankWar_P5,E9,FIELD,Missile$$TankWar.feindlich,UNKNOWN,0.2,0.05,C:\Users\JBNU\git\ConstraintsRecovery\assets\tankwar\asset1,18,18,TankWar_P1|TankWar_P2|TankWar_P3|TankWar_P4|TankWar_P5
C:\Users\JBNU\git\ConstraintsRecovery\assets\tankwar\asset1:IF:8-128,G4,TankWar_P1|TankWar_P2|TankWar_P3|TankWar_P4|TankWar_P5,E10,CONSTRUCTOR,Missile$$TankWar.Missile$$TankWar,UNKNOWN,0.2,0.05,C:\Users\JBNU\git\ConstraintsRecovery\assets\tankwar\asset1,19,21,TankWar_P1|TankWar_P2|TankWar_P3|TankWar_P4|TankWar_P5
C:\Users\JBNU\git\ConstraintsRecovery\assets\tankwar\asset1:IF:8-128,G4,TankWar_P1|TankWar_P2|TankWar_P3|TankWar_P4|TankWar_P5,E11,METHOD,Missile$$TankWar.init,UNKNOWN,0.2,0.05,C:\Users\JBNU\git\ConstraintsRecovery\assets\tankwar\asset1,22,67,TankWar_P1|TankWar_P2|TankWar_P3|TankWar_P4|TankWar_P5
C:\Users\JBNU\git\ConstraintsRecovery\assets\tankwar\asset1:IF:8-128,G4,TankWar_P1|TankWar_P2|TankWar_P3|TankWar_P4|TankWar_P5,E12,METHOD,Missile$$TankWar.malen,UNKNOWN,0.2,0.05,C:\Users\JBNU\git\ConstraintsRecovery\assets\tankwar\asset1,68,77,TankWar_P1|TankWar_P2|TankWar_P3|TankWar_P4|TankWar_P5
C:\Users\JBNU\git\ConstraintsRecovery\assets\tankwar\asset1:IF:8-128,G4,TankWar_P1|TankWar_P2|TankWar_P3|TankWar_P4|TankWar_P5,E13,METHOD,Missile$$TankWar.koordinateAktualisieren,UNKNOWN,0.2,0.05,C:\Users\JBNU\git\ConstraintsRecovery\assets\tankwar\asset1,78,101,TankWar_P1|TankWar_P2|TankWar_P3|TankWar_P4|TankWar_P5
C:\Users\JBNU\git\ConstraintsRecovery\assets\tankwar\asset1:IF:8-128,G4,TankWar_P1|TankWar_P2|TankWar_P3|TankWar_P4|TankWar_P5,E14,METHOD,Missile$$TankWar.treffenErkennen,UNKNOWN,0.2,0.05,C:\Users\JBNU\git\ConstraintsRecovery\assets\tankwar\asset1,102,121,TankWar_P1|TankWar_P2|TankWar_P3|TankWar_P4|TankWar_P5
C:\Users\JBNU\git\ConstraintsRecovery\assets\tankwar\asset1:IF:8-128,G4,TankWar_P1|TankWar_P2|TankWar_P3|TankWar_P4|TankWar_P5,E15,METHOD,Missile$$TankWar.explodieren,UNKNOWN,0.2,0.05,C:\Users\JBNU\git\ConstraintsRecovery\assets\tankwar\asset1,122,124,TankWar_P1|TankWar_P2|TankWar_P3|TankWar_P4|TankWar_P5
C:\Users\JBNU\git\ConstraintsRecovery\assets\tankwar\asset1:IF:8-128,G4,TankWar_P1|TankWar_P2|TankWar_P3|TankWar_P4|TankWar_P5,E16,METHOD,Missile$$TankWar.remove,UNKNOWN,0.2,0.05,C:\Users\JBNU\git\ConstraintsRecovery\assets\tankwar\asset1,125,127,TankWar_P1|TankWar_P2|TankWar_P3|TankWar_P4|TankWar_P5
C:\Users\JBNU\git\ConstraintsRecovery\assets\tankwar\asset20:ELIF:11-12,G20,TankWar_P4,E249,CLASS,Tool,UNKNOWN,0.2,0.05,C:\Users\JBNU\git\ConstraintsRecovery\assets\tankwar\asset20,12,41,TankWar_P4
C:\Users\JBNU\git\ConstraintsRecovery\assets\tankwar\asset20:ELIF:13-14,G22,TankWar_P5,E250,CLASS,Tool,UNKNOWN,0.2,0.05,C:\Users\JBNU\git\ConstraintsRecovery\assets\tankwar\asset20,14,41,TankWar_P5
C:\Users\JBNU\git\ConstraintsRecovery\assets\tankwar\asset20:IF:8-41,G4,TankWar_P1|TankWar_P2|TankWar_P3|TankWar_P4|TankWar_P5,E251,CONSTRUCTOR,Tool.Tool,UNKNOWN,0.2,0.05,C:\Users\JBNU\git\ConstraintsRecovery\assets\tankwar\asset20,16,18,TankWar_P1|TankWar_P2|TankWar_P3|TankWar_P4|TankWar_P5
C:\Users\JBNU\git\ConstraintsRecovery\assets\tankwar\asset20:IF:8-41,G4,TankWar_P1|TankWar_P2|TankWar_P3|TankWar_P4|TankWar_P5,E252,METHOD,Tool.toolMalen,UNKNOWN,0.2,0.05,C:\Users\JBNU\git\ConstraintsRecovery\assets\tankwar\asset20,19,40,TankWar_P1|TankWar_P2|TankWar_P3|TankWar_P4|TankWar_P5
C:\Users\JBNU\git\ConstraintsRecovery\assets\tankwar\asset20:IF:9-10,G3,TankWar_P1|TankWar_P2|TankWar_P3,E248,CLASS,Tool,UNKNOWN,0.2,0.05,C:\Users\JBNU\git\ConstraintsRecovery\assets\tankwar\asset20,10,41,TankWar_P1|TankWar_P2|TankWar_P3
C:\Users\JBNU\git\ConstraintsRecovery\assets\tankwar\asset21:IF:8-24,G4,TankWar_P1|TankWar_P2|TankWar_P3|TankWar_P4|TankWar_P5,E253,CLASS,MalerZeit,UNKNOWN,0.2,0.05,C:\Users\JBNU\git\ConstraintsRecovery\assets\tankwar\asset21,9,24,TankWar_P1|TankWar_P2|TankWar_P3|TankWar_P4|TankWar_P5
C:\Users\JBNU\git\ConstraintsRecovery\assets\tankwar\asset21:IF:8-24,G4,TankWar_P1|TankWar_P2|TankWar_P3|TankWar_P4|TankWar_P5,E254,FIELD,MalerZeit.gameManager,UNKNOWN,0.2,0.05,C:\Users\JBNU\git\ConstraintsRecovery\assets\tankwar\asset21,10,10,TankWar_P1|TankWar_P2|TankWar_P3|TankWar_P4|TankWar_P5
C:\Users\JBNU\git\ConstraintsRecovery\assets\tankwar\asset21:IF:8-24,G4,TankWar_P1|TankWar_P2|TankWar_P3|TankWar_P4|TankWar_P5,E255,CONSTRUCTOR,MalerZeit.MalerZeit,UNKNOWN,0.2,0.05,C:\Users\JBNU\git\ConstraintsRecovery\assets\tankwar\asset21,11,13,TankWar_P1|TankWar_P2|TankWar_P3|TankWar_P4|TankWar_P5
C:\Users\JBNU\git\ConstraintsRecovery\assets\tankwar\asset21:IF:8-24,G4,TankWar_P1|TankWar_P2|TankWar_P3|TankWar_P4|TankWar_P5,E256,METHOD,MalerZeit.run,UNKNOWN,0.2,0.05,C:\Users\JBNU\git\ConstraintsRecovery\assets\tankwar\asset21,14,23,TankWar_P1|TankWar_P2|TankWar_P3|TankWar_P4|TankWar_P5
C:\Users\JBNU\git\ConstraintsRecovery\assets\tankwar\asset22:IF:8-80,G4,TankWar_P1|TankWar_P2|TankWar_P3|TankWar_P4|TankWar_P5,E257,CLASS,GameObject,UNKNOWN,0.2,0.05,C:\Users\JBNU\git\ConstraintsRecovery\assets\tankwar\asset22,10,80,TankWar_P1|TankWar_P2|TankWar_P3|TankWar_P4|TankWar_P5
C:\Users\JBNU\git\ConstraintsRecovery\assets\tankwar\asset22:IF:8-80,G4,TankWar_P1|TankWar_P2|TankWar_P3|TankWar_P4|TankWar_P5,E258,FIELD,GameObject.tankManager,UNKNOWN,0.2,0.05,C:\Users\JBNU\git\ConstraintsRecovery\assets\tankwar\asset22,11,11,TankWar_P1|TankWar_P2|TankWar_P3|TankWar_P4|TankWar_P5
C:\Users\JBNU\git\ConstraintsRecovery\assets\tankwar\asset22:IF:8-80,G4,TankWar_P1|TankWar_P2|TankWar_P3|TankWar_P4|TankWar_P5,E259,FIELD,GameObject.x_Koe,UNKNOWN,0.2,0.05,C:\Users\JBNU\git\ConstraintsRecovery\assets\tankwar\asset22,12,12,TankWar_P1|TankWar_P2|TankWar_P3|TankWar_P4|TankWar_P5
C:\Users\JBNU\git\ConstraintsRecovery\assets\tankwar\asset22:IF:8-80,G4,TankWar_P1|TankWar_P2|TankWar_P3|TankWar_P4|TankWar_P5,E260,FIELD,GameObject.x_Koordinate,UNKNOWN,0.2,0.05,C:\Users\JBNU\git\ConstraintsRecovery\assets\tankwar\asset22,12,12,TankWar_P1|TankWar_P2|TankWar_P3|TankWar_P4|TankWar_P5
C:\Users\JBNU\git\ConstraintsRecovery\assets\tankwar\asset22:IF:8-80,G4,TankWar_P1|TankWar_P2|TankWar_P3|TankWar_P4|TankWar_P5,E261,FIELD,GameObject.y_Koe,UNKNOWN,0.2,0.05,C:\Users\JBNU\git\ConstraintsRecovery\assets\tankwar\asset22,12,12,TankWar_P1|TankWar_P2|TankWar_P3|TankWar_P4|TankWar_P5
C:\Users\JBNU\git\ConstraintsRecovery\assets\tankwar\asset22:IF:8-80,G4,TankWar_P1|TankWar_P2|TankWar_P3|TankWar_P4|TankWar_P5,E262,FIELD,GameObject.y_Koordinate,UNKNOWN,0.2,0.05,C:\Users\JBNU\git\ConstraintsRecovery\assets\tankwar\asset22,12,12,TankWar_P1|TankWar_P2|TankWar_P3|TankWar_P4|TankWar_P5
C:\Users\JBNU\git\ConstraintsRecovery\assets\tankwar\asset22:IF:8-80,G4,TankWar_P1|TankWar_P2|TankWar_P3|TankWar_P4|TankWar_P5,E263,FIELD,GameObject.colorB,UNKNOWN,0.2,0.05,C:\Users\JBNU\git\ConstraintsRecovery\assets\tankwar\asset22,13,13,TankWar_P1|TankWar_P2|TankWar_P3|TankWar_P4|TankWar_P5
C:\Users\JBNU\git\ConstraintsRecovery\assets\tankwar\asset22:IF:8-80,G4,TankWar_P1|TankWar_P2|TankWar_P3|TankWar_P4|TankWar_P5,E264,FIELD,GameObject.colorG,UNKNOWN,0.2,0.05,C:\Users\JBNU\git\ConstraintsRecovery\assets\tankwar\asset22,13,13,TankWar_P1|TankWar_P2|TankWar_P3|TankWar_P4|TankWar_P5
C:\Users\JBNU\git\ConstraintsRecovery\assets\tankwar\asset22:IF:8-80,G4,TankWar_P1|TankWar_P2|TankWar_P3|TankWar_P4|TankWar_P5,E265,FIELD,GameObject.colorR,UNKNOWN,0.2,0.05,C:\Users\JBNU\git\ConstraintsRecovery\assets\tankwar\asset22,13,13,TankWar_P1|TankWar_P2|TankWar_P3|TankWar_P4|TankWar_P5
C:\Users\JBNU\git\ConstraintsRecovery\assets\tankwar\asset22:IF:8-80,G4,TankWar_P1|TankWar_P2|TankWar_P3|TankWar_P4|TankWar_P5,E266,FIELD,GameObject.objectType,UNKNOWN,0.2,0.05,C:\Users\JBNU\git\ConstraintsRecovery\assets\tankwar\asset22,14,14,TankWar_P1|TankWar_P2|TankWar_P3|TankWar_P4|TankWar_P5
C:\Users\JBNU\git\ConstraintsRecovery\assets\tankwar\asset22:IF:8-80,G4,TankWar_P1|TankWar_P2|TankWar_P3|TankWar_P4|TankWar_P5,E267,FIELD,GameObject.id,UNKNOWN,0.2,0.05,C:\Users\JBNU\git\ConstraintsRecovery\assets\tankwar\asset22,15,15,TankWar_P1|TankWar_P2|TankWar_P3|TankWar_P4|TankWar_P5
C:\Users\JBNU\git\ConstraintsRecovery\assets\tankwar\asset22:IF:8-80,G4,TankWar_P1|TankWar_P2|TankWar_P3|TankWar_P4|TankWar_P5,E268,FIELD,GameObject.objHeight,UNKNOWN,0.2,0.05,C:\Users\JBNU\git\ConstraintsRecovery\assets\tankwar\asset22,16,16,TankWar_P1|TankWar_P2|TankWar_P3|TankWar_P4|TankWar_P5
C:\Users\JBNU\git\ConstraintsRecovery\assets\tankwar\asset22:IF:8-80,G4,TankWar_P1|TankWar_P2|TankWar_P3|TankWar_P4|TankWar_P5,E269,FIELD,GameObject.objHeight_Koe,UNKNOWN,0.2,0.05,C:\Users\JBNU\git\ConstraintsRecovery\assets\tankwar\asset22,16,16,TankWar_P1|TankWar_P2|TankWar_P3|TankWar_P4|TankWar_P5
C:\Users\JBNU\git\ConstraintsRecovery\assets\tankwar\asset22:IF:8-80,G4,TankWar_P1|TankWar_P2|TankWar_P3|TankWar_P4|TankWar_P5,E270,FIELD,GameObject.objWidth,UNKNOWN,0.2,0.05,C:\Users\JBNU\git\ConstraintsRecovery\assets\tankwar\asset22,16,16,TankWar_P1|TankWar_P2|TankWar_P3|TankWar_P4|TankWar_P5
C:\Users\JBNU\git\ConstraintsRecovery\assets\tankwar\asset22:IF:8-80,G4,TankWar_P1|TankWar_P2|TankWar_P3|TankWar_P4|TankWar_P5,E271,FIELD,GameObject.objWidth_Koe,UNKNOWN,0.2,0.05,C:\Users\JBNU\git\ConstraintsRecovery\assets\tankwar\asset22,16,16,TankWar_P1|TankWar_P2|TankWar_P3|TankWar_P4|TankWar_P5
C:\Users\JBNU\git\ConstraintsRecovery\assets\tankwar\asset22:IF:8-80,G4,TankWar_P1|TankWar_P2|TankWar_P3|TankWar_P4|TankWar_P5,E272,FIELD,GameObject.zerstoerbarKeit,UNKNOWN,0.2,0.05,C:\Users\JBNU\git\ConstraintsRecovery\assets\tankwar\asset22,17,17,TankWar_P1|TankWar_P2|TankWar_P3|TankWar_P4|TankWar_P5
C:\Users\JBNU\git\ConstraintsRecovery\assets\tankwar\asset22:IF:8-80,G4,TankWar_P1|TankWar_P2|TankWar_P3|TankWar_P4|TankWar_P5,E273,CONSTRUCTOR,GameObject.GameObject,UNKNOWN,0.2,0.05,C:\Users\JBNU\git\ConstraintsRecovery\assets\tankwar\asset22,18,20,TankWar_P1|TankWar_P2|TankWar_P3|TankWar_P4|TankWar_P5
C:\Users\JBNU\git\ConstraintsRecovery\assets\tankwar\asset22:IF:8-80,G4,TankWar_P1|TankWar_P2|TankWar_P3|TankWar_P4|TankWar_P5,E274,CONSTRUCTOR,GameObject.GameObject,UNKNOWN,0.2,0.05,C:\Users\JBNU\git\ConstraintsRecovery\assets\tankwar\asset22,21,22,TankWar_P1|TankWar_P2|TankWar_P3|TankWar_P4|TankWar_P5
C:\Users\JBNU\git\ConstraintsRecovery\assets\tankwar\asset22:IF:8-80,G4,TankWar_P1|TankWar_P2|TankWar_P3|TankWar_P4|TankWar_P5,E275,METHOD,GameObject.init,UNKNOWN,0.2,0.05,C:\Users\JBNU\git\ConstraintsRecovery\assets\tankwar\asset22,23,35,TankWar_P1|TankWar_P2|TankWar_P3|TankWar_P4|TankWar_P5
C:\Users\JBNU\git\ConstraintsRecovery\assets\tankwar\asset22:IF:8-80,G4,TankWar_P1|TankWar_P2|TankWar_P3|TankWar_P4|TankWar_P5,E276,METHOD,GameObject.malen,UNKNOWN,0.2,0.05,C:\Users\JBNU\git\ConstraintsRecovery\assets\tankwar\asset22,36,39,TankWar_P1|TankWar_P2|TankWar_P3|TankWar_P4|TankWar_P5
C:\Users\JBNU\git\ConstraintsRecovery\assets\tankwar\asset22:IF:8-80,G4,TankWar_P1|TankWar_P2|TankWar_P3|TankWar_P4|TankWar_P5,E277,METHOD,GameObject.stossenGegen,UNKNOWN,0.2,0.05,C:\Users\JBNU\git\ConstraintsRecovery\assets\tankwar\asset22,40,50,TankWar_P1|TankWar_P2|TankWar_P3|TankWar_P4|TankWar_P5
C:\Users\JBNU\git\ConstraintsRecovery\assets\tankwar\asset22:IF:8-80,G4,TankWar_P1|TankWar_P2|TankWar_P3|TankWar_P4|TankWar_P5,E278,METHOD,GameObject.stossenGegen,UNKNOWN,0.2,0.05,C:\Users\JBNU\git\ConstraintsRecovery\assets\tankwar\asset22,51,66,TankWar_P1|TankWar_P2|TankWar_P3|TankWar_P4|TankWar_P5
C:\Users\JBNU\git\ConstraintsRecovery\assets\tankwar\asset22:IF:8-80,G4,TankWar_P1|TankWar_P2|TankWar_P3|TankWar_P4|TankWar_P5,E279,METHOD,GameObject.stossenGegen,UNKNOWN,0.2,0.05,C:\Users\JBNU\git\ConstraintsRecovery\assets\tankwar\asset22,67,69,TankWar_P1|TankWar_P2|TankWar_P3|TankWar_P4|TankWar_P5
C:\Users\JBNU\git\ConstraintsRecovery\assets\tankwar\asset22:IF:8-80,G4,TankWar_P1|TankWar_P2|TankWar_P3|TankWar_P4|TankWar_P5,E280,METHOD,GameObject.getRund,UNKNOWN,0.2,0.05,C:\Users\JBNU\git\ConstraintsRecovery\assets\tankwar\asset22,70,77,TankWar_P1|TankWar_P2|TankWar_P3|TankWar_P4|TankWar_P5
C:\Users\JBNU\git\ConstraintsRecovery\assets\tankwar\asset22:IF:8-80,G4,TankWar_P1|TankWar_P2|TankWar_P3|TankWar_P4|TankWar_P5,E281,METHOD,GameObject.explodieren,UNKNOWN,0.2,0.05,C:\Users\JBNU\git\ConstraintsRecovery\assets\tankwar\asset22,78,79,TankWar_P1|TankWar_P2|TankWar_P3|TankWar_P4|TankWar_P5
C:\Users\JBNU\git\ConstraintsRecovery\assets\tankwar\asset23:IF:7-99,G7,TankWar_P1|TankWar_P3|TankWar_P4|TankWar_P5,E282,CLASS,Maler$$Re_fuer_PC,UNKNOWN,0.2,0.05,C:\Users\JBNU\git\ConstraintsRecovery\assets\tankwar\asset23,26,99,TankWar_P1|TankWar_P3|TankWar_P4|TankWar_P5
C:\Users\JBNU\git\ConstraintsRecovery\assets\tankwar\asset23:IF:7-99,G7,TankWar_P1|TankWar_P3|TankWar_P4|TankWar_P5,E283,FIELD,Maler$$Re_fuer_PC.textField,UNKNOWN,0.2,0.05,C:\Users\JBNU\git\ConstraintsRecovery\assets\tankwar\asset23,27,27,TankWar_P1|TankWar_P3|TankWar_P4|TankWar_P5
C:\Users\JBNU\git\ConstraintsRecovery\assets\tankwar\asset23:IF:7-99,G7,TankWar_P1|TankWar_P3|TankWar_P4|TankWar_P5,E284,FIELD,Maler$$Re_fuer_PC.name,UNKNOWN,0.2,0.05,C:\Users\JBNU\git\ConstraintsRecovery\assets\tankwar\asset23,28,28,TankWar_P1|TankWar_P3|TankWar_P4|TankWar_P5
C:\Users\JBNU\git\ConstraintsRecovery\assets\tankwar\asset23:IF:7-99,G7,TankWar_P1|TankWar_P3|TankWar_P4|TankWar_P5,E285,CONSTRUCTOR,Maler$$Re_fuer_PC.Maler$$Re_fuer_PC,UNKNOWN,0.2,0.05,C:\Users\JBNU\git\ConstraintsRecovery\assets\tankwar\asset23,29,31,TankWar_P1|TankWar_P3|TankWar_P4|TankWar_P5
C:\Users\JBNU\git\ConstraintsRecovery\assets\tankwar\asset23:IF:7-99,G7,TankWar_P1|TankWar_P3|TankWar_P4|TankWar_P5,E286,METHOD,Maler$$Re_fuer_PC.note,UNKNOWN,0.2,0.05,C:\Users\JBNU\git\ConstraintsRecovery\assets\tankwar\asset23,32,44,TankWar_P1|TankWar_P3|TankWar_P4|TankWar_P5
C:\Users\JBNU\git\ConstraintsRecovery\assets\tankwar\asset23:IF:7-99,G7,TankWar_P1|TankWar_P3|TankWar_P4|TankWar_P5,E287,METHOD,Maler$$Re_fuer_PC.nameVergeben,UNKNOWN,0.2,0.05,C:\Users\JBNU\git\ConstraintsRecovery\assets\tankwar\asset23,45,63,TankWar_P1|TankWar_P3|TankWar_P4|TankWar_P5
C:\Users\JBNU\git\ConstraintsRecovery\assets\tankwar\asset23:IF:7-99,G7,TankWar_P1|TankWar_P3|TankWar_P4|TankWar_P5,E288,METHOD,Maler$$Re_fuer_PC.gameLose,UNKNOWN,0.2,0.05,C:\Users\JBNU\git\ConstraintsRecovery\assets\tankwar\asset23,64,69,TankWar_P1|TankWar_P3|TankWar_P4|TankWar_P5
C:\Users\JBNU\git\ConstraintsRecovery\assets\tankwar\asset23:IF:7-99,G7,TankWar_P1|TankWar_P3|TankWar_P4|TankWar_P5,E289,METHOD,Maler$$Re_fuer_PC.gameWin,UNKNOWN,0.2,0.05,C:\Users\JBNU\git\ConstraintsRecovery\assets\tankwar\asset23,70,75,TankWar_P1|TankWar_P3|TankWar_P4|TankWar_P5
C:\Users\JBNU\git\ConstraintsRecovery\assets\tankwar\asset23:IF:7-99,G7,TankWar_P1|TankWar_P3|TankWar_P4|TankWar_P5,E290,METHOD,Maler$$Re_fuer_PC.menuBehandeln,UNKNOWN,0.2,0.05,C:\Users\JBNU\git\ConstraintsRecovery\assets\tankwar\asset23,76,94,TankWar_P1|TankWar_P3|TankWar_P4|TankWar_P5
C:\Users\JBNU\git\ConstraintsRecovery\assets\tankwar\asset23:IF:7-99,G7,TankWar_P1|TankWar_P3|TankWar_P4|TankWar_P5,E291,METHOD,Maler$$Re_fuer_PC.mainMenuerstellen,APPLICATION_ORCHESTRATION,0.35,0.2,C:\Users\JBNU\git\ConstraintsRecovery\assets\tankwar\asset23,95,98,TankWar_P1|TankWar_P3|TankWar_P4|TankWar_P5
C:\Users\JBNU\git\ConstraintsRecovery\assets\tankwar\asset24:IF:7-24,G7,TankWar_P1|TankWar_P3|TankWar_P4|TankWar_P5,E292,CLASS,Note,UNKNOWN,0.2,0.05,C:\Users\JBNU\git\ConstraintsRecovery\assets\tankwar\asset24,9,24,TankWar_P1|TankWar_P3|TankWar_P4|TankWar_P5
C:\Users\JBNU\git\ConstraintsRecovery\assets\tankwar\asset24:IF:7-24,G7,TankWar_P1|TankWar_P3|TankWar_P4|TankWar_P5,E293,FIELD,Note.name,UNKNOWN,0.2,0.05,C:\Users\JBNU\git\ConstraintsRecovery\assets\tankwar\asset24,10,10,TankWar_P1|TankWar_P3|TankWar_P4|TankWar_P5
C:\Users\JBNU\git\ConstraintsRecovery\assets\tankwar\asset24:IF:7-24,G7,TankWar_P1|TankWar_P3|TankWar_P4|TankWar_P5,E294,FIELD,Note.note,UNKNOWN,0.2,0.05,C:\Users\JBNU\git\ConstraintsRecovery\assets\tankwar\asset24,11,11,TankWar_P1|TankWar_P3|TankWar_P4|TankWar_P5
C:\Users\JBNU\git\ConstraintsRecovery\assets\tankwar\asset24:IF:7-24,G7,TankWar_P1|TankWar_P3|TankWar_P4|TankWar_P5,E295,CONSTRUCTOR,Note.Note,UNKNOWN,0.2,0.05,C:\Users\JBNU\git\ConstraintsRecovery\assets\tankwar\asset24,12,23,TankWar_P1|TankWar_P3|TankWar_P4|TankWar_P5
C:\Users\JBNU\git\ConstraintsRecovery\assets\tankwar\asset25:IF:7-10,G7,TankWar_P1|TankWar_P3|TankWar_P4|TankWar_P5,E296,INTERFACE,GameManager,UNKNOWN,0.2,0.05,C:\Users\JBNU\git\ConstraintsRecovery\assets\tankwar\asset25,8,10,TankWar_P1|TankWar_P3|TankWar_P4|TankWar_P5
C:\Users\JBNU\git\ConstraintsRecovery\assets\tankwar\asset25:IF:7-10,G7,TankWar_P1|TankWar_P3|TankWar_P4|TankWar_P5,E297,METHOD,GameManager.writeScore,UNKNOWN,0.2,0.05,C:\Users\JBNU\git\ConstraintsRecovery\assets\tankwar\asset25,9,9,TankWar_P1|TankWar_P3|TankWar_P4|TankWar_P5
C:\Users\JBNU\git\ConstraintsRecovery\assets\tankwar\asset26:IF:7-21,G7,TankWar_P1|TankWar_P3|TankWar_P4|TankWar_P5,E298,CLASS,Tank$$Record,UNKNOWN,0.2,0.05,C:\Users\JBNU\git\ConstraintsRecovery\assets\tankwar\asset26,13,21,TankWar_P1|TankWar_P3|TankWar_P4|TankWar_P5
C:\Users\JBNU\git\ConstraintsRecovery\assets\tankwar\asset26:IF:7-21,G7,TankWar_P1|TankWar_P3|TankWar_P4|TankWar_P5,E299,CONSTRUCTOR,Tank$$Record.Tank$$Record,UNKNOWN,0.2,0.05,C:\Users\JBNU\git\ConstraintsRecovery\assets\tankwar\asset26,14,16,TankWar_P1|TankWar_P3|TankWar_P4|TankWar_P5
C:\Users\JBNU\git\ConstraintsRecovery\assets\tankwar\asset26:IF:7-21,G7,TankWar_P1|TankWar_P3|TankWar_P4|TankWar_P5,E300,METHOD,Tank$$Record.explodieren,UNKNOWN,0.2,0.05,C:\Users\JBNU\git\ConstraintsRecovery\assets\tankwar\asset26,17,20,TankWar_P1|TankWar_P3|TankWar_P4|TankWar_P5
C:\Users\JBNU\git\ConstraintsRecovery\assets\tankwar\asset27:IF:7-116,G7,TankWar_P1|TankWar_P3|TankWar_P4|TankWar_P5,E301,CLASS,Record,UNKNOWN,0.2,0.05,C:\Users\JBNU\git\ConstraintsRecovery\assets\tankwar\asset27,16,116,TankWar_P1|TankWar_P3|TankWar_P4|TankWar_P5
C:\Users\JBNU\git\ConstraintsRecovery\assets\tankwar\asset27:IF:7-116,G7,TankWar_P1|TankWar_P3|TankWar_P4|TankWar_P5,E302,FIELD,Record.out,UNKNOWN,0.2,0.05,C:\Users\JBNU\git\ConstraintsRecovery\assets\tankwar\asset27,17,17,TankWar_P1|TankWar_P3|TankWar_P4|TankWar_P5
C:\Users\JBNU\git\ConstraintsRecovery\assets\tankwar\asset27:IF:7-116,G7,TankWar_P1|TankWar_P3|TankWar_P4|TankWar_P5,E303,FIELD,Record.in,UNKNOWN,0.2,0.05,C:\Users\JBNU\git\ConstraintsRecovery\assets\tankwar\asset27,18,18,TankWar_P1|TankWar_P3|TankWar_P4|TankWar_P5
C:\Users\JBNU\git\ConstraintsRecovery\assets\tankwar\asset27:IF:7-116,G7,TankWar_P1|TankWar_P3|TankWar_P4|TankWar_P5,E304,FIELD,Record.filename,UNKNOWN,0.2,0.05,C:\Users\JBNU\git\ConstraintsRecovery\assets\tankwar\asset27,19,19,TankWar_P1|TankWar_P3|TankWar_P4|TankWar_P5
C:\Users\JBNU\git\ConstraintsRecovery\assets\tankwar\asset27:IF:7-116,G7,TankWar_P1|TankWar_P3|TankWar_P4|TankWar_P5,E305,METHOD,Record.writeNote,UNKNOWN,0.2,0.05,C:\Users\JBNU\git\ConstraintsRecovery\assets\tankwar\asset27,20,88,TankWar_P1|TankWar_P3|TankWar_P4|TankWar_P5
C:\Users\JBNU\git\ConstraintsRecovery\assets\tankwar\asset27:IF:7-116,G7,TankWar_P1|TankWar_P3|TankWar_P4|TankWar_P5,E306,METHOD,Record.readNote,UNKNOWN,0.2,0.05,C:\Users\JBNU\git\ConstraintsRecovery\assets\tankwar\asset27,89,115,TankWar_P1|TankWar_P3|TankWar_P4|TankWar_P5
C:\Users\JBNU\git\ConstraintsRecovery\assets\tankwar\asset28:ELIF:16-17,G17,TankWar_P3,E308,CLASS,TankManager$$Record,UNKNOWN,0.2,0.05,C:\Users\JBNU\git\ConstraintsRecovery\assets\tankwar\asset28,17,57,TankWar_P3
C:\Users\JBNU\git\ConstraintsRecovery\assets\tankwar\asset28:ELIF:18-19,G22,TankWar_P5,E309,CLASS,TankManager,UNKNOWN,0.2,0.05,C:\Users\JBNU\git\ConstraintsRecovery\assets\tankwar\asset28,19,57,TankWar_P5
C:\Users\JBNU\git\ConstraintsRecovery\assets\tankwar\asset28:ELIF:20-21,G1,TankWar_P1,E310,CLASS,TankManager,UNKNOWN,0.2,0.05,C:\Users\JBNU\git\ConstraintsRecovery\assets\tankwar\asset28,21,57,TankWar_P1
C:\Users\JBNU\git\ConstraintsRecovery\assets\tankwar\asset28:ELIF:28-29,G11,TankWar_P1|TankWar_P5,E318,CONSTRUCTOR,TankManager.TankManager,UNKNOWN,0.2,0.05,C:\Users\JBNU\git\ConstraintsRecovery\assets\tankwar\asset28,29,32,TankWar_P1|TankWar_P5
C:\Users\JBNU\git\ConstraintsRecovery\assets\tankwar\asset28:IF:13-15,G20,TankWar_P4,E307,CLASS,TankManager$$Record,UNKNOWN,0.2,0.05,C:\Users\JBNU\git\ConstraintsRecovery\assets\tankwar\asset28,15,57,TankWar_P4
C:\Users\JBNU\git\ConstraintsRecovery\assets\tankwar\asset28:IF:26-27,G18,TankWar_P3|TankWar_P4,E317,CONSTRUCTOR,TankManager$$Record.TankManager$$Record,UNKNOWN,0.2,0.05,C:\Users\JBNU\git\ConstraintsRecovery\assets\tankwar\asset28,27,32,TankWar_P3|TankWar_P4
C:\Users\JBNU\git\ConstraintsRecovery\assets\tankwar\asset28:IF:7-57,G7,TankWar_P1|TankWar_P3|TankWar_P4|TankWar_P5,E311,FIELD,TankManager$$Record.record,UNKNOWN,0.2,0.05,C:\Users\JBNU\git\ConstraintsRecovery\assets\tankwar\asset28,23,23,TankWar_P3|TankWar_P4
C:\Users\JBNU\git\ConstraintsRecovery\assets\tankwar\asset28:IF:7-57,G7,TankWar_P1|TankWar_P3|TankWar_P4|TankWar_P5,E312,FIELD,TankManager.record,UNKNOWN,0.2,0.05,C:\Users\JBNU\git\ConstraintsRecovery\assets\tankwar\asset28,23,23,TankWar_P1|TankWar_P5
C:\Users\JBNU\git\ConstraintsRecovery\assets\tankwar\asset28:IF:7-57,G7,TankWar_P1|TankWar_P3|TankWar_P4|TankWar_P5,E313,FIELD,TankManager$$Record.tank1Score,UNKNOWN,0.2,0.05,C:\Users\JBNU\git\ConstraintsRecovery\assets\tankwar\asset28,24,24,TankWar_P3|TankWar_P4
C:\Users\JBNU\git\ConstraintsRecovery\assets\tankwar\asset28:IF:7-57,G7,TankWar_P1|TankWar_P3|TankWar_P4|TankWar_P5,E314,FIELD,TankManager.tank1Score,UNKNOWN,0.2,0.05,C:\Users\JBNU\git\ConstraintsRecovery\assets\tankwar\asset28,24,24,TankWar_P1|TankWar_P5
C:\Users\JBNU\git\ConstraintsRecovery\assets\tankwar\asset28:IF:7-57,G7,TankWar_P1|TankWar_P3|TankWar_P4|TankWar_P5,E315,FIELD,TankManager$$Record.tank2Score,UNKNOWN,0.2,0.05,C:\Users\JBNU\git\ConstraintsRecovery\assets\tankwar\asset28,25,25,TankWar_P3|TankWar_P4
C:\Users\JBNU\git\ConstraintsRecovery\assets\tankwar\asset28:IF:7-57,G7,TankWar_P1|TankWar_P3|TankWar_P4|TankWar_P5,E316,FIELD,TankManager.tank2Score,UNKNOWN,0.2,0.05,C:\Users\JBNU\git\ConstraintsRecovery\assets\tankwar\asset28,25,25,TankWar_P1|TankWar_P5
C:\Users\JBNU\git\ConstraintsRecovery\assets\tankwar\asset28:IF:7-57,G7,TankWar_P1|TankWar_P3|TankWar_P4|TankWar_P5,E319,METHOD,TankManager$$Record.init,UNKNOWN,0.2,0.05,C:\Users\JBNU\git\ConstraintsRecovery\assets\tankwar\asset28,33,36,TankWar_P3|TankWar_P4
C:\Users\JBNU\git\ConstraintsRecovery\assets\tankwar\asset28:IF:7-57,G7,TankWar_P1|TankWar_P3|TankWar_P4|TankWar_P5,E320,METHOD,TankManager.init,UNKNOWN,0.2,0.05,C:\Users\JBNU\git\ConstraintsRecovery\assets\tankwar\asset28,33,36,TankWar_P1|TankWar_P5
C:\Users\JBNU\git\ConstraintsRecovery\assets\tankwar\asset28:IF:7-57,G7,TankWar_P1|TankWar_P3|TankWar_P4|TankWar_P5,E321,METHOD,TankManager$$Record.malenkontrolle,UNKNOWN,0.2,0.05,C:\Users\JBNU\git\ConstraintsRecovery\assets\tankwar\asset28,37,47,TankWar_P3|TankWar_P4
C:\Users\JBNU\git\ConstraintsRecovery\assets\tankwar\asset28:IF:7-57,G7,TankWar_P1|TankWar_P3|TankWar_P4|TankWar_P5,E322,METHOD,TankManager.malenkontrolle,UNKNOWN,0.2,0.05,C:\Users\JBNU\git\ConstraintsRecovery\assets\tankwar\asset28,37,47,TankWar_P1|TankWar_P5
C:\Users\JBNU\git\ConstraintsRecovery\assets\tankwar\asset28:IF:7-57,G7,TankWar_P1|TankWar_P3|TankWar_P4|TankWar_P5,E323,METHOD,TankManager$$Record.addScore,UNKNOWN,0.2,0.05,C:\Users\JBNU\git\ConstraintsRecovery\assets\tankwar\asset28,48,52,TankWar_P3|TankWar_P4
C:\Users\JBNU\git\ConstraintsRecovery\assets\tankwar\asset28:IF:7-57,G7,TankWar_P1|TankWar_P3|TankWar_P4|TankWar_P5,E324,METHOD,TankManager.addScore,UNKNOWN,0.2,0.05,C:\Users\JBNU\git\ConstraintsRecovery\assets\tankwar\asset28,48,52,TankWar_P1|TankWar_P5
C:\Users\JBNU\git\ConstraintsRecovery\assets\tankwar\asset28:IF:7-57,G7,TankWar_P1|TankWar_P3|TankWar_P4|TankWar_P5,E325,METHOD,TankManager$$Record.writeScore,UNKNOWN,0.2,0.05,C:\Users\JBNU\git\ConstraintsRecovery\assets\tankwar\asset28,53,56,TankWar_P3|TankWar_P4
C:\Users\JBNU\git\ConstraintsRecovery\assets\tankwar\asset28:IF:7-57,G7,TankWar_P1|TankWar_P3|TankWar_P4|TankWar_P5,E326,METHOD,TankManager.writeScore,UNKNOWN,0.2,0.05,C:\Users\JBNU\git\ConstraintsRecovery\assets\tankwar\asset28,53,56,TankWar_P1|TankWar_P5
C:\Users\JBNU\git\ConstraintsRecovery\assets\tankwar\asset29:ELIF:14-15,G22,TankWar_P5,E328,CLASS,TankManager$$Feuerkraft,UNKNOWN,0.2,0.05,C:\Users\JBNU\git\ConstraintsRecovery\assets\tankwar\asset29,15,26,TankWar_P5
C:\Users\JBNU\git\ConstraintsRecovery\assets\tankwar\asset29:ELIF:16-17,G1,TankWar_P1,E329,CLASS,TankManager$$Feuerkraft,UNKNOWN,0.2,0.05,C:\Users\JBNU\git\ConstraintsRecovery\assets\tankwar\asset29,17,26,TankWar_P1
C:\Users\JBNU\git\ConstraintsRecovery\assets\tankwar\asset29:IF:12-13,G17,TankWar_P3,E327,CLASS,TankManager$$Feuerkraft,UNKNOWN,0.2,0.05,C:\Users\JBNU\git\ConstraintsRecovery\assets\tankwar\asset29,13,26,TankWar_P3
C:\Users\JBNU\git\ConstraintsRecovery\assets\tankwar\asset29:IF:6-26,G8,TankWar_P1|TankWar_P3|TankWar_P5,E330,CONSTRUCTOR,TankManager$$Feuerkraft.TankManager$$Feuerkraft,UNKNOWN,0.2,0.05,C:\Users\JBNU\git\ConstraintsRecovery\assets\tankwar\asset29,19,21,TankWar_P1|TankWar_P3|TankWar_P5
C:\Users\JBNU\git\ConstraintsRecovery\assets\tankwar\asset29:IF:6-26,G8,TankWar_P1|TankWar_P3|TankWar_P5,E331,METHOD,TankManager$$Feuerkraft.toolsLaden,UNKNOWN,0.2,0.05,C:\Users\JBNU\git\ConstraintsRecovery\assets\tankwar\asset29,22,25,TankWar_P1|TankWar_P3|TankWar_P5
C:\Users\JBNU\git\ConstraintsRecovery\assets\tankwar\asset2:IF:8-332,G4,TankWar_P1|TankWar_P2|TankWar_P3|TankWar_P4|TankWar_P5,E202,CLASS,Maler$$PC,UNKNOWN,0.2,0.05,C:\Users\JBNU\git\ConstraintsRecovery\assets\tankwar\asset2,29,332,TankWar_P1|TankWar_P2|TankWar_P3|TankWar_P4|TankWar_P5
C:\Users\JBNU\git\ConstraintsRecovery\assets\tankwar\asset2:IF:8-332,G4,TankWar_P1|TankWar_P2|TankWar_P3|TankWar_P4|TankWar_P5,E203,FIELD,Maler$$PC.gameManager,UNKNOWN,0.2,0.05,C:\Users\JBNU\git\ConstraintsRecovery\assets\tankwar\asset2,30,30,TankWar_P1|TankWar_P2|TankWar_P3|TankWar_P4|TankWar_P5
C:\Users\JBNU\git\ConstraintsRecovery\assets\tankwar\asset2:IF:8-332,G4,TankWar_P1|TankWar_P2|TankWar_P3|TankWar_P4|TankWar_P5,E204,FIELD,Maler$$PC.GAME_WIDTH,UNKNOWN,0.2,0.05,C:\Users\JBNU\git\ConstraintsRecovery\assets\tankwar\asset2,31,31,TankWar_P1|TankWar_P2|TankWar_P3|TankWar_P4|TankWar_P5
C:\Users\JBNU\git\ConstraintsRecovery\assets\tankwar\asset2:IF:8-332,G4,TankWar_P1|TankWar_P2|TankWar_P3|TankWar_P4|TankWar_P5,E205,FIELD,Maler$$PC.GAME_HEIGHT,UNKNOWN,0.2,0.05,C:\Users\JBNU\git\ConstraintsRecovery\assets\tankwar\asset2,32,32,TankWar_P1|TankWar_P2|TankWar_P3|TankWar_P4|TankWar_P5
C:\Users\JBNU\git\ConstraintsRecovery\assets\tankwar\asset2:IF:8-332,G4,TankWar_P1|TankWar_P2|TankWar_P3|TankWar_P4|TankWar_P5,E206,FIELD,Maler$$PC.gTemp,UNKNOWN,0.2,0.05,C:\Users\JBNU\git\ConstraintsRecovery\assets\tankwar\asset2,33,33,TankWar_P1|TankWar_P2|TankWar_P3|TankWar_P4|TankWar_P5
C:\Users\JBNU\git\ConstraintsRecovery\assets\tankwar\asset2:IF:8-332,G4,TankWar_P1|TankWar_P2|TankWar_P3|TankWar_P4|TankWar_P5,E207,FIELD,Maler$$PC.offScreenImage,UNKNOWN,0.2,0.05,C:\Users\JBNU\git\ConstraintsRecovery\assets\tankwar\asset2,34,34,TankWar_P1|TankWar_P2|TankWar_P3|TankWar_P4|TankWar_P5
C:\Users\JBNU\git\ConstraintsRecovery\assets\tankwar\asset2:IF:8-332,G4,TankWar_P1|TankWar_P2|TankWar_P3|TankWar_P4|TankWar_P5,E208,FIELD,Maler$$PC.menu,UNKNOWN,0.2,0.05,C:\Users\JBNU\git\ConstraintsRecovery\assets\tankwar\asset2,35,35,TankWar_P1|TankWar_P2|TankWar_P3|TankWar_P4|TankWar_P5
C:\Users\JBNU\git\ConstraintsRecovery\assets\tankwar\asset2:IF:8-332,G4,TankWar_P1|TankWar_P2|TankWar_P3|TankWar_P4|TankWar_P5,E209,FIELD,Maler$$PC.frame,UNKNOWN,0.2,0.05,C:\Users\JBNU\git\ConstraintsRecovery\assets\tankwar\asset2,36,36,TankWar_P1|TankWar_P2|TankWar_P3|TankWar_P4|TankWar_P5
C:\Users\JBNU\git\ConstraintsRecovery\assets\tankwar\asset2:IF:8-332,G4,TankWar_P1|TankWar_P2|TankWar_P3|TankWar_P4|TankWar_P5,E210,FIELD,Maler$$PC.infoPanel,DOMAIN_SUPPORT,0.65,0.05,C:\Users\JBNU\git\ConstraintsRecovery\assets\tankwar\asset2,37,37,TankWar_P1|TankWar_P2|TankWar_P3|TankWar_P4|TankWar_P5
C:\Users\JBNU\git\ConstraintsRecovery\assets\tankwar\asset2:IF:8-332,G4,TankWar_P1|TankWar_P2|TankWar_P3|TankWar_P4|TankWar_P5,E211,FIELD,Maler$$PC.infoWidth,UNKNOWN,0.2,0.05,C:\Users\JBNU\git\ConstraintsRecovery\assets\tankwar\asset2,38,38,TankWar_P1|TankWar_P2|TankWar_P3|TankWar_P4|TankWar_P5
C:\Users\JBNU\git\ConstraintsRecovery\assets\tankwar\asset2:IF:8-332,G4,TankWar_P1|TankWar_P2|TankWar_P3|TankWar_P4|TankWar_P5,E212,FIELD,Maler$$PC.status,UNKNOWN,0.2,0.05,C:\Users\JBNU\git\ConstraintsRecovery\assets\tankwar\asset2,39,39,TankWar_P1|TankWar_P2|TankWar_P3|TankWar_P4|TankWar_P5
C:\Users\JBNU\git\ConstraintsRecovery\assets\tankwar\asset2:IF:8-332,G4,TankWar_P1|TankWar_P2|TankWar_P3|TankWar_P4|TankWar_P5,E213,FIELD,Maler$$PC.time,UNKNOWN,0.2,0.05,C:\Users\JBNU\git\ConstraintsRecovery\assets\tankwar\asset2,40,40,TankWar_P1|TankWar_P2|TankWar_P3|TankWar_P4|TankWar_P5
C:\Users\JBNU\git\ConstraintsRecovery\assets\tankwar\asset2:IF:8-332,G4,TankWar_P1|TankWar_P2|TankWar_P3|TankWar_P4|TankWar_P5,E214,FIELD,Maler$$PC.tankType,UNKNOWN,0.2,0.05,C:\Users\JBNU\git\ConstraintsRecovery\assets\tankwar\asset2,41,41,TankWar_P1|TankWar_P2|TankWar_P3|TankWar_P4|TankWar_P5
C:\Users\JBNU\git\ConstraintsRecovery\assets\tankwar\asset2:IF:8-332,G4,TankWar_P1|TankWar_P2|TankWar_P3|TankWar_P4|TankWar_P5,E215,FIELD,Maler$$PC.tk,UNKNOWN,0.2,0.05,C:\Users\JBNU\git\ConstraintsRecovery\assets\tankwar\asset2,42,42,TankWar_P1|TankWar_P2|TankWar_P3|TankWar_P4|TankWar_P5
C:\Users\JBNU\git\ConstraintsRecovery\assets\tankwar\asset2:IF:8-332,G4,TankWar_P1|TankWar_P2|TankWar_P3|TankWar_P4|TankWar_P5,E216,FIELD,Maler$$PC.random,UNKNOWN,0.2,0.05,C:\Users\JBNU\git\ConstraintsRecovery\assets\tankwar\asset2,43,43,TankWar_P1|TankWar_P2|TankWar_P3|TankWar_P4|TankWar_P5
C:\Users\JBNU\git\ConstraintsRecovery\assets\tankwar\asset2:IF:8-332,G4,TankWar_P1|TankWar_P2|TankWar_P3|TankWar_P4|TankWar_P5,E217,CONSTRUCTOR,Maler$$PC.Maler$$PC,UNKNOWN,0.2,0.05,C:\Users\JBNU\git\ConstraintsRecovery\assets\tankwar\asset2,44,46,TankWar_P1|TankWar_P2|TankWar_P3|TankWar_P4|TankWar_P5
C:\Users\JBNU\git\ConstraintsRecovery\assets\tankwar\asset2:IF:8-332,G4,TankWar_P1|TankWar_P2|TankWar_P3|TankWar_P4|TankWar_P5,E218,METHOD,Maler$$PC.init,UNKNOWN,0.2,0.05,C:\Users\JBNU\git\ConstraintsRecovery\assets\tankwar\asset2,47,64,TankWar_P1|TankWar_P2|TankWar_P3|TankWar_P4|TankWar_P5
C:\Users\JBNU\git\ConstraintsRecovery\assets\tankwar\asset2:IF:8-332,G4,TankWar_P1|TankWar_P2|TankWar_P3|TankWar_P4|TankWar_P5,E219,METHOD,Maler$$PC.windowClosing.init,UNKNOWN,0.2,0.05,C:\Users\JBNU\git\ConstraintsRecovery\assets\tankwar\asset2,54,56,TankWar_P1|TankWar_P2|TankWar_P3|TankWar_P4|TankWar_P5
C:\Users\JBNU\git\ConstraintsRecovery\assets\tankwar\asset2:IF:8-332,G4,TankWar_P1|TankWar_P2|TankWar_P3|TankWar_P4|TankWar_P5,E220,METHOD,Maler$$PC.gamesize,UNKNOWN,0.2,0.05,C:\Users\JBNU\git\ConstraintsRecovery\assets\tankwar\asset2,65,66,TankWar_P1|TankWar_P2|TankWar_P3|TankWar_P4|TankWar_P5
C:\Users\JBNU\git\ConstraintsRecovery\assets\tankwar\asset2:IF:8-332,G4,TankWar_P1|TankWar_P2|TankWar_P3|TankWar_P4|TankWar_P5,E221,METHOD,Maler$$PC.paint,UNKNOWN,0.2,0.05,C:\Users\JBNU\git\ConstraintsRecovery\assets\tankwar\asset2,67,72,TankWar_P1|TankWar_P2|TankWar_P3|TankWar_P4|TankWar_P5
C:\Users\JBNU\git\ConstraintsRecovery\assets\tankwar\asset2:IF:8-332,G4,TankWar_P1|TankWar_P2|TankWar_P3|TankWar_P4|TankWar_P5,E222,METHOD,Maler$$PC.mainMenu,APPLICATION_ORCHESTRATION,0.35,0.2,C:\Users\JBNU\git\ConstraintsRecovery\assets\tankwar\asset2,73,78,TankWar_P1|TankWar_P2|TankWar_P3|TankWar_P4|TankWar_P5
C:\Users\JBNU\git\ConstraintsRecovery\assets\tankwar\asset2:IF:8-332,G4,TankWar_P1|TankWar_P2|TankWar_P3|TankWar_P4|TankWar_P5,E223,METHOD,Maler$$PC.mainMenuerstellen,APPLICATION_ORCHESTRATION,0.35,0.2,C:\Users\JBNU\git\ConstraintsRecovery\assets\tankwar\asset2,79,91,TankWar_P1|TankWar_P2|TankWar_P3|TankWar_P4|TankWar_P5
C:\Users\JBNU\git\ConstraintsRecovery\assets\tankwar\asset2:IF:8-332,G4,TankWar_P1|TankWar_P2|TankWar_P3|TankWar_P4|TankWar_P5,E224,METHOD,Maler$$PC.tankWaehlen,UNKNOWN,0.2,0.05,C:\Users\JBNU\git\ConstraintsRecovery\assets\tankwar\asset2,92,97,TankWar_P1|TankWar_P2|TankWar_P3|TankWar_P4|TankWar_P5
C:\Users\JBNU\git\ConstraintsRecovery\assets\tankwar\asset2:IF:8-332,G4,TankWar_P1|TankWar_P2|TankWar_P3|TankWar_P4|TankWar_P5,E225,METHOD,Maler$$PC.tankErstellen,UNKNOWN,0.2,0.05,C:\Users\JBNU\git\ConstraintsRecovery\assets\tankwar\asset2,98,104,TankWar_P1|TankWar_P2|TankWar_P3|TankWar_P4|TankWar_P5
C:\Users\JBNU\git\ConstraintsRecovery\assets\tankwar\asset2:IF:8-332,G4,TankWar_P1|TankWar_P2|TankWar_P3|TankWar_P4|TankWar_P5,E226,METHOD,Maler$$PC.help,UNKNOWN,0.2,0.05,C:\Users\JBNU\git\ConstraintsRecovery\assets\tankwar\asset2,105,110,TankWar_P1|TankWar_P2|TankWar_P3|TankWar_P4|TankWar_P5
C:\Users\JBNU\git\ConstraintsRecovery\assets\tankwar\asset2:IF:8-332,G4,TankWar_P1|TankWar_P2|TankWar_P3|TankWar_P4|TankWar_P5,E227,METHOD,Maler$$PC.helpItemErstellen,UNKNOWN,0.2,0.05,C:\Users\JBNU\git\ConstraintsRecovery\assets\tankwar\asset2,111,116,TankWar_P1|TankWar_P2|TankWar_P3|TankWar_P4|TankWar_P5
C:\Users\JBNU\git\ConstraintsRecovery\assets\tankwar\asset2:IF:8-332,G4,TankWar_P1|TankWar_P2|TankWar_P3|TankWar_P4|TankWar_P5,E228,METHOD,Maler$$PC.loadImage,UNKNOWN,0.2,0.05,C:\Users\JBNU\git\ConstraintsRecovery\assets\tankwar\asset2,117,123,TankWar_P1|TankWar_P2|TankWar_P3|TankWar_P4|TankWar_P5
C:\Users\JBNU\git\ConstraintsRecovery\assets\tankwar\asset2:IF:8-332,G4,TankWar_P1|TankWar_P2|TankWar_P3|TankWar_P4|TankWar_P5,E229,METHOD,Maler$$PC.gameLevel,UNKNOWN,0.2,0.05,C:\Users\JBNU\git\ConstraintsRecovery\assets\tankwar\asset2,124,145,TankWar_P1|TankWar_P2|TankWar_P3|TankWar_P4|TankWar_P5
C:\Users\JBNU\git\ConstraintsRecovery\assets\tankwar\asset2:IF:8-332,G4,TankWar_P1|TankWar_P2|TankWar_P3|TankWar_P4|TankWar_P5,E230,METHOD,Maler$$PC.gameLose,UNKNOWN,0.2,0.05,C:\Users\JBNU\git\ConstraintsRecovery\assets\tankwar\asset2,146,166,TankWar_P1|TankWar_P2|TankWar_P3|TankWar_P4|TankWar_P5
C:\Users\JBNU\git\ConstraintsRecovery\assets\tankwar\asset2:IF:8-332,G4,TankWar_P1|TankWar_P2|TankWar_P3|TankWar_P4|TankWar_P5,E231,METHOD,Maler$$PC.gameWin,UNKNOWN,0.2,0.05,C:\Users\JBNU\git\ConstraintsRecovery\assets\tankwar\asset2,167,187,TankWar_P1|TankWar_P2|TankWar_P3|TankWar_P4|TankWar_P5
C:\Users\JBNU\git\ConstraintsRecovery\assets\tankwar\asset2:IF:8-332,G4,TankWar_P1|TankWar_P2|TankWar_P3|TankWar_P4|TankWar_P5,E232,METHOD,Maler$$PC.gameExit,UNKNOWN,0.2,0.05,C:\Users\JBNU\git\ConstraintsRecovery\assets\tankwar\asset2,188,202,TankWar_P1|TankWar_P2|TankWar_P3|TankWar_P4|TankWar_P5
C:\Users\JBNU\git\ConstraintsRecovery\assets\tankwar\asset2:IF:8-332,G4,TankWar_P1|TankWar_P2|TankWar_P3|TankWar_P4|TankWar_P5,E233,METHOD,Maler$$PC.gamescreenstart,UNKNOWN,0.2,0.05,C:\Users\JBNU\git\ConstraintsRecovery\assets\tankwar\asset2,203,210,TankWar_P1|TankWar_P2|TankWar_P3|TankWar_P4|TankWar_P5
C:\Users\JBNU\git\ConstraintsRecovery\assets\tankwar\asset2:IF:8-332,G4,TankWar_P1|TankWar_P2|TankWar_P3|TankWar_P4|TankWar_P5,E234,METHOD,Maler$$PC.pause,UNKNOWN,0.2,0.05,C:\Users\JBNU\git\ConstraintsRecovery\assets\tankwar\asset2,211,221,TankWar_P1|TankWar_P2|TankWar_P3|TankWar_P4|TankWar_P5
C:\Users\JBNU\git\ConstraintsRecovery\assets\tankwar\asset2:IF:8-332,G4,TankWar_P1|TankWar_P2|TankWar_P3|TankWar_P4|TankWar_P5,E235,METHOD,Maler$$PC.keyPressedBehandeln,UNKNOWN,0.2,0.05,C:\Users\JBNU\git\ConstraintsRecovery\assets\tankwar\asset2,222,226,TankWar_P1|TankWar_P2|TankWar_P3|TankWar_P4|TankWar_P5
C:\Users\JBNU\git\ConstraintsRecovery\assets\tankwar\asset2:IF:8-332,G4,TankWar_P1|TankWar_P2|TankWar_P3|TankWar_P4|TankWar_P5,E236,METHOD,Maler$$PC.menuBehandeln,UNKNOWN,0.2,0.05,C:\Users\JBNU\git\ConstraintsRecovery\assets\tankwar\asset2,227,287,TankWar_P1|TankWar_P2|TankWar_P3|TankWar_P4|TankWar_P5
C:\Users\JBNU\git\ConstraintsRecovery\assets\tankwar\asset2:IF:8-332,G4,TankWar_P1|TankWar_P2|TankWar_P3|TankWar_P4|TankWar_P5,E237,METHOD,Maler$$PC.keyReleased,UNKNOWN,0.2,0.05,C:\Users\JBNU\git\ConstraintsRecovery\assets\tankwar\asset2,288,290,TankWar_P1|TankWar_P2|TankWar_P3|TankWar_P4|TankWar_P5
C:\Users\JBNU\git\ConstraintsRecovery\assets\tankwar\asset2:IF:8-332,G4,TankWar_P1|TankWar_P2|TankWar_P3|TankWar_P4|TankWar_P5,E238,METHOD,Maler$$PC.update,UNKNOWN,0.2,0.05,C:\Users\JBNU\git\ConstraintsRecovery\assets\tankwar\asset2,291,303,TankWar_P1|TankWar_P2|TankWar_P3|TankWar_P4|TankWar_P5
C:\Users\JBNU\git\ConstraintsRecovery\assets\tankwar\asset2:IF:8-332,G4,TankWar_P1|TankWar_P2|TankWar_P3|TankWar_P4|TankWar_P5,E239,METHOD,Maler$$PC.getScreenWidth,UNKNOWN,0.2,0.05,C:\Users\JBNU\git\ConstraintsRecovery\assets\tankwar\asset2,304,306,TankWar_P1|TankWar_P2|TankWar_P3|TankWar_P4|TankWar_P5
C:\Users\JBNU\git\ConstraintsRecovery\assets\tankwar\asset2:IF:8-332,G4,TankWar_P1|TankWar_P2|TankWar_P3|TankWar_P4|TankWar_P5,E240,METHOD,Maler$$PC.getScreenHeight,UNKNOWN,0.2,0.05,C:\Users\JBNU\git\ConstraintsRecovery\assets\tankwar\asset2,307,309,TankWar_P1|TankWar_P2|TankWar_P3|TankWar_P4|TankWar_P5
C:\Users\JBNU\git\ConstraintsRecovery\assets\tankwar\asset2:IF:8-332,G4,TankWar_P1|TankWar_P2|TankWar_P3|TankWar_P4|TankWar_P5,E241,METHOD,Maler$$PC.setColor,UNKNOWN,0.2,0.05,C:\Users\JBNU\git\ConstraintsRecovery\assets\tankwar\asset2,310,313,TankWar_P1|TankWar_P2|TankWar_P3|TankWar_P4|TankWar_P5
C:\Users\JBNU\git\ConstraintsRecovery\assets\tankwar\asset2:IF:8-332,G4,TankWar_P1|TankWar_P2|TankWar_P3|TankWar_P4|TankWar_P5,E242,METHOD,Maler$$PC.setStatus,UNKNOWN,0.2,0.05,C:\Users\JBNU\git\ConstraintsRecovery\assets\tankwar\asset2,314,316,TankWar_P1|TankWar_P2|TankWar_P3|TankWar_P4|TankWar_P5
C:\Users\JBNU\git\ConstraintsRecovery\assets\tankwar\asset2:IF:8-332,G4,TankWar_P1|TankWar_P2|TankWar_P3|TankWar_P4|TankWar_P5,E243,METHOD,Maler$$PC.fillOvall,UNKNOWN,0.2,0.05,C:\Users\JBNU\git\ConstraintsRecovery\assets\tankwar\asset2,317,319,TankWar_P1|TankWar_P2|TankWar_P3|TankWar_P4|TankWar_P5
C:\Users\JBNU\git\ConstraintsRecovery\assets\tankwar\asset2:IF:8-332,G4,TankWar_P1|TankWar_P2|TankWar_P3|TankWar_P4|TankWar_P5,E244,METHOD,Maler$$PC.fillRect,UNKNOWN,0.2,0.05,C:\Users\JBNU\git\ConstraintsRecovery\assets\tankwar\asset2,320,322,TankWar_P1|TankWar_P2|TankWar_P3|TankWar_P4|TankWar_P5
C:\Users\JBNU\git\ConstraintsRecovery\assets\tankwar\asset2:IF:8-332,G4,TankWar_P1|TankWar_P2|TankWar_P3|TankWar_P4|TankWar_P5,E245,METHOD,Maler$$PC.drawLine,UNKNOWN,0.2,0.05,C:\Users\JBNU\git\ConstraintsRecovery\assets\tankwar\asset2,323,325,TankWar_P1|TankWar_P2|TankWar_P3|TankWar_P4|TankWar_P5
C:\Users\JBNU\git\ConstraintsRecovery\assets\tankwar\asset2:IF:8-332,G4,TankWar_P1|TankWar_P2|TankWar_P3|TankWar_P4|TankWar_P5,E246,METHOD,Maler$$PC.drawRect,UNKNOWN,0.2,0.05,C:\Users\JBNU\git\ConstraintsRecovery\assets\tankwar\asset2,326,328,TankWar_P1|TankWar_P2|TankWar_P3|TankWar_P4|TankWar_P5
C:\Users\JBNU\git\ConstraintsRecovery\assets\tankwar\asset2:IF:8-332,G4,TankWar_P1|TankWar_P2|TankWar_P3|TankWar_P4|TankWar_P5,E247,METHOD,Maler$$PC.drawRoundRect,UNKNOWN,0.2,0.05,C:\Users\JBNU\git\ConstraintsRecovery\assets\tankwar\asset2,329,331,TankWar_P1|TankWar_P2|TankWar_P3|TankWar_P4|TankWar_P5
C:\Users\JBNU\git\ConstraintsRecovery\assets\tankwar\asset30:ELIF:11-13,G12,TankWar_P2,E340,CLASS,Tank$$Bombe,UNKNOWN,0.2,0.05,C:\Users\JBNU\git\ConstraintsRecovery\assets\tankwar\asset30,13,40,TankWar_P2
C:\Users\JBNU\git\ConstraintsRecovery\assets\tankwar\asset30:ELIF:14-16,G20,TankWar_P4,E341,CLASS,Tank$$Bombe,UNKNOWN,0.2,0.05,C:\Users\JBNU\git\ConstraintsRecovery\assets\tankwar\asset30,16,40,TankWar_P4
C:\Users\JBNU\git\ConstraintsRecovery\assets\tankwar\asset30:IF:6-40,G16,TankWar_P2|TankWar_P4|TankWar_P5,E342,CONSTRUCTOR,Tank$$Bombe.Tank$$Bombe,UNKNOWN,0.2,0.05,C:\Users\JBNU\git\ConstraintsRecovery\assets\tankwar\asset30,18,20,TankWar_P2|TankWar_P4|TankWar_P5
C:\Users\JBNU\git\ConstraintsRecovery\assets\tankwar\asset30:IF:6-40,G16,TankWar_P2|TankWar_P4|TankWar_P5,E343,METHOD,Tank$$Bombe.toolBehandeln,UNKNOWN,0.2,0.05,C:\Users\JBNU\git\ConstraintsRecovery\assets\tankwar\asset30,21,39,TankWar_P2|TankWar_P4|TankWar_P5
C:\Users\JBNU\git\ConstraintsRecovery\assets\tankwar\asset30:IF:9-10,G22,TankWar_P5,E339,CLASS,Tank$$Bombe,UNKNOWN,0.2,0.05,C:\Users\JBNU\git\ConstraintsRecovery\assets\tankwar\asset30,10,40,TankWar_P5
C:\Users\JBNU\git\ConstraintsRecovery\assets\tankwar\asset31:ELIF:14-16,G12,TankWar_P2,E345,CLASS,TankManager$$Mars,UNKNOWN,0.2,0.05,C:\Users\JBNU\git\ConstraintsRecovery\assets\tankwar\asset31,16,25,TankWar_P2
C:\Users\JBNU\git\ConstraintsRecovery\assets\tankwar\asset31:IF:12-13,G6,TankWar_P1|TankWar_P3,E344,CLASS,TankManager$$Mars,UNKNOWN,0.2,0.05,C:\Users\JBNU\git\ConstraintsRecovery\assets\tankwar\asset31,13,25,TankWar_P1|TankWar_P3
C:\Users\JBNU\git\ConstraintsRecovery\assets\tankwar\asset31:IF:6-25,G3,TankWar_P1|TankWar_P2|TankWar_P3,E346,CONSTRUCTOR,TankManager$$Mars.TankManager$$Mars,UNKNOWN,0.2,0.05,C:\Users\JBNU\git\ConstraintsRecovery\assets\tankwar\asset31,18,20,TankWar_P1|TankWar_P2|TankWar_P3
C:\Users\JBNU\git\ConstraintsRecovery\assets\tankwar\asset31:IF:6-25,G3,TankWar_P1|TankWar_P2|TankWar_P3,E347,METHOD,TankManager$$Mars.toolsLaden,UNKNOWN,0.2,0.05,C:\Users\JBNU\git\ConstraintsRecovery\assets\tankwar\asset31,21,24,TankWar_P1|TankWar_P2|TankWar_P3
C:\Users\JBNU\git\ConstraintsRecovery\assets\tankwar\asset32:ELIF:27-29,G17,TankWar_P3,E349,CLASS,Maler$$einfrieren,UNKNOWN,0.2,0.05,C:\Users\JBNU\git\ConstraintsRecovery\assets\tankwar\asset32,29,40,TankWar_P3
C:\Users\JBNU\git\ConstraintsRecovery\assets\tankwar\asset32:ELIF:30-31,G12,TankWar_P2,E350,CLASS,Maler$$einfrieren,UNKNOWN,0.2,0.05,C:\Users\JBNU\git\ConstraintsRecovery\assets\tankwar\asset32,31,40,TankWar_P2
C:\Users\JBNU\git\ConstraintsRecovery\assets\tankwar\asset32:IF:24-26,G1,TankWar_P1,E348,CLASS,Maler$$einfrieren,UNKNOWN,0.2,0.05,C:\Users\JBNU\git\ConstraintsRecovery\assets\tankwar\asset32,26,40,TankWar_P1
C:\Users\JBNU\git\ConstraintsRecovery\assets\tankwar\asset32:IF:6-40,G3,TankWar_P1|TankWar_P2|TankWar_P3,E351,CONSTRUCTOR,Maler$$einfrieren.Maler$$einfrieren,UNKNOWN,0.2,0.05,C:\Users\JBNU\git\ConstraintsRecovery\assets\tankwar\asset32,33,35,TankWar_P1|TankWar_P2|TankWar_P3
C:\Users\JBNU\git\ConstraintsRecovery\assets\tankwar\asset32:IF:6-40,G3,TankWar_P1|TankWar_P2|TankWar_P3,E352,METHOD,Maler$$einfrieren.helpItemErstellen,UNKNOWN,0.2,0.05,C:\Users\JBNU\git\ConstraintsRecovery\assets\tankwar\asset32,36,39,TankWar_P1|TankWar_P2|TankWar_P3
C:\Users\JBNU\git\ConstraintsRecovery\assets\tankwar\asset33:ELIF:9-10,G12,TankWar_P2,E354,CLASS,Tool$$Mars,UNKNOWN,0.2,0.05,C:\Users\JBNU\git\ConstraintsRecovery\assets\tankwar\asset33,10,23,TankWar_P2
C:\Users\JBNU\git\ConstraintsRecovery\assets\tankwar\asset33:IF:6-23,G3,TankWar_P1|TankWar_P2|TankWar_P3,E355,CONSTRUCTOR,Tool$$Mars.Tool$$Mars,UNKNOWN,0.2,0.05,C:\Users\JBNU\git\ConstraintsRecovery\assets\tankwar\asset33,12,14,TankWar_P1|TankWar_P2|TankWar_P3
C:\Users\JBNU\git\ConstraintsRecovery\assets\tankwar\asset33:IF:6-23,G3,TankWar_P1|TankWar_P2|TankWar_P3,E356,METHOD,Tool$$Mars.init,UNKNOWN,0.2,0.05,C:\Users\JBNU\git\ConstraintsRecovery\assets\tankwar\asset33,15,22,TankWar_P1|TankWar_P2|TankWar_P3
C:\Users\JBNU\git\ConstraintsRecovery\assets\tankwar\asset33:IF:7-8,G6,TankWar_P1|TankWar_P3,E353,CLASS,Tool$$Mars,UNKNOWN,0.2,0.05,C:\Users\JBNU\git\ConstraintsRecovery\assets\tankwar\asset33,8,23,TankWar_P1|TankWar_P3
C:\Users\JBNU\git\ConstraintsRecovery\assets\tankwar\asset34:ELIF:27-28,G1,TankWar_P1,E358,CLASS,Maler$$Feuerkraft,UNKNOWN,0.2,0.05,C:\Users\JBNU\git\ConstraintsRecovery\assets\tankwar\asset34,28,39,TankWar_P1
C:\Users\JBNU\git\ConstraintsRecovery\assets\tankwar\asset34:ELIF:29-30,G22,TankWar_P5,E359,CLASS,Maler$$Feuerkraft,UNKNOWN,0.2,0.05,C:\Users\JBNU\git\ConstraintsRecovery\assets\tankwar\asset34,30,39,TankWar_P5
C:\Users\JBNU\git\ConstraintsRecovery\assets\tankwar\asset34:IF:25-26,G17,TankWar_P3,E357,CLASS,Maler$$Feuerkraft,UNKNOWN,0.2,0.05,C:\Users\JBNU\git\ConstraintsRecovery\assets\tankwar\asset34,26,39,TankWar_P3
C:\Users\JBNU\git\ConstraintsRecovery\assets\tankwar\asset34:IF:6-39,G8,TankWar_P1|TankWar_P3|TankWar_P5,E360,CONSTRUCTOR,Maler$$Feuerkraft.Maler$$Feuerkraft,UNKNOWN,0.2,0.05,C:\Users\JBNU\git\ConstraintsRecovery\assets\tankwar\asset34,32,34,TankWar_P1|TankWar_P3|TankWar_P5
C:\Users\JBNU\git\ConstraintsRecovery\assets\tankwar\asset34:IF:6-39,G8,TankWar_P1|TankWar_P3|TankWar_P5,E361,METHOD,Maler$$Feuerkraft.helpItemErstellen,UNKNOWN,0.2,0.05,C:\Users\JBNU\git\ConstraintsRecovery\assets\tankwar\asset34,35,38,TankWar_P1|TankWar_P3|TankWar_P5
C:\Users\JBNU\git\ConstraintsRecovery\assets\tankwar\asset35:ELIF:27-28,G12,TankWar_P2,E363,CLASS,Maler$$Bombe,UNKNOWN,0.2,0.05,C:\Users\JBNU\git\ConstraintsRecovery\assets\tankwar\asset35,28,37,TankWar_P2
C:\Users\JBNU\git\ConstraintsRecovery\assets\tankwar\asset35:IF:24-26,G21,TankWar_P4|TankWar_P5,E362,CLASS,Maler$$Bombe,UNKNOWN,0.2,0.05,C:\Users\JBNU\git\ConstraintsRecovery\assets\tankwar\asset35,26,37,TankWar_P4|TankWar_P5
C:\Users\JBNU\git\ConstraintsRecovery\assets\tankwar\asset35:IF:6-37,G16,TankWar_P2|TankWar_P4|TankWar_P5,E364,CONSTRUCTOR,Maler$$Bombe.Maler$$Bombe,UNKNOWN,0.2,0.05,C:\Users\JBNU\git\ConstraintsRecovery\assets\tankwar\asset35,30,32,TankWar_P2|TankWar_P4|TankWar_P5
C:\Users\JBNU\git\ConstraintsRecovery\assets\tankwar\asset35:IF:6-37,G16,TankWar_P2|TankWar_P4|TankWar_P5,E365,METHOD,Maler$$Bombe.helpItemErstellen,UNKNOWN,0.2,0.05,C:\Users\JBNU\git\ConstraintsRecovery\assets\tankwar\asset35,33,36,TankWar_P2|TankWar_P4|TankWar_P5
C:\Users\JBNU\git\ConstraintsRecovery\assets\tankwar\asset36:ELIF:14-15,G17,TankWar_P3,E367,CLASS,TankManager$$einfrieren,UNKNOWN,0.2,0.05,C:\Users\JBNU\git\ConstraintsRecovery\assets\tankwar\asset36,15,27,TankWar_P3
C:\Users\JBNU\git\ConstraintsRecovery\assets\tankwar\asset36:ELIF:16-18,G12,TankWar_P2,E368,CLASS,TankManager$$einfrieren,UNKNOWN,0.2,0.05,C:\Users\JBNU\git\ConstraintsRecovery\assets\tankwar\asset36,18,27,TankWar_P2
C:\Users\JBNU\git\ConstraintsRecovery\assets\tankwar\asset36:IF:12-13,G1,TankWar_P1,E366,CLASS,TankManager$$einfrieren,UNKNOWN,0.2,0.05,C:\Users\JBNU\git\ConstraintsRecovery\assets\tankwar\asset36,13,27,TankWar_P1
C:\Users\JBNU\git\ConstraintsRecovery\assets\tankwar\asset36:IF:6-27,G3,TankWar_P1|TankWar_P2|TankWar_P3,E369,CONSTRUCTOR,TankManager$$einfrieren.TankManager$$einfrieren,UNKNOWN,0.2,0.05,C:\Users\JBNU\git\ConstraintsRecovery\assets\tankwar\asset36,20,22,TankWar_P1|TankWar_P2|TankWar_P3
C:\Users\JBNU\git\ConstraintsRecovery\assets\tankwar\asset36:IF:6-27,G3,TankWar_P1|TankWar_P2|TankWar_P3,E370,METHOD,TankManager$$einfrieren.toolsLaden,UNKNOWN,0.2,0.05,C:\Users\JBNU\git\ConstraintsRecovery\assets\tankwar\asset36,23,26,TankWar_P1|TankWar_P2|TankWar_P3
C:\Users\JBNU\git\ConstraintsRecovery\assets\tankwar\asset37:ELIF:27-28,G12,TankWar_P2,E372,CLASS,Maler$$Mars,UNKNOWN,0.2,0.05,C:\Users\JBNU\git\ConstraintsRecovery\assets\tankwar\asset37,28,37,TankWar_P2
C:\Users\JBNU\git\ConstraintsRecovery\assets\tankwar\asset37:IF:24-26,G6,TankWar_P1|TankWar_P3,E371,CLASS,Maler$$Mars,UNKNOWN,0.2,0.05,C:\Users\JBNU\git\ConstraintsRecovery\assets\tankwar\asset37,26,37,TankWar_P1|TankWar_P3
C:\Users\JBNU\git\ConstraintsRecovery\assets\tankwar\asset37:IF:6-37,G3,TankWar_P1|TankWar_P2|TankWar_P3,E373,CONSTRUCTOR,Maler$$Mars.Maler$$Mars,UNKNOWN,0.2,0.05,C:\Users\JBNU\git\ConstraintsRecovery\assets\tankwar\asset37,30,32,TankWar_P1|TankWar_P2|TankWar_P3
C:\Users\JBNU\git\ConstraintsRecovery\assets\tankwar\asset37:IF:6-37,G3,TankWar_P1|TankWar_P2|TankWar_P3,E374,METHOD,Maler$$Mars.helpItemErstellen,UNKNOWN,0.2,0.05,C:\Users\JBNU\git\ConstraintsRecovery\assets\tankwar\asset37,33,36,TankWar_P1|TankWar_P2|TankWar_P3
C:\Users\JBNU\git\ConstraintsRecovery\assets\tankwar\asset38:ELIF:12-14,G12,TankWar_P2,E376,CLASS,TankManager$$Bombe,UNKNOWN,0.2,0.05,C:\Users\JBNU\git\ConstraintsRecovery\assets\tankwar\asset38,14,25,TankWar_P2
C:\Users\JBNU\git\ConstraintsRecovery\assets\tankwar\asset38:ELIF:15-16,G22,TankWar_P5,E377,CLASS,TankManager$$Bombe,UNKNOWN,0.2,0.05,C:\Users\JBNU\git\ConstraintsRecovery\assets\tankwar\asset38,16,25,TankWar_P5
C:\Users\JBNU\git\ConstraintsRecovery\assets\tankwar\asset38:IF:6-25,G16,TankWar_P2|TankWar_P4|TankWar_P5,E378,CONSTRUCTOR,TankManager$$Bombe.TankManager$$Bombe,UNKNOWN,0.2,0.05,C:\Users\JBNU\git\ConstraintsRecovery\assets\tankwar\asset38,18,20,TankWar_P2|TankWar_P4|TankWar_P5
C:\Users\JBNU\git\ConstraintsRecovery\assets\tankwar\asset38:IF:6-25,G16,TankWar_P2|TankWar_P4|TankWar_P5,E379,METHOD,TankManager$$Bombe.toolsLaden,UNKNOWN,0.2,0.05,C:\Users\JBNU\git\ConstraintsRecovery\assets\tankwar\asset38,21,24,TankWar_P2|TankWar_P4|TankWar_P5
C:\Users\JBNU\git\ConstraintsRecovery\assets\tankwar\asset38:IF:9-11,G20,TankWar_P4,E375,CLASS,TankManager$$Bombe,UNKNOWN,0.2,0.05,C:\Users\JBNU\git\ConstraintsRecovery\assets\tankwar\asset38,11,25,TankWar_P4
C:\Users\JBNU\git\ConstraintsRecovery\assets\tankwar\asset39:ELIF:12-13,G1,TankWar_P1,E381,CLASS,Tank$$Feuerkraft,UNKNOWN,0.2,0.05,C:\Users\JBNU\git\ConstraintsRecovery\assets\tankwar\asset39,13,46,TankWar_P1
C:\Users\JBNU\git\ConstraintsRecovery\assets\tankwar\asset39:ELIF:14-15,G22,TankWar_P5,E382,CLASS,Tank$$Feuerkraft,UNKNOWN,0.2,0.05,C:\Users\JBNU\git\ConstraintsRecovery\assets\tankwar\asset39,15,46,TankWar_P5
C:\Users\JBNU\git\ConstraintsRecovery\assets\tankwar\asset39:IF:6-46,G8,TankWar_P1|TankWar_P3|TankWar_P5,E383,FIELD,Tank$$Feuerkraft.feuerkraftTimer,UNKNOWN,0.2,0.05,C:\Users\JBNU\git\ConstraintsRecovery\assets\tankwar\asset39,17,17,TankWar_P1|TankWar_P3|TankWar_P5
C:\Users\JBNU\git\ConstraintsRecovery\assets\tankwar\asset39:IF:6-46,G8,TankWar_P1|TankWar_P3|TankWar_P5,E384,FIELD,Tank$$Feuerkraft.feuerkraft,UNKNOWN,0.2,0.05,C:\Users\JBNU\git\ConstraintsRecovery\assets\tankwar\asset39,18,18,TankWar_P1|TankWar_P3|TankWar_P5
C:\Users\JBNU\git\ConstraintsRecovery\assets\tankwar\asset39:IF:6-46,G8,TankWar_P1|TankWar_P3|TankWar_P5,E385,CONSTRUCTOR,Tank$$Feuerkraft.Tank$$Feuerkraft,UNKNOWN,0.2,0.05,C:\Users\JBNU\git\ConstraintsRecovery\assets\tankwar\asset39,19,21,TankWar_P1|TankWar_P3|TankWar_P5
C:\Users\JBNU\git\ConstraintsRecovery\assets\tankwar\asset39:IF:6-46,G8,TankWar_P1|TankWar_P3|TankWar_P5,E386,METHOD,Tank$$Feuerkraft.toolKontroller,UNKNOWN,0.2,0.05,C:\Users\JBNU\git\ConstraintsRecovery\assets\tankwar\asset39,22,33,TankWar_P1|TankWar_P3|TankWar_P5
C:\Users\JBNU\git\ConstraintsRecovery\assets\tankwar\asset39:IF:6-46,G8,TankWar_P1|TankWar_P3|TankWar_P5,E387,METHOD,Tank$$Feuerkraft.toolBehandeln,UNKNOWN,0.2,0.05,C:\Users\JBNU\git\ConstraintsRecovery\assets\tankwar\asset39,34,45,TankWar_P1|TankWar_P3|TankWar_P5
C:\Users\JBNU\git\ConstraintsRecovery\assets\tankwar\asset39:IF:9-11,G17,TankWar_P3,E380,CLASS,Tank$$Feuerkraft,UNKNOWN,0.2,0.05,C:\Users\JBNU\git\ConstraintsRecovery\assets\tankwar\asset39,11,46,TankWar_P3
C:\Users\JBNU\git\ConstraintsRecovery\assets\tankwar\asset3:IF:8-44,G4,TankWar_P1|TankWar_P2|TankWar_P3|TankWar_P4|TankWar_P5,E332,CLASS,TankManager$$Tools,UNKNOWN,0.2,0.05,C:\Users\JBNU\git\ConstraintsRecovery\assets\tankwar\asset3,17,44,TankWar_P1|TankWar_P2|TankWar_P3|TankWar_P4|TankWar_P5
C:\Users\JBNU\git\ConstraintsRecovery\assets\tankwar\asset3:IF:8-44,G4,TankWar_P1|TankWar_P2|TankWar_P3|TankWar_P4|TankWar_P5,E333,FIELD,TankManager$$Tools.toolMenge,UNKNOWN,0.2,0.05,C:\Users\JBNU\git\ConstraintsRecovery\assets\tankwar\asset3,18,18,TankWar_P1|TankWar_P2|TankWar_P3|TankWar_P4|TankWar_P5
C:\Users\JBNU\git\ConstraintsRecovery\assets\tankwar\asset3:IF:8-44,G4,TankWar_P1|TankWar_P2|TankWar_P3|TankWar_P4|TankWar_P5,E334,CONSTRUCTOR,TankManager$$Tools.TankManager$$Tools,UNKNOWN,0.2,0.05,C:\Users\JBNU\git\ConstraintsRecovery\assets\tankwar\asset3,19,21,TankWar_P1|TankWar_P2|TankWar_P3|TankWar_P4|TankWar_P5
C:\Users\JBNU\git\ConstraintsRecovery\assets\tankwar\asset3:IF:8-44,G4,TankWar_P1|TankWar_P2|TankWar_P3|TankWar_P4|TankWar_P5,E335,METHOD,TankManager$$Tools.komponenteMalen,UNKNOWN,0.2,0.05,C:\Users\JBNU\git\ConstraintsRecovery\assets\tankwar\asset3,22,27,TankWar_P1|TankWar_P2|TankWar_P3|TankWar_P4|TankWar_P5
C:\Users\JBNU\git\ConstraintsRecovery\assets\tankwar\asset3:IF:8-44,G4,TankWar_P1|TankWar_P2|TankWar_P3|TankWar_P4|TankWar_P5,E336,METHOD,TankManager$$Tools.toolsLaden,UNKNOWN,0.2,0.05,C:\Users\JBNU\git\ConstraintsRecovery\assets\tankwar\asset3,28,29,TankWar_P1|TankWar_P2|TankWar_P3|TankWar_P4|TankWar_P5
C:\Users\JBNU\git\ConstraintsRecovery\assets\tankwar\asset3:IF:8-44,G4,TankWar_P1|TankWar_P2|TankWar_P3|TankWar_P4|TankWar_P5,E337,METHOD,TankManager$$Tools.toolInit,UNKNOWN,0.2,0.05,C:\Users\JBNU\git\ConstraintsRecovery\assets\tankwar\asset3,30,39,TankWar_P1|TankWar_P2|TankWar_P3|TankWar_P4|TankWar_P5
C:\Users\JBNU\git\ConstraintsRecovery\assets\tankwar\asset3:IF:8-44,G4,TankWar_P1|TankWar_P2|TankWar_P3|TankWar_P4|TankWar_P5,E338,METHOD,TankManager$$Tools.addEnemyTank,UNKNOWN,0.2,0.05,C:\Users\JBNU\git\ConstraintsRecovery\assets\tankwar\asset3,40,43,TankWar_P1|TankWar_P2|TankWar_P3|TankWar_P4|TankWar_P5
C:\Users\JBNU\git\ConstraintsRecovery\assets\tankwar\asset40:ELIF:27-28,G22,TankWar_P5,E395,CLASS,Maler$$M_600,UNKNOWN,0.2,0.05,C:\Users\JBNU\git\ConstraintsRecovery\assets\tankwar\asset40,28,39,TankWar_P5
C:\Users\JBNU\git\ConstraintsRecovery\assets\tankwar\asset40:ELIF:29-30,G1,TankWar_P1,E396,CLASS,Maler$$M_600,UNKNOWN,0.2,0.05,C:\Users\JBNU\git\ConstraintsRecovery\assets\tankwar\asset40,30,39,TankWar_P1
C:\Users\JBNU\git\ConstraintsRecovery\assets\tankwar\asset40:IF:25-26,G20,TankWar_P4,E394,CLASS,Maler$$M_600,UNKNOWN,0.2,0.05,C:\Users\JBNU\git\ConstraintsRecovery\assets\tankwar\asset40,26,39,TankWar_P4
C:\Users\JBNU\git\ConstraintsRecovery\assets\tankwar\asset40:IF:6-39,G10,TankWar_P1|TankWar_P4|TankWar_P5,E397,CONSTRUCTOR,Maler$$M_600.Maler$$M_600,UNKNOWN,0.2,0.05,C:\Users\JBNU\git\ConstraintsRecovery\assets\tankwar\asset40,32,34,TankWar_P1|TankWar_P4|TankWar_P5
C:\Users\JBNU\git\ConstraintsRecovery\assets\tankwar\asset40:IF:6-39,G10,TankWar_P1|TankWar_P4|TankWar_P5,E398,METHOD,Maler$$M_600.gamesize,UNKNOWN,0.2,0.05,C:\Users\JBNU\git\ConstraintsRecovery\assets\tankwar\asset40,35,38,TankWar_P1|TankWar_P4|TankWar_P5
C:\Users\JBNU\git\ConstraintsRecovery\assets\tankwar\asset41:ELIF:12-14,G17,TankWar_P3,E400,CLASS,Tank$$Mars,UNKNOWN,0.2,0.05,C:\Users\JBNU\git\ConstraintsRecovery\assets\tankwar\asset41,14,48,TankWar_P3
C:\Users\JBNU\git\ConstraintsRecovery\assets\tankwar\asset41:ELIF:15-16,G1,TankWar_P1,E401,CLASS,Tank$$Mars,UNKNOWN,0.2,0.05,C:\Users\JBNU\git\ConstraintsRecovery\assets\tankwar\asset41,16,48,TankWar_P1
C:\Users\JBNU\git\ConstraintsRecovery\assets\tankwar\asset41:IF:6-48,G3,TankWar_P1|TankWar_P2|TankWar_P3,E402,FIELD,Tank$$Mars.mars,UNKNOWN,0.2,0.05,C:\Users\JBNU\git\ConstraintsRecovery\assets\tankwar\asset41,18,18,TankWar_P1|TankWar_P2|TankWar_P3
C:\Users\JBNU\git\ConstraintsRecovery\assets\tankwar\asset41:IF:6-48,G3,TankWar_P1|TankWar_P2|TankWar_P3,E403,FIELD,Tank$$Mars.marsTimer,UNKNOWN,0.2,0.05,C:\Users\JBNU\git\ConstraintsRecovery\assets\tankwar\asset41,19,19,TankWar_P1|TankWar_P2|TankWar_P3
C:\Users\JBNU\git\ConstraintsRecovery\assets\tankwar\asset41:IF:6-48,G3,TankWar_P1|TankWar_P2|TankWar_P3,E404,CONSTRUCTOR,Tank$$Mars.Tank$$Mars,UNKNOWN,0.2,0.05,C:\Users\JBNU\git\ConstraintsRecovery\assets\tankwar\asset41,20,22,TankWar_P1|TankWar_P2|TankWar_P3
C:\Users\JBNU\git\ConstraintsRecovery\assets\tankwar\asset41:IF:6-48,G3,TankWar_P1|TankWar_P2|TankWar_P3,E405,METHOD,Tank$$Mars.toolKontroller,UNKNOWN,0.2,0.05,C:\Users\JBNU\git\ConstraintsRecovery\assets\tankwar\asset41,23,32,TankWar_P1|TankWar_P2|TankWar_P3
C:\Users\JBNU\git\ConstraintsRecovery\assets\tankwar\asset41:IF:6-48,G3,TankWar_P1|TankWar_P2|TankWar_P3,E406,METHOD,Tank$$Mars.toolBehandeln,UNKNOWN,0.2,0.05,C:\Users\JBNU\git\ConstraintsRecovery\assets\tankwar\asset41,33,41,TankWar_P1|TankWar_P2|TankWar_P3
C:\Users\JBNU\git\ConstraintsRecovery\assets\tankwar\asset41:IF:6-48,G3,TankWar_P1|TankWar_P2|TankWar_P3,E407,METHOD,Tank$$Mars.beschaedigen,UNKNOWN,0.2,0.05,C:\Users\JBNU\git\ConstraintsRecovery\assets\tankwar\asset41,42,47,TankWar_P1|TankWar_P2|TankWar_P3
C:\Users\JBNU\git\ConstraintsRecovery\assets\tankwar\asset41:IF:9-11,G12,TankWar_P2,E399,CLASS,Tank$$Mars,UNKNOWN,0.2,0.05,C:\Users\JBNU\git\ConstraintsRecovery\assets\tankwar\asset41,11,48,TankWar_P2
C:\Users\JBNU\git\ConstraintsRecovery\assets\tankwar\asset42:ELIF:9-10,G12,TankWar_P2,E409,CLASS,Tool$$Bombe,UNKNOWN,0.2,0.05,C:\Users\JBNU\git\ConstraintsRecovery\assets\tankwar\asset42,10,23,TankWar_P2
C:\Users\JBNU\git\ConstraintsRecovery\assets\tankwar\asset42:IF:6-23,G16,TankWar_P2|TankWar_P4|TankWar_P5,E410,CONSTRUCTOR,Tool$$Bombe.Tool$$Bombe,UNKNOWN,0.2,0.05,C:\Users\JBNU\git\ConstraintsRecovery\assets\tankwar\asset42,12,14,TankWar_P2|TankWar_P4|TankWar_P5
C:\Users\JBNU\git\ConstraintsRecovery\assets\tankwar\asset42:IF:6-23,G16,TankWar_P2|TankWar_P4|TankWar_P5,E411,METHOD,Tool$$Bombe.init,UNKNOWN,0.2,0.05,C:\Users\JBNU\git\ConstraintsRecovery\assets\tankwar\asset42,15,22,TankWar_P2|TankWar_P4|TankWar_P5
C:\Users\JBNU\git\ConstraintsRecovery\assets\tankwar\asset42:IF:7-8,G21,TankWar_P4|TankWar_P5,E408,CLASS,Tool$$Bombe,UNKNOWN,0.2,0.05,C:\Users\JBNU\git\ConstraintsRecovery\assets\tankwar\asset42,8,23,TankWar_P4|TankWar_P5
C:\Users\JBNU\git\ConstraintsRecovery\assets\tankwar\asset43:ELIF:11-12,G1,TankWar_P1,E414,CLASS,Tool$$Feuerkraft,UNKNOWN,0.2,0.05,C:\Users\JBNU\git\ConstraintsRecovery\assets\tankwar\asset43,12,25,TankWar_P1
C:\Users\JBNU\git\ConstraintsRecovery\assets\tankwar\asset43:ELIF:9-10,G17,TankWar_P3,E413,CLASS,Tool$$Feuerkraft,UNKNOWN,0.2,0.05,C:\Users\JBNU\git\ConstraintsRecovery\assets\tankwar\asset43,10,25,TankWar_P3
C:\Users\JBNU\git\ConstraintsRecovery\assets\tankwar\asset43:IF:6-25,G8,TankWar_P1|TankWar_P3|TankWar_P5,E415,CONSTRUCTOR,Tool$$Feuerkraft.Tool$$Feuerkraft,UNKNOWN,0.2,0.05,C:\Users\JBNU\git\ConstraintsRecovery\assets\tankwar\asset43,14,16,TankWar_P1|TankWar_P3|TankWar_P5
C:\Users\JBNU\git\ConstraintsRecovery\assets\tankwar\asset43:IF:6-25,G8,TankWar_P1|TankWar_P3|TankWar_P5,E416,METHOD,Tool$$Feuerkraft.init,UNKNOWN,0.2,0.05,C:\Users\JBNU\git\ConstraintsRecovery\assets\tankwar\asset43,17,24,TankWar_P1|TankWar_P3|TankWar_P5
C:\Users\JBNU\git\ConstraintsRecovery\assets\tankwar\asset43:IF:7-8,G22,TankWar_P5,E412,CLASS,Tool$$Feuerkraft,UNKNOWN,0.2,0.05,C:\Users\JBNU\git\ConstraintsRecovery\assets\tankwar\asset43,8,25,TankWar_P5
C:\Users\JBNU\git\ConstraintsRecovery\assets\tankwar\asset44:ELIF:9-10,G13,TankWar_P2|TankWar_P3,E418,CLASS,Tool$$einfrieren,UNKNOWN,0.2,0.05,C:\Users\JBNU\git\ConstraintsRecovery\assets\tankwar\asset44,10,23,TankWar_P2|TankWar_P3
C:\Users\JBNU\git\ConstraintsRecovery\assets\tankwar\asset44:IF:6-23,G3,TankWar_P1|TankWar_P2|TankWar_P3,E419,CONSTRUCTOR,Tool$$einfrieren.Tool$$einfrieren,UNKNOWN,0.2,0.05,C:\Users\JBNU\git\ConstraintsRecovery\assets\tankwar\asset44,12,14,TankWar_P1|TankWar_P2|TankWar_P3
C:\Users\JBNU\git\ConstraintsRecovery\assets\tankwar\asset44:IF:6-23,G3,TankWar_P1|TankWar_P2|TankWar_P3,E420,METHOD,Tool$$einfrieren.init,UNKNOWN,0.2,0.05,C:\Users\JBNU\git\ConstraintsRecovery\assets\tankwar\asset44,15,22,TankWar_P1|TankWar_P2|TankWar_P3
C:\Users\JBNU\git\ConstraintsRecovery\assets\tankwar\asset44:IF:7-8,G1,TankWar_P1,E417,CLASS,Tool$$einfrieren,UNKNOWN,0.2,0.05,C:\Users\JBNU\git\ConstraintsRecovery\assets\tankwar\asset44,8,23,TankWar_P1
C:\Users\JBNU\git\ConstraintsRecovery\assets\tankwar\asset45:ELIF:10-11,G17,TankWar_P3,E422,CLASS,Missile$$Image,UNKNOWN,0.2,0.05,C:\Users\JBNU\git\ConstraintsRecovery\assets\tankwar\asset45,11,38,TankWar_P3
C:\Users\JBNU\git\ConstraintsRecovery\assets\tankwar\asset45:IF:6-38,G14,TankWar_P2|TankWar_P3|TankWar_P4,E423,CONSTRUCTOR,Missile$$Image.Missile$$Image,UNKNOWN,0.2,0.05,C:\Users\JBNU\git\ConstraintsRecovery\assets\tankwar\asset45,13,15,TankWar_P2|TankWar_P3|TankWar_P4
C:\Users\JBNU\git\ConstraintsRecovery\assets\tankwar\asset45:IF:6-38,G14,TankWar_P2|TankWar_P3|TankWar_P4,E424,METHOD,Missile$$Image.malen,UNKNOWN,0.2,0.05,C:\Users\JBNU\git\ConstraintsRecovery\assets\tankwar\asset45,16,37,TankWar_P2|TankWar_P3|TankWar_P4
C:\Users\JBNU\git\ConstraintsRecovery\assets\tankwar\asset45:IF:8-9,G15,TankWar_P2|TankWar_P4,E421,CLASS,Missile$$Image,UNKNOWN,0.2,0.05,C:\Users\JBNU\git\ConstraintsRecovery\assets\tankwar\asset45,9,38,TankWar_P2|TankWar_P4
C:\Users\JBNU\git\ConstraintsRecovery\assets\tankwar\asset46:ELIF:11-13,G13,TankWar_P2|TankWar_P3,E426,CLASS,Tank$$einfrieren,UNKNOWN,0.2,0.05,C:\Users\JBNU\git\ConstraintsRecovery\assets\tankwar\asset46,13,50,TankWar_P2|TankWar_P3
C:\Users\JBNU\git\ConstraintsRecovery\assets\tankwar\asset46:IF:6-50,G3,TankWar_P1|TankWar_P2|TankWar_P3,E427,FIELD,Tank$$einfrieren.einfrierenTimer,UNKNOWN,0.2,0.05,C:\Users\JBNU\git\ConstraintsRecovery\assets\tankwar\asset46,15,15,TankWar_P1|TankWar_P2|TankWar_P3
C:\Users\JBNU\git\ConstraintsRecovery\assets\tankwar\asset46:IF:6-50,G3,TankWar_P1|TankWar_P2|TankWar_P3,E428,FIELD,Tank$$einfrieren.einfrieren,UNKNOWN,0.2,0.05,C:\Users\JBNU\git\ConstraintsRecovery\assets\tankwar\asset46,16,16,TankWar_P1|TankWar_P2|TankWar_P3
C:\Users\JBNU\git\ConstraintsRecovery\assets\tankwar\asset46:IF:6-50,G3,TankWar_P1|TankWar_P2|TankWar_P3,E429,CONSTRUCTOR,Tank$$einfrieren.Tank$$einfrieren,UNKNOWN,0.2,0.05,C:\Users\JBNU\git\ConstraintsRecovery\assets\tankwar\asset46,17,19,TankWar_P1|TankWar_P2|TankWar_P3
C:\Users\JBNU\git\ConstraintsRecovery\assets\tankwar\asset46:IF:6-50,G3,TankWar_P1|TankWar_P2|TankWar_P3,E430,METHOD,Tank$$einfrieren.toolKontroller,UNKNOWN,0.2,0.05,C:\Users\JBNU\git\ConstraintsRecovery\assets\tankwar\asset46,20,35,TankWar_P1|TankWar_P2|TankWar_P3
C:\Users\JBNU\git\ConstraintsRecovery\assets\tankwar\asset46:IF:6-50,G3,TankWar_P1|TankWar_P2|TankWar_P3,E431,METHOD,Tank$$einfrieren.toolBehandeln,UNKNOWN,0.2,0.05,C:\Users\JBNU\git\ConstraintsRecovery\assets\tankwar\asset46,36,49,TankWar_P1|TankWar_P2|TankWar_P3
C:\Users\JBNU\git\ConstraintsRecovery\assets\tankwar\asset46:IF:9-10,G1,TankWar_P1,E425,CLASS,Tank$$einfrieren,UNKNOWN,0.2,0.05,C:\Users\JBNU\git\ConstraintsRecovery\assets\tankwar\asset46,10,50,TankWar_P1
C:\Users\JBNU\git\ConstraintsRecovery\assets\tankwar\asset47:IF:6-53,G14,TankWar_P2|TankWar_P3|TankWar_P4,E432,CLASS,SoundPlayer,UNKNOWN,0.2,0.05,C:\Users\JBNU\git\ConstraintsRecovery\assets\tankwar\asset47,9,53,TankWar_P2|TankWar_P3|TankWar_P4
C:\Users\JBNU\git\ConstraintsRecovery\assets\tankwar\asset47:IF:6-53,G14,TankWar_P2|TankWar_P3|TankWar_P4,E433,FIELD,SoundPlayer.instance,UNKNOWN,0.2,0.05,C:\Users\JBNU\git\ConstraintsRecovery\assets\tankwar\asset47,10,10,TankWar_P2|TankWar_P3|TankWar_P4
C:\Users\JBNU\git\ConstraintsRecovery\assets\tankwar\asset47:IF:6-53,G14,TankWar_P2|TankWar_P3|TankWar_P4,E434,FIELD,SoundPlayer.inputStream,INFRASTRUCTURE,0.15,0.05,C:\Users\JBNU\git\ConstraintsRecovery\assets\tankwar\asset47,11,11,TankWar_P2|TankWar_P3|TankWar_P4
C:\Users\JBNU\git\ConstraintsRecovery\assets\tankwar\asset47:IF:6-53,G14,TankWar_P2|TankWar_P3|TankWar_P4,E435,METHOD,SoundPlayer.getInstance,UNKNOWN,0.2,0.05,C:\Users\JBNU\git\ConstraintsRecovery\assets\tankwar\asset47,12,17,TankWar_P2|TankWar_P3|TankWar_P4
C:\Users\JBNU\git\ConstraintsRecovery\assets\tankwar\asset47:IF:6-53,G14,TankWar_P2|TankWar_P3|TankWar_P4,E436,METHOD,SoundPlayer.playBgSound,UNKNOWN,0.2,0.05,C:\Users\JBNU\git\ConstraintsRecovery\assets\tankwar\asset47,18,21,TankWar_P2|TankWar_P3|TankWar_P4
C:\Users\JBNU\git\ConstraintsRecovery\assets\tankwar\asset47:IF:6-53,G14,TankWar_P2|TankWar_P3|TankWar_P4,E437,METHOD,SoundPlayer.playFireSound,UNKNOWN,0.2,0.05,C:\Users\JBNU\git\ConstraintsRecovery\assets\tankwar\asset47,22,25,TankWar_P2|TankWar_P3|TankWar_P4
C:\Users\JBNU\git\ConstraintsRecovery\assets\tankwar\asset47:IF:6-53,G14,TankWar_P2|TankWar_P3|TankWar_P4,E438,METHOD,SoundPlayer.playExplodeSound,UNKNOWN,0.2,0.05,C:\Users\JBNU\git\ConstraintsRecovery\assets\tankwar\asset47,26,29,TankWar_P2|TankWar_P3|TankWar_P4
C:\Users\JBNU\git\ConstraintsRecovery\assets\tankwar\asset47:IF:6-53,G14,TankWar_P2|TankWar_P3|TankWar_P4,E439,METHOD,SoundPlayer.playMoveSound,UNKNOWN,0.2,0.05,C:\Users\JBNU\git\ConstraintsRecovery\assets\tankwar\asset47,30,33,TankWar_P2|TankWar_P3|TankWar_P4
C:\Users\JBNU\git\ConstraintsRecovery\assets\tankwar\asset47:IF:6-53,G14,TankWar_P2|TankWar_P3|TankWar_P4,E440,METHOD,SoundPlayer.playRogerSound,UNKNOWN,0.2,0.05,C:\Users\JBNU\git\ConstraintsRecovery\assets\tankwar\asset47,34,37,TankWar_P2|TankWar_P3|TankWar_P4
C:\Users\JBNU\git\ConstraintsRecovery\assets\tankwar\asset47:IF:6-53,G14,TankWar_P2|TankWar_P3|TankWar_P4,E441,METHOD,SoundPlayer.playYessirSound,UNKNOWN,0.2,0.05,C:\Users\JBNU\git\ConstraintsRecovery\assets\tankwar\asset47,38,41,TankWar_P2|TankWar_P3|TankWar_P4
C:\Users\JBNU\git\ConstraintsRecovery\assets\tankwar\asset47:IF:6-53,G14,TankWar_P2|TankWar_P3|TankWar_P4,E442,METHOD,SoundPlayer.playYeahSound,UNKNOWN,0.2,0.05,C:\Users\JBNU\git\ConstraintsRecovery\assets\tankwar\asset47,42,45,TankWar_P2|TankWar_P3|TankWar_P4
C:\Users\JBNU\git\ConstraintsRecovery\assets\tankwar\asset47:IF:6-53,G14,TankWar_P2|TankWar_P3|TankWar_P4,E443,METHOD,SoundPlayer.playEatSound,UNKNOWN,0.2,0.05,C:\Users\JBNU\git\ConstraintsRecovery\assets\tankwar\asset47,46,49,TankWar_P2|TankWar_P3|TankWar_P4
C:\Users\JBNU\git\ConstraintsRecovery\assets\tankwar\asset47:IF:6-53,G14,TankWar_P2|TankWar_P3|TankWar_P4,E444,METHOD,SoundPlayer.stopSound,UNKNOWN,0.2,0.05,C:\Users\JBNU\git\ConstraintsRecovery\assets\tankwar\asset47,50,52,TankWar_P2|TankWar_P3|TankWar_P4
C:\Users\JBNU\git\ConstraintsRecovery\assets\tankwar\asset48:ELIF:12-13,G18,TankWar_P3|TankWar_P4,E446,CLASS,Tank$$Sound_fuer_pc,UNKNOWN,0.2,0.05,C:\Users\JBNU\git\ConstraintsRecovery\assets\tankwar\asset48,13,58,TankWar_P3|TankWar_P4
C:\Users\JBNU\git\ConstraintsRecovery\assets\tankwar\asset48:IF:10-11,G12,TankWar_P2,E445,CLASS,Tank$$Sound_fuer_pc,UNKNOWN,0.2,0.05,C:\Users\JBNU\git\ConstraintsRecovery\assets\tankwar\asset48,11,58,TankWar_P2
C:\Users\JBNU\git\ConstraintsRecovery\assets\tankwar\asset48:IF:6-58,G14,TankWar_P2|TankWar_P3|TankWar_P4,E447,CONSTRUCTOR,Tank$$Sound_fuer_pc.Tank$$Sound_fuer_pc,UNKNOWN,0.2,0.05,C:\Users\JBNU\git\ConstraintsRecovery\assets\tankwar\asset48,15,17,TankWar_P2|TankWar_P3|TankWar_P4
C:\Users\JBNU\git\ConstraintsRecovery\assets\tankwar\asset48:IF:6-58,G14,TankWar_P2|TankWar_P3|TankWar_P4,E448,METHOD,Tank$$Sound_fuer_pc.keyPressBehandeln,UNKNOWN,0.2,0.05,C:\Users\JBNU\git\ConstraintsRecovery\assets\tankwar\asset48,18,41,TankWar_P2|TankWar_P3|TankWar_P4
C:\Users\JBNU\git\ConstraintsRecovery\assets\tankwar\asset48:IF:6-58,G14,TankWar_P2|TankWar_P3|TankWar_P4,E449,METHOD,Tank$$Sound_fuer_pc.explodieren,UNKNOWN,0.2,0.05,C:\Users\JBNU\git\ConstraintsRecovery\assets\tankwar\asset48,42,49,TankWar_P2|TankWar_P3|TankWar_P4
C:\Users\JBNU\git\ConstraintsRecovery\assets\tankwar\asset48:IF:6-58,G14,TankWar_P2|TankWar_P3|TankWar_P4,E450,METHOD,Tank$$Sound_fuer_pc.toolBehandeln,UNKNOWN,0.2,0.05,C:\Users\JBNU\git\ConstraintsRecovery\assets\tankwar\asset48,50,57,TankWar_P2|TankWar_P3|TankWar_P4
C:\Users\JBNU\git\ConstraintsRecovery\assets\tankwar\asset49:IF:5-132,G19,TankWar_P3|TankWar_P5,E451,CLASS,ExplodierenEffekt$$explodieren,UNKNOWN,0.2,0.05,C:\Users\JBNU\git\ConstraintsRecovery\assets\tankwar\asset49,6,132,TankWar_P3|TankWar_P5
C:\Users\JBNU\git\ConstraintsRecovery\assets\tankwar\asset49:IF:5-132,G19,TankWar_P3|TankWar_P5,E452,FIELD,ExplodierenEffekt$$explodieren.i,UNKNOWN,0.2,0.05,C:\Users\JBNU\git\ConstraintsRecovery\assets\tankwar\asset49,7,7,TankWar_P3|TankWar_P5
C:\Users\JBNU\git\ConstraintsRecovery\assets\tankwar\asset49:IF:5-132,G19,TankWar_P3|TankWar_P5,E453,FIELD,ExplodierenEffekt$$explodieren.x,UNKNOWN,0.2,0.05,C:\Users\JBNU\git\ConstraintsRecovery\assets\tankwar\asset49,8,8,TankWar_P3|TankWar_P5
C:\Users\JBNU\git\ConstraintsRecovery\assets\tankwar\asset49:IF:5-132,G19,TankWar_P3|TankWar_P5,E454,FIELD,ExplodierenEffekt$$explodieren.y,UNKNOWN,0.2,0.05,C:\Users\JBNU\git\ConstraintsRecovery\assets\tankwar\asset49,8,8,TankWar_P3|TankWar_P5
C:\Users\JBNU\git\ConstraintsRecovery\assets\tankwar\asset49:IF:5-132,G19,TankWar_P3|TankWar_P5,E455,FIELD,ExplodierenEffekt$$explodieren.koernigKeit,UNKNOWN,0.2,0.05,C:\Users\JBNU\git\ConstraintsRecovery\assets\tankwar\asset49,9,9,TankWar_P3|TankWar_P5
C:\Users\JBNU\git\ConstraintsRecovery\assets\tankwar\asset49:IF:5-132,G19,TankWar_P3|TankWar_P5,E456,FIELD,ExplodierenEffekt$$explodieren.step,UNKNOWN,0.2,0.05,C:\Users\JBNU\git\ConstraintsRecovery\assets\tankwar\asset49,10,10,TankWar_P3|TankWar_P5
C:\Users\JBNU\git\ConstraintsRecovery\assets\tankwar\asset49:IF:5-132,G19,TankWar_P3|TankWar_P5,E457,CONSTRUCTOR,ExplodierenEffekt$$explodieren.ExplodierenEffekt$$explodieren,UNKNOWN,0.2,0.05,C:\Users\JBNU\git\ConstraintsRecovery\assets\tankwar\asset49,11,13,TankWar_P3|TankWar_P5
C:\Users\JBNU\git\ConstraintsRecovery\assets\tankwar\asset49:IF:5-132,G19,TankWar_P3|TankWar_P5,E458,METHOD,ExplodierenEffekt$$explodieren.init,UNKNOWN,0.2,0.05,C:\Users\JBNU\git\ConstraintsRecovery\assets\tankwar\asset49,14,47,TankWar_P3|TankWar_P5
C:\Users\JBNU\git\ConstraintsRecovery\assets\tankwar\asset49:IF:5-132,G19,TankWar_P3|TankWar_P5,E459,METHOD,ExplodierenEffekt$$explodieren.malen,UNKNOWN,0.2,0.05,C:\Users\JBNU\git\ConstraintsRecovery\assets\tankwar\asset49,48,72,TankWar_P3|TankWar_P5
C:\Users\JBNU\git\ConstraintsRecovery\assets\tankwar\asset49:IF:5-132,G19,TankWar_P3|TankWar_P5,E460,METHOD,ExplodierenEffekt$$explodieren.fillTriangle,UNKNOWN,0.2,0.05,C:\Users\JBNU\git\ConstraintsRecovery\assets\tankwar\asset49,73,128,TankWar_P3|TankWar_P5
C:\Users\JBNU\git\ConstraintsRecovery\assets\tankwar\asset49:IF:5-132,G19,TankWar_P3|TankWar_P5,E461,METHOD,ExplodierenEffekt$$explodieren.explodieren,UNKNOWN,0.2,0.05,C:\Users\JBNU\git\ConstraintsRecovery\assets\tankwar\asset49,129,131,TankWar_P3|TankWar_P5
C:\Users\JBNU\git\ConstraintsRecovery\assets\tankwar\asset4:IF:8-26,G4,TankWar_P1|TankWar_P2|TankWar_P3|TankWar_P4|TankWar_P5,E388,CLASS,KeyMonitor,UNKNOWN,0.2,0.05,C:\Users\JBNU\git\ConstraintsRecovery\assets\tankwar\asset4,11,26,TankWar_P1|TankWar_P2|TankWar_P3|TankWar_P4|TankWar_P5
C:\Users\JBNU\git\ConstraintsRecovery\assets\tankwar\asset4:IF:8-26,G4,TankWar_P1|TankWar_P2|TankWar_P3|TankWar_P4|TankWar_P5,E389,FIELD,KeyMonitor.gameManager,UNKNOWN,0.2,0.05,C:\Users\JBNU\git\ConstraintsRecovery\assets\tankwar\asset4,12,12,TankWar_P1|TankWar_P2|TankWar_P3|TankWar_P4|TankWar_P5
C:\Users\JBNU\git\ConstraintsRecovery\assets\tankwar\asset4:IF:8-26,G4,TankWar_P1|TankWar_P2|TankWar_P3|TankWar_P4|TankWar_P5,E390,CONSTRUCTOR,KeyMonitor.KeyMonitor,UNKNOWN,0.2,0.05,C:\Users\JBNU\git\ConstraintsRecovery\assets\tankwar\asset4,13,15,TankWar_P1|TankWar_P2|TankWar_P3|TankWar_P4|TankWar_P5
C:\Users\JBNU\git\ConstraintsRecovery\assets\tankwar\asset4:IF:8-26,G4,TankWar_P1|TankWar_P2|TankWar_P3|TankWar_P4|TankWar_P5,E391,METHOD,KeyMonitor.keyPressed,UNKNOWN,0.2,0.05,C:\Users\JBNU\git\ConstraintsRecovery\assets\tankwar\asset4,16,19,TankWar_P1|TankWar_P2|TankWar_P3|TankWar_P4|TankWar_P5
C:\Users\JBNU\git\ConstraintsRecovery\assets\tankwar\asset4:IF:8-26,G4,TankWar_P1|TankWar_P2|TankWar_P3|TankWar_P4|TankWar_P5,E392,METHOD,KeyMonitor.keyReleased,UNKNOWN,0.2,0.05,C:\Users\JBNU\git\ConstraintsRecovery\assets\tankwar\asset4,20,23,TankWar_P1|TankWar_P2|TankWar_P3|TankWar_P4|TankWar_P5
C:\Users\JBNU\git\ConstraintsRecovery\assets\tankwar\asset4:IF:8-26,G4,TankWar_P1|TankWar_P2|TankWar_P3|TankWar_P4|TankWar_P5,E393,METHOD,KeyMonitor.keyTyped,UNKNOWN,0.2,0.05,C:\Users\JBNU\git\ConstraintsRecovery\assets\tankwar\asset4,24,25,TankWar_P1|TankWar_P2|TankWar_P3|TankWar_P4|TankWar_P5
C:\Users\JBNU\git\ConstraintsRecovery\assets\tankwar\asset50:ELIF:11-12,G1,TankWar_P1,E466,CLASS,TankManager$$Energie,UNKNOWN,0.2,0.05,C:\Users\JBNU\git\ConstraintsRecovery\assets\tankwar\asset50,12,21,TankWar_P1
C:\Users\JBNU\git\ConstraintsRecovery\assets\tankwar\asset50:IF:5-21,G9,TankWar_P1|TankWar_P4,E467,CONSTRUCTOR,TankManager$$Energie.TankManager$$Energie,UNKNOWN,0.2,0.05,C:\Users\JBNU\git\ConstraintsRecovery\assets\tankwar\asset50,14,16,TankWar_P1|TankWar_P4
C:\Users\JBNU\git\ConstraintsRecovery\assets\tankwar\asset50:IF:5-21,G9,TankWar_P1|TankWar_P4,E468,METHOD,TankManager$$Energie.toolsLaden,UNKNOWN,0.2,0.05,C:\Users\JBNU\git\ConstraintsRecovery\assets\tankwar\asset50,17,20,TankWar_P1|TankWar_P4
C:\Users\JBNU\git\ConstraintsRecovery\assets\tankwar\asset50:IF:8-10,G20,TankWar_P4,E465,CLASS,TankManager$$Energie,UNKNOWN,0.2,0.05,C:\Users\JBNU\git\ConstraintsRecovery\assets\tankwar\asset50,10,21,TankWar_P4
C:\Users\JBNU\git\ConstraintsRecovery\assets\tankwar\asset51:ELIF:25-27,G1,TankWar_P1,E470,CLASS,Maler$$USA_M1Abrams,UNKNOWN,0.2,0.05,C:\Users\JBNU\git\ConstraintsRecovery\assets\tankwar\asset51,27,39,TankWar_P1
C:\Users\JBNU\git\ConstraintsRecovery\assets\tankwar\asset51:IF:23-24,G12,TankWar_P2,E469,CLASS,Maler$$USA_M1Abrams,UNKNOWN,0.2,0.05,C:\Users\JBNU\git\ConstraintsRecovery\assets\tankwar\asset51,24,39,TankWar_P2
C:\Users\JBNU\git\ConstraintsRecovery\assets\tankwar\asset51:IF:5-39,G2,TankWar_P1|TankWar_P2,E471,CONSTRUCTOR,Maler$$USA_M1Abrams.Maler$$USA_M1Abrams,UNKNOWN,0.2,0.05,C:\Users\JBNU\git\ConstraintsRecovery\assets\tankwar\asset51,29,31,TankWar_P1|TankWar_P2
C:\Users\JBNU\git\ConstraintsRecovery\assets\tankwar\asset51:IF:5-39,G2,TankWar_P1|TankWar_P2,E472,METHOD,Maler$$USA_M1Abrams.tankErstellen,UNKNOWN,0.2,0.05,C:\Users\JBNU\git\ConstraintsRecovery\assets\tankwar\asset51,32,38,TankWar_P1|TankWar_P2
C:\Users\JBNU\git\ConstraintsRecovery\assets\tankwar\asset52:IF:5-39,G13,TankWar_P2|TankWar_P3,E473,CLASS,Tank$$Beschleunigung,UNKNOWN,0.2,0.05,C:\Users\JBNU\git\ConstraintsRecovery\assets\tankwar\asset52,9,39,TankWar_P2|TankWar_P3
C:\Users\JBNU\git\ConstraintsRecovery\assets\tankwar\asset52:IF:5-39,G13,TankWar_P2|TankWar_P3,E474,FIELD,Tank$$Beschleunigung.beschleunigungTimer,UNKNOWN,0.2,0.05,C:\Users\JBNU\git\ConstraintsRecovery\assets\tankwar\asset52,10,10,TankWar_P2|TankWar_P3
C:\Users\JBNU\git\ConstraintsRecovery\assets\tankwar\asset52:IF:5-39,G13,TankWar_P2|TankWar_P3,E475,FIELD,Tank$$Beschleunigung.beschleunigung,UNKNOWN,0.2,0.05,C:\Users\JBNU\git\ConstraintsRecovery\assets\tankwar\asset52,11,11,TankWar_P2|TankWar_P3
C:\Users\JBNU\git\ConstraintsRecovery\assets\tankwar\asset52:IF:5-39,G13,TankWar_P2|TankWar_P3,E476,CONSTRUCTOR,Tank$$Beschleunigung.Tank$$Beschleunigung,UNKNOWN,0.2,0.05,C:\Users\JBNU\git\ConstraintsRecovery\assets\tankwar\asset52,12,14,TankWar_P2|TankWar_P3
C:\Users\JBNU\git\ConstraintsRecovery\assets\tankwar\asset52:IF:5-39,G13,TankWar_P2|TankWar_P3,E477,METHOD,Tank$$Beschleunigung.toolKontroller,UNKNOWN,0.2,0.05,C:\Users\JBNU\git\ConstraintsRecovery\assets\tankwar\asset52,15,26,TankWar_P2|TankWar_P3
C:\Users\JBNU\git\ConstraintsRecovery\assets\tankwar\asset52:IF:5-39,G13,TankWar_P2|TankWar_P3,E478,METHOD,Tank$$Beschleunigung.toolBehandeln,UNKNOWN,0.2,0.05,C:\Users\JBNU\git\ConstraintsRecovery\assets\tankwar\asset52,27,38,TankWar_P2|TankWar_P3
C:\Users\JBNU\git\ConstraintsRecovery\assets\tankwar\asset53:ELIF:11-12,G1,TankWar_P1,E480,CLASS,Tank$$Energie,UNKNOWN,0.2,0.05,C:\Users\JBNU\git\ConstraintsRecovery\assets\tankwar\asset53,12,25,TankWar_P1
C:\Users\JBNU\git\ConstraintsRecovery\assets\tankwar\asset53:IF:5-25,G9,TankWar_P1|TankWar_P4,E481,CONSTRUCTOR,Tank$$Energie.Tank$$Energie,UNKNOWN,0.2,0.05,C:\Users\JBNU\git\ConstraintsRecovery\assets\tankwar\asset53,14,16,TankWar_P1|TankWar_P4
C:\Users\JBNU\git\ConstraintsRecovery\assets\tankwar\asset53:IF:5-25,G9,TankWar_P1|TankWar_P4,E482,METHOD,Tank$$Energie.toolBehandeln,UNKNOWN,0.2,0.05,C:\Users\JBNU\git\ConstraintsRecovery\assets\tankwar\asset53,17,24,TankWar_P1|TankWar_P4
C:\Users\JBNU\git\ConstraintsRecovery\assets\tankwar\asset53:IF:8-10,G20,TankWar_P4,E479,CLASS,Tank$$Energie,UNKNOWN,0.2,0.05,C:\Users\JBNU\git\ConstraintsRecovery\assets\tankwar\asset53,10,25,TankWar_P4
C:\Users\JBNU\git\ConstraintsRecovery\assets\tankwar\asset54:ELIF:13-14,G22,TankWar_P5,E484,CLASS,TankManager$$explodieren,UNKNOWN,0.2,0.05,C:\Users\JBNU\git\ConstraintsRecovery\assets\tankwar\asset54,14,26,TankWar_P5
C:\Users\JBNU\git\ConstraintsRecovery\assets\tankwar\asset54:IF:11-12,G17,TankWar_P3,E483,CLASS,TankManager$$explodieren,UNKNOWN,0.2,0.05,C:\Users\JBNU\git\ConstraintsRecovery\assets\tankwar\asset54,12,26,TankWar_P3
C:\Users\JBNU\git\ConstraintsRecovery\assets\tankwar\asset54:IF:5-26,G19,TankWar_P3|TankWar_P5,E485,FIELD,TankManager$$explodieren.expEffekt,UNKNOWN,0.2,0.05,C:\Users\JBNU\git\ConstraintsRecovery\assets\tankwar\asset54,16,16,TankWar_P3|TankWar_P5
C:\Users\JBNU\git\ConstraintsRecovery\assets\tankwar\asset54:IF:5-26,G19,TankWar_P3|TankWar_P5,E486,CONSTRUCTOR,TankManager$$explodieren.TankManager$$explodieren,UNKNOWN,0.2,0.05,C:\Users\JBNU\git\ConstraintsRecovery\assets\tankwar\asset54,17,19,TankWar_P3|TankWar_P5
C:\Users\JBNU\git\ConstraintsRecovery\assets\tankwar\asset54:IF:5-26,G19,TankWar_P3|TankWar_P5,E487,METHOD,TankManager$$explodieren.komponenteMalen,UNKNOWN,0.2,0.05,C:\Users\JBNU\git\ConstraintsRecovery\assets\tankwar\asset54,20,25,TankWar_P3|TankWar_P5
C:\Users\JBNU\git\ConstraintsRecovery\assets\tankwar\asset55:IF:5-35,G19,TankWar_P3|TankWar_P5,E488,CLASS,ExplodierenEffekt,UNKNOWN,0.2,0.05,C:\Users\JBNU\git\ConstraintsRecovery\assets\tankwar\asset55,6,35,TankWar_P3|TankWar_P5
C:\Users\JBNU\git\ConstraintsRecovery\assets\tankwar\asset55:IF:5-35,G19,TankWar_P3|TankWar_P5,E489,FIELD,ExplodierenEffekt.init,UNKNOWN,0.2,0.05,C:\Users\JBNU\git\ConstraintsRecovery\assets\tankwar\asset55,7,7,TankWar_P3|TankWar_P5
C:\Users\JBNU\git\ConstraintsRecovery\assets\tankwar\asset55:IF:5-35,G19,TankWar_P3|TankWar_P5,E490,FIELD,ExplodierenEffekt.live,UNKNOWN,0.2,0.05,C:\Users\JBNU\git\ConstraintsRecovery\assets\tankwar\asset55,8,8,TankWar_P3|TankWar_P5
C:\Users\JBNU\git\ConstraintsRecovery\assets\tankwar\asset55:IF:5-35,G19,TankWar_P3|TankWar_P5,E491,FIELD,ExplodierenEffekt.step,UNKNOWN,0.2,0.05,C:\Users\JBNU\git\ConstraintsRecovery\assets\tankwar\asset55,9,9,TankWar_P3|TankWar_P5
C:\Users\JBNU\git\ConstraintsRecovery\assets\tankwar\asset55:IF:5-35,G19,TankWar_P3|TankWar_P5,E492,CONSTRUCTOR,ExplodierenEffekt.ExplodierenEffekt,UNKNOWN,0.2,0.05,C:\Users\JBNU\git\ConstraintsRecovery\assets\tankwar\asset55,10,12,TankWar_P3|TankWar_P5
C:\Users\JBNU\git\ConstraintsRecovery\assets\tankwar\asset55:IF:5-35,G19,TankWar_P3|TankWar_P5,E493,METHOD,ExplodierenEffekt.malen,UNKNOWN,0.2,0.05,C:\Users\JBNU\git\ConstraintsRecovery\assets\tankwar\asset55,13,34,TankWar_P3|TankWar_P5
C:\Users\JBNU\git\ConstraintsRecovery\assets\tankwar\asset56:IF:5-34,G13,TankWar_P2|TankWar_P3,E494,CLASS,Maler$$Beschleunigung,UNKNOWN,0.2,0.05,C:\Users\JBNU\git\ConstraintsRecovery\assets\tankwar\asset56,26,34,TankWar_P2|TankWar_P3
C:\Users\JBNU\git\ConstraintsRecovery\assets\tankwar\asset56:IF:5-34,G13,TankWar_P2|TankWar_P3,E495,CONSTRUCTOR,Maler$$Beschleunigung.Maler$$Beschleunigung,UNKNOWN,0.2,0.05,C:\Users\JBNU\git\ConstraintsRecovery\assets\tankwar\asset56,27,29,TankWar_P2|TankWar_P3
C:\Users\JBNU\git\ConstraintsRecovery\assets\tankwar\asset56:IF:5-34,G13,TankWar_P2|TankWar_P3,E496,METHOD,Maler$$Beschleunigung.helpItemErstellen,UNKNOWN,0.2,0.05,C:\Users\JBNU\git\ConstraintsRecovery\assets\tankwar\asset56,30,33,TankWar_P2|TankWar_P3
C:\Users\JBNU\git\ConstraintsRecovery\assets\tankwar\asset57:ELIF:8-9,G20,TankWar_P4,E498,CLASS,Tool$$Energie,UNKNOWN,0.2,0.05,C:\Users\JBNU\git\ConstraintsRecovery\assets\tankwar\asset57,9,22,TankWar_P4
C:\Users\JBNU\git\ConstraintsRecovery\assets\tankwar\asset57:IF:5-22,G9,TankWar_P1|TankWar_P4,E499,CONSTRUCTOR,Tool$$Energie.Tool$$Energie,UNKNOWN,0.2,0.05,C:\Users\JBNU\git\ConstraintsRecovery\assets\tankwar\asset57,11,13,TankWar_P1|TankWar_P4
C:\Users\JBNU\git\ConstraintsRecovery\assets\tankwar\asset57:IF:5-22,G9,TankWar_P1|TankWar_P4,E500,METHOD,Tool$$Energie.init,UNKNOWN,0.2,0.05,C:\Users\JBNU\git\ConstraintsRecovery\assets\tankwar\asset57,14,21,TankWar_P1|TankWar_P4
C:\Users\JBNU\git\ConstraintsRecovery\assets\tankwar\asset57:IF:6-7,G1,TankWar_P1,E497,CLASS,Tool$$Energie,UNKNOWN,0.2,0.05,C:\Users\JBNU\git\ConstraintsRecovery\assets\tankwar\asset57,7,22,TankWar_P1
C:\Users\JBNU\git\ConstraintsRecovery\assets\tankwar\asset58:ELIF:11-12,G22,TankWar_P5,E502,CLASS,Tank$$explodieren,UNKNOWN,0.2,0.05,C:\Users\JBNU\git\ConstraintsRecovery\assets\tankwar\asset58,12,21,TankWar_P5
C:\Users\JBNU\git\ConstraintsRecovery\assets\tankwar\asset58:IF:5-21,G19,TankWar_P3|TankWar_P5,E503,CONSTRUCTOR,Tank$$explodieren.Tank$$explodieren,UNKNOWN,0.2,0.05,C:\Users\JBNU\git\ConstraintsRecovery\assets\tankwar\asset58,14,16,TankWar_P3|TankWar_P5
C:\Users\JBNU\git\ConstraintsRecovery\assets\tankwar\asset58:IF:5-21,G19,TankWar_P3|TankWar_P5,E504,METHOD,Tank$$explodieren.explodieren,UNKNOWN,0.2,0.05,C:\Users\JBNU\git\ConstraintsRecovery\assets\tankwar\asset58,17,20,TankWar_P3|TankWar_P5
C:\Users\JBNU\git\ConstraintsRecovery\assets\tankwar\asset58:IF:8-10,G17,TankWar_P3,E501,CLASS,Tank$$explodieren,UNKNOWN,0.2,0.05,C:\Users\JBNU\git\ConstraintsRecovery\assets\tankwar\asset58,10,21,TankWar_P3
C:\Users\JBNU\git\ConstraintsRecovery\assets\tankwar\asset59:IF:5-22,G13,TankWar_P2|TankWar_P3,E505,CLASS,TankManager$$Beschleunigung,UNKNOWN,0.2,0.05,C:\Users\JBNU\git\ConstraintsRecovery\assets\tankwar\asset59,14,22,TankWar_P2|TankWar_P3
C:\Users\JBNU\git\ConstraintsRecovery\assets\tankwar\asset59:IF:5-22,G13,TankWar_P2|TankWar_P3,E506,CONSTRUCTOR,TankManager$$Beschleunigung.TankManager$$Beschleunigung,UNKNOWN,0.2,0.05,C:\Users\JBNU\git\ConstraintsRecovery\assets\tankwar\asset59,15,17,TankWar_P2|TankWar_P3
C:\Users\JBNU\git\ConstraintsRecovery\assets\tankwar\asset59:IF:5-22,G13,TankWar_P2|TankWar_P3,E507,METHOD,TankManager$$Beschleunigung.toolsLaden,UNKNOWN,0.2,0.05,C:\Users\JBNU\git\ConstraintsRecovery\assets\tankwar\asset59,18,21,TankWar_P2|TankWar_P3
C:\Users\JBNU\git\ConstraintsRecovery\assets\tankwar\asset5:IF:8-22,G4,TankWar_P1|TankWar_P2|TankWar_P3|TankWar_P4|TankWar_P5,E462,CLASS,Wall,UNKNOWN,0.2,0.05,C:\Users\JBNU\git\ConstraintsRecovery\assets\tankwar\asset5,10,22,TankWar_P1|TankWar_P2|TankWar_P3|TankWar_P4|TankWar_P5
C:\Users\JBNU\git\ConstraintsRecovery\assets\tankwar\asset5:IF:8-22,G4,TankWar_P1|TankWar_P2|TankWar_P3|TankWar_P4|TankWar_P5,E463,CONSTRUCTOR,Wall.Wall,UNKNOWN,0.2,0.05,C:\Users\JBNU\git\ConstraintsRecovery\assets\tankwar\asset5,11,13,TankWar_P1|TankWar_P2|TankWar_P3|TankWar_P4|TankWar_P5
C:\Users\JBNU\git\ConstraintsRecovery\assets\tankwar\asset5:IF:8-22,G4,TankWar_P1|TankWar_P2|TankWar_P3|TankWar_P4|TankWar_P5,E464,METHOD,Wall.malen,UNKNOWN,0.2,0.05,C:\Users\JBNU\git\ConstraintsRecovery\assets\tankwar\asset5,14,21,TankWar_P1|TankWar_P2|TankWar_P3|TankWar_P4|TankWar_P5
C:\Users\JBNU\git\ConstraintsRecovery\assets\tankwar\asset60:IF:5-18,G13,TankWar_P2|TankWar_P3,E514,CLASS,Tool$$Beschleunigung,UNKNOWN,0.2,0.05,C:\Users\JBNU\git\ConstraintsRecovery\assets\tankwar\asset60,6,18,TankWar_P2|TankWar_P3
C:\Users\JBNU\git\ConstraintsRecovery\assets\tankwar\asset60:IF:5-18,G13,TankWar_P2|TankWar_P3,E515,CONSTRUCTOR,Tool$$Beschleunigung.Tool$$Beschleunigung,UNKNOWN,0.2,0.05,C:\Users\JBNU\git\ConstraintsRecovery\assets\tankwar\asset60,7,9,TankWar_P2|TankWar_P3
C:\Users\JBNU\git\ConstraintsRecovery\assets\tankwar\asset60:IF:5-18,G13,TankWar_P2|TankWar_P3,E516,METHOD,Tool$$Beschleunigung.init,UNKNOWN,0.2,0.05,C:\Users\JBNU\git\ConstraintsRecovery\assets\tankwar\asset60,10,17,TankWar_P2|TankWar_P3
C:\Users\JBNU\git\ConstraintsRecovery\assets\tankwar\asset61:ELIF:26-27,G12,TankWar_P2,E518,CLASS,Maler$$Germany_Leopard,UNKNOWN,0.2,0.05,C:\Users\JBNU\git\ConstraintsRecovery\assets\tankwar\asset61,27,39,TankWar_P2
C:\Users\JBNU\git\ConstraintsRecovery\assets\tankwar\asset61:IF:23-25,G17,TankWar_P3,E517,CLASS,Maler$$Germany_Leopard,UNKNOWN,0.2,0.05,C:\Users\JBNU\git\ConstraintsRecovery\assets\tankwar\asset61,25,39,TankWar_P3
C:\Users\JBNU\git\ConstraintsRecovery\assets\tankwar\asset61:IF:5-39,G13,TankWar_P2|TankWar_P3,E519,CONSTRUCTOR,Maler$$Germany_Leopard.Maler$$Germany_Leopard,UNKNOWN,0.2,0.05,C:\Users\JBNU\git\ConstraintsRecovery\assets\tankwar\asset61,29,31,TankWar_P2|TankWar_P3
C:\Users\JBNU\git\ConstraintsRecovery\assets\tankwar\asset61:IF:5-39,G13,TankWar_P2|TankWar_P3,E520,METHOD,Maler$$Germany_Leopard.tankErstellen,UNKNOWN,0.2,0.05,C:\Users\JBNU\git\ConstraintsRecovery\assets\tankwar\asset61,32,38,TankWar_P2|TankWar_P3
C:\Users\JBNU\git\ConstraintsRecovery\assets\tankwar\asset62:ELIF:26-27,G20,TankWar_P4,E522,CLASS,Maler$$Energie,UNKNOWN,0.2,0.05,C:\Users\JBNU\git\ConstraintsRecovery\assets\tankwar\asset62,27,36,TankWar_P4
C:\Users\JBNU\git\ConstraintsRecovery\assets\tankwar\asset62:IF:24-25,G1,TankWar_P1,E521,CLASS,Maler$$Energie,UNKNOWN,0.2,0.05,C:\Users\JBNU\git\ConstraintsRecovery\assets\tankwar\asset62,25,36,TankWar_P1
C:\Users\JBNU\git\ConstraintsRecovery\assets\tankwar\asset62:IF:5-36,G9,TankWar_P1|TankWar_P4,E523,CONSTRUCTOR,Maler$$Energie.Maler$$Energie,UNKNOWN,0.2,0.05,C:\Users\JBNU\git\ConstraintsRecovery\assets\tankwar\asset62,29,31,TankWar_P1|TankWar_P4
C:\Users\JBNU\git\ConstraintsRecovery\assets\tankwar\asset62:IF:5-36,G9,TankWar_P1|TankWar_P4,E524,METHOD,Maler$$Energie.helpItemErstellen,UNKNOWN,0.2,0.05,C:\Users\JBNU\git\ConstraintsRecovery\assets\tankwar\asset62,32,35,TankWar_P1|TankWar_P4
C:\Users\JBNU\git\ConstraintsRecovery\assets\tankwar\asset63:IF:5-7,G19,TankWar_P3|TankWar_P5,E525,CLASS,ExplodierenEffekt$$TankWar,UNKNOWN,0.2,0.05,C:\Users\JBNU\git\ConstraintsRecovery\assets\tankwar\asset63,6,7,TankWar_P3|TankWar_P5
C:\Users\JBNU\git\ConstraintsRecovery\assets\tankwar\asset64:IF:5-17,G19,TankWar_P3|TankWar_P5,E526,CLASS,Missile$$explodieren,UNKNOWN,0.2,0.05,C:\Users\JBNU\git\ConstraintsRecovery\assets\tankwar\asset64,9,17,TankWar_P3|TankWar_P5
C:\Users\JBNU\git\ConstraintsRecovery\assets\tankwar\asset64:IF:5-17,G19,TankWar_P3|TankWar_P5,E527,CONSTRUCTOR,Missile$$explodieren.Missile$$explodieren,UNKNOWN,0.2,0.05,C:\Users\JBNU\git\ConstraintsRecovery\assets\tankwar\asset64,10,12,TankWar_P3|TankWar_P5
C:\Users\JBNU\git\ConstraintsRecovery\assets\tankwar\asset64:IF:5-17,G19,TankWar_P3|TankWar_P5,E528,METHOD,Missile$$explodieren.explodieren,UNKNOWN,0.2,0.05,C:\Users\JBNU\git\ConstraintsRecovery\assets\tankwar\asset64,13,16,TankWar_P3|TankWar_P5
C:\Users\JBNU\git\ConstraintsRecovery\assets\tankwar\asset65:IF:4-59,G17,TankWar_P3,E529,CLASS,Tank,UNKNOWN,0.2,0.05,C:\Users\JBNU\git\ConstraintsRecovery\assets\tankwar\asset65,8,59,TankWar_P3
C:\Users\JBNU\git\ConstraintsRecovery\assets\tankwar\asset65:IF:4-59,G17,TankWar_P3,E530,CONSTRUCTOR,Tank.Tank,UNKNOWN,0.2,0.05,C:\Users\JBNU\git\ConstraintsRecovery\assets\tankwar\asset65,9,11,TankWar_P3
C:\Users\JBNU\git\ConstraintsRecovery\assets\tankwar\asset65:IF:4-59,G17,TankWar_P3,E531,METHOD,Tank.tankFeindKI,UNKNOWN,0.2,0.05,C:\Users\JBNU\git\ConstraintsRecovery\assets\tankwar\asset65,12,58,TankWar_P3
C:\Users\JBNU\git\ConstraintsRecovery\assets\tankwar\asset66:IF:4-31,G17,TankWar_P3,E532,CLASS,Maler$$M_240,UNKNOWN,0.2,0.05,C:\Users\JBNU\git\ConstraintsRecovery\assets\tankwar\asset66,23,31,TankWar_P3
C:\Users\JBNU\git\ConstraintsRecovery\assets\tankwar\asset66:IF:4-31,G17,TankWar_P3,E533,CONSTRUCTOR,Maler$$M_240.Maler$$M_240,UNKNOWN,0.2,0.05,C:\Users\JBNU\git\ConstraintsRecovery\assets\tankwar\asset66,24,26,TankWar_P3
C:\Users\JBNU\git\ConstraintsRecovery\assets\tankwar\asset66:IF:4-31,G17,TankWar_P3,E534,METHOD,Maler$$M_240.gamesize,UNKNOWN,0.2,0.05,C:\Users\JBNU\git\ConstraintsRecovery\assets\tankwar\asset66,27,30,TankWar_P3
C:\Users\JBNU\git\ConstraintsRecovery\assets\tankwar\asset67:IF:4-23,G20,TankWar_P4,E535,CLASS,Sprach,UNKNOWN,0.2,0.05,C:\Users\JBNU\git\ConstraintsRecovery\assets\tankwar\asset67,5,23,TankWar_P4
C:\Users\JBNU\git\ConstraintsRecovery\assets\tankwar\asset67:IF:4-23,G20,TankWar_P4,E536,FIELD,Sprach.START,UNKNOWN,0.2,0.05,C:\Users\JBNU\git\ConstraintsRecovery\assets\tankwar\asset67,6,6,TankWar_P4
C:\Users\JBNU\git\ConstraintsRecovery\assets\tankwar\asset67:IF:4-23,G20,TankWar_P4,E537,FIELD,Sprach.HELP,UNKNOWN,0.2,0.05,C:\Users\JBNU\git\ConstraintsRecovery\assets\tankwar\asset67,7,7,TankWar_P4
C:\Users\JBNU\git\ConstraintsRecovery\assets\tankwar\asset67:IF:4-23,G20,TankWar_P4,E538,FIELD,Sprach.HelpItem,UNKNOWN,0.2,0.05,C:\Users\JBNU\git\ConstraintsRecovery\assets\tankwar\asset67,8,8,TankWar_P4
C:\Users\JBNU\git\ConstraintsRecovery\assets\tankwar\asset67:IF:4-23,G20,TankWar_P4,E539,FIELD,Sprach.EXIT,UNKNOWN,0.2,0.05,C:\Users\JBNU\git\ConstraintsRecovery\assets\tankwar\asset67,9,9,TankWar_P4
C:\Users\JBNU\git\ConstraintsRecovery\assets\tankwar\asset67:IF:4-23,G20,TankWar_P4,E540,FIELD,Sprach.LIAN_WANG,UNKNOWN,0.2,0.05,C:\Users\JBNU\git\ConstraintsRecovery\assets\tankwar\asset67,10,10,TankWar_P4
C:\Users\JBNU\git\ConstraintsRecovery\assets\tankwar\asset67:IF:4-23,G20,TankWar_P4,E541,FIELD,Sprach.RESUME,UNKNOWN,0.2,0.05,C:\Users\JBNU\git\ConstraintsRecovery\assets\tankwar\asset67,11,11,TankWar_P4
C:\Users\JBNU\git\ConstraintsRecovery\assets\tankwar\asset67:IF:4-23,G20,TankWar_P4,E542,FIELD,Sprach.NOTE,UNKNOWN,0.2,0.05,C:\Users\JBNU\git\ConstraintsRecovery\assets\tankwar\asset67,12,12,TankWar_P4
C:\Users\JBNU\git\ConstraintsRecovery\assets\tankwar\asset67:IF:4-23,G20,TankWar_P4,E543,FIELD,Sprach.MAIN_MENU,APPLICATION_ORCHESTRATION,0.35,0.2,C:\Users\JBNU\git\ConstraintsRecovery\assets\tankwar\asset67,13,13,TankWar_P4
C:\Users\JBNU\git\ConstraintsRecovery\assets\tankwar\asset67:IF:4-23,G20,TankWar_P4,E544,FIELD,Sprach.PAUSE,UNKNOWN,0.2,0.05,C:\Users\JBNU\git\ConstraintsRecovery\assets\tankwar\asset67,14,14,TankWar_P4
C:\Users\JBNU\git\ConstraintsRecovery\assets\tankwar\asset67:IF:4-23,G20,TankWar_P4,E545,FIELD,Sprach.HNOTE,UNKNOWN,0.2,0.05,C:\Users\JBNU\git\ConstraintsRecovery\assets\tankwar\asset67,15,15,TankWar_P4
C:\Users\JBNU\git\ConstraintsRecovery\assets\tankwar\asset67:IF:4-23,G20,TankWar_P4,E546,FIELD,Sprach.Name,UNKNOWN,0.2,0.05,C:\Users\JBNU\git\ConstraintsRecovery\assets\tankwar\asset67,16,16,TankWar_P4
C:\Users\JBNU\git\ConstraintsRecovery\assets\tankwar\asset67:IF:4-23,G20,TankWar_P4,E547,FIELD,Sprach.LOSE,UNKNOWN,0.2,0.05,C:\Users\JBNU\git\ConstraintsRecovery\assets\tankwar\asset67,17,17,TankWar_P4
C:\Users\JBNU\git\ConstraintsRecovery\assets\tankwar\asset67:IF:4-23,G20,TankWar_P4,E548,FIELD,Sprach.LEVEL,UNKNOWN,0.2,0.05,C:\Users\JBNU\git\ConstraintsRecovery\assets\tankwar\asset67,18,18,TankWar_P4
C:\Users\JBNU\git\ConstraintsRecovery\assets\tankwar\asset67:IF:4-23,G20,TankWar_P4,E549,FIELD,Sprach.WIN,UNKNOWN,0.2,0.05,C:\Users\JBNU\git\ConstraintsRecovery\assets\tankwar\asset67,19,19,TankWar_P4
C:\Users\JBNU\git\ConstraintsRecovery\assets\tankwar\asset67:IF:4-23,G20,TankWar_P4,E550,FIELD,Sprach.TANKA,UNKNOWN,0.2,0.05,C:\Users\JBNU\git\ConstraintsRecovery\assets\tankwar\asset67,20,20,TankWar_P4
C:\Users\JBNU\git\ConstraintsRecovery\assets\tankwar\asset67:IF:4-23,G20,TankWar_P4,E551,FIELD,Sprach.TANKB,UNKNOWN,0.2,0.05,C:\Users\JBNU\git\ConstraintsRecovery\assets\tankwar\asset67,21,21,TankWar_P4
C:\Users\JBNU\git\ConstraintsRecovery\assets\tankwar\asset67:IF:4-23,G20,TankWar_P4,E552,FIELD,Sprach.TANKC,UNKNOWN,0.2,0.05,C:\Users\JBNU\git\ConstraintsRecovery\assets\tankwar\asset67,22,22,TankWar_P4
C:\Users\JBNU\git\ConstraintsRecovery\assets\tankwar\asset68:IF:4-20,G20,TankWar_P4,E553,CLASS,Missile,UNKNOWN,0.2,0.05,C:\Users\JBNU\git\ConstraintsRecovery\assets\tankwar\asset68,6,20,TankWar_P4
C:\Users\JBNU\git\ConstraintsRecovery\assets\tankwar\asset68:IF:4-20,G20,TankWar_P4,E554,CONSTRUCTOR,Missile.Missile,UNKNOWN,0.2,0.05,C:\Users\JBNU\git\ConstraintsRecovery\assets\tankwar\asset68,7,9,TankWar_P4
C:\Users\JBNU\git\ConstraintsRecovery\assets\tankwar\asset68:IF:4-20,G20,TankWar_P4,E555,METHOD,Missile.init,UNKNOWN,0.2,0.05,C:\Users\JBNU\git\ConstraintsRecovery\assets\tankwar\asset68,10,19,TankWar_P4
C:\Users\JBNU\git\ConstraintsRecovery\assets\tankwar\asset69:IF:4-59,G20,TankWar_P4,E556,CLASS,Tank,UNKNOWN,0.2,0.05,C:\Users\JBNU\git\ConstraintsRecovery\assets\tankwar\asset69,8,59,TankWar_P4
C:\Users\JBNU\git\ConstraintsRecovery\assets\tankwar\asset69:IF:4-59,G20,TankWar_P4,E557,CONSTRUCTOR,Tank.Tank,UNKNOWN,0.2,0.05,C:\Users\JBNU\git\ConstraintsRecovery\assets\tankwar\asset69,9,11,TankWar_P4
C:\Users\JBNU\git\ConstraintsRecovery\assets\tankwar\asset69:IF:4-59,G20,TankWar_P4,E558,METHOD,Tank.tankFeindKI,UNKNOWN,0.2,0.05,C:\Users\JBNU\git\ConstraintsRecovery\assets\tankwar\asset69,12,58,TankWar_P4
C:\Users\JBNU\git\ConstraintsRecovery\assets\tankwar\asset6:ELIF:29-31,G1,TankWar_P1,E509,CLASS,Maler,UNKNOWN,0.2,0.05,C:\Users\JBNU\git\ConstraintsRecovery\assets\tankwar\asset6,31,52,TankWar_P1
C:\Users\JBNU\git\ConstraintsRecovery\assets\tankwar\asset6:ELIF:32-33,G12,TankWar_P2,E510,CLASS,Maler,UNKNOWN,0.2,0.05,C:\Users\JBNU\git\ConstraintsRecovery\assets\tankwar\asset6,33,52,TankWar_P2
C:\Users\JBNU\git\ConstraintsRecovery\assets\tankwar\asset6:ELIF:34-36,G21,TankWar_P4|TankWar_P5,E511,CLASS,Maler,UNKNOWN,0.2,0.05,C:\Users\JBNU\git\ConstraintsRecovery\assets\tankwar\asset6,36,52,TankWar_P4|TankWar_P5
C:\Users\JBNU\git\ConstraintsRecovery\assets\tankwar\asset6:IF:26-28,G17,TankWar_P3,E508,CLASS,Maler,UNKNOWN,0.2,0.05,C:\Users\JBNU\git\ConstraintsRecovery\assets\tankwar\asset6,28,52,TankWar_P3
C:\Users\JBNU\git\ConstraintsRecovery\assets\tankwar\asset6:IF:8-52,G4,TankWar_P1|TankWar_P2|TankWar_P3|TankWar_P4|TankWar_P5,E512,CONSTRUCTOR,Maler.Maler,UNKNOWN,0.2,0.05,C:\Users\JBNU\git\ConstraintsRecovery\assets\tankwar\asset6,38,40,TankWar_P1|TankWar_P2|TankWar_P3|TankWar_P4|TankWar_P5
C:\Users\JBNU\git\ConstraintsRecovery\assets\tankwar\asset6:IF:8-52,G4,TankWar_P1|TankWar_P2|TankWar_P3|TankWar_P4|TankWar_P5,E513,METHOD,Maler.tankErstellen,UNKNOWN,0.2,0.05,C:\Users\JBNU\git\ConstraintsRecovery\assets\tankwar\asset6,41,51,TankWar_P1|TankWar_P2|TankWar_P3|TankWar_P4|TankWar_P5
C:\Users\JBNU\git\ConstraintsRecovery\assets\tankwar\asset70:IF:4-29,G12,TankWar_P2,E567,CLASS,TankManager,UNKNOWN,0.2,0.05,C:\Users\JBNU\git\ConstraintsRecovery\assets\tankwar\asset70,8,29,TankWar_P2
C:\Users\JBNU\git\ConstraintsRecovery\assets\tankwar\asset70:IF:4-29,G12,TankWar_P2,E568,FIELD,TankManager.sound,UNKNOWN,0.2,0.05,C:\Users\JBNU\git\ConstraintsRecovery\assets\tankwar\asset70,9,9,TankWar_P2
C:\Users\JBNU\git\ConstraintsRecovery\assets\tankwar\asset70:IF:4-29,G12,TankWar_P2,E569,CONSTRUCTOR,TankManager.TankManager,UNKNOWN,0.2,0.05,C:\Users\JBNU\git\ConstraintsRecovery\assets\tankwar\asset70,10,12,TankWar_P2
C:\Users\JBNU\git\ConstraintsRecovery\assets\tankwar\asset70:IF:4-29,G12,TankWar_P2,E570,METHOD,TankManager.aktualisieren,UNKNOWN,0.2,0.05,C:\Users\JBNU\git\ConstraintsRecovery\assets\tankwar\asset70,13,28,TankWar_P2
C:\Users\JBNU\git\ConstraintsRecovery\assets\tankwar\asset71:IF:4-26,G12,TankWar_P2,E571,CLASS,Tank,UNKNOWN,0.2,0.05,C:\Users\JBNU\git\ConstraintsRecovery\assets\tankwar\asset71,8,26,TankWar_P2
C:\Users\JBNU\git\ConstraintsRecovery\assets\tankwar\asset71:IF:4-26,G12,TankWar_P2,E572,CONSTRUCTOR,Tank.Tank,UNKNOWN,0.2,0.05,C:\Users\JBNU\git\ConstraintsRecovery\assets\tankwar\asset71,9,11,TankWar_P2
C:\Users\JBNU\git\ConstraintsRecovery\assets\tankwar\asset71:IF:4-26,G12,TankWar_P2,E573,METHOD,Tank.tankFeindKI,UNKNOWN,0.2,0.05,C:\Users\JBNU\git\ConstraintsRecovery\assets\tankwar\asset71,12,25,TankWar_P2
C:\Users\JBNU\git\ConstraintsRecovery\assets\tankwar\asset72:IF:4-25,G1,TankWar_P1,E574,CLASS,Tank,UNKNOWN,0.2,0.05,C:\Users\JBNU\git\ConstraintsRecovery\assets\tankwar\asset72,7,25,TankWar_P1
C:\Users\JBNU\git\ConstraintsRecovery\assets\tankwar\asset72:IF:4-25,G1,TankWar_P1,E575,CONSTRUCTOR,Tank.Tank,UNKNOWN,0.2,0.05,C:\Users\JBNU\git\ConstraintsRecovery\assets\tankwar\asset72,8,10,TankWar_P1
C:\Users\JBNU\git\ConstraintsRecovery\assets\tankwar\asset72:IF:4-25,G1,TankWar_P1,E576,METHOD,Tank.tankFeindKI,UNKNOWN,0.2,0.05,C:\Users\JBNU\git\ConstraintsRecovery\assets\tankwar\asset72,11,24,TankWar_P1
C:\Users\JBNU\git\ConstraintsRecovery\assets\tankwar\asset73:IF:4-23,G1,TankWar_P1,E577,CLASS,Sprach,UNKNOWN,0.2,0.05,C:\Users\JBNU\git\ConstraintsRecovery\assets\tankwar\asset73,5,23,TankWar_P1
C:\Users\JBNU\git\ConstraintsRecovery\assets\tankwar\asset73:IF:4-23,G1,TankWar_P1,E578,FIELD,Sprach.START,UNKNOWN,0.2,0.05,C:\Users\JBNU\git\ConstraintsRecovery\assets\tankwar\asset73,6,6,TankWar_P1
C:\Users\JBNU\git\ConstraintsRecovery\assets\tankwar\asset73:IF:4-23,G1,TankWar_P1,E579,FIELD,Sprach.HELP,UNKNOWN,0.2,0.05,C:\Users\JBNU\git\ConstraintsRecovery\assets\tankwar\asset73,7,7,TankWar_P1
C:\Users\JBNU\git\ConstraintsRecovery\assets\tankwar\asset73:IF:4-23,G1,TankWar_P1,E580,FIELD,Sprach.HelpItem,UNKNOWN,0.2,0.05,C:\Users\JBNU\git\ConstraintsRecovery\assets\tankwar\asset73,8,8,TankWar_P1
C:\Users\JBNU\git\ConstraintsRecovery\assets\tankwar\asset73:IF:4-23,G1,TankWar_P1,E581,FIELD,Sprach.EXIT,UNKNOWN,0.2,0.05,C:\Users\JBNU\git\ConstraintsRecovery\assets\tankwar\asset73,9,9,TankWar_P1
C:\Users\JBNU\git\ConstraintsRecovery\assets\tankwar\asset73:IF:4-23,G1,TankWar_P1,E582,FIELD,Sprach.LIAN_WANG,UNKNOWN,0.2,0.05,C:\Users\JBNU\git\ConstraintsRecovery\assets\tankwar\asset73,10,10,TankWar_P1
C:\Users\JBNU\git\ConstraintsRecovery\assets\tankwar\asset73:IF:4-23,G1,TankWar_P1,E583,FIELD,Sprach.RESUME,UNKNOWN,0.2,0.05,C:\Users\JBNU\git\ConstraintsRecovery\assets\tankwar\asset73,11,11,TankWar_P1
C:\Users\JBNU\git\ConstraintsRecovery\assets\tankwar\asset73:IF:4-23,G1,TankWar_P1,E584,FIELD,Sprach.NOTE,UNKNOWN,0.2,0.05,C:\Users\JBNU\git\ConstraintsRecovery\assets\tankwar\asset73,12,12,TankWar_P1
C:\Users\JBNU\git\ConstraintsRecovery\assets\tankwar\asset73:IF:4-23,G1,TankWar_P1,E585,FIELD,Sprach.MAIN_MENU,APPLICATION_ORCHESTRATION,0.35,0.2,C:\Users\JBNU\git\ConstraintsRecovery\assets\tankwar\asset73,13,13,TankWar_P1
C:\Users\JBNU\git\ConstraintsRecovery\assets\tankwar\asset73:IF:4-23,G1,TankWar_P1,E586,FIELD,Sprach.PAUSE,UNKNOWN,0.2,0.05,C:\Users\JBNU\git\ConstraintsRecovery\assets\tankwar\asset73,14,14,TankWar_P1
C:\Users\JBNU\git\ConstraintsRecovery\assets\tankwar\asset73:IF:4-23,G1,TankWar_P1,E587,FIELD,Sprach.HNOTE,UNKNOWN,0.2,0.05,C:\Users\JBNU\git\ConstraintsRecovery\assets\tankwar\asset73,15,15,TankWar_P1
C:\Users\JBNU\git\ConstraintsRecovery\assets\tankwar\asset73:IF:4-23,G1,TankWar_P1,E588,FIELD,Sprach.Name,UNKNOWN,0.2,0.05,C:\Users\JBNU\git\ConstraintsRecovery\assets\tankwar\asset73,16,16,TankWar_P1
C:\Users\JBNU\git\ConstraintsRecovery\assets\tankwar\asset73:IF:4-23,G1,TankWar_P1,E589,FIELD,Sprach.LOSE,UNKNOWN,0.2,0.05,C:\Users\JBNU\git\ConstraintsRecovery\assets\tankwar\asset73,17,17,TankWar_P1
C:\Users\JBNU\git\ConstraintsRecovery\assets\tankwar\asset73:IF:4-23,G1,TankWar_P1,E590,FIELD,Sprach.LEVEL,UNKNOWN,0.2,0.05,C:\Users\JBNU\git\ConstraintsRecovery\assets\tankwar\asset73,18,18,TankWar_P1
C:\Users\JBNU\git\ConstraintsRecovery\assets\tankwar\asset73:IF:4-23,G1,TankWar_P1,E591,FIELD,Sprach.WIN,UNKNOWN,0.2,0.05,C:\Users\JBNU\git\ConstraintsRecovery\assets\tankwar\asset73,19,19,TankWar_P1
C:\Users\JBNU\git\ConstraintsRecovery\assets\tankwar\asset73:IF:4-23,G1,TankWar_P1,E592,FIELD,Sprach.TANKA,UNKNOWN,0.2,0.05,C:\Users\JBNU\git\ConstraintsRecovery\assets\tankwar\asset73,20,20,TankWar_P1
C:\Users\JBNU\git\ConstraintsRecovery\assets\tankwar\asset73:IF:4-23,G1,TankWar_P1,E593,FIELD,Sprach.TANKB,UNKNOWN,0.2,0.05,C:\Users\JBNU\git\ConstraintsRecovery\assets\tankwar\asset73,21,21,TankWar_P1
C:\Users\JBNU\git\ConstraintsRecovery\assets\tankwar\asset73:IF:4-23,G1,TankWar_P1,E594,FIELD,Sprach.TANKC,UNKNOWN,0.2,0.05,C:\Users\JBNU\git\ConstraintsRecovery\assets\tankwar\asset73,22,22,TankWar_P1
C:\Users\JBNU\git\ConstraintsRecovery\assets\tankwar\asset74:IF:4-30,G12,TankWar_P2,E595,CLASS,Maler$$M_780,UNKNOWN,0.2,0.05,C:\Users\JBNU\git\ConstraintsRecovery\assets\tankwar\asset74,22,30,TankWar_P2
C:\Users\JBNU\git\ConstraintsRecovery\assets\tankwar\asset74:IF:4-30,G12,TankWar_P2,E596,CONSTRUCTOR,Maler$$M_780.Maler$$M_780,UNKNOWN,0.2,0.05,C:\Users\JBNU\git\ConstraintsRecovery\assets\tankwar\asset74,23,25,TankWar_P2
C:\Users\JBNU\git\ConstraintsRecovery\assets\tankwar\asset74:IF:4-30,G12,TankWar_P2,E597,METHOD,Maler$$M_780.gamesize,UNKNOWN,0.2,0.05,C:\Users\JBNU\git\ConstraintsRecovery\assets\tankwar\asset74,26,29,TankWar_P2
C:\Users\JBNU\git\ConstraintsRecovery\assets\tankwar\asset75:IF:4-20,G17,TankWar_P3,E598,CLASS,Missile,UNKNOWN,0.2,0.05,C:\Users\JBNU\git\ConstraintsRecovery\assets\tankwar\asset75,6,20,TankWar_P3
C:\Users\JBNU\git\ConstraintsRecovery\assets\tankwar\asset75:IF:4-20,G17,TankWar_P3,E599,CONSTRUCTOR,Missile.Missile,UNKNOWN,0.2,0.05,C:\Users\JBNU\git\ConstraintsRecovery\assets\tankwar\asset75,7,9,TankWar_P3
C:\Users\JBNU\git\ConstraintsRecovery\assets\tankwar\asset75:IF:4-20,G17,TankWar_P3,E600,METHOD,Missile.init,UNKNOWN,0.2,0.05,C:\Users\JBNU\git\ConstraintsRecovery\assets\tankwar\asset75,10,19,TankWar_P3
C:\Users\JBNU\git\ConstraintsRecovery\assets\tankwar\asset76:IF:4-25,G22,TankWar_P5,E601,CLASS,Tank,UNKNOWN,0.2,0.05,C:\Users\JBNU\git\ConstraintsRecovery\assets\tankwar\asset76,7,25,TankWar_P5
C:\Users\JBNU\git\ConstraintsRecovery\assets\tankwar\asset76:IF:4-25,G22,TankWar_P5,E602,CONSTRUCTOR,Tank.Tank,UNKNOWN,0.2,0.05,C:\Users\JBNU\git\ConstraintsRecovery\assets\tankwar\asset76,8,10,TankWar_P5
C:\Users\JBNU\git\ConstraintsRecovery\assets\tankwar\asset76:IF:4-25,G22,TankWar_P5,E603,METHOD,Tank.tankFeindKI,UNKNOWN,0.2,0.05,C:\Users\JBNU\git\ConstraintsRecovery\assets\tankwar\asset76,11,24,TankWar_P5
C:\Users\JBNU\git\ConstraintsRecovery\assets\tankwar\asset77:IF:4-23,G12,TankWar_P2,E604,CLASS,Sprach,UNKNOWN,0.2,0.05,C:\Users\JBNU\git\ConstraintsRecovery\assets\tankwar\asset77,5,23,TankWar_P2
C:\Users\JBNU\git\ConstraintsRecovery\assets\tankwar\asset77:IF:4-23,G12,TankWar_P2,E605,FIELD,Sprach.START,UNKNOWN,0.2,0.05,C:\Users\JBNU\git\ConstraintsRecovery\assets\tankwar\asset77,6,6,TankWar_P2
C:\Users\JBNU\git\ConstraintsRecovery\assets\tankwar\asset77:IF:4-23,G12,TankWar_P2,E606,FIELD,Sprach.HELP,UNKNOWN,0.2,0.05,C:\Users\JBNU\git\ConstraintsRecovery\assets\tankwar\asset77,7,7,TankWar_P2
C:\Users\JBNU\git\ConstraintsRecovery\assets\tankwar\asset77:IF:4-23,G12,TankWar_P2,E607,FIELD,Sprach.HelpItem,UNKNOWN,0.2,0.05,C:\Users\JBNU\git\ConstraintsRecovery\assets\tankwar\asset77,8,8,TankWar_P2
C:\Users\JBNU\git\ConstraintsRecovery\assets\tankwar\asset77:IF:4-23,G12,TankWar_P2,E608,FIELD,Sprach.EXIT,UNKNOWN,0.2,0.05,C:\Users\JBNU\git\ConstraintsRecovery\assets\tankwar\asset77,9,9,TankWar_P2
C:\Users\JBNU\git\ConstraintsRecovery\assets\tankwar\asset77:IF:4-23,G12,TankWar_P2,E609,FIELD,Sprach.LIAN_WANG,UNKNOWN,0.2,0.05,C:\Users\JBNU\git\ConstraintsRecovery\assets\tankwar\asset77,10,10,TankWar_P2
C:\Users\JBNU\git\ConstraintsRecovery\assets\tankwar\asset77:IF:4-23,G12,TankWar_P2,E610,FIELD,Sprach.RESUME,UNKNOWN,0.2,0.05,C:\Users\JBNU\git\ConstraintsRecovery\assets\tankwar\asset77,11,11,TankWar_P2
C:\Users\JBNU\git\ConstraintsRecovery\assets\tankwar\asset77:IF:4-23,G12,TankWar_P2,E611,FIELD,Sprach.NOTE,UNKNOWN,0.2,0.05,C:\Users\JBNU\git\ConstraintsRecovery\assets\tankwar\asset77,12,12,TankWar_P2
C:\Users\JBNU\git\ConstraintsRecovery\assets\tankwar\asset77:IF:4-23,G12,TankWar_P2,E612,FIELD,Sprach.MAIN_MENU,APPLICATION_ORCHESTRATION,0.35,0.2,C:\Users\JBNU\git\ConstraintsRecovery\assets\tankwar\asset77,13,13,TankWar_P2
C:\Users\JBNU\git\ConstraintsRecovery\assets\tankwar\asset77:IF:4-23,G12,TankWar_P2,E613,FIELD,Sprach.PAUSE,UNKNOWN,0.2,0.05,C:\Users\JBNU\git\ConstraintsRecovery\assets\tankwar\asset77,14,14,TankWar_P2
C:\Users\JBNU\git\ConstraintsRecovery\assets\tankwar\asset77:IF:4-23,G12,TankWar_P2,E614,FIELD,Sprach.HNOTE,UNKNOWN,0.2,0.05,C:\Users\JBNU\git\ConstraintsRecovery\assets\tankwar\asset77,15,15,TankWar_P2
C:\Users\JBNU\git\ConstraintsRecovery\assets\tankwar\asset77:IF:4-23,G12,TankWar_P2,E615,FIELD,Sprach.Name,UNKNOWN,0.2,0.05,C:\Users\JBNU\git\ConstraintsRecovery\assets\tankwar\asset77,16,16,TankWar_P2
C:\Users\JBNU\git\ConstraintsRecovery\assets\tankwar\asset77:IF:4-23,G12,TankWar_P2,E616,FIELD,Sprach.LOSE,UNKNOWN,0.2,0.05,C:\Users\JBNU\git\ConstraintsRecovery\assets\tankwar\asset77,17,17,TankWar_P2
C:\Users\JBNU\git\ConstraintsRecovery\assets\tankwar\asset77:IF:4-23,G12,TankWar_P2,E617,FIELD,Sprach.LEVEL,UNKNOWN,0.2,0.05,C:\Users\JBNU\git\ConstraintsRecovery\assets\tankwar\asset77,18,18,TankWar_P2
C:\Users\JBNU\git\ConstraintsRecovery\assets\tankwar\asset77:IF:4-23,G12,TankWar_P2,E618,FIELD,Sprach.WIN,UNKNOWN,0.2,0.05,C:\Users\JBNU\git\ConstraintsRecovery\assets\tankwar\asset77,19,19,TankWar_P2
C:\Users\JBNU\git\ConstraintsRecovery\assets\tankwar\asset77:IF:4-23,G12,TankWar_P2,E619,FIELD,Sprach.TANKA,UNKNOWN,0.2,0.05,C:\Users\JBNU\git\ConstraintsRecovery\assets\tankwar\asset77,20,20,TankWar_P2
C:\Users\JBNU\git\ConstraintsRecovery\assets\tankwar\asset77:IF:4-23,G12,TankWar_P2,E620,FIELD,Sprach.TANKB,UNKNOWN,0.2,0.05,C:\Users\JBNU\git\ConstraintsRecovery\assets\tankwar\asset77,21,21,TankWar_P2
C:\Users\JBNU\git\ConstraintsRecovery\assets\tankwar\asset77:IF:4-23,G12,TankWar_P2,E621,FIELD,Sprach.TANKC,UNKNOWN,0.2,0.05,C:\Users\JBNU\git\ConstraintsRecovery\assets\tankwar\asset77,22,22,TankWar_P2
C:\Users\JBNU\git\ConstraintsRecovery\assets\tankwar\asset78:IF:4-20,G12,TankWar_P2,E622,CLASS,Missile,UNKNOWN,0.2,0.05,C:\Users\JBNU\git\ConstraintsRecovery\assets\tankwar\asset78,6,20,TankWar_P2
C:\Users\JBNU\git\ConstraintsRecovery\assets\tankwar\asset78:IF:4-20,G12,TankWar_P2,E623,CONSTRUCTOR,Missile.Missile,UNKNOWN,0.2,0.05,C:\Users\JBNU\git\ConstraintsRecovery\assets\tankwar\asset78,7,9,TankWar_P2
C:\Users\JBNU\git\ConstraintsRecovery\assets\tankwar\asset78:IF:4-20,G12,TankWar_P2,E624,METHOD,Missile.init,UNKNOWN,0.2,0.05,C:\Users\JBNU\git\ConstraintsRecovery\assets\tankwar\asset78,10,19,TankWar_P2
C:\Users\JBNU\git\ConstraintsRecovery\assets\tankwar\asset79:IF:4-23,G22,TankWar_P5,E625,CLASS,Sprach,UNKNOWN,0.2,0.05,C:\Users\JBNU\git\ConstraintsRecovery\assets\tankwar\asset79,5,23,TankWar_P5
C:\Users\JBNU\git\ConstraintsRecovery\assets\tankwar\asset79:IF:4-23,G22,TankWar_P5,E626,FIELD,Sprach.START,UNKNOWN,0.2,0.05,C:\Users\JBNU\git\ConstraintsRecovery\assets\tankwar\asset79,6,6,TankWar_P5
C:\Users\JBNU\git\ConstraintsRecovery\assets\tankwar\asset79:IF:4-23,G22,TankWar_P5,E627,FIELD,Sprach.HELP,UNKNOWN,0.2,0.05,C:\Users\JBNU\git\ConstraintsRecovery\assets\tankwar\asset79,7,7,TankWar_P5
C:\Users\JBNU\git\ConstraintsRecovery\assets\tankwar\asset79:IF:4-23,G22,TankWar_P5,E628,FIELD,Sprach.HelpItem,UNKNOWN,0.2,0.05,C:\Users\JBNU\git\ConstraintsRecovery\assets\tankwar\asset79,8,8,TankWar_P5
C:\Users\JBNU\git\ConstraintsRecovery\assets\tankwar\asset79:IF:4-23,G22,TankWar_P5,E629,FIELD,Sprach.EXIT,UNKNOWN,0.2,0.05,C:\Users\JBNU\git\ConstraintsRecovery\assets\tankwar\asset79,9,9,TankWar_P5
C:\Users\JBNU\git\ConstraintsRecovery\assets\tankwar\asset79:IF:4-23,G22,TankWar_P5,E630,FIELD,Sprach.LIAN_WANG,UNKNOWN,0.2,0.05,C:\Users\JBNU\git\ConstraintsRecovery\assets\tankwar\asset79,10,10,TankWar_P5
C:\Users\JBNU\git\ConstraintsRecovery\assets\tankwar\asset79:IF:4-23,G22,TankWar_P5,E631,FIELD,Sprach.RESUME,UNKNOWN,0.2,0.05,C:\Users\JBNU\git\ConstraintsRecovery\assets\tankwar\asset79,11,11,TankWar_P5
C:\Users\JBNU\git\ConstraintsRecovery\assets\tankwar\asset79:IF:4-23,G22,TankWar_P5,E632,FIELD,Sprach.NOTE,UNKNOWN,0.2,0.05,C:\Users\JBNU\git\ConstraintsRecovery\assets\tankwar\asset79,12,12,TankWar_P5
C:\Users\JBNU\git\ConstraintsRecovery\assets\tankwar\asset79:IF:4-23,G22,TankWar_P5,E633,FIELD,Sprach.MAIN_MENU,APPLICATION_ORCHESTRATION,0.35,0.2,C:\Users\JBNU\git\ConstraintsRecovery\assets\tankwar\asset79,13,13,TankWar_P5
C:\Users\JBNU\git\ConstraintsRecovery\assets\tankwar\asset79:IF:4-23,G22,TankWar_P5,E634,FIELD,Sprach.PAUSE,UNKNOWN,0.2,0.05,C:\Users\JBNU\git\ConstraintsRecovery\assets\tankwar\asset79,14,14,TankWar_P5
C:\Users\JBNU\git\ConstraintsRecovery\assets\tankwar\asset79:IF:4-23,G22,TankWar_P5,E635,FIELD,Sprach.HNOTE,UNKNOWN,0.2,0.05,C:\Users\JBNU\git\ConstraintsRecovery\assets\tankwar\asset79,15,15,TankWar_P5
C:\Users\JBNU\git\ConstraintsRecovery\assets\tankwar\asset79:IF:4-23,G22,TankWar_P5,E636,FIELD,Sprach.Name,UNKNOWN,0.2,0.05,C:\Users\JBNU\git\ConstraintsRecovery\assets\tankwar\asset79,16,16,TankWar_P5
C:\Users\JBNU\git\ConstraintsRecovery\assets\tankwar\asset79:IF:4-23,G22,TankWar_P5,E637,FIELD,Sprach.LOSE,UNKNOWN,0.2,0.05,C:\Users\JBNU\git\ConstraintsRecovery\assets\tankwar\asset79,17,17,TankWar_P5
C:\Users\JBNU\git\ConstraintsRecovery\assets\tankwar\asset79:IF:4-23,G22,TankWar_P5,E638,FIELD,Sprach.LEVEL,UNKNOWN,0.2,0.05,C:\Users\JBNU\git\ConstraintsRecovery\assets\tankwar\asset79,18,18,TankWar_P5
C:\Users\JBNU\git\ConstraintsRecovery\assets\tankwar\asset79:IF:4-23,G22,TankWar_P5,E639,FIELD,Sprach.WIN,UNKNOWN,0.2,0.05,C:\Users\JBNU\git\ConstraintsRecovery\assets\tankwar\asset79,19,19,TankWar_P5
C:\Users\JBNU\git\ConstraintsRecovery\assets\tankwar\asset79:IF:4-23,G22,TankWar_P5,E640,FIELD,Sprach.TANKA,UNKNOWN,0.2,0.05,C:\Users\JBNU\git\ConstraintsRecovery\assets\tankwar\asset79,20,20,TankWar_P5
C:\Users\JBNU\git\ConstraintsRecovery\assets\tankwar\asset79:IF:4-23,G22,TankWar_P5,E641,FIELD,Sprach.TANKB,UNKNOWN,0.2,0.05,C:\Users\JBNU\git\ConstraintsRecovery\assets\tankwar\asset79,21,21,TankWar_P5
C:\Users\JBNU\git\ConstraintsRecovery\assets\tankwar\asset79:IF:4-23,G22,TankWar_P5,E642,FIELD,Sprach.TANKC,UNKNOWN,0.2,0.05,C:\Users\JBNU\git\ConstraintsRecovery\assets\tankwar\asset79,22,22,TankWar_P5
C:\Users\JBNU\git\ConstraintsRecovery\assets\tankwar\asset7:IF:8-62,G4,TankWar_P1|TankWar_P2|TankWar_P3|TankWar_P4|TankWar_P5,E559,CLASS,Wall$$TankWar,UNKNOWN,0.2,0.05,C:\Users\JBNU\git\ConstraintsRecovery\assets\tankwar\asset7,10,62,TankWar_P1|TankWar_P2|TankWar_P3|TankWar_P4|TankWar_P5
C:\Users\JBNU\git\ConstraintsRecovery\assets\tankwar\asset7:IF:8-62,G4,TankWar_P1|TankWar_P2|TankWar_P3|TankWar_P4|TankWar_P5,E560,FIELD,Wall$$TankWar.koernigGroesse,UNKNOWN,0.2,0.05,C:\Users\JBNU\git\ConstraintsRecovery\assets\tankwar\asset7,11,11,TankWar_P1|TankWar_P2|TankWar_P3|TankWar_P4|TankWar_P5
C:\Users\JBNU\git\ConstraintsRecovery\assets\tankwar\asset7:IF:8-62,G4,TankWar_P1|TankWar_P2|TankWar_P3|TankWar_P4|TankWar_P5,E561,FIELD,Wall$$TankWar.wallTeile,UNKNOWN,0.2,0.05,C:\Users\JBNU\git\ConstraintsRecovery\assets\tankwar\asset7,12,12,TankWar_P1|TankWar_P2|TankWar_P3|TankWar_P4|TankWar_P5
C:\Users\JBNU\git\ConstraintsRecovery\assets\tankwar\asset7:IF:8-62,G4,TankWar_P1|TankWar_P2|TankWar_P3|TankWar_P4|TankWar_P5,E562,CONSTRUCTOR,Wall$$TankWar.Wall$$TankWar,UNKNOWN,0.2,0.05,C:\Users\JBNU\git\ConstraintsRecovery\assets\tankwar\asset7,13,15,TankWar_P1|TankWar_P2|TankWar_P3|TankWar_P4|TankWar_P5
C:\Users\JBNU\git\ConstraintsRecovery\assets\tankwar\asset7:IF:8-62,G4,TankWar_P1|TankWar_P2|TankWar_P3|TankWar_P4|TankWar_P5,E563,METHOD,Wall$$TankWar.init,UNKNOWN,0.2,0.05,C:\Users\JBNU\git\ConstraintsRecovery\assets\tankwar\asset7,16,37,TankWar_P1|TankWar_P2|TankWar_P3|TankWar_P4|TankWar_P5
C:\Users\JBNU\git\ConstraintsRecovery\assets\tankwar\asset7:IF:8-62,G4,TankWar_P1|TankWar_P2|TankWar_P3|TankWar_P4|TankWar_P5,E564,METHOD,Wall$$TankWar.malen,UNKNOWN,0.2,0.05,C:\Users\JBNU\git\ConstraintsRecovery\assets\tankwar\asset7,38,42,TankWar_P1|TankWar_P2|TankWar_P3|TankWar_P4|TankWar_P5
C:\Users\JBNU\git\ConstraintsRecovery\assets\tankwar\asset7:IF:8-62,G4,TankWar_P1|TankWar_P2|TankWar_P3|TankWar_P4|TankWar_P5,E565,METHOD,Wall$$TankWar.stossenGegen,UNKNOWN,0.2,0.05,C:\Users\JBNU\git\ConstraintsRecovery\assets\tankwar\asset7,43,45,TankWar_P1|TankWar_P2|TankWar_P3|TankWar_P4|TankWar_P5
C:\Users\JBNU\git\ConstraintsRecovery\assets\tankwar\asset7:IF:8-62,G4,TankWar_P1|TankWar_P2|TankWar_P3|TankWar_P4|TankWar_P5,E566,METHOD,Wall$$TankWar.stossenGegenTeil,UNKNOWN,0.2,0.05,C:\Users\JBNU\git\ConstraintsRecovery\assets\tankwar\asset7,46,61,TankWar_P1|TankWar_P2|TankWar_P3|TankWar_P4|TankWar_P5
C:\Users\JBNU\git\ConstraintsRecovery\assets\tankwar\asset80:IF:4-31,G1,TankWar_P1,E651,CLASS,Missile,UNKNOWN,0.2,0.05,C:\Users\JBNU\git\ConstraintsRecovery\assets\tankwar\asset80,5,31,TankWar_P1
C:\Users\JBNU\git\ConstraintsRecovery\assets\tankwar\asset80:IF:4-31,G1,TankWar_P1,E652,CONSTRUCTOR,Missile.Missile,UNKNOWN,0.2,0.05,C:\Users\JBNU\git\ConstraintsRecovery\assets\tankwar\asset80,6,8,TankWar_P1
C:\Users\JBNU\git\ConstraintsRecovery\assets\tankwar\asset80:IF:4-31,G1,TankWar_P1,E653,METHOD,Missile.malen,UNKNOWN,0.2,0.05,C:\Users\JBNU\git\ConstraintsRecovery\assets\tankwar\asset80,9,30,TankWar_P1
C:\Users\JBNU\git\ConstraintsRecovery\assets\tankwar\asset81:IF:4-29,G17,TankWar_P3,E654,CLASS,TankManager,UNKNOWN,0.2,0.05,C:\Users\JBNU\git\ConstraintsRecovery\assets\tankwar\asset81,8,29,TankWar_P3
C:\Users\JBNU\git\ConstraintsRecovery\assets\tankwar\asset81:IF:4-29,G17,TankWar_P3,E655,FIELD,TankManager.sound,UNKNOWN,0.2,0.05,C:\Users\JBNU\git\ConstraintsRecovery\assets\tankwar\asset81,9,9,TankWar_P3
C:\Users\JBNU\git\ConstraintsRecovery\assets\tankwar\asset81:IF:4-29,G17,TankWar_P3,E656,CONSTRUCTOR,TankManager.TankManager,UNKNOWN,0.2,0.05,C:\Users\JBNU\git\ConstraintsRecovery\assets\tankwar\asset81,10,12,TankWar_P3
C:\Users\JBNU\git\ConstraintsRecovery\assets\tankwar\asset81:IF:4-29,G17,TankWar_P3,E657,METHOD,TankManager.aktualisieren,UNKNOWN,0.2,0.05,C:\Users\JBNU\git\ConstraintsRecovery\assets\tankwar\asset81,13,28,TankWar_P3
C:\Users\JBNU\git\ConstraintsRecovery\assets\tankwar\asset82:IF:4-31,G22,TankWar_P5,E658,CLASS,Missile,UNKNOWN,0.2,0.05,C:\Users\JBNU\git\ConstraintsRecovery\assets\tankwar\asset82,5,31,TankWar_P5
C:\Users\JBNU\git\ConstraintsRecovery\assets\tankwar\asset82:IF:4-31,G22,TankWar_P5,E659,CONSTRUCTOR,Missile.Missile,UNKNOWN,0.2,0.05,C:\Users\JBNU\git\ConstraintsRecovery\assets\tankwar\asset82,6,8,TankWar_P5
C:\Users\JBNU\git\ConstraintsRecovery\assets\tankwar\asset82:IF:4-31,G22,TankWar_P5,E660,METHOD,Missile.malen,UNKNOWN,0.2,0.05,C:\Users\JBNU\git\ConstraintsRecovery\assets\tankwar\asset82,9,30,TankWar_P5
C:\Users\JBNU\git\ConstraintsRecovery\assets\tankwar\asset83:IF:4-23,G17,TankWar_P3,E661,CLASS,Sprach,UNKNOWN,0.2,0.05,C:\Users\JBNU\git\ConstraintsRecovery\assets\tankwar\asset83,5,23,TankWar_P3
C:\Users\JBNU\git\ConstraintsRecovery\assets\tankwar\asset83:IF:4-23,G17,TankWar_P3,E662,FIELD,Sprach.START,UNKNOWN,0.2,0.05,C:\Users\JBNU\git\ConstraintsRecovery\assets\tankwar\asset83,6,6,TankWar_P3
C:\Users\JBNU\git\ConstraintsRecovery\assets\tankwar\asset83:IF:4-23,G17,TankWar_P3,E663,FIELD,Sprach.HELP,UNKNOWN,0.2,0.05,C:\Users\JBNU\git\ConstraintsRecovery\assets\tankwar\asset83,7,7,TankWar_P3
C:\Users\JBNU\git\ConstraintsRecovery\assets\tankwar\asset83:IF:4-23,G17,TankWar_P3,E664,FIELD,Sprach.HelpItem,UNKNOWN,0.2,0.05,C:\Users\JBNU\git\ConstraintsRecovery\assets\tankwar\asset83,8,8,TankWar_P3
C:\Users\JBNU\git\ConstraintsRecovery\assets\tankwar\asset83:IF:4-23,G17,TankWar_P3,E665,FIELD,Sprach.EXIT,UNKNOWN,0.2,0.05,C:\Users\JBNU\git\ConstraintsRecovery\assets\tankwar\asset83,9,9,TankWar_P3
C:\Users\JBNU\git\ConstraintsRecovery\assets\tankwar\asset83:IF:4-23,G17,TankWar_P3,E666,FIELD,Sprach.LIAN_WANG,UNKNOWN,0.2,0.05,C:\Users\JBNU\git\ConstraintsRecovery\assets\tankwar\asset83,10,10,TankWar_P3
C:\Users\JBNU\git\ConstraintsRecovery\assets\tankwar\asset83:IF:4-23,G17,TankWar_P3,E667,FIELD,Sprach.RESUME,UNKNOWN,0.2,0.05,C:\Users\JBNU\git\ConstraintsRecovery\assets\tankwar\asset83,11,11,TankWar_P3
C:\Users\JBNU\git\ConstraintsRecovery\assets\tankwar\asset83:IF:4-23,G17,TankWar_P3,E668,FIELD,Sprach.NOTE,UNKNOWN,0.2,0.05,C:\Users\JBNU\git\ConstraintsRecovery\assets\tankwar\asset83,12,12,TankWar_P3
C:\Users\JBNU\git\ConstraintsRecovery\assets\tankwar\asset83:IF:4-23,G17,TankWar_P3,E669,FIELD,Sprach.MAIN_MENU,APPLICATION_ORCHESTRATION,0.35,0.2,C:\Users\JBNU\git\ConstraintsRecovery\assets\tankwar\asset83,13,13,TankWar_P3
C:\Users\JBNU\git\ConstraintsRecovery\assets\tankwar\asset83:IF:4-23,G17,TankWar_P3,E670,FIELD,Sprach.PAUSE,UNKNOWN,0.2,0.05,C:\Users\JBNU\git\ConstraintsRecovery\assets\tankwar\asset83,14,14,TankWar_P3
C:\Users\JBNU\git\ConstraintsRecovery\assets\tankwar\asset83:IF:4-23,G17,TankWar_P3,E671,FIELD,Sprach.HNOTE,UNKNOWN,0.2,0.05,C:\Users\JBNU\git\ConstraintsRecovery\assets\tankwar\asset83,15,15,TankWar_P3
C:\Users\JBNU\git\ConstraintsRecovery\assets\tankwar\asset83:IF:4-23,G17,TankWar_P3,E672,FIELD,Sprach.Name,UNKNOWN,0.2,0.05,C:\Users\JBNU\git\ConstraintsRecovery\assets\tankwar\asset83,16,16,TankWar_P3
C:\Users\JBNU\git\ConstraintsRecovery\assets\tankwar\asset83:IF:4-23,G17,TankWar_P3,E673,FIELD,Sprach.LOSE,UNKNOWN,0.2,0.05,C:\Users\JBNU\git\ConstraintsRecovery\assets\tankwar\asset83,17,17,TankWar_P3
C:\Users\JBNU\git\ConstraintsRecovery\assets\tankwar\asset83:IF:4-23,G17,TankWar_P3,E674,FIELD,Sprach.LEVEL,UNKNOWN,0.2,0.05,C:\Users\JBNU\git\ConstraintsRecovery\assets\tankwar\asset83,18,18,TankWar_P3
C:\Users\JBNU\git\ConstraintsRecovery\assets\tankwar\asset83:IF:4-23,G17,TankWar_P3,E675,FIELD,Sprach.WIN,UNKNOWN,0.2,0.05,C:\Users\JBNU\git\ConstraintsRecovery\assets\tankwar\asset83,19,19,TankWar_P3
C:\Users\JBNU\git\ConstraintsRecovery\assets\tankwar\asset83:IF:4-23,G17,TankWar_P3,E676,FIELD,Sprach.TANKA,UNKNOWN,0.2,0.05,C:\Users\JBNU\git\ConstraintsRecovery\assets\tankwar\asset83,20,20,TankWar_P3
C:\Users\JBNU\git\ConstraintsRecovery\assets\tankwar\asset83:IF:4-23,G17,TankWar_P3,E677,FIELD,Sprach.TANKB,UNKNOWN,0.2,0.05,C:\Users\JBNU\git\ConstraintsRecovery\assets\tankwar\asset83,21,21,TankWar_P3
C:\Users\JBNU\git\ConstraintsRecovery\assets\tankwar\asset83:IF:4-23,G17,TankWar_P3,E678,FIELD,Sprach.TANKC,UNKNOWN,0.2,0.05,C:\Users\JBNU\git\ConstraintsRecovery\assets\tankwar\asset83,22,22,TankWar_P3
C:\Users\JBNU\git\ConstraintsRecovery\assets\tankwar\asset84:IF:4-29,G20,TankWar_P4,E679,CLASS,TankManager,UNKNOWN,0.2,0.05,C:\Users\JBNU\git\ConstraintsRecovery\assets\tankwar\asset84,8,29,TankWar_P4
C:\Users\JBNU\git\ConstraintsRecovery\assets\tankwar\asset84:IF:4-29,G20,TankWar_P4,E680,FIELD,TankManager.sound,UNKNOWN,0.2,0.05,C:\Users\JBNU\git\ConstraintsRecovery\assets\tankwar\asset84,9,9,TankWar_P4
C:\Users\JBNU\git\ConstraintsRecovery\assets\tankwar\asset84:IF:4-29,G20,TankWar_P4,E681,CONSTRUCTOR,TankManager.TankManager,UNKNOWN,0.2,0.05,C:\Users\JBNU\git\ConstraintsRecovery\assets\tankwar\asset84,10,12,TankWar_P4
C:\Users\JBNU\git\ConstraintsRecovery\assets\tankwar\asset84:IF:4-29,G20,TankWar_P4,E682,METHOD,TankManager.aktualisieren,UNKNOWN,0.2,0.05,C:\Users\JBNU\git\ConstraintsRecovery\assets\tankwar\asset84,13,28,TankWar_P4
C:\Users\JBNU\git\ConstraintsRecovery\assets\tankwar\asset8:ELIF:13-15,G17,TankWar_P3,E644,CLASS,Tank$$Image,UNKNOWN,0.2,0.05,C:\Users\JBNU\git\ConstraintsRecovery\assets\tankwar\asset8,15,96,TankWar_P3
C:\Users\JBNU\git\ConstraintsRecovery\assets\tankwar\asset8:ELIF:16-17,G1,TankWar_P1,E645,CLASS,Tank$$Image,UNKNOWN,0.2,0.05,C:\Users\JBNU\git\ConstraintsRecovery\assets\tankwar\asset8,17,96,TankWar_P1
C:\Users\JBNU\git\ConstraintsRecovery\assets\tankwar\asset8:ELIF:18-20,G20,TankWar_P4,E646,CLASS,Tank$$Image,UNKNOWN,0.2,0.05,C:\Users\JBNU\git\ConstraintsRecovery\assets\tankwar\asset8,20,96,TankWar_P4
C:\Users\JBNU\git\ConstraintsRecovery\assets\tankwar\asset8:ELIF:21-23,G12,TankWar_P2,E647,CLASS,Tank$$Image,UNKNOWN,0.2,0.05,C:\Users\JBNU\git\ConstraintsRecovery\assets\tankwar\asset8,23,96,TankWar_P2
C:\Users\JBNU\git\ConstraintsRecovery\assets\tankwar\asset8:IF:11-12,G22,TankWar_P5,E643,CLASS,Tank$$Image,UNKNOWN,0.2,0.05,C:\Users\JBNU\git\ConstraintsRecovery\assets\tankwar\asset8,12,96,TankWar_P5
C:\Users\JBNU\git\ConstraintsRecovery\assets\tankwar\asset8:IF:8-96,G4,TankWar_P1|TankWar_P2|TankWar_P3|TankWar_P4|TankWar_P5,E648,CONSTRUCTOR,Tank$$Image.Tank$$Image,UNKNOWN,0.2,0.05,C:\Users\JBNU\git\ConstraintsRecovery\assets\tankwar\asset8,25,27,TankWar_P1|TankWar_P2|TankWar_P3|TankWar_P4|TankWar_P5
C:\Users\JBNU\git\ConstraintsRecovery\assets\tankwar\asset8:IF:8-96,G4,TankWar_P1|TankWar_P2|TankWar_P3|TankWar_P4|TankWar_P5,E649,METHOD,Tank$$Image.tankMalen,UNKNOWN,0.2,0.05,C:\Users\JBNU\git\ConstraintsRecovery\assets\tankwar\asset8,28,79,TankWar_P1|TankWar_P2|TankWar_P3|TankWar_P4|TankWar_P5
C:\Users\JBNU\git\ConstraintsRecovery\assets\tankwar\asset8:IF:8-96,G4,TankWar_P1|TankWar_P2|TankWar_P3|TankWar_P4|TankWar_P5,E650,METHOD,Tank$$Image.drawTanks,UNKNOWN,0.2,0.05,C:\Users\JBNU\git\ConstraintsRecovery\assets\tankwar\asset8,80,95,TankWar_P1|TankWar_P2|TankWar_P3|TankWar_P4|TankWar_P5
C:\Users\JBNU\git\ConstraintsRecovery\assets\tankwar\asset9:IF:8-248,G4,TankWar_P1|TankWar_P2|TankWar_P3|TankWar_P4|TankWar_P5,E683,CLASS,TankManager$$TankWar,UNKNOWN,0.2,0.05,C:\Users\JBNU\git\ConstraintsRecovery\assets\tankwar\asset9,17,248,TankWar_P1|TankWar_P2|TankWar_P3|TankWar_P4|TankWar_P5
C:\Users\JBNU\git\ConstraintsRecovery\assets\tankwar\asset9:IF:8-248,G4,TankWar_P1|TankWar_P2|TankWar_P3|TankWar_P4|TankWar_P5,E684,FIELD,TankManager$$TankWar.maler,UNKNOWN,0.2,0.05,C:\Users\JBNU\git\ConstraintsRecovery\assets\tankwar\asset9,18,18,TankWar_P1|TankWar_P2|TankWar_P3|TankWar_P4|TankWar_P5
C:\Users\JBNU\git\ConstraintsRecovery\assets\tankwar\asset9:IF:8-248,G4,TankWar_P1|TankWar_P2|TankWar_P3|TankWar_P4|TankWar_P5,E685,FIELD,TankManager$$TankWar.status,UNKNOWN,0.2,0.05,C:\Users\JBNU\git\ConstraintsRecovery\assets\tankwar\asset9,19,19,TankWar_P1|TankWar_P2|TankWar_P3|TankWar_P4|TankWar_P5
C:\Users\JBNU\git\ConstraintsRecovery\assets\tankwar\asset9:IF:8-248,G4,TankWar_P1|TankWar_P2|TankWar_P3|TankWar_P4|TankWar_P5,E686,FIELD,TankManager$$TankWar.screenHeight,UNKNOWN,0.2,0.05,C:\Users\JBNU\git\ConstraintsRecovery\assets\tankwar\asset9,20,20,TankWar_P1|TankWar_P2|TankWar_P3|TankWar_P4|TankWar_P5
C:\Users\JBNU\git\ConstraintsRecovery\assets\tankwar\asset9:IF:8-248,G4,TankWar_P1|TankWar_P2|TankWar_P3|TankWar_P4|TankWar_P5,E687,FIELD,TankManager$$TankWar.screenWidth,UNKNOWN,0.2,0.05,C:\Users\JBNU\git\ConstraintsRecovery\assets\tankwar\asset9,20,20,TankWar_P1|TankWar_P2|TankWar_P3|TankWar_P4|TankWar_P5
C:\Users\JBNU\git\ConstraintsRecovery\assets\tankwar\asset9:IF:8-248,G4,TankWar_P1|TankWar_P2|TankWar_P3|TankWar_P4|TankWar_P5,E688,FIELD,TankManager$$TankWar.koernigkeit,UNKNOWN,0.2,0.05,C:\Users\JBNU\git\ConstraintsRecovery\assets\tankwar\asset9,21,21,TankWar_P1|TankWar_P2|TankWar_P3|TankWar_P4|TankWar_P5
C:\Users\JBNU\git\ConstraintsRecovery\assets\tankwar\asset9:IF:8-248,G4,TankWar_P1|TankWar_P2|TankWar_P3|TankWar_P4|TankWar_P5,E689,FIELD,TankManager$$TankWar.koernigkeit2,UNKNOWN,0.2,0.05,C:\Users\JBNU\git\ConstraintsRecovery\assets\tankwar\asset9,21,21,TankWar_P1|TankWar_P2|TankWar_P3|TankWar_P4|TankWar_P5
C:\Users\JBNU\git\ConstraintsRecovery\assets\tankwar\asset9:IF:8-248,G4,TankWar_P1|TankWar_P2|TankWar_P3|TankWar_P4|TankWar_P5,E690,FIELD,TankManager$$TankWar.name,UNKNOWN,0.2,0.05,C:\Users\JBNU\git\ConstraintsRecovery\assets\tankwar\asset9,22,22,TankWar_P1|TankWar_P2|TankWar_P3|TankWar_P4|TankWar_P5
C:\Users\JBNU\git\ConstraintsRecovery\assets\tankwar\asset9:IF:8-248,G4,TankWar_P1|TankWar_P2|TankWar_P3|TankWar_P4|TankWar_P5,E691,FIELD,TankManager$$TankWar.tank1,UNKNOWN,0.2,0.05,C:\Users\JBNU\git\ConstraintsRecovery\assets\tankwar\asset9,23,23,TankWar_P1|TankWar_P2|TankWar_P3|TankWar_P4|TankWar_P5
C:\Users\JBNU\git\ConstraintsRecovery\assets\tankwar\asset9:IF:8-248,G4,TankWar_P1|TankWar_P2|TankWar_P3|TankWar_P4|TankWar_P5,E692,FIELD,TankManager$$TankWar.tank2,UNKNOWN,0.2,0.05,C:\Users\JBNU\git\ConstraintsRecovery\assets\tankwar\asset9,24,24,TankWar_P1|TankWar_P2|TankWar_P3|TankWar_P4|TankWar_P5
C:\Users\JBNU\git\ConstraintsRecovery\assets\tankwar\asset9:IF:8-248,G4,TankWar_P1|TankWar_P2|TankWar_P3|TankWar_P4|TankWar_P5,E693,FIELD,TankManager$$TankWar.base,UNKNOWN,0.2,0.05,C:\Users\JBNU\git\ConstraintsRecovery\assets\tankwar\asset9,25,25,TankWar_P1|TankWar_P2|TankWar_P3|TankWar_P4|TankWar_P5
C:\Users\JBNU\git\ConstraintsRecovery\assets\tankwar\asset9:IF:8-248,G4,TankWar_P1|TankWar_P2|TankWar_P3|TankWar_P4|TankWar_P5,E694,FIELD,TankManager$$TankWar.lvl,UNKNOWN,0.2,0.05,C:\Users\JBNU\git\ConstraintsRecovery\assets\tankwar\asset9,26,26,TankWar_P1|TankWar_P2|TankWar_P3|TankWar_P4|TankWar_P5
C:\Users\JBNU\git\ConstraintsRecovery\assets\tankwar\asset9:IF:8-248,G4,TankWar_P1|TankWar_P2|TankWar_P3|TankWar_P4|TankWar_P5,E695,FIELD,TankManager$$TankWar.tankMenge,UNKNOWN,0.2,0.05,C:\Users\JBNU\git\ConstraintsRecovery\assets\tankwar\asset9,27,27,TankWar_P1|TankWar_P2|TankWar_P3|TankWar_P4|TankWar_P5
C:\Users\JBNU\git\ConstraintsRecovery\assets\tankwar\asset9:IF:8-248,G4,TankWar_P1|TankWar_P2|TankWar_P3|TankWar_P4|TankWar_P5,E696,FIELD,TankManager$$TankWar.missilesMenge,UNKNOWN,0.2,0.05,C:\Users\JBNU\git\ConstraintsRecovery\assets\tankwar\asset9,28,28,TankWar_P1|TankWar_P2|TankWar_P3|TankWar_P4|TankWar_P5
C:\Users\JBNU\git\ConstraintsRecovery\assets\tankwar\asset9:IF:8-248,G4,TankWar_P1|TankWar_P2|TankWar_P3|TankWar_P4|TankWar_P5,E697,FIELD,TankManager$$TankWar.brickwall,UNKNOWN,0.2,0.05,C:\Users\JBNU\git\ConstraintsRecovery\assets\tankwar\asset9,29,29,TankWar_P1|TankWar_P2|TankWar_P3|TankWar_P4|TankWar_P5
C:\Users\JBNU\git\ConstraintsRecovery\assets\tankwar\asset9:IF:8-248,G4,TankWar_P1|TankWar_P2|TankWar_P3|TankWar_P4|TankWar_P5,E698,FIELD,TankManager$$TankWar.metalwall,UNKNOWN,0.2,0.05,C:\Users\JBNU\git\ConstraintsRecovery\assets\tankwar\asset9,30,30,TankWar_P1|TankWar_P2|TankWar_P3|TankWar_P4|TankWar_P5
C:\Users\JBNU\git\ConstraintsRecovery\assets\tankwar\asset9:IF:8-248,G4,TankWar_P1|TankWar_P2|TankWar_P3|TankWar_P4|TankWar_P5,E699,FIELD,TankManager$$TankWar.grasswall,UNKNOWN,0.2,0.05,C:\Users\JBNU\git\ConstraintsRecovery\assets\tankwar\asset9,31,31,TankWar_P1|TankWar_P2|TankWar_P3|TankWar_P4|TankWar_P5
C:\Users\JBNU\git\ConstraintsRecovery\assets\tankwar\asset9:IF:8-248,G4,TankWar_P1|TankWar_P2|TankWar_P3|TankWar_P4|TankWar_P5,E700,FIELD,TankManager$$TankWar.waterwall,UNKNOWN,0.2,0.05,C:\Users\JBNU\git\ConstraintsRecovery\assets\tankwar\asset9,32,32,TankWar_P1|TankWar_P2|TankWar_P3|TankWar_P4|TankWar_P5
C:\Users\JBNU\git\ConstraintsRecovery\assets\tankwar\asset9:IF:8-248,G4,TankWar_P1|TankWar_P2|TankWar_P3|TankWar_P4|TankWar_P5,E701,FIELD,TankManager$$TankWar.enemyPosition,DOMAIN_CORE,0.9,0.05,C:\Users\JBNU\git\ConstraintsRecovery\assets\tankwar\asset9,33,33,TankWar_P1|TankWar_P2|TankWar_P3|TankWar_P4|TankWar_P5
C:\Users\JBNU\git\ConstraintsRecovery\assets\tankwar\asset9:IF:8-248,G4,TankWar_P1|TankWar_P2|TankWar_P3|TankWar_P4|TankWar_P5,E702,FIELD,TankManager$$TankWar.enemyType,UNKNOWN,0.2,0.05,C:\Users\JBNU\git\ConstraintsRecovery\assets\tankwar\asset9,34,34,TankWar_P1|TankWar_P2|TankWar_P3|TankWar_P4|TankWar_P5
C:\Users\JBNU\git\ConstraintsRecovery\assets\tankwar\asset9:IF:8-248,G4,TankWar_P1|TankWar_P2|TankWar_P3|TankWar_P4|TankWar_P5,E703,FIELD,TankManager$$TankWar.playerPositionX,DOMAIN_CORE,0.9,0.05,C:\Users\JBNU\git\ConstraintsRecovery\assets\tankwar\asset9,35,35,TankWar_P1|TankWar_P2|TankWar_P3|TankWar_P4|TankWar_P5
C:\Users\JBNU\git\ConstraintsRecovery\assets\tankwar\asset9:IF:8-248,G4,TankWar_P1|TankWar_P2|TankWar_P3|TankWar_P4|TankWar_P5,E704,FIELD,TankManager$$TankWar.playerPositionY,DOMAIN_CORE,0.9,0.05,C:\Users\JBNU\git\ConstraintsRecovery\assets\tankwar\asset9,36,36,TankWar_P1|TankWar_P2|TankWar_P3|TankWar_P4|TankWar_P5
C:\Users\JBNU\git\ConstraintsRecovery\assets\tankwar\asset9:IF:8-248,G4,TankWar_P1|TankWar_P2|TankWar_P3|TankWar_P4|TankWar_P5,E705,FIELD,TankManager$$TankWar.bPositionX,DOMAIN_CORE,0.9,0.05,C:\Users\JBNU\git\ConstraintsRecovery\assets\tankwar\asset9,37,37,TankWar_P1|TankWar_P2|TankWar_P3|TankWar_P4|TankWar_P5
C:\Users\JBNU\git\ConstraintsRecovery\assets\tankwar\asset9:IF:8-248,G4,TankWar_P1|TankWar_P2|TankWar_P3|TankWar_P4|TankWar_P5,E706,FIELD,TankManager$$TankWar.bPositionY,DOMAIN_CORE,0.9,0.05,C:\Users\JBNU\git\ConstraintsRecovery\assets\tankwar\asset9,38,38,TankWar_P1|TankWar_P2|TankWar_P3|TankWar_P4|TankWar_P5
C:\Users\JBNU\git\ConstraintsRecovery\assets\tankwar\asset9:IF:8-248,G4,TankWar_P1|TankWar_P2|TankWar_P3|TankWar_P4|TankWar_P5,E707,FIELD,TankManager$$TankWar.tankAllNum,UNKNOWN,0.2,0.05,C:\Users\JBNU\git\ConstraintsRecovery\assets\tankwar\asset9,39,39,TankWar_P1|TankWar_P2|TankWar_P3|TankWar_P4|TankWar_P5
C:\Users\JBNU\git\ConstraintsRecovery\assets\tankwar\asset9:IF:8-248,G4,TankWar_P1|TankWar_P2|TankWar_P3|TankWar_P4|TankWar_P5,E708,FIELD,TankManager$$TankWar.tankMaxNum,UNKNOWN,0.2,0.05,C:\Users\JBNU\git\ConstraintsRecovery\assets\tankwar\asset9,40,40,TankWar_P1|TankWar_P2|TankWar_P3|TankWar_P4|TankWar_P5
C:\Users\JBNU\git\ConstraintsRecovery\assets\tankwar\asset9:IF:8-248,G4,TankWar_P1|TankWar_P2|TankWar_P3|TankWar_P4|TankWar_P5,E709,FIELD,TankManager$$TankWar.enemyTankNum,UNKNOWN,0.2,0.05,C:\Users\JBNU\git\ConstraintsRecovery\assets\tankwar\asset9,41,41,TankWar_P1|TankWar_P2|TankWar_P3|TankWar_P4|TankWar_P5
C:\Users\JBNU\git\ConstraintsRecovery\assets\tankwar\asset9:IF:8-248,G4,TankWar_P1|TankWar_P2|TankWar_P3|TankWar_P4|TankWar_P5,E710,FIELD,TankManager$$TankWar.random,UNKNOWN,0.2,0.05,C:\Users\JBNU\git\ConstraintsRecovery\assets\tankwar\asset9,42,42,TankWar_P1|TankWar_P2|TankWar_P3|TankWar_P4|TankWar_P5
C:\Users\JBNU\git\ConstraintsRecovery\assets\tankwar\asset9:IF:8-248,G4,TankWar_P1|TankWar_P2|TankWar_P3|TankWar_P4|TankWar_P5,E711,FIELD,TankManager$$TankWar.game,UNKNOWN,0.2,0.05,C:\Users\JBNU\git\ConstraintsRecovery\assets\tankwar\asset9,43,43,TankWar_P1|TankWar_P2|TankWar_P3|TankWar_P4|TankWar_P5
C:\Users\JBNU\git\ConstraintsRecovery\assets\tankwar\asset9:IF:8-248,G4,TankWar_P1|TankWar_P2|TankWar_P3|TankWar_P4|TankWar_P5,E712,FIELD,TankManager$$TankWar.mapReady,UNKNOWN,0.2,0.05,C:\Users\JBNU\git\ConstraintsRecovery\assets\tankwar\asset9,44,44,TankWar_P1|TankWar_P2|TankWar_P3|TankWar_P4|TankWar_P5
C:\Users\JBNU\git\ConstraintsRecovery\assets\tankwar\asset9:IF:8-248,G4,TankWar_P1|TankWar_P2|TankWar_P3|TankWar_P4|TankWar_P5,E713,CONSTRUCTOR,TankManager$$TankWar.TankManager$$TankWar,UNKNOWN,0.2,0.05,C:\Users\JBNU\git\ConstraintsRecovery\assets\tankwar\asset9,45,47,TankWar_P1|TankWar_P2|TankWar_P3|TankWar_P4|TankWar_P5
C:\Users\JBNU\git\ConstraintsRecovery\assets\tankwar\asset9:IF:8-248,G4,TankWar_P1|TankWar_P2|TankWar_P3|TankWar_P4|TankWar_P5,E714,METHOD,TankManager$$TankWar.main,APPLICATION_ORCHESTRATION,0.35,0.2,C:\Users\JBNU\git\ConstraintsRecovery\assets\tankwar\asset9,48,70,TankWar_P1|TankWar_P2|TankWar_P3|TankWar_P4|TankWar_P5
C:\Users\JBNU\git\ConstraintsRecovery\assets\tankwar\asset9:IF:8-248,G4,TankWar_P1|TankWar_P2|TankWar_P3|TankWar_P4|TankWar_P5,E715,METHOD,TankManager$$TankWar.init,UNKNOWN,0.2,0.05,C:\Users\JBNU\git\ConstraintsRecovery\assets\tankwar\asset9,71,79,TankWar_P1|TankWar_P2|TankWar_P3|TankWar_P4|TankWar_P5
C:\Users\JBNU\git\ConstraintsRecovery\assets\tankwar\asset9:IF:8-248,G4,TankWar_P1|TankWar_P2|TankWar_P3|TankWar_P4|TankWar_P5,E716,METHOD,TankManager$$TankWar.aktualisieren,UNKNOWN,0.2,0.05,C:\Users\JBNU\git\ConstraintsRecovery\assets\tankwar\asset9,80,82,TankWar_P1|TankWar_P2|TankWar_P3|TankWar_P4|TankWar_P5
C:\Users\JBNU\git\ConstraintsRecovery\assets\tankwar\asset9:IF:8-248,G4,TankWar_P1|TankWar_P2|TankWar_P3|TankWar_P4|TankWar_P5,E717,METHOD,TankManager$$TankWar.keyPressBehandeln,UNKNOWN,0.2,0.05,C:\Users\JBNU\git\ConstraintsRecovery\assets\tankwar\asset9,83,98,TankWar_P1|TankWar_P2|TankWar_P3|TankWar_P4|TankWar_P5
C:\Users\JBNU\git\ConstraintsRecovery\assets\tankwar\asset9:IF:8-248,G4,TankWar_P1|TankWar_P2|TankWar_P3|TankWar_P4|TankWar_P5,E718,METHOD,TankManager$$TankWar.keyReleaseBehandeln,UNKNOWN,0.2,0.05,C:\Users\JBNU\git\ConstraintsRecovery\assets\tankwar\asset9,99,104,TankWar_P1|TankWar_P2|TankWar_P3|TankWar_P4|TankWar_P5
C:\Users\JBNU\git\ConstraintsRecovery\assets\tankwar\asset9:IF:8-248,G4,TankWar_P1|TankWar_P2|TankWar_P3|TankWar_P4|TankWar_P5,E719,METHOD,TankManager$$TankWar.malenkontrolle,UNKNOWN,0.2,0.05,C:\Users\JBNU\git\ConstraintsRecovery\assets\tankwar\asset9,105,137,TankWar_P1|TankWar_P2|TankWar_P3|TankWar_P4|TankWar_P5
C:\Users\JBNU\git\ConstraintsRecovery\assets\tankwar\asset9:IF:8-248,G4,TankWar_P1|TankWar_P2|TankWar_P3|TankWar_P4|TankWar_P5,E720,METHOD,TankManager$$TankWar.komponenteMalen,UNKNOWN,0.2,0.05,C:\Users\JBNU\git\ConstraintsRecovery\assets\tankwar\asset9,138,170,TankWar_P1|TankWar_P2|TankWar_P3|TankWar_P4|TankWar_P5
C:\Users\JBNU\git\ConstraintsRecovery\assets\tankwar\asset9:IF:8-248,G4,TankWar_P1|TankWar_P2|TankWar_P3|TankWar_P4|TankWar_P5,E721,METHOD,TankManager$$TankWar.gruppeMalen,UNKNOWN,0.2,0.05,C:\Users\JBNU\git\ConstraintsRecovery\assets\tankwar\asset9,171,175,TankWar_P1|TankWar_P2|TankWar_P3|TankWar_P4|TankWar_P5
C:\Users\JBNU\git\ConstraintsRecovery\assets\tankwar\asset9:IF:8-248,G4,TankWar_P1|TankWar_P2|TankWar_P3|TankWar_P4|TankWar_P5,E722,METHOD,TankManager$$TankWar.setStatus,UNKNOWN,0.2,0.05,C:\Users\JBNU\git\ConstraintsRecovery\assets\tankwar\asset9,176,178,TankWar_P1|TankWar_P2|TankWar_P3|TankWar_P4|TankWar_P5
C:\Users\JBNU\git\ConstraintsRecovery\assets\tankwar\asset9:IF:8-248,G4,TankWar_P1|TankWar_P2|TankWar_P3|TankWar_P4|TankWar_P5,E723,METHOD,TankManager$$TankWar.mapLaden,UNKNOWN,0.2,0.05,C:\Users\JBNU\git\ConstraintsRecovery\assets\tankwar\asset9,179,198,TankWar_P1|TankWar_P2|TankWar_P3|TankWar_P4|TankWar_P5
C:\Users\JBNU\git\ConstraintsRecovery\assets\tankwar\asset9:IF:8-248,G4,TankWar_P1|TankWar_P2|TankWar_P3|TankWar_P4|TankWar_P5,E724,METHOD,TankManager$$TankWar.tanksLaden,UNKNOWN,0.2,0.05,C:\Users\JBNU\git\ConstraintsRecovery\assets\tankwar\asset9,199,220,TankWar_P1|TankWar_P2|TankWar_P3|TankWar_P4|TankWar_P5
C:\Users\JBNU\git\ConstraintsRecovery\assets\tankwar\asset9:IF:8-248,G4,TankWar_P1|TankWar_P2|TankWar_P3|TankWar_P4|TankWar_P5,E725,METHOD,TankManager$$TankWar.addEnemyTank,UNKNOWN,0.2,0.05,C:\Users\JBNU\git\ConstraintsRecovery\assets\tankwar\asset9,221,238,TankWar_P1|TankWar_P2|TankWar_P3|TankWar_P4|TankWar_P5
C:\Users\JBNU\git\ConstraintsRecovery\assets\tankwar\asset9:IF:8-248,G4,TankWar_P1|TankWar_P2|TankWar_P3|TankWar_P4|TankWar_P5,E726,METHOD,TankManager$$TankWar.getBlood,UNKNOWN,0.2,0.05,C:\Users\JBNU\git\ConstraintsRecovery\assets\tankwar\asset9,239,244,TankWar_P1|TankWar_P2|TankWar_P3|TankWar_P4|TankWar_P5
C:\Users\JBNU\git\ConstraintsRecovery\assets\tankwar\asset9:IF:8-248,G4,TankWar_P1|TankWar_P2|TankWar_P3|TankWar_P4|TankWar_P5,E727,METHOD,TankManager$$TankWar.getTankMenge,UNKNOWN,0.2,0.05,C:\Users\JBNU\git\ConstraintsRecovery\assets\tankwar\asset9,245,247,TankWar_P1|TankWar_P2|TankWar_P3|TankWar_P4|TankWar_P5
