edge_id,source_entity_id,target_entity_id,relation_type,dependency_category,source_file,source_line,target_file,source_group_id,target_group_id,source_signature,target_signature,cross_file,observed_products,resolution_status
"D694","E1","E257","EXTENDS","STRUCTURAL","C:\Users\JBNU\git\ConstraintsRecovery\assets\tankwar\asset1",12,"C:\Users\JBNU\git\ConstraintsRecovery\assets\tankwar\asset22","G4","G4","TankWar_P1|TankWar_P2|TankWar_P3|TankWar_P4|TankWar_P5","TankWar_P1|TankWar_P2|TankWar_P3|TankWar_P4|TankWar_P5",true,"TankWar_P1|TankWar_P2|TankWar_P3|TankWar_P4|TankWar_P5","RESOLVED_INTERNAL"
"D695","E10","E6","FIELD_REFERENCE","IMPLEMENTATION","C:\Users\JBNU\git\ConstraintsRecovery\assets\tankwar\asset1",20,"C:\Users\JBNU\git\ConstraintsRecovery\assets\tankwar\asset1","G4","G4","TankWar_P1|TankWar_P2|TankWar_P3|TankWar_P4|TankWar_P5","TankWar_P1|TankWar_P2|TankWar_P3|TankWar_P4|TankWar_P5",false,"TankWar_P1|TankWar_P2|TankWar_P3|TankWar_P4|TankWar_P5","RESOLVED_INTERNAL"
"D696","E10","E7","FIELD_REFERENCE","IMPLEMENTATION","C:\Users\JBNU\git\ConstraintsRecovery\assets\tankwar\asset1",20,"C:\Users\JBNU\git\ConstraintsRecovery\assets\tankwar\asset1","G4","G4","TankWar_P1|TankWar_P2|TankWar_P3|TankWar_P4|TankWar_P5","TankWar_P1|TankWar_P2|TankWar_P3|TankWar_P4|TankWar_P5",false,"TankWar_P1|TankWar_P2|TankWar_P3|TankWar_P4|TankWar_P5","RESOLVED_INTERNAL"
"D697","E10","E9","FIELD_REFERENCE","IMPLEMENTATION","C:\Users\JBNU\git\ConstraintsRecovery\assets\tankwar\asset1",20,"C:\Users\JBNU\git\ConstraintsRecovery\assets\tankwar\asset1","G4","G4","TankWar_P1|TankWar_P2|TankWar_P3|TankWar_P4|TankWar_P5","TankWar_P1|TankWar_P2|TankWar_P3|TankWar_P4|TankWar_P5",false,"TankWar_P1|TankWar_P2|TankWar_P3|TankWar_P4|TankWar_P5","RESOLVED_INTERNAL"
"D698","E11","E266","FIELD_REFERENCE","IMPLEMENTATION","C:\Users\JBNU\git\ConstraintsRecovery\assets\tankwar\asset1",24,"C:\Users\JBNU\git\ConstraintsRecovery\assets\tankwar\asset22","G4","G4","TankWar_P1|TankWar_P2|TankWar_P3|TankWar_P4|TankWar_P5","TankWar_P1|TankWar_P2|TankWar_P3|TankWar_P4|TankWar_P5",true,"TankWar_P1|TankWar_P2|TankWar_P3|TankWar_P4|TankWar_P5","RESOLVED_INTERNAL"
"D699","E11","E7","FIELD_REFERENCE","IMPLEMENTATION","C:\Users\JBNU\git\ConstraintsRecovery\assets\tankwar\asset1",25,"C:\Users\JBNU\git\ConstraintsRecovery\assets\tankwar\asset1","G4","G4","TankWar_P1|TankWar_P2|TankWar_P3|TankWar_P4|TankWar_P5","TankWar_P1|TankWar_P2|TankWar_P3|TankWar_P4|TankWar_P5",false,"TankWar_P1|TankWar_P2|TankWar_P3|TankWar_P4|TankWar_P5","RESOLVED_INTERNAL"
"D700","E11","E9","FIELD_REFERENCE","IMPLEMENTATION","C:\Users\JBNU\git\ConstraintsRecovery\assets\tankwar\asset1",26,"C:\Users\JBNU\git\ConstraintsRecovery\assets\tankwar\asset1","G4","G4","TankWar_P1|TankWar_P2|TankWar_P3|TankWar_P4|TankWar_P5","TankWar_P1|TankWar_P2|TankWar_P3|TankWar_P4|TankWar_P5",false,"TankWar_P1|TankWar_P2|TankWar_P3|TankWar_P4|TankWar_P5","RESOLVED_INTERNAL"
"D701","E11","E267","FIELD_REFERENCE","IMPLEMENTATION","C:\Users\JBNU\git\ConstraintsRecovery\assets\tankwar\asset1",27,"C:\Users\JBNU\git\ConstraintsRecovery\assets\tankwar\asset22","G4","G4","TankWar_P1|TankWar_P2|TankWar_P3|TankWar_P4|TankWar_P5","TankWar_P1|TankWar_P2|TankWar_P3|TankWar_P4|TankWar_P5",true,"TankWar_P1|TankWar_P2|TankWar_P3|TankWar_P4|TankWar_P5","RESOLVED_INTERNAL"
"D702","E11","E6","FIELD_REFERENCE","IMPLEMENTATION","C:\Users\JBNU\git\ConstraintsRecovery\assets\tankwar\asset1",28,"C:\Users\JBNU\git\ConstraintsRecovery\assets\tankwar\asset1","G4","G4","TankWar_P1|TankWar_P2|TankWar_P3|TankWar_P4|TankWar_P5","TankWar_P1|TankWar_P2|TankWar_P3|TankWar_P4|TankWar_P5",false,"TankWar_P1|TankWar_P2|TankWar_P3|TankWar_P4|TankWar_P5","RESOLVED_INTERNAL"
"D703","E11","E270","FIELD_REFERENCE","IMPLEMENTATION","C:\Users\JBNU\git\ConstraintsRecovery\assets\tankwar\asset1",31,"C:\Users\JBNU\git\ConstraintsRecovery\assets\tankwar\asset22","G4","G4","TankWar_P1|TankWar_P2|TankWar_P3|TankWar_P4|TankWar_P5","TankWar_P1|TankWar_P2|TankWar_P3|TankWar_P4|TankWar_P5",true,"TankWar_P1|TankWar_P2|TankWar_P3|TankWar_P4|TankWar_P5","RESOLVED_INTERNAL"
"D704","E11","E689","FIELD_REFERENCE","IMPLEMENTATION","C:\Users\JBNU\git\ConstraintsRecovery\assets\tankwar\asset1",31,"C:\Users\JBNU\git\ConstraintsRecovery\assets\tankwar\asset9","G4","G4","TankWar_P1|TankWar_P2|TankWar_P3|TankWar_P4|TankWar_P5","TankWar_P1|TankWar_P2|TankWar_P3|TankWar_P4|TankWar_P5",true,"TankWar_P1|TankWar_P2|TankWar_P3|TankWar_P4|TankWar_P5","RESOLVED_INTERNAL"
"D705","E11","E268","FIELD_REFERENCE","IMPLEMENTATION","C:\Users\JBNU\git\ConstraintsRecovery\assets\tankwar\asset1",32,"C:\Users\JBNU\git\ConstraintsRecovery\assets\tankwar\asset22","G4","G4","TankWar_P1|TankWar_P2|TankWar_P3|TankWar_P4|TankWar_P5","TankWar_P1|TankWar_P2|TankWar_P3|TankWar_P4|TankWar_P5",true,"TankWar_P1|TankWar_P2|TankWar_P3|TankWar_P4|TankWar_P5","RESOLVED_INTERNAL"
"D706","E11","E689","FIELD_REFERENCE","IMPLEMENTATION","C:\Users\JBNU\git\ConstraintsRecovery\assets\tankwar\asset1",32,"C:\Users\JBNU\git\ConstraintsRecovery\assets\tankwar\asset9","G4","G4","TankWar_P1|TankWar_P2|TankWar_P3|TankWar_P4|TankWar_P5","TankWar_P1|TankWar_P2|TankWar_P3|TankWar_P4|TankWar_P5",true,"TankWar_P1|TankWar_P2|TankWar_P3|TankWar_P4|TankWar_P5","RESOLVED_INTERNAL"
"D707","E11","E265","FIELD_REFERENCE","IMPLEMENTATION","C:\Users\JBNU\git\ConstraintsRecovery\assets\tankwar\asset1",33,"C:\Users\JBNU\git\ConstraintsRecovery\assets\tankwar\asset22","G4","G4","TankWar_P1|TankWar_P2|TankWar_P3|TankWar_P4|TankWar_P5","TankWar_P1|TankWar_P2|TankWar_P3|TankWar_P4|TankWar_P5",true,"TankWar_P1|TankWar_P2|TankWar_P3|TankWar_P4|TankWar_P5","RESOLVED_INTERNAL"
"D708","E11","E264","FIELD_REFERENCE","IMPLEMENTATION","C:\Users\JBNU\git\ConstraintsRecovery\assets\tankwar\asset1",34,"C:\Users\JBNU\git\ConstraintsRecovery\assets\tankwar\asset22","G4","G4","TankWar_P1|TankWar_P2|TankWar_P3|TankWar_P4|TankWar_P5","TankWar_P1|TankWar_P2|TankWar_P3|TankWar_P4|TankWar_P5",true,"TankWar_P1|TankWar_P2|TankWar_P3|TankWar_P4|TankWar_P5","RESOLVED_INTERNAL"
"D709","E11","E263","FIELD_REFERENCE","IMPLEMENTATION","C:\Users\JBNU\git\ConstraintsRecovery\assets\tankwar\asset1",35,"C:\Users\JBNU\git\ConstraintsRecovery\assets\tankwar\asset22","G4","G4","TankWar_P1|TankWar_P2|TankWar_P3|TankWar_P4|TankWar_P5","TankWar_P1|TankWar_P2|TankWar_P3|TankWar_P4|TankWar_P5",true,"TankWar_P1|TankWar_P2|TankWar_P3|TankWar_P4|TankWar_P5","RESOLVED_INTERNAL"
"D710","E11","E2","FIELD_REFERENCE","IMPLEMENTATION","C:\Users\JBNU\git\ConstraintsRecovery\assets\tankwar\asset1",36,"C:\Users\JBNU\git\ConstraintsRecovery\assets\tankwar\asset1","G4","G4","TankWar_P1|TankWar_P2|TankWar_P3|TankWar_P4|TankWar_P5","TankWar_P1|TankWar_P2|TankWar_P3|TankWar_P4|TankWar_P5",false,"TankWar_P1|TankWar_P2|TankWar_P3|TankWar_P4|TankWar_P5","RESOLVED_INTERNAL"
"D711","E11","E8","FIELD_REFERENCE","IMPLEMENTATION","C:\Users\JBNU\git\ConstraintsRecovery\assets\tankwar\asset1",37,"C:\Users\JBNU\git\ConstraintsRecovery\assets\tankwar\asset1","G4","G4","TankWar_P1|TankWar_P2|TankWar_P3|TankWar_P4|TankWar_P5","TankWar_P1|TankWar_P2|TankWar_P3|TankWar_P4|TankWar_P5",false,"TankWar_P1|TankWar_P2|TankWar_P3|TankWar_P4|TankWar_P5","RESOLVED_INTERNAL"
"D712","E11","E7","FIELD_REFERENCE","IMPLEMENTATION","C:\Users\JBNU\git\ConstraintsRecovery\assets\tankwar\asset1",40,"C:\Users\JBNU\git\ConstraintsRecovery\assets\tankwar\asset1","G4","G4","TankWar_P1|TankWar_P2|TankWar_P3|TankWar_P4|TankWar_P5","TankWar_P1|TankWar_P2|TankWar_P3|TankWar_P4|TankWar_P5",false,"TankWar_P1|TankWar_P2|TankWar_P3|TankWar_P4|TankWar_P5","RESOLVED_INTERNAL"
"D713","E11","E260","FIELD_REFERENCE","IMPLEMENTATION","C:\Users\JBNU\git\ConstraintsRecovery\assets\tankwar\asset1",42,"C:\Users\JBNU\git\ConstraintsRecovery\assets\tankwar\asset22","G4","G4","TankWar_P1|TankWar_P2|TankWar_P3|TankWar_P4|TankWar_P5","TankWar_P1|TankWar_P2|TankWar_P3|TankWar_P4|TankWar_P5",true,"TankWar_P1|TankWar_P2|TankWar_P3|TankWar_P4|TankWar_P5","RESOLVED_INTERNAL"
"D714","E11","E262","FIELD_REFERENCE","IMPLEMENTATION","C:\Users\JBNU\git\ConstraintsRecovery\assets\tankwar\asset1",43,"C:\Users\JBNU\git\ConstraintsRecovery\assets\tankwar\asset22","G4","G4","TankWar_P1|TankWar_P2|TankWar_P3|TankWar_P4|TankWar_P5","TankWar_P1|TankWar_P2|TankWar_P3|TankWar_P4|TankWar_P5",true,"TankWar_P1|TankWar_P2|TankWar_P3|TankWar_P4|TankWar_P5","RESOLVED_INTERNAL"
"D715","E11","E270","FIELD_REFERENCE","IMPLEMENTATION","C:\Users\JBNU\git\ConstraintsRecovery\assets\tankwar\asset1",46,"C:\Users\JBNU\git\ConstraintsRecovery\assets\tankwar\asset22","G4","G4","TankWar_P1|TankWar_P2|TankWar_P3|TankWar_P4|TankWar_P5","TankWar_P1|TankWar_P2|TankWar_P3|TankWar_P4|TankWar_P5",true,"TankWar_P1|TankWar_P2|TankWar_P3|TankWar_P4|TankWar_P5","RESOLVED_INTERNAL"
"D716","E11","E268","FIELD_REFERENCE","IMPLEMENTATION","C:\Users\JBNU\git\ConstraintsRecovery\assets\tankwar\asset1",47,"C:\Users\JBNU\git\ConstraintsRecovery\assets\tankwar\asset22","G4","G4","TankWar_P1|TankWar_P2|TankWar_P3|TankWar_P4|TankWar_P5","TankWar_P1|TankWar_P2|TankWar_P3|TankWar_P4|TankWar_P5",true,"TankWar_P1|TankWar_P2|TankWar_P3|TankWar_P4|TankWar_P5","RESOLVED_INTERNAL"
"D717","E11","E270","FIELD_REFERENCE","IMPLEMENTATION","C:\Users\JBNU\git\ConstraintsRecovery\assets\tankwar\asset1",47,"C:\Users\JBNU\git\ConstraintsRecovery\assets\tankwar\asset22","G4","G4","TankWar_P1|TankWar_P2|TankWar_P3|TankWar_P4|TankWar_P5","TankWar_P1|TankWar_P2|TankWar_P3|TankWar_P4|TankWar_P5",true,"TankWar_P1|TankWar_P2|TankWar_P3|TankWar_P4|TankWar_P5","RESOLVED_INTERNAL"
"D718","E11","E268","FIELD_REFERENCE","IMPLEMENTATION","C:\Users\JBNU\git\ConstraintsRecovery\assets\tankwar\asset1",48,"C:\Users\JBNU\git\ConstraintsRecovery\assets\tankwar\asset22","G4","G4","TankWar_P1|TankWar_P2|TankWar_P3|TankWar_P4|TankWar_P5","TankWar_P1|TankWar_P2|TankWar_P3|TankWar_P4|TankWar_P5",true,"TankWar_P1|TankWar_P2|TankWar_P3|TankWar_P4|TankWar_P5","RESOLVED_INTERNAL"
"D719","E11","E260","FIELD_REFERENCE","IMPLEMENTATION","C:\Users\JBNU\git\ConstraintsRecovery\assets\tankwar\asset1",49,"C:\Users\JBNU\git\ConstraintsRecovery\assets\tankwar\asset22","G4","G4","TankWar_P1|TankWar_P2|TankWar_P3|TankWar_P4|TankWar_P5","TankWar_P1|TankWar_P2|TankWar_P3|TankWar_P4|TankWar_P5",true,"TankWar_P1|TankWar_P2|TankWar_P3|TankWar_P4|TankWar_P5","RESOLVED_INTERNAL"
"D720","E11","E262","FIELD_REFERENCE","IMPLEMENTATION","C:\Users\JBNU\git\ConstraintsRecovery\assets\tankwar\asset1",50,"C:\Users\JBNU\git\ConstraintsRecovery\assets\tankwar\asset22","G4","G4","TankWar_P1|TankWar_P2|TankWar_P3|TankWar_P4|TankWar_P5","TankWar_P1|TankWar_P2|TankWar_P3|TankWar_P4|TankWar_P5",true,"TankWar_P1|TankWar_P2|TankWar_P3|TankWar_P4|TankWar_P5","RESOLVED_INTERNAL"
"D721","E11","E260","FIELD_REFERENCE","IMPLEMENTATION","C:\Users\JBNU\git\ConstraintsRecovery\assets\tankwar\asset1",53,"C:\Users\JBNU\git\ConstraintsRecovery\assets\tankwar\asset22","G4","G4","TankWar_P1|TankWar_P2|TankWar_P3|TankWar_P4|TankWar_P5","TankWar_P1|TankWar_P2|TankWar_P3|TankWar_P4|TankWar_P5",true,"TankWar_P1|TankWar_P2|TankWar_P3|TankWar_P4|TankWar_P5","RESOLVED_INTERNAL"
"D722","E11","E262","FIELD_REFERENCE","IMPLEMENTATION","C:\Users\JBNU\git\ConstraintsRecovery\assets\tankwar\asset1",54,"C:\Users\JBNU\git\ConstraintsRecovery\assets\tankwar\asset22","G4","G4","TankWar_P1|TankWar_P2|TankWar_P3|TankWar_P4|TankWar_P5","TankWar_P1|TankWar_P2|TankWar_P3|TankWar_P4|TankWar_P5",true,"TankWar_P1|TankWar_P2|TankWar_P3|TankWar_P4|TankWar_P5","RESOLVED_INTERNAL"
"D723","E11","E270","FIELD_REFERENCE","IMPLEMENTATION","C:\Users\JBNU\git\ConstraintsRecovery\assets\tankwar\asset1",57,"C:\Users\JBNU\git\ConstraintsRecovery\assets\tankwar\asset22","G4","G4","TankWar_P1|TankWar_P2|TankWar_P3|TankWar_P4|TankWar_P5","TankWar_P1|TankWar_P2|TankWar_P3|TankWar_P4|TankWar_P5",true,"TankWar_P1|TankWar_P2|TankWar_P3|TankWar_P4|TankWar_P5","RESOLVED_INTERNAL"
"D724","E11","E268","FIELD_REFERENCE","IMPLEMENTATION","C:\Users\JBNU\git\ConstraintsRecovery\assets\tankwar\asset1",58,"C:\Users\JBNU\git\ConstraintsRecovery\assets\tankwar\asset22","G4","G4","TankWar_P1|TankWar_P2|TankWar_P3|TankWar_P4|TankWar_P5","TankWar_P1|TankWar_P2|TankWar_P3|TankWar_P4|TankWar_P5",true,"TankWar_P1|TankWar_P2|TankWar_P3|TankWar_P4|TankWar_P5","RESOLVED_INTERNAL"
"D725","E11","E270","FIELD_REFERENCE","IMPLEMENTATION","C:\Users\JBNU\git\ConstraintsRecovery\assets\tankwar\asset1",58,"C:\Users\JBNU\git\ConstraintsRecovery\assets\tankwar\asset22","G4","G4","TankWar_P1|TankWar_P2|TankWar_P3|TankWar_P4|TankWar_P5","TankWar_P1|TankWar_P2|TankWar_P3|TankWar_P4|TankWar_P5",true,"TankWar_P1|TankWar_P2|TankWar_P3|TankWar_P4|TankWar_P5","RESOLVED_INTERNAL"
"D726","E11","E268","FIELD_REFERENCE","IMPLEMENTATION","C:\Users\JBNU\git\ConstraintsRecovery\assets\tankwar\asset1",59,"C:\Users\JBNU\git\ConstraintsRecovery\assets\tankwar\asset22","G4","G4","TankWar_P1|TankWar_P2|TankWar_P3|TankWar_P4|TankWar_P5","TankWar_P1|TankWar_P2|TankWar_P3|TankWar_P4|TankWar_P5",true,"TankWar_P1|TankWar_P2|TankWar_P3|TankWar_P4|TankWar_P5","RESOLVED_INTERNAL"
"D727","E11","E260","FIELD_REFERENCE","IMPLEMENTATION","C:\Users\JBNU\git\ConstraintsRecovery\assets\tankwar\asset1",60,"C:\Users\JBNU\git\ConstraintsRecovery\assets\tankwar\asset22","G4","G4","TankWar_P1|TankWar_P2|TankWar_P3|TankWar_P4|TankWar_P5","TankWar_P1|TankWar_P2|TankWar_P3|TankWar_P4|TankWar_P5",true,"TankWar_P1|TankWar_P2|TankWar_P3|TankWar_P4|TankWar_P5","RESOLVED_INTERNAL"
"D728","E11","E262","FIELD_REFERENCE","IMPLEMENTATION","C:\Users\JBNU\git\ConstraintsRecovery\assets\tankwar\asset1",61,"C:\Users\JBNU\git\ConstraintsRecovery\assets\tankwar\asset22","G4","G4","TankWar_P1|TankWar_P2|TankWar_P3|TankWar_P4|TankWar_P5","TankWar_P1|TankWar_P2|TankWar_P3|TankWar_P4|TankWar_P5",true,"TankWar_P1|TankWar_P2|TankWar_P3|TankWar_P4|TankWar_P5","RESOLVED_INTERNAL"
"D729","E11","E5","FIELD_REFERENCE","IMPLEMENTATION","C:\Users\JBNU\git\ConstraintsRecovery\assets\tankwar\asset1",64,"C:\Users\JBNU\git\ConstraintsRecovery\assets\tankwar\asset1","G4","G4","TankWar_P1|TankWar_P2|TankWar_P3|TankWar_P4|TankWar_P5","TankWar_P1|TankWar_P2|TankWar_P3|TankWar_P4|TankWar_P5",false,"TankWar_P1|TankWar_P2|TankWar_P3|TankWar_P4|TankWar_P5","RESOLVED_INTERNAL"
"D730","E11","E260","FIELD_REFERENCE","IMPLEMENTATION","C:\Users\JBNU\git\ConstraintsRecovery\assets\tankwar\asset1",65,"C:\Users\JBNU\git\ConstraintsRecovery\assets\tankwar\asset22","G4","G4","TankWar_P1|TankWar_P2|TankWar_P3|TankWar_P4|TankWar_P5","TankWar_P1|TankWar_P2|TankWar_P3|TankWar_P4|TankWar_P5",true,"TankWar_P1|TankWar_P2|TankWar_P3|TankWar_P4|TankWar_P5","RESOLVED_INTERNAL"
"D731","E11","E3","FIELD_REFERENCE","IMPLEMENTATION","C:\Users\JBNU\git\ConstraintsRecovery\assets\tankwar\asset1",65,"C:\Users\JBNU\git\ConstraintsRecovery\assets\tankwar\asset1","G4","G4","TankWar_P1|TankWar_P2|TankWar_P3|TankWar_P4|TankWar_P5","TankWar_P1|TankWar_P2|TankWar_P3|TankWar_P4|TankWar_P5",false,"TankWar_P1|TankWar_P2|TankWar_P3|TankWar_P4|TankWar_P5","RESOLVED_INTERNAL"
"D732","E11","E262","FIELD_REFERENCE","IMPLEMENTATION","C:\Users\JBNU\git\ConstraintsRecovery\assets\tankwar\asset1",66,"C:\Users\JBNU\git\ConstraintsRecovery\assets\tankwar\asset22","G4","G4","TankWar_P1|TankWar_P2|TankWar_P3|TankWar_P4|TankWar_P5","TankWar_P1|TankWar_P2|TankWar_P3|TankWar_P4|TankWar_P5",true,"TankWar_P1|TankWar_P2|TankWar_P3|TankWar_P4|TankWar_P5","RESOLVED_INTERNAL"
"D733","E11","E4","FIELD_REFERENCE","IMPLEMENTATION","C:\Users\JBNU\git\ConstraintsRecovery\assets\tankwar\asset1",66,"C:\Users\JBNU\git\ConstraintsRecovery\assets\tankwar\asset1","G4","G4","TankWar_P1|TankWar_P2|TankWar_P3|TankWar_P4|TankWar_P5","TankWar_P1|TankWar_P2|TankWar_P3|TankWar_P4|TankWar_P5",false,"TankWar_P1|TankWar_P2|TankWar_P3|TankWar_P4|TankWar_P5","RESOLVED_INTERNAL"
"D734","E12","E5","FIELD_REFERENCE","IMPLEMENTATION","C:\Users\JBNU\git\ConstraintsRecovery\assets\tankwar\asset1",69,"C:\Users\JBNU\git\ConstraintsRecovery\assets\tankwar\asset1","G4","G4","TankWar_P1|TankWar_P2|TankWar_P3|TankWar_P4|TankWar_P5","TankWar_P1|TankWar_P2|TankWar_P3|TankWar_P4|TankWar_P5",false,"TankWar_P1|TankWar_P2|TankWar_P3|TankWar_P4|TankWar_P5","RESOLVED_INTERNAL"
"D735","E12","E5","FIELD_REFERENCE","IMPLEMENTATION","C:\Users\JBNU\git\ConstraintsRecovery\assets\tankwar\asset1",70,"C:\Users\JBNU\git\ConstraintsRecovery\assets\tankwar\asset1","G4","G4","TankWar_P1|TankWar_P2|TankWar_P3|TankWar_P4|TankWar_P5","TankWar_P1|TankWar_P2|TankWar_P3|TankWar_P4|TankWar_P5",false,"TankWar_P1|TankWar_P2|TankWar_P3|TankWar_P4|TankWar_P5","RESOLVED_INTERNAL"
"D736","E12","E13","METHOD_CALL","IMPLEMENTATION","C:\Users\JBNU\git\ConstraintsRecovery\assets\tankwar\asset1",74,"C:\Users\JBNU\git\ConstraintsRecovery\assets\tankwar\asset1","G4","G4","TankWar_P1|TankWar_P2|TankWar_P3|TankWar_P4|TankWar_P5","TankWar_P1|TankWar_P2|TankWar_P3|TankWar_P4|TankWar_P5",false,"TankWar_P1|TankWar_P2|TankWar_P3|TankWar_P4|TankWar_P5","RESOLVED_INTERNAL"
"D737","E12","E241","METHOD_CALL","IMPLEMENTATION","C:\Users\JBNU\git\ConstraintsRecovery\assets\tankwar\asset1",75,"C:\Users\JBNU\git\ConstraintsRecovery\assets\tankwar\asset2","G4","G4","TankWar_P1|TankWar_P2|TankWar_P3|TankWar_P4|TankWar_P5","TankWar_P1|TankWar_P2|TankWar_P3|TankWar_P4|TankWar_P5",true,"TankWar_P1|TankWar_P2|TankWar_P3|TankWar_P4|TankWar_P5","RESOLVED_INTERNAL"
"D738","E12","E243","METHOD_CALL","IMPLEMENTATION","C:\Users\JBNU\git\ConstraintsRecovery\assets\tankwar\asset1",76,"C:\Users\JBNU\git\ConstraintsRecovery\assets\tankwar\asset2","G4","G4","TankWar_P1|TankWar_P2|TankWar_P3|TankWar_P4|TankWar_P5","TankWar_P1|TankWar_P2|TankWar_P3|TankWar_P4|TankWar_P5",true,"TankWar_P1|TankWar_P2|TankWar_P3|TankWar_P4|TankWar_P5","RESOLVED_INTERNAL"
"D739","E13","E7","FIELD_REFERENCE","IMPLEMENTATION","C:\Users\JBNU\git\ConstraintsRecovery\assets\tankwar\asset1",79,"C:\Users\JBNU\git\ConstraintsRecovery\assets\tankwar\asset1","G4","G4","TankWar_P1|TankWar_P2|TankWar_P3|TankWar_P4|TankWar_P5","TankWar_P1|TankWar_P2|TankWar_P3|TankWar_P4|TankWar_P5",false,"TankWar_P1|TankWar_P2|TankWar_P3|TankWar_P4|TankWar_P5","RESOLVED_INTERNAL"
"D740","E13","E2","FIELD_REFERENCE","IMPLEMENTATION","C:\Users\JBNU\git\ConstraintsRecovery\assets\tankwar\asset1",81,"C:\Users\JBNU\git\ConstraintsRecovery\assets\tankwar\asset1","G4","G4","TankWar_P1|TankWar_P2|TankWar_P3|TankWar_P4|TankWar_P5","TankWar_P1|TankWar_P2|TankWar_P3|TankWar_P4|TankWar_P5",false,"TankWar_P1|TankWar_P2|TankWar_P3|TankWar_P4|TankWar_P5","RESOLVED_INTERNAL"
"D741","E13","E4","FIELD_REFERENCE","IMPLEMENTATION","C:\Users\JBNU\git\ConstraintsRecovery\assets\tankwar\asset1",81,"C:\Users\JBNU\git\ConstraintsRecovery\assets\tankwar\asset1","G4","G4","TankWar_P1|TankWar_P2|TankWar_P3|TankWar_P4|TankWar_P5","TankWar_P1|TankWar_P2|TankWar_P3|TankWar_P4|TankWar_P5",false,"TankWar_P1|TankWar_P2|TankWar_P3|TankWar_P4|TankWar_P5","RESOLVED_INTERNAL"
"D742","E13","E687","FIELD_REFERENCE","IMPLEMENTATION","C:\Users\JBNU\git\ConstraintsRecovery\assets\tankwar\asset1",81,"C:\Users\JBNU\git\ConstraintsRecovery\assets\tankwar\asset9","G4","G4","TankWar_P1|TankWar_P2|TankWar_P3|TankWar_P4|TankWar_P5","TankWar_P1|TankWar_P2|TankWar_P3|TankWar_P4|TankWar_P5",true,"TankWar_P1|TankWar_P2|TankWar_P3|TankWar_P4|TankWar_P5","RESOLVED_INTERNAL"
"D743","E13","E4","FIELD_REFERENCE","IMPLEMENTATION","C:\Users\JBNU\git\ConstraintsRecovery\assets\tankwar\asset1",82,"C:\Users\JBNU\git\ConstraintsRecovery\assets\tankwar\asset1","G4","G4","TankWar_P1|TankWar_P2|TankWar_P3|TankWar_P4|TankWar_P5","TankWar_P1|TankWar_P2|TankWar_P3|TankWar_P4|TankWar_P5",false,"TankWar_P1|TankWar_P2|TankWar_P3|TankWar_P4|TankWar_P5","RESOLVED_INTERNAL"
"D744","E13","E280","METHOD_CALL","IMPLEMENTATION","C:\Users\JBNU\git\ConstraintsRecovery\assets\tankwar\asset1",82,"C:\Users\JBNU\git\ConstraintsRecovery\assets\tankwar\asset22","G4","G4","TankWar_P1|TankWar_P2|TankWar_P3|TankWar_P4|TankWar_P5","TankWar_P1|TankWar_P2|TankWar_P3|TankWar_P4|TankWar_P5",true,"TankWar_P1|TankWar_P2|TankWar_P3|TankWar_P4|TankWar_P5","RESOLVED_INTERNAL"
"D745","E13","E2","FIELD_REFERENCE","IMPLEMENTATION","C:\Users\JBNU\git\ConstraintsRecovery\assets\tankwar\asset1",85,"C:\Users\JBNU\git\ConstraintsRecovery\assets\tankwar\asset1","G4","G4","TankWar_P1|TankWar_P2|TankWar_P3|TankWar_P4|TankWar_P5","TankWar_P1|TankWar_P2|TankWar_P3|TankWar_P4|TankWar_P5",false,"TankWar_P1|TankWar_P2|TankWar_P3|TankWar_P4|TankWar_P5","RESOLVED_INTERNAL"
"D746","E13","E3","FIELD_REFERENCE","IMPLEMENTATION","C:\Users\JBNU\git\ConstraintsRecovery\assets\tankwar\asset1",85,"C:\Users\JBNU\git\ConstraintsRecovery\assets\tankwar\asset1","G4","G4","TankWar_P1|TankWar_P2|TankWar_P3|TankWar_P4|TankWar_P5","TankWar_P1|TankWar_P2|TankWar_P3|TankWar_P4|TankWar_P5",false,"TankWar_P1|TankWar_P2|TankWar_P3|TankWar_P4|TankWar_P5","RESOLVED_INTERNAL"
"D747","E13","E687","FIELD_REFERENCE","IMPLEMENTATION","C:\Users\JBNU\git\ConstraintsRecovery\assets\tankwar\asset1",85,"C:\Users\JBNU\git\ConstraintsRecovery\assets\tankwar\asset9","G4","G4","TankWar_P1|TankWar_P2|TankWar_P3|TankWar_P4|TankWar_P5","TankWar_P1|TankWar_P2|TankWar_P3|TankWar_P4|TankWar_P5",true,"TankWar_P1|TankWar_P2|TankWar_P3|TankWar_P4|TankWar_P5","RESOLVED_INTERNAL"
"D748","E13","E3","FIELD_REFERENCE","IMPLEMENTATION","C:\Users\JBNU\git\ConstraintsRecovery\assets\tankwar\asset1",86,"C:\Users\JBNU\git\ConstraintsRecovery\assets\tankwar\asset1","G4","G4","TankWar_P1|TankWar_P2|TankWar_P3|TankWar_P4|TankWar_P5","TankWar_P1|TankWar_P2|TankWar_P3|TankWar_P4|TankWar_P5",false,"TankWar_P1|TankWar_P2|TankWar_P3|TankWar_P4|TankWar_P5","RESOLVED_INTERNAL"
"D749","E13","E280","METHOD_CALL","IMPLEMENTATION","C:\Users\JBNU\git\ConstraintsRecovery\assets\tankwar\asset1",86,"C:\Users\JBNU\git\ConstraintsRecovery\assets\tankwar\asset22","G4","G4","TankWar_P1|TankWar_P2|TankWar_P3|TankWar_P4|TankWar_P5","TankWar_P1|TankWar_P2|TankWar_P3|TankWar_P4|TankWar_P5",true,"TankWar_P1|TankWar_P2|TankWar_P3|TankWar_P4|TankWar_P5","RESOLVED_INTERNAL"
"D750","E13","E2","FIELD_REFERENCE","IMPLEMENTATION","C:\Users\JBNU\git\ConstraintsRecovery\assets\tankwar\asset1",89,"C:\Users\JBNU\git\ConstraintsRecovery\assets\tankwar\asset1","G4","G4","TankWar_P1|TankWar_P2|TankWar_P3|TankWar_P4|TankWar_P5","TankWar_P1|TankWar_P2|TankWar_P3|TankWar_P4|TankWar_P5",false,"TankWar_P1|TankWar_P2|TankWar_P3|TankWar_P4|TankWar_P5","RESOLVED_INTERNAL"
"D751","E13","E4","FIELD_REFERENCE","IMPLEMENTATION","C:\Users\JBNU\git\ConstraintsRecovery\assets\tankwar\asset1",89,"C:\Users\JBNU\git\ConstraintsRecovery\assets\tankwar\asset1","G4","G4","TankWar_P1|TankWar_P2|TankWar_P3|TankWar_P4|TankWar_P5","TankWar_P1|TankWar_P2|TankWar_P3|TankWar_P4|TankWar_P5",false,"TankWar_P1|TankWar_P2|TankWar_P3|TankWar_P4|TankWar_P5","RESOLVED_INTERNAL"
"D752","E13","E687","FIELD_REFERENCE","IMPLEMENTATION","C:\Users\JBNU\git\ConstraintsRecovery\assets\tankwar\asset1",89,"C:\Users\JBNU\git\ConstraintsRecovery\assets\tankwar\asset9","G4","G4","TankWar_P1|TankWar_P2|TankWar_P3|TankWar_P4|TankWar_P5","TankWar_P1|TankWar_P2|TankWar_P3|TankWar_P4|TankWar_P5",true,"TankWar_P1|TankWar_P2|TankWar_P3|TankWar_P4|TankWar_P5","RESOLVED_INTERNAL"
"D753","E13","E4","FIELD_REFERENCE","IMPLEMENTATION","C:\Users\JBNU\git\ConstraintsRecovery\assets\tankwar\asset1",90,"C:\Users\JBNU\git\ConstraintsRecovery\assets\tankwar\asset1","G4","G4","TankWar_P1|TankWar_P2|TankWar_P3|TankWar_P4|TankWar_P5","TankWar_P1|TankWar_P2|TankWar_P3|TankWar_P4|TankWar_P5",false,"TankWar_P1|TankWar_P2|TankWar_P3|TankWar_P4|TankWar_P5","RESOLVED_INTERNAL"
"D754","E13","E280","METHOD_CALL","IMPLEMENTATION","C:\Users\JBNU\git\ConstraintsRecovery\assets\tankwar\asset1",90,"C:\Users\JBNU\git\ConstraintsRecovery\assets\tankwar\asset22","G4","G4","TankWar_P1|TankWar_P2|TankWar_P3|TankWar_P4|TankWar_P5","TankWar_P1|TankWar_P2|TankWar_P3|TankWar_P4|TankWar_P5",true,"TankWar_P1|TankWar_P2|TankWar_P3|TankWar_P4|TankWar_P5","RESOLVED_INTERNAL"
"D755","E13","E2","FIELD_REFERENCE","IMPLEMENTATION","C:\Users\JBNU\git\ConstraintsRecovery\assets\tankwar\asset1",93,"C:\Users\JBNU\git\ConstraintsRecovery\assets\tankwar\asset1","G4","G4","TankWar_P1|TankWar_P2|TankWar_P3|TankWar_P4|TankWar_P5","TankWar_P1|TankWar_P2|TankWar_P3|TankWar_P4|TankWar_P5",false,"TankWar_P1|TankWar_P2|TankWar_P3|TankWar_P4|TankWar_P5","RESOLVED_INTERNAL"
"D756","E13","E3","FIELD_REFERENCE","IMPLEMENTATION","C:\Users\JBNU\git\ConstraintsRecovery\assets\tankwar\asset1",93,"C:\Users\JBNU\git\ConstraintsRecovery\assets\tankwar\asset1","G4","G4","TankWar_P1|TankWar_P2|TankWar_P3|TankWar_P4|TankWar_P5","TankWar_P1|TankWar_P2|TankWar_P3|TankWar_P4|TankWar_P5",false,"TankWar_P1|TankWar_P2|TankWar_P3|TankWar_P4|TankWar_P5","RESOLVED_INTERNAL"
"D757","E13","E687","FIELD_REFERENCE","IMPLEMENTATION","C:\Users\JBNU\git\ConstraintsRecovery\assets\tankwar\asset1",93,"C:\Users\JBNU\git\ConstraintsRecovery\assets\tankwar\asset9","G4","G4","TankWar_P1|TankWar_P2|TankWar_P3|TankWar_P4|TankWar_P5","TankWar_P1|TankWar_P2|TankWar_P3|TankWar_P4|TankWar_P5",true,"TankWar_P1|TankWar_P2|TankWar_P3|TankWar_P4|TankWar_P5","RESOLVED_INTERNAL"
"D758","E13","E3","FIELD_REFERENCE","IMPLEMENTATION","C:\Users\JBNU\git\ConstraintsRecovery\assets\tankwar\asset1",94,"C:\Users\JBNU\git\ConstraintsRecovery\assets\tankwar\asset1","G4","G4","TankWar_P1|TankWar_P2|TankWar_P3|TankWar_P4|TankWar_P5","TankWar_P1|TankWar_P2|TankWar_P3|TankWar_P4|TankWar_P5",false,"TankWar_P1|TankWar_P2|TankWar_P3|TankWar_P4|TankWar_P5","RESOLVED_INTERNAL"
"D759","E13","E280","METHOD_CALL","IMPLEMENTATION","C:\Users\JBNU\git\ConstraintsRecovery\assets\tankwar\asset1",94,"C:\Users\JBNU\git\ConstraintsRecovery\assets\tankwar\asset22","G4","G4","TankWar_P1|TankWar_P2|TankWar_P3|TankWar_P4|TankWar_P5","TankWar_P1|TankWar_P2|TankWar_P3|TankWar_P4|TankWar_P5",true,"TankWar_P1|TankWar_P2|TankWar_P3|TankWar_P4|TankWar_P5","RESOLVED_INTERNAL"
"D760","E13","E686","FIELD_REFERENCE","IMPLEMENTATION","C:\Users\JBNU\git\ConstraintsRecovery\assets\tankwar\asset1",97,"C:\Users\JBNU\git\ConstraintsRecovery\assets\tankwar\asset9","G4","G4","TankWar_P1|TankWar_P2|TankWar_P3|TankWar_P4|TankWar_P5","TankWar_P1|TankWar_P2|TankWar_P3|TankWar_P4|TankWar_P5",true,"TankWar_P1|TankWar_P2|TankWar_P3|TankWar_P4|TankWar_P5","RESOLVED_INTERNAL"
"D761","E13","E687","FIELD_REFERENCE","IMPLEMENTATION","C:\Users\JBNU\git\ConstraintsRecovery\assets\tankwar\asset1",97,"C:\Users\JBNU\git\ConstraintsRecovery\assets\tankwar\asset9","G4","G4","TankWar_P1|TankWar_P2|TankWar_P3|TankWar_P4|TankWar_P5","TankWar_P1|TankWar_P2|TankWar_P3|TankWar_P4|TankWar_P5",true,"TankWar_P1|TankWar_P2|TankWar_P3|TankWar_P4|TankWar_P5","RESOLVED_INTERNAL"
"D762","E13","E696","FIELD_REFERENCE","IMPLEMENTATION","C:\Users\JBNU\git\ConstraintsRecovery\assets\tankwar\asset1",98,"C:\Users\JBNU\git\ConstraintsRecovery\assets\tankwar\asset9","G4","G4","TankWar_P1|TankWar_P2|TankWar_P3|TankWar_P4|TankWar_P5","TankWar_P1|TankWar_P2|TankWar_P3|TankWar_P4|TankWar_P5",true,"TankWar_P1|TankWar_P2|TankWar_P3|TankWar_P4|TankWar_P5","RESOLVED_INTERNAL"
"D675","E13","E14","METHOD_CALL","IMPLEMENTATION","C:\Users\JBNU\git\ConstraintsRecovery\assets\tankwar\asset1",100,"C:\Users\JBNU\git\ConstraintsRecovery\assets\tankwar\asset1","G4","G4","TankWar_P1|TankWar_P2|TankWar_P3|TankWar_P4|TankWar_P5","TankWar_P1|TankWar_P2|TankWar_P3|TankWar_P4|TankWar_P5",false,"TankWar_P1|TankWar_P2|TankWar_P3|TankWar_P4|TankWar_P5","RESOLVED_INTERNAL"
"D676","E14","E695","FIELD_REFERENCE","IMPLEMENTATION","C:\Users\JBNU\git\ConstraintsRecovery\assets\tankwar\asset1",103,"C:\Users\JBNU\git\ConstraintsRecovery\assets\tankwar\asset9","G4","G4","TankWar_P1|TankWar_P2|TankWar_P3|TankWar_P4|TankWar_P5","TankWar_P1|TankWar_P2|TankWar_P3|TankWar_P4|TankWar_P5",true,"TankWar_P1|TankWar_P2|TankWar_P3|TankWar_P4|TankWar_P5","RESOLVED_INTERNAL"
"D677","E14","E695","FIELD_REFERENCE","IMPLEMENTATION","C:\Users\JBNU\git\ConstraintsRecovery\assets\tankwar\asset1",104,"C:\Users\JBNU\git\ConstraintsRecovery\assets\tankwar\asset9","G4","G4","TankWar_P1|TankWar_P2|TankWar_P3|TankWar_P4|TankWar_P5","TankWar_P1|TankWar_P2|TankWar_P3|TankWar_P4|TankWar_P5",true,"TankWar_P1|TankWar_P2|TankWar_P3|TankWar_P4|TankWar_P5","RESOLVED_INTERNAL"
"D678","E14","E9","FIELD_REFERENCE","IMPLEMENTATION","C:\Users\JBNU\git\ConstraintsRecovery\assets\tankwar\asset1",104,"C:\Users\JBNU\git\ConstraintsRecovery\assets\tankwar\asset1","G4","G4","TankWar_P1|TankWar_P2|TankWar_P3|TankWar_P4|TankWar_P5","TankWar_P1|TankWar_P2|TankWar_P3|TankWar_P4|TankWar_P5",false,"TankWar_P1|TankWar_P2|TankWar_P3|TankWar_P4|TankWar_P5","RESOLVED_INTERNAL"
"D679","E14","E6","FIELD_REFERENCE","IMPLEMENTATION","C:\Users\JBNU\git\ConstraintsRecovery\assets\tankwar\asset1",105,"C:\Users\JBNU\git\ConstraintsRecovery\assets\tankwar\asset1","G4","G4","TankWar_P1|TankWar_P2|TankWar_P3|TankWar_P4|TankWar_P5","TankWar_P1|TankWar_P2|TankWar_P3|TankWar_P4|TankWar_P5",false,"TankWar_P1|TankWar_P2|TankWar_P3|TankWar_P4|TankWar_P5","RESOLVED_INTERNAL"
"D680","E14","E695","FIELD_REFERENCE","IMPLEMENTATION","C:\Users\JBNU\git\ConstraintsRecovery\assets\tankwar\asset1",105,"C:\Users\JBNU\git\ConstraintsRecovery\assets\tankwar\asset9","G4","G4","TankWar_P1|TankWar_P2|TankWar_P3|TankWar_P4|TankWar_P5","TankWar_P1|TankWar_P2|TankWar_P3|TankWar_P4|TankWar_P5",true,"TankWar_P1|TankWar_P2|TankWar_P3|TankWar_P4|TankWar_P5","RESOLVED_INTERNAL"
"D681","E14","E8","FIELD_REFERENCE","IMPLEMENTATION","C:\Users\JBNU\git\ConstraintsRecovery\assets\tankwar\asset1",105,"C:\Users\JBNU\git\ConstraintsRecovery\assets\tankwar\asset1","G4","G4","TankWar_P1|TankWar_P2|TankWar_P3|TankWar_P4|TankWar_P5","TankWar_P1|TankWar_P2|TankWar_P3|TankWar_P4|TankWar_P5",false,"TankWar_P1|TankWar_P2|TankWar_P3|TankWar_P4|TankWar_P5","RESOLVED_INTERNAL"
"D682","E14","E16","METHOD_CALL","IMPLEMENTATION","C:\Users\JBNU\git\ConstraintsRecovery\assets\tankwar\asset1",106,"C:\Users\JBNU\git\ConstraintsRecovery\assets\tankwar\asset1","G4","G4","TankWar_P1|TankWar_P2|TankWar_P3|TankWar_P4|TankWar_P5","TankWar_P1|TankWar_P2|TankWar_P3|TankWar_P4|TankWar_P5",false,"TankWar_P1|TankWar_P2|TankWar_P3|TankWar_P4|TankWar_P5","RESOLVED_INTERNAL"
"D683","E14","E696","FIELD_REFERENCE","IMPLEMENTATION","C:\Users\JBNU\git\ConstraintsRecovery\assets\tankwar\asset1",110,"C:\Users\JBNU\git\ConstraintsRecovery\assets\tankwar\asset9","G4","G4","TankWar_P1|TankWar_P2|TankWar_P3|TankWar_P4|TankWar_P5","TankWar_P1|TankWar_P2|TankWar_P3|TankWar_P4|TankWar_P5",true,"TankWar_P1|TankWar_P2|TankWar_P3|TankWar_P4|TankWar_P5","RESOLVED_INTERNAL"
"D684","E14","E696","FIELD_REFERENCE","IMPLEMENTATION","C:\Users\JBNU\git\ConstraintsRecovery\assets\tankwar\asset1",111,"C:\Users\JBNU\git\ConstraintsRecovery\assets\tankwar\asset9","G4","G4","TankWar_P1|TankWar_P2|TankWar_P3|TankWar_P4|TankWar_P5","TankWar_P1|TankWar_P2|TankWar_P3|TankWar_P4|TankWar_P5",true,"TankWar_P1|TankWar_P2|TankWar_P3|TankWar_P4|TankWar_P5","RESOLVED_INTERNAL"
"D685","E14","E9","FIELD_REFERENCE","IMPLEMENTATION","C:\Users\JBNU\git\ConstraintsRecovery\assets\tankwar\asset1",111,"C:\Users\JBNU\git\ConstraintsRecovery\assets\tankwar\asset1","G4","G4","TankWar_P1|TankWar_P2|TankWar_P3|TankWar_P4|TankWar_P5","TankWar_P1|TankWar_P2|TankWar_P3|TankWar_P4|TankWar_P5",false,"TankWar_P1|TankWar_P2|TankWar_P3|TankWar_P4|TankWar_P5","RESOLVED_INTERNAL"
"D686","E14","E696","FIELD_REFERENCE","IMPLEMENTATION","C:\Users\JBNU\git\ConstraintsRecovery\assets\tankwar\asset1",112,"C:\Users\JBNU\git\ConstraintsRecovery\assets\tankwar\asset9","G4","G4","TankWar_P1|TankWar_P2|TankWar_P3|TankWar_P4|TankWar_P5","TankWar_P1|TankWar_P2|TankWar_P3|TankWar_P4|TankWar_P5",true,"TankWar_P1|TankWar_P2|TankWar_P3|TankWar_P4|TankWar_P5","RESOLVED_INTERNAL"
"D687","E14","E16","METHOD_CALL","IMPLEMENTATION","C:\Users\JBNU\git\ConstraintsRecovery\assets\tankwar\asset1",113,"C:\Users\JBNU\git\ConstraintsRecovery\assets\tankwar\asset1","G4","G4","TankWar_P1|TankWar_P2|TankWar_P3|TankWar_P4|TankWar_P5","TankWar_P1|TankWar_P2|TankWar_P3|TankWar_P4|TankWar_P5",false,"TankWar_P1|TankWar_P2|TankWar_P3|TankWar_P4|TankWar_P5","RESOLVED_INTERNAL"
"D688","E14","E697","FIELD_REFERENCE","IMPLEMENTATION","C:\Users\JBNU\git\ConstraintsRecovery\assets\tankwar\asset1",117,"C:\Users\JBNU\git\ConstraintsRecovery\assets\tankwar\asset9","G4","G4","TankWar_P1|TankWar_P2|TankWar_P3|TankWar_P4|TankWar_P5","TankWar_P1|TankWar_P2|TankWar_P3|TankWar_P4|TankWar_P5",true,"TankWar_P1|TankWar_P2|TankWar_P3|TankWar_P4|TankWar_P5","RESOLVED_INTERNAL"
"D689","E14","E15","METHOD_CALL","IMPLEMENTATION","C:\Users\JBNU\git\ConstraintsRecovery\assets\tankwar\asset1",118,"C:\Users\JBNU\git\ConstraintsRecovery\assets\tankwar\asset1","G4","G4","TankWar_P1|TankWar_P2|TankWar_P3|TankWar_P4|TankWar_P5","TankWar_P1|TankWar_P2|TankWar_P3|TankWar_P4|TankWar_P5",false,"TankWar_P1|TankWar_P2|TankWar_P3|TankWar_P4|TankWar_P5","RESOLVED_INTERNAL"
"D690","E14","E698","FIELD_REFERENCE","IMPLEMENTATION","C:\Users\JBNU\git\ConstraintsRecovery\assets\tankwar\asset1",119,"C:\Users\JBNU\git\ConstraintsRecovery\assets\tankwar\asset9","G4","G4","TankWar_P1|TankWar_P2|TankWar_P3|TankWar_P4|TankWar_P5","TankWar_P1|TankWar_P2|TankWar_P3|TankWar_P4|TankWar_P5",true,"TankWar_P1|TankWar_P2|TankWar_P3|TankWar_P4|TankWar_P5","RESOLVED_INTERNAL"
"D691","E14","E15","METHOD_CALL","IMPLEMENTATION","C:\Users\JBNU\git\ConstraintsRecovery\assets\tankwar\asset1",120,"C:\Users\JBNU\git\ConstraintsRecovery\assets\tankwar\asset1","G4","G4","TankWar_P1|TankWar_P2|TankWar_P3|TankWar_P4|TankWar_P5","TankWar_P1|TankWar_P2|TankWar_P3|TankWar_P4|TankWar_P5",false,"TankWar_P1|TankWar_P2|TankWar_P3|TankWar_P4|TankWar_P5","RESOLVED_INTERNAL"
"D692","E15","E696","FIELD_REFERENCE","IMPLEMENTATION","C:\Users\JBNU\git\ConstraintsRecovery\assets\tankwar\asset1",123,"C:\Users\JBNU\git\ConstraintsRecovery\assets\tankwar\asset9","G4","G4","TankWar_P1|TankWar_P2|TankWar_P3|TankWar_P4|TankWar_P5","TankWar_P1|TankWar_P2|TankWar_P3|TankWar_P4|TankWar_P5",true,"TankWar_P1|TankWar_P2|TankWar_P3|TankWar_P4|TankWar_P5","RESOLVED_INTERNAL"
"D693","E16","E696","FIELD_REFERENCE","IMPLEMENTATION","C:\Users\JBNU\git\ConstraintsRecovery\assets\tankwar\asset1",126,"C:\Users\JBNU\git\ConstraintsRecovery\assets\tankwar\asset9","G4","G4","TankWar_P1|TankWar_P2|TankWar_P3|TankWar_P4|TankWar_P5","TankWar_P1|TankWar_P2|TankWar_P3|TankWar_P4|TankWar_P5",true,"TankWar_P1|TankWar_P2|TankWar_P3|TankWar_P4|TankWar_P5","RESOLVED_INTERNAL"
"D1","E17","E66","EXTENDS","STRUCTURAL","C:\Users\JBNU\git\ConstraintsRecovery\assets\tankwar\asset10",14,"C:\Users\JBNU\git\ConstraintsRecovery\assets\tankwar\asset14","G4","G4","TankWar_P1|TankWar_P2|TankWar_P3|TankWar_P4|TankWar_P5","TankWar_P1|TankWar_P2|TankWar_P3|TankWar_P4|TankWar_P5",true,"TankWar_P1|TankWar_P2|TankWar_P3|TankWar_P4|TankWar_P5","RESOLVED_INTERNAL"
"D2","E19","E20","METHOD_CALL","IMPLEMENTATION","C:\Users\JBNU\git\ConstraintsRecovery\assets\tankwar\asset10",21,"C:\Users\JBNU\git\ConstraintsRecovery\assets\tankwar\asset10","G4","G4","TankWar_P1|TankWar_P2|TankWar_P3|TankWar_P4|TankWar_P5","TankWar_P1|TankWar_P2|TankWar_P3|TankWar_P4|TankWar_P5",false,"TankWar_P1|TankWar_P2|TankWar_P3|TankWar_P4|TankWar_P5","RESOLVED_INTERNAL"
"D3","E19","E99","METHOD_CALL","IMPLEMENTATION","C:\Users\JBNU\git\ConstraintsRecovery\assets\tankwar\asset10",30,"C:\Users\JBNU\git\ConstraintsRecovery\assets\tankwar\asset14","G4","G4","TankWar_P1|TankWar_P2|TankWar_P3|TankWar_P4|TankWar_P5","TankWar_P1|TankWar_P2|TankWar_P3|TankWar_P4|TankWar_P5",true,"TankWar_P1|TankWar_P2|TankWar_P3|TankWar_P4|TankWar_P5","RESOLVED_INTERNAL"
"D26","E56","E29","FIELD_REFERENCE","IMPLEMENTATION","C:\Users\JBNU\git\ConstraintsRecovery\assets\tankwar\asset11",46,"C:\Users\JBNU\git\ConstraintsRecovery\assets\tankwar\asset11","G4","G4","TankWar_P1|TankWar_P2|TankWar_P3|TankWar_P4|TankWar_P5","TankWar_P1|TankWar_P2|TankWar_P3|TankWar_P4|TankWar_P5",false,"TankWar_P1|TankWar_P2|TankWar_P3|TankWar_P4|TankWar_P5","RESOLVED_INTERNAL"
"D27","E56","E57","METHOD_CALL","IMPLEMENTATION","C:\Users\JBNU\git\ConstraintsRecovery\assets\tankwar\asset11",48,"C:\Users\JBNU\git\ConstraintsRecovery\assets\tankwar\asset11","G4","G4","TankWar_P1|TankWar_P2|TankWar_P3|TankWar_P4|TankWar_P5","TankWar_P1|TankWar_P2|TankWar_P3|TankWar_P4|TankWar_P5",false,"TankWar_P1|TankWar_P2|TankWar_P3|TankWar_P4|TankWar_P5","RESOLVED_INTERNAL"
"D28","E57","E30","FIELD_REFERENCE","IMPLEMENTATION","C:\Users\JBNU\git\ConstraintsRecovery\assets\tankwar\asset11",65,"C:\Users\JBNU\git\ConstraintsRecovery\assets\tankwar\asset11","G4","G4","TankWar_P1|TankWar_P2|TankWar_P3|TankWar_P4|TankWar_P5","TankWar_P1|TankWar_P2|TankWar_P3|TankWar_P4|TankWar_P5",false,"TankWar_P1|TankWar_P2|TankWar_P3|TankWar_P4|TankWar_P5","RESOLVED_INTERNAL"
"D29","E57","E302","FIELD_REFERENCE","IMPLEMENTATION","C:\Users\JBNU\git\ConstraintsRecovery\assets\tankwar\asset11",70,"C:\Users\JBNU\git\ConstraintsRecovery\assets\tankwar\asset27","G4","G7","TankWar_P1|TankWar_P2|TankWar_P3|TankWar_P4|TankWar_P5","TankWar_P1|TankWar_P3|TankWar_P4|TankWar_P5",true,"TankWar_P1|TankWar_P2|TankWar_P3|TankWar_P4|TankWar_P5","RESOLVED_INTERNAL"
"D30","E57","E31","FIELD_REFERENCE","IMPLEMENTATION","C:\Users\JBNU\git\ConstraintsRecovery\assets\tankwar\asset11",74,"C:\Users\JBNU\git\ConstraintsRecovery\assets\tankwar\asset11","G4","G4","TankWar_P1|TankWar_P2|TankWar_P3|TankWar_P4|TankWar_P5","TankWar_P1|TankWar_P2|TankWar_P3|TankWar_P4|TankWar_P5",false,"TankWar_P1|TankWar_P2|TankWar_P3|TankWar_P4|TankWar_P5","RESOLVED_INTERNAL"
"D31","E57","E302","FIELD_REFERENCE","IMPLEMENTATION","C:\Users\JBNU\git\ConstraintsRecovery\assets\tankwar\asset11",75,"C:\Users\JBNU\git\ConstraintsRecovery\assets\tankwar\asset27","G4","G7","TankWar_P1|TankWar_P2|TankWar_P3|TankWar_P4|TankWar_P5","TankWar_P1|TankWar_P3|TankWar_P4|TankWar_P5",true,"TankWar_P1|TankWar_P2|TankWar_P3|TankWar_P4|TankWar_P5","RESOLVED_INTERNAL"
"D32","E57","E31","FIELD_REFERENCE","IMPLEMENTATION","C:\Users\JBNU\git\ConstraintsRecovery\assets\tankwar\asset11",75,"C:\Users\JBNU\git\ConstraintsRecovery\assets\tankwar\asset11","G4","G4","TankWar_P1|TankWar_P2|TankWar_P3|TankWar_P4|TankWar_P5","TankWar_P1|TankWar_P2|TankWar_P3|TankWar_P4|TankWar_P5",false,"TankWar_P1|TankWar_P2|TankWar_P3|TankWar_P4|TankWar_P5","RESOLVED_INTERNAL"
"D33","E57","E36","FIELD_REFERENCE","IMPLEMENTATION","C:\Users\JBNU\git\ConstraintsRecovery\assets\tankwar\asset11",78,"C:\Users\JBNU\git\ConstraintsRecovery\assets\tankwar\asset11","G4","G4","TankWar_P1|TankWar_P2|TankWar_P3|TankWar_P4|TankWar_P5","TankWar_P1|TankWar_P2|TankWar_P3|TankWar_P4|TankWar_P5",false,"TankWar_P1|TankWar_P2|TankWar_P3|TankWar_P4|TankWar_P5","RESOLVED_INTERNAL"
"D34","E57","E37","FIELD_REFERENCE","IMPLEMENTATION","C:\Users\JBNU\git\ConstraintsRecovery\assets\tankwar\asset11",79,"C:\Users\JBNU\git\ConstraintsRecovery\assets\tankwar\asset11","G4","G4","TankWar_P1|TankWar_P2|TankWar_P3|TankWar_P4|TankWar_P5","TankWar_P1|TankWar_P2|TankWar_P3|TankWar_P4|TankWar_P5",false,"TankWar_P1|TankWar_P2|TankWar_P3|TankWar_P4|TankWar_P5","RESOLVED_INTERNAL"
"D35","E57","E38","FIELD_REFERENCE","IMPLEMENTATION","C:\Users\JBNU\git\ConstraintsRecovery\assets\tankwar\asset11",80,"C:\Users\JBNU\git\ConstraintsRecovery\assets\tankwar\asset11","G4","G4","TankWar_P1|TankWar_P2|TankWar_P3|TankWar_P4|TankWar_P5","TankWar_P1|TankWar_P2|TankWar_P3|TankWar_P4|TankWar_P5",false,"TankWar_P1|TankWar_P2|TankWar_P3|TankWar_P4|TankWar_P5","RESOLVED_INTERNAL"
"D36","E57","E39","FIELD_REFERENCE","IMPLEMENTATION","C:\Users\JBNU\git\ConstraintsRecovery\assets\tankwar\asset11",81,"C:\Users\JBNU\git\ConstraintsRecovery\assets\tankwar\asset11","G4","G4","TankWar_P1|TankWar_P2|TankWar_P3|TankWar_P4|TankWar_P5","TankWar_P1|TankWar_P2|TankWar_P3|TankWar_P4|TankWar_P5",false,"TankWar_P1|TankWar_P2|TankWar_P3|TankWar_P4|TankWar_P5","RESOLVED_INTERNAL"
"D37","E57","E463","CONSTRUCTOR_CALL","IMPLEMENTATION","C:\Users\JBNU\git\ConstraintsRecovery\assets\tankwar\asset11",82,"C:\Users\JBNU\git\ConstraintsRecovery\assets\tankwar\asset5","G4","G4","TankWar_P1|TankWar_P2|TankWar_P3|TankWar_P4|TankWar_P5","TankWar_P1|TankWar_P2|TankWar_P3|TankWar_P4|TankWar_P5",true,"TankWar_P1|TankWar_P2|TankWar_P3|TankWar_P4|TankWar_P5","RESOLVED_INTERNAL"
"D38","E57","E23","FIELD_REFERENCE","IMPLEMENTATION","C:\Users\JBNU\git\ConstraintsRecovery\assets\tankwar\asset11",82,"C:\Users\JBNU\git\ConstraintsRecovery\assets\tankwar\asset11","G4","G4","TankWar_P1|TankWar_P2|TankWar_P3|TankWar_P4|TankWar_P5","TankWar_P1|TankWar_P2|TankWar_P3|TankWar_P4|TankWar_P5",false,"TankWar_P1|TankWar_P2|TankWar_P3|TankWar_P4|TankWar_P5","RESOLVED_INTERNAL"
"D39","E57","E29","FIELD_REFERENCE","IMPLEMENTATION","C:\Users\JBNU\git\ConstraintsRecovery\assets\tankwar\asset11",82,"C:\Users\JBNU\git\ConstraintsRecovery\assets\tankwar\asset11","G4","G4","TankWar_P1|TankWar_P2|TankWar_P3|TankWar_P4|TankWar_P5","TankWar_P1|TankWar_P2|TankWar_P3|TankWar_P4|TankWar_P5",false,"TankWar_P1|TankWar_P2|TankWar_P3|TankWar_P4|TankWar_P5","RESOLVED_INTERNAL"
"D40","E57","E36","FIELD_REFERENCE","IMPLEMENTATION","C:\Users\JBNU\git\ConstraintsRecovery\assets\tankwar\asset11",82,"C:\Users\JBNU\git\ConstraintsRecovery\assets\tankwar\asset11","G4","G4","TankWar_P1|TankWar_P2|TankWar_P3|TankWar_P4|TankWar_P5","TankWar_P1|TankWar_P2|TankWar_P3|TankWar_P4|TankWar_P5",false,"TankWar_P1|TankWar_P2|TankWar_P3|TankWar_P4|TankWar_P5","RESOLVED_INTERNAL"
"D41","E57","E37","FIELD_REFERENCE","IMPLEMENTATION","C:\Users\JBNU\git\ConstraintsRecovery\assets\tankwar\asset11",82,"C:\Users\JBNU\git\ConstraintsRecovery\assets\tankwar\asset11","G4","G4","TankWar_P1|TankWar_P2|TankWar_P3|TankWar_P4|TankWar_P5","TankWar_P1|TankWar_P2|TankWar_P3|TankWar_P4|TankWar_P5",false,"TankWar_P1|TankWar_P2|TankWar_P3|TankWar_P4|TankWar_P5","RESOLVED_INTERNAL"
"D42","E57","E38","FIELD_REFERENCE","IMPLEMENTATION","C:\Users\JBNU\git\ConstraintsRecovery\assets\tankwar\asset11",82,"C:\Users\JBNU\git\ConstraintsRecovery\assets\tankwar\asset11","G4","G4","TankWar_P1|TankWar_P2|TankWar_P3|TankWar_P4|TankWar_P5","TankWar_P1|TankWar_P2|TankWar_P3|TankWar_P4|TankWar_P5",false,"TankWar_P1|TankWar_P2|TankWar_P3|TankWar_P4|TankWar_P5","RESOLVED_INTERNAL"
"D43","E57","E39","FIELD_REFERENCE","IMPLEMENTATION","C:\Users\JBNU\git\ConstraintsRecovery\assets\tankwar\asset11",82,"C:\Users\JBNU\git\ConstraintsRecovery\assets\tankwar\asset11","G4","G4","TankWar_P1|TankWar_P2|TankWar_P3|TankWar_P4|TankWar_P5","TankWar_P1|TankWar_P2|TankWar_P3|TankWar_P4|TankWar_P5",false,"TankWar_P1|TankWar_P2|TankWar_P3|TankWar_P4|TankWar_P5","RESOLVED_INTERNAL"
"D44","E57","E40","FIELD_REFERENCE","IMPLEMENTATION","C:\Users\JBNU\git\ConstraintsRecovery\assets\tankwar\asset11",85,"C:\Users\JBNU\git\ConstraintsRecovery\assets\tankwar\asset11","G4","G4","TankWar_P1|TankWar_P2|TankWar_P3|TankWar_P4|TankWar_P5","TankWar_P1|TankWar_P2|TankWar_P3|TankWar_P4|TankWar_P5",false,"TankWar_P1|TankWar_P2|TankWar_P3|TankWar_P4|TankWar_P5","RESOLVED_INTERNAL"
"D45","E57","E41","FIELD_REFERENCE","IMPLEMENTATION","C:\Users\JBNU\git\ConstraintsRecovery\assets\tankwar\asset11",86,"C:\Users\JBNU\git\ConstraintsRecovery\assets\tankwar\asset11","G4","G4","TankWar_P1|TankWar_P2|TankWar_P3|TankWar_P4|TankWar_P5","TankWar_P1|TankWar_P2|TankWar_P3|TankWar_P4|TankWar_P5",false,"TankWar_P1|TankWar_P2|TankWar_P3|TankWar_P4|TankWar_P5","RESOLVED_INTERNAL"
"D46","E57","E42","FIELD_REFERENCE","IMPLEMENTATION","C:\Users\JBNU\git\ConstraintsRecovery\assets\tankwar\asset11",87,"C:\Users\JBNU\git\ConstraintsRecovery\assets\tankwar\asset11","G4","G4","TankWar_P1|TankWar_P2|TankWar_P3|TankWar_P4|TankWar_P5","TankWar_P1|TankWar_P2|TankWar_P3|TankWar_P4|TankWar_P5",false,"TankWar_P1|TankWar_P2|TankWar_P3|TankWar_P4|TankWar_P5","RESOLVED_INTERNAL"
"D47","E57","E43","FIELD_REFERENCE","IMPLEMENTATION","C:\Users\JBNU\git\ConstraintsRecovery\assets\tankwar\asset11",88,"C:\Users\JBNU\git\ConstraintsRecovery\assets\tankwar\asset11","G4","G4","TankWar_P1|TankWar_P2|TankWar_P3|TankWar_P4|TankWar_P5","TankWar_P1|TankWar_P2|TankWar_P3|TankWar_P4|TankWar_P5",false,"TankWar_P1|TankWar_P2|TankWar_P3|TankWar_P4|TankWar_P5","RESOLVED_INTERNAL"
"D48","E57","E463","CONSTRUCTOR_CALL","IMPLEMENTATION","C:\Users\JBNU\git\ConstraintsRecovery\assets\tankwar\asset11",89,"C:\Users\JBNU\git\ConstraintsRecovery\assets\tankwar\asset5","G4","G4","TankWar_P1|TankWar_P2|TankWar_P3|TankWar_P4|TankWar_P5","TankWar_P1|TankWar_P2|TankWar_P3|TankWar_P4|TankWar_P5",true,"TankWar_P1|TankWar_P2|TankWar_P3|TankWar_P4|TankWar_P5","RESOLVED_INTERNAL"
"D49","E57","E24","FIELD_REFERENCE","IMPLEMENTATION","C:\Users\JBNU\git\ConstraintsRecovery\assets\tankwar\asset11",89,"C:\Users\JBNU\git\ConstraintsRecovery\assets\tankwar\asset11","G4","G4","TankWar_P1|TankWar_P2|TankWar_P3|TankWar_P4|TankWar_P5","TankWar_P1|TankWar_P2|TankWar_P3|TankWar_P4|TankWar_P5",false,"TankWar_P1|TankWar_P2|TankWar_P3|TankWar_P4|TankWar_P5","RESOLVED_INTERNAL"
"D50","E57","E29","FIELD_REFERENCE","IMPLEMENTATION","C:\Users\JBNU\git\ConstraintsRecovery\assets\tankwar\asset11",89,"C:\Users\JBNU\git\ConstraintsRecovery\assets\tankwar\asset11","G4","G4","TankWar_P1|TankWar_P2|TankWar_P3|TankWar_P4|TankWar_P5","TankWar_P1|TankWar_P2|TankWar_P3|TankWar_P4|TankWar_P5",false,"TankWar_P1|TankWar_P2|TankWar_P3|TankWar_P4|TankWar_P5","RESOLVED_INTERNAL"
"D51","E57","E40","FIELD_REFERENCE","IMPLEMENTATION","C:\Users\JBNU\git\ConstraintsRecovery\assets\tankwar\asset11",89,"C:\Users\JBNU\git\ConstraintsRecovery\assets\tankwar\asset11","G4","G4","TankWar_P1|TankWar_P2|TankWar_P3|TankWar_P4|TankWar_P5","TankWar_P1|TankWar_P2|TankWar_P3|TankWar_P4|TankWar_P5",false,"TankWar_P1|TankWar_P2|TankWar_P3|TankWar_P4|TankWar_P5","RESOLVED_INTERNAL"
"D52","E57","E41","FIELD_REFERENCE","IMPLEMENTATION","C:\Users\JBNU\git\ConstraintsRecovery\assets\tankwar\asset11",89,"C:\Users\JBNU\git\ConstraintsRecovery\assets\tankwar\asset11","G4","G4","TankWar_P1|TankWar_P2|TankWar_P3|TankWar_P4|TankWar_P5","TankWar_P1|TankWar_P2|TankWar_P3|TankWar_P4|TankWar_P5",false,"TankWar_P1|TankWar_P2|TankWar_P3|TankWar_P4|TankWar_P5","RESOLVED_INTERNAL"
"D53","E57","E42","FIELD_REFERENCE","IMPLEMENTATION","C:\Users\JBNU\git\ConstraintsRecovery\assets\tankwar\asset11",89,"C:\Users\JBNU\git\ConstraintsRecovery\assets\tankwar\asset11","G4","G4","TankWar_P1|TankWar_P2|TankWar_P3|TankWar_P4|TankWar_P5","TankWar_P1|TankWar_P2|TankWar_P3|TankWar_P4|TankWar_P5",false,"TankWar_P1|TankWar_P2|TankWar_P3|TankWar_P4|TankWar_P5","RESOLVED_INTERNAL"
"D54","E57","E43","FIELD_REFERENCE","IMPLEMENTATION","C:\Users\JBNU\git\ConstraintsRecovery\assets\tankwar\asset11",89,"C:\Users\JBNU\git\ConstraintsRecovery\assets\tankwar\asset11","G4","G4","TankWar_P1|TankWar_P2|TankWar_P3|TankWar_P4|TankWar_P5","TankWar_P1|TankWar_P2|TankWar_P3|TankWar_P4|TankWar_P5",false,"TankWar_P1|TankWar_P2|TankWar_P3|TankWar_P4|TankWar_P5","RESOLVED_INTERNAL"
"D55","E57","E44","FIELD_REFERENCE","IMPLEMENTATION","C:\Users\JBNU\git\ConstraintsRecovery\assets\tankwar\asset11",92,"C:\Users\JBNU\git\ConstraintsRecovery\assets\tankwar\asset11","G4","G4","TankWar_P1|TankWar_P2|TankWar_P3|TankWar_P4|TankWar_P5","TankWar_P1|TankWar_P2|TankWar_P3|TankWar_P4|TankWar_P5",false,"TankWar_P1|TankWar_P2|TankWar_P3|TankWar_P4|TankWar_P5","RESOLVED_INTERNAL"
"D56","E57","E45","FIELD_REFERENCE","IMPLEMENTATION","C:\Users\JBNU\git\ConstraintsRecovery\assets\tankwar\asset11",93,"C:\Users\JBNU\git\ConstraintsRecovery\assets\tankwar\asset11","G4","G4","TankWar_P1|TankWar_P2|TankWar_P3|TankWar_P4|TankWar_P5","TankWar_P1|TankWar_P2|TankWar_P3|TankWar_P4|TankWar_P5",false,"TankWar_P1|TankWar_P2|TankWar_P3|TankWar_P4|TankWar_P5","RESOLVED_INTERNAL"
"D57","E57","E46","FIELD_REFERENCE","IMPLEMENTATION","C:\Users\JBNU\git\ConstraintsRecovery\assets\tankwar\asset11",94,"C:\Users\JBNU\git\ConstraintsRecovery\assets\tankwar\asset11","G4","G4","TankWar_P1|TankWar_P2|TankWar_P3|TankWar_P4|TankWar_P5","TankWar_P1|TankWar_P2|TankWar_P3|TankWar_P4|TankWar_P5",false,"TankWar_P1|TankWar_P2|TankWar_P3|TankWar_P4|TankWar_P5","RESOLVED_INTERNAL"
"D58","E57","E47","FIELD_REFERENCE","IMPLEMENTATION","C:\Users\JBNU\git\ConstraintsRecovery\assets\tankwar\asset11",95,"C:\Users\JBNU\git\ConstraintsRecovery\assets\tankwar\asset11","G4","G4","TankWar_P1|TankWar_P2|TankWar_P3|TankWar_P4|TankWar_P5","TankWar_P1|TankWar_P2|TankWar_P3|TankWar_P4|TankWar_P5",false,"TankWar_P1|TankWar_P2|TankWar_P3|TankWar_P4|TankWar_P5","RESOLVED_INTERNAL"
"D59","E57","E463","CONSTRUCTOR_CALL","IMPLEMENTATION","C:\Users\JBNU\git\ConstraintsRecovery\assets\tankwar\asset11",96,"C:\Users\JBNU\git\ConstraintsRecovery\assets\tankwar\asset5","G4","G4","TankWar_P1|TankWar_P2|TankWar_P3|TankWar_P4|TankWar_P5","TankWar_P1|TankWar_P2|TankWar_P3|TankWar_P4|TankWar_P5",true,"TankWar_P1|TankWar_P2|TankWar_P3|TankWar_P4|TankWar_P5","RESOLVED_INTERNAL"
"D60","E57","E25","FIELD_REFERENCE","IMPLEMENTATION","C:\Users\JBNU\git\ConstraintsRecovery\assets\tankwar\asset11",96,"C:\Users\JBNU\git\ConstraintsRecovery\assets\tankwar\asset11","G4","G4","TankWar_P1|TankWar_P2|TankWar_P3|TankWar_P4|TankWar_P5","TankWar_P1|TankWar_P2|TankWar_P3|TankWar_P4|TankWar_P5",false,"TankWar_P1|TankWar_P2|TankWar_P3|TankWar_P4|TankWar_P5","RESOLVED_INTERNAL"
"D61","E57","E29","FIELD_REFERENCE","IMPLEMENTATION","C:\Users\JBNU\git\ConstraintsRecovery\assets\tankwar\asset11",96,"C:\Users\JBNU\git\ConstraintsRecovery\assets\tankwar\asset11","G4","G4","TankWar_P1|TankWar_P2|TankWar_P3|TankWar_P4|TankWar_P5","TankWar_P1|TankWar_P2|TankWar_P3|TankWar_P4|TankWar_P5",false,"TankWar_P1|TankWar_P2|TankWar_P3|TankWar_P4|TankWar_P5","RESOLVED_INTERNAL"
"D62","E57","E44","FIELD_REFERENCE","IMPLEMENTATION","C:\Users\JBNU\git\ConstraintsRecovery\assets\tankwar\asset11",96,"C:\Users\JBNU\git\ConstraintsRecovery\assets\tankwar\asset11","G4","G4","TankWar_P1|TankWar_P2|TankWar_P3|TankWar_P4|TankWar_P5","TankWar_P1|TankWar_P2|TankWar_P3|TankWar_P4|TankWar_P5",false,"TankWar_P1|TankWar_P2|TankWar_P3|TankWar_P4|TankWar_P5","RESOLVED_INTERNAL"
"D63","E57","E45","FIELD_REFERENCE","IMPLEMENTATION","C:\Users\JBNU\git\ConstraintsRecovery\assets\tankwar\asset11",96,"C:\Users\JBNU\git\ConstraintsRecovery\assets\tankwar\asset11","G4","G4","TankWar_P1|TankWar_P2|TankWar_P3|TankWar_P4|TankWar_P5","TankWar_P1|TankWar_P2|TankWar_P3|TankWar_P4|TankWar_P5",false,"TankWar_P1|TankWar_P2|TankWar_P3|TankWar_P4|TankWar_P5","RESOLVED_INTERNAL"
"D64","E57","E46","FIELD_REFERENCE","IMPLEMENTATION","C:\Users\JBNU\git\ConstraintsRecovery\assets\tankwar\asset11",96,"C:\Users\JBNU\git\ConstraintsRecovery\assets\tankwar\asset11","G4","G4","TankWar_P1|TankWar_P2|TankWar_P3|TankWar_P4|TankWar_P5","TankWar_P1|TankWar_P2|TankWar_P3|TankWar_P4|TankWar_P5",false,"TankWar_P1|TankWar_P2|TankWar_P3|TankWar_P4|TankWar_P5","RESOLVED_INTERNAL"
"D65","E57","E47","FIELD_REFERENCE","IMPLEMENTATION","C:\Users\JBNU\git\ConstraintsRecovery\assets\tankwar\asset11",96,"C:\Users\JBNU\git\ConstraintsRecovery\assets\tankwar\asset11","G4","G4","TankWar_P1|TankWar_P2|TankWar_P3|TankWar_P4|TankWar_P5","TankWar_P1|TankWar_P2|TankWar_P3|TankWar_P4|TankWar_P5",false,"TankWar_P1|TankWar_P2|TankWar_P3|TankWar_P4|TankWar_P5","RESOLVED_INTERNAL"
"D66","E57","E48","FIELD_REFERENCE","IMPLEMENTATION","C:\Users\JBNU\git\ConstraintsRecovery\assets\tankwar\asset11",99,"C:\Users\JBNU\git\ConstraintsRecovery\assets\tankwar\asset11","G4","G4","TankWar_P1|TankWar_P2|TankWar_P3|TankWar_P4|TankWar_P5","TankWar_P1|TankWar_P2|TankWar_P3|TankWar_P4|TankWar_P5",false,"TankWar_P1|TankWar_P2|TankWar_P3|TankWar_P4|TankWar_P5","RESOLVED_INTERNAL"
"D4","E57","E49","FIELD_REFERENCE","IMPLEMENTATION","C:\Users\JBNU\git\ConstraintsRecovery\assets\tankwar\asset11",100,"C:\Users\JBNU\git\ConstraintsRecovery\assets\tankwar\asset11","G4","G4","TankWar_P1|TankWar_P2|TankWar_P3|TankWar_P4|TankWar_P5","TankWar_P1|TankWar_P2|TankWar_P3|TankWar_P4|TankWar_P5",false,"TankWar_P1|TankWar_P2|TankWar_P3|TankWar_P4|TankWar_P5","RESOLVED_INTERNAL"
"D5","E57","E50","FIELD_REFERENCE","IMPLEMENTATION","C:\Users\JBNU\git\ConstraintsRecovery\assets\tankwar\asset11",101,"C:\Users\JBNU\git\ConstraintsRecovery\assets\tankwar\asset11","G4","G4","TankWar_P1|TankWar_P2|TankWar_P3|TankWar_P4|TankWar_P5","TankWar_P1|TankWar_P2|TankWar_P3|TankWar_P4|TankWar_P5",false,"TankWar_P1|TankWar_P2|TankWar_P3|TankWar_P4|TankWar_P5","RESOLVED_INTERNAL"
"D6","E57","E51","FIELD_REFERENCE","IMPLEMENTATION","C:\Users\JBNU\git\ConstraintsRecovery\assets\tankwar\asset11",102,"C:\Users\JBNU\git\ConstraintsRecovery\assets\tankwar\asset11","G4","G4","TankWar_P1|TankWar_P2|TankWar_P3|TankWar_P4|TankWar_P5","TankWar_P1|TankWar_P2|TankWar_P3|TankWar_P4|TankWar_P5",false,"TankWar_P1|TankWar_P2|TankWar_P3|TankWar_P4|TankWar_P5","RESOLVED_INTERNAL"
"D7","E57","E463","CONSTRUCTOR_CALL","IMPLEMENTATION","C:\Users\JBNU\git\ConstraintsRecovery\assets\tankwar\asset11",103,"C:\Users\JBNU\git\ConstraintsRecovery\assets\tankwar\asset5","G4","G4","TankWar_P1|TankWar_P2|TankWar_P3|TankWar_P4|TankWar_P5","TankWar_P1|TankWar_P2|TankWar_P3|TankWar_P4|TankWar_P5",true,"TankWar_P1|TankWar_P2|TankWar_P3|TankWar_P4|TankWar_P5","RESOLVED_INTERNAL"
"D8","E57","E26","FIELD_REFERENCE","IMPLEMENTATION","C:\Users\JBNU\git\ConstraintsRecovery\assets\tankwar\asset11",103,"C:\Users\JBNU\git\ConstraintsRecovery\assets\tankwar\asset11","G4","G4","TankWar_P1|TankWar_P2|TankWar_P3|TankWar_P4|TankWar_P5","TankWar_P1|TankWar_P2|TankWar_P3|TankWar_P4|TankWar_P5",false,"TankWar_P1|TankWar_P2|TankWar_P3|TankWar_P4|TankWar_P5","RESOLVED_INTERNAL"
"D9","E57","E29","FIELD_REFERENCE","IMPLEMENTATION","C:\Users\JBNU\git\ConstraintsRecovery\assets\tankwar\asset11",103,"C:\Users\JBNU\git\ConstraintsRecovery\assets\tankwar\asset11","G4","G4","TankWar_P1|TankWar_P2|TankWar_P3|TankWar_P4|TankWar_P5","TankWar_P1|TankWar_P2|TankWar_P3|TankWar_P4|TankWar_P5",false,"TankWar_P1|TankWar_P2|TankWar_P3|TankWar_P4|TankWar_P5","RESOLVED_INTERNAL"
"D10","E57","E48","FIELD_REFERENCE","IMPLEMENTATION","C:\Users\JBNU\git\ConstraintsRecovery\assets\tankwar\asset11",103,"C:\Users\JBNU\git\ConstraintsRecovery\assets\tankwar\asset11","G4","G4","TankWar_P1|TankWar_P2|TankWar_P3|TankWar_P4|TankWar_P5","TankWar_P1|TankWar_P2|TankWar_P3|TankWar_P4|TankWar_P5",false,"TankWar_P1|TankWar_P2|TankWar_P3|TankWar_P4|TankWar_P5","RESOLVED_INTERNAL"
"D11","E57","E49","FIELD_REFERENCE","IMPLEMENTATION","C:\Users\JBNU\git\ConstraintsRecovery\assets\tankwar\asset11",103,"C:\Users\JBNU\git\ConstraintsRecovery\assets\tankwar\asset11","G4","G4","TankWar_P1|TankWar_P2|TankWar_P3|TankWar_P4|TankWar_P5","TankWar_P1|TankWar_P2|TankWar_P3|TankWar_P4|TankWar_P5",false,"TankWar_P1|TankWar_P2|TankWar_P3|TankWar_P4|TankWar_P5","RESOLVED_INTERNAL"
"D12","E57","E50","FIELD_REFERENCE","IMPLEMENTATION","C:\Users\JBNU\git\ConstraintsRecovery\assets\tankwar\asset11",103,"C:\Users\JBNU\git\ConstraintsRecovery\assets\tankwar\asset11","G4","G4","TankWar_P1|TankWar_P2|TankWar_P3|TankWar_P4|TankWar_P5","TankWar_P1|TankWar_P2|TankWar_P3|TankWar_P4|TankWar_P5",false,"TankWar_P1|TankWar_P2|TankWar_P3|TankWar_P4|TankWar_P5","RESOLVED_INTERNAL"
"D13","E57","E51","FIELD_REFERENCE","IMPLEMENTATION","C:\Users\JBNU\git\ConstraintsRecovery\assets\tankwar\asset11",103,"C:\Users\JBNU\git\ConstraintsRecovery\assets\tankwar\asset11","G4","G4","TankWar_P1|TankWar_P2|TankWar_P3|TankWar_P4|TankWar_P5","TankWar_P1|TankWar_P2|TankWar_P3|TankWar_P4|TankWar_P5",false,"TankWar_P1|TankWar_P2|TankWar_P3|TankWar_P4|TankWar_P5","RESOLVED_INTERNAL"
"D14","E57","E52","FIELD_REFERENCE","IMPLEMENTATION","C:\Users\JBNU\git\ConstraintsRecovery\assets\tankwar\asset11",106,"C:\Users\JBNU\git\ConstraintsRecovery\assets\tankwar\asset11","G4","G4","TankWar_P1|TankWar_P2|TankWar_P3|TankWar_P4|TankWar_P5","TankWar_P1|TankWar_P2|TankWar_P3|TankWar_P4|TankWar_P5",false,"TankWar_P1|TankWar_P2|TankWar_P3|TankWar_P4|TankWar_P5","RESOLVED_INTERNAL"
"D15","E57","E52","FIELD_REFERENCE","IMPLEMENTATION","C:\Users\JBNU\git\ConstraintsRecovery\assets\tankwar\asset11",107,"C:\Users\JBNU\git\ConstraintsRecovery\assets\tankwar\asset11","G4","G4","TankWar_P1|TankWar_P2|TankWar_P3|TankWar_P4|TankWar_P5","TankWar_P1|TankWar_P2|TankWar_P3|TankWar_P4|TankWar_P5",false,"TankWar_P1|TankWar_P2|TankWar_P3|TankWar_P4|TankWar_P5","RESOLVED_INTERNAL"
"D16","E57","E27","FIELD_REFERENCE","IMPLEMENTATION","C:\Users\JBNU\git\ConstraintsRecovery\assets\tankwar\asset11",108,"C:\Users\JBNU\git\ConstraintsRecovery\assets\tankwar\asset11","G4","G4","TankWar_P1|TankWar_P2|TankWar_P3|TankWar_P4|TankWar_P5","TankWar_P1|TankWar_P2|TankWar_P3|TankWar_P4|TankWar_P5",false,"TankWar_P1|TankWar_P2|TankWar_P3|TankWar_P4|TankWar_P5","RESOLVED_INTERNAL"
"D17","E57","E53","FIELD_REFERENCE","IMPLEMENTATION","C:\Users\JBNU\git\ConstraintsRecovery\assets\tankwar\asset11",111,"C:\Users\JBNU\git\ConstraintsRecovery\assets\tankwar\asset11","G4","G4","TankWar_P1|TankWar_P2|TankWar_P3|TankWar_P4|TankWar_P5","TankWar_P1|TankWar_P2|TankWar_P3|TankWar_P4|TankWar_P5",false,"TankWar_P1|TankWar_P2|TankWar_P3|TankWar_P4|TankWar_P5","RESOLVED_INTERNAL"
"D18","E57","E54","FIELD_REFERENCE","IMPLEMENTATION","C:\Users\JBNU\git\ConstraintsRecovery\assets\tankwar\asset11",114,"C:\Users\JBNU\git\ConstraintsRecovery\assets\tankwar\asset11","G4","G4","TankWar_P1|TankWar_P2|TankWar_P3|TankWar_P4|TankWar_P5","TankWar_P1|TankWar_P2|TankWar_P3|TankWar_P4|TankWar_P5",false,"TankWar_P1|TankWar_P2|TankWar_P3|TankWar_P4|TankWar_P5","RESOLVED_INTERNAL"
"D19","E57","E55","FIELD_REFERENCE","IMPLEMENTATION","C:\Users\JBNU\git\ConstraintsRecovery\assets\tankwar\asset11",117,"C:\Users\JBNU\git\ConstraintsRecovery\assets\tankwar\asset11","G4","G4","TankWar_P1|TankWar_P2|TankWar_P3|TankWar_P4|TankWar_P5","TankWar_P1|TankWar_P2|TankWar_P3|TankWar_P4|TankWar_P5",false,"TankWar_P1|TankWar_P2|TankWar_P3|TankWar_P4|TankWar_P5","RESOLVED_INTERNAL"
"D20","E57","E55","FIELD_REFERENCE","IMPLEMENTATION","C:\Users\JBNU\git\ConstraintsRecovery\assets\tankwar\asset11",118,"C:\Users\JBNU\git\ConstraintsRecovery\assets\tankwar\asset11","G4","G4","TankWar_P1|TankWar_P2|TankWar_P3|TankWar_P4|TankWar_P5","TankWar_P1|TankWar_P2|TankWar_P3|TankWar_P4|TankWar_P5",false,"TankWar_P1|TankWar_P2|TankWar_P3|TankWar_P4|TankWar_P5","RESOLVED_INTERNAL"
"D21","E57","E28","FIELD_REFERENCE","IMPLEMENTATION","C:\Users\JBNU\git\ConstraintsRecovery\assets\tankwar\asset11",119,"C:\Users\JBNU\git\ConstraintsRecovery\assets\tankwar\asset11","G4","G4","TankWar_P1|TankWar_P2|TankWar_P3|TankWar_P4|TankWar_P5","TankWar_P1|TankWar_P2|TankWar_P3|TankWar_P4|TankWar_P5",false,"TankWar_P1|TankWar_P2|TankWar_P3|TankWar_P4|TankWar_P5","RESOLVED_INTERNAL"
"D22","E57","E32","FIELD_REFERENCE","IMPLEMENTATION","C:\Users\JBNU\git\ConstraintsRecovery\assets\tankwar\asset11",122,"C:\Users\JBNU\git\ConstraintsRecovery\assets\tankwar\asset11","G4","G4","TankWar_P1|TankWar_P2|TankWar_P3|TankWar_P4|TankWar_P5","TankWar_P1|TankWar_P2|TankWar_P3|TankWar_P4|TankWar_P5",false,"TankWar_P1|TankWar_P2|TankWar_P3|TankWar_P4|TankWar_P5","RESOLVED_INTERNAL"
"D23","E57","E33","FIELD_REFERENCE","IMPLEMENTATION","C:\Users\JBNU\git\ConstraintsRecovery\assets\tankwar\asset11",123,"C:\Users\JBNU\git\ConstraintsRecovery\assets\tankwar\asset11","G4","G4","TankWar_P1|TankWar_P2|TankWar_P3|TankWar_P4|TankWar_P5","TankWar_P1|TankWar_P2|TankWar_P3|TankWar_P4|TankWar_P5",false,"TankWar_P1|TankWar_P2|TankWar_P3|TankWar_P4|TankWar_P5","RESOLVED_INTERNAL"
"D24","E57","E34","FIELD_REFERENCE","IMPLEMENTATION","C:\Users\JBNU\git\ConstraintsRecovery\assets\tankwar\asset11",126,"C:\Users\JBNU\git\ConstraintsRecovery\assets\tankwar\asset11","G4","G4","TankWar_P1|TankWar_P2|TankWar_P3|TankWar_P4|TankWar_P5","TankWar_P1|TankWar_P2|TankWar_P3|TankWar_P4|TankWar_P5",false,"TankWar_P1|TankWar_P2|TankWar_P3|TankWar_P4|TankWar_P5","RESOLVED_INTERNAL"
"D25","E57","E35","FIELD_REFERENCE","IMPLEMENTATION","C:\Users\JBNU\git\ConstraintsRecovery\assets\tankwar\asset11",127,"C:\Users\JBNU\git\ConstraintsRecovery\assets\tankwar\asset11","G4","G4","TankWar_P1|TankWar_P2|TankWar_P3|TankWar_P4|TankWar_P5","TankWar_P1|TankWar_P2|TankWar_P3|TankWar_P4|TankWar_P5",false,"TankWar_P1|TankWar_P2|TankWar_P3|TankWar_P4|TankWar_P5","RESOLVED_INTERNAL"
"D141","E60","E532","EXTENDS","STRUCTURAL","C:\Users\JBNU\git\ConstraintsRecovery\assets\tankwar\asset13",31,"C:\Users\JBNU\git\ConstraintsRecovery\assets\tankwar\asset66","G17","G17","TankWar_P3","TankWar_P3",true,"TankWar_P3","RESOLVED_INTERNAL"
"D148","E61","E595","EXTENDS","STRUCTURAL","C:\Users\JBNU\git\ConstraintsRecovery\assets\tankwar\asset13",33,"C:\Users\JBNU\git\ConstraintsRecovery\assets\tankwar\asset74","G12","G12","TankWar_P2","TankWar_P2",true,"TankWar_P2","RESOLVED_INTERNAL"
"D155","E64","E62","FIELD_REFERENCE","IMPLEMENTATION","C:\Users\JBNU\git\ConstraintsRecovery\assets\tankwar\asset13",42,"C:\Users\JBNU\git\ConstraintsRecovery\assets\tankwar\asset13","G4","G4","TankWar_P1|TankWar_P2|TankWar_P3|TankWar_P4|TankWar_P5","TankWar_P1|TankWar_P2|TankWar_P3|TankWar_P4|TankWar_P5",false,"TankWar_P1|TankWar_P2|TankWar_P3|TankWar_P4|TankWar_P5","RESOLVED_INTERNAL"
"D156","E64","E64","METHOD_CALL","IMPLEMENTATION","C:\Users\JBNU\git\ConstraintsRecovery\assets\tankwar\asset13",44,"C:\Users\JBNU\git\ConstraintsRecovery\assets\tankwar\asset13","G4","G4","TankWar_P1|TankWar_P2|TankWar_P3|TankWar_P4|TankWar_P5","TankWar_P1|TankWar_P2|TankWar_P3|TankWar_P4|TankWar_P5",false,"TankWar_P1|TankWar_P2|TankWar_P3|TankWar_P4|TankWar_P5","RESOLVED_INTERNAL"
"D157","E64","E302","FIELD_REFERENCE","IMPLEMENTATION","C:\Users\JBNU\git\ConstraintsRecovery\assets\tankwar\asset13",46,"C:\Users\JBNU\git\ConstraintsRecovery\assets\tankwar\asset27","G4","G7","TankWar_P1|TankWar_P2|TankWar_P3|TankWar_P4|TankWar_P5","TankWar_P1|TankWar_P3|TankWar_P4|TankWar_P5",true,"TankWar_P1|TankWar_P2|TankWar_P3|TankWar_P4|TankWar_P5","RESOLVED_INTERNAL"
"D158","E64","E65","METHOD_CALL","IMPLEMENTATION","C:\Users\JBNU\git\ConstraintsRecovery\assets\tankwar\asset13",49,"C:\Users\JBNU\git\ConstraintsRecovery\assets\tankwar\asset13","G4","G4","TankWar_P1|TankWar_P2|TankWar_P3|TankWar_P4|TankWar_P5","TankWar_P1|TankWar_P2|TankWar_P3|TankWar_P4|TankWar_P5",false,"TankWar_P1|TankWar_P2|TankWar_P3|TankWar_P4|TankWar_P5","RESOLVED_INTERNAL"
"D159","E64","E65","METHOD_CALL","IMPLEMENTATION","C:\Users\JBNU\git\ConstraintsRecovery\assets\tankwar\asset13",52,"C:\Users\JBNU\git\ConstraintsRecovery\assets\tankwar\asset13","G4","G4","TankWar_P1|TankWar_P2|TankWar_P3|TankWar_P4|TankWar_P5","TankWar_P1|TankWar_P2|TankWar_P3|TankWar_P4|TankWar_P5",false,"TankWar_P1|TankWar_P2|TankWar_P3|TankWar_P4|TankWar_P5","RESOLVED_INTERNAL"
"D160","E64","E65","METHOD_CALL","IMPLEMENTATION","C:\Users\JBNU\git\ConstraintsRecovery\assets\tankwar\asset13",55,"C:\Users\JBNU\git\ConstraintsRecovery\assets\tankwar\asset13","G4","G4","TankWar_P1|TankWar_P2|TankWar_P3|TankWar_P4|TankWar_P5","TankWar_P1|TankWar_P2|TankWar_P3|TankWar_P4|TankWar_P5",false,"TankWar_P1|TankWar_P2|TankWar_P3|TankWar_P4|TankWar_P5","RESOLVED_INTERNAL"
"D161","E64","E65","METHOD_CALL","IMPLEMENTATION","C:\Users\JBNU\git\ConstraintsRecovery\assets\tankwar\asset13",58,"C:\Users\JBNU\git\ConstraintsRecovery\assets\tankwar\asset13","G4","G4","TankWar_P1|TankWar_P2|TankWar_P3|TankWar_P4|TankWar_P5","TankWar_P1|TankWar_P2|TankWar_P3|TankWar_P4|TankWar_P5",false,"TankWar_P1|TankWar_P2|TankWar_P3|TankWar_P4|TankWar_P5","RESOLVED_INTERNAL"
"D162","E64","E65","METHOD_CALL","IMPLEMENTATION","C:\Users\JBNU\git\ConstraintsRecovery\assets\tankwar\asset13",61,"C:\Users\JBNU\git\ConstraintsRecovery\assets\tankwar\asset13","G4","G4","TankWar_P1|TankWar_P2|TankWar_P3|TankWar_P4|TankWar_P5","TankWar_P1|TankWar_P2|TankWar_P3|TankWar_P4|TankWar_P5",false,"TankWar_P1|TankWar_P2|TankWar_P3|TankWar_P4|TankWar_P5","RESOLVED_INTERNAL"
"D163","E64","E65","METHOD_CALL","IMPLEMENTATION","C:\Users\JBNU\git\ConstraintsRecovery\assets\tankwar\asset13",64,"C:\Users\JBNU\git\ConstraintsRecovery\assets\tankwar\asset13","G4","G4","TankWar_P1|TankWar_P2|TankWar_P3|TankWar_P4|TankWar_P5","TankWar_P1|TankWar_P2|TankWar_P3|TankWar_P4|TankWar_P5",false,"TankWar_P1|TankWar_P2|TankWar_P3|TankWar_P4|TankWar_P5","RESOLVED_INTERNAL"
"D164","E64","E65","METHOD_CALL","IMPLEMENTATION","C:\Users\JBNU\git\ConstraintsRecovery\assets\tankwar\asset13",67,"C:\Users\JBNU\git\ConstraintsRecovery\assets\tankwar\asset13","G4","G4","TankWar_P1|TankWar_P2|TankWar_P3|TankWar_P4|TankWar_P5","TankWar_P1|TankWar_P2|TankWar_P3|TankWar_P4|TankWar_P5",false,"TankWar_P1|TankWar_P2|TankWar_P3|TankWar_P4|TankWar_P5","RESOLVED_INTERNAL"
"D165","E64","E65","METHOD_CALL","IMPLEMENTATION","C:\Users\JBNU\git\ConstraintsRecovery\assets\tankwar\asset13",70,"C:\Users\JBNU\git\ConstraintsRecovery\assets\tankwar\asset13","G4","G4","TankWar_P1|TankWar_P2|TankWar_P3|TankWar_P4|TankWar_P5","TankWar_P1|TankWar_P2|TankWar_P3|TankWar_P4|TankWar_P5",false,"TankWar_P1|TankWar_P2|TankWar_P3|TankWar_P4|TankWar_P5","RESOLVED_INTERNAL"
"D166","E64","E65","METHOD_CALL","IMPLEMENTATION","C:\Users\JBNU\git\ConstraintsRecovery\assets\tankwar\asset13",73,"C:\Users\JBNU\git\ConstraintsRecovery\assets\tankwar\asset13","G4","G4","TankWar_P1|TankWar_P2|TankWar_P3|TankWar_P4|TankWar_P5","TankWar_P1|TankWar_P2|TankWar_P3|TankWar_P4|TankWar_P5",false,"TankWar_P1|TankWar_P2|TankWar_P3|TankWar_P4|TankWar_P5","RESOLVED_INTERNAL"
"D167","E64","E65","METHOD_CALL","IMPLEMENTATION","C:\Users\JBNU\git\ConstraintsRecovery\assets\tankwar\asset13",76,"C:\Users\JBNU\git\ConstraintsRecovery\assets\tankwar\asset13","G4","G4","TankWar_P1|TankWar_P2|TankWar_P3|TankWar_P4|TankWar_P5","TankWar_P1|TankWar_P2|TankWar_P3|TankWar_P4|TankWar_P5",false,"TankWar_P1|TankWar_P2|TankWar_P3|TankWar_P4|TankWar_P5","RESOLVED_INTERNAL"
"D168","E64","E65","METHOD_CALL","IMPLEMENTATION","C:\Users\JBNU\git\ConstraintsRecovery\assets\tankwar\asset13",79,"C:\Users\JBNU\git\ConstraintsRecovery\assets\tankwar\asset13","G4","G4","TankWar_P1|TankWar_P2|TankWar_P3|TankWar_P4|TankWar_P5","TankWar_P1|TankWar_P2|TankWar_P3|TankWar_P4|TankWar_P5",false,"TankWar_P1|TankWar_P2|TankWar_P3|TankWar_P4|TankWar_P5","RESOLVED_INTERNAL"
"D169","E64","E65","METHOD_CALL","IMPLEMENTATION","C:\Users\JBNU\git\ConstraintsRecovery\assets\tankwar\asset13",82,"C:\Users\JBNU\git\ConstraintsRecovery\assets\tankwar\asset13","G4","G4","TankWar_P1|TankWar_P2|TankWar_P3|TankWar_P4|TankWar_P5","TankWar_P1|TankWar_P2|TankWar_P3|TankWar_P4|TankWar_P5",false,"TankWar_P1|TankWar_P2|TankWar_P3|TankWar_P4|TankWar_P5","RESOLVED_INTERNAL"
"D170","E64","E65","METHOD_CALL","IMPLEMENTATION","C:\Users\JBNU\git\ConstraintsRecovery\assets\tankwar\asset13",85,"C:\Users\JBNU\git\ConstraintsRecovery\assets\tankwar\asset13","G4","G4","TankWar_P1|TankWar_P2|TankWar_P3|TankWar_P4|TankWar_P5","TankWar_P1|TankWar_P2|TankWar_P3|TankWar_P4|TankWar_P5",false,"TankWar_P1|TankWar_P2|TankWar_P3|TankWar_P4|TankWar_P5","RESOLVED_INTERNAL"
"D171","E64","E65","METHOD_CALL","IMPLEMENTATION","C:\Users\JBNU\git\ConstraintsRecovery\assets\tankwar\asset13",88,"C:\Users\JBNU\git\ConstraintsRecovery\assets\tankwar\asset13","G4","G4","TankWar_P1|TankWar_P2|TankWar_P3|TankWar_P4|TankWar_P5","TankWar_P1|TankWar_P2|TankWar_P3|TankWar_P4|TankWar_P5",false,"TankWar_P1|TankWar_P2|TankWar_P3|TankWar_P4|TankWar_P5","RESOLVED_INTERNAL"
"D172","E64","E65","METHOD_CALL","IMPLEMENTATION","C:\Users\JBNU\git\ConstraintsRecovery\assets\tankwar\asset13",91,"C:\Users\JBNU\git\ConstraintsRecovery\assets\tankwar\asset13","G4","G4","TankWar_P1|TankWar_P2|TankWar_P3|TankWar_P4|TankWar_P5","TankWar_P1|TankWar_P2|TankWar_P3|TankWar_P4|TankWar_P5",false,"TankWar_P1|TankWar_P2|TankWar_P3|TankWar_P4|TankWar_P5","RESOLVED_INTERNAL"
"D173","E64","E65","METHOD_CALL","IMPLEMENTATION","C:\Users\JBNU\git\ConstraintsRecovery\assets\tankwar\asset13",94,"C:\Users\JBNU\git\ConstraintsRecovery\assets\tankwar\asset13","G4","G4","TankWar_P1|TankWar_P2|TankWar_P3|TankWar_P4|TankWar_P5","TankWar_P1|TankWar_P2|TankWar_P3|TankWar_P4|TankWar_P5",false,"TankWar_P1|TankWar_P2|TankWar_P3|TankWar_P4|TankWar_P5","RESOLVED_INTERNAL"
"D174","E64","E65","METHOD_CALL","IMPLEMENTATION","C:\Users\JBNU\git\ConstraintsRecovery\assets\tankwar\asset13",97,"C:\Users\JBNU\git\ConstraintsRecovery\assets\tankwar\asset13","G4","G4","TankWar_P1|TankWar_P2|TankWar_P3|TankWar_P4|TankWar_P5","TankWar_P1|TankWar_P2|TankWar_P3|TankWar_P4|TankWar_P5",false,"TankWar_P1|TankWar_P2|TankWar_P3|TankWar_P4|TankWar_P5","RESOLVED_INTERNAL"
"D67","E64","E65","METHOD_CALL","IMPLEMENTATION","C:\Users\JBNU\git\ConstraintsRecovery\assets\tankwar\asset13",100,"C:\Users\JBNU\git\ConstraintsRecovery\assets\tankwar\asset13","G4","G4","TankWar_P1|TankWar_P2|TankWar_P3|TankWar_P4|TankWar_P5","TankWar_P1|TankWar_P2|TankWar_P3|TankWar_P4|TankWar_P5",false,"TankWar_P1|TankWar_P2|TankWar_P3|TankWar_P4|TankWar_P5","RESOLVED_INTERNAL"
"D68","E64","E65","METHOD_CALL","IMPLEMENTATION","C:\Users\JBNU\git\ConstraintsRecovery\assets\tankwar\asset13",103,"C:\Users\JBNU\git\ConstraintsRecovery\assets\tankwar\asset13","G4","G4","TankWar_P1|TankWar_P2|TankWar_P3|TankWar_P4|TankWar_P5","TankWar_P1|TankWar_P2|TankWar_P3|TankWar_P4|TankWar_P5",false,"TankWar_P1|TankWar_P2|TankWar_P3|TankWar_P4|TankWar_P5","RESOLVED_INTERNAL"
"D69","E64","E65","METHOD_CALL","IMPLEMENTATION","C:\Users\JBNU\git\ConstraintsRecovery\assets\tankwar\asset13",106,"C:\Users\JBNU\git\ConstraintsRecovery\assets\tankwar\asset13","G4","G4","TankWar_P1|TankWar_P2|TankWar_P3|TankWar_P4|TankWar_P5","TankWar_P1|TankWar_P2|TankWar_P3|TankWar_P4|TankWar_P5",false,"TankWar_P1|TankWar_P2|TankWar_P3|TankWar_P4|TankWar_P5","RESOLVED_INTERNAL"
"D70","E64","E65","METHOD_CALL","IMPLEMENTATION","C:\Users\JBNU\git\ConstraintsRecovery\assets\tankwar\asset13",109,"C:\Users\JBNU\git\ConstraintsRecovery\assets\tankwar\asset13","G4","G4","TankWar_P1|TankWar_P2|TankWar_P3|TankWar_P4|TankWar_P5","TankWar_P1|TankWar_P2|TankWar_P3|TankWar_P4|TankWar_P5",false,"TankWar_P1|TankWar_P2|TankWar_P3|TankWar_P4|TankWar_P5","RESOLVED_INTERNAL"
"D71","E64","E65","METHOD_CALL","IMPLEMENTATION","C:\Users\JBNU\git\ConstraintsRecovery\assets\tankwar\asset13",112,"C:\Users\JBNU\git\ConstraintsRecovery\assets\tankwar\asset13","G4","G4","TankWar_P1|TankWar_P2|TankWar_P3|TankWar_P4|TankWar_P5","TankWar_P1|TankWar_P2|TankWar_P3|TankWar_P4|TankWar_P5",false,"TankWar_P1|TankWar_P2|TankWar_P3|TankWar_P4|TankWar_P5","RESOLVED_INTERNAL"
"D72","E64","E65","METHOD_CALL","IMPLEMENTATION","C:\Users\JBNU\git\ConstraintsRecovery\assets\tankwar\asset13",115,"C:\Users\JBNU\git\ConstraintsRecovery\assets\tankwar\asset13","G4","G4","TankWar_P1|TankWar_P2|TankWar_P3|TankWar_P4|TankWar_P5","TankWar_P1|TankWar_P2|TankWar_P3|TankWar_P4|TankWar_P5",false,"TankWar_P1|TankWar_P2|TankWar_P3|TankWar_P4|TankWar_P5","RESOLVED_INTERNAL"
"D73","E64","E65","METHOD_CALL","IMPLEMENTATION","C:\Users\JBNU\git\ConstraintsRecovery\assets\tankwar\asset13",118,"C:\Users\JBNU\git\ConstraintsRecovery\assets\tankwar\asset13","G4","G4","TankWar_P1|TankWar_P2|TankWar_P3|TankWar_P4|TankWar_P5","TankWar_P1|TankWar_P2|TankWar_P3|TankWar_P4|TankWar_P5",false,"TankWar_P1|TankWar_P2|TankWar_P3|TankWar_P4|TankWar_P5","RESOLVED_INTERNAL"
"D74","E64","E65","METHOD_CALL","IMPLEMENTATION","C:\Users\JBNU\git\ConstraintsRecovery\assets\tankwar\asset13",121,"C:\Users\JBNU\git\ConstraintsRecovery\assets\tankwar\asset13","G4","G4","TankWar_P1|TankWar_P2|TankWar_P3|TankWar_P4|TankWar_P5","TankWar_P1|TankWar_P2|TankWar_P3|TankWar_P4|TankWar_P5",false,"TankWar_P1|TankWar_P2|TankWar_P3|TankWar_P4|TankWar_P5","RESOLVED_INTERNAL"
"D75","E64","E65","METHOD_CALL","IMPLEMENTATION","C:\Users\JBNU\git\ConstraintsRecovery\assets\tankwar\asset13",124,"C:\Users\JBNU\git\ConstraintsRecovery\assets\tankwar\asset13","G4","G4","TankWar_P1|TankWar_P2|TankWar_P3|TankWar_P4|TankWar_P5","TankWar_P1|TankWar_P2|TankWar_P3|TankWar_P4|TankWar_P5",false,"TankWar_P1|TankWar_P2|TankWar_P3|TankWar_P4|TankWar_P5","RESOLVED_INTERNAL"
"D76","E64","E65","METHOD_CALL","IMPLEMENTATION","C:\Users\JBNU\git\ConstraintsRecovery\assets\tankwar\asset13",127,"C:\Users\JBNU\git\ConstraintsRecovery\assets\tankwar\asset13","G4","G4","TankWar_P1|TankWar_P2|TankWar_P3|TankWar_P4|TankWar_P5","TankWar_P1|TankWar_P2|TankWar_P3|TankWar_P4|TankWar_P5",false,"TankWar_P1|TankWar_P2|TankWar_P3|TankWar_P4|TankWar_P5","RESOLVED_INTERNAL"
"D77","E64","E65","METHOD_CALL","IMPLEMENTATION","C:\Users\JBNU\git\ConstraintsRecovery\assets\tankwar\asset13",130,"C:\Users\JBNU\git\ConstraintsRecovery\assets\tankwar\asset13","G4","G4","TankWar_P1|TankWar_P2|TankWar_P3|TankWar_P4|TankWar_P5","TankWar_P1|TankWar_P2|TankWar_P3|TankWar_P4|TankWar_P5",false,"TankWar_P1|TankWar_P2|TankWar_P3|TankWar_P4|TankWar_P5","RESOLVED_INTERNAL"
"D78","E64","E65","METHOD_CALL","IMPLEMENTATION","C:\Users\JBNU\git\ConstraintsRecovery\assets\tankwar\asset13",133,"C:\Users\JBNU\git\ConstraintsRecovery\assets\tankwar\asset13","G4","G4","TankWar_P1|TankWar_P2|TankWar_P3|TankWar_P4|TankWar_P5","TankWar_P1|TankWar_P2|TankWar_P3|TankWar_P4|TankWar_P5",false,"TankWar_P1|TankWar_P2|TankWar_P3|TankWar_P4|TankWar_P5","RESOLVED_INTERNAL"
"D79","E64","E65","METHOD_CALL","IMPLEMENTATION","C:\Users\JBNU\git\ConstraintsRecovery\assets\tankwar\asset13",136,"C:\Users\JBNU\git\ConstraintsRecovery\assets\tankwar\asset13","G4","G4","TankWar_P1|TankWar_P2|TankWar_P3|TankWar_P4|TankWar_P5","TankWar_P1|TankWar_P2|TankWar_P3|TankWar_P4|TankWar_P5",false,"TankWar_P1|TankWar_P2|TankWar_P3|TankWar_P4|TankWar_P5","RESOLVED_INTERNAL"
"D80","E64","E65","METHOD_CALL","IMPLEMENTATION","C:\Users\JBNU\git\ConstraintsRecovery\assets\tankwar\asset13",139,"C:\Users\JBNU\git\ConstraintsRecovery\assets\tankwar\asset13","G4","G4","TankWar_P1|TankWar_P2|TankWar_P3|TankWar_P4|TankWar_P5","TankWar_P1|TankWar_P2|TankWar_P3|TankWar_P4|TankWar_P5",false,"TankWar_P1|TankWar_P2|TankWar_P3|TankWar_P4|TankWar_P5","RESOLVED_INTERNAL"
"D81","E64","E65","METHOD_CALL","IMPLEMENTATION","C:\Users\JBNU\git\ConstraintsRecovery\assets\tankwar\asset13",142,"C:\Users\JBNU\git\ConstraintsRecovery\assets\tankwar\asset13","G4","G4","TankWar_P1|TankWar_P2|TankWar_P3|TankWar_P4|TankWar_P5","TankWar_P1|TankWar_P2|TankWar_P3|TankWar_P4|TankWar_P5",false,"TankWar_P1|TankWar_P2|TankWar_P3|TankWar_P4|TankWar_P5","RESOLVED_INTERNAL"
"D82","E64","E65","METHOD_CALL","IMPLEMENTATION","C:\Users\JBNU\git\ConstraintsRecovery\assets\tankwar\asset13",145,"C:\Users\JBNU\git\ConstraintsRecovery\assets\tankwar\asset13","G4","G4","TankWar_P1|TankWar_P2|TankWar_P3|TankWar_P4|TankWar_P5","TankWar_P1|TankWar_P2|TankWar_P3|TankWar_P4|TankWar_P5",false,"TankWar_P1|TankWar_P2|TankWar_P3|TankWar_P4|TankWar_P5","RESOLVED_INTERNAL"
"D83","E64","E65","METHOD_CALL","IMPLEMENTATION","C:\Users\JBNU\git\ConstraintsRecovery\assets\tankwar\asset13",148,"C:\Users\JBNU\git\ConstraintsRecovery\assets\tankwar\asset13","G4","G4","TankWar_P1|TankWar_P2|TankWar_P3|TankWar_P4|TankWar_P5","TankWar_P1|TankWar_P2|TankWar_P3|TankWar_P4|TankWar_P5",false,"TankWar_P1|TankWar_P2|TankWar_P3|TankWar_P4|TankWar_P5","RESOLVED_INTERNAL"
"D84","E64","E65","METHOD_CALL","IMPLEMENTATION","C:\Users\JBNU\git\ConstraintsRecovery\assets\tankwar\asset13",151,"C:\Users\JBNU\git\ConstraintsRecovery\assets\tankwar\asset13","G4","G4","TankWar_P1|TankWar_P2|TankWar_P3|TankWar_P4|TankWar_P5","TankWar_P1|TankWar_P2|TankWar_P3|TankWar_P4|TankWar_P5",false,"TankWar_P1|TankWar_P2|TankWar_P3|TankWar_P4|TankWar_P5","RESOLVED_INTERNAL"
"D85","E64","E65","METHOD_CALL","IMPLEMENTATION","C:\Users\JBNU\git\ConstraintsRecovery\assets\tankwar\asset13",154,"C:\Users\JBNU\git\ConstraintsRecovery\assets\tankwar\asset13","G4","G4","TankWar_P1|TankWar_P2|TankWar_P3|TankWar_P4|TankWar_P5","TankWar_P1|TankWar_P2|TankWar_P3|TankWar_P4|TankWar_P5",false,"TankWar_P1|TankWar_P2|TankWar_P3|TankWar_P4|TankWar_P5","RESOLVED_INTERNAL"
"D86","E64","E65","METHOD_CALL","IMPLEMENTATION","C:\Users\JBNU\git\ConstraintsRecovery\assets\tankwar\asset13",157,"C:\Users\JBNU\git\ConstraintsRecovery\assets\tankwar\asset13","G4","G4","TankWar_P1|TankWar_P2|TankWar_P3|TankWar_P4|TankWar_P5","TankWar_P1|TankWar_P2|TankWar_P3|TankWar_P4|TankWar_P5",false,"TankWar_P1|TankWar_P2|TankWar_P3|TankWar_P4|TankWar_P5","RESOLVED_INTERNAL"
"D87","E64","E65","METHOD_CALL","IMPLEMENTATION","C:\Users\JBNU\git\ConstraintsRecovery\assets\tankwar\asset13",160,"C:\Users\JBNU\git\ConstraintsRecovery\assets\tankwar\asset13","G4","G4","TankWar_P1|TankWar_P2|TankWar_P3|TankWar_P4|TankWar_P5","TankWar_P1|TankWar_P2|TankWar_P3|TankWar_P4|TankWar_P5",false,"TankWar_P1|TankWar_P2|TankWar_P3|TankWar_P4|TankWar_P5","RESOLVED_INTERNAL"
"D88","E64","E65","METHOD_CALL","IMPLEMENTATION","C:\Users\JBNU\git\ConstraintsRecovery\assets\tankwar\asset13",163,"C:\Users\JBNU\git\ConstraintsRecovery\assets\tankwar\asset13","G4","G4","TankWar_P1|TankWar_P2|TankWar_P3|TankWar_P4|TankWar_P5","TankWar_P1|TankWar_P2|TankWar_P3|TankWar_P4|TankWar_P5",false,"TankWar_P1|TankWar_P2|TankWar_P3|TankWar_P4|TankWar_P5","RESOLVED_INTERNAL"
"D89","E64","E65","METHOD_CALL","IMPLEMENTATION","C:\Users\JBNU\git\ConstraintsRecovery\assets\tankwar\asset13",166,"C:\Users\JBNU\git\ConstraintsRecovery\assets\tankwar\asset13","G4","G4","TankWar_P1|TankWar_P2|TankWar_P3|TankWar_P4|TankWar_P5","TankWar_P1|TankWar_P2|TankWar_P3|TankWar_P4|TankWar_P5",false,"TankWar_P1|TankWar_P2|TankWar_P3|TankWar_P4|TankWar_P5","RESOLVED_INTERNAL"
"D90","E64","E65","METHOD_CALL","IMPLEMENTATION","C:\Users\JBNU\git\ConstraintsRecovery\assets\tankwar\asset13",169,"C:\Users\JBNU\git\ConstraintsRecovery\assets\tankwar\asset13","G4","G4","TankWar_P1|TankWar_P2|TankWar_P3|TankWar_P4|TankWar_P5","TankWar_P1|TankWar_P2|TankWar_P3|TankWar_P4|TankWar_P5",false,"TankWar_P1|TankWar_P2|TankWar_P3|TankWar_P4|TankWar_P5","RESOLVED_INTERNAL"
"D91","E64","E65","METHOD_CALL","IMPLEMENTATION","C:\Users\JBNU\git\ConstraintsRecovery\assets\tankwar\asset13",172,"C:\Users\JBNU\git\ConstraintsRecovery\assets\tankwar\asset13","G4","G4","TankWar_P1|TankWar_P2|TankWar_P3|TankWar_P4|TankWar_P5","TankWar_P1|TankWar_P2|TankWar_P3|TankWar_P4|TankWar_P5",false,"TankWar_P1|TankWar_P2|TankWar_P3|TankWar_P4|TankWar_P5","RESOLVED_INTERNAL"
"D92","E64","E65","METHOD_CALL","IMPLEMENTATION","C:\Users\JBNU\git\ConstraintsRecovery\assets\tankwar\asset13",175,"C:\Users\JBNU\git\ConstraintsRecovery\assets\tankwar\asset13","G4","G4","TankWar_P1|TankWar_P2|TankWar_P3|TankWar_P4|TankWar_P5","TankWar_P1|TankWar_P2|TankWar_P3|TankWar_P4|TankWar_P5",false,"TankWar_P1|TankWar_P2|TankWar_P3|TankWar_P4|TankWar_P5","RESOLVED_INTERNAL"
"D93","E64","E65","METHOD_CALL","IMPLEMENTATION","C:\Users\JBNU\git\ConstraintsRecovery\assets\tankwar\asset13",178,"C:\Users\JBNU\git\ConstraintsRecovery\assets\tankwar\asset13","G4","G4","TankWar_P1|TankWar_P2|TankWar_P3|TankWar_P4|TankWar_P5","TankWar_P1|TankWar_P2|TankWar_P3|TankWar_P4|TankWar_P5",false,"TankWar_P1|TankWar_P2|TankWar_P3|TankWar_P4|TankWar_P5","RESOLVED_INTERNAL"
"D94","E64","E65","METHOD_CALL","IMPLEMENTATION","C:\Users\JBNU\git\ConstraintsRecovery\assets\tankwar\asset13",181,"C:\Users\JBNU\git\ConstraintsRecovery\assets\tankwar\asset13","G4","G4","TankWar_P1|TankWar_P2|TankWar_P3|TankWar_P4|TankWar_P5","TankWar_P1|TankWar_P2|TankWar_P3|TankWar_P4|TankWar_P5",false,"TankWar_P1|TankWar_P2|TankWar_P3|TankWar_P4|TankWar_P5","RESOLVED_INTERNAL"
"D95","E64","E65","METHOD_CALL","IMPLEMENTATION","C:\Users\JBNU\git\ConstraintsRecovery\assets\tankwar\asset13",184,"C:\Users\JBNU\git\ConstraintsRecovery\assets\tankwar\asset13","G4","G4","TankWar_P1|TankWar_P2|TankWar_P3|TankWar_P4|TankWar_P5","TankWar_P1|TankWar_P2|TankWar_P3|TankWar_P4|TankWar_P5",false,"TankWar_P1|TankWar_P2|TankWar_P3|TankWar_P4|TankWar_P5","RESOLVED_INTERNAL"
"D96","E64","E65","METHOD_CALL","IMPLEMENTATION","C:\Users\JBNU\git\ConstraintsRecovery\assets\tankwar\asset13",187,"C:\Users\JBNU\git\ConstraintsRecovery\assets\tankwar\asset13","G4","G4","TankWar_P1|TankWar_P2|TankWar_P3|TankWar_P4|TankWar_P5","TankWar_P1|TankWar_P2|TankWar_P3|TankWar_P4|TankWar_P5",false,"TankWar_P1|TankWar_P2|TankWar_P3|TankWar_P4|TankWar_P5","RESOLVED_INTERNAL"
"D97","E64","E65","METHOD_CALL","IMPLEMENTATION","C:\Users\JBNU\git\ConstraintsRecovery\assets\tankwar\asset13",190,"C:\Users\JBNU\git\ConstraintsRecovery\assets\tankwar\asset13","G4","G4","TankWar_P1|TankWar_P2|TankWar_P3|TankWar_P4|TankWar_P5","TankWar_P1|TankWar_P2|TankWar_P3|TankWar_P4|TankWar_P5",false,"TankWar_P1|TankWar_P2|TankWar_P3|TankWar_P4|TankWar_P5","RESOLVED_INTERNAL"
"D98","E64","E65","METHOD_CALL","IMPLEMENTATION","C:\Users\JBNU\git\ConstraintsRecovery\assets\tankwar\asset13",193,"C:\Users\JBNU\git\ConstraintsRecovery\assets\tankwar\asset13","G4","G4","TankWar_P1|TankWar_P2|TankWar_P3|TankWar_P4|TankWar_P5","TankWar_P1|TankWar_P2|TankWar_P3|TankWar_P4|TankWar_P5",false,"TankWar_P1|TankWar_P2|TankWar_P3|TankWar_P4|TankWar_P5","RESOLVED_INTERNAL"
"D99","E64","E65","METHOD_CALL","IMPLEMENTATION","C:\Users\JBNU\git\ConstraintsRecovery\assets\tankwar\asset13",196,"C:\Users\JBNU\git\ConstraintsRecovery\assets\tankwar\asset13","G4","G4","TankWar_P1|TankWar_P2|TankWar_P3|TankWar_P4|TankWar_P5","TankWar_P1|TankWar_P2|TankWar_P3|TankWar_P4|TankWar_P5",false,"TankWar_P1|TankWar_P2|TankWar_P3|TankWar_P4|TankWar_P5","RESOLVED_INTERNAL"
"D100","E64","E65","METHOD_CALL","IMPLEMENTATION","C:\Users\JBNU\git\ConstraintsRecovery\assets\tankwar\asset13",199,"C:\Users\JBNU\git\ConstraintsRecovery\assets\tankwar\asset13","G4","G4","TankWar_P1|TankWar_P2|TankWar_P3|TankWar_P4|TankWar_P5","TankWar_P1|TankWar_P2|TankWar_P3|TankWar_P4|TankWar_P5",false,"TankWar_P1|TankWar_P2|TankWar_P3|TankWar_P4|TankWar_P5","RESOLVED_INTERNAL"
"D101","E64","E65","METHOD_CALL","IMPLEMENTATION","C:\Users\JBNU\git\ConstraintsRecovery\assets\tankwar\asset13",202,"C:\Users\JBNU\git\ConstraintsRecovery\assets\tankwar\asset13","G4","G4","TankWar_P1|TankWar_P2|TankWar_P3|TankWar_P4|TankWar_P5","TankWar_P1|TankWar_P2|TankWar_P3|TankWar_P4|TankWar_P5",false,"TankWar_P1|TankWar_P2|TankWar_P3|TankWar_P4|TankWar_P5","RESOLVED_INTERNAL"
"D102","E64","E65","METHOD_CALL","IMPLEMENTATION","C:\Users\JBNU\git\ConstraintsRecovery\assets\tankwar\asset13",205,"C:\Users\JBNU\git\ConstraintsRecovery\assets\tankwar\asset13","G4","G4","TankWar_P1|TankWar_P2|TankWar_P3|TankWar_P4|TankWar_P5","TankWar_P1|TankWar_P2|TankWar_P3|TankWar_P4|TankWar_P5",false,"TankWar_P1|TankWar_P2|TankWar_P3|TankWar_P4|TankWar_P5","RESOLVED_INTERNAL"
"D103","E64","E65","METHOD_CALL","IMPLEMENTATION","C:\Users\JBNU\git\ConstraintsRecovery\assets\tankwar\asset13",208,"C:\Users\JBNU\git\ConstraintsRecovery\assets\tankwar\asset13","G4","G4","TankWar_P1|TankWar_P2|TankWar_P3|TankWar_P4|TankWar_P5","TankWar_P1|TankWar_P2|TankWar_P3|TankWar_P4|TankWar_P5",false,"TankWar_P1|TankWar_P2|TankWar_P3|TankWar_P4|TankWar_P5","RESOLVED_INTERNAL"
"D104","E64","E65","METHOD_CALL","IMPLEMENTATION","C:\Users\JBNU\git\ConstraintsRecovery\assets\tankwar\asset13",211,"C:\Users\JBNU\git\ConstraintsRecovery\assets\tankwar\asset13","G4","G4","TankWar_P1|TankWar_P2|TankWar_P3|TankWar_P4|TankWar_P5","TankWar_P1|TankWar_P2|TankWar_P3|TankWar_P4|TankWar_P5",false,"TankWar_P1|TankWar_P2|TankWar_P3|TankWar_P4|TankWar_P5","RESOLVED_INTERNAL"
"D105","E64","E65","METHOD_CALL","IMPLEMENTATION","C:\Users\JBNU\git\ConstraintsRecovery\assets\tankwar\asset13",214,"C:\Users\JBNU\git\ConstraintsRecovery\assets\tankwar\asset13","G4","G4","TankWar_P1|TankWar_P2|TankWar_P3|TankWar_P4|TankWar_P5","TankWar_P1|TankWar_P2|TankWar_P3|TankWar_P4|TankWar_P5",false,"TankWar_P1|TankWar_P2|TankWar_P3|TankWar_P4|TankWar_P5","RESOLVED_INTERNAL"
"D106","E64","E65","METHOD_CALL","IMPLEMENTATION","C:\Users\JBNU\git\ConstraintsRecovery\assets\tankwar\asset13",217,"C:\Users\JBNU\git\ConstraintsRecovery\assets\tankwar\asset13","G4","G4","TankWar_P1|TankWar_P2|TankWar_P3|TankWar_P4|TankWar_P5","TankWar_P1|TankWar_P2|TankWar_P3|TankWar_P4|TankWar_P5",false,"TankWar_P1|TankWar_P2|TankWar_P3|TankWar_P4|TankWar_P5","RESOLVED_INTERNAL"
"D107","E64","E65","METHOD_CALL","IMPLEMENTATION","C:\Users\JBNU\git\ConstraintsRecovery\assets\tankwar\asset13",220,"C:\Users\JBNU\git\ConstraintsRecovery\assets\tankwar\asset13","G4","G4","TankWar_P1|TankWar_P2|TankWar_P3|TankWar_P4|TankWar_P5","TankWar_P1|TankWar_P2|TankWar_P3|TankWar_P4|TankWar_P5",false,"TankWar_P1|TankWar_P2|TankWar_P3|TankWar_P4|TankWar_P5","RESOLVED_INTERNAL"
"D108","E64","E65","METHOD_CALL","IMPLEMENTATION","C:\Users\JBNU\git\ConstraintsRecovery\assets\tankwar\asset13",223,"C:\Users\JBNU\git\ConstraintsRecovery\assets\tankwar\asset13","G4","G4","TankWar_P1|TankWar_P2|TankWar_P3|TankWar_P4|TankWar_P5","TankWar_P1|TankWar_P2|TankWar_P3|TankWar_P4|TankWar_P5",false,"TankWar_P1|TankWar_P2|TankWar_P3|TankWar_P4|TankWar_P5","RESOLVED_INTERNAL"
"D109","E64","E65","METHOD_CALL","IMPLEMENTATION","C:\Users\JBNU\git\ConstraintsRecovery\assets\tankwar\asset13",226,"C:\Users\JBNU\git\ConstraintsRecovery\assets\tankwar\asset13","G4","G4","TankWar_P1|TankWar_P2|TankWar_P3|TankWar_P4|TankWar_P5","TankWar_P1|TankWar_P2|TankWar_P3|TankWar_P4|TankWar_P5",false,"TankWar_P1|TankWar_P2|TankWar_P3|TankWar_P4|TankWar_P5","RESOLVED_INTERNAL"
"D110","E64","E65","METHOD_CALL","IMPLEMENTATION","C:\Users\JBNU\git\ConstraintsRecovery\assets\tankwar\asset13",229,"C:\Users\JBNU\git\ConstraintsRecovery\assets\tankwar\asset13","G4","G4","TankWar_P1|TankWar_P2|TankWar_P3|TankWar_P4|TankWar_P5","TankWar_P1|TankWar_P2|TankWar_P3|TankWar_P4|TankWar_P5",false,"TankWar_P1|TankWar_P2|TankWar_P3|TankWar_P4|TankWar_P5","RESOLVED_INTERNAL"
"D111","E64","E65","METHOD_CALL","IMPLEMENTATION","C:\Users\JBNU\git\ConstraintsRecovery\assets\tankwar\asset13",232,"C:\Users\JBNU\git\ConstraintsRecovery\assets\tankwar\asset13","G4","G4","TankWar_P1|TankWar_P2|TankWar_P3|TankWar_P4|TankWar_P5","TankWar_P1|TankWar_P2|TankWar_P3|TankWar_P4|TankWar_P5",false,"TankWar_P1|TankWar_P2|TankWar_P3|TankWar_P4|TankWar_P5","RESOLVED_INTERNAL"
"D112","E64","E65","METHOD_CALL","IMPLEMENTATION","C:\Users\JBNU\git\ConstraintsRecovery\assets\tankwar\asset13",235,"C:\Users\JBNU\git\ConstraintsRecovery\assets\tankwar\asset13","G4","G4","TankWar_P1|TankWar_P2|TankWar_P3|TankWar_P4|TankWar_P5","TankWar_P1|TankWar_P2|TankWar_P3|TankWar_P4|TankWar_P5",false,"TankWar_P1|TankWar_P2|TankWar_P3|TankWar_P4|TankWar_P5","RESOLVED_INTERNAL"
"D113","E64","E65","METHOD_CALL","IMPLEMENTATION","C:\Users\JBNU\git\ConstraintsRecovery\assets\tankwar\asset13",238,"C:\Users\JBNU\git\ConstraintsRecovery\assets\tankwar\asset13","G4","G4","TankWar_P1|TankWar_P2|TankWar_P3|TankWar_P4|TankWar_P5","TankWar_P1|TankWar_P2|TankWar_P3|TankWar_P4|TankWar_P5",false,"TankWar_P1|TankWar_P2|TankWar_P3|TankWar_P4|TankWar_P5","RESOLVED_INTERNAL"
"D114","E64","E65","METHOD_CALL","IMPLEMENTATION","C:\Users\JBNU\git\ConstraintsRecovery\assets\tankwar\asset13",241,"C:\Users\JBNU\git\ConstraintsRecovery\assets\tankwar\asset13","G4","G4","TankWar_P1|TankWar_P2|TankWar_P3|TankWar_P4|TankWar_P5","TankWar_P1|TankWar_P2|TankWar_P3|TankWar_P4|TankWar_P5",false,"TankWar_P1|TankWar_P2|TankWar_P3|TankWar_P4|TankWar_P5","RESOLVED_INTERNAL"
"D115","E64","E65","METHOD_CALL","IMPLEMENTATION","C:\Users\JBNU\git\ConstraintsRecovery\assets\tankwar\asset13",244,"C:\Users\JBNU\git\ConstraintsRecovery\assets\tankwar\asset13","G4","G4","TankWar_P1|TankWar_P2|TankWar_P3|TankWar_P4|TankWar_P5","TankWar_P1|TankWar_P2|TankWar_P3|TankWar_P4|TankWar_P5",false,"TankWar_P1|TankWar_P2|TankWar_P3|TankWar_P4|TankWar_P5","RESOLVED_INTERNAL"
"D116","E64","E65","METHOD_CALL","IMPLEMENTATION","C:\Users\JBNU\git\ConstraintsRecovery\assets\tankwar\asset13",247,"C:\Users\JBNU\git\ConstraintsRecovery\assets\tankwar\asset13","G4","G4","TankWar_P1|TankWar_P2|TankWar_P3|TankWar_P4|TankWar_P5","TankWar_P1|TankWar_P2|TankWar_P3|TankWar_P4|TankWar_P5",false,"TankWar_P1|TankWar_P2|TankWar_P3|TankWar_P4|TankWar_P5","RESOLVED_INTERNAL"
"D117","E64","E65","METHOD_CALL","IMPLEMENTATION","C:\Users\JBNU\git\ConstraintsRecovery\assets\tankwar\asset13",250,"C:\Users\JBNU\git\ConstraintsRecovery\assets\tankwar\asset13","G4","G4","TankWar_P1|TankWar_P2|TankWar_P3|TankWar_P4|TankWar_P5","TankWar_P1|TankWar_P2|TankWar_P3|TankWar_P4|TankWar_P5",false,"TankWar_P1|TankWar_P2|TankWar_P3|TankWar_P4|TankWar_P5","RESOLVED_INTERNAL"
"D118","E64","E65","METHOD_CALL","IMPLEMENTATION","C:\Users\JBNU\git\ConstraintsRecovery\assets\tankwar\asset13",253,"C:\Users\JBNU\git\ConstraintsRecovery\assets\tankwar\asset13","G4","G4","TankWar_P1|TankWar_P2|TankWar_P3|TankWar_P4|TankWar_P5","TankWar_P1|TankWar_P2|TankWar_P3|TankWar_P4|TankWar_P5",false,"TankWar_P1|TankWar_P2|TankWar_P3|TankWar_P4|TankWar_P5","RESOLVED_INTERNAL"
"D119","E64","E65","METHOD_CALL","IMPLEMENTATION","C:\Users\JBNU\git\ConstraintsRecovery\assets\tankwar\asset13",256,"C:\Users\JBNU\git\ConstraintsRecovery\assets\tankwar\asset13","G4","G4","TankWar_P1|TankWar_P2|TankWar_P3|TankWar_P4|TankWar_P5","TankWar_P1|TankWar_P2|TankWar_P3|TankWar_P4|TankWar_P5",false,"TankWar_P1|TankWar_P2|TankWar_P3|TankWar_P4|TankWar_P5","RESOLVED_INTERNAL"
"D120","E64","E65","METHOD_CALL","IMPLEMENTATION","C:\Users\JBNU\git\ConstraintsRecovery\assets\tankwar\asset13",259,"C:\Users\JBNU\git\ConstraintsRecovery\assets\tankwar\asset13","G4","G4","TankWar_P1|TankWar_P2|TankWar_P3|TankWar_P4|TankWar_P5","TankWar_P1|TankWar_P2|TankWar_P3|TankWar_P4|TankWar_P5",false,"TankWar_P1|TankWar_P2|TankWar_P3|TankWar_P4|TankWar_P5","RESOLVED_INTERNAL"
"D121","E64","E65","METHOD_CALL","IMPLEMENTATION","C:\Users\JBNU\git\ConstraintsRecovery\assets\tankwar\asset13",262,"C:\Users\JBNU\git\ConstraintsRecovery\assets\tankwar\asset13","G4","G4","TankWar_P1|TankWar_P2|TankWar_P3|TankWar_P4|TankWar_P5","TankWar_P1|TankWar_P2|TankWar_P3|TankWar_P4|TankWar_P5",false,"TankWar_P1|TankWar_P2|TankWar_P3|TankWar_P4|TankWar_P5","RESOLVED_INTERNAL"
"D122","E64","E65","METHOD_CALL","IMPLEMENTATION","C:\Users\JBNU\git\ConstraintsRecovery\assets\tankwar\asset13",265,"C:\Users\JBNU\git\ConstraintsRecovery\assets\tankwar\asset13","G4","G4","TankWar_P1|TankWar_P2|TankWar_P3|TankWar_P4|TankWar_P5","TankWar_P1|TankWar_P2|TankWar_P3|TankWar_P4|TankWar_P5",false,"TankWar_P1|TankWar_P2|TankWar_P3|TankWar_P4|TankWar_P5","RESOLVED_INTERNAL"
"D123","E64","E65","METHOD_CALL","IMPLEMENTATION","C:\Users\JBNU\git\ConstraintsRecovery\assets\tankwar\asset13",268,"C:\Users\JBNU\git\ConstraintsRecovery\assets\tankwar\asset13","G4","G4","TankWar_P1|TankWar_P2|TankWar_P3|TankWar_P4|TankWar_P5","TankWar_P1|TankWar_P2|TankWar_P3|TankWar_P4|TankWar_P5",false,"TankWar_P1|TankWar_P2|TankWar_P3|TankWar_P4|TankWar_P5","RESOLVED_INTERNAL"
"D124","E64","E65","METHOD_CALL","IMPLEMENTATION","C:\Users\JBNU\git\ConstraintsRecovery\assets\tankwar\asset13",271,"C:\Users\JBNU\git\ConstraintsRecovery\assets\tankwar\asset13","G4","G4","TankWar_P1|TankWar_P2|TankWar_P3|TankWar_P4|TankWar_P5","TankWar_P1|TankWar_P2|TankWar_P3|TankWar_P4|TankWar_P5",false,"TankWar_P1|TankWar_P2|TankWar_P3|TankWar_P4|TankWar_P5","RESOLVED_INTERNAL"
"D125","E64","E65","METHOD_CALL","IMPLEMENTATION","C:\Users\JBNU\git\ConstraintsRecovery\assets\tankwar\asset13",274,"C:\Users\JBNU\git\ConstraintsRecovery\assets\tankwar\asset13","G4","G4","TankWar_P1|TankWar_P2|TankWar_P3|TankWar_P4|TankWar_P5","TankWar_P1|TankWar_P2|TankWar_P3|TankWar_P4|TankWar_P5",false,"TankWar_P1|TankWar_P2|TankWar_P3|TankWar_P4|TankWar_P5","RESOLVED_INTERNAL"
"D126","E64","E65","METHOD_CALL","IMPLEMENTATION","C:\Users\JBNU\git\ConstraintsRecovery\assets\tankwar\asset13",277,"C:\Users\JBNU\git\ConstraintsRecovery\assets\tankwar\asset13","G4","G4","TankWar_P1|TankWar_P2|TankWar_P3|TankWar_P4|TankWar_P5","TankWar_P1|TankWar_P2|TankWar_P3|TankWar_P4|TankWar_P5",false,"TankWar_P1|TankWar_P2|TankWar_P3|TankWar_P4|TankWar_P5","RESOLVED_INTERNAL"
"D127","E64","E65","METHOD_CALL","IMPLEMENTATION","C:\Users\JBNU\git\ConstraintsRecovery\assets\tankwar\asset13",280,"C:\Users\JBNU\git\ConstraintsRecovery\assets\tankwar\asset13","G4","G4","TankWar_P1|TankWar_P2|TankWar_P3|TankWar_P4|TankWar_P5","TankWar_P1|TankWar_P2|TankWar_P3|TankWar_P4|TankWar_P5",false,"TankWar_P1|TankWar_P2|TankWar_P3|TankWar_P4|TankWar_P5","RESOLVED_INTERNAL"
"D128","E64","E65","METHOD_CALL","IMPLEMENTATION","C:\Users\JBNU\git\ConstraintsRecovery\assets\tankwar\asset13",283,"C:\Users\JBNU\git\ConstraintsRecovery\assets\tankwar\asset13","G4","G4","TankWar_P1|TankWar_P2|TankWar_P3|TankWar_P4|TankWar_P5","TankWar_P1|TankWar_P2|TankWar_P3|TankWar_P4|TankWar_P5",false,"TankWar_P1|TankWar_P2|TankWar_P3|TankWar_P4|TankWar_P5","RESOLVED_INTERNAL"
"D129","E64","E65","METHOD_CALL","IMPLEMENTATION","C:\Users\JBNU\git\ConstraintsRecovery\assets\tankwar\asset13",286,"C:\Users\JBNU\git\ConstraintsRecovery\assets\tankwar\asset13","G4","G4","TankWar_P1|TankWar_P2|TankWar_P3|TankWar_P4|TankWar_P5","TankWar_P1|TankWar_P2|TankWar_P3|TankWar_P4|TankWar_P5",false,"TankWar_P1|TankWar_P2|TankWar_P3|TankWar_P4|TankWar_P5","RESOLVED_INTERNAL"
"D130","E64","E65","METHOD_CALL","IMPLEMENTATION","C:\Users\JBNU\git\ConstraintsRecovery\assets\tankwar\asset13",289,"C:\Users\JBNU\git\ConstraintsRecovery\assets\tankwar\asset13","G4","G4","TankWar_P1|TankWar_P2|TankWar_P3|TankWar_P4|TankWar_P5","TankWar_P1|TankWar_P2|TankWar_P3|TankWar_P4|TankWar_P5",false,"TankWar_P1|TankWar_P2|TankWar_P3|TankWar_P4|TankWar_P5","RESOLVED_INTERNAL"
"D131","E64","E65","METHOD_CALL","IMPLEMENTATION","C:\Users\JBNU\git\ConstraintsRecovery\assets\tankwar\asset13",292,"C:\Users\JBNU\git\ConstraintsRecovery\assets\tankwar\asset13","G4","G4","TankWar_P1|TankWar_P2|TankWar_P3|TankWar_P4|TankWar_P5","TankWar_P1|TankWar_P2|TankWar_P3|TankWar_P4|TankWar_P5",false,"TankWar_P1|TankWar_P2|TankWar_P3|TankWar_P4|TankWar_P5","RESOLVED_INTERNAL"
"D132","E64","E65","METHOD_CALL","IMPLEMENTATION","C:\Users\JBNU\git\ConstraintsRecovery\assets\tankwar\asset13",295,"C:\Users\JBNU\git\ConstraintsRecovery\assets\tankwar\asset13","G4","G4","TankWar_P1|TankWar_P2|TankWar_P3|TankWar_P4|TankWar_P5","TankWar_P1|TankWar_P2|TankWar_P3|TankWar_P4|TankWar_P5",false,"TankWar_P1|TankWar_P2|TankWar_P3|TankWar_P4|TankWar_P5","RESOLVED_INTERNAL"
"D133","E64","E65","METHOD_CALL","IMPLEMENTATION","C:\Users\JBNU\git\ConstraintsRecovery\assets\tankwar\asset13",298,"C:\Users\JBNU\git\ConstraintsRecovery\assets\tankwar\asset13","G4","G4","TankWar_P1|TankWar_P2|TankWar_P3|TankWar_P4|TankWar_P5","TankWar_P1|TankWar_P2|TankWar_P3|TankWar_P4|TankWar_P5",false,"TankWar_P1|TankWar_P2|TankWar_P3|TankWar_P4|TankWar_P5","RESOLVED_INTERNAL"
"D134","E64","E65","METHOD_CALL","IMPLEMENTATION","C:\Users\JBNU\git\ConstraintsRecovery\assets\tankwar\asset13",301,"C:\Users\JBNU\git\ConstraintsRecovery\assets\tankwar\asset13","G4","G4","TankWar_P1|TankWar_P2|TankWar_P3|TankWar_P4|TankWar_P5","TankWar_P1|TankWar_P2|TankWar_P3|TankWar_P4|TankWar_P5",false,"TankWar_P1|TankWar_P2|TankWar_P3|TankWar_P4|TankWar_P5","RESOLVED_INTERNAL"
"D135","E64","E65","METHOD_CALL","IMPLEMENTATION","C:\Users\JBNU\git\ConstraintsRecovery\assets\tankwar\asset13",304,"C:\Users\JBNU\git\ConstraintsRecovery\assets\tankwar\asset13","G4","G4","TankWar_P1|TankWar_P2|TankWar_P3|TankWar_P4|TankWar_P5","TankWar_P1|TankWar_P2|TankWar_P3|TankWar_P4|TankWar_P5",false,"TankWar_P1|TankWar_P2|TankWar_P3|TankWar_P4|TankWar_P5","RESOLVED_INTERNAL"
"D136","E64","E65","METHOD_CALL","IMPLEMENTATION","C:\Users\JBNU\git\ConstraintsRecovery\assets\tankwar\asset13",307,"C:\Users\JBNU\git\ConstraintsRecovery\assets\tankwar\asset13","G4","G4","TankWar_P1|TankWar_P2|TankWar_P3|TankWar_P4|TankWar_P5","TankWar_P1|TankWar_P2|TankWar_P3|TankWar_P4|TankWar_P5",false,"TankWar_P1|TankWar_P2|TankWar_P3|TankWar_P4|TankWar_P5","RESOLVED_INTERNAL"
"D137","E64","E65","METHOD_CALL","IMPLEMENTATION","C:\Users\JBNU\git\ConstraintsRecovery\assets\tankwar\asset13",310,"C:\Users\JBNU\git\ConstraintsRecovery\assets\tankwar\asset13","G4","G4","TankWar_P1|TankWar_P2|TankWar_P3|TankWar_P4|TankWar_P5","TankWar_P1|TankWar_P2|TankWar_P3|TankWar_P4|TankWar_P5",false,"TankWar_P1|TankWar_P2|TankWar_P3|TankWar_P4|TankWar_P5","RESOLVED_INTERNAL"
"D138","E64","E65","METHOD_CALL","IMPLEMENTATION","C:\Users\JBNU\git\ConstraintsRecovery\assets\tankwar\asset13",313,"C:\Users\JBNU\git\ConstraintsRecovery\assets\tankwar\asset13","G4","G4","TankWar_P1|TankWar_P2|TankWar_P3|TankWar_P4|TankWar_P5","TankWar_P1|TankWar_P2|TankWar_P3|TankWar_P4|TankWar_P5",false,"TankWar_P1|TankWar_P2|TankWar_P3|TankWar_P4|TankWar_P5","RESOLVED_INTERNAL"
"D139","E64","E65","METHOD_CALL","IMPLEMENTATION","C:\Users\JBNU\git\ConstraintsRecovery\assets\tankwar\asset13",316,"C:\Users\JBNU\git\ConstraintsRecovery\assets\tankwar\asset13","G4","G4","TankWar_P1|TankWar_P2|TankWar_P3|TankWar_P4|TankWar_P5","TankWar_P1|TankWar_P2|TankWar_P3|TankWar_P4|TankWar_P5",false,"TankWar_P1|TankWar_P2|TankWar_P3|TankWar_P4|TankWar_P5","RESOLVED_INTERNAL"
"D140","E64","E65","METHOD_CALL","IMPLEMENTATION","C:\Users\JBNU\git\ConstraintsRecovery\assets\tankwar\asset13",319,"C:\Users\JBNU\git\ConstraintsRecovery\assets\tankwar\asset13","G4","G4","TankWar_P1|TankWar_P2|TankWar_P3|TankWar_P4|TankWar_P5","TankWar_P1|TankWar_P2|TankWar_P3|TankWar_P4|TankWar_P5",false,"TankWar_P1|TankWar_P2|TankWar_P3|TankWar_P4|TankWar_P5","RESOLVED_INTERNAL"
"D142","E64","E65","METHOD_CALL","IMPLEMENTATION","C:\Users\JBNU\git\ConstraintsRecovery\assets\tankwar\asset13",322,"C:\Users\JBNU\git\ConstraintsRecovery\assets\tankwar\asset13","G4","G4","TankWar_P1|TankWar_P2|TankWar_P3|TankWar_P4|TankWar_P5","TankWar_P1|TankWar_P2|TankWar_P3|TankWar_P4|TankWar_P5",false,"TankWar_P1|TankWar_P2|TankWar_P3|TankWar_P4|TankWar_P5","RESOLVED_INTERNAL"
"D143","E64","E65","METHOD_CALL","IMPLEMENTATION","C:\Users\JBNU\git\ConstraintsRecovery\assets\tankwar\asset13",325,"C:\Users\JBNU\git\ConstraintsRecovery\assets\tankwar\asset13","G4","G4","TankWar_P1|TankWar_P2|TankWar_P3|TankWar_P4|TankWar_P5","TankWar_P1|TankWar_P2|TankWar_P3|TankWar_P4|TankWar_P5",false,"TankWar_P1|TankWar_P2|TankWar_P3|TankWar_P4|TankWar_P5","RESOLVED_INTERNAL"
"D144","E64","E65","METHOD_CALL","IMPLEMENTATION","C:\Users\JBNU\git\ConstraintsRecovery\assets\tankwar\asset13",328,"C:\Users\JBNU\git\ConstraintsRecovery\assets\tankwar\asset13","G4","G4","TankWar_P1|TankWar_P2|TankWar_P3|TankWar_P4|TankWar_P5","TankWar_P1|TankWar_P2|TankWar_P3|TankWar_P4|TankWar_P5",false,"TankWar_P1|TankWar_P2|TankWar_P3|TankWar_P4|TankWar_P5","RESOLVED_INTERNAL"
"D145","E64","E65","METHOD_CALL","IMPLEMENTATION","C:\Users\JBNU\git\ConstraintsRecovery\assets\tankwar\asset13",331,"C:\Users\JBNU\git\ConstraintsRecovery\assets\tankwar\asset13","G4","G4","TankWar_P1|TankWar_P2|TankWar_P3|TankWar_P4|TankWar_P5","TankWar_P1|TankWar_P2|TankWar_P3|TankWar_P4|TankWar_P5",false,"TankWar_P1|TankWar_P2|TankWar_P3|TankWar_P4|TankWar_P5","RESOLVED_INTERNAL"
"D146","E64","E65","METHOD_CALL","IMPLEMENTATION","C:\Users\JBNU\git\ConstraintsRecovery\assets\tankwar\asset13",334,"C:\Users\JBNU\git\ConstraintsRecovery\assets\tankwar\asset13","G4","G4","TankWar_P1|TankWar_P2|TankWar_P3|TankWar_P4|TankWar_P5","TankWar_P1|TankWar_P2|TankWar_P3|TankWar_P4|TankWar_P5",false,"TankWar_P1|TankWar_P2|TankWar_P3|TankWar_P4|TankWar_P5","RESOLVED_INTERNAL"
"D147","E64","E65","METHOD_CALL","IMPLEMENTATION","C:\Users\JBNU\git\ConstraintsRecovery\assets\tankwar\asset13",337,"C:\Users\JBNU\git\ConstraintsRecovery\assets\tankwar\asset13","G4","G4","TankWar_P1|TankWar_P2|TankWar_P3|TankWar_P4|TankWar_P5","TankWar_P1|TankWar_P2|TankWar_P3|TankWar_P4|TankWar_P5",false,"TankWar_P1|TankWar_P2|TankWar_P3|TankWar_P4|TankWar_P5","RESOLVED_INTERNAL"
"D149","E64","E65","METHOD_CALL","IMPLEMENTATION","C:\Users\JBNU\git\ConstraintsRecovery\assets\tankwar\asset13",340,"C:\Users\JBNU\git\ConstraintsRecovery\assets\tankwar\asset13","G4","G4","TankWar_P1|TankWar_P2|TankWar_P3|TankWar_P4|TankWar_P5","TankWar_P1|TankWar_P2|TankWar_P3|TankWar_P4|TankWar_P5",false,"TankWar_P1|TankWar_P2|TankWar_P3|TankWar_P4|TankWar_P5","RESOLVED_INTERNAL"
"D150","E64","E65","METHOD_CALL","IMPLEMENTATION","C:\Users\JBNU\git\ConstraintsRecovery\assets\tankwar\asset13",343,"C:\Users\JBNU\git\ConstraintsRecovery\assets\tankwar\asset13","G4","G4","TankWar_P1|TankWar_P2|TankWar_P3|TankWar_P4|TankWar_P5","TankWar_P1|TankWar_P2|TankWar_P3|TankWar_P4|TankWar_P5",false,"TankWar_P1|TankWar_P2|TankWar_P3|TankWar_P4|TankWar_P5","RESOLVED_INTERNAL"
"D151","E64","E302","FIELD_REFERENCE","IMPLEMENTATION","C:\Users\JBNU\git\ConstraintsRecovery\assets\tankwar\asset13",346,"C:\Users\JBNU\git\ConstraintsRecovery\assets\tankwar\asset27","G4","G7","TankWar_P1|TankWar_P2|TankWar_P3|TankWar_P4|TankWar_P5","TankWar_P1|TankWar_P3|TankWar_P4|TankWar_P5",true,"TankWar_P1|TankWar_P2|TankWar_P3|TankWar_P4|TankWar_P5","RESOLVED_INTERNAL"
"D152","E64","E62","FIELD_REFERENCE","IMPLEMENTATION","C:\Users\JBNU\git\ConstraintsRecovery\assets\tankwar\asset13",348,"C:\Users\JBNU\git\ConstraintsRecovery\assets\tankwar\asset13","G4","G4","TankWar_P1|TankWar_P2|TankWar_P3|TankWar_P4|TankWar_P5","TankWar_P1|TankWar_P2|TankWar_P3|TankWar_P4|TankWar_P5",false,"TankWar_P1|TankWar_P2|TankWar_P3|TankWar_P4|TankWar_P5","RESOLVED_INTERNAL"
"D153","E64","E64","METHOD_CALL","IMPLEMENTATION","C:\Users\JBNU\git\ConstraintsRecovery\assets\tankwar\asset13",350,"C:\Users\JBNU\git\ConstraintsRecovery\assets\tankwar\asset13","G4","G4","TankWar_P1|TankWar_P2|TankWar_P3|TankWar_P4|TankWar_P5","TankWar_P1|TankWar_P2|TankWar_P3|TankWar_P4|TankWar_P5",false,"TankWar_P1|TankWar_P2|TankWar_P3|TankWar_P4|TankWar_P5","RESOLVED_INTERNAL"
"D154","E65","E62","FIELD_REFERENCE","IMPLEMENTATION","C:\Users\JBNU\git\ConstraintsRecovery\assets\tankwar\asset13",356,"C:\Users\JBNU\git\ConstraintsRecovery\assets\tankwar\asset13","G4","G4","TankWar_P1|TankWar_P2|TankWar_P3|TankWar_P4|TankWar_P5","TankWar_P1|TankWar_P2|TankWar_P3|TankWar_P4|TankWar_P5",false,"TankWar_P1|TankWar_P2|TankWar_P3|TankWar_P4|TankWar_P5","RESOLVED_INTERNAL"
"D215","E66","E257","EXTENDS","STRUCTURAL","C:\Users\JBNU\git\ConstraintsRecovery\assets\tankwar\asset14",14,"C:\Users\JBNU\git\ConstraintsRecovery\assets\tankwar\asset22","G4","G4","TankWar_P1|TankWar_P2|TankWar_P3|TankWar_P4|TankWar_P5","TankWar_P1|TankWar_P2|TankWar_P3|TankWar_P4|TankWar_P5",true,"TankWar_P1|TankWar_P2|TankWar_P3|TankWar_P4|TankWar_P5","RESOLVED_INTERNAL"
"D406","E92","E267","FIELD_REFERENCE","IMPLEMENTATION","C:\Users\JBNU\git\ConstraintsRecovery\assets\tankwar\asset14",36,"C:\Users\JBNU\git\ConstraintsRecovery\assets\tankwar\asset22","G4","G4","TankWar_P1|TankWar_P2|TankWar_P3|TankWar_P4|TankWar_P5","TankWar_P1|TankWar_P2|TankWar_P3|TankWar_P4|TankWar_P5",true,"TankWar_P1|TankWar_P2|TankWar_P3|TankWar_P4|TankWar_P5","RESOLVED_INTERNAL"
"D415","E92","E689","FIELD_REFERENCE","IMPLEMENTATION","C:\Users\JBNU\git\ConstraintsRecovery\assets\tankwar\asset14",39,"C:\Users\JBNU\git\ConstraintsRecovery\assets\tankwar\asset9","G4","G4","TankWar_P1|TankWar_P2|TankWar_P3|TankWar_P4|TankWar_P5","TankWar_P1|TankWar_P2|TankWar_P3|TankWar_P4|TankWar_P5",true,"TankWar_P1|TankWar_P2|TankWar_P3|TankWar_P4|TankWar_P5","RESOLVED_INTERNAL"
"D416","E92","E85","FIELD_REFERENCE","IMPLEMENTATION","C:\Users\JBNU\git\ConstraintsRecovery\assets\tankwar\asset14",40,"C:\Users\JBNU\git\ConstraintsRecovery\assets\tankwar\asset14","G4","G4","TankWar_P1|TankWar_P2|TankWar_P3|TankWar_P4|TankWar_P5","TankWar_P1|TankWar_P2|TankWar_P3|TankWar_P4|TankWar_P5",false,"TankWar_P1|TankWar_P2|TankWar_P3|TankWar_P4|TankWar_P5","RESOLVED_INTERNAL"
"D417","E92","E67","FIELD_REFERENCE","IMPLEMENTATION","C:\Users\JBNU\git\ConstraintsRecovery\assets\tankwar\asset14",41,"C:\Users\JBNU\git\ConstraintsRecovery\assets\tankwar\asset14","G4","G4","TankWar_P1|TankWar_P2|TankWar_P3|TankWar_P4|TankWar_P5","TankWar_P1|TankWar_P2|TankWar_P3|TankWar_P4|TankWar_P5",false,"TankWar_P1|TankWar_P2|TankWar_P3|TankWar_P4|TankWar_P5","RESOLVED_INTERNAL"
"D418","E92","E75","FIELD_REFERENCE","IMPLEMENTATION","C:\Users\JBNU\git\ConstraintsRecovery\assets\tankwar\asset14",42,"C:\Users\JBNU\git\ConstraintsRecovery\assets\tankwar\asset14","G4","G4","TankWar_P1|TankWar_P2|TankWar_P3|TankWar_P4|TankWar_P5","TankWar_P1|TankWar_P2|TankWar_P3|TankWar_P4|TankWar_P5",false,"TankWar_P1|TankWar_P2|TankWar_P3|TankWar_P4|TankWar_P5","RESOLVED_INTERNAL"
"D419","E92","E76","FIELD_REFERENCE","IMPLEMENTATION","C:\Users\JBNU\git\ConstraintsRecovery\assets\tankwar\asset14",43,"C:\Users\JBNU\git\ConstraintsRecovery\assets\tankwar\asset14","G4","G4","TankWar_P1|TankWar_P2|TankWar_P3|TankWar_P4|TankWar_P5","TankWar_P1|TankWar_P2|TankWar_P3|TankWar_P4|TankWar_P5",false,"TankWar_P1|TankWar_P2|TankWar_P3|TankWar_P4|TankWar_P5","RESOLVED_INTERNAL"
"D420","E92","E689","FIELD_REFERENCE","IMPLEMENTATION","C:\Users\JBNU\git\ConstraintsRecovery\assets\tankwar\asset14",46,"C:\Users\JBNU\git\ConstraintsRecovery\assets\tankwar\asset9","G4","G4","TankWar_P1|TankWar_P2|TankWar_P3|TankWar_P4|TankWar_P5","TankWar_P1|TankWar_P2|TankWar_P3|TankWar_P4|TankWar_P5",true,"TankWar_P1|TankWar_P2|TankWar_P3|TankWar_P4|TankWar_P5","RESOLVED_INTERNAL"
"D421","E92","E85","FIELD_REFERENCE","IMPLEMENTATION","C:\Users\JBNU\git\ConstraintsRecovery\assets\tankwar\asset14",47,"C:\Users\JBNU\git\ConstraintsRecovery\assets\tankwar\asset14","G4","G4","TankWar_P1|TankWar_P2|TankWar_P3|TankWar_P4|TankWar_P5","TankWar_P1|TankWar_P2|TankWar_P3|TankWar_P4|TankWar_P5",false,"TankWar_P1|TankWar_P2|TankWar_P3|TankWar_P4|TankWar_P5","RESOLVED_INTERNAL"
"D422","E92","E67","FIELD_REFERENCE","IMPLEMENTATION","C:\Users\JBNU\git\ConstraintsRecovery\assets\tankwar\asset14",48,"C:\Users\JBNU\git\ConstraintsRecovery\assets\tankwar\asset14","G4","G4","TankWar_P1|TankWar_P2|TankWar_P3|TankWar_P4|TankWar_P5","TankWar_P1|TankWar_P2|TankWar_P3|TankWar_P4|TankWar_P5",false,"TankWar_P1|TankWar_P2|TankWar_P3|TankWar_P4|TankWar_P5","RESOLVED_INTERNAL"
"D423","E92","E75","FIELD_REFERENCE","IMPLEMENTATION","C:\Users\JBNU\git\ConstraintsRecovery\assets\tankwar\asset14",49,"C:\Users\JBNU\git\ConstraintsRecovery\assets\tankwar\asset14","G4","G4","TankWar_P1|TankWar_P2|TankWar_P3|TankWar_P4|TankWar_P5","TankWar_P1|TankWar_P2|TankWar_P3|TankWar_P4|TankWar_P5",false,"TankWar_P1|TankWar_P2|TankWar_P3|TankWar_P4|TankWar_P5","RESOLVED_INTERNAL"
"D424","E92","E76","FIELD_REFERENCE","IMPLEMENTATION","C:\Users\JBNU\git\ConstraintsRecovery\assets\tankwar\asset14",50,"C:\Users\JBNU\git\ConstraintsRecovery\assets\tankwar\asset14","G4","G4","TankWar_P1|TankWar_P2|TankWar_P3|TankWar_P4|TankWar_P5","TankWar_P1|TankWar_P2|TankWar_P3|TankWar_P4|TankWar_P5",false,"TankWar_P1|TankWar_P2|TankWar_P3|TankWar_P4|TankWar_P5","RESOLVED_INTERNAL"
"D425","E92","E689","FIELD_REFERENCE","IMPLEMENTATION","C:\Users\JBNU\git\ConstraintsRecovery\assets\tankwar\asset14",53,"C:\Users\JBNU\git\ConstraintsRecovery\assets\tankwar\asset9","G4","G4","TankWar_P1|TankWar_P2|TankWar_P3|TankWar_P4|TankWar_P5","TankWar_P1|TankWar_P2|TankWar_P3|TankWar_P4|TankWar_P5",true,"TankWar_P1|TankWar_P2|TankWar_P3|TankWar_P4|TankWar_P5","RESOLVED_INTERNAL"
"D426","E92","E85","FIELD_REFERENCE","IMPLEMENTATION","C:\Users\JBNU\git\ConstraintsRecovery\assets\tankwar\asset14",54,"C:\Users\JBNU\git\ConstraintsRecovery\assets\tankwar\asset14","G4","G4","TankWar_P1|TankWar_P2|TankWar_P3|TankWar_P4|TankWar_P5","TankWar_P1|TankWar_P2|TankWar_P3|TankWar_P4|TankWar_P5",false,"TankWar_P1|TankWar_P2|TankWar_P3|TankWar_P4|TankWar_P5","RESOLVED_INTERNAL"
"D427","E92","E67","FIELD_REFERENCE","IMPLEMENTATION","C:\Users\JBNU\git\ConstraintsRecovery\assets\tankwar\asset14",55,"C:\Users\JBNU\git\ConstraintsRecovery\assets\tankwar\asset14","G4","G4","TankWar_P1|TankWar_P2|TankWar_P3|TankWar_P4|TankWar_P5","TankWar_P1|TankWar_P2|TankWar_P3|TankWar_P4|TankWar_P5",false,"TankWar_P1|TankWar_P2|TankWar_P3|TankWar_P4|TankWar_P5","RESOLVED_INTERNAL"
"D428","E92","E75","FIELD_REFERENCE","IMPLEMENTATION","C:\Users\JBNU\git\ConstraintsRecovery\assets\tankwar\asset14",56,"C:\Users\JBNU\git\ConstraintsRecovery\assets\tankwar\asset14","G4","G4","TankWar_P1|TankWar_P2|TankWar_P3|TankWar_P4|TankWar_P5","TankWar_P1|TankWar_P2|TankWar_P3|TankWar_P4|TankWar_P5",false,"TankWar_P1|TankWar_P2|TankWar_P3|TankWar_P4|TankWar_P5","RESOLVED_INTERNAL"
"D429","E92","E76","FIELD_REFERENCE","IMPLEMENTATION","C:\Users\JBNU\git\ConstraintsRecovery\assets\tankwar\asset14",57,"C:\Users\JBNU\git\ConstraintsRecovery\assets\tankwar\asset14","G4","G4","TankWar_P1|TankWar_P2|TankWar_P3|TankWar_P4|TankWar_P5","TankWar_P1|TankWar_P2|TankWar_P3|TankWar_P4|TankWar_P5",false,"TankWar_P1|TankWar_P2|TankWar_P3|TankWar_P4|TankWar_P5","RESOLVED_INTERNAL"
"D430","E92","E689","FIELD_REFERENCE","IMPLEMENTATION","C:\Users\JBNU\git\ConstraintsRecovery\assets\tankwar\asset14",60,"C:\Users\JBNU\git\ConstraintsRecovery\assets\tankwar\asset9","G4","G4","TankWar_P1|TankWar_P2|TankWar_P3|TankWar_P4|TankWar_P5","TankWar_P1|TankWar_P2|TankWar_P3|TankWar_P4|TankWar_P5",true,"TankWar_P1|TankWar_P2|TankWar_P3|TankWar_P4|TankWar_P5","RESOLVED_INTERNAL"
"D431","E92","E85","FIELD_REFERENCE","IMPLEMENTATION","C:\Users\JBNU\git\ConstraintsRecovery\assets\tankwar\asset14",61,"C:\Users\JBNU\git\ConstraintsRecovery\assets\tankwar\asset14","G4","G4","TankWar_P1|TankWar_P2|TankWar_P3|TankWar_P4|TankWar_P5","TankWar_P1|TankWar_P2|TankWar_P3|TankWar_P4|TankWar_P5",false,"TankWar_P1|TankWar_P2|TankWar_P3|TankWar_P4|TankWar_P5","RESOLVED_INTERNAL"
"D432","E92","E67","FIELD_REFERENCE","IMPLEMENTATION","C:\Users\JBNU\git\ConstraintsRecovery\assets\tankwar\asset14",62,"C:\Users\JBNU\git\ConstraintsRecovery\assets\tankwar\asset14","G4","G4","TankWar_P1|TankWar_P2|TankWar_P3|TankWar_P4|TankWar_P5","TankWar_P1|TankWar_P2|TankWar_P3|TankWar_P4|TankWar_P5",false,"TankWar_P1|TankWar_P2|TankWar_P3|TankWar_P4|TankWar_P5","RESOLVED_INTERNAL"
"D433","E92","E75","FIELD_REFERENCE","IMPLEMENTATION","C:\Users\JBNU\git\ConstraintsRecovery\assets\tankwar\asset14",63,"C:\Users\JBNU\git\ConstraintsRecovery\assets\tankwar\asset14","G4","G4","TankWar_P1|TankWar_P2|TankWar_P3|TankWar_P4|TankWar_P5","TankWar_P1|TankWar_P2|TankWar_P3|TankWar_P4|TankWar_P5",false,"TankWar_P1|TankWar_P2|TankWar_P3|TankWar_P4|TankWar_P5","RESOLVED_INTERNAL"
"D434","E92","E76","FIELD_REFERENCE","IMPLEMENTATION","C:\Users\JBNU\git\ConstraintsRecovery\assets\tankwar\asset14",64,"C:\Users\JBNU\git\ConstraintsRecovery\assets\tankwar\asset14","G4","G4","TankWar_P1|TankWar_P2|TankWar_P3|TankWar_P4|TankWar_P5","TankWar_P1|TankWar_P2|TankWar_P3|TankWar_P4|TankWar_P5",false,"TankWar_P1|TankWar_P2|TankWar_P3|TankWar_P4|TankWar_P5","RESOLVED_INTERNAL"
"D435","E92","E689","FIELD_REFERENCE","IMPLEMENTATION","C:\Users\JBNU\git\ConstraintsRecovery\assets\tankwar\asset14",67,"C:\Users\JBNU\git\ConstraintsRecovery\assets\tankwar\asset9","G4","G4","TankWar_P1|TankWar_P2|TankWar_P3|TankWar_P4|TankWar_P5","TankWar_P1|TankWar_P2|TankWar_P3|TankWar_P4|TankWar_P5",true,"TankWar_P1|TankWar_P2|TankWar_P3|TankWar_P4|TankWar_P5","RESOLVED_INTERNAL"
"D436","E92","E85","FIELD_REFERENCE","IMPLEMENTATION","C:\Users\JBNU\git\ConstraintsRecovery\assets\tankwar\asset14",68,"C:\Users\JBNU\git\ConstraintsRecovery\assets\tankwar\asset14","G4","G4","TankWar_P1|TankWar_P2|TankWar_P3|TankWar_P4|TankWar_P5","TankWar_P1|TankWar_P2|TankWar_P3|TankWar_P4|TankWar_P5",false,"TankWar_P1|TankWar_P2|TankWar_P3|TankWar_P4|TankWar_P5","RESOLVED_INTERNAL"
"D437","E92","E67","FIELD_REFERENCE","IMPLEMENTATION","C:\Users\JBNU\git\ConstraintsRecovery\assets\tankwar\asset14",69,"C:\Users\JBNU\git\ConstraintsRecovery\assets\tankwar\asset14","G4","G4","TankWar_P1|TankWar_P2|TankWar_P3|TankWar_P4|TankWar_P5","TankWar_P1|TankWar_P2|TankWar_P3|TankWar_P4|TankWar_P5",false,"TankWar_P1|TankWar_P2|TankWar_P3|TankWar_P4|TankWar_P5","RESOLVED_INTERNAL"
"D438","E92","E75","FIELD_REFERENCE","IMPLEMENTATION","C:\Users\JBNU\git\ConstraintsRecovery\assets\tankwar\asset14",70,"C:\Users\JBNU\git\ConstraintsRecovery\assets\tankwar\asset14","G4","G4","TankWar_P1|TankWar_P2|TankWar_P3|TankWar_P4|TankWar_P5","TankWar_P1|TankWar_P2|TankWar_P3|TankWar_P4|TankWar_P5",false,"TankWar_P1|TankWar_P2|TankWar_P3|TankWar_P4|TankWar_P5","RESOLVED_INTERNAL"
"D439","E92","E76","FIELD_REFERENCE","IMPLEMENTATION","C:\Users\JBNU\git\ConstraintsRecovery\assets\tankwar\asset14",71,"C:\Users\JBNU\git\ConstraintsRecovery\assets\tankwar\asset14","G4","G4","TankWar_P1|TankWar_P2|TankWar_P3|TankWar_P4|TankWar_P5","TankWar_P1|TankWar_P2|TankWar_P3|TankWar_P4|TankWar_P5",false,"TankWar_P1|TankWar_P2|TankWar_P3|TankWar_P4|TankWar_P5","RESOLVED_INTERNAL"
"D440","E92","E689","FIELD_REFERENCE","IMPLEMENTATION","C:\Users\JBNU\git\ConstraintsRecovery\assets\tankwar\asset14",74,"C:\Users\JBNU\git\ConstraintsRecovery\assets\tankwar\asset9","G4","G4","TankWar_P1|TankWar_P2|TankWar_P3|TankWar_P4|TankWar_P5","TankWar_P1|TankWar_P2|TankWar_P3|TankWar_P4|TankWar_P5",true,"TankWar_P1|TankWar_P2|TankWar_P3|TankWar_P4|TankWar_P5","RESOLVED_INTERNAL"
"D441","E92","E85","FIELD_REFERENCE","IMPLEMENTATION","C:\Users\JBNU\git\ConstraintsRecovery\assets\tankwar\asset14",75,"C:\Users\JBNU\git\ConstraintsRecovery\assets\tankwar\asset14","G4","G4","TankWar_P1|TankWar_P2|TankWar_P3|TankWar_P4|TankWar_P5","TankWar_P1|TankWar_P2|TankWar_P3|TankWar_P4|TankWar_P5",false,"TankWar_P1|TankWar_P2|TankWar_P3|TankWar_P4|TankWar_P5","RESOLVED_INTERNAL"
"D442","E92","E67","FIELD_REFERENCE","IMPLEMENTATION","C:\Users\JBNU\git\ConstraintsRecovery\assets\tankwar\asset14",76,"C:\Users\JBNU\git\ConstraintsRecovery\assets\tankwar\asset14","G4","G4","TankWar_P1|TankWar_P2|TankWar_P3|TankWar_P4|TankWar_P5","TankWar_P1|TankWar_P2|TankWar_P3|TankWar_P4|TankWar_P5",false,"TankWar_P1|TankWar_P2|TankWar_P3|TankWar_P4|TankWar_P5","RESOLVED_INTERNAL"
"D443","E92","E75","FIELD_REFERENCE","IMPLEMENTATION","C:\Users\JBNU\git\ConstraintsRecovery\assets\tankwar\asset14",77,"C:\Users\JBNU\git\ConstraintsRecovery\assets\tankwar\asset14","G4","G4","TankWar_P1|TankWar_P2|TankWar_P3|TankWar_P4|TankWar_P5","TankWar_P1|TankWar_P2|TankWar_P3|TankWar_P4|TankWar_P5",false,"TankWar_P1|TankWar_P2|TankWar_P3|TankWar_P4|TankWar_P5","RESOLVED_INTERNAL"
"D444","E92","E76","FIELD_REFERENCE","IMPLEMENTATION","C:\Users\JBNU\git\ConstraintsRecovery\assets\tankwar\asset14",78,"C:\Users\JBNU\git\ConstraintsRecovery\assets\tankwar\asset14","G4","G4","TankWar_P1|TankWar_P2|TankWar_P3|TankWar_P4|TankWar_P5","TankWar_P1|TankWar_P2|TankWar_P3|TankWar_P4|TankWar_P5",false,"TankWar_P1|TankWar_P2|TankWar_P3|TankWar_P4|TankWar_P5","RESOLVED_INTERNAL"
"D445","E92","E689","FIELD_REFERENCE","IMPLEMENTATION","C:\Users\JBNU\git\ConstraintsRecovery\assets\tankwar\asset14",81,"C:\Users\JBNU\git\ConstraintsRecovery\assets\tankwar\asset9","G4","G4","TankWar_P1|TankWar_P2|TankWar_P3|TankWar_P4|TankWar_P5","TankWar_P1|TankWar_P2|TankWar_P3|TankWar_P4|TankWar_P5",true,"TankWar_P1|TankWar_P2|TankWar_P3|TankWar_P4|TankWar_P5","RESOLVED_INTERNAL"
"D446","E92","E85","FIELD_REFERENCE","IMPLEMENTATION","C:\Users\JBNU\git\ConstraintsRecovery\assets\tankwar\asset14",82,"C:\Users\JBNU\git\ConstraintsRecovery\assets\tankwar\asset14","G4","G4","TankWar_P1|TankWar_P2|TankWar_P3|TankWar_P4|TankWar_P5","TankWar_P1|TankWar_P2|TankWar_P3|TankWar_P4|TankWar_P5",false,"TankWar_P1|TankWar_P2|TankWar_P3|TankWar_P4|TankWar_P5","RESOLVED_INTERNAL"
"D447","E92","E67","FIELD_REFERENCE","IMPLEMENTATION","C:\Users\JBNU\git\ConstraintsRecovery\assets\tankwar\asset14",83,"C:\Users\JBNU\git\ConstraintsRecovery\assets\tankwar\asset14","G4","G4","TankWar_P1|TankWar_P2|TankWar_P3|TankWar_P4|TankWar_P5","TankWar_P1|TankWar_P2|TankWar_P3|TankWar_P4|TankWar_P5",false,"TankWar_P1|TankWar_P2|TankWar_P3|TankWar_P4|TankWar_P5","RESOLVED_INTERNAL"
"D448","E92","E75","FIELD_REFERENCE","IMPLEMENTATION","C:\Users\JBNU\git\ConstraintsRecovery\assets\tankwar\asset14",84,"C:\Users\JBNU\git\ConstraintsRecovery\assets\tankwar\asset14","G4","G4","TankWar_P1|TankWar_P2|TankWar_P3|TankWar_P4|TankWar_P5","TankWar_P1|TankWar_P2|TankWar_P3|TankWar_P4|TankWar_P5",false,"TankWar_P1|TankWar_P2|TankWar_P3|TankWar_P4|TankWar_P5","RESOLVED_INTERNAL"
"D449","E92","E76","FIELD_REFERENCE","IMPLEMENTATION","C:\Users\JBNU\git\ConstraintsRecovery\assets\tankwar\asset14",85,"C:\Users\JBNU\git\ConstraintsRecovery\assets\tankwar\asset14","G4","G4","TankWar_P1|TankWar_P2|TankWar_P3|TankWar_P4|TankWar_P5","TankWar_P1|TankWar_P2|TankWar_P3|TankWar_P4|TankWar_P5",false,"TankWar_P1|TankWar_P2|TankWar_P3|TankWar_P4|TankWar_P5","RESOLVED_INTERNAL"
"D450","E92","E689","FIELD_REFERENCE","IMPLEMENTATION","C:\Users\JBNU\git\ConstraintsRecovery\assets\tankwar\asset14",88,"C:\Users\JBNU\git\ConstraintsRecovery\assets\tankwar\asset9","G4","G4","TankWar_P1|TankWar_P2|TankWar_P3|TankWar_P4|TankWar_P5","TankWar_P1|TankWar_P2|TankWar_P3|TankWar_P4|TankWar_P5",true,"TankWar_P1|TankWar_P2|TankWar_P3|TankWar_P4|TankWar_P5","RESOLVED_INTERNAL"
"D451","E92","E85","FIELD_REFERENCE","IMPLEMENTATION","C:\Users\JBNU\git\ConstraintsRecovery\assets\tankwar\asset14",89,"C:\Users\JBNU\git\ConstraintsRecovery\assets\tankwar\asset14","G4","G4","TankWar_P1|TankWar_P2|TankWar_P3|TankWar_P4|TankWar_P5","TankWar_P1|TankWar_P2|TankWar_P3|TankWar_P4|TankWar_P5",false,"TankWar_P1|TankWar_P2|TankWar_P3|TankWar_P4|TankWar_P5","RESOLVED_INTERNAL"
"D452","E92","E67","FIELD_REFERENCE","IMPLEMENTATION","C:\Users\JBNU\git\ConstraintsRecovery\assets\tankwar\asset14",90,"C:\Users\JBNU\git\ConstraintsRecovery\assets\tankwar\asset14","G4","G4","TankWar_P1|TankWar_P2|TankWar_P3|TankWar_P4|TankWar_P5","TankWar_P1|TankWar_P2|TankWar_P3|TankWar_P4|TankWar_P5",false,"TankWar_P1|TankWar_P2|TankWar_P3|TankWar_P4|TankWar_P5","RESOLVED_INTERNAL"
"D453","E92","E76","FIELD_REFERENCE","IMPLEMENTATION","C:\Users\JBNU\git\ConstraintsRecovery\assets\tankwar\asset14",91,"C:\Users\JBNU\git\ConstraintsRecovery\assets\tankwar\asset14","G4","G4","TankWar_P1|TankWar_P2|TankWar_P3|TankWar_P4|TankWar_P5","TankWar_P1|TankWar_P2|TankWar_P3|TankWar_P4|TankWar_P5",false,"TankWar_P1|TankWar_P2|TankWar_P3|TankWar_P4|TankWar_P5","RESOLVED_INTERNAL"
"D454","E92","E689","FIELD_REFERENCE","IMPLEMENTATION","C:\Users\JBNU\git\ConstraintsRecovery\assets\tankwar\asset14",94,"C:\Users\JBNU\git\ConstraintsRecovery\assets\tankwar\asset9","G4","G4","TankWar_P1|TankWar_P2|TankWar_P3|TankWar_P4|TankWar_P5","TankWar_P1|TankWar_P2|TankWar_P3|TankWar_P4|TankWar_P5",true,"TankWar_P1|TankWar_P2|TankWar_P3|TankWar_P4|TankWar_P5","RESOLVED_INTERNAL"
"D455","E92","E85","FIELD_REFERENCE","IMPLEMENTATION","C:\Users\JBNU\git\ConstraintsRecovery\assets\tankwar\asset14",95,"C:\Users\JBNU\git\ConstraintsRecovery\assets\tankwar\asset14","G4","G4","TankWar_P1|TankWar_P2|TankWar_P3|TankWar_P4|TankWar_P5","TankWar_P1|TankWar_P2|TankWar_P3|TankWar_P4|TankWar_P5",false,"TankWar_P1|TankWar_P2|TankWar_P3|TankWar_P4|TankWar_P5","RESOLVED_INTERNAL"
"D456","E92","E67","FIELD_REFERENCE","IMPLEMENTATION","C:\Users\JBNU\git\ConstraintsRecovery\assets\tankwar\asset14",96,"C:\Users\JBNU\git\ConstraintsRecovery\assets\tankwar\asset14","G4","G4","TankWar_P1|TankWar_P2|TankWar_P3|TankWar_P4|TankWar_P5","TankWar_P1|TankWar_P2|TankWar_P3|TankWar_P4|TankWar_P5",false,"TankWar_P1|TankWar_P2|TankWar_P3|TankWar_P4|TankWar_P5","RESOLVED_INTERNAL"
"D457","E92","E76","FIELD_REFERENCE","IMPLEMENTATION","C:\Users\JBNU\git\ConstraintsRecovery\assets\tankwar\asset14",97,"C:\Users\JBNU\git\ConstraintsRecovery\assets\tankwar\asset14","G4","G4","TankWar_P1|TankWar_P2|TankWar_P3|TankWar_P4|TankWar_P5","TankWar_P1|TankWar_P2|TankWar_P3|TankWar_P4|TankWar_P5",false,"TankWar_P1|TankWar_P2|TankWar_P3|TankWar_P4|TankWar_P5","RESOLVED_INTERNAL"
"D175","E92","E689","FIELD_REFERENCE","IMPLEMENTATION","C:\Users\JBNU\git\ConstraintsRecovery\assets\tankwar\asset14",100,"C:\Users\JBNU\git\ConstraintsRecovery\assets\tankwar\asset9","G4","G4","TankWar_P1|TankWar_P2|TankWar_P3|TankWar_P4|TankWar_P5","TankWar_P1|TankWar_P2|TankWar_P3|TankWar_P4|TankWar_P5",true,"TankWar_P1|TankWar_P2|TankWar_P3|TankWar_P4|TankWar_P5","RESOLVED_INTERNAL"
"D176","E92","E85","FIELD_REFERENCE","IMPLEMENTATION","C:\Users\JBNU\git\ConstraintsRecovery\assets\tankwar\asset14",101,"C:\Users\JBNU\git\ConstraintsRecovery\assets\tankwar\asset14","G4","G4","TankWar_P1|TankWar_P2|TankWar_P3|TankWar_P4|TankWar_P5","TankWar_P1|TankWar_P2|TankWar_P3|TankWar_P4|TankWar_P5",false,"TankWar_P1|TankWar_P2|TankWar_P3|TankWar_P4|TankWar_P5","RESOLVED_INTERNAL"
"D177","E92","E67","FIELD_REFERENCE","IMPLEMENTATION","C:\Users\JBNU\git\ConstraintsRecovery\assets\tankwar\asset14",102,"C:\Users\JBNU\git\ConstraintsRecovery\assets\tankwar\asset14","G4","G4","TankWar_P1|TankWar_P2|TankWar_P3|TankWar_P4|TankWar_P5","TankWar_P1|TankWar_P2|TankWar_P3|TankWar_P4|TankWar_P5",false,"TankWar_P1|TankWar_P2|TankWar_P3|TankWar_P4|TankWar_P5","RESOLVED_INTERNAL"
"D178","E92","E76","FIELD_REFERENCE","IMPLEMENTATION","C:\Users\JBNU\git\ConstraintsRecovery\assets\tankwar\asset14",103,"C:\Users\JBNU\git\ConstraintsRecovery\assets\tankwar\asset14","G4","G4","TankWar_P1|TankWar_P2|TankWar_P3|TankWar_P4|TankWar_P5","TankWar_P1|TankWar_P2|TankWar_P3|TankWar_P4|TankWar_P5",false,"TankWar_P1|TankWar_P2|TankWar_P3|TankWar_P4|TankWar_P5","RESOLVED_INTERNAL"
"D179","E92","E70","FIELD_REFERENCE","IMPLEMENTATION","C:\Users\JBNU\git\ConstraintsRecovery\assets\tankwar\asset14",106,"C:\Users\JBNU\git\ConstraintsRecovery\assets\tankwar\asset14","G4","G4","TankWar_P1|TankWar_P2|TankWar_P3|TankWar_P4|TankWar_P5","TankWar_P1|TankWar_P2|TankWar_P3|TankWar_P4|TankWar_P5",false,"TankWar_P1|TankWar_P2|TankWar_P3|TankWar_P4|TankWar_P5","RESOLVED_INTERNAL"
"D180","E92","E70","FIELD_REFERENCE","IMPLEMENTATION","C:\Users\JBNU\git\ConstraintsRecovery\assets\tankwar\asset14",107,"C:\Users\JBNU\git\ConstraintsRecovery\assets\tankwar\asset14","G4","G4","TankWar_P1|TankWar_P2|TankWar_P3|TankWar_P4|TankWar_P5","TankWar_P1|TankWar_P2|TankWar_P3|TankWar_P4|TankWar_P5",false,"TankWar_P1|TankWar_P2|TankWar_P3|TankWar_P4|TankWar_P5","RESOLVED_INTERNAL"
"D181","E92","E71","FIELD_REFERENCE","IMPLEMENTATION","C:\Users\JBNU\git\ConstraintsRecovery\assets\tankwar\asset14",107,"C:\Users\JBNU\git\ConstraintsRecovery\assets\tankwar\asset14","G4","G4","TankWar_P1|TankWar_P2|TankWar_P3|TankWar_P4|TankWar_P5","TankWar_P1|TankWar_P2|TankWar_P3|TankWar_P4|TankWar_P5",false,"TankWar_P1|TankWar_P2|TankWar_P3|TankWar_P4|TankWar_P5","RESOLVED_INTERNAL"
"D182","E92","E70","FIELD_REFERENCE","IMPLEMENTATION","C:\Users\JBNU\git\ConstraintsRecovery\assets\tankwar\asset14",108,"C:\Users\JBNU\git\ConstraintsRecovery\assets\tankwar\asset14","G4","G4","TankWar_P1|TankWar_P2|TankWar_P3|TankWar_P4|TankWar_P5","TankWar_P1|TankWar_P2|TankWar_P3|TankWar_P4|TankWar_P5",false,"TankWar_P1|TankWar_P2|TankWar_P3|TankWar_P4|TankWar_P5","RESOLVED_INTERNAL"
"D183","E92","E72","FIELD_REFERENCE","IMPLEMENTATION","C:\Users\JBNU\git\ConstraintsRecovery\assets\tankwar\asset14",108,"C:\Users\JBNU\git\ConstraintsRecovery\assets\tankwar\asset14","G4","G4","TankWar_P1|TankWar_P2|TankWar_P3|TankWar_P4|TankWar_P5","TankWar_P1|TankWar_P2|TankWar_P3|TankWar_P4|TankWar_P5",false,"TankWar_P1|TankWar_P2|TankWar_P3|TankWar_P4|TankWar_P5","RESOLVED_INTERNAL"
"D184","E92","E70","FIELD_REFERENCE","IMPLEMENTATION","C:\Users\JBNU\git\ConstraintsRecovery\assets\tankwar\asset14",109,"C:\Users\JBNU\git\ConstraintsRecovery\assets\tankwar\asset14","G4","G4","TankWar_P1|TankWar_P2|TankWar_P3|TankWar_P4|TankWar_P5","TankWar_P1|TankWar_P2|TankWar_P3|TankWar_P4|TankWar_P5",false,"TankWar_P1|TankWar_P2|TankWar_P3|TankWar_P4|TankWar_P5","RESOLVED_INTERNAL"
"D185","E92","E74","FIELD_REFERENCE","IMPLEMENTATION","C:\Users\JBNU\git\ConstraintsRecovery\assets\tankwar\asset14",109,"C:\Users\JBNU\git\ConstraintsRecovery\assets\tankwar\asset14","G4","G4","TankWar_P1|TankWar_P2|TankWar_P3|TankWar_P4|TankWar_P5","TankWar_P1|TankWar_P2|TankWar_P3|TankWar_P4|TankWar_P5",false,"TankWar_P1|TankWar_P2|TankWar_P3|TankWar_P4|TankWar_P5","RESOLVED_INTERNAL"
"D186","E92","E68","FIELD_REFERENCE","IMPLEMENTATION","C:\Users\JBNU\git\ConstraintsRecovery\assets\tankwar\asset14",110,"C:\Users\JBNU\git\ConstraintsRecovery\assets\tankwar\asset14","G4","G4","TankWar_P1|TankWar_P2|TankWar_P3|TankWar_P4|TankWar_P5","TankWar_P1|TankWar_P2|TankWar_P3|TankWar_P4|TankWar_P5",false,"TankWar_P1|TankWar_P2|TankWar_P3|TankWar_P4|TankWar_P5","RESOLVED_INTERNAL"
"D187","E92","E689","FIELD_REFERENCE","IMPLEMENTATION","C:\Users\JBNU\git\ConstraintsRecovery\assets\tankwar\asset14",110,"C:\Users\JBNU\git\ConstraintsRecovery\assets\tankwar\asset9","G4","G4","TankWar_P1|TankWar_P2|TankWar_P3|TankWar_P4|TankWar_P5","TankWar_P1|TankWar_P2|TankWar_P3|TankWar_P4|TankWar_P5",true,"TankWar_P1|TankWar_P2|TankWar_P3|TankWar_P4|TankWar_P5","RESOLVED_INTERNAL"
"D188","E92","E689","FIELD_REFERENCE","IMPLEMENTATION","C:\Users\JBNU\git\ConstraintsRecovery\assets\tankwar\asset14",111,"C:\Users\JBNU\git\ConstraintsRecovery\assets\tankwar\asset9","G4","G4","TankWar_P1|TankWar_P2|TankWar_P3|TankWar_P4|TankWar_P5","TankWar_P1|TankWar_P2|TankWar_P3|TankWar_P4|TankWar_P5",true,"TankWar_P1|TankWar_P2|TankWar_P3|TankWar_P4|TankWar_P5","RESOLVED_INTERNAL"
"D189","E92","E69","FIELD_REFERENCE","IMPLEMENTATION","C:\Users\JBNU\git\ConstraintsRecovery\assets\tankwar\asset14",111,"C:\Users\JBNU\git\ConstraintsRecovery\assets\tankwar\asset14","G4","G4","TankWar_P1|TankWar_P2|TankWar_P3|TankWar_P4|TankWar_P5","TankWar_P1|TankWar_P2|TankWar_P3|TankWar_P4|TankWar_P5",false,"TankWar_P1|TankWar_P2|TankWar_P3|TankWar_P4|TankWar_P5","RESOLVED_INTERNAL"
"D190","E93","E70","FIELD_REFERENCE","IMPLEMENTATION","C:\Users\JBNU\git\ConstraintsRecovery\assets\tankwar\asset14",114,"C:\Users\JBNU\git\ConstraintsRecovery\assets\tankwar\asset14","G4","G4","TankWar_P1|TankWar_P2|TankWar_P3|TankWar_P4|TankWar_P5","TankWar_P1|TankWar_P2|TankWar_P3|TankWar_P4|TankWar_P5",false,"TankWar_P1|TankWar_P2|TankWar_P3|TankWar_P4|TankWar_P5","RESOLVED_INTERNAL"
"D191","E93","E70","FIELD_REFERENCE","IMPLEMENTATION","C:\Users\JBNU\git\ConstraintsRecovery\assets\tankwar\asset14",115,"C:\Users\JBNU\git\ConstraintsRecovery\assets\tankwar\asset14","G4","G4","TankWar_P1|TankWar_P2|TankWar_P3|TankWar_P4|TankWar_P5","TankWar_P1|TankWar_P2|TankWar_P3|TankWar_P4|TankWar_P5",false,"TankWar_P1|TankWar_P2|TankWar_P3|TankWar_P4|TankWar_P5","RESOLVED_INTERNAL"
"D192","E93","E87","FIELD_REFERENCE","IMPLEMENTATION","C:\Users\JBNU\git\ConstraintsRecovery\assets\tankwar\asset14",115,"C:\Users\JBNU\git\ConstraintsRecovery\assets\tankwar\asset14","G4","G4","TankWar_P1|TankWar_P2|TankWar_P3|TankWar_P4|TankWar_P5","TankWar_P1|TankWar_P2|TankWar_P3|TankWar_P4|TankWar_P5",false,"TankWar_P1|TankWar_P2|TankWar_P3|TankWar_P4|TankWar_P5","RESOLVED_INTERNAL"
"D193","E93","E85","FIELD_REFERENCE","IMPLEMENTATION","C:\Users\JBNU\git\ConstraintsRecovery\assets\tankwar\asset14",117,"C:\Users\JBNU\git\ConstraintsRecovery\assets\tankwar\asset14","G4","G4","TankWar_P1|TankWar_P2|TankWar_P3|TankWar_P4|TankWar_P5","TankWar_P1|TankWar_P2|TankWar_P3|TankWar_P4|TankWar_P5",false,"TankWar_P1|TankWar_P2|TankWar_P3|TankWar_P4|TankWar_P5","RESOLVED_INTERNAL"
"D194","E93","E71","FIELD_REFERENCE","IMPLEMENTATION","C:\Users\JBNU\git\ConstraintsRecovery\assets\tankwar\asset14",118,"C:\Users\JBNU\git\ConstraintsRecovery\assets\tankwar\asset14","G4","G4","TankWar_P1|TankWar_P2|TankWar_P3|TankWar_P4|TankWar_P5","TankWar_P1|TankWar_P2|TankWar_P3|TankWar_P4|TankWar_P5",false,"TankWar_P1|TankWar_P2|TankWar_P3|TankWar_P4|TankWar_P5","RESOLVED_INTERNAL"
"D195","E93","E87","FIELD_REFERENCE","IMPLEMENTATION","C:\Users\JBNU\git\ConstraintsRecovery\assets\tankwar\asset14",118,"C:\Users\JBNU\git\ConstraintsRecovery\assets\tankwar\asset14","G4","G4","TankWar_P1|TankWar_P2|TankWar_P3|TankWar_P4|TankWar_P5","TankWar_P1|TankWar_P2|TankWar_P3|TankWar_P4|TankWar_P5",false,"TankWar_P1|TankWar_P2|TankWar_P3|TankWar_P4|TankWar_P5","RESOLVED_INTERNAL"
"D196","E93","E72","FIELD_REFERENCE","IMPLEMENTATION","C:\Users\JBNU\git\ConstraintsRecovery\assets\tankwar\asset14",119,"C:\Users\JBNU\git\ConstraintsRecovery\assets\tankwar\asset14","G4","G4","TankWar_P1|TankWar_P2|TankWar_P3|TankWar_P4|TankWar_P5","TankWar_P1|TankWar_P2|TankWar_P3|TankWar_P4|TankWar_P5",false,"TankWar_P1|TankWar_P2|TankWar_P3|TankWar_P4|TankWar_P5","RESOLVED_INTERNAL"
"D197","E93","E87","FIELD_REFERENCE","IMPLEMENTATION","C:\Users\JBNU\git\ConstraintsRecovery\assets\tankwar\asset14",119,"C:\Users\JBNU\git\ConstraintsRecovery\assets\tankwar\asset14","G4","G4","TankWar_P1|TankWar_P2|TankWar_P3|TankWar_P4|TankWar_P5","TankWar_P1|TankWar_P2|TankWar_P3|TankWar_P4|TankWar_P5",false,"TankWar_P1|TankWar_P2|TankWar_P3|TankWar_P4|TankWar_P5","RESOLVED_INTERNAL"
"D198","E93","E87","FIELD_REFERENCE","IMPLEMENTATION","C:\Users\JBNU\git\ConstraintsRecovery\assets\tankwar\asset14",121,"C:\Users\JBNU\git\ConstraintsRecovery\assets\tankwar\asset14","G4","G4","TankWar_P1|TankWar_P2|TankWar_P3|TankWar_P4|TankWar_P5","TankWar_P1|TankWar_P2|TankWar_P3|TankWar_P4|TankWar_P5",false,"TankWar_P1|TankWar_P2|TankWar_P3|TankWar_P4|TankWar_P5","RESOLVED_INTERNAL"
"D199","E93","E79","FIELD_REFERENCE","IMPLEMENTATION","C:\Users\JBNU\git\ConstraintsRecovery\assets\tankwar\asset14",123,"C:\Users\JBNU\git\ConstraintsRecovery\assets\tankwar\asset14","G4","G4","TankWar_P1|TankWar_P2|TankWar_P3|TankWar_P4|TankWar_P5","TankWar_P1|TankWar_P2|TankWar_P3|TankWar_P4|TankWar_P5",false,"TankWar_P1|TankWar_P2|TankWar_P3|TankWar_P4|TankWar_P5","RESOLVED_INTERNAL"
"D200","E93","E99","METHOD_CALL","IMPLEMENTATION","C:\Users\JBNU\git\ConstraintsRecovery\assets\tankwar\asset14",124,"C:\Users\JBNU\git\ConstraintsRecovery\assets\tankwar\asset14","G4","G4","TankWar_P1|TankWar_P2|TankWar_P3|TankWar_P4|TankWar_P5","TankWar_P1|TankWar_P2|TankWar_P3|TankWar_P4|TankWar_P5",false,"TankWar_P1|TankWar_P2|TankWar_P3|TankWar_P4|TankWar_P5","RESOLVED_INTERNAL"
"D201","E93","E78","FIELD_REFERENCE","IMPLEMENTATION","C:\Users\JBNU\git\ConstraintsRecovery\assets\tankwar\asset14",126,"C:\Users\JBNU\git\ConstraintsRecovery\assets\tankwar\asset14","G4","G4","TankWar_P1|TankWar_P2|TankWar_P3|TankWar_P4|TankWar_P5","TankWar_P1|TankWar_P2|TankWar_P3|TankWar_P4|TankWar_P5",false,"TankWar_P1|TankWar_P2|TankWar_P3|TankWar_P4|TankWar_P5","RESOLVED_INTERNAL"
"D202","E93","E87","FIELD_REFERENCE","IMPLEMENTATION","C:\Users\JBNU\git\ConstraintsRecovery\assets\tankwar\asset14",127,"C:\Users\JBNU\git\ConstraintsRecovery\assets\tankwar\asset14","G4","G4","TankWar_P1|TankWar_P2|TankWar_P3|TankWar_P4|TankWar_P5","TankWar_P1|TankWar_P2|TankWar_P3|TankWar_P4|TankWar_P5",false,"TankWar_P1|TankWar_P2|TankWar_P3|TankWar_P4|TankWar_P5","RESOLVED_INTERNAL"
"D203","E93","E87","FIELD_REFERENCE","IMPLEMENTATION","C:\Users\JBNU\git\ConstraintsRecovery\assets\tankwar\asset14",129,"C:\Users\JBNU\git\ConstraintsRecovery\assets\tankwar\asset14","G4","G4","TankWar_P1|TankWar_P2|TankWar_P3|TankWar_P4|TankWar_P5","TankWar_P1|TankWar_P2|TankWar_P3|TankWar_P4|TankWar_P5",false,"TankWar_P1|TankWar_P2|TankWar_P3|TankWar_P4|TankWar_P5","RESOLVED_INTERNAL"
"D204","E93","E100","METHOD_CALL","IMPLEMENTATION","C:\Users\JBNU\git\ConstraintsRecovery\assets\tankwar\asset14",129,"C:\Users\JBNU\git\ConstraintsRecovery\assets\tankwar\asset14","G4","G4","TankWar_P1|TankWar_P2|TankWar_P3|TankWar_P4|TankWar_P5","TankWar_P1|TankWar_P2|TankWar_P3|TankWar_P4|TankWar_P5",false,"TankWar_P1|TankWar_P2|TankWar_P3|TankWar_P4|TankWar_P5","RESOLVED_INTERNAL"
"D205","E93","E94","METHOD_CALL","IMPLEMENTATION","C:\Users\JBNU\git\ConstraintsRecovery\assets\tankwar\asset14",130,"C:\Users\JBNU\git\ConstraintsRecovery\assets\tankwar\asset14","G4","G4","TankWar_P1|TankWar_P2|TankWar_P3|TankWar_P4|TankWar_P5","TankWar_P1|TankWar_P2|TankWar_P3|TankWar_P4|TankWar_P5",false,"TankWar_P1|TankWar_P2|TankWar_P3|TankWar_P4|TankWar_P5","RESOLVED_INTERNAL"
"D206","E94","E241","METHOD_CALL","IMPLEMENTATION","C:\Users\JBNU\git\ConstraintsRecovery\assets\tankwar\asset14",133,"C:\Users\JBNU\git\ConstraintsRecovery\assets\tankwar\asset2","G4","G4","TankWar_P1|TankWar_P2|TankWar_P3|TankWar_P4|TankWar_P5","TankWar_P1|TankWar_P2|TankWar_P3|TankWar_P4|TankWar_P5",true,"TankWar_P1|TankWar_P2|TankWar_P3|TankWar_P4|TankWar_P5","RESOLVED_INTERNAL"
"D207","E94","E243","METHOD_CALL","IMPLEMENTATION","C:\Users\JBNU\git\ConstraintsRecovery\assets\tankwar\asset14",134,"C:\Users\JBNU\git\ConstraintsRecovery\assets\tankwar\asset2","G4","G4","TankWar_P1|TankWar_P2|TankWar_P3|TankWar_P4|TankWar_P5","TankWar_P1|TankWar_P2|TankWar_P3|TankWar_P4|TankWar_P5",true,"TankWar_P1|TankWar_P2|TankWar_P3|TankWar_P4|TankWar_P5","RESOLVED_INTERNAL"
"D208","E94","E95","METHOD_CALL","IMPLEMENTATION","C:\Users\JBNU\git\ConstraintsRecovery\assets\tankwar\asset14",135,"C:\Users\JBNU\git\ConstraintsRecovery\assets\tankwar\asset14","G4","G4","TankWar_P1|TankWar_P2|TankWar_P3|TankWar_P4|TankWar_P5","TankWar_P1|TankWar_P2|TankWar_P3|TankWar_P4|TankWar_P5",false,"TankWar_P1|TankWar_P2|TankWar_P3|TankWar_P4|TankWar_P5","RESOLVED_INTERNAL"
"D209","E95","E89","FIELD_REFERENCE","IMPLEMENTATION","C:\Users\JBNU\git\ConstraintsRecovery\assets\tankwar\asset14",139,"C:\Users\JBNU\git\ConstraintsRecovery\assets\tankwar\asset14","G4","G4","TankWar_P1|TankWar_P2|TankWar_P3|TankWar_P4|TankWar_P5","TankWar_P1|TankWar_P2|TankWar_P3|TankWar_P4|TankWar_P5",false,"TankWar_P1|TankWar_P2|TankWar_P3|TankWar_P4|TankWar_P5","RESOLVED_INTERNAL"
"D210","E95","E241","METHOD_CALL","IMPLEMENTATION","C:\Users\JBNU\git\ConstraintsRecovery\assets\tankwar\asset14",141,"C:\Users\JBNU\git\ConstraintsRecovery\assets\tankwar\asset2","G4","G4","TankWar_P1|TankWar_P2|TankWar_P3|TankWar_P4|TankWar_P5","TankWar_P1|TankWar_P2|TankWar_P3|TankWar_P4|TankWar_P5",true,"TankWar_P1|TankWar_P2|TankWar_P3|TankWar_P4|TankWar_P5","RESOLVED_INTERNAL"
"D211","E95","E244","METHOD_CALL","IMPLEMENTATION","C:\Users\JBNU\git\ConstraintsRecovery\assets\tankwar\asset14",142,"C:\Users\JBNU\git\ConstraintsRecovery\assets\tankwar\asset2","G4","G4","TankWar_P1|TankWar_P2|TankWar_P3|TankWar_P4|TankWar_P5","TankWar_P1|TankWar_P2|TankWar_P3|TankWar_P4|TankWar_P5",true,"TankWar_P1|TankWar_P2|TankWar_P3|TankWar_P4|TankWar_P5","RESOLVED_INTERNAL"
"D212","E95","E241","METHOD_CALL","IMPLEMENTATION","C:\Users\JBNU\git\ConstraintsRecovery\assets\tankwar\asset14",145,"C:\Users\JBNU\git\ConstraintsRecovery\assets\tankwar\asset2","G4","G4","TankWar_P1|TankWar_P2|TankWar_P3|TankWar_P4|TankWar_P5","TankWar_P1|TankWar_P2|TankWar_P3|TankWar_P4|TankWar_P5",true,"TankWar_P1|TankWar_P2|TankWar_P3|TankWar_P4|TankWar_P5","RESOLVED_INTERNAL"
"D213","E95","E244","METHOD_CALL","IMPLEMENTATION","C:\Users\JBNU\git\ConstraintsRecovery\assets\tankwar\asset14",146,"C:\Users\JBNU\git\ConstraintsRecovery\assets\tankwar\asset2","G4","G4","TankWar_P1|TankWar_P2|TankWar_P3|TankWar_P4|TankWar_P5","TankWar_P1|TankWar_P2|TankWar_P3|TankWar_P4|TankWar_P5",true,"TankWar_P1|TankWar_P2|TankWar_P3|TankWar_P4|TankWar_P5","RESOLVED_INTERNAL"
"D214","E95","E241","METHOD_CALL","IMPLEMENTATION","C:\Users\JBNU\git\ConstraintsRecovery\assets\tankwar\asset14",149,"C:\Users\JBNU\git\ConstraintsRecovery\assets\tankwar\asset2","G4","G4","TankWar_P1|TankWar_P2|TankWar_P3|TankWar_P4|TankWar_P5","TankWar_P1|TankWar_P2|TankWar_P3|TankWar_P4|TankWar_P5",true,"TankWar_P1|TankWar_P2|TankWar_P3|TankWar_P4|TankWar_P5","RESOLVED_INTERNAL"
"D216","E95","E244","METHOD_CALL","IMPLEMENTATION","C:\Users\JBNU\git\ConstraintsRecovery\assets\tankwar\asset14",150,"C:\Users\JBNU\git\ConstraintsRecovery\assets\tankwar\asset2","G4","G4","TankWar_P1|TankWar_P2|TankWar_P3|TankWar_P4|TankWar_P5","TankWar_P1|TankWar_P2|TankWar_P3|TankWar_P4|TankWar_P5",true,"TankWar_P1|TankWar_P2|TankWar_P3|TankWar_P4|TankWar_P5","RESOLVED_INTERNAL"
"D217","E95","E241","METHOD_CALL","IMPLEMENTATION","C:\Users\JBNU\git\ConstraintsRecovery\assets\tankwar\asset14",153,"C:\Users\JBNU\git\ConstraintsRecovery\assets\tankwar\asset2","G4","G4","TankWar_P1|TankWar_P2|TankWar_P3|TankWar_P4|TankWar_P5","TankWar_P1|TankWar_P2|TankWar_P3|TankWar_P4|TankWar_P5",true,"TankWar_P1|TankWar_P2|TankWar_P3|TankWar_P4|TankWar_P5","RESOLVED_INTERNAL"
"D218","E95","E244","METHOD_CALL","IMPLEMENTATION","C:\Users\JBNU\git\ConstraintsRecovery\assets\tankwar\asset14",154,"C:\Users\JBNU\git\ConstraintsRecovery\assets\tankwar\asset2","G4","G4","TankWar_P1|TankWar_P2|TankWar_P3|TankWar_P4|TankWar_P5","TankWar_P1|TankWar_P2|TankWar_P3|TankWar_P4|TankWar_P5",true,"TankWar_P1|TankWar_P2|TankWar_P3|TankWar_P4|TankWar_P5","RESOLVED_INTERNAL"
"D219","E96","E83","FIELD_REFERENCE","IMPLEMENTATION","C:\Users\JBNU\git\ConstraintsRecovery\assets\tankwar\asset14",161,"C:\Users\JBNU\git\ConstraintsRecovery\assets\tankwar\asset14","G4","G4","TankWar_P1|TankWar_P2|TankWar_P3|TankWar_P4|TankWar_P5","TankWar_P1|TankWar_P2|TankWar_P3|TankWar_P4|TankWar_P5",false,"TankWar_P1|TankWar_P2|TankWar_P3|TankWar_P4|TankWar_P5","RESOLVED_INTERNAL"
"D220","E96","E80","FIELD_REFERENCE","IMPLEMENTATION","C:\Users\JBNU\git\ConstraintsRecovery\assets\tankwar\asset14",162,"C:\Users\JBNU\git\ConstraintsRecovery\assets\tankwar\asset14","G4","G4","TankWar_P1|TankWar_P2|TankWar_P3|TankWar_P4|TankWar_P5","TankWar_P1|TankWar_P2|TankWar_P3|TankWar_P4|TankWar_P5",false,"TankWar_P1|TankWar_P2|TankWar_P3|TankWar_P4|TankWar_P5","RESOLVED_INTERNAL"
"D221","E96","E81","FIELD_REFERENCE","IMPLEMENTATION","C:\Users\JBNU\git\ConstraintsRecovery\assets\tankwar\asset14",163,"C:\Users\JBNU\git\ConstraintsRecovery\assets\tankwar\asset14","G4","G4","TankWar_P1|TankWar_P2|TankWar_P3|TankWar_P4|TankWar_P5","TankWar_P1|TankWar_P2|TankWar_P3|TankWar_P4|TankWar_P5",false,"TankWar_P1|TankWar_P2|TankWar_P3|TankWar_P4|TankWar_P5","RESOLVED_INTERNAL"
"D222","E96","E82","FIELD_REFERENCE","IMPLEMENTATION","C:\Users\JBNU\git\ConstraintsRecovery\assets\tankwar\asset14",164,"C:\Users\JBNU\git\ConstraintsRecovery\assets\tankwar\asset14","G4","G4","TankWar_P1|TankWar_P2|TankWar_P3|TankWar_P4|TankWar_P5","TankWar_P1|TankWar_P2|TankWar_P3|TankWar_P4|TankWar_P5",false,"TankWar_P1|TankWar_P2|TankWar_P3|TankWar_P4|TankWar_P5","RESOLVED_INTERNAL"
"D223","E96","E83","FIELD_REFERENCE","IMPLEMENTATION","C:\Users\JBNU\git\ConstraintsRecovery\assets\tankwar\asset14",167,"C:\Users\JBNU\git\ConstraintsRecovery\assets\tankwar\asset14","G4","G4","TankWar_P1|TankWar_P2|TankWar_P3|TankWar_P4|TankWar_P5","TankWar_P1|TankWar_P2|TankWar_P3|TankWar_P4|TankWar_P5",false,"TankWar_P1|TankWar_P2|TankWar_P3|TankWar_P4|TankWar_P5","RESOLVED_INTERNAL"
"D224","E96","E80","FIELD_REFERENCE","IMPLEMENTATION","C:\Users\JBNU\git\ConstraintsRecovery\assets\tankwar\asset14",168,"C:\Users\JBNU\git\ConstraintsRecovery\assets\tankwar\asset14","G4","G4","TankWar_P1|TankWar_P2|TankWar_P3|TankWar_P4|TankWar_P5","TankWar_P1|TankWar_P2|TankWar_P3|TankWar_P4|TankWar_P5",false,"TankWar_P1|TankWar_P2|TankWar_P3|TankWar_P4|TankWar_P5","RESOLVED_INTERNAL"
"D225","E96","E81","FIELD_REFERENCE","IMPLEMENTATION","C:\Users\JBNU\git\ConstraintsRecovery\assets\tankwar\asset14",169,"C:\Users\JBNU\git\ConstraintsRecovery\assets\tankwar\asset14","G4","G4","TankWar_P1|TankWar_P2|TankWar_P3|TankWar_P4|TankWar_P5","TankWar_P1|TankWar_P2|TankWar_P3|TankWar_P4|TankWar_P5",false,"TankWar_P1|TankWar_P2|TankWar_P3|TankWar_P4|TankWar_P5","RESOLVED_INTERNAL"
"D226","E96","E82","FIELD_REFERENCE","IMPLEMENTATION","C:\Users\JBNU\git\ConstraintsRecovery\assets\tankwar\asset14",170,"C:\Users\JBNU\git\ConstraintsRecovery\assets\tankwar\asset14","G4","G4","TankWar_P1|TankWar_P2|TankWar_P3|TankWar_P4|TankWar_P5","TankWar_P1|TankWar_P2|TankWar_P3|TankWar_P4|TankWar_P5",false,"TankWar_P1|TankWar_P2|TankWar_P3|TankWar_P4|TankWar_P5","RESOLVED_INTERNAL"
"D227","E96","E83","FIELD_REFERENCE","IMPLEMENTATION","C:\Users\JBNU\git\ConstraintsRecovery\assets\tankwar\asset14",173,"C:\Users\JBNU\git\ConstraintsRecovery\assets\tankwar\asset14","G4","G4","TankWar_P1|TankWar_P2|TankWar_P3|TankWar_P4|TankWar_P5","TankWar_P1|TankWar_P2|TankWar_P3|TankWar_P4|TankWar_P5",false,"TankWar_P1|TankWar_P2|TankWar_P3|TankWar_P4|TankWar_P5","RESOLVED_INTERNAL"
"D228","E96","E80","FIELD_REFERENCE","IMPLEMENTATION","C:\Users\JBNU\git\ConstraintsRecovery\assets\tankwar\asset14",174,"C:\Users\JBNU\git\ConstraintsRecovery\assets\tankwar\asset14","G4","G4","TankWar_P1|TankWar_P2|TankWar_P3|TankWar_P4|TankWar_P5","TankWar_P1|TankWar_P2|TankWar_P3|TankWar_P4|TankWar_P5",false,"TankWar_P1|TankWar_P2|TankWar_P3|TankWar_P4|TankWar_P5","RESOLVED_INTERNAL"
"D229","E96","E81","FIELD_REFERENCE","IMPLEMENTATION","C:\Users\JBNU\git\ConstraintsRecovery\assets\tankwar\asset14",175,"C:\Users\JBNU\git\ConstraintsRecovery\assets\tankwar\asset14","G4","G4","TankWar_P1|TankWar_P2|TankWar_P3|TankWar_P4|TankWar_P5","TankWar_P1|TankWar_P2|TankWar_P3|TankWar_P4|TankWar_P5",false,"TankWar_P1|TankWar_P2|TankWar_P3|TankWar_P4|TankWar_P5","RESOLVED_INTERNAL"
"D230","E96","E82","FIELD_REFERENCE","IMPLEMENTATION","C:\Users\JBNU\git\ConstraintsRecovery\assets\tankwar\asset14",176,"C:\Users\JBNU\git\ConstraintsRecovery\assets\tankwar\asset14","G4","G4","TankWar_P1|TankWar_P2|TankWar_P3|TankWar_P4|TankWar_P5","TankWar_P1|TankWar_P2|TankWar_P3|TankWar_P4|TankWar_P5",false,"TankWar_P1|TankWar_P2|TankWar_P3|TankWar_P4|TankWar_P5","RESOLVED_INTERNAL"
"D231","E96","E83","FIELD_REFERENCE","IMPLEMENTATION","C:\Users\JBNU\git\ConstraintsRecovery\assets\tankwar\asset14",179,"C:\Users\JBNU\git\ConstraintsRecovery\assets\tankwar\asset14","G4","G4","TankWar_P1|TankWar_P2|TankWar_P3|TankWar_P4|TankWar_P5","TankWar_P1|TankWar_P2|TankWar_P3|TankWar_P4|TankWar_P5",false,"TankWar_P1|TankWar_P2|TankWar_P3|TankWar_P4|TankWar_P5","RESOLVED_INTERNAL"
"D232","E96","E80","FIELD_REFERENCE","IMPLEMENTATION","C:\Users\JBNU\git\ConstraintsRecovery\assets\tankwar\asset14",180,"C:\Users\JBNU\git\ConstraintsRecovery\assets\tankwar\asset14","G4","G4","TankWar_P1|TankWar_P2|TankWar_P3|TankWar_P4|TankWar_P5","TankWar_P1|TankWar_P2|TankWar_P3|TankWar_P4|TankWar_P5",false,"TankWar_P1|TankWar_P2|TankWar_P3|TankWar_P4|TankWar_P5","RESOLVED_INTERNAL"
"D233","E96","E81","FIELD_REFERENCE","IMPLEMENTATION","C:\Users\JBNU\git\ConstraintsRecovery\assets\tankwar\asset14",181,"C:\Users\JBNU\git\ConstraintsRecovery\assets\tankwar\asset14","G4","G4","TankWar_P1|TankWar_P2|TankWar_P3|TankWar_P4|TankWar_P5","TankWar_P1|TankWar_P2|TankWar_P3|TankWar_P4|TankWar_P5",false,"TankWar_P1|TankWar_P2|TankWar_P3|TankWar_P4|TankWar_P5","RESOLVED_INTERNAL"
"D234","E96","E82","FIELD_REFERENCE","IMPLEMENTATION","C:\Users\JBNU\git\ConstraintsRecovery\assets\tankwar\asset14",182,"C:\Users\JBNU\git\ConstraintsRecovery\assets\tankwar\asset14","G4","G4","TankWar_P1|TankWar_P2|TankWar_P3|TankWar_P4|TankWar_P5","TankWar_P1|TankWar_P2|TankWar_P3|TankWar_P4|TankWar_P5",false,"TankWar_P1|TankWar_P2|TankWar_P3|TankWar_P4|TankWar_P5","RESOLVED_INTERNAL"
"D235","E96","E79","FIELD_REFERENCE","IMPLEMENTATION","C:\Users\JBNU\git\ConstraintsRecovery\assets\tankwar\asset14",185,"C:\Users\JBNU\git\ConstraintsRecovery\assets\tankwar\asset14","G4","G4","TankWar_P1|TankWar_P2|TankWar_P3|TankWar_P4|TankWar_P5","TankWar_P1|TankWar_P2|TankWar_P3|TankWar_P4|TankWar_P5",false,"TankWar_P1|TankWar_P2|TankWar_P3|TankWar_P4|TankWar_P5","RESOLVED_INTERNAL"
"D236","E96","E98","METHOD_CALL","IMPLEMENTATION","C:\Users\JBNU\git\ConstraintsRecovery\assets\tankwar\asset14",188,"C:\Users\JBNU\git\ConstraintsRecovery\assets\tankwar\asset14","G4","G4","TankWar_P1|TankWar_P2|TankWar_P3|TankWar_P4|TankWar_P5","TankWar_P1|TankWar_P2|TankWar_P3|TankWar_P4|TankWar_P5",false,"TankWar_P1|TankWar_P2|TankWar_P3|TankWar_P4|TankWar_P5","RESOLVED_INTERNAL"
"D237","E97","E83","FIELD_REFERENCE","IMPLEMENTATION","C:\Users\JBNU\git\ConstraintsRecovery\assets\tankwar\asset14",193,"C:\Users\JBNU\git\ConstraintsRecovery\assets\tankwar\asset14","G4","G4","TankWar_P1|TankWar_P2|TankWar_P3|TankWar_P4|TankWar_P5","TankWar_P1|TankWar_P2|TankWar_P3|TankWar_P4|TankWar_P5",false,"TankWar_P1|TankWar_P2|TankWar_P3|TankWar_P4|TankWar_P5","RESOLVED_INTERNAL"
"D238","E97","E80","FIELD_REFERENCE","IMPLEMENTATION","C:\Users\JBNU\git\ConstraintsRecovery\assets\tankwar\asset14",196,"C:\Users\JBNU\git\ConstraintsRecovery\assets\tankwar\asset14","G4","G4","TankWar_P1|TankWar_P2|TankWar_P3|TankWar_P4|TankWar_P5","TankWar_P1|TankWar_P2|TankWar_P3|TankWar_P4|TankWar_P5",false,"TankWar_P1|TankWar_P2|TankWar_P3|TankWar_P4|TankWar_P5","RESOLVED_INTERNAL"
"D239","E97","E81","FIELD_REFERENCE","IMPLEMENTATION","C:\Users\JBNU\git\ConstraintsRecovery\assets\tankwar\asset14",199,"C:\Users\JBNU\git\ConstraintsRecovery\assets\tankwar\asset14","G4","G4","TankWar_P1|TankWar_P2|TankWar_P3|TankWar_P4|TankWar_P5","TankWar_P1|TankWar_P2|TankWar_P3|TankWar_P4|TankWar_P5",false,"TankWar_P1|TankWar_P2|TankWar_P3|TankWar_P4|TankWar_P5","RESOLVED_INTERNAL"
"D240","E97","E82","FIELD_REFERENCE","IMPLEMENTATION","C:\Users\JBNU\git\ConstraintsRecovery\assets\tankwar\asset14",202,"C:\Users\JBNU\git\ConstraintsRecovery\assets\tankwar\asset14","G4","G4","TankWar_P1|TankWar_P2|TankWar_P3|TankWar_P4|TankWar_P5","TankWar_P1|TankWar_P2|TankWar_P3|TankWar_P4|TankWar_P5",false,"TankWar_P1|TankWar_P2|TankWar_P3|TankWar_P4|TankWar_P5","RESOLVED_INTERNAL"
"D241","E97","E79","FIELD_REFERENCE","IMPLEMENTATION","C:\Users\JBNU\git\ConstraintsRecovery\assets\tankwar\asset14",205,"C:\Users\JBNU\git\ConstraintsRecovery\assets\tankwar\asset14","G4","G4","TankWar_P1|TankWar_P2|TankWar_P3|TankWar_P4|TankWar_P5","TankWar_P1|TankWar_P2|TankWar_P3|TankWar_P4|TankWar_P5",false,"TankWar_P1|TankWar_P2|TankWar_P3|TankWar_P4|TankWar_P5","RESOLVED_INTERNAL"
"D242","E97","E98","METHOD_CALL","IMPLEMENTATION","C:\Users\JBNU\git\ConstraintsRecovery\assets\tankwar\asset14",208,"C:\Users\JBNU\git\ConstraintsRecovery\assets\tankwar\asset14","G4","G4","TankWar_P1|TankWar_P2|TankWar_P3|TankWar_P4|TankWar_P5","TankWar_P1|TankWar_P2|TankWar_P3|TankWar_P4|TankWar_P5",false,"TankWar_P1|TankWar_P2|TankWar_P3|TankWar_P4|TankWar_P5","RESOLVED_INTERNAL"
"D243","E98","E80","FIELD_REFERENCE","IMPLEMENTATION","C:\Users\JBNU\git\ConstraintsRecovery\assets\tankwar\asset14",211,"C:\Users\JBNU\git\ConstraintsRecovery\assets\tankwar\asset14","G4","G4","TankWar_P1|TankWar_P2|TankWar_P3|TankWar_P4|TankWar_P5","TankWar_P1|TankWar_P2|TankWar_P3|TankWar_P4|TankWar_P5",false,"TankWar_P1|TankWar_P2|TankWar_P3|TankWar_P4|TankWar_P5","RESOLVED_INTERNAL"
"D244","E98","E81","FIELD_REFERENCE","IMPLEMENTATION","C:\Users\JBNU\git\ConstraintsRecovery\assets\tankwar\asset14",211,"C:\Users\JBNU\git\ConstraintsRecovery\assets\tankwar\asset14","G4","G4","TankWar_P1|TankWar_P2|TankWar_P3|TankWar_P4|TankWar_P5","TankWar_P1|TankWar_P2|TankWar_P3|TankWar_P4|TankWar_P5",false,"TankWar_P1|TankWar_P2|TankWar_P3|TankWar_P4|TankWar_P5","RESOLVED_INTERNAL"
"D245","E98","E82","FIELD_REFERENCE","IMPLEMENTATION","C:\Users\JBNU\git\ConstraintsRecovery\assets\tankwar\asset14",211,"C:\Users\JBNU\git\ConstraintsRecovery\assets\tankwar\asset14","G4","G4","TankWar_P1|TankWar_P2|TankWar_P3|TankWar_P4|TankWar_P5","TankWar_P1|TankWar_P2|TankWar_P3|TankWar_P4|TankWar_P5",false,"TankWar_P1|TankWar_P2|TankWar_P3|TankWar_P4|TankWar_P5","RESOLVED_INTERNAL"
"D246","E98","E83","FIELD_REFERENCE","IMPLEMENTATION","C:\Users\JBNU\git\ConstraintsRecovery\assets\tankwar\asset14",211,"C:\Users\JBNU\git\ConstraintsRecovery\assets\tankwar\asset14","G4","G4","TankWar_P1|TankWar_P2|TankWar_P3|TankWar_P4|TankWar_P5","TankWar_P1|TankWar_P2|TankWar_P3|TankWar_P4|TankWar_P5",false,"TankWar_P1|TankWar_P2|TankWar_P3|TankWar_P4|TankWar_P5","RESOLVED_INTERNAL"
"D247","E98","E90","FIELD_REFERENCE","IMPLEMENTATION","C:\Users\JBNU\git\ConstraintsRecovery\assets\tankwar\asset14",212,"C:\Users\JBNU\git\ConstraintsRecovery\assets\tankwar\asset14","G4","G4","TankWar_P1|TankWar_P2|TankWar_P3|TankWar_P4|TankWar_P5","TankWar_P1|TankWar_P2|TankWar_P3|TankWar_P4|TankWar_P5",false,"TankWar_P1|TankWar_P2|TankWar_P3|TankWar_P4|TankWar_P5","RESOLVED_INTERNAL"
"D248","E98","E80","FIELD_REFERENCE","IMPLEMENTATION","C:\Users\JBNU\git\ConstraintsRecovery\assets\tankwar\asset14",213,"C:\Users\JBNU\git\ConstraintsRecovery\assets\tankwar\asset14","G4","G4","TankWar_P1|TankWar_P2|TankWar_P3|TankWar_P4|TankWar_P5","TankWar_P1|TankWar_P2|TankWar_P3|TankWar_P4|TankWar_P5",false,"TankWar_P1|TankWar_P2|TankWar_P3|TankWar_P4|TankWar_P5","RESOLVED_INTERNAL"
"D249","E98","E81","FIELD_REFERENCE","IMPLEMENTATION","C:\Users\JBNU\git\ConstraintsRecovery\assets\tankwar\asset14",213,"C:\Users\JBNU\git\ConstraintsRecovery\assets\tankwar\asset14","G4","G4","TankWar_P1|TankWar_P2|TankWar_P3|TankWar_P4|TankWar_P5","TankWar_P1|TankWar_P2|TankWar_P3|TankWar_P4|TankWar_P5",false,"TankWar_P1|TankWar_P2|TankWar_P3|TankWar_P4|TankWar_P5","RESOLVED_INTERNAL"
"D250","E98","E82","FIELD_REFERENCE","IMPLEMENTATION","C:\Users\JBNU\git\ConstraintsRecovery\assets\tankwar\asset14",213,"C:\Users\JBNU\git\ConstraintsRecovery\assets\tankwar\asset14","G4","G4","TankWar_P1|TankWar_P2|TankWar_P3|TankWar_P4|TankWar_P5","TankWar_P1|TankWar_P2|TankWar_P3|TankWar_P4|TankWar_P5",false,"TankWar_P1|TankWar_P2|TankWar_P3|TankWar_P4|TankWar_P5","RESOLVED_INTERNAL"
"D251","E98","E83","FIELD_REFERENCE","IMPLEMENTATION","C:\Users\JBNU\git\ConstraintsRecovery\assets\tankwar\asset14",213,"C:\Users\JBNU\git\ConstraintsRecovery\assets\tankwar\asset14","G4","G4","TankWar_P1|TankWar_P2|TankWar_P3|TankWar_P4|TankWar_P5","TankWar_P1|TankWar_P2|TankWar_P3|TankWar_P4|TankWar_P5",false,"TankWar_P1|TankWar_P2|TankWar_P3|TankWar_P4|TankWar_P5","RESOLVED_INTERNAL"
"D252","E98","E90","FIELD_REFERENCE","IMPLEMENTATION","C:\Users\JBNU\git\ConstraintsRecovery\assets\tankwar\asset14",214,"C:\Users\JBNU\git\ConstraintsRecovery\assets\tankwar\asset14","G4","G4","TankWar_P1|TankWar_P2|TankWar_P3|TankWar_P4|TankWar_P5","TankWar_P1|TankWar_P2|TankWar_P3|TankWar_P4|TankWar_P5",false,"TankWar_P1|TankWar_P2|TankWar_P3|TankWar_P4|TankWar_P5","RESOLVED_INTERNAL"
"D253","E98","E80","FIELD_REFERENCE","IMPLEMENTATION","C:\Users\JBNU\git\ConstraintsRecovery\assets\tankwar\asset14",215,"C:\Users\JBNU\git\ConstraintsRecovery\assets\tankwar\asset14","G4","G4","TankWar_P1|TankWar_P2|TankWar_P3|TankWar_P4|TankWar_P5","TankWar_P1|TankWar_P2|TankWar_P3|TankWar_P4|TankWar_P5",false,"TankWar_P1|TankWar_P2|TankWar_P3|TankWar_P4|TankWar_P5","RESOLVED_INTERNAL"
"D254","E98","E81","FIELD_REFERENCE","IMPLEMENTATION","C:\Users\JBNU\git\ConstraintsRecovery\assets\tankwar\asset14",215,"C:\Users\JBNU\git\ConstraintsRecovery\assets\tankwar\asset14","G4","G4","TankWar_P1|TankWar_P2|TankWar_P3|TankWar_P4|TankWar_P5","TankWar_P1|TankWar_P2|TankWar_P3|TankWar_P4|TankWar_P5",false,"TankWar_P1|TankWar_P2|TankWar_P3|TankWar_P4|TankWar_P5","RESOLVED_INTERNAL"
"D255","E98","E82","FIELD_REFERENCE","IMPLEMENTATION","C:\Users\JBNU\git\ConstraintsRecovery\assets\tankwar\asset14",215,"C:\Users\JBNU\git\ConstraintsRecovery\assets\tankwar\asset14","G4","G4","TankWar_P1|TankWar_P2|TankWar_P3|TankWar_P4|TankWar_P5","TankWar_P1|TankWar_P2|TankWar_P3|TankWar_P4|TankWar_P5",false,"TankWar_P1|TankWar_P2|TankWar_P3|TankWar_P4|TankWar_P5","RESOLVED_INTERNAL"
"D256","E98","E83","FIELD_REFERENCE","IMPLEMENTATION","C:\Users\JBNU\git\ConstraintsRecovery\assets\tankwar\asset14",215,"C:\Users\JBNU\git\ConstraintsRecovery\assets\tankwar\asset14","G4","G4","TankWar_P1|TankWar_P2|TankWar_P3|TankWar_P4|TankWar_P5","TankWar_P1|TankWar_P2|TankWar_P3|TankWar_P4|TankWar_P5",false,"TankWar_P1|TankWar_P2|TankWar_P3|TankWar_P4|TankWar_P5","RESOLVED_INTERNAL"
"D257","E98","E90","FIELD_REFERENCE","IMPLEMENTATION","C:\Users\JBNU\git\ConstraintsRecovery\assets\tankwar\asset14",216,"C:\Users\JBNU\git\ConstraintsRecovery\assets\tankwar\asset14","G4","G4","TankWar_P1|TankWar_P2|TankWar_P3|TankWar_P4|TankWar_P5","TankWar_P1|TankWar_P2|TankWar_P3|TankWar_P4|TankWar_P5",false,"TankWar_P1|TankWar_P2|TankWar_P3|TankWar_P4|TankWar_P5","RESOLVED_INTERNAL"
"D258","E98","E80","FIELD_REFERENCE","IMPLEMENTATION","C:\Users\JBNU\git\ConstraintsRecovery\assets\tankwar\asset14",217,"C:\Users\JBNU\git\ConstraintsRecovery\assets\tankwar\asset14","G4","G4","TankWar_P1|TankWar_P2|TankWar_P3|TankWar_P4|TankWar_P5","TankWar_P1|TankWar_P2|TankWar_P3|TankWar_P4|TankWar_P5",false,"TankWar_P1|TankWar_P2|TankWar_P3|TankWar_P4|TankWar_P5","RESOLVED_INTERNAL"
"D259","E98","E81","FIELD_REFERENCE","IMPLEMENTATION","C:\Users\JBNU\git\ConstraintsRecovery\assets\tankwar\asset14",217,"C:\Users\JBNU\git\ConstraintsRecovery\assets\tankwar\asset14","G4","G4","TankWar_P1|TankWar_P2|TankWar_P3|TankWar_P4|TankWar_P5","TankWar_P1|TankWar_P2|TankWar_P3|TankWar_P4|TankWar_P5",false,"TankWar_P1|TankWar_P2|TankWar_P3|TankWar_P4|TankWar_P5","RESOLVED_INTERNAL"
"D260","E98","E82","FIELD_REFERENCE","IMPLEMENTATION","C:\Users\JBNU\git\ConstraintsRecovery\assets\tankwar\asset14",217,"C:\Users\JBNU\git\ConstraintsRecovery\assets\tankwar\asset14","G4","G4","TankWar_P1|TankWar_P2|TankWar_P3|TankWar_P4|TankWar_P5","TankWar_P1|TankWar_P2|TankWar_P3|TankWar_P4|TankWar_P5",false,"TankWar_P1|TankWar_P2|TankWar_P3|TankWar_P4|TankWar_P5","RESOLVED_INTERNAL"
"D261","E98","E83","FIELD_REFERENCE","IMPLEMENTATION","C:\Users\JBNU\git\ConstraintsRecovery\assets\tankwar\asset14",217,"C:\Users\JBNU\git\ConstraintsRecovery\assets\tankwar\asset14","G4","G4","TankWar_P1|TankWar_P2|TankWar_P3|TankWar_P4|TankWar_P5","TankWar_P1|TankWar_P2|TankWar_P3|TankWar_P4|TankWar_P5",false,"TankWar_P1|TankWar_P2|TankWar_P3|TankWar_P4|TankWar_P5","RESOLVED_INTERNAL"
"D262","E98","E90","FIELD_REFERENCE","IMPLEMENTATION","C:\Users\JBNU\git\ConstraintsRecovery\assets\tankwar\asset14",218,"C:\Users\JBNU\git\ConstraintsRecovery\assets\tankwar\asset14","G4","G4","TankWar_P1|TankWar_P2|TankWar_P3|TankWar_P4|TankWar_P5","TankWar_P1|TankWar_P2|TankWar_P3|TankWar_P4|TankWar_P5",false,"TankWar_P1|TankWar_P2|TankWar_P3|TankWar_P4|TankWar_P5","RESOLVED_INTERNAL"
"D263","E98","E80","FIELD_REFERENCE","IMPLEMENTATION","C:\Users\JBNU\git\ConstraintsRecovery\assets\tankwar\asset14",219,"C:\Users\JBNU\git\ConstraintsRecovery\assets\tankwar\asset14","G4","G4","TankWar_P1|TankWar_P2|TankWar_P3|TankWar_P4|TankWar_P5","TankWar_P1|TankWar_P2|TankWar_P3|TankWar_P4|TankWar_P5",false,"TankWar_P1|TankWar_P2|TankWar_P3|TankWar_P4|TankWar_P5","RESOLVED_INTERNAL"
"D264","E98","E81","FIELD_REFERENCE","IMPLEMENTATION","C:\Users\JBNU\git\ConstraintsRecovery\assets\tankwar\asset14",219,"C:\Users\JBNU\git\ConstraintsRecovery\assets\tankwar\asset14","G4","G4","TankWar_P1|TankWar_P2|TankWar_P3|TankWar_P4|TankWar_P5","TankWar_P1|TankWar_P2|TankWar_P3|TankWar_P4|TankWar_P5",false,"TankWar_P1|TankWar_P2|TankWar_P3|TankWar_P4|TankWar_P5","RESOLVED_INTERNAL"
"D265","E98","E82","FIELD_REFERENCE","IMPLEMENTATION","C:\Users\JBNU\git\ConstraintsRecovery\assets\tankwar\asset14",219,"C:\Users\JBNU\git\ConstraintsRecovery\assets\tankwar\asset14","G4","G4","TankWar_P1|TankWar_P2|TankWar_P3|TankWar_P4|TankWar_P5","TankWar_P1|TankWar_P2|TankWar_P3|TankWar_P4|TankWar_P5",false,"TankWar_P1|TankWar_P2|TankWar_P3|TankWar_P4|TankWar_P5","RESOLVED_INTERNAL"
"D266","E98","E83","FIELD_REFERENCE","IMPLEMENTATION","C:\Users\JBNU\git\ConstraintsRecovery\assets\tankwar\asset14",219,"C:\Users\JBNU\git\ConstraintsRecovery\assets\tankwar\asset14","G4","G4","TankWar_P1|TankWar_P2|TankWar_P3|TankWar_P4|TankWar_P5","TankWar_P1|TankWar_P2|TankWar_P3|TankWar_P4|TankWar_P5",false,"TankWar_P1|TankWar_P2|TankWar_P3|TankWar_P4|TankWar_P5","RESOLVED_INTERNAL"
"D267","E98","E90","FIELD_REFERENCE","IMPLEMENTATION","C:\Users\JBNU\git\ConstraintsRecovery\assets\tankwar\asset14",220,"C:\Users\JBNU\git\ConstraintsRecovery\assets\tankwar\asset14","G4","G4","TankWar_P1|TankWar_P2|TankWar_P3|TankWar_P4|TankWar_P5","TankWar_P1|TankWar_P2|TankWar_P3|TankWar_P4|TankWar_P5",false,"TankWar_P1|TankWar_P2|TankWar_P3|TankWar_P4|TankWar_P5","RESOLVED_INTERNAL"
"D268","E98","E80","FIELD_REFERENCE","IMPLEMENTATION","C:\Users\JBNU\git\ConstraintsRecovery\assets\tankwar\asset14",221,"C:\Users\JBNU\git\ConstraintsRecovery\assets\tankwar\asset14","G4","G4","TankWar_P1|TankWar_P2|TankWar_P3|TankWar_P4|TankWar_P5","TankWar_P1|TankWar_P2|TankWar_P3|TankWar_P4|TankWar_P5",false,"TankWar_P1|TankWar_P2|TankWar_P3|TankWar_P4|TankWar_P5","RESOLVED_INTERNAL"
"D269","E98","E81","FIELD_REFERENCE","IMPLEMENTATION","C:\Users\JBNU\git\ConstraintsRecovery\assets\tankwar\asset14",221,"C:\Users\JBNU\git\ConstraintsRecovery\assets\tankwar\asset14","G4","G4","TankWar_P1|TankWar_P2|TankWar_P3|TankWar_P4|TankWar_P5","TankWar_P1|TankWar_P2|TankWar_P3|TankWar_P4|TankWar_P5",false,"TankWar_P1|TankWar_P2|TankWar_P3|TankWar_P4|TankWar_P5","RESOLVED_INTERNAL"
"D270","E98","E82","FIELD_REFERENCE","IMPLEMENTATION","C:\Users\JBNU\git\ConstraintsRecovery\assets\tankwar\asset14",221,"C:\Users\JBNU\git\ConstraintsRecovery\assets\tankwar\asset14","G4","G4","TankWar_P1|TankWar_P2|TankWar_P3|TankWar_P4|TankWar_P5","TankWar_P1|TankWar_P2|TankWar_P3|TankWar_P4|TankWar_P5",false,"TankWar_P1|TankWar_P2|TankWar_P3|TankWar_P4|TankWar_P5","RESOLVED_INTERNAL"
"D271","E98","E83","FIELD_REFERENCE","IMPLEMENTATION","C:\Users\JBNU\git\ConstraintsRecovery\assets\tankwar\asset14",221,"C:\Users\JBNU\git\ConstraintsRecovery\assets\tankwar\asset14","G4","G4","TankWar_P1|TankWar_P2|TankWar_P3|TankWar_P4|TankWar_P5","TankWar_P1|TankWar_P2|TankWar_P3|TankWar_P4|TankWar_P5",false,"TankWar_P1|TankWar_P2|TankWar_P3|TankWar_P4|TankWar_P5","RESOLVED_INTERNAL"
"D272","E98","E90","FIELD_REFERENCE","IMPLEMENTATION","C:\Users\JBNU\git\ConstraintsRecovery\assets\tankwar\asset14",222,"C:\Users\JBNU\git\ConstraintsRecovery\assets\tankwar\asset14","G4","G4","TankWar_P1|TankWar_P2|TankWar_P3|TankWar_P4|TankWar_P5","TankWar_P1|TankWar_P2|TankWar_P3|TankWar_P4|TankWar_P5",false,"TankWar_P1|TankWar_P2|TankWar_P3|TankWar_P4|TankWar_P5","RESOLVED_INTERNAL"
"D273","E98","E80","FIELD_REFERENCE","IMPLEMENTATION","C:\Users\JBNU\git\ConstraintsRecovery\assets\tankwar\asset14",223,"C:\Users\JBNU\git\ConstraintsRecovery\assets\tankwar\asset14","G4","G4","TankWar_P1|TankWar_P2|TankWar_P3|TankWar_P4|TankWar_P5","TankWar_P1|TankWar_P2|TankWar_P3|TankWar_P4|TankWar_P5",false,"TankWar_P1|TankWar_P2|TankWar_P3|TankWar_P4|TankWar_P5","RESOLVED_INTERNAL"
"D274","E98","E81","FIELD_REFERENCE","IMPLEMENTATION","C:\Users\JBNU\git\ConstraintsRecovery\assets\tankwar\asset14",223,"C:\Users\JBNU\git\ConstraintsRecovery\assets\tankwar\asset14","G4","G4","TankWar_P1|TankWar_P2|TankWar_P3|TankWar_P4|TankWar_P5","TankWar_P1|TankWar_P2|TankWar_P3|TankWar_P4|TankWar_P5",false,"TankWar_P1|TankWar_P2|TankWar_P3|TankWar_P4|TankWar_P5","RESOLVED_INTERNAL"
"D275","E98","E82","FIELD_REFERENCE","IMPLEMENTATION","C:\Users\JBNU\git\ConstraintsRecovery\assets\tankwar\asset14",223,"C:\Users\JBNU\git\ConstraintsRecovery\assets\tankwar\asset14","G4","G4","TankWar_P1|TankWar_P2|TankWar_P3|TankWar_P4|TankWar_P5","TankWar_P1|TankWar_P2|TankWar_P3|TankWar_P4|TankWar_P5",false,"TankWar_P1|TankWar_P2|TankWar_P3|TankWar_P4|TankWar_P5","RESOLVED_INTERNAL"
"D276","E98","E83","FIELD_REFERENCE","IMPLEMENTATION","C:\Users\JBNU\git\ConstraintsRecovery\assets\tankwar\asset14",223,"C:\Users\JBNU\git\ConstraintsRecovery\assets\tankwar\asset14","G4","G4","TankWar_P1|TankWar_P2|TankWar_P3|TankWar_P4|TankWar_P5","TankWar_P1|TankWar_P2|TankWar_P3|TankWar_P4|TankWar_P5",false,"TankWar_P1|TankWar_P2|TankWar_P3|TankWar_P4|TankWar_P5","RESOLVED_INTERNAL"
"D277","E98","E90","FIELD_REFERENCE","IMPLEMENTATION","C:\Users\JBNU\git\ConstraintsRecovery\assets\tankwar\asset14",224,"C:\Users\JBNU\git\ConstraintsRecovery\assets\tankwar\asset14","G4","G4","TankWar_P1|TankWar_P2|TankWar_P3|TankWar_P4|TankWar_P5","TankWar_P1|TankWar_P2|TankWar_P3|TankWar_P4|TankWar_P5",false,"TankWar_P1|TankWar_P2|TankWar_P3|TankWar_P4|TankWar_P5","RESOLVED_INTERNAL"
"D278","E98","E80","FIELD_REFERENCE","IMPLEMENTATION","C:\Users\JBNU\git\ConstraintsRecovery\assets\tankwar\asset14",225,"C:\Users\JBNU\git\ConstraintsRecovery\assets\tankwar\asset14","G4","G4","TankWar_P1|TankWar_P2|TankWar_P3|TankWar_P4|TankWar_P5","TankWar_P1|TankWar_P2|TankWar_P3|TankWar_P4|TankWar_P5",false,"TankWar_P1|TankWar_P2|TankWar_P3|TankWar_P4|TankWar_P5","RESOLVED_INTERNAL"
"D279","E98","E81","FIELD_REFERENCE","IMPLEMENTATION","C:\Users\JBNU\git\ConstraintsRecovery\assets\tankwar\asset14",225,"C:\Users\JBNU\git\ConstraintsRecovery\assets\tankwar\asset14","G4","G4","TankWar_P1|TankWar_P2|TankWar_P3|TankWar_P4|TankWar_P5","TankWar_P1|TankWar_P2|TankWar_P3|TankWar_P4|TankWar_P5",false,"TankWar_P1|TankWar_P2|TankWar_P3|TankWar_P4|TankWar_P5","RESOLVED_INTERNAL"
"D280","E98","E82","FIELD_REFERENCE","IMPLEMENTATION","C:\Users\JBNU\git\ConstraintsRecovery\assets\tankwar\asset14",225,"C:\Users\JBNU\git\ConstraintsRecovery\assets\tankwar\asset14","G4","G4","TankWar_P1|TankWar_P2|TankWar_P3|TankWar_P4|TankWar_P5","TankWar_P1|TankWar_P2|TankWar_P3|TankWar_P4|TankWar_P5",false,"TankWar_P1|TankWar_P2|TankWar_P3|TankWar_P4|TankWar_P5","RESOLVED_INTERNAL"
"D281","E98","E83","FIELD_REFERENCE","IMPLEMENTATION","C:\Users\JBNU\git\ConstraintsRecovery\assets\tankwar\asset14",225,"C:\Users\JBNU\git\ConstraintsRecovery\assets\tankwar\asset14","G4","G4","TankWar_P1|TankWar_P2|TankWar_P3|TankWar_P4|TankWar_P5","TankWar_P1|TankWar_P2|TankWar_P3|TankWar_P4|TankWar_P5",false,"TankWar_P1|TankWar_P2|TankWar_P3|TankWar_P4|TankWar_P5","RESOLVED_INTERNAL"
"D282","E98","E90","FIELD_REFERENCE","IMPLEMENTATION","C:\Users\JBNU\git\ConstraintsRecovery\assets\tankwar\asset14",226,"C:\Users\JBNU\git\ConstraintsRecovery\assets\tankwar\asset14","G4","G4","TankWar_P1|TankWar_P2|TankWar_P3|TankWar_P4|TankWar_P5","TankWar_P1|TankWar_P2|TankWar_P3|TankWar_P4|TankWar_P5",false,"TankWar_P1|TankWar_P2|TankWar_P3|TankWar_P4|TankWar_P5","RESOLVED_INTERNAL"
"D283","E98","E80","FIELD_REFERENCE","IMPLEMENTATION","C:\Users\JBNU\git\ConstraintsRecovery\assets\tankwar\asset14",227,"C:\Users\JBNU\git\ConstraintsRecovery\assets\tankwar\asset14","G4","G4","TankWar_P1|TankWar_P2|TankWar_P3|TankWar_P4|TankWar_P5","TankWar_P1|TankWar_P2|TankWar_P3|TankWar_P4|TankWar_P5",false,"TankWar_P1|TankWar_P2|TankWar_P3|TankWar_P4|TankWar_P5","RESOLVED_INTERNAL"
"D284","E98","E81","FIELD_REFERENCE","IMPLEMENTATION","C:\Users\JBNU\git\ConstraintsRecovery\assets\tankwar\asset14",227,"C:\Users\JBNU\git\ConstraintsRecovery\assets\tankwar\asset14","G4","G4","TankWar_P1|TankWar_P2|TankWar_P3|TankWar_P4|TankWar_P5","TankWar_P1|TankWar_P2|TankWar_P3|TankWar_P4|TankWar_P5",false,"TankWar_P1|TankWar_P2|TankWar_P3|TankWar_P4|TankWar_P5","RESOLVED_INTERNAL"
"D285","E98","E82","FIELD_REFERENCE","IMPLEMENTATION","C:\Users\JBNU\git\ConstraintsRecovery\assets\tankwar\asset14",227,"C:\Users\JBNU\git\ConstraintsRecovery\assets\tankwar\asset14","G4","G4","TankWar_P1|TankWar_P2|TankWar_P3|TankWar_P4|TankWar_P5","TankWar_P1|TankWar_P2|TankWar_P3|TankWar_P4|TankWar_P5",false,"TankWar_P1|TankWar_P2|TankWar_P3|TankWar_P4|TankWar_P5","RESOLVED_INTERNAL"
"D286","E98","E83","FIELD_REFERENCE","IMPLEMENTATION","C:\Users\JBNU\git\ConstraintsRecovery\assets\tankwar\asset14",227,"C:\Users\JBNU\git\ConstraintsRecovery\assets\tankwar\asset14","G4","G4","TankWar_P1|TankWar_P2|TankWar_P3|TankWar_P4|TankWar_P5","TankWar_P1|TankWar_P2|TankWar_P3|TankWar_P4|TankWar_P5",false,"TankWar_P1|TankWar_P2|TankWar_P3|TankWar_P4|TankWar_P5","RESOLVED_INTERNAL"
"D287","E98","E90","FIELD_REFERENCE","IMPLEMENTATION","C:\Users\JBNU\git\ConstraintsRecovery\assets\tankwar\asset14",228,"C:\Users\JBNU\git\ConstraintsRecovery\assets\tankwar\asset14","G4","G4","TankWar_P1|TankWar_P2|TankWar_P3|TankWar_P4|TankWar_P5","TankWar_P1|TankWar_P2|TankWar_P3|TankWar_P4|TankWar_P5",false,"TankWar_P1|TankWar_P2|TankWar_P3|TankWar_P4|TankWar_P5","RESOLVED_INTERNAL"
"D288","E99","E70","FIELD_REFERENCE","IMPLEMENTATION","C:\Users\JBNU\git\ConstraintsRecovery\assets\tankwar\asset14",231,"C:\Users\JBNU\git\ConstraintsRecovery\assets\tankwar\asset14","G4","G4","TankWar_P1|TankWar_P2|TankWar_P3|TankWar_P4|TankWar_P5","TankWar_P1|TankWar_P2|TankWar_P3|TankWar_P4|TankWar_P5",false,"TankWar_P1|TankWar_P2|TankWar_P3|TankWar_P4|TankWar_P5","RESOLVED_INTERNAL"
"D289","E99","E74","FIELD_REFERENCE","IMPLEMENTATION","C:\Users\JBNU\git\ConstraintsRecovery\assets\tankwar\asset14",231,"C:\Users\JBNU\git\ConstraintsRecovery\assets\tankwar\asset14","G4","G4","TankWar_P1|TankWar_P2|TankWar_P3|TankWar_P4|TankWar_P5","TankWar_P1|TankWar_P2|TankWar_P3|TankWar_P4|TankWar_P5",false,"TankWar_P1|TankWar_P2|TankWar_P3|TankWar_P4|TankWar_P5","RESOLVED_INTERNAL"
"D290","E99","E75","FIELD_REFERENCE","IMPLEMENTATION","C:\Users\JBNU\git\ConstraintsRecovery\assets\tankwar\asset14",231,"C:\Users\JBNU\git\ConstraintsRecovery\assets\tankwar\asset14","G4","G4","TankWar_P1|TankWar_P2|TankWar_P3|TankWar_P4|TankWar_P5","TankWar_P1|TankWar_P2|TankWar_P3|TankWar_P4|TankWar_P5",false,"TankWar_P1|TankWar_P2|TankWar_P3|TankWar_P4|TankWar_P5","RESOLVED_INTERNAL"
"D291","E99","E696","FIELD_REFERENCE","IMPLEMENTATION","C:\Users\JBNU\git\ConstraintsRecovery\assets\tankwar\asset14",232,"C:\Users\JBNU\git\ConstraintsRecovery\assets\tankwar\asset9","G4","G4","TankWar_P1|TankWar_P2|TankWar_P3|TankWar_P4|TankWar_P5","TankWar_P1|TankWar_P2|TankWar_P3|TankWar_P4|TankWar_P5",true,"TankWar_P1|TankWar_P2|TankWar_P3|TankWar_P4|TankWar_P5","RESOLVED_INTERNAL"
"D292","E99","E73","FIELD_REFERENCE","IMPLEMENTATION","C:\Users\JBNU\git\ConstraintsRecovery\assets\tankwar\asset14",232,"C:\Users\JBNU\git\ConstraintsRecovery\assets\tankwar\asset14","G4","G4","TankWar_P1|TankWar_P2|TankWar_P3|TankWar_P4|TankWar_P5","TankWar_P1|TankWar_P2|TankWar_P3|TankWar_P4|TankWar_P5",false,"TankWar_P1|TankWar_P2|TankWar_P3|TankWar_P4|TankWar_P5","RESOLVED_INTERNAL"
"D293","E99","E85","FIELD_REFERENCE","IMPLEMENTATION","C:\Users\JBNU\git\ConstraintsRecovery\assets\tankwar\asset14",232,"C:\Users\JBNU\git\ConstraintsRecovery\assets\tankwar\asset14","G4","G4","TankWar_P1|TankWar_P2|TankWar_P3|TankWar_P4|TankWar_P5","TankWar_P1|TankWar_P2|TankWar_P3|TankWar_P4|TankWar_P5",false,"TankWar_P1|TankWar_P2|TankWar_P3|TankWar_P4|TankWar_P5","RESOLVED_INTERNAL"
"D294","E99","E89","FIELD_REFERENCE","IMPLEMENTATION","C:\Users\JBNU\git\ConstraintsRecovery\assets\tankwar\asset14",232,"C:\Users\JBNU\git\ConstraintsRecovery\assets\tankwar\asset14","G4","G4","TankWar_P1|TankWar_P2|TankWar_P3|TankWar_P4|TankWar_P5","TankWar_P1|TankWar_P2|TankWar_P3|TankWar_P4|TankWar_P5",false,"TankWar_P1|TankWar_P2|TankWar_P3|TankWar_P4|TankWar_P5","RESOLVED_INTERNAL"
"D295","E99","E70","FIELD_REFERENCE","IMPLEMENTATION","C:\Users\JBNU\git\ConstraintsRecovery\assets\tankwar\asset14",233,"C:\Users\JBNU\git\ConstraintsRecovery\assets\tankwar\asset14","G4","G4","TankWar_P1|TankWar_P2|TankWar_P3|TankWar_P4|TankWar_P5","TankWar_P1|TankWar_P2|TankWar_P3|TankWar_P4|TankWar_P5",false,"TankWar_P1|TankWar_P2|TankWar_P3|TankWar_P4|TankWar_P5","RESOLVED_INTERNAL"
"D296","E99","E74","FIELD_REFERENCE","IMPLEMENTATION","C:\Users\JBNU\git\ConstraintsRecovery\assets\tankwar\asset14",233,"C:\Users\JBNU\git\ConstraintsRecovery\assets\tankwar\asset14","G4","G4","TankWar_P1|TankWar_P2|TankWar_P3|TankWar_P4|TankWar_P5","TankWar_P1|TankWar_P2|TankWar_P3|TankWar_P4|TankWar_P5",false,"TankWar_P1|TankWar_P2|TankWar_P3|TankWar_P4|TankWar_P5","RESOLVED_INTERNAL"
"D297","E100","E689","FIELD_REFERENCE","IMPLEMENTATION","C:\Users\JBNU\git\ConstraintsRecovery\assets\tankwar\asset14",237,"C:\Users\JBNU\git\ConstraintsRecovery\assets\tankwar\asset9","G4","G4","TankWar_P1|TankWar_P2|TankWar_P3|TankWar_P4|TankWar_P5","TankWar_P1|TankWar_P2|TankWar_P3|TankWar_P4|TankWar_P5",true,"TankWar_P1|TankWar_P2|TankWar_P3|TankWar_P4|TankWar_P5","RESOLVED_INTERNAL"
"D298","E100","E689","FIELD_REFERENCE","IMPLEMENTATION","C:\Users\JBNU\git\ConstraintsRecovery\assets\tankwar\asset14",238,"C:\Users\JBNU\git\ConstraintsRecovery\assets\tankwar\asset9","G4","G4","TankWar_P1|TankWar_P2|TankWar_P3|TankWar_P4|TankWar_P5","TankWar_P1|TankWar_P2|TankWar_P3|TankWar_P4|TankWar_P5",true,"TankWar_P1|TankWar_P2|TankWar_P3|TankWar_P4|TankWar_P5","RESOLVED_INTERNAL"
"D299","E100","E689","FIELD_REFERENCE","IMPLEMENTATION","C:\Users\JBNU\git\ConstraintsRecovery\assets\tankwar\asset14",239,"C:\Users\JBNU\git\ConstraintsRecovery\assets\tankwar\asset9","G4","G4","TankWar_P1|TankWar_P2|TankWar_P3|TankWar_P4|TankWar_P5","TankWar_P1|TankWar_P2|TankWar_P3|TankWar_P4|TankWar_P5",true,"TankWar_P1|TankWar_P2|TankWar_P3|TankWar_P4|TankWar_P5","RESOLVED_INTERNAL"
"D300","E100","E689","FIELD_REFERENCE","IMPLEMENTATION","C:\Users\JBNU\git\ConstraintsRecovery\assets\tankwar\asset14",240,"C:\Users\JBNU\git\ConstraintsRecovery\assets\tankwar\asset9","G4","G4","TankWar_P1|TankWar_P2|TankWar_P3|TankWar_P4|TankWar_P5","TankWar_P1|TankWar_P2|TankWar_P3|TankWar_P4|TankWar_P5",true,"TankWar_P1|TankWar_P2|TankWar_P3|TankWar_P4|TankWar_P5","RESOLVED_INTERNAL"
"D301","E100","E85","FIELD_REFERENCE","IMPLEMENTATION","C:\Users\JBNU\git\ConstraintsRecovery\assets\tankwar\asset14",241,"C:\Users\JBNU\git\ConstraintsRecovery\assets\tankwar\asset14","G4","G4","TankWar_P1|TankWar_P2|TankWar_P3|TankWar_P4|TankWar_P5","TankWar_P1|TankWar_P2|TankWar_P3|TankWar_P4|TankWar_P5",false,"TankWar_P1|TankWar_P2|TankWar_P3|TankWar_P4|TankWar_P5","RESOLVED_INTERNAL"
"D302","E100","E87","FIELD_REFERENCE","IMPLEMENTATION","C:\Users\JBNU\git\ConstraintsRecovery\assets\tankwar\asset14",241,"C:\Users\JBNU\git\ConstraintsRecovery\assets\tankwar\asset14","G4","G4","TankWar_P1|TankWar_P2|TankWar_P3|TankWar_P4|TankWar_P5","TankWar_P1|TankWar_P2|TankWar_P3|TankWar_P4|TankWar_P5",false,"TankWar_P1|TankWar_P2|TankWar_P3|TankWar_P4|TankWar_P5","RESOLVED_INTERNAL"
"D303","E100","E101","METHOD_CALL","IMPLEMENTATION","C:\Users\JBNU\git\ConstraintsRecovery\assets\tankwar\asset14",242,"C:\Users\JBNU\git\ConstraintsRecovery\assets\tankwar\asset14","G4","G4","TankWar_P1|TankWar_P2|TankWar_P3|TankWar_P4|TankWar_P5","TankWar_P1|TankWar_P2|TankWar_P3|TankWar_P4|TankWar_P5",false,"TankWar_P1|TankWar_P2|TankWar_P3|TankWar_P4|TankWar_P5","RESOLVED_INTERNAL"
"D304","E100","E68","FIELD_REFERENCE","IMPLEMENTATION","C:\Users\JBNU\git\ConstraintsRecovery\assets\tankwar\asset14",248,"C:\Users\JBNU\git\ConstraintsRecovery\assets\tankwar\asset14","G4","G4","TankWar_P1|TankWar_P2|TankWar_P3|TankWar_P4|TankWar_P5","TankWar_P1|TankWar_P2|TankWar_P3|TankWar_P4|TankWar_P5",false,"TankWar_P1|TankWar_P2|TankWar_P3|TankWar_P4|TankWar_P5","RESOLVED_INTERNAL"
"D305","E100","E69","FIELD_REFERENCE","IMPLEMENTATION","C:\Users\JBNU\git\ConstraintsRecovery\assets\tankwar\asset14",249,"C:\Users\JBNU\git\ConstraintsRecovery\assets\tankwar\asset14","G4","G4","TankWar_P1|TankWar_P2|TankWar_P3|TankWar_P4|TankWar_P5","TankWar_P1|TankWar_P2|TankWar_P3|TankWar_P4|TankWar_P5",false,"TankWar_P1|TankWar_P2|TankWar_P3|TankWar_P4|TankWar_P5","RESOLVED_INTERNAL"
"D306","E100","E84","FIELD_REFERENCE","IMPLEMENTATION","C:\Users\JBNU\git\ConstraintsRecovery\assets\tankwar\asset14",252,"C:\Users\JBNU\git\ConstraintsRecovery\assets\tankwar\asset14","G4","G4","TankWar_P1|TankWar_P2|TankWar_P3|TankWar_P4|TankWar_P5","TankWar_P1|TankWar_P2|TankWar_P3|TankWar_P4|TankWar_P5",false,"TankWar_P1|TankWar_P2|TankWar_P3|TankWar_P4|TankWar_P5","RESOLVED_INTERNAL"
"D307","E100","E84","FIELD_REFERENCE","IMPLEMENTATION","C:\Users\JBNU\git\ConstraintsRecovery\assets\tankwar\asset14",253,"C:\Users\JBNU\git\ConstraintsRecovery\assets\tankwar\asset14","G4","G4","TankWar_P1|TankWar_P2|TankWar_P3|TankWar_P4|TankWar_P5","TankWar_P1|TankWar_P2|TankWar_P3|TankWar_P4|TankWar_P5",false,"TankWar_P1|TankWar_P2|TankWar_P3|TankWar_P4|TankWar_P5","RESOLVED_INTERNAL"
"D308","E100","E88","FIELD_REFERENCE","IMPLEMENTATION","C:\Users\JBNU\git\ConstraintsRecovery\assets\tankwar\asset14",254,"C:\Users\JBNU\git\ConstraintsRecovery\assets\tankwar\asset14","G4","G4","TankWar_P1|TankWar_P2|TankWar_P3|TankWar_P4|TankWar_P5","TankWar_P1|TankWar_P2|TankWar_P3|TankWar_P4|TankWar_P5",false,"TankWar_P1|TankWar_P2|TankWar_P3|TankWar_P4|TankWar_P5","RESOLVED_INTERNAL"
"D309","E100","E89","FIELD_REFERENCE","IMPLEMENTATION","C:\Users\JBNU\git\ConstraintsRecovery\assets\tankwar\asset14",254,"C:\Users\JBNU\git\ConstraintsRecovery\assets\tankwar\asset14","G4","G4","TankWar_P1|TankWar_P2|TankWar_P3|TankWar_P4|TankWar_P5","TankWar_P1|TankWar_P2|TankWar_P3|TankWar_P4|TankWar_P5",false,"TankWar_P1|TankWar_P2|TankWar_P3|TankWar_P4|TankWar_P5","RESOLVED_INTERNAL"
"D310","E100","E84","FIELD_REFERENCE","IMPLEMENTATION","C:\Users\JBNU\git\ConstraintsRecovery\assets\tankwar\asset14",257,"C:\Users\JBNU\git\ConstraintsRecovery\assets\tankwar\asset14","G4","G4","TankWar_P1|TankWar_P2|TankWar_P3|TankWar_P4|TankWar_P5","TankWar_P1|TankWar_P2|TankWar_P3|TankWar_P4|TankWar_P5",false,"TankWar_P1|TankWar_P2|TankWar_P3|TankWar_P4|TankWar_P5","RESOLVED_INTERNAL"
"D311","E100","E84","FIELD_REFERENCE","IMPLEMENTATION","C:\Users\JBNU\git\ConstraintsRecovery\assets\tankwar\asset14",259,"C:\Users\JBNU\git\ConstraintsRecovery\assets\tankwar\asset14","G4","G4","TankWar_P1|TankWar_P2|TankWar_P3|TankWar_P4|TankWar_P5","TankWar_P1|TankWar_P2|TankWar_P3|TankWar_P4|TankWar_P5",false,"TankWar_P1|TankWar_P2|TankWar_P3|TankWar_P4|TankWar_P5","RESOLVED_INTERNAL"
"D312","E100","E88","FIELD_REFERENCE","IMPLEMENTATION","C:\Users\JBNU\git\ConstraintsRecovery\assets\tankwar\asset14",260,"C:\Users\JBNU\git\ConstraintsRecovery\assets\tankwar\asset14","G4","G4","TankWar_P1|TankWar_P2|TankWar_P3|TankWar_P4|TankWar_P5","TankWar_P1|TankWar_P2|TankWar_P3|TankWar_P4|TankWar_P5",false,"TankWar_P1|TankWar_P2|TankWar_P3|TankWar_P4|TankWar_P5","RESOLVED_INTERNAL"
"D313","E100","E67","FIELD_REFERENCE","IMPLEMENTATION","C:\Users\JBNU\git\ConstraintsRecovery\assets\tankwar\asset14",262,"C:\Users\JBNU\git\ConstraintsRecovery\assets\tankwar\asset14","G4","G4","TankWar_P1|TankWar_P2|TankWar_P3|TankWar_P4|TankWar_P5","TankWar_P1|TankWar_P2|TankWar_P3|TankWar_P4|TankWar_P5",false,"TankWar_P1|TankWar_P2|TankWar_P3|TankWar_P4|TankWar_P5","RESOLVED_INTERNAL"
"D314","E100","E687","FIELD_REFERENCE","IMPLEMENTATION","C:\Users\JBNU\git\ConstraintsRecovery\assets\tankwar\asset14",262,"C:\Users\JBNU\git\ConstraintsRecovery\assets\tankwar\asset9","G4","G4","TankWar_P1|TankWar_P2|TankWar_P3|TankWar_P4|TankWar_P5","TankWar_P1|TankWar_P2|TankWar_P3|TankWar_P4|TankWar_P5",true,"TankWar_P1|TankWar_P2|TankWar_P3|TankWar_P4|TankWar_P5","RESOLVED_INTERNAL"
"D315","E100","E69","FIELD_REFERENCE","IMPLEMENTATION","C:\Users\JBNU\git\ConstraintsRecovery\assets\tankwar\asset14",262,"C:\Users\JBNU\git\ConstraintsRecovery\assets\tankwar\asset14","G4","G4","TankWar_P1|TankWar_P2|TankWar_P3|TankWar_P4|TankWar_P5","TankWar_P1|TankWar_P2|TankWar_P3|TankWar_P4|TankWar_P5",false,"TankWar_P1|TankWar_P2|TankWar_P3|TankWar_P4|TankWar_P5","RESOLVED_INTERNAL"
"D316","E100","E87","FIELD_REFERENCE","IMPLEMENTATION","C:\Users\JBNU\git\ConstraintsRecovery\assets\tankwar\asset14",262,"C:\Users\JBNU\git\ConstraintsRecovery\assets\tankwar\asset14","G4","G4","TankWar_P1|TankWar_P2|TankWar_P3|TankWar_P4|TankWar_P5","TankWar_P1|TankWar_P2|TankWar_P3|TankWar_P4|TankWar_P5",false,"TankWar_P1|TankWar_P2|TankWar_P3|TankWar_P4|TankWar_P5","RESOLVED_INTERNAL"
"D317","E100","E69","FIELD_REFERENCE","IMPLEMENTATION","C:\Users\JBNU\git\ConstraintsRecovery\assets\tankwar\asset14",263,"C:\Users\JBNU\git\ConstraintsRecovery\assets\tankwar\asset14","G4","G4","TankWar_P1|TankWar_P2|TankWar_P3|TankWar_P4|TankWar_P5","TankWar_P1|TankWar_P2|TankWar_P3|TankWar_P4|TankWar_P5",false,"TankWar_P1|TankWar_P2|TankWar_P3|TankWar_P4|TankWar_P5","RESOLVED_INTERNAL"
"D318","E100","E280","METHOD_CALL","IMPLEMENTATION","C:\Users\JBNU\git\ConstraintsRecovery\assets\tankwar\asset14",263,"C:\Users\JBNU\git\ConstraintsRecovery\assets\tankwar\asset22","G4","G4","TankWar_P1|TankWar_P2|TankWar_P3|TankWar_P4|TankWar_P5","TankWar_P1|TankWar_P2|TankWar_P3|TankWar_P4|TankWar_P5",true,"TankWar_P1|TankWar_P2|TankWar_P3|TankWar_P4|TankWar_P5","RESOLVED_INTERNAL"
"D319","E100","E90","FIELD_REFERENCE","IMPLEMENTATION","C:\Users\JBNU\git\ConstraintsRecovery\assets\tankwar\asset14",264,"C:\Users\JBNU\git\ConstraintsRecovery\assets\tankwar\asset14","G4","G4","TankWar_P1|TankWar_P2|TankWar_P3|TankWar_P4|TankWar_P5","TankWar_P1|TankWar_P2|TankWar_P3|TankWar_P4|TankWar_P5",false,"TankWar_P1|TankWar_P2|TankWar_P3|TankWar_P4|TankWar_P5","RESOLVED_INTERNAL"
"D320","E100","E689","FIELD_REFERENCE","IMPLEMENTATION","C:\Users\JBNU\git\ConstraintsRecovery\assets\tankwar\asset14",265,"C:\Users\JBNU\git\ConstraintsRecovery\assets\tankwar\asset9","G4","G4","TankWar_P1|TankWar_P2|TankWar_P3|TankWar_P4|TankWar_P5","TankWar_P1|TankWar_P2|TankWar_P3|TankWar_P4|TankWar_P5",true,"TankWar_P1|TankWar_P2|TankWar_P3|TankWar_P4|TankWar_P5","RESOLVED_INTERNAL"
"D321","E100","E689","FIELD_REFERENCE","IMPLEMENTATION","C:\Users\JBNU\git\ConstraintsRecovery\assets\tankwar\asset14",266,"C:\Users\JBNU\git\ConstraintsRecovery\assets\tankwar\asset9","G4","G4","TankWar_P1|TankWar_P2|TankWar_P3|TankWar_P4|TankWar_P5","TankWar_P1|TankWar_P2|TankWar_P3|TankWar_P4|TankWar_P5",true,"TankWar_P1|TankWar_P2|TankWar_P3|TankWar_P4|TankWar_P5","RESOLVED_INTERNAL"
"D322","E100","E69","FIELD_REFERENCE","IMPLEMENTATION","C:\Users\JBNU\git\ConstraintsRecovery\assets\tankwar\asset14",269,"C:\Users\JBNU\git\ConstraintsRecovery\assets\tankwar\asset14","G4","G4","TankWar_P1|TankWar_P2|TankWar_P3|TankWar_P4|TankWar_P5","TankWar_P1|TankWar_P2|TankWar_P3|TankWar_P4|TankWar_P5",false,"TankWar_P1|TankWar_P2|TankWar_P3|TankWar_P4|TankWar_P5","RESOLVED_INTERNAL"
"D323","E100","E69","FIELD_REFERENCE","IMPLEMENTATION","C:\Users\JBNU\git\ConstraintsRecovery\assets\tankwar\asset14",270,"C:\Users\JBNU\git\ConstraintsRecovery\assets\tankwar\asset14","G4","G4","TankWar_P1|TankWar_P2|TankWar_P3|TankWar_P4|TankWar_P5","TankWar_P1|TankWar_P2|TankWar_P3|TankWar_P4|TankWar_P5",false,"TankWar_P1|TankWar_P2|TankWar_P3|TankWar_P4|TankWar_P5","RESOLVED_INTERNAL"
"D324","E100","E689","FIELD_REFERENCE","IMPLEMENTATION","C:\Users\JBNU\git\ConstraintsRecovery\assets\tankwar\asset14",273,"C:\Users\JBNU\git\ConstraintsRecovery\assets\tankwar\asset9","G4","G4","TankWar_P1|TankWar_P2|TankWar_P3|TankWar_P4|TankWar_P5","TankWar_P1|TankWar_P2|TankWar_P3|TankWar_P4|TankWar_P5",true,"TankWar_P1|TankWar_P2|TankWar_P3|TankWar_P4|TankWar_P5","RESOLVED_INTERNAL"
"D325","E100","E67","FIELD_REFERENCE","IMPLEMENTATION","C:\Users\JBNU\git\ConstraintsRecovery\assets\tankwar\asset14",276,"C:\Users\JBNU\git\ConstraintsRecovery\assets\tankwar\asset14","G4","G4","TankWar_P1|TankWar_P2|TankWar_P3|TankWar_P4|TankWar_P5","TankWar_P1|TankWar_P2|TankWar_P3|TankWar_P4|TankWar_P5",false,"TankWar_P1|TankWar_P2|TankWar_P3|TankWar_P4|TankWar_P5","RESOLVED_INTERNAL"
"D326","E100","E68","FIELD_REFERENCE","IMPLEMENTATION","C:\Users\JBNU\git\ConstraintsRecovery\assets\tankwar\asset14",276,"C:\Users\JBNU\git\ConstraintsRecovery\assets\tankwar\asset14","G4","G4","TankWar_P1|TankWar_P2|TankWar_P3|TankWar_P4|TankWar_P5","TankWar_P1|TankWar_P2|TankWar_P3|TankWar_P4|TankWar_P5",false,"TankWar_P1|TankWar_P2|TankWar_P3|TankWar_P4|TankWar_P5","RESOLVED_INTERNAL"
"D327","E100","E687","FIELD_REFERENCE","IMPLEMENTATION","C:\Users\JBNU\git\ConstraintsRecovery\assets\tankwar\asset14",276,"C:\Users\JBNU\git\ConstraintsRecovery\assets\tankwar\asset9","G4","G4","TankWar_P1|TankWar_P2|TankWar_P3|TankWar_P4|TankWar_P5","TankWar_P1|TankWar_P2|TankWar_P3|TankWar_P4|TankWar_P5",true,"TankWar_P1|TankWar_P2|TankWar_P3|TankWar_P4|TankWar_P5","RESOLVED_INTERNAL"
"D328","E100","E87","FIELD_REFERENCE","IMPLEMENTATION","C:\Users\JBNU\git\ConstraintsRecovery\assets\tankwar\asset14",276,"C:\Users\JBNU\git\ConstraintsRecovery\assets\tankwar\asset14","G4","G4","TankWar_P1|TankWar_P2|TankWar_P3|TankWar_P4|TankWar_P5","TankWar_P1|TankWar_P2|TankWar_P3|TankWar_P4|TankWar_P5",false,"TankWar_P1|TankWar_P2|TankWar_P3|TankWar_P4|TankWar_P5","RESOLVED_INTERNAL"
"D329","E100","E68","FIELD_REFERENCE","IMPLEMENTATION","C:\Users\JBNU\git\ConstraintsRecovery\assets\tankwar\asset14",277,"C:\Users\JBNU\git\ConstraintsRecovery\assets\tankwar\asset14","G4","G4","TankWar_P1|TankWar_P2|TankWar_P3|TankWar_P4|TankWar_P5","TankWar_P1|TankWar_P2|TankWar_P3|TankWar_P4|TankWar_P5",false,"TankWar_P1|TankWar_P2|TankWar_P3|TankWar_P4|TankWar_P5","RESOLVED_INTERNAL"
"D330","E100","E280","METHOD_CALL","IMPLEMENTATION","C:\Users\JBNU\git\ConstraintsRecovery\assets\tankwar\asset14",277,"C:\Users\JBNU\git\ConstraintsRecovery\assets\tankwar\asset22","G4","G4","TankWar_P1|TankWar_P2|TankWar_P3|TankWar_P4|TankWar_P5","TankWar_P1|TankWar_P2|TankWar_P3|TankWar_P4|TankWar_P5",true,"TankWar_P1|TankWar_P2|TankWar_P3|TankWar_P4|TankWar_P5","RESOLVED_INTERNAL"
"D331","E100","E90","FIELD_REFERENCE","IMPLEMENTATION","C:\Users\JBNU\git\ConstraintsRecovery\assets\tankwar\asset14",278,"C:\Users\JBNU\git\ConstraintsRecovery\assets\tankwar\asset14","G4","G4","TankWar_P1|TankWar_P2|TankWar_P3|TankWar_P4|TankWar_P5","TankWar_P1|TankWar_P2|TankWar_P3|TankWar_P4|TankWar_P5",false,"TankWar_P1|TankWar_P2|TankWar_P3|TankWar_P4|TankWar_P5","RESOLVED_INTERNAL"
"D332","E100","E689","FIELD_REFERENCE","IMPLEMENTATION","C:\Users\JBNU\git\ConstraintsRecovery\assets\tankwar\asset14",279,"C:\Users\JBNU\git\ConstraintsRecovery\assets\tankwar\asset9","G4","G4","TankWar_P1|TankWar_P2|TankWar_P3|TankWar_P4|TankWar_P5","TankWar_P1|TankWar_P2|TankWar_P3|TankWar_P4|TankWar_P5",true,"TankWar_P1|TankWar_P2|TankWar_P3|TankWar_P4|TankWar_P5","RESOLVED_INTERNAL"
"D333","E100","E689","FIELD_REFERENCE","IMPLEMENTATION","C:\Users\JBNU\git\ConstraintsRecovery\assets\tankwar\asset14",280,"C:\Users\JBNU\git\ConstraintsRecovery\assets\tankwar\asset9","G4","G4","TankWar_P1|TankWar_P2|TankWar_P3|TankWar_P4|TankWar_P5","TankWar_P1|TankWar_P2|TankWar_P3|TankWar_P4|TankWar_P5",true,"TankWar_P1|TankWar_P2|TankWar_P3|TankWar_P4|TankWar_P5","RESOLVED_INTERNAL"
"D334","E100","E689","FIELD_REFERENCE","IMPLEMENTATION","C:\Users\JBNU\git\ConstraintsRecovery\assets\tankwar\asset14",283,"C:\Users\JBNU\git\ConstraintsRecovery\assets\tankwar\asset9","G4","G4","TankWar_P1|TankWar_P2|TankWar_P3|TankWar_P4|TankWar_P5","TankWar_P1|TankWar_P2|TankWar_P3|TankWar_P4|TankWar_P5",true,"TankWar_P1|TankWar_P2|TankWar_P3|TankWar_P4|TankWar_P5","RESOLVED_INTERNAL"
"D335","E100","E689","FIELD_REFERENCE","IMPLEMENTATION","C:\Users\JBNU\git\ConstraintsRecovery\assets\tankwar\asset14",284,"C:\Users\JBNU\git\ConstraintsRecovery\assets\tankwar\asset9","G4","G4","TankWar_P1|TankWar_P2|TankWar_P3|TankWar_P4|TankWar_P5","TankWar_P1|TankWar_P2|TankWar_P3|TankWar_P4|TankWar_P5",true,"TankWar_P1|TankWar_P2|TankWar_P3|TankWar_P4|TankWar_P5","RESOLVED_INTERNAL"
"D336","E100","E67","FIELD_REFERENCE","IMPLEMENTATION","C:\Users\JBNU\git\ConstraintsRecovery\assets\tankwar\asset14",288,"C:\Users\JBNU\git\ConstraintsRecovery\assets\tankwar\asset14","G4","G4","TankWar_P1|TankWar_P2|TankWar_P3|TankWar_P4|TankWar_P5","TankWar_P1|TankWar_P2|TankWar_P3|TankWar_P4|TankWar_P5",false,"TankWar_P1|TankWar_P2|TankWar_P3|TankWar_P4|TankWar_P5","RESOLVED_INTERNAL"
"D337","E100","E687","FIELD_REFERENCE","IMPLEMENTATION","C:\Users\JBNU\git\ConstraintsRecovery\assets\tankwar\asset14",288,"C:\Users\JBNU\git\ConstraintsRecovery\assets\tankwar\asset9","G4","G4","TankWar_P1|TankWar_P2|TankWar_P3|TankWar_P4|TankWar_P5","TankWar_P1|TankWar_P2|TankWar_P3|TankWar_P4|TankWar_P5",true,"TankWar_P1|TankWar_P2|TankWar_P3|TankWar_P4|TankWar_P5","RESOLVED_INTERNAL"
"D338","E100","E69","FIELD_REFERENCE","IMPLEMENTATION","C:\Users\JBNU\git\ConstraintsRecovery\assets\tankwar\asset14",288,"C:\Users\JBNU\git\ConstraintsRecovery\assets\tankwar\asset14","G4","G4","TankWar_P1|TankWar_P2|TankWar_P3|TankWar_P4|TankWar_P5","TankWar_P1|TankWar_P2|TankWar_P3|TankWar_P4|TankWar_P5",false,"TankWar_P1|TankWar_P2|TankWar_P3|TankWar_P4|TankWar_P5","RESOLVED_INTERNAL"
"D339","E100","E87","FIELD_REFERENCE","IMPLEMENTATION","C:\Users\JBNU\git\ConstraintsRecovery\assets\tankwar\asset14",288,"C:\Users\JBNU\git\ConstraintsRecovery\assets\tankwar\asset14","G4","G4","TankWar_P1|TankWar_P2|TankWar_P3|TankWar_P4|TankWar_P5","TankWar_P1|TankWar_P2|TankWar_P3|TankWar_P4|TankWar_P5",false,"TankWar_P1|TankWar_P2|TankWar_P3|TankWar_P4|TankWar_P5","RESOLVED_INTERNAL"
"D340","E100","E69","FIELD_REFERENCE","IMPLEMENTATION","C:\Users\JBNU\git\ConstraintsRecovery\assets\tankwar\asset14",289,"C:\Users\JBNU\git\ConstraintsRecovery\assets\tankwar\asset14","G4","G4","TankWar_P1|TankWar_P2|TankWar_P3|TankWar_P4|TankWar_P5","TankWar_P1|TankWar_P2|TankWar_P3|TankWar_P4|TankWar_P5",false,"TankWar_P1|TankWar_P2|TankWar_P3|TankWar_P4|TankWar_P5","RESOLVED_INTERNAL"
"D341","E100","E280","METHOD_CALL","IMPLEMENTATION","C:\Users\JBNU\git\ConstraintsRecovery\assets\tankwar\asset14",289,"C:\Users\JBNU\git\ConstraintsRecovery\assets\tankwar\asset22","G4","G4","TankWar_P1|TankWar_P2|TankWar_P3|TankWar_P4|TankWar_P5","TankWar_P1|TankWar_P2|TankWar_P3|TankWar_P4|TankWar_P5",true,"TankWar_P1|TankWar_P2|TankWar_P3|TankWar_P4|TankWar_P5","RESOLVED_INTERNAL"
"D342","E100","E90","FIELD_REFERENCE","IMPLEMENTATION","C:\Users\JBNU\git\ConstraintsRecovery\assets\tankwar\asset14",290,"C:\Users\JBNU\git\ConstraintsRecovery\assets\tankwar\asset14","G4","G4","TankWar_P1|TankWar_P2|TankWar_P3|TankWar_P4|TankWar_P5","TankWar_P1|TankWar_P2|TankWar_P3|TankWar_P4|TankWar_P5",false,"TankWar_P1|TankWar_P2|TankWar_P3|TankWar_P4|TankWar_P5","RESOLVED_INTERNAL"
"D343","E100","E689","FIELD_REFERENCE","IMPLEMENTATION","C:\Users\JBNU\git\ConstraintsRecovery\assets\tankwar\asset14",291,"C:\Users\JBNU\git\ConstraintsRecovery\assets\tankwar\asset9","G4","G4","TankWar_P1|TankWar_P2|TankWar_P3|TankWar_P4|TankWar_P5","TankWar_P1|TankWar_P2|TankWar_P3|TankWar_P4|TankWar_P5",true,"TankWar_P1|TankWar_P2|TankWar_P3|TankWar_P4|TankWar_P5","RESOLVED_INTERNAL"
"D344","E100","E689","FIELD_REFERENCE","IMPLEMENTATION","C:\Users\JBNU\git\ConstraintsRecovery\assets\tankwar\asset14",292,"C:\Users\JBNU\git\ConstraintsRecovery\assets\tankwar\asset9","G4","G4","TankWar_P1|TankWar_P2|TankWar_P3|TankWar_P4|TankWar_P5","TankWar_P1|TankWar_P2|TankWar_P3|TankWar_P4|TankWar_P5",true,"TankWar_P1|TankWar_P2|TankWar_P3|TankWar_P4|TankWar_P5","RESOLVED_INTERNAL"
"D345","E100","E689","FIELD_REFERENCE","IMPLEMENTATION","C:\Users\JBNU\git\ConstraintsRecovery\assets\tankwar\asset14",295,"C:\Users\JBNU\git\ConstraintsRecovery\assets\tankwar\asset9","G4","G4","TankWar_P1|TankWar_P2|TankWar_P3|TankWar_P4|TankWar_P5","TankWar_P1|TankWar_P2|TankWar_P3|TankWar_P4|TankWar_P5",true,"TankWar_P1|TankWar_P2|TankWar_P3|TankWar_P4|TankWar_P5","RESOLVED_INTERNAL"
"D346","E100","E689","FIELD_REFERENCE","IMPLEMENTATION","C:\Users\JBNU\git\ConstraintsRecovery\assets\tankwar\asset14",296,"C:\Users\JBNU\git\ConstraintsRecovery\assets\tankwar\asset9","G4","G4","TankWar_P1|TankWar_P2|TankWar_P3|TankWar_P4|TankWar_P5","TankWar_P1|TankWar_P2|TankWar_P3|TankWar_P4|TankWar_P5",true,"TankWar_P1|TankWar_P2|TankWar_P3|TankWar_P4|TankWar_P5","RESOLVED_INTERNAL"
"D347","E100","E67","FIELD_REFERENCE","IMPLEMENTATION","C:\Users\JBNU\git\ConstraintsRecovery\assets\tankwar\asset14",300,"C:\Users\JBNU\git\ConstraintsRecovery\assets\tankwar\asset14","G4","G4","TankWar_P1|TankWar_P2|TankWar_P3|TankWar_P4|TankWar_P5","TankWar_P1|TankWar_P2|TankWar_P3|TankWar_P4|TankWar_P5",false,"TankWar_P1|TankWar_P2|TankWar_P3|TankWar_P4|TankWar_P5","RESOLVED_INTERNAL"
"D348","E100","E68","FIELD_REFERENCE","IMPLEMENTATION","C:\Users\JBNU\git\ConstraintsRecovery\assets\tankwar\asset14",300,"C:\Users\JBNU\git\ConstraintsRecovery\assets\tankwar\asset14","G4","G4","TankWar_P1|TankWar_P2|TankWar_P3|TankWar_P4|TankWar_P5","TankWar_P1|TankWar_P2|TankWar_P3|TankWar_P4|TankWar_P5",false,"TankWar_P1|TankWar_P2|TankWar_P3|TankWar_P4|TankWar_P5","RESOLVED_INTERNAL"
"D349","E100","E687","FIELD_REFERENCE","IMPLEMENTATION","C:\Users\JBNU\git\ConstraintsRecovery\assets\tankwar\asset14",300,"C:\Users\JBNU\git\ConstraintsRecovery\assets\tankwar\asset9","G4","G4","TankWar_P1|TankWar_P2|TankWar_P3|TankWar_P4|TankWar_P5","TankWar_P1|TankWar_P2|TankWar_P3|TankWar_P4|TankWar_P5",true,"TankWar_P1|TankWar_P2|TankWar_P3|TankWar_P4|TankWar_P5","RESOLVED_INTERNAL"
"D350","E100","E87","FIELD_REFERENCE","IMPLEMENTATION","C:\Users\JBNU\git\ConstraintsRecovery\assets\tankwar\asset14",300,"C:\Users\JBNU\git\ConstraintsRecovery\assets\tankwar\asset14","G4","G4","TankWar_P1|TankWar_P2|TankWar_P3|TankWar_P4|TankWar_P5","TankWar_P1|TankWar_P2|TankWar_P3|TankWar_P4|TankWar_P5",false,"TankWar_P1|TankWar_P2|TankWar_P3|TankWar_P4|TankWar_P5","RESOLVED_INTERNAL"
"D351","E100","E68","FIELD_REFERENCE","IMPLEMENTATION","C:\Users\JBNU\git\ConstraintsRecovery\assets\tankwar\asset14",301,"C:\Users\JBNU\git\ConstraintsRecovery\assets\tankwar\asset14","G4","G4","TankWar_P1|TankWar_P2|TankWar_P3|TankWar_P4|TankWar_P5","TankWar_P1|TankWar_P2|TankWar_P3|TankWar_P4|TankWar_P5",false,"TankWar_P1|TankWar_P2|TankWar_P3|TankWar_P4|TankWar_P5","RESOLVED_INTERNAL"
"D352","E100","E280","METHOD_CALL","IMPLEMENTATION","C:\Users\JBNU\git\ConstraintsRecovery\assets\tankwar\asset14",301,"C:\Users\JBNU\git\ConstraintsRecovery\assets\tankwar\asset22","G4","G4","TankWar_P1|TankWar_P2|TankWar_P3|TankWar_P4|TankWar_P5","TankWar_P1|TankWar_P2|TankWar_P3|TankWar_P4|TankWar_P5",true,"TankWar_P1|TankWar_P2|TankWar_P3|TankWar_P4|TankWar_P5","RESOLVED_INTERNAL"
"D353","E100","E90","FIELD_REFERENCE","IMPLEMENTATION","C:\Users\JBNU\git\ConstraintsRecovery\assets\tankwar\asset14",302,"C:\Users\JBNU\git\ConstraintsRecovery\assets\tankwar\asset14","G4","G4","TankWar_P1|TankWar_P2|TankWar_P3|TankWar_P4|TankWar_P5","TankWar_P1|TankWar_P2|TankWar_P3|TankWar_P4|TankWar_P5",false,"TankWar_P1|TankWar_P2|TankWar_P3|TankWar_P4|TankWar_P5","RESOLVED_INTERNAL"
"D354","E100","E689","FIELD_REFERENCE","IMPLEMENTATION","C:\Users\JBNU\git\ConstraintsRecovery\assets\tankwar\asset14",303,"C:\Users\JBNU\git\ConstraintsRecovery\assets\tankwar\asset9","G4","G4","TankWar_P1|TankWar_P2|TankWar_P3|TankWar_P4|TankWar_P5","TankWar_P1|TankWar_P2|TankWar_P3|TankWar_P4|TankWar_P5",true,"TankWar_P1|TankWar_P2|TankWar_P3|TankWar_P4|TankWar_P5","RESOLVED_INTERNAL"
"D355","E100","E689","FIELD_REFERENCE","IMPLEMENTATION","C:\Users\JBNU\git\ConstraintsRecovery\assets\tankwar\asset14",304,"C:\Users\JBNU\git\ConstraintsRecovery\assets\tankwar\asset9","G4","G4","TankWar_P1|TankWar_P2|TankWar_P3|TankWar_P4|TankWar_P5","TankWar_P1|TankWar_P2|TankWar_P3|TankWar_P4|TankWar_P5",true,"TankWar_P1|TankWar_P2|TankWar_P3|TankWar_P4|TankWar_P5","RESOLVED_INTERNAL"
"D356","E100","E68","FIELD_REFERENCE","IMPLEMENTATION","C:\Users\JBNU\git\ConstraintsRecovery\assets\tankwar\asset14",307,"C:\Users\JBNU\git\ConstraintsRecovery\assets\tankwar\asset14","G4","G4","TankWar_P1|TankWar_P2|TankWar_P3|TankWar_P4|TankWar_P5","TankWar_P1|TankWar_P2|TankWar_P3|TankWar_P4|TankWar_P5",false,"TankWar_P1|TankWar_P2|TankWar_P3|TankWar_P4|TankWar_P5","RESOLVED_INTERNAL"
"D357","E100","E68","FIELD_REFERENCE","IMPLEMENTATION","C:\Users\JBNU\git\ConstraintsRecovery\assets\tankwar\asset14",308,"C:\Users\JBNU\git\ConstraintsRecovery\assets\tankwar\asset14","G4","G4","TankWar_P1|TankWar_P2|TankWar_P3|TankWar_P4|TankWar_P5","TankWar_P1|TankWar_P2|TankWar_P3|TankWar_P4|TankWar_P5",false,"TankWar_P1|TankWar_P2|TankWar_P3|TankWar_P4|TankWar_P5","RESOLVED_INTERNAL"
"D358","E100","E689","FIELD_REFERENCE","IMPLEMENTATION","C:\Users\JBNU\git\ConstraintsRecovery\assets\tankwar\asset14",311,"C:\Users\JBNU\git\ConstraintsRecovery\assets\tankwar\asset9","G4","G4","TankWar_P1|TankWar_P2|TankWar_P3|TankWar_P4|TankWar_P5","TankWar_P1|TankWar_P2|TankWar_P3|TankWar_P4|TankWar_P5",true,"TankWar_P1|TankWar_P2|TankWar_P3|TankWar_P4|TankWar_P5","RESOLVED_INTERNAL"
"D359","E100","E90","FIELD_REFERENCE","IMPLEMENTATION","C:\Users\JBNU\git\ConstraintsRecovery\assets\tankwar\asset14",315,"C:\Users\JBNU\git\ConstraintsRecovery\assets\tankwar\asset14","G4","G4","TankWar_P1|TankWar_P2|TankWar_P3|TankWar_P4|TankWar_P5","TankWar_P1|TankWar_P2|TankWar_P3|TankWar_P4|TankWar_P5",false,"TankWar_P1|TankWar_P2|TankWar_P3|TankWar_P4|TankWar_P5","RESOLVED_INTERNAL"
"D360","E100","E67","FIELD_REFERENCE","IMPLEMENTATION","C:\Users\JBNU\git\ConstraintsRecovery\assets\tankwar\asset14",317,"C:\Users\JBNU\git\ConstraintsRecovery\assets\tankwar\asset14","G4","G4","TankWar_P1|TankWar_P2|TankWar_P3|TankWar_P4|TankWar_P5","TankWar_P1|TankWar_P2|TankWar_P3|TankWar_P4|TankWar_P5",false,"TankWar_P1|TankWar_P2|TankWar_P3|TankWar_P4|TankWar_P5","RESOLVED_INTERNAL"
"D361","E100","E687","FIELD_REFERENCE","IMPLEMENTATION","C:\Users\JBNU\git\ConstraintsRecovery\assets\tankwar\asset14",317,"C:\Users\JBNU\git\ConstraintsRecovery\assets\tankwar\asset9","G4","G4","TankWar_P1|TankWar_P2|TankWar_P3|TankWar_P4|TankWar_P5","TankWar_P1|TankWar_P2|TankWar_P3|TankWar_P4|TankWar_P5",true,"TankWar_P1|TankWar_P2|TankWar_P3|TankWar_P4|TankWar_P5","RESOLVED_INTERNAL"
"D362","E100","E69","FIELD_REFERENCE","IMPLEMENTATION","C:\Users\JBNU\git\ConstraintsRecovery\assets\tankwar\asset14",317,"C:\Users\JBNU\git\ConstraintsRecovery\assets\tankwar\asset14","G4","G4","TankWar_P1|TankWar_P2|TankWar_P3|TankWar_P4|TankWar_P5","TankWar_P1|TankWar_P2|TankWar_P3|TankWar_P4|TankWar_P5",false,"TankWar_P1|TankWar_P2|TankWar_P3|TankWar_P4|TankWar_P5","RESOLVED_INTERNAL"
"D363","E100","E87","FIELD_REFERENCE","IMPLEMENTATION","C:\Users\JBNU\git\ConstraintsRecovery\assets\tankwar\asset14",317,"C:\Users\JBNU\git\ConstraintsRecovery\assets\tankwar\asset14","G4","G4","TankWar_P1|TankWar_P2|TankWar_P3|TankWar_P4|TankWar_P5","TankWar_P1|TankWar_P2|TankWar_P3|TankWar_P4|TankWar_P5",false,"TankWar_P1|TankWar_P2|TankWar_P3|TankWar_P4|TankWar_P5","RESOLVED_INTERNAL"
"D364","E100","E69","FIELD_REFERENCE","IMPLEMENTATION","C:\Users\JBNU\git\ConstraintsRecovery\assets\tankwar\asset14",318,"C:\Users\JBNU\git\ConstraintsRecovery\assets\tankwar\asset14","G4","G4","TankWar_P1|TankWar_P2|TankWar_P3|TankWar_P4|TankWar_P5","TankWar_P1|TankWar_P2|TankWar_P3|TankWar_P4|TankWar_P5",false,"TankWar_P1|TankWar_P2|TankWar_P3|TankWar_P4|TankWar_P5","RESOLVED_INTERNAL"
"D365","E100","E280","METHOD_CALL","IMPLEMENTATION","C:\Users\JBNU\git\ConstraintsRecovery\assets\tankwar\asset14",318,"C:\Users\JBNU\git\ConstraintsRecovery\assets\tankwar\asset22","G4","G4","TankWar_P1|TankWar_P2|TankWar_P3|TankWar_P4|TankWar_P5","TankWar_P1|TankWar_P2|TankWar_P3|TankWar_P4|TankWar_P5",true,"TankWar_P1|TankWar_P2|TankWar_P3|TankWar_P4|TankWar_P5","RESOLVED_INTERNAL"
"D366","E100","E67","FIELD_REFERENCE","IMPLEMENTATION","C:\Users\JBNU\git\ConstraintsRecovery\assets\tankwar\asset14",321,"C:\Users\JBNU\git\ConstraintsRecovery\assets\tankwar\asset14","G4","G4","TankWar_P1|TankWar_P2|TankWar_P3|TankWar_P4|TankWar_P5","TankWar_P1|TankWar_P2|TankWar_P3|TankWar_P4|TankWar_P5",false,"TankWar_P1|TankWar_P2|TankWar_P3|TankWar_P4|TankWar_P5","RESOLVED_INTERNAL"
"D367","E100","E68","FIELD_REFERENCE","IMPLEMENTATION","C:\Users\JBNU\git\ConstraintsRecovery\assets\tankwar\asset14",321,"C:\Users\JBNU\git\ConstraintsRecovery\assets\tankwar\asset14","G4","G4","TankWar_P1|TankWar_P2|TankWar_P3|TankWar_P4|TankWar_P5","TankWar_P1|TankWar_P2|TankWar_P3|TankWar_P4|TankWar_P5",false,"TankWar_P1|TankWar_P2|TankWar_P3|TankWar_P4|TankWar_P5","RESOLVED_INTERNAL"
"D368","E100","E687","FIELD_REFERENCE","IMPLEMENTATION","C:\Users\JBNU\git\ConstraintsRecovery\assets\tankwar\asset14",321,"C:\Users\JBNU\git\ConstraintsRecovery\assets\tankwar\asset9","G4","G4","TankWar_P1|TankWar_P2|TankWar_P3|TankWar_P4|TankWar_P5","TankWar_P1|TankWar_P2|TankWar_P3|TankWar_P4|TankWar_P5",true,"TankWar_P1|TankWar_P2|TankWar_P3|TankWar_P4|TankWar_P5","RESOLVED_INTERNAL"
"D369","E100","E87","FIELD_REFERENCE","IMPLEMENTATION","C:\Users\JBNU\git\ConstraintsRecovery\assets\tankwar\asset14",321,"C:\Users\JBNU\git\ConstraintsRecovery\assets\tankwar\asset14","G4","G4","TankWar_P1|TankWar_P2|TankWar_P3|TankWar_P4|TankWar_P5","TankWar_P1|TankWar_P2|TankWar_P3|TankWar_P4|TankWar_P5",false,"TankWar_P1|TankWar_P2|TankWar_P3|TankWar_P4|TankWar_P5","RESOLVED_INTERNAL"
"D370","E100","E68","FIELD_REFERENCE","IMPLEMENTATION","C:\Users\JBNU\git\ConstraintsRecovery\assets\tankwar\asset14",322,"C:\Users\JBNU\git\ConstraintsRecovery\assets\tankwar\asset14","G4","G4","TankWar_P1|TankWar_P2|TankWar_P3|TankWar_P4|TankWar_P5","TankWar_P1|TankWar_P2|TankWar_P3|TankWar_P4|TankWar_P5",false,"TankWar_P1|TankWar_P2|TankWar_P3|TankWar_P4|TankWar_P5","RESOLVED_INTERNAL"
"D371","E100","E280","METHOD_CALL","IMPLEMENTATION","C:\Users\JBNU\git\ConstraintsRecovery\assets\tankwar\asset14",322,"C:\Users\JBNU\git\ConstraintsRecovery\assets\tankwar\asset22","G4","G4","TankWar_P1|TankWar_P2|TankWar_P3|TankWar_P4|TankWar_P5","TankWar_P1|TankWar_P2|TankWar_P3|TankWar_P4|TankWar_P5",true,"TankWar_P1|TankWar_P2|TankWar_P3|TankWar_P4|TankWar_P5","RESOLVED_INTERNAL"
"D372","E100","E67","FIELD_REFERENCE","IMPLEMENTATION","C:\Users\JBNU\git\ConstraintsRecovery\assets\tankwar\asset14",325,"C:\Users\JBNU\git\ConstraintsRecovery\assets\tankwar\asset14","G4","G4","TankWar_P1|TankWar_P2|TankWar_P3|TankWar_P4|TankWar_P5","TankWar_P1|TankWar_P2|TankWar_P3|TankWar_P4|TankWar_P5",false,"TankWar_P1|TankWar_P2|TankWar_P3|TankWar_P4|TankWar_P5","RESOLVED_INTERNAL"
"D373","E100","E687","FIELD_REFERENCE","IMPLEMENTATION","C:\Users\JBNU\git\ConstraintsRecovery\assets\tankwar\asset14",325,"C:\Users\JBNU\git\ConstraintsRecovery\assets\tankwar\asset9","G4","G4","TankWar_P1|TankWar_P2|TankWar_P3|TankWar_P4|TankWar_P5","TankWar_P1|TankWar_P2|TankWar_P3|TankWar_P4|TankWar_P5",true,"TankWar_P1|TankWar_P2|TankWar_P3|TankWar_P4|TankWar_P5","RESOLVED_INTERNAL"
"D374","E100","E69","FIELD_REFERENCE","IMPLEMENTATION","C:\Users\JBNU\git\ConstraintsRecovery\assets\tankwar\asset14",325,"C:\Users\JBNU\git\ConstraintsRecovery\assets\tankwar\asset14","G4","G4","TankWar_P1|TankWar_P2|TankWar_P3|TankWar_P4|TankWar_P5","TankWar_P1|TankWar_P2|TankWar_P3|TankWar_P4|TankWar_P5",false,"TankWar_P1|TankWar_P2|TankWar_P3|TankWar_P4|TankWar_P5","RESOLVED_INTERNAL"
"D375","E100","E87","FIELD_REFERENCE","IMPLEMENTATION","C:\Users\JBNU\git\ConstraintsRecovery\assets\tankwar\asset14",325,"C:\Users\JBNU\git\ConstraintsRecovery\assets\tankwar\asset14","G4","G4","TankWar_P1|TankWar_P2|TankWar_P3|TankWar_P4|TankWar_P5","TankWar_P1|TankWar_P2|TankWar_P3|TankWar_P4|TankWar_P5",false,"TankWar_P1|TankWar_P2|TankWar_P3|TankWar_P4|TankWar_P5","RESOLVED_INTERNAL"
"D376","E100","E69","FIELD_REFERENCE","IMPLEMENTATION","C:\Users\JBNU\git\ConstraintsRecovery\assets\tankwar\asset14",326,"C:\Users\JBNU\git\ConstraintsRecovery\assets\tankwar\asset14","G4","G4","TankWar_P1|TankWar_P2|TankWar_P3|TankWar_P4|TankWar_P5","TankWar_P1|TankWar_P2|TankWar_P3|TankWar_P4|TankWar_P5",false,"TankWar_P1|TankWar_P2|TankWar_P3|TankWar_P4|TankWar_P5","RESOLVED_INTERNAL"
"D377","E100","E280","METHOD_CALL","IMPLEMENTATION","C:\Users\JBNU\git\ConstraintsRecovery\assets\tankwar\asset14",326,"C:\Users\JBNU\git\ConstraintsRecovery\assets\tankwar\asset22","G4","G4","TankWar_P1|TankWar_P2|TankWar_P3|TankWar_P4|TankWar_P5","TankWar_P1|TankWar_P2|TankWar_P3|TankWar_P4|TankWar_P5",true,"TankWar_P1|TankWar_P2|TankWar_P3|TankWar_P4|TankWar_P5","RESOLVED_INTERNAL"
"D378","E100","E67","FIELD_REFERENCE","IMPLEMENTATION","C:\Users\JBNU\git\ConstraintsRecovery\assets\tankwar\asset14",329,"C:\Users\JBNU\git\ConstraintsRecovery\assets\tankwar\asset14","G4","G4","TankWar_P1|TankWar_P2|TankWar_P3|TankWar_P4|TankWar_P5","TankWar_P1|TankWar_P2|TankWar_P3|TankWar_P4|TankWar_P5",false,"TankWar_P1|TankWar_P2|TankWar_P3|TankWar_P4|TankWar_P5","RESOLVED_INTERNAL"
"D379","E100","E68","FIELD_REFERENCE","IMPLEMENTATION","C:\Users\JBNU\git\ConstraintsRecovery\assets\tankwar\asset14",329,"C:\Users\JBNU\git\ConstraintsRecovery\assets\tankwar\asset14","G4","G4","TankWar_P1|TankWar_P2|TankWar_P3|TankWar_P4|TankWar_P5","TankWar_P1|TankWar_P2|TankWar_P3|TankWar_P4|TankWar_P5",false,"TankWar_P1|TankWar_P2|TankWar_P3|TankWar_P4|TankWar_P5","RESOLVED_INTERNAL"
"D380","E100","E687","FIELD_REFERENCE","IMPLEMENTATION","C:\Users\JBNU\git\ConstraintsRecovery\assets\tankwar\asset14",329,"C:\Users\JBNU\git\ConstraintsRecovery\assets\tankwar\asset9","G4","G4","TankWar_P1|TankWar_P2|TankWar_P3|TankWar_P4|TankWar_P5","TankWar_P1|TankWar_P2|TankWar_P3|TankWar_P4|TankWar_P5",true,"TankWar_P1|TankWar_P2|TankWar_P3|TankWar_P4|TankWar_P5","RESOLVED_INTERNAL"
"D381","E100","E87","FIELD_REFERENCE","IMPLEMENTATION","C:\Users\JBNU\git\ConstraintsRecovery\assets\tankwar\asset14",329,"C:\Users\JBNU\git\ConstraintsRecovery\assets\tankwar\asset14","G4","G4","TankWar_P1|TankWar_P2|TankWar_P3|TankWar_P4|TankWar_P5","TankWar_P1|TankWar_P2|TankWar_P3|TankWar_P4|TankWar_P5",false,"TankWar_P1|TankWar_P2|TankWar_P3|TankWar_P4|TankWar_P5","RESOLVED_INTERNAL"
"D382","E100","E68","FIELD_REFERENCE","IMPLEMENTATION","C:\Users\JBNU\git\ConstraintsRecovery\assets\tankwar\asset14",330,"C:\Users\JBNU\git\ConstraintsRecovery\assets\tankwar\asset14","G4","G4","TankWar_P1|TankWar_P2|TankWar_P3|TankWar_P4|TankWar_P5","TankWar_P1|TankWar_P2|TankWar_P3|TankWar_P4|TankWar_P5",false,"TankWar_P1|TankWar_P2|TankWar_P3|TankWar_P4|TankWar_P5","RESOLVED_INTERNAL"
"D383","E100","E280","METHOD_CALL","IMPLEMENTATION","C:\Users\JBNU\git\ConstraintsRecovery\assets\tankwar\asset14",330,"C:\Users\JBNU\git\ConstraintsRecovery\assets\tankwar\asset22","G4","G4","TankWar_P1|TankWar_P2|TankWar_P3|TankWar_P4|TankWar_P5","TankWar_P1|TankWar_P2|TankWar_P3|TankWar_P4|TankWar_P5",true,"TankWar_P1|TankWar_P2|TankWar_P3|TankWar_P4|TankWar_P5","RESOLVED_INTERNAL"
"D384","E100","E84","FIELD_REFERENCE","IMPLEMENTATION","C:\Users\JBNU\git\ConstraintsRecovery\assets\tankwar\asset14",334,"C:\Users\JBNU\git\ConstraintsRecovery\assets\tankwar\asset14","G4","G4","TankWar_P1|TankWar_P2|TankWar_P3|TankWar_P4|TankWar_P5","TankWar_P1|TankWar_P2|TankWar_P3|TankWar_P4|TankWar_P5",false,"TankWar_P1|TankWar_P2|TankWar_P3|TankWar_P4|TankWar_P5","RESOLVED_INTERNAL"
"D385","E100","E90","FIELD_REFERENCE","IMPLEMENTATION","C:\Users\JBNU\git\ConstraintsRecovery\assets\tankwar\asset14",334,"C:\Users\JBNU\git\ConstraintsRecovery\assets\tankwar\asset14","G4","G4","TankWar_P1|TankWar_P2|TankWar_P3|TankWar_P4|TankWar_P5","TankWar_P1|TankWar_P2|TankWar_P3|TankWar_P4|TankWar_P5",false,"TankWar_P1|TankWar_P2|TankWar_P3|TankWar_P4|TankWar_P5","RESOLVED_INTERNAL"
"D386","E100","E89","FIELD_REFERENCE","IMPLEMENTATION","C:\Users\JBNU\git\ConstraintsRecovery\assets\tankwar\asset14",335,"C:\Users\JBNU\git\ConstraintsRecovery\assets\tankwar\asset14","G4","G4","TankWar_P1|TankWar_P2|TankWar_P3|TankWar_P4|TankWar_P5","TankWar_P1|TankWar_P2|TankWar_P3|TankWar_P4|TankWar_P5",false,"TankWar_P1|TankWar_P2|TankWar_P3|TankWar_P4|TankWar_P5","RESOLVED_INTERNAL"
"D387","E100","E90","FIELD_REFERENCE","IMPLEMENTATION","C:\Users\JBNU\git\ConstraintsRecovery\assets\tankwar\asset14",335,"C:\Users\JBNU\git\ConstraintsRecovery\assets\tankwar\asset14","G4","G4","TankWar_P1|TankWar_P2|TankWar_P3|TankWar_P4|TankWar_P5","TankWar_P1|TankWar_P2|TankWar_P3|TankWar_P4|TankWar_P5",false,"TankWar_P1|TankWar_P2|TankWar_P3|TankWar_P4|TankWar_P5","RESOLVED_INTERNAL"
"D388","E100","E686","FIELD_REFERENCE","IMPLEMENTATION","C:\Users\JBNU\git\ConstraintsRecovery\assets\tankwar\asset14",336,"C:\Users\JBNU\git\ConstraintsRecovery\assets\tankwar\asset9","G4","G4","TankWar_P1|TankWar_P2|TankWar_P3|TankWar_P4|TankWar_P5","TankWar_P1|TankWar_P2|TankWar_P3|TankWar_P4|TankWar_P5",true,"TankWar_P1|TankWar_P2|TankWar_P3|TankWar_P4|TankWar_P5","RESOLVED_INTERNAL"
"D389","E100","E687","FIELD_REFERENCE","IMPLEMENTATION","C:\Users\JBNU\git\ConstraintsRecovery\assets\tankwar\asset14",336,"C:\Users\JBNU\git\ConstraintsRecovery\assets\tankwar\asset9","G4","G4","TankWar_P1|TankWar_P2|TankWar_P3|TankWar_P4|TankWar_P5","TankWar_P1|TankWar_P2|TankWar_P3|TankWar_P4|TankWar_P5",true,"TankWar_P1|TankWar_P2|TankWar_P3|TankWar_P4|TankWar_P5","RESOLVED_INTERNAL"
"D390","E100","E68","FIELD_REFERENCE","IMPLEMENTATION","C:\Users\JBNU\git\ConstraintsRecovery\assets\tankwar\asset14",339,"C:\Users\JBNU\git\ConstraintsRecovery\assets\tankwar\asset14","G4","G4","TankWar_P1|TankWar_P2|TankWar_P3|TankWar_P4|TankWar_P5","TankWar_P1|TankWar_P2|TankWar_P3|TankWar_P4|TankWar_P5",false,"TankWar_P1|TankWar_P2|TankWar_P3|TankWar_P4|TankWar_P5","RESOLVED_INTERNAL"
"D391","E100","E69","FIELD_REFERENCE","IMPLEMENTATION","C:\Users\JBNU\git\ConstraintsRecovery\assets\tankwar\asset14",340,"C:\Users\JBNU\git\ConstraintsRecovery\assets\tankwar\asset14","G4","G4","TankWar_P1|TankWar_P2|TankWar_P3|TankWar_P4|TankWar_P5","TankWar_P1|TankWar_P2|TankWar_P3|TankWar_P4|TankWar_P5",false,"TankWar_P1|TankWar_P2|TankWar_P3|TankWar_P4|TankWar_P5","RESOLVED_INTERNAL"
"D392","E100","E695","FIELD_REFERENCE","IMPLEMENTATION","C:\Users\JBNU\git\ConstraintsRecovery\assets\tankwar\asset14",342,"C:\Users\JBNU\git\ConstraintsRecovery\assets\tankwar\asset9","G4","G4","TankWar_P1|TankWar_P2|TankWar_P3|TankWar_P4|TankWar_P5","TankWar_P1|TankWar_P2|TankWar_P3|TankWar_P4|TankWar_P5",true,"TankWar_P1|TankWar_P2|TankWar_P3|TankWar_P4|TankWar_P5","RESOLVED_INTERNAL"
"D393","E100","E689","FIELD_REFERENCE","IMPLEMENTATION","C:\Users\JBNU\git\ConstraintsRecovery\assets\tankwar\asset14",343,"C:\Users\JBNU\git\ConstraintsRecovery\assets\tankwar\asset9","G4","G4","TankWar_P1|TankWar_P2|TankWar_P3|TankWar_P4|TankWar_P5","TankWar_P1|TankWar_P2|TankWar_P3|TankWar_P4|TankWar_P5",true,"TankWar_P1|TankWar_P2|TankWar_P3|TankWar_P4|TankWar_P5","RESOLVED_INTERNAL"
"D394","E100","E689","FIELD_REFERENCE","IMPLEMENTATION","C:\Users\JBNU\git\ConstraintsRecovery\assets\tankwar\asset14",344,"C:\Users\JBNU\git\ConstraintsRecovery\assets\tankwar\asset9","G4","G4","TankWar_P1|TankWar_P2|TankWar_P3|TankWar_P4|TankWar_P5","TankWar_P1|TankWar_P2|TankWar_P3|TankWar_P4|TankWar_P5",true,"TankWar_P1|TankWar_P2|TankWar_P3|TankWar_P4|TankWar_P5","RESOLVED_INTERNAL"
"D395","E100","E68","FIELD_REFERENCE","IMPLEMENTATION","C:\Users\JBNU\git\ConstraintsRecovery\assets\tankwar\asset14",345,"C:\Users\JBNU\git\ConstraintsRecovery\assets\tankwar\asset14","G4","G4","TankWar_P1|TankWar_P2|TankWar_P3|TankWar_P4|TankWar_P5","TankWar_P1|TankWar_P2|TankWar_P3|TankWar_P4|TankWar_P5",false,"TankWar_P1|TankWar_P2|TankWar_P3|TankWar_P4|TankWar_P5","RESOLVED_INTERNAL"
"D396","E100","E69","FIELD_REFERENCE","IMPLEMENTATION","C:\Users\JBNU\git\ConstraintsRecovery\assets\tankwar\asset14",346,"C:\Users\JBNU\git\ConstraintsRecovery\assets\tankwar\asset14","G4","G4","TankWar_P1|TankWar_P2|TankWar_P3|TankWar_P4|TankWar_P5","TankWar_P1|TankWar_P2|TankWar_P3|TankWar_P4|TankWar_P5",false,"TankWar_P1|TankWar_P2|TankWar_P3|TankWar_P4|TankWar_P5","RESOLVED_INTERNAL"
"D397","E100","E697","FIELD_REFERENCE","IMPLEMENTATION","C:\Users\JBNU\git\ConstraintsRecovery\assets\tankwar\asset14",348,"C:\Users\JBNU\git\ConstraintsRecovery\assets\tankwar\asset9","G4","G4","TankWar_P1|TankWar_P2|TankWar_P3|TankWar_P4|TankWar_P5","TankWar_P1|TankWar_P2|TankWar_P3|TankWar_P4|TankWar_P5",true,"TankWar_P1|TankWar_P2|TankWar_P3|TankWar_P4|TankWar_P5","RESOLVED_INTERNAL"
"D398","E100","E68","FIELD_REFERENCE","IMPLEMENTATION","C:\Users\JBNU\git\ConstraintsRecovery\assets\tankwar\asset14",351,"C:\Users\JBNU\git\ConstraintsRecovery\assets\tankwar\asset14","G4","G4","TankWar_P1|TankWar_P2|TankWar_P3|TankWar_P4|TankWar_P5","TankWar_P1|TankWar_P2|TankWar_P3|TankWar_P4|TankWar_P5",false,"TankWar_P1|TankWar_P2|TankWar_P3|TankWar_P4|TankWar_P5","RESOLVED_INTERNAL"
"D399","E100","E69","FIELD_REFERENCE","IMPLEMENTATION","C:\Users\JBNU\git\ConstraintsRecovery\assets\tankwar\asset14",352,"C:\Users\JBNU\git\ConstraintsRecovery\assets\tankwar\asset14","G4","G4","TankWar_P1|TankWar_P2|TankWar_P3|TankWar_P4|TankWar_P5","TankWar_P1|TankWar_P2|TankWar_P3|TankWar_P4|TankWar_P5",false,"TankWar_P1|TankWar_P2|TankWar_P3|TankWar_P4|TankWar_P5","RESOLVED_INTERNAL"
"D400","E100","E698","FIELD_REFERENCE","IMPLEMENTATION","C:\Users\JBNU\git\ConstraintsRecovery\assets\tankwar\asset14",354,"C:\Users\JBNU\git\ConstraintsRecovery\assets\tankwar\asset9","G4","G4","TankWar_P1|TankWar_P2|TankWar_P3|TankWar_P4|TankWar_P5","TankWar_P1|TankWar_P2|TankWar_P3|TankWar_P4|TankWar_P5",true,"TankWar_P1|TankWar_P2|TankWar_P3|TankWar_P4|TankWar_P5","RESOLVED_INTERNAL"
"D401","E100","E68","FIELD_REFERENCE","IMPLEMENTATION","C:\Users\JBNU\git\ConstraintsRecovery\assets\tankwar\asset14",357,"C:\Users\JBNU\git\ConstraintsRecovery\assets\tankwar\asset14","G4","G4","TankWar_P1|TankWar_P2|TankWar_P3|TankWar_P4|TankWar_P5","TankWar_P1|TankWar_P2|TankWar_P3|TankWar_P4|TankWar_P5",false,"TankWar_P1|TankWar_P2|TankWar_P3|TankWar_P4|TankWar_P5","RESOLVED_INTERNAL"
"D402","E100","E69","FIELD_REFERENCE","IMPLEMENTATION","C:\Users\JBNU\git\ConstraintsRecovery\assets\tankwar\asset14",358,"C:\Users\JBNU\git\ConstraintsRecovery\assets\tankwar\asset14","G4","G4","TankWar_P1|TankWar_P2|TankWar_P3|TankWar_P4|TankWar_P5","TankWar_P1|TankWar_P2|TankWar_P3|TankWar_P4|TankWar_P5",false,"TankWar_P1|TankWar_P2|TankWar_P3|TankWar_P4|TankWar_P5","RESOLVED_INTERNAL"
"D403","E100","E700","FIELD_REFERENCE","IMPLEMENTATION","C:\Users\JBNU\git\ConstraintsRecovery\assets\tankwar\asset14",360,"C:\Users\JBNU\git\ConstraintsRecovery\assets\tankwar\asset9","G4","G4","TankWar_P1|TankWar_P2|TankWar_P3|TankWar_P4|TankWar_P5","TankWar_P1|TankWar_P2|TankWar_P3|TankWar_P4|TankWar_P5",true,"TankWar_P1|TankWar_P2|TankWar_P3|TankWar_P4|TankWar_P5","RESOLVED_INTERNAL"
"D404","E100","E68","FIELD_REFERENCE","IMPLEMENTATION","C:\Users\JBNU\git\ConstraintsRecovery\assets\tankwar\asset14",363,"C:\Users\JBNU\git\ConstraintsRecovery\assets\tankwar\asset14","G4","G4","TankWar_P1|TankWar_P2|TankWar_P3|TankWar_P4|TankWar_P5","TankWar_P1|TankWar_P2|TankWar_P3|TankWar_P4|TankWar_P5",false,"TankWar_P1|TankWar_P2|TankWar_P3|TankWar_P4|TankWar_P5","RESOLVED_INTERNAL"
"D405","E100","E69","FIELD_REFERENCE","IMPLEMENTATION","C:\Users\JBNU\git\ConstraintsRecovery\assets\tankwar\asset14",364,"C:\Users\JBNU\git\ConstraintsRecovery\assets\tankwar\asset14","G4","G4","TankWar_P1|TankWar_P2|TankWar_P3|TankWar_P4|TankWar_P5","TankWar_P1|TankWar_P2|TankWar_P3|TankWar_P4|TankWar_P5",false,"TankWar_P1|TankWar_P2|TankWar_P3|TankWar_P4|TankWar_P5","RESOLVED_INTERNAL"
"D407","E102","E86","FIELD_REFERENCE","IMPLEMENTATION","C:\Users\JBNU\git\ConstraintsRecovery\assets\tankwar\asset14",370,"C:\Users\JBNU\git\ConstraintsRecovery\assets\tankwar\asset14","G4","G4","TankWar_P1|TankWar_P2|TankWar_P3|TankWar_P4|TankWar_P5","TankWar_P1|TankWar_P2|TankWar_P3|TankWar_P4|TankWar_P5",false,"TankWar_P1|TankWar_P2|TankWar_P3|TankWar_P4|TankWar_P5","RESOLVED_INTERNAL"
"D408","E102","E76","FIELD_REFERENCE","IMPLEMENTATION","C:\Users\JBNU\git\ConstraintsRecovery\assets\tankwar\asset14",371,"C:\Users\JBNU\git\ConstraintsRecovery\assets\tankwar\asset14","G4","G4","TankWar_P1|TankWar_P2|TankWar_P3|TankWar_P4|TankWar_P5","TankWar_P1|TankWar_P2|TankWar_P3|TankWar_P4|TankWar_P5",false,"TankWar_P1|TankWar_P2|TankWar_P3|TankWar_P4|TankWar_P5","RESOLVED_INTERNAL"
"D409","E102","E76","FIELD_REFERENCE","IMPLEMENTATION","C:\Users\JBNU\git\ConstraintsRecovery\assets\tankwar\asset14",372,"C:\Users\JBNU\git\ConstraintsRecovery\assets\tankwar\asset14","G4","G4","TankWar_P1|TankWar_P2|TankWar_P3|TankWar_P4|TankWar_P5","TankWar_P1|TankWar_P2|TankWar_P3|TankWar_P4|TankWar_P5",false,"TankWar_P1|TankWar_P2|TankWar_P3|TankWar_P4|TankWar_P5","RESOLVED_INTERNAL"
"D410","E102","E103","METHOD_CALL","IMPLEMENTATION","C:\Users\JBNU\git\ConstraintsRecovery\assets\tankwar\asset14",373,"C:\Users\JBNU\git\ConstraintsRecovery\assets\tankwar\asset14","G4","G4","TankWar_P1|TankWar_P2|TankWar_P3|TankWar_P4|TankWar_P5","TankWar_P1|TankWar_P2|TankWar_P3|TankWar_P4|TankWar_P5",false,"TankWar_P1|TankWar_P2|TankWar_P3|TankWar_P4|TankWar_P5","RESOLVED_INTERNAL"
"D411","E103","E695","FIELD_REFERENCE","IMPLEMENTATION","C:\Users\JBNU\git\ConstraintsRecovery\assets\tankwar\asset14",377,"C:\Users\JBNU\git\ConstraintsRecovery\assets\tankwar\asset9","G4","G4","TankWar_P1|TankWar_P2|TankWar_P3|TankWar_P4|TankWar_P5","TankWar_P1|TankWar_P2|TankWar_P3|TankWar_P4|TankWar_P5",true,"TankWar_P1|TankWar_P2|TankWar_P3|TankWar_P4|TankWar_P5","RESOLVED_INTERNAL"
"D412","E103","E267","FIELD_REFERENCE","IMPLEMENTATION","C:\Users\JBNU\git\ConstraintsRecovery\assets\tankwar\asset14",378,"C:\Users\JBNU\git\ConstraintsRecovery\assets\tankwar\asset22","G4","G4","TankWar_P1|TankWar_P2|TankWar_P3|TankWar_P4|TankWar_P5","TankWar_P1|TankWar_P2|TankWar_P3|TankWar_P4|TankWar_P5",true,"TankWar_P1|TankWar_P2|TankWar_P3|TankWar_P4|TankWar_P5","RESOLVED_INTERNAL"
"D413","E103","E691","FIELD_REFERENCE","IMPLEMENTATION","C:\Users\JBNU\git\ConstraintsRecovery\assets\tankwar\asset14",378,"C:\Users\JBNU\git\ConstraintsRecovery\assets\tankwar\asset9","G4","G4","TankWar_P1|TankWar_P2|TankWar_P3|TankWar_P4|TankWar_P5","TankWar_P1|TankWar_P2|TankWar_P3|TankWar_P4|TankWar_P5",true,"TankWar_P1|TankWar_P2|TankWar_P3|TankWar_P4|TankWar_P5","RESOLVED_INTERNAL"
"D414","E103","E691","FIELD_REFERENCE","IMPLEMENTATION","C:\Users\JBNU\git\ConstraintsRecovery\assets\tankwar\asset14",379,"C:\Users\JBNU\git\ConstraintsRecovery\assets\tankwar\asset9","G4","G4","TankWar_P1|TankWar_P2|TankWar_P3|TankWar_P4|TankWar_P5","TankWar_P1|TankWar_P2|TankWar_P3|TankWar_P4|TankWar_P5",true,"TankWar_P1|TankWar_P2|TankWar_P3|TankWar_P4|TankWar_P5","RESOLVED_INTERNAL"
"D591","E120","E110","FIELD_REFERENCE","IMPLEMENTATION","C:\Users\JBNU\git\ConstraintsRecovery\assets\tankwar\asset15",31,"C:\Users\JBNU\git\ConstraintsRecovery\assets\tankwar\asset15","G4","G4","TankWar_P1|TankWar_P2|TankWar_P3|TankWar_P4|TankWar_P5","TankWar_P1|TankWar_P2|TankWar_P3|TankWar_P4|TankWar_P5",false,"TankWar_P1|TankWar_P2|TankWar_P3|TankWar_P4|TankWar_P5","RESOLVED_INTERNAL"
"D592","E120","E109","FIELD_REFERENCE","IMPLEMENTATION","C:\Users\JBNU\git\ConstraintsRecovery\assets\tankwar\asset15",32,"C:\Users\JBNU\git\ConstraintsRecovery\assets\tankwar\asset15","G4","G4","TankWar_P1|TankWar_P2|TankWar_P3|TankWar_P4|TankWar_P5","TankWar_P1|TankWar_P2|TankWar_P3|TankWar_P4|TankWar_P5",false,"TankWar_P1|TankWar_P2|TankWar_P3|TankWar_P4|TankWar_P5","RESOLVED_INTERNAL"
"D593","E120","E111","FIELD_REFERENCE","IMPLEMENTATION","C:\Users\JBNU\git\ConstraintsRecovery\assets\tankwar\asset15",33,"C:\Users\JBNU\git\ConstraintsRecovery\assets\tankwar\asset15","G4","G4","TankWar_P1|TankWar_P2|TankWar_P3|TankWar_P4|TankWar_P5","TankWar_P1|TankWar_P2|TankWar_P3|TankWar_P4|TankWar_P5",false,"TankWar_P1|TankWar_P2|TankWar_P3|TankWar_P4|TankWar_P5","RESOLVED_INTERNAL"
"D594","E121","E111","FIELD_REFERENCE","IMPLEMENTATION","C:\Users\JBNU\git\ConstraintsRecovery\assets\tankwar\asset15",36,"C:\Users\JBNU\git\ConstraintsRecovery\assets\tankwar\asset15","G4","G4","TankWar_P1|TankWar_P2|TankWar_P3|TankWar_P4|TankWar_P5","TankWar_P1|TankWar_P2|TankWar_P3|TankWar_P4|TankWar_P5",false,"TankWar_P1|TankWar_P2|TankWar_P3|TankWar_P4|TankWar_P5","RESOLVED_INTERNAL"
"D595","E122","E107","FIELD_REFERENCE","IMPLEMENTATION","C:\Users\JBNU\git\ConstraintsRecovery\assets\tankwar\asset15",39,"C:\Users\JBNU\git\ConstraintsRecovery\assets\tankwar\asset15","G4","G4","TankWar_P1|TankWar_P2|TankWar_P3|TankWar_P4|TankWar_P5","TankWar_P1|TankWar_P2|TankWar_P3|TankWar_P4|TankWar_P5",false,"TankWar_P1|TankWar_P2|TankWar_P3|TankWar_P4|TankWar_P5","RESOLVED_INTERNAL"
"D596","E122","E108","FIELD_REFERENCE","IMPLEMENTATION","C:\Users\JBNU\git\ConstraintsRecovery\assets\tankwar\asset15",40,"C:\Users\JBNU\git\ConstraintsRecovery\assets\tankwar\asset15","G4","G4","TankWar_P1|TankWar_P2|TankWar_P3|TankWar_P4|TankWar_P5","TankWar_P1|TankWar_P2|TankWar_P3|TankWar_P4|TankWar_P5",false,"TankWar_P1|TankWar_P2|TankWar_P3|TankWar_P4|TankWar_P5","RESOLVED_INTERNAL"
"D597","E123","E115","FIELD_REFERENCE","IMPLEMENTATION","C:\Users\JBNU\git\ConstraintsRecovery\assets\tankwar\asset15",43,"C:\Users\JBNU\git\ConstraintsRecovery\assets\tankwar\asset15","G4","G4","TankWar_P1|TankWar_P2|TankWar_P3|TankWar_P4|TankWar_P5","TankWar_P1|TankWar_P2|TankWar_P3|TankWar_P4|TankWar_P5",false,"TankWar_P1|TankWar_P2|TankWar_P3|TankWar_P4|TankWar_P5","RESOLVED_INTERNAL"
"D598","E123","E116","FIELD_REFERENCE","IMPLEMENTATION","C:\Users\JBNU\git\ConstraintsRecovery\assets\tankwar\asset15",44,"C:\Users\JBNU\git\ConstraintsRecovery\assets\tankwar\asset15","G4","G4","TankWar_P1|TankWar_P2|TankWar_P3|TankWar_P4|TankWar_P5","TankWar_P1|TankWar_P2|TankWar_P3|TankWar_P4|TankWar_P5",false,"TankWar_P1|TankWar_P2|TankWar_P3|TankWar_P4|TankWar_P5","RESOLVED_INTERNAL"
"D599","E124","E109","FIELD_REFERENCE","IMPLEMENTATION","C:\Users\JBNU\git\ConstraintsRecovery\assets\tankwar\asset15",47,"C:\Users\JBNU\git\ConstraintsRecovery\assets\tankwar\asset15","G4","G4","TankWar_P1|TankWar_P2|TankWar_P3|TankWar_P4|TankWar_P5","TankWar_P1|TankWar_P2|TankWar_P3|TankWar_P4|TankWar_P5",false,"TankWar_P1|TankWar_P2|TankWar_P3|TankWar_P4|TankWar_P5","RESOLVED_INTERNAL"
"D600","E125","E112","FIELD_REFERENCE","IMPLEMENTATION","C:\Users\JBNU\git\ConstraintsRecovery\assets\tankwar\asset15",50,"C:\Users\JBNU\git\ConstraintsRecovery\assets\tankwar\asset15","G4","G4","TankWar_P1|TankWar_P2|TankWar_P3|TankWar_P4|TankWar_P5","TankWar_P1|TankWar_P2|TankWar_P3|TankWar_P4|TankWar_P5",false,"TankWar_P1|TankWar_P2|TankWar_P3|TankWar_P4|TankWar_P5","RESOLVED_INTERNAL"
"D601","E125","E112","FIELD_REFERENCE","IMPLEMENTATION","C:\Users\JBNU\git\ConstraintsRecovery\assets\tankwar\asset15",51,"C:\Users\JBNU\git\ConstraintsRecovery\assets\tankwar\asset15","G4","G4","TankWar_P1|TankWar_P2|TankWar_P3|TankWar_P4|TankWar_P5","TankWar_P1|TankWar_P2|TankWar_P3|TankWar_P4|TankWar_P5",false,"TankWar_P1|TankWar_P2|TankWar_P3|TankWar_P4|TankWar_P5","RESOLVED_INTERNAL"
"D602","E125","E113","FIELD_REFERENCE","IMPLEMENTATION","C:\Users\JBNU\git\ConstraintsRecovery\assets\tankwar\asset15",53,"C:\Users\JBNU\git\ConstraintsRecovery\assets\tankwar\asset15","G4","G4","TankWar_P1|TankWar_P2|TankWar_P3|TankWar_P4|TankWar_P5","TankWar_P1|TankWar_P2|TankWar_P3|TankWar_P4|TankWar_P5",false,"TankWar_P1|TankWar_P2|TankWar_P3|TankWar_P4|TankWar_P5","RESOLVED_INTERNAL"
"D603","E125","E114","FIELD_REFERENCE","IMPLEMENTATION","C:\Users\JBNU\git\ConstraintsRecovery\assets\tankwar\asset15",54,"C:\Users\JBNU\git\ConstraintsRecovery\assets\tankwar\asset15","G4","G4","TankWar_P1|TankWar_P2|TankWar_P3|TankWar_P4|TankWar_P5","TankWar_P1|TankWar_P2|TankWar_P3|TankWar_P4|TankWar_P5",false,"TankWar_P1|TankWar_P2|TankWar_P3|TankWar_P4|TankWar_P5","RESOLVED_INTERNAL"
"D604","E125","E113","FIELD_REFERENCE","IMPLEMENTATION","C:\Users\JBNU\git\ConstraintsRecovery\assets\tankwar\asset15",57,"C:\Users\JBNU\git\ConstraintsRecovery\assets\tankwar\asset15","G4","G4","TankWar_P1|TankWar_P2|TankWar_P3|TankWar_P4|TankWar_P5","TankWar_P1|TankWar_P2|TankWar_P3|TankWar_P4|TankWar_P5",false,"TankWar_P1|TankWar_P2|TankWar_P3|TankWar_P4|TankWar_P5","RESOLVED_INTERNAL"
"D605","E125","E114","FIELD_REFERENCE","IMPLEMENTATION","C:\Users\JBNU\git\ConstraintsRecovery\assets\tankwar\asset15",58,"C:\Users\JBNU\git\ConstraintsRecovery\assets\tankwar\asset15","G4","G4","TankWar_P1|TankWar_P2|TankWar_P3|TankWar_P4|TankWar_P5","TankWar_P1|TankWar_P2|TankWar_P3|TankWar_P4|TankWar_P5",false,"TankWar_P1|TankWar_P2|TankWar_P3|TankWar_P4|TankWar_P5","RESOLVED_INTERNAL"
"D606","E125","E113","FIELD_REFERENCE","IMPLEMENTATION","C:\Users\JBNU\git\ConstraintsRecovery\assets\tankwar\asset15",61,"C:\Users\JBNU\git\ConstraintsRecovery\assets\tankwar\asset15","G4","G4","TankWar_P1|TankWar_P2|TankWar_P3|TankWar_P4|TankWar_P5","TankWar_P1|TankWar_P2|TankWar_P3|TankWar_P4|TankWar_P5",false,"TankWar_P1|TankWar_P2|TankWar_P3|TankWar_P4|TankWar_P5","RESOLVED_INTERNAL"
"D607","E125","E114","FIELD_REFERENCE","IMPLEMENTATION","C:\Users\JBNU\git\ConstraintsRecovery\assets\tankwar\asset15",62,"C:\Users\JBNU\git\ConstraintsRecovery\assets\tankwar\asset15","G4","G4","TankWar_P1|TankWar_P2|TankWar_P3|TankWar_P4|TankWar_P5","TankWar_P1|TankWar_P2|TankWar_P3|TankWar_P4|TankWar_P5",false,"TankWar_P1|TankWar_P2|TankWar_P3|TankWar_P4|TankWar_P5","RESOLVED_INTERNAL"
"D608","E125","E113","FIELD_REFERENCE","IMPLEMENTATION","C:\Users\JBNU\git\ConstraintsRecovery\assets\tankwar\asset15",65,"C:\Users\JBNU\git\ConstraintsRecovery\assets\tankwar\asset15","G4","G4","TankWar_P1|TankWar_P2|TankWar_P3|TankWar_P4|TankWar_P5","TankWar_P1|TankWar_P2|TankWar_P3|TankWar_P4|TankWar_P5",false,"TankWar_P1|TankWar_P2|TankWar_P3|TankWar_P4|TankWar_P5","RESOLVED_INTERNAL"
"D609","E125","E114","FIELD_REFERENCE","IMPLEMENTATION","C:\Users\JBNU\git\ConstraintsRecovery\assets\tankwar\asset15",66,"C:\Users\JBNU\git\ConstraintsRecovery\assets\tankwar\asset15","G4","G4","TankWar_P1|TankWar_P2|TankWar_P3|TankWar_P4|TankWar_P5","TankWar_P1|TankWar_P2|TankWar_P3|TankWar_P4|TankWar_P5",false,"TankWar_P1|TankWar_P2|TankWar_P3|TankWar_P4|TankWar_P5","RESOLVED_INTERNAL"
"D610","E126","E117","FIELD_REFERENCE","IMPLEMENTATION","C:\Users\JBNU\git\ConstraintsRecovery\assets\tankwar\asset15",71,"C:\Users\JBNU\git\ConstraintsRecovery\assets\tankwar\asset15","G4","G4","TankWar_P1|TankWar_P2|TankWar_P3|TankWar_P4|TankWar_P5","TankWar_P1|TankWar_P2|TankWar_P3|TankWar_P4|TankWar_P5",false,"TankWar_P1|TankWar_P2|TankWar_P3|TankWar_P4|TankWar_P5","RESOLVED_INTERNAL"
"D611","E127","E118","FIELD_REFERENCE","IMPLEMENTATION","C:\Users\JBNU\git\ConstraintsRecovery\assets\tankwar\asset15",74,"C:\Users\JBNU\git\ConstraintsRecovery\assets\tankwar\asset15","G4","G4","TankWar_P1|TankWar_P2|TankWar_P3|TankWar_P4|TankWar_P5","TankWar_P1|TankWar_P2|TankWar_P3|TankWar_P4|TankWar_P5",false,"TankWar_P1|TankWar_P2|TankWar_P3|TankWar_P4|TankWar_P5","RESOLVED_INTERNAL"
"D612","E128","E106","FIELD_REFERENCE","IMPLEMENTATION","C:\Users\JBNU\git\ConstraintsRecovery\assets\tankwar\asset15",78,"C:\Users\JBNU\git\ConstraintsRecovery\assets\tankwar\asset15","G4","G4","TankWar_P1|TankWar_P2|TankWar_P3|TankWar_P4|TankWar_P5","TankWar_P1|TankWar_P2|TankWar_P3|TankWar_P4|TankWar_P5",false,"TankWar_P1|TankWar_P2|TankWar_P3|TankWar_P4|TankWar_P5","RESOLVED_INTERNAL"
"D613","E128","E106","FIELD_REFERENCE","IMPLEMENTATION","C:\Users\JBNU\git\ConstraintsRecovery\assets\tankwar\asset15",80,"C:\Users\JBNU\git\ConstraintsRecovery\assets\tankwar\asset15","G4","G4","TankWar_P1|TankWar_P2|TankWar_P3|TankWar_P4|TankWar_P5","TankWar_P1|TankWar_P2|TankWar_P3|TankWar_P4|TankWar_P5",false,"TankWar_P1|TankWar_P2|TankWar_P3|TankWar_P4|TankWar_P5","RESOLVED_INTERNAL"
"D614","E128","E106","FIELD_REFERENCE","IMPLEMENTATION","C:\Users\JBNU\git\ConstraintsRecovery\assets\tankwar\asset15",81,"C:\Users\JBNU\git\ConstraintsRecovery\assets\tankwar\asset15","G4","G4","TankWar_P1|TankWar_P2|TankWar_P3|TankWar_P4|TankWar_P5","TankWar_P1|TankWar_P2|TankWar_P3|TankWar_P4|TankWar_P5",false,"TankWar_P1|TankWar_P2|TankWar_P3|TankWar_P4|TankWar_P5","RESOLVED_INTERNAL"
"D615","E128","E144","FIELD_REFERENCE","IMPLEMENTATION","C:\Users\JBNU\git\ConstraintsRecovery\assets\tankwar\asset15",81,"C:\Users\JBNU\git\ConstraintsRecovery\assets\tankwar\asset17","G4","G4","TankWar_P1|TankWar_P2|TankWar_P3|TankWar_P4|TankWar_P5","TankWar_P1|TankWar_P2|TankWar_P3|TankWar_P4|TankWar_P5",true,"TankWar_P1|TankWar_P2|TankWar_P3|TankWar_P4|TankWar_P5","RESOLVED_INTERNAL"
"D616","E128","E106","FIELD_REFERENCE","IMPLEMENTATION","C:\Users\JBNU\git\ConstraintsRecovery\assets\tankwar\asset15",82,"C:\Users\JBNU\git\ConstraintsRecovery\assets\tankwar\asset15","G4","G4","TankWar_P1|TankWar_P2|TankWar_P3|TankWar_P4|TankWar_P5","TankWar_P1|TankWar_P2|TankWar_P3|TankWar_P4|TankWar_P5",false,"TankWar_P1|TankWar_P2|TankWar_P3|TankWar_P4|TankWar_P5","RESOLVED_INTERNAL"
"D617","E128","E147","CONSTRUCTOR_CALL","IMPLEMENTATION","C:\Users\JBNU\git\ConstraintsRecovery\assets\tankwar\asset15",84,"C:\Users\JBNU\git\ConstraintsRecovery\assets\tankwar\asset17","G4","G4","TankWar_P1|TankWar_P2|TankWar_P3|TankWar_P4|TankWar_P5","TankWar_P1|TankWar_P2|TankWar_P3|TankWar_P4|TankWar_P5",true,"TankWar_P1|TankWar_P2|TankWar_P3|TankWar_P4|TankWar_P5","RESOLVED_INTERNAL"
"D618","E128","E106","FIELD_REFERENCE","IMPLEMENTATION","C:\Users\JBNU\git\ConstraintsRecovery\assets\tankwar\asset15",86,"C:\Users\JBNU\git\ConstraintsRecovery\assets\tankwar\asset15","G4","G4","TankWar_P1|TankWar_P2|TankWar_P3|TankWar_P4|TankWar_P5","TankWar_P1|TankWar_P2|TankWar_P3|TankWar_P4|TankWar_P5",false,"TankWar_P1|TankWar_P2|TankWar_P3|TankWar_P4|TankWar_P5","RESOLVED_INTERNAL"
"D619","E128","E106","FIELD_REFERENCE","IMPLEMENTATION","C:\Users\JBNU\git\ConstraintsRecovery\assets\tankwar\asset15",87,"C:\Users\JBNU\git\ConstraintsRecovery\assets\tankwar\asset15","G4","G4","TankWar_P1|TankWar_P2|TankWar_P3|TankWar_P4|TankWar_P5","TankWar_P1|TankWar_P2|TankWar_P3|TankWar_P4|TankWar_P5",false,"TankWar_P1|TankWar_P2|TankWar_P3|TankWar_P4|TankWar_P5","RESOLVED_INTERNAL"
"D620","E128","E147","CONSTRUCTOR_CALL","IMPLEMENTATION","C:\Users\JBNU\git\ConstraintsRecovery\assets\tankwar\asset15",93,"C:\Users\JBNU\git\ConstraintsRecovery\assets\tankwar\asset17","G4","G4","TankWar_P1|TankWar_P2|TankWar_P3|TankWar_P4|TankWar_P5","TankWar_P1|TankWar_P2|TankWar_P3|TankWar_P4|TankWar_P5",true,"TankWar_P1|TankWar_P2|TankWar_P3|TankWar_P4|TankWar_P5","RESOLVED_INTERNAL"
"D621","E128","E106","FIELD_REFERENCE","IMPLEMENTATION","C:\Users\JBNU\git\ConstraintsRecovery\assets\tankwar\asset15",95,"C:\Users\JBNU\git\ConstraintsRecovery\assets\tankwar\asset15","G4","G4","TankWar_P1|TankWar_P2|TankWar_P3|TankWar_P4|TankWar_P5","TankWar_P1|TankWar_P2|TankWar_P3|TankWar_P4|TankWar_P5",false,"TankWar_P1|TankWar_P2|TankWar_P3|TankWar_P4|TankWar_P5","RESOLVED_INTERNAL"
"D622","E128","E106","FIELD_REFERENCE","IMPLEMENTATION","C:\Users\JBNU\git\ConstraintsRecovery\assets\tankwar\asset15",97,"C:\Users\JBNU\git\ConstraintsRecovery\assets\tankwar\asset15","G4","G4","TankWar_P1|TankWar_P2|TankWar_P3|TankWar_P4|TankWar_P5","TankWar_P1|TankWar_P2|TankWar_P3|TankWar_P4|TankWar_P5",false,"TankWar_P1|TankWar_P2|TankWar_P3|TankWar_P4|TankWar_P5","RESOLVED_INTERNAL"
"D623","E128","E106","FIELD_REFERENCE","IMPLEMENTATION","C:\Users\JBNU\git\ConstraintsRecovery\assets\tankwar\asset15",99,"C:\Users\JBNU\git\ConstraintsRecovery\assets\tankwar\asset15","G4","G4","TankWar_P1|TankWar_P2|TankWar_P3|TankWar_P4|TankWar_P5","TankWar_P1|TankWar_P2|TankWar_P3|TankWar_P4|TankWar_P5",false,"TankWar_P1|TankWar_P2|TankWar_P3|TankWar_P4|TankWar_P5","RESOLVED_INTERNAL"
"D458","E128","E106","FIELD_REFERENCE","IMPLEMENTATION","C:\Users\JBNU\git\ConstraintsRecovery\assets\tankwar\asset15",101,"C:\Users\JBNU\git\ConstraintsRecovery\assets\tankwar\asset15","G4","G4","TankWar_P1|TankWar_P2|TankWar_P3|TankWar_P4|TankWar_P5","TankWar_P1|TankWar_P2|TankWar_P3|TankWar_P4|TankWar_P5",false,"TankWar_P1|TankWar_P2|TankWar_P3|TankWar_P4|TankWar_P5","RESOLVED_INTERNAL"
"D459","E128","E147","CONSTRUCTOR_CALL","IMPLEMENTATION","C:\Users\JBNU\git\ConstraintsRecovery\assets\tankwar\asset15",105,"C:\Users\JBNU\git\ConstraintsRecovery\assets\tankwar\asset17","G4","G4","TankWar_P1|TankWar_P2|TankWar_P3|TankWar_P4|TankWar_P5","TankWar_P1|TankWar_P2|TankWar_P3|TankWar_P4|TankWar_P5",true,"TankWar_P1|TankWar_P2|TankWar_P3|TankWar_P4|TankWar_P5","RESOLVED_INTERNAL"
"D460","E128","E106","FIELD_REFERENCE","IMPLEMENTATION","C:\Users\JBNU\git\ConstraintsRecovery\assets\tankwar\asset15",105,"C:\Users\JBNU\git\ConstraintsRecovery\assets\tankwar\asset15","G4","G4","TankWar_P1|TankWar_P2|TankWar_P3|TankWar_P4|TankWar_P5","TankWar_P1|TankWar_P2|TankWar_P3|TankWar_P4|TankWar_P5",false,"TankWar_P1|TankWar_P2|TankWar_P3|TankWar_P4|TankWar_P5","RESOLVED_INTERNAL"
"D461","E129","E106","FIELD_REFERENCE","IMPLEMENTATION","C:\Users\JBNU\git\ConstraintsRecovery\assets\tankwar\asset15",110,"C:\Users\JBNU\git\ConstraintsRecovery\assets\tankwar\asset15","G4","G4","TankWar_P1|TankWar_P2|TankWar_P3|TankWar_P4|TankWar_P5","TankWar_P1|TankWar_P2|TankWar_P3|TankWar_P4|TankWar_P5",false,"TankWar_P1|TankWar_P2|TankWar_P3|TankWar_P4|TankWar_P5","RESOLVED_INTERNAL"
"D462","E129","E106","FIELD_REFERENCE","IMPLEMENTATION","C:\Users\JBNU\git\ConstraintsRecovery\assets\tankwar\asset15",112,"C:\Users\JBNU\git\ConstraintsRecovery\assets\tankwar\asset15","G4","G4","TankWar_P1|TankWar_P2|TankWar_P3|TankWar_P4|TankWar_P5","TankWar_P1|TankWar_P2|TankWar_P3|TankWar_P4|TankWar_P5",false,"TankWar_P1|TankWar_P2|TankWar_P3|TankWar_P4|TankWar_P5","RESOLVED_INTERNAL"
"D463","E129","E106","FIELD_REFERENCE","IMPLEMENTATION","C:\Users\JBNU\git\ConstraintsRecovery\assets\tankwar\asset15",113,"C:\Users\JBNU\git\ConstraintsRecovery\assets\tankwar\asset15","G4","G4","TankWar_P1|TankWar_P2|TankWar_P3|TankWar_P4|TankWar_P5","TankWar_P1|TankWar_P2|TankWar_P3|TankWar_P4|TankWar_P5",false,"TankWar_P1|TankWar_P2|TankWar_P3|TankWar_P4|TankWar_P5","RESOLVED_INTERNAL"
"D464","E129","E144","FIELD_REFERENCE","IMPLEMENTATION","C:\Users\JBNU\git\ConstraintsRecovery\assets\tankwar\asset15",113,"C:\Users\JBNU\git\ConstraintsRecovery\assets\tankwar\asset17","G4","G4","TankWar_P1|TankWar_P2|TankWar_P3|TankWar_P4|TankWar_P5","TankWar_P1|TankWar_P2|TankWar_P3|TankWar_P4|TankWar_P5",true,"TankWar_P1|TankWar_P2|TankWar_P3|TankWar_P4|TankWar_P5","RESOLVED_INTERNAL"
"D465","E129","E106","FIELD_REFERENCE","IMPLEMENTATION","C:\Users\JBNU\git\ConstraintsRecovery\assets\tankwar\asset15",114,"C:\Users\JBNU\git\ConstraintsRecovery\assets\tankwar\asset15","G4","G4","TankWar_P1|TankWar_P2|TankWar_P3|TankWar_P4|TankWar_P5","TankWar_P1|TankWar_P2|TankWar_P3|TankWar_P4|TankWar_P5",false,"TankWar_P1|TankWar_P2|TankWar_P3|TankWar_P4|TankWar_P5","RESOLVED_INTERNAL"
"D466","E129","E147","CONSTRUCTOR_CALL","IMPLEMENTATION","C:\Users\JBNU\git\ConstraintsRecovery\assets\tankwar\asset15",116,"C:\Users\JBNU\git\ConstraintsRecovery\assets\tankwar\asset17","G4","G4","TankWar_P1|TankWar_P2|TankWar_P3|TankWar_P4|TankWar_P5","TankWar_P1|TankWar_P2|TankWar_P3|TankWar_P4|TankWar_P5",true,"TankWar_P1|TankWar_P2|TankWar_P3|TankWar_P4|TankWar_P5","RESOLVED_INTERNAL"
"D467","E129","E106","FIELD_REFERENCE","IMPLEMENTATION","C:\Users\JBNU\git\ConstraintsRecovery\assets\tankwar\asset15",118,"C:\Users\JBNU\git\ConstraintsRecovery\assets\tankwar\asset15","G4","G4","TankWar_P1|TankWar_P2|TankWar_P3|TankWar_P4|TankWar_P5","TankWar_P1|TankWar_P2|TankWar_P3|TankWar_P4|TankWar_P5",false,"TankWar_P1|TankWar_P2|TankWar_P3|TankWar_P4|TankWar_P5","RESOLVED_INTERNAL"
"D468","E129","E106","FIELD_REFERENCE","IMPLEMENTATION","C:\Users\JBNU\git\ConstraintsRecovery\assets\tankwar\asset15",119,"C:\Users\JBNU\git\ConstraintsRecovery\assets\tankwar\asset15","G4","G4","TankWar_P1|TankWar_P2|TankWar_P3|TankWar_P4|TankWar_P5","TankWar_P1|TankWar_P2|TankWar_P3|TankWar_P4|TankWar_P5",false,"TankWar_P1|TankWar_P2|TankWar_P3|TankWar_P4|TankWar_P5","RESOLVED_INTERNAL"
"D469","E129","E147","CONSTRUCTOR_CALL","IMPLEMENTATION","C:\Users\JBNU\git\ConstraintsRecovery\assets\tankwar\asset15",125,"C:\Users\JBNU\git\ConstraintsRecovery\assets\tankwar\asset17","G4","G4","TankWar_P1|TankWar_P2|TankWar_P3|TankWar_P4|TankWar_P5","TankWar_P1|TankWar_P2|TankWar_P3|TankWar_P4|TankWar_P5",true,"TankWar_P1|TankWar_P2|TankWar_P3|TankWar_P4|TankWar_P5","RESOLVED_INTERNAL"
"D470","E129","E106","FIELD_REFERENCE","IMPLEMENTATION","C:\Users\JBNU\git\ConstraintsRecovery\assets\tankwar\asset15",127,"C:\Users\JBNU\git\ConstraintsRecovery\assets\tankwar\asset15","G4","G4","TankWar_P1|TankWar_P2|TankWar_P3|TankWar_P4|TankWar_P5","TankWar_P1|TankWar_P2|TankWar_P3|TankWar_P4|TankWar_P5",false,"TankWar_P1|TankWar_P2|TankWar_P3|TankWar_P4|TankWar_P5","RESOLVED_INTERNAL"
"D471","E129","E106","FIELD_REFERENCE","IMPLEMENTATION","C:\Users\JBNU\git\ConstraintsRecovery\assets\tankwar\asset15",129,"C:\Users\JBNU\git\ConstraintsRecovery\assets\tankwar\asset15","G4","G4","TankWar_P1|TankWar_P2|TankWar_P3|TankWar_P4|TankWar_P5","TankWar_P1|TankWar_P2|TankWar_P3|TankWar_P4|TankWar_P5",false,"TankWar_P1|TankWar_P2|TankWar_P3|TankWar_P4|TankWar_P5","RESOLVED_INTERNAL"
"D472","E129","E106","FIELD_REFERENCE","IMPLEMENTATION","C:\Users\JBNU\git\ConstraintsRecovery\assets\tankwar\asset15",131,"C:\Users\JBNU\git\ConstraintsRecovery\assets\tankwar\asset15","G4","G4","TankWar_P1|TankWar_P2|TankWar_P3|TankWar_P4|TankWar_P5","TankWar_P1|TankWar_P2|TankWar_P3|TankWar_P4|TankWar_P5",false,"TankWar_P1|TankWar_P2|TankWar_P3|TankWar_P4|TankWar_P5","RESOLVED_INTERNAL"
"D473","E129","E106","FIELD_REFERENCE","IMPLEMENTATION","C:\Users\JBNU\git\ConstraintsRecovery\assets\tankwar\asset15",133,"C:\Users\JBNU\git\ConstraintsRecovery\assets\tankwar\asset15","G4","G4","TankWar_P1|TankWar_P2|TankWar_P3|TankWar_P4|TankWar_P5","TankWar_P1|TankWar_P2|TankWar_P3|TankWar_P4|TankWar_P5",false,"TankWar_P1|TankWar_P2|TankWar_P3|TankWar_P4|TankWar_P5","RESOLVED_INTERNAL"
"D474","E129","E147","CONSTRUCTOR_CALL","IMPLEMENTATION","C:\Users\JBNU\git\ConstraintsRecovery\assets\tankwar\asset15",137,"C:\Users\JBNU\git\ConstraintsRecovery\assets\tankwar\asset17","G4","G4","TankWar_P1|TankWar_P2|TankWar_P3|TankWar_P4|TankWar_P5","TankWar_P1|TankWar_P2|TankWar_P3|TankWar_P4|TankWar_P5",true,"TankWar_P1|TankWar_P2|TankWar_P3|TankWar_P4|TankWar_P5","RESOLVED_INTERNAL"
"D475","E129","E106","FIELD_REFERENCE","IMPLEMENTATION","C:\Users\JBNU\git\ConstraintsRecovery\assets\tankwar\asset15",137,"C:\Users\JBNU\git\ConstraintsRecovery\assets\tankwar\asset15","G4","G4","TankWar_P1|TankWar_P2|TankWar_P3|TankWar_P4|TankWar_P5","TankWar_P1|TankWar_P2|TankWar_P3|TankWar_P4|TankWar_P5",false,"TankWar_P1|TankWar_P2|TankWar_P3|TankWar_P4|TankWar_P5","RESOLVED_INTERNAL"
"D476","E130","E106","FIELD_REFERENCE","IMPLEMENTATION","C:\Users\JBNU\git\ConstraintsRecovery\assets\tankwar\asset15",142,"C:\Users\JBNU\git\ConstraintsRecovery\assets\tankwar\asset15","G4","G4","TankWar_P1|TankWar_P2|TankWar_P3|TankWar_P4|TankWar_P5","TankWar_P1|TankWar_P2|TankWar_P3|TankWar_P4|TankWar_P5",false,"TankWar_P1|TankWar_P2|TankWar_P3|TankWar_P4|TankWar_P5","RESOLVED_INTERNAL"
"D477","E130","E106","FIELD_REFERENCE","IMPLEMENTATION","C:\Users\JBNU\git\ConstraintsRecovery\assets\tankwar\asset15",144,"C:\Users\JBNU\git\ConstraintsRecovery\assets\tankwar\asset15","G4","G4","TankWar_P1|TankWar_P2|TankWar_P3|TankWar_P4|TankWar_P5","TankWar_P1|TankWar_P2|TankWar_P3|TankWar_P4|TankWar_P5",false,"TankWar_P1|TankWar_P2|TankWar_P3|TankWar_P4|TankWar_P5","RESOLVED_INTERNAL"
"D478","E130","E106","FIELD_REFERENCE","IMPLEMENTATION","C:\Users\JBNU\git\ConstraintsRecovery\assets\tankwar\asset15",145,"C:\Users\JBNU\git\ConstraintsRecovery\assets\tankwar\asset15","G4","G4","TankWar_P1|TankWar_P2|TankWar_P3|TankWar_P4|TankWar_P5","TankWar_P1|TankWar_P2|TankWar_P3|TankWar_P4|TankWar_P5",false,"TankWar_P1|TankWar_P2|TankWar_P3|TankWar_P4|TankWar_P5","RESOLVED_INTERNAL"
"D479","E130","E144","FIELD_REFERENCE","IMPLEMENTATION","C:\Users\JBNU\git\ConstraintsRecovery\assets\tankwar\asset15",145,"C:\Users\JBNU\git\ConstraintsRecovery\assets\tankwar\asset17","G4","G4","TankWar_P1|TankWar_P2|TankWar_P3|TankWar_P4|TankWar_P5","TankWar_P1|TankWar_P2|TankWar_P3|TankWar_P4|TankWar_P5",true,"TankWar_P1|TankWar_P2|TankWar_P3|TankWar_P4|TankWar_P5","RESOLVED_INTERNAL"
"D480","E130","E106","FIELD_REFERENCE","IMPLEMENTATION","C:\Users\JBNU\git\ConstraintsRecovery\assets\tankwar\asset15",146,"C:\Users\JBNU\git\ConstraintsRecovery\assets\tankwar\asset15","G4","G4","TankWar_P1|TankWar_P2|TankWar_P3|TankWar_P4|TankWar_P5","TankWar_P1|TankWar_P2|TankWar_P3|TankWar_P4|TankWar_P5",false,"TankWar_P1|TankWar_P2|TankWar_P3|TankWar_P4|TankWar_P5","RESOLVED_INTERNAL"
"D481","E130","E146","CONSTRUCTOR_CALL","IMPLEMENTATION","C:\Users\JBNU\git\ConstraintsRecovery\assets\tankwar\asset15",148,"C:\Users\JBNU\git\ConstraintsRecovery\assets\tankwar\asset17","G4","G4","TankWar_P1|TankWar_P2|TankWar_P3|TankWar_P4|TankWar_P5","TankWar_P1|TankWar_P2|TankWar_P3|TankWar_P4|TankWar_P5",true,"TankWar_P1|TankWar_P2|TankWar_P3|TankWar_P4|TankWar_P5","RESOLVED_INTERNAL"
"D482","E130","E106","FIELD_REFERENCE","IMPLEMENTATION","C:\Users\JBNU\git\ConstraintsRecovery\assets\tankwar\asset15",150,"C:\Users\JBNU\git\ConstraintsRecovery\assets\tankwar\asset15","G4","G4","TankWar_P1|TankWar_P2|TankWar_P3|TankWar_P4|TankWar_P5","TankWar_P1|TankWar_P2|TankWar_P3|TankWar_P4|TankWar_P5",false,"TankWar_P1|TankWar_P2|TankWar_P3|TankWar_P4|TankWar_P5","RESOLVED_INTERNAL"
"D483","E130","E106","FIELD_REFERENCE","IMPLEMENTATION","C:\Users\JBNU\git\ConstraintsRecovery\assets\tankwar\asset15",151,"C:\Users\JBNU\git\ConstraintsRecovery\assets\tankwar\asset15","G4","G4","TankWar_P1|TankWar_P2|TankWar_P3|TankWar_P4|TankWar_P5","TankWar_P1|TankWar_P2|TankWar_P3|TankWar_P4|TankWar_P5",false,"TankWar_P1|TankWar_P2|TankWar_P3|TankWar_P4|TankWar_P5","RESOLVED_INTERNAL"
"D484","E130","E146","CONSTRUCTOR_CALL","IMPLEMENTATION","C:\Users\JBNU\git\ConstraintsRecovery\assets\tankwar\asset15",157,"C:\Users\JBNU\git\ConstraintsRecovery\assets\tankwar\asset17","G4","G4","TankWar_P1|TankWar_P2|TankWar_P3|TankWar_P4|TankWar_P5","TankWar_P1|TankWar_P2|TankWar_P3|TankWar_P4|TankWar_P5",true,"TankWar_P1|TankWar_P2|TankWar_P3|TankWar_P4|TankWar_P5","RESOLVED_INTERNAL"
"D485","E130","E106","FIELD_REFERENCE","IMPLEMENTATION","C:\Users\JBNU\git\ConstraintsRecovery\assets\tankwar\asset15",159,"C:\Users\JBNU\git\ConstraintsRecovery\assets\tankwar\asset15","G4","G4","TankWar_P1|TankWar_P2|TankWar_P3|TankWar_P4|TankWar_P5","TankWar_P1|TankWar_P2|TankWar_P3|TankWar_P4|TankWar_P5",false,"TankWar_P1|TankWar_P2|TankWar_P3|TankWar_P4|TankWar_P5","RESOLVED_INTERNAL"
"D486","E130","E106","FIELD_REFERENCE","IMPLEMENTATION","C:\Users\JBNU\git\ConstraintsRecovery\assets\tankwar\asset15",161,"C:\Users\JBNU\git\ConstraintsRecovery\assets\tankwar\asset15","G4","G4","TankWar_P1|TankWar_P2|TankWar_P3|TankWar_P4|TankWar_P5","TankWar_P1|TankWar_P2|TankWar_P3|TankWar_P4|TankWar_P5",false,"TankWar_P1|TankWar_P2|TankWar_P3|TankWar_P4|TankWar_P5","RESOLVED_INTERNAL"
"D487","E130","E106","FIELD_REFERENCE","IMPLEMENTATION","C:\Users\JBNU\git\ConstraintsRecovery\assets\tankwar\asset15",163,"C:\Users\JBNU\git\ConstraintsRecovery\assets\tankwar\asset15","G4","G4","TankWar_P1|TankWar_P2|TankWar_P3|TankWar_P4|TankWar_P5","TankWar_P1|TankWar_P2|TankWar_P3|TankWar_P4|TankWar_P5",false,"TankWar_P1|TankWar_P2|TankWar_P3|TankWar_P4|TankWar_P5","RESOLVED_INTERNAL"
"D488","E130","E106","FIELD_REFERENCE","IMPLEMENTATION","C:\Users\JBNU\git\ConstraintsRecovery\assets\tankwar\asset15",165,"C:\Users\JBNU\git\ConstraintsRecovery\assets\tankwar\asset15","G4","G4","TankWar_P1|TankWar_P2|TankWar_P3|TankWar_P4|TankWar_P5","TankWar_P1|TankWar_P2|TankWar_P3|TankWar_P4|TankWar_P5",false,"TankWar_P1|TankWar_P2|TankWar_P3|TankWar_P4|TankWar_P5","RESOLVED_INTERNAL"
"D489","E130","E146","CONSTRUCTOR_CALL","IMPLEMENTATION","C:\Users\JBNU\git\ConstraintsRecovery\assets\tankwar\asset15",169,"C:\Users\JBNU\git\ConstraintsRecovery\assets\tankwar\asset17","G4","G4","TankWar_P1|TankWar_P2|TankWar_P3|TankWar_P4|TankWar_P5","TankWar_P1|TankWar_P2|TankWar_P3|TankWar_P4|TankWar_P5",true,"TankWar_P1|TankWar_P2|TankWar_P3|TankWar_P4|TankWar_P5","RESOLVED_INTERNAL"
"D490","E130","E106","FIELD_REFERENCE","IMPLEMENTATION","C:\Users\JBNU\git\ConstraintsRecovery\assets\tankwar\asset15",169,"C:\Users\JBNU\git\ConstraintsRecovery\assets\tankwar\asset15","G4","G4","TankWar_P1|TankWar_P2|TankWar_P3|TankWar_P4|TankWar_P5","TankWar_P1|TankWar_P2|TankWar_P3|TankWar_P4|TankWar_P5",false,"TankWar_P1|TankWar_P2|TankWar_P3|TankWar_P4|TankWar_P5","RESOLVED_INTERNAL"
"D491","E131","E106","FIELD_REFERENCE","IMPLEMENTATION","C:\Users\JBNU\git\ConstraintsRecovery\assets\tankwar\asset15",174,"C:\Users\JBNU\git\ConstraintsRecovery\assets\tankwar\asset15","G4","G4","TankWar_P1|TankWar_P2|TankWar_P3|TankWar_P4|TankWar_P5","TankWar_P1|TankWar_P2|TankWar_P3|TankWar_P4|TankWar_P5",false,"TankWar_P1|TankWar_P2|TankWar_P3|TankWar_P4|TankWar_P5","RESOLVED_INTERNAL"
"D492","E131","E106","FIELD_REFERENCE","IMPLEMENTATION","C:\Users\JBNU\git\ConstraintsRecovery\assets\tankwar\asset15",175,"C:\Users\JBNU\git\ConstraintsRecovery\assets\tankwar\asset15","G4","G4","TankWar_P1|TankWar_P2|TankWar_P3|TankWar_P4|TankWar_P5","TankWar_P1|TankWar_P2|TankWar_P3|TankWar_P4|TankWar_P5",false,"TankWar_P1|TankWar_P2|TankWar_P3|TankWar_P4|TankWar_P5","RESOLVED_INTERNAL"
"D493","E131","E106","FIELD_REFERENCE","IMPLEMENTATION","C:\Users\JBNU\git\ConstraintsRecovery\assets\tankwar\asset15",176,"C:\Users\JBNU\git\ConstraintsRecovery\assets\tankwar\asset15","G4","G4","TankWar_P1|TankWar_P2|TankWar_P3|TankWar_P4|TankWar_P5","TankWar_P1|TankWar_P2|TankWar_P3|TankWar_P4|TankWar_P5",false,"TankWar_P1|TankWar_P2|TankWar_P3|TankWar_P4|TankWar_P5","RESOLVED_INTERNAL"
"D494","E131","E106","FIELD_REFERENCE","IMPLEMENTATION","C:\Users\JBNU\git\ConstraintsRecovery\assets\tankwar\asset15",177,"C:\Users\JBNU\git\ConstraintsRecovery\assets\tankwar\asset15","G4","G4","TankWar_P1|TankWar_P2|TankWar_P3|TankWar_P4|TankWar_P5","TankWar_P1|TankWar_P2|TankWar_P3|TankWar_P4|TankWar_P5",false,"TankWar_P1|TankWar_P2|TankWar_P3|TankWar_P4|TankWar_P5","RESOLVED_INTERNAL"
"D495","E131","E106","FIELD_REFERENCE","IMPLEMENTATION","C:\Users\JBNU\git\ConstraintsRecovery\assets\tankwar\asset15",178,"C:\Users\JBNU\git\ConstraintsRecovery\assets\tankwar\asset15","G4","G4","TankWar_P1|TankWar_P2|TankWar_P3|TankWar_P4|TankWar_P5","TankWar_P1|TankWar_P2|TankWar_P3|TankWar_P4|TankWar_P5",false,"TankWar_P1|TankWar_P2|TankWar_P3|TankWar_P4|TankWar_P5","RESOLVED_INTERNAL"
"D496","E131","E106","FIELD_REFERENCE","IMPLEMENTATION","C:\Users\JBNU\git\ConstraintsRecovery\assets\tankwar\asset15",180,"C:\Users\JBNU\git\ConstraintsRecovery\assets\tankwar\asset15","G4","G4","TankWar_P1|TankWar_P2|TankWar_P3|TankWar_P4|TankWar_P5","TankWar_P1|TankWar_P2|TankWar_P3|TankWar_P4|TankWar_P5",false,"TankWar_P1|TankWar_P2|TankWar_P3|TankWar_P4|TankWar_P5","RESOLVED_INTERNAL"
"D497","E131","E106","FIELD_REFERENCE","IMPLEMENTATION","C:\Users\JBNU\git\ConstraintsRecovery\assets\tankwar\asset15",187,"C:\Users\JBNU\git\ConstraintsRecovery\assets\tankwar\asset15","G4","G4","TankWar_P1|TankWar_P2|TankWar_P3|TankWar_P4|TankWar_P5","TankWar_P1|TankWar_P2|TankWar_P3|TankWar_P4|TankWar_P5",false,"TankWar_P1|TankWar_P2|TankWar_P3|TankWar_P4|TankWar_P5","RESOLVED_INTERNAL"
"D498","E131","E106","FIELD_REFERENCE","IMPLEMENTATION","C:\Users\JBNU\git\ConstraintsRecovery\assets\tankwar\asset15",188,"C:\Users\JBNU\git\ConstraintsRecovery\assets\tankwar\asset15","G4","G4","TankWar_P1|TankWar_P2|TankWar_P3|TankWar_P4|TankWar_P5","TankWar_P1|TankWar_P2|TankWar_P3|TankWar_P4|TankWar_P5",false,"TankWar_P1|TankWar_P2|TankWar_P3|TankWar_P4|TankWar_P5","RESOLVED_INTERNAL"
"D499","E131","E106","FIELD_REFERENCE","IMPLEMENTATION","C:\Users\JBNU\git\ConstraintsRecovery\assets\tankwar\asset15",189,"C:\Users\JBNU\git\ConstraintsRecovery\assets\tankwar\asset15","G4","G4","TankWar_P1|TankWar_P2|TankWar_P3|TankWar_P4|TankWar_P5","TankWar_P1|TankWar_P2|TankWar_P3|TankWar_P4|TankWar_P5",false,"TankWar_P1|TankWar_P2|TankWar_P3|TankWar_P4|TankWar_P5","RESOLVED_INTERNAL"
"D500","E131","E106","FIELD_REFERENCE","IMPLEMENTATION","C:\Users\JBNU\git\ConstraintsRecovery\assets\tankwar\asset15",191,"C:\Users\JBNU\git\ConstraintsRecovery\assets\tankwar\asset15","G4","G4","TankWar_P1|TankWar_P2|TankWar_P3|TankWar_P4|TankWar_P5","TankWar_P1|TankWar_P2|TankWar_P3|TankWar_P4|TankWar_P5",false,"TankWar_P1|TankWar_P2|TankWar_P3|TankWar_P4|TankWar_P5","RESOLVED_INTERNAL"
"D501","E131","E106","FIELD_REFERENCE","IMPLEMENTATION","C:\Users\JBNU\git\ConstraintsRecovery\assets\tankwar\asset15",193,"C:\Users\JBNU\git\ConstraintsRecovery\assets\tankwar\asset15","G4","G4","TankWar_P1|TankWar_P2|TankWar_P3|TankWar_P4|TankWar_P5","TankWar_P1|TankWar_P2|TankWar_P3|TankWar_P4|TankWar_P5",false,"TankWar_P1|TankWar_P2|TankWar_P3|TankWar_P4|TankWar_P5","RESOLVED_INTERNAL"
"D502","E131","E117","FIELD_REFERENCE","IMPLEMENTATION","C:\Users\JBNU\git\ConstraintsRecovery\assets\tankwar\asset15",200,"C:\Users\JBNU\git\ConstraintsRecovery\assets\tankwar\asset15","G4","G4","TankWar_P1|TankWar_P2|TankWar_P3|TankWar_P4|TankWar_P5","TankWar_P1|TankWar_P2|TankWar_P3|TankWar_P4|TankWar_P5",false,"TankWar_P1|TankWar_P2|TankWar_P3|TankWar_P4|TankWar_P5","RESOLVED_INTERNAL"
"D503","E131","E106","FIELD_REFERENCE","IMPLEMENTATION","C:\Users\JBNU\git\ConstraintsRecovery\assets\tankwar\asset15",201,"C:\Users\JBNU\git\ConstraintsRecovery\assets\tankwar\asset15","G4","G4","TankWar_P1|TankWar_P2|TankWar_P3|TankWar_P4|TankWar_P5","TankWar_P1|TankWar_P2|TankWar_P3|TankWar_P4|TankWar_P5",false,"TankWar_P1|TankWar_P2|TankWar_P3|TankWar_P4|TankWar_P5","RESOLVED_INTERNAL"
"D504","E131","E106","FIELD_REFERENCE","IMPLEMENTATION","C:\Users\JBNU\git\ConstraintsRecovery\assets\tankwar\asset15",202,"C:\Users\JBNU\git\ConstraintsRecovery\assets\tankwar\asset15","G4","G4","TankWar_P1|TankWar_P2|TankWar_P3|TankWar_P4|TankWar_P5","TankWar_P1|TankWar_P2|TankWar_P3|TankWar_P4|TankWar_P5",false,"TankWar_P1|TankWar_P2|TankWar_P3|TankWar_P4|TankWar_P5","RESOLVED_INTERNAL"
"D505","E131","E106","FIELD_REFERENCE","IMPLEMENTATION","C:\Users\JBNU\git\ConstraintsRecovery\assets\tankwar\asset15",203,"C:\Users\JBNU\git\ConstraintsRecovery\assets\tankwar\asset15","G4","G4","TankWar_P1|TankWar_P2|TankWar_P3|TankWar_P4|TankWar_P5","TankWar_P1|TankWar_P2|TankWar_P3|TankWar_P4|TankWar_P5",false,"TankWar_P1|TankWar_P2|TankWar_P3|TankWar_P4|TankWar_P5","RESOLVED_INTERNAL"
"D506","E131","E110","FIELD_REFERENCE","IMPLEMENTATION","C:\Users\JBNU\git\ConstraintsRecovery\assets\tankwar\asset15",203,"C:\Users\JBNU\git\ConstraintsRecovery\assets\tankwar\asset15","G4","G4","TankWar_P1|TankWar_P2|TankWar_P3|TankWar_P4|TankWar_P5","TankWar_P1|TankWar_P2|TankWar_P3|TankWar_P4|TankWar_P5",false,"TankWar_P1|TankWar_P2|TankWar_P3|TankWar_P4|TankWar_P5","RESOLVED_INTERNAL"
"D507","E131","E141","FIELD_REFERENCE","IMPLEMENTATION","C:\Users\JBNU\git\ConstraintsRecovery\assets\tankwar\asset15",203,"C:\Users\JBNU\git\ConstraintsRecovery\assets\tankwar\asset17","G4","G4","TankWar_P1|TankWar_P2|TankWar_P3|TankWar_P4|TankWar_P5","TankWar_P1|TankWar_P2|TankWar_P3|TankWar_P4|TankWar_P5",true,"TankWar_P1|TankWar_P2|TankWar_P3|TankWar_P4|TankWar_P5","RESOLVED_INTERNAL"
"D508","E131","E106","FIELD_REFERENCE","IMPLEMENTATION","C:\Users\JBNU\git\ConstraintsRecovery\assets\tankwar\asset15",208,"C:\Users\JBNU\git\ConstraintsRecovery\assets\tankwar\asset15","G4","G4","TankWar_P1|TankWar_P2|TankWar_P3|TankWar_P4|TankWar_P5","TankWar_P1|TankWar_P2|TankWar_P3|TankWar_P4|TankWar_P5",false,"TankWar_P1|TankWar_P2|TankWar_P3|TankWar_P4|TankWar_P5","RESOLVED_INTERNAL"
"D509","E131","E110","FIELD_REFERENCE","IMPLEMENTATION","C:\Users\JBNU\git\ConstraintsRecovery\assets\tankwar\asset15",208,"C:\Users\JBNU\git\ConstraintsRecovery\assets\tankwar\asset15","G4","G4","TankWar_P1|TankWar_P2|TankWar_P3|TankWar_P4|TankWar_P5","TankWar_P1|TankWar_P2|TankWar_P3|TankWar_P4|TankWar_P5",false,"TankWar_P1|TankWar_P2|TankWar_P3|TankWar_P4|TankWar_P5","RESOLVED_INTERNAL"
"D510","E131","E141","FIELD_REFERENCE","IMPLEMENTATION","C:\Users\JBNU\git\ConstraintsRecovery\assets\tankwar\asset15",208,"C:\Users\JBNU\git\ConstraintsRecovery\assets\tankwar\asset17","G4","G4","TankWar_P1|TankWar_P2|TankWar_P3|TankWar_P4|TankWar_P5","TankWar_P1|TankWar_P2|TankWar_P3|TankWar_P4|TankWar_P5",true,"TankWar_P1|TankWar_P2|TankWar_P3|TankWar_P4|TankWar_P5","RESOLVED_INTERNAL"
"D511","E132","E118","FIELD_REFERENCE","IMPLEMENTATION","C:\Users\JBNU\git\ConstraintsRecovery\assets\tankwar\asset15",216,"C:\Users\JBNU\git\ConstraintsRecovery\assets\tankwar\asset15","G4","G4","TankWar_P1|TankWar_P2|TankWar_P3|TankWar_P4|TankWar_P5","TankWar_P1|TankWar_P2|TankWar_P3|TankWar_P4|TankWar_P5",false,"TankWar_P1|TankWar_P2|TankWar_P3|TankWar_P4|TankWar_P5","RESOLVED_INTERNAL"
"D512","E132","E119","FIELD_REFERENCE","IMPLEMENTATION","C:\Users\JBNU\git\ConstraintsRecovery\assets\tankwar\asset15",216,"C:\Users\JBNU\git\ConstraintsRecovery\assets\tankwar\asset15","G4","G4","TankWar_P1|TankWar_P2|TankWar_P3|TankWar_P4|TankWar_P5","TankWar_P1|TankWar_P2|TankWar_P3|TankWar_P4|TankWar_P5",false,"TankWar_P1|TankWar_P2|TankWar_P3|TankWar_P4|TankWar_P5","RESOLVED_INTERNAL"
"D513","E132","E119","FIELD_REFERENCE","IMPLEMENTATION","C:\Users\JBNU\git\ConstraintsRecovery\assets\tankwar\asset15",217,"C:\Users\JBNU\git\ConstraintsRecovery\assets\tankwar\asset15","G4","G4","TankWar_P1|TankWar_P2|TankWar_P3|TankWar_P4|TankWar_P5","TankWar_P1|TankWar_P2|TankWar_P3|TankWar_P4|TankWar_P5",false,"TankWar_P1|TankWar_P2|TankWar_P3|TankWar_P4|TankWar_P5","RESOLVED_INTERNAL"
"D514","E132","E111","FIELD_REFERENCE","IMPLEMENTATION","C:\Users\JBNU\git\ConstraintsRecovery\assets\tankwar\asset15",218,"C:\Users\JBNU\git\ConstraintsRecovery\assets\tankwar\asset15","G4","G4","TankWar_P1|TankWar_P2|TankWar_P3|TankWar_P4|TankWar_P5","TankWar_P1|TankWar_P2|TankWar_P3|TankWar_P4|TankWar_P5",false,"TankWar_P1|TankWar_P2|TankWar_P3|TankWar_P4|TankWar_P5","RESOLVED_INTERNAL"
"D515","E132","E107","FIELD_REFERENCE","IMPLEMENTATION","C:\Users\JBNU\git\ConstraintsRecovery\assets\tankwar\asset15",219,"C:\Users\JBNU\git\ConstraintsRecovery\assets\tankwar\asset15","G4","G4","TankWar_P1|TankWar_P2|TankWar_P3|TankWar_P4|TankWar_P5","TankWar_P1|TankWar_P2|TankWar_P3|TankWar_P4|TankWar_P5",false,"TankWar_P1|TankWar_P2|TankWar_P3|TankWar_P4|TankWar_P5","RESOLVED_INTERNAL"
"D516","E132","E108","FIELD_REFERENCE","IMPLEMENTATION","C:\Users\JBNU\git\ConstraintsRecovery\assets\tankwar\asset15",219,"C:\Users\JBNU\git\ConstraintsRecovery\assets\tankwar\asset15","G4","G4","TankWar_P1|TankWar_P2|TankWar_P3|TankWar_P4|TankWar_P5","TankWar_P1|TankWar_P2|TankWar_P3|TankWar_P4|TankWar_P5",false,"TankWar_P1|TankWar_P2|TankWar_P3|TankWar_P4|TankWar_P5","RESOLVED_INTERNAL"
"D517","E132","E111","FIELD_REFERENCE","IMPLEMENTATION","C:\Users\JBNU\git\ConstraintsRecovery\assets\tankwar\asset15",219,"C:\Users\JBNU\git\ConstraintsRecovery\assets\tankwar\asset15","G4","G4","TankWar_P1|TankWar_P2|TankWar_P3|TankWar_P4|TankWar_P5","TankWar_P1|TankWar_P2|TankWar_P3|TankWar_P4|TankWar_P5",false,"TankWar_P1|TankWar_P2|TankWar_P3|TankWar_P4|TankWar_P5","RESOLVED_INTERNAL"
"D518","E132","E106","FIELD_REFERENCE","IMPLEMENTATION","C:\Users\JBNU\git\ConstraintsRecovery\assets\tankwar\asset15",222,"C:\Users\JBNU\git\ConstraintsRecovery\assets\tankwar\asset15","G4","G4","TankWar_P1|TankWar_P2|TankWar_P3|TankWar_P4|TankWar_P5","TankWar_P1|TankWar_P2|TankWar_P3|TankWar_P4|TankWar_P5",false,"TankWar_P1|TankWar_P2|TankWar_P3|TankWar_P4|TankWar_P5","RESOLVED_INTERNAL"
"D519","E132","E142","FIELD_REFERENCE","IMPLEMENTATION","C:\Users\JBNU\git\ConstraintsRecovery\assets\tankwar\asset15",222,"C:\Users\JBNU\git\ConstraintsRecovery\assets\tankwar\asset17","G4","G4","TankWar_P1|TankWar_P2|TankWar_P3|TankWar_P4|TankWar_P5","TankWar_P1|TankWar_P2|TankWar_P3|TankWar_P4|TankWar_P5",true,"TankWar_P1|TankWar_P2|TankWar_P3|TankWar_P4|TankWar_P5","RESOLVED_INTERNAL"
"D520","E132","E106","FIELD_REFERENCE","IMPLEMENTATION","C:\Users\JBNU\git\ConstraintsRecovery\assets\tankwar\asset15",223,"C:\Users\JBNU\git\ConstraintsRecovery\assets\tankwar\asset15","G4","G4","TankWar_P1|TankWar_P2|TankWar_P3|TankWar_P4|TankWar_P5","TankWar_P1|TankWar_P2|TankWar_P3|TankWar_P4|TankWar_P5",false,"TankWar_P1|TankWar_P2|TankWar_P3|TankWar_P4|TankWar_P5","RESOLVED_INTERNAL"
"D521","E132","E106","FIELD_REFERENCE","IMPLEMENTATION","C:\Users\JBNU\git\ConstraintsRecovery\assets\tankwar\asset15",225,"C:\Users\JBNU\git\ConstraintsRecovery\assets\tankwar\asset15","G4","G4","TankWar_P1|TankWar_P2|TankWar_P3|TankWar_P4|TankWar_P5","TankWar_P1|TankWar_P2|TankWar_P3|TankWar_P4|TankWar_P5",false,"TankWar_P1|TankWar_P2|TankWar_P3|TankWar_P4|TankWar_P5","RESOLVED_INTERNAL"
"D522","E132","E141","FIELD_REFERENCE","IMPLEMENTATION","C:\Users\JBNU\git\ConstraintsRecovery\assets\tankwar\asset15",225,"C:\Users\JBNU\git\ConstraintsRecovery\assets\tankwar\asset17","G4","G4","TankWar_P1|TankWar_P2|TankWar_P3|TankWar_P4|TankWar_P5","TankWar_P1|TankWar_P2|TankWar_P3|TankWar_P4|TankWar_P5",true,"TankWar_P1|TankWar_P2|TankWar_P3|TankWar_P4|TankWar_P5","RESOLVED_INTERNAL"
"D523","E132","E112","FIELD_REFERENCE","IMPLEMENTATION","C:\Users\JBNU\git\ConstraintsRecovery\assets\tankwar\asset15",226,"C:\Users\JBNU\git\ConstraintsRecovery\assets\tankwar\asset15","G4","G4","TankWar_P1|TankWar_P2|TankWar_P3|TankWar_P4|TankWar_P5","TankWar_P1|TankWar_P2|TankWar_P3|TankWar_P4|TankWar_P5",false,"TankWar_P1|TankWar_P2|TankWar_P3|TankWar_P4|TankWar_P5","RESOLVED_INTERNAL"
"D524","E132","E115","FIELD_REFERENCE","IMPLEMENTATION","C:\Users\JBNU\git\ConstraintsRecovery\assets\tankwar\asset15",228,"C:\Users\JBNU\git\ConstraintsRecovery\assets\tankwar\asset15","G4","G4","TankWar_P1|TankWar_P2|TankWar_P3|TankWar_P4|TankWar_P5","TankWar_P1|TankWar_P2|TankWar_P3|TankWar_P4|TankWar_P5",false,"TankWar_P1|TankWar_P2|TankWar_P3|TankWar_P4|TankWar_P5","RESOLVED_INTERNAL"
"D525","E132","E106","FIELD_REFERENCE","IMPLEMENTATION","C:\Users\JBNU\git\ConstraintsRecovery\assets\tankwar\asset15",229,"C:\Users\JBNU\git\ConstraintsRecovery\assets\tankwar\asset15","G4","G4","TankWar_P1|TankWar_P2|TankWar_P3|TankWar_P4|TankWar_P5","TankWar_P1|TankWar_P2|TankWar_P3|TankWar_P4|TankWar_P5",false,"TankWar_P1|TankWar_P2|TankWar_P3|TankWar_P4|TankWar_P5","RESOLVED_INTERNAL"
"D526","E132","E109","FIELD_REFERENCE","IMPLEMENTATION","C:\Users\JBNU\git\ConstraintsRecovery\assets\tankwar\asset15",229,"C:\Users\JBNU\git\ConstraintsRecovery\assets\tankwar\asset15","G4","G4","TankWar_P1|TankWar_P2|TankWar_P3|TankWar_P4|TankWar_P5","TankWar_P1|TankWar_P2|TankWar_P3|TankWar_P4|TankWar_P5",false,"TankWar_P1|TankWar_P2|TankWar_P3|TankWar_P4|TankWar_P5","RESOLVED_INTERNAL"
"D527","E132","E116","FIELD_REFERENCE","IMPLEMENTATION","C:\Users\JBNU\git\ConstraintsRecovery\assets\tankwar\asset15",229,"C:\Users\JBNU\git\ConstraintsRecovery\assets\tankwar\asset15","G4","G4","TankWar_P1|TankWar_P2|TankWar_P3|TankWar_P4|TankWar_P5","TankWar_P1|TankWar_P2|TankWar_P3|TankWar_P4|TankWar_P5",false,"TankWar_P1|TankWar_P2|TankWar_P3|TankWar_P4|TankWar_P5","RESOLVED_INTERNAL"
"D528","E132","E106","FIELD_REFERENCE","IMPLEMENTATION","C:\Users\JBNU\git\ConstraintsRecovery\assets\tankwar\asset15",232,"C:\Users\JBNU\git\ConstraintsRecovery\assets\tankwar\asset15","G4","G4","TankWar_P1|TankWar_P2|TankWar_P3|TankWar_P4|TankWar_P5","TankWar_P1|TankWar_P2|TankWar_P3|TankWar_P4|TankWar_P5",false,"TankWar_P1|TankWar_P2|TankWar_P3|TankWar_P4|TankWar_P5","RESOLVED_INTERNAL"
"D529","E132","E109","FIELD_REFERENCE","IMPLEMENTATION","C:\Users\JBNU\git\ConstraintsRecovery\assets\tankwar\asset15",232,"C:\Users\JBNU\git\ConstraintsRecovery\assets\tankwar\asset15","G4","G4","TankWar_P1|TankWar_P2|TankWar_P3|TankWar_P4|TankWar_P5","TankWar_P1|TankWar_P2|TankWar_P3|TankWar_P4|TankWar_P5",false,"TankWar_P1|TankWar_P2|TankWar_P3|TankWar_P4|TankWar_P5","RESOLVED_INTERNAL"
"D530","E132","E115","FIELD_REFERENCE","IMPLEMENTATION","C:\Users\JBNU\git\ConstraintsRecovery\assets\tankwar\asset15",232,"C:\Users\JBNU\git\ConstraintsRecovery\assets\tankwar\asset15","G4","G4","TankWar_P1|TankWar_P2|TankWar_P3|TankWar_P4|TankWar_P5","TankWar_P1|TankWar_P2|TankWar_P3|TankWar_P4|TankWar_P5",false,"TankWar_P1|TankWar_P2|TankWar_P3|TankWar_P4|TankWar_P5","RESOLVED_INTERNAL"
"D531","E132","E116","FIELD_REFERENCE","IMPLEMENTATION","C:\Users\JBNU\git\ConstraintsRecovery\assets\tankwar\asset15",233,"C:\Users\JBNU\git\ConstraintsRecovery\assets\tankwar\asset15","G4","G4","TankWar_P1|TankWar_P2|TankWar_P3|TankWar_P4|TankWar_P5","TankWar_P1|TankWar_P2|TankWar_P3|TankWar_P4|TankWar_P5",false,"TankWar_P1|TankWar_P2|TankWar_P3|TankWar_P4|TankWar_P5","RESOLVED_INTERNAL"
"D532","E132","E106","FIELD_REFERENCE","IMPLEMENTATION","C:\Users\JBNU\git\ConstraintsRecovery\assets\tankwar\asset15",236,"C:\Users\JBNU\git\ConstraintsRecovery\assets\tankwar\asset15","G4","G4","TankWar_P1|TankWar_P2|TankWar_P3|TankWar_P4|TankWar_P5","TankWar_P1|TankWar_P2|TankWar_P3|TankWar_P4|TankWar_P5",false,"TankWar_P1|TankWar_P2|TankWar_P3|TankWar_P4|TankWar_P5","RESOLVED_INTERNAL"
"D533","E132","E109","FIELD_REFERENCE","IMPLEMENTATION","C:\Users\JBNU\git\ConstraintsRecovery\assets\tankwar\asset15",236,"C:\Users\JBNU\git\ConstraintsRecovery\assets\tankwar\asset15","G4","G4","TankWar_P1|TankWar_P2|TankWar_P3|TankWar_P4|TankWar_P5","TankWar_P1|TankWar_P2|TankWar_P3|TankWar_P4|TankWar_P5",false,"TankWar_P1|TankWar_P2|TankWar_P3|TankWar_P4|TankWar_P5","RESOLVED_INTERNAL"
"D534","E132","E115","FIELD_REFERENCE","IMPLEMENTATION","C:\Users\JBNU\git\ConstraintsRecovery\assets\tankwar\asset15",236,"C:\Users\JBNU\git\ConstraintsRecovery\assets\tankwar\asset15","G4","G4","TankWar_P1|TankWar_P2|TankWar_P3|TankWar_P4|TankWar_P5","TankWar_P1|TankWar_P2|TankWar_P3|TankWar_P4|TankWar_P5",false,"TankWar_P1|TankWar_P2|TankWar_P3|TankWar_P4|TankWar_P5","RESOLVED_INTERNAL"
"D535","E132","E106","FIELD_REFERENCE","IMPLEMENTATION","C:\Users\JBNU\git\ConstraintsRecovery\assets\tankwar\asset15",237,"C:\Users\JBNU\git\ConstraintsRecovery\assets\tankwar\asset15","G4","G4","TankWar_P1|TankWar_P2|TankWar_P3|TankWar_P4|TankWar_P5","TankWar_P1|TankWar_P2|TankWar_P3|TankWar_P4|TankWar_P5",false,"TankWar_P1|TankWar_P2|TankWar_P3|TankWar_P4|TankWar_P5","RESOLVED_INTERNAL"
"D536","E132","E109","FIELD_REFERENCE","IMPLEMENTATION","C:\Users\JBNU\git\ConstraintsRecovery\assets\tankwar\asset15",237,"C:\Users\JBNU\git\ConstraintsRecovery\assets\tankwar\asset15","G4","G4","TankWar_P1|TankWar_P2|TankWar_P3|TankWar_P4|TankWar_P5","TankWar_P1|TankWar_P2|TankWar_P3|TankWar_P4|TankWar_P5",false,"TankWar_P1|TankWar_P2|TankWar_P3|TankWar_P4|TankWar_P5","RESOLVED_INTERNAL"
"D537","E132","E116","FIELD_REFERENCE","IMPLEMENTATION","C:\Users\JBNU\git\ConstraintsRecovery\assets\tankwar\asset15",237,"C:\Users\JBNU\git\ConstraintsRecovery\assets\tankwar\asset15","G4","G4","TankWar_P1|TankWar_P2|TankWar_P3|TankWar_P4|TankWar_P5","TankWar_P1|TankWar_P2|TankWar_P3|TankWar_P4|TankWar_P5",false,"TankWar_P1|TankWar_P2|TankWar_P3|TankWar_P4|TankWar_P5","RESOLVED_INTERNAL"
"D538","E132","E115","FIELD_REFERENCE","IMPLEMENTATION","C:\Users\JBNU\git\ConstraintsRecovery\assets\tankwar\asset15",240,"C:\Users\JBNU\git\ConstraintsRecovery\assets\tankwar\asset15","G4","G4","TankWar_P1|TankWar_P2|TankWar_P3|TankWar_P4|TankWar_P5","TankWar_P1|TankWar_P2|TankWar_P3|TankWar_P4|TankWar_P5",false,"TankWar_P1|TankWar_P2|TankWar_P3|TankWar_P4|TankWar_P5","RESOLVED_INTERNAL"
"D539","E132","E116","FIELD_REFERENCE","IMPLEMENTATION","C:\Users\JBNU\git\ConstraintsRecovery\assets\tankwar\asset15",241,"C:\Users\JBNU\git\ConstraintsRecovery\assets\tankwar\asset15","G4","G4","TankWar_P1|TankWar_P2|TankWar_P3|TankWar_P4|TankWar_P5","TankWar_P1|TankWar_P2|TankWar_P3|TankWar_P4|TankWar_P5",false,"TankWar_P1|TankWar_P2|TankWar_P3|TankWar_P4|TankWar_P5","RESOLVED_INTERNAL"
"D540","E132","E106","FIELD_REFERENCE","IMPLEMENTATION","C:\Users\JBNU\git\ConstraintsRecovery\assets\tankwar\asset15",244,"C:\Users\JBNU\git\ConstraintsRecovery\assets\tankwar\asset15","G4","G4","TankWar_P1|TankWar_P2|TankWar_P3|TankWar_P4|TankWar_P5","TankWar_P1|TankWar_P2|TankWar_P3|TankWar_P4|TankWar_P5",false,"TankWar_P1|TankWar_P2|TankWar_P3|TankWar_P4|TankWar_P5","RESOLVED_INTERNAL"
"D541","E132","E117","FIELD_REFERENCE","IMPLEMENTATION","C:\Users\JBNU\git\ConstraintsRecovery\assets\tankwar\asset15",247,"C:\Users\JBNU\git\ConstraintsRecovery\assets\tankwar\asset15","G4","G4","TankWar_P1|TankWar_P2|TankWar_P3|TankWar_P4|TankWar_P5","TankWar_P1|TankWar_P2|TankWar_P3|TankWar_P4|TankWar_P5",false,"TankWar_P1|TankWar_P2|TankWar_P3|TankWar_P4|TankWar_P5","RESOLVED_INTERNAL"
"D542","E132","E106","FIELD_REFERENCE","IMPLEMENTATION","C:\Users\JBNU\git\ConstraintsRecovery\assets\tankwar\asset15",251,"C:\Users\JBNU\git\ConstraintsRecovery\assets\tankwar\asset15","G4","G4","TankWar_P1|TankWar_P2|TankWar_P3|TankWar_P4|TankWar_P5","TankWar_P1|TankWar_P2|TankWar_P3|TankWar_P4|TankWar_P5",false,"TankWar_P1|TankWar_P2|TankWar_P3|TankWar_P4|TankWar_P5","RESOLVED_INTERNAL"
"D543","E132","E109","FIELD_REFERENCE","IMPLEMENTATION","C:\Users\JBNU\git\ConstraintsRecovery\assets\tankwar\asset15",251,"C:\Users\JBNU\git\ConstraintsRecovery\assets\tankwar\asset15","G4","G4","TankWar_P1|TankWar_P2|TankWar_P3|TankWar_P4|TankWar_P5","TankWar_P1|TankWar_P2|TankWar_P3|TankWar_P4|TankWar_P5",false,"TankWar_P1|TankWar_P2|TankWar_P3|TankWar_P4|TankWar_P5","RESOLVED_INTERNAL"
"D544","E132","E113","FIELD_REFERENCE","IMPLEMENTATION","C:\Users\JBNU\git\ConstraintsRecovery\assets\tankwar\asset15",251,"C:\Users\JBNU\git\ConstraintsRecovery\assets\tankwar\asset15","G4","G4","TankWar_P1|TankWar_P2|TankWar_P3|TankWar_P4|TankWar_P5","TankWar_P1|TankWar_P2|TankWar_P3|TankWar_P4|TankWar_P5",false,"TankWar_P1|TankWar_P2|TankWar_P3|TankWar_P4|TankWar_P5","RESOLVED_INTERNAL"
"D545","E132","E114","FIELD_REFERENCE","IMPLEMENTATION","C:\Users\JBNU\git\ConstraintsRecovery\assets\tankwar\asset15",251,"C:\Users\JBNU\git\ConstraintsRecovery\assets\tankwar\asset15","G4","G4","TankWar_P1|TankWar_P2|TankWar_P3|TankWar_P4|TankWar_P5","TankWar_P1|TankWar_P2|TankWar_P3|TankWar_P4|TankWar_P5",false,"TankWar_P1|TankWar_P2|TankWar_P3|TankWar_P4|TankWar_P5","RESOLVED_INTERNAL"
"D546","E132","E141","FIELD_REFERENCE","IMPLEMENTATION","C:\Users\JBNU\git\ConstraintsRecovery\assets\tankwar\asset15",251,"C:\Users\JBNU\git\ConstraintsRecovery\assets\tankwar\asset17","G4","G4","TankWar_P1|TankWar_P2|TankWar_P3|TankWar_P4|TankWar_P5","TankWar_P1|TankWar_P2|TankWar_P3|TankWar_P4|TankWar_P5",true,"TankWar_P1|TankWar_P2|TankWar_P3|TankWar_P4|TankWar_P5","RESOLVED_INTERNAL"
"D547","E132","E112","FIELD_REFERENCE","IMPLEMENTATION","C:\Users\JBNU\git\ConstraintsRecovery\assets\tankwar\asset15",254,"C:\Users\JBNU\git\ConstraintsRecovery\assets\tankwar\asset15","G4","G4","TankWar_P1|TankWar_P2|TankWar_P3|TankWar_P4|TankWar_P5","TankWar_P1|TankWar_P2|TankWar_P3|TankWar_P4|TankWar_P5",false,"TankWar_P1|TankWar_P2|TankWar_P3|TankWar_P4|TankWar_P5","RESOLVED_INTERNAL"
"D548","E132","E106","FIELD_REFERENCE","IMPLEMENTATION","C:\Users\JBNU\git\ConstraintsRecovery\assets\tankwar\asset15",256,"C:\Users\JBNU\git\ConstraintsRecovery\assets\tankwar\asset15","G4","G4","TankWar_P1|TankWar_P2|TankWar_P3|TankWar_P4|TankWar_P5","TankWar_P1|TankWar_P2|TankWar_P3|TankWar_P4|TankWar_P5",false,"TankWar_P1|TankWar_P2|TankWar_P3|TankWar_P4|TankWar_P5","RESOLVED_INTERNAL"
"D549","E132","E115","FIELD_REFERENCE","IMPLEMENTATION","C:\Users\JBNU\git\ConstraintsRecovery\assets\tankwar\asset15",256,"C:\Users\JBNU\git\ConstraintsRecovery\assets\tankwar\asset15","G4","G4","TankWar_P1|TankWar_P2|TankWar_P3|TankWar_P4|TankWar_P5","TankWar_P1|TankWar_P2|TankWar_P3|TankWar_P4|TankWar_P5",false,"TankWar_P1|TankWar_P2|TankWar_P3|TankWar_P4|TankWar_P5","RESOLVED_INTERNAL"
"D550","E132","E142","FIELD_REFERENCE","IMPLEMENTATION","C:\Users\JBNU\git\ConstraintsRecovery\assets\tankwar\asset15",256,"C:\Users\JBNU\git\ConstraintsRecovery\assets\tankwar\asset17","G4","G4","TankWar_P1|TankWar_P2|TankWar_P3|TankWar_P4|TankWar_P5","TankWar_P1|TankWar_P2|TankWar_P3|TankWar_P4|TankWar_P5",true,"TankWar_P1|TankWar_P2|TankWar_P3|TankWar_P4|TankWar_P5","RESOLVED_INTERNAL"
"D551","E132","E106","FIELD_REFERENCE","IMPLEMENTATION","C:\Users\JBNU\git\ConstraintsRecovery\assets\tankwar\asset15",257,"C:\Users\JBNU\git\ConstraintsRecovery\assets\tankwar\asset15","G4","G4","TankWar_P1|TankWar_P2|TankWar_P3|TankWar_P4|TankWar_P5","TankWar_P1|TankWar_P2|TankWar_P3|TankWar_P4|TankWar_P5",false,"TankWar_P1|TankWar_P2|TankWar_P3|TankWar_P4|TankWar_P5","RESOLVED_INTERNAL"
"D552","E132","E109","FIELD_REFERENCE","IMPLEMENTATION","C:\Users\JBNU\git\ConstraintsRecovery\assets\tankwar\asset15",257,"C:\Users\JBNU\git\ConstraintsRecovery\assets\tankwar\asset15","G4","G4","TankWar_P1|TankWar_P2|TankWar_P3|TankWar_P4|TankWar_P5","TankWar_P1|TankWar_P2|TankWar_P3|TankWar_P4|TankWar_P5",false,"TankWar_P1|TankWar_P2|TankWar_P3|TankWar_P4|TankWar_P5","RESOLVED_INTERNAL"
"D553","E132","E116","FIELD_REFERENCE","IMPLEMENTATION","C:\Users\JBNU\git\ConstraintsRecovery\assets\tankwar\asset15",257,"C:\Users\JBNU\git\ConstraintsRecovery\assets\tankwar\asset15","G4","G4","TankWar_P1|TankWar_P2|TankWar_P3|TankWar_P4|TankWar_P5","TankWar_P1|TankWar_P2|TankWar_P3|TankWar_P4|TankWar_P5",false,"TankWar_P1|TankWar_P2|TankWar_P3|TankWar_P4|TankWar_P5","RESOLVED_INTERNAL"
"D554","E132","E142","FIELD_REFERENCE","IMPLEMENTATION","C:\Users\JBNU\git\ConstraintsRecovery\assets\tankwar\asset15",257,"C:\Users\JBNU\git\ConstraintsRecovery\assets\tankwar\asset17","G4","G4","TankWar_P1|TankWar_P2|TankWar_P3|TankWar_P4|TankWar_P5","TankWar_P1|TankWar_P2|TankWar_P3|TankWar_P4|TankWar_P5",true,"TankWar_P1|TankWar_P2|TankWar_P3|TankWar_P4|TankWar_P5","RESOLVED_INTERNAL"
"D555","E132","E106","FIELD_REFERENCE","IMPLEMENTATION","C:\Users\JBNU\git\ConstraintsRecovery\assets\tankwar\asset15",260,"C:\Users\JBNU\git\ConstraintsRecovery\assets\tankwar\asset15","G4","G4","TankWar_P1|TankWar_P2|TankWar_P3|TankWar_P4|TankWar_P5","TankWar_P1|TankWar_P2|TankWar_P3|TankWar_P4|TankWar_P5",false,"TankWar_P1|TankWar_P2|TankWar_P3|TankWar_P4|TankWar_P5","RESOLVED_INTERNAL"
"D556","E132","E109","FIELD_REFERENCE","IMPLEMENTATION","C:\Users\JBNU\git\ConstraintsRecovery\assets\tankwar\asset15",260,"C:\Users\JBNU\git\ConstraintsRecovery\assets\tankwar\asset15","G4","G4","TankWar_P1|TankWar_P2|TankWar_P3|TankWar_P4|TankWar_P5","TankWar_P1|TankWar_P2|TankWar_P3|TankWar_P4|TankWar_P5",false,"TankWar_P1|TankWar_P2|TankWar_P3|TankWar_P4|TankWar_P5","RESOLVED_INTERNAL"
"D557","E132","E115","FIELD_REFERENCE","IMPLEMENTATION","C:\Users\JBNU\git\ConstraintsRecovery\assets\tankwar\asset15",260,"C:\Users\JBNU\git\ConstraintsRecovery\assets\tankwar\asset15","G4","G4","TankWar_P1|TankWar_P2|TankWar_P3|TankWar_P4|TankWar_P5","TankWar_P1|TankWar_P2|TankWar_P3|TankWar_P4|TankWar_P5",false,"TankWar_P1|TankWar_P2|TankWar_P3|TankWar_P4|TankWar_P5","RESOLVED_INTERNAL"
"D558","E132","E142","FIELD_REFERENCE","IMPLEMENTATION","C:\Users\JBNU\git\ConstraintsRecovery\assets\tankwar\asset15",260,"C:\Users\JBNU\git\ConstraintsRecovery\assets\tankwar\asset17","G4","G4","TankWar_P1|TankWar_P2|TankWar_P3|TankWar_P4|TankWar_P5","TankWar_P1|TankWar_P2|TankWar_P3|TankWar_P4|TankWar_P5",true,"TankWar_P1|TankWar_P2|TankWar_P3|TankWar_P4|TankWar_P5","RESOLVED_INTERNAL"
"D559","E132","E106","FIELD_REFERENCE","IMPLEMENTATION","C:\Users\JBNU\git\ConstraintsRecovery\assets\tankwar\asset15",261,"C:\Users\JBNU\git\ConstraintsRecovery\assets\tankwar\asset15","G4","G4","TankWar_P1|TankWar_P2|TankWar_P3|TankWar_P4|TankWar_P5","TankWar_P1|TankWar_P2|TankWar_P3|TankWar_P4|TankWar_P5",false,"TankWar_P1|TankWar_P2|TankWar_P3|TankWar_P4|TankWar_P5","RESOLVED_INTERNAL"
"D560","E132","E116","FIELD_REFERENCE","IMPLEMENTATION","C:\Users\JBNU\git\ConstraintsRecovery\assets\tankwar\asset15",261,"C:\Users\JBNU\git\ConstraintsRecovery\assets\tankwar\asset15","G4","G4","TankWar_P1|TankWar_P2|TankWar_P3|TankWar_P4|TankWar_P5","TankWar_P1|TankWar_P2|TankWar_P3|TankWar_P4|TankWar_P5",false,"TankWar_P1|TankWar_P2|TankWar_P3|TankWar_P4|TankWar_P5","RESOLVED_INTERNAL"
"D561","E132","E142","FIELD_REFERENCE","IMPLEMENTATION","C:\Users\JBNU\git\ConstraintsRecovery\assets\tankwar\asset15",261,"C:\Users\JBNU\git\ConstraintsRecovery\assets\tankwar\asset17","G4","G4","TankWar_P1|TankWar_P2|TankWar_P3|TankWar_P4|TankWar_P5","TankWar_P1|TankWar_P2|TankWar_P3|TankWar_P4|TankWar_P5",true,"TankWar_P1|TankWar_P2|TankWar_P3|TankWar_P4|TankWar_P5","RESOLVED_INTERNAL"
"D562","E132","E106","FIELD_REFERENCE","IMPLEMENTATION","C:\Users\JBNU\git\ConstraintsRecovery\assets\tankwar\asset15",264,"C:\Users\JBNU\git\ConstraintsRecovery\assets\tankwar\asset15","G4","G4","TankWar_P1|TankWar_P2|TankWar_P3|TankWar_P4|TankWar_P5","TankWar_P1|TankWar_P2|TankWar_P3|TankWar_P4|TankWar_P5",false,"TankWar_P1|TankWar_P2|TankWar_P3|TankWar_P4|TankWar_P5","RESOLVED_INTERNAL"
"D563","E132","E109","FIELD_REFERENCE","IMPLEMENTATION","C:\Users\JBNU\git\ConstraintsRecovery\assets\tankwar\asset15",264,"C:\Users\JBNU\git\ConstraintsRecovery\assets\tankwar\asset15","G4","G4","TankWar_P1|TankWar_P2|TankWar_P3|TankWar_P4|TankWar_P5","TankWar_P1|TankWar_P2|TankWar_P3|TankWar_P4|TankWar_P5",false,"TankWar_P1|TankWar_P2|TankWar_P3|TankWar_P4|TankWar_P5","RESOLVED_INTERNAL"
"D564","E132","E115","FIELD_REFERENCE","IMPLEMENTATION","C:\Users\JBNU\git\ConstraintsRecovery\assets\tankwar\asset15",264,"C:\Users\JBNU\git\ConstraintsRecovery\assets\tankwar\asset15","G4","G4","TankWar_P1|TankWar_P2|TankWar_P3|TankWar_P4|TankWar_P5","TankWar_P1|TankWar_P2|TankWar_P3|TankWar_P4|TankWar_P5",false,"TankWar_P1|TankWar_P2|TankWar_P3|TankWar_P4|TankWar_P5","RESOLVED_INTERNAL"
"D565","E132","E142","FIELD_REFERENCE","IMPLEMENTATION","C:\Users\JBNU\git\ConstraintsRecovery\assets\tankwar\asset15",264,"C:\Users\JBNU\git\ConstraintsRecovery\assets\tankwar\asset17","G4","G4","TankWar_P1|TankWar_P2|TankWar_P3|TankWar_P4|TankWar_P5","TankWar_P1|TankWar_P2|TankWar_P3|TankWar_P4|TankWar_P5",true,"TankWar_P1|TankWar_P2|TankWar_P3|TankWar_P4|TankWar_P5","RESOLVED_INTERNAL"
"D566","E132","E106","FIELD_REFERENCE","IMPLEMENTATION","C:\Users\JBNU\git\ConstraintsRecovery\assets\tankwar\asset15",265,"C:\Users\JBNU\git\ConstraintsRecovery\assets\tankwar\asset15","G4","G4","TankWar_P1|TankWar_P2|TankWar_P3|TankWar_P4|TankWar_P5","TankWar_P1|TankWar_P2|TankWar_P3|TankWar_P4|TankWar_P5",false,"TankWar_P1|TankWar_P2|TankWar_P3|TankWar_P4|TankWar_P5","RESOLVED_INTERNAL"
"D567","E132","E109","FIELD_REFERENCE","IMPLEMENTATION","C:\Users\JBNU\git\ConstraintsRecovery\assets\tankwar\asset15",265,"C:\Users\JBNU\git\ConstraintsRecovery\assets\tankwar\asset15","G4","G4","TankWar_P1|TankWar_P2|TankWar_P3|TankWar_P4|TankWar_P5","TankWar_P1|TankWar_P2|TankWar_P3|TankWar_P4|TankWar_P5",false,"TankWar_P1|TankWar_P2|TankWar_P3|TankWar_P4|TankWar_P5","RESOLVED_INTERNAL"
"D568","E132","E116","FIELD_REFERENCE","IMPLEMENTATION","C:\Users\JBNU\git\ConstraintsRecovery\assets\tankwar\asset15",265,"C:\Users\JBNU\git\ConstraintsRecovery\assets\tankwar\asset15","G4","G4","TankWar_P1|TankWar_P2|TankWar_P3|TankWar_P4|TankWar_P5","TankWar_P1|TankWar_P2|TankWar_P3|TankWar_P4|TankWar_P5",false,"TankWar_P1|TankWar_P2|TankWar_P3|TankWar_P4|TankWar_P5","RESOLVED_INTERNAL"
"D569","E132","E142","FIELD_REFERENCE","IMPLEMENTATION","C:\Users\JBNU\git\ConstraintsRecovery\assets\tankwar\asset15",265,"C:\Users\JBNU\git\ConstraintsRecovery\assets\tankwar\asset17","G4","G4","TankWar_P1|TankWar_P2|TankWar_P3|TankWar_P4|TankWar_P5","TankWar_P1|TankWar_P2|TankWar_P3|TankWar_P4|TankWar_P5",true,"TankWar_P1|TankWar_P2|TankWar_P3|TankWar_P4|TankWar_P5","RESOLVED_INTERNAL"
"D570","E132","E106","FIELD_REFERENCE","IMPLEMENTATION","C:\Users\JBNU\git\ConstraintsRecovery\assets\tankwar\asset15",268,"C:\Users\JBNU\git\ConstraintsRecovery\assets\tankwar\asset15","G4","G4","TankWar_P1|TankWar_P2|TankWar_P3|TankWar_P4|TankWar_P5","TankWar_P1|TankWar_P2|TankWar_P3|TankWar_P4|TankWar_P5",false,"TankWar_P1|TankWar_P2|TankWar_P3|TankWar_P4|TankWar_P5","RESOLVED_INTERNAL"
"D571","E132","E115","FIELD_REFERENCE","IMPLEMENTATION","C:\Users\JBNU\git\ConstraintsRecovery\assets\tankwar\asset15",268,"C:\Users\JBNU\git\ConstraintsRecovery\assets\tankwar\asset15","G4","G4","TankWar_P1|TankWar_P2|TankWar_P3|TankWar_P4|TankWar_P5","TankWar_P1|TankWar_P2|TankWar_P3|TankWar_P4|TankWar_P5",false,"TankWar_P1|TankWar_P2|TankWar_P3|TankWar_P4|TankWar_P5","RESOLVED_INTERNAL"
"D572","E132","E142","FIELD_REFERENCE","IMPLEMENTATION","C:\Users\JBNU\git\ConstraintsRecovery\assets\tankwar\asset15",268,"C:\Users\JBNU\git\ConstraintsRecovery\assets\tankwar\asset17","G4","G4","TankWar_P1|TankWar_P2|TankWar_P3|TankWar_P4|TankWar_P5","TankWar_P1|TankWar_P2|TankWar_P3|TankWar_P4|TankWar_P5",true,"TankWar_P1|TankWar_P2|TankWar_P3|TankWar_P4|TankWar_P5","RESOLVED_INTERNAL"
"D573","E132","E106","FIELD_REFERENCE","IMPLEMENTATION","C:\Users\JBNU\git\ConstraintsRecovery\assets\tankwar\asset15",269,"C:\Users\JBNU\git\ConstraintsRecovery\assets\tankwar\asset15","G4","G4","TankWar_P1|TankWar_P2|TankWar_P3|TankWar_P4|TankWar_P5","TankWar_P1|TankWar_P2|TankWar_P3|TankWar_P4|TankWar_P5",false,"TankWar_P1|TankWar_P2|TankWar_P3|TankWar_P4|TankWar_P5","RESOLVED_INTERNAL"
"D574","E132","E116","FIELD_REFERENCE","IMPLEMENTATION","C:\Users\JBNU\git\ConstraintsRecovery\assets\tankwar\asset15",269,"C:\Users\JBNU\git\ConstraintsRecovery\assets\tankwar\asset15","G4","G4","TankWar_P1|TankWar_P2|TankWar_P3|TankWar_P4|TankWar_P5","TankWar_P1|TankWar_P2|TankWar_P3|TankWar_P4|TankWar_P5",false,"TankWar_P1|TankWar_P2|TankWar_P3|TankWar_P4|TankWar_P5","RESOLVED_INTERNAL"
"D575","E132","E142","FIELD_REFERENCE","IMPLEMENTATION","C:\Users\JBNU\git\ConstraintsRecovery\assets\tankwar\asset15",269,"C:\Users\JBNU\git\ConstraintsRecovery\assets\tankwar\asset17","G4","G4","TankWar_P1|TankWar_P2|TankWar_P3|TankWar_P4|TankWar_P5","TankWar_P1|TankWar_P2|TankWar_P3|TankWar_P4|TankWar_P5",true,"TankWar_P1|TankWar_P2|TankWar_P3|TankWar_P4|TankWar_P5","RESOLVED_INTERNAL"
"D576","E132","E106","FIELD_REFERENCE","IMPLEMENTATION","C:\Users\JBNU\git\ConstraintsRecovery\assets\tankwar\asset15",272,"C:\Users\JBNU\git\ConstraintsRecovery\assets\tankwar\asset15","G4","G4","TankWar_P1|TankWar_P2|TankWar_P3|TankWar_P4|TankWar_P5","TankWar_P1|TankWar_P2|TankWar_P3|TankWar_P4|TankWar_P5",false,"TankWar_P1|TankWar_P2|TankWar_P3|TankWar_P4|TankWar_P5","RESOLVED_INTERNAL"
"D577","E132","E106","FIELD_REFERENCE","IMPLEMENTATION","C:\Users\JBNU\git\ConstraintsRecovery\assets\tankwar\asset15",273,"C:\Users\JBNU\git\ConstraintsRecovery\assets\tankwar\asset15","G4","G4","TankWar_P1|TankWar_P2|TankWar_P3|TankWar_P4|TankWar_P5","TankWar_P1|TankWar_P2|TankWar_P3|TankWar_P4|TankWar_P5",false,"TankWar_P1|TankWar_P2|TankWar_P3|TankWar_P4|TankWar_P5","RESOLVED_INTERNAL"
"D578","E132","E106","FIELD_REFERENCE","IMPLEMENTATION","C:\Users\JBNU\git\ConstraintsRecovery\assets\tankwar\asset15",274,"C:\Users\JBNU\git\ConstraintsRecovery\assets\tankwar\asset15","G4","G4","TankWar_P1|TankWar_P2|TankWar_P3|TankWar_P4|TankWar_P5","TankWar_P1|TankWar_P2|TankWar_P3|TankWar_P4|TankWar_P5",false,"TankWar_P1|TankWar_P2|TankWar_P3|TankWar_P4|TankWar_P5","RESOLVED_INTERNAL"
"D579","E132","E109","FIELD_REFERENCE","IMPLEMENTATION","C:\Users\JBNU\git\ConstraintsRecovery\assets\tankwar\asset15",274,"C:\Users\JBNU\git\ConstraintsRecovery\assets\tankwar\asset15","G4","G4","TankWar_P1|TankWar_P2|TankWar_P3|TankWar_P4|TankWar_P5","TankWar_P1|TankWar_P2|TankWar_P3|TankWar_P4|TankWar_P5",false,"TankWar_P1|TankWar_P2|TankWar_P3|TankWar_P4|TankWar_P5","RESOLVED_INTERNAL"
"D580","E132","E113","FIELD_REFERENCE","IMPLEMENTATION","C:\Users\JBNU\git\ConstraintsRecovery\assets\tankwar\asset15",274,"C:\Users\JBNU\git\ConstraintsRecovery\assets\tankwar\asset15","G4","G4","TankWar_P1|TankWar_P2|TankWar_P3|TankWar_P4|TankWar_P5","TankWar_P1|TankWar_P2|TankWar_P3|TankWar_P4|TankWar_P5",false,"TankWar_P1|TankWar_P2|TankWar_P3|TankWar_P4|TankWar_P5","RESOLVED_INTERNAL"
"D581","E132","E114","FIELD_REFERENCE","IMPLEMENTATION","C:\Users\JBNU\git\ConstraintsRecovery\assets\tankwar\asset15",274,"C:\Users\JBNU\git\ConstraintsRecovery\assets\tankwar\asset15","G4","G4","TankWar_P1|TankWar_P2|TankWar_P3|TankWar_P4|TankWar_P5","TankWar_P1|TankWar_P2|TankWar_P3|TankWar_P4|TankWar_P5",false,"TankWar_P1|TankWar_P2|TankWar_P3|TankWar_P4|TankWar_P5","RESOLVED_INTERNAL"
"D582","E132","E143","FIELD_REFERENCE","IMPLEMENTATION","C:\Users\JBNU\git\ConstraintsRecovery\assets\tankwar\asset15",274,"C:\Users\JBNU\git\ConstraintsRecovery\assets\tankwar\asset17","G4","G4","TankWar_P1|TankWar_P2|TankWar_P3|TankWar_P4|TankWar_P5","TankWar_P1|TankWar_P2|TankWar_P3|TankWar_P4|TankWar_P5",true,"TankWar_P1|TankWar_P2|TankWar_P3|TankWar_P4|TankWar_P5","RESOLVED_INTERNAL"
"D583","E132","E64","METHOD_CALL","IMPLEMENTATION","C:\Users\JBNU\git\ConstraintsRecovery\assets\tankwar\asset15",274,"C:\Users\JBNU\git\ConstraintsRecovery\assets\tankwar\asset13","G4","G4","TankWar_P1|TankWar_P2|TankWar_P3|TankWar_P4|TankWar_P5","TankWar_P1|TankWar_P2|TankWar_P3|TankWar_P4|TankWar_P5",true,"TankWar_P1|TankWar_P2|TankWar_P3|TankWar_P4|TankWar_P5","RESOLVED_INTERNAL"
"D584","E132","E106","FIELD_REFERENCE","IMPLEMENTATION","C:\Users\JBNU\git\ConstraintsRecovery\assets\tankwar\asset15",276,"C:\Users\JBNU\git\ConstraintsRecovery\assets\tankwar\asset15","G4","G4","TankWar_P1|TankWar_P2|TankWar_P3|TankWar_P4|TankWar_P5","TankWar_P1|TankWar_P2|TankWar_P3|TankWar_P4|TankWar_P5",false,"TankWar_P1|TankWar_P2|TankWar_P3|TankWar_P4|TankWar_P5","RESOLVED_INTERNAL"
"D585","E132","E109","FIELD_REFERENCE","IMPLEMENTATION","C:\Users\JBNU\git\ConstraintsRecovery\assets\tankwar\asset15",276,"C:\Users\JBNU\git\ConstraintsRecovery\assets\tankwar\asset15","G4","G4","TankWar_P1|TankWar_P2|TankWar_P3|TankWar_P4|TankWar_P5","TankWar_P1|TankWar_P2|TankWar_P3|TankWar_P4|TankWar_P5",false,"TankWar_P1|TankWar_P2|TankWar_P3|TankWar_P4|TankWar_P5","RESOLVED_INTERNAL"
"D586","E132","E113","FIELD_REFERENCE","IMPLEMENTATION","C:\Users\JBNU\git\ConstraintsRecovery\assets\tankwar\asset15",276,"C:\Users\JBNU\git\ConstraintsRecovery\assets\tankwar\asset15","G4","G4","TankWar_P1|TankWar_P2|TankWar_P3|TankWar_P4|TankWar_P5","TankWar_P1|TankWar_P2|TankWar_P3|TankWar_P4|TankWar_P5",false,"TankWar_P1|TankWar_P2|TankWar_P3|TankWar_P4|TankWar_P5","RESOLVED_INTERNAL"
"D587","E132","E114","FIELD_REFERENCE","IMPLEMENTATION","C:\Users\JBNU\git\ConstraintsRecovery\assets\tankwar\asset15",276,"C:\Users\JBNU\git\ConstraintsRecovery\assets\tankwar\asset15","G4","G4","TankWar_P1|TankWar_P2|TankWar_P3|TankWar_P4|TankWar_P5","TankWar_P1|TankWar_P2|TankWar_P3|TankWar_P4|TankWar_P5",false,"TankWar_P1|TankWar_P2|TankWar_P3|TankWar_P4|TankWar_P5","RESOLVED_INTERNAL"
"D588","E132","E142","FIELD_REFERENCE","IMPLEMENTATION","C:\Users\JBNU\git\ConstraintsRecovery\assets\tankwar\asset15",276,"C:\Users\JBNU\git\ConstraintsRecovery\assets\tankwar\asset17","G4","G4","TankWar_P1|TankWar_P2|TankWar_P3|TankWar_P4|TankWar_P5","TankWar_P1|TankWar_P2|TankWar_P3|TankWar_P4|TankWar_P5",true,"TankWar_P1|TankWar_P2|TankWar_P3|TankWar_P4|TankWar_P5","RESOLVED_INTERNAL"
"D589","E132","E143","FIELD_REFERENCE","IMPLEMENTATION","C:\Users\JBNU\git\ConstraintsRecovery\assets\tankwar\asset15",276,"C:\Users\JBNU\git\ConstraintsRecovery\assets\tankwar\asset17","G4","G4","TankWar_P1|TankWar_P2|TankWar_P3|TankWar_P4|TankWar_P5","TankWar_P1|TankWar_P2|TankWar_P3|TankWar_P4|TankWar_P5",true,"TankWar_P1|TankWar_P2|TankWar_P3|TankWar_P4|TankWar_P5","RESOLVED_INTERNAL"
"D590","E132","E64","METHOD_CALL","IMPLEMENTATION","C:\Users\JBNU\git\ConstraintsRecovery\assets\tankwar\asset15",276,"C:\Users\JBNU\git\ConstraintsRecovery\assets\tankwar\asset13","G4","G4","TankWar_P1|TankWar_P2|TankWar_P3|TankWar_P4|TankWar_P5","TankWar_P1|TankWar_P2|TankWar_P3|TankWar_P4|TankWar_P5",true,"TankWar_P1|TankWar_P2|TankWar_P3|TankWar_P4|TankWar_P5","RESOLVED_INTERNAL"
"D624","E137","E134","FIELD_REFERENCE","IMPLEMENTATION","C:\Users\JBNU\git\ConstraintsRecovery\assets\tankwar\asset16",19,"C:\Users\JBNU\git\ConstraintsRecovery\assets\tankwar\asset16","G4","G4","TankWar_P1|TankWar_P2|TankWar_P3|TankWar_P4|TankWar_P5","TankWar_P1|TankWar_P2|TankWar_P3|TankWar_P4|TankWar_P5",false,"TankWar_P1|TankWar_P2|TankWar_P3|TankWar_P4|TankWar_P5","RESOLVED_INTERNAL"
"D625","E137","E136","FIELD_REFERENCE","IMPLEMENTATION","C:\Users\JBNU\git\ConstraintsRecovery\assets\tankwar\asset16",20,"C:\Users\JBNU\git\ConstraintsRecovery\assets\tankwar\asset16","G4","G4","TankWar_P1|TankWar_P2|TankWar_P3|TankWar_P4|TankWar_P5","TankWar_P1|TankWar_P2|TankWar_P3|TankWar_P4|TankWar_P5",false,"TankWar_P1|TankWar_P2|TankWar_P3|TankWar_P4|TankWar_P5","RESOLVED_INTERNAL"
"D626","E137","E135","FIELD_REFERENCE","IMPLEMENTATION","C:\Users\JBNU\git\ConstraintsRecovery\assets\tankwar\asset16",22,"C:\Users\JBNU\git\ConstraintsRecovery\assets\tankwar\asset16","G4","G4","TankWar_P1|TankWar_P2|TankWar_P3|TankWar_P4|TankWar_P5","TankWar_P1|TankWar_P2|TankWar_P3|TankWar_P4|TankWar_P5",false,"TankWar_P1|TankWar_P2|TankWar_P3|TankWar_P4|TankWar_P5","RESOLVED_INTERNAL"
"D627","E137","E135","FIELD_REFERENCE","IMPLEMENTATION","C:\Users\JBNU\git\ConstraintsRecovery\assets\tankwar\asset16",23,"C:\Users\JBNU\git\ConstraintsRecovery\assets\tankwar\asset16","G4","G4","TankWar_P1|TankWar_P2|TankWar_P3|TankWar_P4|TankWar_P5","TankWar_P1|TankWar_P2|TankWar_P3|TankWar_P4|TankWar_P5",false,"TankWar_P1|TankWar_P2|TankWar_P3|TankWar_P4|TankWar_P5","RESOLVED_INTERNAL"
"D628","E138","E134","FIELD_REFERENCE","IMPLEMENTATION","C:\Users\JBNU\git\ConstraintsRecovery\assets\tankwar\asset16",26,"C:\Users\JBNU\git\ConstraintsRecovery\assets\tankwar\asset16","G4","G4","TankWar_P1|TankWar_P2|TankWar_P3|TankWar_P4|TankWar_P5","TankWar_P1|TankWar_P2|TankWar_P3|TankWar_P4|TankWar_P5",false,"TankWar_P1|TankWar_P2|TankWar_P3|TankWar_P4|TankWar_P5","RESOLVED_INTERNAL"
"D629","E138","E134","FIELD_REFERENCE","IMPLEMENTATION","C:\Users\JBNU\git\ConstraintsRecovery\assets\tankwar\asset16",32,"C:\Users\JBNU\git\ConstraintsRecovery\assets\tankwar\asset16","G4","G4","TankWar_P1|TankWar_P2|TankWar_P3|TankWar_P4|TankWar_P5","TankWar_P1|TankWar_P2|TankWar_P3|TankWar_P4|TankWar_P5",false,"TankWar_P1|TankWar_P2|TankWar_P3|TankWar_P4|TankWar_P5","RESOLVED_INTERNAL"
"D630","E138","E134","FIELD_REFERENCE","IMPLEMENTATION","C:\Users\JBNU\git\ConstraintsRecovery\assets\tankwar\asset16",33,"C:\Users\JBNU\git\ConstraintsRecovery\assets\tankwar\asset16","G4","G4","TankWar_P1|TankWar_P2|TankWar_P3|TankWar_P4|TankWar_P5","TankWar_P1|TankWar_P2|TankWar_P3|TankWar_P4|TankWar_P5",false,"TankWar_P1|TankWar_P2|TankWar_P3|TankWar_P4|TankWar_P5","RESOLVED_INTERNAL"
"D631","E138","E134","FIELD_REFERENCE","IMPLEMENTATION","C:\Users\JBNU\git\ConstraintsRecovery\assets\tankwar\asset16",35,"C:\Users\JBNU\git\ConstraintsRecovery\assets\tankwar\asset16","G4","G4","TankWar_P1|TankWar_P2|TankWar_P3|TankWar_P4|TankWar_P5","TankWar_P1|TankWar_P2|TankWar_P3|TankWar_P4|TankWar_P5",false,"TankWar_P1|TankWar_P2|TankWar_P3|TankWar_P4|TankWar_P5","RESOLVED_INTERNAL"
"D632","E138","E244","METHOD_CALL","IMPLEMENTATION","C:\Users\JBNU\git\ConstraintsRecovery\assets\tankwar\asset16",35,"C:\Users\JBNU\git\ConstraintsRecovery\assets\tankwar\asset2","G4","G4","TankWar_P1|TankWar_P2|TankWar_P3|TankWar_P4|TankWar_P5","TankWar_P1|TankWar_P2|TankWar_P3|TankWar_P4|TankWar_P5",true,"TankWar_P1|TankWar_P2|TankWar_P3|TankWar_P4|TankWar_P5","RESOLVED_INTERNAL"
"D633","E138","E134","FIELD_REFERENCE","IMPLEMENTATION","C:\Users\JBNU\git\ConstraintsRecovery\assets\tankwar\asset16",37,"C:\Users\JBNU\git\ConstraintsRecovery\assets\tankwar\asset16","G4","G4","TankWar_P1|TankWar_P2|TankWar_P3|TankWar_P4|TankWar_P5","TankWar_P1|TankWar_P2|TankWar_P3|TankWar_P4|TankWar_P5",false,"TankWar_P1|TankWar_P2|TankWar_P3|TankWar_P4|TankWar_P5","RESOLVED_INTERNAL"
"D634","E138","E134","FIELD_REFERENCE","IMPLEMENTATION","C:\Users\JBNU\git\ConstraintsRecovery\assets\tankwar\asset16",45,"C:\Users\JBNU\git\ConstraintsRecovery\assets\tankwar\asset16","G4","G4","TankWar_P1|TankWar_P2|TankWar_P3|TankWar_P4|TankWar_P5","TankWar_P1|TankWar_P2|TankWar_P3|TankWar_P4|TankWar_P5",false,"TankWar_P1|TankWar_P2|TankWar_P3|TankWar_P4|TankWar_P5","RESOLVED_INTERNAL"
"D635","E145","E140","FIELD_REFERENCE","IMPLEMENTATION","C:\Users\JBNU\git\ConstraintsRecovery\assets\tankwar\asset17",16,"C:\Users\JBNU\git\ConstraintsRecovery\assets\tankwar\asset17","G4","G4","TankWar_P1|TankWar_P2|TankWar_P3|TankWar_P4|TankWar_P5","TankWar_P1|TankWar_P2|TankWar_P3|TankWar_P4|TankWar_P5",false,"TankWar_P1|TankWar_P2|TankWar_P3|TankWar_P4|TankWar_P5","RESOLVED_INTERNAL"
"D636","E145","E141","FIELD_REFERENCE","IMPLEMENTATION","C:\Users\JBNU\git\ConstraintsRecovery\assets\tankwar\asset17",17,"C:\Users\JBNU\git\ConstraintsRecovery\assets\tankwar\asset17","G4","G4","TankWar_P1|TankWar_P2|TankWar_P3|TankWar_P4|TankWar_P5","TankWar_P1|TankWar_P2|TankWar_P3|TankWar_P4|TankWar_P5",false,"TankWar_P1|TankWar_P2|TankWar_P3|TankWar_P4|TankWar_P5","RESOLVED_INTERNAL"
"D637","E145","E142","FIELD_REFERENCE","IMPLEMENTATION","C:\Users\JBNU\git\ConstraintsRecovery\assets\tankwar\asset17",18,"C:\Users\JBNU\git\ConstraintsRecovery\assets\tankwar\asset17","G4","G4","TankWar_P1|TankWar_P2|TankWar_P3|TankWar_P4|TankWar_P5","TankWar_P1|TankWar_P2|TankWar_P3|TankWar_P4|TankWar_P5",false,"TankWar_P1|TankWar_P2|TankWar_P3|TankWar_P4|TankWar_P5","RESOLVED_INTERNAL"
"D638","E145","E143","FIELD_REFERENCE","IMPLEMENTATION","C:\Users\JBNU\git\ConstraintsRecovery\assets\tankwar\asset17",19,"C:\Users\JBNU\git\ConstraintsRecovery\assets\tankwar\asset17","G4","G4","TankWar_P1|TankWar_P2|TankWar_P3|TankWar_P4|TankWar_P5","TankWar_P1|TankWar_P2|TankWar_P3|TankWar_P4|TankWar_P5",false,"TankWar_P1|TankWar_P2|TankWar_P3|TankWar_P4|TankWar_P5","RESOLVED_INTERNAL"
"D639","E145","E144","FIELD_REFERENCE","IMPLEMENTATION","C:\Users\JBNU\git\ConstraintsRecovery\assets\tankwar\asset17",20,"C:\Users\JBNU\git\ConstraintsRecovery\assets\tankwar\asset17","G4","G4","TankWar_P1|TankWar_P2|TankWar_P3|TankWar_P4|TankWar_P5","TankWar_P1|TankWar_P2|TankWar_P3|TankWar_P4|TankWar_P5",false,"TankWar_P1|TankWar_P2|TankWar_P3|TankWar_P4|TankWar_P5","RESOLVED_INTERNAL"
"D640","E146","E140","FIELD_REFERENCE","IMPLEMENTATION","C:\Users\JBNU\git\ConstraintsRecovery\assets\tankwar\asset17",23,"C:\Users\JBNU\git\ConstraintsRecovery\assets\tankwar\asset17","G4","G4","TankWar_P1|TankWar_P2|TankWar_P3|TankWar_P4|TankWar_P5","TankWar_P1|TankWar_P2|TankWar_P3|TankWar_P4|TankWar_P5",false,"TankWar_P1|TankWar_P2|TankWar_P3|TankWar_P4|TankWar_P5","RESOLVED_INTERNAL"
"D641","E146","E141","FIELD_REFERENCE","IMPLEMENTATION","C:\Users\JBNU\git\ConstraintsRecovery\assets\tankwar\asset17",24,"C:\Users\JBNU\git\ConstraintsRecovery\assets\tankwar\asset17","G4","G4","TankWar_P1|TankWar_P2|TankWar_P3|TankWar_P4|TankWar_P5","TankWar_P1|TankWar_P2|TankWar_P3|TankWar_P4|TankWar_P5",false,"TankWar_P1|TankWar_P2|TankWar_P3|TankWar_P4|TankWar_P5","RESOLVED_INTERNAL"
"D642","E146","E142","FIELD_REFERENCE","IMPLEMENTATION","C:\Users\JBNU\git\ConstraintsRecovery\assets\tankwar\asset17",25,"C:\Users\JBNU\git\ConstraintsRecovery\assets\tankwar\asset17","G4","G4","TankWar_P1|TankWar_P2|TankWar_P3|TankWar_P4|TankWar_P5","TankWar_P1|TankWar_P2|TankWar_P3|TankWar_P4|TankWar_P5",false,"TankWar_P1|TankWar_P2|TankWar_P3|TankWar_P4|TankWar_P5","RESOLVED_INTERNAL"
"D643","E146","E143","FIELD_REFERENCE","IMPLEMENTATION","C:\Users\JBNU\git\ConstraintsRecovery\assets\tankwar\asset17",26,"C:\Users\JBNU\git\ConstraintsRecovery\assets\tankwar\asset17","G4","G4","TankWar_P1|TankWar_P2|TankWar_P3|TankWar_P4|TankWar_P5","TankWar_P1|TankWar_P2|TankWar_P3|TankWar_P4|TankWar_P5",false,"TankWar_P1|TankWar_P2|TankWar_P3|TankWar_P4|TankWar_P5","RESOLVED_INTERNAL"
"D644","E146","E144","FIELD_REFERENCE","IMPLEMENTATION","C:\Users\JBNU\git\ConstraintsRecovery\assets\tankwar\asset17",27,"C:\Users\JBNU\git\ConstraintsRecovery\assets\tankwar\asset17","G4","G4","TankWar_P1|TankWar_P2|TankWar_P3|TankWar_P4|TankWar_P5","TankWar_P1|TankWar_P2|TankWar_P3|TankWar_P4|TankWar_P5",false,"TankWar_P1|TankWar_P2|TankWar_P3|TankWar_P4|TankWar_P5","RESOLVED_INTERNAL"
"D645","E147","E140","FIELD_REFERENCE","IMPLEMENTATION","C:\Users\JBNU\git\ConstraintsRecovery\assets\tankwar\asset17",30,"C:\Users\JBNU\git\ConstraintsRecovery\assets\tankwar\asset17","G4","G4","TankWar_P1|TankWar_P2|TankWar_P3|TankWar_P4|TankWar_P5","TankWar_P1|TankWar_P2|TankWar_P3|TankWar_P4|TankWar_P5",false,"TankWar_P1|TankWar_P2|TankWar_P3|TankWar_P4|TankWar_P5","RESOLVED_INTERNAL"
"D646","E147","E141","FIELD_REFERENCE","IMPLEMENTATION","C:\Users\JBNU\git\ConstraintsRecovery\assets\tankwar\asset17",31,"C:\Users\JBNU\git\ConstraintsRecovery\assets\tankwar\asset17","G4","G4","TankWar_P1|TankWar_P2|TankWar_P3|TankWar_P4|TankWar_P5","TankWar_P1|TankWar_P2|TankWar_P3|TankWar_P4|TankWar_P5",false,"TankWar_P1|TankWar_P2|TankWar_P3|TankWar_P4|TankWar_P5","RESOLVED_INTERNAL"
"D647","E147","E142","FIELD_REFERENCE","IMPLEMENTATION","C:\Users\JBNU\git\ConstraintsRecovery\assets\tankwar\asset17",32,"C:\Users\JBNU\git\ConstraintsRecovery\assets\tankwar\asset17","G4","G4","TankWar_P1|TankWar_P2|TankWar_P3|TankWar_P4|TankWar_P5","TankWar_P1|TankWar_P2|TankWar_P3|TankWar_P4|TankWar_P5",false,"TankWar_P1|TankWar_P2|TankWar_P3|TankWar_P4|TankWar_P5","RESOLVED_INTERNAL"
"D648","E147","E143","FIELD_REFERENCE","IMPLEMENTATION","C:\Users\JBNU\git\ConstraintsRecovery\assets\tankwar\asset17",33,"C:\Users\JBNU\git\ConstraintsRecovery\assets\tankwar\asset17","G4","G4","TankWar_P1|TankWar_P2|TankWar_P3|TankWar_P4|TankWar_P5","TankWar_P1|TankWar_P2|TankWar_P3|TankWar_P4|TankWar_P5",false,"TankWar_P1|TankWar_P2|TankWar_P3|TankWar_P4|TankWar_P5","RESOLVED_INTERNAL"
"D649","E147","E144","FIELD_REFERENCE","IMPLEMENTATION","C:\Users\JBNU\git\ConstraintsRecovery\assets\tankwar\asset17",34,"C:\Users\JBNU\git\ConstraintsRecovery\assets\tankwar\asset17","G4","G4","TankWar_P1|TankWar_P2|TankWar_P3|TankWar_P4|TankWar_P5","TankWar_P1|TankWar_P2|TankWar_P3|TankWar_P4|TankWar_P5",false,"TankWar_P1|TankWar_P2|TankWar_P3|TankWar_P4|TankWar_P5","RESOLVED_INTERNAL"
"D674","E192","E257","EXTENDS","STRUCTURAL","C:\Users\JBNU\git\ConstraintsRecovery\assets\tankwar\asset19",9,"C:\Users\JBNU\git\ConstraintsRecovery\assets\tankwar\asset22","G4","G4","TankWar_P1|TankWar_P2|TankWar_P3|TankWar_P4|TankWar_P5","TankWar_P1|TankWar_P2|TankWar_P3|TankWar_P4|TankWar_P5",true,"TankWar_P1|TankWar_P2|TankWar_P3|TankWar_P4|TankWar_P5","RESOLVED_INTERNAL"
"D650","E197","E267","FIELD_REFERENCE","IMPLEMENTATION","C:\Users\JBNU\git\ConstraintsRecovery\assets\tankwar\asset19",17,"C:\Users\JBNU\git\ConstraintsRecovery\assets\tankwar\asset22","G4","G4","TankWar_P1|TankWar_P2|TankWar_P3|TankWar_P4|TankWar_P5","TankWar_P1|TankWar_P2|TankWar_P3|TankWar_P4|TankWar_P5",true,"TankWar_P1|TankWar_P2|TankWar_P3|TankWar_P4|TankWar_P5","RESOLVED_INTERNAL"
"D651","E197","E193","FIELD_REFERENCE","IMPLEMENTATION","C:\Users\JBNU\git\ConstraintsRecovery\assets\tankwar\asset19",18,"C:\Users\JBNU\git\ConstraintsRecovery\assets\tankwar\asset19","G4","G4","TankWar_P1|TankWar_P2|TankWar_P3|TankWar_P4|TankWar_P5","TankWar_P1|TankWar_P2|TankWar_P3|TankWar_P4|TankWar_P5",false,"TankWar_P1|TankWar_P2|TankWar_P3|TankWar_P4|TankWar_P5","RESOLVED_INTERNAL"
"D652","E197","E193","FIELD_REFERENCE","IMPLEMENTATION","C:\Users\JBNU\git\ConstraintsRecovery\assets\tankwar\asset19",19,"C:\Users\JBNU\git\ConstraintsRecovery\assets\tankwar\asset19","G4","G4","TankWar_P1|TankWar_P2|TankWar_P3|TankWar_P4|TankWar_P5","TankWar_P1|TankWar_P2|TankWar_P3|TankWar_P4|TankWar_P5",false,"TankWar_P1|TankWar_P2|TankWar_P3|TankWar_P4|TankWar_P5","RESOLVED_INTERNAL"
"D653","E197","E194","FIELD_REFERENCE","IMPLEMENTATION","C:\Users\JBNU\git\ConstraintsRecovery\assets\tankwar\asset19",19,"C:\Users\JBNU\git\ConstraintsRecovery\assets\tankwar\asset19","G4","G4","TankWar_P1|TankWar_P2|TankWar_P3|TankWar_P4|TankWar_P5","TankWar_P1|TankWar_P2|TankWar_P3|TankWar_P4|TankWar_P5",false,"TankWar_P1|TankWar_P2|TankWar_P3|TankWar_P4|TankWar_P5","RESOLVED_INTERNAL"
"D654","E198","E194","FIELD_REFERENCE","IMPLEMENTATION","C:\Users\JBNU\git\ConstraintsRecovery\assets\tankwar\asset19",22,"C:\Users\JBNU\git\ConstraintsRecovery\assets\tankwar\asset19","G4","G4","TankWar_P1|TankWar_P2|TankWar_P3|TankWar_P4|TankWar_P5","TankWar_P1|TankWar_P2|TankWar_P3|TankWar_P4|TankWar_P5",false,"TankWar_P1|TankWar_P2|TankWar_P3|TankWar_P4|TankWar_P5","RESOLVED_INTERNAL"
"D655","E198","E194","FIELD_REFERENCE","IMPLEMENTATION","C:\Users\JBNU\git\ConstraintsRecovery\assets\tankwar\asset19",23,"C:\Users\JBNU\git\ConstraintsRecovery\assets\tankwar\asset19","G4","G4","TankWar_P1|TankWar_P2|TankWar_P3|TankWar_P4|TankWar_P5","TankWar_P1|TankWar_P2|TankWar_P3|TankWar_P4|TankWar_P5",false,"TankWar_P1|TankWar_P2|TankWar_P3|TankWar_P4|TankWar_P5","RESOLVED_INTERNAL"
"D656","E198","E193","FIELD_REFERENCE","IMPLEMENTATION","C:\Users\JBNU\git\ConstraintsRecovery\assets\tankwar\asset19",25,"C:\Users\JBNU\git\ConstraintsRecovery\assets\tankwar\asset19","G4","G4","TankWar_P1|TankWar_P2|TankWar_P3|TankWar_P4|TankWar_P5","TankWar_P1|TankWar_P2|TankWar_P3|TankWar_P4|TankWar_P5",false,"TankWar_P1|TankWar_P2|TankWar_P3|TankWar_P4|TankWar_P5","RESOLVED_INTERNAL"
"D657","E198","E193","FIELD_REFERENCE","IMPLEMENTATION","C:\Users\JBNU\git\ConstraintsRecovery\assets\tankwar\asset19",27,"C:\Users\JBNU\git\ConstraintsRecovery\assets\tankwar\asset19","G4","G4","TankWar_P1|TankWar_P2|TankWar_P3|TankWar_P4|TankWar_P5","TankWar_P1|TankWar_P2|TankWar_P3|TankWar_P4|TankWar_P5",false,"TankWar_P1|TankWar_P2|TankWar_P3|TankWar_P4|TankWar_P5","RESOLVED_INTERNAL"
"D658","E198","E333","FIELD_REFERENCE","IMPLEMENTATION","C:\Users\JBNU\git\ConstraintsRecovery\assets\tankwar\asset19",28,"C:\Users\JBNU\git\ConstraintsRecovery\assets\tankwar\asset3","G4","G4","TankWar_P1|TankWar_P2|TankWar_P3|TankWar_P4|TankWar_P5","TankWar_P1|TankWar_P2|TankWar_P3|TankWar_P4|TankWar_P5",true,"TankWar_P1|TankWar_P2|TankWar_P3|TankWar_P4|TankWar_P5","RESOLVED_INTERNAL"
"D659","E198","E200","METHOD_CALL","IMPLEMENTATION","C:\Users\JBNU\git\ConstraintsRecovery\assets\tankwar\asset19",30,"C:\Users\JBNU\git\ConstraintsRecovery\assets\tankwar\asset19","G4","G4","TankWar_P1|TankWar_P2|TankWar_P3|TankWar_P4|TankWar_P5","TankWar_P1|TankWar_P2|TankWar_P3|TankWar_P4|TankWar_P5",false,"TankWar_P1|TankWar_P2|TankWar_P3|TankWar_P4|TankWar_P5","RESOLVED_INTERNAL"
"D660","E198","E199","METHOD_CALL","IMPLEMENTATION","C:\Users\JBNU\git\ConstraintsRecovery\assets\tankwar\asset19",31,"C:\Users\JBNU\git\ConstraintsRecovery\assets\tankwar\asset19","G4","G4","TankWar_P1|TankWar_P2|TankWar_P3|TankWar_P4|TankWar_P5","TankWar_P1|TankWar_P2|TankWar_P3|TankWar_P4|TankWar_P5",false,"TankWar_P1|TankWar_P2|TankWar_P3|TankWar_P4|TankWar_P5","RESOLVED_INTERNAL"
"D661","E200","E691","FIELD_REFERENCE","IMPLEMENTATION","C:\Users\JBNU\git\ConstraintsRecovery\assets\tankwar\asset19",37,"C:\Users\JBNU\git\ConstraintsRecovery\assets\tankwar\asset9","G4","G4","TankWar_P1|TankWar_P2|TankWar_P3|TankWar_P4|TankWar_P5","TankWar_P1|TankWar_P2|TankWar_P3|TankWar_P4|TankWar_P5",true,"TankWar_P1|TankWar_P2|TankWar_P3|TankWar_P4|TankWar_P5","RESOLVED_INTERNAL"
"D662","E200","E691","FIELD_REFERENCE","IMPLEMENTATION","C:\Users\JBNU\git\ConstraintsRecovery\assets\tankwar\asset19",38,"C:\Users\JBNU\git\ConstraintsRecovery\assets\tankwar\asset9","G4","G4","TankWar_P1|TankWar_P2|TankWar_P3|TankWar_P4|TankWar_P5","TankWar_P1|TankWar_P2|TankWar_P3|TankWar_P4|TankWar_P5",true,"TankWar_P1|TankWar_P2|TankWar_P3|TankWar_P4|TankWar_P5","RESOLVED_INTERNAL"
"D663","E200","E195","FIELD_REFERENCE","IMPLEMENTATION","C:\Users\JBNU\git\ConstraintsRecovery\assets\tankwar\asset19",39,"C:\Users\JBNU\git\ConstraintsRecovery\assets\tankwar\asset19","G4","G4","TankWar_P1|TankWar_P2|TankWar_P3|TankWar_P4|TankWar_P5","TankWar_P1|TankWar_P2|TankWar_P3|TankWar_P4|TankWar_P5",false,"TankWar_P1|TankWar_P2|TankWar_P3|TankWar_P4|TankWar_P5","RESOLVED_INTERNAL"
"D664","E200","E267","FIELD_REFERENCE","IMPLEMENTATION","C:\Users\JBNU\git\ConstraintsRecovery\assets\tankwar\asset19",39,"C:\Users\JBNU\git\ConstraintsRecovery\assets\tankwar\asset22","G4","G4","TankWar_P1|TankWar_P2|TankWar_P3|TankWar_P4|TankWar_P5","TankWar_P1|TankWar_P2|TankWar_P3|TankWar_P4|TankWar_P5",true,"TankWar_P1|TankWar_P2|TankWar_P3|TankWar_P4|TankWar_P5","RESOLVED_INTERNAL"
"D665","E200","E691","FIELD_REFERENCE","IMPLEMENTATION","C:\Users\JBNU\git\ConstraintsRecovery\assets\tankwar\asset19",39,"C:\Users\JBNU\git\ConstraintsRecovery\assets\tankwar\asset9","G4","G4","TankWar_P1|TankWar_P2|TankWar_P3|TankWar_P4|TankWar_P5","TankWar_P1|TankWar_P2|TankWar_P3|TankWar_P4|TankWar_P5",true,"TankWar_P1|TankWar_P2|TankWar_P3|TankWar_P4|TankWar_P5","RESOLVED_INTERNAL"
"D666","E200","E201","METHOD_CALL","IMPLEMENTATION","C:\Users\JBNU\git\ConstraintsRecovery\assets\tankwar\asset19",40,"C:\Users\JBNU\git\ConstraintsRecovery\assets\tankwar\asset19","G4","G4","TankWar_P1|TankWar_P2|TankWar_P3|TankWar_P4|TankWar_P5","TankWar_P1|TankWar_P2|TankWar_P3|TankWar_P4|TankWar_P5",false,"TankWar_P1|TankWar_P2|TankWar_P3|TankWar_P4|TankWar_P5","RESOLVED_INTERNAL"
"D667","E200","E692","FIELD_REFERENCE","IMPLEMENTATION","C:\Users\JBNU\git\ConstraintsRecovery\assets\tankwar\asset19",42,"C:\Users\JBNU\git\ConstraintsRecovery\assets\tankwar\asset9","G4","G4","TankWar_P1|TankWar_P2|TankWar_P3|TankWar_P4|TankWar_P5","TankWar_P1|TankWar_P2|TankWar_P3|TankWar_P4|TankWar_P5",true,"TankWar_P1|TankWar_P2|TankWar_P3|TankWar_P4|TankWar_P5","RESOLVED_INTERNAL"
"D668","E200","E692","FIELD_REFERENCE","IMPLEMENTATION","C:\Users\JBNU\git\ConstraintsRecovery\assets\tankwar\asset19",43,"C:\Users\JBNU\git\ConstraintsRecovery\assets\tankwar\asset9","G4","G4","TankWar_P1|TankWar_P2|TankWar_P3|TankWar_P4|TankWar_P5","TankWar_P1|TankWar_P2|TankWar_P3|TankWar_P4|TankWar_P5",true,"TankWar_P1|TankWar_P2|TankWar_P3|TankWar_P4|TankWar_P5","RESOLVED_INTERNAL"
"D669","E200","E195","FIELD_REFERENCE","IMPLEMENTATION","C:\Users\JBNU\git\ConstraintsRecovery\assets\tankwar\asset19",44,"C:\Users\JBNU\git\ConstraintsRecovery\assets\tankwar\asset19","G4","G4","TankWar_P1|TankWar_P2|TankWar_P3|TankWar_P4|TankWar_P5","TankWar_P1|TankWar_P2|TankWar_P3|TankWar_P4|TankWar_P5",false,"TankWar_P1|TankWar_P2|TankWar_P3|TankWar_P4|TankWar_P5","RESOLVED_INTERNAL"
"D670","E200","E267","FIELD_REFERENCE","IMPLEMENTATION","C:\Users\JBNU\git\ConstraintsRecovery\assets\tankwar\asset19",44,"C:\Users\JBNU\git\ConstraintsRecovery\assets\tankwar\asset22","G4","G4","TankWar_P1|TankWar_P2|TankWar_P3|TankWar_P4|TankWar_P5","TankWar_P1|TankWar_P2|TankWar_P3|TankWar_P4|TankWar_P5",true,"TankWar_P1|TankWar_P2|TankWar_P3|TankWar_P4|TankWar_P5","RESOLVED_INTERNAL"
"D671","E200","E692","FIELD_REFERENCE","IMPLEMENTATION","C:\Users\JBNU\git\ConstraintsRecovery\assets\tankwar\asset19",44,"C:\Users\JBNU\git\ConstraintsRecovery\assets\tankwar\asset9","G4","G4","TankWar_P1|TankWar_P2|TankWar_P3|TankWar_P4|TankWar_P5","TankWar_P1|TankWar_P2|TankWar_P3|TankWar_P4|TankWar_P5",true,"TankWar_P1|TankWar_P2|TankWar_P3|TankWar_P4|TankWar_P5","RESOLVED_INTERNAL"
"D672","E200","E201","METHOD_CALL","IMPLEMENTATION","C:\Users\JBNU\git\ConstraintsRecovery\assets\tankwar\asset19",45,"C:\Users\JBNU\git\ConstraintsRecovery\assets\tankwar\asset19","G4","G4","TankWar_P1|TankWar_P2|TankWar_P3|TankWar_P4|TankWar_P5","TankWar_P1|TankWar_P2|TankWar_P3|TankWar_P4|TankWar_P5",false,"TankWar_P1|TankWar_P2|TankWar_P3|TankWar_P4|TankWar_P5","RESOLVED_INTERNAL"
"D673","E201","E333","FIELD_REFERENCE","IMPLEMENTATION","C:\Users\JBNU\git\ConstraintsRecovery\assets\tankwar\asset19",49,"C:\Users\JBNU\git\ConstraintsRecovery\assets\tankwar\asset3","G4","G4","TankWar_P1|TankWar_P2|TankWar_P3|TankWar_P4|TankWar_P5","TankWar_P1|TankWar_P2|TankWar_P3|TankWar_P4|TankWar_P5",true,"TankWar_P1|TankWar_P2|TankWar_P3|TankWar_P4|TankWar_P5","RESOLVED_INTERNAL"
"D1115","E217","E203","FIELD_REFERENCE","IMPLEMENTATION","C:\Users\JBNU\git\ConstraintsRecovery\assets\tankwar\asset2",45,"C:\Users\JBNU\git\ConstraintsRecovery\assets\tankwar\asset2","G4","G4","TankWar_P1|TankWar_P2|TankWar_P3|TankWar_P4|TankWar_P5","TankWar_P1|TankWar_P2|TankWar_P3|TankWar_P4|TankWar_P5",false,"TankWar_P1|TankWar_P2|TankWar_P3|TankWar_P4|TankWar_P5","RESOLVED_INTERNAL"
"D1116","E218","E220","METHOD_CALL","IMPLEMENTATION","C:\Users\JBNU\git\ConstraintsRecovery\assets\tankwar\asset2",48,"C:\Users\JBNU\git\ConstraintsRecovery\assets\tankwar\asset2","G4","G4","TankWar_P1|TankWar_P2|TankWar_P3|TankWar_P4|TankWar_P5","TankWar_P1|TankWar_P2|TankWar_P3|TankWar_P4|TankWar_P5",false,"TankWar_P1|TankWar_P2|TankWar_P3|TankWar_P4|TankWar_P5","RESOLVED_INTERNAL"
"D1117","E218","E137","CONSTRUCTOR_CALL","IMPLEMENTATION","C:\Users\JBNU\git\ConstraintsRecovery\assets\tankwar\asset2",49,"C:\Users\JBNU\git\ConstraintsRecovery\assets\tankwar\asset16","G4","G4","TankWar_P1|TankWar_P2|TankWar_P3|TankWar_P4|TankWar_P5","TankWar_P1|TankWar_P2|TankWar_P3|TankWar_P4|TankWar_P5",true,"TankWar_P1|TankWar_P2|TankWar_P3|TankWar_P4|TankWar_P5","RESOLVED_INTERNAL"
"D1118","E218","E210","FIELD_REFERENCE","IMPLEMENTATION","C:\Users\JBNU\git\ConstraintsRecovery\assets\tankwar\asset2",49,"C:\Users\JBNU\git\ConstraintsRecovery\assets\tankwar\asset2","G4","G4","TankWar_P1|TankWar_P2|TankWar_P3|TankWar_P4|TankWar_P5","TankWar_P1|TankWar_P2|TankWar_P3|TankWar_P4|TankWar_P5",false,"TankWar_P1|TankWar_P2|TankWar_P3|TankWar_P4|TankWar_P5","RESOLVED_INTERNAL"
"D1119","E218","E136","FIELD_REFERENCE","IMPLEMENTATION","C:\Users\JBNU\git\ConstraintsRecovery\assets\tankwar\asset2",50,"C:\Users\JBNU\git\ConstraintsRecovery\assets\tankwar\asset16","G4","G4","TankWar_P1|TankWar_P2|TankWar_P3|TankWar_P4|TankWar_P5","TankWar_P1|TankWar_P2|TankWar_P3|TankWar_P4|TankWar_P5",true,"TankWar_P1|TankWar_P2|TankWar_P3|TankWar_P4|TankWar_P5","RESOLVED_INTERNAL"
"D1120","E218","E211","FIELD_REFERENCE","IMPLEMENTATION","C:\Users\JBNU\git\ConstraintsRecovery\assets\tankwar\asset2",50,"C:\Users\JBNU\git\ConstraintsRecovery\assets\tankwar\asset2","G4","G4","TankWar_P1|TankWar_P2|TankWar_P3|TankWar_P4|TankWar_P5","TankWar_P1|TankWar_P2|TankWar_P3|TankWar_P4|TankWar_P5",false,"TankWar_P1|TankWar_P2|TankWar_P3|TankWar_P4|TankWar_P5","RESOLVED_INTERNAL"
"D1121","E218","E204","FIELD_REFERENCE","IMPLEMENTATION","C:\Users\JBNU\git\ConstraintsRecovery\assets\tankwar\asset2",51,"C:\Users\JBNU\git\ConstraintsRecovery\assets\tankwar\asset2","G4","G4","TankWar_P1|TankWar_P2|TankWar_P3|TankWar_P4|TankWar_P5","TankWar_P1|TankWar_P2|TankWar_P3|TankWar_P4|TankWar_P5",false,"TankWar_P1|TankWar_P2|TankWar_P3|TankWar_P4|TankWar_P5","RESOLVED_INTERNAL"
"D1122","E218","E205","FIELD_REFERENCE","IMPLEMENTATION","C:\Users\JBNU\git\ConstraintsRecovery\assets\tankwar\asset2",51,"C:\Users\JBNU\git\ConstraintsRecovery\assets\tankwar\asset2","G4","G4","TankWar_P1|TankWar_P2|TankWar_P3|TankWar_P4|TankWar_P5","TankWar_P1|TankWar_P2|TankWar_P3|TankWar_P4|TankWar_P5",false,"TankWar_P1|TankWar_P2|TankWar_P3|TankWar_P4|TankWar_P5","RESOLVED_INTERNAL"
"D1123","E218","E211","FIELD_REFERENCE","IMPLEMENTATION","C:\Users\JBNU\git\ConstraintsRecovery\assets\tankwar\asset2",51,"C:\Users\JBNU\git\ConstraintsRecovery\assets\tankwar\asset2","G4","G4","TankWar_P1|TankWar_P2|TankWar_P3|TankWar_P4|TankWar_P5","TankWar_P1|TankWar_P2|TankWar_P3|TankWar_P4|TankWar_P5",false,"TankWar_P1|TankWar_P2|TankWar_P3|TankWar_P4|TankWar_P5","RESOLVED_INTERNAL"
"D1124","E218","E209","FIELD_REFERENCE","IMPLEMENTATION","C:\Users\JBNU\git\ConstraintsRecovery\assets\tankwar\asset2",52,"C:\Users\JBNU\git\ConstraintsRecovery\assets\tankwar\asset2","G4","G4","TankWar_P1|TankWar_P2|TankWar_P3|TankWar_P4|TankWar_P5","TankWar_P1|TankWar_P2|TankWar_P3|TankWar_P4|TankWar_P5",false,"TankWar_P1|TankWar_P2|TankWar_P3|TankWar_P4|TankWar_P5","RESOLVED_INTERNAL"
"D1125","E218","E209","FIELD_REFERENCE","IMPLEMENTATION","C:\Users\JBNU\git\ConstraintsRecovery\assets\tankwar\asset2",53,"C:\Users\JBNU\git\ConstraintsRecovery\assets\tankwar\asset2","G4","G4","TankWar_P1|TankWar_P2|TankWar_P3|TankWar_P4|TankWar_P5","TankWar_P1|TankWar_P2|TankWar_P3|TankWar_P4|TankWar_P5",false,"TankWar_P1|TankWar_P2|TankWar_P3|TankWar_P4|TankWar_P5","RESOLVED_INTERNAL"
"D1126","E218","E209","FIELD_REFERENCE","IMPLEMENTATION","C:\Users\JBNU\git\ConstraintsRecovery\assets\tankwar\asset2",58,"C:\Users\JBNU\git\ConstraintsRecovery\assets\tankwar\asset2","G4","G4","TankWar_P1|TankWar_P2|TankWar_P3|TankWar_P4|TankWar_P5","TankWar_P1|TankWar_P2|TankWar_P3|TankWar_P4|TankWar_P5",false,"TankWar_P1|TankWar_P2|TankWar_P3|TankWar_P4|TankWar_P5","RESOLVED_INTERNAL"
"D1127","E218","E209","FIELD_REFERENCE","IMPLEMENTATION","C:\Users\JBNU\git\ConstraintsRecovery\assets\tankwar\asset2",60,"C:\Users\JBNU\git\ConstraintsRecovery\assets\tankwar\asset2","G4","G4","TankWar_P1|TankWar_P2|TankWar_P3|TankWar_P4|TankWar_P5","TankWar_P1|TankWar_P2|TankWar_P3|TankWar_P4|TankWar_P5",false,"TankWar_P1|TankWar_P2|TankWar_P3|TankWar_P4|TankWar_P5","RESOLVED_INTERNAL"
"D1128","E218","E209","FIELD_REFERENCE","IMPLEMENTATION","C:\Users\JBNU\git\ConstraintsRecovery\assets\tankwar\asset2",61,"C:\Users\JBNU\git\ConstraintsRecovery\assets\tankwar\asset2","G4","G4","TankWar_P1|TankWar_P2|TankWar_P3|TankWar_P4|TankWar_P5","TankWar_P1|TankWar_P2|TankWar_P3|TankWar_P4|TankWar_P5",false,"TankWar_P1|TankWar_P2|TankWar_P3|TankWar_P4|TankWar_P5","RESOLVED_INTERNAL"
"D1129","E218","E390","CONSTRUCTOR_CALL","IMPLEMENTATION","C:\Users\JBNU\git\ConstraintsRecovery\assets\tankwar\asset2",62,"C:\Users\JBNU\git\ConstraintsRecovery\assets\tankwar\asset4","G4","G4","TankWar_P1|TankWar_P2|TankWar_P3|TankWar_P4|TankWar_P5","TankWar_P1|TankWar_P2|TankWar_P3|TankWar_P4|TankWar_P5",true,"TankWar_P1|TankWar_P2|TankWar_P3|TankWar_P4|TankWar_P5","RESOLVED_INTERNAL"
"D1130","E218","E203","FIELD_REFERENCE","IMPLEMENTATION","C:\Users\JBNU\git\ConstraintsRecovery\assets\tankwar\asset2",62,"C:\Users\JBNU\git\ConstraintsRecovery\assets\tankwar\asset2","G4","G4","TankWar_P1|TankWar_P2|TankWar_P3|TankWar_P4|TankWar_P5","TankWar_P1|TankWar_P2|TankWar_P3|TankWar_P4|TankWar_P5",false,"TankWar_P1|TankWar_P2|TankWar_P3|TankWar_P4|TankWar_P5","RESOLVED_INTERNAL"
"D1131","E218","E209","FIELD_REFERENCE","IMPLEMENTATION","C:\Users\JBNU\git\ConstraintsRecovery\assets\tankwar\asset2",62,"C:\Users\JBNU\git\ConstraintsRecovery\assets\tankwar\asset2","G4","G4","TankWar_P1|TankWar_P2|TankWar_P3|TankWar_P4|TankWar_P5","TankWar_P1|TankWar_P2|TankWar_P3|TankWar_P4|TankWar_P5",false,"TankWar_P1|TankWar_P2|TankWar_P3|TankWar_P4|TankWar_P5","RESOLVED_INTERNAL"
"D1132","E218","E209","FIELD_REFERENCE","IMPLEMENTATION","C:\Users\JBNU\git\ConstraintsRecovery\assets\tankwar\asset2",63,"C:\Users\JBNU\git\ConstraintsRecovery\assets\tankwar\asset2","G4","G4","TankWar_P1|TankWar_P2|TankWar_P3|TankWar_P4|TankWar_P5","TankWar_P1|TankWar_P2|TankWar_P3|TankWar_P4|TankWar_P5",false,"TankWar_P1|TankWar_P2|TankWar_P3|TankWar_P4|TankWar_P5","RESOLVED_INTERNAL"
"D1133","E221","E206","FIELD_REFERENCE","IMPLEMENTATION","C:\Users\JBNU\git\ConstraintsRecovery\assets\tankwar\asset2",68,"C:\Users\JBNU\git\ConstraintsRecovery\assets\tankwar\asset2","G4","G4","TankWar_P1|TankWar_P2|TankWar_P3|TankWar_P4|TankWar_P5","TankWar_P1|TankWar_P2|TankWar_P3|TankWar_P4|TankWar_P5",false,"TankWar_P1|TankWar_P2|TankWar_P3|TankWar_P4|TankWar_P5","RESOLVED_INTERNAL"
"D1134","E221","E203","FIELD_REFERENCE","IMPLEMENTATION","C:\Users\JBNU\git\ConstraintsRecovery\assets\tankwar\asset2",70,"C:\Users\JBNU\git\ConstraintsRecovery\assets\tankwar\asset2","G4","G4","TankWar_P1|TankWar_P2|TankWar_P3|TankWar_P4|TankWar_P5","TankWar_P1|TankWar_P2|TankWar_P3|TankWar_P4|TankWar_P5",false,"TankWar_P1|TankWar_P2|TankWar_P3|TankWar_P4|TankWar_P5","RESOLVED_INTERNAL"
"D1135","E222","E208","FIELD_REFERENCE","IMPLEMENTATION","C:\Users\JBNU\git\ConstraintsRecovery\assets\tankwar\asset2",74,"C:\Users\JBNU\git\ConstraintsRecovery\assets\tankwar\asset2","G4","G4","TankWar_P1|TankWar_P2|TankWar_P3|TankWar_P4|TankWar_P5","TankWar_P1|TankWar_P2|TankWar_P3|TankWar_P4|TankWar_P5",false,"TankWar_P1|TankWar_P2|TankWar_P3|TankWar_P4|TankWar_P5","RESOLVED_INTERNAL"
"D1136","E222","E223","METHOD_CALL","IMPLEMENTATION","C:\Users\JBNU\git\ConstraintsRecovery\assets\tankwar\asset2",75,"C:\Users\JBNU\git\ConstraintsRecovery\assets\tankwar\asset2","G4","G4","TankWar_P1|TankWar_P2|TankWar_P3|TankWar_P4|TankWar_P5","TankWar_P1|TankWar_P2|TankWar_P3|TankWar_P4|TankWar_P5",false,"TankWar_P1|TankWar_P2|TankWar_P3|TankWar_P4|TankWar_P5","RESOLVED_INTERNAL"
"D1137","E222","E206","FIELD_REFERENCE","IMPLEMENTATION","C:\Users\JBNU\git\ConstraintsRecovery\assets\tankwar\asset2",77,"C:\Users\JBNU\git\ConstraintsRecovery\assets\tankwar\asset2","G4","G4","TankWar_P1|TankWar_P2|TankWar_P3|TankWar_P4|TankWar_P5","TankWar_P1|TankWar_P2|TankWar_P3|TankWar_P4|TankWar_P5",false,"TankWar_P1|TankWar_P2|TankWar_P3|TankWar_P4|TankWar_P5","RESOLVED_INTERNAL"
"D1138","E222","E208","FIELD_REFERENCE","IMPLEMENTATION","C:\Users\JBNU\git\ConstraintsRecovery\assets\tankwar\asset2",77,"C:\Users\JBNU\git\ConstraintsRecovery\assets\tankwar\asset2","G4","G4","TankWar_P1|TankWar_P2|TankWar_P3|TankWar_P4|TankWar_P5","TankWar_P1|TankWar_P2|TankWar_P3|TankWar_P4|TankWar_P5",false,"TankWar_P1|TankWar_P2|TankWar_P3|TankWar_P4|TankWar_P5","RESOLVED_INTERNAL"
"D1139","E222","E132","METHOD_CALL","IMPLEMENTATION","C:\Users\JBNU\git\ConstraintsRecovery\assets\tankwar\asset2",77,"C:\Users\JBNU\git\ConstraintsRecovery\assets\tankwar\asset15","G4","G4","TankWar_P1|TankWar_P2|TankWar_P3|TankWar_P4|TankWar_P5","TankWar_P1|TankWar_P2|TankWar_P3|TankWar_P4|TankWar_P5",true,"TankWar_P1|TankWar_P2|TankWar_P3|TankWar_P4|TankWar_P5","RESOLVED_INTERNAL"
"D1140","E223","E204","FIELD_REFERENCE","IMPLEMENTATION","C:\Users\JBNU\git\ConstraintsRecovery\assets\tankwar\asset2",80,"C:\Users\JBNU\git\ConstraintsRecovery\assets\tankwar\asset2","G4","G4","TankWar_P1|TankWar_P2|TankWar_P3|TankWar_P4|TankWar_P5","TankWar_P1|TankWar_P2|TankWar_P3|TankWar_P4|TankWar_P5",false,"TankWar_P1|TankWar_P2|TankWar_P3|TankWar_P4|TankWar_P5","RESOLVED_INTERNAL"
"D1141","E223","E205","FIELD_REFERENCE","IMPLEMENTATION","C:\Users\JBNU\git\ConstraintsRecovery\assets\tankwar\asset2",80,"C:\Users\JBNU\git\ConstraintsRecovery\assets\tankwar\asset2","G4","G4","TankWar_P1|TankWar_P2|TankWar_P3|TankWar_P4|TankWar_P5","TankWar_P1|TankWar_P2|TankWar_P3|TankWar_P4|TankWar_P5",false,"TankWar_P1|TankWar_P2|TankWar_P3|TankWar_P4|TankWar_P5","RESOLVED_INTERNAL"
"D1142","E223","E211","FIELD_REFERENCE","IMPLEMENTATION","C:\Users\JBNU\git\ConstraintsRecovery\assets\tankwar\asset2",80,"C:\Users\JBNU\git\ConstraintsRecovery\assets\tankwar\asset2","G4","G4","TankWar_P1|TankWar_P2|TankWar_P3|TankWar_P4|TankWar_P5","TankWar_P1|TankWar_P2|TankWar_P3|TankWar_P4|TankWar_P5",false,"TankWar_P1|TankWar_P2|TankWar_P3|TankWar_P4|TankWar_P5","RESOLVED_INTERNAL"
"D1143","E223","E209","FIELD_REFERENCE","IMPLEMENTATION","C:\Users\JBNU\git\ConstraintsRecovery\assets\tankwar\asset2",81,"C:\Users\JBNU\git\ConstraintsRecovery\assets\tankwar\asset2","G4","G4","TankWar_P1|TankWar_P2|TankWar_P3|TankWar_P4|TankWar_P5","TankWar_P1|TankWar_P2|TankWar_P3|TankWar_P4|TankWar_P5",false,"TankWar_P1|TankWar_P2|TankWar_P3|TankWar_P4|TankWar_P5","RESOLVED_INTERNAL"
"D1144","E223","E120","CONSTRUCTOR_CALL","IMPLEMENTATION","C:\Users\JBNU\git\ConstraintsRecovery\assets\tankwar\asset2",82,"C:\Users\JBNU\git\ConstraintsRecovery\assets\tankwar\asset15","G4","G4","TankWar_P1|TankWar_P2|TankWar_P3|TankWar_P4|TankWar_P5","TankWar_P1|TankWar_P2|TankWar_P3|TankWar_P4|TankWar_P5",true,"TankWar_P1|TankWar_P2|TankWar_P3|TankWar_P4|TankWar_P5","RESOLVED_INTERNAL"
"D1145","E223","E208","FIELD_REFERENCE","IMPLEMENTATION","C:\Users\JBNU\git\ConstraintsRecovery\assets\tankwar\asset2",82,"C:\Users\JBNU\git\ConstraintsRecovery\assets\tankwar\asset2","G4","G4","TankWar_P1|TankWar_P2|TankWar_P3|TankWar_P4|TankWar_P5","TankWar_P1|TankWar_P2|TankWar_P3|TankWar_P4|TankWar_P5",false,"TankWar_P1|TankWar_P2|TankWar_P3|TankWar_P4|TankWar_P5","RESOLVED_INTERNAL"
"D1146","E223","E208","FIELD_REFERENCE","IMPLEMENTATION","C:\Users\JBNU\git\ConstraintsRecovery\assets\tankwar\asset2",83,"C:\Users\JBNU\git\ConstraintsRecovery\assets\tankwar\asset2","G4","G4","TankWar_P1|TankWar_P2|TankWar_P3|TankWar_P4|TankWar_P5","TankWar_P1|TankWar_P2|TankWar_P3|TankWar_P4|TankWar_P5",false,"TankWar_P1|TankWar_P2|TankWar_P3|TankWar_P4|TankWar_P5","RESOLVED_INTERNAL"
"D1147","E223","E208","FIELD_REFERENCE","IMPLEMENTATION","C:\Users\JBNU\git\ConstraintsRecovery\assets\tankwar\asset2",84,"C:\Users\JBNU\git\ConstraintsRecovery\assets\tankwar\asset2","G4","G4","TankWar_P1|TankWar_P2|TankWar_P3|TankWar_P4|TankWar_P5","TankWar_P1|TankWar_P2|TankWar_P3|TankWar_P4|TankWar_P5",false,"TankWar_P1|TankWar_P2|TankWar_P3|TankWar_P4|TankWar_P5","RESOLVED_INTERNAL"
"D1148","E223","E208","FIELD_REFERENCE","IMPLEMENTATION","C:\Users\JBNU\git\ConstraintsRecovery\assets\tankwar\asset2",85,"C:\Users\JBNU\git\ConstraintsRecovery\assets\tankwar\asset2","G4","G4","TankWar_P1|TankWar_P2|TankWar_P3|TankWar_P4|TankWar_P5","TankWar_P1|TankWar_P2|TankWar_P3|TankWar_P4|TankWar_P5",false,"TankWar_P1|TankWar_P2|TankWar_P3|TankWar_P4|TankWar_P5","RESOLVED_INTERNAL"
"D1149","E223","E208","FIELD_REFERENCE","IMPLEMENTATION","C:\Users\JBNU\git\ConstraintsRecovery\assets\tankwar\asset2",86,"C:\Users\JBNU\git\ConstraintsRecovery\assets\tankwar\asset2","G4","G4","TankWar_P1|TankWar_P2|TankWar_P3|TankWar_P4|TankWar_P5","TankWar_P1|TankWar_P2|TankWar_P3|TankWar_P4|TankWar_P5",false,"TankWar_P1|TankWar_P2|TankWar_P3|TankWar_P4|TankWar_P5","RESOLVED_INTERNAL"
"D1150","E223","E125","METHOD_CALL","IMPLEMENTATION","C:\Users\JBNU\git\ConstraintsRecovery\assets\tankwar\asset2",86,"C:\Users\JBNU\git\ConstraintsRecovery\assets\tankwar\asset15","G4","G4","TankWar_P1|TankWar_P2|TankWar_P3|TankWar_P4|TankWar_P5","TankWar_P1|TankWar_P2|TankWar_P3|TankWar_P4|TankWar_P5",true,"TankWar_P1|TankWar_P2|TankWar_P3|TankWar_P4|TankWar_P5","RESOLVED_INTERNAL"
"D1151","E223","E204","FIELD_REFERENCE","IMPLEMENTATION","C:\Users\JBNU\git\ConstraintsRecovery\assets\tankwar\asset2",87,"C:\Users\JBNU\git\ConstraintsRecovery\assets\tankwar\asset2","G4","G4","TankWar_P1|TankWar_P2|TankWar_P3|TankWar_P4|TankWar_P5","TankWar_P1|TankWar_P2|TankWar_P3|TankWar_P4|TankWar_P5",false,"TankWar_P1|TankWar_P2|TankWar_P3|TankWar_P4|TankWar_P5","RESOLVED_INTERNAL"
"D1152","E223","E205","FIELD_REFERENCE","IMPLEMENTATION","C:\Users\JBNU\git\ConstraintsRecovery\assets\tankwar\asset2",87,"C:\Users\JBNU\git\ConstraintsRecovery\assets\tankwar\asset2","G4","G4","TankWar_P1|TankWar_P2|TankWar_P3|TankWar_P4|TankWar_P5","TankWar_P1|TankWar_P2|TankWar_P3|TankWar_P4|TankWar_P5",false,"TankWar_P1|TankWar_P2|TankWar_P3|TankWar_P4|TankWar_P5","RESOLVED_INTERNAL"
"D1153","E223","E208","FIELD_REFERENCE","IMPLEMENTATION","C:\Users\JBNU\git\ConstraintsRecovery\assets\tankwar\asset2",87,"C:\Users\JBNU\git\ConstraintsRecovery\assets\tankwar\asset2","G4","G4","TankWar_P1|TankWar_P2|TankWar_P3|TankWar_P4|TankWar_P5","TankWar_P1|TankWar_P2|TankWar_P3|TankWar_P4|TankWar_P5",false,"TankWar_P1|TankWar_P2|TankWar_P3|TankWar_P4|TankWar_P5","RESOLVED_INTERNAL"
"D1154","E223","E211","FIELD_REFERENCE","IMPLEMENTATION","C:\Users\JBNU\git\ConstraintsRecovery\assets\tankwar\asset2",87,"C:\Users\JBNU\git\ConstraintsRecovery\assets\tankwar\asset2","G4","G4","TankWar_P1|TankWar_P2|TankWar_P3|TankWar_P4|TankWar_P5","TankWar_P1|TankWar_P2|TankWar_P3|TankWar_P4|TankWar_P5",false,"TankWar_P1|TankWar_P2|TankWar_P3|TankWar_P4|TankWar_P5","RESOLVED_INTERNAL"
"D1155","E223","E123","METHOD_CALL","IMPLEMENTATION","C:\Users\JBNU\git\ConstraintsRecovery\assets\tankwar\asset2",87,"C:\Users\JBNU\git\ConstraintsRecovery\assets\tankwar\asset15","G4","G4","TankWar_P1|TankWar_P2|TankWar_P3|TankWar_P4|TankWar_P5","TankWar_P1|TankWar_P2|TankWar_P3|TankWar_P4|TankWar_P5",true,"TankWar_P1|TankWar_P2|TankWar_P3|TankWar_P4|TankWar_P5","RESOLVED_INTERNAL"
"D1156","E223","E208","FIELD_REFERENCE","IMPLEMENTATION","C:\Users\JBNU\git\ConstraintsRecovery\assets\tankwar\asset2",88,"C:\Users\JBNU\git\ConstraintsRecovery\assets\tankwar\asset2","G4","G4","TankWar_P1|TankWar_P2|TankWar_P3|TankWar_P4|TankWar_P5","TankWar_P1|TankWar_P2|TankWar_P3|TankWar_P4|TankWar_P5",false,"TankWar_P1|TankWar_P2|TankWar_P3|TankWar_P4|TankWar_P5","RESOLVED_INTERNAL"
"D1157","E223","E124","METHOD_CALL","IMPLEMENTATION","C:\Users\JBNU\git\ConstraintsRecovery\assets\tankwar\asset2",88,"C:\Users\JBNU\git\ConstraintsRecovery\assets\tankwar\asset15","G4","G4","TankWar_P1|TankWar_P2|TankWar_P3|TankWar_P4|TankWar_P5","TankWar_P1|TankWar_P2|TankWar_P3|TankWar_P4|TankWar_P5",true,"TankWar_P1|TankWar_P2|TankWar_P3|TankWar_P4|TankWar_P5","RESOLVED_INTERNAL"
"D1158","E223","E204","FIELD_REFERENCE","IMPLEMENTATION","C:\Users\JBNU\git\ConstraintsRecovery\assets\tankwar\asset2",89,"C:\Users\JBNU\git\ConstraintsRecovery\assets\tankwar\asset2","G4","G4","TankWar_P1|TankWar_P2|TankWar_P3|TankWar_P4|TankWar_P5","TankWar_P1|TankWar_P2|TankWar_P3|TankWar_P4|TankWar_P5",false,"TankWar_P1|TankWar_P2|TankWar_P3|TankWar_P4|TankWar_P5","RESOLVED_INTERNAL"
"D1159","E223","E205","FIELD_REFERENCE","IMPLEMENTATION","C:\Users\JBNU\git\ConstraintsRecovery\assets\tankwar\asset2",89,"C:\Users\JBNU\git\ConstraintsRecovery\assets\tankwar\asset2","G4","G4","TankWar_P1|TankWar_P2|TankWar_P3|TankWar_P4|TankWar_P5","TankWar_P1|TankWar_P2|TankWar_P3|TankWar_P4|TankWar_P5",false,"TankWar_P1|TankWar_P2|TankWar_P3|TankWar_P4|TankWar_P5","RESOLVED_INTERNAL"
"D1160","E223","E208","FIELD_REFERENCE","IMPLEMENTATION","C:\Users\JBNU\git\ConstraintsRecovery\assets\tankwar\asset2",89,"C:\Users\JBNU\git\ConstraintsRecovery\assets\tankwar\asset2","G4","G4","TankWar_P1|TankWar_P2|TankWar_P3|TankWar_P4|TankWar_P5","TankWar_P1|TankWar_P2|TankWar_P3|TankWar_P4|TankWar_P5",false,"TankWar_P1|TankWar_P2|TankWar_P3|TankWar_P4|TankWar_P5","RESOLVED_INTERNAL"
"D1161","E223","E211","FIELD_REFERENCE","IMPLEMENTATION","C:\Users\JBNU\git\ConstraintsRecovery\assets\tankwar\asset2",89,"C:\Users\JBNU\git\ConstraintsRecovery\assets\tankwar\asset2","G4","G4","TankWar_P1|TankWar_P2|TankWar_P3|TankWar_P4|TankWar_P5","TankWar_P1|TankWar_P2|TankWar_P3|TankWar_P4|TankWar_P5",false,"TankWar_P1|TankWar_P2|TankWar_P3|TankWar_P4|TankWar_P5","RESOLVED_INTERNAL"
"D1162","E223","E121","METHOD_CALL","IMPLEMENTATION","C:\Users\JBNU\git\ConstraintsRecovery\assets\tankwar\asset2",89,"C:\Users\JBNU\git\ConstraintsRecovery\assets\tankwar\asset15","G4","G4","TankWar_P1|TankWar_P2|TankWar_P3|TankWar_P4|TankWar_P5","TankWar_P1|TankWar_P2|TankWar_P3|TankWar_P4|TankWar_P5",true,"TankWar_P1|TankWar_P2|TankWar_P3|TankWar_P4|TankWar_P5","RESOLVED_INTERNAL"
"D1163","E223","E228","METHOD_CALL","IMPLEMENTATION","C:\Users\JBNU\git\ConstraintsRecovery\assets\tankwar\asset2",89,"C:\Users\JBNU\git\ConstraintsRecovery\assets\tankwar\asset2","G4","G4","TankWar_P1|TankWar_P2|TankWar_P3|TankWar_P4|TankWar_P5","TankWar_P1|TankWar_P2|TankWar_P3|TankWar_P4|TankWar_P5",false,"TankWar_P1|TankWar_P2|TankWar_P3|TankWar_P4|TankWar_P5","RESOLVED_INTERNAL"
"D1164","E223","E208","FIELD_REFERENCE","IMPLEMENTATION","C:\Users\JBNU\git\ConstraintsRecovery\assets\tankwar\asset2",90,"C:\Users\JBNU\git\ConstraintsRecovery\assets\tankwar\asset2","G4","G4","TankWar_P1|TankWar_P2|TankWar_P3|TankWar_P4|TankWar_P5","TankWar_P1|TankWar_P2|TankWar_P3|TankWar_P4|TankWar_P5",false,"TankWar_P1|TankWar_P2|TankWar_P3|TankWar_P4|TankWar_P5","RESOLVED_INTERNAL"
"D1165","E223","E122","METHOD_CALL","IMPLEMENTATION","C:\Users\JBNU\git\ConstraintsRecovery\assets\tankwar\asset2",90,"C:\Users\JBNU\git\ConstraintsRecovery\assets\tankwar\asset15","G4","G4","TankWar_P1|TankWar_P2|TankWar_P3|TankWar_P4|TankWar_P5","TankWar_P1|TankWar_P2|TankWar_P3|TankWar_P4|TankWar_P5",true,"TankWar_P1|TankWar_P2|TankWar_P3|TankWar_P4|TankWar_P5","RESOLVED_INTERNAL"
"D1166","E224","E208","FIELD_REFERENCE","IMPLEMENTATION","C:\Users\JBNU\git\ConstraintsRecovery\assets\tankwar\asset2",93,"C:\Users\JBNU\git\ConstraintsRecovery\assets\tankwar\asset2","G4","G4","TankWar_P1|TankWar_P2|TankWar_P3|TankWar_P4|TankWar_P5","TankWar_P1|TankWar_P2|TankWar_P3|TankWar_P4|TankWar_P5",false,"TankWar_P1|TankWar_P2|TankWar_P3|TankWar_P4|TankWar_P5","RESOLVED_INTERNAL"
"D1167","E224","E225","METHOD_CALL","IMPLEMENTATION","C:\Users\JBNU\git\ConstraintsRecovery\assets\tankwar\asset2",94,"C:\Users\JBNU\git\ConstraintsRecovery\assets\tankwar\asset2","G4","G4","TankWar_P1|TankWar_P2|TankWar_P3|TankWar_P4|TankWar_P5","TankWar_P1|TankWar_P2|TankWar_P3|TankWar_P4|TankWar_P5",false,"TankWar_P1|TankWar_P2|TankWar_P3|TankWar_P4|TankWar_P5","RESOLVED_INTERNAL"
"D1168","E224","E206","FIELD_REFERENCE","IMPLEMENTATION","C:\Users\JBNU\git\ConstraintsRecovery\assets\tankwar\asset2",96,"C:\Users\JBNU\git\ConstraintsRecovery\assets\tankwar\asset2","G4","G4","TankWar_P1|TankWar_P2|TankWar_P3|TankWar_P4|TankWar_P5","TankWar_P1|TankWar_P2|TankWar_P3|TankWar_P4|TankWar_P5",false,"TankWar_P1|TankWar_P2|TankWar_P3|TankWar_P4|TankWar_P5","RESOLVED_INTERNAL"
"D1169","E224","E208","FIELD_REFERENCE","IMPLEMENTATION","C:\Users\JBNU\git\ConstraintsRecovery\assets\tankwar\asset2",96,"C:\Users\JBNU\git\ConstraintsRecovery\assets\tankwar\asset2","G4","G4","TankWar_P1|TankWar_P2|TankWar_P3|TankWar_P4|TankWar_P5","TankWar_P1|TankWar_P2|TankWar_P3|TankWar_P4|TankWar_P5",false,"TankWar_P1|TankWar_P2|TankWar_P3|TankWar_P4|TankWar_P5","RESOLVED_INTERNAL"
"D1170","E224","E132","METHOD_CALL","IMPLEMENTATION","C:\Users\JBNU\git\ConstraintsRecovery\assets\tankwar\asset2",96,"C:\Users\JBNU\git\ConstraintsRecovery\assets\tankwar\asset15","G4","G4","TankWar_P1|TankWar_P2|TankWar_P3|TankWar_P4|TankWar_P5","TankWar_P1|TankWar_P2|TankWar_P3|TankWar_P4|TankWar_P5",true,"TankWar_P1|TankWar_P2|TankWar_P3|TankWar_P4|TankWar_P5","RESOLVED_INTERNAL"
"D1171","E225","E120","CONSTRUCTOR_CALL","IMPLEMENTATION","C:\Users\JBNU\git\ConstraintsRecovery\assets\tankwar\asset2",99,"C:\Users\JBNU\git\ConstraintsRecovery\assets\tankwar\asset15","G4","G4","TankWar_P1|TankWar_P2|TankWar_P3|TankWar_P4|TankWar_P5","TankWar_P1|TankWar_P2|TankWar_P3|TankWar_P4|TankWar_P5",true,"TankWar_P1|TankWar_P2|TankWar_P3|TankWar_P4|TankWar_P5","RESOLVED_INTERNAL"
"D1172","E225","E208","FIELD_REFERENCE","IMPLEMENTATION","C:\Users\JBNU\git\ConstraintsRecovery\assets\tankwar\asset2",99,"C:\Users\JBNU\git\ConstraintsRecovery\assets\tankwar\asset2","G4","G4","TankWar_P1|TankWar_P2|TankWar_P3|TankWar_P4|TankWar_P5","TankWar_P1|TankWar_P2|TankWar_P3|TankWar_P4|TankWar_P5",false,"TankWar_P1|TankWar_P2|TankWar_P3|TankWar_P4|TankWar_P5","RESOLVED_INTERNAL"
"D891","E225","E204","FIELD_REFERENCE","IMPLEMENTATION","C:\Users\JBNU\git\ConstraintsRecovery\assets\tankwar\asset2",100,"C:\Users\JBNU\git\ConstraintsRecovery\assets\tankwar\asset2","G4","G4","TankWar_P1|TankWar_P2|TankWar_P3|TankWar_P4|TankWar_P5","TankWar_P1|TankWar_P2|TankWar_P3|TankWar_P4|TankWar_P5",false,"TankWar_P1|TankWar_P2|TankWar_P3|TankWar_P4|TankWar_P5","RESOLVED_INTERNAL"
"D892","E225","E205","FIELD_REFERENCE","IMPLEMENTATION","C:\Users\JBNU\git\ConstraintsRecovery\assets\tankwar\asset2",100,"C:\Users\JBNU\git\ConstraintsRecovery\assets\tankwar\asset2","G4","G4","TankWar_P1|TankWar_P2|TankWar_P3|TankWar_P4|TankWar_P5","TankWar_P1|TankWar_P2|TankWar_P3|TankWar_P4|TankWar_P5",false,"TankWar_P1|TankWar_P2|TankWar_P3|TankWar_P4|TankWar_P5","RESOLVED_INTERNAL"
"D893","E225","E208","FIELD_REFERENCE","IMPLEMENTATION","C:\Users\JBNU\git\ConstraintsRecovery\assets\tankwar\asset2",100,"C:\Users\JBNU\git\ConstraintsRecovery\assets\tankwar\asset2","G4","G4","TankWar_P1|TankWar_P2|TankWar_P3|TankWar_P4|TankWar_P5","TankWar_P1|TankWar_P2|TankWar_P3|TankWar_P4|TankWar_P5",false,"TankWar_P1|TankWar_P2|TankWar_P3|TankWar_P4|TankWar_P5","RESOLVED_INTERNAL"
"D894","E225","E211","FIELD_REFERENCE","IMPLEMENTATION","C:\Users\JBNU\git\ConstraintsRecovery\assets\tankwar\asset2",100,"C:\Users\JBNU\git\ConstraintsRecovery\assets\tankwar\asset2","G4","G4","TankWar_P1|TankWar_P2|TankWar_P3|TankWar_P4|TankWar_P5","TankWar_P1|TankWar_P2|TankWar_P3|TankWar_P4|TankWar_P5",false,"TankWar_P1|TankWar_P2|TankWar_P3|TankWar_P4|TankWar_P5","RESOLVED_INTERNAL"
"D895","E225","E121","METHOD_CALL","IMPLEMENTATION","C:\Users\JBNU\git\ConstraintsRecovery\assets\tankwar\asset2",100,"C:\Users\JBNU\git\ConstraintsRecovery\assets\tankwar\asset15","G4","G4","TankWar_P1|TankWar_P2|TankWar_P3|TankWar_P4|TankWar_P5","TankWar_P1|TankWar_P2|TankWar_P3|TankWar_P4|TankWar_P5",true,"TankWar_P1|TankWar_P2|TankWar_P3|TankWar_P4|TankWar_P5","RESOLVED_INTERNAL"
"D896","E225","E228","METHOD_CALL","IMPLEMENTATION","C:\Users\JBNU\git\ConstraintsRecovery\assets\tankwar\asset2",100,"C:\Users\JBNU\git\ConstraintsRecovery\assets\tankwar\asset2","G4","G4","TankWar_P1|TankWar_P2|TankWar_P3|TankWar_P4|TankWar_P5","TankWar_P1|TankWar_P2|TankWar_P3|TankWar_P4|TankWar_P5",false,"TankWar_P1|TankWar_P2|TankWar_P3|TankWar_P4|TankWar_P5","RESOLVED_INTERNAL"
"D897","E225","E208","FIELD_REFERENCE","IMPLEMENTATION","C:\Users\JBNU\git\ConstraintsRecovery\assets\tankwar\asset2",101,"C:\Users\JBNU\git\ConstraintsRecovery\assets\tankwar\asset2","G4","G4","TankWar_P1|TankWar_P2|TankWar_P3|TankWar_P4|TankWar_P5","TankWar_P1|TankWar_P2|TankWar_P3|TankWar_P4|TankWar_P5",false,"TankWar_P1|TankWar_P2|TankWar_P3|TankWar_P4|TankWar_P5","RESOLVED_INTERNAL"
"D898","E225","E125","METHOD_CALL","IMPLEMENTATION","C:\Users\JBNU\git\ConstraintsRecovery\assets\tankwar\asset2",101,"C:\Users\JBNU\git\ConstraintsRecovery\assets\tankwar\asset15","G4","G4","TankWar_P1|TankWar_P2|TankWar_P3|TankWar_P4|TankWar_P5","TankWar_P1|TankWar_P2|TankWar_P3|TankWar_P4|TankWar_P5",true,"TankWar_P1|TankWar_P2|TankWar_P3|TankWar_P4|TankWar_P5","RESOLVED_INTERNAL"
"D899","E225","E208","FIELD_REFERENCE","IMPLEMENTATION","C:\Users\JBNU\git\ConstraintsRecovery\assets\tankwar\asset2",102,"C:\Users\JBNU\git\ConstraintsRecovery\assets\tankwar\asset2","G4","G4","TankWar_P1|TankWar_P2|TankWar_P3|TankWar_P4|TankWar_P5","TankWar_P1|TankWar_P2|TankWar_P3|TankWar_P4|TankWar_P5",false,"TankWar_P1|TankWar_P2|TankWar_P3|TankWar_P4|TankWar_P5","RESOLVED_INTERNAL"
"D900","E225","E124","METHOD_CALL","IMPLEMENTATION","C:\Users\JBNU\git\ConstraintsRecovery\assets\tankwar\asset2",102,"C:\Users\JBNU\git\ConstraintsRecovery\assets\tankwar\asset15","G4","G4","TankWar_P1|TankWar_P2|TankWar_P3|TankWar_P4|TankWar_P5","TankWar_P1|TankWar_P2|TankWar_P3|TankWar_P4|TankWar_P5",true,"TankWar_P1|TankWar_P2|TankWar_P3|TankWar_P4|TankWar_P5","RESOLVED_INTERNAL"
"D901","E225","E204","FIELD_REFERENCE","IMPLEMENTATION","C:\Users\JBNU\git\ConstraintsRecovery\assets\tankwar\asset2",103,"C:\Users\JBNU\git\ConstraintsRecovery\assets\tankwar\asset2","G4","G4","TankWar_P1|TankWar_P2|TankWar_P3|TankWar_P4|TankWar_P5","TankWar_P1|TankWar_P2|TankWar_P3|TankWar_P4|TankWar_P5",false,"TankWar_P1|TankWar_P2|TankWar_P3|TankWar_P4|TankWar_P5","RESOLVED_INTERNAL"
"D902","E225","E205","FIELD_REFERENCE","IMPLEMENTATION","C:\Users\JBNU\git\ConstraintsRecovery\assets\tankwar\asset2",103,"C:\Users\JBNU\git\ConstraintsRecovery\assets\tankwar\asset2","G4","G4","TankWar_P1|TankWar_P2|TankWar_P3|TankWar_P4|TankWar_P5","TankWar_P1|TankWar_P2|TankWar_P3|TankWar_P4|TankWar_P5",false,"TankWar_P1|TankWar_P2|TankWar_P3|TankWar_P4|TankWar_P5","RESOLVED_INTERNAL"
"D903","E225","E208","FIELD_REFERENCE","IMPLEMENTATION","C:\Users\JBNU\git\ConstraintsRecovery\assets\tankwar\asset2",103,"C:\Users\JBNU\git\ConstraintsRecovery\assets\tankwar\asset2","G4","G4","TankWar_P1|TankWar_P2|TankWar_P3|TankWar_P4|TankWar_P5","TankWar_P1|TankWar_P2|TankWar_P3|TankWar_P4|TankWar_P5",false,"TankWar_P1|TankWar_P2|TankWar_P3|TankWar_P4|TankWar_P5","RESOLVED_INTERNAL"
"D904","E225","E211","FIELD_REFERENCE","IMPLEMENTATION","C:\Users\JBNU\git\ConstraintsRecovery\assets\tankwar\asset2",103,"C:\Users\JBNU\git\ConstraintsRecovery\assets\tankwar\asset2","G4","G4","TankWar_P1|TankWar_P2|TankWar_P3|TankWar_P4|TankWar_P5","TankWar_P1|TankWar_P2|TankWar_P3|TankWar_P4|TankWar_P5",false,"TankWar_P1|TankWar_P2|TankWar_P3|TankWar_P4|TankWar_P5","RESOLVED_INTERNAL"
"D905","E225","E123","METHOD_CALL","IMPLEMENTATION","C:\Users\JBNU\git\ConstraintsRecovery\assets\tankwar\asset2",103,"C:\Users\JBNU\git\ConstraintsRecovery\assets\tankwar\asset15","G4","G4","TankWar_P1|TankWar_P2|TankWar_P3|TankWar_P4|TankWar_P5","TankWar_P1|TankWar_P2|TankWar_P3|TankWar_P4|TankWar_P5",true,"TankWar_P1|TankWar_P2|TankWar_P3|TankWar_P4|TankWar_P5","RESOLVED_INTERNAL"
"D906","E226","E208","FIELD_REFERENCE","IMPLEMENTATION","C:\Users\JBNU\git\ConstraintsRecovery\assets\tankwar\asset2",106,"C:\Users\JBNU\git\ConstraintsRecovery\assets\tankwar\asset2","G4","G4","TankWar_P1|TankWar_P2|TankWar_P3|TankWar_P4|TankWar_P5","TankWar_P1|TankWar_P2|TankWar_P3|TankWar_P4|TankWar_P5",false,"TankWar_P1|TankWar_P2|TankWar_P3|TankWar_P4|TankWar_P5","RESOLVED_INTERNAL"
"D907","E226","E227","METHOD_CALL","IMPLEMENTATION","C:\Users\JBNU\git\ConstraintsRecovery\assets\tankwar\asset2",107,"C:\Users\JBNU\git\ConstraintsRecovery\assets\tankwar\asset2","G4","G4","TankWar_P1|TankWar_P2|TankWar_P3|TankWar_P4|TankWar_P5","TankWar_P1|TankWar_P2|TankWar_P3|TankWar_P4|TankWar_P5",false,"TankWar_P1|TankWar_P2|TankWar_P3|TankWar_P4|TankWar_P5","RESOLVED_INTERNAL"
"D908","E226","E206","FIELD_REFERENCE","IMPLEMENTATION","C:\Users\JBNU\git\ConstraintsRecovery\assets\tankwar\asset2",109,"C:\Users\JBNU\git\ConstraintsRecovery\assets\tankwar\asset2","G4","G4","TankWar_P1|TankWar_P2|TankWar_P3|TankWar_P4|TankWar_P5","TankWar_P1|TankWar_P2|TankWar_P3|TankWar_P4|TankWar_P5",false,"TankWar_P1|TankWar_P2|TankWar_P3|TankWar_P4|TankWar_P5","RESOLVED_INTERNAL"
"D909","E226","E208","FIELD_REFERENCE","IMPLEMENTATION","C:\Users\JBNU\git\ConstraintsRecovery\assets\tankwar\asset2",109,"C:\Users\JBNU\git\ConstraintsRecovery\assets\tankwar\asset2","G4","G4","TankWar_P1|TankWar_P2|TankWar_P3|TankWar_P4|TankWar_P5","TankWar_P1|TankWar_P2|TankWar_P3|TankWar_P4|TankWar_P5",false,"TankWar_P1|TankWar_P2|TankWar_P3|TankWar_P4|TankWar_P5","RESOLVED_INTERNAL"
"D910","E226","E132","METHOD_CALL","IMPLEMENTATION","C:\Users\JBNU\git\ConstraintsRecovery\assets\tankwar\asset2",109,"C:\Users\JBNU\git\ConstraintsRecovery\assets\tankwar\asset15","G4","G4","TankWar_P1|TankWar_P2|TankWar_P3|TankWar_P4|TankWar_P5","TankWar_P1|TankWar_P2|TankWar_P3|TankWar_P4|TankWar_P5",true,"TankWar_P1|TankWar_P2|TankWar_P3|TankWar_P4|TankWar_P5","RESOLVED_INTERNAL"
"D911","E227","E120","CONSTRUCTOR_CALL","IMPLEMENTATION","C:\Users\JBNU\git\ConstraintsRecovery\assets\tankwar\asset2",112,"C:\Users\JBNU\git\ConstraintsRecovery\assets\tankwar\asset15","G4","G4","TankWar_P1|TankWar_P2|TankWar_P3|TankWar_P4|TankWar_P5","TankWar_P1|TankWar_P2|TankWar_P3|TankWar_P4|TankWar_P5",true,"TankWar_P1|TankWar_P2|TankWar_P3|TankWar_P4|TankWar_P5","RESOLVED_INTERNAL"
"D912","E227","E208","FIELD_REFERENCE","IMPLEMENTATION","C:\Users\JBNU\git\ConstraintsRecovery\assets\tankwar\asset2",112,"C:\Users\JBNU\git\ConstraintsRecovery\assets\tankwar\asset2","G4","G4","TankWar_P1|TankWar_P2|TankWar_P3|TankWar_P4|TankWar_P5","TankWar_P1|TankWar_P2|TankWar_P3|TankWar_P4|TankWar_P5",false,"TankWar_P1|TankWar_P2|TankWar_P3|TankWar_P4|TankWar_P5","RESOLVED_INTERNAL"
"D913","E227","E208","FIELD_REFERENCE","IMPLEMENTATION","C:\Users\JBNU\git\ConstraintsRecovery\assets\tankwar\asset2",113,"C:\Users\JBNU\git\ConstraintsRecovery\assets\tankwar\asset2","G4","G4","TankWar_P1|TankWar_P2|TankWar_P3|TankWar_P4|TankWar_P5","TankWar_P1|TankWar_P2|TankWar_P3|TankWar_P4|TankWar_P5",false,"TankWar_P1|TankWar_P2|TankWar_P3|TankWar_P4|TankWar_P5","RESOLVED_INTERNAL"
"D914","E227","E228","METHOD_CALL","IMPLEMENTATION","C:\Users\JBNU\git\ConstraintsRecovery\assets\tankwar\asset2",113,"C:\Users\JBNU\git\ConstraintsRecovery\assets\tankwar\asset2","G4","G4","TankWar_P1|TankWar_P2|TankWar_P3|TankWar_P4|TankWar_P5","TankWar_P1|TankWar_P2|TankWar_P3|TankWar_P4|TankWar_P5",false,"TankWar_P1|TankWar_P2|TankWar_P3|TankWar_P4|TankWar_P5","RESOLVED_INTERNAL"
"D915","E227","E208","FIELD_REFERENCE","IMPLEMENTATION","C:\Users\JBNU\git\ConstraintsRecovery\assets\tankwar\asset2",114,"C:\Users\JBNU\git\ConstraintsRecovery\assets\tankwar\asset2","G4","G4","TankWar_P1|TankWar_P2|TankWar_P3|TankWar_P4|TankWar_P5","TankWar_P1|TankWar_P2|TankWar_P3|TankWar_P4|TankWar_P5",false,"TankWar_P1|TankWar_P2|TankWar_P3|TankWar_P4|TankWar_P5","RESOLVED_INTERNAL"
"D916","E227","E125","METHOD_CALL","IMPLEMENTATION","C:\Users\JBNU\git\ConstraintsRecovery\assets\tankwar\asset2",114,"C:\Users\JBNU\git\ConstraintsRecovery\assets\tankwar\asset15","G4","G4","TankWar_P1|TankWar_P2|TankWar_P3|TankWar_P4|TankWar_P5","TankWar_P1|TankWar_P2|TankWar_P3|TankWar_P4|TankWar_P5",true,"TankWar_P1|TankWar_P2|TankWar_P3|TankWar_P4|TankWar_P5","RESOLVED_INTERNAL"
"D917","E227","E204","FIELD_REFERENCE","IMPLEMENTATION","C:\Users\JBNU\git\ConstraintsRecovery\assets\tankwar\asset2",115,"C:\Users\JBNU\git\ConstraintsRecovery\assets\tankwar\asset2","G4","G4","TankWar_P1|TankWar_P2|TankWar_P3|TankWar_P4|TankWar_P5","TankWar_P1|TankWar_P2|TankWar_P3|TankWar_P4|TankWar_P5",false,"TankWar_P1|TankWar_P2|TankWar_P3|TankWar_P4|TankWar_P5","RESOLVED_INTERNAL"
"D918","E227","E205","FIELD_REFERENCE","IMPLEMENTATION","C:\Users\JBNU\git\ConstraintsRecovery\assets\tankwar\asset2",115,"C:\Users\JBNU\git\ConstraintsRecovery\assets\tankwar\asset2","G4","G4","TankWar_P1|TankWar_P2|TankWar_P3|TankWar_P4|TankWar_P5","TankWar_P1|TankWar_P2|TankWar_P3|TankWar_P4|TankWar_P5",false,"TankWar_P1|TankWar_P2|TankWar_P3|TankWar_P4|TankWar_P5","RESOLVED_INTERNAL"
"D919","E227","E208","FIELD_REFERENCE","IMPLEMENTATION","C:\Users\JBNU\git\ConstraintsRecovery\assets\tankwar\asset2",115,"C:\Users\JBNU\git\ConstraintsRecovery\assets\tankwar\asset2","G4","G4","TankWar_P1|TankWar_P2|TankWar_P3|TankWar_P4|TankWar_P5","TankWar_P1|TankWar_P2|TankWar_P3|TankWar_P4|TankWar_P5",false,"TankWar_P1|TankWar_P2|TankWar_P3|TankWar_P4|TankWar_P5","RESOLVED_INTERNAL"
"D920","E227","E211","FIELD_REFERENCE","IMPLEMENTATION","C:\Users\JBNU\git\ConstraintsRecovery\assets\tankwar\asset2",115,"C:\Users\JBNU\git\ConstraintsRecovery\assets\tankwar\asset2","G4","G4","TankWar_P1|TankWar_P2|TankWar_P3|TankWar_P4|TankWar_P5","TankWar_P1|TankWar_P2|TankWar_P3|TankWar_P4|TankWar_P5",false,"TankWar_P1|TankWar_P2|TankWar_P3|TankWar_P4|TankWar_P5","RESOLVED_INTERNAL"
"D921","E227","E123","METHOD_CALL","IMPLEMENTATION","C:\Users\JBNU\git\ConstraintsRecovery\assets\tankwar\asset2",115,"C:\Users\JBNU\git\ConstraintsRecovery\assets\tankwar\asset15","G4","G4","TankWar_P1|TankWar_P2|TankWar_P3|TankWar_P4|TankWar_P5","TankWar_P1|TankWar_P2|TankWar_P3|TankWar_P4|TankWar_P5",true,"TankWar_P1|TankWar_P2|TankWar_P3|TankWar_P4|TankWar_P5","RESOLVED_INTERNAL"
"D922","E228","E215","FIELD_REFERENCE","IMPLEMENTATION","C:\Users\JBNU\git\ConstraintsRecovery\assets\tankwar\asset2",118,"C:\Users\JBNU\git\ConstraintsRecovery\assets\tankwar\asset2","G4","G4","TankWar_P1|TankWar_P2|TankWar_P3|TankWar_P4|TankWar_P5","TankWar_P1|TankWar_P2|TankWar_P3|TankWar_P4|TankWar_P5",false,"TankWar_P1|TankWar_P2|TankWar_P3|TankWar_P4|TankWar_P5","RESOLVED_INTERNAL"
"D923","E229","E208","FIELD_REFERENCE","IMPLEMENTATION","C:\Users\JBNU\git\ConstraintsRecovery\assets\tankwar\asset2",125,"C:\Users\JBNU\git\ConstraintsRecovery\assets\tankwar\asset2","G4","G4","TankWar_P1|TankWar_P2|TankWar_P3|TankWar_P4|TankWar_P5","TankWar_P1|TankWar_P2|TankWar_P3|TankWar_P4|TankWar_P5",false,"TankWar_P1|TankWar_P2|TankWar_P3|TankWar_P4|TankWar_P5","RESOLVED_INTERNAL"
"D924","E229","E213","FIELD_REFERENCE","IMPLEMENTATION","C:\Users\JBNU\git\ConstraintsRecovery\assets\tankwar\asset2",126,"C:\Users\JBNU\git\ConstraintsRecovery\assets\tankwar\asset2","G4","G4","TankWar_P1|TankWar_P2|TankWar_P3|TankWar_P4|TankWar_P5","TankWar_P1|TankWar_P2|TankWar_P3|TankWar_P4|TankWar_P5",false,"TankWar_P1|TankWar_P2|TankWar_P3|TankWar_P4|TankWar_P5","RESOLVED_INTERNAL"
"D925","E229","E209","FIELD_REFERENCE","IMPLEMENTATION","C:\Users\JBNU\git\ConstraintsRecovery\assets\tankwar\asset2",127,"C:\Users\JBNU\git\ConstraintsRecovery\assets\tankwar\asset2","G4","G4","TankWar_P1|TankWar_P2|TankWar_P3|TankWar_P4|TankWar_P5","TankWar_P1|TankWar_P2|TankWar_P3|TankWar_P4|TankWar_P5",false,"TankWar_P1|TankWar_P2|TankWar_P3|TankWar_P4|TankWar_P5","RESOLVED_INTERNAL"
"D926","E229","E210","FIELD_REFERENCE","IMPLEMENTATION","C:\Users\JBNU\git\ConstraintsRecovery\assets\tankwar\asset2",127,"C:\Users\JBNU\git\ConstraintsRecovery\assets\tankwar\asset2","G4","G4","TankWar_P1|TankWar_P2|TankWar_P3|TankWar_P4|TankWar_P5","TankWar_P1|TankWar_P2|TankWar_P3|TankWar_P4|TankWar_P5",false,"TankWar_P1|TankWar_P2|TankWar_P3|TankWar_P4|TankWar_P5","RESOLVED_INTERNAL"
"D927","E229","E204","FIELD_REFERENCE","IMPLEMENTATION","C:\Users\JBNU\git\ConstraintsRecovery\assets\tankwar\asset2",128,"C:\Users\JBNU\git\ConstraintsRecovery\assets\tankwar\asset2","G4","G4","TankWar_P1|TankWar_P2|TankWar_P3|TankWar_P4|TankWar_P5","TankWar_P1|TankWar_P2|TankWar_P3|TankWar_P4|TankWar_P5",false,"TankWar_P1|TankWar_P2|TankWar_P3|TankWar_P4|TankWar_P5","RESOLVED_INTERNAL"
"D928","E229","E205","FIELD_REFERENCE","IMPLEMENTATION","C:\Users\JBNU\git\ConstraintsRecovery\assets\tankwar\asset2",128,"C:\Users\JBNU\git\ConstraintsRecovery\assets\tankwar\asset2","G4","G4","TankWar_P1|TankWar_P2|TankWar_P3|TankWar_P4|TankWar_P5","TankWar_P1|TankWar_P2|TankWar_P3|TankWar_P4|TankWar_P5",false,"TankWar_P1|TankWar_P2|TankWar_P3|TankWar_P4|TankWar_P5","RESOLVED_INTERNAL"
"D929","E229","E211","FIELD_REFERENCE","IMPLEMENTATION","C:\Users\JBNU\git\ConstraintsRecovery\assets\tankwar\asset2",128,"C:\Users\JBNU\git\ConstraintsRecovery\assets\tankwar\asset2","G4","G4","TankWar_P1|TankWar_P2|TankWar_P3|TankWar_P4|TankWar_P5","TankWar_P1|TankWar_P2|TankWar_P3|TankWar_P4|TankWar_P5",false,"TankWar_P1|TankWar_P2|TankWar_P3|TankWar_P4|TankWar_P5","RESOLVED_INTERNAL"
"D930","E229","E209","FIELD_REFERENCE","IMPLEMENTATION","C:\Users\JBNU\git\ConstraintsRecovery\assets\tankwar\asset2",129,"C:\Users\JBNU\git\ConstraintsRecovery\assets\tankwar\asset2","G4","G4","TankWar_P1|TankWar_P2|TankWar_P3|TankWar_P4|TankWar_P5","TankWar_P1|TankWar_P2|TankWar_P3|TankWar_P4|TankWar_P5",false,"TankWar_P1|TankWar_P2|TankWar_P3|TankWar_P4|TankWar_P5","RESOLVED_INTERNAL"
"D931","E229","E120","CONSTRUCTOR_CALL","IMPLEMENTATION","C:\Users\JBNU\git\ConstraintsRecovery\assets\tankwar\asset2",130,"C:\Users\JBNU\git\ConstraintsRecovery\assets\tankwar\asset15","G4","G4","TankWar_P1|TankWar_P2|TankWar_P3|TankWar_P4|TankWar_P5","TankWar_P1|TankWar_P2|TankWar_P3|TankWar_P4|TankWar_P5",true,"TankWar_P1|TankWar_P2|TankWar_P3|TankWar_P4|TankWar_P5","RESOLVED_INTERNAL"
"D932","E229","E208","FIELD_REFERENCE","IMPLEMENTATION","C:\Users\JBNU\git\ConstraintsRecovery\assets\tankwar\asset2",130,"C:\Users\JBNU\git\ConstraintsRecovery\assets\tankwar\asset2","G4","G4","TankWar_P1|TankWar_P2|TankWar_P3|TankWar_P4|TankWar_P5","TankWar_P1|TankWar_P2|TankWar_P3|TankWar_P4|TankWar_P5",false,"TankWar_P1|TankWar_P2|TankWar_P3|TankWar_P4|TankWar_P5","RESOLVED_INTERNAL"
"D933","E229","E204","FIELD_REFERENCE","IMPLEMENTATION","C:\Users\JBNU\git\ConstraintsRecovery\assets\tankwar\asset2",131,"C:\Users\JBNU\git\ConstraintsRecovery\assets\tankwar\asset2","G4","G4","TankWar_P1|TankWar_P2|TankWar_P3|TankWar_P4|TankWar_P5","TankWar_P1|TankWar_P2|TankWar_P3|TankWar_P4|TankWar_P5",false,"TankWar_P1|TankWar_P2|TankWar_P3|TankWar_P4|TankWar_P5","RESOLVED_INTERNAL"
"D934","E229","E205","FIELD_REFERENCE","IMPLEMENTATION","C:\Users\JBNU\git\ConstraintsRecovery\assets\tankwar\asset2",131,"C:\Users\JBNU\git\ConstraintsRecovery\assets\tankwar\asset2","G4","G4","TankWar_P1|TankWar_P2|TankWar_P3|TankWar_P4|TankWar_P5","TankWar_P1|TankWar_P2|TankWar_P3|TankWar_P4|TankWar_P5",false,"TankWar_P1|TankWar_P2|TankWar_P3|TankWar_P4|TankWar_P5","RESOLVED_INTERNAL"
"D935","E229","E208","FIELD_REFERENCE","IMPLEMENTATION","C:\Users\JBNU\git\ConstraintsRecovery\assets\tankwar\asset2",131,"C:\Users\JBNU\git\ConstraintsRecovery\assets\tankwar\asset2","G4","G4","TankWar_P1|TankWar_P2|TankWar_P3|TankWar_P4|TankWar_P5","TankWar_P1|TankWar_P2|TankWar_P3|TankWar_P4|TankWar_P5",false,"TankWar_P1|TankWar_P2|TankWar_P3|TankWar_P4|TankWar_P5","RESOLVED_INTERNAL"
"D936","E229","E211","FIELD_REFERENCE","IMPLEMENTATION","C:\Users\JBNU\git\ConstraintsRecovery\assets\tankwar\asset2",131,"C:\Users\JBNU\git\ConstraintsRecovery\assets\tankwar\asset2","G4","G4","TankWar_P1|TankWar_P2|TankWar_P3|TankWar_P4|TankWar_P5","TankWar_P1|TankWar_P2|TankWar_P3|TankWar_P4|TankWar_P5",false,"TankWar_P1|TankWar_P2|TankWar_P3|TankWar_P4|TankWar_P5","RESOLVED_INTERNAL"
"D937","E229","E123","METHOD_CALL","IMPLEMENTATION","C:\Users\JBNU\git\ConstraintsRecovery\assets\tankwar\asset2",131,"C:\Users\JBNU\git\ConstraintsRecovery\assets\tankwar\asset15","G4","G4","TankWar_P1|TankWar_P2|TankWar_P3|TankWar_P4|TankWar_P5","TankWar_P1|TankWar_P2|TankWar_P3|TankWar_P4|TankWar_P5",true,"TankWar_P1|TankWar_P2|TankWar_P3|TankWar_P4|TankWar_P5","RESOLVED_INTERNAL"
"D938","E229","E208","FIELD_REFERENCE","IMPLEMENTATION","C:\Users\JBNU\git\ConstraintsRecovery\assets\tankwar\asset2",132,"C:\Users\JBNU\git\ConstraintsRecovery\assets\tankwar\asset2","G4","G4","TankWar_P1|TankWar_P2|TankWar_P3|TankWar_P4|TankWar_P5","TankWar_P1|TankWar_P2|TankWar_P3|TankWar_P4|TankWar_P5",false,"TankWar_P1|TankWar_P2|TankWar_P3|TankWar_P4|TankWar_P5","RESOLVED_INTERNAL"
"D939","E229","E124","METHOD_CALL","IMPLEMENTATION","C:\Users\JBNU\git\ConstraintsRecovery\assets\tankwar\asset2",132,"C:\Users\JBNU\git\ConstraintsRecovery\assets\tankwar\asset15","G4","G4","TankWar_P1|TankWar_P2|TankWar_P3|TankWar_P4|TankWar_P5","TankWar_P1|TankWar_P2|TankWar_P3|TankWar_P4|TankWar_P5",true,"TankWar_P1|TankWar_P2|TankWar_P3|TankWar_P4|TankWar_P5","RESOLVED_INTERNAL"
"D940","E229","E208","FIELD_REFERENCE","IMPLEMENTATION","C:\Users\JBNU\git\ConstraintsRecovery\assets\tankwar\asset2",133,"C:\Users\JBNU\git\ConstraintsRecovery\assets\tankwar\asset2","G4","G4","TankWar_P1|TankWar_P2|TankWar_P3|TankWar_P4|TankWar_P5","TankWar_P1|TankWar_P2|TankWar_P3|TankWar_P4|TankWar_P5",false,"TankWar_P1|TankWar_P2|TankWar_P3|TankWar_P4|TankWar_P5","RESOLVED_INTERNAL"
"D941","E229","E208","FIELD_REFERENCE","IMPLEMENTATION","C:\Users\JBNU\git\ConstraintsRecovery\assets\tankwar\asset2",134,"C:\Users\JBNU\git\ConstraintsRecovery\assets\tankwar\asset2","G4","G4","TankWar_P1|TankWar_P2|TankWar_P3|TankWar_P4|TankWar_P5","TankWar_P1|TankWar_P2|TankWar_P3|TankWar_P4|TankWar_P5",false,"TankWar_P1|TankWar_P2|TankWar_P3|TankWar_P4|TankWar_P5","RESOLVED_INTERNAL"
"D942","E229","E208","FIELD_REFERENCE","IMPLEMENTATION","C:\Users\JBNU\git\ConstraintsRecovery\assets\tankwar\asset2",135,"C:\Users\JBNU\git\ConstraintsRecovery\assets\tankwar\asset2","G4","G4","TankWar_P1|TankWar_P2|TankWar_P3|TankWar_P4|TankWar_P5","TankWar_P1|TankWar_P2|TankWar_P3|TankWar_P4|TankWar_P5",false,"TankWar_P1|TankWar_P2|TankWar_P3|TankWar_P4|TankWar_P5","RESOLVED_INTERNAL"
"D943","E229","E126","METHOD_CALL","IMPLEMENTATION","C:\Users\JBNU\git\ConstraintsRecovery\assets\tankwar\asset2",135,"C:\Users\JBNU\git\ConstraintsRecovery\assets\tankwar\asset15","G4","G4","TankWar_P1|TankWar_P2|TankWar_P3|TankWar_P4|TankWar_P5","TankWar_P1|TankWar_P2|TankWar_P3|TankWar_P4|TankWar_P5",true,"TankWar_P1|TankWar_P2|TankWar_P3|TankWar_P4|TankWar_P5","RESOLVED_INTERNAL"
"D944","E229","E208","FIELD_REFERENCE","IMPLEMENTATION","C:\Users\JBNU\git\ConstraintsRecovery\assets\tankwar\asset2",136,"C:\Users\JBNU\git\ConstraintsRecovery\assets\tankwar\asset2","G4","G4","TankWar_P1|TankWar_P2|TankWar_P3|TankWar_P4|TankWar_P5","TankWar_P1|TankWar_P2|TankWar_P3|TankWar_P4|TankWar_P5",false,"TankWar_P1|TankWar_P2|TankWar_P3|TankWar_P4|TankWar_P5","RESOLVED_INTERNAL"
"D945","E229","E127","METHOD_CALL","IMPLEMENTATION","C:\Users\JBNU\git\ConstraintsRecovery\assets\tankwar\asset2",136,"C:\Users\JBNU\git\ConstraintsRecovery\assets\tankwar\asset15","G4","G4","TankWar_P1|TankWar_P2|TankWar_P3|TankWar_P4|TankWar_P5","TankWar_P1|TankWar_P2|TankWar_P3|TankWar_P4|TankWar_P5",true,"TankWar_P1|TankWar_P2|TankWar_P3|TankWar_P4|TankWar_P5","RESOLVED_INTERNAL"
"D946","E229","E208","FIELD_REFERENCE","IMPLEMENTATION","C:\Users\JBNU\git\ConstraintsRecovery\assets\tankwar\asset2",137,"C:\Users\JBNU\git\ConstraintsRecovery\assets\tankwar\asset2","G4","G4","TankWar_P1|TankWar_P2|TankWar_P3|TankWar_P4|TankWar_P5","TankWar_P1|TankWar_P2|TankWar_P3|TankWar_P4|TankWar_P5",false,"TankWar_P1|TankWar_P2|TankWar_P3|TankWar_P4|TankWar_P5","RESOLVED_INTERNAL"
"D947","E229","E125","METHOD_CALL","IMPLEMENTATION","C:\Users\JBNU\git\ConstraintsRecovery\assets\tankwar\asset2",137,"C:\Users\JBNU\git\ConstraintsRecovery\assets\tankwar\asset15","G4","G4","TankWar_P1|TankWar_P2|TankWar_P3|TankWar_P4|TankWar_P5","TankWar_P1|TankWar_P2|TankWar_P3|TankWar_P4|TankWar_P5",true,"TankWar_P1|TankWar_P2|TankWar_P3|TankWar_P4|TankWar_P5","RESOLVED_INTERNAL"
"D948","E229","E208","FIELD_REFERENCE","IMPLEMENTATION","C:\Users\JBNU\git\ConstraintsRecovery\assets\tankwar\asset2",138,"C:\Users\JBNU\git\ConstraintsRecovery\assets\tankwar\asset2","G4","G4","TankWar_P1|TankWar_P2|TankWar_P3|TankWar_P4|TankWar_P5","TankWar_P1|TankWar_P2|TankWar_P3|TankWar_P4|TankWar_P5",false,"TankWar_P1|TankWar_P2|TankWar_P3|TankWar_P4|TankWar_P5","RESOLVED_INTERNAL"
"D949","E229","E124","METHOD_CALL","IMPLEMENTATION","C:\Users\JBNU\git\ConstraintsRecovery\assets\tankwar\asset2",138,"C:\Users\JBNU\git\ConstraintsRecovery\assets\tankwar\asset15","G4","G4","TankWar_P1|TankWar_P2|TankWar_P3|TankWar_P4|TankWar_P5","TankWar_P1|TankWar_P2|TankWar_P3|TankWar_P4|TankWar_P5",true,"TankWar_P1|TankWar_P2|TankWar_P3|TankWar_P4|TankWar_P5","RESOLVED_INTERNAL"
"D950","E229","E206","FIELD_REFERENCE","IMPLEMENTATION","C:\Users\JBNU\git\ConstraintsRecovery\assets\tankwar\asset2",140,"C:\Users\JBNU\git\ConstraintsRecovery\assets\tankwar\asset2","G4","G4","TankWar_P1|TankWar_P2|TankWar_P3|TankWar_P4|TankWar_P5","TankWar_P1|TankWar_P2|TankWar_P3|TankWar_P4|TankWar_P5",false,"TankWar_P1|TankWar_P2|TankWar_P3|TankWar_P4|TankWar_P5","RESOLVED_INTERNAL"
"D951","E229","E208","FIELD_REFERENCE","IMPLEMENTATION","C:\Users\JBNU\git\ConstraintsRecovery\assets\tankwar\asset2",140,"C:\Users\JBNU\git\ConstraintsRecovery\assets\tankwar\asset2","G4","G4","TankWar_P1|TankWar_P2|TankWar_P3|TankWar_P4|TankWar_P5","TankWar_P1|TankWar_P2|TankWar_P3|TankWar_P4|TankWar_P5",false,"TankWar_P1|TankWar_P2|TankWar_P3|TankWar_P4|TankWar_P5","RESOLVED_INTERNAL"
"D952","E229","E132","METHOD_CALL","IMPLEMENTATION","C:\Users\JBNU\git\ConstraintsRecovery\assets\tankwar\asset2",140,"C:\Users\JBNU\git\ConstraintsRecovery\assets\tankwar\asset15","G4","G4","TankWar_P1|TankWar_P2|TankWar_P3|TankWar_P4|TankWar_P5","TankWar_P1|TankWar_P2|TankWar_P3|TankWar_P4|TankWar_P5",true,"TankWar_P1|TankWar_P2|TankWar_P3|TankWar_P4|TankWar_P5","RESOLVED_INTERNAL"
"D953","E229","E213","FIELD_REFERENCE","IMPLEMENTATION","C:\Users\JBNU\git\ConstraintsRecovery\assets\tankwar\asset2",141,"C:\Users\JBNU\git\ConstraintsRecovery\assets\tankwar\asset2","G4","G4","TankWar_P1|TankWar_P2|TankWar_P3|TankWar_P4|TankWar_P5","TankWar_P1|TankWar_P2|TankWar_P3|TankWar_P4|TankWar_P5",false,"TankWar_P1|TankWar_P2|TankWar_P3|TankWar_P4|TankWar_P5","RESOLVED_INTERNAL"
"D954","E229","E233","METHOD_CALL","IMPLEMENTATION","C:\Users\JBNU\git\ConstraintsRecovery\assets\tankwar\asset2",142,"C:\Users\JBNU\git\ConstraintsRecovery\assets\tankwar\asset2","G4","G4","TankWar_P1|TankWar_P2|TankWar_P3|TankWar_P4|TankWar_P5","TankWar_P1|TankWar_P2|TankWar_P3|TankWar_P4|TankWar_P5",false,"TankWar_P1|TankWar_P2|TankWar_P3|TankWar_P4|TankWar_P5","RESOLVED_INTERNAL"
"D955","E229","E208","FIELD_REFERENCE","IMPLEMENTATION","C:\Users\JBNU\git\ConstraintsRecovery\assets\tankwar\asset2",143,"C:\Users\JBNU\git\ConstraintsRecovery\assets\tankwar\asset2","G4","G4","TankWar_P1|TankWar_P2|TankWar_P3|TankWar_P4|TankWar_P5","TankWar_P1|TankWar_P2|TankWar_P3|TankWar_P4|TankWar_P5",false,"TankWar_P1|TankWar_P2|TankWar_P3|TankWar_P4|TankWar_P5","RESOLVED_INTERNAL"
"D956","E230","E208","FIELD_REFERENCE","IMPLEMENTATION","C:\Users\JBNU\git\ConstraintsRecovery\assets\tankwar\asset2",147,"C:\Users\JBNU\git\ConstraintsRecovery\assets\tankwar\asset2","G4","G4","TankWar_P1|TankWar_P2|TankWar_P3|TankWar_P4|TankWar_P5","TankWar_P1|TankWar_P2|TankWar_P3|TankWar_P4|TankWar_P5",false,"TankWar_P1|TankWar_P2|TankWar_P3|TankWar_P4|TankWar_P5","RESOLVED_INTERNAL"
"D957","E230","E213","FIELD_REFERENCE","IMPLEMENTATION","C:\Users\JBNU\git\ConstraintsRecovery\assets\tankwar\asset2",148,"C:\Users\JBNU\git\ConstraintsRecovery\assets\tankwar\asset2","G4","G4","TankWar_P1|TankWar_P2|TankWar_P3|TankWar_P4|TankWar_P5","TankWar_P1|TankWar_P2|TankWar_P3|TankWar_P4|TankWar_P5",false,"TankWar_P1|TankWar_P2|TankWar_P3|TankWar_P4|TankWar_P5","RESOLVED_INTERNAL"
"D958","E230","E120","CONSTRUCTOR_CALL","IMPLEMENTATION","C:\Users\JBNU\git\ConstraintsRecovery\assets\tankwar\asset2",149,"C:\Users\JBNU\git\ConstraintsRecovery\assets\tankwar\asset15","G4","G4","TankWar_P1|TankWar_P2|TankWar_P3|TankWar_P4|TankWar_P5","TankWar_P1|TankWar_P2|TankWar_P3|TankWar_P4|TankWar_P5",true,"TankWar_P1|TankWar_P2|TankWar_P3|TankWar_P4|TankWar_P5","RESOLVED_INTERNAL"
"D959","E230","E208","FIELD_REFERENCE","IMPLEMENTATION","C:\Users\JBNU\git\ConstraintsRecovery\assets\tankwar\asset2",149,"C:\Users\JBNU\git\ConstraintsRecovery\assets\tankwar\asset2","G4","G4","TankWar_P1|TankWar_P2|TankWar_P3|TankWar_P4|TankWar_P5","TankWar_P1|TankWar_P2|TankWar_P3|TankWar_P4|TankWar_P5",false,"TankWar_P1|TankWar_P2|TankWar_P3|TankWar_P4|TankWar_P5","RESOLVED_INTERNAL"
"D960","E230","E204","FIELD_REFERENCE","IMPLEMENTATION","C:\Users\JBNU\git\ConstraintsRecovery\assets\tankwar\asset2",150,"C:\Users\JBNU\git\ConstraintsRecovery\assets\tankwar\asset2","G4","G4","TankWar_P1|TankWar_P2|TankWar_P3|TankWar_P4|TankWar_P5","TankWar_P1|TankWar_P2|TankWar_P3|TankWar_P4|TankWar_P5",false,"TankWar_P1|TankWar_P2|TankWar_P3|TankWar_P4|TankWar_P5","RESOLVED_INTERNAL"
"D961","E230","E205","FIELD_REFERENCE","IMPLEMENTATION","C:\Users\JBNU\git\ConstraintsRecovery\assets\tankwar\asset2",150,"C:\Users\JBNU\git\ConstraintsRecovery\assets\tankwar\asset2","G4","G4","TankWar_P1|TankWar_P2|TankWar_P3|TankWar_P4|TankWar_P5","TankWar_P1|TankWar_P2|TankWar_P3|TankWar_P4|TankWar_P5",false,"TankWar_P1|TankWar_P2|TankWar_P3|TankWar_P4|TankWar_P5","RESOLVED_INTERNAL"
"D962","E230","E208","FIELD_REFERENCE","IMPLEMENTATION","C:\Users\JBNU\git\ConstraintsRecovery\assets\tankwar\asset2",150,"C:\Users\JBNU\git\ConstraintsRecovery\assets\tankwar\asset2","G4","G4","TankWar_P1|TankWar_P2|TankWar_P3|TankWar_P4|TankWar_P5","TankWar_P1|TankWar_P2|TankWar_P3|TankWar_P4|TankWar_P5",false,"TankWar_P1|TankWar_P2|TankWar_P3|TankWar_P4|TankWar_P5","RESOLVED_INTERNAL"
"D963","E230","E211","FIELD_REFERENCE","IMPLEMENTATION","C:\Users\JBNU\git\ConstraintsRecovery\assets\tankwar\asset2",150,"C:\Users\JBNU\git\ConstraintsRecovery\assets\tankwar\asset2","G4","G4","TankWar_P1|TankWar_P2|TankWar_P3|TankWar_P4|TankWar_P5","TankWar_P1|TankWar_P2|TankWar_P3|TankWar_P4|TankWar_P5",false,"TankWar_P1|TankWar_P2|TankWar_P3|TankWar_P4|TankWar_P5","RESOLVED_INTERNAL"
"D964","E230","E123","METHOD_CALL","IMPLEMENTATION","C:\Users\JBNU\git\ConstraintsRecovery\assets\tankwar\asset2",150,"C:\Users\JBNU\git\ConstraintsRecovery\assets\tankwar\asset15","G4","G4","TankWar_P1|TankWar_P2|TankWar_P3|TankWar_P4|TankWar_P5","TankWar_P1|TankWar_P2|TankWar_P3|TankWar_P4|TankWar_P5",true,"TankWar_P1|TankWar_P2|TankWar_P3|TankWar_P4|TankWar_P5","RESOLVED_INTERNAL"
"D965","E230","E208","FIELD_REFERENCE","IMPLEMENTATION","C:\Users\JBNU\git\ConstraintsRecovery\assets\tankwar\asset2",151,"C:\Users\JBNU\git\ConstraintsRecovery\assets\tankwar\asset2","G4","G4","TankWar_P1|TankWar_P2|TankWar_P3|TankWar_P4|TankWar_P5","TankWar_P1|TankWar_P2|TankWar_P3|TankWar_P4|TankWar_P5",false,"TankWar_P1|TankWar_P2|TankWar_P3|TankWar_P4|TankWar_P5","RESOLVED_INTERNAL"
"D966","E230","E124","METHOD_CALL","IMPLEMENTATION","C:\Users\JBNU\git\ConstraintsRecovery\assets\tankwar\asset2",151,"C:\Users\JBNU\git\ConstraintsRecovery\assets\tankwar\asset15","G4","G4","TankWar_P1|TankWar_P2|TankWar_P3|TankWar_P4|TankWar_P5","TankWar_P1|TankWar_P2|TankWar_P3|TankWar_P4|TankWar_P5",true,"TankWar_P1|TankWar_P2|TankWar_P3|TankWar_P4|TankWar_P5","RESOLVED_INTERNAL"
"D967","E230","E208","FIELD_REFERENCE","IMPLEMENTATION","C:\Users\JBNU\git\ConstraintsRecovery\assets\tankwar\asset2",152,"C:\Users\JBNU\git\ConstraintsRecovery\assets\tankwar\asset2","G4","G4","TankWar_P1|TankWar_P2|TankWar_P3|TankWar_P4|TankWar_P5","TankWar_P1|TankWar_P2|TankWar_P3|TankWar_P4|TankWar_P5",false,"TankWar_P1|TankWar_P2|TankWar_P3|TankWar_P4|TankWar_P5","RESOLVED_INTERNAL"
"D968","E230","E208","FIELD_REFERENCE","IMPLEMENTATION","C:\Users\JBNU\git\ConstraintsRecovery\assets\tankwar\asset2",153,"C:\Users\JBNU\git\ConstraintsRecovery\assets\tankwar\asset2","G4","G4","TankWar_P1|TankWar_P2|TankWar_P3|TankWar_P4|TankWar_P5","TankWar_P1|TankWar_P2|TankWar_P3|TankWar_P4|TankWar_P5",false,"TankWar_P1|TankWar_P2|TankWar_P3|TankWar_P4|TankWar_P5","RESOLVED_INTERNAL"
"D969","E230","E127","METHOD_CALL","IMPLEMENTATION","C:\Users\JBNU\git\ConstraintsRecovery\assets\tankwar\asset2",153,"C:\Users\JBNU\git\ConstraintsRecovery\assets\tankwar\asset15","G4","G4","TankWar_P1|TankWar_P2|TankWar_P3|TankWar_P4|TankWar_P5","TankWar_P1|TankWar_P2|TankWar_P3|TankWar_P4|TankWar_P5",true,"TankWar_P1|TankWar_P2|TankWar_P3|TankWar_P4|TankWar_P5","RESOLVED_INTERNAL"
"D970","E230","E208","FIELD_REFERENCE","IMPLEMENTATION","C:\Users\JBNU\git\ConstraintsRecovery\assets\tankwar\asset2",154,"C:\Users\JBNU\git\ConstraintsRecovery\assets\tankwar\asset2","G4","G4","TankWar_P1|TankWar_P2|TankWar_P3|TankWar_P4|TankWar_P5","TankWar_P1|TankWar_P2|TankWar_P3|TankWar_P4|TankWar_P5",false,"TankWar_P1|TankWar_P2|TankWar_P3|TankWar_P4|TankWar_P5","RESOLVED_INTERNAL"
"D971","E230","E125","METHOD_CALL","IMPLEMENTATION","C:\Users\JBNU\git\ConstraintsRecovery\assets\tankwar\asset2",154,"C:\Users\JBNU\git\ConstraintsRecovery\assets\tankwar\asset15","G4","G4","TankWar_P1|TankWar_P2|TankWar_P3|TankWar_P4|TankWar_P5","TankWar_P1|TankWar_P2|TankWar_P3|TankWar_P4|TankWar_P5",true,"TankWar_P1|TankWar_P2|TankWar_P3|TankWar_P4|TankWar_P5","RESOLVED_INTERNAL"
"D972","E230","E208","FIELD_REFERENCE","IMPLEMENTATION","C:\Users\JBNU\git\ConstraintsRecovery\assets\tankwar\asset2",155,"C:\Users\JBNU\git\ConstraintsRecovery\assets\tankwar\asset2","G4","G4","TankWar_P1|TankWar_P2|TankWar_P3|TankWar_P4|TankWar_P5","TankWar_P1|TankWar_P2|TankWar_P3|TankWar_P4|TankWar_P5",false,"TankWar_P1|TankWar_P2|TankWar_P3|TankWar_P4|TankWar_P5","RESOLVED_INTERNAL"
"D973","E230","E124","METHOD_CALL","IMPLEMENTATION","C:\Users\JBNU\git\ConstraintsRecovery\assets\tankwar\asset2",155,"C:\Users\JBNU\git\ConstraintsRecovery\assets\tankwar\asset15","G4","G4","TankWar_P1|TankWar_P2|TankWar_P3|TankWar_P4|TankWar_P5","TankWar_P1|TankWar_P2|TankWar_P3|TankWar_P4|TankWar_P5",true,"TankWar_P1|TankWar_P2|TankWar_P3|TankWar_P4|TankWar_P5","RESOLVED_INTERNAL"
"D974","E230","E206","FIELD_REFERENCE","IMPLEMENTATION","C:\Users\JBNU\git\ConstraintsRecovery\assets\tankwar\asset2",157,"C:\Users\JBNU\git\ConstraintsRecovery\assets\tankwar\asset2","G4","G4","TankWar_P1|TankWar_P2|TankWar_P3|TankWar_P4|TankWar_P5","TankWar_P1|TankWar_P2|TankWar_P3|TankWar_P4|TankWar_P5",false,"TankWar_P1|TankWar_P2|TankWar_P3|TankWar_P4|TankWar_P5","RESOLVED_INTERNAL"
"D975","E230","E208","FIELD_REFERENCE","IMPLEMENTATION","C:\Users\JBNU\git\ConstraintsRecovery\assets\tankwar\asset2",157,"C:\Users\JBNU\git\ConstraintsRecovery\assets\tankwar\asset2","G4","G4","TankWar_P1|TankWar_P2|TankWar_P3|TankWar_P4|TankWar_P5","TankWar_P1|TankWar_P2|TankWar_P3|TankWar_P4|TankWar_P5",false,"TankWar_P1|TankWar_P2|TankWar_P3|TankWar_P4|TankWar_P5","RESOLVED_INTERNAL"
"D976","E230","E132","METHOD_CALL","IMPLEMENTATION","C:\Users\JBNU\git\ConstraintsRecovery\assets\tankwar\asset2",157,"C:\Users\JBNU\git\ConstraintsRecovery\assets\tankwar\asset15","G4","G4","TankWar_P1|TankWar_P2|TankWar_P3|TankWar_P4|TankWar_P5","TankWar_P1|TankWar_P2|TankWar_P3|TankWar_P4|TankWar_P5",true,"TankWar_P1|TankWar_P2|TankWar_P3|TankWar_P4|TankWar_P5","RESOLVED_INTERNAL"
"D977","E230","E213","FIELD_REFERENCE","IMPLEMENTATION","C:\Users\JBNU\git\ConstraintsRecovery\assets\tankwar\asset2",158,"C:\Users\JBNU\git\ConstraintsRecovery\assets\tankwar\asset2","G4","G4","TankWar_P1|TankWar_P2|TankWar_P3|TankWar_P4|TankWar_P5","TankWar_P1|TankWar_P2|TankWar_P3|TankWar_P4|TankWar_P5",false,"TankWar_P1|TankWar_P2|TankWar_P3|TankWar_P4|TankWar_P5","RESOLVED_INTERNAL"
"D978","E230","E209","FIELD_REFERENCE","IMPLEMENTATION","C:\Users\JBNU\git\ConstraintsRecovery\assets\tankwar\asset2",159,"C:\Users\JBNU\git\ConstraintsRecovery\assets\tankwar\asset2","G4","G4","TankWar_P1|TankWar_P2|TankWar_P3|TankWar_P4|TankWar_P5","TankWar_P1|TankWar_P2|TankWar_P3|TankWar_P4|TankWar_P5",false,"TankWar_P1|TankWar_P2|TankWar_P3|TankWar_P4|TankWar_P5","RESOLVED_INTERNAL"
"D979","E230","E210","FIELD_REFERENCE","IMPLEMENTATION","C:\Users\JBNU\git\ConstraintsRecovery\assets\tankwar\asset2",159,"C:\Users\JBNU\git\ConstraintsRecovery\assets\tankwar\asset2","G4","G4","TankWar_P1|TankWar_P2|TankWar_P3|TankWar_P4|TankWar_P5","TankWar_P1|TankWar_P2|TankWar_P3|TankWar_P4|TankWar_P5",false,"TankWar_P1|TankWar_P2|TankWar_P3|TankWar_P4|TankWar_P5","RESOLVED_INTERNAL"
"D980","E230","E204","FIELD_REFERENCE","IMPLEMENTATION","C:\Users\JBNU\git\ConstraintsRecovery\assets\tankwar\asset2",160,"C:\Users\JBNU\git\ConstraintsRecovery\assets\tankwar\asset2","G4","G4","TankWar_P1|TankWar_P2|TankWar_P3|TankWar_P4|TankWar_P5","TankWar_P1|TankWar_P2|TankWar_P3|TankWar_P4|TankWar_P5",false,"TankWar_P1|TankWar_P2|TankWar_P3|TankWar_P4|TankWar_P5","RESOLVED_INTERNAL"
"D981","E230","E205","FIELD_REFERENCE","IMPLEMENTATION","C:\Users\JBNU\git\ConstraintsRecovery\assets\tankwar\asset2",160,"C:\Users\JBNU\git\ConstraintsRecovery\assets\tankwar\asset2","G4","G4","TankWar_P1|TankWar_P2|TankWar_P3|TankWar_P4|TankWar_P5","TankWar_P1|TankWar_P2|TankWar_P3|TankWar_P4|TankWar_P5",false,"TankWar_P1|TankWar_P2|TankWar_P3|TankWar_P4|TankWar_P5","RESOLVED_INTERNAL"
"D982","E230","E211","FIELD_REFERENCE","IMPLEMENTATION","C:\Users\JBNU\git\ConstraintsRecovery\assets\tankwar\asset2",160,"C:\Users\JBNU\git\ConstraintsRecovery\assets\tankwar\asset2","G4","G4","TankWar_P1|TankWar_P2|TankWar_P3|TankWar_P4|TankWar_P5","TankWar_P1|TankWar_P2|TankWar_P3|TankWar_P4|TankWar_P5",false,"TankWar_P1|TankWar_P2|TankWar_P3|TankWar_P4|TankWar_P5","RESOLVED_INTERNAL"
"D983","E230","E209","FIELD_REFERENCE","IMPLEMENTATION","C:\Users\JBNU\git\ConstraintsRecovery\assets\tankwar\asset2",161,"C:\Users\JBNU\git\ConstraintsRecovery\assets\tankwar\asset2","G4","G4","TankWar_P1|TankWar_P2|TankWar_P3|TankWar_P4|TankWar_P5","TankWar_P1|TankWar_P2|TankWar_P3|TankWar_P4|TankWar_P5",false,"TankWar_P1|TankWar_P2|TankWar_P3|TankWar_P4|TankWar_P5","RESOLVED_INTERNAL"
"D984","E230","E203","FIELD_REFERENCE","IMPLEMENTATION","C:\Users\JBNU\git\ConstraintsRecovery\assets\tankwar\asset2",163,"C:\Users\JBNU\git\ConstraintsRecovery\assets\tankwar\asset2","G4","G4","TankWar_P1|TankWar_P2|TankWar_P3|TankWar_P4|TankWar_P5","TankWar_P1|TankWar_P2|TankWar_P3|TankWar_P4|TankWar_P5",false,"TankWar_P1|TankWar_P2|TankWar_P3|TankWar_P4|TankWar_P5","RESOLVED_INTERNAL"
"D985","E230","E208","FIELD_REFERENCE","IMPLEMENTATION","C:\Users\JBNU\git\ConstraintsRecovery\assets\tankwar\asset2",164,"C:\Users\JBNU\git\ConstraintsRecovery\assets\tankwar\asset2","G4","G4","TankWar_P1|TankWar_P2|TankWar_P3|TankWar_P4|TankWar_P5","TankWar_P1|TankWar_P2|TankWar_P3|TankWar_P4|TankWar_P5",false,"TankWar_P1|TankWar_P2|TankWar_P3|TankWar_P4|TankWar_P5","RESOLVED_INTERNAL"
"D986","E231","E208","FIELD_REFERENCE","IMPLEMENTATION","C:\Users\JBNU\git\ConstraintsRecovery\assets\tankwar\asset2",168,"C:\Users\JBNU\git\ConstraintsRecovery\assets\tankwar\asset2","G4","G4","TankWar_P1|TankWar_P2|TankWar_P3|TankWar_P4|TankWar_P5","TankWar_P1|TankWar_P2|TankWar_P3|TankWar_P4|TankWar_P5",false,"TankWar_P1|TankWar_P2|TankWar_P3|TankWar_P4|TankWar_P5","RESOLVED_INTERNAL"
"D987","E231","E213","FIELD_REFERENCE","IMPLEMENTATION","C:\Users\JBNU\git\ConstraintsRecovery\assets\tankwar\asset2",169,"C:\Users\JBNU\git\ConstraintsRecovery\assets\tankwar\asset2","G4","G4","TankWar_P1|TankWar_P2|TankWar_P3|TankWar_P4|TankWar_P5","TankWar_P1|TankWar_P2|TankWar_P3|TankWar_P4|TankWar_P5",false,"TankWar_P1|TankWar_P2|TankWar_P3|TankWar_P4|TankWar_P5","RESOLVED_INTERNAL"
"D988","E231","E209","FIELD_REFERENCE","IMPLEMENTATION","C:\Users\JBNU\git\ConstraintsRecovery\assets\tankwar\asset2",170,"C:\Users\JBNU\git\ConstraintsRecovery\assets\tankwar\asset2","G4","G4","TankWar_P1|TankWar_P2|TankWar_P3|TankWar_P4|TankWar_P5","TankWar_P1|TankWar_P2|TankWar_P3|TankWar_P4|TankWar_P5",false,"TankWar_P1|TankWar_P2|TankWar_P3|TankWar_P4|TankWar_P5","RESOLVED_INTERNAL"
"D989","E231","E210","FIELD_REFERENCE","IMPLEMENTATION","C:\Users\JBNU\git\ConstraintsRecovery\assets\tankwar\asset2",170,"C:\Users\JBNU\git\ConstraintsRecovery\assets\tankwar\asset2","G4","G4","TankWar_P1|TankWar_P2|TankWar_P3|TankWar_P4|TankWar_P5","TankWar_P1|TankWar_P2|TankWar_P3|TankWar_P4|TankWar_P5",false,"TankWar_P1|TankWar_P2|TankWar_P3|TankWar_P4|TankWar_P5","RESOLVED_INTERNAL"
"D990","E231","E204","FIELD_REFERENCE","IMPLEMENTATION","C:\Users\JBNU\git\ConstraintsRecovery\assets\tankwar\asset2",171,"C:\Users\JBNU\git\ConstraintsRecovery\assets\tankwar\asset2","G4","G4","TankWar_P1|TankWar_P2|TankWar_P3|TankWar_P4|TankWar_P5","TankWar_P1|TankWar_P2|TankWar_P3|TankWar_P4|TankWar_P5",false,"TankWar_P1|TankWar_P2|TankWar_P3|TankWar_P4|TankWar_P5","RESOLVED_INTERNAL"
"D991","E231","E205","FIELD_REFERENCE","IMPLEMENTATION","C:\Users\JBNU\git\ConstraintsRecovery\assets\tankwar\asset2",171,"C:\Users\JBNU\git\ConstraintsRecovery\assets\tankwar\asset2","G4","G4","TankWar_P1|TankWar_P2|TankWar_P3|TankWar_P4|TankWar_P5","TankWar_P1|TankWar_P2|TankWar_P3|TankWar_P4|TankWar_P5",false,"TankWar_P1|TankWar_P2|TankWar_P3|TankWar_P4|TankWar_P5","RESOLVED_INTERNAL"
"D992","E231","E211","FIELD_REFERENCE","IMPLEMENTATION","C:\Users\JBNU\git\ConstraintsRecovery\assets\tankwar\asset2",171,"C:\Users\JBNU\git\ConstraintsRecovery\assets\tankwar\asset2","G4","G4","TankWar_P1|TankWar_P2|TankWar_P3|TankWar_P4|TankWar_P5","TankWar_P1|TankWar_P2|TankWar_P3|TankWar_P4|TankWar_P5",false,"TankWar_P1|TankWar_P2|TankWar_P3|TankWar_P4|TankWar_P5","RESOLVED_INTERNAL"
"D993","E231","E209","FIELD_REFERENCE","IMPLEMENTATION","C:\Users\JBNU\git\ConstraintsRecovery\assets\tankwar\asset2",172,"C:\Users\JBNU\git\ConstraintsRecovery\assets\tankwar\asset2","G4","G4","TankWar_P1|TankWar_P2|TankWar_P3|TankWar_P4|TankWar_P5","TankWar_P1|TankWar_P2|TankWar_P3|TankWar_P4|TankWar_P5",false,"TankWar_P1|TankWar_P2|TankWar_P3|TankWar_P4|TankWar_P5","RESOLVED_INTERNAL"
"D994","E231","E120","CONSTRUCTOR_CALL","IMPLEMENTATION","C:\Users\JBNU\git\ConstraintsRecovery\assets\tankwar\asset2",173,"C:\Users\JBNU\git\ConstraintsRecovery\assets\tankwar\asset15","G4","G4","TankWar_P1|TankWar_P2|TankWar_P3|TankWar_P4|TankWar_P5","TankWar_P1|TankWar_P2|TankWar_P3|TankWar_P4|TankWar_P5",true,"TankWar_P1|TankWar_P2|TankWar_P3|TankWar_P4|TankWar_P5","RESOLVED_INTERNAL"
"D995","E231","E208","FIELD_REFERENCE","IMPLEMENTATION","C:\Users\JBNU\git\ConstraintsRecovery\assets\tankwar\asset2",173,"C:\Users\JBNU\git\ConstraintsRecovery\assets\tankwar\asset2","G4","G4","TankWar_P1|TankWar_P2|TankWar_P3|TankWar_P4|TankWar_P5","TankWar_P1|TankWar_P2|TankWar_P3|TankWar_P4|TankWar_P5",false,"TankWar_P1|TankWar_P2|TankWar_P3|TankWar_P4|TankWar_P5","RESOLVED_INTERNAL"
"D996","E231","E204","FIELD_REFERENCE","IMPLEMENTATION","C:\Users\JBNU\git\ConstraintsRecovery\assets\tankwar\asset2",174,"C:\Users\JBNU\git\ConstraintsRecovery\assets\tankwar\asset2","G4","G4","TankWar_P1|TankWar_P2|TankWar_P3|TankWar_P4|TankWar_P5","TankWar_P1|TankWar_P2|TankWar_P3|TankWar_P4|TankWar_P5",false,"TankWar_P1|TankWar_P2|TankWar_P3|TankWar_P4|TankWar_P5","RESOLVED_INTERNAL"
"D997","E231","E205","FIELD_REFERENCE","IMPLEMENTATION","C:\Users\JBNU\git\ConstraintsRecovery\assets\tankwar\asset2",174,"C:\Users\JBNU\git\ConstraintsRecovery\assets\tankwar\asset2","G4","G4","TankWar_P1|TankWar_P2|TankWar_P3|TankWar_P4|TankWar_P5","TankWar_P1|TankWar_P2|TankWar_P3|TankWar_P4|TankWar_P5",false,"TankWar_P1|TankWar_P2|TankWar_P3|TankWar_P4|TankWar_P5","RESOLVED_INTERNAL"
"D998","E231","E208","FIELD_REFERENCE","IMPLEMENTATION","C:\Users\JBNU\git\ConstraintsRecovery\assets\tankwar\asset2",174,"C:\Users\JBNU\git\ConstraintsRecovery\assets\tankwar\asset2","G4","G4","TankWar_P1|TankWar_P2|TankWar_P3|TankWar_P4|TankWar_P5","TankWar_P1|TankWar_P2|TankWar_P3|TankWar_P4|TankWar_P5",false,"TankWar_P1|TankWar_P2|TankWar_P3|TankWar_P4|TankWar_P5","RESOLVED_INTERNAL"
"D999","E231","E211","FIELD_REFERENCE","IMPLEMENTATION","C:\Users\JBNU\git\ConstraintsRecovery\assets\tankwar\asset2",174,"C:\Users\JBNU\git\ConstraintsRecovery\assets\tankwar\asset2","G4","G4","TankWar_P1|TankWar_P2|TankWar_P3|TankWar_P4|TankWar_P5","TankWar_P1|TankWar_P2|TankWar_P3|TankWar_P4|TankWar_P5",false,"TankWar_P1|TankWar_P2|TankWar_P3|TankWar_P4|TankWar_P5","RESOLVED_INTERNAL"
"D1000","E231","E123","METHOD_CALL","IMPLEMENTATION","C:\Users\JBNU\git\ConstraintsRecovery\assets\tankwar\asset2",174,"C:\Users\JBNU\git\ConstraintsRecovery\assets\tankwar\asset15","G4","G4","TankWar_P1|TankWar_P2|TankWar_P3|TankWar_P4|TankWar_P5","TankWar_P1|TankWar_P2|TankWar_P3|TankWar_P4|TankWar_P5",true,"TankWar_P1|TankWar_P2|TankWar_P3|TankWar_P4|TankWar_P5","RESOLVED_INTERNAL"
"D1001","E231","E208","FIELD_REFERENCE","IMPLEMENTATION","C:\Users\JBNU\git\ConstraintsRecovery\assets\tankwar\asset2",175,"C:\Users\JBNU\git\ConstraintsRecovery\assets\tankwar\asset2","G4","G4","TankWar_P1|TankWar_P2|TankWar_P3|TankWar_P4|TankWar_P5","TankWar_P1|TankWar_P2|TankWar_P3|TankWar_P4|TankWar_P5",false,"TankWar_P1|TankWar_P2|TankWar_P3|TankWar_P4|TankWar_P5","RESOLVED_INTERNAL"
"D1002","E231","E124","METHOD_CALL","IMPLEMENTATION","C:\Users\JBNU\git\ConstraintsRecovery\assets\tankwar\asset2",175,"C:\Users\JBNU\git\ConstraintsRecovery\assets\tankwar\asset15","G4","G4","TankWar_P1|TankWar_P2|TankWar_P3|TankWar_P4|TankWar_P5","TankWar_P1|TankWar_P2|TankWar_P3|TankWar_P4|TankWar_P5",true,"TankWar_P1|TankWar_P2|TankWar_P3|TankWar_P4|TankWar_P5","RESOLVED_INTERNAL"
"D1003","E231","E208","FIELD_REFERENCE","IMPLEMENTATION","C:\Users\JBNU\git\ConstraintsRecovery\assets\tankwar\asset2",176,"C:\Users\JBNU\git\ConstraintsRecovery\assets\tankwar\asset2","G4","G4","TankWar_P1|TankWar_P2|TankWar_P3|TankWar_P4|TankWar_P5","TankWar_P1|TankWar_P2|TankWar_P3|TankWar_P4|TankWar_P5",false,"TankWar_P1|TankWar_P2|TankWar_P3|TankWar_P4|TankWar_P5","RESOLVED_INTERNAL"
"D1004","E231","E208","FIELD_REFERENCE","IMPLEMENTATION","C:\Users\JBNU\git\ConstraintsRecovery\assets\tankwar\asset2",177,"C:\Users\JBNU\git\ConstraintsRecovery\assets\tankwar\asset2","G4","G4","TankWar_P1|TankWar_P2|TankWar_P3|TankWar_P4|TankWar_P5","TankWar_P1|TankWar_P2|TankWar_P3|TankWar_P4|TankWar_P5",false,"TankWar_P1|TankWar_P2|TankWar_P3|TankWar_P4|TankWar_P5","RESOLVED_INTERNAL"
"D1005","E231","E127","METHOD_CALL","IMPLEMENTATION","C:\Users\JBNU\git\ConstraintsRecovery\assets\tankwar\asset2",177,"C:\Users\JBNU\git\ConstraintsRecovery\assets\tankwar\asset15","G4","G4","TankWar_P1|TankWar_P2|TankWar_P3|TankWar_P4|TankWar_P5","TankWar_P1|TankWar_P2|TankWar_P3|TankWar_P4|TankWar_P5",true,"TankWar_P1|TankWar_P2|TankWar_P3|TankWar_P4|TankWar_P5","RESOLVED_INTERNAL"
"D1006","E231","E208","FIELD_REFERENCE","IMPLEMENTATION","C:\Users\JBNU\git\ConstraintsRecovery\assets\tankwar\asset2",178,"C:\Users\JBNU\git\ConstraintsRecovery\assets\tankwar\asset2","G4","G4","TankWar_P1|TankWar_P2|TankWar_P3|TankWar_P4|TankWar_P5","TankWar_P1|TankWar_P2|TankWar_P3|TankWar_P4|TankWar_P5",false,"TankWar_P1|TankWar_P2|TankWar_P3|TankWar_P4|TankWar_P5","RESOLVED_INTERNAL"
"D1007","E231","E125","METHOD_CALL","IMPLEMENTATION","C:\Users\JBNU\git\ConstraintsRecovery\assets\tankwar\asset2",178,"C:\Users\JBNU\git\ConstraintsRecovery\assets\tankwar\asset15","G4","G4","TankWar_P1|TankWar_P2|TankWar_P3|TankWar_P4|TankWar_P5","TankWar_P1|TankWar_P2|TankWar_P3|TankWar_P4|TankWar_P5",true,"TankWar_P1|TankWar_P2|TankWar_P3|TankWar_P4|TankWar_P5","RESOLVED_INTERNAL"
"D1008","E231","E208","FIELD_REFERENCE","IMPLEMENTATION","C:\Users\JBNU\git\ConstraintsRecovery\assets\tankwar\asset2",179,"C:\Users\JBNU\git\ConstraintsRecovery\assets\tankwar\asset2","G4","G4","TankWar_P1|TankWar_P2|TankWar_P3|TankWar_P4|TankWar_P5","TankWar_P1|TankWar_P2|TankWar_P3|TankWar_P4|TankWar_P5",false,"TankWar_P1|TankWar_P2|TankWar_P3|TankWar_P4|TankWar_P5","RESOLVED_INTERNAL"
"D1009","E231","E124","METHOD_CALL","IMPLEMENTATION","C:\Users\JBNU\git\ConstraintsRecovery\assets\tankwar\asset2",179,"C:\Users\JBNU\git\ConstraintsRecovery\assets\tankwar\asset15","G4","G4","TankWar_P1|TankWar_P2|TankWar_P3|TankWar_P4|TankWar_P5","TankWar_P1|TankWar_P2|TankWar_P3|TankWar_P4|TankWar_P5",true,"TankWar_P1|TankWar_P2|TankWar_P3|TankWar_P4|TankWar_P5","RESOLVED_INTERNAL"
"D1010","E231","E206","FIELD_REFERENCE","IMPLEMENTATION","C:\Users\JBNU\git\ConstraintsRecovery\assets\tankwar\asset2",181,"C:\Users\JBNU\git\ConstraintsRecovery\assets\tankwar\asset2","G4","G4","TankWar_P1|TankWar_P2|TankWar_P3|TankWar_P4|TankWar_P5","TankWar_P1|TankWar_P2|TankWar_P3|TankWar_P4|TankWar_P5",false,"TankWar_P1|TankWar_P2|TankWar_P3|TankWar_P4|TankWar_P5","RESOLVED_INTERNAL"
"D1011","E231","E208","FIELD_REFERENCE","IMPLEMENTATION","C:\Users\JBNU\git\ConstraintsRecovery\assets\tankwar\asset2",181,"C:\Users\JBNU\git\ConstraintsRecovery\assets\tankwar\asset2","G4","G4","TankWar_P1|TankWar_P2|TankWar_P3|TankWar_P4|TankWar_P5","TankWar_P1|TankWar_P2|TankWar_P3|TankWar_P4|TankWar_P5",false,"TankWar_P1|TankWar_P2|TankWar_P3|TankWar_P4|TankWar_P5","RESOLVED_INTERNAL"
"D1012","E231","E132","METHOD_CALL","IMPLEMENTATION","C:\Users\JBNU\git\ConstraintsRecovery\assets\tankwar\asset2",181,"C:\Users\JBNU\git\ConstraintsRecovery\assets\tankwar\asset15","G4","G4","TankWar_P1|TankWar_P2|TankWar_P3|TankWar_P4|TankWar_P5","TankWar_P1|TankWar_P2|TankWar_P3|TankWar_P4|TankWar_P5",true,"TankWar_P1|TankWar_P2|TankWar_P3|TankWar_P4|TankWar_P5","RESOLVED_INTERNAL"
"D1013","E231","E213","FIELD_REFERENCE","IMPLEMENTATION","C:\Users\JBNU\git\ConstraintsRecovery\assets\tankwar\asset2",182,"C:\Users\JBNU\git\ConstraintsRecovery\assets\tankwar\asset2","G4","G4","TankWar_P1|TankWar_P2|TankWar_P3|TankWar_P4|TankWar_P5","TankWar_P1|TankWar_P2|TankWar_P3|TankWar_P4|TankWar_P5",false,"TankWar_P1|TankWar_P2|TankWar_P3|TankWar_P4|TankWar_P5","RESOLVED_INTERNAL"
"D1014","E231","E203","FIELD_REFERENCE","IMPLEMENTATION","C:\Users\JBNU\git\ConstraintsRecovery\assets\tankwar\asset2",184,"C:\Users\JBNU\git\ConstraintsRecovery\assets\tankwar\asset2","G4","G4","TankWar_P1|TankWar_P2|TankWar_P3|TankWar_P4|TankWar_P5","TankWar_P1|TankWar_P2|TankWar_P3|TankWar_P4|TankWar_P5",false,"TankWar_P1|TankWar_P2|TankWar_P3|TankWar_P4|TankWar_P5","RESOLVED_INTERNAL"
"D1015","E231","E208","FIELD_REFERENCE","IMPLEMENTATION","C:\Users\JBNU\git\ConstraintsRecovery\assets\tankwar\asset2",185,"C:\Users\JBNU\git\ConstraintsRecovery\assets\tankwar\asset2","G4","G4","TankWar_P1|TankWar_P2|TankWar_P3|TankWar_P4|TankWar_P5","TankWar_P1|TankWar_P2|TankWar_P3|TankWar_P4|TankWar_P5",false,"TankWar_P1|TankWar_P2|TankWar_P3|TankWar_P4|TankWar_P5","RESOLVED_INTERNAL"
"D1016","E232","E208","FIELD_REFERENCE","IMPLEMENTATION","C:\Users\JBNU\git\ConstraintsRecovery\assets\tankwar\asset2",189,"C:\Users\JBNU\git\ConstraintsRecovery\assets\tankwar\asset2","G4","G4","TankWar_P1|TankWar_P2|TankWar_P3|TankWar_P4|TankWar_P5","TankWar_P1|TankWar_P2|TankWar_P3|TankWar_P4|TankWar_P5",false,"TankWar_P1|TankWar_P2|TankWar_P3|TankWar_P4|TankWar_P5","RESOLVED_INTERNAL"
"D1017","E232","E209","FIELD_REFERENCE","IMPLEMENTATION","C:\Users\JBNU\git\ConstraintsRecovery\assets\tankwar\asset2",190,"C:\Users\JBNU\git\ConstraintsRecovery\assets\tankwar\asset2","G4","G4","TankWar_P1|TankWar_P2|TankWar_P3|TankWar_P4|TankWar_P5","TankWar_P1|TankWar_P2|TankWar_P3|TankWar_P4|TankWar_P5",false,"TankWar_P1|TankWar_P2|TankWar_P3|TankWar_P4|TankWar_P5","RESOLVED_INTERNAL"
"D1018","E232","E210","FIELD_REFERENCE","IMPLEMENTATION","C:\Users\JBNU\git\ConstraintsRecovery\assets\tankwar\asset2",190,"C:\Users\JBNU\git\ConstraintsRecovery\assets\tankwar\asset2","G4","G4","TankWar_P1|TankWar_P2|TankWar_P3|TankWar_P4|TankWar_P5","TankWar_P1|TankWar_P2|TankWar_P3|TankWar_P4|TankWar_P5",false,"TankWar_P1|TankWar_P2|TankWar_P3|TankWar_P4|TankWar_P5","RESOLVED_INTERNAL"
"D1019","E232","E204","FIELD_REFERENCE","IMPLEMENTATION","C:\Users\JBNU\git\ConstraintsRecovery\assets\tankwar\asset2",191,"C:\Users\JBNU\git\ConstraintsRecovery\assets\tankwar\asset2","G4","G4","TankWar_P1|TankWar_P2|TankWar_P3|TankWar_P4|TankWar_P5","TankWar_P1|TankWar_P2|TankWar_P3|TankWar_P4|TankWar_P5",false,"TankWar_P1|TankWar_P2|TankWar_P3|TankWar_P4|TankWar_P5","RESOLVED_INTERNAL"
"D1020","E232","E205","FIELD_REFERENCE","IMPLEMENTATION","C:\Users\JBNU\git\ConstraintsRecovery\assets\tankwar\asset2",191,"C:\Users\JBNU\git\ConstraintsRecovery\assets\tankwar\asset2","G4","G4","TankWar_P1|TankWar_P2|TankWar_P3|TankWar_P4|TankWar_P5","TankWar_P1|TankWar_P2|TankWar_P3|TankWar_P4|TankWar_P5",false,"TankWar_P1|TankWar_P2|TankWar_P3|TankWar_P4|TankWar_P5","RESOLVED_INTERNAL"
"D1021","E232","E211","FIELD_REFERENCE","IMPLEMENTATION","C:\Users\JBNU\git\ConstraintsRecovery\assets\tankwar\asset2",191,"C:\Users\JBNU\git\ConstraintsRecovery\assets\tankwar\asset2","G4","G4","TankWar_P1|TankWar_P2|TankWar_P3|TankWar_P4|TankWar_P5","TankWar_P1|TankWar_P2|TankWar_P3|TankWar_P4|TankWar_P5",false,"TankWar_P1|TankWar_P2|TankWar_P3|TankWar_P4|TankWar_P5","RESOLVED_INTERNAL"
"D1022","E232","E209","FIELD_REFERENCE","IMPLEMENTATION","C:\Users\JBNU\git\ConstraintsRecovery\assets\tankwar\asset2",192,"C:\Users\JBNU\git\ConstraintsRecovery\assets\tankwar\asset2","G4","G4","TankWar_P1|TankWar_P2|TankWar_P3|TankWar_P4|TankWar_P5","TankWar_P1|TankWar_P2|TankWar_P3|TankWar_P4|TankWar_P5",false,"TankWar_P1|TankWar_P2|TankWar_P3|TankWar_P4|TankWar_P5","RESOLVED_INTERNAL"
"D1023","E232","E120","CONSTRUCTOR_CALL","IMPLEMENTATION","C:\Users\JBNU\git\ConstraintsRecovery\assets\tankwar\asset2",193,"C:\Users\JBNU\git\ConstraintsRecovery\assets\tankwar\asset15","G4","G4","TankWar_P1|TankWar_P2|TankWar_P3|TankWar_P4|TankWar_P5","TankWar_P1|TankWar_P2|TankWar_P3|TankWar_P4|TankWar_P5",true,"TankWar_P1|TankWar_P2|TankWar_P3|TankWar_P4|TankWar_P5","RESOLVED_INTERNAL"
"D1024","E232","E208","FIELD_REFERENCE","IMPLEMENTATION","C:\Users\JBNU\git\ConstraintsRecovery\assets\tankwar\asset2",193,"C:\Users\JBNU\git\ConstraintsRecovery\assets\tankwar\asset2","G4","G4","TankWar_P1|TankWar_P2|TankWar_P3|TankWar_P4|TankWar_P5","TankWar_P1|TankWar_P2|TankWar_P3|TankWar_P4|TankWar_P5",false,"TankWar_P1|TankWar_P2|TankWar_P3|TankWar_P4|TankWar_P5","RESOLVED_INTERNAL"
"D1025","E232","E204","FIELD_REFERENCE","IMPLEMENTATION","C:\Users\JBNU\git\ConstraintsRecovery\assets\tankwar\asset2",194,"C:\Users\JBNU\git\ConstraintsRecovery\assets\tankwar\asset2","G4","G4","TankWar_P1|TankWar_P2|TankWar_P3|TankWar_P4|TankWar_P5","TankWar_P1|TankWar_P2|TankWar_P3|TankWar_P4|TankWar_P5",false,"TankWar_P1|TankWar_P2|TankWar_P3|TankWar_P4|TankWar_P5","RESOLVED_INTERNAL"
"D1026","E232","E205","FIELD_REFERENCE","IMPLEMENTATION","C:\Users\JBNU\git\ConstraintsRecovery\assets\tankwar\asset2",194,"C:\Users\JBNU\git\ConstraintsRecovery\assets\tankwar\asset2","G4","G4","TankWar_P1|TankWar_P2|TankWar_P3|TankWar_P4|TankWar_P5","TankWar_P1|TankWar_P2|TankWar_P3|TankWar_P4|TankWar_P5",false,"TankWar_P1|TankWar_P2|TankWar_P3|TankWar_P4|TankWar_P5","RESOLVED_INTERNAL"
"D1027","E232","E208","FIELD_REFERENCE","IMPLEMENTATION","C:\Users\JBNU\git\ConstraintsRecovery\assets\tankwar\asset2",194,"C:\Users\JBNU\git\ConstraintsRecovery\assets\tankwar\asset2","G4","G4","TankWar_P1|TankWar_P2|TankWar_P3|TankWar_P4|TankWar_P5","TankWar_P1|TankWar_P2|TankWar_P3|TankWar_P4|TankWar_P5",false,"TankWar_P1|TankWar_P2|TankWar_P3|TankWar_P4|TankWar_P5","RESOLVED_INTERNAL"
"D1028","E232","E211","FIELD_REFERENCE","IMPLEMENTATION","C:\Users\JBNU\git\ConstraintsRecovery\assets\tankwar\asset2",194,"C:\Users\JBNU\git\ConstraintsRecovery\assets\tankwar\asset2","G4","G4","TankWar_P1|TankWar_P2|TankWar_P3|TankWar_P4|TankWar_P5","TankWar_P1|TankWar_P2|TankWar_P3|TankWar_P4|TankWar_P5",false,"TankWar_P1|TankWar_P2|TankWar_P3|TankWar_P4|TankWar_P5","RESOLVED_INTERNAL"
"D1029","E232","E123","METHOD_CALL","IMPLEMENTATION","C:\Users\JBNU\git\ConstraintsRecovery\assets\tankwar\asset2",194,"C:\Users\JBNU\git\ConstraintsRecovery\assets\tankwar\asset15","G4","G4","TankWar_P1|TankWar_P2|TankWar_P3|TankWar_P4|TankWar_P5","TankWar_P1|TankWar_P2|TankWar_P3|TankWar_P4|TankWar_P5",true,"TankWar_P1|TankWar_P2|TankWar_P3|TankWar_P4|TankWar_P5","RESOLVED_INTERNAL"
"D1030","E232","E208","FIELD_REFERENCE","IMPLEMENTATION","C:\Users\JBNU\git\ConstraintsRecovery\assets\tankwar\asset2",195,"C:\Users\JBNU\git\ConstraintsRecovery\assets\tankwar\asset2","G4","G4","TankWar_P1|TankWar_P2|TankWar_P3|TankWar_P4|TankWar_P5","TankWar_P1|TankWar_P2|TankWar_P3|TankWar_P4|TankWar_P5",false,"TankWar_P1|TankWar_P2|TankWar_P3|TankWar_P4|TankWar_P5","RESOLVED_INTERNAL"
"D1031","E232","E124","METHOD_CALL","IMPLEMENTATION","C:\Users\JBNU\git\ConstraintsRecovery\assets\tankwar\asset2",195,"C:\Users\JBNU\git\ConstraintsRecovery\assets\tankwar\asset15","G4","G4","TankWar_P1|TankWar_P2|TankWar_P3|TankWar_P4|TankWar_P5","TankWar_P1|TankWar_P2|TankWar_P3|TankWar_P4|TankWar_P5",true,"TankWar_P1|TankWar_P2|TankWar_P3|TankWar_P4|TankWar_P5","RESOLVED_INTERNAL"
"D1032","E232","E208","FIELD_REFERENCE","IMPLEMENTATION","C:\Users\JBNU\git\ConstraintsRecovery\assets\tankwar\asset2",196,"C:\Users\JBNU\git\ConstraintsRecovery\assets\tankwar\asset2","G4","G4","TankWar_P1|TankWar_P2|TankWar_P3|TankWar_P4|TankWar_P5","TankWar_P1|TankWar_P2|TankWar_P3|TankWar_P4|TankWar_P5",false,"TankWar_P1|TankWar_P2|TankWar_P3|TankWar_P4|TankWar_P5","RESOLVED_INTERNAL"
"D1033","E232","E208","FIELD_REFERENCE","IMPLEMENTATION","C:\Users\JBNU\git\ConstraintsRecovery\assets\tankwar\asset2",197,"C:\Users\JBNU\git\ConstraintsRecovery\assets\tankwar\asset2","G4","G4","TankWar_P1|TankWar_P2|TankWar_P3|TankWar_P4|TankWar_P5","TankWar_P1|TankWar_P2|TankWar_P3|TankWar_P4|TankWar_P5",false,"TankWar_P1|TankWar_P2|TankWar_P3|TankWar_P4|TankWar_P5","RESOLVED_INTERNAL"
"D1034","E232","E208","FIELD_REFERENCE","IMPLEMENTATION","C:\Users\JBNU\git\ConstraintsRecovery\assets\tankwar\asset2",198,"C:\Users\JBNU\git\ConstraintsRecovery\assets\tankwar\asset2","G4","G4","TankWar_P1|TankWar_P2|TankWar_P3|TankWar_P4|TankWar_P5","TankWar_P1|TankWar_P2|TankWar_P3|TankWar_P4|TankWar_P5",false,"TankWar_P1|TankWar_P2|TankWar_P3|TankWar_P4|TankWar_P5","RESOLVED_INTERNAL"
"D1035","E232","E125","METHOD_CALL","IMPLEMENTATION","C:\Users\JBNU\git\ConstraintsRecovery\assets\tankwar\asset2",198,"C:\Users\JBNU\git\ConstraintsRecovery\assets\tankwar\asset15","G4","G4","TankWar_P1|TankWar_P2|TankWar_P3|TankWar_P4|TankWar_P5","TankWar_P1|TankWar_P2|TankWar_P3|TankWar_P4|TankWar_P5",true,"TankWar_P1|TankWar_P2|TankWar_P3|TankWar_P4|TankWar_P5","RESOLVED_INTERNAL"
"D1036","E232","E208","FIELD_REFERENCE","IMPLEMENTATION","C:\Users\JBNU\git\ConstraintsRecovery\assets\tankwar\asset2",199,"C:\Users\JBNU\git\ConstraintsRecovery\assets\tankwar\asset2","G4","G4","TankWar_P1|TankWar_P2|TankWar_P3|TankWar_P4|TankWar_P5","TankWar_P1|TankWar_P2|TankWar_P3|TankWar_P4|TankWar_P5",false,"TankWar_P1|TankWar_P2|TankWar_P3|TankWar_P4|TankWar_P5","RESOLVED_INTERNAL"
"D1037","E232","E124","METHOD_CALL","IMPLEMENTATION","C:\Users\JBNU\git\ConstraintsRecovery\assets\tankwar\asset2",199,"C:\Users\JBNU\git\ConstraintsRecovery\assets\tankwar\asset15","G4","G4","TankWar_P1|TankWar_P2|TankWar_P3|TankWar_P4|TankWar_P5","TankWar_P1|TankWar_P2|TankWar_P3|TankWar_P4|TankWar_P5",true,"TankWar_P1|TankWar_P2|TankWar_P3|TankWar_P4|TankWar_P5","RESOLVED_INTERNAL"
"D1038","E232","E206","FIELD_REFERENCE","IMPLEMENTATION","C:\Users\JBNU\git\ConstraintsRecovery\assets\tankwar\asset2",201,"C:\Users\JBNU\git\ConstraintsRecovery\assets\tankwar\asset2","G4","G4","TankWar_P1|TankWar_P2|TankWar_P3|TankWar_P4|TankWar_P5","TankWar_P1|TankWar_P2|TankWar_P3|TankWar_P4|TankWar_P5",false,"TankWar_P1|TankWar_P2|TankWar_P3|TankWar_P4|TankWar_P5","RESOLVED_INTERNAL"
"D1039","E232","E208","FIELD_REFERENCE","IMPLEMENTATION","C:\Users\JBNU\git\ConstraintsRecovery\assets\tankwar\asset2",201,"C:\Users\JBNU\git\ConstraintsRecovery\assets\tankwar\asset2","G4","G4","TankWar_P1|TankWar_P2|TankWar_P3|TankWar_P4|TankWar_P5","TankWar_P1|TankWar_P2|TankWar_P3|TankWar_P4|TankWar_P5",false,"TankWar_P1|TankWar_P2|TankWar_P3|TankWar_P4|TankWar_P5","RESOLVED_INTERNAL"
"D1040","E232","E132","METHOD_CALL","IMPLEMENTATION","C:\Users\JBNU\git\ConstraintsRecovery\assets\tankwar\asset2",201,"C:\Users\JBNU\git\ConstraintsRecovery\assets\tankwar\asset15","G4","G4","TankWar_P1|TankWar_P2|TankWar_P3|TankWar_P4|TankWar_P5","TankWar_P1|TankWar_P2|TankWar_P3|TankWar_P4|TankWar_P5",true,"TankWar_P1|TankWar_P2|TankWar_P3|TankWar_P4|TankWar_P5","RESOLVED_INTERNAL"
"D1041","E233","E203","FIELD_REFERENCE","IMPLEMENTATION","C:\Users\JBNU\git\ConstraintsRecovery\assets\tankwar\asset2",205,"C:\Users\JBNU\git\ConstraintsRecovery\assets\tankwar\asset2","G4","G4","TankWar_P1|TankWar_P2|TankWar_P3|TankWar_P4|TankWar_P5","TankWar_P1|TankWar_P2|TankWar_P3|TankWar_P4|TankWar_P5",false,"TankWar_P1|TankWar_P2|TankWar_P3|TankWar_P4|TankWar_P5","RESOLVED_INTERNAL"
"D1042","E233","E204","FIELD_REFERENCE","IMPLEMENTATION","C:\Users\JBNU\git\ConstraintsRecovery\assets\tankwar\asset2",206,"C:\Users\JBNU\git\ConstraintsRecovery\assets\tankwar\asset2","G4","G4","TankWar_P1|TankWar_P2|TankWar_P3|TankWar_P4|TankWar_P5","TankWar_P1|TankWar_P2|TankWar_P3|TankWar_P4|TankWar_P5",false,"TankWar_P1|TankWar_P2|TankWar_P3|TankWar_P4|TankWar_P5","RESOLVED_INTERNAL"
"D1043","E233","E205","FIELD_REFERENCE","IMPLEMENTATION","C:\Users\JBNU\git\ConstraintsRecovery\assets\tankwar\asset2",206,"C:\Users\JBNU\git\ConstraintsRecovery\assets\tankwar\asset2","G4","G4","TankWar_P1|TankWar_P2|TankWar_P3|TankWar_P4|TankWar_P5","TankWar_P1|TankWar_P2|TankWar_P3|TankWar_P4|TankWar_P5",false,"TankWar_P1|TankWar_P2|TankWar_P3|TankWar_P4|TankWar_P5","RESOLVED_INTERNAL"
"D1044","E233","E209","FIELD_REFERENCE","IMPLEMENTATION","C:\Users\JBNU\git\ConstraintsRecovery\assets\tankwar\asset2",207,"C:\Users\JBNU\git\ConstraintsRecovery\assets\tankwar\asset2","G4","G4","TankWar_P1|TankWar_P2|TankWar_P3|TankWar_P4|TankWar_P5","TankWar_P1|TankWar_P2|TankWar_P3|TankWar_P4|TankWar_P5",false,"TankWar_P1|TankWar_P2|TankWar_P3|TankWar_P4|TankWar_P5","RESOLVED_INTERNAL"
"D1045","E233","E210","FIELD_REFERENCE","IMPLEMENTATION","C:\Users\JBNU\git\ConstraintsRecovery\assets\tankwar\asset2",207,"C:\Users\JBNU\git\ConstraintsRecovery\assets\tankwar\asset2","G4","G4","TankWar_P1|TankWar_P2|TankWar_P3|TankWar_P4|TankWar_P5","TankWar_P1|TankWar_P2|TankWar_P3|TankWar_P4|TankWar_P5",false,"TankWar_P1|TankWar_P2|TankWar_P3|TankWar_P4|TankWar_P5","RESOLVED_INTERNAL"
"D1046","E233","E209","FIELD_REFERENCE","IMPLEMENTATION","C:\Users\JBNU\git\ConstraintsRecovery\assets\tankwar\asset2",208,"C:\Users\JBNU\git\ConstraintsRecovery\assets\tankwar\asset2","G4","G4","TankWar_P1|TankWar_P2|TankWar_P3|TankWar_P4|TankWar_P5","TankWar_P1|TankWar_P2|TankWar_P3|TankWar_P4|TankWar_P5",false,"TankWar_P1|TankWar_P2|TankWar_P3|TankWar_P4|TankWar_P5","RESOLVED_INTERNAL"
"D1047","E233","E208","FIELD_REFERENCE","IMPLEMENTATION","C:\Users\JBNU\git\ConstraintsRecovery\assets\tankwar\asset2",209,"C:\Users\JBNU\git\ConstraintsRecovery\assets\tankwar\asset2","G4","G4","TankWar_P1|TankWar_P2|TankWar_P3|TankWar_P4|TankWar_P5","TankWar_P1|TankWar_P2|TankWar_P3|TankWar_P4|TankWar_P5",false,"TankWar_P1|TankWar_P2|TankWar_P3|TankWar_P4|TankWar_P5","RESOLVED_INTERNAL"
"D1048","E234","E208","FIELD_REFERENCE","IMPLEMENTATION","C:\Users\JBNU\git\ConstraintsRecovery\assets\tankwar\asset2",212,"C:\Users\JBNU\git\ConstraintsRecovery\assets\tankwar\asset2","G4","G4","TankWar_P1|TankWar_P2|TankWar_P3|TankWar_P4|TankWar_P5","TankWar_P1|TankWar_P2|TankWar_P3|TankWar_P4|TankWar_P5",false,"TankWar_P1|TankWar_P2|TankWar_P3|TankWar_P4|TankWar_P5","RESOLVED_INTERNAL"
"D1049","E234","E120","CONSTRUCTOR_CALL","IMPLEMENTATION","C:\Users\JBNU\git\ConstraintsRecovery\assets\tankwar\asset2",213,"C:\Users\JBNU\git\ConstraintsRecovery\assets\tankwar\asset15","G4","G4","TankWar_P1|TankWar_P2|TankWar_P3|TankWar_P4|TankWar_P5","TankWar_P1|TankWar_P2|TankWar_P3|TankWar_P4|TankWar_P5",true,"TankWar_P1|TankWar_P2|TankWar_P3|TankWar_P4|TankWar_P5","RESOLVED_INTERNAL"
"D1050","E234","E208","FIELD_REFERENCE","IMPLEMENTATION","C:\Users\JBNU\git\ConstraintsRecovery\assets\tankwar\asset2",213,"C:\Users\JBNU\git\ConstraintsRecovery\assets\tankwar\asset2","G4","G4","TankWar_P1|TankWar_P2|TankWar_P3|TankWar_P4|TankWar_P5","TankWar_P1|TankWar_P2|TankWar_P3|TankWar_P4|TankWar_P5",false,"TankWar_P1|TankWar_P2|TankWar_P3|TankWar_P4|TankWar_P5","RESOLVED_INTERNAL"
"D1051","E234","E204","FIELD_REFERENCE","IMPLEMENTATION","C:\Users\JBNU\git\ConstraintsRecovery\assets\tankwar\asset2",214,"C:\Users\JBNU\git\ConstraintsRecovery\assets\tankwar\asset2","G4","G4","TankWar_P1|TankWar_P2|TankWar_P3|TankWar_P4|TankWar_P5","TankWar_P1|TankWar_P2|TankWar_P3|TankWar_P4|TankWar_P5",false,"TankWar_P1|TankWar_P2|TankWar_P3|TankWar_P4|TankWar_P5","RESOLVED_INTERNAL"
"D1052","E234","E205","FIELD_REFERENCE","IMPLEMENTATION","C:\Users\JBNU\git\ConstraintsRecovery\assets\tankwar\asset2",214,"C:\Users\JBNU\git\ConstraintsRecovery\assets\tankwar\asset2","G4","G4","TankWar_P1|TankWar_P2|TankWar_P3|TankWar_P4|TankWar_P5","TankWar_P1|TankWar_P2|TankWar_P3|TankWar_P4|TankWar_P5",false,"TankWar_P1|TankWar_P2|TankWar_P3|TankWar_P4|TankWar_P5","RESOLVED_INTERNAL"
"D1053","E234","E208","FIELD_REFERENCE","IMPLEMENTATION","C:\Users\JBNU\git\ConstraintsRecovery\assets\tankwar\asset2",214,"C:\Users\JBNU\git\ConstraintsRecovery\assets\tankwar\asset2","G4","G4","TankWar_P1|TankWar_P2|TankWar_P3|TankWar_P4|TankWar_P5","TankWar_P1|TankWar_P2|TankWar_P3|TankWar_P4|TankWar_P5",false,"TankWar_P1|TankWar_P2|TankWar_P3|TankWar_P4|TankWar_P5","RESOLVED_INTERNAL"
"D1054","E234","E211","FIELD_REFERENCE","IMPLEMENTATION","C:\Users\JBNU\git\ConstraintsRecovery\assets\tankwar\asset2",214,"C:\Users\JBNU\git\ConstraintsRecovery\assets\tankwar\asset2","G4","G4","TankWar_P1|TankWar_P2|TankWar_P3|TankWar_P4|TankWar_P5","TankWar_P1|TankWar_P2|TankWar_P3|TankWar_P4|TankWar_P5",false,"TankWar_P1|TankWar_P2|TankWar_P3|TankWar_P4|TankWar_P5","RESOLVED_INTERNAL"
"D1055","E234","E123","METHOD_CALL","IMPLEMENTATION","C:\Users\JBNU\git\ConstraintsRecovery\assets\tankwar\asset2",214,"C:\Users\JBNU\git\ConstraintsRecovery\assets\tankwar\asset15","G4","G4","TankWar_P1|TankWar_P2|TankWar_P3|TankWar_P4|TankWar_P5","TankWar_P1|TankWar_P2|TankWar_P3|TankWar_P4|TankWar_P5",true,"TankWar_P1|TankWar_P2|TankWar_P3|TankWar_P4|TankWar_P5","RESOLVED_INTERNAL"
"D1056","E234","E208","FIELD_REFERENCE","IMPLEMENTATION","C:\Users\JBNU\git\ConstraintsRecovery\assets\tankwar\asset2",215,"C:\Users\JBNU\git\ConstraintsRecovery\assets\tankwar\asset2","G4","G4","TankWar_P1|TankWar_P2|TankWar_P3|TankWar_P4|TankWar_P5","TankWar_P1|TankWar_P2|TankWar_P3|TankWar_P4|TankWar_P5",false,"TankWar_P1|TankWar_P2|TankWar_P3|TankWar_P4|TankWar_P5","RESOLVED_INTERNAL"
"D1057","E234","E124","METHOD_CALL","IMPLEMENTATION","C:\Users\JBNU\git\ConstraintsRecovery\assets\tankwar\asset2",215,"C:\Users\JBNU\git\ConstraintsRecovery\assets\tankwar\asset15","G4","G4","TankWar_P1|TankWar_P2|TankWar_P3|TankWar_P4|TankWar_P5","TankWar_P1|TankWar_P2|TankWar_P3|TankWar_P4|TankWar_P5",true,"TankWar_P1|TankWar_P2|TankWar_P3|TankWar_P4|TankWar_P5","RESOLVED_INTERNAL"
"D1058","E234","E208","FIELD_REFERENCE","IMPLEMENTATION","C:\Users\JBNU\git\ConstraintsRecovery\assets\tankwar\asset2",216,"C:\Users\JBNU\git\ConstraintsRecovery\assets\tankwar\asset2","G4","G4","TankWar_P1|TankWar_P2|TankWar_P3|TankWar_P4|TankWar_P5","TankWar_P1|TankWar_P2|TankWar_P3|TankWar_P4|TankWar_P5",false,"TankWar_P1|TankWar_P2|TankWar_P3|TankWar_P4|TankWar_P5","RESOLVED_INTERNAL"
"D1059","E234","E208","FIELD_REFERENCE","IMPLEMENTATION","C:\Users\JBNU\git\ConstraintsRecovery\assets\tankwar\asset2",217,"C:\Users\JBNU\git\ConstraintsRecovery\assets\tankwar\asset2","G4","G4","TankWar_P1|TankWar_P2|TankWar_P3|TankWar_P4|TankWar_P5","TankWar_P1|TankWar_P2|TankWar_P3|TankWar_P4|TankWar_P5",false,"TankWar_P1|TankWar_P2|TankWar_P3|TankWar_P4|TankWar_P5","RESOLVED_INTERNAL"
"D1060","E234","E125","METHOD_CALL","IMPLEMENTATION","C:\Users\JBNU\git\ConstraintsRecovery\assets\tankwar\asset2",217,"C:\Users\JBNU\git\ConstraintsRecovery\assets\tankwar\asset15","G4","G4","TankWar_P1|TankWar_P2|TankWar_P3|TankWar_P4|TankWar_P5","TankWar_P1|TankWar_P2|TankWar_P3|TankWar_P4|TankWar_P5",true,"TankWar_P1|TankWar_P2|TankWar_P3|TankWar_P4|TankWar_P5","RESOLVED_INTERNAL"
"D1061","E234","E208","FIELD_REFERENCE","IMPLEMENTATION","C:\Users\JBNU\git\ConstraintsRecovery\assets\tankwar\asset2",218,"C:\Users\JBNU\git\ConstraintsRecovery\assets\tankwar\asset2","G4","G4","TankWar_P1|TankWar_P2|TankWar_P3|TankWar_P4|TankWar_P5","TankWar_P1|TankWar_P2|TankWar_P3|TankWar_P4|TankWar_P5",false,"TankWar_P1|TankWar_P2|TankWar_P3|TankWar_P4|TankWar_P5","RESOLVED_INTERNAL"
"D1062","E234","E124","METHOD_CALL","IMPLEMENTATION","C:\Users\JBNU\git\ConstraintsRecovery\assets\tankwar\asset2",218,"C:\Users\JBNU\git\ConstraintsRecovery\assets\tankwar\asset15","G4","G4","TankWar_P1|TankWar_P2|TankWar_P3|TankWar_P4|TankWar_P5","TankWar_P1|TankWar_P2|TankWar_P3|TankWar_P4|TankWar_P5",true,"TankWar_P1|TankWar_P2|TankWar_P3|TankWar_P4|TankWar_P5","RESOLVED_INTERNAL"
"D1063","E234","E206","FIELD_REFERENCE","IMPLEMENTATION","C:\Users\JBNU\git\ConstraintsRecovery\assets\tankwar\asset2",220,"C:\Users\JBNU\git\ConstraintsRecovery\assets\tankwar\asset2","G4","G4","TankWar_P1|TankWar_P2|TankWar_P3|TankWar_P4|TankWar_P5","TankWar_P1|TankWar_P2|TankWar_P3|TankWar_P4|TankWar_P5",false,"TankWar_P1|TankWar_P2|TankWar_P3|TankWar_P4|TankWar_P5","RESOLVED_INTERNAL"
"D1064","E234","E208","FIELD_REFERENCE","IMPLEMENTATION","C:\Users\JBNU\git\ConstraintsRecovery\assets\tankwar\asset2",220,"C:\Users\JBNU\git\ConstraintsRecovery\assets\tankwar\asset2","G4","G4","TankWar_P1|TankWar_P2|TankWar_P3|TankWar_P4|TankWar_P5","TankWar_P1|TankWar_P2|TankWar_P3|TankWar_P4|TankWar_P5",false,"TankWar_P1|TankWar_P2|TankWar_P3|TankWar_P4|TankWar_P5","RESOLVED_INTERNAL"
"D1065","E234","E132","METHOD_CALL","IMPLEMENTATION","C:\Users\JBNU\git\ConstraintsRecovery\assets\tankwar\asset2",220,"C:\Users\JBNU\git\ConstraintsRecovery\assets\tankwar\asset15","G4","G4","TankWar_P1|TankWar_P2|TankWar_P3|TankWar_P4|TankWar_P5","TankWar_P1|TankWar_P2|TankWar_P3|TankWar_P4|TankWar_P5",true,"TankWar_P1|TankWar_P2|TankWar_P3|TankWar_P4|TankWar_P5","RESOLVED_INTERNAL"
"D1066","E235","E208","FIELD_REFERENCE","IMPLEMENTATION","C:\Users\JBNU\git\ConstraintsRecovery\assets\tankwar\asset2",223,"C:\Users\JBNU\git\ConstraintsRecovery\assets\tankwar\asset2","G4","G4","TankWar_P1|TankWar_P2|TankWar_P3|TankWar_P4|TankWar_P5","TankWar_P1|TankWar_P2|TankWar_P3|TankWar_P4|TankWar_P5",false,"TankWar_P1|TankWar_P2|TankWar_P3|TankWar_P4|TankWar_P5","RESOLVED_INTERNAL"
"D1067","E235","E208","FIELD_REFERENCE","IMPLEMENTATION","C:\Users\JBNU\git\ConstraintsRecovery\assets\tankwar\asset2",224,"C:\Users\JBNU\git\ConstraintsRecovery\assets\tankwar\asset2","G4","G4","TankWar_P1|TankWar_P2|TankWar_P3|TankWar_P4|TankWar_P5","TankWar_P1|TankWar_P2|TankWar_P3|TankWar_P4|TankWar_P5",false,"TankWar_P1|TankWar_P2|TankWar_P3|TankWar_P4|TankWar_P5","RESOLVED_INTERNAL"
"D1068","E235","E131","METHOD_CALL","IMPLEMENTATION","C:\Users\JBNU\git\ConstraintsRecovery\assets\tankwar\asset2",224,"C:\Users\JBNU\git\ConstraintsRecovery\assets\tankwar\asset15","G4","G4","TankWar_P1|TankWar_P2|TankWar_P3|TankWar_P4|TankWar_P5","TankWar_P1|TankWar_P2|TankWar_P3|TankWar_P4|TankWar_P5",true,"TankWar_P1|TankWar_P2|TankWar_P3|TankWar_P4|TankWar_P5","RESOLVED_INTERNAL"
"D1069","E236","E203","FIELD_REFERENCE","IMPLEMENTATION","C:\Users\JBNU\git\ConstraintsRecovery\assets\tankwar\asset2",230,"C:\Users\JBNU\git\ConstraintsRecovery\assets\tankwar\asset2","G4","G4","TankWar_P1|TankWar_P2|TankWar_P3|TankWar_P4|TankWar_P5","TankWar_P1|TankWar_P2|TankWar_P3|TankWar_P4|TankWar_P5",false,"TankWar_P1|TankWar_P2|TankWar_P3|TankWar_P4|TankWar_P5","RESOLVED_INTERNAL"
"D1070","E236","E208","FIELD_REFERENCE","IMPLEMENTATION","C:\Users\JBNU\git\ConstraintsRecovery\assets\tankwar\asset2",231,"C:\Users\JBNU\git\ConstraintsRecovery\assets\tankwar\asset2","G4","G4","TankWar_P1|TankWar_P2|TankWar_P3|TankWar_P4|TankWar_P5","TankWar_P1|TankWar_P2|TankWar_P3|TankWar_P4|TankWar_P5",false,"TankWar_P1|TankWar_P2|TankWar_P3|TankWar_P4|TankWar_P5","RESOLVED_INTERNAL"
"D1071","E236","E203","FIELD_REFERENCE","IMPLEMENTATION","C:\Users\JBNU\git\ConstraintsRecovery\assets\tankwar\asset2",235,"C:\Users\JBNU\git\ConstraintsRecovery\assets\tankwar\asset2","G4","G4","TankWar_P1|TankWar_P2|TankWar_P3|TankWar_P4|TankWar_P5","TankWar_P1|TankWar_P2|TankWar_P3|TankWar_P4|TankWar_P5",false,"TankWar_P1|TankWar_P2|TankWar_P3|TankWar_P4|TankWar_P5","RESOLVED_INTERNAL"
"D1072","E236","E208","FIELD_REFERENCE","IMPLEMENTATION","C:\Users\JBNU\git\ConstraintsRecovery\assets\tankwar\asset2",236,"C:\Users\JBNU\git\ConstraintsRecovery\assets\tankwar\asset2","G4","G4","TankWar_P1|TankWar_P2|TankWar_P3|TankWar_P4|TankWar_P5","TankWar_P1|TankWar_P2|TankWar_P3|TankWar_P4|TankWar_P5",false,"TankWar_P1|TankWar_P2|TankWar_P3|TankWar_P4|TankWar_P5","RESOLVED_INTERNAL"
"D1073","E236","E203","FIELD_REFERENCE","IMPLEMENTATION","C:\Users\JBNU\git\ConstraintsRecovery\assets\tankwar\asset2",240,"C:\Users\JBNU\git\ConstraintsRecovery\assets\tankwar\asset2","G4","G4","TankWar_P1|TankWar_P2|TankWar_P3|TankWar_P4|TankWar_P5","TankWar_P1|TankWar_P2|TankWar_P3|TankWar_P4|TankWar_P5",false,"TankWar_P1|TankWar_P2|TankWar_P3|TankWar_P4|TankWar_P5","RESOLVED_INTERNAL"
"D1074","E236","E208","FIELD_REFERENCE","IMPLEMENTATION","C:\Users\JBNU\git\ConstraintsRecovery\assets\tankwar\asset2",241,"C:\Users\JBNU\git\ConstraintsRecovery\assets\tankwar\asset2","G4","G4","TankWar_P1|TankWar_P2|TankWar_P3|TankWar_P4|TankWar_P5","TankWar_P1|TankWar_P2|TankWar_P3|TankWar_P4|TankWar_P5",false,"TankWar_P1|TankWar_P2|TankWar_P3|TankWar_P4|TankWar_P5","RESOLVED_INTERNAL"
"D1075","E236","E203","FIELD_REFERENCE","IMPLEMENTATION","C:\Users\JBNU\git\ConstraintsRecovery\assets\tankwar\asset2",245,"C:\Users\JBNU\git\ConstraintsRecovery\assets\tankwar\asset2","G4","G4","TankWar_P1|TankWar_P2|TankWar_P3|TankWar_P4|TankWar_P5","TankWar_P1|TankWar_P2|TankWar_P3|TankWar_P4|TankWar_P5",false,"TankWar_P1|TankWar_P2|TankWar_P3|TankWar_P4|TankWar_P5","RESOLVED_INTERNAL"
"D1076","E236","E208","FIELD_REFERENCE","IMPLEMENTATION","C:\Users\JBNU\git\ConstraintsRecovery\assets\tankwar\asset2",246,"C:\Users\JBNU\git\ConstraintsRecovery\assets\tankwar\asset2","G4","G4","TankWar_P1|TankWar_P2|TankWar_P3|TankWar_P4|TankWar_P5","TankWar_P1|TankWar_P2|TankWar_P3|TankWar_P4|TankWar_P5",false,"TankWar_P1|TankWar_P2|TankWar_P3|TankWar_P4|TankWar_P5","RESOLVED_INTERNAL"
"D1077","E236","E203","FIELD_REFERENCE","IMPLEMENTATION","C:\Users\JBNU\git\ConstraintsRecovery\assets\tankwar\asset2",250,"C:\Users\JBNU\git\ConstraintsRecovery\assets\tankwar\asset2","G4","G4","TankWar_P1|TankWar_P2|TankWar_P3|TankWar_P4|TankWar_P5","TankWar_P1|TankWar_P2|TankWar_P3|TankWar_P4|TankWar_P5",false,"TankWar_P1|TankWar_P2|TankWar_P3|TankWar_P4|TankWar_P5","RESOLVED_INTERNAL"
"D1078","E236","E208","FIELD_REFERENCE","IMPLEMENTATION","C:\Users\JBNU\git\ConstraintsRecovery\assets\tankwar\asset2",251,"C:\Users\JBNU\git\ConstraintsRecovery\assets\tankwar\asset2","G4","G4","TankWar_P1|TankWar_P2|TankWar_P3|TankWar_P4|TankWar_P5","TankWar_P1|TankWar_P2|TankWar_P3|TankWar_P4|TankWar_P5",false,"TankWar_P1|TankWar_P2|TankWar_P3|TankWar_P4|TankWar_P5","RESOLVED_INTERNAL"
"D1079","E236","E203","FIELD_REFERENCE","IMPLEMENTATION","C:\Users\JBNU\git\ConstraintsRecovery\assets\tankwar\asset2",255,"C:\Users\JBNU\git\ConstraintsRecovery\assets\tankwar\asset2","G4","G4","TankWar_P1|TankWar_P2|TankWar_P3|TankWar_P4|TankWar_P5","TankWar_P1|TankWar_P2|TankWar_P3|TankWar_P4|TankWar_P5",false,"TankWar_P1|TankWar_P2|TankWar_P3|TankWar_P4|TankWar_P5","RESOLVED_INTERNAL"
"D1080","E236","E208","FIELD_REFERENCE","IMPLEMENTATION","C:\Users\JBNU\git\ConstraintsRecovery\assets\tankwar\asset2",256,"C:\Users\JBNU\git\ConstraintsRecovery\assets\tankwar\asset2","G4","G4","TankWar_P1|TankWar_P2|TankWar_P3|TankWar_P4|TankWar_P5","TankWar_P1|TankWar_P2|TankWar_P3|TankWar_P4|TankWar_P5",false,"TankWar_P1|TankWar_P2|TankWar_P3|TankWar_P4|TankWar_P5","RESOLVED_INTERNAL"
"D1081","E236","E203","FIELD_REFERENCE","IMPLEMENTATION","C:\Users\JBNU\git\ConstraintsRecovery\assets\tankwar\asset2",263,"C:\Users\JBNU\git\ConstraintsRecovery\assets\tankwar\asset2","G4","G4","TankWar_P1|TankWar_P2|TankWar_P3|TankWar_P4|TankWar_P5","TankWar_P1|TankWar_P2|TankWar_P3|TankWar_P4|TankWar_P5",false,"TankWar_P1|TankWar_P2|TankWar_P3|TankWar_P4|TankWar_P5","RESOLVED_INTERNAL"
"D1082","E236","E208","FIELD_REFERENCE","IMPLEMENTATION","C:\Users\JBNU\git\ConstraintsRecovery\assets\tankwar\asset2",264,"C:\Users\JBNU\git\ConstraintsRecovery\assets\tankwar\asset2","G4","G4","TankWar_P1|TankWar_P2|TankWar_P3|TankWar_P4|TankWar_P5","TankWar_P1|TankWar_P2|TankWar_P3|TankWar_P4|TankWar_P5",false,"TankWar_P1|TankWar_P2|TankWar_P3|TankWar_P4|TankWar_P5","RESOLVED_INTERNAL"
"D1083","E236","E233","METHOD_CALL","IMPLEMENTATION","C:\Users\JBNU\git\ConstraintsRecovery\assets\tankwar\asset2",267,"C:\Users\JBNU\git\ConstraintsRecovery\assets\tankwar\asset2","G4","G4","TankWar_P1|TankWar_P2|TankWar_P3|TankWar_P4|TankWar_P5","TankWar_P1|TankWar_P2|TankWar_P3|TankWar_P4|TankWar_P5",false,"TankWar_P1|TankWar_P2|TankWar_P3|TankWar_P4|TankWar_P5","RESOLVED_INTERNAL"
"D1084","E236","E208","FIELD_REFERENCE","IMPLEMENTATION","C:\Users\JBNU\git\ConstraintsRecovery\assets\tankwar\asset2",270,"C:\Users\JBNU\git\ConstraintsRecovery\assets\tankwar\asset2","G4","G4","TankWar_P1|TankWar_P2|TankWar_P3|TankWar_P4|TankWar_P5","TankWar_P1|TankWar_P2|TankWar_P3|TankWar_P4|TankWar_P5",false,"TankWar_P1|TankWar_P2|TankWar_P3|TankWar_P4|TankWar_P5","RESOLVED_INTERNAL"
"D1085","E236","E214","FIELD_REFERENCE","IMPLEMENTATION","C:\Users\JBNU\git\ConstraintsRecovery\assets\tankwar\asset2",271,"C:\Users\JBNU\git\ConstraintsRecovery\assets\tankwar\asset2","G4","G4","TankWar_P1|TankWar_P2|TankWar_P3|TankWar_P4|TankWar_P5","TankWar_P1|TankWar_P2|TankWar_P3|TankWar_P4|TankWar_P5",false,"TankWar_P1|TankWar_P2|TankWar_P3|TankWar_P4|TankWar_P5","RESOLVED_INTERNAL"
"D1086","E236","E203","FIELD_REFERENCE","IMPLEMENTATION","C:\Users\JBNU\git\ConstraintsRecovery\assets\tankwar\asset2",273,"C:\Users\JBNU\git\ConstraintsRecovery\assets\tankwar\asset2","G4","G4","TankWar_P1|TankWar_P2|TankWar_P3|TankWar_P4|TankWar_P5","TankWar_P1|TankWar_P2|TankWar_P3|TankWar_P4|TankWar_P5",false,"TankWar_P1|TankWar_P2|TankWar_P3|TankWar_P4|TankWar_P5","RESOLVED_INTERNAL"
"D1087","E236","E208","FIELD_REFERENCE","IMPLEMENTATION","C:\Users\JBNU\git\ConstraintsRecovery\assets\tankwar\asset2",276,"C:\Users\JBNU\git\ConstraintsRecovery\assets\tankwar\asset2","G4","G4","TankWar_P1|TankWar_P2|TankWar_P3|TankWar_P4|TankWar_P5","TankWar_P1|TankWar_P2|TankWar_P3|TankWar_P4|TankWar_P5",false,"TankWar_P1|TankWar_P2|TankWar_P3|TankWar_P4|TankWar_P5","RESOLVED_INTERNAL"
"D1088","E236","E214","FIELD_REFERENCE","IMPLEMENTATION","C:\Users\JBNU\git\ConstraintsRecovery\assets\tankwar\asset2",277,"C:\Users\JBNU\git\ConstraintsRecovery\assets\tankwar\asset2","G4","G4","TankWar_P1|TankWar_P2|TankWar_P3|TankWar_P4|TankWar_P5","TankWar_P1|TankWar_P2|TankWar_P3|TankWar_P4|TankWar_P5",false,"TankWar_P1|TankWar_P2|TankWar_P3|TankWar_P4|TankWar_P5","RESOLVED_INTERNAL"
"D1089","E236","E203","FIELD_REFERENCE","IMPLEMENTATION","C:\Users\JBNU\git\ConstraintsRecovery\assets\tankwar\asset2",279,"C:\Users\JBNU\git\ConstraintsRecovery\assets\tankwar\asset2","G4","G4","TankWar_P1|TankWar_P2|TankWar_P3|TankWar_P4|TankWar_P5","TankWar_P1|TankWar_P2|TankWar_P3|TankWar_P4|TankWar_P5",false,"TankWar_P1|TankWar_P2|TankWar_P3|TankWar_P4|TankWar_P5","RESOLVED_INTERNAL"
"D1090","E236","E208","FIELD_REFERENCE","IMPLEMENTATION","C:\Users\JBNU\git\ConstraintsRecovery\assets\tankwar\asset2",282,"C:\Users\JBNU\git\ConstraintsRecovery\assets\tankwar\asset2","G4","G4","TankWar_P1|TankWar_P2|TankWar_P3|TankWar_P4|TankWar_P5","TankWar_P1|TankWar_P2|TankWar_P3|TankWar_P4|TankWar_P5",false,"TankWar_P1|TankWar_P2|TankWar_P3|TankWar_P4|TankWar_P5","RESOLVED_INTERNAL"
"D1091","E236","E214","FIELD_REFERENCE","IMPLEMENTATION","C:\Users\JBNU\git\ConstraintsRecovery\assets\tankwar\asset2",283,"C:\Users\JBNU\git\ConstraintsRecovery\assets\tankwar\asset2","G4","G4","TankWar_P1|TankWar_P2|TankWar_P3|TankWar_P4|TankWar_P5","TankWar_P1|TankWar_P2|TankWar_P3|TankWar_P4|TankWar_P5",false,"TankWar_P1|TankWar_P2|TankWar_P3|TankWar_P4|TankWar_P5","RESOLVED_INTERNAL"
"D1092","E236","E203","FIELD_REFERENCE","IMPLEMENTATION","C:\Users\JBNU\git\ConstraintsRecovery\assets\tankwar\asset2",285,"C:\Users\JBNU\git\ConstraintsRecovery\assets\tankwar\asset2","G4","G4","TankWar_P1|TankWar_P2|TankWar_P3|TankWar_P4|TankWar_P5","TankWar_P1|TankWar_P2|TankWar_P3|TankWar_P4|TankWar_P5",false,"TankWar_P1|TankWar_P2|TankWar_P3|TankWar_P4|TankWar_P5","RESOLVED_INTERNAL"
"D1093","E238","E207","FIELD_REFERENCE","IMPLEMENTATION","C:\Users\JBNU\git\ConstraintsRecovery\assets\tankwar\asset2",292,"C:\Users\JBNU\git\ConstraintsRecovery\assets\tankwar\asset2","G4","G4","TankWar_P1|TankWar_P2|TankWar_P3|TankWar_P4|TankWar_P5","TankWar_P1|TankWar_P2|TankWar_P3|TankWar_P4|TankWar_P5",false,"TankWar_P1|TankWar_P2|TankWar_P3|TankWar_P4|TankWar_P5","RESOLVED_INTERNAL"
"D1094","E238","E136","FIELD_REFERENCE","IMPLEMENTATION","C:\Users\JBNU\git\ConstraintsRecovery\assets\tankwar\asset2",293,"C:\Users\JBNU\git\ConstraintsRecovery\assets\tankwar\asset16","G4","G4","TankWar_P1|TankWar_P2|TankWar_P3|TankWar_P4|TankWar_P5","TankWar_P1|TankWar_P2|TankWar_P3|TankWar_P4|TankWar_P5",true,"TankWar_P1|TankWar_P2|TankWar_P3|TankWar_P4|TankWar_P5","RESOLVED_INTERNAL"
"D1095","E238","E204","FIELD_REFERENCE","IMPLEMENTATION","C:\Users\JBNU\git\ConstraintsRecovery\assets\tankwar\asset2",293,"C:\Users\JBNU\git\ConstraintsRecovery\assets\tankwar\asset2","G4","G4","TankWar_P1|TankWar_P2|TankWar_P3|TankWar_P4|TankWar_P5","TankWar_P1|TankWar_P2|TankWar_P3|TankWar_P4|TankWar_P5",false,"TankWar_P1|TankWar_P2|TankWar_P3|TankWar_P4|TankWar_P5","RESOLVED_INTERNAL"
"D1096","E238","E205","FIELD_REFERENCE","IMPLEMENTATION","C:\Users\JBNU\git\ConstraintsRecovery\assets\tankwar\asset2",293,"C:\Users\JBNU\git\ConstraintsRecovery\assets\tankwar\asset2","G4","G4","TankWar_P1|TankWar_P2|TankWar_P3|TankWar_P4|TankWar_P5","TankWar_P1|TankWar_P2|TankWar_P3|TankWar_P4|TankWar_P5",false,"TankWar_P1|TankWar_P2|TankWar_P3|TankWar_P4|TankWar_P5","RESOLVED_INTERNAL"
"D1097","E238","E207","FIELD_REFERENCE","IMPLEMENTATION","C:\Users\JBNU\git\ConstraintsRecovery\assets\tankwar\asset2",293,"C:\Users\JBNU\git\ConstraintsRecovery\assets\tankwar\asset2","G4","G4","TankWar_P1|TankWar_P2|TankWar_P3|TankWar_P4|TankWar_P5","TankWar_P1|TankWar_P2|TankWar_P3|TankWar_P4|TankWar_P5",false,"TankWar_P1|TankWar_P2|TankWar_P3|TankWar_P4|TankWar_P5","RESOLVED_INTERNAL"
"D1098","E238","E207","FIELD_REFERENCE","IMPLEMENTATION","C:\Users\JBNU\git\ConstraintsRecovery\assets\tankwar\asset2",295,"C:\Users\JBNU\git\ConstraintsRecovery\assets\tankwar\asset2","G4","G4","TankWar_P1|TankWar_P2|TankWar_P3|TankWar_P4|TankWar_P5","TankWar_P1|TankWar_P2|TankWar_P3|TankWar_P4|TankWar_P5",false,"TankWar_P1|TankWar_P2|TankWar_P3|TankWar_P4|TankWar_P5","RESOLVED_INTERNAL"
"D1099","E238","E136","FIELD_REFERENCE","IMPLEMENTATION","C:\Users\JBNU\git\ConstraintsRecovery\assets\tankwar\asset2",298,"C:\Users\JBNU\git\ConstraintsRecovery\assets\tankwar\asset16","G4","G4","TankWar_P1|TankWar_P2|TankWar_P3|TankWar_P4|TankWar_P5","TankWar_P1|TankWar_P2|TankWar_P3|TankWar_P4|TankWar_P5",true,"TankWar_P1|TankWar_P2|TankWar_P3|TankWar_P4|TankWar_P5","RESOLVED_INTERNAL"
"D1100","E238","E204","FIELD_REFERENCE","IMPLEMENTATION","C:\Users\JBNU\git\ConstraintsRecovery\assets\tankwar\asset2",298,"C:\Users\JBNU\git\ConstraintsRecovery\assets\tankwar\asset2","G4","G4","TankWar_P1|TankWar_P2|TankWar_P3|TankWar_P4|TankWar_P5","TankWar_P1|TankWar_P2|TankWar_P3|TankWar_P4|TankWar_P5",false,"TankWar_P1|TankWar_P2|TankWar_P3|TankWar_P4|TankWar_P5","RESOLVED_INTERNAL"
"D1101","E238","E205","FIELD_REFERENCE","IMPLEMENTATION","C:\Users\JBNU\git\ConstraintsRecovery\assets\tankwar\asset2",298,"C:\Users\JBNU\git\ConstraintsRecovery\assets\tankwar\asset2","G4","G4","TankWar_P1|TankWar_P2|TankWar_P3|TankWar_P4|TankWar_P5","TankWar_P1|TankWar_P2|TankWar_P3|TankWar_P4|TankWar_P5",false,"TankWar_P1|TankWar_P2|TankWar_P3|TankWar_P4|TankWar_P5","RESOLVED_INTERNAL"
"D1102","E238","E244","METHOD_CALL","IMPLEMENTATION","C:\Users\JBNU\git\ConstraintsRecovery\assets\tankwar\asset2",298,"C:\Users\JBNU\git\ConstraintsRecovery\assets\tankwar\asset2","G4","G4","TankWar_P1|TankWar_P2|TankWar_P3|TankWar_P4|TankWar_P5","TankWar_P1|TankWar_P2|TankWar_P3|TankWar_P4|TankWar_P5",false,"TankWar_P1|TankWar_P2|TankWar_P3|TankWar_P4|TankWar_P5","RESOLVED_INTERNAL"
"D1103","E238","E221","METHOD_CALL","IMPLEMENTATION","C:\Users\JBNU\git\ConstraintsRecovery\assets\tankwar\asset2",300,"C:\Users\JBNU\git\ConstraintsRecovery\assets\tankwar\asset2","G4","G4","TankWar_P1|TankWar_P2|TankWar_P3|TankWar_P4|TankWar_P5","TankWar_P1|TankWar_P2|TankWar_P3|TankWar_P4|TankWar_P5",false,"TankWar_P1|TankWar_P2|TankWar_P3|TankWar_P4|TankWar_P5","RESOLVED_INTERNAL"
"D1104","E238","E207","FIELD_REFERENCE","IMPLEMENTATION","C:\Users\JBNU\git\ConstraintsRecovery\assets\tankwar\asset2",301,"C:\Users\JBNU\git\ConstraintsRecovery\assets\tankwar\asset2","G4","G4","TankWar_P1|TankWar_P2|TankWar_P3|TankWar_P4|TankWar_P5","TankWar_P1|TankWar_P2|TankWar_P3|TankWar_P4|TankWar_P5",false,"TankWar_P1|TankWar_P2|TankWar_P3|TankWar_P4|TankWar_P5","RESOLVED_INTERNAL"
"D1105","E238","E210","FIELD_REFERENCE","IMPLEMENTATION","C:\Users\JBNU\git\ConstraintsRecovery\assets\tankwar\asset2",302,"C:\Users\JBNU\git\ConstraintsRecovery\assets\tankwar\asset2","G4","G4","TankWar_P1|TankWar_P2|TankWar_P3|TankWar_P4|TankWar_P5","TankWar_P1|TankWar_P2|TankWar_P3|TankWar_P4|TankWar_P5",false,"TankWar_P1|TankWar_P2|TankWar_P3|TankWar_P4|TankWar_P5","RESOLVED_INTERNAL"
"D1106","E239","E204","FIELD_REFERENCE","IMPLEMENTATION","C:\Users\JBNU\git\ConstraintsRecovery\assets\tankwar\asset2",305,"C:\Users\JBNU\git\ConstraintsRecovery\assets\tankwar\asset2","G4","G4","TankWar_P1|TankWar_P2|TankWar_P3|TankWar_P4|TankWar_P5","TankWar_P1|TankWar_P2|TankWar_P3|TankWar_P4|TankWar_P5",false,"TankWar_P1|TankWar_P2|TankWar_P3|TankWar_P4|TankWar_P5","RESOLVED_INTERNAL"
"D1107","E240","E205","FIELD_REFERENCE","IMPLEMENTATION","C:\Users\JBNU\git\ConstraintsRecovery\assets\tankwar\asset2",308,"C:\Users\JBNU\git\ConstraintsRecovery\assets\tankwar\asset2","G4","G4","TankWar_P1|TankWar_P2|TankWar_P3|TankWar_P4|TankWar_P5","TankWar_P1|TankWar_P2|TankWar_P3|TankWar_P4|TankWar_P5",false,"TankWar_P1|TankWar_P2|TankWar_P3|TankWar_P4|TankWar_P5","RESOLVED_INTERNAL"
"D1108","E241","E206","FIELD_REFERENCE","IMPLEMENTATION","C:\Users\JBNU\git\ConstraintsRecovery\assets\tankwar\asset2",312,"C:\Users\JBNU\git\ConstraintsRecovery\assets\tankwar\asset2","G4","G4","TankWar_P1|TankWar_P2|TankWar_P3|TankWar_P4|TankWar_P5","TankWar_P1|TankWar_P2|TankWar_P3|TankWar_P4|TankWar_P5",false,"TankWar_P1|TankWar_P2|TankWar_P3|TankWar_P4|TankWar_P5","RESOLVED_INTERNAL"
"D1109","E242","E212","FIELD_REFERENCE","IMPLEMENTATION","C:\Users\JBNU\git\ConstraintsRecovery\assets\tankwar\asset2",315,"C:\Users\JBNU\git\ConstraintsRecovery\assets\tankwar\asset2","G4","G4","TankWar_P1|TankWar_P2|TankWar_P3|TankWar_P4|TankWar_P5","TankWar_P1|TankWar_P2|TankWar_P3|TankWar_P4|TankWar_P5",false,"TankWar_P1|TankWar_P2|TankWar_P3|TankWar_P4|TankWar_P5","RESOLVED_INTERNAL"
"D1110","E243","E206","FIELD_REFERENCE","IMPLEMENTATION","C:\Users\JBNU\git\ConstraintsRecovery\assets\tankwar\asset2",318,"C:\Users\JBNU\git\ConstraintsRecovery\assets\tankwar\asset2","G4","G4","TankWar_P1|TankWar_P2|TankWar_P3|TankWar_P4|TankWar_P5","TankWar_P1|TankWar_P2|TankWar_P3|TankWar_P4|TankWar_P5",false,"TankWar_P1|TankWar_P2|TankWar_P3|TankWar_P4|TankWar_P5","RESOLVED_INTERNAL"
"D1111","E244","E206","FIELD_REFERENCE","IMPLEMENTATION","C:\Users\JBNU\git\ConstraintsRecovery\assets\tankwar\asset2",321,"C:\Users\JBNU\git\ConstraintsRecovery\assets\tankwar\asset2","G4","G4","TankWar_P1|TankWar_P2|TankWar_P3|TankWar_P4|TankWar_P5","TankWar_P1|TankWar_P2|TankWar_P3|TankWar_P4|TankWar_P5",false,"TankWar_P1|TankWar_P2|TankWar_P3|TankWar_P4|TankWar_P5","RESOLVED_INTERNAL"
"D1112","E245","E206","FIELD_REFERENCE","IMPLEMENTATION","C:\Users\JBNU\git\ConstraintsRecovery\assets\tankwar\asset2",324,"C:\Users\JBNU\git\ConstraintsRecovery\assets\tankwar\asset2","G4","G4","TankWar_P1|TankWar_P2|TankWar_P3|TankWar_P4|TankWar_P5","TankWar_P1|TankWar_P2|TankWar_P3|TankWar_P4|TankWar_P5",false,"TankWar_P1|TankWar_P2|TankWar_P3|TankWar_P4|TankWar_P5","RESOLVED_INTERNAL"
"D1113","E246","E206","FIELD_REFERENCE","IMPLEMENTATION","C:\Users\JBNU\git\ConstraintsRecovery\assets\tankwar\asset2",327,"C:\Users\JBNU\git\ConstraintsRecovery\assets\tankwar\asset2","G4","G4","TankWar_P1|TankWar_P2|TankWar_P3|TankWar_P4|TankWar_P5","TankWar_P1|TankWar_P2|TankWar_P3|TankWar_P4|TankWar_P5",false,"TankWar_P1|TankWar_P2|TankWar_P3|TankWar_P4|TankWar_P5","RESOLVED_INTERNAL"
"D1114","E247","E206","FIELD_REFERENCE","IMPLEMENTATION","C:\Users\JBNU\git\ConstraintsRecovery\assets\tankwar\asset2",330,"C:\Users\JBNU\git\ConstraintsRecovery\assets\tankwar\asset2","G4","G4","TankWar_P1|TankWar_P2|TankWar_P3|TankWar_P4|TankWar_P5","TankWar_P1|TankWar_P2|TankWar_P3|TankWar_P4|TankWar_P5",false,"TankWar_P1|TankWar_P2|TankWar_P3|TankWar_P4|TankWar_P5","RESOLVED_INTERNAL"
"D763","E252","E64","METHOD_CALL","IMPLEMENTATION","C:\Users\JBNU\git\ConstraintsRecovery\assets\tankwar\asset20",22,"C:\Users\JBNU\git\ConstraintsRecovery\assets\tankwar\asset13","G4","G4","TankWar_P1|TankWar_P2|TankWar_P3|TankWar_P4|TankWar_P5","TankWar_P1|TankWar_P2|TankWar_P3|TankWar_P4|TankWar_P5",true,"TankWar_P1|TankWar_P2|TankWar_P3|TankWar_P4|TankWar_P5","RESOLVED_INTERNAL"
"D764","E252","E64","METHOD_CALL","IMPLEMENTATION","C:\Users\JBNU\git\ConstraintsRecovery\assets\tankwar\asset20",25,"C:\Users\JBNU\git\ConstraintsRecovery\assets\tankwar\asset13","G4","G4","TankWar_P1|TankWar_P2|TankWar_P3|TankWar_P4|TankWar_P5","TankWar_P1|TankWar_P2|TankWar_P3|TankWar_P4|TankWar_P5",true,"TankWar_P1|TankWar_P2|TankWar_P3|TankWar_P4|TankWar_P5","RESOLVED_INTERNAL"
"D765","E252","E64","METHOD_CALL","IMPLEMENTATION","C:\Users\JBNU\git\ConstraintsRecovery\assets\tankwar\asset20",28,"C:\Users\JBNU\git\ConstraintsRecovery\assets\tankwar\asset13","G4","G4","TankWar_P1|TankWar_P2|TankWar_P3|TankWar_P4|TankWar_P5","TankWar_P1|TankWar_P2|TankWar_P3|TankWar_P4|TankWar_P5",true,"TankWar_P1|TankWar_P2|TankWar_P3|TankWar_P4|TankWar_P5","RESOLVED_INTERNAL"
"D766","E252","E64","METHOD_CALL","IMPLEMENTATION","C:\Users\JBNU\git\ConstraintsRecovery\assets\tankwar\asset20",31,"C:\Users\JBNU\git\ConstraintsRecovery\assets\tankwar\asset13","G4","G4","TankWar_P1|TankWar_P2|TankWar_P3|TankWar_P4|TankWar_P5","TankWar_P1|TankWar_P2|TankWar_P3|TankWar_P4|TankWar_P5",true,"TankWar_P1|TankWar_P2|TankWar_P3|TankWar_P4|TankWar_P5","RESOLVED_INTERNAL"
"D767","E252","E64","METHOD_CALL","IMPLEMENTATION","C:\Users\JBNU\git\ConstraintsRecovery\assets\tankwar\asset20",34,"C:\Users\JBNU\git\ConstraintsRecovery\assets\tankwar\asset13","G4","G4","TankWar_P1|TankWar_P2|TankWar_P3|TankWar_P4|TankWar_P5","TankWar_P1|TankWar_P2|TankWar_P3|TankWar_P4|TankWar_P5",true,"TankWar_P1|TankWar_P2|TankWar_P3|TankWar_P4|TankWar_P5","RESOLVED_INTERNAL"
"D768","E252","E64","METHOD_CALL","IMPLEMENTATION","C:\Users\JBNU\git\ConstraintsRecovery\assets\tankwar\asset20",37,"C:\Users\JBNU\git\ConstraintsRecovery\assets\tankwar\asset13","G4","G4","TankWar_P1|TankWar_P2|TankWar_P3|TankWar_P4|TankWar_P5","TankWar_P1|TankWar_P2|TankWar_P3|TankWar_P4|TankWar_P5",true,"TankWar_P1|TankWar_P2|TankWar_P3|TankWar_P4|TankWar_P5","RESOLVED_INTERNAL"
"D769","E255","E254","FIELD_REFERENCE","IMPLEMENTATION","C:\Users\JBNU\git\ConstraintsRecovery\assets\tankwar\asset21",12,"C:\Users\JBNU\git\ConstraintsRecovery\assets\tankwar\asset21","G4","G4","TankWar_P1|TankWar_P2|TankWar_P3|TankWar_P4|TankWar_P5","TankWar_P1|TankWar_P2|TankWar_P3|TankWar_P4|TankWar_P5",false,"TankWar_P1|TankWar_P2|TankWar_P3|TankWar_P4|TankWar_P5","RESOLVED_INTERNAL"
"D770","E256","E254","FIELD_REFERENCE","IMPLEMENTATION","C:\Users\JBNU\git\ConstraintsRecovery\assets\tankwar\asset21",16,"C:\Users\JBNU\git\ConstraintsRecovery\assets\tankwar\asset21","G4","G4","TankWar_P1|TankWar_P2|TankWar_P3|TankWar_P4|TankWar_P5","TankWar_P1|TankWar_P2|TankWar_P3|TankWar_P4|TankWar_P5",false,"TankWar_P1|TankWar_P2|TankWar_P3|TankWar_P4|TankWar_P5","RESOLVED_INTERNAL"
"D771","E273","E258","FIELD_REFERENCE","IMPLEMENTATION","C:\Users\JBNU\git\ConstraintsRecovery\assets\tankwar\asset22",19,"C:\Users\JBNU\git\ConstraintsRecovery\assets\tankwar\asset22","G4","G4","TankWar_P1|TankWar_P2|TankWar_P3|TankWar_P4|TankWar_P5","TankWar_P1|TankWar_P2|TankWar_P3|TankWar_P4|TankWar_P5",false,"TankWar_P1|TankWar_P2|TankWar_P3|TankWar_P4|TankWar_P5","RESOLVED_INTERNAL"
"D772","E273","E260","FIELD_REFERENCE","IMPLEMENTATION","C:\Users\JBNU\git\ConstraintsRecovery\assets\tankwar\asset22",19,"C:\Users\JBNU\git\ConstraintsRecovery\assets\tankwar\asset22","G4","G4","TankWar_P1|TankWar_P2|TankWar_P3|TankWar_P4|TankWar_P5","TankWar_P1|TankWar_P2|TankWar_P3|TankWar_P4|TankWar_P5",false,"TankWar_P1|TankWar_P2|TankWar_P3|TankWar_P4|TankWar_P5","RESOLVED_INTERNAL"
"D773","E273","E262","FIELD_REFERENCE","IMPLEMENTATION","C:\Users\JBNU\git\ConstraintsRecovery\assets\tankwar\asset22",19,"C:\Users\JBNU\git\ConstraintsRecovery\assets\tankwar\asset22","G4","G4","TankWar_P1|TankWar_P2|TankWar_P3|TankWar_P4|TankWar_P5","TankWar_P1|TankWar_P2|TankWar_P3|TankWar_P4|TankWar_P5",false,"TankWar_P1|TankWar_P2|TankWar_P3|TankWar_P4|TankWar_P5","RESOLVED_INTERNAL"
"D774","E273","E263","FIELD_REFERENCE","IMPLEMENTATION","C:\Users\JBNU\git\ConstraintsRecovery\assets\tankwar\asset22",19,"C:\Users\JBNU\git\ConstraintsRecovery\assets\tankwar\asset22","G4","G4","TankWar_P1|TankWar_P2|TankWar_P3|TankWar_P4|TankWar_P5","TankWar_P1|TankWar_P2|TankWar_P3|TankWar_P4|TankWar_P5",false,"TankWar_P1|TankWar_P2|TankWar_P3|TankWar_P4|TankWar_P5","RESOLVED_INTERNAL"
"D775","E273","E264","FIELD_REFERENCE","IMPLEMENTATION","C:\Users\JBNU\git\ConstraintsRecovery\assets\tankwar\asset22",19,"C:\Users\JBNU\git\ConstraintsRecovery\assets\tankwar\asset22","G4","G4","TankWar_P1|TankWar_P2|TankWar_P3|TankWar_P4|TankWar_P5","TankWar_P1|TankWar_P2|TankWar_P3|TankWar_P4|TankWar_P5",false,"TankWar_P1|TankWar_P2|TankWar_P3|TankWar_P4|TankWar_P5","RESOLVED_INTERNAL"
"D776","E273","E265","FIELD_REFERENCE","IMPLEMENTATION","C:\Users\JBNU\git\ConstraintsRecovery\assets\tankwar\asset22",19,"C:\Users\JBNU\git\ConstraintsRecovery\assets\tankwar\asset22","G4","G4","TankWar_P1|TankWar_P2|TankWar_P3|TankWar_P4|TankWar_P5","TankWar_P1|TankWar_P2|TankWar_P3|TankWar_P4|TankWar_P5",false,"TankWar_P1|TankWar_P2|TankWar_P3|TankWar_P4|TankWar_P5","RESOLVED_INTERNAL"
"D777","E273","E266","FIELD_REFERENCE","IMPLEMENTATION","C:\Users\JBNU\git\ConstraintsRecovery\assets\tankwar\asset22",19,"C:\Users\JBNU\git\ConstraintsRecovery\assets\tankwar\asset22","G4","G4","TankWar_P1|TankWar_P2|TankWar_P3|TankWar_P4|TankWar_P5","TankWar_P1|TankWar_P2|TankWar_P3|TankWar_P4|TankWar_P5",false,"TankWar_P1|TankWar_P2|TankWar_P3|TankWar_P4|TankWar_P5","RESOLVED_INTERNAL"
"D778","E273","E268","FIELD_REFERENCE","IMPLEMENTATION","C:\Users\JBNU\git\ConstraintsRecovery\assets\tankwar\asset22",19,"C:\Users\JBNU\git\ConstraintsRecovery\assets\tankwar\asset22","G4","G4","TankWar_P1|TankWar_P2|TankWar_P3|TankWar_P4|TankWar_P5","TankWar_P1|TankWar_P2|TankWar_P3|TankWar_P4|TankWar_P5",false,"TankWar_P1|TankWar_P2|TankWar_P3|TankWar_P4|TankWar_P5","RESOLVED_INTERNAL"
"D779","E273","E270","FIELD_REFERENCE","IMPLEMENTATION","C:\Users\JBNU\git\ConstraintsRecovery\assets\tankwar\asset22",19,"C:\Users\JBNU\git\ConstraintsRecovery\assets\tankwar\asset22","G4","G4","TankWar_P1|TankWar_P2|TankWar_P3|TankWar_P4|TankWar_P5","TankWar_P1|TankWar_P2|TankWar_P3|TankWar_P4|TankWar_P5",false,"TankWar_P1|TankWar_P2|TankWar_P3|TankWar_P4|TankWar_P5","RESOLVED_INTERNAL"
"D780","E275","E258","FIELD_REFERENCE","IMPLEMENTATION","C:\Users\JBNU\git\ConstraintsRecovery\assets\tankwar\asset22",24,"C:\Users\JBNU\git\ConstraintsRecovery\assets\tankwar\asset22","G4","G4","TankWar_P1|TankWar_P2|TankWar_P3|TankWar_P4|TankWar_P5","TankWar_P1|TankWar_P2|TankWar_P3|TankWar_P4|TankWar_P5",false,"TankWar_P1|TankWar_P2|TankWar_P3|TankWar_P4|TankWar_P5","RESOLVED_INTERNAL"
"D781","E275","E260","FIELD_REFERENCE","IMPLEMENTATION","C:\Users\JBNU\git\ConstraintsRecovery\assets\tankwar\asset22",25,"C:\Users\JBNU\git\ConstraintsRecovery\assets\tankwar\asset22","G4","G4","TankWar_P1|TankWar_P2|TankWar_P3|TankWar_P4|TankWar_P5","TankWar_P1|TankWar_P2|TankWar_P3|TankWar_P4|TankWar_P5",false,"TankWar_P1|TankWar_P2|TankWar_P3|TankWar_P4|TankWar_P5","RESOLVED_INTERNAL"
"D782","E275","E262","FIELD_REFERENCE","IMPLEMENTATION","C:\Users\JBNU\git\ConstraintsRecovery\assets\tankwar\asset22",26,"C:\Users\JBNU\git\ConstraintsRecovery\assets\tankwar\asset22","G4","G4","TankWar_P1|TankWar_P2|TankWar_P3|TankWar_P4|TankWar_P5","TankWar_P1|TankWar_P2|TankWar_P3|TankWar_P4|TankWar_P5",false,"TankWar_P1|TankWar_P2|TankWar_P3|TankWar_P4|TankWar_P5","RESOLVED_INTERNAL"
"D783","E275","E265","FIELD_REFERENCE","IMPLEMENTATION","C:\Users\JBNU\git\ConstraintsRecovery\assets\tankwar\asset22",27,"C:\Users\JBNU\git\ConstraintsRecovery\assets\tankwar\asset22","G4","G4","TankWar_P1|TankWar_P2|TankWar_P3|TankWar_P4|TankWar_P5","TankWar_P1|TankWar_P2|TankWar_P3|TankWar_P4|TankWar_P5",false,"TankWar_P1|TankWar_P2|TankWar_P3|TankWar_P4|TankWar_P5","RESOLVED_INTERNAL"
"D784","E275","E264","FIELD_REFERENCE","IMPLEMENTATION","C:\Users\JBNU\git\ConstraintsRecovery\assets\tankwar\asset22",28,"C:\Users\JBNU\git\ConstraintsRecovery\assets\tankwar\asset22","G4","G4","TankWar_P1|TankWar_P2|TankWar_P3|TankWar_P4|TankWar_P5","TankWar_P1|TankWar_P2|TankWar_P3|TankWar_P4|TankWar_P5",false,"TankWar_P1|TankWar_P2|TankWar_P3|TankWar_P4|TankWar_P5","RESOLVED_INTERNAL"
"D785","E275","E263","FIELD_REFERENCE","IMPLEMENTATION","C:\Users\JBNU\git\ConstraintsRecovery\assets\tankwar\asset22",29,"C:\Users\JBNU\git\ConstraintsRecovery\assets\tankwar\asset22","G4","G4","TankWar_P1|TankWar_P2|TankWar_P3|TankWar_P4|TankWar_P5","TankWar_P1|TankWar_P2|TankWar_P3|TankWar_P4|TankWar_P5",false,"TankWar_P1|TankWar_P2|TankWar_P3|TankWar_P4|TankWar_P5","RESOLVED_INTERNAL"
"D786","E275","E270","FIELD_REFERENCE","IMPLEMENTATION","C:\Users\JBNU\git\ConstraintsRecovery\assets\tankwar\asset22",30,"C:\Users\JBNU\git\ConstraintsRecovery\assets\tankwar\asset22","G4","G4","TankWar_P1|TankWar_P2|TankWar_P3|TankWar_P4|TankWar_P5","TankWar_P1|TankWar_P2|TankWar_P3|TankWar_P4|TankWar_P5",false,"TankWar_P1|TankWar_P2|TankWar_P3|TankWar_P4|TankWar_P5","RESOLVED_INTERNAL"
"D787","E275","E268","FIELD_REFERENCE","IMPLEMENTATION","C:\Users\JBNU\git\ConstraintsRecovery\assets\tankwar\asset22",31,"C:\Users\JBNU\git\ConstraintsRecovery\assets\tankwar\asset22","G4","G4","TankWar_P1|TankWar_P2|TankWar_P3|TankWar_P4|TankWar_P5","TankWar_P1|TankWar_P2|TankWar_P3|TankWar_P4|TankWar_P5",false,"TankWar_P1|TankWar_P2|TankWar_P3|TankWar_P4|TankWar_P5","RESOLVED_INTERNAL"
"D788","E275","E258","FIELD_REFERENCE","IMPLEMENTATION","C:\Users\JBNU\git\ConstraintsRecovery\assets\tankwar\asset22",32,"C:\Users\JBNU\git\ConstraintsRecovery\assets\tankwar\asset22","G4","G4","TankWar_P1|TankWar_P2|TankWar_P3|TankWar_P4|TankWar_P5","TankWar_P1|TankWar_P2|TankWar_P3|TankWar_P4|TankWar_P5",false,"TankWar_P1|TankWar_P2|TankWar_P3|TankWar_P4|TankWar_P5","RESOLVED_INTERNAL"
"D789","E275","E270","FIELD_REFERENCE","IMPLEMENTATION","C:\Users\JBNU\git\ConstraintsRecovery\assets\tankwar\asset22",32,"C:\Users\JBNU\git\ConstraintsRecovery\assets\tankwar\asset22","G4","G4","TankWar_P1|TankWar_P2|TankWar_P3|TankWar_P4|TankWar_P5","TankWar_P1|TankWar_P2|TankWar_P3|TankWar_P4|TankWar_P5",false,"TankWar_P1|TankWar_P2|TankWar_P3|TankWar_P4|TankWar_P5","RESOLVED_INTERNAL"
"D790","E275","E271","FIELD_REFERENCE","IMPLEMENTATION","C:\Users\JBNU\git\ConstraintsRecovery\assets\tankwar\asset22",32,"C:\Users\JBNU\git\ConstraintsRecovery\assets\tankwar\asset22","G4","G4","TankWar_P1|TankWar_P2|TankWar_P3|TankWar_P4|TankWar_P5","TankWar_P1|TankWar_P2|TankWar_P3|TankWar_P4|TankWar_P5",false,"TankWar_P1|TankWar_P2|TankWar_P3|TankWar_P4|TankWar_P5","RESOLVED_INTERNAL"
"D791","E275","E689","FIELD_REFERENCE","IMPLEMENTATION","C:\Users\JBNU\git\ConstraintsRecovery\assets\tankwar\asset22",32,"C:\Users\JBNU\git\ConstraintsRecovery\assets\tankwar\asset9","G4","G4","TankWar_P1|TankWar_P2|TankWar_P3|TankWar_P4|TankWar_P5","TankWar_P1|TankWar_P2|TankWar_P3|TankWar_P4|TankWar_P5",true,"TankWar_P1|TankWar_P2|TankWar_P3|TankWar_P4|TankWar_P5","RESOLVED_INTERNAL"
"D792","E275","E258","FIELD_REFERENCE","IMPLEMENTATION","C:\Users\JBNU\git\ConstraintsRecovery\assets\tankwar\asset22",33,"C:\Users\JBNU\git\ConstraintsRecovery\assets\tankwar\asset22","G4","G4","TankWar_P1|TankWar_P2|TankWar_P3|TankWar_P4|TankWar_P5","TankWar_P1|TankWar_P2|TankWar_P3|TankWar_P4|TankWar_P5",false,"TankWar_P1|TankWar_P2|TankWar_P3|TankWar_P4|TankWar_P5","RESOLVED_INTERNAL"
"D793","E275","E268","FIELD_REFERENCE","IMPLEMENTATION","C:\Users\JBNU\git\ConstraintsRecovery\assets\tankwar\asset22",33,"C:\Users\JBNU\git\ConstraintsRecovery\assets\tankwar\asset22","G4","G4","TankWar_P1|TankWar_P2|TankWar_P3|TankWar_P4|TankWar_P5","TankWar_P1|TankWar_P2|TankWar_P3|TankWar_P4|TankWar_P5",false,"TankWar_P1|TankWar_P2|TankWar_P3|TankWar_P4|TankWar_P5","RESOLVED_INTERNAL"
"D794","E275","E269","FIELD_REFERENCE","IMPLEMENTATION","C:\Users\JBNU\git\ConstraintsRecovery\assets\tankwar\asset22",33,"C:\Users\JBNU\git\ConstraintsRecovery\assets\tankwar\asset22","G4","G4","TankWar_P1|TankWar_P2|TankWar_P3|TankWar_P4|TankWar_P5","TankWar_P1|TankWar_P2|TankWar_P3|TankWar_P4|TankWar_P5",false,"TankWar_P1|TankWar_P2|TankWar_P3|TankWar_P4|TankWar_P5","RESOLVED_INTERNAL"
"D795","E275","E689","FIELD_REFERENCE","IMPLEMENTATION","C:\Users\JBNU\git\ConstraintsRecovery\assets\tankwar\asset22",33,"C:\Users\JBNU\git\ConstraintsRecovery\assets\tankwar\asset9","G4","G4","TankWar_P1|TankWar_P2|TankWar_P3|TankWar_P4|TankWar_P5","TankWar_P1|TankWar_P2|TankWar_P3|TankWar_P4|TankWar_P5",true,"TankWar_P1|TankWar_P2|TankWar_P3|TankWar_P4|TankWar_P5","RESOLVED_INTERNAL"
"D796","E275","E266","FIELD_REFERENCE","IMPLEMENTATION","C:\Users\JBNU\git\ConstraintsRecovery\assets\tankwar\asset22",34,"C:\Users\JBNU\git\ConstraintsRecovery\assets\tankwar\asset22","G4","G4","TankWar_P1|TankWar_P2|TankWar_P3|TankWar_P4|TankWar_P5","TankWar_P1|TankWar_P2|TankWar_P3|TankWar_P4|TankWar_P5",false,"TankWar_P1|TankWar_P2|TankWar_P3|TankWar_P4|TankWar_P5","RESOLVED_INTERNAL"
"D797","E276","E258","FIELD_REFERENCE","IMPLEMENTATION","C:\Users\JBNU\git\ConstraintsRecovery\assets\tankwar\asset22",37,"C:\Users\JBNU\git\ConstraintsRecovery\assets\tankwar\asset22","G4","G4","TankWar_P1|TankWar_P2|TankWar_P3|TankWar_P4|TankWar_P5","TankWar_P1|TankWar_P2|TankWar_P3|TankWar_P4|TankWar_P5",false,"TankWar_P1|TankWar_P2|TankWar_P3|TankWar_P4|TankWar_P5","RESOLVED_INTERNAL"
"D798","E276","E263","FIELD_REFERENCE","IMPLEMENTATION","C:\Users\JBNU\git\ConstraintsRecovery\assets\tankwar\asset22",37,"C:\Users\JBNU\git\ConstraintsRecovery\assets\tankwar\asset22","G4","G4","TankWar_P1|TankWar_P2|TankWar_P3|TankWar_P4|TankWar_P5","TankWar_P1|TankWar_P2|TankWar_P3|TankWar_P4|TankWar_P5",false,"TankWar_P1|TankWar_P2|TankWar_P3|TankWar_P4|TankWar_P5","RESOLVED_INTERNAL"
"D799","E276","E264","FIELD_REFERENCE","IMPLEMENTATION","C:\Users\JBNU\git\ConstraintsRecovery\assets\tankwar\asset22",37,"C:\Users\JBNU\git\ConstraintsRecovery\assets\tankwar\asset22","G4","G4","TankWar_P1|TankWar_P2|TankWar_P3|TankWar_P4|TankWar_P5","TankWar_P1|TankWar_P2|TankWar_P3|TankWar_P4|TankWar_P5",false,"TankWar_P1|TankWar_P2|TankWar_P3|TankWar_P4|TankWar_P5","RESOLVED_INTERNAL"
"D800","E276","E265","FIELD_REFERENCE","IMPLEMENTATION","C:\Users\JBNU\git\ConstraintsRecovery\assets\tankwar\asset22",37,"C:\Users\JBNU\git\ConstraintsRecovery\assets\tankwar\asset22","G4","G4","TankWar_P1|TankWar_P2|TankWar_P3|TankWar_P4|TankWar_P5","TankWar_P1|TankWar_P2|TankWar_P3|TankWar_P4|TankWar_P5",false,"TankWar_P1|TankWar_P2|TankWar_P3|TankWar_P4|TankWar_P5","RESOLVED_INTERNAL"
"D801","E276","E241","METHOD_CALL","IMPLEMENTATION","C:\Users\JBNU\git\ConstraintsRecovery\assets\tankwar\asset22",37,"C:\Users\JBNU\git\ConstraintsRecovery\assets\tankwar\asset2","G4","G4","TankWar_P1|TankWar_P2|TankWar_P3|TankWar_P4|TankWar_P5","TankWar_P1|TankWar_P2|TankWar_P3|TankWar_P4|TankWar_P5",true,"TankWar_P1|TankWar_P2|TankWar_P3|TankWar_P4|TankWar_P5","RESOLVED_INTERNAL"
"D802","E276","E258","FIELD_REFERENCE","IMPLEMENTATION","C:\Users\JBNU\git\ConstraintsRecovery\assets\tankwar\asset22",38,"C:\Users\JBNU\git\ConstraintsRecovery\assets\tankwar\asset22","G4","G4","TankWar_P1|TankWar_P2|TankWar_P3|TankWar_P4|TankWar_P5","TankWar_P1|TankWar_P2|TankWar_P3|TankWar_P4|TankWar_P5",false,"TankWar_P1|TankWar_P2|TankWar_P3|TankWar_P4|TankWar_P5","RESOLVED_INTERNAL"
"D803","E276","E260","FIELD_REFERENCE","IMPLEMENTATION","C:\Users\JBNU\git\ConstraintsRecovery\assets\tankwar\asset22",38,"C:\Users\JBNU\git\ConstraintsRecovery\assets\tankwar\asset22","G4","G4","TankWar_P1|TankWar_P2|TankWar_P3|TankWar_P4|TankWar_P5","TankWar_P1|TankWar_P2|TankWar_P3|TankWar_P4|TankWar_P5",false,"TankWar_P1|TankWar_P2|TankWar_P3|TankWar_P4|TankWar_P5","RESOLVED_INTERNAL"
"D804","E276","E262","FIELD_REFERENCE","IMPLEMENTATION","C:\Users\JBNU\git\ConstraintsRecovery\assets\tankwar\asset22",38,"C:\Users\JBNU\git\ConstraintsRecovery\assets\tankwar\asset22","G4","G4","TankWar_P1|TankWar_P2|TankWar_P3|TankWar_P4|TankWar_P5","TankWar_P1|TankWar_P2|TankWar_P3|TankWar_P4|TankWar_P5",false,"TankWar_P1|TankWar_P2|TankWar_P3|TankWar_P4|TankWar_P5","RESOLVED_INTERNAL"
"D805","E276","E268","FIELD_REFERENCE","IMPLEMENTATION","C:\Users\JBNU\git\ConstraintsRecovery\assets\tankwar\asset22",38,"C:\Users\JBNU\git\ConstraintsRecovery\assets\tankwar\asset22","G4","G4","TankWar_P1|TankWar_P2|TankWar_P3|TankWar_P4|TankWar_P5","TankWar_P1|TankWar_P2|TankWar_P3|TankWar_P4|TankWar_P5",false,"TankWar_P1|TankWar_P2|TankWar_P3|TankWar_P4|TankWar_P5","RESOLVED_INTERNAL"
"D806","E276","E270","FIELD_REFERENCE","IMPLEMENTATION","C:\Users\JBNU\git\ConstraintsRecovery\assets\tankwar\asset22",38,"C:\Users\JBNU\git\ConstraintsRecovery\assets\tankwar\asset22","G4","G4","TankWar_P1|TankWar_P2|TankWar_P3|TankWar_P4|TankWar_P5","TankWar_P1|TankWar_P2|TankWar_P3|TankWar_P4|TankWar_P5",false,"TankWar_P1|TankWar_P2|TankWar_P3|TankWar_P4|TankWar_P5","RESOLVED_INTERNAL"
"D807","E276","E244","METHOD_CALL","IMPLEMENTATION","C:\Users\JBNU\git\ConstraintsRecovery\assets\tankwar\asset22",38,"C:\Users\JBNU\git\ConstraintsRecovery\assets\tankwar\asset2","G4","G4","TankWar_P1|TankWar_P2|TankWar_P3|TankWar_P4|TankWar_P5","TankWar_P1|TankWar_P2|TankWar_P3|TankWar_P4|TankWar_P5",true,"TankWar_P1|TankWar_P2|TankWar_P3|TankWar_P4|TankWar_P5","RESOLVED_INTERNAL"
"D808","E277","E259","FIELD_REFERENCE","IMPLEMENTATION","C:\Users\JBNU\git\ConstraintsRecovery\assets\tankwar\asset22",42,"C:\Users\JBNU\git\ConstraintsRecovery\assets\tankwar\asset22","G4","G4","TankWar_P1|TankWar_P2|TankWar_P3|TankWar_P4|TankWar_P5","TankWar_P1|TankWar_P2|TankWar_P3|TankWar_P4|TankWar_P5",false,"TankWar_P1|TankWar_P2|TankWar_P3|TankWar_P4|TankWar_P5","RESOLVED_INTERNAL"
"D809","E277","E261","FIELD_REFERENCE","IMPLEMENTATION","C:\Users\JBNU\git\ConstraintsRecovery\assets\tankwar\asset22",42,"C:\Users\JBNU\git\ConstraintsRecovery\assets\tankwar\asset22","G4","G4","TankWar_P1|TankWar_P2|TankWar_P3|TankWar_P4|TankWar_P5","TankWar_P1|TankWar_P2|TankWar_P3|TankWar_P4|TankWar_P5",false,"TankWar_P1|TankWar_P2|TankWar_P3|TankWar_P4|TankWar_P5","RESOLVED_INTERNAL"
"D810","E277","E269","FIELD_REFERENCE","IMPLEMENTATION","C:\Users\JBNU\git\ConstraintsRecovery\assets\tankwar\asset22",42,"C:\Users\JBNU\git\ConstraintsRecovery\assets\tankwar\asset22","G4","G4","TankWar_P1|TankWar_P2|TankWar_P3|TankWar_P4|TankWar_P5","TankWar_P1|TankWar_P2|TankWar_P3|TankWar_P4|TankWar_P5",false,"TankWar_P1|TankWar_P2|TankWar_P3|TankWar_P4|TankWar_P5","RESOLVED_INTERNAL"
"D811","E277","E271","FIELD_REFERENCE","IMPLEMENTATION","C:\Users\JBNU\git\ConstraintsRecovery\assets\tankwar\asset22",42,"C:\Users\JBNU\git\ConstraintsRecovery\assets\tankwar\asset22","G4","G4","TankWar_P1|TankWar_P2|TankWar_P3|TankWar_P4|TankWar_P5","TankWar_P1|TankWar_P2|TankWar_P3|TankWar_P4|TankWar_P5",false,"TankWar_P1|TankWar_P2|TankWar_P3|TankWar_P4|TankWar_P5","RESOLVED_INTERNAL"
"D812","E277","E260","FIELD_REFERENCE","IMPLEMENTATION","C:\Users\JBNU\git\ConstraintsRecovery\assets\tankwar\asset22",46,"C:\Users\JBNU\git\ConstraintsRecovery\assets\tankwar\asset22","G4","G4","TankWar_P1|TankWar_P2|TankWar_P3|TankWar_P4|TankWar_P5","TankWar_P1|TankWar_P2|TankWar_P3|TankWar_P4|TankWar_P5",false,"TankWar_P1|TankWar_P2|TankWar_P3|TankWar_P4|TankWar_P5","RESOLVED_INTERNAL"
"D813","E277","E262","FIELD_REFERENCE","IMPLEMENTATION","C:\Users\JBNU\git\ConstraintsRecovery\assets\tankwar\asset22",46,"C:\Users\JBNU\git\ConstraintsRecovery\assets\tankwar\asset22","G4","G4","TankWar_P1|TankWar_P2|TankWar_P3|TankWar_P4|TankWar_P5","TankWar_P1|TankWar_P2|TankWar_P3|TankWar_P4|TankWar_P5",false,"TankWar_P1|TankWar_P2|TankWar_P3|TankWar_P4|TankWar_P5","RESOLVED_INTERNAL"
"D814","E277","E268","FIELD_REFERENCE","IMPLEMENTATION","C:\Users\JBNU\git\ConstraintsRecovery\assets\tankwar\asset22",46,"C:\Users\JBNU\git\ConstraintsRecovery\assets\tankwar\asset22","G4","G4","TankWar_P1|TankWar_P2|TankWar_P3|TankWar_P4|TankWar_P5","TankWar_P1|TankWar_P2|TankWar_P3|TankWar_P4|TankWar_P5",false,"TankWar_P1|TankWar_P2|TankWar_P3|TankWar_P4|TankWar_P5","RESOLVED_INTERNAL"
"D815","E277","E270","FIELD_REFERENCE","IMPLEMENTATION","C:\Users\JBNU\git\ConstraintsRecovery\assets\tankwar\asset22",46,"C:\Users\JBNU\git\ConstraintsRecovery\assets\tankwar\asset22","G4","G4","TankWar_P1|TankWar_P2|TankWar_P3|TankWar_P4|TankWar_P5","TankWar_P1|TankWar_P2|TankWar_P3|TankWar_P4|TankWar_P5",false,"TankWar_P1|TankWar_P2|TankWar_P3|TankWar_P4|TankWar_P5","RESOLVED_INTERNAL"
"D816","E286","E120","CONSTRUCTOR_CALL","IMPLEMENTATION","C:\Users\JBNU\git\ConstraintsRecovery\assets\tankwar\asset23",34,"C:\Users\JBNU\git\ConstraintsRecovery\assets\tankwar\asset15","G7","G4","TankWar_P1|TankWar_P3|TankWar_P4|TankWar_P5","TankWar_P1|TankWar_P2|TankWar_P3|TankWar_P4|TankWar_P5",true,"TankWar_P1|TankWar_P3|TankWar_P4|TankWar_P5","RESOLVED_INTERNAL"
"D817","E286","E123","METHOD_CALL","IMPLEMENTATION","C:\Users\JBNU\git\ConstraintsRecovery\assets\tankwar\asset23",35,"C:\Users\JBNU\git\ConstraintsRecovery\assets\tankwar\asset15","G7","G4","TankWar_P1|TankWar_P3|TankWar_P4|TankWar_P5","TankWar_P1|TankWar_P2|TankWar_P3|TankWar_P4|TankWar_P5",true,"TankWar_P1|TankWar_P3|TankWar_P4|TankWar_P5","RESOLVED_INTERNAL"
"D818","E286","E124","METHOD_CALL","IMPLEMENTATION","C:\Users\JBNU\git\ConstraintsRecovery\assets\tankwar\asset23",36,"C:\Users\JBNU\git\ConstraintsRecovery\assets\tankwar\asset15","G7","G4","TankWar_P1|TankWar_P3|TankWar_P4|TankWar_P5","TankWar_P1|TankWar_P2|TankWar_P3|TankWar_P4|TankWar_P5",true,"TankWar_P1|TankWar_P3|TankWar_P4|TankWar_P5","RESOLVED_INTERNAL"
"D819","E286","E126","METHOD_CALL","IMPLEMENTATION","C:\Users\JBNU\git\ConstraintsRecovery\assets\tankwar\asset23",37,"C:\Users\JBNU\git\ConstraintsRecovery\assets\tankwar\asset15","G7","G4","TankWar_P1|TankWar_P3|TankWar_P4|TankWar_P5","TankWar_P1|TankWar_P2|TankWar_P3|TankWar_P4|TankWar_P5",true,"TankWar_P1|TankWar_P3|TankWar_P4|TankWar_P5","RESOLVED_INTERNAL"
"D820","E286","E284","FIELD_REFERENCE","IMPLEMENTATION","C:\Users\JBNU\git\ConstraintsRecovery\assets\tankwar\asset23",40,"C:\Users\JBNU\git\ConstraintsRecovery\assets\tankwar\asset23","G7","G7","TankWar_P1|TankWar_P3|TankWar_P4|TankWar_P5","TankWar_P1|TankWar_P3|TankWar_P4|TankWar_P5",false,"TankWar_P1|TankWar_P3|TankWar_P4|TankWar_P5","RESOLVED_INTERNAL"
"D821","E286","E294","FIELD_REFERENCE","IMPLEMENTATION","C:\Users\JBNU\git\ConstraintsRecovery\assets\tankwar\asset23",40,"C:\Users\JBNU\git\ConstraintsRecovery\assets\tankwar\asset24","G7","G7","TankWar_P1|TankWar_P3|TankWar_P4|TankWar_P5","TankWar_P1|TankWar_P3|TankWar_P4|TankWar_P5",true,"TankWar_P1|TankWar_P3|TankWar_P4|TankWar_P5","RESOLVED_INTERNAL"
"D822","E286","E132","METHOD_CALL","IMPLEMENTATION","C:\Users\JBNU\git\ConstraintsRecovery\assets\tankwar\asset23",43,"C:\Users\JBNU\git\ConstraintsRecovery\assets\tankwar\asset15","G7","G4","TankWar_P1|TankWar_P3|TankWar_P4|TankWar_P5","TankWar_P1|TankWar_P2|TankWar_P3|TankWar_P4|TankWar_P5",true,"TankWar_P1|TankWar_P3|TankWar_P4|TankWar_P5","RESOLVED_INTERNAL"
"D823","E287","E120","CONSTRUCTOR_CALL","IMPLEMENTATION","C:\Users\JBNU\git\ConstraintsRecovery\assets\tankwar\asset23",47,"C:\Users\JBNU\git\ConstraintsRecovery\assets\tankwar\asset15","G7","G4","TankWar_P1|TankWar_P3|TankWar_P4|TankWar_P5","TankWar_P1|TankWar_P2|TankWar_P3|TankWar_P4|TankWar_P5",true,"TankWar_P1|TankWar_P3|TankWar_P4|TankWar_P5","RESOLVED_INTERNAL"
"D824","E287","E123","METHOD_CALL","IMPLEMENTATION","C:\Users\JBNU\git\ConstraintsRecovery\assets\tankwar\asset23",49,"C:\Users\JBNU\git\ConstraintsRecovery\assets\tankwar\asset15","G7","G4","TankWar_P1|TankWar_P3|TankWar_P4|TankWar_P5","TankWar_P1|TankWar_P2|TankWar_P3|TankWar_P4|TankWar_P5",true,"TankWar_P1|TankWar_P3|TankWar_P4|TankWar_P5","RESOLVED_INTERNAL"
"D825","E287","E283","FIELD_REFERENCE","IMPLEMENTATION","C:\Users\JBNU\git\ConstraintsRecovery\assets\tankwar\asset23",50,"C:\Users\JBNU\git\ConstraintsRecovery\assets\tankwar\asset23","G7","G7","TankWar_P1|TankWar_P3|TankWar_P4|TankWar_P5","TankWar_P1|TankWar_P3|TankWar_P4|TankWar_P5",false,"TankWar_P1|TankWar_P3|TankWar_P4|TankWar_P5","RESOLVED_INTERNAL"
"D826","E287","E283","FIELD_REFERENCE","IMPLEMENTATION","C:\Users\JBNU\git\ConstraintsRecovery\assets\tankwar\asset23",51,"C:\Users\JBNU\git\ConstraintsRecovery\assets\tankwar\asset23","G7","G7","TankWar_P1|TankWar_P3|TankWar_P4|TankWar_P5","TankWar_P1|TankWar_P3|TankWar_P4|TankWar_P5",false,"TankWar_P1|TankWar_P3|TankWar_P4|TankWar_P5","RESOLVED_INTERNAL"
"D827","E287","E283","FIELD_REFERENCE","IMPLEMENTATION","C:\Users\JBNU\git\ConstraintsRecovery\assets\tankwar\asset23",52,"C:\Users\JBNU\git\ConstraintsRecovery\assets\tankwar\asset23","G7","G7","TankWar_P1|TankWar_P3|TankWar_P4|TankWar_P5","TankWar_P1|TankWar_P3|TankWar_P4|TankWar_P5",false,"TankWar_P1|TankWar_P3|TankWar_P4|TankWar_P5","RESOLVED_INTERNAL"
"D828","E287","E283","FIELD_REFERENCE","IMPLEMENTATION","C:\Users\JBNU\git\ConstraintsRecovery\assets\tankwar\asset23",53,"C:\Users\JBNU\git\ConstraintsRecovery\assets\tankwar\asset23","G7","G7","TankWar_P1|TankWar_P3|TankWar_P4|TankWar_P5","TankWar_P1|TankWar_P3|TankWar_P4|TankWar_P5",false,"TankWar_P1|TankWar_P3|TankWar_P4|TankWar_P5","RESOLVED_INTERNAL"
"D829","E287","E283","FIELD_REFERENCE","IMPLEMENTATION","C:\Users\JBNU\git\ConstraintsRecovery\assets\tankwar\asset23",54,"C:\Users\JBNU\git\ConstraintsRecovery\assets\tankwar\asset23","G7","G7","TankWar_P1|TankWar_P3|TankWar_P4|TankWar_P5","TankWar_P1|TankWar_P3|TankWar_P4|TankWar_P5",false,"TankWar_P1|TankWar_P3|TankWar_P4|TankWar_P5","RESOLVED_INTERNAL"
"D830","E287","E283","FIELD_REFERENCE","IMPLEMENTATION","C:\Users\JBNU\git\ConstraintsRecovery\assets\tankwar\asset23",55,"C:\Users\JBNU\git\ConstraintsRecovery\assets\tankwar\asset23","G7","G7","TankWar_P1|TankWar_P3|TankWar_P4|TankWar_P5","TankWar_P1|TankWar_P3|TankWar_P4|TankWar_P5",false,"TankWar_P1|TankWar_P3|TankWar_P4|TankWar_P5","RESOLVED_INTERNAL"
"D831","E287","E283","FIELD_REFERENCE","IMPLEMENTATION","C:\Users\JBNU\git\ConstraintsRecovery\assets\tankwar\asset23",56,"C:\Users\JBNU\git\ConstraintsRecovery\assets\tankwar\asset23","G7","G7","TankWar_P1|TankWar_P3|TankWar_P4|TankWar_P5","TankWar_P1|TankWar_P3|TankWar_P4|TankWar_P5",false,"TankWar_P1|TankWar_P3|TankWar_P4|TankWar_P5","RESOLVED_INTERNAL"
"D832","E287","E283","FIELD_REFERENCE","IMPLEMENTATION","C:\Users\JBNU\git\ConstraintsRecovery\assets\tankwar\asset23",57,"C:\Users\JBNU\git\ConstraintsRecovery\assets\tankwar\asset23","G7","G7","TankWar_P1|TankWar_P3|TankWar_P4|TankWar_P5","TankWar_P1|TankWar_P3|TankWar_P4|TankWar_P5",false,"TankWar_P1|TankWar_P3|TankWar_P4|TankWar_P5","RESOLVED_INTERNAL"
"D833","E287","E283","FIELD_REFERENCE","IMPLEMENTATION","C:\Users\JBNU\git\ConstraintsRecovery\assets\tankwar\asset23",60,"C:\Users\JBNU\git\ConstraintsRecovery\assets\tankwar\asset23","G7","G7","TankWar_P1|TankWar_P3|TankWar_P4|TankWar_P5","TankWar_P1|TankWar_P3|TankWar_P4|TankWar_P5",false,"TankWar_P1|TankWar_P3|TankWar_P4|TankWar_P5","RESOLVED_INTERNAL"
"D834","E287","E132","METHOD_CALL","IMPLEMENTATION","C:\Users\JBNU\git\ConstraintsRecovery\assets\tankwar\asset23",62,"C:\Users\JBNU\git\ConstraintsRecovery\assets\tankwar\asset15","G7","G4","TankWar_P1|TankWar_P3|TankWar_P4|TankWar_P5","TankWar_P1|TankWar_P2|TankWar_P3|TankWar_P4|TankWar_P5",true,"TankWar_P1|TankWar_P3|TankWar_P4|TankWar_P5","RESOLVED_INTERNAL"
"D835","E290","E283","FIELD_REFERENCE","IMPLEMENTATION","C:\Users\JBNU\git\ConstraintsRecovery\assets\tankwar\asset23",81,"C:\Users\JBNU\git\ConstraintsRecovery\assets\tankwar\asset23","G7","G7","TankWar_P1|TankWar_P3|TankWar_P4|TankWar_P5","TankWar_P1|TankWar_P3|TankWar_P4|TankWar_P5",false,"TankWar_P1|TankWar_P3|TankWar_P4|TankWar_P5","RESOLVED_INTERNAL"
"D836","E290","E284","FIELD_REFERENCE","IMPLEMENTATION","C:\Users\JBNU\git\ConstraintsRecovery\assets\tankwar\asset23",81,"C:\Users\JBNU\git\ConstraintsRecovery\assets\tankwar\asset23","G7","G7","TankWar_P1|TankWar_P3|TankWar_P4|TankWar_P5","TankWar_P1|TankWar_P3|TankWar_P4|TankWar_P5",false,"TankWar_P1|TankWar_P3|TankWar_P4|TankWar_P5","RESOLVED_INTERNAL"
"D837","E290","E283","FIELD_REFERENCE","IMPLEMENTATION","C:\Users\JBNU\git\ConstraintsRecovery\assets\tankwar\asset23",83,"C:\Users\JBNU\git\ConstraintsRecovery\assets\tankwar\asset23","G7","G7","TankWar_P1|TankWar_P3|TankWar_P4|TankWar_P5","TankWar_P1|TankWar_P3|TankWar_P4|TankWar_P5",false,"TankWar_P1|TankWar_P3|TankWar_P4|TankWar_P5","RESOLVED_INTERNAL"
"D838","E295","E293","FIELD_REFERENCE","IMPLEMENTATION","C:\Users\JBNU\git\ConstraintsRecovery\assets\tankwar\asset24",13,"C:\Users\JBNU\git\ConstraintsRecovery\assets\tankwar\asset24","G7","G7","TankWar_P1|TankWar_P3|TankWar_P4|TankWar_P5","TankWar_P1|TankWar_P3|TankWar_P4|TankWar_P5",false,"TankWar_P1|TankWar_P3|TankWar_P4|TankWar_P5","RESOLVED_INTERNAL"
"D839","E295","E293","FIELD_REFERENCE","IMPLEMENTATION","C:\Users\JBNU\git\ConstraintsRecovery\assets\tankwar\asset24",14,"C:\Users\JBNU\git\ConstraintsRecovery\assets\tankwar\asset24","G7","G7","TankWar_P1|TankWar_P3|TankWar_P4|TankWar_P5","TankWar_P1|TankWar_P3|TankWar_P4|TankWar_P5",false,"TankWar_P1|TankWar_P3|TankWar_P4|TankWar_P5","RESOLVED_INTERNAL"
"D840","E295","E293","FIELD_REFERENCE","IMPLEMENTATION","C:\Users\JBNU\git\ConstraintsRecovery\assets\tankwar\asset24",16,"C:\Users\JBNU\git\ConstraintsRecovery\assets\tankwar\asset24","G7","G7","TankWar_P1|TankWar_P3|TankWar_P4|TankWar_P5","TankWar_P1|TankWar_P3|TankWar_P4|TankWar_P5",false,"TankWar_P1|TankWar_P3|TankWar_P4|TankWar_P5","RESOLVED_INTERNAL"
"D841","E295","E293","FIELD_REFERENCE","IMPLEMENTATION","C:\Users\JBNU\git\ConstraintsRecovery\assets\tankwar\asset24",18,"C:\Users\JBNU\git\ConstraintsRecovery\assets\tankwar\asset24","G7","G7","TankWar_P1|TankWar_P3|TankWar_P4|TankWar_P5","TankWar_P1|TankWar_P3|TankWar_P4|TankWar_P5",false,"TankWar_P1|TankWar_P3|TankWar_P4|TankWar_P5","RESOLVED_INTERNAL"
"D842","E295","E293","FIELD_REFERENCE","IMPLEMENTATION","C:\Users\JBNU\git\ConstraintsRecovery\assets\tankwar\asset24",20,"C:\Users\JBNU\git\ConstraintsRecovery\assets\tankwar\asset24","G7","G7","TankWar_P1|TankWar_P3|TankWar_P4|TankWar_P5","TankWar_P1|TankWar_P3|TankWar_P4|TankWar_P5",false,"TankWar_P1|TankWar_P3|TankWar_P4|TankWar_P5","RESOLVED_INTERNAL"
"D843","E295","E294","FIELD_REFERENCE","IMPLEMENTATION","C:\Users\JBNU\git\ConstraintsRecovery\assets\tankwar\asset24",22,"C:\Users\JBNU\git\ConstraintsRecovery\assets\tankwar\asset24","G7","G7","TankWar_P1|TankWar_P3|TankWar_P4|TankWar_P5","TankWar_P1|TankWar_P3|TankWar_P4|TankWar_P5",false,"TankWar_P1|TankWar_P3|TankWar_P4|TankWar_P5","RESOLVED_INTERNAL"
"D844","E296","E148","EXTENDS","STRUCTURAL","C:\Users\JBNU\git\ConstraintsRecovery\assets\tankwar\asset25",8,"C:\Users\JBNU\git\ConstraintsRecovery\assets\tankwar\asset18","G7","G7","TankWar_P1|TankWar_P3|TankWar_P4|TankWar_P5","TankWar_P1|TankWar_P3|TankWar_P4|TankWar_P5",true,"TankWar_P1|TankWar_P3|TankWar_P4|TankWar_P5","RESOLVED_INTERNAL"
"D846","E305","E303","FIELD_REFERENCE","IMPLEMENTATION","C:\Users\JBNU\git\ConstraintsRecovery\assets\tankwar\asset27",22,"C:\Users\JBNU\git\ConstraintsRecovery\assets\tankwar\asset27","G7","G7","TankWar_P1|TankWar_P3|TankWar_P4|TankWar_P5","TankWar_P1|TankWar_P3|TankWar_P4|TankWar_P5",false,"TankWar_P1|TankWar_P3|TankWar_P4|TankWar_P5","RESOLVED_INTERNAL"
"D847","E305","E304","FIELD_REFERENCE","IMPLEMENTATION","C:\Users\JBNU\git\ConstraintsRecovery\assets\tankwar\asset27",22,"C:\Users\JBNU\git\ConstraintsRecovery\assets\tankwar\asset27","G7","G7","TankWar_P1|TankWar_P3|TankWar_P4|TankWar_P5","TankWar_P1|TankWar_P3|TankWar_P4|TankWar_P5",false,"TankWar_P1|TankWar_P3|TankWar_P4|TankWar_P5","RESOLVED_INTERNAL"
"D848","E305","E302","FIELD_REFERENCE","IMPLEMENTATION","C:\Users\JBNU\git\ConstraintsRecovery\assets\tankwar\asset27",25,"C:\Users\JBNU\git\ConstraintsRecovery\assets\tankwar\asset27","G7","G7","TankWar_P1|TankWar_P3|TankWar_P4|TankWar_P5","TankWar_P1|TankWar_P3|TankWar_P4|TankWar_P5",false,"TankWar_P1|TankWar_P3|TankWar_P4|TankWar_P5","RESOLVED_INTERNAL"
"D849","E305","E304","FIELD_REFERENCE","IMPLEMENTATION","C:\Users\JBNU\git\ConstraintsRecovery\assets\tankwar\asset27",25,"C:\Users\JBNU\git\ConstraintsRecovery\assets\tankwar\asset27","G7","G7","TankWar_P1|TankWar_P3|TankWar_P4|TankWar_P5","TankWar_P1|TankWar_P3|TankWar_P4|TankWar_P5",false,"TankWar_P1|TankWar_P3|TankWar_P4|TankWar_P5","RESOLVED_INTERNAL"
"D850","E305","E302","FIELD_REFERENCE","IMPLEMENTATION","C:\Users\JBNU\git\ConstraintsRecovery\assets\tankwar\asset27",26,"C:\Users\JBNU\git\ConstraintsRecovery\assets\tankwar\asset27","G7","G7","TankWar_P1|TankWar_P3|TankWar_P4|TankWar_P5","TankWar_P1|TankWar_P3|TankWar_P4|TankWar_P5",false,"TankWar_P1|TankWar_P3|TankWar_P4|TankWar_P5","RESOLVED_INTERNAL"
"D851","E305","E303","FIELD_REFERENCE","IMPLEMENTATION","C:\Users\JBNU\git\ConstraintsRecovery\assets\tankwar\asset27",27,"C:\Users\JBNU\git\ConstraintsRecovery\assets\tankwar\asset27","G7","G7","TankWar_P1|TankWar_P3|TankWar_P4|TankWar_P5","TankWar_P1|TankWar_P3|TankWar_P4|TankWar_P5",false,"TankWar_P1|TankWar_P3|TankWar_P4|TankWar_P5","RESOLVED_INTERNAL"
"D852","E305","E304","FIELD_REFERENCE","IMPLEMENTATION","C:\Users\JBNU\git\ConstraintsRecovery\assets\tankwar\asset27",27,"C:\Users\JBNU\git\ConstraintsRecovery\assets\tankwar\asset27","G7","G7","TankWar_P1|TankWar_P3|TankWar_P4|TankWar_P5","TankWar_P1|TankWar_P3|TankWar_P4|TankWar_P5",false,"TankWar_P1|TankWar_P3|TankWar_P4|TankWar_P5","RESOLVED_INTERNAL"
"D853","E305","E295","CONSTRUCTOR_CALL","IMPLEMENTATION","C:\Users\JBNU\git\ConstraintsRecovery\assets\tankwar\asset27",34,"C:\Users\JBNU\git\ConstraintsRecovery\assets\tankwar\asset24","G7","G7","TankWar_P1|TankWar_P3|TankWar_P4|TankWar_P5","TankWar_P1|TankWar_P3|TankWar_P4|TankWar_P5",true,"TankWar_P1|TankWar_P3|TankWar_P4|TankWar_P5","RESOLVED_INTERNAL"
"D854","E305","E303","FIELD_REFERENCE","IMPLEMENTATION","C:\Users\JBNU\git\ConstraintsRecovery\assets\tankwar\asset27",38,"C:\Users\JBNU\git\ConstraintsRecovery\assets\tankwar\asset27","G7","G7","TankWar_P1|TankWar_P3|TankWar_P4|TankWar_P5","TankWar_P1|TankWar_P3|TankWar_P4|TankWar_P5",false,"TankWar_P1|TankWar_P3|TankWar_P4|TankWar_P5","RESOLVED_INTERNAL"
"D855","E305","E303","FIELD_REFERENCE","IMPLEMENTATION","C:\Users\JBNU\git\ConstraintsRecovery\assets\tankwar\asset27",47,"C:\Users\JBNU\git\ConstraintsRecovery\assets\tankwar\asset27","G7","G7","TankWar_P1|TankWar_P3|TankWar_P4|TankWar_P5","TankWar_P1|TankWar_P3|TankWar_P4|TankWar_P5",false,"TankWar_P1|TankWar_P3|TankWar_P4|TankWar_P5","RESOLVED_INTERNAL"
"D856","E305","E302","FIELD_REFERENCE","IMPLEMENTATION","C:\Users\JBNU\git\ConstraintsRecovery\assets\tankwar\asset27",48,"C:\Users\JBNU\git\ConstraintsRecovery\assets\tankwar\asset27","G7","G7","TankWar_P1|TankWar_P3|TankWar_P4|TankWar_P5","TankWar_P1|TankWar_P3|TankWar_P4|TankWar_P5",false,"TankWar_P1|TankWar_P3|TankWar_P4|TankWar_P5","RESOLVED_INTERNAL"
"D857","E305","E304","FIELD_REFERENCE","IMPLEMENTATION","C:\Users\JBNU\git\ConstraintsRecovery\assets\tankwar\asset27",48,"C:\Users\JBNU\git\ConstraintsRecovery\assets\tankwar\asset27","G7","G7","TankWar_P1|TankWar_P3|TankWar_P4|TankWar_P5","TankWar_P1|TankWar_P3|TankWar_P4|TankWar_P5",false,"TankWar_P1|TankWar_P3|TankWar_P4|TankWar_P5","RESOLVED_INTERNAL"
"D858","E305","E294","FIELD_REFERENCE","IMPLEMENTATION","C:\Users\JBNU\git\ConstraintsRecovery\assets\tankwar\asset27",56,"C:\Users\JBNU\git\ConstraintsRecovery\assets\tankwar\asset24","G7","G7","TankWar_P1|TankWar_P3|TankWar_P4|TankWar_P5","TankWar_P1|TankWar_P3|TankWar_P4|TankWar_P5",true,"TankWar_P1|TankWar_P3|TankWar_P4|TankWar_P5","RESOLVED_INTERNAL"
"D859","E305","E302","FIELD_REFERENCE","IMPLEMENTATION","C:\Users\JBNU\git\ConstraintsRecovery\assets\tankwar\asset27",78,"C:\Users\JBNU\git\ConstraintsRecovery\assets\tankwar\asset27","G7","G7","TankWar_P1|TankWar_P3|TankWar_P4|TankWar_P5","TankWar_P1|TankWar_P3|TankWar_P4|TankWar_P5",false,"TankWar_P1|TankWar_P3|TankWar_P4|TankWar_P5","RESOLVED_INTERNAL"
"D860","E305","E302","FIELD_REFERENCE","IMPLEMENTATION","C:\Users\JBNU\git\ConstraintsRecovery\assets\tankwar\asset27",84,"C:\Users\JBNU\git\ConstraintsRecovery\assets\tankwar\asset27","G7","G7","TankWar_P1|TankWar_P3|TankWar_P4|TankWar_P5","TankWar_P1|TankWar_P3|TankWar_P4|TankWar_P5",false,"TankWar_P1|TankWar_P3|TankWar_P4|TankWar_P5","RESOLVED_INTERNAL"
"D861","E306","E303","FIELD_REFERENCE","IMPLEMENTATION","C:\Users\JBNU\git\ConstraintsRecovery\assets\tankwar\asset27",91,"C:\Users\JBNU\git\ConstraintsRecovery\assets\tankwar\asset27","G7","G7","TankWar_P1|TankWar_P3|TankWar_P4|TankWar_P5","TankWar_P1|TankWar_P3|TankWar_P4|TankWar_P5",false,"TankWar_P1|TankWar_P3|TankWar_P4|TankWar_P5","RESOLVED_INTERNAL"
"D862","E306","E304","FIELD_REFERENCE","IMPLEMENTATION","C:\Users\JBNU\git\ConstraintsRecovery\assets\tankwar\asset27",91,"C:\Users\JBNU\git\ConstraintsRecovery\assets\tankwar\asset27","G7","G7","TankWar_P1|TankWar_P3|TankWar_P4|TankWar_P5","TankWar_P1|TankWar_P3|TankWar_P4|TankWar_P5",false,"TankWar_P1|TankWar_P3|TankWar_P4|TankWar_P5","RESOLVED_INTERNAL"
"D863","E306","E302","FIELD_REFERENCE","IMPLEMENTATION","C:\Users\JBNU\git\ConstraintsRecovery\assets\tankwar\asset27",94,"C:\Users\JBNU\git\ConstraintsRecovery\assets\tankwar\asset27","G7","G7","TankWar_P1|TankWar_P3|TankWar_P4|TankWar_P5","TankWar_P1|TankWar_P3|TankWar_P4|TankWar_P5",false,"TankWar_P1|TankWar_P3|TankWar_P4|TankWar_P5","RESOLVED_INTERNAL"
"D864","E306","E304","FIELD_REFERENCE","IMPLEMENTATION","C:\Users\JBNU\git\ConstraintsRecovery\assets\tankwar\asset27",94,"C:\Users\JBNU\git\ConstraintsRecovery\assets\tankwar\asset27","G7","G7","TankWar_P1|TankWar_P3|TankWar_P4|TankWar_P5","TankWar_P1|TankWar_P3|TankWar_P4|TankWar_P5",false,"TankWar_P1|TankWar_P3|TankWar_P4|TankWar_P5","RESOLVED_INTERNAL"
"D865","E306","E302","FIELD_REFERENCE","IMPLEMENTATION","C:\Users\JBNU\git\ConstraintsRecovery\assets\tankwar\asset27",95,"C:\Users\JBNU\git\ConstraintsRecovery\assets\tankwar\asset27","G7","G7","TankWar_P1|TankWar_P3|TankWar_P4|TankWar_P5","TankWar_P1|TankWar_P3|TankWar_P4|TankWar_P5",false,"TankWar_P1|TankWar_P3|TankWar_P4|TankWar_P5","RESOLVED_INTERNAL"
"D866","E306","E303","FIELD_REFERENCE","IMPLEMENTATION","C:\Users\JBNU\git\ConstraintsRecovery\assets\tankwar\asset27",96,"C:\Users\JBNU\git\ConstraintsRecovery\assets\tankwar\asset27","G7","G7","TankWar_P1|TankWar_P3|TankWar_P4|TankWar_P5","TankWar_P1|TankWar_P3|TankWar_P4|TankWar_P5",false,"TankWar_P1|TankWar_P3|TankWar_P4|TankWar_P5","RESOLVED_INTERNAL"
"D867","E306","E304","FIELD_REFERENCE","IMPLEMENTATION","C:\Users\JBNU\git\ConstraintsRecovery\assets\tankwar\asset27",96,"C:\Users\JBNU\git\ConstraintsRecovery\assets\tankwar\asset27","G7","G7","TankWar_P1|TankWar_P3|TankWar_P4|TankWar_P5","TankWar_P1|TankWar_P3|TankWar_P4|TankWar_P5",false,"TankWar_P1|TankWar_P3|TankWar_P4|TankWar_P5","RESOLVED_INTERNAL"
"D845","E306","E303","FIELD_REFERENCE","IMPLEMENTATION","C:\Users\JBNU\git\ConstraintsRecovery\assets\tankwar\asset27",106,"C:\Users\JBNU\git\ConstraintsRecovery\assets\tankwar\asset27","G7","G7","TankWar_P1|TankWar_P3|TankWar_P4|TankWar_P5","TankWar_P1|TankWar_P3|TankWar_P4|TankWar_P5",false,"TankWar_P1|TankWar_P3|TankWar_P4|TankWar_P5","RESOLVED_INTERNAL"
"D868","E319","E311","FIELD_REFERENCE","IMPLEMENTATION","C:\Users\JBNU\git\ConstraintsRecovery\assets\tankwar\asset28",35,"C:\Users\JBNU\git\ConstraintsRecovery\assets\tankwar\asset28","G7","G7","TankWar_P1|TankWar_P3|TankWar_P4|TankWar_P5","TankWar_P1|TankWar_P3|TankWar_P4|TankWar_P5",false,"TankWar_P3|TankWar_P4","RESOLVED_INTERNAL"
"D869","E320","E312","FIELD_REFERENCE","IMPLEMENTATION","C:\Users\JBNU\git\ConstraintsRecovery\assets\tankwar\asset28",35,"C:\Users\JBNU\git\ConstraintsRecovery\assets\tankwar\asset28","G7","G7","TankWar_P1|TankWar_P3|TankWar_P4|TankWar_P5","TankWar_P1|TankWar_P3|TankWar_P4|TankWar_P5",false,"TankWar_P1|TankWar_P5","RESOLVED_INTERNAL"
"D870","E321","E311","FIELD_REFERENCE","IMPLEMENTATION","C:\Users\JBNU\git\ConstraintsRecovery\assets\tankwar\asset28",41,"C:\Users\JBNU\git\ConstraintsRecovery\assets\tankwar\asset28","G7","G7","TankWar_P1|TankWar_P3|TankWar_P4|TankWar_P5","TankWar_P1|TankWar_P3|TankWar_P4|TankWar_P5",false,"TankWar_P3|TankWar_P4","RESOLVED_INTERNAL"
"D871","E322","E312","FIELD_REFERENCE","IMPLEMENTATION","C:\Users\JBNU\git\ConstraintsRecovery\assets\tankwar\asset28",41,"C:\Users\JBNU\git\ConstraintsRecovery\assets\tankwar\asset28","G7","G7","TankWar_P1|TankWar_P3|TankWar_P4|TankWar_P5","TankWar_P1|TankWar_P3|TankWar_P4|TankWar_P5",false,"TankWar_P1|TankWar_P5","RESOLVED_INTERNAL"
"D872","E321","E286","METHOD_CALL","IMPLEMENTATION","C:\Users\JBNU\git\ConstraintsRecovery\assets\tankwar\asset28",41,"C:\Users\JBNU\git\ConstraintsRecovery\assets\tankwar\asset23","G7","G7","TankWar_P1|TankWar_P3|TankWar_P4|TankWar_P5","TankWar_P1|TankWar_P3|TankWar_P4|TankWar_P5",true,"TankWar_P3|TankWar_P4","RESOLVED_INTERNAL"
"D873","E321","E306","METHOD_CALL","IMPLEMENTATION","C:\Users\JBNU\git\ConstraintsRecovery\assets\tankwar\asset28",41,"C:\Users\JBNU\git\ConstraintsRecovery\assets\tankwar\asset27","G7","G7","TankWar_P1|TankWar_P3|TankWar_P4|TankWar_P5","TankWar_P1|TankWar_P3|TankWar_P4|TankWar_P5",true,"TankWar_P3|TankWar_P4","RESOLVED_INTERNAL"
"D874","E322","E286","METHOD_CALL","IMPLEMENTATION","C:\Users\JBNU\git\ConstraintsRecovery\assets\tankwar\asset28",41,"C:\Users\JBNU\git\ConstraintsRecovery\assets\tankwar\asset23","G7","G7","TankWar_P1|TankWar_P3|TankWar_P4|TankWar_P5","TankWar_P1|TankWar_P3|TankWar_P4|TankWar_P5",true,"TankWar_P1|TankWar_P5","RESOLVED_INTERNAL"
"D875","E322","E306","METHOD_CALL","IMPLEMENTATION","C:\Users\JBNU\git\ConstraintsRecovery\assets\tankwar\asset28",41,"C:\Users\JBNU\git\ConstraintsRecovery\assets\tankwar\asset27","G7","G7","TankWar_P1|TankWar_P3|TankWar_P4|TankWar_P5","TankWar_P1|TankWar_P3|TankWar_P4|TankWar_P5",true,"TankWar_P1|TankWar_P5","RESOLVED_INTERNAL"
"D876","E321","E287","METHOD_CALL","IMPLEMENTATION","C:\Users\JBNU\git\ConstraintsRecovery\assets\tankwar\asset28",44,"C:\Users\JBNU\git\ConstraintsRecovery\assets\tankwar\asset23","G7","G7","TankWar_P1|TankWar_P3|TankWar_P4|TankWar_P5","TankWar_P1|TankWar_P3|TankWar_P4|TankWar_P5",true,"TankWar_P3|TankWar_P4","RESOLVED_INTERNAL"
"D877","E322","E287","METHOD_CALL","IMPLEMENTATION","C:\Users\JBNU\git\ConstraintsRecovery\assets\tankwar\asset28",44,"C:\Users\JBNU\git\ConstraintsRecovery\assets\tankwar\asset23","G7","G7","TankWar_P1|TankWar_P3|TankWar_P4|TankWar_P5","TankWar_P1|TankWar_P3|TankWar_P4|TankWar_P5",true,"TankWar_P1|TankWar_P5","RESOLVED_INTERNAL"
"D878","E323","E267","FIELD_REFERENCE","IMPLEMENTATION","C:\Users\JBNU\git\ConstraintsRecovery\assets\tankwar\asset28",49,"C:\Users\JBNU\git\ConstraintsRecovery\assets\tankwar\asset22","G7","G4","TankWar_P1|TankWar_P3|TankWar_P4|TankWar_P5","TankWar_P1|TankWar_P2|TankWar_P3|TankWar_P4|TankWar_P5",true,"TankWar_P3|TankWar_P4","RESOLVED_INTERNAL"
"D879","E324","E267","FIELD_REFERENCE","IMPLEMENTATION","C:\Users\JBNU\git\ConstraintsRecovery\assets\tankwar\asset28",49,"C:\Users\JBNU\git\ConstraintsRecovery\assets\tankwar\asset22","G7","G4","TankWar_P1|TankWar_P3|TankWar_P4|TankWar_P5","TankWar_P1|TankWar_P2|TankWar_P3|TankWar_P4|TankWar_P5",true,"TankWar_P1|TankWar_P5","RESOLVED_INTERNAL"
"D880","E323","E313","FIELD_REFERENCE","IMPLEMENTATION","C:\Users\JBNU\git\ConstraintsRecovery\assets\tankwar\asset28",50,"C:\Users\JBNU\git\ConstraintsRecovery\assets\tankwar\asset28","G7","G7","TankWar_P1|TankWar_P3|TankWar_P4|TankWar_P5","TankWar_P1|TankWar_P3|TankWar_P4|TankWar_P5",false,"TankWar_P3|TankWar_P4","RESOLVED_INTERNAL"
"D881","E324","E314","FIELD_REFERENCE","IMPLEMENTATION","C:\Users\JBNU\git\ConstraintsRecovery\assets\tankwar\asset28",50,"C:\Users\JBNU\git\ConstraintsRecovery\assets\tankwar\asset28","G7","G7","TankWar_P1|TankWar_P3|TankWar_P4|TankWar_P5","TankWar_P1|TankWar_P3|TankWar_P4|TankWar_P5",false,"TankWar_P1|TankWar_P5","RESOLVED_INTERNAL"
"D882","E325","E311","FIELD_REFERENCE","IMPLEMENTATION","C:\Users\JBNU\git\ConstraintsRecovery\assets\tankwar\asset28",54,"C:\Users\JBNU\git\ConstraintsRecovery\assets\tankwar\asset28","G7","G7","TankWar_P1|TankWar_P3|TankWar_P4|TankWar_P5","TankWar_P1|TankWar_P3|TankWar_P4|TankWar_P5",false,"TankWar_P3|TankWar_P4","RESOLVED_INTERNAL"
"D883","E325","E313","FIELD_REFERENCE","IMPLEMENTATION","C:\Users\JBNU\git\ConstraintsRecovery\assets\tankwar\asset28",54,"C:\Users\JBNU\git\ConstraintsRecovery\assets\tankwar\asset28","G7","G7","TankWar_P1|TankWar_P3|TankWar_P4|TankWar_P5","TankWar_P1|TankWar_P3|TankWar_P4|TankWar_P5",false,"TankWar_P3|TankWar_P4","RESOLVED_INTERNAL"
"D884","E326","E312","FIELD_REFERENCE","IMPLEMENTATION","C:\Users\JBNU\git\ConstraintsRecovery\assets\tankwar\asset28",54,"C:\Users\JBNU\git\ConstraintsRecovery\assets\tankwar\asset28","G7","G7","TankWar_P1|TankWar_P3|TankWar_P4|TankWar_P5","TankWar_P1|TankWar_P3|TankWar_P4|TankWar_P5",false,"TankWar_P1|TankWar_P5","RESOLVED_INTERNAL"
"D885","E326","E314","FIELD_REFERENCE","IMPLEMENTATION","C:\Users\JBNU\git\ConstraintsRecovery\assets\tankwar\asset28",54,"C:\Users\JBNU\git\ConstraintsRecovery\assets\tankwar\asset28","G7","G7","TankWar_P1|TankWar_P3|TankWar_P4|TankWar_P5","TankWar_P1|TankWar_P3|TankWar_P4|TankWar_P5",false,"TankWar_P1|TankWar_P5","RESOLVED_INTERNAL"
"D886","E325","E305","METHOD_CALL","IMPLEMENTATION","C:\Users\JBNU\git\ConstraintsRecovery\assets\tankwar\asset28",54,"C:\Users\JBNU\git\ConstraintsRecovery\assets\tankwar\asset27","G7","G7","TankWar_P1|TankWar_P3|TankWar_P4|TankWar_P5","TankWar_P1|TankWar_P3|TankWar_P4|TankWar_P5",true,"TankWar_P3|TankWar_P4","RESOLVED_INTERNAL"
"D887","E326","E305","METHOD_CALL","IMPLEMENTATION","C:\Users\JBNU\git\ConstraintsRecovery\assets\tankwar\asset28",54,"C:\Users\JBNU\git\ConstraintsRecovery\assets\tankwar\asset27","G7","G7","TankWar_P1|TankWar_P3|TankWar_P4|TankWar_P5","TankWar_P1|TankWar_P3|TankWar_P4|TankWar_P5",true,"TankWar_P1|TankWar_P5","RESOLVED_INTERNAL"
"D888","E325","E313","FIELD_REFERENCE","IMPLEMENTATION","C:\Users\JBNU\git\ConstraintsRecovery\assets\tankwar\asset28",55,"C:\Users\JBNU\git\ConstraintsRecovery\assets\tankwar\asset28","G7","G7","TankWar_P1|TankWar_P3|TankWar_P4|TankWar_P5","TankWar_P1|TankWar_P3|TankWar_P4|TankWar_P5",false,"TankWar_P3|TankWar_P4","RESOLVED_INTERNAL"
"D889","E326","E314","FIELD_REFERENCE","IMPLEMENTATION","C:\Users\JBNU\git\ConstraintsRecovery\assets\tankwar\asset28",55,"C:\Users\JBNU\git\ConstraintsRecovery\assets\tankwar\asset28","G7","G7","TankWar_P1|TankWar_P3|TankWar_P4|TankWar_P5","TankWar_P1|TankWar_P3|TankWar_P4|TankWar_P5",false,"TankWar_P1|TankWar_P5","RESOLVED_INTERNAL"
"D890","E331","E337","METHOD_CALL","IMPLEMENTATION","C:\Users\JBNU\git\ConstraintsRecovery\assets\tankwar\asset29",23,"C:\Users\JBNU\git\ConstraintsRecovery\assets\tankwar\asset3","G8","G4","TankWar_P1|TankWar_P3|TankWar_P5","TankWar_P1|TankWar_P2|TankWar_P3|TankWar_P4|TankWar_P5",true,"TankWar_P1|TankWar_P3|TankWar_P5","RESOLVED_INTERNAL"
"D1208","E332","E683","EXTENDS","STRUCTURAL","C:\Users\JBNU\git\ConstraintsRecovery\assets\tankwar\asset3",17,"C:\Users\JBNU\git\ConstraintsRecovery\assets\tankwar\asset9","G4","G4","TankWar_P1|TankWar_P2|TankWar_P3|TankWar_P4|TankWar_P5","TankWar_P1|TankWar_P2|TankWar_P3|TankWar_P4|TankWar_P5",true,"TankWar_P1|TankWar_P2|TankWar_P3|TankWar_P4|TankWar_P5","RESOLVED_INTERNAL"
"D1209","E335","E333","FIELD_REFERENCE","IMPLEMENTATION","C:\Users\JBNU\git\ConstraintsRecovery\assets\tankwar\asset3",25,"C:\Users\JBNU\git\ConstraintsRecovery\assets\tankwar\asset3","G4","G4","TankWar_P1|TankWar_P2|TankWar_P3|TankWar_P4|TankWar_P5","TankWar_P1|TankWar_P2|TankWar_P3|TankWar_P4|TankWar_P5",false,"TankWar_P1|TankWar_P2|TankWar_P3|TankWar_P4|TankWar_P5","RESOLVED_INTERNAL"
"D1210","E335","E721","METHOD_CALL","IMPLEMENTATION","C:\Users\JBNU\git\ConstraintsRecovery\assets\tankwar\asset3",25,"C:\Users\JBNU\git\ConstraintsRecovery\assets\tankwar\asset9","G4","G4","TankWar_P1|TankWar_P2|TankWar_P3|TankWar_P4|TankWar_P5","TankWar_P1|TankWar_P2|TankWar_P3|TankWar_P4|TankWar_P5",true,"TankWar_P1|TankWar_P2|TankWar_P3|TankWar_P4|TankWar_P5","RESOLVED_INTERNAL"
"D1211","E337","E251","CONSTRUCTOR_CALL","IMPLEMENTATION","C:\Users\JBNU\git\ConstraintsRecovery\assets\tankwar\asset3",34,"C:\Users\JBNU\git\ConstraintsRecovery\assets\tankwar\asset20","G4","G4","TankWar_P1|TankWar_P2|TankWar_P3|TankWar_P4|TankWar_P5","TankWar_P1|TankWar_P2|TankWar_P3|TankWar_P4|TankWar_P5",true,"TankWar_P1|TankWar_P2|TankWar_P3|TankWar_P4|TankWar_P5","RESOLVED_INTERNAL"
"D1212","E337","E333","FIELD_REFERENCE","IMPLEMENTATION","C:\Users\JBNU\git\ConstraintsRecovery\assets\tankwar\asset3",35,"C:\Users\JBNU\git\ConstraintsRecovery\assets\tankwar\asset3","G4","G4","TankWar_P1|TankWar_P2|TankWar_P3|TankWar_P4|TankWar_P5","TankWar_P1|TankWar_P2|TankWar_P3|TankWar_P4|TankWar_P5",false,"TankWar_P1|TankWar_P2|TankWar_P3|TankWar_P4|TankWar_P5","RESOLVED_INTERNAL"
"D1213","E337","E333","FIELD_REFERENCE","IMPLEMENTATION","C:\Users\JBNU\git\ConstraintsRecovery\assets\tankwar\asset3",36,"C:\Users\JBNU\git\ConstraintsRecovery\assets\tankwar\asset3","G4","G4","TankWar_P1|TankWar_P2|TankWar_P3|TankWar_P4|TankWar_P5","TankWar_P1|TankWar_P2|TankWar_P3|TankWar_P4|TankWar_P5",false,"TankWar_P1|TankWar_P2|TankWar_P3|TankWar_P4|TankWar_P5","RESOLVED_INTERNAL"
"D1214","E338","E336","METHOD_CALL","IMPLEMENTATION","C:\Users\JBNU\git\ConstraintsRecovery\assets\tankwar\asset3",42,"C:\Users\JBNU\git\ConstraintsRecovery\assets\tankwar\asset3","G4","G4","TankWar_P1|TankWar_P2|TankWar_P3|TankWar_P4|TankWar_P5","TankWar_P1|TankWar_P2|TankWar_P3|TankWar_P4|TankWar_P5",false,"TankWar_P1|TankWar_P2|TankWar_P3|TankWar_P4|TankWar_P5","RESOLVED_INTERNAL"
"D1173","E339","E17","EXTENDS","STRUCTURAL","C:\Users\JBNU\git\ConstraintsRecovery\assets\tankwar\asset30",10,"C:\Users\JBNU\git\ConstraintsRecovery\assets\tankwar\asset10","G22","G4","TankWar_P5","TankWar_P1|TankWar_P2|TankWar_P3|TankWar_P4|TankWar_P5",true,"TankWar_P5","RESOLVED_INTERNAL"
"D1174","E341","E17","EXTENDS","STRUCTURAL","C:\Users\JBNU\git\ConstraintsRecovery\assets\tankwar\asset30",16,"C:\Users\JBNU\git\ConstraintsRecovery\assets\tankwar\asset10","G20","G4","TankWar_P4","TankWar_P1|TankWar_P2|TankWar_P3|TankWar_P4|TankWar_P5",true,"TankWar_P4","RESOLVED_INTERNAL"
"D1175","E343","E695","FIELD_REFERENCE","IMPLEMENTATION","C:\Users\JBNU\git\ConstraintsRecovery\assets\tankwar\asset30",26,"C:\Users\JBNU\git\ConstraintsRecovery\assets\tankwar\asset9","G16","G4","TankWar_P2|TankWar_P4|TankWar_P5","TankWar_P1|TankWar_P2|TankWar_P3|TankWar_P4|TankWar_P5",true,"TankWar_P2|TankWar_P4|TankWar_P5","RESOLVED_INTERNAL"
"D1176","E343","E691","FIELD_REFERENCE","IMPLEMENTATION","C:\Users\JBNU\git\ConstraintsRecovery\assets\tankwar\asset30",27,"C:\Users\JBNU\git\ConstraintsRecovery\assets\tankwar\asset9","G16","G4","TankWar_P2|TankWar_P4|TankWar_P5","TankWar_P1|TankWar_P2|TankWar_P3|TankWar_P4|TankWar_P5",true,"TankWar_P2|TankWar_P4|TankWar_P5","RESOLVED_INTERNAL"
"D1177","E343","E692","FIELD_REFERENCE","IMPLEMENTATION","C:\Users\JBNU\git\ConstraintsRecovery\assets\tankwar\asset30",27,"C:\Users\JBNU\git\ConstraintsRecovery\assets\tankwar\asset9","G16","G4","TankWar_P2|TankWar_P4|TankWar_P5","TankWar_P1|TankWar_P2|TankWar_P3|TankWar_P4|TankWar_P5",true,"TankWar_P2|TankWar_P4|TankWar_P5","RESOLVED_INTERNAL"
"D1178","E343","E693","FIELD_REFERENCE","IMPLEMENTATION","C:\Users\JBNU\git\ConstraintsRecovery\assets\tankwar\asset30",27,"C:\Users\JBNU\git\ConstraintsRecovery\assets\tankwar\asset9","G16","G4","TankWar_P2|TankWar_P4|TankWar_P5","TankWar_P1|TankWar_P2|TankWar_P3|TankWar_P4|TankWar_P5",true,"TankWar_P2|TankWar_P4|TankWar_P5","RESOLVED_INTERNAL"
"D1179","E343","E695","FIELD_REFERENCE","IMPLEMENTATION","C:\Users\JBNU\git\ConstraintsRecovery\assets\tankwar\asset30",27,"C:\Users\JBNU\git\ConstraintsRecovery\assets\tankwar\asset9","G16","G4","TankWar_P2|TankWar_P4|TankWar_P5","TankWar_P1|TankWar_P2|TankWar_P3|TankWar_P4|TankWar_P5",true,"TankWar_P2|TankWar_P4|TankWar_P5","RESOLVED_INTERNAL"
"D1180","E343","E695","FIELD_REFERENCE","IMPLEMENTATION","C:\Users\JBNU\git\ConstraintsRecovery\assets\tankwar\asset30",28,"C:\Users\JBNU\git\ConstraintsRecovery\assets\tankwar\asset9","G16","G4","TankWar_P2|TankWar_P4|TankWar_P5","TankWar_P1|TankWar_P2|TankWar_P3|TankWar_P4|TankWar_P5",true,"TankWar_P2|TankWar_P4|TankWar_P5","RESOLVED_INTERNAL"
"D1181","E347","E337","METHOD_CALL","IMPLEMENTATION","C:\Users\JBNU\git\ConstraintsRecovery\assets\tankwar\asset31",22,"C:\Users\JBNU\git\ConstraintsRecovery\assets\tankwar\asset3","G3","G4","TankWar_P1|TankWar_P2|TankWar_P3","TankWar_P1|TankWar_P2|TankWar_P3|TankWar_P4|TankWar_P5",true,"TankWar_P1|TankWar_P2|TankWar_P3","RESOLVED_INTERNAL"
"D1182","E348","E202","EXTENDS","STRUCTURAL","C:\Users\JBNU\git\ConstraintsRecovery\assets\tankwar\asset32",26,"C:\Users\JBNU\git\ConstraintsRecovery\assets\tankwar\asset2","G1","G4","TankWar_P1","TankWar_P1|TankWar_P2|TankWar_P3|TankWar_P4|TankWar_P5",true,"TankWar_P1","RESOLVED_INTERNAL"
"D1183","E349","E494","EXTENDS","STRUCTURAL","C:\Users\JBNU\git\ConstraintsRecovery\assets\tankwar\asset32",29,"C:\Users\JBNU\git\ConstraintsRecovery\assets\tankwar\asset56","G17","G13","TankWar_P3","TankWar_P2|TankWar_P3",true,"TankWar_P3","RESOLVED_INTERNAL"
"D1184","E350","E494","EXTENDS","STRUCTURAL","C:\Users\JBNU\git\ConstraintsRecovery\assets\tankwar\asset32",31,"C:\Users\JBNU\git\ConstraintsRecovery\assets\tankwar\asset56","G12","G13","TankWar_P2","TankWar_P2|TankWar_P3",true,"TankWar_P2","RESOLVED_INTERNAL"
"D1185","E352","E228","METHOD_CALL","IMPLEMENTATION","C:\Users\JBNU\git\ConstraintsRecovery\assets\tankwar\asset32",38,"C:\Users\JBNU\git\ConstraintsRecovery\assets\tankwar\asset2","G3","G4","TankWar_P1|TankWar_P2|TankWar_P3","TankWar_P1|TankWar_P2|TankWar_P3|TankWar_P4|TankWar_P5",true,"TankWar_P1|TankWar_P2|TankWar_P3","RESOLVED_INTERNAL"
"D1186","E356","E688","FIELD_REFERENCE","IMPLEMENTATION","C:\Users\JBNU\git\ConstraintsRecovery\assets\tankwar\asset33",19,"C:\Users\JBNU\git\ConstraintsRecovery\assets\tankwar\asset9","G3","G4","TankWar_P1|TankWar_P2|TankWar_P3","TankWar_P1|TankWar_P2|TankWar_P3|TankWar_P4|TankWar_P5",true,"TankWar_P1|TankWar_P2|TankWar_P3","RESOLVED_INTERNAL"
"D1187","E356","E689","FIELD_REFERENCE","IMPLEMENTATION","C:\Users\JBNU\git\ConstraintsRecovery\assets\tankwar\asset33",19,"C:\Users\JBNU\git\ConstraintsRecovery\assets\tankwar\asset9","G3","G4","TankWar_P1|TankWar_P2|TankWar_P3","TankWar_P1|TankWar_P2|TankWar_P3|TankWar_P4|TankWar_P5",true,"TankWar_P1|TankWar_P2|TankWar_P3","RESOLVED_INTERNAL"
"D1188","E361","E228","METHOD_CALL","IMPLEMENTATION","C:\Users\JBNU\git\ConstraintsRecovery\assets\tankwar\asset34",37,"C:\Users\JBNU\git\ConstraintsRecovery\assets\tankwar\asset2","G8","G4","TankWar_P1|TankWar_P3|TankWar_P5","TankWar_P1|TankWar_P2|TankWar_P3|TankWar_P4|TankWar_P5",true,"TankWar_P1|TankWar_P3|TankWar_P5","RESOLVED_INTERNAL"
"D1189","E362","E202","EXTENDS","STRUCTURAL","C:\Users\JBNU\git\ConstraintsRecovery\assets\tankwar\asset35",26,"C:\Users\JBNU\git\ConstraintsRecovery\assets\tankwar\asset2","G21","G4","TankWar_P4|TankWar_P5","TankWar_P1|TankWar_P2|TankWar_P3|TankWar_P4|TankWar_P5",true,"TankWar_P4|TankWar_P5","RESOLVED_INTERNAL"
"D1190","E365","E228","METHOD_CALL","IMPLEMENTATION","C:\Users\JBNU\git\ConstraintsRecovery\assets\tankwar\asset35",35,"C:\Users\JBNU\git\ConstraintsRecovery\assets\tankwar\asset2","G16","G4","TankWar_P2|TankWar_P4|TankWar_P5","TankWar_P1|TankWar_P2|TankWar_P3|TankWar_P4|TankWar_P5",true,"TankWar_P2|TankWar_P4|TankWar_P5","RESOLVED_INTERNAL"
"D1191","E366","E332","EXTENDS","STRUCTURAL","C:\Users\JBNU\git\ConstraintsRecovery\assets\tankwar\asset36",13,"C:\Users\JBNU\git\ConstraintsRecovery\assets\tankwar\asset3","G1","G4","TankWar_P1","TankWar_P1|TankWar_P2|TankWar_P3|TankWar_P4|TankWar_P5",true,"TankWar_P1","RESOLVED_INTERNAL"
"D1192","E367","E505","EXTENDS","STRUCTURAL","C:\Users\JBNU\git\ConstraintsRecovery\assets\tankwar\asset36",15,"C:\Users\JBNU\git\ConstraintsRecovery\assets\tankwar\asset59","G17","G13","TankWar_P3","TankWar_P2|TankWar_P3",true,"TankWar_P3","RESOLVED_INTERNAL"
"D1193","E368","E505","EXTENDS","STRUCTURAL","C:\Users\JBNU\git\ConstraintsRecovery\assets\tankwar\asset36",18,"C:\Users\JBNU\git\ConstraintsRecovery\assets\tankwar\asset59","G12","G13","TankWar_P2","TankWar_P2|TankWar_P3",true,"TankWar_P2","RESOLVED_INTERNAL"
"D1194","E370","E337","METHOD_CALL","IMPLEMENTATION","C:\Users\JBNU\git\ConstraintsRecovery\assets\tankwar\asset36",24,"C:\Users\JBNU\git\ConstraintsRecovery\assets\tankwar\asset3","G3","G4","TankWar_P1|TankWar_P2|TankWar_P3","TankWar_P1|TankWar_P2|TankWar_P3|TankWar_P4|TankWar_P5",true,"TankWar_P1|TankWar_P2|TankWar_P3","RESOLVED_INTERNAL"
"D1195","E374","E228","METHOD_CALL","IMPLEMENTATION","C:\Users\JBNU\git\ConstraintsRecovery\assets\tankwar\asset37",35,"C:\Users\JBNU\git\ConstraintsRecovery\assets\tankwar\asset2","G3","G4","TankWar_P1|TankWar_P2|TankWar_P3","TankWar_P1|TankWar_P2|TankWar_P3|TankWar_P4|TankWar_P5",true,"TankWar_P1|TankWar_P2|TankWar_P3","RESOLVED_INTERNAL"
"D1196","E375","E332","EXTENDS","STRUCTURAL","C:\Users\JBNU\git\ConstraintsRecovery\assets\tankwar\asset38",11,"C:\Users\JBNU\git\ConstraintsRecovery\assets\tankwar\asset3","G20","G4","TankWar_P4","TankWar_P1|TankWar_P2|TankWar_P3|TankWar_P4|TankWar_P5",true,"TankWar_P4","RESOLVED_INTERNAL"
"D1197","E377","E332","EXTENDS","STRUCTURAL","C:\Users\JBNU\git\ConstraintsRecovery\assets\tankwar\asset38",16,"C:\Users\JBNU\git\ConstraintsRecovery\assets\tankwar\asset3","G22","G4","TankWar_P5","TankWar_P1|TankWar_P2|TankWar_P3|TankWar_P4|TankWar_P5",true,"TankWar_P5","RESOLVED_INTERNAL"
"D1198","E379","E337","METHOD_CALL","IMPLEMENTATION","C:\Users\JBNU\git\ConstraintsRecovery\assets\tankwar\asset38",22,"C:\Users\JBNU\git\ConstraintsRecovery\assets\tankwar\asset3","G16","G4","TankWar_P2|TankWar_P4|TankWar_P5","TankWar_P1|TankWar_P2|TankWar_P3|TankWar_P4|TankWar_P5",true,"TankWar_P2|TankWar_P4|TankWar_P5","RESOLVED_INTERNAL"
"D1199","E386","E384","FIELD_REFERENCE","IMPLEMENTATION","C:\Users\JBNU\git\ConstraintsRecovery\assets\tankwar\asset39",25,"C:\Users\JBNU\git\ConstraintsRecovery\assets\tankwar\asset39","G8","G8","TankWar_P1|TankWar_P3|TankWar_P5","TankWar_P1|TankWar_P3|TankWar_P5",false,"TankWar_P1|TankWar_P3|TankWar_P5","RESOLVED_INTERNAL"
"D1200","E386","E383","FIELD_REFERENCE","IMPLEMENTATION","C:\Users\JBNU\git\ConstraintsRecovery\assets\tankwar\asset39",26,"C:\Users\JBNU\git\ConstraintsRecovery\assets\tankwar\asset39","G8","G8","TankWar_P1|TankWar_P3|TankWar_P5","TankWar_P1|TankWar_P3|TankWar_P5",false,"TankWar_P1|TankWar_P3|TankWar_P5","RESOLVED_INTERNAL"
"D1201","E386","E383","FIELD_REFERENCE","IMPLEMENTATION","C:\Users\JBNU\git\ConstraintsRecovery\assets\tankwar\asset39",29,"C:\Users\JBNU\git\ConstraintsRecovery\assets\tankwar\asset39","G8","G8","TankWar_P1|TankWar_P3|TankWar_P5","TankWar_P1|TankWar_P3|TankWar_P5",false,"TankWar_P1|TankWar_P3|TankWar_P5","RESOLVED_INTERNAL"
"D1202","E386","E384","FIELD_REFERENCE","IMPLEMENTATION","C:\Users\JBNU\git\ConstraintsRecovery\assets\tankwar\asset39",29,"C:\Users\JBNU\git\ConstraintsRecovery\assets\tankwar\asset39","G8","G8","TankWar_P1|TankWar_P3|TankWar_P5","TankWar_P1|TankWar_P3|TankWar_P5",false,"TankWar_P1|TankWar_P3|TankWar_P5","RESOLVED_INTERNAL"
"D1203","E386","E384","FIELD_REFERENCE","IMPLEMENTATION","C:\Users\JBNU\git\ConstraintsRecovery\assets\tankwar\asset39",31,"C:\Users\JBNU\git\ConstraintsRecovery\assets\tankwar\asset39","G8","G8","TankWar_P1|TankWar_P3|TankWar_P5","TankWar_P1|TankWar_P3|TankWar_P5",false,"TankWar_P1|TankWar_P3|TankWar_P5","RESOLVED_INTERNAL"
"D1204","E387","E384","FIELD_REFERENCE","IMPLEMENTATION","C:\Users\JBNU\git\ConstraintsRecovery\assets\tankwar\asset39",38,"C:\Users\JBNU\git\ConstraintsRecovery\assets\tankwar\asset39","G8","G8","TankWar_P1|TankWar_P3|TankWar_P5","TankWar_P1|TankWar_P3|TankWar_P5",false,"TankWar_P1|TankWar_P3|TankWar_P5","RESOLVED_INTERNAL"
"D1205","E387","E383","FIELD_REFERENCE","IMPLEMENTATION","C:\Users\JBNU\git\ConstraintsRecovery\assets\tankwar\asset39",39,"C:\Users\JBNU\git\ConstraintsRecovery\assets\tankwar\asset39","G8","G8","TankWar_P1|TankWar_P3|TankWar_P5","TankWar_P1|TankWar_P3|TankWar_P5",false,"TankWar_P1|TankWar_P3|TankWar_P5","RESOLVED_INTERNAL"
"D1206","E387","E384","FIELD_REFERENCE","IMPLEMENTATION","C:\Users\JBNU\git\ConstraintsRecovery\assets\tankwar\asset39",40,"C:\Users\JBNU\git\ConstraintsRecovery\assets\tankwar\asset39","G8","G8","TankWar_P1|TankWar_P3|TankWar_P5","TankWar_P1|TankWar_P3|TankWar_P5",false,"TankWar_P1|TankWar_P3|TankWar_P5","RESOLVED_INTERNAL"
"D1207","E387","E75","FIELD_REFERENCE","IMPLEMENTATION","C:\Users\JBNU\git\ConstraintsRecovery\assets\tankwar\asset39",41,"C:\Users\JBNU\git\ConstraintsRecovery\assets\tankwar\asset14","G8","G4","TankWar_P1|TankWar_P3|TankWar_P5","TankWar_P1|TankWar_P2|TankWar_P3|TankWar_P4|TankWar_P5",true,"TankWar_P1|TankWar_P3|TankWar_P5","RESOLVED_INTERNAL"
"D1363","E390","E389","FIELD_REFERENCE","IMPLEMENTATION","C:\Users\JBNU\git\ConstraintsRecovery\assets\tankwar\asset4",14,"C:\Users\JBNU\git\ConstraintsRecovery\assets\tankwar\asset4","G4","G4","TankWar_P1|TankWar_P2|TankWar_P3|TankWar_P4|TankWar_P5","TankWar_P1|TankWar_P2|TankWar_P3|TankWar_P4|TankWar_P5",false,"TankWar_P1|TankWar_P2|TankWar_P3|TankWar_P4|TankWar_P5","RESOLVED_INTERNAL"
"D1364","E391","E389","FIELD_REFERENCE","IMPLEMENTATION","C:\Users\JBNU\git\ConstraintsRecovery\assets\tankwar\asset4",18,"C:\Users\JBNU\git\ConstraintsRecovery\assets\tankwar\asset4","G4","G4","TankWar_P1|TankWar_P2|TankWar_P3|TankWar_P4|TankWar_P5","TankWar_P1|TankWar_P2|TankWar_P3|TankWar_P4|TankWar_P5",false,"TankWar_P1|TankWar_P2|TankWar_P3|TankWar_P4|TankWar_P5","RESOLVED_INTERNAL"
"D1365","E392","E389","FIELD_REFERENCE","IMPLEMENTATION","C:\Users\JBNU\git\ConstraintsRecovery\assets\tankwar\asset4",22,"C:\Users\JBNU\git\ConstraintsRecovery\assets\tankwar\asset4","G4","G4","TankWar_P1|TankWar_P2|TankWar_P3|TankWar_P4|TankWar_P5","TankWar_P1|TankWar_P2|TankWar_P3|TankWar_P4|TankWar_P5",false,"TankWar_P1|TankWar_P2|TankWar_P3|TankWar_P4|TankWar_P5","RESOLVED_INTERNAL"
"D1215","E405","E402","FIELD_REFERENCE","IMPLEMENTATION","C:\Users\JBNU\git\ConstraintsRecovery\assets\tankwar\asset41",25,"C:\Users\JBNU\git\ConstraintsRecovery\assets\tankwar\asset41","G3","G3","TankWar_P1|TankWar_P2|TankWar_P3","TankWar_P1|TankWar_P2|TankWar_P3",false,"TankWar_P1|TankWar_P2|TankWar_P3","RESOLVED_INTERNAL"
"D1216","E405","E403","FIELD_REFERENCE","IMPLEMENTATION","C:\Users\JBNU\git\ConstraintsRecovery\assets\tankwar\asset41",25,"C:\Users\JBNU\git\ConstraintsRecovery\assets\tankwar\asset41","G3","G3","TankWar_P1|TankWar_P2|TankWar_P3","TankWar_P1|TankWar_P2|TankWar_P3",false,"TankWar_P1|TankWar_P2|TankWar_P3","RESOLVED_INTERNAL"
"D1217","E405","E402","FIELD_REFERENCE","IMPLEMENTATION","C:\Users\JBNU\git\ConstraintsRecovery\assets\tankwar\asset41",26,"C:\Users\JBNU\git\ConstraintsRecovery\assets\tankwar\asset41","G3","G3","TankWar_P1|TankWar_P2|TankWar_P3","TankWar_P1|TankWar_P2|TankWar_P3",false,"TankWar_P1|TankWar_P2|TankWar_P3","RESOLVED_INTERNAL"
"D1218","E405","E402","FIELD_REFERENCE","IMPLEMENTATION","C:\Users\JBNU\git\ConstraintsRecovery\assets\tankwar\asset41",28,"C:\Users\JBNU\git\ConstraintsRecovery\assets\tankwar\asset41","G3","G3","TankWar_P1|TankWar_P2|TankWar_P3","TankWar_P1|TankWar_P2|TankWar_P3",false,"TankWar_P1|TankWar_P2|TankWar_P3","RESOLVED_INTERNAL"
"D1219","E405","E241","METHOD_CALL","IMPLEMENTATION","C:\Users\JBNU\git\ConstraintsRecovery\assets\tankwar\asset41",29,"C:\Users\JBNU\git\ConstraintsRecovery\assets\tankwar\asset2","G3","G4","TankWar_P1|TankWar_P2|TankWar_P3","TankWar_P1|TankWar_P2|TankWar_P3|TankWar_P4|TankWar_P5",true,"TankWar_P1|TankWar_P2|TankWar_P3","RESOLVED_INTERNAL"
"D1220","E405","E688","FIELD_REFERENCE","IMPLEMENTATION","C:\Users\JBNU\git\ConstraintsRecovery\assets\tankwar\asset41",30,"C:\Users\JBNU\git\ConstraintsRecovery\assets\tankwar\asset9","G3","G4","TankWar_P1|TankWar_P2|TankWar_P3","TankWar_P1|TankWar_P2|TankWar_P3|TankWar_P4|TankWar_P5",true,"TankWar_P1|TankWar_P2|TankWar_P3","RESOLVED_INTERNAL"
"D1221","E405","E247","METHOD_CALL","IMPLEMENTATION","C:\Users\JBNU\git\ConstraintsRecovery\assets\tankwar\asset41",30,"C:\Users\JBNU\git\ConstraintsRecovery\assets\tankwar\asset2","G3","G4","TankWar_P1|TankWar_P2|TankWar_P3","TankWar_P1|TankWar_P2|TankWar_P3|TankWar_P4|TankWar_P5",true,"TankWar_P1|TankWar_P2|TankWar_P3","RESOLVED_INTERNAL"
"D1222","E406","E403","FIELD_REFERENCE","IMPLEMENTATION","C:\Users\JBNU\git\ConstraintsRecovery\assets\tankwar\asset41",37,"C:\Users\JBNU\git\ConstraintsRecovery\assets\tankwar\asset41","G3","G3","TankWar_P1|TankWar_P2|TankWar_P3","TankWar_P1|TankWar_P2|TankWar_P3",false,"TankWar_P1|TankWar_P2|TankWar_P3","RESOLVED_INTERNAL"
"D1223","E406","E402","FIELD_REFERENCE","IMPLEMENTATION","C:\Users\JBNU\git\ConstraintsRecovery\assets\tankwar\asset41",38,"C:\Users\JBNU\git\ConstraintsRecovery\assets\tankwar\asset41","G3","G3","TankWar_P1|TankWar_P2|TankWar_P3","TankWar_P1|TankWar_P2|TankWar_P3",false,"TankWar_P1|TankWar_P2|TankWar_P3","RESOLVED_INTERNAL"
"D1224","E407","E402","FIELD_REFERENCE","IMPLEMENTATION","C:\Users\JBNU\git\ConstraintsRecovery\assets\tankwar\asset41",43,"C:\Users\JBNU\git\ConstraintsRecovery\assets\tankwar\asset41","G3","G3","TankWar_P1|TankWar_P2|TankWar_P3","TankWar_P1|TankWar_P2|TankWar_P3",false,"TankWar_P1|TankWar_P2|TankWar_P3","RESOLVED_INTERNAL"
"D1225","E407","E76","FIELD_REFERENCE","IMPLEMENTATION","C:\Users\JBNU\git\ConstraintsRecovery\assets\tankwar\asset41",44,"C:\Users\JBNU\git\ConstraintsRecovery\assets\tankwar\asset14","G3","G4","TankWar_P1|TankWar_P2|TankWar_P3","TankWar_P1|TankWar_P2|TankWar_P3|TankWar_P4|TankWar_P5",true,"TankWar_P1|TankWar_P2|TankWar_P3","RESOLVED_INTERNAL"
"D1228","E408","E192","EXTENDS","STRUCTURAL","C:\Users\JBNU\git\ConstraintsRecovery\assets\tankwar\asset42",8,"C:\Users\JBNU\git\ConstraintsRecovery\assets\tankwar\asset19","G21","G4","TankWar_P4|TankWar_P5","TankWar_P1|TankWar_P2|TankWar_P3|TankWar_P4|TankWar_P5",true,"TankWar_P4|TankWar_P5","RESOLVED_INTERNAL"
"D1226","E411","E688","FIELD_REFERENCE","IMPLEMENTATION","C:\Users\JBNU\git\ConstraintsRecovery\assets\tankwar\asset42",19,"C:\Users\JBNU\git\ConstraintsRecovery\assets\tankwar\asset9","G16","G4","TankWar_P2|TankWar_P4|TankWar_P5","TankWar_P1|TankWar_P2|TankWar_P3|TankWar_P4|TankWar_P5",true,"TankWar_P2|TankWar_P4|TankWar_P5","RESOLVED_INTERNAL"
"D1227","E411","E689","FIELD_REFERENCE","IMPLEMENTATION","C:\Users\JBNU\git\ConstraintsRecovery\assets\tankwar\asset42",19,"C:\Users\JBNU\git\ConstraintsRecovery\assets\tankwar\asset9","G16","G4","TankWar_P2|TankWar_P4|TankWar_P5","TankWar_P1|TankWar_P2|TankWar_P3|TankWar_P4|TankWar_P5",true,"TankWar_P2|TankWar_P4|TankWar_P5","RESOLVED_INTERNAL"
"D1229","E416","E688","FIELD_REFERENCE","IMPLEMENTATION","C:\Users\JBNU\git\ConstraintsRecovery\assets\tankwar\asset43",21,"C:\Users\JBNU\git\ConstraintsRecovery\assets\tankwar\asset9","G8","G4","TankWar_P1|TankWar_P3|TankWar_P5","TankWar_P1|TankWar_P2|TankWar_P3|TankWar_P4|TankWar_P5",true,"TankWar_P1|TankWar_P3|TankWar_P5","RESOLVED_INTERNAL"
"D1230","E416","E689","FIELD_REFERENCE","IMPLEMENTATION","C:\Users\JBNU\git\ConstraintsRecovery\assets\tankwar\asset43",21,"C:\Users\JBNU\git\ConstraintsRecovery\assets\tankwar\asset9","G8","G4","TankWar_P1|TankWar_P3|TankWar_P5","TankWar_P1|TankWar_P2|TankWar_P3|TankWar_P4|TankWar_P5",true,"TankWar_P1|TankWar_P3|TankWar_P5","RESOLVED_INTERNAL"
"D1234","E417","E192","EXTENDS","STRUCTURAL","C:\Users\JBNU\git\ConstraintsRecovery\assets\tankwar\asset44",8,"C:\Users\JBNU\git\ConstraintsRecovery\assets\tankwar\asset19","G1","G4","TankWar_P1","TankWar_P1|TankWar_P2|TankWar_P3|TankWar_P4|TankWar_P5",true,"TankWar_P1","RESOLVED_INTERNAL"
"D1231","E418","E514","EXTENDS","STRUCTURAL","C:\Users\JBNU\git\ConstraintsRecovery\assets\tankwar\asset44",10,"C:\Users\JBNU\git\ConstraintsRecovery\assets\tankwar\asset60","G13","G13","TankWar_P2|TankWar_P3","TankWar_P2|TankWar_P3",true,"TankWar_P2|TankWar_P3","RESOLVED_INTERNAL"
"D1232","E420","E688","FIELD_REFERENCE","IMPLEMENTATION","C:\Users\JBNU\git\ConstraintsRecovery\assets\tankwar\asset44",19,"C:\Users\JBNU\git\ConstraintsRecovery\assets\tankwar\asset9","G3","G4","TankWar_P1|TankWar_P2|TankWar_P3","TankWar_P1|TankWar_P2|TankWar_P3|TankWar_P4|TankWar_P5",true,"TankWar_P1|TankWar_P2|TankWar_P3","RESOLVED_INTERNAL"
"D1233","E420","E689","FIELD_REFERENCE","IMPLEMENTATION","C:\Users\JBNU\git\ConstraintsRecovery\assets\tankwar\asset44",19,"C:\Users\JBNU\git\ConstraintsRecovery\assets\tankwar\asset9","G3","G4","TankWar_P1|TankWar_P2|TankWar_P3","TankWar_P1|TankWar_P2|TankWar_P3|TankWar_P4|TankWar_P5",true,"TankWar_P1|TankWar_P2|TankWar_P3","RESOLVED_INTERNAL"
"D1240","E421","E1","EXTENDS","STRUCTURAL","C:\Users\JBNU\git\ConstraintsRecovery\assets\tankwar\asset45",9,"C:\Users\JBNU\git\ConstraintsRecovery\assets\tankwar\asset1","G15","G4","TankWar_P2|TankWar_P4","TankWar_P1|TankWar_P2|TankWar_P3|TankWar_P4|TankWar_P5",true,"TankWar_P2|TankWar_P4","RESOLVED_INTERNAL"
"D1235","E422","E526","EXTENDS","STRUCTURAL","C:\Users\JBNU\git\ConstraintsRecovery\assets\tankwar\asset45",11,"C:\Users\JBNU\git\ConstraintsRecovery\assets\tankwar\asset64","G17","G19","TankWar_P3","TankWar_P3|TankWar_P5",true,"TankWar_P3","RESOLVED_INTERNAL"
"D1236","E424","E64","METHOD_CALL","IMPLEMENTATION","C:\Users\JBNU\git\ConstraintsRecovery\assets\tankwar\asset45",25,"C:\Users\JBNU\git\ConstraintsRecovery\assets\tankwar\asset13","G14","G4","TankWar_P2|TankWar_P3|TankWar_P4","TankWar_P1|TankWar_P2|TankWar_P3|TankWar_P4|TankWar_P5",true,"TankWar_P2|TankWar_P3|TankWar_P4","RESOLVED_INTERNAL"
"D1237","E424","E64","METHOD_CALL","IMPLEMENTATION","C:\Users\JBNU\git\ConstraintsRecovery\assets\tankwar\asset45",28,"C:\Users\JBNU\git\ConstraintsRecovery\assets\tankwar\asset13","G14","G4","TankWar_P2|TankWar_P3|TankWar_P4","TankWar_P1|TankWar_P2|TankWar_P3|TankWar_P4|TankWar_P5",true,"TankWar_P2|TankWar_P3|TankWar_P4","RESOLVED_INTERNAL"
"D1238","E424","E64","METHOD_CALL","IMPLEMENTATION","C:\Users\JBNU\git\ConstraintsRecovery\assets\tankwar\asset45",31,"C:\Users\JBNU\git\ConstraintsRecovery\assets\tankwar\asset13","G14","G4","TankWar_P2|TankWar_P3|TankWar_P4","TankWar_P1|TankWar_P2|TankWar_P3|TankWar_P4|TankWar_P5",true,"TankWar_P2|TankWar_P3|TankWar_P4","RESOLVED_INTERNAL"
"D1239","E424","E64","METHOD_CALL","IMPLEMENTATION","C:\Users\JBNU\git\ConstraintsRecovery\assets\tankwar\asset45",34,"C:\Users\JBNU\git\ConstraintsRecovery\assets\tankwar\asset13","G14","G4","TankWar_P2|TankWar_P3|TankWar_P4","TankWar_P1|TankWar_P2|TankWar_P3|TankWar_P4|TankWar_P5",true,"TankWar_P2|TankWar_P3|TankWar_P4","RESOLVED_INTERNAL"
"D1241","E425","E17","EXTENDS","STRUCTURAL","C:\Users\JBNU\git\ConstraintsRecovery\assets\tankwar\asset46",10,"C:\Users\JBNU\git\ConstraintsRecovery\assets\tankwar\asset10","G1","G4","TankWar_P1","TankWar_P1|TankWar_P2|TankWar_P3|TankWar_P4|TankWar_P5",true,"TankWar_P1","RESOLVED_INTERNAL"
"D1242","E426","E473","EXTENDS","STRUCTURAL","C:\Users\JBNU\git\ConstraintsRecovery\assets\tankwar\asset46",13,"C:\Users\JBNU\git\ConstraintsRecovery\assets\tankwar\asset52","G13","G13","TankWar_P2|TankWar_P3","TankWar_P2|TankWar_P3",true,"TankWar_P2|TankWar_P3","RESOLVED_INTERNAL"
"D1243","E430","E428","FIELD_REFERENCE","IMPLEMENTATION","C:\Users\JBNU\git\ConstraintsRecovery\assets\tankwar\asset46",23,"C:\Users\JBNU\git\ConstraintsRecovery\assets\tankwar\asset46","G3","G3","TankWar_P1|TankWar_P2|TankWar_P3","TankWar_P1|TankWar_P2|TankWar_P3",false,"TankWar_P1|TankWar_P2|TankWar_P3","RESOLVED_INTERNAL"
"D1244","E430","E427","FIELD_REFERENCE","IMPLEMENTATION","C:\Users\JBNU\git\ConstraintsRecovery\assets\tankwar\asset46",24,"C:\Users\JBNU\git\ConstraintsRecovery\assets\tankwar\asset46","G3","G3","TankWar_P1|TankWar_P2|TankWar_P3","TankWar_P1|TankWar_P2|TankWar_P3",false,"TankWar_P1|TankWar_P2|TankWar_P3","RESOLVED_INTERNAL"
"D1245","E430","E427","FIELD_REFERENCE","IMPLEMENTATION","C:\Users\JBNU\git\ConstraintsRecovery\assets\tankwar\asset46",27,"C:\Users\JBNU\git\ConstraintsRecovery\assets\tankwar\asset46","G3","G3","TankWar_P1|TankWar_P2|TankWar_P3","TankWar_P1|TankWar_P2|TankWar_P3",false,"TankWar_P1|TankWar_P2|TankWar_P3","RESOLVED_INTERNAL"
"D1246","E430","E428","FIELD_REFERENCE","IMPLEMENTATION","C:\Users\JBNU\git\ConstraintsRecovery\assets\tankwar\asset46",27,"C:\Users\JBNU\git\ConstraintsRecovery\assets\tankwar\asset46","G3","G3","TankWar_P1|TankWar_P2|TankWar_P3","TankWar_P1|TankWar_P2|TankWar_P3",false,"TankWar_P1|TankWar_P2|TankWar_P3","RESOLVED_INTERNAL"
"D1247","E430","E695","FIELD_REFERENCE","IMPLEMENTATION","C:\Users\JBNU\git\ConstraintsRecovery\assets\tankwar\asset46",28,"C:\Users\JBNU\git\ConstraintsRecovery\assets\tankwar\asset9","G3","G4","TankWar_P1|TankWar_P2|TankWar_P3","TankWar_P1|TankWar_P2|TankWar_P3|TankWar_P4|TankWar_P5",true,"TankWar_P1|TankWar_P2|TankWar_P3","RESOLVED_INTERNAL"
"D1248","E430","E695","FIELD_REFERENCE","IMPLEMENTATION","C:\Users\JBNU\git\ConstraintsRecovery\assets\tankwar\asset46",29,"C:\Users\JBNU\git\ConstraintsRecovery\assets\tankwar\asset9","G3","G4","TankWar_P1|TankWar_P2|TankWar_P3","TankWar_P1|TankWar_P2|TankWar_P3|TankWar_P4|TankWar_P5",true,"TankWar_P1|TankWar_P2|TankWar_P3","RESOLVED_INTERNAL"
"D1249","E430","E695","FIELD_REFERENCE","IMPLEMENTATION","C:\Users\JBNU\git\ConstraintsRecovery\assets\tankwar\asset46",30,"C:\Users\JBNU\git\ConstraintsRecovery\assets\tankwar\asset9","G3","G4","TankWar_P1|TankWar_P2|TankWar_P3","TankWar_P1|TankWar_P2|TankWar_P3|TankWar_P4|TankWar_P5",true,"TankWar_P1|TankWar_P2|TankWar_P3","RESOLVED_INTERNAL"
"D1250","E430","E78","FIELD_REFERENCE","IMPLEMENTATION","C:\Users\JBNU\git\ConstraintsRecovery\assets\tankwar\asset46",30,"C:\Users\JBNU\git\ConstraintsRecovery\assets\tankwar\asset14","G3","G4","TankWar_P1|TankWar_P2|TankWar_P3","TankWar_P1|TankWar_P2|TankWar_P3|TankWar_P4|TankWar_P5",true,"TankWar_P1|TankWar_P2|TankWar_P3","RESOLVED_INTERNAL"
"D1251","E430","E428","FIELD_REFERENCE","IMPLEMENTATION","C:\Users\JBNU\git\ConstraintsRecovery\assets\tankwar\asset46",33,"C:\Users\JBNU\git\ConstraintsRecovery\assets\tankwar\asset46","G3","G3","TankWar_P1|TankWar_P2|TankWar_P3","TankWar_P1|TankWar_P2|TankWar_P3",false,"TankWar_P1|TankWar_P2|TankWar_P3","RESOLVED_INTERNAL"
"D1252","E431","E427","FIELD_REFERENCE","IMPLEMENTATION","C:\Users\JBNU\git\ConstraintsRecovery\assets\tankwar\asset46",40,"C:\Users\JBNU\git\ConstraintsRecovery\assets\tankwar\asset46","G3","G3","TankWar_P1|TankWar_P2|TankWar_P3","TankWar_P1|TankWar_P2|TankWar_P3",false,"TankWar_P1|TankWar_P2|TankWar_P3","RESOLVED_INTERNAL"
"D1253","E431","E428","FIELD_REFERENCE","IMPLEMENTATION","C:\Users\JBNU\git\ConstraintsRecovery\assets\tankwar\asset46",41,"C:\Users\JBNU\git\ConstraintsRecovery\assets\tankwar\asset46","G3","G3","TankWar_P1|TankWar_P2|TankWar_P3","TankWar_P1|TankWar_P2|TankWar_P3",false,"TankWar_P1|TankWar_P2|TankWar_P3","RESOLVED_INTERNAL"
"D1254","E431","E695","FIELD_REFERENCE","IMPLEMENTATION","C:\Users\JBNU\git\ConstraintsRecovery\assets\tankwar\asset46",42,"C:\Users\JBNU\git\ConstraintsRecovery\assets\tankwar\asset9","G3","G4","TankWar_P1|TankWar_P2|TankWar_P3","TankWar_P1|TankWar_P2|TankWar_P3|TankWar_P4|TankWar_P5",true,"TankWar_P1|TankWar_P2|TankWar_P3","RESOLVED_INTERNAL"
"D1255","E431","E691","FIELD_REFERENCE","IMPLEMENTATION","C:\Users\JBNU\git\ConstraintsRecovery\assets\tankwar\asset46",43,"C:\Users\JBNU\git\ConstraintsRecovery\assets\tankwar\asset9","G3","G4","TankWar_P1|TankWar_P2|TankWar_P3","TankWar_P1|TankWar_P2|TankWar_P3|TankWar_P4|TankWar_P5",true,"TankWar_P1|TankWar_P2|TankWar_P3","RESOLVED_INTERNAL"
"D1256","E431","E692","FIELD_REFERENCE","IMPLEMENTATION","C:\Users\JBNU\git\ConstraintsRecovery\assets\tankwar\asset46",43,"C:\Users\JBNU\git\ConstraintsRecovery\assets\tankwar\asset9","G3","G4","TankWar_P1|TankWar_P2|TankWar_P3","TankWar_P1|TankWar_P2|TankWar_P3|TankWar_P4|TankWar_P5",true,"TankWar_P1|TankWar_P2|TankWar_P3","RESOLVED_INTERNAL"
"D1257","E431","E695","FIELD_REFERENCE","IMPLEMENTATION","C:\Users\JBNU\git\ConstraintsRecovery\assets\tankwar\asset46",43,"C:\Users\JBNU\git\ConstraintsRecovery\assets\tankwar\asset9","G3","G4","TankWar_P1|TankWar_P2|TankWar_P3","TankWar_P1|TankWar_P2|TankWar_P3|TankWar_P4|TankWar_P5",true,"TankWar_P1|TankWar_P2|TankWar_P3","RESOLVED_INTERNAL"
"D1258","E431","E695","FIELD_REFERENCE","IMPLEMENTATION","C:\Users\JBNU\git\ConstraintsRecovery\assets\tankwar\asset46",44,"C:\Users\JBNU\git\ConstraintsRecovery\assets\tankwar\asset9","G3","G4","TankWar_P1|TankWar_P2|TankWar_P3","TankWar_P1|TankWar_P2|TankWar_P3|TankWar_P4|TankWar_P5",true,"TankWar_P1|TankWar_P2|TankWar_P3","RESOLVED_INTERNAL"
"D1259","E431","E78","FIELD_REFERENCE","IMPLEMENTATION","C:\Users\JBNU\git\ConstraintsRecovery\assets\tankwar\asset46",44,"C:\Users\JBNU\git\ConstraintsRecovery\assets\tankwar\asset14","G3","G4","TankWar_P1|TankWar_P2|TankWar_P3","TankWar_P1|TankWar_P2|TankWar_P3|TankWar_P4|TankWar_P5",true,"TankWar_P1|TankWar_P2|TankWar_P3","RESOLVED_INTERNAL"
"D1260","E435","E433","FIELD_REFERENCE","IMPLEMENTATION","C:\Users\JBNU\git\ConstraintsRecovery\assets\tankwar\asset47",13,"C:\Users\JBNU\git\ConstraintsRecovery\assets\tankwar\asset47","G14","G14","TankWar_P2|TankWar_P3|TankWar_P4","TankWar_P2|TankWar_P3|TankWar_P4",false,"TankWar_P2|TankWar_P3|TankWar_P4","RESOLVED_INTERNAL"
"D1261","E435","E433","FIELD_REFERENCE","IMPLEMENTATION","C:\Users\JBNU\git\ConstraintsRecovery\assets\tankwar\asset47",14,"C:\Users\JBNU\git\ConstraintsRecovery\assets\tankwar\asset47","G14","G14","TankWar_P2|TankWar_P3|TankWar_P4","TankWar_P2|TankWar_P3|TankWar_P4",false,"TankWar_P2|TankWar_P3|TankWar_P4","RESOLVED_INTERNAL"
"D1262","E435","E433","FIELD_REFERENCE","IMPLEMENTATION","C:\Users\JBNU\git\ConstraintsRecovery\assets\tankwar\asset47",16,"C:\Users\JBNU\git\ConstraintsRecovery\assets\tankwar\asset47","G14","G14","TankWar_P2|TankWar_P3|TankWar_P4","TankWar_P2|TankWar_P3|TankWar_P4",false,"TankWar_P2|TankWar_P3|TankWar_P4","RESOLVED_INTERNAL"
"D1263","E436","E434","FIELD_REFERENCE","IMPLEMENTATION","C:\Users\JBNU\git\ConstraintsRecovery\assets\tankwar\asset47",19,"C:\Users\JBNU\git\ConstraintsRecovery\assets\tankwar\asset47","G14","G14","TankWar_P2|TankWar_P3|TankWar_P4","TankWar_P2|TankWar_P3|TankWar_P4",false,"TankWar_P2|TankWar_P3|TankWar_P4","RESOLVED_INTERNAL"
"D1264","E436","E434","FIELD_REFERENCE","IMPLEMENTATION","C:\Users\JBNU\git\ConstraintsRecovery\assets\tankwar\asset47",20,"C:\Users\JBNU\git\ConstraintsRecovery\assets\tankwar\asset47","G14","G14","TankWar_P2|TankWar_P3|TankWar_P4","TankWar_P2|TankWar_P3|TankWar_P4",false,"TankWar_P2|TankWar_P3|TankWar_P4","RESOLVED_INTERNAL"
"D1265","E437","E434","FIELD_REFERENCE","IMPLEMENTATION","C:\Users\JBNU\git\ConstraintsRecovery\assets\tankwar\asset47",23,"C:\Users\JBNU\git\ConstraintsRecovery\assets\tankwar\asset47","G14","G14","TankWar_P2|TankWar_P3|TankWar_P4","TankWar_P2|TankWar_P3|TankWar_P4",false,"TankWar_P2|TankWar_P3|TankWar_P4","RESOLVED_INTERNAL"
"D1266","E437","E434","FIELD_REFERENCE","IMPLEMENTATION","C:\Users\JBNU\git\ConstraintsRecovery\assets\tankwar\asset47",24,"C:\Users\JBNU\git\ConstraintsRecovery\assets\tankwar\asset47","G14","G14","TankWar_P2|TankWar_P3|TankWar_P4","TankWar_P2|TankWar_P3|TankWar_P4",false,"TankWar_P2|TankWar_P3|TankWar_P4","RESOLVED_INTERNAL"
"D1267","E438","E434","FIELD_REFERENCE","IMPLEMENTATION","C:\Users\JBNU\git\ConstraintsRecovery\assets\tankwar\asset47",27,"C:\Users\JBNU\git\ConstraintsRecovery\assets\tankwar\asset47","G14","G14","TankWar_P2|TankWar_P3|TankWar_P4","TankWar_P2|TankWar_P3|TankWar_P4",false,"TankWar_P2|TankWar_P3|TankWar_P4","RESOLVED_INTERNAL"
"D1268","E438","E434","FIELD_REFERENCE","IMPLEMENTATION","C:\Users\JBNU\git\ConstraintsRecovery\assets\tankwar\asset47",28,"C:\Users\JBNU\git\ConstraintsRecovery\assets\tankwar\asset47","G14","G14","TankWar_P2|TankWar_P3|TankWar_P4","TankWar_P2|TankWar_P3|TankWar_P4",false,"TankWar_P2|TankWar_P3|TankWar_P4","RESOLVED_INTERNAL"
"D1269","E439","E434","FIELD_REFERENCE","IMPLEMENTATION","C:\Users\JBNU\git\ConstraintsRecovery\assets\tankwar\asset47",31,"C:\Users\JBNU\git\ConstraintsRecovery\assets\tankwar\asset47","G14","G14","TankWar_P2|TankWar_P3|TankWar_P4","TankWar_P2|TankWar_P3|TankWar_P4",false,"TankWar_P2|TankWar_P3|TankWar_P4","RESOLVED_INTERNAL"
"D1270","E439","E434","FIELD_REFERENCE","IMPLEMENTATION","C:\Users\JBNU\git\ConstraintsRecovery\assets\tankwar\asset47",32,"C:\Users\JBNU\git\ConstraintsRecovery\assets\tankwar\asset47","G14","G14","TankWar_P2|TankWar_P3|TankWar_P4","TankWar_P2|TankWar_P3|TankWar_P4",false,"TankWar_P2|TankWar_P3|TankWar_P4","RESOLVED_INTERNAL"
"D1271","E440","E434","FIELD_REFERENCE","IMPLEMENTATION","C:\Users\JBNU\git\ConstraintsRecovery\assets\tankwar\asset47",35,"C:\Users\JBNU\git\ConstraintsRecovery\assets\tankwar\asset47","G14","G14","TankWar_P2|TankWar_P3|TankWar_P4","TankWar_P2|TankWar_P3|TankWar_P4",false,"TankWar_P2|TankWar_P3|TankWar_P4","RESOLVED_INTERNAL"
"D1272","E440","E434","FIELD_REFERENCE","IMPLEMENTATION","C:\Users\JBNU\git\ConstraintsRecovery\assets\tankwar\asset47",36,"C:\Users\JBNU\git\ConstraintsRecovery\assets\tankwar\asset47","G14","G14","TankWar_P2|TankWar_P3|TankWar_P4","TankWar_P2|TankWar_P3|TankWar_P4",false,"TankWar_P2|TankWar_P3|TankWar_P4","RESOLVED_INTERNAL"
"D1273","E441","E434","FIELD_REFERENCE","IMPLEMENTATION","C:\Users\JBNU\git\ConstraintsRecovery\assets\tankwar\asset47",39,"C:\Users\JBNU\git\ConstraintsRecovery\assets\tankwar\asset47","G14","G14","TankWar_P2|TankWar_P3|TankWar_P4","TankWar_P2|TankWar_P3|TankWar_P4",false,"TankWar_P2|TankWar_P3|TankWar_P4","RESOLVED_INTERNAL"
"D1274","E441","E434","FIELD_REFERENCE","IMPLEMENTATION","C:\Users\JBNU\git\ConstraintsRecovery\assets\tankwar\asset47",40,"C:\Users\JBNU\git\ConstraintsRecovery\assets\tankwar\asset47","G14","G14","TankWar_P2|TankWar_P3|TankWar_P4","TankWar_P2|TankWar_P3|TankWar_P4",false,"TankWar_P2|TankWar_P3|TankWar_P4","RESOLVED_INTERNAL"
"D1275","E442","E434","FIELD_REFERENCE","IMPLEMENTATION","C:\Users\JBNU\git\ConstraintsRecovery\assets\tankwar\asset47",43,"C:\Users\JBNU\git\ConstraintsRecovery\assets\tankwar\asset47","G14","G14","TankWar_P2|TankWar_P3|TankWar_P4","TankWar_P2|TankWar_P3|TankWar_P4",false,"TankWar_P2|TankWar_P3|TankWar_P4","RESOLVED_INTERNAL"
"D1276","E442","E434","FIELD_REFERENCE","IMPLEMENTATION","C:\Users\JBNU\git\ConstraintsRecovery\assets\tankwar\asset47",44,"C:\Users\JBNU\git\ConstraintsRecovery\assets\tankwar\asset47","G14","G14","TankWar_P2|TankWar_P3|TankWar_P4","TankWar_P2|TankWar_P3|TankWar_P4",false,"TankWar_P2|TankWar_P3|TankWar_P4","RESOLVED_INTERNAL"
"D1277","E443","E434","FIELD_REFERENCE","IMPLEMENTATION","C:\Users\JBNU\git\ConstraintsRecovery\assets\tankwar\asset47",47,"C:\Users\JBNU\git\ConstraintsRecovery\assets\tankwar\asset47","G14","G14","TankWar_P2|TankWar_P3|TankWar_P4","TankWar_P2|TankWar_P3|TankWar_P4",false,"TankWar_P2|TankWar_P3|TankWar_P4","RESOLVED_INTERNAL"
"D1278","E443","E434","FIELD_REFERENCE","IMPLEMENTATION","C:\Users\JBNU\git\ConstraintsRecovery\assets\tankwar\asset47",48,"C:\Users\JBNU\git\ConstraintsRecovery\assets\tankwar\asset47","G14","G14","TankWar_P2|TankWar_P3|TankWar_P4","TankWar_P2|TankWar_P3|TankWar_P4",false,"TankWar_P2|TankWar_P3|TankWar_P4","RESOLVED_INTERNAL"
"D1279","E444","E434","FIELD_REFERENCE","IMPLEMENTATION","C:\Users\JBNU\git\ConstraintsRecovery\assets\tankwar\asset47",51,"C:\Users\JBNU\git\ConstraintsRecovery\assets\tankwar\asset47","G14","G14","TankWar_P2|TankWar_P3|TankWar_P4","TankWar_P2|TankWar_P3|TankWar_P4",false,"TankWar_P2|TankWar_P3|TankWar_P4","RESOLVED_INTERNAL"
"D1280","E446","E298","EXTENDS","STRUCTURAL","C:\Users\JBNU\git\ConstraintsRecovery\assets\tankwar\asset48",13,"C:\Users\JBNU\git\ConstraintsRecovery\assets\tankwar\asset26","G18","G7","TankWar_P3|TankWar_P4","TankWar_P1|TankWar_P3|TankWar_P4|TankWar_P5",true,"TankWar_P3|TankWar_P4","RESOLVED_INTERNAL"
"D1281","E448","E435","METHOD_CALL","IMPLEMENTATION","C:\Users\JBNU\git\ConstraintsRecovery\assets\tankwar\asset48",25,"C:\Users\JBNU\git\ConstraintsRecovery\assets\tankwar\asset47","G14","G14","TankWar_P2|TankWar_P3|TankWar_P4","TankWar_P2|TankWar_P3|TankWar_P4",true,"TankWar_P2|TankWar_P3|TankWar_P4","RESOLVED_INTERNAL"
"D1282","E448","E439","METHOD_CALL","IMPLEMENTATION","C:\Users\JBNU\git\ConstraintsRecovery\assets\tankwar\asset48",25,"C:\Users\JBNU\git\ConstraintsRecovery\assets\tankwar\asset47","G14","G14","TankWar_P2|TankWar_P3|TankWar_P4","TankWar_P2|TankWar_P3|TankWar_P4",true,"TankWar_P2|TankWar_P3|TankWar_P4","RESOLVED_INTERNAL"
"D1283","E448","E435","METHOD_CALL","IMPLEMENTATION","C:\Users\JBNU\git\ConstraintsRecovery\assets\tankwar\asset48",28,"C:\Users\JBNU\git\ConstraintsRecovery\assets\tankwar\asset47","G14","G14","TankWar_P2|TankWar_P3|TankWar_P4","TankWar_P2|TankWar_P3|TankWar_P4",true,"TankWar_P2|TankWar_P3|TankWar_P4","RESOLVED_INTERNAL"
"D1284","E448","E440","METHOD_CALL","IMPLEMENTATION","C:\Users\JBNU\git\ConstraintsRecovery\assets\tankwar\asset48",28,"C:\Users\JBNU\git\ConstraintsRecovery\assets\tankwar\asset47","G14","G14","TankWar_P2|TankWar_P3|TankWar_P4","TankWar_P2|TankWar_P3|TankWar_P4",true,"TankWar_P2|TankWar_P3|TankWar_P4","RESOLVED_INTERNAL"
"D1285","E448","E435","METHOD_CALL","IMPLEMENTATION","C:\Users\JBNU\git\ConstraintsRecovery\assets\tankwar\asset48",31,"C:\Users\JBNU\git\ConstraintsRecovery\assets\tankwar\asset47","G14","G14","TankWar_P2|TankWar_P3|TankWar_P4","TankWar_P2|TankWar_P3|TankWar_P4",true,"TankWar_P2|TankWar_P3|TankWar_P4","RESOLVED_INTERNAL"
"D1286","E448","E441","METHOD_CALL","IMPLEMENTATION","C:\Users\JBNU\git\ConstraintsRecovery\assets\tankwar\asset48",31,"C:\Users\JBNU\git\ConstraintsRecovery\assets\tankwar\asset47","G14","G14","TankWar_P2|TankWar_P3|TankWar_P4","TankWar_P2|TankWar_P3|TankWar_P4",true,"TankWar_P2|TankWar_P3|TankWar_P4","RESOLVED_INTERNAL"
"D1287","E448","E435","METHOD_CALL","IMPLEMENTATION","C:\Users\JBNU\git\ConstraintsRecovery\assets\tankwar\asset48",34,"C:\Users\JBNU\git\ConstraintsRecovery\assets\tankwar\asset47","G14","G14","TankWar_P2|TankWar_P3|TankWar_P4","TankWar_P2|TankWar_P3|TankWar_P4",true,"TankWar_P2|TankWar_P3|TankWar_P4","RESOLVED_INTERNAL"
"D1288","E448","E442","METHOD_CALL","IMPLEMENTATION","C:\Users\JBNU\git\ConstraintsRecovery\assets\tankwar\asset48",34,"C:\Users\JBNU\git\ConstraintsRecovery\assets\tankwar\asset47","G14","G14","TankWar_P2|TankWar_P3|TankWar_P4","TankWar_P2|TankWar_P3|TankWar_P4",true,"TankWar_P2|TankWar_P3|TankWar_P4","RESOLVED_INTERNAL"
"D1289","E449","E435","METHOD_CALL","IMPLEMENTATION","C:\Users\JBNU\git\ConstraintsRecovery\assets\tankwar\asset48",45,"C:\Users\JBNU\git\ConstraintsRecovery\assets\tankwar\asset47","G14","G14","TankWar_P2|TankWar_P3|TankWar_P4","TankWar_P2|TankWar_P3|TankWar_P4",true,"TankWar_P2|TankWar_P3|TankWar_P4","RESOLVED_INTERNAL"
"D1290","E449","E438","METHOD_CALL","IMPLEMENTATION","C:\Users\JBNU\git\ConstraintsRecovery\assets\tankwar\asset48",45,"C:\Users\JBNU\git\ConstraintsRecovery\assets\tankwar\asset47","G14","G14","TankWar_P2|TankWar_P3|TankWar_P4","TankWar_P2|TankWar_P3|TankWar_P4",true,"TankWar_P2|TankWar_P3|TankWar_P4","RESOLVED_INTERNAL"
"D1291","E450","E435","METHOD_CALL","IMPLEMENTATION","C:\Users\JBNU\git\ConstraintsRecovery\assets\tankwar\asset48",53,"C:\Users\JBNU\git\ConstraintsRecovery\assets\tankwar\asset47","G14","G14","TankWar_P2|TankWar_P3|TankWar_P4","TankWar_P2|TankWar_P3|TankWar_P4",true,"TankWar_P2|TankWar_P3|TankWar_P4","RESOLVED_INTERNAL"
"D1292","E450","E443","METHOD_CALL","IMPLEMENTATION","C:\Users\JBNU\git\ConstraintsRecovery\assets\tankwar\asset48",53,"C:\Users\JBNU\git\ConstraintsRecovery\assets\tankwar\asset47","G14","G14","TankWar_P2|TankWar_P3|TankWar_P4","TankWar_P2|TankWar_P3|TankWar_P4",true,"TankWar_P2|TankWar_P3|TankWar_P4","RESOLVED_INTERNAL"
"D1359","E451","E525","EXTENDS","STRUCTURAL","C:\Users\JBNU\git\ConstraintsRecovery\assets\tankwar\asset49",6,"C:\Users\JBNU\git\ConstraintsRecovery\assets\tankwar\asset63","G19","G19","TankWar_P3|TankWar_P5","TankWar_P3|TankWar_P5",true,"TankWar_P3|TankWar_P5","RESOLVED_INTERNAL"
"D1296","E458","E260","FIELD_REFERENCE","IMPLEMENTATION","C:\Users\JBNU\git\ConstraintsRecovery\assets\tankwar\asset49",16,"C:\Users\JBNU\git\ConstraintsRecovery\assets\tankwar\asset22","G19","G4","TankWar_P3|TankWar_P5","TankWar_P1|TankWar_P2|TankWar_P3|TankWar_P4|TankWar_P5",true,"TankWar_P3|TankWar_P5","RESOLVED_INTERNAL"
"D1297","E458","E262","FIELD_REFERENCE","IMPLEMENTATION","C:\Users\JBNU\git\ConstraintsRecovery\assets\tankwar\asset49",17,"C:\Users\JBNU\git\ConstraintsRecovery\assets\tankwar\asset22","G19","G4","TankWar_P3|TankWar_P5","TankWar_P1|TankWar_P2|TankWar_P3|TankWar_P4|TankWar_P5",true,"TankWar_P3|TankWar_P5","RESOLVED_INTERNAL"
"D1298","E458","E455","FIELD_REFERENCE","IMPLEMENTATION","C:\Users\JBNU\git\ConstraintsRecovery\assets\tankwar\asset49",18,"C:\Users\JBNU\git\ConstraintsRecovery\assets\tankwar\asset49","G19","G19","TankWar_P3|TankWar_P5","TankWar_P3|TankWar_P5",false,"TankWar_P3|TankWar_P5","RESOLVED_INTERNAL"
"D1299","E458","E687","FIELD_REFERENCE","IMPLEMENTATION","C:\Users\JBNU\git\ConstraintsRecovery\assets\tankwar\asset49",18,"C:\Users\JBNU\git\ConstraintsRecovery\assets\tankwar\asset9","G19","G4","TankWar_P3|TankWar_P5","TankWar_P1|TankWar_P2|TankWar_P3|TankWar_P4|TankWar_P5",true,"TankWar_P3|TankWar_P5","RESOLVED_INTERNAL"
"D1300","E458","E455","FIELD_REFERENCE","IMPLEMENTATION","C:\Users\JBNU\git\ConstraintsRecovery\assets\tankwar\asset49",19,"C:\Users\JBNU\git\ConstraintsRecovery\assets\tankwar\asset49","G19","G19","TankWar_P3|TankWar_P5","TankWar_P3|TankWar_P5",false,"TankWar_P3|TankWar_P5","RESOLVED_INTERNAL"
"D1301","E458","E455","FIELD_REFERENCE","IMPLEMENTATION","C:\Users\JBNU\git\ConstraintsRecovery\assets\tankwar\asset49",20,"C:\Users\JBNU\git\ConstraintsRecovery\assets\tankwar\asset49","G19","G19","TankWar_P3|TankWar_P5","TankWar_P3|TankWar_P5",false,"TankWar_P3|TankWar_P5","RESOLVED_INTERNAL"
"D1302","E458","E455","FIELD_REFERENCE","IMPLEMENTATION","C:\Users\JBNU\git\ConstraintsRecovery\assets\tankwar\asset49",21,"C:\Users\JBNU\git\ConstraintsRecovery\assets\tankwar\asset49","G19","G19","TankWar_P3|TankWar_P5","TankWar_P3|TankWar_P5",false,"TankWar_P3|TankWar_P5","RESOLVED_INTERNAL"
"D1303","E458","E455","FIELD_REFERENCE","IMPLEMENTATION","C:\Users\JBNU\git\ConstraintsRecovery\assets\tankwar\asset49",22,"C:\Users\JBNU\git\ConstraintsRecovery\assets\tankwar\asset49","G19","G19","TankWar_P3|TankWar_P5","TankWar_P3|TankWar_P5",false,"TankWar_P3|TankWar_P5","RESOLVED_INTERNAL"
"D1304","E458","E453","FIELD_REFERENCE","IMPLEMENTATION","C:\Users\JBNU\git\ConstraintsRecovery\assets\tankwar\asset49",23,"C:\Users\JBNU\git\ConstraintsRecovery\assets\tankwar\asset49","G19","G19","TankWar_P3|TankWar_P5","TankWar_P3|TankWar_P5",false,"TankWar_P3|TankWar_P5","RESOLVED_INTERNAL"
"D1305","E458","E454","FIELD_REFERENCE","IMPLEMENTATION","C:\Users\JBNU\git\ConstraintsRecovery\assets\tankwar\asset49",24,"C:\Users\JBNU\git\ConstraintsRecovery\assets\tankwar\asset49","G19","G19","TankWar_P3|TankWar_P5","TankWar_P3|TankWar_P5",false,"TankWar_P3|TankWar_P5","RESOLVED_INTERNAL"
"D1306","E458","E453","FIELD_REFERENCE","IMPLEMENTATION","C:\Users\JBNU\git\ConstraintsRecovery\assets\tankwar\asset49",25,"C:\Users\JBNU\git\ConstraintsRecovery\assets\tankwar\asset49","G19","G19","TankWar_P3|TankWar_P5","TankWar_P3|TankWar_P5",false,"TankWar_P3|TankWar_P5","RESOLVED_INTERNAL"
"D1307","E458","E454","FIELD_REFERENCE","IMPLEMENTATION","C:\Users\JBNU\git\ConstraintsRecovery\assets\tankwar\asset49",26,"C:\Users\JBNU\git\ConstraintsRecovery\assets\tankwar\asset49","G19","G19","TankWar_P3|TankWar_P5","TankWar_P3|TankWar_P5",false,"TankWar_P3|TankWar_P5","RESOLVED_INTERNAL"
"D1308","E458","E453","FIELD_REFERENCE","IMPLEMENTATION","C:\Users\JBNU\git\ConstraintsRecovery\assets\tankwar\asset49",27,"C:\Users\JBNU\git\ConstraintsRecovery\assets\tankwar\asset49","G19","G19","TankWar_P3|TankWar_P5","TankWar_P3|TankWar_P5",false,"TankWar_P3|TankWar_P5","RESOLVED_INTERNAL"
"D1309","E458","E454","FIELD_REFERENCE","IMPLEMENTATION","C:\Users\JBNU\git\ConstraintsRecovery\assets\tankwar\asset49",28,"C:\Users\JBNU\git\ConstraintsRecovery\assets\tankwar\asset49","G19","G19","TankWar_P3|TankWar_P5","TankWar_P3|TankWar_P5",false,"TankWar_P3|TankWar_P5","RESOLVED_INTERNAL"
"D1310","E458","E453","FIELD_REFERENCE","IMPLEMENTATION","C:\Users\JBNU\git\ConstraintsRecovery\assets\tankwar\asset49",29,"C:\Users\JBNU\git\ConstraintsRecovery\assets\tankwar\asset49","G19","G19","TankWar_P3|TankWar_P5","TankWar_P3|TankWar_P5",false,"TankWar_P3|TankWar_P5","RESOLVED_INTERNAL"
"D1311","E458","E454","FIELD_REFERENCE","IMPLEMENTATION","C:\Users\JBNU\git\ConstraintsRecovery\assets\tankwar\asset49",30,"C:\Users\JBNU\git\ConstraintsRecovery\assets\tankwar\asset49","G19","G19","TankWar_P3|TankWar_P5","TankWar_P3|TankWar_P5",false,"TankWar_P3|TankWar_P5","RESOLVED_INTERNAL"
"D1312","E458","E453","FIELD_REFERENCE","IMPLEMENTATION","C:\Users\JBNU\git\ConstraintsRecovery\assets\tankwar\asset49",31,"C:\Users\JBNU\git\ConstraintsRecovery\assets\tankwar\asset49","G19","G19","TankWar_P3|TankWar_P5","TankWar_P3|TankWar_P5",false,"TankWar_P3|TankWar_P5","RESOLVED_INTERNAL"
"D1313","E458","E454","FIELD_REFERENCE","IMPLEMENTATION","C:\Users\JBNU\git\ConstraintsRecovery\assets\tankwar\asset49",32,"C:\Users\JBNU\git\ConstraintsRecovery\assets\tankwar\asset49","G19","G19","TankWar_P3|TankWar_P5","TankWar_P3|TankWar_P5",false,"TankWar_P3|TankWar_P5","RESOLVED_INTERNAL"
"D1314","E458","E455","FIELD_REFERENCE","IMPLEMENTATION","C:\Users\JBNU\git\ConstraintsRecovery\assets\tankwar\asset49",32,"C:\Users\JBNU\git\ConstraintsRecovery\assets\tankwar\asset49","G19","G19","TankWar_P3|TankWar_P5","TankWar_P3|TankWar_P5",false,"TankWar_P3|TankWar_P5","RESOLVED_INTERNAL"
"D1315","E458","E453","FIELD_REFERENCE","IMPLEMENTATION","C:\Users\JBNU\git\ConstraintsRecovery\assets\tankwar\asset49",33,"C:\Users\JBNU\git\ConstraintsRecovery\assets\tankwar\asset49","G19","G19","TankWar_P3|TankWar_P5","TankWar_P3|TankWar_P5",false,"TankWar_P3|TankWar_P5","RESOLVED_INTERNAL"
"D1316","E458","E454","FIELD_REFERENCE","IMPLEMENTATION","C:\Users\JBNU\git\ConstraintsRecovery\assets\tankwar\asset49",34,"C:\Users\JBNU\git\ConstraintsRecovery\assets\tankwar\asset49","G19","G19","TankWar_P3|TankWar_P5","TankWar_P3|TankWar_P5",false,"TankWar_P3|TankWar_P5","RESOLVED_INTERNAL"
"D1317","E458","E453","FIELD_REFERENCE","IMPLEMENTATION","C:\Users\JBNU\git\ConstraintsRecovery\assets\tankwar\asset49",35,"C:\Users\JBNU\git\ConstraintsRecovery\assets\tankwar\asset49","G19","G19","TankWar_P3|TankWar_P5","TankWar_P3|TankWar_P5",false,"TankWar_P3|TankWar_P5","RESOLVED_INTERNAL"
"D1318","E458","E454","FIELD_REFERENCE","IMPLEMENTATION","C:\Users\JBNU\git\ConstraintsRecovery\assets\tankwar\asset49",36,"C:\Users\JBNU\git\ConstraintsRecovery\assets\tankwar\asset49","G19","G19","TankWar_P3|TankWar_P5","TankWar_P3|TankWar_P5",false,"TankWar_P3|TankWar_P5","RESOLVED_INTERNAL"
"D1319","E458","E453","FIELD_REFERENCE","IMPLEMENTATION","C:\Users\JBNU\git\ConstraintsRecovery\assets\tankwar\asset49",37,"C:\Users\JBNU\git\ConstraintsRecovery\assets\tankwar\asset49","G19","G19","TankWar_P3|TankWar_P5","TankWar_P3|TankWar_P5",false,"TankWar_P3|TankWar_P5","RESOLVED_INTERNAL"
"D1320","E458","E454","FIELD_REFERENCE","IMPLEMENTATION","C:\Users\JBNU\git\ConstraintsRecovery\assets\tankwar\asset49",38,"C:\Users\JBNU\git\ConstraintsRecovery\assets\tankwar\asset49","G19","G19","TankWar_P3|TankWar_P5","TankWar_P3|TankWar_P5",false,"TankWar_P3|TankWar_P5","RESOLVED_INTERNAL"
"D1321","E458","E453","FIELD_REFERENCE","IMPLEMENTATION","C:\Users\JBNU\git\ConstraintsRecovery\assets\tankwar\asset49",39,"C:\Users\JBNU\git\ConstraintsRecovery\assets\tankwar\asset49","G19","G19","TankWar_P3|TankWar_P5","TankWar_P3|TankWar_P5",false,"TankWar_P3|TankWar_P5","RESOLVED_INTERNAL"
"D1322","E458","E454","FIELD_REFERENCE","IMPLEMENTATION","C:\Users\JBNU\git\ConstraintsRecovery\assets\tankwar\asset49",40,"C:\Users\JBNU\git\ConstraintsRecovery\assets\tankwar\asset49","G19","G19","TankWar_P3|TankWar_P5","TankWar_P3|TankWar_P5",false,"TankWar_P3|TankWar_P5","RESOLVED_INTERNAL"
"D1323","E458","E453","FIELD_REFERENCE","IMPLEMENTATION","C:\Users\JBNU\git\ConstraintsRecovery\assets\tankwar\asset49",41,"C:\Users\JBNU\git\ConstraintsRecovery\assets\tankwar\asset49","G19","G19","TankWar_P3|TankWar_P5","TankWar_P3|TankWar_P5",false,"TankWar_P3|TankWar_P5","RESOLVED_INTERNAL"
"D1324","E458","E454","FIELD_REFERENCE","IMPLEMENTATION","C:\Users\JBNU\git\ConstraintsRecovery\assets\tankwar\asset49",42,"C:\Users\JBNU\git\ConstraintsRecovery\assets\tankwar\asset49","G19","G19","TankWar_P3|TankWar_P5","TankWar_P3|TankWar_P5",false,"TankWar_P3|TankWar_P5","RESOLVED_INTERNAL"
"D1325","E458","E453","FIELD_REFERENCE","IMPLEMENTATION","C:\Users\JBNU\git\ConstraintsRecovery\assets\tankwar\asset49",43,"C:\Users\JBNU\git\ConstraintsRecovery\assets\tankwar\asset49","G19","G19","TankWar_P3|TankWar_P5","TankWar_P3|TankWar_P5",false,"TankWar_P3|TankWar_P5","RESOLVED_INTERNAL"
"D1326","E458","E455","FIELD_REFERENCE","IMPLEMENTATION","C:\Users\JBNU\git\ConstraintsRecovery\assets\tankwar\asset49",43,"C:\Users\JBNU\git\ConstraintsRecovery\assets\tankwar\asset49","G19","G19","TankWar_P3|TankWar_P5","TankWar_P3|TankWar_P5",false,"TankWar_P3|TankWar_P5","RESOLVED_INTERNAL"
"D1327","E458","E454","FIELD_REFERENCE","IMPLEMENTATION","C:\Users\JBNU\git\ConstraintsRecovery\assets\tankwar\asset49",44,"C:\Users\JBNU\git\ConstraintsRecovery\assets\tankwar\asset49","G19","G19","TankWar_P3|TankWar_P5","TankWar_P3|TankWar_P5",false,"TankWar_P3|TankWar_P5","RESOLVED_INTERNAL"
"D1328","E458","E453","FIELD_REFERENCE","IMPLEMENTATION","C:\Users\JBNU\git\ConstraintsRecovery\assets\tankwar\asset49",45,"C:\Users\JBNU\git\ConstraintsRecovery\assets\tankwar\asset49","G19","G19","TankWar_P3|TankWar_P5","TankWar_P3|TankWar_P5",false,"TankWar_P3|TankWar_P5","RESOLVED_INTERNAL"
"D1329","E458","E454","FIELD_REFERENCE","IMPLEMENTATION","C:\Users\JBNU\git\ConstraintsRecovery\assets\tankwar\asset49",46,"C:\Users\JBNU\git\ConstraintsRecovery\assets\tankwar\asset49","G19","G19","TankWar_P3|TankWar_P5","TankWar_P3|TankWar_P5",false,"TankWar_P3|TankWar_P5","RESOLVED_INTERNAL"
"D1330","E459","E452","FIELD_REFERENCE","IMPLEMENTATION","C:\Users\JBNU\git\ConstraintsRecovery\assets\tankwar\asset49",49,"C:\Users\JBNU\git\ConstraintsRecovery\assets\tankwar\asset49","G19","G19","TankWar_P3|TankWar_P5","TankWar_P3|TankWar_P5",false,"TankWar_P3|TankWar_P5","RESOLVED_INTERNAL"
"D1331","E459","E241","METHOD_CALL","IMPLEMENTATION","C:\Users\JBNU\git\ConstraintsRecovery\assets\tankwar\asset49",52,"C:\Users\JBNU\git\ConstraintsRecovery\assets\tankwar\asset2","G19","G4","TankWar_P3|TankWar_P5","TankWar_P1|TankWar_P2|TankWar_P3|TankWar_P4|TankWar_P5",true,"TankWar_P3|TankWar_P5","RESOLVED_INTERNAL"
"D1332","E459","E241","METHOD_CALL","IMPLEMENTATION","C:\Users\JBNU\git\ConstraintsRecovery\assets\tankwar\asset49",55,"C:\Users\JBNU\git\ConstraintsRecovery\assets\tankwar\asset2","G19","G4","TankWar_P3|TankWar_P5","TankWar_P1|TankWar_P2|TankWar_P3|TankWar_P4|TankWar_P5",true,"TankWar_P3|TankWar_P5","RESOLVED_INTERNAL"
"D1333","E459","E241","METHOD_CALL","IMPLEMENTATION","C:\Users\JBNU\git\ConstraintsRecovery\assets\tankwar\asset49",58,"C:\Users\JBNU\git\ConstraintsRecovery\assets\tankwar\asset2","G19","G4","TankWar_P3|TankWar_P5","TankWar_P1|TankWar_P2|TankWar_P3|TankWar_P4|TankWar_P5",true,"TankWar_P3|TankWar_P5","RESOLVED_INTERNAL"
"D1334","E459","E453","FIELD_REFERENCE","IMPLEMENTATION","C:\Users\JBNU\git\ConstraintsRecovery\assets\tankwar\asset49",61,"C:\Users\JBNU\git\ConstraintsRecovery\assets\tankwar\asset49","G19","G19","TankWar_P3|TankWar_P5","TankWar_P3|TankWar_P5",false,"TankWar_P3|TankWar_P5","RESOLVED_INTERNAL"
"D1335","E459","E454","FIELD_REFERENCE","IMPLEMENTATION","C:\Users\JBNU\git\ConstraintsRecovery\assets\tankwar\asset49",61,"C:\Users\JBNU\git\ConstraintsRecovery\assets\tankwar\asset49","G19","G19","TankWar_P3|TankWar_P5","TankWar_P3|TankWar_P5",false,"TankWar_P3|TankWar_P5","RESOLVED_INTERNAL"
"D1336","E459","E460","METHOD_CALL","IMPLEMENTATION","C:\Users\JBNU\git\ConstraintsRecovery\assets\tankwar\asset49",61,"C:\Users\JBNU\git\ConstraintsRecovery\assets\tankwar\asset49","G19","G19","TankWar_P3|TankWar_P5","TankWar_P3|TankWar_P5",false,"TankWar_P3|TankWar_P5","RESOLVED_INTERNAL"
"D1337","E459","E453","FIELD_REFERENCE","IMPLEMENTATION","C:\Users\JBNU\git\ConstraintsRecovery\assets\tankwar\asset49",62,"C:\Users\JBNU\git\ConstraintsRecovery\assets\tankwar\asset49","G19","G19","TankWar_P3|TankWar_P5","TankWar_P3|TankWar_P5",false,"TankWar_P3|TankWar_P5","RESOLVED_INTERNAL"
"D1338","E459","E454","FIELD_REFERENCE","IMPLEMENTATION","C:\Users\JBNU\git\ConstraintsRecovery\assets\tankwar\asset49",62,"C:\Users\JBNU\git\ConstraintsRecovery\assets\tankwar\asset49","G19","G19","TankWar_P3|TankWar_P5","TankWar_P3|TankWar_P5",false,"TankWar_P3|TankWar_P5","RESOLVED_INTERNAL"
"D1339","E459","E460","METHOD_CALL","IMPLEMENTATION","C:\Users\JBNU\git\ConstraintsRecovery\assets\tankwar\asset49",62,"C:\Users\JBNU\git\ConstraintsRecovery\assets\tankwar\asset49","G19","G19","TankWar_P3|TankWar_P5","TankWar_P3|TankWar_P5",false,"TankWar_P3|TankWar_P5","RESOLVED_INTERNAL"
"D1340","E459","E453","FIELD_REFERENCE","IMPLEMENTATION","C:\Users\JBNU\git\ConstraintsRecovery\assets\tankwar\asset49",63,"C:\Users\JBNU\git\ConstraintsRecovery\assets\tankwar\asset49","G19","G19","TankWar_P3|TankWar_P5","TankWar_P3|TankWar_P5",false,"TankWar_P3|TankWar_P5","RESOLVED_INTERNAL"
"D1341","E459","E454","FIELD_REFERENCE","IMPLEMENTATION","C:\Users\JBNU\git\ConstraintsRecovery\assets\tankwar\asset49",63,"C:\Users\JBNU\git\ConstraintsRecovery\assets\tankwar\asset49","G19","G19","TankWar_P3|TankWar_P5","TankWar_P3|TankWar_P5",false,"TankWar_P3|TankWar_P5","RESOLVED_INTERNAL"
"D1342","E459","E460","METHOD_CALL","IMPLEMENTATION","C:\Users\JBNU\git\ConstraintsRecovery\assets\tankwar\asset49",63,"C:\Users\JBNU\git\ConstraintsRecovery\assets\tankwar\asset49","G19","G19","TankWar_P3|TankWar_P5","TankWar_P3|TankWar_P5",false,"TankWar_P3|TankWar_P5","RESOLVED_INTERNAL"
"D1343","E459","E453","FIELD_REFERENCE","IMPLEMENTATION","C:\Users\JBNU\git\ConstraintsRecovery\assets\tankwar\asset49",64,"C:\Users\JBNU\git\ConstraintsRecovery\assets\tankwar\asset49","G19","G19","TankWar_P3|TankWar_P5","TankWar_P3|TankWar_P5",false,"TankWar_P3|TankWar_P5","RESOLVED_INTERNAL"
"D1344","E459","E454","FIELD_REFERENCE","IMPLEMENTATION","C:\Users\JBNU\git\ConstraintsRecovery\assets\tankwar\asset49",64,"C:\Users\JBNU\git\ConstraintsRecovery\assets\tankwar\asset49","G19","G19","TankWar_P3|TankWar_P5","TankWar_P3|TankWar_P5",false,"TankWar_P3|TankWar_P5","RESOLVED_INTERNAL"
"D1345","E459","E460","METHOD_CALL","IMPLEMENTATION","C:\Users\JBNU\git\ConstraintsRecovery\assets\tankwar\asset49",64,"C:\Users\JBNU\git\ConstraintsRecovery\assets\tankwar\asset49","G19","G19","TankWar_P3|TankWar_P5","TankWar_P3|TankWar_P5",false,"TankWar_P3|TankWar_P5","RESOLVED_INTERNAL"
"D1346","E459","E453","FIELD_REFERENCE","IMPLEMENTATION","C:\Users\JBNU\git\ConstraintsRecovery\assets\tankwar\asset49",65,"C:\Users\JBNU\git\ConstraintsRecovery\assets\tankwar\asset49","G19","G19","TankWar_P3|TankWar_P5","TankWar_P3|TankWar_P5",false,"TankWar_P3|TankWar_P5","RESOLVED_INTERNAL"
"D1347","E459","E454","FIELD_REFERENCE","IMPLEMENTATION","C:\Users\JBNU\git\ConstraintsRecovery\assets\tankwar\asset49",65,"C:\Users\JBNU\git\ConstraintsRecovery\assets\tankwar\asset49","G19","G19","TankWar_P3|TankWar_P5","TankWar_P3|TankWar_P5",false,"TankWar_P3|TankWar_P5","RESOLVED_INTERNAL"
"D1348","E459","E460","METHOD_CALL","IMPLEMENTATION","C:\Users\JBNU\git\ConstraintsRecovery\assets\tankwar\asset49",65,"C:\Users\JBNU\git\ConstraintsRecovery\assets\tankwar\asset49","G19","G19","TankWar_P3|TankWar_P5","TankWar_P3|TankWar_P5",false,"TankWar_P3|TankWar_P5","RESOLVED_INTERNAL"
"D1349","E459","E453","FIELD_REFERENCE","IMPLEMENTATION","C:\Users\JBNU\git\ConstraintsRecovery\assets\tankwar\asset49",66,"C:\Users\JBNU\git\ConstraintsRecovery\assets\tankwar\asset49","G19","G19","TankWar_P3|TankWar_P5","TankWar_P3|TankWar_P5",false,"TankWar_P3|TankWar_P5","RESOLVED_INTERNAL"
"D1350","E459","E454","FIELD_REFERENCE","IMPLEMENTATION","C:\Users\JBNU\git\ConstraintsRecovery\assets\tankwar\asset49",66,"C:\Users\JBNU\git\ConstraintsRecovery\assets\tankwar\asset49","G19","G19","TankWar_P3|TankWar_P5","TankWar_P3|TankWar_P5",false,"TankWar_P3|TankWar_P5","RESOLVED_INTERNAL"
"D1351","E459","E460","METHOD_CALL","IMPLEMENTATION","C:\Users\JBNU\git\ConstraintsRecovery\assets\tankwar\asset49",66,"C:\Users\JBNU\git\ConstraintsRecovery\assets\tankwar\asset49","G19","G19","TankWar_P3|TankWar_P5","TankWar_P3|TankWar_P5",false,"TankWar_P3|TankWar_P5","RESOLVED_INTERNAL"
"D1352","E459","E453","FIELD_REFERENCE","IMPLEMENTATION","C:\Users\JBNU\git\ConstraintsRecovery\assets\tankwar\asset49",67,"C:\Users\JBNU\git\ConstraintsRecovery\assets\tankwar\asset49","G19","G19","TankWar_P3|TankWar_P5","TankWar_P3|TankWar_P5",false,"TankWar_P3|TankWar_P5","RESOLVED_INTERNAL"
"D1353","E459","E454","FIELD_REFERENCE","IMPLEMENTATION","C:\Users\JBNU\git\ConstraintsRecovery\assets\tankwar\asset49",67,"C:\Users\JBNU\git\ConstraintsRecovery\assets\tankwar\asset49","G19","G19","TankWar_P3|TankWar_P5","TankWar_P3|TankWar_P5",false,"TankWar_P3|TankWar_P5","RESOLVED_INTERNAL"
"D1354","E459","E460","METHOD_CALL","IMPLEMENTATION","C:\Users\JBNU\git\ConstraintsRecovery\assets\tankwar\asset49",67,"C:\Users\JBNU\git\ConstraintsRecovery\assets\tankwar\asset49","G19","G19","TankWar_P3|TankWar_P5","TankWar_P3|TankWar_P5",false,"TankWar_P3|TankWar_P5","RESOLVED_INTERNAL"
"D1355","E459","E453","FIELD_REFERENCE","IMPLEMENTATION","C:\Users\JBNU\git\ConstraintsRecovery\assets\tankwar\asset49",68,"C:\Users\JBNU\git\ConstraintsRecovery\assets\tankwar\asset49","G19","G19","TankWar_P3|TankWar_P5","TankWar_P3|TankWar_P5",false,"TankWar_P3|TankWar_P5","RESOLVED_INTERNAL"
"D1356","E459","E454","FIELD_REFERENCE","IMPLEMENTATION","C:\Users\JBNU\git\ConstraintsRecovery\assets\tankwar\asset49",68,"C:\Users\JBNU\git\ConstraintsRecovery\assets\tankwar\asset49","G19","G19","TankWar_P3|TankWar_P5","TankWar_P3|TankWar_P5",false,"TankWar_P3|TankWar_P5","RESOLVED_INTERNAL"
"D1357","E459","E460","METHOD_CALL","IMPLEMENTATION","C:\Users\JBNU\git\ConstraintsRecovery\assets\tankwar\asset49",68,"C:\Users\JBNU\git\ConstraintsRecovery\assets\tankwar\asset49","G19","G19","TankWar_P3|TankWar_P5","TankWar_P3|TankWar_P5",false,"TankWar_P3|TankWar_P5","RESOLVED_INTERNAL"
"D1358","E459","E452","FIELD_REFERENCE","IMPLEMENTATION","C:\Users\JBNU\git\ConstraintsRecovery\assets\tankwar\asset49",69,"C:\Users\JBNU\git\ConstraintsRecovery\assets\tankwar\asset49","G19","G19","TankWar_P3|TankWar_P5","TankWar_P3|TankWar_P5",false,"TankWar_P3|TankWar_P5","RESOLVED_INTERNAL"
"D1360","E459","E452","FIELD_REFERENCE","IMPLEMENTATION","C:\Users\JBNU\git\ConstraintsRecovery\assets\tankwar\asset49",70,"C:\Users\JBNU\git\ConstraintsRecovery\assets\tankwar\asset49","G19","G19","TankWar_P3|TankWar_P5","TankWar_P3|TankWar_P5",false,"TankWar_P3|TankWar_P5","RESOLVED_INTERNAL"
"D1361","E459","E461","METHOD_CALL","IMPLEMENTATION","C:\Users\JBNU\git\ConstraintsRecovery\assets\tankwar\asset49",71,"C:\Users\JBNU\git\ConstraintsRecovery\assets\tankwar\asset49","G19","G19","TankWar_P3|TankWar_P5","TankWar_P3|TankWar_P5",false,"TankWar_P3|TankWar_P5","RESOLVED_INTERNAL"
"D1362","E460","E452","FIELD_REFERENCE","IMPLEMENTATION","C:\Users\JBNU\git\ConstraintsRecovery\assets\tankwar\asset49",76,"C:\Users\JBNU\git\ConstraintsRecovery\assets\tankwar\asset49","G19","G19","TankWar_P3|TankWar_P5","TankWar_P3|TankWar_P5",false,"TankWar_P3|TankWar_P5","RESOLVED_INTERNAL"
"D1293","E460","E245","METHOD_CALL","IMPLEMENTATION","C:\Users\JBNU\git\ConstraintsRecovery\assets\tankwar\asset49",117,"C:\Users\JBNU\git\ConstraintsRecovery\assets\tankwar\asset2","G19","G4","TankWar_P3|TankWar_P5","TankWar_P1|TankWar_P2|TankWar_P3|TankWar_P4|TankWar_P5",true,"TankWar_P3|TankWar_P5","RESOLVED_INTERNAL"
"D1294","E460","E245","METHOD_CALL","IMPLEMENTATION","C:\Users\JBNU\git\ConstraintsRecovery\assets\tankwar\asset49",125,"C:\Users\JBNU\git\ConstraintsRecovery\assets\tankwar\asset2","G19","G4","TankWar_P3|TankWar_P5","TankWar_P1|TankWar_P2|TankWar_P3|TankWar_P4|TankWar_P5",true,"TankWar_P3|TankWar_P5","RESOLVED_INTERNAL"
"D1295","E461","E485","FIELD_REFERENCE","IMPLEMENTATION","C:\Users\JBNU\git\ConstraintsRecovery\assets\tankwar\asset49",130,"C:\Users\JBNU\git\ConstraintsRecovery\assets\tankwar\asset54","G19","G19","TankWar_P3|TankWar_P5","TankWar_P3|TankWar_P5",true,"TankWar_P3|TankWar_P5","RESOLVED_INTERNAL"
"D1402","E462","E559","EXTENDS","STRUCTURAL","C:\Users\JBNU\git\ConstraintsRecovery\assets\tankwar\asset5",10,"C:\Users\JBNU\git\ConstraintsRecovery\assets\tankwar\asset7","G4","G4","TankWar_P1|TankWar_P2|TankWar_P3|TankWar_P4|TankWar_P5","TankWar_P1|TankWar_P2|TankWar_P3|TankWar_P4|TankWar_P5",true,"TankWar_P1|TankWar_P2|TankWar_P3|TankWar_P4|TankWar_P5","RESOLVED_INTERNAL"
"D1403","E464","E260","FIELD_REFERENCE","IMPLEMENTATION","C:\Users\JBNU\git\ConstraintsRecovery\assets\tankwar\asset5",16,"C:\Users\JBNU\git\ConstraintsRecovery\assets\tankwar\asset22","G4","G4","TankWar_P1|TankWar_P2|TankWar_P3|TankWar_P4|TankWar_P5","TankWar_P1|TankWar_P2|TankWar_P3|TankWar_P4|TankWar_P5",true,"TankWar_P1|TankWar_P2|TankWar_P3|TankWar_P4|TankWar_P5","RESOLVED_INTERNAL"
"D1404","E464","E262","FIELD_REFERENCE","IMPLEMENTATION","C:\Users\JBNU\git\ConstraintsRecovery\assets\tankwar\asset5",17,"C:\Users\JBNU\git\ConstraintsRecovery\assets\tankwar\asset22","G4","G4","TankWar_P1|TankWar_P2|TankWar_P3|TankWar_P4|TankWar_P5","TankWar_P1|TankWar_P2|TankWar_P3|TankWar_P4|TankWar_P5",true,"TankWar_P1|TankWar_P2|TankWar_P3|TankWar_P4|TankWar_P5","RESOLVED_INTERNAL"
"D1405","E464","E266","FIELD_REFERENCE","IMPLEMENTATION","C:\Users\JBNU\git\ConstraintsRecovery\assets\tankwar\asset5",18,"C:\Users\JBNU\git\ConstraintsRecovery\assets\tankwar\asset22","G4","G4","TankWar_P1|TankWar_P2|TankWar_P3|TankWar_P4|TankWar_P5","TankWar_P1|TankWar_P2|TankWar_P3|TankWar_P4|TankWar_P5",true,"TankWar_P1|TankWar_P2|TankWar_P3|TankWar_P4|TankWar_P5","RESOLVED_INTERNAL"
"D1406","E464","E64","METHOD_CALL","IMPLEMENTATION","C:\Users\JBNU\git\ConstraintsRecovery\assets\tankwar\asset5",19,"C:\Users\JBNU\git\ConstraintsRecovery\assets\tankwar\asset13","G4","G4","TankWar_P1|TankWar_P2|TankWar_P3|TankWar_P4|TankWar_P5","TankWar_P1|TankWar_P2|TankWar_P3|TankWar_P4|TankWar_P5",true,"TankWar_P1|TankWar_P2|TankWar_P3|TankWar_P4|TankWar_P5","RESOLVED_INTERNAL"
"D1366","E468","E337","METHOD_CALL","IMPLEMENTATION","C:\Users\JBNU\git\ConstraintsRecovery\assets\tankwar\asset50",18,"C:\Users\JBNU\git\ConstraintsRecovery\assets\tankwar\asset3","G9","G4","TankWar_P1|TankWar_P4","TankWar_P1|TankWar_P2|TankWar_P3|TankWar_P4|TankWar_P5",true,"TankWar_P1|TankWar_P4","RESOLVED_INTERNAL"
"D1367","E470","E282","EXTENDS","STRUCTURAL","C:\Users\JBNU\git\ConstraintsRecovery\assets\tankwar\asset51",27,"C:\Users\JBNU\git\ConstraintsRecovery\assets\tankwar\asset23","G1","G7","TankWar_P1","TankWar_P1|TankWar_P3|TankWar_P4|TankWar_P5",true,"TankWar_P1","RESOLVED_INTERNAL"
"D1368","E472","E228","METHOD_CALL","IMPLEMENTATION","C:\Users\JBNU\git\ConstraintsRecovery\assets\tankwar\asset51",37,"C:\Users\JBNU\git\ConstraintsRecovery\assets\tankwar\asset2","G2","G4","TankWar_P1|TankWar_P2","TankWar_P1|TankWar_P2|TankWar_P3|TankWar_P4|TankWar_P5",true,"TankWar_P1|TankWar_P2","RESOLVED_INTERNAL"
"D1377","E473","E17","EXTENDS","STRUCTURAL","C:\Users\JBNU\git\ConstraintsRecovery\assets\tankwar\asset52",9,"C:\Users\JBNU\git\ConstraintsRecovery\assets\tankwar\asset10","G13","G4","TankWar_P2|TankWar_P3","TankWar_P1|TankWar_P2|TankWar_P3|TankWar_P4|TankWar_P5",true,"TankWar_P2|TankWar_P3","RESOLVED_INTERNAL"
"D1369","E477","E475","FIELD_REFERENCE","IMPLEMENTATION","C:\Users\JBNU\git\ConstraintsRecovery\assets\tankwar\asset52",18,"C:\Users\JBNU\git\ConstraintsRecovery\assets\tankwar\asset52","G13","G13","TankWar_P2|TankWar_P3","TankWar_P2|TankWar_P3",false,"TankWar_P2|TankWar_P3","RESOLVED_INTERNAL"
"D1370","E477","E474","FIELD_REFERENCE","IMPLEMENTATION","C:\Users\JBNU\git\ConstraintsRecovery\assets\tankwar\asset52",19,"C:\Users\JBNU\git\ConstraintsRecovery\assets\tankwar\asset52","G13","G13","TankWar_P2|TankWar_P3","TankWar_P2|TankWar_P3",false,"TankWar_P2|TankWar_P3","RESOLVED_INTERNAL"
"D1371","E477","E474","FIELD_REFERENCE","IMPLEMENTATION","C:\Users\JBNU\git\ConstraintsRecovery\assets\tankwar\asset52",22,"C:\Users\JBNU\git\ConstraintsRecovery\assets\tankwar\asset52","G13","G13","TankWar_P2|TankWar_P3","TankWar_P2|TankWar_P3",false,"TankWar_P2|TankWar_P3","RESOLVED_INTERNAL"
"D1372","E477","E475","FIELD_REFERENCE","IMPLEMENTATION","C:\Users\JBNU\git\ConstraintsRecovery\assets\tankwar\asset52",22,"C:\Users\JBNU\git\ConstraintsRecovery\assets\tankwar\asset52","G13","G13","TankWar_P2|TankWar_P3","TankWar_P2|TankWar_P3",false,"TankWar_P2|TankWar_P3","RESOLVED_INTERNAL"
"D1373","E477","E475","FIELD_REFERENCE","IMPLEMENTATION","C:\Users\JBNU\git\ConstraintsRecovery\assets\tankwar\asset52",24,"C:\Users\JBNU\git\ConstraintsRecovery\assets\tankwar\asset52","G13","G13","TankWar_P2|TankWar_P3","TankWar_P2|TankWar_P3",false,"TankWar_P2|TankWar_P3","RESOLVED_INTERNAL"
"D1374","E478","E475","FIELD_REFERENCE","IMPLEMENTATION","C:\Users\JBNU\git\ConstraintsRecovery\assets\tankwar\asset52",31,"C:\Users\JBNU\git\ConstraintsRecovery\assets\tankwar\asset52","G13","G13","TankWar_P2|TankWar_P3","TankWar_P2|TankWar_P3",false,"TankWar_P2|TankWar_P3","RESOLVED_INTERNAL"
"D1375","E478","E474","FIELD_REFERENCE","IMPLEMENTATION","C:\Users\JBNU\git\ConstraintsRecovery\assets\tankwar\asset52",32,"C:\Users\JBNU\git\ConstraintsRecovery\assets\tankwar\asset52","G13","G13","TankWar_P2|TankWar_P3","TankWar_P2|TankWar_P3",false,"TankWar_P2|TankWar_P3","RESOLVED_INTERNAL"
"D1376","E478","E475","FIELD_REFERENCE","IMPLEMENTATION","C:\Users\JBNU\git\ConstraintsRecovery\assets\tankwar\asset52",33,"C:\Users\JBNU\git\ConstraintsRecovery\assets\tankwar\asset52","G13","G13","TankWar_P2|TankWar_P3","TankWar_P2|TankWar_P3",false,"TankWar_P2|TankWar_P3","RESOLVED_INTERNAL"
"D1378","E482","E76","FIELD_REFERENCE","IMPLEMENTATION","C:\Users\JBNU\git\ConstraintsRecovery\assets\tankwar\asset53",21,"C:\Users\JBNU\git\ConstraintsRecovery\assets\tankwar\asset14","G9","G4","TankWar_P1|TankWar_P4","TankWar_P1|TankWar_P2|TankWar_P3|TankWar_P4|TankWar_P5",true,"TankWar_P1|TankWar_P4","RESOLVED_INTERNAL"
"D1379","E487","E485","FIELD_REFERENCE","IMPLEMENTATION","C:\Users\JBNU\git\ConstraintsRecovery\assets\tankwar\asset54",23,"C:\Users\JBNU\git\ConstraintsRecovery\assets\tankwar\asset54","G19","G19","TankWar_P3|TankWar_P5","TankWar_P3|TankWar_P5",false,"TankWar_P3|TankWar_P5","RESOLVED_INTERNAL"
"D1380","E487","E721","METHOD_CALL","IMPLEMENTATION","C:\Users\JBNU\git\ConstraintsRecovery\assets\tankwar\asset54",23,"C:\Users\JBNU\git\ConstraintsRecovery\assets\tankwar\asset9","G19","G4","TankWar_P3|TankWar_P5","TankWar_P1|TankWar_P2|TankWar_P3|TankWar_P4|TankWar_P5",true,"TankWar_P3|TankWar_P5","RESOLVED_INTERNAL"
"D1393","E488","E451","EXTENDS","STRUCTURAL","C:\Users\JBNU\git\ConstraintsRecovery\assets\tankwar\asset55",6,"C:\Users\JBNU\git\ConstraintsRecovery\assets\tankwar\asset49","G19","G19","TankWar_P3|TankWar_P5","TankWar_P3|TankWar_P5",true,"TankWar_P3|TankWar_P5","RESOLVED_INTERNAL"
"D1381","E493","E489","FIELD_REFERENCE","IMPLEMENTATION","C:\Users\JBNU\git\ConstraintsRecovery\assets\tankwar\asset55",14,"C:\Users\JBNU\git\ConstraintsRecovery\assets\tankwar\asset55","G19","G19","TankWar_P3|TankWar_P5","TankWar_P3|TankWar_P5",false,"TankWar_P3|TankWar_P5","RESOLVED_INTERNAL"
"D1382","E493","E689","FIELD_REFERENCE","IMPLEMENTATION","C:\Users\JBNU\git\ConstraintsRecovery\assets\tankwar\asset55",16,"C:\Users\JBNU\git\ConstraintsRecovery\assets\tankwar\asset9","G19","G4","TankWar_P3|TankWar_P5","TankWar_P1|TankWar_P2|TankWar_P3|TankWar_P4|TankWar_P5",true,"TankWar_P3|TankWar_P5","RESOLVED_INTERNAL"
"D1383","E493","E64","METHOD_CALL","IMPLEMENTATION","C:\Users\JBNU\git\ConstraintsRecovery\assets\tankwar\asset55",16,"C:\Users\JBNU\git\ConstraintsRecovery\assets\tankwar\asset13","G19","G4","TankWar_P3|TankWar_P5","TankWar_P1|TankWar_P2|TankWar_P3|TankWar_P4|TankWar_P5",true,"TankWar_P3|TankWar_P5","RESOLVED_INTERNAL"
"D1384","E493","E489","FIELD_REFERENCE","IMPLEMENTATION","C:\Users\JBNU\git\ConstraintsRecovery\assets\tankwar\asset55",18,"C:\Users\JBNU\git\ConstraintsRecovery\assets\tankwar\asset55","G19","G19","TankWar_P3|TankWar_P5","TankWar_P3|TankWar_P5",false,"TankWar_P3|TankWar_P5","RESOLVED_INTERNAL"
"D1385","E493","E490","FIELD_REFERENCE","IMPLEMENTATION","C:\Users\JBNU\git\ConstraintsRecovery\assets\tankwar\asset55",20,"C:\Users\JBNU\git\ConstraintsRecovery\assets\tankwar\asset55","G19","G19","TankWar_P3|TankWar_P5","TankWar_P3|TankWar_P5",false,"TankWar_P3|TankWar_P5","RESOLVED_INTERNAL"
"D1386","E493","E491","FIELD_REFERENCE","IMPLEMENTATION","C:\Users\JBNU\git\ConstraintsRecovery\assets\tankwar\asset55",24,"C:\Users\JBNU\git\ConstraintsRecovery\assets\tankwar\asset55","G19","G19","TankWar_P3|TankWar_P5","TankWar_P3|TankWar_P5",false,"TankWar_P3|TankWar_P5","RESOLVED_INTERNAL"
"D1387","E493","E490","FIELD_REFERENCE","IMPLEMENTATION","C:\Users\JBNU\git\ConstraintsRecovery\assets\tankwar\asset55",25,"C:\Users\JBNU\git\ConstraintsRecovery\assets\tankwar\asset55","G19","G19","TankWar_P3|TankWar_P5","TankWar_P3|TankWar_P5",false,"TankWar_P3|TankWar_P5","RESOLVED_INTERNAL"
"D1388","E493","E491","FIELD_REFERENCE","IMPLEMENTATION","C:\Users\JBNU\git\ConstraintsRecovery\assets\tankwar\asset55",26,"C:\Users\JBNU\git\ConstraintsRecovery\assets\tankwar\asset55","G19","G19","TankWar_P3|TankWar_P5","TankWar_P3|TankWar_P5",false,"TankWar_P3|TankWar_P5","RESOLVED_INTERNAL"
"D1389","E493","E491","FIELD_REFERENCE","IMPLEMENTATION","C:\Users\JBNU\git\ConstraintsRecovery\assets\tankwar\asset55",29,"C:\Users\JBNU\git\ConstraintsRecovery\assets\tankwar\asset55","G19","G19","TankWar_P3|TankWar_P5","TankWar_P3|TankWar_P5",false,"TankWar_P3|TankWar_P5","RESOLVED_INTERNAL"
"D1390","E493","E689","FIELD_REFERENCE","IMPLEMENTATION","C:\Users\JBNU\git\ConstraintsRecovery\assets\tankwar\asset55",29,"C:\Users\JBNU\git\ConstraintsRecovery\assets\tankwar\asset9","G19","G4","TankWar_P3|TankWar_P5","TankWar_P1|TankWar_P2|TankWar_P3|TankWar_P4|TankWar_P5",true,"TankWar_P3|TankWar_P5","RESOLVED_INTERNAL"
"D1391","E493","E64","METHOD_CALL","IMPLEMENTATION","C:\Users\JBNU\git\ConstraintsRecovery\assets\tankwar\asset55",29,"C:\Users\JBNU\git\ConstraintsRecovery\assets\tankwar\asset13","G19","G4","TankWar_P3|TankWar_P5","TankWar_P1|TankWar_P2|TankWar_P3|TankWar_P4|TankWar_P5",true,"TankWar_P3|TankWar_P5","RESOLVED_INTERNAL"
"D1392","E493","E491","FIELD_REFERENCE","IMPLEMENTATION","C:\Users\JBNU\git\ConstraintsRecovery\assets\tankwar\asset55",32,"C:\Users\JBNU\git\ConstraintsRecovery\assets\tankwar\asset55","G19","G19","TankWar_P3|TankWar_P5","TankWar_P3|TankWar_P5",false,"TankWar_P3|TankWar_P5","RESOLVED_INTERNAL"
"D1394","E494","E202","EXTENDS","STRUCTURAL","C:\Users\JBNU\git\ConstraintsRecovery\assets\tankwar\asset56",26,"C:\Users\JBNU\git\ConstraintsRecovery\assets\tankwar\asset2","G13","G4","TankWar_P2|TankWar_P3","TankWar_P1|TankWar_P2|TankWar_P3|TankWar_P4|TankWar_P5",true,"TankWar_P2|TankWar_P3","RESOLVED_INTERNAL"
"D1395","E496","E228","METHOD_CALL","IMPLEMENTATION","C:\Users\JBNU\git\ConstraintsRecovery\assets\tankwar\asset56",32,"C:\Users\JBNU\git\ConstraintsRecovery\assets\tankwar\asset2","G13","G4","TankWar_P2|TankWar_P3","TankWar_P1|TankWar_P2|TankWar_P3|TankWar_P4|TankWar_P5",true,"TankWar_P2|TankWar_P3","RESOLVED_INTERNAL"
"D1396","E500","E688","FIELD_REFERENCE","IMPLEMENTATION","C:\Users\JBNU\git\ConstraintsRecovery\assets\tankwar\asset57",18,"C:\Users\JBNU\git\ConstraintsRecovery\assets\tankwar\asset9","G9","G4","TankWar_P1|TankWar_P4","TankWar_P1|TankWar_P2|TankWar_P3|TankWar_P4|TankWar_P5",true,"TankWar_P1|TankWar_P4","RESOLVED_INTERNAL"
"D1397","E500","E689","FIELD_REFERENCE","IMPLEMENTATION","C:\Users\JBNU\git\ConstraintsRecovery\assets\tankwar\asset57",18,"C:\Users\JBNU\git\ConstraintsRecovery\assets\tankwar\asset9","G9","G4","TankWar_P1|TankWar_P4","TankWar_P1|TankWar_P2|TankWar_P3|TankWar_P4|TankWar_P5",true,"TankWar_P1|TankWar_P4","RESOLVED_INTERNAL"
"D1398","E504","E492","CONSTRUCTOR_CALL","IMPLEMENTATION","C:\Users\JBNU\git\ConstraintsRecovery\assets\tankwar\asset58",19,"C:\Users\JBNU\git\ConstraintsRecovery\assets\tankwar\asset55","G19","G19","TankWar_P3|TankWar_P5","TankWar_P3|TankWar_P5",true,"TankWar_P3|TankWar_P5","RESOLVED_INTERNAL"
"D1399","E504","E485","FIELD_REFERENCE","IMPLEMENTATION","C:\Users\JBNU\git\ConstraintsRecovery\assets\tankwar\asset58",19,"C:\Users\JBNU\git\ConstraintsRecovery\assets\tankwar\asset54","G19","G19","TankWar_P3|TankWar_P5","TankWar_P3|TankWar_P5",true,"TankWar_P3|TankWar_P5","RESOLVED_INTERNAL"
"D1400","E505","E332","EXTENDS","STRUCTURAL","C:\Users\JBNU\git\ConstraintsRecovery\assets\tankwar\asset59",14,"C:\Users\JBNU\git\ConstraintsRecovery\assets\tankwar\asset3","G13","G4","TankWar_P2|TankWar_P3","TankWar_P1|TankWar_P2|TankWar_P3|TankWar_P4|TankWar_P5",true,"TankWar_P2|TankWar_P3","RESOLVED_INTERNAL"
"D1401","E507","E337","METHOD_CALL","IMPLEMENTATION","C:\Users\JBNU\git\ConstraintsRecovery\assets\tankwar\asset59",19,"C:\Users\JBNU\git\ConstraintsRecovery\assets\tankwar\asset3","G13","G4","TankWar_P2|TankWar_P3","TankWar_P1|TankWar_P2|TankWar_P3|TankWar_P4|TankWar_P5",true,"TankWar_P2|TankWar_P3","RESOLVED_INTERNAL"
"D1431","E511","E282","EXTENDS","STRUCTURAL","C:\Users\JBNU\git\ConstraintsRecovery\assets\tankwar\asset6",36,"C:\Users\JBNU\git\ConstraintsRecovery\assets\tankwar\asset23","G21","G7","TankWar_P4|TankWar_P5","TankWar_P1|TankWar_P3|TankWar_P4|TankWar_P5",true,"TankWar_P4|TankWar_P5","RESOLVED_INTERNAL"
"D1432","E513","E228","METHOD_CALL","IMPLEMENTATION","C:\Users\JBNU\git\ConstraintsRecovery\assets\tankwar\asset6",47,"C:\Users\JBNU\git\ConstraintsRecovery\assets\tankwar\asset2","G20","G4","TankWar_P4","TankWar_P1|TankWar_P2|TankWar_P3|TankWar_P4|TankWar_P5",true,"TankWar_P4","RESOLVED_INTERNAL"
"D1433","E513","E228","METHOD_CALL","IMPLEMENTATION","C:\Users\JBNU\git\ConstraintsRecovery\assets\tankwar\asset6",49,"C:\Users\JBNU\git\ConstraintsRecovery\assets\tankwar\asset2","G5","G4","TankWar_P1|TankWar_P2|TankWar_P3|TankWar_P5","TankWar_P1|TankWar_P2|TankWar_P3|TankWar_P4|TankWar_P5",true,"TankWar_P1|TankWar_P2|TankWar_P3|TankWar_P5","RESOLVED_INTERNAL"
"D1409","E514","E192","EXTENDS","STRUCTURAL","C:\Users\JBNU\git\ConstraintsRecovery\assets\tankwar\asset60",6,"C:\Users\JBNU\git\ConstraintsRecovery\assets\tankwar\asset19","G13","G4","TankWar_P2|TankWar_P3","TankWar_P1|TankWar_P2|TankWar_P3|TankWar_P4|TankWar_P5",true,"TankWar_P2|TankWar_P3","RESOLVED_INTERNAL"
"D1407","E516","E688","FIELD_REFERENCE","IMPLEMENTATION","C:\Users\JBNU\git\ConstraintsRecovery\assets\tankwar\asset60",14,"C:\Users\JBNU\git\ConstraintsRecovery\assets\tankwar\asset9","G13","G4","TankWar_P2|TankWar_P3","TankWar_P1|TankWar_P2|TankWar_P3|TankWar_P4|TankWar_P5",true,"TankWar_P2|TankWar_P3","RESOLVED_INTERNAL"
"D1408","E516","E689","FIELD_REFERENCE","IMPLEMENTATION","C:\Users\JBNU\git\ConstraintsRecovery\assets\tankwar\asset60",14,"C:\Users\JBNU\git\ConstraintsRecovery\assets\tankwar\asset9","G13","G4","TankWar_P2|TankWar_P3","TankWar_P1|TankWar_P2|TankWar_P3|TankWar_P4|TankWar_P5",true,"TankWar_P2|TankWar_P3","RESOLVED_INTERNAL"
"D1410","E517","E282","EXTENDS","STRUCTURAL","C:\Users\JBNU\git\ConstraintsRecovery\assets\tankwar\asset61",25,"C:\Users\JBNU\git\ConstraintsRecovery\assets\tankwar\asset23","G17","G7","TankWar_P3","TankWar_P1|TankWar_P3|TankWar_P4|TankWar_P5",true,"TankWar_P3","RESOLVED_INTERNAL"
"D1411","E520","E228","METHOD_CALL","IMPLEMENTATION","C:\Users\JBNU\git\ConstraintsRecovery\assets\tankwar\asset61",37,"C:\Users\JBNU\git\ConstraintsRecovery\assets\tankwar\asset2","G13","G4","TankWar_P2|TankWar_P3","TankWar_P1|TankWar_P2|TankWar_P3|TankWar_P4|TankWar_P5",true,"TankWar_P2|TankWar_P3","RESOLVED_INTERNAL"
"D1412","E524","E228","METHOD_CALL","IMPLEMENTATION","C:\Users\JBNU\git\ConstraintsRecovery\assets\tankwar\asset62",34,"C:\Users\JBNU\git\ConstraintsRecovery\assets\tankwar\asset2","G9","G4","TankWar_P1|TankWar_P4","TankWar_P1|TankWar_P2|TankWar_P3|TankWar_P4|TankWar_P5",true,"TankWar_P1|TankWar_P4","RESOLVED_INTERNAL"
"D1413","E525","E257","EXTENDS","STRUCTURAL","C:\Users\JBNU\git\ConstraintsRecovery\assets\tankwar\asset63",6,"C:\Users\JBNU\git\ConstraintsRecovery\assets\tankwar\asset22","G19","G4","TankWar_P3|TankWar_P5","TankWar_P1|TankWar_P2|TankWar_P3|TankWar_P4|TankWar_P5",true,"TankWar_P3|TankWar_P5","RESOLVED_INTERNAL"
"D1416","E526","E1","EXTENDS","STRUCTURAL","C:\Users\JBNU\git\ConstraintsRecovery\assets\tankwar\asset64",9,"C:\Users\JBNU\git\ConstraintsRecovery\assets\tankwar\asset1","G19","G4","TankWar_P3|TankWar_P5","TankWar_P1|TankWar_P2|TankWar_P3|TankWar_P4|TankWar_P5",true,"TankWar_P3|TankWar_P5","RESOLVED_INTERNAL"
"D1414","E528","E492","CONSTRUCTOR_CALL","IMPLEMENTATION","C:\Users\JBNU\git\ConstraintsRecovery\assets\tankwar\asset64",15,"C:\Users\JBNU\git\ConstraintsRecovery\assets\tankwar\asset55","G19","G19","TankWar_P3|TankWar_P5","TankWar_P3|TankWar_P5",true,"TankWar_P3|TankWar_P5","RESOLVED_INTERNAL"
"D1415","E528","E485","FIELD_REFERENCE","IMPLEMENTATION","C:\Users\JBNU\git\ConstraintsRecovery\assets\tankwar\asset64",15,"C:\Users\JBNU\git\ConstraintsRecovery\assets\tankwar\asset54","G19","G19","TankWar_P3|TankWar_P5","TankWar_P3|TankWar_P5",true,"TankWar_P3|TankWar_P5","RESOLVED_INTERNAL"
"D1417","E531","E99","METHOD_CALL","IMPLEMENTATION","C:\Users\JBNU\git\ConstraintsRecovery\assets\tankwar\asset65",16,"C:\Users\JBNU\git\ConstraintsRecovery\assets\tankwar\asset14","G17","G4","TankWar_P3","TankWar_P1|TankWar_P2|TankWar_P3|TankWar_P4|TankWar_P5",true,"TankWar_P3","RESOLVED_INTERNAL"
"D1418","E531","E691","FIELD_REFERENCE","IMPLEMENTATION","C:\Users\JBNU\git\ConstraintsRecovery\assets\tankwar\asset65",20,"C:\Users\JBNU\git\ConstraintsRecovery\assets\tankwar\asset9","G17","G4","TankWar_P3","TankWar_P1|TankWar_P2|TankWar_P3|TankWar_P4|TankWar_P5",true,"TankWar_P3","RESOLVED_INTERNAL"
"D1419","E531","E260","FIELD_REFERENCE","IMPLEMENTATION","C:\Users\JBNU\git\ConstraintsRecovery\assets\tankwar\asset65",21,"C:\Users\JBNU\git\ConstraintsRecovery\assets\tankwar\asset22","G17","G4","TankWar_P3","TankWar_P1|TankWar_P2|TankWar_P3|TankWar_P4|TankWar_P5",true,"TankWar_P3","RESOLVED_INTERNAL"
"D1420","E531","E691","FIELD_REFERENCE","IMPLEMENTATION","C:\Users\JBNU\git\ConstraintsRecovery\assets\tankwar\asset65",21,"C:\Users\JBNU\git\ConstraintsRecovery\assets\tankwar\asset9","G17","G4","TankWar_P3","TankWar_P1|TankWar_P2|TankWar_P3|TankWar_P4|TankWar_P5",true,"TankWar_P3","RESOLVED_INTERNAL"
"D1421","E531","E262","FIELD_REFERENCE","IMPLEMENTATION","C:\Users\JBNU\git\ConstraintsRecovery\assets\tankwar\asset65",22,"C:\Users\JBNU\git\ConstraintsRecovery\assets\tankwar\asset22","G17","G4","TankWar_P3","TankWar_P1|TankWar_P2|TankWar_P3|TankWar_P4|TankWar_P5",true,"TankWar_P3","RESOLVED_INTERNAL"
"D1422","E531","E691","FIELD_REFERENCE","IMPLEMENTATION","C:\Users\JBNU\git\ConstraintsRecovery\assets\tankwar\asset65",22,"C:\Users\JBNU\git\ConstraintsRecovery\assets\tankwar\asset9","G17","G4","TankWar_P3","TankWar_P1|TankWar_P2|TankWar_P3|TankWar_P4|TankWar_P5",true,"TankWar_P3","RESOLVED_INTERNAL"
"D1423","E555","E435","METHOD_CALL","IMPLEMENTATION","C:\Users\JBNU\git\ConstraintsRecovery\assets\tankwar\asset68",14,"C:\Users\JBNU\git\ConstraintsRecovery\assets\tankwar\asset47","G20","G14","TankWar_P4","TankWar_P2|TankWar_P3|TankWar_P4",true,"TankWar_P4","RESOLVED_INTERNAL"
"D1424","E555","E437","METHOD_CALL","IMPLEMENTATION","C:\Users\JBNU\git\ConstraintsRecovery\assets\tankwar\asset68",14,"C:\Users\JBNU\git\ConstraintsRecovery\assets\tankwar\asset47","G20","G14","TankWar_P4","TankWar_P2|TankWar_P3|TankWar_P4",true,"TankWar_P4","RESOLVED_INTERNAL"
"D1425","E558","E99","METHOD_CALL","IMPLEMENTATION","C:\Users\JBNU\git\ConstraintsRecovery\assets\tankwar\asset69",16,"C:\Users\JBNU\git\ConstraintsRecovery\assets\tankwar\asset14","G20","G4","TankWar_P4","TankWar_P1|TankWar_P2|TankWar_P3|TankWar_P4|TankWar_P5",true,"TankWar_P4","RESOLVED_INTERNAL"
"D1426","E558","E691","FIELD_REFERENCE","IMPLEMENTATION","C:\Users\JBNU\git\ConstraintsRecovery\assets\tankwar\asset69",20,"C:\Users\JBNU\git\ConstraintsRecovery\assets\tankwar\asset9","G20","G4","TankWar_P4","TankWar_P1|TankWar_P2|TankWar_P3|TankWar_P4|TankWar_P5",true,"TankWar_P4","RESOLVED_INTERNAL"
"D1427","E558","E260","FIELD_REFERENCE","IMPLEMENTATION","C:\Users\JBNU\git\ConstraintsRecovery\assets\tankwar\asset69",21,"C:\Users\JBNU\git\ConstraintsRecovery\assets\tankwar\asset22","G20","G4","TankWar_P4","TankWar_P1|TankWar_P2|TankWar_P3|TankWar_P4|TankWar_P5",true,"TankWar_P4","RESOLVED_INTERNAL"
"D1428","E558","E691","FIELD_REFERENCE","IMPLEMENTATION","C:\Users\JBNU\git\ConstraintsRecovery\assets\tankwar\asset69",21,"C:\Users\JBNU\git\ConstraintsRecovery\assets\tankwar\asset9","G20","G4","TankWar_P4","TankWar_P1|TankWar_P2|TankWar_P3|TankWar_P4|TankWar_P5",true,"TankWar_P4","RESOLVED_INTERNAL"
"D1429","E558","E262","FIELD_REFERENCE","IMPLEMENTATION","C:\Users\JBNU\git\ConstraintsRecovery\assets\tankwar\asset69",22,"C:\Users\JBNU\git\ConstraintsRecovery\assets\tankwar\asset22","G20","G4","TankWar_P4","TankWar_P1|TankWar_P2|TankWar_P3|TankWar_P4|TankWar_P5",true,"TankWar_P4","RESOLVED_INTERNAL"
"D1430","E558","E691","FIELD_REFERENCE","IMPLEMENTATION","C:\Users\JBNU\git\ConstraintsRecovery\assets\tankwar\asset69",22,"C:\Users\JBNU\git\ConstraintsRecovery\assets\tankwar\asset9","G20","G4","TankWar_P4","TankWar_P1|TankWar_P2|TankWar_P3|TankWar_P4|TankWar_P5",true,"TankWar_P4","RESOLVED_INTERNAL"
"D1451","E559","E257","EXTENDS","STRUCTURAL","C:\Users\JBNU\git\ConstraintsRecovery\assets\tankwar\asset7",10,"C:\Users\JBNU\git\ConstraintsRecovery\assets\tankwar\asset22","G4","G4","TankWar_P1|TankWar_P2|TankWar_P3|TankWar_P4|TankWar_P5","TankWar_P1|TankWar_P2|TankWar_P3|TankWar_P4|TankWar_P5",true,"TankWar_P1|TankWar_P2|TankWar_P3|TankWar_P4|TankWar_P5","RESOLVED_INTERNAL"
"D1452","E563","E560","FIELD_REFERENCE","IMPLEMENTATION","C:\Users\JBNU\git\ConstraintsRecovery\assets\tankwar\asset7",17,"C:\Users\JBNU\git\ConstraintsRecovery\assets\tankwar\asset7","G4","G4","TankWar_P1|TankWar_P2|TankWar_P3|TankWar_P4|TankWar_P5","TankWar_P1|TankWar_P2|TankWar_P3|TankWar_P4|TankWar_P5",false,"TankWar_P1|TankWar_P2|TankWar_P3|TankWar_P4|TankWar_P5","RESOLVED_INTERNAL"
"D1453","E563","E688","FIELD_REFERENCE","IMPLEMENTATION","C:\Users\JBNU\git\ConstraintsRecovery\assets\tankwar\asset7",17,"C:\Users\JBNU\git\ConstraintsRecovery\assets\tankwar\asset9","G4","G4","TankWar_P1|TankWar_P2|TankWar_P3|TankWar_P4|TankWar_P5","TankWar_P1|TankWar_P2|TankWar_P3|TankWar_P4|TankWar_P5",true,"TankWar_P1|TankWar_P2|TankWar_P3|TankWar_P4|TankWar_P5","RESOLVED_INTERNAL"
"D1454","E563","E560","FIELD_REFERENCE","IMPLEMENTATION","C:\Users\JBNU\git\ConstraintsRecovery\assets\tankwar\asset7",20,"C:\Users\JBNU\git\ConstraintsRecovery\assets\tankwar\asset7","G4","G4","TankWar_P1|TankWar_P2|TankWar_P3|TankWar_P4|TankWar_P5","TankWar_P1|TankWar_P2|TankWar_P3|TankWar_P4|TankWar_P5",false,"TankWar_P1|TankWar_P2|TankWar_P3|TankWar_P4|TankWar_P5","RESOLVED_INTERNAL"
"D1455","E563","E689","FIELD_REFERENCE","IMPLEMENTATION","C:\Users\JBNU\git\ConstraintsRecovery\assets\tankwar\asset7",20,"C:\Users\JBNU\git\ConstraintsRecovery\assets\tankwar\asset9","G4","G4","TankWar_P1|TankWar_P2|TankWar_P3|TankWar_P4|TankWar_P5","TankWar_P1|TankWar_P2|TankWar_P3|TankWar_P4|TankWar_P5",true,"TankWar_P1|TankWar_P2|TankWar_P3|TankWar_P4|TankWar_P5","RESOLVED_INTERNAL"
"D1456","E563","E560","FIELD_REFERENCE","IMPLEMENTATION","C:\Users\JBNU\git\ConstraintsRecovery\assets\tankwar\asset7",23,"C:\Users\JBNU\git\ConstraintsRecovery\assets\tankwar\asset7","G4","G4","TankWar_P1|TankWar_P2|TankWar_P3|TankWar_P4|TankWar_P5","TankWar_P1|TankWar_P2|TankWar_P3|TankWar_P4|TankWar_P5",false,"TankWar_P1|TankWar_P2|TankWar_P3|TankWar_P4|TankWar_P5","RESOLVED_INTERNAL"
"D1457","E563","E689","FIELD_REFERENCE","IMPLEMENTATION","C:\Users\JBNU\git\ConstraintsRecovery\assets\tankwar\asset7",23,"C:\Users\JBNU\git\ConstraintsRecovery\assets\tankwar\asset9","G4","G4","TankWar_P1|TankWar_P2|TankWar_P3|TankWar_P4|TankWar_P5","TankWar_P1|TankWar_P2|TankWar_P3|TankWar_P4|TankWar_P5",true,"TankWar_P1|TankWar_P2|TankWar_P3|TankWar_P4|TankWar_P5","RESOLVED_INTERNAL"
"D1458","E563","E560","FIELD_REFERENCE","IMPLEMENTATION","C:\Users\JBNU\git\ConstraintsRecovery\assets\tankwar\asset7",26,"C:\Users\JBNU\git\ConstraintsRecovery\assets\tankwar\asset7","G4","G4","TankWar_P1|TankWar_P2|TankWar_P3|TankWar_P4|TankWar_P5","TankWar_P1|TankWar_P2|TankWar_P3|TankWar_P4|TankWar_P5",false,"TankWar_P1|TankWar_P2|TankWar_P3|TankWar_P4|TankWar_P5","RESOLVED_INTERNAL"
"D1459","E563","E689","FIELD_REFERENCE","IMPLEMENTATION","C:\Users\JBNU\git\ConstraintsRecovery\assets\tankwar\asset7",26,"C:\Users\JBNU\git\ConstraintsRecovery\assets\tankwar\asset9","G4","G4","TankWar_P1|TankWar_P2|TankWar_P3|TankWar_P4|TankWar_P5","TankWar_P1|TankWar_P2|TankWar_P3|TankWar_P4|TankWar_P5",true,"TankWar_P1|TankWar_P2|TankWar_P3|TankWar_P4|TankWar_P5","RESOLVED_INTERNAL"
"D1460","E563","E560","FIELD_REFERENCE","IMPLEMENTATION","C:\Users\JBNU\git\ConstraintsRecovery\assets\tankwar\asset7",29,"C:\Users\JBNU\git\ConstraintsRecovery\assets\tankwar\asset7","G4","G4","TankWar_P1|TankWar_P2|TankWar_P3|TankWar_P4|TankWar_P5","TankWar_P1|TankWar_P2|TankWar_P3|TankWar_P4|TankWar_P5",false,"TankWar_P1|TankWar_P2|TankWar_P3|TankWar_P4|TankWar_P5","RESOLVED_INTERNAL"
"D1461","E563","E689","FIELD_REFERENCE","IMPLEMENTATION","C:\Users\JBNU\git\ConstraintsRecovery\assets\tankwar\asset7",29,"C:\Users\JBNU\git\ConstraintsRecovery\assets\tankwar\asset9","G4","G4","TankWar_P1|TankWar_P2|TankWar_P3|TankWar_P4|TankWar_P5","TankWar_P1|TankWar_P2|TankWar_P3|TankWar_P4|TankWar_P5",true,"TankWar_P1|TankWar_P2|TankWar_P3|TankWar_P4|TankWar_P5","RESOLVED_INTERNAL"
"D1462","E563","E273","CONSTRUCTOR_CALL","IMPLEMENTATION","C:\Users\JBNU\git\ConstraintsRecovery\assets\tankwar\asset7",34,"C:\Users\JBNU\git\ConstraintsRecovery\assets\tankwar\asset22","G4","G4","TankWar_P1|TankWar_P2|TankWar_P3|TankWar_P4|TankWar_P5","TankWar_P1|TankWar_P2|TankWar_P3|TankWar_P4|TankWar_P5",true,"TankWar_P1|TankWar_P2|TankWar_P3|TankWar_P4|TankWar_P5","RESOLVED_INTERNAL"
"D1463","E563","E260","FIELD_REFERENCE","IMPLEMENTATION","C:\Users\JBNU\git\ConstraintsRecovery\assets\tankwar\asset7",34,"C:\Users\JBNU\git\ConstraintsRecovery\assets\tankwar\asset22","G4","G4","TankWar_P1|TankWar_P2|TankWar_P3|TankWar_P4|TankWar_P5","TankWar_P1|TankWar_P2|TankWar_P3|TankWar_P4|TankWar_P5",true,"TankWar_P1|TankWar_P2|TankWar_P3|TankWar_P4|TankWar_P5","RESOLVED_INTERNAL"
"D1464","E563","E262","FIELD_REFERENCE","IMPLEMENTATION","C:\Users\JBNU\git\ConstraintsRecovery\assets\tankwar\asset7",34,"C:\Users\JBNU\git\ConstraintsRecovery\assets\tankwar\asset22","G4","G4","TankWar_P1|TankWar_P2|TankWar_P3|TankWar_P4|TankWar_P5","TankWar_P1|TankWar_P2|TankWar_P3|TankWar_P4|TankWar_P5",true,"TankWar_P1|TankWar_P2|TankWar_P3|TankWar_P4|TankWar_P5","RESOLVED_INTERNAL"
"D1465","E563","E560","FIELD_REFERENCE","IMPLEMENTATION","C:\Users\JBNU\git\ConstraintsRecovery\assets\tankwar\asset7",34,"C:\Users\JBNU\git\ConstraintsRecovery\assets\tankwar\asset7","G4","G4","TankWar_P1|TankWar_P2|TankWar_P3|TankWar_P4|TankWar_P5","TankWar_P1|TankWar_P2|TankWar_P3|TankWar_P4|TankWar_P5",false,"TankWar_P1|TankWar_P2|TankWar_P3|TankWar_P4|TankWar_P5","RESOLVED_INTERNAL"
"D1466","E563","E561","FIELD_REFERENCE","IMPLEMENTATION","C:\Users\JBNU\git\ConstraintsRecovery\assets\tankwar\asset7",34,"C:\Users\JBNU\git\ConstraintsRecovery\assets\tankwar\asset7","G4","G4","TankWar_P1|TankWar_P2|TankWar_P3|TankWar_P4|TankWar_P5","TankWar_P1|TankWar_P2|TankWar_P3|TankWar_P4|TankWar_P5",false,"TankWar_P1|TankWar_P2|TankWar_P3|TankWar_P4|TankWar_P5","RESOLVED_INTERNAL"
"D1467","E564","E561","FIELD_REFERENCE","IMPLEMENTATION","C:\Users\JBNU\git\ConstraintsRecovery\assets\tankwar\asset7",39,"C:\Users\JBNU\git\ConstraintsRecovery\assets\tankwar\asset7","G4","G4","TankWar_P1|TankWar_P2|TankWar_P3|TankWar_P4|TankWar_P5","TankWar_P1|TankWar_P2|TankWar_P3|TankWar_P4|TankWar_P5",false,"TankWar_P1|TankWar_P2|TankWar_P3|TankWar_P4|TankWar_P5","RESOLVED_INTERNAL"
"D1468","E564","E561","FIELD_REFERENCE","IMPLEMENTATION","C:\Users\JBNU\git\ConstraintsRecovery\assets\tankwar\asset7",40,"C:\Users\JBNU\git\ConstraintsRecovery\assets\tankwar\asset7","G4","G4","TankWar_P1|TankWar_P2|TankWar_P3|TankWar_P4|TankWar_P5","TankWar_P1|TankWar_P2|TankWar_P3|TankWar_P4|TankWar_P5",false,"TankWar_P1|TankWar_P2|TankWar_P3|TankWar_P4|TankWar_P5","RESOLVED_INTERNAL"
"D1469","E565","E566","METHOD_CALL","IMPLEMENTATION","C:\Users\JBNU\git\ConstraintsRecovery\assets\tankwar\asset7",44,"C:\Users\JBNU\git\ConstraintsRecovery\assets\tankwar\asset7","G4","G4","TankWar_P1|TankWar_P2|TankWar_P3|TankWar_P4|TankWar_P5","TankWar_P1|TankWar_P2|TankWar_P3|TankWar_P4|TankWar_P5",false,"TankWar_P1|TankWar_P2|TankWar_P3|TankWar_P4|TankWar_P5","RESOLVED_INTERNAL"
"D1470","E566","E561","FIELD_REFERENCE","IMPLEMENTATION","C:\Users\JBNU\git\ConstraintsRecovery\assets\tankwar\asset7",49,"C:\Users\JBNU\git\ConstraintsRecovery\assets\tankwar\asset7","G4","G4","TankWar_P1|TankWar_P2|TankWar_P3|TankWar_P4|TankWar_P5","TankWar_P1|TankWar_P2|TankWar_P3|TankWar_P4|TankWar_P5",false,"TankWar_P1|TankWar_P2|TankWar_P3|TankWar_P4|TankWar_P5","RESOLVED_INTERNAL"
"D1471","E566","E561","FIELD_REFERENCE","IMPLEMENTATION","C:\Users\JBNU\git\ConstraintsRecovery\assets\tankwar\asset7",50,"C:\Users\JBNU\git\ConstraintsRecovery\assets\tankwar\asset7","G4","G4","TankWar_P1|TankWar_P2|TankWar_P3|TankWar_P4|TankWar_P5","TankWar_P1|TankWar_P2|TankWar_P3|TankWar_P4|TankWar_P5",false,"TankWar_P1|TankWar_P2|TankWar_P3|TankWar_P4|TankWar_P5","RESOLVED_INTERNAL"
"D1472","E566","E561","FIELD_REFERENCE","IMPLEMENTATION","C:\Users\JBNU\git\ConstraintsRecovery\assets\tankwar\asset7",51,"C:\Users\JBNU\git\ConstraintsRecovery\assets\tankwar\asset7","G4","G4","TankWar_P1|TankWar_P2|TankWar_P3|TankWar_P4|TankWar_P5","TankWar_P1|TankWar_P2|TankWar_P3|TankWar_P4|TankWar_P5",false,"TankWar_P1|TankWar_P2|TankWar_P3|TankWar_P4|TankWar_P5","RESOLVED_INTERNAL"
"D1473","E566","E561","FIELD_REFERENCE","IMPLEMENTATION","C:\Users\JBNU\git\ConstraintsRecovery\assets\tankwar\asset7",57,"C:\Users\JBNU\git\ConstraintsRecovery\assets\tankwar\asset7","G4","G4","TankWar_P1|TankWar_P2|TankWar_P3|TankWar_P4|TankWar_P5","TankWar_P1|TankWar_P2|TankWar_P3|TankWar_P4|TankWar_P5",false,"TankWar_P1|TankWar_P2|TankWar_P3|TankWar_P4|TankWar_P5","RESOLVED_INTERNAL"
"D1434","E570","E568","FIELD_REFERENCE","IMPLEMENTATION","C:\Users\JBNU\git\ConstraintsRecovery\assets\tankwar\asset70",16,"C:\Users\JBNU\git\ConstraintsRecovery\assets\tankwar\asset70","G12","G12","TankWar_P2","TankWar_P2",false,"TankWar_P2","RESOLVED_INTERNAL"
"D1435","E570","E435","METHOD_CALL","IMPLEMENTATION","C:\Users\JBNU\git\ConstraintsRecovery\assets\tankwar\asset70",18,"C:\Users\JBNU\git\ConstraintsRecovery\assets\tankwar\asset47","G12","G14","TankWar_P2","TankWar_P2|TankWar_P3|TankWar_P4",true,"TankWar_P2","RESOLVED_INTERNAL"
"D1436","E570","E436","METHOD_CALL","IMPLEMENTATION","C:\Users\JBNU\git\ConstraintsRecovery\assets\tankwar\asset70",18,"C:\Users\JBNU\git\ConstraintsRecovery\assets\tankwar\asset47","G12","G14","TankWar_P2","TankWar_P2|TankWar_P3|TankWar_P4",true,"TankWar_P2","RESOLVED_INTERNAL"
"D1437","E570","E568","FIELD_REFERENCE","IMPLEMENTATION","C:\Users\JBNU\git\ConstraintsRecovery\assets\tankwar\asset70",19,"C:\Users\JBNU\git\ConstraintsRecovery\assets\tankwar\asset70","G12","G12","TankWar_P2","TankWar_P2",false,"TankWar_P2","RESOLVED_INTERNAL"
"D1438","E570","E568","FIELD_REFERENCE","IMPLEMENTATION","C:\Users\JBNU\git\ConstraintsRecovery\assets\tankwar\asset70",24,"C:\Users\JBNU\git\ConstraintsRecovery\assets\tankwar\asset70","G12","G12","TankWar_P2","TankWar_P2",false,"TankWar_P2","RESOLVED_INTERNAL"
"D1439","E570","E435","METHOD_CALL","IMPLEMENTATION","C:\Users\JBNU\git\ConstraintsRecovery\assets\tankwar\asset70",25,"C:\Users\JBNU\git\ConstraintsRecovery\assets\tankwar\asset47","G12","G14","TankWar_P2","TankWar_P2|TankWar_P3|TankWar_P4",true,"TankWar_P2","RESOLVED_INTERNAL"
"D1440","E570","E444","METHOD_CALL","IMPLEMENTATION","C:\Users\JBNU\git\ConstraintsRecovery\assets\tankwar\asset70",25,"C:\Users\JBNU\git\ConstraintsRecovery\assets\tankwar\asset47","G12","G14","TankWar_P2","TankWar_P2|TankWar_P3|TankWar_P4",true,"TankWar_P2","RESOLVED_INTERNAL"
"D1441","E570","E568","FIELD_REFERENCE","IMPLEMENTATION","C:\Users\JBNU\git\ConstraintsRecovery\assets\tankwar\asset70",26,"C:\Users\JBNU\git\ConstraintsRecovery\assets\tankwar\asset70","G12","G12","TankWar_P2","TankWar_P2",false,"TankWar_P2","RESOLVED_INTERNAL"
"D1442","E573","E99","METHOD_CALL","IMPLEMENTATION","C:\Users\JBNU\git\ConstraintsRecovery\assets\tankwar\asset71",16,"C:\Users\JBNU\git\ConstraintsRecovery\assets\tankwar\asset14","G12","G4","TankWar_P2","TankWar_P1|TankWar_P2|TankWar_P3|TankWar_P4|TankWar_P5",true,"TankWar_P2","RESOLVED_INTERNAL"
"D1444","E574","E298","EXTENDS","STRUCTURAL","C:\Users\JBNU\git\ConstraintsRecovery\assets\tankwar\asset72",7,"C:\Users\JBNU\git\ConstraintsRecovery\assets\tankwar\asset26","G1","G7","TankWar_P1","TankWar_P1|TankWar_P3|TankWar_P4|TankWar_P5",true,"TankWar_P1","RESOLVED_INTERNAL"
"D1443","E576","E99","METHOD_CALL","IMPLEMENTATION","C:\Users\JBNU\git\ConstraintsRecovery\assets\tankwar\asset72",15,"C:\Users\JBNU\git\ConstraintsRecovery\assets\tankwar\asset14","G1","G4","TankWar_P1","TankWar_P1|TankWar_P2|TankWar_P3|TankWar_P4|TankWar_P5",true,"TankWar_P1","RESOLVED_INTERNAL"
"D1445","E600","E435","METHOD_CALL","IMPLEMENTATION","C:\Users\JBNU\git\ConstraintsRecovery\assets\tankwar\asset75",14,"C:\Users\JBNU\git\ConstraintsRecovery\assets\tankwar\asset47","G17","G14","TankWar_P3","TankWar_P2|TankWar_P3|TankWar_P4",true,"TankWar_P3","RESOLVED_INTERNAL"
"D1446","E600","E437","METHOD_CALL","IMPLEMENTATION","C:\Users\JBNU\git\ConstraintsRecovery\assets\tankwar\asset75",14,"C:\Users\JBNU\git\ConstraintsRecovery\assets\tankwar\asset47","G17","G14","TankWar_P3","TankWar_P2|TankWar_P3|TankWar_P4",true,"TankWar_P3","RESOLVED_INTERNAL"
"D1448","E601","E298","EXTENDS","STRUCTURAL","C:\Users\JBNU\git\ConstraintsRecovery\assets\tankwar\asset76",7,"C:\Users\JBNU\git\ConstraintsRecovery\assets\tankwar\asset26","G22","G7","TankWar_P5","TankWar_P1|TankWar_P3|TankWar_P4|TankWar_P5",true,"TankWar_P5","RESOLVED_INTERNAL"
"D1447","E603","E99","METHOD_CALL","IMPLEMENTATION","C:\Users\JBNU\git\ConstraintsRecovery\assets\tankwar\asset76",15,"C:\Users\JBNU\git\ConstraintsRecovery\assets\tankwar\asset14","G22","G4","TankWar_P5","TankWar_P1|TankWar_P2|TankWar_P3|TankWar_P4|TankWar_P5",true,"TankWar_P5","RESOLVED_INTERNAL"
"D1449","E624","E435","METHOD_CALL","IMPLEMENTATION","C:\Users\JBNU\git\ConstraintsRecovery\assets\tankwar\asset78",14,"C:\Users\JBNU\git\ConstraintsRecovery\assets\tankwar\asset47","G12","G14","TankWar_P2","TankWar_P2|TankWar_P3|TankWar_P4",true,"TankWar_P2","RESOLVED_INTERNAL"
"D1450","E624","E437","METHOD_CALL","IMPLEMENTATION","C:\Users\JBNU\git\ConstraintsRecovery\assets\tankwar\asset78",14,"C:\Users\JBNU\git\ConstraintsRecovery\assets\tankwar\asset47","G12","G14","TankWar_P2","TankWar_P2|TankWar_P3|TankWar_P4",true,"TankWar_P2","RESOLVED_INTERNAL"
"D1500","E649","E64","METHOD_CALL","IMPLEMENTATION","C:\Users\JBNU\git\ConstraintsRecovery\assets\tankwar\asset8",31,"C:\Users\JBNU\git\ConstraintsRecovery\assets\tankwar\asset13","G4","G4","TankWar_P1|TankWar_P2|TankWar_P3|TankWar_P4|TankWar_P5","TankWar_P1|TankWar_P2|TankWar_P3|TankWar_P4|TankWar_P5",true,"TankWar_P1|TankWar_P2|TankWar_P3|TankWar_P4|TankWar_P5","RESOLVED_INTERNAL"
"D1501","E649","E689","FIELD_REFERENCE","IMPLEMENTATION","C:\Users\JBNU\git\ConstraintsRecovery\assets\tankwar\asset8",34,"C:\Users\JBNU\git\ConstraintsRecovery\assets\tankwar\asset9","G4","G4","TankWar_P1|TankWar_P2|TankWar_P3|TankWar_P4|TankWar_P5","TankWar_P1|TankWar_P2|TankWar_P3|TankWar_P4|TankWar_P5",true,"TankWar_P1|TankWar_P2|TankWar_P3|TankWar_P4|TankWar_P5","RESOLVED_INTERNAL"
"D1502","E649","E64","METHOD_CALL","IMPLEMENTATION","C:\Users\JBNU\git\ConstraintsRecovery\assets\tankwar\asset8",34,"C:\Users\JBNU\git\ConstraintsRecovery\assets\tankwar\asset13","G4","G4","TankWar_P1|TankWar_P2|TankWar_P3|TankWar_P4|TankWar_P5","TankWar_P1|TankWar_P2|TankWar_P3|TankWar_P4|TankWar_P5",true,"TankWar_P1|TankWar_P2|TankWar_P3|TankWar_P4|TankWar_P5","RESOLVED_INTERNAL"
"D1503","E649","E650","METHOD_CALL","IMPLEMENTATION","C:\Users\JBNU\git\ConstraintsRecovery\assets\tankwar\asset8",35,"C:\Users\JBNU\git\ConstraintsRecovery\assets\tankwar\asset8","G4","G4","TankWar_P1|TankWar_P2|TankWar_P3|TankWar_P4|TankWar_P5","TankWar_P1|TankWar_P2|TankWar_P3|TankWar_P4|TankWar_P5",false,"TankWar_P1|TankWar_P2|TankWar_P3|TankWar_P4|TankWar_P5","RESOLVED_INTERNAL"
"D1504","E649","E689","FIELD_REFERENCE","IMPLEMENTATION","C:\Users\JBNU\git\ConstraintsRecovery\assets\tankwar\asset8",38,"C:\Users\JBNU\git\ConstraintsRecovery\assets\tankwar\asset9","G4","G4","TankWar_P1|TankWar_P2|TankWar_P3|TankWar_P4|TankWar_P5","TankWar_P1|TankWar_P2|TankWar_P3|TankWar_P4|TankWar_P5",true,"TankWar_P1|TankWar_P2|TankWar_P3|TankWar_P4|TankWar_P5","RESOLVED_INTERNAL"
"D1505","E649","E64","METHOD_CALL","IMPLEMENTATION","C:\Users\JBNU\git\ConstraintsRecovery\assets\tankwar\asset8",38,"C:\Users\JBNU\git\ConstraintsRecovery\assets\tankwar\asset13","G4","G4","TankWar_P1|TankWar_P2|TankWar_P3|TankWar_P4|TankWar_P5","TankWar_P1|TankWar_P2|TankWar_P3|TankWar_P4|TankWar_P5",true,"TankWar_P1|TankWar_P2|TankWar_P3|TankWar_P4|TankWar_P5","RESOLVED_INTERNAL"
"D1506","E649","E650","METHOD_CALL","IMPLEMENTATION","C:\Users\JBNU\git\ConstraintsRecovery\assets\tankwar\asset8",39,"C:\Users\JBNU\git\ConstraintsRecovery\assets\tankwar\asset8","G4","G4","TankWar_P1|TankWar_P2|TankWar_P3|TankWar_P4|TankWar_P5","TankWar_P1|TankWar_P2|TankWar_P3|TankWar_P4|TankWar_P5",false,"TankWar_P1|TankWar_P2|TankWar_P3|TankWar_P4|TankWar_P5","RESOLVED_INTERNAL"
"D1507","E649","E689","FIELD_REFERENCE","IMPLEMENTATION","C:\Users\JBNU\git\ConstraintsRecovery\assets\tankwar\asset8",42,"C:\Users\JBNU\git\ConstraintsRecovery\assets\tankwar\asset9","G4","G4","TankWar_P1|TankWar_P2|TankWar_P3|TankWar_P4|TankWar_P5","TankWar_P1|TankWar_P2|TankWar_P3|TankWar_P4|TankWar_P5",true,"TankWar_P1|TankWar_P2|TankWar_P3|TankWar_P4|TankWar_P5","RESOLVED_INTERNAL"
"D1508","E649","E64","METHOD_CALL","IMPLEMENTATION","C:\Users\JBNU\git\ConstraintsRecovery\assets\tankwar\asset8",42,"C:\Users\JBNU\git\ConstraintsRecovery\assets\tankwar\asset13","G4","G4","TankWar_P1|TankWar_P2|TankWar_P3|TankWar_P4|TankWar_P5","TankWar_P1|TankWar_P2|TankWar_P3|TankWar_P4|TankWar_P5",true,"TankWar_P1|TankWar_P2|TankWar_P3|TankWar_P4|TankWar_P5","RESOLVED_INTERNAL"
"D1509","E649","E650","METHOD_CALL","IMPLEMENTATION","C:\Users\JBNU\git\ConstraintsRecovery\assets\tankwar\asset8",43,"C:\Users\JBNU\git\ConstraintsRecovery\assets\tankwar\asset8","G4","G4","TankWar_P1|TankWar_P2|TankWar_P3|TankWar_P4|TankWar_P5","TankWar_P1|TankWar_P2|TankWar_P3|TankWar_P4|TankWar_P5",false,"TankWar_P1|TankWar_P2|TankWar_P3|TankWar_P4|TankWar_P5","RESOLVED_INTERNAL"
"D1510","E649","E650","METHOD_CALL","IMPLEMENTATION","C:\Users\JBNU\git\ConstraintsRecovery\assets\tankwar\asset8",46,"C:\Users\JBNU\git\ConstraintsRecovery\assets\tankwar\asset8","G4","G4","TankWar_P1|TankWar_P2|TankWar_P3|TankWar_P4|TankWar_P5","TankWar_P1|TankWar_P2|TankWar_P3|TankWar_P4|TankWar_P5",false,"TankWar_P1|TankWar_P2|TankWar_P3|TankWar_P4|TankWar_P5","RESOLVED_INTERNAL"
"D1511","E649","E650","METHOD_CALL","IMPLEMENTATION","C:\Users\JBNU\git\ConstraintsRecovery\assets\tankwar\asset8",49,"C:\Users\JBNU\git\ConstraintsRecovery\assets\tankwar\asset8","G4","G4","TankWar_P1|TankWar_P2|TankWar_P3|TankWar_P4|TankWar_P5","TankWar_P1|TankWar_P2|TankWar_P3|TankWar_P4|TankWar_P5",false,"TankWar_P1|TankWar_P2|TankWar_P3|TankWar_P4|TankWar_P5","RESOLVED_INTERNAL"
"D1512","E649","E650","METHOD_CALL","IMPLEMENTATION","C:\Users\JBNU\git\ConstraintsRecovery\assets\tankwar\asset8",52,"C:\Users\JBNU\git\ConstraintsRecovery\assets\tankwar\asset8","G4","G4","TankWar_P1|TankWar_P2|TankWar_P3|TankWar_P4|TankWar_P5","TankWar_P1|TankWar_P2|TankWar_P3|TankWar_P4|TankWar_P5",false,"TankWar_P1|TankWar_P2|TankWar_P3|TankWar_P4|TankWar_P5","RESOLVED_INTERNAL"
"D1513","E649","E76","FIELD_REFERENCE","IMPLEMENTATION","C:\Users\JBNU\git\ConstraintsRecovery\assets\tankwar\asset8",55,"C:\Users\JBNU\git\ConstraintsRecovery\assets\tankwar\asset14","G4","G4","TankWar_P1|TankWar_P2|TankWar_P3|TankWar_P4|TankWar_P5","TankWar_P1|TankWar_P2|TankWar_P3|TankWar_P4|TankWar_P5",true,"TankWar_P1|TankWar_P2|TankWar_P3|TankWar_P4|TankWar_P5","RESOLVED_INTERNAL"
"D1514","E649","E650","METHOD_CALL","IMPLEMENTATION","C:\Users\JBNU\git\ConstraintsRecovery\assets\tankwar\asset8",56,"C:\Users\JBNU\git\ConstraintsRecovery\assets\tankwar\asset8","G4","G4","TankWar_P1|TankWar_P2|TankWar_P3|TankWar_P4|TankWar_P5","TankWar_P1|TankWar_P2|TankWar_P3|TankWar_P4|TankWar_P5",false,"TankWar_P1|TankWar_P2|TankWar_P3|TankWar_P4|TankWar_P5","RESOLVED_INTERNAL"
"D1515","E649","E76","FIELD_REFERENCE","IMPLEMENTATION","C:\Users\JBNU\git\ConstraintsRecovery\assets\tankwar\asset8",57,"C:\Users\JBNU\git\ConstraintsRecovery\assets\tankwar\asset14","G4","G4","TankWar_P1|TankWar_P2|TankWar_P3|TankWar_P4|TankWar_P5","TankWar_P1|TankWar_P2|TankWar_P3|TankWar_P4|TankWar_P5",true,"TankWar_P1|TankWar_P2|TankWar_P3|TankWar_P4|TankWar_P5","RESOLVED_INTERNAL"
"D1516","E649","E650","METHOD_CALL","IMPLEMENTATION","C:\Users\JBNU\git\ConstraintsRecovery\assets\tankwar\asset8",58,"C:\Users\JBNU\git\ConstraintsRecovery\assets\tankwar\asset8","G4","G4","TankWar_P1|TankWar_P2|TankWar_P3|TankWar_P4|TankWar_P5","TankWar_P1|TankWar_P2|TankWar_P3|TankWar_P4|TankWar_P5",false,"TankWar_P1|TankWar_P2|TankWar_P3|TankWar_P4|TankWar_P5","RESOLVED_INTERNAL"
"D1517","E649","E76","FIELD_REFERENCE","IMPLEMENTATION","C:\Users\JBNU\git\ConstraintsRecovery\assets\tankwar\asset8",59,"C:\Users\JBNU\git\ConstraintsRecovery\assets\tankwar\asset14","G4","G4","TankWar_P1|TankWar_P2|TankWar_P3|TankWar_P4|TankWar_P5","TankWar_P1|TankWar_P2|TankWar_P3|TankWar_P4|TankWar_P5",true,"TankWar_P1|TankWar_P2|TankWar_P3|TankWar_P4|TankWar_P5","RESOLVED_INTERNAL"
"D1518","E649","E650","METHOD_CALL","IMPLEMENTATION","C:\Users\JBNU\git\ConstraintsRecovery\assets\tankwar\asset8",60,"C:\Users\JBNU\git\ConstraintsRecovery\assets\tankwar\asset8","G4","G4","TankWar_P1|TankWar_P2|TankWar_P3|TankWar_P4|TankWar_P5","TankWar_P1|TankWar_P2|TankWar_P3|TankWar_P4|TankWar_P5",false,"TankWar_P1|TankWar_P2|TankWar_P3|TankWar_P4|TankWar_P5","RESOLVED_INTERNAL"
"D1519","E649","E76","FIELD_REFERENCE","IMPLEMENTATION","C:\Users\JBNU\git\ConstraintsRecovery\assets\tankwar\asset8",63,"C:\Users\JBNU\git\ConstraintsRecovery\assets\tankwar\asset14","G4","G4","TankWar_P1|TankWar_P2|TankWar_P3|TankWar_P4|TankWar_P5","TankWar_P1|TankWar_P2|TankWar_P3|TankWar_P4|TankWar_P5",true,"TankWar_P1|TankWar_P2|TankWar_P3|TankWar_P4|TankWar_P5","RESOLVED_INTERNAL"
"D1520","E649","E650","METHOD_CALL","IMPLEMENTATION","C:\Users\JBNU\git\ConstraintsRecovery\assets\tankwar\asset8",64,"C:\Users\JBNU\git\ConstraintsRecovery\assets\tankwar\asset8","G4","G4","TankWar_P1|TankWar_P2|TankWar_P3|TankWar_P4|TankWar_P5","TankWar_P1|TankWar_P2|TankWar_P3|TankWar_P4|TankWar_P5",false,"TankWar_P1|TankWar_P2|TankWar_P3|TankWar_P4|TankWar_P5","RESOLVED_INTERNAL"
"D1521","E649","E76","FIELD_REFERENCE","IMPLEMENTATION","C:\Users\JBNU\git\ConstraintsRecovery\assets\tankwar\asset8",65,"C:\Users\JBNU\git\ConstraintsRecovery\assets\tankwar\asset14","G4","G4","TankWar_P1|TankWar_P2|TankWar_P3|TankWar_P4|TankWar_P5","TankWar_P1|TankWar_P2|TankWar_P3|TankWar_P4|TankWar_P5",true,"TankWar_P1|TankWar_P2|TankWar_P3|TankWar_P4|TankWar_P5","RESOLVED_INTERNAL"
"D1522","E649","E650","METHOD_CALL","IMPLEMENTATION","C:\Users\JBNU\git\ConstraintsRecovery\assets\tankwar\asset8",66,"C:\Users\JBNU\git\ConstraintsRecovery\assets\tankwar\asset8","G4","G4","TankWar_P1|TankWar_P2|TankWar_P3|TankWar_P4|TankWar_P5","TankWar_P1|TankWar_P2|TankWar_P3|TankWar_P4|TankWar_P5",false,"TankWar_P1|TankWar_P2|TankWar_P3|TankWar_P4|TankWar_P5","RESOLVED_INTERNAL"
"D1523","E649","E76","FIELD_REFERENCE","IMPLEMENTATION","C:\Users\JBNU\git\ConstraintsRecovery\assets\tankwar\asset8",67,"C:\Users\JBNU\git\ConstraintsRecovery\assets\tankwar\asset14","G4","G4","TankWar_P1|TankWar_P2|TankWar_P3|TankWar_P4|TankWar_P5","TankWar_P1|TankWar_P2|TankWar_P3|TankWar_P4|TankWar_P5",true,"TankWar_P1|TankWar_P2|TankWar_P3|TankWar_P4|TankWar_P5","RESOLVED_INTERNAL"
"D1524","E649","E650","METHOD_CALL","IMPLEMENTATION","C:\Users\JBNU\git\ConstraintsRecovery\assets\tankwar\asset8",68,"C:\Users\JBNU\git\ConstraintsRecovery\assets\tankwar\asset8","G4","G4","TankWar_P1|TankWar_P2|TankWar_P3|TankWar_P4|TankWar_P5","TankWar_P1|TankWar_P2|TankWar_P3|TankWar_P4|TankWar_P5",false,"TankWar_P1|TankWar_P2|TankWar_P3|TankWar_P4|TankWar_P5","RESOLVED_INTERNAL"
"D1525","E649","E76","FIELD_REFERENCE","IMPLEMENTATION","C:\Users\JBNU\git\ConstraintsRecovery\assets\tankwar\asset8",71,"C:\Users\JBNU\git\ConstraintsRecovery\assets\tankwar\asset14","G4","G4","TankWar_P1|TankWar_P2|TankWar_P3|TankWar_P4|TankWar_P5","TankWar_P1|TankWar_P2|TankWar_P3|TankWar_P4|TankWar_P5",true,"TankWar_P1|TankWar_P2|TankWar_P3|TankWar_P4|TankWar_P5","RESOLVED_INTERNAL"
"D1526","E649","E650","METHOD_CALL","IMPLEMENTATION","C:\Users\JBNU\git\ConstraintsRecovery\assets\tankwar\asset8",72,"C:\Users\JBNU\git\ConstraintsRecovery\assets\tankwar\asset8","G4","G4","TankWar_P1|TankWar_P2|TankWar_P3|TankWar_P4|TankWar_P5","TankWar_P1|TankWar_P2|TankWar_P3|TankWar_P4|TankWar_P5",false,"TankWar_P1|TankWar_P2|TankWar_P3|TankWar_P4|TankWar_P5","RESOLVED_INTERNAL"
"D1527","E649","E76","FIELD_REFERENCE","IMPLEMENTATION","C:\Users\JBNU\git\ConstraintsRecovery\assets\tankwar\asset8",73,"C:\Users\JBNU\git\ConstraintsRecovery\assets\tankwar\asset14","G4","G4","TankWar_P1|TankWar_P2|TankWar_P3|TankWar_P4|TankWar_P5","TankWar_P1|TankWar_P2|TankWar_P3|TankWar_P4|TankWar_P5",true,"TankWar_P1|TankWar_P2|TankWar_P3|TankWar_P4|TankWar_P5","RESOLVED_INTERNAL"
"D1528","E649","E650","METHOD_CALL","IMPLEMENTATION","C:\Users\JBNU\git\ConstraintsRecovery\assets\tankwar\asset8",74,"C:\Users\JBNU\git\ConstraintsRecovery\assets\tankwar\asset8","G4","G4","TankWar_P1|TankWar_P2|TankWar_P3|TankWar_P4|TankWar_P5","TankWar_P1|TankWar_P2|TankWar_P3|TankWar_P4|TankWar_P5",false,"TankWar_P1|TankWar_P2|TankWar_P3|TankWar_P4|TankWar_P5","RESOLVED_INTERNAL"
"D1529","E649","E76","FIELD_REFERENCE","IMPLEMENTATION","C:\Users\JBNU\git\ConstraintsRecovery\assets\tankwar\asset8",75,"C:\Users\JBNU\git\ConstraintsRecovery\assets\tankwar\asset14","G4","G4","TankWar_P1|TankWar_P2|TankWar_P3|TankWar_P4|TankWar_P5","TankWar_P1|TankWar_P2|TankWar_P3|TankWar_P4|TankWar_P5",true,"TankWar_P1|TankWar_P2|TankWar_P3|TankWar_P4|TankWar_P5","RESOLVED_INTERNAL"
"D1530","E649","E650","METHOD_CALL","IMPLEMENTATION","C:\Users\JBNU\git\ConstraintsRecovery\assets\tankwar\asset8",76,"C:\Users\JBNU\git\ConstraintsRecovery\assets\tankwar\asset8","G4","G4","TankWar_P1|TankWar_P2|TankWar_P3|TankWar_P4|TankWar_P5","TankWar_P1|TankWar_P2|TankWar_P3|TankWar_P4|TankWar_P5",false,"TankWar_P1|TankWar_P2|TankWar_P3|TankWar_P4|TankWar_P5","RESOLVED_INTERNAL"
"D1531","E650","E89","FIELD_REFERENCE","IMPLEMENTATION","C:\Users\JBNU\git\ConstraintsRecovery\assets\tankwar\asset8",81,"C:\Users\JBNU\git\ConstraintsRecovery\assets\tankwar\asset14","G4","G4","TankWar_P1|TankWar_P2|TankWar_P3|TankWar_P4|TankWar_P5","TankWar_P1|TankWar_P2|TankWar_P3|TankWar_P4|TankWar_P5",true,"TankWar_P1|TankWar_P2|TankWar_P3|TankWar_P4|TankWar_P5","RESOLVED_INTERNAL"
"D1532","E650","E64","METHOD_CALL","IMPLEMENTATION","C:\Users\JBNU\git\ConstraintsRecovery\assets\tankwar\asset8",83,"C:\Users\JBNU\git\ConstraintsRecovery\assets\tankwar\asset13","G4","G4","TankWar_P1|TankWar_P2|TankWar_P3|TankWar_P4|TankWar_P5","TankWar_P1|TankWar_P2|TankWar_P3|TankWar_P4|TankWar_P5",true,"TankWar_P1|TankWar_P2|TankWar_P3|TankWar_P4|TankWar_P5","RESOLVED_INTERNAL"
"D1533","E650","E64","METHOD_CALL","IMPLEMENTATION","C:\Users\JBNU\git\ConstraintsRecovery\assets\tankwar\asset8",86,"C:\Users\JBNU\git\ConstraintsRecovery\assets\tankwar\asset13","G4","G4","TankWar_P1|TankWar_P2|TankWar_P3|TankWar_P4|TankWar_P5","TankWar_P1|TankWar_P2|TankWar_P3|TankWar_P4|TankWar_P5",true,"TankWar_P1|TankWar_P2|TankWar_P3|TankWar_P4|TankWar_P5","RESOLVED_INTERNAL"
"D1534","E650","E64","METHOD_CALL","IMPLEMENTATION","C:\Users\JBNU\git\ConstraintsRecovery\assets\tankwar\asset8",89,"C:\Users\JBNU\git\ConstraintsRecovery\assets\tankwar\asset13","G4","G4","TankWar_P1|TankWar_P2|TankWar_P3|TankWar_P4|TankWar_P5","TankWar_P1|TankWar_P2|TankWar_P3|TankWar_P4|TankWar_P5",true,"TankWar_P1|TankWar_P2|TankWar_P3|TankWar_P4|TankWar_P5","RESOLVED_INTERNAL"
"D1535","E650","E64","METHOD_CALL","IMPLEMENTATION","C:\Users\JBNU\git\ConstraintsRecovery\assets\tankwar\asset8",92,"C:\Users\JBNU\git\ConstraintsRecovery\assets\tankwar\asset13","G4","G4","TankWar_P1|TankWar_P2|TankWar_P3|TankWar_P4|TankWar_P5","TankWar_P1|TankWar_P2|TankWar_P3|TankWar_P4|TankWar_P5",true,"TankWar_P1|TankWar_P2|TankWar_P3|TankWar_P4|TankWar_P5","RESOLVED_INTERNAL"
"D1478","E651","E1","EXTENDS","STRUCTURAL","C:\Users\JBNU\git\ConstraintsRecovery\assets\tankwar\asset80",5,"C:\Users\JBNU\git\ConstraintsRecovery\assets\tankwar\asset1","G1","G4","TankWar_P1","TankWar_P1|TankWar_P2|TankWar_P3|TankWar_P4|TankWar_P5",true,"TankWar_P1","RESOLVED_INTERNAL"
"D1474","E653","E64","METHOD_CALL","IMPLEMENTATION","C:\Users\JBNU\git\ConstraintsRecovery\assets\tankwar\asset80",18,"C:\Users\JBNU\git\ConstraintsRecovery\assets\tankwar\asset13","G1","G4","TankWar_P1","TankWar_P1|TankWar_P2|TankWar_P3|TankWar_P4|TankWar_P5",true,"TankWar_P1","RESOLVED_INTERNAL"
"D1475","E653","E64","METHOD_CALL","IMPLEMENTATION","C:\Users\JBNU\git\ConstraintsRecovery\assets\tankwar\asset80",21,"C:\Users\JBNU\git\ConstraintsRecovery\assets\tankwar\asset13","G1","G4","TankWar_P1","TankWar_P1|TankWar_P2|TankWar_P3|TankWar_P4|TankWar_P5",true,"TankWar_P1","RESOLVED_INTERNAL"
"D1476","E653","E64","METHOD_CALL","IMPLEMENTATION","C:\Users\JBNU\git\ConstraintsRecovery\assets\tankwar\asset80",24,"C:\Users\JBNU\git\ConstraintsRecovery\assets\tankwar\asset13","G1","G4","TankWar_P1","TankWar_P1|TankWar_P2|TankWar_P3|TankWar_P4|TankWar_P5",true,"TankWar_P1","RESOLVED_INTERNAL"
"D1477","E653","E64","METHOD_CALL","IMPLEMENTATION","C:\Users\JBNU\git\ConstraintsRecovery\assets\tankwar\asset80",27,"C:\Users\JBNU\git\ConstraintsRecovery\assets\tankwar\asset13","G1","G4","TankWar_P1","TankWar_P1|TankWar_P2|TankWar_P3|TankWar_P4|TankWar_P5",true,"TankWar_P1","RESOLVED_INTERNAL"
"D1479","E657","E655","FIELD_REFERENCE","IMPLEMENTATION","C:\Users\JBNU\git\ConstraintsRecovery\assets\tankwar\asset81",16,"C:\Users\JBNU\git\ConstraintsRecovery\assets\tankwar\asset81","G17","G17","TankWar_P3","TankWar_P3",false,"TankWar_P3","RESOLVED_INTERNAL"
"D1480","E657","E435","METHOD_CALL","IMPLEMENTATION","C:\Users\JBNU\git\ConstraintsRecovery\assets\tankwar\asset81",18,"C:\Users\JBNU\git\ConstraintsRecovery\assets\tankwar\asset47","G17","G14","TankWar_P3","TankWar_P2|TankWar_P3|TankWar_P4",true,"TankWar_P3","RESOLVED_INTERNAL"
"D1481","E657","E436","METHOD_CALL","IMPLEMENTATION","C:\Users\JBNU\git\ConstraintsRecovery\assets\tankwar\asset81",18,"C:\Users\JBNU\git\ConstraintsRecovery\assets\tankwar\asset47","G17","G14","TankWar_P3","TankWar_P2|TankWar_P3|TankWar_P4",true,"TankWar_P3","RESOLVED_INTERNAL"
"D1482","E657","E655","FIELD_REFERENCE","IMPLEMENTATION","C:\Users\JBNU\git\ConstraintsRecovery\assets\tankwar\asset81",19,"C:\Users\JBNU\git\ConstraintsRecovery\assets\tankwar\asset81","G17","G17","TankWar_P3","TankWar_P3",false,"TankWar_P3","RESOLVED_INTERNAL"
"D1483","E657","E655","FIELD_REFERENCE","IMPLEMENTATION","C:\Users\JBNU\git\ConstraintsRecovery\assets\tankwar\asset81",24,"C:\Users\JBNU\git\ConstraintsRecovery\assets\tankwar\asset81","G17","G17","TankWar_P3","TankWar_P3",false,"TankWar_P3","RESOLVED_INTERNAL"
"D1484","E657","E435","METHOD_CALL","IMPLEMENTATION","C:\Users\JBNU\git\ConstraintsRecovery\assets\tankwar\asset81",25,"C:\Users\JBNU\git\ConstraintsRecovery\assets\tankwar\asset47","G17","G14","TankWar_P3","TankWar_P2|TankWar_P3|TankWar_P4",true,"TankWar_P3","RESOLVED_INTERNAL"
"D1485","E657","E444","METHOD_CALL","IMPLEMENTATION","C:\Users\JBNU\git\ConstraintsRecovery\assets\tankwar\asset81",25,"C:\Users\JBNU\git\ConstraintsRecovery\assets\tankwar\asset47","G17","G14","TankWar_P3","TankWar_P2|TankWar_P3|TankWar_P4",true,"TankWar_P3","RESOLVED_INTERNAL"
"D1486","E657","E655","FIELD_REFERENCE","IMPLEMENTATION","C:\Users\JBNU\git\ConstraintsRecovery\assets\tankwar\asset81",26,"C:\Users\JBNU\git\ConstraintsRecovery\assets\tankwar\asset81","G17","G17","TankWar_P3","TankWar_P3",false,"TankWar_P3","RESOLVED_INTERNAL"
"D1491","E658","E526","EXTENDS","STRUCTURAL","C:\Users\JBNU\git\ConstraintsRecovery\assets\tankwar\asset82",5,"C:\Users\JBNU\git\ConstraintsRecovery\assets\tankwar\asset64","G22","G19","TankWar_P5","TankWar_P3|TankWar_P5",true,"TankWar_P5","RESOLVED_INTERNAL"
"D1487","E660","E64","METHOD_CALL","IMPLEMENTATION","C:\Users\JBNU\git\ConstraintsRecovery\assets\tankwar\asset82",18,"C:\Users\JBNU\git\ConstraintsRecovery\assets\tankwar\asset13","G22","G4","TankWar_P5","TankWar_P1|TankWar_P2|TankWar_P3|TankWar_P4|TankWar_P5",true,"TankWar_P5","RESOLVED_INTERNAL"
"D1488","E660","E64","METHOD_CALL","IMPLEMENTATION","C:\Users\JBNU\git\ConstraintsRecovery\assets\tankwar\asset82",21,"C:\Users\JBNU\git\ConstraintsRecovery\assets\tankwar\asset13","G22","G4","TankWar_P5","TankWar_P1|TankWar_P2|TankWar_P3|TankWar_P4|TankWar_P5",true,"TankWar_P5","RESOLVED_INTERNAL"
"D1489","E660","E64","METHOD_CALL","IMPLEMENTATION","C:\Users\JBNU\git\ConstraintsRecovery\assets\tankwar\asset82",24,"C:\Users\JBNU\git\ConstraintsRecovery\assets\tankwar\asset13","G22","G4","TankWar_P5","TankWar_P1|TankWar_P2|TankWar_P3|TankWar_P4|TankWar_P5",true,"TankWar_P5","RESOLVED_INTERNAL"
"D1490","E660","E64","METHOD_CALL","IMPLEMENTATION","C:\Users\JBNU\git\ConstraintsRecovery\assets\tankwar\asset82",27,"C:\Users\JBNU\git\ConstraintsRecovery\assets\tankwar\asset13","G22","G4","TankWar_P5","TankWar_P1|TankWar_P2|TankWar_P3|TankWar_P4|TankWar_P5",true,"TankWar_P5","RESOLVED_INTERNAL"
"D1492","E682","E680","FIELD_REFERENCE","IMPLEMENTATION","C:\Users\JBNU\git\ConstraintsRecovery\assets\tankwar\asset84",16,"C:\Users\JBNU\git\ConstraintsRecovery\assets\tankwar\asset84","G20","G20","TankWar_P4","TankWar_P4",false,"TankWar_P4","RESOLVED_INTERNAL"
"D1493","E682","E435","METHOD_CALL","IMPLEMENTATION","C:\Users\JBNU\git\ConstraintsRecovery\assets\tankwar\asset84",18,"C:\Users\JBNU\git\ConstraintsRecovery\assets\tankwar\asset47","G20","G14","TankWar_P4","TankWar_P2|TankWar_P3|TankWar_P4",true,"TankWar_P4","RESOLVED_INTERNAL"
"D1494","E682","E436","METHOD_CALL","IMPLEMENTATION","C:\Users\JBNU\git\ConstraintsRecovery\assets\tankwar\asset84",18,"C:\Users\JBNU\git\ConstraintsRecovery\assets\tankwar\asset47","G20","G14","TankWar_P4","TankWar_P2|TankWar_P3|TankWar_P4",true,"TankWar_P4","RESOLVED_INTERNAL"
"D1495","E682","E680","FIELD_REFERENCE","IMPLEMENTATION","C:\Users\JBNU\git\ConstraintsRecovery\assets\tankwar\asset84",19,"C:\Users\JBNU\git\ConstraintsRecovery\assets\tankwar\asset84","G20","G20","TankWar_P4","TankWar_P4",false,"TankWar_P4","RESOLVED_INTERNAL"
"D1496","E682","E680","FIELD_REFERENCE","IMPLEMENTATION","C:\Users\JBNU\git\ConstraintsRecovery\assets\tankwar\asset84",24,"C:\Users\JBNU\git\ConstraintsRecovery\assets\tankwar\asset84","G20","G20","TankWar_P4","TankWar_P4",false,"TankWar_P4","RESOLVED_INTERNAL"
"D1497","E682","E435","METHOD_CALL","IMPLEMENTATION","C:\Users\JBNU\git\ConstraintsRecovery\assets\tankwar\asset84",25,"C:\Users\JBNU\git\ConstraintsRecovery\assets\tankwar\asset47","G20","G14","TankWar_P4","TankWar_P2|TankWar_P3|TankWar_P4",true,"TankWar_P4","RESOLVED_INTERNAL"
"D1498","E682","E444","METHOD_CALL","IMPLEMENTATION","C:\Users\JBNU\git\ConstraintsRecovery\assets\tankwar\asset84",25,"C:\Users\JBNU\git\ConstraintsRecovery\assets\tankwar\asset47","G20","G14","TankWar_P4","TankWar_P2|TankWar_P3|TankWar_P4",true,"TankWar_P4","RESOLVED_INTERNAL"
"D1499","E682","E680","FIELD_REFERENCE","IMPLEMENTATION","C:\Users\JBNU\git\ConstraintsRecovery\assets\tankwar\asset84",26,"C:\Users\JBNU\git\ConstraintsRecovery\assets\tankwar\asset84","G20","G20","TankWar_P4","TankWar_P4",false,"TankWar_P4","RESOLVED_INTERNAL"
"D1590","E683","E58","EXTENDS","STRUCTURAL","C:\Users\JBNU\git\ConstraintsRecovery\assets\tankwar\asset9",17,"C:\Users\JBNU\git\ConstraintsRecovery\assets\tankwar\asset12","G4","G4","TankWar_P1|TankWar_P2|TankWar_P3|TankWar_P4|TankWar_P5","TankWar_P1|TankWar_P2|TankWar_P3|TankWar_P4|TankWar_P5",true,"TankWar_P1|TankWar_P2|TankWar_P3|TankWar_P4|TankWar_P5","RESOLVED_INTERNAL"
"D1664","E713","E715","METHOD_CALL","IMPLEMENTATION","C:\Users\JBNU\git\ConstraintsRecovery\assets\tankwar\asset9",46,"C:\Users\JBNU\git\ConstraintsRecovery\assets\tankwar\asset9","G4","G4","TankWar_P1|TankWar_P2|TankWar_P3|TankWar_P4|TankWar_P5","TankWar_P1|TankWar_P2|TankWar_P3|TankWar_P4|TankWar_P5",false,"TankWar_P1|TankWar_P2|TankWar_P3|TankWar_P4|TankWar_P5","RESOLVED_INTERNAL"
"D1665","E714","E512","CONSTRUCTOR_CALL","IMPLEMENTATION","C:\Users\JBNU\git\ConstraintsRecovery\assets\tankwar\asset9",50,"C:\Users\JBNU\git\ConstraintsRecovery\assets\tankwar\asset6","G1","G4","TankWar_P1","TankWar_P1|TankWar_P2|TankWar_P3|TankWar_P4|TankWar_P5",true,"TankWar_P1","RESOLVED_INTERNAL"
"D1666","E714","E251","CONSTRUCTOR_CALL","IMPLEMENTATION","C:\Users\JBNU\git\ConstraintsRecovery\assets\tankwar\asset9",54,"C:\Users\JBNU\git\ConstraintsRecovery\assets\tankwar\asset20","G17","G4","TankWar_P3","TankWar_P1|TankWar_P2|TankWar_P3|TankWar_P4|TankWar_P5",true,"TankWar_P3","RESOLVED_INTERNAL"
"D1667","E714","E512","CONSTRUCTOR_CALL","IMPLEMENTATION","C:\Users\JBNU\git\ConstraintsRecovery\assets\tankwar\asset9",57,"C:\Users\JBNU\git\ConstraintsRecovery\assets\tankwar\asset6","G12","G4","TankWar_P2","TankWar_P1|TankWar_P2|TankWar_P3|TankWar_P4|TankWar_P5",true,"TankWar_P2","RESOLVED_INTERNAL"
"D1668","E714","E251","CONSTRUCTOR_CALL","IMPLEMENTATION","C:\Users\JBNU\git\ConstraintsRecovery\assets\tankwar\asset9",58,"C:\Users\JBNU\git\ConstraintsRecovery\assets\tankwar\asset20","G12","G4","TankWar_P2","TankWar_P1|TankWar_P2|TankWar_P3|TankWar_P4|TankWar_P5",true,"TankWar_P2","RESOLVED_INTERNAL"
"D1669","E714","E512","CONSTRUCTOR_CALL","IMPLEMENTATION","C:\Users\JBNU\git\ConstraintsRecovery\assets\tankwar\asset9",60,"C:\Users\JBNU\git\ConstraintsRecovery\assets\tankwar\asset6","G20","G4","TankWar_P4","TankWar_P1|TankWar_P2|TankWar_P3|TankWar_P4|TankWar_P5",true,"TankWar_P4","RESOLVED_INTERNAL"
"D1670","E714","E251","CONSTRUCTOR_CALL","IMPLEMENTATION","C:\Users\JBNU\git\ConstraintsRecovery\assets\tankwar\asset9",62,"C:\Users\JBNU\git\ConstraintsRecovery\assets\tankwar\asset20","G20","G4","TankWar_P4","TankWar_P1|TankWar_P2|TankWar_P3|TankWar_P4|TankWar_P5",true,"TankWar_P4","RESOLVED_INTERNAL"
"D1671","E714","E251","CONSTRUCTOR_CALL","IMPLEMENTATION","C:\Users\JBNU\git\ConstraintsRecovery\assets\tankwar\asset9",66,"C:\Users\JBNU\git\ConstraintsRecovery\assets\tankwar\asset20","G22","G4","TankWar_P5","TankWar_P1|TankWar_P2|TankWar_P3|TankWar_P4|TankWar_P5",true,"TankWar_P5","RESOLVED_INTERNAL"
"D1672","E715","E512","CONSTRUCTOR_CALL","IMPLEMENTATION","C:\Users\JBNU\git\ConstraintsRecovery\assets\tankwar\asset9",72,"C:\Users\JBNU\git\ConstraintsRecovery\assets\tankwar\asset6","G4","G4","TankWar_P1|TankWar_P2|TankWar_P3|TankWar_P4|TankWar_P5","TankWar_P1|TankWar_P2|TankWar_P3|TankWar_P4|TankWar_P5",true,"TankWar_P1|TankWar_P2|TankWar_P3|TankWar_P4|TankWar_P5","RESOLVED_INTERNAL"
"D1673","E715","E684","FIELD_REFERENCE","IMPLEMENTATION","C:\Users\JBNU\git\ConstraintsRecovery\assets\tankwar\asset9",72,"C:\Users\JBNU\git\ConstraintsRecovery\assets\tankwar\asset9","G4","G4","TankWar_P1|TankWar_P2|TankWar_P3|TankWar_P4|TankWar_P5","TankWar_P1|TankWar_P2|TankWar_P3|TankWar_P4|TankWar_P5",false,"TankWar_P1|TankWar_P2|TankWar_P3|TankWar_P4|TankWar_P5","RESOLVED_INTERNAL"
"D1674","E715","E684","FIELD_REFERENCE","IMPLEMENTATION","C:\Users\JBNU\git\ConstraintsRecovery\assets\tankwar\asset9",73,"C:\Users\JBNU\git\ConstraintsRecovery\assets\tankwar\asset9","G4","G4","TankWar_P1|TankWar_P2|TankWar_P3|TankWar_P4|TankWar_P5","TankWar_P1|TankWar_P2|TankWar_P3|TankWar_P4|TankWar_P5",false,"TankWar_P1|TankWar_P2|TankWar_P3|TankWar_P4|TankWar_P5","RESOLVED_INTERNAL"
"D1675","E715","E684","FIELD_REFERENCE","IMPLEMENTATION","C:\Users\JBNU\git\ConstraintsRecovery\assets\tankwar\asset9",74,"C:\Users\JBNU\git\ConstraintsRecovery\assets\tankwar\asset9","G4","G4","TankWar_P1|TankWar_P2|TankWar_P3|TankWar_P4|TankWar_P5","TankWar_P1|TankWar_P2|TankWar_P3|TankWar_P4|TankWar_P5",false,"TankWar_P1|TankWar_P2|TankWar_P3|TankWar_P4|TankWar_P5","RESOLVED_INTERNAL"
"D1676","E715","E687","FIELD_REFERENCE","IMPLEMENTATION","C:\Users\JBNU\git\ConstraintsRecovery\assets\tankwar\asset9",74,"C:\Users\JBNU\git\ConstraintsRecovery\assets\tankwar\asset9","G4","G4","TankWar_P1|TankWar_P2|TankWar_P3|TankWar_P4|TankWar_P5","TankWar_P1|TankWar_P2|TankWar_P3|TankWar_P4|TankWar_P5",false,"TankWar_P1|TankWar_P2|TankWar_P3|TankWar_P4|TankWar_P5","RESOLVED_INTERNAL"
"D1677","E715","E239","METHOD_CALL","IMPLEMENTATION","C:\Users\JBNU\git\ConstraintsRecovery\assets\tankwar\asset9",74,"C:\Users\JBNU\git\ConstraintsRecovery\assets\tankwar\asset2","G4","G4","TankWar_P1|TankWar_P2|TankWar_P3|TankWar_P4|TankWar_P5","TankWar_P1|TankWar_P2|TankWar_P3|TankWar_P4|TankWar_P5",true,"TankWar_P1|TankWar_P2|TankWar_P3|TankWar_P4|TankWar_P5","RESOLVED_INTERNAL"
"D1678","E715","E684","FIELD_REFERENCE","IMPLEMENTATION","C:\Users\JBNU\git\ConstraintsRecovery\assets\tankwar\asset9",75,"C:\Users\JBNU\git\ConstraintsRecovery\assets\tankwar\asset9","G4","G4","TankWar_P1|TankWar_P2|TankWar_P3|TankWar_P4|TankWar_P5","TankWar_P1|TankWar_P2|TankWar_P3|TankWar_P4|TankWar_P5",false,"TankWar_P1|TankWar_P2|TankWar_P3|TankWar_P4|TankWar_P5","RESOLVED_INTERNAL"
"D1679","E715","E686","FIELD_REFERENCE","IMPLEMENTATION","C:\Users\JBNU\git\ConstraintsRecovery\assets\tankwar\asset9",75,"C:\Users\JBNU\git\ConstraintsRecovery\assets\tankwar\asset9","G4","G4","TankWar_P1|TankWar_P2|TankWar_P3|TankWar_P4|TankWar_P5","TankWar_P1|TankWar_P2|TankWar_P3|TankWar_P4|TankWar_P5",false,"TankWar_P1|TankWar_P2|TankWar_P3|TankWar_P4|TankWar_P5","RESOLVED_INTERNAL"
"D1680","E715","E240","METHOD_CALL","IMPLEMENTATION","C:\Users\JBNU\git\ConstraintsRecovery\assets\tankwar\asset9",75,"C:\Users\JBNU\git\ConstraintsRecovery\assets\tankwar\asset2","G4","G4","TankWar_P1|TankWar_P2|TankWar_P3|TankWar_P4|TankWar_P5","TankWar_P1|TankWar_P2|TankWar_P3|TankWar_P4|TankWar_P5",true,"TankWar_P1|TankWar_P2|TankWar_P3|TankWar_P4|TankWar_P5","RESOLVED_INTERNAL"
"D1681","E715","E687","FIELD_REFERENCE","IMPLEMENTATION","C:\Users\JBNU\git\ConstraintsRecovery\assets\tankwar\asset9",76,"C:\Users\JBNU\git\ConstraintsRecovery\assets\tankwar\asset9","G4","G4","TankWar_P1|TankWar_P2|TankWar_P3|TankWar_P4|TankWar_P5","TankWar_P1|TankWar_P2|TankWar_P3|TankWar_P4|TankWar_P5",false,"TankWar_P1|TankWar_P2|TankWar_P3|TankWar_P4|TankWar_P5","RESOLVED_INTERNAL"
"D1682","E715","E688","FIELD_REFERENCE","IMPLEMENTATION","C:\Users\JBNU\git\ConstraintsRecovery\assets\tankwar\asset9",76,"C:\Users\JBNU\git\ConstraintsRecovery\assets\tankwar\asset9","G4","G4","TankWar_P1|TankWar_P2|TankWar_P3|TankWar_P4|TankWar_P5","TankWar_P1|TankWar_P2|TankWar_P3|TankWar_P4|TankWar_P5",false,"TankWar_P1|TankWar_P2|TankWar_P3|TankWar_P4|TankWar_P5","RESOLVED_INTERNAL"
"D1683","E715","E688","FIELD_REFERENCE","IMPLEMENTATION","C:\Users\JBNU\git\ConstraintsRecovery\assets\tankwar\asset9",77,"C:\Users\JBNU\git\ConstraintsRecovery\assets\tankwar\asset9","G4","G4","TankWar_P1|TankWar_P2|TankWar_P3|TankWar_P4|TankWar_P5","TankWar_P1|TankWar_P2|TankWar_P3|TankWar_P4|TankWar_P5",false,"TankWar_P1|TankWar_P2|TankWar_P3|TankWar_P4|TankWar_P5","RESOLVED_INTERNAL"
"D1684","E715","E689","FIELD_REFERENCE","IMPLEMENTATION","C:\Users\JBNU\git\ConstraintsRecovery\assets\tankwar\asset9",77,"C:\Users\JBNU\git\ConstraintsRecovery\assets\tankwar\asset9","G4","G4","TankWar_P1|TankWar_P2|TankWar_P3|TankWar_P4|TankWar_P5","TankWar_P1|TankWar_P2|TankWar_P3|TankWar_P4|TankWar_P5",false,"TankWar_P1|TankWar_P2|TankWar_P3|TankWar_P4|TankWar_P5","RESOLVED_INTERNAL"
"D1685","E715","E255","CONSTRUCTOR_CALL","IMPLEMENTATION","C:\Users\JBNU\git\ConstraintsRecovery\assets\tankwar\asset9",78,"C:\Users\JBNU\git\ConstraintsRecovery\assets\tankwar\asset21","G4","G4","TankWar_P1|TankWar_P2|TankWar_P3|TankWar_P4|TankWar_P5","TankWar_P1|TankWar_P2|TankWar_P3|TankWar_P4|TankWar_P5",true,"TankWar_P1|TankWar_P2|TankWar_P3|TankWar_P4|TankWar_P5","RESOLVED_INTERNAL"
"D1686","E716","E684","FIELD_REFERENCE","IMPLEMENTATION","C:\Users\JBNU\git\ConstraintsRecovery\assets\tankwar\asset9",81,"C:\Users\JBNU\git\ConstraintsRecovery\assets\tankwar\asset9","G4","G4","TankWar_P1|TankWar_P2|TankWar_P3|TankWar_P4|TankWar_P5","TankWar_P1|TankWar_P2|TankWar_P3|TankWar_P4|TankWar_P5",false,"TankWar_P1|TankWar_P2|TankWar_P3|TankWar_P4|TankWar_P5","RESOLVED_INTERNAL"
"D1687","E717","E685","FIELD_REFERENCE","IMPLEMENTATION","C:\Users\JBNU\git\ConstraintsRecovery\assets\tankwar\asset9",84,"C:\Users\JBNU\git\ConstraintsRecovery\assets\tankwar\asset9","G4","G4","TankWar_P1|TankWar_P2|TankWar_P3|TankWar_P4|TankWar_P5","TankWar_P1|TankWar_P2|TankWar_P3|TankWar_P4|TankWar_P5",false,"TankWar_P1|TankWar_P2|TankWar_P3|TankWar_P4|TankWar_P5","RESOLVED_INTERNAL"
"D1688","E717","E684","FIELD_REFERENCE","IMPLEMENTATION","C:\Users\JBNU\git\ConstraintsRecovery\assets\tankwar\asset9",85,"C:\Users\JBNU\git\ConstraintsRecovery\assets\tankwar\asset9","G4","G4","TankWar_P1|TankWar_P2|TankWar_P3|TankWar_P4|TankWar_P5","TankWar_P1|TankWar_P2|TankWar_P3|TankWar_P4|TankWar_P5",false,"TankWar_P1|TankWar_P2|TankWar_P3|TankWar_P4|TankWar_P5","RESOLVED_INTERNAL"
"D1689","E717","E235","METHOD_CALL","IMPLEMENTATION","C:\Users\JBNU\git\ConstraintsRecovery\assets\tankwar\asset9",85,"C:\Users\JBNU\git\ConstraintsRecovery\assets\tankwar\asset2","G4","G4","TankWar_P1|TankWar_P2|TankWar_P3|TankWar_P4|TankWar_P5","TankWar_P1|TankWar_P2|TankWar_P3|TankWar_P4|TankWar_P5",true,"TankWar_P1|TankWar_P2|TankWar_P3|TankWar_P4|TankWar_P5","RESOLVED_INTERNAL"
"D1690","E717","E684","FIELD_REFERENCE","IMPLEMENTATION","C:\Users\JBNU\git\ConstraintsRecovery\assets\tankwar\asset9",89,"C:\Users\JBNU\git\ConstraintsRecovery\assets\tankwar\asset9","G4","G4","TankWar_P1|TankWar_P2|TankWar_P3|TankWar_P4|TankWar_P5","TankWar_P1|TankWar_P2|TankWar_P3|TankWar_P4|TankWar_P5",false,"TankWar_P1|TankWar_P2|TankWar_P3|TankWar_P4|TankWar_P5","RESOLVED_INTERNAL"
"D1691","E717","E684","FIELD_REFERENCE","IMPLEMENTATION","C:\Users\JBNU\git\ConstraintsRecovery\assets\tankwar\asset9",93,"C:\Users\JBNU\git\ConstraintsRecovery\assets\tankwar\asset9","G4","G4","TankWar_P1|TankWar_P2|TankWar_P3|TankWar_P4|TankWar_P5","TankWar_P1|TankWar_P2|TankWar_P3|TankWar_P4|TankWar_P5",false,"TankWar_P1|TankWar_P2|TankWar_P3|TankWar_P4|TankWar_P5","RESOLVED_INTERNAL"
"D1692","E717","E691","FIELD_REFERENCE","IMPLEMENTATION","C:\Users\JBNU\git\ConstraintsRecovery\assets\tankwar\asset9",95,"C:\Users\JBNU\git\ConstraintsRecovery\assets\tankwar\asset9","G4","G4","TankWar_P1|TankWar_P2|TankWar_P3|TankWar_P4|TankWar_P5","TankWar_P1|TankWar_P2|TankWar_P3|TankWar_P4|TankWar_P5",false,"TankWar_P1|TankWar_P2|TankWar_P3|TankWar_P4|TankWar_P5","RESOLVED_INTERNAL"
"D1693","E717","E691","FIELD_REFERENCE","IMPLEMENTATION","C:\Users\JBNU\git\ConstraintsRecovery\assets\tankwar\asset9",96,"C:\Users\JBNU\git\ConstraintsRecovery\assets\tankwar\asset9","G4","G4","TankWar_P1|TankWar_P2|TankWar_P3|TankWar_P4|TankWar_P5","TankWar_P1|TankWar_P2|TankWar_P3|TankWar_P4|TankWar_P5",false,"TankWar_P1|TankWar_P2|TankWar_P3|TankWar_P4|TankWar_P5","RESOLVED_INTERNAL"
"D1536","E718","E685","FIELD_REFERENCE","IMPLEMENTATION","C:\Users\JBNU\git\ConstraintsRecovery\assets\tankwar\asset9",100,"C:\Users\JBNU\git\ConstraintsRecovery\assets\tankwar\asset9","G4","G4","TankWar_P1|TankWar_P2|TankWar_P3|TankWar_P4|TankWar_P5","TankWar_P1|TankWar_P2|TankWar_P3|TankWar_P4|TankWar_P5",false,"TankWar_P1|TankWar_P2|TankWar_P3|TankWar_P4|TankWar_P5","RESOLVED_INTERNAL"
"D1537","E718","E691","FIELD_REFERENCE","IMPLEMENTATION","C:\Users\JBNU\git\ConstraintsRecovery\assets\tankwar\asset9",101,"C:\Users\JBNU\git\ConstraintsRecovery\assets\tankwar\asset9","G4","G4","TankWar_P1|TankWar_P2|TankWar_P3|TankWar_P4|TankWar_P5","TankWar_P1|TankWar_P2|TankWar_P3|TankWar_P4|TankWar_P5",false,"TankWar_P1|TankWar_P2|TankWar_P3|TankWar_P4|TankWar_P5","RESOLVED_INTERNAL"
"D1538","E718","E691","FIELD_REFERENCE","IMPLEMENTATION","C:\Users\JBNU\git\ConstraintsRecovery\assets\tankwar\asset9",102,"C:\Users\JBNU\git\ConstraintsRecovery\assets\tankwar\asset9","G4","G4","TankWar_P1|TankWar_P2|TankWar_P3|TankWar_P4|TankWar_P5","TankWar_P1|TankWar_P2|TankWar_P3|TankWar_P4|TankWar_P5",false,"TankWar_P1|TankWar_P2|TankWar_P3|TankWar_P4|TankWar_P5","RESOLVED_INTERNAL"
"D1539","E719","E685","FIELD_REFERENCE","IMPLEMENTATION","C:\Users\JBNU\git\ConstraintsRecovery\assets\tankwar\asset9",106,"C:\Users\JBNU\git\ConstraintsRecovery\assets\tankwar\asset9","G4","G4","TankWar_P1|TankWar_P2|TankWar_P3|TankWar_P4|TankWar_P5","TankWar_P1|TankWar_P2|TankWar_P3|TankWar_P4|TankWar_P5",false,"TankWar_P1|TankWar_P2|TankWar_P3|TankWar_P4|TankWar_P5","RESOLVED_INTERNAL"
"D1540","E719","E711","FIELD_REFERENCE","IMPLEMENTATION","C:\Users\JBNU\git\ConstraintsRecovery\assets\tankwar\asset9",108,"C:\Users\JBNU\git\ConstraintsRecovery\assets\tankwar\asset9","G4","G4","TankWar_P1|TankWar_P2|TankWar_P3|TankWar_P4|TankWar_P5","TankWar_P1|TankWar_P2|TankWar_P3|TankWar_P4|TankWar_P5",false,"TankWar_P1|TankWar_P2|TankWar_P3|TankWar_P4|TankWar_P5","RESOLVED_INTERNAL"
"D1541","E719","E694","FIELD_REFERENCE","IMPLEMENTATION","C:\Users\JBNU\git\ConstraintsRecovery\assets\tankwar\asset9",109,"C:\Users\JBNU\git\ConstraintsRecovery\assets\tankwar\asset9","G4","G4","TankWar_P1|TankWar_P2|TankWar_P3|TankWar_P4|TankWar_P5","TankWar_P1|TankWar_P2|TankWar_P3|TankWar_P4|TankWar_P5",false,"TankWar_P1|TankWar_P2|TankWar_P3|TankWar_P4|TankWar_P5","RESOLVED_INTERNAL"
"D1542","E719","E684","FIELD_REFERENCE","IMPLEMENTATION","C:\Users\JBNU\git\ConstraintsRecovery\assets\tankwar\asset9",110,"C:\Users\JBNU\git\ConstraintsRecovery\assets\tankwar\asset9","G4","G4","TankWar_P1|TankWar_P2|TankWar_P3|TankWar_P4|TankWar_P5","TankWar_P1|TankWar_P2|TankWar_P3|TankWar_P4|TankWar_P5",false,"TankWar_P1|TankWar_P2|TankWar_P3|TankWar_P4|TankWar_P5","RESOLVED_INTERNAL"
"D1543","E719","E222","METHOD_CALL","IMPLEMENTATION","C:\Users\JBNU\git\ConstraintsRecovery\assets\tankwar\asset9",110,"C:\Users\JBNU\git\ConstraintsRecovery\assets\tankwar\asset2","G4","G4","TankWar_P1|TankWar_P2|TankWar_P3|TankWar_P4|TankWar_P5","TankWar_P1|TankWar_P2|TankWar_P3|TankWar_P4|TankWar_P5",true,"TankWar_P1|TankWar_P2|TankWar_P3|TankWar_P4|TankWar_P5","RESOLVED_INTERNAL"
"D1544","E719","E684","FIELD_REFERENCE","IMPLEMENTATION","C:\Users\JBNU\git\ConstraintsRecovery\assets\tankwar\asset9",113,"C:\Users\JBNU\git\ConstraintsRecovery\assets\tankwar\asset9","G4","G4","TankWar_P1|TankWar_P2|TankWar_P3|TankWar_P4|TankWar_P5","TankWar_P1|TankWar_P2|TankWar_P3|TankWar_P4|TankWar_P5",false,"TankWar_P1|TankWar_P2|TankWar_P3|TankWar_P4|TankWar_P5","RESOLVED_INTERNAL"
"D1545","E719","E224","METHOD_CALL","IMPLEMENTATION","C:\Users\JBNU\git\ConstraintsRecovery\assets\tankwar\asset9",113,"C:\Users\JBNU\git\ConstraintsRecovery\assets\tankwar\asset2","G4","G4","TankWar_P1|TankWar_P2|TankWar_P3|TankWar_P4|TankWar_P5","TankWar_P1|TankWar_P2|TankWar_P3|TankWar_P4|TankWar_P5",true,"TankWar_P1|TankWar_P2|TankWar_P3|TankWar_P4|TankWar_P5","RESOLVED_INTERNAL"
"D1546","E719","E684","FIELD_REFERENCE","IMPLEMENTATION","C:\Users\JBNU\git\ConstraintsRecovery\assets\tankwar\asset9",116,"C:\Users\JBNU\git\ConstraintsRecovery\assets\tankwar\asset9","G4","G4","TankWar_P1|TankWar_P2|TankWar_P3|TankWar_P4|TankWar_P5","TankWar_P1|TankWar_P2|TankWar_P3|TankWar_P4|TankWar_P5",false,"TankWar_P1|TankWar_P2|TankWar_P3|TankWar_P4|TankWar_P5","RESOLVED_INTERNAL"
"D1547","E719","E226","METHOD_CALL","IMPLEMENTATION","C:\Users\JBNU\git\ConstraintsRecovery\assets\tankwar\asset9",116,"C:\Users\JBNU\git\ConstraintsRecovery\assets\tankwar\asset2","G4","G4","TankWar_P1|TankWar_P2|TankWar_P3|TankWar_P4|TankWar_P5","TankWar_P1|TankWar_P2|TankWar_P3|TankWar_P4|TankWar_P5",true,"TankWar_P1|TankWar_P2|TankWar_P3|TankWar_P4|TankWar_P5","RESOLVED_INTERNAL"
"D1548","E719","E720","METHOD_CALL","IMPLEMENTATION","C:\Users\JBNU\git\ConstraintsRecovery\assets\tankwar\asset9",119,"C:\Users\JBNU\git\ConstraintsRecovery\assets\tankwar\asset9","G4","G4","TankWar_P1|TankWar_P2|TankWar_P3|TankWar_P4|TankWar_P5","TankWar_P1|TankWar_P2|TankWar_P3|TankWar_P4|TankWar_P5",false,"TankWar_P1|TankWar_P2|TankWar_P3|TankWar_P4|TankWar_P5","RESOLVED_INTERNAL"
"D1549","E719","E720","METHOD_CALL","IMPLEMENTATION","C:\Users\JBNU\git\ConstraintsRecovery\assets\tankwar\asset9",122,"C:\Users\JBNU\git\ConstraintsRecovery\assets\tankwar\asset9","G4","G4","TankWar_P1|TankWar_P2|TankWar_P3|TankWar_P4|TankWar_P5","TankWar_P1|TankWar_P2|TankWar_P3|TankWar_P4|TankWar_P5",false,"TankWar_P1|TankWar_P2|TankWar_P3|TankWar_P4|TankWar_P5","RESOLVED_INTERNAL"
"D1550","E719","E684","FIELD_REFERENCE","IMPLEMENTATION","C:\Users\JBNU\git\ConstraintsRecovery\assets\tankwar\asset9",123,"C:\Users\JBNU\git\ConstraintsRecovery\assets\tankwar\asset9","G4","G4","TankWar_P1|TankWar_P2|TankWar_P3|TankWar_P4|TankWar_P5","TankWar_P1|TankWar_P2|TankWar_P3|TankWar_P4|TankWar_P5",false,"TankWar_P1|TankWar_P2|TankWar_P3|TankWar_P4|TankWar_P5","RESOLVED_INTERNAL"
"D1551","E719","E234","METHOD_CALL","IMPLEMENTATION","C:\Users\JBNU\git\ConstraintsRecovery\assets\tankwar\asset9",123,"C:\Users\JBNU\git\ConstraintsRecovery\assets\tankwar\asset2","G4","G4","TankWar_P1|TankWar_P2|TankWar_P3|TankWar_P4|TankWar_P5","TankWar_P1|TankWar_P2|TankWar_P3|TankWar_P4|TankWar_P5",true,"TankWar_P1|TankWar_P2|TankWar_P3|TankWar_P4|TankWar_P5","RESOLVED_INTERNAL"
"D1552","E719","E684","FIELD_REFERENCE","IMPLEMENTATION","C:\Users\JBNU\git\ConstraintsRecovery\assets\tankwar\asset9",126,"C:\Users\JBNU\git\ConstraintsRecovery\assets\tankwar\asset9","G4","G4","TankWar_P1|TankWar_P2|TankWar_P3|TankWar_P4|TankWar_P5","TankWar_P1|TankWar_P2|TankWar_P3|TankWar_P4|TankWar_P5",false,"TankWar_P1|TankWar_P2|TankWar_P3|TankWar_P4|TankWar_P5","RESOLVED_INTERNAL"
"D1553","E719","E694","FIELD_REFERENCE","IMPLEMENTATION","C:\Users\JBNU\git\ConstraintsRecovery\assets\tankwar\asset9",126,"C:\Users\JBNU\git\ConstraintsRecovery\assets\tankwar\asset9","G4","G4","TankWar_P1|TankWar_P2|TankWar_P3|TankWar_P4|TankWar_P5","TankWar_P1|TankWar_P2|TankWar_P3|TankWar_P4|TankWar_P5",false,"TankWar_P1|TankWar_P2|TankWar_P3|TankWar_P4|TankWar_P5","RESOLVED_INTERNAL"
"D1554","E719","E229","METHOD_CALL","IMPLEMENTATION","C:\Users\JBNU\git\ConstraintsRecovery\assets\tankwar\asset9",126,"C:\Users\JBNU\git\ConstraintsRecovery\assets\tankwar\asset2","G4","G4","TankWar_P1|TankWar_P2|TankWar_P3|TankWar_P4|TankWar_P5","TankWar_P1|TankWar_P2|TankWar_P3|TankWar_P4|TankWar_P5",true,"TankWar_P1|TankWar_P2|TankWar_P3|TankWar_P4|TankWar_P5","RESOLVED_INTERNAL"
"D1555","E719","E720","METHOD_CALL","IMPLEMENTATION","C:\Users\JBNU\git\ConstraintsRecovery\assets\tankwar\asset9",129,"C:\Users\JBNU\git\ConstraintsRecovery\assets\tankwar\asset9","G4","G4","TankWar_P1|TankWar_P2|TankWar_P3|TankWar_P4|TankWar_P5","TankWar_P1|TankWar_P2|TankWar_P3|TankWar_P4|TankWar_P5",false,"TankWar_P1|TankWar_P2|TankWar_P3|TankWar_P4|TankWar_P5","RESOLVED_INTERNAL"
"D1556","E719","E684","FIELD_REFERENCE","IMPLEMENTATION","C:\Users\JBNU\git\ConstraintsRecovery\assets\tankwar\asset9",130,"C:\Users\JBNU\git\ConstraintsRecovery\assets\tankwar\asset9","G4","G4","TankWar_P1|TankWar_P2|TankWar_P3|TankWar_P4|TankWar_P5","TankWar_P1|TankWar_P2|TankWar_P3|TankWar_P4|TankWar_P5",false,"TankWar_P1|TankWar_P2|TankWar_P3|TankWar_P4|TankWar_P5","RESOLVED_INTERNAL"
"D1557","E719","E720","METHOD_CALL","IMPLEMENTATION","C:\Users\JBNU\git\ConstraintsRecovery\assets\tankwar\asset9",133,"C:\Users\JBNU\git\ConstraintsRecovery\assets\tankwar\asset9","G4","G4","TankWar_P1|TankWar_P2|TankWar_P3|TankWar_P4|TankWar_P5","TankWar_P1|TankWar_P2|TankWar_P3|TankWar_P4|TankWar_P5",false,"TankWar_P1|TankWar_P2|TankWar_P3|TankWar_P4|TankWar_P5","RESOLVED_INTERNAL"
"D1558","E719","E684","FIELD_REFERENCE","IMPLEMENTATION","C:\Users\JBNU\git\ConstraintsRecovery\assets\tankwar\asset9",134,"C:\Users\JBNU\git\ConstraintsRecovery\assets\tankwar\asset9","G4","G4","TankWar_P1|TankWar_P2|TankWar_P3|TankWar_P4|TankWar_P5","TankWar_P1|TankWar_P2|TankWar_P3|TankWar_P4|TankWar_P5",false,"TankWar_P1|TankWar_P2|TankWar_P3|TankWar_P4|TankWar_P5","RESOLVED_INTERNAL"
"D1559","E719","E232","METHOD_CALL","IMPLEMENTATION","C:\Users\JBNU\git\ConstraintsRecovery\assets\tankwar\asset9",134,"C:\Users\JBNU\git\ConstraintsRecovery\assets\tankwar\asset2","G4","G4","TankWar_P1|TankWar_P2|TankWar_P3|TankWar_P4|TankWar_P5","TankWar_P1|TankWar_P2|TankWar_P3|TankWar_P4|TankWar_P5",true,"TankWar_P1|TankWar_P2|TankWar_P3|TankWar_P4|TankWar_P5","RESOLVED_INTERNAL"
"D1560","E720","E711","FIELD_REFERENCE","IMPLEMENTATION","C:\Users\JBNU\git\ConstraintsRecovery\assets\tankwar\asset9",139,"C:\Users\JBNU\git\ConstraintsRecovery\assets\tankwar\asset9","G4","G4","TankWar_P1|TankWar_P2|TankWar_P3|TankWar_P4|TankWar_P5","TankWar_P1|TankWar_P2|TankWar_P3|TankWar_P4|TankWar_P5",false,"TankWar_P1|TankWar_P2|TankWar_P3|TankWar_P4|TankWar_P5","RESOLVED_INTERNAL"
"D1561","E720","E723","METHOD_CALL","IMPLEMENTATION","C:\Users\JBNU\git\ConstraintsRecovery\assets\tankwar\asset9",140,"C:\Users\JBNU\git\ConstraintsRecovery\assets\tankwar\asset9","G4","G4","TankWar_P1|TankWar_P2|TankWar_P3|TankWar_P4|TankWar_P5","TankWar_P1|TankWar_P2|TankWar_P3|TankWar_P4|TankWar_P5",false,"TankWar_P1|TankWar_P2|TankWar_P3|TankWar_P4|TankWar_P5","RESOLVED_INTERNAL"
"D1562","E720","E724","METHOD_CALL","IMPLEMENTATION","C:\Users\JBNU\git\ConstraintsRecovery\assets\tankwar\asset9",141,"C:\Users\JBNU\git\ConstraintsRecovery\assets\tankwar\asset9","G4","G4","TankWar_P1|TankWar_P2|TankWar_P3|TankWar_P4|TankWar_P5","TankWar_P1|TankWar_P2|TankWar_P3|TankWar_P4|TankWar_P5",false,"TankWar_P1|TankWar_P2|TankWar_P3|TankWar_P4|TankWar_P5","RESOLVED_INTERNAL"
"D1563","E720","E711","FIELD_REFERENCE","IMPLEMENTATION","C:\Users\JBNU\git\ConstraintsRecovery\assets\tankwar\asset9",142,"C:\Users\JBNU\git\ConstraintsRecovery\assets\tankwar\asset9","G4","G4","TankWar_P1|TankWar_P2|TankWar_P3|TankWar_P4|TankWar_P5","TankWar_P1|TankWar_P2|TankWar_P3|TankWar_P4|TankWar_P5",false,"TankWar_P1|TankWar_P2|TankWar_P3|TankWar_P4|TankWar_P5","RESOLVED_INTERNAL"
"D1564","E720","E712","FIELD_REFERENCE","IMPLEMENTATION","C:\Users\JBNU\git\ConstraintsRecovery\assets\tankwar\asset9",144,"C:\Users\JBNU\git\ConstraintsRecovery\assets\tankwar\asset9","G4","G4","TankWar_P1|TankWar_P2|TankWar_P3|TankWar_P4|TankWar_P5","TankWar_P1|TankWar_P2|TankWar_P3|TankWar_P4|TankWar_P5",false,"TankWar_P1|TankWar_P2|TankWar_P3|TankWar_P4|TankWar_P5","RESOLVED_INTERNAL"
"D1565","E720","E725","METHOD_CALL","IMPLEMENTATION","C:\Users\JBNU\git\ConstraintsRecovery\assets\tankwar\asset9",145,"C:\Users\JBNU\git\ConstraintsRecovery\assets\tankwar\asset9","G4","G4","TankWar_P1|TankWar_P2|TankWar_P3|TankWar_P4|TankWar_P5","TankWar_P1|TankWar_P2|TankWar_P3|TankWar_P4|TankWar_P5",false,"TankWar_P1|TankWar_P2|TankWar_P3|TankWar_P4|TankWar_P5","RESOLVED_INTERNAL"
"D1566","E720","E691","FIELD_REFERENCE","IMPLEMENTATION","C:\Users\JBNU\git\ConstraintsRecovery\assets\tankwar\asset9",146,"C:\Users\JBNU\git\ConstraintsRecovery\assets\tankwar\asset9","G4","G4","TankWar_P1|TankWar_P2|TankWar_P3|TankWar_P4|TankWar_P5","TankWar_P1|TankWar_P2|TankWar_P3|TankWar_P4|TankWar_P5",false,"TankWar_P1|TankWar_P2|TankWar_P3|TankWar_P4|TankWar_P5","RESOLVED_INTERNAL"
"D1567","E720","E684","FIELD_REFERENCE","IMPLEMENTATION","C:\Users\JBNU\git\ConstraintsRecovery\assets\tankwar\asset9",148,"C:\Users\JBNU\git\ConstraintsRecovery\assets\tankwar\asset9","G4","G4","TankWar_P1|TankWar_P2|TankWar_P3|TankWar_P4|TankWar_P5","TankWar_P1|TankWar_P2|TankWar_P3|TankWar_P4|TankWar_P5",false,"TankWar_P1|TankWar_P2|TankWar_P3|TankWar_P4|TankWar_P5","RESOLVED_INTERNAL"
"D1568","E720","E693","FIELD_REFERENCE","IMPLEMENTATION","C:\Users\JBNU\git\ConstraintsRecovery\assets\tankwar\asset9",150,"C:\Users\JBNU\git\ConstraintsRecovery\assets\tankwar\asset9","G4","G4","TankWar_P1|TankWar_P2|TankWar_P3|TankWar_P4|TankWar_P5","TankWar_P1|TankWar_P2|TankWar_P3|TankWar_P4|TankWar_P5",false,"TankWar_P1|TankWar_P2|TankWar_P3|TankWar_P4|TankWar_P5","RESOLVED_INTERNAL"
"D1569","E720","E76","FIELD_REFERENCE","IMPLEMENTATION","C:\Users\JBNU\git\ConstraintsRecovery\assets\tankwar\asset9",150,"C:\Users\JBNU\git\ConstraintsRecovery\assets\tankwar\asset14","G4","G4","TankWar_P1|TankWar_P2|TankWar_P3|TankWar_P4|TankWar_P5","TankWar_P1|TankWar_P2|TankWar_P3|TankWar_P4|TankWar_P5",true,"TankWar_P1|TankWar_P2|TankWar_P3|TankWar_P4|TankWar_P5","RESOLVED_INTERNAL"
"D1570","E720","E684","FIELD_REFERENCE","IMPLEMENTATION","C:\Users\JBNU\git\ConstraintsRecovery\assets\tankwar\asset9",152,"C:\Users\JBNU\git\ConstraintsRecovery\assets\tankwar\asset9","G4","G4","TankWar_P1|TankWar_P2|TankWar_P3|TankWar_P4|TankWar_P5","TankWar_P1|TankWar_P2|TankWar_P3|TankWar_P4|TankWar_P5",false,"TankWar_P1|TankWar_P2|TankWar_P3|TankWar_P4|TankWar_P5","RESOLVED_INTERNAL"
"D1571","E720","E707","FIELD_REFERENCE","IMPLEMENTATION","C:\Users\JBNU\git\ConstraintsRecovery\assets\tankwar\asset9",154,"C:\Users\JBNU\git\ConstraintsRecovery\assets\tankwar\asset9","G4","G4","TankWar_P1|TankWar_P2|TankWar_P3|TankWar_P4|TankWar_P5","TankWar_P1|TankWar_P2|TankWar_P3|TankWar_P4|TankWar_P5",false,"TankWar_P1|TankWar_P2|TankWar_P3|TankWar_P4|TankWar_P5","RESOLVED_INTERNAL"
"D1572","E720","E709","FIELD_REFERENCE","IMPLEMENTATION","C:\Users\JBNU\git\ConstraintsRecovery\assets\tankwar\asset9",154,"C:\Users\JBNU\git\ConstraintsRecovery\assets\tankwar\asset9","G4","G4","TankWar_P1|TankWar_P2|TankWar_P3|TankWar_P4|TankWar_P5","TankWar_P1|TankWar_P2|TankWar_P3|TankWar_P4|TankWar_P5",false,"TankWar_P1|TankWar_P2|TankWar_P3|TankWar_P4|TankWar_P5","RESOLVED_INTERNAL"
"D1573","E720","E711","FIELD_REFERENCE","IMPLEMENTATION","C:\Users\JBNU\git\ConstraintsRecovery\assets\tankwar\asset9",155,"C:\Users\JBNU\git\ConstraintsRecovery\assets\tankwar\asset9","G4","G4","TankWar_P1|TankWar_P2|TankWar_P3|TankWar_P4|TankWar_P5","TankWar_P1|TankWar_P2|TankWar_P3|TankWar_P4|TankWar_P5",false,"TankWar_P1|TankWar_P2|TankWar_P3|TankWar_P4|TankWar_P5","RESOLVED_INTERNAL"
"D1574","E720","E695","FIELD_REFERENCE","IMPLEMENTATION","C:\Users\JBNU\git\ConstraintsRecovery\assets\tankwar\asset9",156,"C:\Users\JBNU\git\ConstraintsRecovery\assets\tankwar\asset9","G4","G4","TankWar_P1|TankWar_P2|TankWar_P3|TankWar_P4|TankWar_P5","TankWar_P1|TankWar_P2|TankWar_P3|TankWar_P4|TankWar_P5",false,"TankWar_P1|TankWar_P2|TankWar_P3|TankWar_P4|TankWar_P5","RESOLVED_INTERNAL"
"D1575","E720","E684","FIELD_REFERENCE","IMPLEMENTATION","C:\Users\JBNU\git\ConstraintsRecovery\assets\tankwar\asset9",158,"C:\Users\JBNU\git\ConstraintsRecovery\assets\tankwar\asset9","G4","G4","TankWar_P1|TankWar_P2|TankWar_P3|TankWar_P4|TankWar_P5","TankWar_P1|TankWar_P2|TankWar_P3|TankWar_P4|TankWar_P5",false,"TankWar_P1|TankWar_P2|TankWar_P3|TankWar_P4|TankWar_P5","RESOLVED_INTERNAL"
"D1576","E720","E697","FIELD_REFERENCE","IMPLEMENTATION","C:\Users\JBNU\git\ConstraintsRecovery\assets\tankwar\asset9",160,"C:\Users\JBNU\git\ConstraintsRecovery\assets\tankwar\asset9","G4","G4","TankWar_P1|TankWar_P2|TankWar_P3|TankWar_P4|TankWar_P5","TankWar_P1|TankWar_P2|TankWar_P3|TankWar_P4|TankWar_P5",false,"TankWar_P1|TankWar_P2|TankWar_P3|TankWar_P4|TankWar_P5","RESOLVED_INTERNAL"
"D1577","E720","E721","METHOD_CALL","IMPLEMENTATION","C:\Users\JBNU\git\ConstraintsRecovery\assets\tankwar\asset9",160,"C:\Users\JBNU\git\ConstraintsRecovery\assets\tankwar\asset9","G4","G4","TankWar_P1|TankWar_P2|TankWar_P3|TankWar_P4|TankWar_P5","TankWar_P1|TankWar_P2|TankWar_P3|TankWar_P4|TankWar_P5",false,"TankWar_P1|TankWar_P2|TankWar_P3|TankWar_P4|TankWar_P5","RESOLVED_INTERNAL"
"D1578","E720","E695","FIELD_REFERENCE","IMPLEMENTATION","C:\Users\JBNU\git\ConstraintsRecovery\assets\tankwar\asset9",161,"C:\Users\JBNU\git\ConstraintsRecovery\assets\tankwar\asset9","G4","G4","TankWar_P1|TankWar_P2|TankWar_P3|TankWar_P4|TankWar_P5","TankWar_P1|TankWar_P2|TankWar_P3|TankWar_P4|TankWar_P5",false,"TankWar_P1|TankWar_P2|TankWar_P3|TankWar_P4|TankWar_P5","RESOLVED_INTERNAL"
"D1579","E720","E721","METHOD_CALL","IMPLEMENTATION","C:\Users\JBNU\git\ConstraintsRecovery\assets\tankwar\asset9",161,"C:\Users\JBNU\git\ConstraintsRecovery\assets\tankwar\asset9","G4","G4","TankWar_P1|TankWar_P2|TankWar_P3|TankWar_P4|TankWar_P5","TankWar_P1|TankWar_P2|TankWar_P3|TankWar_P4|TankWar_P5",false,"TankWar_P1|TankWar_P2|TankWar_P3|TankWar_P4|TankWar_P5","RESOLVED_INTERNAL"
"D1580","E720","E700","FIELD_REFERENCE","IMPLEMENTATION","C:\Users\JBNU\git\ConstraintsRecovery\assets\tankwar\asset9",162,"C:\Users\JBNU\git\ConstraintsRecovery\assets\tankwar\asset9","G4","G4","TankWar_P1|TankWar_P2|TankWar_P3|TankWar_P4|TankWar_P5","TankWar_P1|TankWar_P2|TankWar_P3|TankWar_P4|TankWar_P5",false,"TankWar_P1|TankWar_P2|TankWar_P3|TankWar_P4|TankWar_P5","RESOLVED_INTERNAL"
"D1581","E720","E721","METHOD_CALL","IMPLEMENTATION","C:\Users\JBNU\git\ConstraintsRecovery\assets\tankwar\asset9",162,"C:\Users\JBNU\git\ConstraintsRecovery\assets\tankwar\asset9","G4","G4","TankWar_P1|TankWar_P2|TankWar_P3|TankWar_P4|TankWar_P5","TankWar_P1|TankWar_P2|TankWar_P3|TankWar_P4|TankWar_P5",false,"TankWar_P1|TankWar_P2|TankWar_P3|TankWar_P4|TankWar_P5","RESOLVED_INTERNAL"
"D1582","E720","E696","FIELD_REFERENCE","IMPLEMENTATION","C:\Users\JBNU\git\ConstraintsRecovery\assets\tankwar\asset9",163,"C:\Users\JBNU\git\ConstraintsRecovery\assets\tankwar\asset9","G4","G4","TankWar_P1|TankWar_P2|TankWar_P3|TankWar_P4|TankWar_P5","TankWar_P1|TankWar_P2|TankWar_P3|TankWar_P4|TankWar_P5",false,"TankWar_P1|TankWar_P2|TankWar_P3|TankWar_P4|TankWar_P5","RESOLVED_INTERNAL"
"D1583","E720","E721","METHOD_CALL","IMPLEMENTATION","C:\Users\JBNU\git\ConstraintsRecovery\assets\tankwar\asset9",163,"C:\Users\JBNU\git\ConstraintsRecovery\assets\tankwar\asset9","G4","G4","TankWar_P1|TankWar_P2|TankWar_P3|TankWar_P4|TankWar_P5","TankWar_P1|TankWar_P2|TankWar_P3|TankWar_P4|TankWar_P5",false,"TankWar_P1|TankWar_P2|TankWar_P3|TankWar_P4|TankWar_P5","RESOLVED_INTERNAL"
"D1584","E720","E698","FIELD_REFERENCE","IMPLEMENTATION","C:\Users\JBNU\git\ConstraintsRecovery\assets\tankwar\asset9",164,"C:\Users\JBNU\git\ConstraintsRecovery\assets\tankwar\asset9","G4","G4","TankWar_P1|TankWar_P2|TankWar_P3|TankWar_P4|TankWar_P5","TankWar_P1|TankWar_P2|TankWar_P3|TankWar_P4|TankWar_P5",false,"TankWar_P1|TankWar_P2|TankWar_P3|TankWar_P4|TankWar_P5","RESOLVED_INTERNAL"
"D1585","E720","E721","METHOD_CALL","IMPLEMENTATION","C:\Users\JBNU\git\ConstraintsRecovery\assets\tankwar\asset9",164,"C:\Users\JBNU\git\ConstraintsRecovery\assets\tankwar\asset9","G4","G4","TankWar_P1|TankWar_P2|TankWar_P3|TankWar_P4|TankWar_P5","TankWar_P1|TankWar_P2|TankWar_P3|TankWar_P4|TankWar_P5",false,"TankWar_P1|TankWar_P2|TankWar_P3|TankWar_P4|TankWar_P5","RESOLVED_INTERNAL"
"D1586","E720","E699","FIELD_REFERENCE","IMPLEMENTATION","C:\Users\JBNU\git\ConstraintsRecovery\assets\tankwar\asset9",165,"C:\Users\JBNU\git\ConstraintsRecovery\assets\tankwar\asset9","G4","G4","TankWar_P1|TankWar_P2|TankWar_P3|TankWar_P4|TankWar_P5","TankWar_P1|TankWar_P2|TankWar_P3|TankWar_P4|TankWar_P5",false,"TankWar_P1|TankWar_P2|TankWar_P3|TankWar_P4|TankWar_P5","RESOLVED_INTERNAL"
"D1587","E720","E721","METHOD_CALL","IMPLEMENTATION","C:\Users\JBNU\git\ConstraintsRecovery\assets\tankwar\asset9",165,"C:\Users\JBNU\git\ConstraintsRecovery\assets\tankwar\asset9","G4","G4","TankWar_P1|TankWar_P2|TankWar_P3|TankWar_P4|TankWar_P5","TankWar_P1|TankWar_P2|TankWar_P3|TankWar_P4|TankWar_P5",false,"TankWar_P1|TankWar_P2|TankWar_P3|TankWar_P4|TankWar_P5","RESOLVED_INTERNAL"
"D1588","E720","E684","FIELD_REFERENCE","IMPLEMENTATION","C:\Users\JBNU\git\ConstraintsRecovery\assets\tankwar\asset9",168,"C:\Users\JBNU\git\ConstraintsRecovery\assets\tankwar\asset9","G4","G4","TankWar_P1|TankWar_P2|TankWar_P3|TankWar_P4|TankWar_P5","TankWar_P1|TankWar_P2|TankWar_P3|TankWar_P4|TankWar_P5",false,"TankWar_P1|TankWar_P2|TankWar_P3|TankWar_P4|TankWar_P5","RESOLVED_INTERNAL"
"D1589","E722","E685","FIELD_REFERENCE","IMPLEMENTATION","C:\Users\JBNU\git\ConstraintsRecovery\assets\tankwar\asset9",177,"C:\Users\JBNU\git\ConstraintsRecovery\assets\tankwar\asset9","G4","G4","TankWar_P1|TankWar_P2|TankWar_P3|TankWar_P4|TankWar_P5","TankWar_P1|TankWar_P2|TankWar_P3|TankWar_P4|TankWar_P5",false,"TankWar_P1|TankWar_P2|TankWar_P3|TankWar_P4|TankWar_P5","RESOLVED_INTERNAL"
"D1591","E723","E695","FIELD_REFERENCE","IMPLEMENTATION","C:\Users\JBNU\git\ConstraintsRecovery\assets\tankwar\asset9",180,"C:\Users\JBNU\git\ConstraintsRecovery\assets\tankwar\asset9","G4","G4","TankWar_P1|TankWar_P2|TankWar_P3|TankWar_P4|TankWar_P5","TankWar_P1|TankWar_P2|TankWar_P3|TankWar_P4|TankWar_P5",false,"TankWar_P1|TankWar_P2|TankWar_P3|TankWar_P4|TankWar_P5","RESOLVED_INTERNAL"
"D1592","E723","E691","FIELD_REFERENCE","IMPLEMENTATION","C:\Users\JBNU\git\ConstraintsRecovery\assets\tankwar\asset9",181,"C:\Users\JBNU\git\ConstraintsRecovery\assets\tankwar\asset9","G4","G4","TankWar_P1|TankWar_P2|TankWar_P3|TankWar_P4|TankWar_P5","TankWar_P1|TankWar_P2|TankWar_P3|TankWar_P4|TankWar_P5",false,"TankWar_P1|TankWar_P2|TankWar_P3|TankWar_P4|TankWar_P5","RESOLVED_INTERNAL"
"D1593","E723","E692","FIELD_REFERENCE","IMPLEMENTATION","C:\Users\JBNU\git\ConstraintsRecovery\assets\tankwar\asset9",182,"C:\Users\JBNU\git\ConstraintsRecovery\assets\tankwar\asset9","G4","G4","TankWar_P1|TankWar_P2|TankWar_P3|TankWar_P4|TankWar_P5","TankWar_P1|TankWar_P2|TankWar_P3|TankWar_P4|TankWar_P5",false,"TankWar_P1|TankWar_P2|TankWar_P3|TankWar_P4|TankWar_P5","RESOLVED_INTERNAL"
"D1594","E723","E693","FIELD_REFERENCE","IMPLEMENTATION","C:\Users\JBNU\git\ConstraintsRecovery\assets\tankwar\asset9",183,"C:\Users\JBNU\git\ConstraintsRecovery\assets\tankwar\asset9","G4","G4","TankWar_P1|TankWar_P2|TankWar_P3|TankWar_P4|TankWar_P5","TankWar_P1|TankWar_P2|TankWar_P3|TankWar_P4|TankWar_P5",false,"TankWar_P1|TankWar_P2|TankWar_P3|TankWar_P4|TankWar_P5","RESOLVED_INTERNAL"
"D1595","E723","E56","CONSTRUCTOR_CALL","IMPLEMENTATION","C:\Users\JBNU\git\ConstraintsRecovery\assets\tankwar\asset9",184,"C:\Users\JBNU\git\ConstraintsRecovery\assets\tankwar\asset11","G4","G4","TankWar_P1|TankWar_P2|TankWar_P3|TankWar_P4|TankWar_P5","TankWar_P1|TankWar_P2|TankWar_P3|TankWar_P4|TankWar_P5",true,"TankWar_P1|TankWar_P2|TankWar_P3|TankWar_P4|TankWar_P5","RESOLVED_INTERNAL"
"D1596","E723","E694","FIELD_REFERENCE","IMPLEMENTATION","C:\Users\JBNU\git\ConstraintsRecovery\assets\tankwar\asset9",184,"C:\Users\JBNU\git\ConstraintsRecovery\assets\tankwar\asset9","G4","G4","TankWar_P1|TankWar_P2|TankWar_P3|TankWar_P4|TankWar_P5","TankWar_P1|TankWar_P2|TankWar_P3|TankWar_P4|TankWar_P5",false,"TankWar_P1|TankWar_P2|TankWar_P3|TankWar_P4|TankWar_P5","RESOLVED_INTERNAL"
"D1597","E723","E30","FIELD_REFERENCE","IMPLEMENTATION","C:\Users\JBNU\git\ConstraintsRecovery\assets\tankwar\asset9",185,"C:\Users\JBNU\git\ConstraintsRecovery\assets\tankwar\asset11","G4","G4","TankWar_P1|TankWar_P2|TankWar_P3|TankWar_P4|TankWar_P5","TankWar_P1|TankWar_P2|TankWar_P3|TankWar_P4|TankWar_P5",true,"TankWar_P1|TankWar_P2|TankWar_P3|TankWar_P4|TankWar_P5","RESOLVED_INTERNAL"
"D1598","E723","E712","FIELD_REFERENCE","IMPLEMENTATION","C:\Users\JBNU\git\ConstraintsRecovery\assets\tankwar\asset9",185,"C:\Users\JBNU\git\ConstraintsRecovery\assets\tankwar\asset9","G4","G4","TankWar_P1|TankWar_P2|TankWar_P3|TankWar_P4|TankWar_P5","TankWar_P1|TankWar_P2|TankWar_P3|TankWar_P4|TankWar_P5",false,"TankWar_P1|TankWar_P2|TankWar_P3|TankWar_P4|TankWar_P5","RESOLVED_INTERNAL"
"D1599","E723","E23","FIELD_REFERENCE","IMPLEMENTATION","C:\Users\JBNU\git\ConstraintsRecovery\assets\tankwar\asset9",186,"C:\Users\JBNU\git\ConstraintsRecovery\assets\tankwar\asset11","G4","G4","TankWar_P1|TankWar_P2|TankWar_P3|TankWar_P4|TankWar_P5","TankWar_P1|TankWar_P2|TankWar_P3|TankWar_P4|TankWar_P5",true,"TankWar_P1|TankWar_P2|TankWar_P3|TankWar_P4|TankWar_P5","RESOLVED_INTERNAL"
"D1600","E723","E697","FIELD_REFERENCE","IMPLEMENTATION","C:\Users\JBNU\git\ConstraintsRecovery\assets\tankwar\asset9",186,"C:\Users\JBNU\git\ConstraintsRecovery\assets\tankwar\asset9","G4","G4","TankWar_P1|TankWar_P2|TankWar_P3|TankWar_P4|TankWar_P5","TankWar_P1|TankWar_P2|TankWar_P3|TankWar_P4|TankWar_P5",false,"TankWar_P1|TankWar_P2|TankWar_P3|TankWar_P4|TankWar_P5","RESOLVED_INTERNAL"
"D1601","E723","E24","FIELD_REFERENCE","IMPLEMENTATION","C:\Users\JBNU\git\ConstraintsRecovery\assets\tankwar\asset9",187,"C:\Users\JBNU\git\ConstraintsRecovery\assets\tankwar\asset11","G4","G4","TankWar_P1|TankWar_P2|TankWar_P3|TankWar_P4|TankWar_P5","TankWar_P1|TankWar_P2|TankWar_P3|TankWar_P4|TankWar_P5",true,"TankWar_P1|TankWar_P2|TankWar_P3|TankWar_P4|TankWar_P5","RESOLVED_INTERNAL"
"D1602","E723","E698","FIELD_REFERENCE","IMPLEMENTATION","C:\Users\JBNU\git\ConstraintsRecovery\assets\tankwar\asset9",187,"C:\Users\JBNU\git\ConstraintsRecovery\assets\tankwar\asset9","G4","G4","TankWar_P1|TankWar_P2|TankWar_P3|TankWar_P4|TankWar_P5","TankWar_P1|TankWar_P2|TankWar_P3|TankWar_P4|TankWar_P5",false,"TankWar_P1|TankWar_P2|TankWar_P3|TankWar_P4|TankWar_P5","RESOLVED_INTERNAL"
"D1603","E723","E25","FIELD_REFERENCE","IMPLEMENTATION","C:\Users\JBNU\git\ConstraintsRecovery\assets\tankwar\asset9",188,"C:\Users\JBNU\git\ConstraintsRecovery\assets\tankwar\asset11","G4","G4","TankWar_P1|TankWar_P2|TankWar_P3|TankWar_P4|TankWar_P5","TankWar_P1|TankWar_P2|TankWar_P3|TankWar_P4|TankWar_P5",true,"TankWar_P1|TankWar_P2|TankWar_P3|TankWar_P4|TankWar_P5","RESOLVED_INTERNAL"
"D1604","E723","E699","FIELD_REFERENCE","IMPLEMENTATION","C:\Users\JBNU\git\ConstraintsRecovery\assets\tankwar\asset9",188,"C:\Users\JBNU\git\ConstraintsRecovery\assets\tankwar\asset9","G4","G4","TankWar_P1|TankWar_P2|TankWar_P3|TankWar_P4|TankWar_P5","TankWar_P1|TankWar_P2|TankWar_P3|TankWar_P4|TankWar_P5",false,"TankWar_P1|TankWar_P2|TankWar_P3|TankWar_P4|TankWar_P5","RESOLVED_INTERNAL"
"D1605","E723","E26","FIELD_REFERENCE","IMPLEMENTATION","C:\Users\JBNU\git\ConstraintsRecovery\assets\tankwar\asset9",189,"C:\Users\JBNU\git\ConstraintsRecovery\assets\tankwar\asset11","G4","G4","TankWar_P1|TankWar_P2|TankWar_P3|TankWar_P4|TankWar_P5","TankWar_P1|TankWar_P2|TankWar_P3|TankWar_P4|TankWar_P5",true,"TankWar_P1|TankWar_P2|TankWar_P3|TankWar_P4|TankWar_P5","RESOLVED_INTERNAL"
"D1606","E723","E700","FIELD_REFERENCE","IMPLEMENTATION","C:\Users\JBNU\git\ConstraintsRecovery\assets\tankwar\asset9",189,"C:\Users\JBNU\git\ConstraintsRecovery\assets\tankwar\asset9","G4","G4","TankWar_P1|TankWar_P2|TankWar_P3|TankWar_P4|TankWar_P5","TankWar_P1|TankWar_P2|TankWar_P3|TankWar_P4|TankWar_P5",false,"TankWar_P1|TankWar_P2|TankWar_P3|TankWar_P4|TankWar_P5","RESOLVED_INTERNAL"
"D1607","E723","E701","FIELD_REFERENCE","IMPLEMENTATION","C:\Users\JBNU\git\ConstraintsRecovery\assets\tankwar\asset9",190,"C:\Users\JBNU\git\ConstraintsRecovery\assets\tankwar\asset9","G4","G4","TankWar_P1|TankWar_P2|TankWar_P3|TankWar_P4|TankWar_P5","TankWar_P1|TankWar_P2|TankWar_P3|TankWar_P4|TankWar_P5",false,"TankWar_P1|TankWar_P2|TankWar_P3|TankWar_P4|TankWar_P5","RESOLVED_INTERNAL"
"D1608","E723","E32","FIELD_REFERENCE","IMPLEMENTATION","C:\Users\JBNU\git\ConstraintsRecovery\assets\tankwar\asset9",191,"C:\Users\JBNU\git\ConstraintsRecovery\assets\tankwar\asset11","G4","G4","TankWar_P1|TankWar_P2|TankWar_P3|TankWar_P4|TankWar_P5","TankWar_P1|TankWar_P2|TankWar_P3|TankWar_P4|TankWar_P5",true,"TankWar_P1|TankWar_P2|TankWar_P3|TankWar_P4|TankWar_P5","RESOLVED_INTERNAL"
"D1609","E723","E703","FIELD_REFERENCE","IMPLEMENTATION","C:\Users\JBNU\git\ConstraintsRecovery\assets\tankwar\asset9",191,"C:\Users\JBNU\git\ConstraintsRecovery\assets\tankwar\asset9","G4","G4","TankWar_P1|TankWar_P2|TankWar_P3|TankWar_P4|TankWar_P5","TankWar_P1|TankWar_P2|TankWar_P3|TankWar_P4|TankWar_P5",false,"TankWar_P1|TankWar_P2|TankWar_P3|TankWar_P4|TankWar_P5","RESOLVED_INTERNAL"
"D1610","E723","E33","FIELD_REFERENCE","IMPLEMENTATION","C:\Users\JBNU\git\ConstraintsRecovery\assets\tankwar\asset9",192,"C:\Users\JBNU\git\ConstraintsRecovery\assets\tankwar\asset11","G4","G4","TankWar_P1|TankWar_P2|TankWar_P3|TankWar_P4|TankWar_P5","TankWar_P1|TankWar_P2|TankWar_P3|TankWar_P4|TankWar_P5",true,"TankWar_P1|TankWar_P2|TankWar_P3|TankWar_P4|TankWar_P5","RESOLVED_INTERNAL"
"D1611","E723","E704","FIELD_REFERENCE","IMPLEMENTATION","C:\Users\JBNU\git\ConstraintsRecovery\assets\tankwar\asset9",192,"C:\Users\JBNU\git\ConstraintsRecovery\assets\tankwar\asset9","G4","G4","TankWar_P1|TankWar_P2|TankWar_P3|TankWar_P4|TankWar_P5","TankWar_P1|TankWar_P2|TankWar_P3|TankWar_P4|TankWar_P5",false,"TankWar_P1|TankWar_P2|TankWar_P3|TankWar_P4|TankWar_P5","RESOLVED_INTERNAL"
"D1612","E723","E53","FIELD_REFERENCE","IMPLEMENTATION","C:\Users\JBNU\git\ConstraintsRecovery\assets\tankwar\asset9",193,"C:\Users\JBNU\git\ConstraintsRecovery\assets\tankwar\asset11","G4","G4","TankWar_P1|TankWar_P2|TankWar_P3|TankWar_P4|TankWar_P5","TankWar_P1|TankWar_P2|TankWar_P3|TankWar_P4|TankWar_P5",true,"TankWar_P1|TankWar_P2|TankWar_P3|TankWar_P4|TankWar_P5","RESOLVED_INTERNAL"
"D1613","E723","E707","FIELD_REFERENCE","IMPLEMENTATION","C:\Users\JBNU\git\ConstraintsRecovery\assets\tankwar\asset9",193,"C:\Users\JBNU\git\ConstraintsRecovery\assets\tankwar\asset9","G4","G4","TankWar_P1|TankWar_P2|TankWar_P3|TankWar_P4|TankWar_P5","TankWar_P1|TankWar_P2|TankWar_P3|TankWar_P4|TankWar_P5",false,"TankWar_P1|TankWar_P2|TankWar_P3|TankWar_P4|TankWar_P5","RESOLVED_INTERNAL"
"D1614","E723","E54","FIELD_REFERENCE","IMPLEMENTATION","C:\Users\JBNU\git\ConstraintsRecovery\assets\tankwar\asset9",194,"C:\Users\JBNU\git\ConstraintsRecovery\assets\tankwar\asset11","G4","G4","TankWar_P1|TankWar_P2|TankWar_P3|TankWar_P4|TankWar_P5","TankWar_P1|TankWar_P2|TankWar_P3|TankWar_P4|TankWar_P5",true,"TankWar_P1|TankWar_P2|TankWar_P3|TankWar_P4|TankWar_P5","RESOLVED_INTERNAL"
"D1615","E723","E708","FIELD_REFERENCE","IMPLEMENTATION","C:\Users\JBNU\git\ConstraintsRecovery\assets\tankwar\asset9",194,"C:\Users\JBNU\git\ConstraintsRecovery\assets\tankwar\asset9","G4","G4","TankWar_P1|TankWar_P2|TankWar_P3|TankWar_P4|TankWar_P5","TankWar_P1|TankWar_P2|TankWar_P3|TankWar_P4|TankWar_P5",false,"TankWar_P1|TankWar_P2|TankWar_P3|TankWar_P4|TankWar_P5","RESOLVED_INTERNAL"
"D1616","E723","E34","FIELD_REFERENCE","IMPLEMENTATION","C:\Users\JBNU\git\ConstraintsRecovery\assets\tankwar\asset9",195,"C:\Users\JBNU\git\ConstraintsRecovery\assets\tankwar\asset11","G4","G4","TankWar_P1|TankWar_P2|TankWar_P3|TankWar_P4|TankWar_P5","TankWar_P1|TankWar_P2|TankWar_P3|TankWar_P4|TankWar_P5",true,"TankWar_P1|TankWar_P2|TankWar_P3|TankWar_P4|TankWar_P5","RESOLVED_INTERNAL"
"D1617","E723","E705","FIELD_REFERENCE","IMPLEMENTATION","C:\Users\JBNU\git\ConstraintsRecovery\assets\tankwar\asset9",195,"C:\Users\JBNU\git\ConstraintsRecovery\assets\tankwar\asset9","G4","G4","TankWar_P1|TankWar_P2|TankWar_P3|TankWar_P4|TankWar_P5","TankWar_P1|TankWar_P2|TankWar_P3|TankWar_P4|TankWar_P5",false,"TankWar_P1|TankWar_P2|TankWar_P3|TankWar_P4|TankWar_P5","RESOLVED_INTERNAL"
"D1618","E723","E35","FIELD_REFERENCE","IMPLEMENTATION","C:\Users\JBNU\git\ConstraintsRecovery\assets\tankwar\asset9",196,"C:\Users\JBNU\git\ConstraintsRecovery\assets\tankwar\asset11","G4","G4","TankWar_P1|TankWar_P2|TankWar_P3|TankWar_P4|TankWar_P5","TankWar_P1|TankWar_P2|TankWar_P3|TankWar_P4|TankWar_P5",true,"TankWar_P1|TankWar_P2|TankWar_P3|TankWar_P4|TankWar_P5","RESOLVED_INTERNAL"
"D1619","E723","E706","FIELD_REFERENCE","IMPLEMENTATION","C:\Users\JBNU\git\ConstraintsRecovery\assets\tankwar\asset9",196,"C:\Users\JBNU\git\ConstraintsRecovery\assets\tankwar\asset9","G4","G4","TankWar_P1|TankWar_P2|TankWar_P3|TankWar_P4|TankWar_P5","TankWar_P1|TankWar_P2|TankWar_P3|TankWar_P4|TankWar_P5",false,"TankWar_P1|TankWar_P2|TankWar_P3|TankWar_P4|TankWar_P5","RESOLVED_INTERNAL"
"D1620","E723","E702","FIELD_REFERENCE","IMPLEMENTATION","C:\Users\JBNU\git\ConstraintsRecovery\assets\tankwar\asset9",197,"C:\Users\JBNU\git\ConstraintsRecovery\assets\tankwar\asset9","G4","G4","TankWar_P1|TankWar_P2|TankWar_P3|TankWar_P4|TankWar_P5","TankWar_P1|TankWar_P2|TankWar_P3|TankWar_P4|TankWar_P5",false,"TankWar_P1|TankWar_P2|TankWar_P3|TankWar_P4|TankWar_P5","RESOLVED_INTERNAL"
"D1621","E724","E712","FIELD_REFERENCE","IMPLEMENTATION","C:\Users\JBNU\git\ConstraintsRecovery\assets\tankwar\asset9",200,"C:\Users\JBNU\git\ConstraintsRecovery\assets\tankwar\asset9","G4","G4","TankWar_P1|TankWar_P2|TankWar_P3|TankWar_P4|TankWar_P5","TankWar_P1|TankWar_P2|TankWar_P3|TankWar_P4|TankWar_P5",false,"TankWar_P1|TankWar_P2|TankWar_P3|TankWar_P4|TankWar_P5","RESOLVED_INTERNAL"
"D1622","E724","E701","FIELD_REFERENCE","IMPLEMENTATION","C:\Users\JBNU\git\ConstraintsRecovery\assets\tankwar\asset9",201,"C:\Users\JBNU\git\ConstraintsRecovery\assets\tankwar\asset9","G4","G4","TankWar_P1|TankWar_P2|TankWar_P3|TankWar_P4|TankWar_P5","TankWar_P1|TankWar_P2|TankWar_P3|TankWar_P4|TankWar_P5",false,"TankWar_P1|TankWar_P2|TankWar_P3|TankWar_P4|TankWar_P5","RESOLVED_INTERNAL"
"D1623","E724","E702","FIELD_REFERENCE","IMPLEMENTATION","C:\Users\JBNU\git\ConstraintsRecovery\assets\tankwar\asset9",202,"C:\Users\JBNU\git\ConstraintsRecovery\assets\tankwar\asset9","G4","G4","TankWar_P1|TankWar_P2|TankWar_P3|TankWar_P4|TankWar_P5","TankWar_P1|TankWar_P2|TankWar_P3|TankWar_P4|TankWar_P5",false,"TankWar_P1|TankWar_P2|TankWar_P3|TankWar_P4|TankWar_P5","RESOLVED_INTERNAL"
"D1624","E724","E214","FIELD_REFERENCE","IMPLEMENTATION","C:\Users\JBNU\git\ConstraintsRecovery\assets\tankwar\asset9",203,"C:\Users\JBNU\git\ConstraintsRecovery\assets\tankwar\asset2","G4","G4","TankWar_P1|TankWar_P2|TankWar_P3|TankWar_P4|TankWar_P5","TankWar_P1|TankWar_P2|TankWar_P3|TankWar_P4|TankWar_P5",true,"TankWar_P1|TankWar_P2|TankWar_P3|TankWar_P4|TankWar_P5","RESOLVED_INTERNAL"
"D1625","E724","E684","FIELD_REFERENCE","IMPLEMENTATION","C:\Users\JBNU\git\ConstraintsRecovery\assets\tankwar\asset9",203,"C:\Users\JBNU\git\ConstraintsRecovery\assets\tankwar\asset9","G4","G4","TankWar_P1|TankWar_P2|TankWar_P3|TankWar_P4|TankWar_P5","TankWar_P1|TankWar_P2|TankWar_P3|TankWar_P4|TankWar_P5",false,"TankWar_P1|TankWar_P2|TankWar_P3|TankWar_P4|TankWar_P5","RESOLVED_INTERNAL"
"D1626","E724","E691","FIELD_REFERENCE","IMPLEMENTATION","C:\Users\JBNU\git\ConstraintsRecovery\assets\tankwar\asset9",203,"C:\Users\JBNU\git\ConstraintsRecovery\assets\tankwar\asset9","G4","G4","TankWar_P1|TankWar_P2|TankWar_P3|TankWar_P4|TankWar_P5","TankWar_P1|TankWar_P2|TankWar_P3|TankWar_P4|TankWar_P5",false,"TankWar_P1|TankWar_P2|TankWar_P3|TankWar_P4|TankWar_P5","RESOLVED_INTERNAL"
"D1627","E724","E703","FIELD_REFERENCE","IMPLEMENTATION","C:\Users\JBNU\git\ConstraintsRecovery\assets\tankwar\asset9",203,"C:\Users\JBNU\git\ConstraintsRecovery\assets\tankwar\asset9","G4","G4","TankWar_P1|TankWar_P2|TankWar_P3|TankWar_P4|TankWar_P5","TankWar_P1|TankWar_P2|TankWar_P3|TankWar_P4|TankWar_P5",false,"TankWar_P1|TankWar_P2|TankWar_P3|TankWar_P4|TankWar_P5","RESOLVED_INTERNAL"
"D1628","E724","E704","FIELD_REFERENCE","IMPLEMENTATION","C:\Users\JBNU\git\ConstraintsRecovery\assets\tankwar\asset9",203,"C:\Users\JBNU\git\ConstraintsRecovery\assets\tankwar\asset9","G4","G4","TankWar_P1|TankWar_P2|TankWar_P3|TankWar_P4|TankWar_P5","TankWar_P1|TankWar_P2|TankWar_P3|TankWar_P4|TankWar_P5",false,"TankWar_P1|TankWar_P2|TankWar_P3|TankWar_P4|TankWar_P5","RESOLVED_INTERNAL"
"D1629","E724","E691","FIELD_REFERENCE","IMPLEMENTATION","C:\Users\JBNU\git\ConstraintsRecovery\assets\tankwar\asset9",204,"C:\Users\JBNU\git\ConstraintsRecovery\assets\tankwar\asset9","G4","G4","TankWar_P1|TankWar_P2|TankWar_P3|TankWar_P4|TankWar_P5","TankWar_P1|TankWar_P2|TankWar_P3|TankWar_P4|TankWar_P5",false,"TankWar_P1|TankWar_P2|TankWar_P3|TankWar_P4|TankWar_P5","RESOLVED_INTERNAL"
"D1630","E724","E695","FIELD_REFERENCE","IMPLEMENTATION","C:\Users\JBNU\git\ConstraintsRecovery\assets\tankwar\asset9",204,"C:\Users\JBNU\git\ConstraintsRecovery\assets\tankwar\asset9","G4","G4","TankWar_P1|TankWar_P2|TankWar_P3|TankWar_P4|TankWar_P5","TankWar_P1|TankWar_P2|TankWar_P3|TankWar_P4|TankWar_P5",false,"TankWar_P1|TankWar_P2|TankWar_P3|TankWar_P4|TankWar_P5","RESOLVED_INTERNAL"
"D1631","E724","E705","FIELD_REFERENCE","IMPLEMENTATION","C:\Users\JBNU\git\ConstraintsRecovery\assets\tankwar\asset9",205,"C:\Users\JBNU\git\ConstraintsRecovery\assets\tankwar\asset9","G4","G4","TankWar_P1|TankWar_P2|TankWar_P3|TankWar_P4|TankWar_P5","TankWar_P1|TankWar_P2|TankWar_P3|TankWar_P4|TankWar_P5",false,"TankWar_P1|TankWar_P2|TankWar_P3|TankWar_P4|TankWar_P5","RESOLVED_INTERNAL"
"D1632","E724","E693","FIELD_REFERENCE","IMPLEMENTATION","C:\Users\JBNU\git\ConstraintsRecovery\assets\tankwar\asset9",206,"C:\Users\JBNU\git\ConstraintsRecovery\assets\tankwar\asset9","G4","G4","TankWar_P1|TankWar_P2|TankWar_P3|TankWar_P4|TankWar_P5","TankWar_P1|TankWar_P2|TankWar_P3|TankWar_P4|TankWar_P5",false,"TankWar_P1|TankWar_P2|TankWar_P3|TankWar_P4|TankWar_P5","RESOLVED_INTERNAL"
"D1633","E724","E705","FIELD_REFERENCE","IMPLEMENTATION","C:\Users\JBNU\git\ConstraintsRecovery\assets\tankwar\asset9",206,"C:\Users\JBNU\git\ConstraintsRecovery\assets\tankwar\asset9","G4","G4","TankWar_P1|TankWar_P2|TankWar_P3|TankWar_P4|TankWar_P5","TankWar_P1|TankWar_P2|TankWar_P3|TankWar_P4|TankWar_P5",false,"TankWar_P1|TankWar_P2|TankWar_P3|TankWar_P4|TankWar_P5","RESOLVED_INTERNAL"
"D1634","E724","E706","FIELD_REFERENCE","IMPLEMENTATION","C:\Users\JBNU\git\ConstraintsRecovery\assets\tankwar\asset9",206,"C:\Users\JBNU\git\ConstraintsRecovery\assets\tankwar\asset9","G4","G4","TankWar_P1|TankWar_P2|TankWar_P3|TankWar_P4|TankWar_P5","TankWar_P1|TankWar_P2|TankWar_P3|TankWar_P4|TankWar_P5",false,"TankWar_P1|TankWar_P2|TankWar_P3|TankWar_P4|TankWar_P5","RESOLVED_INTERNAL"
"D1635","E724","E693","FIELD_REFERENCE","IMPLEMENTATION","C:\Users\JBNU\git\ConstraintsRecovery\assets\tankwar\asset9",207,"C:\Users\JBNU\git\ConstraintsRecovery\assets\tankwar\asset9","G4","G4","TankWar_P1|TankWar_P2|TankWar_P3|TankWar_P4|TankWar_P5","TankWar_P1|TankWar_P2|TankWar_P3|TankWar_P4|TankWar_P5",false,"TankWar_P1|TankWar_P2|TankWar_P3|TankWar_P4|TankWar_P5","RESOLVED_INTERNAL"
"D1636","E724","E695","FIELD_REFERENCE","IMPLEMENTATION","C:\Users\JBNU\git\ConstraintsRecovery\assets\tankwar\asset9",207,"C:\Users\JBNU\git\ConstraintsRecovery\assets\tankwar\asset9","G4","G4","TankWar_P1|TankWar_P2|TankWar_P3|TankWar_P4|TankWar_P5","TankWar_P1|TankWar_P2|TankWar_P3|TankWar_P4|TankWar_P5",false,"TankWar_P1|TankWar_P2|TankWar_P3|TankWar_P4|TankWar_P5","RESOLVED_INTERNAL"
"D1637","E724","E710","FIELD_REFERENCE","IMPLEMENTATION","C:\Users\JBNU\git\ConstraintsRecovery\assets\tankwar\asset9",210,"C:\Users\JBNU\git\ConstraintsRecovery\assets\tankwar\asset9","G4","G4","TankWar_P1|TankWar_P2|TankWar_P3|TankWar_P4|TankWar_P5","TankWar_P1|TankWar_P2|TankWar_P3|TankWar_P4|TankWar_P5",false,"TankWar_P1|TankWar_P2|TankWar_P3|TankWar_P4|TankWar_P5","RESOLVED_INTERNAL"
"D1638","E724","E702","FIELD_REFERENCE","IMPLEMENTATION","C:\Users\JBNU\git\ConstraintsRecovery\assets\tankwar\asset9",211,"C:\Users\JBNU\git\ConstraintsRecovery\assets\tankwar\asset9","G4","G4","TankWar_P1|TankWar_P2|TankWar_P3|TankWar_P4|TankWar_P5","TankWar_P1|TankWar_P2|TankWar_P3|TankWar_P4|TankWar_P5",false,"TankWar_P1|TankWar_P2|TankWar_P3|TankWar_P4|TankWar_P5","RESOLVED_INTERNAL"
"D1639","E724","E701","FIELD_REFERENCE","IMPLEMENTATION","C:\Users\JBNU\git\ConstraintsRecovery\assets\tankwar\asset9",213,"C:\Users\JBNU\git\ConstraintsRecovery\assets\tankwar\asset9","G4","G4","TankWar_P1|TankWar_P2|TankWar_P3|TankWar_P4|TankWar_P5","TankWar_P1|TankWar_P2|TankWar_P3|TankWar_P4|TankWar_P5",false,"TankWar_P1|TankWar_P2|TankWar_P3|TankWar_P4|TankWar_P5","RESOLVED_INTERNAL"
"D1640","E724","E695","FIELD_REFERENCE","IMPLEMENTATION","C:\Users\JBNU\git\ConstraintsRecovery\assets\tankwar\asset9",216,"C:\Users\JBNU\git\ConstraintsRecovery\assets\tankwar\asset9","G4","G4","TankWar_P1|TankWar_P2|TankWar_P3|TankWar_P4|TankWar_P5","TankWar_P1|TankWar_P2|TankWar_P3|TankWar_P4|TankWar_P5",false,"TankWar_P1|TankWar_P2|TankWar_P3|TankWar_P4|TankWar_P5","RESOLVED_INTERNAL"
"D1641","E724","E707","FIELD_REFERENCE","IMPLEMENTATION","C:\Users\JBNU\git\ConstraintsRecovery\assets\tankwar\asset9",217,"C:\Users\JBNU\git\ConstraintsRecovery\assets\tankwar\asset9","G4","G4","TankWar_P1|TankWar_P2|TankWar_P3|TankWar_P4|TankWar_P5","TankWar_P1|TankWar_P2|TankWar_P3|TankWar_P4|TankWar_P5",false,"TankWar_P1|TankWar_P2|TankWar_P3|TankWar_P4|TankWar_P5","RESOLVED_INTERNAL"
"D1642","E725","E691","FIELD_REFERENCE","IMPLEMENTATION","C:\Users\JBNU\git\ConstraintsRecovery\assets\tankwar\asset9",222,"C:\Users\JBNU\git\ConstraintsRecovery\assets\tankwar\asset9","G4","G4","TankWar_P1|TankWar_P2|TankWar_P3|TankWar_P4|TankWar_P5","TankWar_P1|TankWar_P2|TankWar_P3|TankWar_P4|TankWar_P5",false,"TankWar_P1|TankWar_P2|TankWar_P3|TankWar_P4|TankWar_P5","RESOLVED_INTERNAL"
"D1643","E725","E692","FIELD_REFERENCE","IMPLEMENTATION","C:\Users\JBNU\git\ConstraintsRecovery\assets\tankwar\asset9",222,"C:\Users\JBNU\git\ConstraintsRecovery\assets\tankwar\asset9","G4","G4","TankWar_P1|TankWar_P2|TankWar_P3|TankWar_P4|TankWar_P5","TankWar_P1|TankWar_P2|TankWar_P3|TankWar_P4|TankWar_P5",false,"TankWar_P1|TankWar_P2|TankWar_P3|TankWar_P4|TankWar_P5","RESOLVED_INTERNAL"
"D1644","E725","E693","FIELD_REFERENCE","IMPLEMENTATION","C:\Users\JBNU\git\ConstraintsRecovery\assets\tankwar\asset9",222,"C:\Users\JBNU\git\ConstraintsRecovery\assets\tankwar\asset9","G4","G4","TankWar_P1|TankWar_P2|TankWar_P3|TankWar_P4|TankWar_P5","TankWar_P1|TankWar_P2|TankWar_P3|TankWar_P4|TankWar_P5",false,"TankWar_P1|TankWar_P2|TankWar_P3|TankWar_P4|TankWar_P5","RESOLVED_INTERNAL"
"D1645","E725","E695","FIELD_REFERENCE","IMPLEMENTATION","C:\Users\JBNU\git\ConstraintsRecovery\assets\tankwar\asset9",222,"C:\Users\JBNU\git\ConstraintsRecovery\assets\tankwar\asset9","G4","G4","TankWar_P1|TankWar_P2|TankWar_P3|TankWar_P4|TankWar_P5","TankWar_P1|TankWar_P2|TankWar_P3|TankWar_P4|TankWar_P5",false,"TankWar_P1|TankWar_P2|TankWar_P3|TankWar_P4|TankWar_P5","RESOLVED_INTERNAL"
"D1646","E725","E709","FIELD_REFERENCE","IMPLEMENTATION","C:\Users\JBNU\git\ConstraintsRecovery\assets\tankwar\asset9",222,"C:\Users\JBNU\git\ConstraintsRecovery\assets\tankwar\asset9","G4","G4","TankWar_P1|TankWar_P2|TankWar_P3|TankWar_P4|TankWar_P5","TankWar_P1|TankWar_P2|TankWar_P3|TankWar_P4|TankWar_P5",false,"TankWar_P1|TankWar_P2|TankWar_P3|TankWar_P4|TankWar_P5","RESOLVED_INTERNAL"
"D1647","E725","E707","FIELD_REFERENCE","IMPLEMENTATION","C:\Users\JBNU\git\ConstraintsRecovery\assets\tankwar\asset9",223,"C:\Users\JBNU\git\ConstraintsRecovery\assets\tankwar\asset9","G4","G4","TankWar_P1|TankWar_P2|TankWar_P3|TankWar_P4|TankWar_P5","TankWar_P1|TankWar_P2|TankWar_P3|TankWar_P4|TankWar_P5",false,"TankWar_P1|TankWar_P2|TankWar_P3|TankWar_P4|TankWar_P5","RESOLVED_INTERNAL"
"D1648","E725","E708","FIELD_REFERENCE","IMPLEMENTATION","C:\Users\JBNU\git\ConstraintsRecovery\assets\tankwar\asset9",223,"C:\Users\JBNU\git\ConstraintsRecovery\assets\tankwar\asset9","G4","G4","TankWar_P1|TankWar_P2|TankWar_P3|TankWar_P4|TankWar_P5","TankWar_P1|TankWar_P2|TankWar_P3|TankWar_P4|TankWar_P5",false,"TankWar_P1|TankWar_P2|TankWar_P3|TankWar_P4|TankWar_P5","RESOLVED_INTERNAL"
"D1649","E725","E709","FIELD_REFERENCE","IMPLEMENTATION","C:\Users\JBNU\git\ConstraintsRecovery\assets\tankwar\asset9",223,"C:\Users\JBNU\git\ConstraintsRecovery\assets\tankwar\asset9","G4","G4","TankWar_P1|TankWar_P2|TankWar_P3|TankWar_P4|TankWar_P5","TankWar_P1|TankWar_P2|TankWar_P3|TankWar_P4|TankWar_P5",false,"TankWar_P1|TankWar_P2|TankWar_P3|TankWar_P4|TankWar_P5","RESOLVED_INTERNAL"
"D1650","E725","E701","FIELD_REFERENCE","IMPLEMENTATION","C:\Users\JBNU\git\ConstraintsRecovery\assets\tankwar\asset9",224,"C:\Users\JBNU\git\ConstraintsRecovery\assets\tankwar\asset9","G4","G4","TankWar_P1|TankWar_P2|TankWar_P3|TankWar_P4|TankWar_P5","TankWar_P1|TankWar_P2|TankWar_P3|TankWar_P4|TankWar_P5",false,"TankWar_P1|TankWar_P2|TankWar_P3|TankWar_P4|TankWar_P5","RESOLVED_INTERNAL"
"D1651","E725","E710","FIELD_REFERENCE","IMPLEMENTATION","C:\Users\JBNU\git\ConstraintsRecovery\assets\tankwar\asset9",225,"C:\Users\JBNU\git\ConstraintsRecovery\assets\tankwar\asset9","G4","G4","TankWar_P1|TankWar_P2|TankWar_P3|TankWar_P4|TankWar_P5","TankWar_P1|TankWar_P2|TankWar_P3|TankWar_P4|TankWar_P5",false,"TankWar_P1|TankWar_P2|TankWar_P3|TankWar_P4|TankWar_P5","RESOLVED_INTERNAL"
"D1652","E725","E702","FIELD_REFERENCE","IMPLEMENTATION","C:\Users\JBNU\git\ConstraintsRecovery\assets\tankwar\asset9",226,"C:\Users\JBNU\git\ConstraintsRecovery\assets\tankwar\asset9","G4","G4","TankWar_P1|TankWar_P2|TankWar_P3|TankWar_P4|TankWar_P5","TankWar_P1|TankWar_P2|TankWar_P3|TankWar_P4|TankWar_P5",false,"TankWar_P1|TankWar_P2|TankWar_P3|TankWar_P4|TankWar_P5","RESOLVED_INTERNAL"
"D1653","E725","E710","FIELD_REFERENCE","IMPLEMENTATION","C:\Users\JBNU\git\ConstraintsRecovery\assets\tankwar\asset9",227,"C:\Users\JBNU\git\ConstraintsRecovery\assets\tankwar\asset9","G4","G4","TankWar_P1|TankWar_P2|TankWar_P3|TankWar_P4|TankWar_P5","TankWar_P1|TankWar_P2|TankWar_P3|TankWar_P4|TankWar_P5",false,"TankWar_P1|TankWar_P2|TankWar_P3|TankWar_P4|TankWar_P5","RESOLVED_INTERNAL"
"D1654","E725","E702","FIELD_REFERENCE","IMPLEMENTATION","C:\Users\JBNU\git\ConstraintsRecovery\assets\tankwar\asset9",228,"C:\Users\JBNU\git\ConstraintsRecovery\assets\tankwar\asset9","G4","G4","TankWar_P1|TankWar_P2|TankWar_P3|TankWar_P4|TankWar_P5","TankWar_P1|TankWar_P2|TankWar_P3|TankWar_P4|TankWar_P5",false,"TankWar_P1|TankWar_P2|TankWar_P3|TankWar_P4|TankWar_P5","RESOLVED_INTERNAL"
"D1655","E725","E701","FIELD_REFERENCE","IMPLEMENTATION","C:\Users\JBNU\git\ConstraintsRecovery\assets\tankwar\asset9",230,"C:\Users\JBNU\git\ConstraintsRecovery\assets\tankwar\asset9","G4","G4","TankWar_P1|TankWar_P2|TankWar_P3|TankWar_P4|TankWar_P5","TankWar_P1|TankWar_P2|TankWar_P3|TankWar_P4|TankWar_P5",false,"TankWar_P1|TankWar_P2|TankWar_P3|TankWar_P4|TankWar_P5","RESOLVED_INTERNAL"
"D1656","E725","E695","FIELD_REFERENCE","IMPLEMENTATION","C:\Users\JBNU\git\ConstraintsRecovery\assets\tankwar\asset9",233,"C:\Users\JBNU\git\ConstraintsRecovery\assets\tankwar\asset9","G4","G4","TankWar_P1|TankWar_P2|TankWar_P3|TankWar_P4|TankWar_P5","TankWar_P1|TankWar_P2|TankWar_P3|TankWar_P4|TankWar_P5",false,"TankWar_P1|TankWar_P2|TankWar_P3|TankWar_P4|TankWar_P5","RESOLVED_INTERNAL"
"D1657","E725","E695","FIELD_REFERENCE","IMPLEMENTATION","C:\Users\JBNU\git\ConstraintsRecovery\assets\tankwar\asset9",234,"C:\Users\JBNU\git\ConstraintsRecovery\assets\tankwar\asset9","G4","G4","TankWar_P1|TankWar_P2|TankWar_P3|TankWar_P4|TankWar_P5","TankWar_P1|TankWar_P2|TankWar_P3|TankWar_P4|TankWar_P5",false,"TankWar_P1|TankWar_P2|TankWar_P3|TankWar_P4|TankWar_P5","RESOLVED_INTERNAL"
"D1658","E725","E707","FIELD_REFERENCE","IMPLEMENTATION","C:\Users\JBNU\git\ConstraintsRecovery\assets\tankwar\asset9",235,"C:\Users\JBNU\git\ConstraintsRecovery\assets\tankwar\asset9","G4","G4","TankWar_P1|TankWar_P2|TankWar_P3|TankWar_P4|TankWar_P5","TankWar_P1|TankWar_P2|TankWar_P3|TankWar_P4|TankWar_P5",false,"TankWar_P1|TankWar_P2|TankWar_P3|TankWar_P4|TankWar_P5","RESOLVED_INTERNAL"
"D1659","E726","E691","FIELD_REFERENCE","IMPLEMENTATION","C:\Users\JBNU\git\ConstraintsRecovery\assets\tankwar\asset9",240,"C:\Users\JBNU\git\ConstraintsRecovery\assets\tankwar\asset9","G4","G4","TankWar_P1|TankWar_P2|TankWar_P3|TankWar_P4|TankWar_P5","TankWar_P1|TankWar_P2|TankWar_P3|TankWar_P4|TankWar_P5",false,"TankWar_P1|TankWar_P2|TankWar_P3|TankWar_P4|TankWar_P5","RESOLVED_INTERNAL"
"D1660","E726","E691","FIELD_REFERENCE","IMPLEMENTATION","C:\Users\JBNU\git\ConstraintsRecovery\assets\tankwar\asset9",241,"C:\Users\JBNU\git\ConstraintsRecovery\assets\tankwar\asset9","G4","G4","TankWar_P1|TankWar_P2|TankWar_P3|TankWar_P4|TankWar_P5","TankWar_P1|TankWar_P2|TankWar_P3|TankWar_P4|TankWar_P5",false,"TankWar_P1|TankWar_P2|TankWar_P3|TankWar_P4|TankWar_P5","RESOLVED_INTERNAL"
"D1661","E726","E76","FIELD_REFERENCE","IMPLEMENTATION","C:\Users\JBNU\git\ConstraintsRecovery\assets\tankwar\asset9",241,"C:\Users\JBNU\git\ConstraintsRecovery\assets\tankwar\asset14","G4","G4","TankWar_P1|TankWar_P2|TankWar_P3|TankWar_P4|TankWar_P5","TankWar_P1|TankWar_P2|TankWar_P3|TankWar_P4|TankWar_P5",true,"TankWar_P1|TankWar_P2|TankWar_P3|TankWar_P4|TankWar_P5","RESOLVED_INTERNAL"
"D1662","E727","E707","FIELD_REFERENCE","IMPLEMENTATION","C:\Users\JBNU\git\ConstraintsRecovery\assets\tankwar\asset9",246,"C:\Users\JBNU\git\ConstraintsRecovery\assets\tankwar\asset9","G4","G4","TankWar_P1|TankWar_P2|TankWar_P3|TankWar_P4|TankWar_P5","TankWar_P1|TankWar_P2|TankWar_P3|TankWar_P4|TankWar_P5",false,"TankWar_P1|TankWar_P2|TankWar_P3|TankWar_P4|TankWar_P5","RESOLVED_INTERNAL"
"D1663","E727","E709","FIELD_REFERENCE","IMPLEMENTATION","C:\Users\JBNU\git\ConstraintsRecovery\assets\tankwar\asset9",246,"C:\Users\JBNU\git\ConstraintsRecovery\assets\tankwar\asset9","G4","G4","TankWar_P1|TankWar_P2|TankWar_P3|TankWar_P4|TankWar_P5","TankWar_P1|TankWar_P2|TankWar_P3|TankWar_P4|TankWar_P5",false,"TankWar_P1|TankWar_P2|TankWar_P3|TankWar_P4|TankWar_P5","RESOLVED_INTERNAL"
