entity_id,entity_type,simple_name,qualified_name,file,start_line,end_line,group_id,signature,observed_products
"E1","CLASS","Missile$$TankWar","Missile$$TankWar","C:\Users\JBNU\git\ConstraintsRecovery\assets\tankwar\asset1",12,128,"G4","TankWar_P1|TankWar_P2|TankWar_P3|TankWar_P4|TankWar_P5","TankWar_P1|TankWar_P2|TankWar_P3|TankWar_P4|TankWar_P5"
"E2","FIELD","geschwindigkeit","Missile$$TankWar.geschwindigkeit","C:\Users\JBNU\git\ConstraintsRecovery\assets\tankwar\asset1",13,13,"G4","TankWar_P1|TankWar_P2|TankWar_P3|TankWar_P4|TankWar_P5","TankWar_P1|TankWar_P2|TankWar_P3|TankWar_P4|TankWar_P5"
"E3","FIELD","xf_Koordinate","Missile$$TankWar.xf_Koordinate","C:\Users\JBNU\git\ConstraintsRecovery\assets\tankwar\asset1",13,13,"G4","TankWar_P1|TankWar_P2|TankWar_P3|TankWar_P4|TankWar_P5","TankWar_P1|TankWar_P2|TankWar_P3|TankWar_P4|TankWar_P5"
"E4","FIELD","yf_Koordinate","Missile$$TankWar.yf_Koordinate","C:\Users\JBNU\git\ConstraintsRecovery\assets\tankwar\asset1",13,13,"G4","TankWar_P1|TankWar_P2|TankWar_P3|TankWar_P4|TankWar_P5","TankWar_P1|TankWar_P2|TankWar_P3|TankWar_P4|TankWar_P5"
"E5","FIELD","currTime","Missile$$TankWar.currTime","C:\Users\JBNU\git\ConstraintsRecovery\assets\tankwar\asset1",14,14,"G4","TankWar_P1|TankWar_P2|TankWar_P3|TankWar_P4|TankWar_P5","TankWar_P1|TankWar_P2|TankWar_P3|TankWar_P4|TankWar_P5"
"E6","FIELD","tankId","Missile$$TankWar.tankId","C:\Users\JBNU\git\ConstraintsRecovery\assets\tankwar\asset1",15,15,"G4","TankWar_P1|TankWar_P2|TankWar_P3|TankWar_P4|TankWar_P5","TankWar_P1|TankWar_P2|TankWar_P3|TankWar_P4|TankWar_P5"
"E7","FIELD","missileRichtung","Missile$$TankWar.missileRichtung","C:\Users\JBNU\git\ConstraintsRecovery\assets\tankwar\asset1",16,16,"G4","TankWar_P1|TankWar_P2|TankWar_P3|TankWar_P4|TankWar_P5","TankWar_P1|TankWar_P2|TankWar_P3|TankWar_P4|TankWar_P5"
"E8","FIELD","vernichtungskraft","Missile$$TankWar.vernichtungskraft","C:\Users\JBNU\git\ConstraintsRecovery\assets\tankwar\asset1",17,17,"G4","TankWar_P1|TankWar_P2|TankWar_P3|TankWar_P4|TankWar_P5","TankWar_P1|TankWar_P2|TankWar_P3|TankWar_P4|TankWar_P5"
"E9","FIELD","feindlich","Missile$$TankWar.feindlich","C:\Users\JBNU\git\ConstraintsRecovery\assets\tankwar\asset1",18,18,"G4","TankWar_P1|TankWar_P2|TankWar_P3|TankWar_P4|TankWar_P5","TankWar_P1|TankWar_P2|TankWar_P3|TankWar_P4|TankWar_P5"
"E10","CONSTRUCTOR","Missile$$TankWar","Missile$$TankWar.Missile$$TankWar","C:\Users\JBNU\git\ConstraintsRecovery\assets\tankwar\asset1",19,21,"G4","TankWar_P1|TankWar_P2|TankWar_P3|TankWar_P4|TankWar_P5","TankWar_P1|TankWar_P2|TankWar_P3|TankWar_P4|TankWar_P5"
"E11","METHOD","init","Missile$$TankWar.init","C:\Users\JBNU\git\ConstraintsRecovery\assets\tankwar\asset1",22,67,"G4","TankWar_P1|TankWar_P2|TankWar_P3|TankWar_P4|TankWar_P5","TankWar_P1|TankWar_P2|TankWar_P3|TankWar_P4|TankWar_P5"
"E12","METHOD","malen","Missile$$TankWar.malen","C:\Users\JBNU\git\ConstraintsRecovery\assets\tankwar\asset1",68,77,"G4","TankWar_P1|TankWar_P2|TankWar_P3|TankWar_P4|TankWar_P5","TankWar_P1|TankWar_P2|TankWar_P3|TankWar_P4|TankWar_P5"
"E13","METHOD","koordinateAktualisieren","Missile$$TankWar.koordinateAktualisieren","C:\Users\JBNU\git\ConstraintsRecovery\assets\tankwar\asset1",78,101,"G4","TankWar_P1|TankWar_P2|TankWar_P3|TankWar_P4|TankWar_P5","TankWar_P1|TankWar_P2|TankWar_P3|TankWar_P4|TankWar_P5"
"E14","METHOD","treffenErkennen","Missile$$TankWar.treffenErkennen","C:\Users\JBNU\git\ConstraintsRecovery\assets\tankwar\asset1",102,121,"G4","TankWar_P1|TankWar_P2|TankWar_P3|TankWar_P4|TankWar_P5","TankWar_P1|TankWar_P2|TankWar_P3|TankWar_P4|TankWar_P5"
"E15","METHOD","explodieren","Missile$$TankWar.explodieren","C:\Users\JBNU\git\ConstraintsRecovery\assets\tankwar\asset1",122,124,"G4","TankWar_P1|TankWar_P2|TankWar_P3|TankWar_P4|TankWar_P5","TankWar_P1|TankWar_P2|TankWar_P3|TankWar_P4|TankWar_P5"
"E16","METHOD","remove","Missile$$TankWar.remove","C:\Users\JBNU\git\ConstraintsRecovery\assets\tankwar\asset1",125,127,"G4","TankWar_P1|TankWar_P2|TankWar_P3|TankWar_P4|TankWar_P5","TankWar_P1|TankWar_P2|TankWar_P3|TankWar_P4|TankWar_P5"
"E17","CLASS","Tank$$Tools","Tank$$Tools","C:\Users\JBNU\git\ConstraintsRecovery\assets\tankwar\asset10",14,42,"G4","TankWar_P1|TankWar_P2|TankWar_P3|TankWar_P4|TankWar_P5","TankWar_P1|TankWar_P2|TankWar_P3|TankWar_P4|TankWar_P5"
"E18","CONSTRUCTOR","Tank$$Tools","Tank$$Tools.Tank$$Tools","C:\Users\JBNU\git\ConstraintsRecovery\assets\tankwar\asset10",15,17,"G4","TankWar_P1|TankWar_P2|TankWar_P3|TankWar_P4|TankWar_P5","TankWar_P1|TankWar_P2|TankWar_P3|TankWar_P4|TankWar_P5"
"E19","METHOD","malen","Tank$$Tools.malen","C:\Users\JBNU\git\ConstraintsRecovery\assets\tankwar\asset10",18,37,"G4","TankWar_P1|TankWar_P2|TankWar_P3|TankWar_P4|TankWar_P5","TankWar_P1|TankWar_P2|TankWar_P3|TankWar_P4|TankWar_P5"
"E20","METHOD","toolKontroller","Tank$$Tools.toolKontroller","C:\Users\JBNU\git\ConstraintsRecovery\assets\tankwar\asset10",38,39,"G4","TankWar_P1|TankWar_P2|TankWar_P3|TankWar_P4|TankWar_P5","TankWar_P1|TankWar_P2|TankWar_P3|TankWar_P4|TankWar_P5"
"E21","METHOD","toolBehandeln","Tank$$Tools.toolBehandeln","C:\Users\JBNU\git\ConstraintsRecovery\assets\tankwar\asset10",40,41,"G4","TankWar_P1|TankWar_P2|TankWar_P3|TankWar_P4|TankWar_P5","TankWar_P1|TankWar_P2|TankWar_P3|TankWar_P4|TankWar_P5"
"E22","CLASS","MapInfo","MapInfo","C:\Users\JBNU\git\ConstraintsRecovery\assets\tankwar\asset11",11,132,"G4","TankWar_P1|TankWar_P2|TankWar_P3|TankWar_P4|TankWar_P5","TankWar_P1|TankWar_P2|TankWar_P3|TankWar_P4|TankWar_P5"
"E23","FIELD","brickWall","MapInfo.brickWall","C:\Users\JBNU\git\ConstraintsRecovery\assets\tankwar\asset11",12,12,"G4","TankWar_P1|TankWar_P2|TankWar_P3|TankWar_P4|TankWar_P5","TankWar_P1|TankWar_P2|TankWar_P3|TankWar_P4|TankWar_P5"
"E24","FIELD","metalWall","MapInfo.metalWall","C:\Users\JBNU\git\ConstraintsRecovery\assets\tankwar\asset11",13,13,"G4","TankWar_P1|TankWar_P2|TankWar_P3|TankWar_P4|TankWar_P5","TankWar_P1|TankWar_P2|TankWar_P3|TankWar_P4|TankWar_P5"
"E25","FIELD","grassWall","MapInfo.grassWall","C:\Users\JBNU\git\ConstraintsRecovery\assets\tankwar\asset11",14,14,"G4","TankWar_P1|TankWar_P2|TankWar_P3|TankWar_P4|TankWar_P5","TankWar_P1|TankWar_P2|TankWar_P3|TankWar_P4|TankWar_P5"
"E26","FIELD","waterWall","MapInfo.waterWall","C:\Users\JBNU\git\ConstraintsRecovery\assets\tankwar\asset11",15,15,"G4","TankWar_P1|TankWar_P2|TankWar_P3|TankWar_P4|TankWar_P5","TankWar_P1|TankWar_P2|TankWar_P3|TankWar_P4|TankWar_P5"
"E27","FIELD","enemyPosition","MapInfo.enemyPosition","C:\Users\JBNU\git\ConstraintsRecovery\assets\tankwar\asset11",16,16,"G4","TankWar_P1|TankWar_P2|TankWar_P3|TankWar_P4|TankWar_P5","TankWar_P1|TankWar_P2|TankWar_P3|TankWar_P4|TankWar_P5"
"E28","FIELD","enemyType","MapInfo.enemyType","C:\Users\JBNU\git\ConstraintsRecovery\assets\tankwar\asset11",17,17,"G4","TankWar_P1|TankWar_P2|TankWar_P3|TankWar_P4|TankWar_P5","TankWar_P1|TankWar_P2|TankWar_P3|TankWar_P4|TankWar_P5"
"E29","FIELD","tankManager","MapInfo.tankManager","C:\Users\JBNU\git\ConstraintsRecovery\assets\tankwar\asset11",18,18,"G4","TankWar_P1|TankWar_P2|TankWar_P3|TankWar_P4|TankWar_P5","TankWar_P1|TankWar_P2|TankWar_P3|TankWar_P4|TankWar_P5"
"E30","FIELD","read","MapInfo.read","C:\Users\JBNU\git\ConstraintsRecovery\assets\tankwar\asset11",19,19,"G4","TankWar_P1|TankWar_P2|TankWar_P3|TankWar_P4|TankWar_P5","TankWar_P1|TankWar_P2|TankWar_P3|TankWar_P4|TankWar_P5"
"E31","FIELD","mapSize","MapInfo.mapSize","C:\Users\JBNU\git\ConstraintsRecovery\assets\tankwar\asset11",20,20,"G4","TankWar_P1|TankWar_P2|TankWar_P3|TankWar_P4|TankWar_P5","TankWar_P1|TankWar_P2|TankWar_P3|TankWar_P4|TankWar_P5"
"E32","FIELD","playerLocationX","MapInfo.playerLocationX","C:\Users\JBNU\git\ConstraintsRecovery\assets\tankwar\asset11",21,21,"G4","TankWar_P1|TankWar_P2|TankWar_P3|TankWar_P4|TankWar_P5","TankWar_P1|TankWar_P2|TankWar_P3|TankWar_P4|TankWar_P5"
"E33","FIELD","playerLocationY","MapInfo.playerLocationY","C:\Users\JBNU\git\ConstraintsRecovery\assets\tankwar\asset11",22,22,"G4","TankWar_P1|TankWar_P2|TankWar_P3|TankWar_P4|TankWar_P5","TankWar_P1|TankWar_P2|TankWar_P3|TankWar_P4|TankWar_P5"
"E34","FIELD","baseLocationX","MapInfo.baseLocationX","C:\Users\JBNU\git\ConstraintsRecovery\assets\tankwar\asset11",23,23,"G4","TankWar_P1|TankWar_P2|TankWar_P3|TankWar_P4|TankWar_P5","TankWar_P1|TankWar_P2|TankWar_P3|TankWar_P4|TankWar_P5"
"E35","FIELD","baseLocationY","MapInfo.baseLocationY","C:\Users\JBNU\git\ConstraintsRecovery\assets\tankwar\asset11",24,24,"G4","TankWar_P1|TankWar_P2|TankWar_P3|TankWar_P4|TankWar_P5","TankWar_P1|TankWar_P2|TankWar_P3|TankWar_P4|TankWar_P5"
"E36","FIELD","brickWallLocationX","MapInfo.brickWallLocationX","C:\Users\JBNU\git\ConstraintsRecovery\assets\tankwar\asset11",25,25,"G4","TankWar_P1|TankWar_P2|TankWar_P3|TankWar_P4|TankWar_P5","TankWar_P1|TankWar_P2|TankWar_P3|TankWar_P4|TankWar_P5"
"E37","FIELD","brickWallLocationY","MapInfo.brickWallLocationY","C:\Users\JBNU\git\ConstraintsRecovery\assets\tankwar\asset11",26,26,"G4","TankWar_P1|TankWar_P2|TankWar_P3|TankWar_P4|TankWar_P5","TankWar_P1|TankWar_P2|TankWar_P3|TankWar_P4|TankWar_P5"
"E38","FIELD","brickWallWidth","MapInfo.brickWallWidth","C:\Users\JBNU\git\ConstraintsRecovery\assets\tankwar\asset11",27,27,"G4","TankWar_P1|TankWar_P2|TankWar_P3|TankWar_P4|TankWar_P5","TankWar_P1|TankWar_P2|TankWar_P3|TankWar_P4|TankWar_P5"
"E39","FIELD","brickWallHeight","MapInfo.brickWallHeight","C:\Users\JBNU\git\ConstraintsRecovery\assets\tankwar\asset11",28,28,"G4","TankWar_P1|TankWar_P2|TankWar_P3|TankWar_P4|TankWar_P5","TankWar_P1|TankWar_P2|TankWar_P3|TankWar_P4|TankWar_P5"
"E40","FIELD","metalWallLocationX","MapInfo.metalWallLocationX","C:\Users\JBNU\git\ConstraintsRecovery\assets\tankwar\asset11",29,29,"G4","TankWar_P1|TankWar_P2|TankWar_P3|TankWar_P4|TankWar_P5","TankWar_P1|TankWar_P2|TankWar_P3|TankWar_P4|TankWar_P5"
"E41","FIELD","metalWallLocationY","MapInfo.metalWallLocationY","C:\Users\JBNU\git\ConstraintsRecovery\assets\tankwar\asset11",30,30,"G4","TankWar_P1|TankWar_P2|TankWar_P3|TankWar_P4|TankWar_P5","TankWar_P1|TankWar_P2|TankWar_P3|TankWar_P4|TankWar_P5"
"E42","FIELD","metalWallWidth","MapInfo.metalWallWidth","C:\Users\JBNU\git\ConstraintsRecovery\assets\tankwar\asset11",31,31,"G4","TankWar_P1|TankWar_P2|TankWar_P3|TankWar_P4|TankWar_P5","TankWar_P1|TankWar_P2|TankWar_P3|TankWar_P4|TankWar_P5"
"E43","FIELD","metalWallHeight","MapInfo.metalWallHeight","C:\Users\JBNU\git\ConstraintsRecovery\assets\tankwar\asset11",32,32,"G4","TankWar_P1|TankWar_P2|TankWar_P3|TankWar_P4|TankWar_P5","TankWar_P1|TankWar_P2|TankWar_P3|TankWar_P4|TankWar_P5"
"E44","FIELD","grassWallLocationX","MapInfo.grassWallLocationX","C:\Users\JBNU\git\ConstraintsRecovery\assets\tankwar\asset11",33,33,"G4","TankWar_P1|TankWar_P2|TankWar_P3|TankWar_P4|TankWar_P5","TankWar_P1|TankWar_P2|TankWar_P3|TankWar_P4|TankWar_P5"
"E45","FIELD","grassWallLocationY","MapInfo.grassWallLocationY","C:\Users\JBNU\git\ConstraintsRecovery\assets\tankwar\asset11",34,34,"G4","TankWar_P1|TankWar_P2|TankWar_P3|TankWar_P4|TankWar_P5","TankWar_P1|TankWar_P2|TankWar_P3|TankWar_P4|TankWar_P5"
"E46","FIELD","grassWallWidth","MapInfo.grassWallWidth","C:\Users\JBNU\git\ConstraintsRecovery\assets\tankwar\asset11",35,35,"G4","TankWar_P1|TankWar_P2|TankWar_P3|TankWar_P4|TankWar_P5","TankWar_P1|TankWar_P2|TankWar_P3|TankWar_P4|TankWar_P5"
"E47","FIELD","grassWallHeight","MapInfo.grassWallHeight","C:\Users\JBNU\git\ConstraintsRecovery\assets\tankwar\asset11",36,36,"G4","TankWar_P1|TankWar_P2|TankWar_P3|TankWar_P4|TankWar_P5","TankWar_P1|TankWar_P2|TankWar_P3|TankWar_P4|TankWar_P5"
"E48","FIELD","waterWallLocationX","MapInfo.waterWallLocationX","C:\Users\JBNU\git\ConstraintsRecovery\assets\tankwar\asset11",37,37,"G4","TankWar_P1|TankWar_P2|TankWar_P3|TankWar_P4|TankWar_P5","TankWar_P1|TankWar_P2|TankWar_P3|TankWar_P4|TankWar_P5"
"E49","FIELD","waterWallLocationY","MapInfo.waterWallLocationY","C:\Users\JBNU\git\ConstraintsRecovery\assets\tankwar\asset11",38,38,"G4","TankWar_P1|TankWar_P2|TankWar_P3|TankWar_P4|TankWar_P5","TankWar_P1|TankWar_P2|TankWar_P3|TankWar_P4|TankWar_P5"
"E50","FIELD","waterWallWidth","MapInfo.waterWallWidth","C:\Users\JBNU\git\ConstraintsRecovery\assets\tankwar\asset11",39,39,"G4","TankWar_P1|TankWar_P2|TankWar_P3|TankWar_P4|TankWar_P5","TankWar_P1|TankWar_P2|TankWar_P3|TankWar_P4|TankWar_P5"
"E51","FIELD","waterWallHeight","MapInfo.waterWallHeight","C:\Users\JBNU\git\ConstraintsRecovery\assets\tankwar\asset11",40,40,"G4","TankWar_P1|TankWar_P2|TankWar_P3|TankWar_P4|TankWar_P5","TankWar_P1|TankWar_P2|TankWar_P3|TankWar_P4|TankWar_P5"
"E52","FIELD","enemyLocation","MapInfo.enemyLocation","C:\Users\JBNU\git\ConstraintsRecovery\assets\tankwar\asset11",41,41,"G4","TankWar_P1|TankWar_P2|TankWar_P3|TankWar_P4|TankWar_P5","TankWar_P1|TankWar_P2|TankWar_P3|TankWar_P4|TankWar_P5"
"E53","FIELD","enemyAllNr","MapInfo.enemyAllNr","C:\Users\JBNU\git\ConstraintsRecovery\assets\tankwar\asset11",42,42,"G4","TankWar_P1|TankWar_P2|TankWar_P3|TankWar_P4|TankWar_P5","TankWar_P1|TankWar_P2|TankWar_P3|TankWar_P4|TankWar_P5"
"E54","FIELD","enemyMaxNr","MapInfo.enemyMaxNr","C:\Users\JBNU\git\ConstraintsRecovery\assets\tankwar\asset11",43,43,"G4","TankWar_P1|TankWar_P2|TankWar_P3|TankWar_P4|TankWar_P5","TankWar_P1|TankWar_P2|TankWar_P3|TankWar_P4|TankWar_P5"
"E55","FIELD","enemyTy","MapInfo.enemyTy","C:\Users\JBNU\git\ConstraintsRecovery\assets\tankwar\asset11",44,44,"G4","TankWar_P1|TankWar_P2|TankWar_P3|TankWar_P4|TankWar_P5","TankWar_P1|TankWar_P2|TankWar_P3|TankWar_P4|TankWar_P5"
"E56","CONSTRUCTOR","MapInfo","MapInfo.MapInfo","C:\Users\JBNU\git\ConstraintsRecovery\assets\tankwar\asset11",45,49,"G4","TankWar_P1|TankWar_P2|TankWar_P3|TankWar_P4|TankWar_P5","TankWar_P1|TankWar_P2|TankWar_P3|TankWar_P4|TankWar_P5"
"E57","METHOD","readMap","MapInfo.readMap","C:\Users\JBNU\git\ConstraintsRecovery\assets\tankwar\asset11",50,131,"G4","TankWar_P1|TankWar_P2|TankWar_P3|TankWar_P4|TankWar_P5","TankWar_P1|TankWar_P2|TankWar_P3|TankWar_P4|TankWar_P5"
"E58","CLASS","MIDlet","MIDlet","C:\Users\JBNU\git\ConstraintsRecovery\assets\tankwar\asset12",9,10,"G4","TankWar_P1|TankWar_P2|TankWar_P3|TankWar_P4|TankWar_P5","TankWar_P1|TankWar_P2|TankWar_P3|TankWar_P4|TankWar_P5"
"E59","CLASS","Maler$$fuer_PC","Maler$$fuer_PC","C:\Users\JBNU\git\ConstraintsRecovery\assets\tankwar\asset13",28,358,"G10","TankWar_P1|TankWar_P4|TankWar_P5","TankWar_P1|TankWar_P4|TankWar_P5"
"E60","CLASS","Maler$$fuer_PC","Maler$$fuer_PC","C:\Users\JBNU\git\ConstraintsRecovery\assets\tankwar\asset13",31,358,"G17","TankWar_P3","TankWar_P3"
"E61","CLASS","Maler$$fuer_PC","Maler$$fuer_PC","C:\Users\JBNU\git\ConstraintsRecovery\assets\tankwar\asset13",33,358,"G12","TankWar_P2","TankWar_P2"
"E62","FIELD","images","Maler$$fuer_PC.images","C:\Users\JBNU\git\ConstraintsRecovery\assets\tankwar\asset13",35,35,"G4","TankWar_P1|TankWar_P2|TankWar_P3|TankWar_P4|TankWar_P5","TankWar_P1|TankWar_P2|TankWar_P3|TankWar_P4|TankWar_P5"
"E63","CONSTRUCTOR","Maler$$fuer_PC","Maler$$fuer_PC.Maler$$fuer_PC","C:\Users\JBNU\git\ConstraintsRecovery\assets\tankwar\asset13",36,38,"G4","TankWar_P1|TankWar_P2|TankWar_P3|TankWar_P4|TankWar_P5","TankWar_P1|TankWar_P2|TankWar_P3|TankWar_P4|TankWar_P5"
"E64","METHOD","drawImage","Maler$$fuer_PC.drawImage","C:\Users\JBNU\git\ConstraintsRecovery\assets\tankwar\asset13",39,353,"G4","TankWar_P1|TankWar_P2|TankWar_P3|TankWar_P4|TankWar_P5","TankWar_P1|TankWar_P2|TankWar_P3|TankWar_P4|TankWar_P5"
"E65","METHOD","loadimage","Maler$$fuer_PC.loadimage","C:\Users\JBNU\git\ConstraintsRecovery\assets\tankwar\asset13",354,357,"G4","TankWar_P1|TankWar_P2|TankWar_P3|TankWar_P4|TankWar_P5","TankWar_P1|TankWar_P2|TankWar_P3|TankWar_P4|TankWar_P5"
"E66","CLASS","Tank$$TankWar","Tank$$TankWar","C:\Users\JBNU\git\ConstraintsRecovery\assets\tankwar\asset14",14,384,"G4","TankWar_P1|TankWar_P2|TankWar_P3|TankWar_P4|TankWar_P5","TankWar_P1|TankWar_P2|TankWar_P3|TankWar_P4|TankWar_P5"
"E67","FIELD","geschwindigkeit","Tank$$TankWar.geschwindigkeit","C:\Users\JBNU\git\ConstraintsRecovery\assets\tankwar\asset14",15,15,"G4","TankWar_P1|TankWar_P2|TankWar_P3|TankWar_P4|TankWar_P5","TankWar_P1|TankWar_P2|TankWar_P3|TankWar_P4|TankWar_P5"
"E68","FIELD","xf_Koordinate","Tank$$TankWar.xf_Koordinate","C:\Users\JBNU\git\ConstraintsRecovery\assets\tankwar\asset14",15,15,"G4","TankWar_P1|TankWar_P2|TankWar_P3|TankWar_P4|TankWar_P5","TankWar_P1|TankWar_P2|TankWar_P3|TankWar_P4|TankWar_P5"
"E69","FIELD","yf_Koordinate","Tank$$TankWar.yf_Koordinate","C:\Users\JBNU\git\ConstraintsRecovery\assets\tankwar\asset14",15,15,"G4","TankWar_P1|TankWar_P2|TankWar_P3|TankWar_P4|TankWar_P5","TankWar_P1|TankWar_P2|TankWar_P3|TankWar_P4|TankWar_P5"
"E70","FIELD","currTime","Tank$$TankWar.currTime","C:\Users\JBNU\git\ConstraintsRecovery\assets\tankwar\asset14",16,16,"G4","TankWar_P1|TankWar_P2|TankWar_P3|TankWar_P4|TankWar_P5","TankWar_P1|TankWar_P2|TankWar_P3|TankWar_P4|TankWar_P5"
"E71","FIELD","time","Tank$$TankWar.time","C:\Users\JBNU\git\ConstraintsRecovery\assets\tankwar\asset14",17,17,"G4","TankWar_P1|TankWar_P2|TankWar_P3|TankWar_P4|TankWar_P5","TankWar_P1|TankWar_P2|TankWar_P3|TankWar_P4|TankWar_P5"
"E72","FIELD","time1","Tank$$TankWar.time1","C:\Users\JBNU\git\ConstraintsRecovery\assets\tankwar\asset14",17,17,"G4","TankWar_P1|TankWar_P2|TankWar_P3|TankWar_P4|TankWar_P5","TankWar_P1|TankWar_P2|TankWar_P3|TankWar_P4|TankWar_P5"
"E73","FIELD","missileType","Tank$$TankWar.missileType","C:\Users\JBNU\git\ConstraintsRecovery\assets\tankwar\asset14",18,18,"G4","TankWar_P1|TankWar_P2|TankWar_P3|TankWar_P4|TankWar_P5","TankWar_P1|TankWar_P2|TankWar_P3|TankWar_P4|TankWar_P5"
"E74","FIELD","feuernKontroller","Tank$$TankWar.feuernKontroller","C:\Users\JBNU\git\ConstraintsRecovery\assets\tankwar\asset14",19,19,"G4","TankWar_P1|TankWar_P2|TankWar_P3|TankWar_P4|TankWar_P5","TankWar_P1|TankWar_P2|TankWar_P3|TankWar_P4|TankWar_P5"
"E75","FIELD","feuernHaufigkeit","Tank$$TankWar.feuernHaufigkeit","C:\Users\JBNU\git\ConstraintsRecovery\assets\tankwar\asset14",20,20,"G4","TankWar_P1|TankWar_P2|TankWar_P3|TankWar_P4|TankWar_P5","TankWar_P1|TankWar_P2|TankWar_P3|TankWar_P4|TankWar_P5"
"E76","FIELD","energie","Tank$$TankWar.energie","C:\Users\JBNU\git\ConstraintsRecovery\assets\tankwar\asset14",21,21,"G4","TankWar_P1|TankWar_P2|TankWar_P3|TankWar_P4|TankWar_P5","TankWar_P1|TankWar_P2|TankWar_P3|TankWar_P4|TankWar_P5"
"E77","FIELD","random","Tank$$TankWar.random","C:\Users\JBNU\git\ConstraintsRecovery\assets\tankwar\asset14",22,22,"G4","TankWar_P1|TankWar_P2|TankWar_P3|TankWar_P4|TankWar_P5","TankWar_P1|TankWar_P2|TankWar_P3|TankWar_P4|TankWar_P5"
"E78","FIELD","aktive","Tank$$TankWar.aktive","C:\Users\JBNU\git\ConstraintsRecovery\assets\tankwar\asset14",23,23,"G4","TankWar_P1|TankWar_P2|TankWar_P3|TankWar_P4|TankWar_P5","TankWar_P1|TankWar_P2|TankWar_P3|TankWar_P4|TankWar_P5"
"E79","FIELD","feuern","Tank$$TankWar.feuern","C:\Users\JBNU\git\ConstraintsRecovery\assets\tankwar\asset14",24,24,"G4","TankWar_P1|TankWar_P2|TankWar_P3|TankWar_P4|TankWar_P5","TankWar_P1|TankWar_P2|TankWar_P3|TankWar_P4|TankWar_P5"
"E80","FIELD","keyDown","Tank$$TankWar.keyDown","C:\Users\JBNU\git\ConstraintsRecovery\assets\tankwar\asset14",25,25,"G4","TankWar_P1|TankWar_P2|TankWar_P3|TankWar_P4|TankWar_P5","TankWar_P1|TankWar_P2|TankWar_P3|TankWar_P4|TankWar_P5"
"E81","FIELD","keyLeft","Tank$$TankWar.keyLeft","C:\Users\JBNU\git\ConstraintsRecovery\assets\tankwar\asset14",25,25,"G4","TankWar_P1|TankWar_P2|TankWar_P3|TankWar_P4|TankWar_P5","TankWar_P1|TankWar_P2|TankWar_P3|TankWar_P4|TankWar_P5"
"E82","FIELD","keyRight","Tank$$TankWar.keyRight","C:\Users\JBNU\git\ConstraintsRecovery\assets\tankwar\asset14",25,25,"G4","TankWar_P1|TankWar_P2|TankWar_P3|TankWar_P4|TankWar_P5","TankWar_P1|TankWar_P2|TankWar_P3|TankWar_P4|TankWar_P5"
"E83","FIELD","keyUp","Tank$$TankWar.keyUp","C:\Users\JBNU\git\ConstraintsRecovery\assets\tankwar\asset14",25,25,"G4","TankWar_P1|TankWar_P2|TankWar_P3|TankWar_P4|TankWar_P5","TankWar_P1|TankWar_P2|TankWar_P3|TankWar_P4|TankWar_P5"
"E84","FIELD","flachHeit","Tank$$TankWar.flachHeit","C:\Users\JBNU\git\ConstraintsRecovery\assets\tankwar\asset14",26,26,"G4","TankWar_P1|TankWar_P2|TankWar_P3|TankWar_P4|TankWar_P5","TankWar_P1|TankWar_P2|TankWar_P3|TankWar_P4|TankWar_P5"
"E85","FIELD","feindlich","Tank$$TankWar.feindlich","C:\Users\JBNU\git\ConstraintsRecovery\assets\tankwar\asset14",27,27,"G4","TankWar_P1|TankWar_P2|TankWar_P3|TankWar_P4|TankWar_P5","TankWar_P1|TankWar_P2|TankWar_P3|TankWar_P4|TankWar_P5"
"E86","FIELD","beschId","Tank$$TankWar.beschId","C:\Users\JBNU\git\ConstraintsRecovery\assets\tankwar\asset14",28,28,"G4","TankWar_P1|TankWar_P2|TankWar_P3|TankWar_P4|TankWar_P5","TankWar_P1|TankWar_P2|TankWar_P3|TankWar_P4|TankWar_P5"
"E87","FIELD","elapsedTime","Tank$$TankWar.elapsedTime","C:\Users\JBNU\git\ConstraintsRecovery\assets\tankwar\asset14",29,29,"G4","TankWar_P1|TankWar_P2|TankWar_P3|TankWar_P4|TankWar_P5","TankWar_P1|TankWar_P2|TankWar_P3|TankWar_P4|TankWar_P5"
"E88","FIELD","flachHeitRichtung","Tank$$TankWar.flachHeitRichtung","C:\Users\JBNU\git\ConstraintsRecovery\assets\tankwar\asset14",30,30,"G4","TankWar_P1|TankWar_P2|TankWar_P3|TankWar_P4|TankWar_P5","TankWar_P1|TankWar_P2|TankWar_P3|TankWar_P4|TankWar_P5"
"E89","FIELD","fahrRichtung","Tank$$TankWar.fahrRichtung","C:\Users\JBNU\git\ConstraintsRecovery\assets\tankwar\asset14",31,31,"G4","TankWar_P1|TankWar_P2|TankWar_P3|TankWar_P4|TankWar_P5","TankWar_P1|TankWar_P2|TankWar_P3|TankWar_P4|TankWar_P5"
"E90","FIELD","tankRichtung","Tank$$TankWar.tankRichtung","C:\Users\JBNU\git\ConstraintsRecovery\assets\tankwar\asset14",31,31,"G4","TankWar_P1|TankWar_P2|TankWar_P3|TankWar_P4|TankWar_P5","TankWar_P1|TankWar_P2|TankWar_P3|TankWar_P4|TankWar_P5"
"E91","CONSTRUCTOR","Tank$$TankWar","Tank$$TankWar.Tank$$TankWar","C:\Users\JBNU\git\ConstraintsRecovery\assets\tankwar\asset14",32,34,"G4","TankWar_P1|TankWar_P2|TankWar_P3|TankWar_P4|TankWar_P5","TankWar_P1|TankWar_P2|TankWar_P3|TankWar_P4|TankWar_P5"
"E92","METHOD","init","Tank$$TankWar.init","C:\Users\JBNU\git\ConstraintsRecovery\assets\tankwar\asset14",35,112,"G4","TankWar_P1|TankWar_P2|TankWar_P3|TankWar_P4|TankWar_P5","TankWar_P1|TankWar_P2|TankWar_P3|TankWar_P4|TankWar_P5"
"E93","METHOD","malen","Tank$$TankWar.malen","C:\Users\JBNU\git\ConstraintsRecovery\assets\tankwar\asset14",113,131,"G4","TankWar_P1|TankWar_P2|TankWar_P3|TankWar_P4|TankWar_P5","TankWar_P1|TankWar_P2|TankWar_P3|TankWar_P4|TankWar_P5"
"E94","METHOD","tankMalen","Tank$$TankWar.tankMalen","C:\Users\JBNU\git\ConstraintsRecovery\assets\tankwar\asset14",132,136,"G4","TankWar_P1|TankWar_P2|TankWar_P3|TankWar_P4|TankWar_P5","TankWar_P1|TankWar_P2|TankWar_P3|TankWar_P4|TankWar_P5"
"E95","METHOD","geschuetzTurm","Tank$$TankWar.geschuetzTurm","C:\Users\JBNU\git\ConstraintsRecovery\assets\tankwar\asset14",137,157,"G4","TankWar_P1|TankWar_P2|TankWar_P3|TankWar_P4|TankWar_P5","TankWar_P1|TankWar_P2|TankWar_P3|TankWar_P4|TankWar_P5"
"E96","METHOD","keyPressBehandeln","Tank$$TankWar.keyPressBehandeln","C:\Users\JBNU\git\ConstraintsRecovery\assets\tankwar\asset14",158,189,"G4","TankWar_P1|TankWar_P2|TankWar_P3|TankWar_P4|TankWar_P5","TankWar_P1|TankWar_P2|TankWar_P3|TankWar_P4|TankWar_P5"
"E97","METHOD","keyReleaseBehandeln","Tank$$TankWar.keyReleaseBehandeln","C:\Users\JBNU\git\ConstraintsRecovery\assets\tankwar\asset14",190,209,"G4","TankWar_P1|TankWar_P2|TankWar_P3|TankWar_P4|TankWar_P5","TankWar_P1|TankWar_P2|TankWar_P3|TankWar_P4|TankWar_P5"
"E98","METHOD","richtungErkennen","Tank$$TankWar.richtungErkennen","C:\Users\JBNU\git\ConstraintsRecovery\assets\tankwar\asset14",210,229,"G4","TankWar_P1|TankWar_P2|TankWar_P3|TankWar_P4|TankWar_P5","TankWar_P1|TankWar_P2|TankWar_P3|TankWar_P4|TankWar_P5"
"E99","METHOD","feuern","Tank$$TankWar.feuern","C:\Users\JBNU\git\ConstraintsRecovery\assets\tankwar\asset14",230,235,"G4","TankWar_P1|TankWar_P2|TankWar_P3|TankWar_P4|TankWar_P5","TankWar_P1|TankWar_P2|TankWar_P3|TankWar_P4|TankWar_P5"
"E100","METHOD","koordinateAktualisieren","Tank$$TankWar.koordinateAktualisieren","C:\Users\JBNU\git\ConstraintsRecovery\assets\tankwar\asset14",236,366,"G4","TankWar_P1|TankWar_P2|TankWar_P3|TankWar_P4|TankWar_P5","TankWar_P1|TankWar_P2|TankWar_P3|TankWar_P4|TankWar_P5"
"E101","METHOD","tankFeindKI","Tank$$TankWar.tankFeindKI","C:\Users\JBNU\git\ConstraintsRecovery\assets\tankwar\asset14",367,368,"G4","TankWar_P1|TankWar_P2|TankWar_P3|TankWar_P4|TankWar_P5","TankWar_P1|TankWar_P2|TankWar_P3|TankWar_P4|TankWar_P5"
"E102","METHOD","beschaedigen","Tank$$TankWar.beschaedigen","C:\Users\JBNU\git\ConstraintsRecovery\assets\tankwar\asset14",369,375,"G4","TankWar_P1|TankWar_P2|TankWar_P3|TankWar_P4|TankWar_P5","TankWar_P1|TankWar_P2|TankWar_P3|TankWar_P4|TankWar_P5"
"E103","METHOD","explodieren","Tank$$TankWar.explodieren","C:\Users\JBNU\git\ConstraintsRecovery\assets\tankwar\asset14",376,381,"G4","TankWar_P1|TankWar_P2|TankWar_P3|TankWar_P4|TankWar_P5","TankWar_P1|TankWar_P2|TankWar_P3|TankWar_P4|TankWar_P5"
"E104","METHOD","toolBehandeln","Tank$$TankWar.toolBehandeln","C:\Users\JBNU\git\ConstraintsRecovery\assets\tankwar\asset14",382,383,"G4","TankWar_P1|TankWar_P2|TankWar_P3|TankWar_P4|TankWar_P5","TankWar_P1|TankWar_P2|TankWar_P3|TankWar_P4|TankWar_P5"
"E105","CLASS","Menu","Menu","C:\Users\JBNU\git\ConstraintsRecovery\assets\tankwar\asset15",18,281,"G4","TankWar_P1|TankWar_P2|TankWar_P3|TankWar_P4|TankWar_P5","TankWar_P1|TankWar_P2|TankWar_P3|TankWar_P4|TankWar_P5"
"E106","FIELD","options","Menu.options","C:\Users\JBNU\git\ConstraintsRecovery\assets\tankwar\asset15",19,19,"G4","TankWar_P1|TankWar_P2|TankWar_P3|TankWar_P4|TankWar_P5","TankWar_P1|TankWar_P2|TankWar_P3|TankWar_P4|TankWar_P5"
"E107","FIELD","logoXK","Menu.logoXK","C:\Users\JBNU\git\ConstraintsRecovery\assets\tankwar\asset15",20,20,"G4","TankWar_P1|TankWar_P2|TankWar_P3|TankWar_P4|TankWar_P5","TankWar_P1|TankWar_P2|TankWar_P3|TankWar_P4|TankWar_P5"
"E108","FIELD","logoYK","Menu.logoYK","C:\Users\JBNU\git\ConstraintsRecovery\assets\tankwar\asset15",20,20,"G4","TankWar_P1|TankWar_P2|TankWar_P3|TankWar_P4|TankWar_P5","TankWar_P1|TankWar_P2|TankWar_P3|TankWar_P4|TankWar_P5"
"E109","FIELD","zeileAbstand","Menu.zeileAbstand","C:\Users\JBNU\git\ConstraintsRecovery\assets\tankwar\asset15",21,21,"G4","TankWar_P1|TankWar_P2|TankWar_P3|TankWar_P4|TankWar_P5","TankWar_P1|TankWar_P2|TankWar_P3|TankWar_P4|TankWar_P5"
"E110","FIELD","maler","Menu.maler","C:\Users\JBNU\git\ConstraintsRecovery\assets\tankwar\asset15",22,22,"G4","TankWar_P1|TankWar_P2|TankWar_P3|TankWar_P4|TankWar_P5","TankWar_P1|TankWar_P2|TankWar_P3|TankWar_P4|TankWar_P5"
"E111","FIELD","logoimage","Menu.logoimage","C:\Users\JBNU\git\ConstraintsRecovery\assets\tankwar\asset15",23,23,"G4","TankWar_P1|TankWar_P2|TankWar_P3|TankWar_P4|TankWar_P5","TankWar_P1|TankWar_P2|TankWar_P3|TankWar_P4|TankWar_P5"
"E112","FIELD","style","Menu.style","C:\Users\JBNU\git\ConstraintsRecovery\assets\tankwar\asset15",24,24,"G4","TankWar_P1|TankWar_P2|TankWar_P3|TankWar_P4|TankWar_P5","TankWar_P1|TankWar_P2|TankWar_P3|TankWar_P4|TankWar_P5"
"E113","FIELD","xStyle","Menu.xStyle","C:\Users\JBNU\git\ConstraintsRecovery\assets\tankwar\asset15",25,25,"G4","TankWar_P1|TankWar_P2|TankWar_P3|TankWar_P4|TankWar_P5","TankWar_P1|TankWar_P2|TankWar_P3|TankWar_P4|TankWar_P5"
"E114","FIELD","yStyle","Menu.yStyle","C:\Users\JBNU\git\ConstraintsRecovery\assets\tankwar\asset15",25,25,"G4","TankWar_P1|TankWar_P2|TankWar_P3|TankWar_P4|TankWar_P5","TankWar_P1|TankWar_P2|TankWar_P3|TankWar_P4|TankWar_P5"
"E115","FIELD","x_KoordinateImage","Menu.x_KoordinateImage","C:\Users\JBNU\git\ConstraintsRecovery\assets\tankwar\asset15",26,26,"G4","TankWar_P1|TankWar_P2|TankWar_P3|TankWar_P4|TankWar_P5","TankWar_P1|TankWar_P2|TankWar_P3|TankWar_P4|TankWar_P5"
"E116","FIELD","y_KoordinateImage","Menu.y_KoordinateImage","C:\Users\JBNU\git\ConstraintsRecovery\assets\tankwar\asset15",26,26,"G4","TankWar_P1|TankWar_P2|TankWar_P3|TankWar_P4|TankWar_P5","TankWar_P1|TankWar_P2|TankWar_P3|TankWar_P4|TankWar_P5"
"E117","FIELD","waehlbar","Menu.waehlbar","C:\Users\JBNU\git\ConstraintsRecovery\assets\tankwar\asset15",27,27,"G4","TankWar_P1|TankWar_P2|TankWar_P3|TankWar_P4|TankWar_P5","TankWar_P1|TankWar_P2|TankWar_P3|TankWar_P4|TankWar_P5"
"E118","FIELD","fontSize","Menu.fontSize","C:\Users\JBNU\git\ConstraintsRecovery\assets\tankwar\asset15",28,28,"G4","TankWar_P1|TankWar_P2|TankWar_P3|TankWar_P4|TankWar_P5","TankWar_P1|TankWar_P2|TankWar_P3|TankWar_P4|TankWar_P5"
"E119","FIELD","font","Menu.font","C:\Users\JBNU\git\ConstraintsRecovery\assets\tankwar\asset15",29,29,"G4","TankWar_P1|TankWar_P2|TankWar_P3|TankWar_P4|TankWar_P5","TankWar_P1|TankWar_P2|TankWar_P3|TankWar_P4|TankWar_P5"
"E120","CONSTRUCTOR","Menu","Menu.Menu","C:\Users\JBNU\git\ConstraintsRecovery\assets\tankwar\asset15",30,34,"G4","TankWar_P1|TankWar_P2|TankWar_P3|TankWar_P4|TankWar_P5","TankWar_P1|TankWar_P2|TankWar_P3|TankWar_P4|TankWar_P5"
"E121","METHOD","addLogo","Menu.addLogo","C:\Users\JBNU\git\ConstraintsRecovery\assets\tankwar\asset15",35,37,"G4","TankWar_P1|TankWar_P2|TankWar_P3|TankWar_P4|TankWar_P5","TankWar_P1|TankWar_P2|TankWar_P3|TankWar_P4|TankWar_P5"
"E122","METHOD","setLogoKoordinate","Menu.setLogoKoordinate","C:\Users\JBNU\git\ConstraintsRecovery\assets\tankwar\asset15",38,41,"G4","TankWar_P1|TankWar_P2|TankWar_P3|TankWar_P4|TankWar_P5","TankWar_P1|TankWar_P2|TankWar_P3|TankWar_P4|TankWar_P5"
"E123","METHOD","setKoordinateImage","Menu.setKoordinateImage","C:\Users\JBNU\git\ConstraintsRecovery\assets\tankwar\asset15",42,45,"G4","TankWar_P1|TankWar_P2|TankWar_P3|TankWar_P4|TankWar_P5","TankWar_P1|TankWar_P2|TankWar_P3|TankWar_P4|TankWar_P5"
"E124","METHOD","setZeileAbstand","Menu.setZeileAbstand","C:\Users\JBNU\git\ConstraintsRecovery\assets\tankwar\asset15",46,48,"G4","TankWar_P1|TankWar_P2|TankWar_P3|TankWar_P4|TankWar_P5","TankWar_P1|TankWar_P2|TankWar_P3|TankWar_P4|TankWar_P5"
"E125","METHOD","setStyle","Menu.setStyle","C:\Users\JBNU\git\ConstraintsRecovery\assets\tankwar\asset15",49,69,"G4","TankWar_P1|TankWar_P2|TankWar_P3|TankWar_P4|TankWar_P5","TankWar_P1|TankWar_P2|TankWar_P3|TankWar_P4|TankWar_P5"
"E126","METHOD","setWaehlbar","Menu.setWaehlbar","C:\Users\JBNU\git\ConstraintsRecovery\assets\tankwar\asset15",70,72,"G4","TankWar_P1|TankWar_P2|TankWar_P3|TankWar_P4|TankWar_P5","TankWar_P1|TankWar_P2|TankWar_P3|TankWar_P4|TankWar_P5"
"E127","METHOD","setFontSize","Menu.setFontSize","C:\Users\JBNU\git\ConstraintsRecovery\assets\tankwar\asset15",73,75,"G4","TankWar_P1|TankWar_P2|TankWar_P3|TankWar_P4|TankWar_P5","TankWar_P1|TankWar_P2|TankWar_P3|TankWar_P4|TankWar_P5"
"E128","METHOD","add","Menu.add","C:\Users\JBNU\git\ConstraintsRecovery\assets\tankwar\asset15",76,107,"G4","TankWar_P1|TankWar_P2|TankWar_P3|TankWar_P4|TankWar_P5","TankWar_P1|TankWar_P2|TankWar_P3|TankWar_P4|TankWar_P5"
"E129","METHOD","add","Menu.add","C:\Users\JBNU\git\ConstraintsRecovery\assets\tankwar\asset15",108,139,"G4","TankWar_P1|TankWar_P2|TankWar_P3|TankWar_P4|TankWar_P5","TankWar_P1|TankWar_P2|TankWar_P3|TankWar_P4|TankWar_P5"
"E130","METHOD","add","Menu.add","C:\Users\JBNU\git\ConstraintsRecovery\assets\tankwar\asset15",140,171,"G4","TankWar_P1|TankWar_P2|TankWar_P3|TankWar_P4|TankWar_P5","TankWar_P1|TankWar_P2|TankWar_P3|TankWar_P4|TankWar_P5"
"E131","METHOD","KeyBehandeln","Menu.KeyBehandeln","C:\Users\JBNU\git\ConstraintsRecovery\assets\tankwar\asset15",172,211,"G4","TankWar_P1|TankWar_P2|TankWar_P3|TankWar_P4|TankWar_P5","TankWar_P1|TankWar_P2|TankWar_P3|TankWar_P4|TankWar_P5"
"E132","METHOD","erscheinen","Menu.erscheinen","C:\Users\JBNU\git\ConstraintsRecovery\assets\tankwar\asset15",212,280,"G4","TankWar_P1|TankWar_P2|TankWar_P3|TankWar_P4|TankWar_P5","TankWar_P1|TankWar_P2|TankWar_P3|TankWar_P4|TankWar_P5"
"E133","CLASS","InfoPanel","InfoPanel","C:\Users\JBNU\git\ConstraintsRecovery\assets\tankwar\asset16",14,49,"G4","TankWar_P1|TankWar_P2|TankWar_P3|TankWar_P4|TankWar_P5","TankWar_P1|TankWar_P2|TankWar_P3|TankWar_P4|TankWar_P5"
"E134","FIELD","maler","InfoPanel.maler","C:\Users\JBNU\git\ConstraintsRecovery\assets\tankwar\asset16",15,15,"G4","TankWar_P1|TankWar_P2|TankWar_P3|TankWar_P4|TankWar_P5","TankWar_P1|TankWar_P2|TankWar_P3|TankWar_P4|TankWar_P5"
"E135","FIELD","behalter","InfoPanel.behalter","C:\Users\JBNU\git\ConstraintsRecovery\assets\tankwar\asset16",16,16,"G4","TankWar_P1|TankWar_P2|TankWar_P3|TankWar_P4|TankWar_P5","TankWar_P1|TankWar_P2|TankWar_P3|TankWar_P4|TankWar_P5"
"E136","FIELD","INFO_WIDTH","InfoPanel.INFO_WIDTH","C:\Users\JBNU\git\ConstraintsRecovery\assets\tankwar\asset16",17,17,"G4","TankWar_P1|TankWar_P2|TankWar_P3|TankWar_P4|TankWar_P5","TankWar_P1|TankWar_P2|TankWar_P3|TankWar_P4|TankWar_P5"
"E137","CONSTRUCTOR","InfoPanel","InfoPanel.InfoPanel","C:\Users\JBNU\git\ConstraintsRecovery\assets\tankwar\asset16",18,24,"G4","TankWar_P1|TankWar_P2|TankWar_P3|TankWar_P4|TankWar_P5","TankWar_P1|TankWar_P2|TankWar_P3|TankWar_P4|TankWar_P5"
"E138","METHOD","paint","InfoPanel.paint","C:\Users\JBNU\git\ConstraintsRecovery\assets\tankwar\asset16",25,48,"G4","TankWar_P1|TankWar_P2|TankWar_P3|TankWar_P4|TankWar_P5","TankWar_P1|TankWar_P2|TankWar_P3|TankWar_P4|TankWar_P5"
"E139","CLASS","Option","Option","C:\Users\JBNU\git\ConstraintsRecovery\assets\tankwar\asset17",10,36,"G4","TankWar_P1|TankWar_P2|TankWar_P3|TankWar_P4|TankWar_P5","TankWar_P1|TankWar_P2|TankWar_P3|TankWar_P4|TankWar_P5"
"E140","FIELD","status","Option.status","C:\Users\JBNU\git\ConstraintsRecovery\assets\tankwar\asset17",11,11,"G4","TankWar_P1|TankWar_P2|TankWar_P3|TankWar_P4|TankWar_P5","TankWar_P1|TankWar_P2|TankWar_P3|TankWar_P4|TankWar_P5"
"E141","FIELD","str","Option.str","C:\Users\JBNU\git\ConstraintsRecovery\assets\tankwar\asset17",12,12,"G4","TankWar_P1|TankWar_P2|TankWar_P3|TankWar_P4|TankWar_P5","TankWar_P1|TankWar_P2|TankWar_P3|TankWar_P4|TankWar_P5"
"E142","FIELD","img","Option.img","C:\Users\JBNU\git\ConstraintsRecovery\assets\tankwar\asset17",13,13,"G4","TankWar_P1|TankWar_P2|TankWar_P3|TankWar_P4|TankWar_P5","TankWar_P1|TankWar_P2|TankWar_P3|TankWar_P4|TankWar_P5"
"E143","FIELD","img2","Option.img2","C:\Users\JBNU\git\ConstraintsRecovery\assets\tankwar\asset17",13,13,"G4","TankWar_P1|TankWar_P2|TankWar_P3|TankWar_P4|TankWar_P5","TankWar_P1|TankWar_P2|TankWar_P3|TankWar_P4|TankWar_P5"
"E144","FIELD","prioritaet","Option.prioritaet","C:\Users\JBNU\git\ConstraintsRecovery\assets\tankwar\asset17",14,14,"G4","TankWar_P1|TankWar_P2|TankWar_P3|TankWar_P4|TankWar_P5","TankWar_P1|TankWar_P2|TankWar_P3|TankWar_P4|TankWar_P5"
"E145","CONSTRUCTOR","Option","Option.Option","C:\Users\JBNU\git\ConstraintsRecovery\assets\tankwar\asset17",15,21,"G4","TankWar_P1|TankWar_P2|TankWar_P3|TankWar_P4|TankWar_P5","TankWar_P1|TankWar_P2|TankWar_P3|TankWar_P4|TankWar_P5"
"E146","CONSTRUCTOR","Option","Option.Option","C:\Users\JBNU\git\ConstraintsRecovery\assets\tankwar\asset17",22,28,"G4","TankWar_P1|TankWar_P2|TankWar_P3|TankWar_P4|TankWar_P5","TankWar_P1|TankWar_P2|TankWar_P3|TankWar_P4|TankWar_P5"
"E147","CONSTRUCTOR","Option","Option.Option","C:\Users\JBNU\git\ConstraintsRecovery\assets\tankwar\asset17",29,35,"G4","TankWar_P1|TankWar_P2|TankWar_P3|TankWar_P4|TankWar_P5","TankWar_P1|TankWar_P2|TankWar_P3|TankWar_P4|TankWar_P5"
"E148","INTERFACE","GameManager$$TankWar","GameManager$$TankWar","C:\Users\JBNU\git\ConstraintsRecovery\assets\tankwar\asset18",10,35,"G7","TankWar_P1|TankWar_P3|TankWar_P4|TankWar_P5","TankWar_P1|TankWar_P3|TankWar_P4|TankWar_P5"
"E149","INTERFACE","GameManager","GameManager","C:\Users\JBNU\git\ConstraintsRecovery\assets\tankwar\asset18",12,35,"G12","TankWar_P2","TankWar_P2"
"E150","FIELD","MAIN_MENU","GameManager$$TankWar.MAIN_MENU","C:\Users\JBNU\git\ConstraintsRecovery\assets\tankwar\asset18",14,14,"G4","TankWar_P1|TankWar_P2|TankWar_P3|TankWar_P4|TankWar_P5","TankWar_P1|TankWar_P3|TankWar_P4|TankWar_P5"
"E151","FIELD","MAIN_MENU","GameManager.MAIN_MENU","C:\Users\JBNU\git\ConstraintsRecovery\assets\tankwar\asset18",14,14,"G4","TankWar_P1|TankWar_P2|TankWar_P3|TankWar_P4|TankWar_P5","TankWar_P2"
"E152","FIELD","TANK_WAEHLEN","GameManager$$TankWar.TANK_WAEHLEN","C:\Users\JBNU\git\ConstraintsRecovery\assets\tankwar\asset18",15,15,"G4","TankWar_P1|TankWar_P2|TankWar_P3|TankWar_P4|TankWar_P5","TankWar_P1|TankWar_P3|TankWar_P4|TankWar_P5"
"E153","FIELD","TANK_WAEHLEN","GameManager.TANK_WAEHLEN","C:\Users\JBNU\git\ConstraintsRecovery\assets\tankwar\asset18",15,15,"G4","TankWar_P1|TankWar_P2|TankWar_P3|TankWar_P4|TankWar_P5","TankWar_P2"
"E154","FIELD","SPIELEN","GameManager$$TankWar.SPIELEN","C:\Users\JBNU\git\ConstraintsRecovery\assets\tankwar\asset18",16,16,"G4","TankWar_P1|TankWar_P2|TankWar_P3|TankWar_P4|TankWar_P5","TankWar_P1|TankWar_P3|TankWar_P4|TankWar_P5"
"E155","FIELD","SPIELEN","GameManager.SPIELEN","C:\Users\JBNU\git\ConstraintsRecovery\assets\tankwar\asset18",16,16,"G4","TankWar_P1|TankWar_P2|TankWar_P3|TankWar_P4|TankWar_P5","TankWar_P2"
"E156","FIELD","NOTE","GameManager$$TankWar.NOTE","C:\Users\JBNU\git\ConstraintsRecovery\assets\tankwar\asset18",17,17,"G4","TankWar_P1|TankWar_P2|TankWar_P3|TankWar_P4|TankWar_P5","TankWar_P1|TankWar_P3|TankWar_P4|TankWar_P5"
"E157","FIELD","NOTE","GameManager.NOTE","C:\Users\JBNU\git\ConstraintsRecovery\assets\tankwar\asset18",17,17,"G4","TankWar_P1|TankWar_P2|TankWar_P3|TankWar_P4|TankWar_P5","TankWar_P2"
"E158","FIELD","HELP","GameManager$$TankWar.HELP","C:\Users\JBNU\git\ConstraintsRecovery\assets\tankwar\asset18",18,18,"G4","TankWar_P1|TankWar_P2|TankWar_P3|TankWar_P4|TankWar_P5","TankWar_P1|TankWar_P3|TankWar_P4|TankWar_P5"
"E159","FIELD","HELP","GameManager.HELP","C:\Users\JBNU\git\ConstraintsRecovery\assets\tankwar\asset18",18,18,"G4","TankWar_P1|TankWar_P2|TankWar_P3|TankWar_P4|TankWar_P5","TankWar_P2"
"E160","FIELD","LIAN_WANG","GameManager$$TankWar.LIAN_WANG","C:\Users\JBNU\git\ConstraintsRecovery\assets\tankwar\asset18",19,19,"G4","TankWar_P1|TankWar_P2|TankWar_P3|TankWar_P4|TankWar_P5","TankWar_P1|TankWar_P3|TankWar_P4|TankWar_P5"
"E161","FIELD","LIAN_WANG","GameManager.LIAN_WANG","C:\Users\JBNU\git\ConstraintsRecovery\assets\tankwar\asset18",19,19,"G4","TankWar_P1|TankWar_P2|TankWar_P3|TankWar_P4|TankWar_P5","TankWar_P2"
"E162","FIELD","BANG_ZHU","GameManager$$TankWar.BANG_ZHU","C:\Users\JBNU\git\ConstraintsRecovery\assets\tankwar\asset18",20,20,"G4","TankWar_P1|TankWar_P2|TankWar_P3|TankWar_P4|TankWar_P5","TankWar_P1|TankWar_P3|TankWar_P4|TankWar_P5"
"E163","FIELD","BANG_ZHU","GameManager.BANG_ZHU","C:\Users\JBNU\git\ConstraintsRecovery\assets\tankwar\asset18",20,20,"G4","TankWar_P1|TankWar_P2|TankWar_P3|TankWar_P4|TankWar_P5","TankWar_P2"
"E164","FIELD","KAI_FA","GameManager$$TankWar.KAI_FA","C:\Users\JBNU\git\ConstraintsRecovery\assets\tankwar\asset18",21,21,"G4","TankWar_P1|TankWar_P2|TankWar_P3|TankWar_P4|TankWar_P5","TankWar_P1|TankWar_P3|TankWar_P4|TankWar_P5"
"E165","FIELD","KAI_FA","GameManager.KAI_FA","C:\Users\JBNU\git\ConstraintsRecovery\assets\tankwar\asset18",21,21,"G4","TankWar_P1|TankWar_P2|TankWar_P3|TankWar_P4|TankWar_P5","TankWar_P2"
"E166","FIELD","PAUSE","GameManager$$TankWar.PAUSE","C:\Users\JBNU\git\ConstraintsRecovery\assets\tankwar\asset18",22,22,"G4","TankWar_P1|TankWar_P2|TankWar_P3|TankWar_P4|TankWar_P5","TankWar_P1|TankWar_P3|TankWar_P4|TankWar_P5"
"E167","FIELD","PAUSE","GameManager.PAUSE","C:\Users\JBNU\git\ConstraintsRecovery\assets\tankwar\asset18",22,22,"G4","TankWar_P1|TankWar_P2|TankWar_P3|TankWar_P4|TankWar_P5","TankWar_P2"
"E168","FIELD","EXIT","GameManager$$TankWar.EXIT","C:\Users\JBNU\git\ConstraintsRecovery\assets\tankwar\asset18",23,23,"G4","TankWar_P1|TankWar_P2|TankWar_P3|TankWar_P4|TankWar_P5","TankWar_P1|TankWar_P3|TankWar_P4|TankWar_P5"
"E169","FIELD","EXIT","GameManager.EXIT","C:\Users\JBNU\git\ConstraintsRecovery\assets\tankwar\asset18",23,23,"G4","TankWar_P1|TankWar_P2|TankWar_P3|TankWar_P4|TankWar_P5","TankWar_P2"
"E170","FIELD","NAME_VERGEBEN","GameManager$$TankWar.NAME_VERGEBEN","C:\Users\JBNU\git\ConstraintsRecovery\assets\tankwar\asset18",24,24,"G4","TankWar_P1|TankWar_P2|TankWar_P3|TankWar_P4|TankWar_P5","TankWar_P1|TankWar_P3|TankWar_P4|TankWar_P5"
"E171","FIELD","NAME_VERGEBEN","GameManager.NAME_VERGEBEN","C:\Users\JBNU\git\ConstraintsRecovery\assets\tankwar\asset18",24,24,"G4","TankWar_P1|TankWar_P2|TankWar_P3|TankWar_P4|TankWar_P5","TankWar_P2"
"E172","FIELD","LOSE","GameManager$$TankWar.LOSE","C:\Users\JBNU\git\ConstraintsRecovery\assets\tankwar\asset18",25,25,"G4","TankWar_P1|TankWar_P2|TankWar_P3|TankWar_P4|TankWar_P5","TankWar_P1|TankWar_P3|TankWar_P4|TankWar_P5"
"E173","FIELD","LOSE","GameManager.LOSE","C:\Users\JBNU\git\ConstraintsRecovery\assets\tankwar\asset18",25,25,"G4","TankWar_P1|TankWar_P2|TankWar_P3|TankWar_P4|TankWar_P5","TankWar_P2"
"E174","FIELD","LEVEL","GameManager$$TankWar.LEVEL","C:\Users\JBNU\git\ConstraintsRecovery\assets\tankwar\asset18",26,26,"G4","TankWar_P1|TankWar_P2|TankWar_P3|TankWar_P4|TankWar_P5","TankWar_P1|TankWar_P3|TankWar_P4|TankWar_P5"
"E175","FIELD","LEVEL","GameManager.LEVEL","C:\Users\JBNU\git\ConstraintsRecovery\assets\tankwar\asset18",26,26,"G4","TankWar_P1|TankWar_P2|TankWar_P3|TankWar_P4|TankWar_P5","TankWar_P2"
"E176","FIELD","WIN","GameManager$$TankWar.WIN","C:\Users\JBNU\git\ConstraintsRecovery\assets\tankwar\asset18",27,27,"G4","TankWar_P1|TankWar_P2|TankWar_P3|TankWar_P4|TankWar_P5","TankWar_P1|TankWar_P3|TankWar_P4|TankWar_P5"
"E177","FIELD","WIN","GameManager.WIN","C:\Users\JBNU\git\ConstraintsRecovery\assets\tankwar\asset18",27,27,"G4","TankWar_P1|TankWar_P2|TankWar_P3|TankWar_P4|TankWar_P5","TankWar_P2"
"E178","METHOD","aktualisieren","GameManager$$TankWar.aktualisieren","C:\Users\JBNU\git\ConstraintsRecovery\assets\tankwar\asset18",28,28,"G4","TankWar_P1|TankWar_P2|TankWar_P3|TankWar_P4|TankWar_P5","TankWar_P1|TankWar_P3|TankWar_P4|TankWar_P5"
"E179","METHOD","aktualisieren","GameManager.aktualisieren","C:\Users\JBNU\git\ConstraintsRecovery\assets\tankwar\asset18",28,28,"G4","TankWar_P1|TankWar_P2|TankWar_P3|TankWar_P4|TankWar_P5","TankWar_P2"
"E180","METHOD","malenkontrolle","GameManager$$TankWar.malenkontrolle","C:\Users\JBNU\git\ConstraintsRecovery\assets\tankwar\asset18",29,29,"G4","TankWar_P1|TankWar_P2|TankWar_P3|TankWar_P4|TankWar_P5","TankWar_P1|TankWar_P3|TankWar_P4|TankWar_P5"
"E181","METHOD","malenkontrolle","GameManager.malenkontrolle","C:\Users\JBNU\git\ConstraintsRecovery\assets\tankwar\asset18",29,29,"G4","TankWar_P1|TankWar_P2|TankWar_P3|TankWar_P4|TankWar_P5","TankWar_P2"
"E182","METHOD","keyPressBehandeln","GameManager$$TankWar.keyPressBehandeln","C:\Users\JBNU\git\ConstraintsRecovery\assets\tankwar\asset18",30,30,"G4","TankWar_P1|TankWar_P2|TankWar_P3|TankWar_P4|TankWar_P5","TankWar_P1|TankWar_P3|TankWar_P4|TankWar_P5"
"E183","METHOD","keyPressBehandeln","GameManager.keyPressBehandeln","C:\Users\JBNU\git\ConstraintsRecovery\assets\tankwar\asset18",30,30,"G4","TankWar_P1|TankWar_P2|TankWar_P3|TankWar_P4|TankWar_P5","TankWar_P2"
"E184","METHOD","keyReleaseBehandeln","GameManager$$TankWar.keyReleaseBehandeln","C:\Users\JBNU\git\ConstraintsRecovery\assets\tankwar\asset18",31,31,"G4","TankWar_P1|TankWar_P2|TankWar_P3|TankWar_P4|TankWar_P5","TankWar_P1|TankWar_P3|TankWar_P4|TankWar_P5"
"E185","METHOD","keyReleaseBehandeln","GameManager.keyReleaseBehandeln","C:\Users\JBNU\git\ConstraintsRecovery\assets\tankwar\asset18",31,31,"G4","TankWar_P1|TankWar_P2|TankWar_P3|TankWar_P4|TankWar_P5","TankWar_P2"
"E186","METHOD","setStatus","GameManager$$TankWar.setStatus","C:\Users\JBNU\git\ConstraintsRecovery\assets\tankwar\asset18",32,32,"G4","TankWar_P1|TankWar_P2|TankWar_P3|TankWar_P4|TankWar_P5","TankWar_P1|TankWar_P3|TankWar_P4|TankWar_P5"
"E187","METHOD","setStatus","GameManager.setStatus","C:\Users\JBNU\git\ConstraintsRecovery\assets\tankwar\asset18",32,32,"G4","TankWar_P1|TankWar_P2|TankWar_P3|TankWar_P4|TankWar_P5","TankWar_P2"
"E188","METHOD","getBlood","GameManager$$TankWar.getBlood","C:\Users\JBNU\git\ConstraintsRecovery\assets\tankwar\asset18",33,33,"G4","TankWar_P1|TankWar_P2|TankWar_P3|TankWar_P4|TankWar_P5","TankWar_P1|TankWar_P3|TankWar_P4|TankWar_P5"
"E189","METHOD","getBlood","GameManager.getBlood","C:\Users\JBNU\git\ConstraintsRecovery\assets\tankwar\asset18",33,33,"G4","TankWar_P1|TankWar_P2|TankWar_P3|TankWar_P4|TankWar_P5","TankWar_P2"
"E190","METHOD","getTankMenge","GameManager$$TankWar.getTankMenge","C:\Users\JBNU\git\ConstraintsRecovery\assets\tankwar\asset18",34,34,"G4","TankWar_P1|TankWar_P2|TankWar_P3|TankWar_P4|TankWar_P5","TankWar_P1|TankWar_P3|TankWar_P4|TankWar_P5"
"E191","METHOD","getTankMenge","GameManager.getTankMenge","C:\Users\JBNU\git\ConstraintsRecovery\assets\tankwar\asset18",34,34,"G4","TankWar_P1|TankWar_P2|TankWar_P3|TankWar_P4|TankWar_P5","TankWar_P2"
"E192","CLASS","Tool$$Tools","Tool$$Tools","C:\Users\JBNU\git\ConstraintsRecovery\assets\tankwar\asset19",9,51,"G4","TankWar_P1|TankWar_P2|TankWar_P3|TankWar_P4|TankWar_P5","TankWar_P1|TankWar_P2|TankWar_P3|TankWar_P4|TankWar_P5"
"E193","FIELD","time","Tool$$Tools.time","C:\Users\JBNU\git\ConstraintsRecovery\assets\tankwar\asset19",10,10,"G4","TankWar_P1|TankWar_P2|TankWar_P3|TankWar_P4|TankWar_P5","TankWar_P1|TankWar_P2|TankWar_P3|TankWar_P4|TankWar_P5"
"E194","FIELD","currTime","Tool$$Tools.currTime","C:\Users\JBNU\git\ConstraintsRecovery\assets\tankwar\asset19",11,11,"G4","TankWar_P1|TankWar_P2|TankWar_P3|TankWar_P4|TankWar_P5","TankWar_P1|TankWar_P2|TankWar_P3|TankWar_P4|TankWar_P5"
"E195","FIELD","tankId","Tool$$Tools.tankId","C:\Users\JBNU\git\ConstraintsRecovery\assets\tankwar\asset19",12,12,"G4","TankWar_P1|TankWar_P2|TankWar_P3|TankWar_P4|TankWar_P5","TankWar_P1|TankWar_P2|TankWar_P3|TankWar_P4|TankWar_P5"
"E196","CONSTRUCTOR","Tool$$Tools","Tool$$Tools.Tool$$Tools","C:\Users\JBNU\git\ConstraintsRecovery\assets\tankwar\asset19",13,15,"G4","TankWar_P1|TankWar_P2|TankWar_P3|TankWar_P4|TankWar_P5","TankWar_P1|TankWar_P2|TankWar_P3|TankWar_P4|TankWar_P5"
"E197","METHOD","init","Tool$$Tools.init","C:\Users\JBNU\git\ConstraintsRecovery\assets\tankwar\asset19",16,20,"G4","TankWar_P1|TankWar_P2|TankWar_P3|TankWar_P4|TankWar_P5","TankWar_P1|TankWar_P2|TankWar_P3|TankWar_P4|TankWar_P5"
"E198","METHOD","malen","Tool$$Tools.malen","C:\Users\JBNU\git\ConstraintsRecovery\assets\tankwar\asset19",21,32,"G4","TankWar_P1|TankWar_P2|TankWar_P3|TankWar_P4|TankWar_P5","TankWar_P1|TankWar_P2|TankWar_P3|TankWar_P4|TankWar_P5"
"E199","METHOD","toolMalen","Tool$$Tools.toolMalen","C:\Users\JBNU\git\ConstraintsRecovery\assets\tankwar\asset19",33,35,"G4","TankWar_P1|TankWar_P2|TankWar_P3|TankWar_P4|TankWar_P5","TankWar_P1|TankWar_P2|TankWar_P3|TankWar_P4|TankWar_P5"
"E200","METHOD","treffenErkennen","Tool$$Tools.treffenErkennen","C:\Users\JBNU\git\ConstraintsRecovery\assets\tankwar\asset19",36,47,"G4","TankWar_P1|TankWar_P2|TankWar_P3|TankWar_P4|TankWar_P5","TankWar_P1|TankWar_P2|TankWar_P3|TankWar_P4|TankWar_P5"
"E201","METHOD","remove","Tool$$Tools.remove","C:\Users\JBNU\git\ConstraintsRecovery\assets\tankwar\asset19",48,50,"G4","TankWar_P1|TankWar_P2|TankWar_P3|TankWar_P4|TankWar_P5","TankWar_P1|TankWar_P2|TankWar_P3|TankWar_P4|TankWar_P5"
"E202","CLASS","Maler$$PC","Maler$$PC","C:\Users\JBNU\git\ConstraintsRecovery\assets\tankwar\asset2",29,332,"G4","TankWar_P1|TankWar_P2|TankWar_P3|TankWar_P4|TankWar_P5","TankWar_P1|TankWar_P2|TankWar_P3|TankWar_P4|TankWar_P5"
"E203","FIELD","gameManager","Maler$$PC.gameManager","C:\Users\JBNU\git\ConstraintsRecovery\assets\tankwar\asset2",30,30,"G4","TankWar_P1|TankWar_P2|TankWar_P3|TankWar_P4|TankWar_P5","TankWar_P1|TankWar_P2|TankWar_P3|TankWar_P4|TankWar_P5"
"E204","FIELD","GAME_WIDTH","Maler$$PC.GAME_WIDTH","C:\Users\JBNU\git\ConstraintsRecovery\assets\tankwar\asset2",31,31,"G4","TankWar_P1|TankWar_P2|TankWar_P3|TankWar_P4|TankWar_P5","TankWar_P1|TankWar_P2|TankWar_P3|TankWar_P4|TankWar_P5"
"E205","FIELD","GAME_HEIGHT","Maler$$PC.GAME_HEIGHT","C:\Users\JBNU\git\ConstraintsRecovery\assets\tankwar\asset2",32,32,"G4","TankWar_P1|TankWar_P2|TankWar_P3|TankWar_P4|TankWar_P5","TankWar_P1|TankWar_P2|TankWar_P3|TankWar_P4|TankWar_P5"
"E206","FIELD","gTemp","Maler$$PC.gTemp","C:\Users\JBNU\git\ConstraintsRecovery\assets\tankwar\asset2",33,33,"G4","TankWar_P1|TankWar_P2|TankWar_P3|TankWar_P4|TankWar_P5","TankWar_P1|TankWar_P2|TankWar_P3|TankWar_P4|TankWar_P5"
"E207","FIELD","offScreenImage","Maler$$PC.offScreenImage","C:\Users\JBNU\git\ConstraintsRecovery\assets\tankwar\asset2",34,34,"G4","TankWar_P1|TankWar_P2|TankWar_P3|TankWar_P4|TankWar_P5","TankWar_P1|TankWar_P2|TankWar_P3|TankWar_P4|TankWar_P5"
"E208","FIELD","menu","Maler$$PC.menu","C:\Users\JBNU\git\ConstraintsRecovery\assets\tankwar\asset2",35,35,"G4","TankWar_P1|TankWar_P2|TankWar_P3|TankWar_P4|TankWar_P5","TankWar_P1|TankWar_P2|TankWar_P3|TankWar_P4|TankWar_P5"
"E209","FIELD","frame","Maler$$PC.frame","C:\Users\JBNU\git\ConstraintsRecovery\assets\tankwar\asset2",36,36,"G4","TankWar_P1|TankWar_P2|TankWar_P3|TankWar_P4|TankWar_P5","TankWar_P1|TankWar_P2|TankWar_P3|TankWar_P4|TankWar_P5"
"E210","FIELD","infoPanel","Maler$$PC.infoPanel","C:\Users\JBNU\git\ConstraintsRecovery\assets\tankwar\asset2",37,37,"G4","TankWar_P1|TankWar_P2|TankWar_P3|TankWar_P4|TankWar_P5","TankWar_P1|TankWar_P2|TankWar_P3|TankWar_P4|TankWar_P5"
"E211","FIELD","infoWidth","Maler$$PC.infoWidth","C:\Users\JBNU\git\ConstraintsRecovery\assets\tankwar\asset2",38,38,"G4","TankWar_P1|TankWar_P2|TankWar_P3|TankWar_P4|TankWar_P5","TankWar_P1|TankWar_P2|TankWar_P3|TankWar_P4|TankWar_P5"
"E212","FIELD","status","Maler$$PC.status","C:\Users\JBNU\git\ConstraintsRecovery\assets\tankwar\asset2",39,39,"G4","TankWar_P1|TankWar_P2|TankWar_P3|TankWar_P4|TankWar_P5","TankWar_P1|TankWar_P2|TankWar_P3|TankWar_P4|TankWar_P5"
"E213","FIELD","time","Maler$$PC.time","C:\Users\JBNU\git\ConstraintsRecovery\assets\tankwar\asset2",40,40,"G4","TankWar_P1|TankWar_P2|TankWar_P3|TankWar_P4|TankWar_P5","TankWar_P1|TankWar_P2|TankWar_P3|TankWar_P4|TankWar_P5"
"E214","FIELD","tankType","Maler$$PC.tankType","C:\Users\JBNU\git\ConstraintsRecovery\assets\tankwar\asset2",41,41,"G4","TankWar_P1|TankWar_P2|TankWar_P3|TankWar_P4|TankWar_P5","TankWar_P1|TankWar_P2|TankWar_P3|TankWar_P4|TankWar_P5"
"E215","FIELD","tk","Maler$$PC.tk","C:\Users\JBNU\git\ConstraintsRecovery\assets\tankwar\asset2",42,42,"G4","TankWar_P1|TankWar_P2|TankWar_P3|TankWar_P4|TankWar_P5","TankWar_P1|TankWar_P2|TankWar_P3|TankWar_P4|TankWar_P5"
"E216","FIELD","random","Maler$$PC.random","C:\Users\JBNU\git\ConstraintsRecovery\assets\tankwar\asset2",43,43,"G4","TankWar_P1|TankWar_P2|TankWar_P3|TankWar_P4|TankWar_P5","TankWar_P1|TankWar_P2|TankWar_P3|TankWar_P4|TankWar_P5"
"E217","CONSTRUCTOR","Maler$$PC","Maler$$PC.Maler$$PC","C:\Users\JBNU\git\ConstraintsRecovery\assets\tankwar\asset2",44,46,"G4","TankWar_P1|TankWar_P2|TankWar_P3|TankWar_P4|TankWar_P5","TankWar_P1|TankWar_P2|TankWar_P3|TankWar_P4|TankWar_P5"
"E218","METHOD","init","Maler$$PC.init","C:\Users\JBNU\git\ConstraintsRecovery\assets\tankwar\asset2",47,64,"G4","TankWar_P1|TankWar_P2|TankWar_P3|TankWar_P4|TankWar_P5","TankWar_P1|TankWar_P2|TankWar_P3|TankWar_P4|TankWar_P5"
"E219","METHOD","windowClosing","Maler$$PC.windowClosing.init","C:\Users\JBNU\git\ConstraintsRecovery\assets\tankwar\asset2",54,56,"G4","TankWar_P1|TankWar_P2|TankWar_P3|TankWar_P4|TankWar_P5","TankWar_P1|TankWar_P2|TankWar_P3|TankWar_P4|TankWar_P5"
"E220","METHOD","gamesize","Maler$$PC.gamesize","C:\Users\JBNU\git\ConstraintsRecovery\assets\tankwar\asset2",65,66,"G4","TankWar_P1|TankWar_P2|TankWar_P3|TankWar_P4|TankWar_P5","TankWar_P1|TankWar_P2|TankWar_P3|TankWar_P4|TankWar_P5"
"E221","METHOD","paint","Maler$$PC.paint","C:\Users\JBNU\git\ConstraintsRecovery\assets\tankwar\asset2",67,72,"G4","TankWar_P1|TankWar_P2|TankWar_P3|TankWar_P4|TankWar_P5","TankWar_P1|TankWar_P2|TankWar_P3|TankWar_P4|TankWar_P5"
"E222","METHOD","mainMenu","Maler$$PC.mainMenu","C:\Users\JBNU\git\ConstraintsRecovery\assets\tankwar\asset2",73,78,"G4","TankWar_P1|TankWar_P2|TankWar_P3|TankWar_P4|TankWar_P5","TankWar_P1|TankWar_P2|TankWar_P3|TankWar_P4|TankWar_P5"
"E223","METHOD","mainMenuerstellen","Maler$$PC.mainMenuerstellen","C:\Users\JBNU\git\ConstraintsRecovery\assets\tankwar\asset2",79,91,"G4","TankWar_P1|TankWar_P2|TankWar_P3|TankWar_P4|TankWar_P5","TankWar_P1|TankWar_P2|TankWar_P3|TankWar_P4|TankWar_P5"
"E224","METHOD","tankWaehlen","Maler$$PC.tankWaehlen","C:\Users\JBNU\git\ConstraintsRecovery\assets\tankwar\asset2",92,97,"G4","TankWar_P1|TankWar_P2|TankWar_P3|TankWar_P4|TankWar_P5","TankWar_P1|TankWar_P2|TankWar_P3|TankWar_P4|TankWar_P5"
"E225","METHOD","tankErstellen","Maler$$PC.tankErstellen","C:\Users\JBNU\git\ConstraintsRecovery\assets\tankwar\asset2",98,104,"G4","TankWar_P1|TankWar_P2|TankWar_P3|TankWar_P4|TankWar_P5","TankWar_P1|TankWar_P2|TankWar_P3|TankWar_P4|TankWar_P5"
"E226","METHOD","help","Maler$$PC.help","C:\Users\JBNU\git\ConstraintsRecovery\assets\tankwar\asset2",105,110,"G4","TankWar_P1|TankWar_P2|TankWar_P3|TankWar_P4|TankWar_P5","TankWar_P1|TankWar_P2|TankWar_P3|TankWar_P4|TankWar_P5"
"E227","METHOD","helpItemErstellen","Maler$$PC.helpItemErstellen","C:\Users\JBNU\git\ConstraintsRecovery\assets\tankwar\asset2",111,116,"G4","TankWar_P1|TankWar_P2|TankWar_P3|TankWar_P4|TankWar_P5","TankWar_P1|TankWar_P2|TankWar_P3|TankWar_P4|TankWar_P5"
"E228","METHOD","loadImage","Maler$$PC.loadImage","C:\Users\JBNU\git\ConstraintsRecovery\assets\tankwar\asset2",117,123,"G4","TankWar_P1|TankWar_P2|TankWar_P3|TankWar_P4|TankWar_P5","TankWar_P1|TankWar_P2|TankWar_P3|TankWar_P4|TankWar_P5"
"E229","METHOD","gameLevel","Maler$$PC.gameLevel","C:\Users\JBNU\git\ConstraintsRecovery\assets\tankwar\asset2",124,145,"G4","TankWar_P1|TankWar_P2|TankWar_P3|TankWar_P4|TankWar_P5","TankWar_P1|TankWar_P2|TankWar_P3|TankWar_P4|TankWar_P5"
"E230","METHOD","gameLose","Maler$$PC.gameLose","C:\Users\JBNU\git\ConstraintsRecovery\assets\tankwar\asset2",146,166,"G4","TankWar_P1|TankWar_P2|TankWar_P3|TankWar_P4|TankWar_P5","TankWar_P1|TankWar_P2|TankWar_P3|TankWar_P4|TankWar_P5"
"E231","METHOD","gameWin","Maler$$PC.gameWin","C:\Users\JBNU\git\ConstraintsRecovery\assets\tankwar\asset2",167,187,"G4","TankWar_P1|TankWar_P2|TankWar_P3|TankWar_P4|TankWar_P5","TankWar_P1|TankWar_P2|TankWar_P3|TankWar_P4|TankWar_P5"
"E232","METHOD","gameExit","Maler$$PC.gameExit","C:\Users\JBNU\git\ConstraintsRecovery\assets\tankwar\asset2",188,202,"G4","TankWar_P1|TankWar_P2|TankWar_P3|TankWar_P4|TankWar_P5","TankWar_P1|TankWar_P2|TankWar_P3|TankWar_P4|TankWar_P5"
"E233","METHOD","gamescreenstart","Maler$$PC.gamescreenstart","C:\Users\JBNU\git\ConstraintsRecovery\assets\tankwar\asset2",203,210,"G4","TankWar_P1|TankWar_P2|TankWar_P3|TankWar_P4|TankWar_P5","TankWar_P1|TankWar_P2|TankWar_P3|TankWar_P4|TankWar_P5"
"E234","METHOD","pause","Maler$$PC.pause","C:\Users\JBNU\git\ConstraintsRecovery\assets\tankwar\asset2",211,221,"G4","TankWar_P1|TankWar_P2|TankWar_P3|TankWar_P4|TankWar_P5","TankWar_P1|TankWar_P2|TankWar_P3|TankWar_P4|TankWar_P5"
"E235","METHOD","keyPressedBehandeln","Maler$$PC.keyPressedBehandeln","C:\Users\JBNU\git\ConstraintsRecovery\assets\tankwar\asset2",222,226,"G4","TankWar_P1|TankWar_P2|TankWar_P3|TankWar_P4|TankWar_P5","TankWar_P1|TankWar_P2|TankWar_P3|TankWar_P4|TankWar_P5"
"E236","METHOD","menuBehandeln","Maler$$PC.menuBehandeln","C:\Users\JBNU\git\ConstraintsRecovery\assets\tankwar\asset2",227,287,"G4","TankWar_P1|TankWar_P2|TankWar_P3|TankWar_P4|TankWar_P5","TankWar_P1|TankWar_P2|TankWar_P3|TankWar_P4|TankWar_P5"
"E237","METHOD","keyReleased","Maler$$PC.keyReleased","C:\Users\JBNU\git\ConstraintsRecovery\assets\tankwar\asset2",288,290,"G4","TankWar_P1|TankWar_P2|TankWar_P3|TankWar_P4|TankWar_P5","TankWar_P1|TankWar_P2|TankWar_P3|TankWar_P4|TankWar_P5"
"E238","METHOD","update","Maler$$PC.update","C:\Users\JBNU\git\ConstraintsRecovery\assets\tankwar\asset2",291,303,"G4","TankWar_P1|TankWar_P2|TankWar_P3|TankWar_P4|TankWar_P5","TankWar_P1|TankWar_P2|TankWar_P3|TankWar_P4|TankWar_P5"
"E239","METHOD","getScreenWidth","Maler$$PC.getScreenWidth","C:\Users\JBNU\git\ConstraintsRecovery\assets\tankwar\asset2",304,306,"G4","TankWar_P1|TankWar_P2|TankWar_P3|TankWar_P4|TankWar_P5","TankWar_P1|TankWar_P2|TankWar_P3|TankWar_P4|TankWar_P5"
"E240","METHOD","getScreenHeight","Maler$$PC.getScreenHeight","C:\Users\JBNU\git\ConstraintsRecovery\assets\tankwar\asset2",307,309,"G4","TankWar_P1|TankWar_P2|TankWar_P3|TankWar_P4|TankWar_P5","TankWar_P1|TankWar_P2|TankWar_P3|TankWar_P4|TankWar_P5"
"E241","METHOD","setColor","Maler$$PC.setColor","C:\Users\JBNU\git\ConstraintsRecovery\assets\tankwar\asset2",310,313,"G4","TankWar_P1|TankWar_P2|TankWar_P3|TankWar_P4|TankWar_P5","TankWar_P1|TankWar_P2|TankWar_P3|TankWar_P4|TankWar_P5"
"E242","METHOD","setStatus","Maler$$PC.setStatus","C:\Users\JBNU\git\ConstraintsRecovery\assets\tankwar\asset2",314,316,"G4","TankWar_P1|TankWar_P2|TankWar_P3|TankWar_P4|TankWar_P5","TankWar_P1|TankWar_P2|TankWar_P3|TankWar_P4|TankWar_P5"
"E243","METHOD","fillOvall","Maler$$PC.fillOvall","C:\Users\JBNU\git\ConstraintsRecovery\assets\tankwar\asset2",317,319,"G4","TankWar_P1|TankWar_P2|TankWar_P3|TankWar_P4|TankWar_P5","TankWar_P1|TankWar_P2|TankWar_P3|TankWar_P4|TankWar_P5"
"E244","METHOD","fillRect","Maler$$PC.fillRect","C:\Users\JBNU\git\ConstraintsRecovery\assets\tankwar\asset2",320,322,"G4","TankWar_P1|TankWar_P2|TankWar_P3|TankWar_P4|TankWar_P5","TankWar_P1|TankWar_P2|TankWar_P3|TankWar_P4|TankWar_P5"
"E245","METHOD","drawLine","Maler$$PC.drawLine","C:\Users\JBNU\git\ConstraintsRecovery\assets\tankwar\asset2",323,325,"G4","TankWar_P1|TankWar_P2|TankWar_P3|TankWar_P4|TankWar_P5","TankWar_P1|TankWar_P2|TankWar_P3|TankWar_P4|TankWar_P5"
"E246","METHOD","drawRect","Maler$$PC.drawRect","C:\Users\JBNU\git\ConstraintsRecovery\assets\tankwar\asset2",326,328,"G4","TankWar_P1|TankWar_P2|TankWar_P3|TankWar_P4|TankWar_P5","TankWar_P1|TankWar_P2|TankWar_P3|TankWar_P4|TankWar_P5"
"E247","METHOD","drawRoundRect","Maler$$PC.drawRoundRect","C:\Users\JBNU\git\ConstraintsRecovery\assets\tankwar\asset2",329,331,"G4","TankWar_P1|TankWar_P2|TankWar_P3|TankWar_P4|TankWar_P5","TankWar_P1|TankWar_P2|TankWar_P3|TankWar_P4|TankWar_P5"
"E248","CLASS","Tool","Tool","C:\Users\JBNU\git\ConstraintsRecovery\assets\tankwar\asset20",10,41,"G3","TankWar_P1|TankWar_P2|TankWar_P3","TankWar_P1|TankWar_P2|TankWar_P3"
"E249","CLASS","Tool","Tool","C:\Users\JBNU\git\ConstraintsRecovery\assets\tankwar\asset20",12,41,"G20","TankWar_P4","TankWar_P4"
"E250","CLASS","Tool","Tool","C:\Users\JBNU\git\ConstraintsRecovery\assets\tankwar\asset20",14,41,"G22","TankWar_P5","TankWar_P5"
"E251","CONSTRUCTOR","Tool","Tool.Tool","C:\Users\JBNU\git\ConstraintsRecovery\assets\tankwar\asset20",16,18,"G4","TankWar_P1|TankWar_P2|TankWar_P3|TankWar_P4|TankWar_P5","TankWar_P1|TankWar_P2|TankWar_P3|TankWar_P4|TankWar_P5"
"E252","METHOD","toolMalen","Tool.toolMalen","C:\Users\JBNU\git\ConstraintsRecovery\assets\tankwar\asset20",19,40,"G4","TankWar_P1|TankWar_P2|TankWar_P3|TankWar_P4|TankWar_P5","TankWar_P1|TankWar_P2|TankWar_P3|TankWar_P4|TankWar_P5"
"E253","CLASS","MalerZeit","MalerZeit","C:\Users\JBNU\git\ConstraintsRecovery\assets\tankwar\asset21",9,24,"G4","TankWar_P1|TankWar_P2|TankWar_P3|TankWar_P4|TankWar_P5","TankWar_P1|TankWar_P2|TankWar_P3|TankWar_P4|TankWar_P5"
"E254","FIELD","gameManager","MalerZeit.gameManager","C:\Users\JBNU\git\ConstraintsRecovery\assets\tankwar\asset21",10,10,"G4","TankWar_P1|TankWar_P2|TankWar_P3|TankWar_P4|TankWar_P5","TankWar_P1|TankWar_P2|TankWar_P3|TankWar_P4|TankWar_P5"
"E255","CONSTRUCTOR","MalerZeit","MalerZeit.MalerZeit","C:\Users\JBNU\git\ConstraintsRecovery\assets\tankwar\asset21",11,13,"G4","TankWar_P1|TankWar_P2|TankWar_P3|TankWar_P4|TankWar_P5","TankWar_P1|TankWar_P2|TankWar_P3|TankWar_P4|TankWar_P5"
"E256","METHOD","run","MalerZeit.run","C:\Users\JBNU\git\ConstraintsRecovery\assets\tankwar\asset21",14,23,"G4","TankWar_P1|TankWar_P2|TankWar_P3|TankWar_P4|TankWar_P5","TankWar_P1|TankWar_P2|TankWar_P3|TankWar_P4|TankWar_P5"
"E257","CLASS","GameObject","GameObject","C:\Users\JBNU\git\ConstraintsRecovery\assets\tankwar\asset22",10,80,"G4","TankWar_P1|TankWar_P2|TankWar_P3|TankWar_P4|TankWar_P5","TankWar_P1|TankWar_P2|TankWar_P3|TankWar_P4|TankWar_P5"
"E258","FIELD","tankManager","GameObject.tankManager","C:\Users\JBNU\git\ConstraintsRecovery\assets\tankwar\asset22",11,11,"G4","TankWar_P1|TankWar_P2|TankWar_P3|TankWar_P4|TankWar_P5","TankWar_P1|TankWar_P2|TankWar_P3|TankWar_P4|TankWar_P5"
"E259","FIELD","x_Koe","GameObject.x_Koe","C:\Users\JBNU\git\ConstraintsRecovery\assets\tankwar\asset22",12,12,"G4","TankWar_P1|TankWar_P2|TankWar_P3|TankWar_P4|TankWar_P5","TankWar_P1|TankWar_P2|TankWar_P3|TankWar_P4|TankWar_P5"
"E260","FIELD","x_Koordinate","GameObject.x_Koordinate","C:\Users\JBNU\git\ConstraintsRecovery\assets\tankwar\asset22",12,12,"G4","TankWar_P1|TankWar_P2|TankWar_P3|TankWar_P4|TankWar_P5","TankWar_P1|TankWar_P2|TankWar_P3|TankWar_P4|TankWar_P5"
"E261","FIELD","y_Koe","GameObject.y_Koe","C:\Users\JBNU\git\ConstraintsRecovery\assets\tankwar\asset22",12,12,"G4","TankWar_P1|TankWar_P2|TankWar_P3|TankWar_P4|TankWar_P5","TankWar_P1|TankWar_P2|TankWar_P3|TankWar_P4|TankWar_P5"
"E262","FIELD","y_Koordinate","GameObject.y_Koordinate","C:\Users\JBNU\git\ConstraintsRecovery\assets\tankwar\asset22",12,12,"G4","TankWar_P1|TankWar_P2|TankWar_P3|TankWar_P4|TankWar_P5","TankWar_P1|TankWar_P2|TankWar_P3|TankWar_P4|TankWar_P5"
"E263","FIELD","colorB","GameObject.colorB","C:\Users\JBNU\git\ConstraintsRecovery\assets\tankwar\asset22",13,13,"G4","TankWar_P1|TankWar_P2|TankWar_P3|TankWar_P4|TankWar_P5","TankWar_P1|TankWar_P2|TankWar_P3|TankWar_P4|TankWar_P5"
"E264","FIELD","colorG","GameObject.colorG","C:\Users\JBNU\git\ConstraintsRecovery\assets\tankwar\asset22",13,13,"G4","TankWar_P1|TankWar_P2|TankWar_P3|TankWar_P4|TankWar_P5","TankWar_P1|TankWar_P2|TankWar_P3|TankWar_P4|TankWar_P5"
"E265","FIELD","colorR","GameObject.colorR","C:\Users\JBNU\git\ConstraintsRecovery\assets\tankwar\asset22",13,13,"G4","TankWar_P1|TankWar_P2|TankWar_P3|TankWar_P4|TankWar_P5","TankWar_P1|TankWar_P2|TankWar_P3|TankWar_P4|TankWar_P5"
"E266","FIELD","objectType","GameObject.objectType","C:\Users\JBNU\git\ConstraintsRecovery\assets\tankwar\asset22",14,14,"G4","TankWar_P1|TankWar_P2|TankWar_P3|TankWar_P4|TankWar_P5","TankWar_P1|TankWar_P2|TankWar_P3|TankWar_P4|TankWar_P5"
"E267","FIELD","id","GameObject.id","C:\Users\JBNU\git\ConstraintsRecovery\assets\tankwar\asset22",15,15,"G4","TankWar_P1|TankWar_P2|TankWar_P3|TankWar_P4|TankWar_P5","TankWar_P1|TankWar_P2|TankWar_P3|TankWar_P4|TankWar_P5"
"E268","FIELD","objHeight","GameObject.objHeight","C:\Users\JBNU\git\ConstraintsRecovery\assets\tankwar\asset22",16,16,"G4","TankWar_P1|TankWar_P2|TankWar_P3|TankWar_P4|TankWar_P5","TankWar_P1|TankWar_P2|TankWar_P3|TankWar_P4|TankWar_P5"
"E269","FIELD","objHeight_Koe","GameObject.objHeight_Koe","C:\Users\JBNU\git\ConstraintsRecovery\assets\tankwar\asset22",16,16,"G4","TankWar_P1|TankWar_P2|TankWar_P3|TankWar_P4|TankWar_P5","TankWar_P1|TankWar_P2|TankWar_P3|TankWar_P4|TankWar_P5"
"E270","FIELD","objWidth","GameObject.objWidth","C:\Users\JBNU\git\ConstraintsRecovery\assets\tankwar\asset22",16,16,"G4","TankWar_P1|TankWar_P2|TankWar_P3|TankWar_P4|TankWar_P5","TankWar_P1|TankWar_P2|TankWar_P3|TankWar_P4|TankWar_P5"
"E271","FIELD","objWidth_Koe","GameObject.objWidth_Koe","C:\Users\JBNU\git\ConstraintsRecovery\assets\tankwar\asset22",16,16,"G4","TankWar_P1|TankWar_P2|TankWar_P3|TankWar_P4|TankWar_P5","TankWar_P1|TankWar_P2|TankWar_P3|TankWar_P4|TankWar_P5"
"E272","FIELD","zerstoerbarKeit","GameObject.zerstoerbarKeit","C:\Users\JBNU\git\ConstraintsRecovery\assets\tankwar\asset22",17,17,"G4","TankWar_P1|TankWar_P2|TankWar_P3|TankWar_P4|TankWar_P5","TankWar_P1|TankWar_P2|TankWar_P3|TankWar_P4|TankWar_P5"
"E273","CONSTRUCTOR","GameObject","GameObject.GameObject","C:\Users\JBNU\git\ConstraintsRecovery\assets\tankwar\asset22",18,20,"G4","TankWar_P1|TankWar_P2|TankWar_P3|TankWar_P4|TankWar_P5","TankWar_P1|TankWar_P2|TankWar_P3|TankWar_P4|TankWar_P5"
"E274","CONSTRUCTOR","GameObject","GameObject.GameObject","C:\Users\JBNU\git\ConstraintsRecovery\assets\tankwar\asset22",21,22,"G4","TankWar_P1|TankWar_P2|TankWar_P3|TankWar_P4|TankWar_P5","TankWar_P1|TankWar_P2|TankWar_P3|TankWar_P4|TankWar_P5"
"E275","METHOD","init","GameObject.init","C:\Users\JBNU\git\ConstraintsRecovery\assets\tankwar\asset22",23,35,"G4","TankWar_P1|TankWar_P2|TankWar_P3|TankWar_P4|TankWar_P5","TankWar_P1|TankWar_P2|TankWar_P3|TankWar_P4|TankWar_P5"
"E276","METHOD","malen","GameObject.malen","C:\Users\JBNU\git\ConstraintsRecovery\assets\tankwar\asset22",36,39,"G4","TankWar_P1|TankWar_P2|TankWar_P3|TankWar_P4|TankWar_P5","TankWar_P1|TankWar_P2|TankWar_P3|TankWar_P4|TankWar_P5"
"E277","METHOD","stossenGegen","GameObject.stossenGegen","C:\Users\JBNU\git\ConstraintsRecovery\assets\tankwar\asset22",40,50,"G4","TankWar_P1|TankWar_P2|TankWar_P3|TankWar_P4|TankWar_P5","TankWar_P1|TankWar_P2|TankWar_P3|TankWar_P4|TankWar_P5"
"E278","METHOD","stossenGegen","GameObject.stossenGegen","C:\Users\JBNU\git\ConstraintsRecovery\assets\tankwar\asset22",51,66,"G4","TankWar_P1|TankWar_P2|TankWar_P3|TankWar_P4|TankWar_P5","TankWar_P1|TankWar_P2|TankWar_P3|TankWar_P4|TankWar_P5"
"E279","METHOD","stossenGegen","GameObject.stossenGegen","C:\Users\JBNU\git\ConstraintsRecovery\assets\tankwar\asset22",67,69,"G4","TankWar_P1|TankWar_P2|TankWar_P3|TankWar_P4|TankWar_P5","TankWar_P1|TankWar_P2|TankWar_P3|TankWar_P4|TankWar_P5"
"E280","METHOD","getRund","GameObject.getRund","C:\Users\JBNU\git\ConstraintsRecovery\assets\tankwar\asset22",70,77,"G4","TankWar_P1|TankWar_P2|TankWar_P3|TankWar_P4|TankWar_P5","TankWar_P1|TankWar_P2|TankWar_P3|TankWar_P4|TankWar_P5"
"E281","METHOD","explodieren","GameObject.explodieren","C:\Users\JBNU\git\ConstraintsRecovery\assets\tankwar\asset22",78,79,"G4","TankWar_P1|TankWar_P2|TankWar_P3|TankWar_P4|TankWar_P5","TankWar_P1|TankWar_P2|TankWar_P3|TankWar_P4|TankWar_P5"
"E282","CLASS","Maler$$Re_fuer_PC","Maler$$Re_fuer_PC","C:\Users\JBNU\git\ConstraintsRecovery\assets\tankwar\asset23",26,99,"G7","TankWar_P1|TankWar_P3|TankWar_P4|TankWar_P5","TankWar_P1|TankWar_P3|TankWar_P4|TankWar_P5"
"E283","FIELD","textField","Maler$$Re_fuer_PC.textField","C:\Users\JBNU\git\ConstraintsRecovery\assets\tankwar\asset23",27,27,"G7","TankWar_P1|TankWar_P3|TankWar_P4|TankWar_P5","TankWar_P1|TankWar_P3|TankWar_P4|TankWar_P5"
"E284","FIELD","name","Maler$$Re_fuer_PC.name","C:\Users\JBNU\git\ConstraintsRecovery\assets\tankwar\asset23",28,28,"G7","TankWar_P1|TankWar_P3|TankWar_P4|TankWar_P5","TankWar_P1|TankWar_P3|TankWar_P4|TankWar_P5"
"E285","CONSTRUCTOR","Maler$$Re_fuer_PC","Maler$$Re_fuer_PC.Maler$$Re_fuer_PC","C:\Users\JBNU\git\ConstraintsRecovery\assets\tankwar\asset23",29,31,"G7","TankWar_P1|TankWar_P3|TankWar_P4|TankWar_P5","TankWar_P1|TankWar_P3|TankWar_P4|TankWar_P5"
"E286","METHOD","note","Maler$$Re_fuer_PC.note","C:\Users\JBNU\git\ConstraintsRecovery\assets\tankwar\asset23",32,44,"G7","TankWar_P1|TankWar_P3|TankWar_P4|TankWar_P5","TankWar_P1|TankWar_P3|TankWar_P4|TankWar_P5"
"E287","METHOD","nameVergeben","Maler$$Re_fuer_PC.nameVergeben","C:\Users\JBNU\git\ConstraintsRecovery\assets\tankwar\asset23",45,63,"G7","TankWar_P1|TankWar_P3|TankWar_P4|TankWar_P5","TankWar_P1|TankWar_P3|TankWar_P4|TankWar_P5"
"E288","METHOD","gameLose","Maler$$Re_fuer_PC.gameLose","C:\Users\JBNU\git\ConstraintsRecovery\assets\tankwar\asset23",64,69,"G7","TankWar_P1|TankWar_P3|TankWar_P4|TankWar_P5","TankWar_P1|TankWar_P3|TankWar_P4|TankWar_P5"
"E289","METHOD","gameWin","Maler$$Re_fuer_PC.gameWin","C:\Users\JBNU\git\ConstraintsRecovery\assets\tankwar\asset23",70,75,"G7","TankWar_P1|TankWar_P3|TankWar_P4|TankWar_P5","TankWar_P1|TankWar_P3|TankWar_P4|TankWar_P5"
"E290","METHOD","menuBehandeln","Maler$$Re_fuer_PC.menuBehandeln","C:\Users\JBNU\git\ConstraintsRecovery\assets\tankwar\asset23",76,94,"G7","TankWar_P1|TankWar_P3|TankWar_P4|TankWar_P5","TankWar_P1|TankWar_P3|TankWar_P4|TankWar_P5"
"E291","METHOD","mainMenuerstellen","Maler$$Re_fuer_PC.mainMenuerstellen","C:\Users\JBNU\git\ConstraintsRecovery\assets\tankwar\asset23",95,98,"G7","TankWar_P1|TankWar_P3|TankWar_P4|TankWar_P5","TankWar_P1|TankWar_P3|TankWar_P4|TankWar_P5"
"E292","CLASS","Note","Note","C:\Users\JBNU\git\ConstraintsRecovery\assets\tankwar\asset24",9,24,"G7","TankWar_P1|TankWar_P3|TankWar_P4|TankWar_P5","TankWar_P1|TankWar_P3|TankWar_P4|TankWar_P5"
"E293","FIELD","name","Note.name","C:\Users\JBNU\git\ConstraintsRecovery\assets\tankwar\asset24",10,10,"G7","TankWar_P1|TankWar_P3|TankWar_P4|TankWar_P5","TankWar_P1|TankWar_P3|TankWar_P4|TankWar_P5"
"E294","FIELD","note","Note.note","C:\Users\JBNU\git\ConstraintsRecovery\assets\tankwar\asset24",11,11,"G7","TankWar_P1|TankWar_P3|TankWar_P4|TankWar_P5","TankWar_P1|TankWar_P3|TankWar_P4|TankWar_P5"
"E295","CONSTRUCTOR","Note","Note.Note","C:\Users\JBNU\git\ConstraintsRecovery\assets\tankwar\asset24",12,23,"G7","TankWar_P1|TankWar_P3|TankWar_P4|TankWar_P5","TankWar_P1|TankWar_P3|TankWar_P4|TankWar_P5"
"E296","INTERFACE","GameManager","GameManager","C:\Users\JBNU\git\ConstraintsRecovery\assets\tankwar\asset25",8,10,"G7","TankWar_P1|TankWar_P3|TankWar_P4|TankWar_P5","TankWar_P1|TankWar_P3|TankWar_P4|TankWar_P5"
"E297","METHOD","writeScore","GameManager.writeScore","C:\Users\JBNU\git\ConstraintsRecovery\assets\tankwar\asset25",9,9,"G7","TankWar_P1|TankWar_P3|TankWar_P4|TankWar_P5","TankWar_P1|TankWar_P3|TankWar_P4|TankWar_P5"
"E298","CLASS","Tank$$Record","Tank$$Record","C:\Users\JBNU\git\ConstraintsRecovery\assets\tankwar\asset26",13,21,"G7","TankWar_P1|TankWar_P3|TankWar_P4|TankWar_P5","TankWar_P1|TankWar_P3|TankWar_P4|TankWar_P5"
"E299","CONSTRUCTOR","Tank$$Record","Tank$$Record.Tank$$Record","C:\Users\JBNU\git\ConstraintsRecovery\assets\tankwar\asset26",14,16,"G7","TankWar_P1|TankWar_P3|TankWar_P4|TankWar_P5","TankWar_P1|TankWar_P3|TankWar_P4|TankWar_P5"
"E300","METHOD","explodieren","Tank$$Record.explodieren","C:\Users\JBNU\git\ConstraintsRecovery\assets\tankwar\asset26",17,20,"G7","TankWar_P1|TankWar_P3|TankWar_P4|TankWar_P5","TankWar_P1|TankWar_P3|TankWar_P4|TankWar_P5"
"E301","CLASS","Record","Record","C:\Users\JBNU\git\ConstraintsRecovery\assets\tankwar\asset27",16,116,"G7","TankWar_P1|TankWar_P3|TankWar_P4|TankWar_P5","TankWar_P1|TankWar_P3|TankWar_P4|TankWar_P5"
"E302","FIELD","out","Record.out","C:\Users\JBNU\git\ConstraintsRecovery\assets\tankwar\asset27",17,17,"G7","TankWar_P1|TankWar_P3|TankWar_P4|TankWar_P5","TankWar_P1|TankWar_P3|TankWar_P4|TankWar_P5"
"E303","FIELD","in","Record.in","C:\Users\JBNU\git\ConstraintsRecovery\assets\tankwar\asset27",18,18,"G7","TankWar_P1|TankWar_P3|TankWar_P4|TankWar_P5","TankWar_P1|TankWar_P3|TankWar_P4|TankWar_P5"
"E304","FIELD","filename","Record.filename","C:\Users\JBNU\git\ConstraintsRecovery\assets\tankwar\asset27",19,19,"G7","TankWar_P1|TankWar_P3|TankWar_P4|TankWar_P5","TankWar_P1|TankWar_P3|TankWar_P4|TankWar_P5"
"E305","METHOD","writeNote","Record.writeNote","C:\Users\JBNU\git\ConstraintsRecovery\assets\tankwar\asset27",20,88,"G7","TankWar_P1|TankWar_P3|TankWar_P4|TankWar_P5","TankWar_P1|TankWar_P3|TankWar_P4|TankWar_P5"
"E306","METHOD","readNote","Record.readNote","C:\Users\JBNU\git\ConstraintsRecovery\assets\tankwar\asset27",89,115,"G7","TankWar_P1|TankWar_P3|TankWar_P4|TankWar_P5","TankWar_P1|TankWar_P3|TankWar_P4|TankWar_P5"
"E307","CLASS","TankManager$$Record","TankManager$$Record","C:\Users\JBNU\git\ConstraintsRecovery\assets\tankwar\asset28",15,57,"G20","TankWar_P4","TankWar_P4"
"E308","CLASS","TankManager$$Record","TankManager$$Record","C:\Users\JBNU\git\ConstraintsRecovery\assets\tankwar\asset28",17,57,"G17","TankWar_P3","TankWar_P3"
"E309","CLASS","TankManager","TankManager","C:\Users\JBNU\git\ConstraintsRecovery\assets\tankwar\asset28",19,57,"G22","TankWar_P5","TankWar_P5"
"E310","CLASS","TankManager","TankManager","C:\Users\JBNU\git\ConstraintsRecovery\assets\tankwar\asset28",21,57,"G1","TankWar_P1","TankWar_P1"
"E311","FIELD","record","TankManager$$Record.record","C:\Users\JBNU\git\ConstraintsRecovery\assets\tankwar\asset28",23,23,"G7","TankWar_P1|TankWar_P3|TankWar_P4|TankWar_P5","TankWar_P3|TankWar_P4"
"E312","FIELD","record","TankManager.record","C:\Users\JBNU\git\ConstraintsRecovery\assets\tankwar\asset28",23,23,"G7","TankWar_P1|TankWar_P3|TankWar_P4|TankWar_P5","TankWar_P1|TankWar_P5"
"E313","FIELD","tank1Score","TankManager$$Record.tank1Score","C:\Users\JBNU\git\ConstraintsRecovery\assets\tankwar\asset28",24,24,"G7","TankWar_P1|TankWar_P3|TankWar_P4|TankWar_P5","TankWar_P3|TankWar_P4"
"E314","FIELD","tank1Score","TankManager.tank1Score","C:\Users\JBNU\git\ConstraintsRecovery\assets\tankwar\asset28",24,24,"G7","TankWar_P1|TankWar_P3|TankWar_P4|TankWar_P5","TankWar_P1|TankWar_P5"
"E315","FIELD","tank2Score","TankManager$$Record.tank2Score","C:\Users\JBNU\git\ConstraintsRecovery\assets\tankwar\asset28",25,25,"G7","TankWar_P1|TankWar_P3|TankWar_P4|TankWar_P5","TankWar_P3|TankWar_P4"
"E316","FIELD","tank2Score","TankManager.tank2Score","C:\Users\JBNU\git\ConstraintsRecovery\assets\tankwar\asset28",25,25,"G7","TankWar_P1|TankWar_P3|TankWar_P4|TankWar_P5","TankWar_P1|TankWar_P5"
"E317","CONSTRUCTOR","TankManager$$Record","TankManager$$Record.TankManager$$Record","C:\Users\JBNU\git\ConstraintsRecovery\assets\tankwar\asset28",27,32,"G18","TankWar_P3|TankWar_P4","TankWar_P3|TankWar_P4"
"E318","CONSTRUCTOR","TankManager","TankManager.TankManager","C:\Users\JBNU\git\ConstraintsRecovery\assets\tankwar\asset28",29,32,"G11","TankWar_P1|TankWar_P5","TankWar_P1|TankWar_P5"
"E319","METHOD","init","TankManager$$Record.init","C:\Users\JBNU\git\ConstraintsRecovery\assets\tankwar\asset28",33,36,"G7","TankWar_P1|TankWar_P3|TankWar_P4|TankWar_P5","TankWar_P3|TankWar_P4"
"E320","METHOD","init","TankManager.init","C:\Users\JBNU\git\ConstraintsRecovery\assets\tankwar\asset28",33,36,"G7","TankWar_P1|TankWar_P3|TankWar_P4|TankWar_P5","TankWar_P1|TankWar_P5"
"E321","METHOD","malenkontrolle","TankManager$$Record.malenkontrolle","C:\Users\JBNU\git\ConstraintsRecovery\assets\tankwar\asset28",37,47,"G7","TankWar_P1|TankWar_P3|TankWar_P4|TankWar_P5","TankWar_P3|TankWar_P4"
"E322","METHOD","malenkontrolle","TankManager.malenkontrolle","C:\Users\JBNU\git\ConstraintsRecovery\assets\tankwar\asset28",37,47,"G7","TankWar_P1|TankWar_P3|TankWar_P4|TankWar_P5","TankWar_P1|TankWar_P5"
"E323","METHOD","addScore","TankManager$$Record.addScore","C:\Users\JBNU\git\ConstraintsRecovery\assets\tankwar\asset28",48,52,"G7","TankWar_P1|TankWar_P3|TankWar_P4|TankWar_P5","TankWar_P3|TankWar_P4"
"E324","METHOD","addScore","TankManager.addScore","C:\Users\JBNU\git\ConstraintsRecovery\assets\tankwar\asset28",48,52,"G7","TankWar_P1|TankWar_P3|TankWar_P4|TankWar_P5","TankWar_P1|TankWar_P5"
"E325","METHOD","writeScore","TankManager$$Record.writeScore","C:\Users\JBNU\git\ConstraintsRecovery\assets\tankwar\asset28",53,56,"G7","TankWar_P1|TankWar_P3|TankWar_P4|TankWar_P5","TankWar_P3|TankWar_P4"
"E326","METHOD","writeScore","TankManager.writeScore","C:\Users\JBNU\git\ConstraintsRecovery\assets\tankwar\asset28",53,56,"G7","TankWar_P1|TankWar_P3|TankWar_P4|TankWar_P5","TankWar_P1|TankWar_P5"
"E327","CLASS","TankManager$$Feuerkraft","TankManager$$Feuerkraft","C:\Users\JBNU\git\ConstraintsRecovery\assets\tankwar\asset29",13,26,"G17","TankWar_P3","TankWar_P3"
"E328","CLASS","TankManager$$Feuerkraft","TankManager$$Feuerkraft","C:\Users\JBNU\git\ConstraintsRecovery\assets\tankwar\asset29",15,26,"G22","TankWar_P5","TankWar_P5"
"E329","CLASS","TankManager$$Feuerkraft","TankManager$$Feuerkraft","C:\Users\JBNU\git\ConstraintsRecovery\assets\tankwar\asset29",17,26,"G1","TankWar_P1","TankWar_P1"
"E330","CONSTRUCTOR","TankManager$$Feuerkraft","TankManager$$Feuerkraft.TankManager$$Feuerkraft","C:\Users\JBNU\git\ConstraintsRecovery\assets\tankwar\asset29",19,21,"G8","TankWar_P1|TankWar_P3|TankWar_P5","TankWar_P1|TankWar_P3|TankWar_P5"
"E331","METHOD","toolsLaden","TankManager$$Feuerkraft.toolsLaden","C:\Users\JBNU\git\ConstraintsRecovery\assets\tankwar\asset29",22,25,"G8","TankWar_P1|TankWar_P3|TankWar_P5","TankWar_P1|TankWar_P3|TankWar_P5"
"E332","CLASS","TankManager$$Tools","TankManager$$Tools","C:\Users\JBNU\git\ConstraintsRecovery\assets\tankwar\asset3",17,44,"G4","TankWar_P1|TankWar_P2|TankWar_P3|TankWar_P4|TankWar_P5","TankWar_P1|TankWar_P2|TankWar_P3|TankWar_P4|TankWar_P5"
"E333","FIELD","toolMenge","TankManager$$Tools.toolMenge","C:\Users\JBNU\git\ConstraintsRecovery\assets\tankwar\asset3",18,18,"G4","TankWar_P1|TankWar_P2|TankWar_P3|TankWar_P4|TankWar_P5","TankWar_P1|TankWar_P2|TankWar_P3|TankWar_P4|TankWar_P5"
"E334","CONSTRUCTOR","TankManager$$Tools","TankManager$$Tools.TankManager$$Tools","C:\Users\JBNU\git\ConstraintsRecovery\assets\tankwar\asset3",19,21,"G4","TankWar_P1|TankWar_P2|TankWar_P3|TankWar_P4|TankWar_P5","TankWar_P1|TankWar_P2|TankWar_P3|TankWar_P4|TankWar_P5"
"E335","METHOD","komponenteMalen","TankManager$$Tools.komponenteMalen","C:\Users\JBNU\git\ConstraintsRecovery\assets\tankwar\asset3",22,27,"G4","TankWar_P1|TankWar_P2|TankWar_P3|TankWar_P4|TankWar_P5","TankWar_P1|TankWar_P2|TankWar_P3|TankWar_P4|TankWar_P5"
"E336","METHOD","toolsLaden","TankManager$$Tools.toolsLaden","C:\Users\JBNU\git\ConstraintsRecovery\assets\tankwar\asset3",28,29,"G4","TankWar_P1|TankWar_P2|TankWar_P3|TankWar_P4|TankWar_P5","TankWar_P1|TankWar_P2|TankWar_P3|TankWar_P4|TankWar_P5"
"E337","METHOD","toolInit","TankManager$$Tools.toolInit","C:\Users\JBNU\git\ConstraintsRecovery\assets\tankwar\asset3",30,39,"G4","TankWar_P1|TankWar_P2|TankWar_P3|TankWar_P4|TankWar_P5","TankWar_P1|TankWar_P2|TankWar_P3|TankWar_P4|TankWar_P5"
"E338","METHOD","addEnemyTank","TankManager$$Tools.addEnemyTank","C:\Users\JBNU\git\ConstraintsRecovery\assets\tankwar\asset3",40,43,"G4","TankWar_P1|TankWar_P2|TankWar_P3|TankWar_P4|TankWar_P5","TankWar_P1|TankWar_P2|TankWar_P3|TankWar_P4|TankWar_P5"
"E339","CLASS","Tank$$Bombe","Tank$$Bombe","C:\Users\JBNU\git\ConstraintsRecovery\assets\tankwar\asset30",10,40,"G22","TankWar_P5","TankWar_P5"
"E340","CLASS","Tank$$Bombe","Tank$$Bombe","C:\Users\JBNU\git\ConstraintsRecovery\assets\tankwar\asset30",13,40,"G12","TankWar_P2","TankWar_P2"
"E341","CLASS","Tank$$Bombe","Tank$$Bombe","C:\Users\JBNU\git\ConstraintsRecovery\assets\tankwar\asset30",16,40,"G20","TankWar_P4","TankWar_P4"
"E342","CONSTRUCTOR","Tank$$Bombe","Tank$$Bombe.Tank$$Bombe","C:\Users\JBNU\git\ConstraintsRecovery\assets\tankwar\asset30",18,20,"G16","TankWar_P2|TankWar_P4|TankWar_P5","TankWar_P2|TankWar_P4|TankWar_P5"
"E343","METHOD","toolBehandeln","Tank$$Bombe.toolBehandeln","C:\Users\JBNU\git\ConstraintsRecovery\assets\tankwar\asset30",21,39,"G16","TankWar_P2|TankWar_P4|TankWar_P5","TankWar_P2|TankWar_P4|TankWar_P5"
"E344","CLASS","TankManager$$Mars","TankManager$$Mars","C:\Users\JBNU\git\ConstraintsRecovery\assets\tankwar\asset31",13,25,"G6","TankWar_P1|TankWar_P3","TankWar_P1|TankWar_P3"
"E345","CLASS","TankManager$$Mars","TankManager$$Mars","C:\Users\JBNU\git\ConstraintsRecovery\assets\tankwar\asset31",16,25,"G12","TankWar_P2","TankWar_P2"
"E346","CONSTRUCTOR","TankManager$$Mars","TankManager$$Mars.TankManager$$Mars","C:\Users\JBNU\git\ConstraintsRecovery\assets\tankwar\asset31",18,20,"G3","TankWar_P1|TankWar_P2|TankWar_P3","TankWar_P1|TankWar_P2|TankWar_P3"
"E347","METHOD","toolsLaden","TankManager$$Mars.toolsLaden","C:\Users\JBNU\git\ConstraintsRecovery\assets\tankwar\asset31",21,24,"G3","TankWar_P1|TankWar_P2|TankWar_P3","TankWar_P1|TankWar_P2|TankWar_P3"
"E348","CLASS","Maler$$einfrieren","Maler$$einfrieren","C:\Users\JBNU\git\ConstraintsRecovery\assets\tankwar\asset32",26,40,"G1","TankWar_P1","TankWar_P1"
"E349","CLASS","Maler$$einfrieren","Maler$$einfrieren","C:\Users\JBNU\git\ConstraintsRecovery\assets\tankwar\asset32",29,40,"G17","TankWar_P3","TankWar_P3"
"E350","CLASS","Maler$$einfrieren","Maler$$einfrieren","C:\Users\JBNU\git\ConstraintsRecovery\assets\tankwar\asset32",31,40,"G12","TankWar_P2","TankWar_P2"
"E351","CONSTRUCTOR","Maler$$einfrieren","Maler$$einfrieren.Maler$$einfrieren","C:\Users\JBNU\git\ConstraintsRecovery\assets\tankwar\asset32",33,35,"G3","TankWar_P1|TankWar_P2|TankWar_P3","TankWar_P1|TankWar_P2|TankWar_P3"
"E352","METHOD","helpItemErstellen","Maler$$einfrieren.helpItemErstellen","C:\Users\JBNU\git\ConstraintsRecovery\assets\tankwar\asset32",36,39,"G3","TankWar_P1|TankWar_P2|TankWar_P3","TankWar_P1|TankWar_P2|TankWar_P3"
"E353","CLASS","Tool$$Mars","Tool$$Mars","C:\Users\JBNU\git\ConstraintsRecovery\assets\tankwar\asset33",8,23,"G6","TankWar_P1|TankWar_P3","TankWar_P1|TankWar_P3"
"E354","CLASS","Tool$$Mars","Tool$$Mars","C:\Users\JBNU\git\ConstraintsRecovery\assets\tankwar\asset33",10,23,"G12","TankWar_P2","TankWar_P2"
"E355","CONSTRUCTOR","Tool$$Mars","Tool$$Mars.Tool$$Mars","C:\Users\JBNU\git\ConstraintsRecovery\assets\tankwar\asset33",12,14,"G3","TankWar_P1|TankWar_P2|TankWar_P3","TankWar_P1|TankWar_P2|TankWar_P3"
"E356","METHOD","init","Tool$$Mars.init","C:\Users\JBNU\git\ConstraintsRecovery\assets\tankwar\asset33",15,22,"G3","TankWar_P1|TankWar_P2|TankWar_P3","TankWar_P1|TankWar_P2|TankWar_P3"
"E357","CLASS","Maler$$Feuerkraft","Maler$$Feuerkraft","C:\Users\JBNU\git\ConstraintsRecovery\assets\tankwar\asset34",26,39,"G17","TankWar_P3","TankWar_P3"
"E358","CLASS","Maler$$Feuerkraft","Maler$$Feuerkraft","C:\Users\JBNU\git\ConstraintsRecovery\assets\tankwar\asset34",28,39,"G1","TankWar_P1","TankWar_P1"
"E359","CLASS","Maler$$Feuerkraft","Maler$$Feuerkraft","C:\Users\JBNU\git\ConstraintsRecovery\assets\tankwar\asset34",30,39,"G22","TankWar_P5","TankWar_P5"
"E360","CONSTRUCTOR","Maler$$Feuerkraft","Maler$$Feuerkraft.Maler$$Feuerkraft","C:\Users\JBNU\git\ConstraintsRecovery\assets\tankwar\asset34",32,34,"G8","TankWar_P1|TankWar_P3|TankWar_P5","TankWar_P1|TankWar_P3|TankWar_P5"
"E361","METHOD","helpItemErstellen","Maler$$Feuerkraft.helpItemErstellen","C:\Users\JBNU\git\ConstraintsRecovery\assets\tankwar\asset34",35,38,"G8","TankWar_P1|TankWar_P3|TankWar_P5","TankWar_P1|TankWar_P3|TankWar_P5"
"E362","CLASS","Maler$$Bombe","Maler$$Bombe","C:\Users\JBNU\git\ConstraintsRecovery\assets\tankwar\asset35",26,37,"G21","TankWar_P4|TankWar_P5","TankWar_P4|TankWar_P5"
"E363","CLASS","Maler$$Bombe","Maler$$Bombe","C:\Users\JBNU\git\ConstraintsRecovery\assets\tankwar\asset35",28,37,"G12","TankWar_P2","TankWar_P2"
"E364","CONSTRUCTOR","Maler$$Bombe","Maler$$Bombe.Maler$$Bombe","C:\Users\JBNU\git\ConstraintsRecovery\assets\tankwar\asset35",30,32,"G16","TankWar_P2|TankWar_P4|TankWar_P5","TankWar_P2|TankWar_P4|TankWar_P5"
"E365","METHOD","helpItemErstellen","Maler$$Bombe.helpItemErstellen","C:\Users\JBNU\git\ConstraintsRecovery\assets\tankwar\asset35",33,36,"G16","TankWar_P2|TankWar_P4|TankWar_P5","TankWar_P2|TankWar_P4|TankWar_P5"
"E366","CLASS","TankManager$$einfrieren","TankManager$$einfrieren","C:\Users\JBNU\git\ConstraintsRecovery\assets\tankwar\asset36",13,27,"G1","TankWar_P1","TankWar_P1"
"E367","CLASS","TankManager$$einfrieren","TankManager$$einfrieren","C:\Users\JBNU\git\ConstraintsRecovery\assets\tankwar\asset36",15,27,"G17","TankWar_P3","TankWar_P3"
"E368","CLASS","TankManager$$einfrieren","TankManager$$einfrieren","C:\Users\JBNU\git\ConstraintsRecovery\assets\tankwar\asset36",18,27,"G12","TankWar_P2","TankWar_P2"
"E369","CONSTRUCTOR","TankManager$$einfrieren","TankManager$$einfrieren.TankManager$$einfrieren","C:\Users\JBNU\git\ConstraintsRecovery\assets\tankwar\asset36",20,22,"G3","TankWar_P1|TankWar_P2|TankWar_P3","TankWar_P1|TankWar_P2|TankWar_P3"
"E370","METHOD","toolsLaden","TankManager$$einfrieren.toolsLaden","C:\Users\JBNU\git\ConstraintsRecovery\assets\tankwar\asset36",23,26,"G3","TankWar_P1|TankWar_P2|TankWar_P3","TankWar_P1|TankWar_P2|TankWar_P3"
"E371","CLASS","Maler$$Mars","Maler$$Mars","C:\Users\JBNU\git\ConstraintsRecovery\assets\tankwar\asset37",26,37,"G6","TankWar_P1|TankWar_P3","TankWar_P1|TankWar_P3"
"E372","CLASS","Maler$$Mars","Maler$$Mars","C:\Users\JBNU\git\ConstraintsRecovery\assets\tankwar\asset37",28,37,"G12","TankWar_P2","TankWar_P2"
"E373","CONSTRUCTOR","Maler$$Mars","Maler$$Mars.Maler$$Mars","C:\Users\JBNU\git\ConstraintsRecovery\assets\tankwar\asset37",30,32,"G3","TankWar_P1|TankWar_P2|TankWar_P3","TankWar_P1|TankWar_P2|TankWar_P3"
"E374","METHOD","helpItemErstellen","Maler$$Mars.helpItemErstellen","C:\Users\JBNU\git\ConstraintsRecovery\assets\tankwar\asset37",33,36,"G3","TankWar_P1|TankWar_P2|TankWar_P3","TankWar_P1|TankWar_P2|TankWar_P3"
"E375","CLASS","TankManager$$Bombe","TankManager$$Bombe","C:\Users\JBNU\git\ConstraintsRecovery\assets\tankwar\asset38",11,25,"G20","TankWar_P4","TankWar_P4"
"E376","CLASS","TankManager$$Bombe","TankManager$$Bombe","C:\Users\JBNU\git\ConstraintsRecovery\assets\tankwar\asset38",14,25,"G12","TankWar_P2","TankWar_P2"
"E377","CLASS","TankManager$$Bombe","TankManager$$Bombe","C:\Users\JBNU\git\ConstraintsRecovery\assets\tankwar\asset38",16,25,"G22","TankWar_P5","TankWar_P5"
"E378","CONSTRUCTOR","TankManager$$Bombe","TankManager$$Bombe.TankManager$$Bombe","C:\Users\JBNU\git\ConstraintsRecovery\assets\tankwar\asset38",18,20,"G16","TankWar_P2|TankWar_P4|TankWar_P5","TankWar_P2|TankWar_P4|TankWar_P5"
"E379","METHOD","toolsLaden","TankManager$$Bombe.toolsLaden","C:\Users\JBNU\git\ConstraintsRecovery\assets\tankwar\asset38",21,24,"G16","TankWar_P2|TankWar_P4|TankWar_P5","TankWar_P2|TankWar_P4|TankWar_P5"
"E380","CLASS","Tank$$Feuerkraft","Tank$$Feuerkraft","C:\Users\JBNU\git\ConstraintsRecovery\assets\tankwar\asset39",11,46,"G17","TankWar_P3","TankWar_P3"
"E381","CLASS","Tank$$Feuerkraft","Tank$$Feuerkraft","C:\Users\JBNU\git\ConstraintsRecovery\assets\tankwar\asset39",13,46,"G1","TankWar_P1","TankWar_P1"
"E382","CLASS","Tank$$Feuerkraft","Tank$$Feuerkraft","C:\Users\JBNU\git\ConstraintsRecovery\assets\tankwar\asset39",15,46,"G22","TankWar_P5","TankWar_P5"
"E383","FIELD","feuerkraftTimer","Tank$$Feuerkraft.feuerkraftTimer","C:\Users\JBNU\git\ConstraintsRecovery\assets\tankwar\asset39",17,17,"G8","TankWar_P1|TankWar_P3|TankWar_P5","TankWar_P1|TankWar_P3|TankWar_P5"
"E384","FIELD","feuerkraft","Tank$$Feuerkraft.feuerkraft","C:\Users\JBNU\git\ConstraintsRecovery\assets\tankwar\asset39",18,18,"G8","TankWar_P1|TankWar_P3|TankWar_P5","TankWar_P1|TankWar_P3|TankWar_P5"
"E385","CONSTRUCTOR","Tank$$Feuerkraft","Tank$$Feuerkraft.Tank$$Feuerkraft","C:\Users\JBNU\git\ConstraintsRecovery\assets\tankwar\asset39",19,21,"G8","TankWar_P1|TankWar_P3|TankWar_P5","TankWar_P1|TankWar_P3|TankWar_P5"
"E386","METHOD","toolKontroller","Tank$$Feuerkraft.toolKontroller","C:\Users\JBNU\git\ConstraintsRecovery\assets\tankwar\asset39",22,33,"G8","TankWar_P1|TankWar_P3|TankWar_P5","TankWar_P1|TankWar_P3|TankWar_P5"
"E387","METHOD","toolBehandeln","Tank$$Feuerkraft.toolBehandeln","C:\Users\JBNU\git\ConstraintsRecovery\assets\tankwar\asset39",34,45,"G8","TankWar_P1|TankWar_P3|TankWar_P5","TankWar_P1|TankWar_P3|TankWar_P5"
"E388","CLASS","KeyMonitor","KeyMonitor","C:\Users\JBNU\git\ConstraintsRecovery\assets\tankwar\asset4",11,26,"G4","TankWar_P1|TankWar_P2|TankWar_P3|TankWar_P4|TankWar_P5","TankWar_P1|TankWar_P2|TankWar_P3|TankWar_P4|TankWar_P5"
"E389","FIELD","gameManager","KeyMonitor.gameManager","C:\Users\JBNU\git\ConstraintsRecovery\assets\tankwar\asset4",12,12,"G4","TankWar_P1|TankWar_P2|TankWar_P3|TankWar_P4|TankWar_P5","TankWar_P1|TankWar_P2|TankWar_P3|TankWar_P4|TankWar_P5"
"E390","CONSTRUCTOR","KeyMonitor","KeyMonitor.KeyMonitor","C:\Users\JBNU\git\ConstraintsRecovery\assets\tankwar\asset4",13,15,"G4","TankWar_P1|TankWar_P2|TankWar_P3|TankWar_P4|TankWar_P5","TankWar_P1|TankWar_P2|TankWar_P3|TankWar_P4|TankWar_P5"
"E391","METHOD","keyPressed","KeyMonitor.keyPressed","C:\Users\JBNU\git\ConstraintsRecovery\assets\tankwar\asset4",16,19,"G4","TankWar_P1|TankWar_P2|TankWar_P3|TankWar_P4|TankWar_P5","TankWar_P1|TankWar_P2|TankWar_P3|TankWar_P4|TankWar_P5"
"E392","METHOD","keyReleased","KeyMonitor.keyReleased","C:\Users\JBNU\git\ConstraintsRecovery\assets\tankwar\asset4",20,23,"G4","TankWar_P1|TankWar_P2|TankWar_P3|TankWar_P4|TankWar_P5","TankWar_P1|TankWar_P2|TankWar_P3|TankWar_P4|TankWar_P5"
"E393","METHOD","keyTyped","KeyMonitor.keyTyped","C:\Users\JBNU\git\ConstraintsRecovery\assets\tankwar\asset4",24,25,"G4","TankWar_P1|TankWar_P2|TankWar_P3|TankWar_P4|TankWar_P5","TankWar_P1|TankWar_P2|TankWar_P3|TankWar_P4|TankWar_P5"
"E394","CLASS","Maler$$M_600","Maler$$M_600","C:\Users\JBNU\git\ConstraintsRecovery\assets\tankwar\asset40",26,39,"G20","TankWar_P4","TankWar_P4"
"E395","CLASS","Maler$$M_600","Maler$$M_600","C:\Users\JBNU\git\ConstraintsRecovery\assets\tankwar\asset40",28,39,"G22","TankWar_P5","TankWar_P5"
"E396","CLASS","Maler$$M_600","Maler$$M_600","C:\Users\JBNU\git\ConstraintsRecovery\assets\tankwar\asset40",30,39,"G1","TankWar_P1","TankWar_P1"
"E397","CONSTRUCTOR","Maler$$M_600","Maler$$M_600.Maler$$M_600","C:\Users\JBNU\git\ConstraintsRecovery\assets\tankwar\asset40",32,34,"G10","TankWar_P1|TankWar_P4|TankWar_P5","TankWar_P1|TankWar_P4|TankWar_P5"
"E398","METHOD","gamesize","Maler$$M_600.gamesize","C:\Users\JBNU\git\ConstraintsRecovery\assets\tankwar\asset40",35,38,"G10","TankWar_P1|TankWar_P4|TankWar_P5","TankWar_P1|TankWar_P4|TankWar_P5"
"E399","CLASS","Tank$$Mars","Tank$$Mars","C:\Users\JBNU\git\ConstraintsRecovery\assets\tankwar\asset41",11,48,"G12","TankWar_P2","TankWar_P2"
"E400","CLASS","Tank$$Mars","Tank$$Mars","C:\Users\JBNU\git\ConstraintsRecovery\assets\tankwar\asset41",14,48,"G17","TankWar_P3","TankWar_P3"
"E401","CLASS","Tank$$Mars","Tank$$Mars","C:\Users\JBNU\git\ConstraintsRecovery\assets\tankwar\asset41",16,48,"G1","TankWar_P1","TankWar_P1"
"E402","FIELD","mars","Tank$$Mars.mars","C:\Users\JBNU\git\ConstraintsRecovery\assets\tankwar\asset41",18,18,"G3","TankWar_P1|TankWar_P2|TankWar_P3","TankWar_P1|TankWar_P2|TankWar_P3"
"E403","FIELD","marsTimer","Tank$$Mars.marsTimer","C:\Users\JBNU\git\ConstraintsRecovery\assets\tankwar\asset41",19,19,"G3","TankWar_P1|TankWar_P2|TankWar_P3","TankWar_P1|TankWar_P2|TankWar_P3"
"E404","CONSTRUCTOR","Tank$$Mars","Tank$$Mars.Tank$$Mars","C:\Users\JBNU\git\ConstraintsRecovery\assets\tankwar\asset41",20,22,"G3","TankWar_P1|TankWar_P2|TankWar_P3","TankWar_P1|TankWar_P2|TankWar_P3"
"E405","METHOD","toolKontroller","Tank$$Mars.toolKontroller","C:\Users\JBNU\git\ConstraintsRecovery\assets\tankwar\asset41",23,32,"G3","TankWar_P1|TankWar_P2|TankWar_P3","TankWar_P1|TankWar_P2|TankWar_P3"
"E406","METHOD","toolBehandeln","Tank$$Mars.toolBehandeln","C:\Users\JBNU\git\ConstraintsRecovery\assets\tankwar\asset41",33,41,"G3","TankWar_P1|TankWar_P2|TankWar_P3","TankWar_P1|TankWar_P2|TankWar_P3"
"E407","METHOD","beschaedigen","Tank$$Mars.beschaedigen","C:\Users\JBNU\git\ConstraintsRecovery\assets\tankwar\asset41",42,47,"G3","TankWar_P1|TankWar_P2|TankWar_P3","TankWar_P1|TankWar_P2|TankWar_P3"
"E408","CLASS","Tool$$Bombe","Tool$$Bombe","C:\Users\JBNU\git\ConstraintsRecovery\assets\tankwar\asset42",8,23,"G21","TankWar_P4|TankWar_P5","TankWar_P4|TankWar_P5"
"E409","CLASS","Tool$$Bombe","Tool$$Bombe","C:\Users\JBNU\git\ConstraintsRecovery\assets\tankwar\asset42",10,23,"G12","TankWar_P2","TankWar_P2"
"E410","CONSTRUCTOR","Tool$$Bombe","Tool$$Bombe.Tool$$Bombe","C:\Users\JBNU\git\ConstraintsRecovery\assets\tankwar\asset42",12,14,"G16","TankWar_P2|TankWar_P4|TankWar_P5","TankWar_P2|TankWar_P4|TankWar_P5"
"E411","METHOD","init","Tool$$Bombe.init","C:\Users\JBNU\git\ConstraintsRecovery\assets\tankwar\asset42",15,22,"G16","TankWar_P2|TankWar_P4|TankWar_P5","TankWar_P2|TankWar_P4|TankWar_P5"
"E412","CLASS","Tool$$Feuerkraft","Tool$$Feuerkraft","C:\Users\JBNU\git\ConstraintsRecovery\assets\tankwar\asset43",8,25,"G22","TankWar_P5","TankWar_P5"
"E413","CLASS","Tool$$Feuerkraft","Tool$$Feuerkraft","C:\Users\JBNU\git\ConstraintsRecovery\assets\tankwar\asset43",10,25,"G17","TankWar_P3","TankWar_P3"
"E414","CLASS","Tool$$Feuerkraft","Tool$$Feuerkraft","C:\Users\JBNU\git\ConstraintsRecovery\assets\tankwar\asset43",12,25,"G1","TankWar_P1","TankWar_P1"
"E415","CONSTRUCTOR","Tool$$Feuerkraft","Tool$$Feuerkraft.Tool$$Feuerkraft","C:\Users\JBNU\git\ConstraintsRecovery\assets\tankwar\asset43",14,16,"G8","TankWar_P1|TankWar_P3|TankWar_P5","TankWar_P1|TankWar_P3|TankWar_P5"
"E416","METHOD","init","Tool$$Feuerkraft.init","C:\Users\JBNU\git\ConstraintsRecovery\assets\tankwar\asset43",17,24,"G8","TankWar_P1|TankWar_P3|TankWar_P5","TankWar_P1|TankWar_P3|TankWar_P5"
"E417","CLASS","Tool$$einfrieren","Tool$$einfrieren","C:\Users\JBNU\git\ConstraintsRecovery\assets\tankwar\asset44",8,23,"G1","TankWar_P1","TankWar_P1"
"E418","CLASS","Tool$$einfrieren","Tool$$einfrieren","C:\Users\JBNU\git\ConstraintsRecovery\assets\tankwar\asset44",10,23,"G13","TankWar_P2|TankWar_P3","TankWar_P2|TankWar_P3"
"E419","CONSTRUCTOR","Tool$$einfrieren","Tool$$einfrieren.Tool$$einfrieren","C:\Users\JBNU\git\ConstraintsRecovery\assets\tankwar\asset44",12,14,"G3","TankWar_P1|TankWar_P2|TankWar_P3","TankWar_P1|TankWar_P2|TankWar_P3"
"E420","METHOD","init","Tool$$einfrieren.init","C:\Users\JBNU\git\ConstraintsRecovery\assets\tankwar\asset44",15,22,"G3","TankWar_P1|TankWar_P2|TankWar_P3","TankWar_P1|TankWar_P2|TankWar_P3"
"E421","CLASS","Missile$$Image","Missile$$Image","C:\Users\JBNU\git\ConstraintsRecovery\assets\tankwar\asset45",9,38,"G15","TankWar_P2|TankWar_P4","TankWar_P2|TankWar_P4"
"E422","CLASS","Missile$$Image","Missile$$Image","C:\Users\JBNU\git\ConstraintsRecovery\assets\tankwar\asset45",11,38,"G17","TankWar_P3","TankWar_P3"
"E423","CONSTRUCTOR","Missile$$Image","Missile$$Image.Missile$$Image","C:\Users\JBNU\git\ConstraintsRecovery\assets\tankwar\asset45",13,15,"G14","TankWar_P2|TankWar_P3|TankWar_P4","TankWar_P2|TankWar_P3|TankWar_P4"
"E424","METHOD","malen","Missile$$Image.malen","C:\Users\JBNU\git\ConstraintsRecovery\assets\tankwar\asset45",16,37,"G14","TankWar_P2|TankWar_P3|TankWar_P4","TankWar_P2|TankWar_P3|TankWar_P4"
"E425","CLASS","Tank$$einfrieren","Tank$$einfrieren","C:\Users\JBNU\git\ConstraintsRecovery\assets\tankwar\asset46",10,50,"G1","TankWar_P1","TankWar_P1"
"E426","CLASS","Tank$$einfrieren","Tank$$einfrieren","C:\Users\JBNU\git\ConstraintsRecovery\assets\tankwar\asset46",13,50,"G13","TankWar_P2|TankWar_P3","TankWar_P2|TankWar_P3"
"E427","FIELD","einfrierenTimer","Tank$$einfrieren.einfrierenTimer","C:\Users\JBNU\git\ConstraintsRecovery\assets\tankwar\asset46",15,15,"G3","TankWar_P1|TankWar_P2|TankWar_P3","TankWar_P1|TankWar_P2|TankWar_P3"
"E428","FIELD","einfrieren","Tank$$einfrieren.einfrieren","C:\Users\JBNU\git\ConstraintsRecovery\assets\tankwar\asset46",16,16,"G3","TankWar_P1|TankWar_P2|TankWar_P3","TankWar_P1|TankWar_P2|TankWar_P3"
"E429","CONSTRUCTOR","Tank$$einfrieren","Tank$$einfrieren.Tank$$einfrieren","C:\Users\JBNU\git\ConstraintsRecovery\assets\tankwar\asset46",17,19,"G3","TankWar_P1|TankWar_P2|TankWar_P3","TankWar_P1|TankWar_P2|TankWar_P3"
"E430","METHOD","toolKontroller","Tank$$einfrieren.toolKontroller","C:\Users\JBNU\git\ConstraintsRecovery\assets\tankwar\asset46",20,35,"G3","TankWar_P1|TankWar_P2|TankWar_P3","TankWar_P1|TankWar_P2|TankWar_P3"
"E431","METHOD","toolBehandeln","Tank$$einfrieren.toolBehandeln","C:\Users\JBNU\git\ConstraintsRecovery\assets\tankwar\asset46",36,49,"G3","TankWar_P1|TankWar_P2|TankWar_P3","TankWar_P1|TankWar_P2|TankWar_P3"
"E432","CLASS","SoundPlayer","SoundPlayer","C:\Users\JBNU\git\ConstraintsRecovery\assets\tankwar\asset47",9,53,"G14","TankWar_P2|TankWar_P3|TankWar_P4","TankWar_P2|TankWar_P3|TankWar_P4"
"E433","FIELD","instance","SoundPlayer.instance","C:\Users\JBNU\git\ConstraintsRecovery\assets\tankwar\asset47",10,10,"G14","TankWar_P2|TankWar_P3|TankWar_P4","TankWar_P2|TankWar_P3|TankWar_P4"
"E434","FIELD","inputStream","SoundPlayer.inputStream","C:\Users\JBNU\git\ConstraintsRecovery\assets\tankwar\asset47",11,11,"G14","TankWar_P2|TankWar_P3|TankWar_P4","TankWar_P2|TankWar_P3|TankWar_P4"
"E435","METHOD","getInstance","SoundPlayer.getInstance","C:\Users\JBNU\git\ConstraintsRecovery\assets\tankwar\asset47",12,17,"G14","TankWar_P2|TankWar_P3|TankWar_P4","TankWar_P2|TankWar_P3|TankWar_P4"
"E436","METHOD","playBgSound","SoundPlayer.playBgSound","C:\Users\JBNU\git\ConstraintsRecovery\assets\tankwar\asset47",18,21,"G14","TankWar_P2|TankWar_P3|TankWar_P4","TankWar_P2|TankWar_P3|TankWar_P4"
"E437","METHOD","playFireSound","SoundPlayer.playFireSound","C:\Users\JBNU\git\ConstraintsRecovery\assets\tankwar\asset47",22,25,"G14","TankWar_P2|TankWar_P3|TankWar_P4","TankWar_P2|TankWar_P3|TankWar_P4"
"E438","METHOD","playExplodeSound","SoundPlayer.playExplodeSound","C:\Users\JBNU\git\ConstraintsRecovery\assets\tankwar\asset47",26,29,"G14","TankWar_P2|TankWar_P3|TankWar_P4","TankWar_P2|TankWar_P3|TankWar_P4"
"E439","METHOD","playMoveSound","SoundPlayer.playMoveSound","C:\Users\JBNU\git\ConstraintsRecovery\assets\tankwar\asset47",30,33,"G14","TankWar_P2|TankWar_P3|TankWar_P4","TankWar_P2|TankWar_P3|TankWar_P4"
"E440","METHOD","playRogerSound","SoundPlayer.playRogerSound","C:\Users\JBNU\git\ConstraintsRecovery\assets\tankwar\asset47",34,37,"G14","TankWar_P2|TankWar_P3|TankWar_P4","TankWar_P2|TankWar_P3|TankWar_P4"
"E441","METHOD","playYessirSound","SoundPlayer.playYessirSound","C:\Users\JBNU\git\ConstraintsRecovery\assets\tankwar\asset47",38,41,"G14","TankWar_P2|TankWar_P3|TankWar_P4","TankWar_P2|TankWar_P3|TankWar_P4"
"E442","METHOD","playYeahSound","SoundPlayer.playYeahSound","C:\Users\JBNU\git\ConstraintsRecovery\assets\tankwar\asset47",42,45,"G14","TankWar_P2|TankWar_P3|TankWar_P4","TankWar_P2|TankWar_P3|TankWar_P4"
"E443","METHOD","playEatSound","SoundPlayer.playEatSound","C:\Users\JBNU\git\ConstraintsRecovery\assets\tankwar\asset47",46,49,"G14","TankWar_P2|TankWar_P3|TankWar_P4","TankWar_P2|TankWar_P3|TankWar_P4"
"E444","METHOD","stopSound","SoundPlayer.stopSound","C:\Users\JBNU\git\ConstraintsRecovery\assets\tankwar\asset47",50,52,"G14","TankWar_P2|TankWar_P3|TankWar_P4","TankWar_P2|TankWar_P3|TankWar_P4"
"E445","CLASS","Tank$$Sound_fuer_pc","Tank$$Sound_fuer_pc","C:\Users\JBNU\git\ConstraintsRecovery\assets\tankwar\asset48",11,58,"G12","TankWar_P2","TankWar_P2"
"E446","CLASS","Tank$$Sound_fuer_pc","Tank$$Sound_fuer_pc","C:\Users\JBNU\git\ConstraintsRecovery\assets\tankwar\asset48",13,58,"G18","TankWar_P3|TankWar_P4","TankWar_P3|TankWar_P4"
"E447","CONSTRUCTOR","Tank$$Sound_fuer_pc","Tank$$Sound_fuer_pc.Tank$$Sound_fuer_pc","C:\Users\JBNU\git\ConstraintsRecovery\assets\tankwar\asset48",15,17,"G14","TankWar_P2|TankWar_P3|TankWar_P4","TankWar_P2|TankWar_P3|TankWar_P4"
"E448","METHOD","keyPressBehandeln","Tank$$Sound_fuer_pc.keyPressBehandeln","C:\Users\JBNU\git\ConstraintsRecovery\assets\tankwar\asset48",18,41,"G14","TankWar_P2|TankWar_P3|TankWar_P4","TankWar_P2|TankWar_P3|TankWar_P4"
"E449","METHOD","explodieren","Tank$$Sound_fuer_pc.explodieren","C:\Users\JBNU\git\ConstraintsRecovery\assets\tankwar\asset48",42,49,"G14","TankWar_P2|TankWar_P3|TankWar_P4","TankWar_P2|TankWar_P3|TankWar_P4"
"E450","METHOD","toolBehandeln","Tank$$Sound_fuer_pc.toolBehandeln","C:\Users\JBNU\git\ConstraintsRecovery\assets\tankwar\asset48",50,57,"G14","TankWar_P2|TankWar_P3|TankWar_P4","TankWar_P2|TankWar_P3|TankWar_P4"
"E451","CLASS","ExplodierenEffekt$$explodieren","ExplodierenEffekt$$explodieren","C:\Users\JBNU\git\ConstraintsRecovery\assets\tankwar\asset49",6,132,"G19","TankWar_P3|TankWar_P5","TankWar_P3|TankWar_P5"
"E452","FIELD","i","ExplodierenEffekt$$explodieren.i","C:\Users\JBNU\git\ConstraintsRecovery\assets\tankwar\asset49",7,7,"G19","TankWar_P3|TankWar_P5","TankWar_P3|TankWar_P5"
"E453","FIELD","x","ExplodierenEffekt$$explodieren.x","C:\Users\JBNU\git\ConstraintsRecovery\assets\tankwar\asset49",8,8,"G19","TankWar_P3|TankWar_P5","TankWar_P3|TankWar_P5"
"E454","FIELD","y","ExplodierenEffekt$$explodieren.y","C:\Users\JBNU\git\ConstraintsRecovery\assets\tankwar\asset49",8,8,"G19","TankWar_P3|TankWar_P5","TankWar_P3|TankWar_P5"
"E455","FIELD","koernigKeit","ExplodierenEffekt$$explodieren.koernigKeit","C:\Users\JBNU\git\ConstraintsRecovery\assets\tankwar\asset49",9,9,"G19","TankWar_P3|TankWar_P5","TankWar_P3|TankWar_P5"
"E456","FIELD","step","ExplodierenEffekt$$explodieren.step","C:\Users\JBNU\git\ConstraintsRecovery\assets\tankwar\asset49",10,10,"G19","TankWar_P3|TankWar_P5","TankWar_P3|TankWar_P5"
"E457","CONSTRUCTOR","ExplodierenEffekt$$explodieren","ExplodierenEffekt$$explodieren.ExplodierenEffekt$$explodieren","C:\Users\JBNU\git\ConstraintsRecovery\assets\tankwar\asset49",11,13,"G19","TankWar_P3|TankWar_P5","TankWar_P3|TankWar_P5"
"E458","METHOD","init","ExplodierenEffekt$$explodieren.init","C:\Users\JBNU\git\ConstraintsRecovery\assets\tankwar\asset49",14,47,"G19","TankWar_P3|TankWar_P5","TankWar_P3|TankWar_P5"
"E459","METHOD","malen","ExplodierenEffekt$$explodieren.malen","C:\Users\JBNU\git\ConstraintsRecovery\assets\tankwar\asset49",48,72,"G19","TankWar_P3|TankWar_P5","TankWar_P3|TankWar_P5"
"E460","METHOD","fillTriangle","ExplodierenEffekt$$explodieren.fillTriangle","C:\Users\JBNU\git\ConstraintsRecovery\assets\tankwar\asset49",73,128,"G19","TankWar_P3|TankWar_P5","TankWar_P3|TankWar_P5"
"E461","METHOD","explodieren","ExplodierenEffekt$$explodieren.explodieren","C:\Users\JBNU\git\ConstraintsRecovery\assets\tankwar\asset49",129,131,"G19","TankWar_P3|TankWar_P5","TankWar_P3|TankWar_P5"
"E462","CLASS","Wall","Wall","C:\Users\JBNU\git\ConstraintsRecovery\assets\tankwar\asset5",10,22,"G4","TankWar_P1|TankWar_P2|TankWar_P3|TankWar_P4|TankWar_P5","TankWar_P1|TankWar_P2|TankWar_P3|TankWar_P4|TankWar_P5"
"E463","CONSTRUCTOR","Wall","Wall.Wall","C:\Users\JBNU\git\ConstraintsRecovery\assets\tankwar\asset5",11,13,"G4","TankWar_P1|TankWar_P2|TankWar_P3|TankWar_P4|TankWar_P5","TankWar_P1|TankWar_P2|TankWar_P3|TankWar_P4|TankWar_P5"
"E464","METHOD","malen","Wall.malen","C:\Users\JBNU\git\ConstraintsRecovery\assets\tankwar\asset5",14,21,"G4","TankWar_P1|TankWar_P2|TankWar_P3|TankWar_P4|TankWar_P5","TankWar_P1|TankWar_P2|TankWar_P3|TankWar_P4|TankWar_P5"
"E465","CLASS","TankManager$$Energie","TankManager$$Energie","C:\Users\JBNU\git\ConstraintsRecovery\assets\tankwar\asset50",10,21,"G20","TankWar_P4","TankWar_P4"
"E466","CLASS","TankManager$$Energie","TankManager$$Energie","C:\Users\JBNU\git\ConstraintsRecovery\assets\tankwar\asset50",12,21,"G1","TankWar_P1","TankWar_P1"
"E467","CONSTRUCTOR","TankManager$$Energie","TankManager$$Energie.TankManager$$Energie","C:\Users\JBNU\git\ConstraintsRecovery\assets\tankwar\asset50",14,16,"G9","TankWar_P1|TankWar_P4","TankWar_P1|TankWar_P4"
"E468","METHOD","toolsLaden","TankManager$$Energie.toolsLaden","C:\Users\JBNU\git\ConstraintsRecovery\assets\tankwar\asset50",17,20,"G9","TankWar_P1|TankWar_P4","TankWar_P1|TankWar_P4"
"E469","CLASS","Maler$$USA_M1Abrams","Maler$$USA_M1Abrams","C:\Users\JBNU\git\ConstraintsRecovery\assets\tankwar\asset51",24,39,"G12","TankWar_P2","TankWar_P2"
"E470","CLASS","Maler$$USA_M1Abrams","Maler$$USA_M1Abrams","C:\Users\JBNU\git\ConstraintsRecovery\assets\tankwar\asset51",27,39,"G1","TankWar_P1","TankWar_P1"
"E471","CONSTRUCTOR","Maler$$USA_M1Abrams","Maler$$USA_M1Abrams.Maler$$USA_M1Abrams","C:\Users\JBNU\git\ConstraintsRecovery\assets\tankwar\asset51",29,31,"G2","TankWar_P1|TankWar_P2","TankWar_P1|TankWar_P2"
"E472","METHOD","tankErstellen","Maler$$USA_M1Abrams.tankErstellen","C:\Users\JBNU\git\ConstraintsRecovery\assets\tankwar\asset51",32,38,"G2","TankWar_P1|TankWar_P2","TankWar_P1|TankWar_P2"
"E473","CLASS","Tank$$Beschleunigung","Tank$$Beschleunigung","C:\Users\JBNU\git\ConstraintsRecovery\assets\tankwar\asset52",9,39,"G13","TankWar_P2|TankWar_P3","TankWar_P2|TankWar_P3"
"E474","FIELD","beschleunigungTimer","Tank$$Beschleunigung.beschleunigungTimer","C:\Users\JBNU\git\ConstraintsRecovery\assets\tankwar\asset52",10,10,"G13","TankWar_P2|TankWar_P3","TankWar_P2|TankWar_P3"
"E475","FIELD","beschleunigung","Tank$$Beschleunigung.beschleunigung","C:\Users\JBNU\git\ConstraintsRecovery\assets\tankwar\asset52",11,11,"G13","TankWar_P2|TankWar_P3","TankWar_P2|TankWar_P3"
"E476","CONSTRUCTOR","Tank$$Beschleunigung","Tank$$Beschleunigung.Tank$$Beschleunigung","C:\Users\JBNU\git\ConstraintsRecovery\assets\tankwar\asset52",12,14,"G13","TankWar_P2|TankWar_P3","TankWar_P2|TankWar_P3"
"E477","METHOD","toolKontroller","Tank$$Beschleunigung.toolKontroller","C:\Users\JBNU\git\ConstraintsRecovery\assets\tankwar\asset52",15,26,"G13","TankWar_P2|TankWar_P3","TankWar_P2|TankWar_P3"
"E478","METHOD","toolBehandeln","Tank$$Beschleunigung.toolBehandeln","C:\Users\JBNU\git\ConstraintsRecovery\assets\tankwar\asset52",27,38,"G13","TankWar_P2|TankWar_P3","TankWar_P2|TankWar_P3"
"E479","CLASS","Tank$$Energie","Tank$$Energie","C:\Users\JBNU\git\ConstraintsRecovery\assets\tankwar\asset53",10,25,"G20","TankWar_P4","TankWar_P4"
"E480","CLASS","Tank$$Energie","Tank$$Energie","C:\Users\JBNU\git\ConstraintsRecovery\assets\tankwar\asset53",12,25,"G1","TankWar_P1","TankWar_P1"
"E481","CONSTRUCTOR","Tank$$Energie","Tank$$Energie.Tank$$Energie","C:\Users\JBNU\git\ConstraintsRecovery\assets\tankwar\asset53",14,16,"G9","TankWar_P1|TankWar_P4","TankWar_P1|TankWar_P4"
"E482","METHOD","toolBehandeln","Tank$$Energie.toolBehandeln","C:\Users\JBNU\git\ConstraintsRecovery\assets\tankwar\asset53",17,24,"G9","TankWar_P1|TankWar_P4","TankWar_P1|TankWar_P4"
"E483","CLASS","TankManager$$explodieren","TankManager$$explodieren","C:\Users\JBNU\git\ConstraintsRecovery\assets\tankwar\asset54",12,26,"G17","TankWar_P3","TankWar_P3"
"E484","CLASS","TankManager$$explodieren","TankManager$$explodieren","C:\Users\JBNU\git\ConstraintsRecovery\assets\tankwar\asset54",14,26,"G22","TankWar_P5","TankWar_P5"
"E485","FIELD","expEffekt","TankManager$$explodieren.expEffekt","C:\Users\JBNU\git\ConstraintsRecovery\assets\tankwar\asset54",16,16,"G19","TankWar_P3|TankWar_P5","TankWar_P3|TankWar_P5"
"E486","CONSTRUCTOR","TankManager$$explodieren","TankManager$$explodieren.TankManager$$explodieren","C:\Users\JBNU\git\ConstraintsRecovery\assets\tankwar\asset54",17,19,"G19","TankWar_P3|TankWar_P5","TankWar_P3|TankWar_P5"
"E487","METHOD","komponenteMalen","TankManager$$explodieren.komponenteMalen","C:\Users\JBNU\git\ConstraintsRecovery\assets\tankwar\asset54",20,25,"G19","TankWar_P3|TankWar_P5","TankWar_P3|TankWar_P5"
"E488","CLASS","ExplodierenEffekt","ExplodierenEffekt","C:\Users\JBNU\git\ConstraintsRecovery\assets\tankwar\asset55",6,35,"G19","TankWar_P3|TankWar_P5","TankWar_P3|TankWar_P5"
"E489","FIELD","init","ExplodierenEffekt.init","C:\Users\JBNU\git\ConstraintsRecovery\assets\tankwar\asset55",7,7,"G19","TankWar_P3|TankWar_P5","TankWar_P3|TankWar_P5"
"E490","FIELD","live","ExplodierenEffekt.live","C:\Users\JBNU\git\ConstraintsRecovery\assets\tankwar\asset55",8,8,"G19","TankWar_P3|TankWar_P5","TankWar_P3|TankWar_P5"
"E491","FIELD","step","ExplodierenEffekt.step","C:\Users\JBNU\git\ConstraintsRecovery\assets\tankwar\asset55",9,9,"G19","TankWar_P3|TankWar_P5","TankWar_P3|TankWar_P5"
"E492","CONSTRUCTOR","ExplodierenEffekt","ExplodierenEffekt.ExplodierenEffekt","C:\Users\JBNU\git\ConstraintsRecovery\assets\tankwar\asset55",10,12,"G19","TankWar_P3|TankWar_P5","TankWar_P3|TankWar_P5"
"E493","METHOD","malen","ExplodierenEffekt.malen","C:\Users\JBNU\git\ConstraintsRecovery\assets\tankwar\asset55",13,34,"G19","TankWar_P3|TankWar_P5","TankWar_P3|TankWar_P5"
"E494","CLASS","Maler$$Beschleunigung","Maler$$Beschleunigung","C:\Users\JBNU\git\ConstraintsRecovery\assets\tankwar\asset56",26,34,"G13","TankWar_P2|TankWar_P3","TankWar_P2|TankWar_P3"
"E495","CONSTRUCTOR","Maler$$Beschleunigung","Maler$$Beschleunigung.Maler$$Beschleunigung","C:\Users\JBNU\git\ConstraintsRecovery\assets\tankwar\asset56",27,29,"G13","TankWar_P2|TankWar_P3","TankWar_P2|TankWar_P3"
"E496","METHOD","helpItemErstellen","Maler$$Beschleunigung.helpItemErstellen","C:\Users\JBNU\git\ConstraintsRecovery\assets\tankwar\asset56",30,33,"G13","TankWar_P2|TankWar_P3","TankWar_P2|TankWar_P3"
"E497","CLASS","Tool$$Energie","Tool$$Energie","C:\Users\JBNU\git\ConstraintsRecovery\assets\tankwar\asset57",7,22,"G1","TankWar_P1","TankWar_P1"
"E498","CLASS","Tool$$Energie","Tool$$Energie","C:\Users\JBNU\git\ConstraintsRecovery\assets\tankwar\asset57",9,22,"G20","TankWar_P4","TankWar_P4"
"E499","CONSTRUCTOR","Tool$$Energie","Tool$$Energie.Tool$$Energie","C:\Users\JBNU\git\ConstraintsRecovery\assets\tankwar\asset57",11,13,"G9","TankWar_P1|TankWar_P4","TankWar_P1|TankWar_P4"
"E500","METHOD","init","Tool$$Energie.init","C:\Users\JBNU\git\ConstraintsRecovery\assets\tankwar\asset57",14,21,"G9","TankWar_P1|TankWar_P4","TankWar_P1|TankWar_P4"
"E501","CLASS","Tank$$explodieren","Tank$$explodieren","C:\Users\JBNU\git\ConstraintsRecovery\assets\tankwar\asset58",10,21,"G17","TankWar_P3","TankWar_P3"
"E502","CLASS","Tank$$explodieren","Tank$$explodieren","C:\Users\JBNU\git\ConstraintsRecovery\assets\tankwar\asset58",12,21,"G22","TankWar_P5","TankWar_P5"
"E503","CONSTRUCTOR","Tank$$explodieren","Tank$$explodieren.Tank$$explodieren","C:\Users\JBNU\git\ConstraintsRecovery\assets\tankwar\asset58",14,16,"G19","TankWar_P3|TankWar_P5","TankWar_P3|TankWar_P5"
"E504","METHOD","explodieren","Tank$$explodieren.explodieren","C:\Users\JBNU\git\ConstraintsRecovery\assets\tankwar\asset58",17,20,"G19","TankWar_P3|TankWar_P5","TankWar_P3|TankWar_P5"
"E505","CLASS","TankManager$$Beschleunigung","TankManager$$Beschleunigung","C:\Users\JBNU\git\ConstraintsRecovery\assets\tankwar\asset59",14,22,"G13","TankWar_P2|TankWar_P3","TankWar_P2|TankWar_P3"
"E506","CONSTRUCTOR","TankManager$$Beschleunigung","TankManager$$Beschleunigung.TankManager$$Beschleunigung","C:\Users\JBNU\git\ConstraintsRecovery\assets\tankwar\asset59",15,17,"G13","TankWar_P2|TankWar_P3","TankWar_P2|TankWar_P3"
"E507","METHOD","toolsLaden","TankManager$$Beschleunigung.toolsLaden","C:\Users\JBNU\git\ConstraintsRecovery\assets\tankwar\asset59",18,21,"G13","TankWar_P2|TankWar_P3","TankWar_P2|TankWar_P3"
"E508","CLASS","Maler","Maler","C:\Users\JBNU\git\ConstraintsRecovery\assets\tankwar\asset6",28,52,"G17","TankWar_P3","TankWar_P3"
"E509","CLASS","Maler","Maler","C:\Users\JBNU\git\ConstraintsRecovery\assets\tankwar\asset6",31,52,"G1","TankWar_P1","TankWar_P1"
"E510","CLASS","Maler","Maler","C:\Users\JBNU\git\ConstraintsRecovery\assets\tankwar\asset6",33,52,"G12","TankWar_P2","TankWar_P2"
"E511","CLASS","Maler","Maler","C:\Users\JBNU\git\ConstraintsRecovery\assets\tankwar\asset6",36,52,"G21","TankWar_P4|TankWar_P5","TankWar_P4|TankWar_P5"
"E512","CONSTRUCTOR","Maler","Maler.Maler","C:\Users\JBNU\git\ConstraintsRecovery\assets\tankwar\asset6",38,40,"G4","TankWar_P1|TankWar_P2|TankWar_P3|TankWar_P4|TankWar_P5","TankWar_P1|TankWar_P2|TankWar_P3|TankWar_P4|TankWar_P5"
"E513","METHOD","tankErstellen","Maler.tankErstellen","C:\Users\JBNU\git\ConstraintsRecovery\assets\tankwar\asset6",41,51,"G4","TankWar_P1|TankWar_P2|TankWar_P3|TankWar_P4|TankWar_P5","TankWar_P1|TankWar_P2|TankWar_P3|TankWar_P4|TankWar_P5"
"E514","CLASS","Tool$$Beschleunigung","Tool$$Beschleunigung","C:\Users\JBNU\git\ConstraintsRecovery\assets\tankwar\asset60",6,18,"G13","TankWar_P2|TankWar_P3","TankWar_P2|TankWar_P3"
"E515","CONSTRUCTOR","Tool$$Beschleunigung","Tool$$Beschleunigung.Tool$$Beschleunigung","C:\Users\JBNU\git\ConstraintsRecovery\assets\tankwar\asset60",7,9,"G13","TankWar_P2|TankWar_P3","TankWar_P2|TankWar_P3"
"E516","METHOD","init","Tool$$Beschleunigung.init","C:\Users\JBNU\git\ConstraintsRecovery\assets\tankwar\asset60",10,17,"G13","TankWar_P2|TankWar_P3","TankWar_P2|TankWar_P3"
"E517","CLASS","Maler$$Germany_Leopard","Maler$$Germany_Leopard","C:\Users\JBNU\git\ConstraintsRecovery\assets\tankwar\asset61",25,39,"G17","TankWar_P3","TankWar_P3"
"E518","CLASS","Maler$$Germany_Leopard","Maler$$Germany_Leopard","C:\Users\JBNU\git\ConstraintsRecovery\assets\tankwar\asset61",27,39,"G12","TankWar_P2","TankWar_P2"
"E519","CONSTRUCTOR","Maler$$Germany_Leopard","Maler$$Germany_Leopard.Maler$$Germany_Leopard","C:\Users\JBNU\git\ConstraintsRecovery\assets\tankwar\asset61",29,31,"G13","TankWar_P2|TankWar_P3","TankWar_P2|TankWar_P3"
"E520","METHOD","tankErstellen","Maler$$Germany_Leopard.tankErstellen","C:\Users\JBNU\git\ConstraintsRecovery\assets\tankwar\asset61",32,38,"G13","TankWar_P2|TankWar_P3","TankWar_P2|TankWar_P3"
"E521","CLASS","Maler$$Energie","Maler$$Energie","C:\Users\JBNU\git\ConstraintsRecovery\assets\tankwar\asset62",25,36,"G1","TankWar_P1","TankWar_P1"
"E522","CLASS","Maler$$Energie","Maler$$Energie","C:\Users\JBNU\git\ConstraintsRecovery\assets\tankwar\asset62",27,36,"G20","TankWar_P4","TankWar_P4"
"E523","CONSTRUCTOR","Maler$$Energie","Maler$$Energie.Maler$$Energie","C:\Users\JBNU\git\ConstraintsRecovery\assets\tankwar\asset62",29,31,"G9","TankWar_P1|TankWar_P4","TankWar_P1|TankWar_P4"
"E524","METHOD","helpItemErstellen","Maler$$Energie.helpItemErstellen","C:\Users\JBNU\git\ConstraintsRecovery\assets\tankwar\asset62",32,35,"G9","TankWar_P1|TankWar_P4","TankWar_P1|TankWar_P4"
"E525","CLASS","ExplodierenEffekt$$TankWar","ExplodierenEffekt$$TankWar","C:\Users\JBNU\git\ConstraintsRecovery\assets\tankwar\asset63",6,7,"G19","TankWar_P3|TankWar_P5","TankWar_P3|TankWar_P5"
"E526","CLASS","Missile$$explodieren","Missile$$explodieren","C:\Users\JBNU\git\ConstraintsRecovery\assets\tankwar\asset64",9,17,"G19","TankWar_P3|TankWar_P5","TankWar_P3|TankWar_P5"
"E527","CONSTRUCTOR","Missile$$explodieren","Missile$$explodieren.Missile$$explodieren","C:\Users\JBNU\git\ConstraintsRecovery\assets\tankwar\asset64",10,12,"G19","TankWar_P3|TankWar_P5","TankWar_P3|TankWar_P5"
"E528","METHOD","explodieren","Missile$$explodieren.explodieren","C:\Users\JBNU\git\ConstraintsRecovery\assets\tankwar\asset64",13,16,"G19","TankWar_P3|TankWar_P5","TankWar_P3|TankWar_P5"
"E529","CLASS","Tank","Tank","C:\Users\JBNU\git\ConstraintsRecovery\assets\tankwar\asset65",8,59,"G17","TankWar_P3","TankWar_P3"
"E530","CONSTRUCTOR","Tank","Tank.Tank","C:\Users\JBNU\git\ConstraintsRecovery\assets\tankwar\asset65",9,11,"G17","TankWar_P3","TankWar_P3"
"E531","METHOD","tankFeindKI","Tank.tankFeindKI","C:\Users\JBNU\git\ConstraintsRecovery\assets\tankwar\asset65",12,58,"G17","TankWar_P3","TankWar_P3"
"E532","CLASS","Maler$$M_240","Maler$$M_240","C:\Users\JBNU\git\ConstraintsRecovery\assets\tankwar\asset66",23,31,"G17","TankWar_P3","TankWar_P3"
"E533","CONSTRUCTOR","Maler$$M_240","Maler$$M_240.Maler$$M_240","C:\Users\JBNU\git\ConstraintsRecovery\assets\tankwar\asset66",24,26,"G17","TankWar_P3","TankWar_P3"
"E534","METHOD","gamesize","Maler$$M_240.gamesize","C:\Users\JBNU\git\ConstraintsRecovery\assets\tankwar\asset66",27,30,"G17","TankWar_P3","TankWar_P3"
"E535","CLASS","Sprach","Sprach","C:\Users\JBNU\git\ConstraintsRecovery\assets\tankwar\asset67",5,23,"G20","TankWar_P4","TankWar_P4"
"E536","FIELD","START","Sprach.START","C:\Users\JBNU\git\ConstraintsRecovery\assets\tankwar\asset67",6,6,"G20","TankWar_P4","TankWar_P4"
"E537","FIELD","HELP","Sprach.HELP","C:\Users\JBNU\git\ConstraintsRecovery\assets\tankwar\asset67",7,7,"G20","TankWar_P4","TankWar_P4"
"E538","FIELD","HelpItem","Sprach.HelpItem","C:\Users\JBNU\git\ConstraintsRecovery\assets\tankwar\asset67",8,8,"G20","TankWar_P4","TankWar_P4"
"E539","FIELD","EXIT","Sprach.EXIT","C:\Users\JBNU\git\ConstraintsRecovery\assets\tankwar\asset67",9,9,"G20","TankWar_P4","TankWar_P4"
"E540","FIELD","LIAN_WANG","Sprach.LIAN_WANG","C:\Users\JBNU\git\ConstraintsRecovery\assets\tankwar\asset67",10,10,"G20","TankWar_P4","TankWar_P4"
"E541","FIELD","RESUME","Sprach.RESUME","C:\Users\JBNU\git\ConstraintsRecovery\assets\tankwar\asset67",11,11,"G20","TankWar_P4","TankWar_P4"
"E542","FIELD","NOTE","Sprach.NOTE","C:\Users\JBNU\git\ConstraintsRecovery\assets\tankwar\asset67",12,12,"G20","TankWar_P4","TankWar_P4"
"E543","FIELD","MAIN_MENU","Sprach.MAIN_MENU","C:\Users\JBNU\git\ConstraintsRecovery\assets\tankwar\asset67",13,13,"G20","TankWar_P4","TankWar_P4"
"E544","FIELD","PAUSE","Sprach.PAUSE","C:\Users\JBNU\git\ConstraintsRecovery\assets\tankwar\asset67",14,14,"G20","TankWar_P4","TankWar_P4"
"E545","FIELD","HNOTE","Sprach.HNOTE","C:\Users\JBNU\git\ConstraintsRecovery\assets\tankwar\asset67",15,15,"G20","TankWar_P4","TankWar_P4"
"E546","FIELD","Name","Sprach.Name","C:\Users\JBNU\git\ConstraintsRecovery\assets\tankwar\asset67",16,16,"G20","TankWar_P4","TankWar_P4"
"E547","FIELD","LOSE","Sprach.LOSE","C:\Users\JBNU\git\ConstraintsRecovery\assets\tankwar\asset67",17,17,"G20","TankWar_P4","TankWar_P4"
"E548","FIELD","LEVEL","Sprach.LEVEL","C:\Users\JBNU\git\ConstraintsRecovery\assets\tankwar\asset67",18,18,"G20","TankWar_P4","TankWar_P4"
"E549","FIELD","WIN","Sprach.WIN","C:\Users\JBNU\git\ConstraintsRecovery\assets\tankwar\asset67",19,19,"G20","TankWar_P4","TankWar_P4"
"E550","FIELD","TANKA","Sprach.TANKA","C:\Users\JBNU\git\ConstraintsRecovery\assets\tankwar\asset67",20,20,"G20","TankWar_P4","TankWar_P4"
"E551","FIELD","TANKB","Sprach.TANKB","C:\Users\JBNU\git\ConstraintsRecovery\assets\tankwar\asset67",21,21,"G20","TankWar_P4","TankWar_P4"
"E552","FIELD","TANKC","Sprach.TANKC","C:\Users\JBNU\git\ConstraintsRecovery\assets\tankwar\asset67",22,22,"G20","TankWar_P4","TankWar_P4"
"E553","CLASS","Missile","Missile","C:\Users\JBNU\git\ConstraintsRecovery\assets\tankwar\asset68",6,20,"G20","TankWar_P4","TankWar_P4"
"E554","CONSTRUCTOR","Missile","Missile.Missile","C:\Users\JBNU\git\ConstraintsRecovery\assets\tankwar\asset68",7,9,"G20","TankWar_P4","TankWar_P4"
"E555","METHOD","init","Missile.init","C:\Users\JBNU\git\ConstraintsRecovery\assets\tankwar\asset68",10,19,"G20","TankWar_P4","TankWar_P4"
"E556","CLASS","Tank","Tank","C:\Users\JBNU\git\ConstraintsRecovery\assets\tankwar\asset69",8,59,"G20","TankWar_P4","TankWar_P4"
"E557","CONSTRUCTOR","Tank","Tank.Tank","C:\Users\JBNU\git\ConstraintsRecovery\assets\tankwar\asset69",9,11,"G20","TankWar_P4","TankWar_P4"
"E558","METHOD","tankFeindKI","Tank.tankFeindKI","C:\Users\JBNU\git\ConstraintsRecovery\assets\tankwar\asset69",12,58,"G20","TankWar_P4","TankWar_P4"
"E559","CLASS","Wall$$TankWar","Wall$$TankWar","C:\Users\JBNU\git\ConstraintsRecovery\assets\tankwar\asset7",10,62,"G4","TankWar_P1|TankWar_P2|TankWar_P3|TankWar_P4|TankWar_P5","TankWar_P1|TankWar_P2|TankWar_P3|TankWar_P4|TankWar_P5"
"E560","FIELD","koernigGroesse","Wall$$TankWar.koernigGroesse","C:\Users\JBNU\git\ConstraintsRecovery\assets\tankwar\asset7",11,11,"G4","TankWar_P1|TankWar_P2|TankWar_P3|TankWar_P4|TankWar_P5","TankWar_P1|TankWar_P2|TankWar_P3|TankWar_P4|TankWar_P5"
"E561","FIELD","wallTeile","Wall$$TankWar.wallTeile","C:\Users\JBNU\git\ConstraintsRecovery\assets\tankwar\asset7",12,12,"G4","TankWar_P1|TankWar_P2|TankWar_P3|TankWar_P4|TankWar_P5","TankWar_P1|TankWar_P2|TankWar_P3|TankWar_P4|TankWar_P5"
"E562","CONSTRUCTOR","Wall$$TankWar","Wall$$TankWar.Wall$$TankWar","C:\Users\JBNU\git\ConstraintsRecovery\assets\tankwar\asset7",13,15,"G4","TankWar_P1|TankWar_P2|TankWar_P3|TankWar_P4|TankWar_P5","TankWar_P1|TankWar_P2|TankWar_P3|TankWar_P4|TankWar_P5"
"E563","METHOD","init","Wall$$TankWar.init","C:\Users\JBNU\git\ConstraintsRecovery\assets\tankwar\asset7",16,37,"G4","TankWar_P1|TankWar_P2|TankWar_P3|TankWar_P4|TankWar_P5","TankWar_P1|TankWar_P2|TankWar_P3|TankWar_P4|TankWar_P5"
"E564","METHOD","malen","Wall$$TankWar.malen","C:\Users\JBNU\git\ConstraintsRecovery\assets\tankwar\asset7",38,42,"G4","TankWar_P1|TankWar_P2|TankWar_P3|TankWar_P4|TankWar_P5","TankWar_P1|TankWar_P2|TankWar_P3|TankWar_P4|TankWar_P5"
"E565","METHOD","stossenGegen","Wall$$TankWar.stossenGegen","C:\Users\JBNU\git\ConstraintsRecovery\assets\tankwar\asset7",43,45,"G4","TankWar_P1|TankWar_P2|TankWar_P3|TankWar_P4|TankWar_P5","TankWar_P1|TankWar_P2|TankWar_P3|TankWar_P4|TankWar_P5"
"E566","METHOD","stossenGegenTeil","Wall$$TankWar.stossenGegenTeil","C:\Users\JBNU\git\ConstraintsRecovery\assets\tankwar\asset7",46,61,"G4","TankWar_P1|TankWar_P2|TankWar_P3|TankWar_P4|TankWar_P5","TankWar_P1|TankWar_P2|TankWar_P3|TankWar_P4|TankWar_P5"
"E567","CLASS","TankManager","TankManager","C:\Users\JBNU\git\ConstraintsRecovery\assets\tankwar\asset70",8,29,"G12","TankWar_P2","TankWar_P2"
"E568","FIELD","sound","TankManager.sound","C:\Users\JBNU\git\ConstraintsRecovery\assets\tankwar\asset70",9,9,"G12","TankWar_P2","TankWar_P2"
"E569","CONSTRUCTOR","TankManager","TankManager.TankManager","C:\Users\JBNU\git\ConstraintsRecovery\assets\tankwar\asset70",10,12,"G12","TankWar_P2","TankWar_P2"
"E570","METHOD","aktualisieren","TankManager.aktualisieren","C:\Users\JBNU\git\ConstraintsRecovery\assets\tankwar\asset70",13,28,"G12","TankWar_P2","TankWar_P2"
"E571","CLASS","Tank","Tank","C:\Users\JBNU\git\ConstraintsRecovery\assets\tankwar\asset71",8,26,"G12","TankWar_P2","TankWar_P2"
"E572","CONSTRUCTOR","Tank","Tank.Tank","C:\Users\JBNU\git\ConstraintsRecovery\assets\tankwar\asset71",9,11,"G12","TankWar_P2","TankWar_P2"
"E573","METHOD","tankFeindKI","Tank.tankFeindKI","C:\Users\JBNU\git\ConstraintsRecovery\assets\tankwar\asset71",12,25,"G12","TankWar_P2","TankWar_P2"
"E574","CLASS","Tank","Tank","C:\Users\JBNU\git\ConstraintsRecovery\assets\tankwar\asset72",7,25,"G1","TankWar_P1","TankWar_P1"
"E575","CONSTRUCTOR","Tank","Tank.Tank","C:\Users\JBNU\git\ConstraintsRecovery\assets\tankwar\asset72",8,10,"G1","TankWar_P1","TankWar_P1"
"E576","METHOD","tankFeindKI","Tank.tankFeindKI","C:\Users\JBNU\git\ConstraintsRecovery\assets\tankwar\asset72",11,24,"G1","TankWar_P1","TankWar_P1"
"E577","CLASS","Sprach","Sprach","C:\Users\JBNU\git\ConstraintsRecovery\assets\tankwar\asset73",5,23,"G1","TankWar_P1","TankWar_P1"
"E578","FIELD","START","Sprach.START","C:\Users\JBNU\git\ConstraintsRecovery\assets\tankwar\asset73",6,6,"G1","TankWar_P1","TankWar_P1"
"E579","FIELD","HELP","Sprach.HELP","C:\Users\JBNU\git\ConstraintsRecovery\assets\tankwar\asset73",7,7,"G1","TankWar_P1","TankWar_P1"
"E580","FIELD","HelpItem","Sprach.HelpItem","C:\Users\JBNU\git\ConstraintsRecovery\assets\tankwar\asset73",8,8,"G1","TankWar_P1","TankWar_P1"
"E581","FIELD","EXIT","Sprach.EXIT","C:\Users\JBNU\git\ConstraintsRecovery\assets\tankwar\asset73",9,9,"G1","TankWar_P1","TankWar_P1"
"E582","FIELD","LIAN_WANG","Sprach.LIAN_WANG","C:\Users\JBNU\git\ConstraintsRecovery\assets\tankwar\asset73",10,10,"G1","TankWar_P1","TankWar_P1"
"E583","FIELD","RESUME","Sprach.RESUME","C:\Users\JBNU\git\ConstraintsRecovery\assets\tankwar\asset73",11,11,"G1","TankWar_P1","TankWar_P1"
"E584","FIELD","NOTE","Sprach.NOTE","C:\Users\JBNU\git\ConstraintsRecovery\assets\tankwar\asset73",12,12,"G1","TankWar_P1","TankWar_P1"
"E585","FIELD","MAIN_MENU","Sprach.MAIN_MENU","C:\Users\JBNU\git\ConstraintsRecovery\assets\tankwar\asset73",13,13,"G1","TankWar_P1","TankWar_P1"
"E586","FIELD","PAUSE","Sprach.PAUSE","C:\Users\JBNU\git\ConstraintsRecovery\assets\tankwar\asset73",14,14,"G1","TankWar_P1","TankWar_P1"
"E587","FIELD","HNOTE","Sprach.HNOTE","C:\Users\JBNU\git\ConstraintsRecovery\assets\tankwar\asset73",15,15,"G1","TankWar_P1","TankWar_P1"
"E588","FIELD","Name","Sprach.Name","C:\Users\JBNU\git\ConstraintsRecovery\assets\tankwar\asset73",16,16,"G1","TankWar_P1","TankWar_P1"
"E589","FIELD","LOSE","Sprach.LOSE","C:\Users\JBNU\git\ConstraintsRecovery\assets\tankwar\asset73",17,17,"G1","TankWar_P1","TankWar_P1"
"E590","FIELD","LEVEL","Sprach.LEVEL","C:\Users\JBNU\git\ConstraintsRecovery\assets\tankwar\asset73",18,18,"G1","TankWar_P1","TankWar_P1"
"E591","FIELD","WIN","Sprach.WIN","C:\Users\JBNU\git\ConstraintsRecovery\assets\tankwar\asset73",19,19,"G1","TankWar_P1","TankWar_P1"
"E592","FIELD","TANKA","Sprach.TANKA","C:\Users\JBNU\git\ConstraintsRecovery\assets\tankwar\asset73",20,20,"G1","TankWar_P1","TankWar_P1"
"E593","FIELD","TANKB","Sprach.TANKB","C:\Users\JBNU\git\ConstraintsRecovery\assets\tankwar\asset73",21,21,"G1","TankWar_P1","TankWar_P1"
"E594","FIELD","TANKC","Sprach.TANKC","C:\Users\JBNU\git\ConstraintsRecovery\assets\tankwar\asset73",22,22,"G1","TankWar_P1","TankWar_P1"
"E595","CLASS","Maler$$M_780","Maler$$M_780","C:\Users\JBNU\git\ConstraintsRecovery\assets\tankwar\asset74",22,30,"G12","TankWar_P2","TankWar_P2"
"E596","CONSTRUCTOR","Maler$$M_780","Maler$$M_780.Maler$$M_780","C:\Users\JBNU\git\ConstraintsRecovery\assets\tankwar\asset74",23,25,"G12","TankWar_P2","TankWar_P2"
"E597","METHOD","gamesize","Maler$$M_780.gamesize","C:\Users\JBNU\git\ConstraintsRecovery\assets\tankwar\asset74",26,29,"G12","TankWar_P2","TankWar_P2"
"E598","CLASS","Missile","Missile","C:\Users\JBNU\git\ConstraintsRecovery\assets\tankwar\asset75",6,20,"G17","TankWar_P3","TankWar_P3"
"E599","CONSTRUCTOR","Missile","Missile.Missile","C:\Users\JBNU\git\ConstraintsRecovery\assets\tankwar\asset75",7,9,"G17","TankWar_P3","TankWar_P3"
"E600","METHOD","init","Missile.init","C:\Users\JBNU\git\ConstraintsRecovery\assets\tankwar\asset75",10,19,"G17","TankWar_P3","TankWar_P3"
"E601","CLASS","Tank","Tank","C:\Users\JBNU\git\ConstraintsRecovery\assets\tankwar\asset76",7,25,"G22","TankWar_P5","TankWar_P5"
"E602","CONSTRUCTOR","Tank","Tank.Tank","C:\Users\JBNU\git\ConstraintsRecovery\assets\tankwar\asset76",8,10,"G22","TankWar_P5","TankWar_P5"
"E603","METHOD","tankFeindKI","Tank.tankFeindKI","C:\Users\JBNU\git\ConstraintsRecovery\assets\tankwar\asset76",11,24,"G22","TankWar_P5","TankWar_P5"
"E604","CLASS","Sprach","Sprach","C:\Users\JBNU\git\ConstraintsRecovery\assets\tankwar\asset77",5,23,"G12","TankWar_P2","TankWar_P2"
"E605","FIELD","START","Sprach.START","C:\Users\JBNU\git\ConstraintsRecovery\assets\tankwar\asset77",6,6,"G12","TankWar_P2","TankWar_P2"
"E606","FIELD","HELP","Sprach.HELP","C:\Users\JBNU\git\ConstraintsRecovery\assets\tankwar\asset77",7,7,"G12","TankWar_P2","TankWar_P2"
"E607","FIELD","HelpItem","Sprach.HelpItem","C:\Users\JBNU\git\ConstraintsRecovery\assets\tankwar\asset77",8,8,"G12","TankWar_P2","TankWar_P2"
"E608","FIELD","EXIT","Sprach.EXIT","C:\Users\JBNU\git\ConstraintsRecovery\assets\tankwar\asset77",9,9,"G12","TankWar_P2","TankWar_P2"
"E609","FIELD","LIAN_WANG","Sprach.LIAN_WANG","C:\Users\JBNU\git\ConstraintsRecovery\assets\tankwar\asset77",10,10,"G12","TankWar_P2","TankWar_P2"
"E610","FIELD","RESUME","Sprach.RESUME","C:\Users\JBNU\git\ConstraintsRecovery\assets\tankwar\asset77",11,11,"G12","TankWar_P2","TankWar_P2"
"E611","FIELD","NOTE","Sprach.NOTE","C:\Users\JBNU\git\ConstraintsRecovery\assets\tankwar\asset77",12,12,"G12","TankWar_P2","TankWar_P2"
"E612","FIELD","MAIN_MENU","Sprach.MAIN_MENU","C:\Users\JBNU\git\ConstraintsRecovery\assets\tankwar\asset77",13,13,"G12","TankWar_P2","TankWar_P2"
"E613","FIELD","PAUSE","Sprach.PAUSE","C:\Users\JBNU\git\ConstraintsRecovery\assets\tankwar\asset77",14,14,"G12","TankWar_P2","TankWar_P2"
"E614","FIELD","HNOTE","Sprach.HNOTE","C:\Users\JBNU\git\ConstraintsRecovery\assets\tankwar\asset77",15,15,"G12","TankWar_P2","TankWar_P2"
"E615","FIELD","Name","Sprach.Name","C:\Users\JBNU\git\ConstraintsRecovery\assets\tankwar\asset77",16,16,"G12","TankWar_P2","TankWar_P2"
"E616","FIELD","LOSE","Sprach.LOSE","C:\Users\JBNU\git\ConstraintsRecovery\assets\tankwar\asset77",17,17,"G12","TankWar_P2","TankWar_P2"
"E617","FIELD","LEVEL","Sprach.LEVEL","C:\Users\JBNU\git\ConstraintsRecovery\assets\tankwar\asset77",18,18,"G12","TankWar_P2","TankWar_P2"
"E618","FIELD","WIN","Sprach.WIN","C:\Users\JBNU\git\ConstraintsRecovery\assets\tankwar\asset77",19,19,"G12","TankWar_P2","TankWar_P2"
"E619","FIELD","TANKA","Sprach.TANKA","C:\Users\JBNU\git\ConstraintsRecovery\assets\tankwar\asset77",20,20,"G12","TankWar_P2","TankWar_P2"
"E620","FIELD","TANKB","Sprach.TANKB","C:\Users\JBNU\git\ConstraintsRecovery\assets\tankwar\asset77",21,21,"G12","TankWar_P2","TankWar_P2"
"E621","FIELD","TANKC","Sprach.TANKC","C:\Users\JBNU\git\ConstraintsRecovery\assets\tankwar\asset77",22,22,"G12","TankWar_P2","TankWar_P2"
"E622","CLASS","Missile","Missile","C:\Users\JBNU\git\ConstraintsRecovery\assets\tankwar\asset78",6,20,"G12","TankWar_P2","TankWar_P2"
"E623","CONSTRUCTOR","Missile","Missile.Missile","C:\Users\JBNU\git\ConstraintsRecovery\assets\tankwar\asset78",7,9,"G12","TankWar_P2","TankWar_P2"
"E624","METHOD","init","Missile.init","C:\Users\JBNU\git\ConstraintsRecovery\assets\tankwar\asset78",10,19,"G12","TankWar_P2","TankWar_P2"
"E625","CLASS","Sprach","Sprach","C:\Users\JBNU\git\ConstraintsRecovery\assets\tankwar\asset79",5,23,"G22","TankWar_P5","TankWar_P5"
"E626","FIELD","START","Sprach.START","C:\Users\JBNU\git\ConstraintsRecovery\assets\tankwar\asset79",6,6,"G22","TankWar_P5","TankWar_P5"
"E627","FIELD","HELP","Sprach.HELP","C:\Users\JBNU\git\ConstraintsRecovery\assets\tankwar\asset79",7,7,"G22","TankWar_P5","TankWar_P5"
"E628","FIELD","HelpItem","Sprach.HelpItem","C:\Users\JBNU\git\ConstraintsRecovery\assets\tankwar\asset79",8,8,"G22","TankWar_P5","TankWar_P5"
"E629","FIELD","EXIT","Sprach.EXIT","C:\Users\JBNU\git\ConstraintsRecovery\assets\tankwar\asset79",9,9,"G22","TankWar_P5","TankWar_P5"
"E630","FIELD","LIAN_WANG","Sprach.LIAN_WANG","C:\Users\JBNU\git\ConstraintsRecovery\assets\tankwar\asset79",10,10,"G22","TankWar_P5","TankWar_P5"
"E631","FIELD","RESUME","Sprach.RESUME","C:\Users\JBNU\git\ConstraintsRecovery\assets\tankwar\asset79",11,11,"G22","TankWar_P5","TankWar_P5"
"E632","FIELD","NOTE","Sprach.NOTE","C:\Users\JBNU\git\ConstraintsRecovery\assets\tankwar\asset79",12,12,"G22","TankWar_P5","TankWar_P5"
"E633","FIELD","MAIN_MENU","Sprach.MAIN_MENU","C:\Users\JBNU\git\ConstraintsRecovery\assets\tankwar\asset79",13,13,"G22","TankWar_P5","TankWar_P5"
"E634","FIELD","PAUSE","Sprach.PAUSE","C:\Users\JBNU\git\ConstraintsRecovery\assets\tankwar\asset79",14,14,"G22","TankWar_P5","TankWar_P5"
"E635","FIELD","HNOTE","Sprach.HNOTE","C:\Users\JBNU\git\ConstraintsRecovery\assets\tankwar\asset79",15,15,"G22","TankWar_P5","TankWar_P5"
"E636","FIELD","Name","Sprach.Name","C:\Users\JBNU\git\ConstraintsRecovery\assets\tankwar\asset79",16,16,"G22","TankWar_P5","TankWar_P5"
"E637","FIELD","LOSE","Sprach.LOSE","C:\Users\JBNU\git\ConstraintsRecovery\assets\tankwar\asset79",17,17,"G22","TankWar_P5","TankWar_P5"
"E638","FIELD","LEVEL","Sprach.LEVEL","C:\Users\JBNU\git\ConstraintsRecovery\assets\tankwar\asset79",18,18,"G22","TankWar_P5","TankWar_P5"
"E639","FIELD","WIN","Sprach.WIN","C:\Users\JBNU\git\ConstraintsRecovery\assets\tankwar\asset79",19,19,"G22","TankWar_P5","TankWar_P5"
"E640","FIELD","TANKA","Sprach.TANKA","C:\Users\JBNU\git\ConstraintsRecovery\assets\tankwar\asset79",20,20,"G22","TankWar_P5","TankWar_P5"
"E641","FIELD","TANKB","Sprach.TANKB","C:\Users\JBNU\git\ConstraintsRecovery\assets\tankwar\asset79",21,21,"G22","TankWar_P5","TankWar_P5"
"E642","FIELD","TANKC","Sprach.TANKC","C:\Users\JBNU\git\ConstraintsRecovery\assets\tankwar\asset79",22,22,"G22","TankWar_P5","TankWar_P5"
"E643","CLASS","Tank$$Image","Tank$$Image","C:\Users\JBNU\git\ConstraintsRecovery\assets\tankwar\asset8",12,96,"G22","TankWar_P5","TankWar_P5"
"E644","CLASS","Tank$$Image","Tank$$Image","C:\Users\JBNU\git\ConstraintsRecovery\assets\tankwar\asset8",15,96,"G17","TankWar_P3","TankWar_P3"
"E645","CLASS","Tank$$Image","Tank$$Image","C:\Users\JBNU\git\ConstraintsRecovery\assets\tankwar\asset8",17,96,"G1","TankWar_P1","TankWar_P1"
"E646","CLASS","Tank$$Image","Tank$$Image","C:\Users\JBNU\git\ConstraintsRecovery\assets\tankwar\asset8",20,96,"G20","TankWar_P4","TankWar_P4"
"E647","CLASS","Tank$$Image","Tank$$Image","C:\Users\JBNU\git\ConstraintsRecovery\assets\tankwar\asset8",23,96,"G12","TankWar_P2","TankWar_P2"
"E648","CONSTRUCTOR","Tank$$Image","Tank$$Image.Tank$$Image","C:\Users\JBNU\git\ConstraintsRecovery\assets\tankwar\asset8",25,27,"G4","TankWar_P1|TankWar_P2|TankWar_P3|TankWar_P4|TankWar_P5","TankWar_P1|TankWar_P2|TankWar_P3|TankWar_P4|TankWar_P5"
"E649","METHOD","tankMalen","Tank$$Image.tankMalen","C:\Users\JBNU\git\ConstraintsRecovery\assets\tankwar\asset8",28,79,"G4","TankWar_P1|TankWar_P2|TankWar_P3|TankWar_P4|TankWar_P5","TankWar_P1|TankWar_P2|TankWar_P3|TankWar_P4|TankWar_P5"
"E650","METHOD","drawTanks","Tank$$Image.drawTanks","C:\Users\JBNU\git\ConstraintsRecovery\assets\tankwar\asset8",80,95,"G4","TankWar_P1|TankWar_P2|TankWar_P3|TankWar_P4|TankWar_P5","TankWar_P1|TankWar_P2|TankWar_P3|TankWar_P4|TankWar_P5"
"E651","CLASS","Missile","Missile","C:\Users\JBNU\git\ConstraintsRecovery\assets\tankwar\asset80",5,31,"G1","TankWar_P1","TankWar_P1"
"E652","CONSTRUCTOR","Missile","Missile.Missile","C:\Users\JBNU\git\ConstraintsRecovery\assets\tankwar\asset80",6,8,"G1","TankWar_P1","TankWar_P1"
"E653","METHOD","malen","Missile.malen","C:\Users\JBNU\git\ConstraintsRecovery\assets\tankwar\asset80",9,30,"G1","TankWar_P1","TankWar_P1"
"E654","CLASS","TankManager","TankManager","C:\Users\JBNU\git\ConstraintsRecovery\assets\tankwar\asset81",8,29,"G17","TankWar_P3","TankWar_P3"
"E655","FIELD","sound","TankManager.sound","C:\Users\JBNU\git\ConstraintsRecovery\assets\tankwar\asset81",9,9,"G17","TankWar_P3","TankWar_P3"
"E656","CONSTRUCTOR","TankManager","TankManager.TankManager","C:\Users\JBNU\git\ConstraintsRecovery\assets\tankwar\asset81",10,12,"G17","TankWar_P3","TankWar_P3"
"E657","METHOD","aktualisieren","TankManager.aktualisieren","C:\Users\JBNU\git\ConstraintsRecovery\assets\tankwar\asset81",13,28,"G17","TankWar_P3","TankWar_P3"
"E658","CLASS","Missile","Missile","C:\Users\JBNU\git\ConstraintsRecovery\assets\tankwar\asset82",5,31,"G22","TankWar_P5","TankWar_P5"
"E659","CONSTRUCTOR","Missile","Missile.Missile","C:\Users\JBNU\git\ConstraintsRecovery\assets\tankwar\asset82",6,8,"G22","TankWar_P5","TankWar_P5"
"E660","METHOD","malen","Missile.malen","C:\Users\JBNU\git\ConstraintsRecovery\assets\tankwar\asset82",9,30,"G22","TankWar_P5","TankWar_P5"
"E661","CLASS","Sprach","Sprach","C:\Users\JBNU\git\ConstraintsRecovery\assets\tankwar\asset83",5,23,"G17","TankWar_P3","TankWar_P3"
"E662","FIELD","START","Sprach.START","C:\Users\JBNU\git\ConstraintsRecovery\assets\tankwar\asset83",6,6,"G17","TankWar_P3","TankWar_P3"
"E663","FIELD","HELP","Sprach.HELP","C:\Users\JBNU\git\ConstraintsRecovery\assets\tankwar\asset83",7,7,"G17","TankWar_P3","TankWar_P3"
"E664","FIELD","HelpItem","Sprach.HelpItem","C:\Users\JBNU\git\ConstraintsRecovery\assets\tankwar\asset83",8,8,"G17","TankWar_P3","TankWar_P3"
"E665","FIELD","EXIT","Sprach.EXIT","C:\Users\JBNU\git\ConstraintsRecovery\assets\tankwar\asset83",9,9,"G17","TankWar_P3","TankWar_P3"
"E666","FIELD","LIAN_WANG","Sprach.LIAN_WANG","C:\Users\JBNU\git\ConstraintsRecovery\assets\tankwar\asset83",10,10,"G17","TankWar_P3","TankWar_P3"
"E667","FIELD","RESUME","Sprach.RESUME","C:\Users\JBNU\git\ConstraintsRecovery\assets\tankwar\asset83",11,11,"G17","TankWar_P3","TankWar_P3"
"E668","FIELD","NOTE","Sprach.NOTE","C:\Users\JBNU\git\ConstraintsRecovery\assets\tankwar\asset83",12,12,"G17","TankWar_P3","TankWar_P3"
"E669","FIELD","MAIN_MENU","Sprach.MAIN_MENU","C:\Users\JBNU\git\ConstraintsRecovery\assets\tankwar\asset83",13,13,"G17","TankWar_P3","TankWar_P3"
"E670","FIELD","PAUSE","Sprach.PAUSE","C:\Users\JBNU\git\ConstraintsRecovery\assets\tankwar\asset83",14,14,"G17","TankWar_P3","TankWar_P3"
"E671","FIELD","HNOTE","Sprach.HNOTE","C:\Users\JBNU\git\ConstraintsRecovery\assets\tankwar\asset83",15,15,"G17","TankWar_P3","TankWar_P3"
"E672","FIELD","Name","Sprach.Name","C:\Users\JBNU\git\ConstraintsRecovery\assets\tankwar\asset83",16,16,"G17","TankWar_P3","TankWar_P3"
"E673","FIELD","LOSE","Sprach.LOSE","C:\Users\JBNU\git\ConstraintsRecovery\assets\tankwar\asset83",17,17,"G17","TankWar_P3","TankWar_P3"
"E674","FIELD","LEVEL","Sprach.LEVEL","C:\Users\JBNU\git\ConstraintsRecovery\assets\tankwar\asset83",18,18,"G17","TankWar_P3","TankWar_P3"
"E675","FIELD","WIN","Sprach.WIN","C:\Users\JBNU\git\ConstraintsRecovery\assets\tankwar\asset83",19,19,"G17","TankWar_P3","TankWar_P3"
"E676","FIELD","TANKA","Sprach.TANKA","C:\Users\JBNU\git\ConstraintsRecovery\assets\tankwar\asset83",20,20,"G17","TankWar_P3","TankWar_P3"
"E677","FIELD","TANKB","Sprach.TANKB","C:\Users\JBNU\git\ConstraintsRecovery\assets\tankwar\asset83",21,21,"G17","TankWar_P3","TankWar_P3"
"E678","FIELD","TANKC","Sprach.TANKC","C:\Users\JBNU\git\ConstraintsRecovery\assets\tankwar\asset83",22,22,"G17","TankWar_P3","TankWar_P3"
"E679","CLASS","TankManager","TankManager","C:\Users\JBNU\git\ConstraintsRecovery\assets\tankwar\asset84",8,29,"G20","TankWar_P4","TankWar_P4"
"E680","FIELD","sound","TankManager.sound","C:\Users\JBNU\git\ConstraintsRecovery\assets\tankwar\asset84",9,9,"G20","TankWar_P4","TankWar_P4"
"E681","CONSTRUCTOR","TankManager","TankManager.TankManager","C:\Users\JBNU\git\ConstraintsRecovery\assets\tankwar\asset84",10,12,"G20","TankWar_P4","TankWar_P4"
"E682","METHOD","aktualisieren","TankManager.aktualisieren","C:\Users\JBNU\git\ConstraintsRecovery\assets\tankwar\asset84",13,28,"G20","TankWar_P4","TankWar_P4"
"E683","CLASS","TankManager$$TankWar","TankManager$$TankWar","C:\Users\JBNU\git\ConstraintsRecovery\assets\tankwar\asset9",17,248,"G4","TankWar_P1|TankWar_P2|TankWar_P3|TankWar_P4|TankWar_P5","TankWar_P1|TankWar_P2|TankWar_P3|TankWar_P4|TankWar_P5"
"E684","FIELD","maler","TankManager$$TankWar.maler","C:\Users\JBNU\git\ConstraintsRecovery\assets\tankwar\asset9",18,18,"G4","TankWar_P1|TankWar_P2|TankWar_P3|TankWar_P4|TankWar_P5","TankWar_P1|TankWar_P2|TankWar_P3|TankWar_P4|TankWar_P5"
"E685","FIELD","status","TankManager$$TankWar.status","C:\Users\JBNU\git\ConstraintsRecovery\assets\tankwar\asset9",19,19,"G4","TankWar_P1|TankWar_P2|TankWar_P3|TankWar_P4|TankWar_P5","TankWar_P1|TankWar_P2|TankWar_P3|TankWar_P4|TankWar_P5"
"E686","FIELD","screenHeight","TankManager$$TankWar.screenHeight","C:\Users\JBNU\git\ConstraintsRecovery\assets\tankwar\asset9",20,20,"G4","TankWar_P1|TankWar_P2|TankWar_P3|TankWar_P4|TankWar_P5","TankWar_P1|TankWar_P2|TankWar_P3|TankWar_P4|TankWar_P5"
"E687","FIELD","screenWidth","TankManager$$TankWar.screenWidth","C:\Users\JBNU\git\ConstraintsRecovery\assets\tankwar\asset9",20,20,"G4","TankWar_P1|TankWar_P2|TankWar_P3|TankWar_P4|TankWar_P5","TankWar_P1|TankWar_P2|TankWar_P3|TankWar_P4|TankWar_P5"
"E688","FIELD","koernigkeit","TankManager$$TankWar.koernigkeit","C:\Users\JBNU\git\ConstraintsRecovery\assets\tankwar\asset9",21,21,"G4","TankWar_P1|TankWar_P2|TankWar_P3|TankWar_P4|TankWar_P5","TankWar_P1|TankWar_P2|TankWar_P3|TankWar_P4|TankWar_P5"
"E689","FIELD","koernigkeit2","TankManager$$TankWar.koernigkeit2","C:\Users\JBNU\git\ConstraintsRecovery\assets\tankwar\asset9",21,21,"G4","TankWar_P1|TankWar_P2|TankWar_P3|TankWar_P4|TankWar_P5","TankWar_P1|TankWar_P2|TankWar_P3|TankWar_P4|TankWar_P5"
"E690","FIELD","name","TankManager$$TankWar.name","C:\Users\JBNU\git\ConstraintsRecovery\assets\tankwar\asset9",22,22,"G4","TankWar_P1|TankWar_P2|TankWar_P3|TankWar_P4|TankWar_P5","TankWar_P1|TankWar_P2|TankWar_P3|TankWar_P4|TankWar_P5"
"E691","FIELD","tank1","TankManager$$TankWar.tank1","C:\Users\JBNU\git\ConstraintsRecovery\assets\tankwar\asset9",23,23,"G4","TankWar_P1|TankWar_P2|TankWar_P3|TankWar_P4|TankWar_P5","TankWar_P1|TankWar_P2|TankWar_P3|TankWar_P4|TankWar_P5"
"E692","FIELD","tank2","TankManager$$TankWar.tank2","C:\Users\JBNU\git\ConstraintsRecovery\assets\tankwar\asset9",24,24,"G4","TankWar_P1|TankWar_P2|TankWar_P3|TankWar_P4|TankWar_P5","TankWar_P1|TankWar_P2|TankWar_P3|TankWar_P4|TankWar_P5"
"E693","FIELD","base","TankManager$$TankWar.base","C:\Users\JBNU\git\ConstraintsRecovery\assets\tankwar\asset9",25,25,"G4","TankWar_P1|TankWar_P2|TankWar_P3|TankWar_P4|TankWar_P5","TankWar_P1|TankWar_P2|TankWar_P3|TankWar_P4|TankWar_P5"
"E694","FIELD","lvl","TankManager$$TankWar.lvl","C:\Users\JBNU\git\ConstraintsRecovery\assets\tankwar\asset9",26,26,"G4","TankWar_P1|TankWar_P2|TankWar_P3|TankWar_P4|TankWar_P5","TankWar_P1|TankWar_P2|TankWar_P3|TankWar_P4|TankWar_P5"
"E695","FIELD","tankMenge","TankManager$$TankWar.tankMenge","C:\Users\JBNU\git\ConstraintsRecovery\assets\tankwar\asset9",27,27,"G4","TankWar_P1|TankWar_P2|TankWar_P3|TankWar_P4|TankWar_P5","TankWar_P1|TankWar_P2|TankWar_P3|TankWar_P4|TankWar_P5"
"E696","FIELD","missilesMenge","TankManager$$TankWar.missilesMenge","C:\Users\JBNU\git\ConstraintsRecovery\assets\tankwar\asset9",28,28,"G4","TankWar_P1|TankWar_P2|TankWar_P3|TankWar_P4|TankWar_P5","TankWar_P1|TankWar_P2|TankWar_P3|TankWar_P4|TankWar_P5"
"E697","FIELD","brickwall","TankManager$$TankWar.brickwall","C:\Users\JBNU\git\ConstraintsRecovery\assets\tankwar\asset9",29,29,"G4","TankWar_P1|TankWar_P2|TankWar_P3|TankWar_P4|TankWar_P5","TankWar_P1|TankWar_P2|TankWar_P3|TankWar_P4|TankWar_P5"
"E698","FIELD","metalwall","TankManager$$TankWar.metalwall","C:\Users\JBNU\git\ConstraintsRecovery\assets\tankwar\asset9",30,30,"G4","TankWar_P1|TankWar_P2|TankWar_P3|TankWar_P4|TankWar_P5","TankWar_P1|TankWar_P2|TankWar_P3|TankWar_P4|TankWar_P5"
"E699","FIELD","grasswall","TankManager$$TankWar.grasswall","C:\Users\JBNU\git\ConstraintsRecovery\assets\tankwar\asset9",31,31,"G4","TankWar_P1|TankWar_P2|TankWar_P3|TankWar_P4|TankWar_P5","TankWar_P1|TankWar_P2|TankWar_P3|TankWar_P4|TankWar_P5"
"E700","FIELD","waterwall","TankManager$$TankWar.waterwall","C:\Users\JBNU\git\ConstraintsRecovery\assets\tankwar\asset9",32,32,"G4","TankWar_P1|TankWar_P2|TankWar_P3|TankWar_P4|TankWar_P5","TankWar_P1|TankWar_P2|TankWar_P3|TankWar_P4|TankWar_P5"
"E701","FIELD","enemyPosition","TankManager$$TankWar.enemyPosition","C:\Users\JBNU\git\ConstraintsRecovery\assets\tankwar\asset9",33,33,"G4","TankWar_P1|TankWar_P2|TankWar_P3|TankWar_P4|TankWar_P5","TankWar_P1|TankWar_P2|TankWar_P3|TankWar_P4|TankWar_P5"
"E702","FIELD","enemyType","TankManager$$TankWar.enemyType","C:\Users\JBNU\git\ConstraintsRecovery\assets\tankwar\asset9",34,34,"G4","TankWar_P1|TankWar_P2|TankWar_P3|TankWar_P4|TankWar_P5","TankWar_P1|TankWar_P2|TankWar_P3|TankWar_P4|TankWar_P5"
"E703","FIELD","playerPositionX","TankManager$$TankWar.playerPositionX","C:\Users\JBNU\git\ConstraintsRecovery\assets\tankwar\asset9",35,35,"G4","TankWar_P1|TankWar_P2|TankWar_P3|TankWar_P4|TankWar_P5","TankWar_P1|TankWar_P2|TankWar_P3|TankWar_P4|TankWar_P5"
"E704","FIELD","playerPositionY","TankManager$$TankWar.playerPositionY","C:\Users\JBNU\git\ConstraintsRecovery\assets\tankwar\asset9",36,36,"G4","TankWar_P1|TankWar_P2|TankWar_P3|TankWar_P4|TankWar_P5","TankWar_P1|TankWar_P2|TankWar_P3|TankWar_P4|TankWar_P5"
"E705","FIELD","bPositionX","TankManager$$TankWar.bPositionX","C:\Users\JBNU\git\ConstraintsRecovery\assets\tankwar\asset9",37,37,"G4","TankWar_P1|TankWar_P2|TankWar_P3|TankWar_P4|TankWar_P5","TankWar_P1|TankWar_P2|TankWar_P3|TankWar_P4|TankWar_P5"
"E706","FIELD","bPositionY","TankManager$$TankWar.bPositionY","C:\Users\JBNU\git\ConstraintsRecovery\assets\tankwar\asset9",38,38,"G4","TankWar_P1|TankWar_P2|TankWar_P3|TankWar_P4|TankWar_P5","TankWar_P1|TankWar_P2|TankWar_P3|TankWar_P4|TankWar_P5"
"E707","FIELD","tankAllNum","TankManager$$TankWar.tankAllNum","C:\Users\JBNU\git\ConstraintsRecovery\assets\tankwar\asset9",39,39,"G4","TankWar_P1|TankWar_P2|TankWar_P3|TankWar_P4|TankWar_P5","TankWar_P1|TankWar_P2|TankWar_P3|TankWar_P4|TankWar_P5"
"E708","FIELD","tankMaxNum","TankManager$$TankWar.tankMaxNum","C:\Users\JBNU\git\ConstraintsRecovery\assets\tankwar\asset9",40,40,"G4","TankWar_P1|TankWar_P2|TankWar_P3|TankWar_P4|TankWar_P5","TankWar_P1|TankWar_P2|TankWar_P3|TankWar_P4|TankWar_P5"
"E709","FIELD","enemyTankNum","TankManager$$TankWar.enemyTankNum","C:\Users\JBNU\git\ConstraintsRecovery\assets\tankwar\asset9",41,41,"G4","TankWar_P1|TankWar_P2|TankWar_P3|TankWar_P4|TankWar_P5","TankWar_P1|TankWar_P2|TankWar_P3|TankWar_P4|TankWar_P5"
"E710","FIELD","random","TankManager$$TankWar.random","C:\Users\JBNU\git\ConstraintsRecovery\assets\tankwar\asset9",42,42,"G4","TankWar_P1|TankWar_P2|TankWar_P3|TankWar_P4|TankWar_P5","TankWar_P1|TankWar_P2|TankWar_P3|TankWar_P4|TankWar_P5"
"E711","FIELD","game","TankManager$$TankWar.game","C:\Users\JBNU\git\ConstraintsRecovery\assets\tankwar\asset9",43,43,"G4","TankWar_P1|TankWar_P2|TankWar_P3|TankWar_P4|TankWar_P5","TankWar_P1|TankWar_P2|TankWar_P3|TankWar_P4|TankWar_P5"
"E712","FIELD","mapReady","TankManager$$TankWar.mapReady","C:\Users\JBNU\git\ConstraintsRecovery\assets\tankwar\asset9",44,44,"G4","TankWar_P1|TankWar_P2|TankWar_P3|TankWar_P4|TankWar_P5","TankWar_P1|TankWar_P2|TankWar_P3|TankWar_P4|TankWar_P5"
"E713","CONSTRUCTOR","TankManager$$TankWar","TankManager$$TankWar.TankManager$$TankWar","C:\Users\JBNU\git\ConstraintsRecovery\assets\tankwar\asset9",45,47,"G4","TankWar_P1|TankWar_P2|TankWar_P3|TankWar_P4|TankWar_P5","TankWar_P1|TankWar_P2|TankWar_P3|TankWar_P4|TankWar_P5"
"E714","METHOD","main","TankManager$$TankWar.main","C:\Users\JBNU\git\ConstraintsRecovery\assets\tankwar\asset9",48,70,"G4","TankWar_P1|TankWar_P2|TankWar_P3|TankWar_P4|TankWar_P5","TankWar_P1|TankWar_P2|TankWar_P3|TankWar_P4|TankWar_P5"
"E715","METHOD","init","TankManager$$TankWar.init","C:\Users\JBNU\git\ConstraintsRecovery\assets\tankwar\asset9",71,79,"G4","TankWar_P1|TankWar_P2|TankWar_P3|TankWar_P4|TankWar_P5","TankWar_P1|TankWar_P2|TankWar_P3|TankWar_P4|TankWar_P5"
"E716","METHOD","aktualisieren","TankManager$$TankWar.aktualisieren","C:\Users\JBNU\git\ConstraintsRecovery\assets\tankwar\asset9",80,82,"G4","TankWar_P1|TankWar_P2|TankWar_P3|TankWar_P4|TankWar_P5","TankWar_P1|TankWar_P2|TankWar_P3|TankWar_P4|TankWar_P5"
"E717","METHOD","keyPressBehandeln","TankManager$$TankWar.keyPressBehandeln","C:\Users\JBNU\git\ConstraintsRecovery\assets\tankwar\asset9",83,98,"G4","TankWar_P1|TankWar_P2|TankWar_P3|TankWar_P4|TankWar_P5","TankWar_P1|TankWar_P2|TankWar_P3|TankWar_P4|TankWar_P5"
"E718","METHOD","keyReleaseBehandeln","TankManager$$TankWar.keyReleaseBehandeln","C:\Users\JBNU\git\ConstraintsRecovery\assets\tankwar\asset9",99,104,"G4","TankWar_P1|TankWar_P2|TankWar_P3|TankWar_P4|TankWar_P5","TankWar_P1|TankWar_P2|TankWar_P3|TankWar_P4|TankWar_P5"
"E719","METHOD","malenkontrolle","TankManager$$TankWar.malenkontrolle","C:\Users\JBNU\git\ConstraintsRecovery\assets\tankwar\asset9",105,137,"G4","TankWar_P1|TankWar_P2|TankWar_P3|TankWar_P4|TankWar_P5","TankWar_P1|TankWar_P2|TankWar_P3|TankWar_P4|TankWar_P5"
"E720","METHOD","komponenteMalen","TankManager$$TankWar.komponenteMalen","C:\Users\JBNU\git\ConstraintsRecovery\assets\tankwar\asset9",138,170,"G4","TankWar_P1|TankWar_P2|TankWar_P3|TankWar_P4|TankWar_P5","TankWar_P1|TankWar_P2|TankWar_P3|TankWar_P4|TankWar_P5"
"E721","METHOD","gruppeMalen","TankManager$$TankWar.gruppeMalen","C:\Users\JBNU\git\ConstraintsRecovery\assets\tankwar\asset9",171,175,"G4","TankWar_P1|TankWar_P2|TankWar_P3|TankWar_P4|TankWar_P5","TankWar_P1|TankWar_P2|TankWar_P3|TankWar_P4|TankWar_P5"
"E722","METHOD","setStatus","TankManager$$TankWar.setStatus","C:\Users\JBNU\git\ConstraintsRecovery\assets\tankwar\asset9",176,178,"G4","TankWar_P1|TankWar_P2|TankWar_P3|TankWar_P4|TankWar_P5","TankWar_P1|TankWar_P2|TankWar_P3|TankWar_P4|TankWar_P5"
"E723","METHOD","mapLaden","TankManager$$TankWar.mapLaden","C:\Users\JBNU\git\ConstraintsRecovery\assets\tankwar\asset9",179,198,"G4","TankWar_P1|TankWar_P2|TankWar_P3|TankWar_P4|TankWar_P5","TankWar_P1|TankWar_P2|TankWar_P3|TankWar_P4|TankWar_P5"
"E724","METHOD","tanksLaden","TankManager$$TankWar.tanksLaden","C:\Users\JBNU\git\ConstraintsRecovery\assets\tankwar\asset9",199,220,"G4","TankWar_P1|TankWar_P2|TankWar_P3|TankWar_P4|TankWar_P5","TankWar_P1|TankWar_P2|TankWar_P3|TankWar_P4|TankWar_P5"
"E725","METHOD","addEnemyTank","TankManager$$TankWar.addEnemyTank","C:\Users\JBNU\git\ConstraintsRecovery\assets\tankwar\asset9",221,238,"G4","TankWar_P1|TankWar_P2|TankWar_P3|TankWar_P4|TankWar_P5","TankWar_P1|TankWar_P2|TankWar_P3|TankWar_P4|TankWar_P5"
"E726","METHOD","getBlood","TankManager$$TankWar.getBlood","C:\Users\JBNU\git\ConstraintsRecovery\assets\tankwar\asset9",239,244,"G4","TankWar_P1|TankWar_P2|TankWar_P3|TankWar_P4|TankWar_P5","TankWar_P1|TankWar_P2|TankWar_P3|TankWar_P4|TankWar_P5"
"E727","METHOD","getTankMenge","TankManager$$TankWar.getTankMenge","C:\Users\JBNU\git\ConstraintsRecovery\assets\tankwar\asset9",245,247,"G4","TankWar_P1|TankWar_P2|TankWar_P3|TankWar_P4|TankWar_P5","TankWar_P1|TankWar_P2|TankWar_P3|TankWar_P4|TankWar_P5"
