entity_id,group_id,signature,entity_type,simple_name,qualified_name,file,start_line,end_line,block_id,observed_products,resolution_status
"E1","G4","TankWar_P1|TankWar_P2|TankWar_P3|TankWar_P4|TankWar_P5","CLASS","Missile$$TankWar","Missile$$TankWar","C:\Users\JBNU\git\ConstraintsRecovery\assets\tankwar\asset1",12,128,"C:\Users\JBNU\git\ConstraintsRecovery\assets\tankwar\asset1:IF:8-128","TankWar_P1|TankWar_P2|TankWar_P3|TankWar_P4|TankWar_P5","RESOLVED_INTERNAL"
"E2","G4","TankWar_P1|TankWar_P2|TankWar_P3|TankWar_P4|TankWar_P5","FIELD","geschwindigkeit","Missile$$TankWar.geschwindigkeit","C:\Users\JBNU\git\ConstraintsRecovery\assets\tankwar\asset1",13,13,"C:\Users\JBNU\git\ConstraintsRecovery\assets\tankwar\asset1:IF:8-128","TankWar_P1|TankWar_P2|TankWar_P3|TankWar_P4|TankWar_P5","RESOLVED_INTERNAL"
"E3","G4","TankWar_P1|TankWar_P2|TankWar_P3|TankWar_P4|TankWar_P5","FIELD","xf_Koordinate","Missile$$TankWar.xf_Koordinate","C:\Users\JBNU\git\ConstraintsRecovery\assets\tankwar\asset1",13,13,"C:\Users\JBNU\git\ConstraintsRecovery\assets\tankwar\asset1:IF:8-128","TankWar_P1|TankWar_P2|TankWar_P3|TankWar_P4|TankWar_P5","RESOLVED_INTERNAL"
"E4","G4","TankWar_P1|TankWar_P2|TankWar_P3|TankWar_P4|TankWar_P5","FIELD","yf_Koordinate","Missile$$TankWar.yf_Koordinate","C:\Users\JBNU\git\ConstraintsRecovery\assets\tankwar\asset1",13,13,"C:\Users\JBNU\git\ConstraintsRecovery\assets\tankwar\asset1:IF:8-128","TankWar_P1|TankWar_P2|TankWar_P3|TankWar_P4|TankWar_P5","RESOLVED_INTERNAL"
"E5","G4","TankWar_P1|TankWar_P2|TankWar_P3|TankWar_P4|TankWar_P5","FIELD","currTime","Missile$$TankWar.currTime","C:\Users\JBNU\git\ConstraintsRecovery\assets\tankwar\asset1",14,14,"C:\Users\JBNU\git\ConstraintsRecovery\assets\tankwar\asset1:IF:8-128","TankWar_P1|TankWar_P2|TankWar_P3|TankWar_P4|TankWar_P5","RESOLVED_INTERNAL"
"E6","G4","TankWar_P1|TankWar_P2|TankWar_P3|TankWar_P4|TankWar_P5","FIELD","tankId","Missile$$TankWar.tankId","C:\Users\JBNU\git\ConstraintsRecovery\assets\tankwar\asset1",15,15,"C:\Users\JBNU\git\ConstraintsRecovery\assets\tankwar\asset1:IF:8-128","TankWar_P1|TankWar_P2|TankWar_P3|TankWar_P4|TankWar_P5","RESOLVED_INTERNAL"
"E7","G4","TankWar_P1|TankWar_P2|TankWar_P3|TankWar_P4|TankWar_P5","FIELD","missileRichtung","Missile$$TankWar.missileRichtung","C:\Users\JBNU\git\ConstraintsRecovery\assets\tankwar\asset1",16,16,"C:\Users\JBNU\git\ConstraintsRecovery\assets\tankwar\asset1:IF:8-128","TankWar_P1|TankWar_P2|TankWar_P3|TankWar_P4|TankWar_P5","RESOLVED_INTERNAL"
"E8","G4","TankWar_P1|TankWar_P2|TankWar_P3|TankWar_P4|TankWar_P5","FIELD","vernichtungskraft","Missile$$TankWar.vernichtungskraft","C:\Users\JBNU\git\ConstraintsRecovery\assets\tankwar\asset1",17,17,"C:\Users\JBNU\git\ConstraintsRecovery\assets\tankwar\asset1:IF:8-128","TankWar_P1|TankWar_P2|TankWar_P3|TankWar_P4|TankWar_P5","RESOLVED_INTERNAL"
"E9","G4","TankWar_P1|TankWar_P2|TankWar_P3|TankWar_P4|TankWar_P5","FIELD","feindlich","Missile$$TankWar.feindlich","C:\Users\JBNU\git\ConstraintsRecovery\assets\tankwar\asset1",18,18,"C:\Users\JBNU\git\ConstraintsRecovery\assets\tankwar\asset1:IF:8-128","TankWar_P1|TankWar_P2|TankWar_P3|TankWar_P4|TankWar_P5","RESOLVED_INTERNAL"
"E10","G4","TankWar_P1|TankWar_P2|TankWar_P3|TankWar_P4|TankWar_P5","CONSTRUCTOR","Missile$$TankWar","Missile$$TankWar.Missile$$TankWar","C:\Users\JBNU\git\ConstraintsRecovery\assets\tankwar\asset1",19,21,"C:\Users\JBNU\git\ConstraintsRecovery\assets\tankwar\asset1:IF:8-128","TankWar_P1|TankWar_P2|TankWar_P3|TankWar_P4|TankWar_P5","RESOLVED_INTERNAL"
"E11","G4","TankWar_P1|TankWar_P2|TankWar_P3|TankWar_P4|TankWar_P5","METHOD","init","Missile$$TankWar.init","C:\Users\JBNU\git\ConstraintsRecovery\assets\tankwar\asset1",22,67,"C:\Users\JBNU\git\ConstraintsRecovery\assets\tankwar\asset1:IF:8-128","TankWar_P1|TankWar_P2|TankWar_P3|TankWar_P4|TankWar_P5","RESOLVED_INTERNAL"
"E12","G4","TankWar_P1|TankWar_P2|TankWar_P3|TankWar_P4|TankWar_P5","METHOD","malen","Missile$$TankWar.malen","C:\Users\JBNU\git\ConstraintsRecovery\assets\tankwar\asset1",68,77,"C:\Users\JBNU\git\ConstraintsRecovery\assets\tankwar\asset1:IF:8-128","TankWar_P1|TankWar_P2|TankWar_P3|TankWar_P4|TankWar_P5","RESOLVED_INTERNAL"
"E13","G4","TankWar_P1|TankWar_P2|TankWar_P3|TankWar_P4|TankWar_P5","METHOD","koordinateAktualisieren","Missile$$TankWar.koordinateAktualisieren","C:\Users\JBNU\git\ConstraintsRecovery\assets\tankwar\asset1",78,101,"C:\Users\JBNU\git\ConstraintsRecovery\assets\tankwar\asset1:IF:8-128","TankWar_P1|TankWar_P2|TankWar_P3|TankWar_P4|TankWar_P5","RESOLVED_INTERNAL"
"E14","G4","TankWar_P1|TankWar_P2|TankWar_P3|TankWar_P4|TankWar_P5","METHOD","treffenErkennen","Missile$$TankWar.treffenErkennen","C:\Users\JBNU\git\ConstraintsRecovery\assets\tankwar\asset1",102,121,"C:\Users\JBNU\git\ConstraintsRecovery\assets\tankwar\asset1:IF:8-128","TankWar_P1|TankWar_P2|TankWar_P3|TankWar_P4|TankWar_P5","RESOLVED_INTERNAL"
"E15","G4","TankWar_P1|TankWar_P2|TankWar_P3|TankWar_P4|TankWar_P5","METHOD","explodieren","Missile$$TankWar.explodieren","C:\Users\JBNU\git\ConstraintsRecovery\assets\tankwar\asset1",122,124,"C:\Users\JBNU\git\ConstraintsRecovery\assets\tankwar\asset1:IF:8-128","TankWar_P1|TankWar_P2|TankWar_P3|TankWar_P4|TankWar_P5","RESOLVED_INTERNAL"
"E16","G4","TankWar_P1|TankWar_P2|TankWar_P3|TankWar_P4|TankWar_P5","METHOD","remove","Missile$$TankWar.remove","C:\Users\JBNU\git\ConstraintsRecovery\assets\tankwar\asset1",125,127,"C:\Users\JBNU\git\ConstraintsRecovery\assets\tankwar\asset1:IF:8-128","TankWar_P1|TankWar_P2|TankWar_P3|TankWar_P4|TankWar_P5","RESOLVED_INTERNAL"
"E17","G4","TankWar_P1|TankWar_P2|TankWar_P3|TankWar_P4|TankWar_P5","CLASS","Tank$$Tools","Tank$$Tools","C:\Users\JBNU\git\ConstraintsRecovery\assets\tankwar\asset10",14,42,"C:\Users\JBNU\git\ConstraintsRecovery\assets\tankwar\asset10:IF:8-42","TankWar_P1|TankWar_P2|TankWar_P3|TankWar_P4|TankWar_P5","RESOLVED_INTERNAL"
"E18","G4","TankWar_P1|TankWar_P2|TankWar_P3|TankWar_P4|TankWar_P5","CONSTRUCTOR","Tank$$Tools","Tank$$Tools.Tank$$Tools","C:\Users\JBNU\git\ConstraintsRecovery\assets\tankwar\asset10",15,17,"C:\Users\JBNU\git\ConstraintsRecovery\assets\tankwar\asset10:IF:8-42","TankWar_P1|TankWar_P2|TankWar_P3|TankWar_P4|TankWar_P5","RESOLVED_INTERNAL"
"E19","G4","TankWar_P1|TankWar_P2|TankWar_P3|TankWar_P4|TankWar_P5","METHOD","malen","Tank$$Tools.malen","C:\Users\JBNU\git\ConstraintsRecovery\assets\tankwar\asset10",18,37,"C:\Users\JBNU\git\ConstraintsRecovery\assets\tankwar\asset10:IF:8-42","TankWar_P1|TankWar_P2|TankWar_P3|TankWar_P4|TankWar_P5","RESOLVED_INTERNAL"
"E20","G4","TankWar_P1|TankWar_P2|TankWar_P3|TankWar_P4|TankWar_P5","METHOD","toolKontroller","Tank$$Tools.toolKontroller","C:\Users\JBNU\git\ConstraintsRecovery\assets\tankwar\asset10",38,39,"C:\Users\JBNU\git\ConstraintsRecovery\assets\tankwar\asset10:IF:8-42","TankWar_P1|TankWar_P2|TankWar_P3|TankWar_P4|TankWar_P5","RESOLVED_INTERNAL"
"E21","G4","TankWar_P1|TankWar_P2|TankWar_P3|TankWar_P4|TankWar_P5","METHOD","toolBehandeln","Tank$$Tools.toolBehandeln","C:\Users\JBNU\git\ConstraintsRecovery\assets\tankwar\asset10",40,41,"C:\Users\JBNU\git\ConstraintsRecovery\assets\tankwar\asset10:IF:8-42","TankWar_P1|TankWar_P2|TankWar_P3|TankWar_P4|TankWar_P5","RESOLVED_INTERNAL"
"E22","G4","TankWar_P1|TankWar_P2|TankWar_P3|TankWar_P4|TankWar_P5","CLASS","MapInfo","MapInfo","C:\Users\JBNU\git\ConstraintsRecovery\assets\tankwar\asset11",11,132,"C:\Users\JBNU\git\ConstraintsRecovery\assets\tankwar\asset11:IF:8-132","TankWar_P1|TankWar_P2|TankWar_P3|TankWar_P4|TankWar_P5","RESOLVED_INTERNAL"
"E23","G4","TankWar_P1|TankWar_P2|TankWar_P3|TankWar_P4|TankWar_P5","FIELD","brickWall","MapInfo.brickWall","C:\Users\JBNU\git\ConstraintsRecovery\assets\tankwar\asset11",12,12,"C:\Users\JBNU\git\ConstraintsRecovery\assets\tankwar\asset11:IF:8-132","TankWar_P1|TankWar_P2|TankWar_P3|TankWar_P4|TankWar_P5","RESOLVED_INTERNAL"
"E24","G4","TankWar_P1|TankWar_P2|TankWar_P3|TankWar_P4|TankWar_P5","FIELD","metalWall","MapInfo.metalWall","C:\Users\JBNU\git\ConstraintsRecovery\assets\tankwar\asset11",13,13,"C:\Users\JBNU\git\ConstraintsRecovery\assets\tankwar\asset11:IF:8-132","TankWar_P1|TankWar_P2|TankWar_P3|TankWar_P4|TankWar_P5","RESOLVED_INTERNAL"
"E25","G4","TankWar_P1|TankWar_P2|TankWar_P3|TankWar_P4|TankWar_P5","FIELD","grassWall","MapInfo.grassWall","C:\Users\JBNU\git\ConstraintsRecovery\assets\tankwar\asset11",14,14,"C:\Users\JBNU\git\ConstraintsRecovery\assets\tankwar\asset11:IF:8-132","TankWar_P1|TankWar_P2|TankWar_P3|TankWar_P4|TankWar_P5","RESOLVED_INTERNAL"
"E26","G4","TankWar_P1|TankWar_P2|TankWar_P3|TankWar_P4|TankWar_P5","FIELD","waterWall","MapInfo.waterWall","C:\Users\JBNU\git\ConstraintsRecovery\assets\tankwar\asset11",15,15,"C:\Users\JBNU\git\ConstraintsRecovery\assets\tankwar\asset11:IF:8-132","TankWar_P1|TankWar_P2|TankWar_P3|TankWar_P4|TankWar_P5","RESOLVED_INTERNAL"
"E27","G4","TankWar_P1|TankWar_P2|TankWar_P3|TankWar_P4|TankWar_P5","FIELD","enemyPosition","MapInfo.enemyPosition","C:\Users\JBNU\git\ConstraintsRecovery\assets\tankwar\asset11",16,16,"C:\Users\JBNU\git\ConstraintsRecovery\assets\tankwar\asset11:IF:8-132","TankWar_P1|TankWar_P2|TankWar_P3|TankWar_P4|TankWar_P5","RESOLVED_INTERNAL"
"E28","G4","TankWar_P1|TankWar_P2|TankWar_P3|TankWar_P4|TankWar_P5","FIELD","enemyType","MapInfo.enemyType","C:\Users\JBNU\git\ConstraintsRecovery\assets\tankwar\asset11",17,17,"C:\Users\JBNU\git\ConstraintsRecovery\assets\tankwar\asset11:IF:8-132","TankWar_P1|TankWar_P2|TankWar_P3|TankWar_P4|TankWar_P5","RESOLVED_INTERNAL"
"E29","G4","TankWar_P1|TankWar_P2|TankWar_P3|TankWar_P4|TankWar_P5","FIELD","tankManager","MapInfo.tankManager","C:\Users\JBNU\git\ConstraintsRecovery\assets\tankwar\asset11",18,18,"C:\Users\JBNU\git\ConstraintsRecovery\assets\tankwar\asset11:IF:8-132","TankWar_P1|TankWar_P2|TankWar_P3|TankWar_P4|TankWar_P5","RESOLVED_INTERNAL"
"E30","G4","TankWar_P1|TankWar_P2|TankWar_P3|TankWar_P4|TankWar_P5","FIELD","read","MapInfo.read","C:\Users\JBNU\git\ConstraintsRecovery\assets\tankwar\asset11",19,19,"C:\Users\JBNU\git\ConstraintsRecovery\assets\tankwar\asset11:IF:8-132","TankWar_P1|TankWar_P2|TankWar_P3|TankWar_P4|TankWar_P5","RESOLVED_INTERNAL"
"E31","G4","TankWar_P1|TankWar_P2|TankWar_P3|TankWar_P4|TankWar_P5","FIELD","mapSize","MapInfo.mapSize","C:\Users\JBNU\git\ConstraintsRecovery\assets\tankwar\asset11",20,20,"C:\Users\JBNU\git\ConstraintsRecovery\assets\tankwar\asset11:IF:8-132","TankWar_P1|TankWar_P2|TankWar_P3|TankWar_P4|TankWar_P5","RESOLVED_INTERNAL"
"E32","G4","TankWar_P1|TankWar_P2|TankWar_P3|TankWar_P4|TankWar_P5","FIELD","playerLocationX","MapInfo.playerLocationX","C:\Users\JBNU\git\ConstraintsRecovery\assets\tankwar\asset11",21,21,"C:\Users\JBNU\git\ConstraintsRecovery\assets\tankwar\asset11:IF:8-132","TankWar_P1|TankWar_P2|TankWar_P3|TankWar_P4|TankWar_P5","RESOLVED_INTERNAL"
"E33","G4","TankWar_P1|TankWar_P2|TankWar_P3|TankWar_P4|TankWar_P5","FIELD","playerLocationY","MapInfo.playerLocationY","C:\Users\JBNU\git\ConstraintsRecovery\assets\tankwar\asset11",22,22,"C:\Users\JBNU\git\ConstraintsRecovery\assets\tankwar\asset11:IF:8-132","TankWar_P1|TankWar_P2|TankWar_P3|TankWar_P4|TankWar_P5","RESOLVED_INTERNAL"
"E34","G4","TankWar_P1|TankWar_P2|TankWar_P3|TankWar_P4|TankWar_P5","FIELD","baseLocationX","MapInfo.baseLocationX","C:\Users\JBNU\git\ConstraintsRecovery\assets\tankwar\asset11",23,23,"C:\Users\JBNU\git\ConstraintsRecovery\assets\tankwar\asset11:IF:8-132","TankWar_P1|TankWar_P2|TankWar_P3|TankWar_P4|TankWar_P5","RESOLVED_INTERNAL"
"E35","G4","TankWar_P1|TankWar_P2|TankWar_P3|TankWar_P4|TankWar_P5","FIELD","baseLocationY","MapInfo.baseLocationY","C:\Users\JBNU\git\ConstraintsRecovery\assets\tankwar\asset11",24,24,"C:\Users\JBNU\git\ConstraintsRecovery\assets\tankwar\asset11:IF:8-132","TankWar_P1|TankWar_P2|TankWar_P3|TankWar_P4|TankWar_P5","RESOLVED_INTERNAL"
"E36","G4","TankWar_P1|TankWar_P2|TankWar_P3|TankWar_P4|TankWar_P5","FIELD","brickWallLocationX","MapInfo.brickWallLocationX","C:\Users\JBNU\git\ConstraintsRecovery\assets\tankwar\asset11",25,25,"C:\Users\JBNU\git\ConstraintsRecovery\assets\tankwar\asset11:IF:8-132","TankWar_P1|TankWar_P2|TankWar_P3|TankWar_P4|TankWar_P5","RESOLVED_INTERNAL"
"E37","G4","TankWar_P1|TankWar_P2|TankWar_P3|TankWar_P4|TankWar_P5","FIELD","brickWallLocationY","MapInfo.brickWallLocationY","C:\Users\JBNU\git\ConstraintsRecovery\assets\tankwar\asset11",26,26,"C:\Users\JBNU\git\ConstraintsRecovery\assets\tankwar\asset11:IF:8-132","TankWar_P1|TankWar_P2|TankWar_P3|TankWar_P4|TankWar_P5","RESOLVED_INTERNAL"
"E38","G4","TankWar_P1|TankWar_P2|TankWar_P3|TankWar_P4|TankWar_P5","FIELD","brickWallWidth","MapInfo.brickWallWidth","C:\Users\JBNU\git\ConstraintsRecovery\assets\tankwar\asset11",27,27,"C:\Users\JBNU\git\ConstraintsRecovery\assets\tankwar\asset11:IF:8-132","TankWar_P1|TankWar_P2|TankWar_P3|TankWar_P4|TankWar_P5","RESOLVED_INTERNAL"
"E39","G4","TankWar_P1|TankWar_P2|TankWar_P3|TankWar_P4|TankWar_P5","FIELD","brickWallHeight","MapInfo.brickWallHeight","C:\Users\JBNU\git\ConstraintsRecovery\assets\tankwar\asset11",28,28,"C:\Users\JBNU\git\ConstraintsRecovery\assets\tankwar\asset11:IF:8-132","TankWar_P1|TankWar_P2|TankWar_P3|TankWar_P4|TankWar_P5","RESOLVED_INTERNAL"
"E40","G4","TankWar_P1|TankWar_P2|TankWar_P3|TankWar_P4|TankWar_P5","FIELD","metalWallLocationX","MapInfo.metalWallLocationX","C:\Users\JBNU\git\ConstraintsRecovery\assets\tankwar\asset11",29,29,"C:\Users\JBNU\git\ConstraintsRecovery\assets\tankwar\asset11:IF:8-132","TankWar_P1|TankWar_P2|TankWar_P3|TankWar_P4|TankWar_P5","RESOLVED_INTERNAL"
"E41","G4","TankWar_P1|TankWar_P2|TankWar_P3|TankWar_P4|TankWar_P5","FIELD","metalWallLocationY","MapInfo.metalWallLocationY","C:\Users\JBNU\git\ConstraintsRecovery\assets\tankwar\asset11",30,30,"C:\Users\JBNU\git\ConstraintsRecovery\assets\tankwar\asset11:IF:8-132","TankWar_P1|TankWar_P2|TankWar_P3|TankWar_P4|TankWar_P5","RESOLVED_INTERNAL"
"E42","G4","TankWar_P1|TankWar_P2|TankWar_P3|TankWar_P4|TankWar_P5","FIELD","metalWallWidth","MapInfo.metalWallWidth","C:\Users\JBNU\git\ConstraintsRecovery\assets\tankwar\asset11",31,31,"C:\Users\JBNU\git\ConstraintsRecovery\assets\tankwar\asset11:IF:8-132","TankWar_P1|TankWar_P2|TankWar_P3|TankWar_P4|TankWar_P5","RESOLVED_INTERNAL"
"E43","G4","TankWar_P1|TankWar_P2|TankWar_P3|TankWar_P4|TankWar_P5","FIELD","metalWallHeight","MapInfo.metalWallHeight","C:\Users\JBNU\git\ConstraintsRecovery\assets\tankwar\asset11",32,32,"C:\Users\JBNU\git\ConstraintsRecovery\assets\tankwar\asset11:IF:8-132","TankWar_P1|TankWar_P2|TankWar_P3|TankWar_P4|TankWar_P5","RESOLVED_INTERNAL"
"E44","G4","TankWar_P1|TankWar_P2|TankWar_P3|TankWar_P4|TankWar_P5","FIELD","grassWallLocationX","MapInfo.grassWallLocationX","C:\Users\JBNU\git\ConstraintsRecovery\assets\tankwar\asset11",33,33,"C:\Users\JBNU\git\ConstraintsRecovery\assets\tankwar\asset11:IF:8-132","TankWar_P1|TankWar_P2|TankWar_P3|TankWar_P4|TankWar_P5","RESOLVED_INTERNAL"
"E45","G4","TankWar_P1|TankWar_P2|TankWar_P3|TankWar_P4|TankWar_P5","FIELD","grassWallLocationY","MapInfo.grassWallLocationY","C:\Users\JBNU\git\ConstraintsRecovery\assets\tankwar\asset11",34,34,"C:\Users\JBNU\git\ConstraintsRecovery\assets\tankwar\asset11:IF:8-132","TankWar_P1|TankWar_P2|TankWar_P3|TankWar_P4|TankWar_P5","RESOLVED_INTERNAL"
"E46","G4","TankWar_P1|TankWar_P2|TankWar_P3|TankWar_P4|TankWar_P5","FIELD","grassWallWidth","MapInfo.grassWallWidth","C:\Users\JBNU\git\ConstraintsRecovery\assets\tankwar\asset11",35,35,"C:\Users\JBNU\git\ConstraintsRecovery\assets\tankwar\asset11:IF:8-132","TankWar_P1|TankWar_P2|TankWar_P3|TankWar_P4|TankWar_P5","RESOLVED_INTERNAL"
"E47","G4","TankWar_P1|TankWar_P2|TankWar_P3|TankWar_P4|TankWar_P5","FIELD","grassWallHeight","MapInfo.grassWallHeight","C:\Users\JBNU\git\ConstraintsRecovery\assets\tankwar\asset11",36,36,"C:\Users\JBNU\git\ConstraintsRecovery\assets\tankwar\asset11:IF:8-132","TankWar_P1|TankWar_P2|TankWar_P3|TankWar_P4|TankWar_P5","RESOLVED_INTERNAL"
"E48","G4","TankWar_P1|TankWar_P2|TankWar_P3|TankWar_P4|TankWar_P5","FIELD","waterWallLocationX","MapInfo.waterWallLocationX","C:\Users\JBNU\git\ConstraintsRecovery\assets\tankwar\asset11",37,37,"C:\Users\JBNU\git\ConstraintsRecovery\assets\tankwar\asset11:IF:8-132","TankWar_P1|TankWar_P2|TankWar_P3|TankWar_P4|TankWar_P5","RESOLVED_INTERNAL"
"E49","G4","TankWar_P1|TankWar_P2|TankWar_P3|TankWar_P4|TankWar_P5","FIELD","waterWallLocationY","MapInfo.waterWallLocationY","C:\Users\JBNU\git\ConstraintsRecovery\assets\tankwar\asset11",38,38,"C:\Users\JBNU\git\ConstraintsRecovery\assets\tankwar\asset11:IF:8-132","TankWar_P1|TankWar_P2|TankWar_P3|TankWar_P4|TankWar_P5","RESOLVED_INTERNAL"
"E50","G4","TankWar_P1|TankWar_P2|TankWar_P3|TankWar_P4|TankWar_P5","FIELD","waterWallWidth","MapInfo.waterWallWidth","C:\Users\JBNU\git\ConstraintsRecovery\assets\tankwar\asset11",39,39,"C:\Users\JBNU\git\ConstraintsRecovery\assets\tankwar\asset11:IF:8-132","TankWar_P1|TankWar_P2|TankWar_P3|TankWar_P4|TankWar_P5","RESOLVED_INTERNAL"
"E51","G4","TankWar_P1|TankWar_P2|TankWar_P3|TankWar_P4|TankWar_P5","FIELD","waterWallHeight","MapInfo.waterWallHeight","C:\Users\JBNU\git\ConstraintsRecovery\assets\tankwar\asset11",40,40,"C:\Users\JBNU\git\ConstraintsRecovery\assets\tankwar\asset11:IF:8-132","TankWar_P1|TankWar_P2|TankWar_P3|TankWar_P4|TankWar_P5","RESOLVED_INTERNAL"
"E52","G4","TankWar_P1|TankWar_P2|TankWar_P3|TankWar_P4|TankWar_P5","FIELD","enemyLocation","MapInfo.enemyLocation","C:\Users\JBNU\git\ConstraintsRecovery\assets\tankwar\asset11",41,41,"C:\Users\JBNU\git\ConstraintsRecovery\assets\tankwar\asset11:IF:8-132","TankWar_P1|TankWar_P2|TankWar_P3|TankWar_P4|TankWar_P5","RESOLVED_INTERNAL"
"E53","G4","TankWar_P1|TankWar_P2|TankWar_P3|TankWar_P4|TankWar_P5","FIELD","enemyAllNr","MapInfo.enemyAllNr","C:\Users\JBNU\git\ConstraintsRecovery\assets\tankwar\asset11",42,42,"C:\Users\JBNU\git\ConstraintsRecovery\assets\tankwar\asset11:IF:8-132","TankWar_P1|TankWar_P2|TankWar_P3|TankWar_P4|TankWar_P5","RESOLVED_INTERNAL"
"E54","G4","TankWar_P1|TankWar_P2|TankWar_P3|TankWar_P4|TankWar_P5","FIELD","enemyMaxNr","MapInfo.enemyMaxNr","C:\Users\JBNU\git\ConstraintsRecovery\assets\tankwar\asset11",43,43,"C:\Users\JBNU\git\ConstraintsRecovery\assets\tankwar\asset11:IF:8-132","TankWar_P1|TankWar_P2|TankWar_P3|TankWar_P4|TankWar_P5","RESOLVED_INTERNAL"
"E55","G4","TankWar_P1|TankWar_P2|TankWar_P3|TankWar_P4|TankWar_P5","FIELD","enemyTy","MapInfo.enemyTy","C:\Users\JBNU\git\ConstraintsRecovery\assets\tankwar\asset11",44,44,"C:\Users\JBNU\git\ConstraintsRecovery\assets\tankwar\asset11:IF:8-132","TankWar_P1|TankWar_P2|TankWar_P3|TankWar_P4|TankWar_P5","RESOLVED_INTERNAL"
"E56","G4","TankWar_P1|TankWar_P2|TankWar_P3|TankWar_P4|TankWar_P5","CONSTRUCTOR","MapInfo","MapInfo.MapInfo","C:\Users\JBNU\git\ConstraintsRecovery\assets\tankwar\asset11",45,49,"C:\Users\JBNU\git\ConstraintsRecovery\assets\tankwar\asset11:IF:8-132","TankWar_P1|TankWar_P2|TankWar_P3|TankWar_P4|TankWar_P5","RESOLVED_INTERNAL"
"E57","G4","TankWar_P1|TankWar_P2|TankWar_P3|TankWar_P4|TankWar_P5","METHOD","readMap","MapInfo.readMap","C:\Users\JBNU\git\ConstraintsRecovery\assets\tankwar\asset11",50,131,"C:\Users\JBNU\git\ConstraintsRecovery\assets\tankwar\asset11:IF:8-132","TankWar_P1|TankWar_P2|TankWar_P3|TankWar_P4|TankWar_P5","RESOLVED_INTERNAL"
"E58","G4","TankWar_P1|TankWar_P2|TankWar_P3|TankWar_P4|TankWar_P5","CLASS","MIDlet","MIDlet","C:\Users\JBNU\git\ConstraintsRecovery\assets\tankwar\asset12",9,10,"C:\Users\JBNU\git\ConstraintsRecovery\assets\tankwar\asset12:IF:8-10","TankWar_P1|TankWar_P2|TankWar_P3|TankWar_P4|TankWar_P5","RESOLVED_INTERNAL"
"E59","G10","TankWar_P1|TankWar_P4|TankWar_P5","CLASS","Maler$$fuer_PC","Maler$$fuer_PC","C:\Users\JBNU\git\ConstraintsRecovery\assets\tankwar\asset13",28,358,"C:\Users\JBNU\git\ConstraintsRecovery\assets\tankwar\asset13:IF:26-28","TankWar_P1|TankWar_P4|TankWar_P5","RESOLVED_INTERNAL"
"E60","G17","TankWar_P3","CLASS","Maler$$fuer_PC","Maler$$fuer_PC","C:\Users\JBNU\git\ConstraintsRecovery\assets\tankwar\asset13",31,358,"C:\Users\JBNU\git\ConstraintsRecovery\assets\tankwar\asset13:ELIF:29-31","TankWar_P3","RESOLVED_INTERNAL"
"E61","G12","TankWar_P2","CLASS","Maler$$fuer_PC","Maler$$fuer_PC","C:\Users\JBNU\git\ConstraintsRecovery\assets\tankwar\asset13",33,358,"C:\Users\JBNU\git\ConstraintsRecovery\assets\tankwar\asset13:ELIF:32-33","TankWar_P2","RESOLVED_INTERNAL"
"E62","G4","TankWar_P1|TankWar_P2|TankWar_P3|TankWar_P4|TankWar_P5","FIELD","images","Maler$$fuer_PC.images","C:\Users\JBNU\git\ConstraintsRecovery\assets\tankwar\asset13",35,35,"C:\Users\JBNU\git\ConstraintsRecovery\assets\tankwar\asset13:IF:8-358","TankWar_P1|TankWar_P2|TankWar_P3|TankWar_P4|TankWar_P5","RESOLVED_INTERNAL"
"E63","G4","TankWar_P1|TankWar_P2|TankWar_P3|TankWar_P4|TankWar_P5","CONSTRUCTOR","Maler$$fuer_PC","Maler$$fuer_PC.Maler$$fuer_PC","C:\Users\JBNU\git\ConstraintsRecovery\assets\tankwar\asset13",36,38,"C:\Users\JBNU\git\ConstraintsRecovery\assets\tankwar\asset13:IF:8-358","TankWar_P1|TankWar_P2|TankWar_P3|TankWar_P4|TankWar_P5","RESOLVED_INTERNAL"
"E64","G4","TankWar_P1|TankWar_P2|TankWar_P3|TankWar_P4|TankWar_P5","METHOD","drawImage","Maler$$fuer_PC.drawImage","C:\Users\JBNU\git\ConstraintsRecovery\assets\tankwar\asset13",39,353,"C:\Users\JBNU\git\ConstraintsRecovery\assets\tankwar\asset13:IF:8-358","TankWar_P1|TankWar_P2|TankWar_P3|TankWar_P4|TankWar_P5","RESOLVED_INTERNAL"
"E65","G4","TankWar_P1|TankWar_P2|TankWar_P3|TankWar_P4|TankWar_P5","METHOD","loadimage","Maler$$fuer_PC.loadimage","C:\Users\JBNU\git\ConstraintsRecovery\assets\tankwar\asset13",354,357,"C:\Users\JBNU\git\ConstraintsRecovery\assets\tankwar\asset13:IF:8-358","TankWar_P1|TankWar_P2|TankWar_P3|TankWar_P4|TankWar_P5","RESOLVED_INTERNAL"
"E66","G4","TankWar_P1|TankWar_P2|TankWar_P3|TankWar_P4|TankWar_P5","CLASS","Tank$$TankWar","Tank$$TankWar","C:\Users\JBNU\git\ConstraintsRecovery\assets\tankwar\asset14",14,384,"C:\Users\JBNU\git\ConstraintsRecovery\assets\tankwar\asset14:IF:8-384","TankWar_P1|TankWar_P2|TankWar_P3|TankWar_P4|TankWar_P5","RESOLVED_INTERNAL"
"E67","G4","TankWar_P1|TankWar_P2|TankWar_P3|TankWar_P4|TankWar_P5","FIELD","geschwindigkeit","Tank$$TankWar.geschwindigkeit","C:\Users\JBNU\git\ConstraintsRecovery\assets\tankwar\asset14",15,15,"C:\Users\JBNU\git\ConstraintsRecovery\assets\tankwar\asset14:IF:8-384","TankWar_P1|TankWar_P2|TankWar_P3|TankWar_P4|TankWar_P5","RESOLVED_INTERNAL"
"E68","G4","TankWar_P1|TankWar_P2|TankWar_P3|TankWar_P4|TankWar_P5","FIELD","xf_Koordinate","Tank$$TankWar.xf_Koordinate","C:\Users\JBNU\git\ConstraintsRecovery\assets\tankwar\asset14",15,15,"C:\Users\JBNU\git\ConstraintsRecovery\assets\tankwar\asset14:IF:8-384","TankWar_P1|TankWar_P2|TankWar_P3|TankWar_P4|TankWar_P5","RESOLVED_INTERNAL"
"E69","G4","TankWar_P1|TankWar_P2|TankWar_P3|TankWar_P4|TankWar_P5","FIELD","yf_Koordinate","Tank$$TankWar.yf_Koordinate","C:\Users\JBNU\git\ConstraintsRecovery\assets\tankwar\asset14",15,15,"C:\Users\JBNU\git\ConstraintsRecovery\assets\tankwar\asset14:IF:8-384","TankWar_P1|TankWar_P2|TankWar_P3|TankWar_P4|TankWar_P5","RESOLVED_INTERNAL"
"E70","G4","TankWar_P1|TankWar_P2|TankWar_P3|TankWar_P4|TankWar_P5","FIELD","currTime","Tank$$TankWar.currTime","C:\Users\JBNU\git\ConstraintsRecovery\assets\tankwar\asset14",16,16,"C:\Users\JBNU\git\ConstraintsRecovery\assets\tankwar\asset14:IF:8-384","TankWar_P1|TankWar_P2|TankWar_P3|TankWar_P4|TankWar_P5","RESOLVED_INTERNAL"
"E71","G4","TankWar_P1|TankWar_P2|TankWar_P3|TankWar_P4|TankWar_P5","FIELD","time","Tank$$TankWar.time","C:\Users\JBNU\git\ConstraintsRecovery\assets\tankwar\asset14",17,17,"C:\Users\JBNU\git\ConstraintsRecovery\assets\tankwar\asset14:IF:8-384","TankWar_P1|TankWar_P2|TankWar_P3|TankWar_P4|TankWar_P5","RESOLVED_INTERNAL"
"E72","G4","TankWar_P1|TankWar_P2|TankWar_P3|TankWar_P4|TankWar_P5","FIELD","time1","Tank$$TankWar.time1","C:\Users\JBNU\git\ConstraintsRecovery\assets\tankwar\asset14",17,17,"C:\Users\JBNU\git\ConstraintsRecovery\assets\tankwar\asset14:IF:8-384","TankWar_P1|TankWar_P2|TankWar_P3|TankWar_P4|TankWar_P5","RESOLVED_INTERNAL"
"E73","G4","TankWar_P1|TankWar_P2|TankWar_P3|TankWar_P4|TankWar_P5","FIELD","missileType","Tank$$TankWar.missileType","C:\Users\JBNU\git\ConstraintsRecovery\assets\tankwar\asset14",18,18,"C:\Users\JBNU\git\ConstraintsRecovery\assets\tankwar\asset14:IF:8-384","TankWar_P1|TankWar_P2|TankWar_P3|TankWar_P4|TankWar_P5","RESOLVED_INTERNAL"
"E74","G4","TankWar_P1|TankWar_P2|TankWar_P3|TankWar_P4|TankWar_P5","FIELD","feuernKontroller","Tank$$TankWar.feuernKontroller","C:\Users\JBNU\git\ConstraintsRecovery\assets\tankwar\asset14",19,19,"C:\Users\JBNU\git\ConstraintsRecovery\assets\tankwar\asset14:IF:8-384","TankWar_P1|TankWar_P2|TankWar_P3|TankWar_P4|TankWar_P5","RESOLVED_INTERNAL"
"E75","G4","TankWar_P1|TankWar_P2|TankWar_P3|TankWar_P4|TankWar_P5","FIELD","feuernHaufigkeit","Tank$$TankWar.feuernHaufigkeit","C:\Users\JBNU\git\ConstraintsRecovery\assets\tankwar\asset14",20,20,"C:\Users\JBNU\git\ConstraintsRecovery\assets\tankwar\asset14:IF:8-384","TankWar_P1|TankWar_P2|TankWar_P3|TankWar_P4|TankWar_P5","RESOLVED_INTERNAL"
"E76","G4","TankWar_P1|TankWar_P2|TankWar_P3|TankWar_P4|TankWar_P5","FIELD","energie","Tank$$TankWar.energie","C:\Users\JBNU\git\ConstraintsRecovery\assets\tankwar\asset14",21,21,"C:\Users\JBNU\git\ConstraintsRecovery\assets\tankwar\asset14:IF:8-384","TankWar_P1|TankWar_P2|TankWar_P3|TankWar_P4|TankWar_P5","RESOLVED_INTERNAL"
"E77","G4","TankWar_P1|TankWar_P2|TankWar_P3|TankWar_P4|TankWar_P5","FIELD","random","Tank$$TankWar.random","C:\Users\JBNU\git\ConstraintsRecovery\assets\tankwar\asset14",22,22,"C:\Users\JBNU\git\ConstraintsRecovery\assets\tankwar\asset14:IF:8-384","TankWar_P1|TankWar_P2|TankWar_P3|TankWar_P4|TankWar_P5","RESOLVED_INTERNAL"
"E78","G4","TankWar_P1|TankWar_P2|TankWar_P3|TankWar_P4|TankWar_P5","FIELD","aktive","Tank$$TankWar.aktive","C:\Users\JBNU\git\ConstraintsRecovery\assets\tankwar\asset14",23,23,"C:\Users\JBNU\git\ConstraintsRecovery\assets\tankwar\asset14:IF:8-384","TankWar_P1|TankWar_P2|TankWar_P3|TankWar_P4|TankWar_P5","RESOLVED_INTERNAL"
"E79","G4","TankWar_P1|TankWar_P2|TankWar_P3|TankWar_P4|TankWar_P5","FIELD","feuern","Tank$$TankWar.feuern","C:\Users\JBNU\git\ConstraintsRecovery\assets\tankwar\asset14",24,24,"C:\Users\JBNU\git\ConstraintsRecovery\assets\tankwar\asset14:IF:8-384","TankWar_P1|TankWar_P2|TankWar_P3|TankWar_P4|TankWar_P5","RESOLVED_INTERNAL"
"E80","G4","TankWar_P1|TankWar_P2|TankWar_P3|TankWar_P4|TankWar_P5","FIELD","keyDown","Tank$$TankWar.keyDown","C:\Users\JBNU\git\ConstraintsRecovery\assets\tankwar\asset14",25,25,"C:\Users\JBNU\git\ConstraintsRecovery\assets\tankwar\asset14:IF:8-384","TankWar_P1|TankWar_P2|TankWar_P3|TankWar_P4|TankWar_P5","RESOLVED_INTERNAL"
"E81","G4","TankWar_P1|TankWar_P2|TankWar_P3|TankWar_P4|TankWar_P5","FIELD","keyLeft","Tank$$TankWar.keyLeft","C:\Users\JBNU\git\ConstraintsRecovery\assets\tankwar\asset14",25,25,"C:\Users\JBNU\git\ConstraintsRecovery\assets\tankwar\asset14:IF:8-384","TankWar_P1|TankWar_P2|TankWar_P3|TankWar_P4|TankWar_P5","RESOLVED_INTERNAL"
"E82","G4","TankWar_P1|TankWar_P2|TankWar_P3|TankWar_P4|TankWar_P5","FIELD","keyRight","Tank$$TankWar.keyRight","C:\Users\JBNU\git\ConstraintsRecovery\assets\tankwar\asset14",25,25,"C:\Users\JBNU\git\ConstraintsRecovery\assets\tankwar\asset14:IF:8-384","TankWar_P1|TankWar_P2|TankWar_P3|TankWar_P4|TankWar_P5","RESOLVED_INTERNAL"
"E83","G4","TankWar_P1|TankWar_P2|TankWar_P3|TankWar_P4|TankWar_P5","FIELD","keyUp","Tank$$TankWar.keyUp","C:\Users\JBNU\git\ConstraintsRecovery\assets\tankwar\asset14",25,25,"C:\Users\JBNU\git\ConstraintsRecovery\assets\tankwar\asset14:IF:8-384","TankWar_P1|TankWar_P2|TankWar_P3|TankWar_P4|TankWar_P5","RESOLVED_INTERNAL"
"E84","G4","TankWar_P1|TankWar_P2|TankWar_P3|TankWar_P4|TankWar_P5","FIELD","flachHeit","Tank$$TankWar.flachHeit","C:\Users\JBNU\git\ConstraintsRecovery\assets\tankwar\asset14",26,26,"C:\Users\JBNU\git\ConstraintsRecovery\assets\tankwar\asset14:IF:8-384","TankWar_P1|TankWar_P2|TankWar_P3|TankWar_P4|TankWar_P5","RESOLVED_INTERNAL"
"E85","G4","TankWar_P1|TankWar_P2|TankWar_P3|TankWar_P4|TankWar_P5","FIELD","feindlich","Tank$$TankWar.feindlich","C:\Users\JBNU\git\ConstraintsRecovery\assets\tankwar\asset14",27,27,"C:\Users\JBNU\git\ConstraintsRecovery\assets\tankwar\asset14:IF:8-384","TankWar_P1|TankWar_P2|TankWar_P3|TankWar_P4|TankWar_P5","RESOLVED_INTERNAL"
"E86","G4","TankWar_P1|TankWar_P2|TankWar_P3|TankWar_P4|TankWar_P5","FIELD","beschId","Tank$$TankWar.beschId","C:\Users\JBNU\git\ConstraintsRecovery\assets\tankwar\asset14",28,28,"C:\Users\JBNU\git\ConstraintsRecovery\assets\tankwar\asset14:IF:8-384","TankWar_P1|TankWar_P2|TankWar_P3|TankWar_P4|TankWar_P5","RESOLVED_INTERNAL"
"E87","G4","TankWar_P1|TankWar_P2|TankWar_P3|TankWar_P4|TankWar_P5","FIELD","elapsedTime","Tank$$TankWar.elapsedTime","C:\Users\JBNU\git\ConstraintsRecovery\assets\tankwar\asset14",29,29,"C:\Users\JBNU\git\ConstraintsRecovery\assets\tankwar\asset14:IF:8-384","TankWar_P1|TankWar_P2|TankWar_P3|TankWar_P4|TankWar_P5","RESOLVED_INTERNAL"
"E88","G4","TankWar_P1|TankWar_P2|TankWar_P3|TankWar_P4|TankWar_P5","FIELD","flachHeitRichtung","Tank$$TankWar.flachHeitRichtung","C:\Users\JBNU\git\ConstraintsRecovery\assets\tankwar\asset14",30,30,"C:\Users\JBNU\git\ConstraintsRecovery\assets\tankwar\asset14:IF:8-384","TankWar_P1|TankWar_P2|TankWar_P3|TankWar_P4|TankWar_P5","RESOLVED_INTERNAL"
"E89","G4","TankWar_P1|TankWar_P2|TankWar_P3|TankWar_P4|TankWar_P5","FIELD","fahrRichtung","Tank$$TankWar.fahrRichtung","C:\Users\JBNU\git\ConstraintsRecovery\assets\tankwar\asset14",31,31,"C:\Users\JBNU\git\ConstraintsRecovery\assets\tankwar\asset14:IF:8-384","TankWar_P1|TankWar_P2|TankWar_P3|TankWar_P4|TankWar_P5","RESOLVED_INTERNAL"
"E90","G4","TankWar_P1|TankWar_P2|TankWar_P3|TankWar_P4|TankWar_P5","FIELD","tankRichtung","Tank$$TankWar.tankRichtung","C:\Users\JBNU\git\ConstraintsRecovery\assets\tankwar\asset14",31,31,"C:\Users\JBNU\git\ConstraintsRecovery\assets\tankwar\asset14:IF:8-384","TankWar_P1|TankWar_P2|TankWar_P3|TankWar_P4|TankWar_P5","RESOLVED_INTERNAL"
"E91","G4","TankWar_P1|TankWar_P2|TankWar_P3|TankWar_P4|TankWar_P5","CONSTRUCTOR","Tank$$TankWar","Tank$$TankWar.Tank$$TankWar","C:\Users\JBNU\git\ConstraintsRecovery\assets\tankwar\asset14",32,34,"C:\Users\JBNU\git\ConstraintsRecovery\assets\tankwar\asset14:IF:8-384","TankWar_P1|TankWar_P2|TankWar_P3|TankWar_P4|TankWar_P5","RESOLVED_INTERNAL"
"E92","G4","TankWar_P1|TankWar_P2|TankWar_P3|TankWar_P4|TankWar_P5","METHOD","init","Tank$$TankWar.init","C:\Users\JBNU\git\ConstraintsRecovery\assets\tankwar\asset14",35,112,"C:\Users\JBNU\git\ConstraintsRecovery\assets\tankwar\asset14:IF:8-384","TankWar_P1|TankWar_P2|TankWar_P3|TankWar_P4|TankWar_P5","RESOLVED_INTERNAL"
"E93","G4","TankWar_P1|TankWar_P2|TankWar_P3|TankWar_P4|TankWar_P5","METHOD","malen","Tank$$TankWar.malen","C:\Users\JBNU\git\ConstraintsRecovery\assets\tankwar\asset14",113,131,"C:\Users\JBNU\git\ConstraintsRecovery\assets\tankwar\asset14:IF:8-384","TankWar_P1|TankWar_P2|TankWar_P3|TankWar_P4|TankWar_P5","RESOLVED_INTERNAL"
"E94","G4","TankWar_P1|TankWar_P2|TankWar_P3|TankWar_P4|TankWar_P5","METHOD","tankMalen","Tank$$TankWar.tankMalen","C:\Users\JBNU\git\ConstraintsRecovery\assets\tankwar\asset14",132,136,"C:\Users\JBNU\git\ConstraintsRecovery\assets\tankwar\asset14:IF:8-384","TankWar_P1|TankWar_P2|TankWar_P3|TankWar_P4|TankWar_P5","RESOLVED_INTERNAL"
"E95","G4","TankWar_P1|TankWar_P2|TankWar_P3|TankWar_P4|TankWar_P5","METHOD","geschuetzTurm","Tank$$TankWar.geschuetzTurm","C:\Users\JBNU\git\ConstraintsRecovery\assets\tankwar\asset14",137,157,"C:\Users\JBNU\git\ConstraintsRecovery\assets\tankwar\asset14:IF:8-384","TankWar_P1|TankWar_P2|TankWar_P3|TankWar_P4|TankWar_P5","RESOLVED_INTERNAL"
"E96","G4","TankWar_P1|TankWar_P2|TankWar_P3|TankWar_P4|TankWar_P5","METHOD","keyPressBehandeln","Tank$$TankWar.keyPressBehandeln","C:\Users\JBNU\git\ConstraintsRecovery\assets\tankwar\asset14",158,189,"C:\Users\JBNU\git\ConstraintsRecovery\assets\tankwar\asset14:IF:8-384","TankWar_P1|TankWar_P2|TankWar_P3|TankWar_P4|TankWar_P5","RESOLVED_INTERNAL"
"E97","G4","TankWar_P1|TankWar_P2|TankWar_P3|TankWar_P4|TankWar_P5","METHOD","keyReleaseBehandeln","Tank$$TankWar.keyReleaseBehandeln","C:\Users\JBNU\git\ConstraintsRecovery\assets\tankwar\asset14",190,209,"C:\Users\JBNU\git\ConstraintsRecovery\assets\tankwar\asset14:IF:8-384","TankWar_P1|TankWar_P2|TankWar_P3|TankWar_P4|TankWar_P5","RESOLVED_INTERNAL"
"E98","G4","TankWar_P1|TankWar_P2|TankWar_P3|TankWar_P4|TankWar_P5","METHOD","richtungErkennen","Tank$$TankWar.richtungErkennen","C:\Users\JBNU\git\ConstraintsRecovery\assets\tankwar\asset14",210,229,"C:\Users\JBNU\git\ConstraintsRecovery\assets\tankwar\asset14:IF:8-384","TankWar_P1|TankWar_P2|TankWar_P3|TankWar_P4|TankWar_P5","RESOLVED_INTERNAL"
"E99","G4","TankWar_P1|TankWar_P2|TankWar_P3|TankWar_P4|TankWar_P5","METHOD","feuern","Tank$$TankWar.feuern","C:\Users\JBNU\git\ConstraintsRecovery\assets\tankwar\asset14",230,235,"C:\Users\JBNU\git\ConstraintsRecovery\assets\tankwar\asset14:IF:8-384","TankWar_P1|TankWar_P2|TankWar_P3|TankWar_P4|TankWar_P5","RESOLVED_INTERNAL"
"E100","G4","TankWar_P1|TankWar_P2|TankWar_P3|TankWar_P4|TankWar_P5","METHOD","koordinateAktualisieren","Tank$$TankWar.koordinateAktualisieren","C:\Users\JBNU\git\ConstraintsRecovery\assets\tankwar\asset14",236,366,"C:\Users\JBNU\git\ConstraintsRecovery\assets\tankwar\asset14:IF:8-384","TankWar_P1|TankWar_P2|TankWar_P3|TankWar_P4|TankWar_P5","RESOLVED_INTERNAL"
"E101","G4","TankWar_P1|TankWar_P2|TankWar_P3|TankWar_P4|TankWar_P5","METHOD","tankFeindKI","Tank$$TankWar.tankFeindKI","C:\Users\JBNU\git\ConstraintsRecovery\assets\tankwar\asset14",367,368,"C:\Users\JBNU\git\ConstraintsRecovery\assets\tankwar\asset14:IF:8-384","TankWar_P1|TankWar_P2|TankWar_P3|TankWar_P4|TankWar_P5","RESOLVED_INTERNAL"
"E102","G4","TankWar_P1|TankWar_P2|TankWar_P3|TankWar_P4|TankWar_P5","METHOD","beschaedigen","Tank$$TankWar.beschaedigen","C:\Users\JBNU\git\ConstraintsRecovery\assets\tankwar\asset14",369,375,"C:\Users\JBNU\git\ConstraintsRecovery\assets\tankwar\asset14:IF:8-384","TankWar_P1|TankWar_P2|TankWar_P3|TankWar_P4|TankWar_P5","RESOLVED_INTERNAL"
"E103","G4","TankWar_P1|TankWar_P2|TankWar_P3|TankWar_P4|TankWar_P5","METHOD","explodieren","Tank$$TankWar.explodieren","C:\Users\JBNU\git\ConstraintsRecovery\assets\tankwar\asset14",376,381,"C:\Users\JBNU\git\ConstraintsRecovery\assets\tankwar\asset14:IF:8-384","TankWar_P1|TankWar_P2|TankWar_P3|TankWar_P4|TankWar_P5","RESOLVED_INTERNAL"
"E104","G4","TankWar_P1|TankWar_P2|TankWar_P3|TankWar_P4|TankWar_P5","METHOD","toolBehandeln","Tank$$TankWar.toolBehandeln","C:\Users\JBNU\git\ConstraintsRecovery\assets\tankwar\asset14",382,383,"C:\Users\JBNU\git\ConstraintsRecovery\assets\tankwar\asset14:IF:8-384","TankWar_P1|TankWar_P2|TankWar_P3|TankWar_P4|TankWar_P5","RESOLVED_INTERNAL"
"E105","G4","TankWar_P1|TankWar_P2|TankWar_P3|TankWar_P4|TankWar_P5","CLASS","Menu","Menu","C:\Users\JBNU\git\ConstraintsRecovery\assets\tankwar\asset15",18,281,"C:\Users\JBNU\git\ConstraintsRecovery\assets\tankwar\asset15:IF:8-281","TankWar_P1|TankWar_P2|TankWar_P3|TankWar_P4|TankWar_P5","RESOLVED_INTERNAL"
"E106","G4","TankWar_P1|TankWar_P2|TankWar_P3|TankWar_P4|TankWar_P5","FIELD","options","Menu.options","C:\Users\JBNU\git\ConstraintsRecovery\assets\tankwar\asset15",19,19,"C:\Users\JBNU\git\ConstraintsRecovery\assets\tankwar\asset15:IF:8-281","TankWar_P1|TankWar_P2|TankWar_P3|TankWar_P4|TankWar_P5","RESOLVED_INTERNAL"
"E107","G4","TankWar_P1|TankWar_P2|TankWar_P3|TankWar_P4|TankWar_P5","FIELD","logoXK","Menu.logoXK","C:\Users\JBNU\git\ConstraintsRecovery\assets\tankwar\asset15",20,20,"C:\Users\JBNU\git\ConstraintsRecovery\assets\tankwar\asset15:IF:8-281","TankWar_P1|TankWar_P2|TankWar_P3|TankWar_P4|TankWar_P5","RESOLVED_INTERNAL"
"E108","G4","TankWar_P1|TankWar_P2|TankWar_P3|TankWar_P4|TankWar_P5","FIELD","logoYK","Menu.logoYK","C:\Users\JBNU\git\ConstraintsRecovery\assets\tankwar\asset15",20,20,"C:\Users\JBNU\git\ConstraintsRecovery\assets\tankwar\asset15:IF:8-281","TankWar_P1|TankWar_P2|TankWar_P3|TankWar_P4|TankWar_P5","RESOLVED_INTERNAL"
"E109","G4","TankWar_P1|TankWar_P2|TankWar_P3|TankWar_P4|TankWar_P5","FIELD","zeileAbstand","Menu.zeileAbstand","C:\Users\JBNU\git\ConstraintsRecovery\assets\tankwar\asset15",21,21,"C:\Users\JBNU\git\ConstraintsRecovery\assets\tankwar\asset15:IF:8-281","TankWar_P1|TankWar_P2|TankWar_P3|TankWar_P4|TankWar_P5","RESOLVED_INTERNAL"
"E110","G4","TankWar_P1|TankWar_P2|TankWar_P3|TankWar_P4|TankWar_P5","FIELD","maler","Menu.maler","C:\Users\JBNU\git\ConstraintsRecovery\assets\tankwar\asset15",22,22,"C:\Users\JBNU\git\ConstraintsRecovery\assets\tankwar\asset15:IF:8-281","TankWar_P1|TankWar_P2|TankWar_P3|TankWar_P4|TankWar_P5","RESOLVED_INTERNAL"
"E111","G4","TankWar_P1|TankWar_P2|TankWar_P3|TankWar_P4|TankWar_P5","FIELD","logoimage","Menu.logoimage","C:\Users\JBNU\git\ConstraintsRecovery\assets\tankwar\asset15",23,23,"C:\Users\JBNU\git\ConstraintsRecovery\assets\tankwar\asset15:IF:8-281","TankWar_P1|TankWar_P2|TankWar_P3|TankWar_P4|TankWar_P5","RESOLVED_INTERNAL"
"E112","G4","TankWar_P1|TankWar_P2|TankWar_P3|TankWar_P4|TankWar_P5","FIELD","style","Menu.style","C:\Users\JBNU\git\ConstraintsRecovery\assets\tankwar\asset15",24,24,"C:\Users\JBNU\git\ConstraintsRecovery\assets\tankwar\asset15:IF:8-281","TankWar_P1|TankWar_P2|TankWar_P3|TankWar_P4|TankWar_P5","RESOLVED_INTERNAL"
"E113","G4","TankWar_P1|TankWar_P2|TankWar_P3|TankWar_P4|TankWar_P5","FIELD","xStyle","Menu.xStyle","C:\Users\JBNU\git\ConstraintsRecovery\assets\tankwar\asset15",25,25,"C:\Users\JBNU\git\ConstraintsRecovery\assets\tankwar\asset15:IF:8-281","TankWar_P1|TankWar_P2|TankWar_P3|TankWar_P4|TankWar_P5","RESOLVED_INTERNAL"
"E114","G4","TankWar_P1|TankWar_P2|TankWar_P3|TankWar_P4|TankWar_P5","FIELD","yStyle","Menu.yStyle","C:\Users\JBNU\git\ConstraintsRecovery\assets\tankwar\asset15",25,25,"C:\Users\JBNU\git\ConstraintsRecovery\assets\tankwar\asset15:IF:8-281","TankWar_P1|TankWar_P2|TankWar_P3|TankWar_P4|TankWar_P5","RESOLVED_INTERNAL"
"E115","G4","TankWar_P1|TankWar_P2|TankWar_P3|TankWar_P4|TankWar_P5","FIELD","x_KoordinateImage","Menu.x_KoordinateImage","C:\Users\JBNU\git\ConstraintsRecovery\assets\tankwar\asset15",26,26,"C:\Users\JBNU\git\ConstraintsRecovery\assets\tankwar\asset15:IF:8-281","TankWar_P1|TankWar_P2|TankWar_P3|TankWar_P4|TankWar_P5","RESOLVED_INTERNAL"
"E116","G4","TankWar_P1|TankWar_P2|TankWar_P3|TankWar_P4|TankWar_P5","FIELD","y_KoordinateImage","Menu.y_KoordinateImage","C:\Users\JBNU\git\ConstraintsRecovery\assets\tankwar\asset15",26,26,"C:\Users\JBNU\git\ConstraintsRecovery\assets\tankwar\asset15:IF:8-281","TankWar_P1|TankWar_P2|TankWar_P3|TankWar_P4|TankWar_P5","RESOLVED_INTERNAL"
"E117","G4","TankWar_P1|TankWar_P2|TankWar_P3|TankWar_P4|TankWar_P5","FIELD","waehlbar","Menu.waehlbar","C:\Users\JBNU\git\ConstraintsRecovery\assets\tankwar\asset15",27,27,"C:\Users\JBNU\git\ConstraintsRecovery\assets\tankwar\asset15:IF:8-281","TankWar_P1|TankWar_P2|TankWar_P3|TankWar_P4|TankWar_P5","RESOLVED_INTERNAL"
"E118","G4","TankWar_P1|TankWar_P2|TankWar_P3|TankWar_P4|TankWar_P5","FIELD","fontSize","Menu.fontSize","C:\Users\JBNU\git\ConstraintsRecovery\assets\tankwar\asset15",28,28,"C:\Users\JBNU\git\ConstraintsRecovery\assets\tankwar\asset15:IF:8-281","TankWar_P1|TankWar_P2|TankWar_P3|TankWar_P4|TankWar_P5","RESOLVED_INTERNAL"
"E119","G4","TankWar_P1|TankWar_P2|TankWar_P3|TankWar_P4|TankWar_P5","FIELD","font","Menu.font","C:\Users\JBNU\git\ConstraintsRecovery\assets\tankwar\asset15",29,29,"C:\Users\JBNU\git\ConstraintsRecovery\assets\tankwar\asset15:IF:8-281","TankWar_P1|TankWar_P2|TankWar_P3|TankWar_P4|TankWar_P5","RESOLVED_INTERNAL"
"E120","G4","TankWar_P1|TankWar_P2|TankWar_P3|TankWar_P4|TankWar_P5","CONSTRUCTOR","Menu","Menu.Menu","C:\Users\JBNU\git\ConstraintsRecovery\assets\tankwar\asset15",30,34,"C:\Users\JBNU\git\ConstraintsRecovery\assets\tankwar\asset15:IF:8-281","TankWar_P1|TankWar_P2|TankWar_P3|TankWar_P4|TankWar_P5","RESOLVED_INTERNAL"
"E121","G4","TankWar_P1|TankWar_P2|TankWar_P3|TankWar_P4|TankWar_P5","METHOD","addLogo","Menu.addLogo","C:\Users\JBNU\git\ConstraintsRecovery\assets\tankwar\asset15",35,37,"C:\Users\JBNU\git\ConstraintsRecovery\assets\tankwar\asset15:IF:8-281","TankWar_P1|TankWar_P2|TankWar_P3|TankWar_P4|TankWar_P5","RESOLVED_INTERNAL"
"E122","G4","TankWar_P1|TankWar_P2|TankWar_P3|TankWar_P4|TankWar_P5","METHOD","setLogoKoordinate","Menu.setLogoKoordinate","C:\Users\JBNU\git\ConstraintsRecovery\assets\tankwar\asset15",38,41,"C:\Users\JBNU\git\ConstraintsRecovery\assets\tankwar\asset15:IF:8-281","TankWar_P1|TankWar_P2|TankWar_P3|TankWar_P4|TankWar_P5","RESOLVED_INTERNAL"
"E123","G4","TankWar_P1|TankWar_P2|TankWar_P3|TankWar_P4|TankWar_P5","METHOD","setKoordinateImage","Menu.setKoordinateImage","C:\Users\JBNU\git\ConstraintsRecovery\assets\tankwar\asset15",42,45,"C:\Users\JBNU\git\ConstraintsRecovery\assets\tankwar\asset15:IF:8-281","TankWar_P1|TankWar_P2|TankWar_P3|TankWar_P4|TankWar_P5","RESOLVED_INTERNAL"
"E124","G4","TankWar_P1|TankWar_P2|TankWar_P3|TankWar_P4|TankWar_P5","METHOD","setZeileAbstand","Menu.setZeileAbstand","C:\Users\JBNU\git\ConstraintsRecovery\assets\tankwar\asset15",46,48,"C:\Users\JBNU\git\ConstraintsRecovery\assets\tankwar\asset15:IF:8-281","TankWar_P1|TankWar_P2|TankWar_P3|TankWar_P4|TankWar_P5","RESOLVED_INTERNAL"
"E125","G4","TankWar_P1|TankWar_P2|TankWar_P3|TankWar_P4|TankWar_P5","METHOD","setStyle","Menu.setStyle","C:\Users\JBNU\git\ConstraintsRecovery\assets\tankwar\asset15",49,69,"C:\Users\JBNU\git\ConstraintsRecovery\assets\tankwar\asset15:IF:8-281","TankWar_P1|TankWar_P2|TankWar_P3|TankWar_P4|TankWar_P5","RESOLVED_INTERNAL"
"E126","G4","TankWar_P1|TankWar_P2|TankWar_P3|TankWar_P4|TankWar_P5","METHOD","setWaehlbar","Menu.setWaehlbar","C:\Users\JBNU\git\ConstraintsRecovery\assets\tankwar\asset15",70,72,"C:\Users\JBNU\git\ConstraintsRecovery\assets\tankwar\asset15:IF:8-281","TankWar_P1|TankWar_P2|TankWar_P3|TankWar_P4|TankWar_P5","RESOLVED_INTERNAL"
"E127","G4","TankWar_P1|TankWar_P2|TankWar_P3|TankWar_P4|TankWar_P5","METHOD","setFontSize","Menu.setFontSize","C:\Users\JBNU\git\ConstraintsRecovery\assets\tankwar\asset15",73,75,"C:\Users\JBNU\git\ConstraintsRecovery\assets\tankwar\asset15:IF:8-281","TankWar_P1|TankWar_P2|TankWar_P3|TankWar_P4|TankWar_P5","RESOLVED_INTERNAL"
"E128","G4","TankWar_P1|TankWar_P2|TankWar_P3|TankWar_P4|TankWar_P5","METHOD","add","Menu.add","C:\Users\JBNU\git\ConstraintsRecovery\assets\tankwar\asset15",76,107,"C:\Users\JBNU\git\ConstraintsRecovery\assets\tankwar\asset15:IF:8-281","TankWar_P1|TankWar_P2|TankWar_P3|TankWar_P4|TankWar_P5","RESOLVED_INTERNAL"
"E129","G4","TankWar_P1|TankWar_P2|TankWar_P3|TankWar_P4|TankWar_P5","METHOD","add","Menu.add","C:\Users\JBNU\git\ConstraintsRecovery\assets\tankwar\asset15",108,139,"C:\Users\JBNU\git\ConstraintsRecovery\assets\tankwar\asset15:IF:8-281","TankWar_P1|TankWar_P2|TankWar_P3|TankWar_P4|TankWar_P5","RESOLVED_INTERNAL"
"E130","G4","TankWar_P1|TankWar_P2|TankWar_P3|TankWar_P4|TankWar_P5","METHOD","add","Menu.add","C:\Users\JBNU\git\ConstraintsRecovery\assets\tankwar\asset15",140,171,"C:\Users\JBNU\git\ConstraintsRecovery\assets\tankwar\asset15:IF:8-281","TankWar_P1|TankWar_P2|TankWar_P3|TankWar_P4|TankWar_P5","RESOLVED_INTERNAL"
"E131","G4","TankWar_P1|TankWar_P2|TankWar_P3|TankWar_P4|TankWar_P5","METHOD","KeyBehandeln","Menu.KeyBehandeln","C:\Users\JBNU\git\ConstraintsRecovery\assets\tankwar\asset15",172,211,"C:\Users\JBNU\git\ConstraintsRecovery\assets\tankwar\asset15:IF:8-281","TankWar_P1|TankWar_P2|TankWar_P3|TankWar_P4|TankWar_P5","RESOLVED_INTERNAL"
"E132","G4","TankWar_P1|TankWar_P2|TankWar_P3|TankWar_P4|TankWar_P5","METHOD","erscheinen","Menu.erscheinen","C:\Users\JBNU\git\ConstraintsRecovery\assets\tankwar\asset15",212,280,"C:\Users\JBNU\git\ConstraintsRecovery\assets\tankwar\asset15:IF:8-281","TankWar_P1|TankWar_P2|TankWar_P3|TankWar_P4|TankWar_P5","RESOLVED_INTERNAL"
"E133","G4","TankWar_P1|TankWar_P2|TankWar_P3|TankWar_P4|TankWar_P5","CLASS","InfoPanel","InfoPanel","C:\Users\JBNU\git\ConstraintsRecovery\assets\tankwar\asset16",14,49,"C:\Users\JBNU\git\ConstraintsRecovery\assets\tankwar\asset16:IF:8-49","TankWar_P1|TankWar_P2|TankWar_P3|TankWar_P4|TankWar_P5","RESOLVED_INTERNAL"
"E134","G4","TankWar_P1|TankWar_P2|TankWar_P3|TankWar_P4|TankWar_P5","FIELD","maler","InfoPanel.maler","C:\Users\JBNU\git\ConstraintsRecovery\assets\tankwar\asset16",15,15,"C:\Users\JBNU\git\ConstraintsRecovery\assets\tankwar\asset16:IF:8-49","TankWar_P1|TankWar_P2|TankWar_P3|TankWar_P4|TankWar_P5","RESOLVED_INTERNAL"
"E135","G4","TankWar_P1|TankWar_P2|TankWar_P3|TankWar_P4|TankWar_P5","FIELD","behalter","InfoPanel.behalter","C:\Users\JBNU\git\ConstraintsRecovery\assets\tankwar\asset16",16,16,"C:\Users\JBNU\git\ConstraintsRecovery\assets\tankwar\asset16:IF:8-49","TankWar_P1|TankWar_P2|TankWar_P3|TankWar_P4|TankWar_P5","RESOLVED_INTERNAL"
"E136","G4","TankWar_P1|TankWar_P2|TankWar_P3|TankWar_P4|TankWar_P5","FIELD","INFO_WIDTH","InfoPanel.INFO_WIDTH","C:\Users\JBNU\git\ConstraintsRecovery\assets\tankwar\asset16",17,17,"C:\Users\JBNU\git\ConstraintsRecovery\assets\tankwar\asset16:IF:8-49","TankWar_P1|TankWar_P2|TankWar_P3|TankWar_P4|TankWar_P5","RESOLVED_INTERNAL"
"E137","G4","TankWar_P1|TankWar_P2|TankWar_P3|TankWar_P4|TankWar_P5","CONSTRUCTOR","InfoPanel","InfoPanel.InfoPanel","C:\Users\JBNU\git\ConstraintsRecovery\assets\tankwar\asset16",18,24,"C:\Users\JBNU\git\ConstraintsRecovery\assets\tankwar\asset16:IF:8-49","TankWar_P1|TankWar_P2|TankWar_P3|TankWar_P4|TankWar_P5","RESOLVED_INTERNAL"
"E138","G4","TankWar_P1|TankWar_P2|TankWar_P3|TankWar_P4|TankWar_P5","METHOD","paint","InfoPanel.paint","C:\Users\JBNU\git\ConstraintsRecovery\assets\tankwar\asset16",25,48,"C:\Users\JBNU\git\ConstraintsRecovery\assets\tankwar\asset16:IF:8-49","TankWar_P1|TankWar_P2|TankWar_P3|TankWar_P4|TankWar_P5","RESOLVED_INTERNAL"
"E139","G4","TankWar_P1|TankWar_P2|TankWar_P3|TankWar_P4|TankWar_P5","CLASS","Option","Option","C:\Users\JBNU\git\ConstraintsRecovery\assets\tankwar\asset17",10,36,"C:\Users\JBNU\git\ConstraintsRecovery\assets\tankwar\asset17:IF:8-36","TankWar_P1|TankWar_P2|TankWar_P3|TankWar_P4|TankWar_P5","RESOLVED_INTERNAL"
"E140","G4","TankWar_P1|TankWar_P2|TankWar_P3|TankWar_P4|TankWar_P5","FIELD","status","Option.status","C:\Users\JBNU\git\ConstraintsRecovery\assets\tankwar\asset17",11,11,"C:\Users\JBNU\git\ConstraintsRecovery\assets\tankwar\asset17:IF:8-36","TankWar_P1|TankWar_P2|TankWar_P3|TankWar_P4|TankWar_P5","RESOLVED_INTERNAL"
"E141","G4","TankWar_P1|TankWar_P2|TankWar_P3|TankWar_P4|TankWar_P5","FIELD","str","Option.str","C:\Users\JBNU\git\ConstraintsRecovery\assets\tankwar\asset17",12,12,"C:\Users\JBNU\git\ConstraintsRecovery\assets\tankwar\asset17:IF:8-36","TankWar_P1|TankWar_P2|TankWar_P3|TankWar_P4|TankWar_P5","RESOLVED_INTERNAL"
"E142","G4","TankWar_P1|TankWar_P2|TankWar_P3|TankWar_P4|TankWar_P5","FIELD","img","Option.img","C:\Users\JBNU\git\ConstraintsRecovery\assets\tankwar\asset17",13,13,"C:\Users\JBNU\git\ConstraintsRecovery\assets\tankwar\asset17:IF:8-36","TankWar_P1|TankWar_P2|TankWar_P3|TankWar_P4|TankWar_P5","RESOLVED_INTERNAL"
"E143","G4","TankWar_P1|TankWar_P2|TankWar_P3|TankWar_P4|TankWar_P5","FIELD","img2","Option.img2","C:\Users\JBNU\git\ConstraintsRecovery\assets\tankwar\asset17",13,13,"C:\Users\JBNU\git\ConstraintsRecovery\assets\tankwar\asset17:IF:8-36","TankWar_P1|TankWar_P2|TankWar_P3|TankWar_P4|TankWar_P5","RESOLVED_INTERNAL"
"E144","G4","TankWar_P1|TankWar_P2|TankWar_P3|TankWar_P4|TankWar_P5","FIELD","prioritaet","Option.prioritaet","C:\Users\JBNU\git\ConstraintsRecovery\assets\tankwar\asset17",14,14,"C:\Users\JBNU\git\ConstraintsRecovery\assets\tankwar\asset17:IF:8-36","TankWar_P1|TankWar_P2|TankWar_P3|TankWar_P4|TankWar_P5","RESOLVED_INTERNAL"
"E145","G4","TankWar_P1|TankWar_P2|TankWar_P3|TankWar_P4|TankWar_P5","CONSTRUCTOR","Option","Option.Option","C:\Users\JBNU\git\ConstraintsRecovery\assets\tankwar\asset17",15,21,"C:\Users\JBNU\git\ConstraintsRecovery\assets\tankwar\asset17:IF:8-36","TankWar_P1|TankWar_P2|TankWar_P3|TankWar_P4|TankWar_P5","RESOLVED_INTERNAL"
"E146","G4","TankWar_P1|TankWar_P2|TankWar_P3|TankWar_P4|TankWar_P5","CONSTRUCTOR","Option","Option.Option","C:\Users\JBNU\git\ConstraintsRecovery\assets\tankwar\asset17",22,28,"C:\Users\JBNU\git\ConstraintsRecovery\assets\tankwar\asset17:IF:8-36","TankWar_P1|TankWar_P2|TankWar_P3|TankWar_P4|TankWar_P5","RESOLVED_INTERNAL"
"E147","G4","TankWar_P1|TankWar_P2|TankWar_P3|TankWar_P4|TankWar_P5","CONSTRUCTOR","Option","Option.Option","C:\Users\JBNU\git\ConstraintsRecovery\assets\tankwar\asset17",29,35,"C:\Users\JBNU\git\ConstraintsRecovery\assets\tankwar\asset17:IF:8-36","TankWar_P1|TankWar_P2|TankWar_P3|TankWar_P4|TankWar_P5","RESOLVED_INTERNAL"
"E148","G7","TankWar_P1|TankWar_P3|TankWar_P4|TankWar_P5","INTERFACE","GameManager$$TankWar","GameManager$$TankWar","C:\Users\JBNU\git\ConstraintsRecovery\assets\tankwar\asset18",10,35,"C:\Users\JBNU\git\ConstraintsRecovery\assets\tankwar\asset18:IF:9-10","TankWar_P1|TankWar_P3|TankWar_P4|TankWar_P5","RESOLVED_INTERNAL"
"E149","G12","TankWar_P2","INTERFACE","GameManager","GameManager","C:\Users\JBNU\git\ConstraintsRecovery\assets\tankwar\asset18",12,35,"C:\Users\JBNU\git\ConstraintsRecovery\assets\tankwar\asset18:ELIF:11-12","TankWar_P2","RESOLVED_INTERNAL"
"E150","G4","TankWar_P1|TankWar_P2|TankWar_P3|TankWar_P4|TankWar_P5","FIELD","MAIN_MENU","GameManager$$TankWar.MAIN_MENU","C:\Users\JBNU\git\ConstraintsRecovery\assets\tankwar\asset18",14,14,"C:\Users\JBNU\git\ConstraintsRecovery\assets\tankwar\asset18:IF:8-35","TankWar_P1|TankWar_P3|TankWar_P4|TankWar_P5","RESOLVED_INTERNAL"
"E151","G4","TankWar_P1|TankWar_P2|TankWar_P3|TankWar_P4|TankWar_P5","FIELD","MAIN_MENU","GameManager.MAIN_MENU","C:\Users\JBNU\git\ConstraintsRecovery\assets\tankwar\asset18",14,14,"C:\Users\JBNU\git\ConstraintsRecovery\assets\tankwar\asset18:IF:8-35","TankWar_P2","RESOLVED_INTERNAL"
"E152","G4","TankWar_P1|TankWar_P2|TankWar_P3|TankWar_P4|TankWar_P5","FIELD","TANK_WAEHLEN","GameManager$$TankWar.TANK_WAEHLEN","C:\Users\JBNU\git\ConstraintsRecovery\assets\tankwar\asset18",15,15,"C:\Users\JBNU\git\ConstraintsRecovery\assets\tankwar\asset18:IF:8-35","TankWar_P1|TankWar_P3|TankWar_P4|TankWar_P5","RESOLVED_INTERNAL"
"E153","G4","TankWar_P1|TankWar_P2|TankWar_P3|TankWar_P4|TankWar_P5","FIELD","TANK_WAEHLEN","GameManager.TANK_WAEHLEN","C:\Users\JBNU\git\ConstraintsRecovery\assets\tankwar\asset18",15,15,"C:\Users\JBNU\git\ConstraintsRecovery\assets\tankwar\asset18:IF:8-35","TankWar_P2","RESOLVED_INTERNAL"
"E154","G4","TankWar_P1|TankWar_P2|TankWar_P3|TankWar_P4|TankWar_P5","FIELD","SPIELEN","GameManager$$TankWar.SPIELEN","C:\Users\JBNU\git\ConstraintsRecovery\assets\tankwar\asset18",16,16,"C:\Users\JBNU\git\ConstraintsRecovery\assets\tankwar\asset18:IF:8-35","TankWar_P1|TankWar_P3|TankWar_P4|TankWar_P5","RESOLVED_INTERNAL"
"E155","G4","TankWar_P1|TankWar_P2|TankWar_P3|TankWar_P4|TankWar_P5","FIELD","SPIELEN","GameManager.SPIELEN","C:\Users\JBNU\git\ConstraintsRecovery\assets\tankwar\asset18",16,16,"C:\Users\JBNU\git\ConstraintsRecovery\assets\tankwar\asset18:IF:8-35","TankWar_P2","RESOLVED_INTERNAL"
"E156","G4","TankWar_P1|TankWar_P2|TankWar_P3|TankWar_P4|TankWar_P5","FIELD","NOTE","GameManager$$TankWar.NOTE","C:\Users\JBNU\git\ConstraintsRecovery\assets\tankwar\asset18",17,17,"C:\Users\JBNU\git\ConstraintsRecovery\assets\tankwar\asset18:IF:8-35","TankWar_P1|TankWar_P3|TankWar_P4|TankWar_P5","RESOLVED_INTERNAL"
"E157","G4","TankWar_P1|TankWar_P2|TankWar_P3|TankWar_P4|TankWar_P5","FIELD","NOTE","GameManager.NOTE","C:\Users\JBNU\git\ConstraintsRecovery\assets\tankwar\asset18",17,17,"C:\Users\JBNU\git\ConstraintsRecovery\assets\tankwar\asset18:IF:8-35","TankWar_P2","RESOLVED_INTERNAL"
"E158","G4","TankWar_P1|TankWar_P2|TankWar_P3|TankWar_P4|TankWar_P5","FIELD","HELP","GameManager$$TankWar.HELP","C:\Users\JBNU\git\ConstraintsRecovery\assets\tankwar\asset18",18,18,"C:\Users\JBNU\git\ConstraintsRecovery\assets\tankwar\asset18:IF:8-35","TankWar_P1|TankWar_P3|TankWar_P4|TankWar_P5","RESOLVED_INTERNAL"
"E159","G4","TankWar_P1|TankWar_P2|TankWar_P3|TankWar_P4|TankWar_P5","FIELD","HELP","GameManager.HELP","C:\Users\JBNU\git\ConstraintsRecovery\assets\tankwar\asset18",18,18,"C:\Users\JBNU\git\ConstraintsRecovery\assets\tankwar\asset18:IF:8-35","TankWar_P2","RESOLVED_INTERNAL"
"E160","G4","TankWar_P1|TankWar_P2|TankWar_P3|TankWar_P4|TankWar_P5","FIELD","LIAN_WANG","GameManager$$TankWar.LIAN_WANG","C:\Users\JBNU\git\ConstraintsRecovery\assets\tankwar\asset18",19,19,"C:\Users\JBNU\git\ConstraintsRecovery\assets\tankwar\asset18:IF:8-35","TankWar_P1|TankWar_P3|TankWar_P4|TankWar_P5","RESOLVED_INTERNAL"
"E161","G4","TankWar_P1|TankWar_P2|TankWar_P3|TankWar_P4|TankWar_P5","FIELD","LIAN_WANG","GameManager.LIAN_WANG","C:\Users\JBNU\git\ConstraintsRecovery\assets\tankwar\asset18",19,19,"C:\Users\JBNU\git\ConstraintsRecovery\assets\tankwar\asset18:IF:8-35","TankWar_P2","RESOLVED_INTERNAL"
"E162","G4","TankWar_P1|TankWar_P2|TankWar_P3|TankWar_P4|TankWar_P5","FIELD","BANG_ZHU","GameManager$$TankWar.BANG_ZHU","C:\Users\JBNU\git\ConstraintsRecovery\assets\tankwar\asset18",20,20,"C:\Users\JBNU\git\ConstraintsRecovery\assets\tankwar\asset18:IF:8-35","TankWar_P1|TankWar_P3|TankWar_P4|TankWar_P5","RESOLVED_INTERNAL"
"E163","G4","TankWar_P1|TankWar_P2|TankWar_P3|TankWar_P4|TankWar_P5","FIELD","BANG_ZHU","GameManager.BANG_ZHU","C:\Users\JBNU\git\ConstraintsRecovery\assets\tankwar\asset18",20,20,"C:\Users\JBNU\git\ConstraintsRecovery\assets\tankwar\asset18:IF:8-35","TankWar_P2","RESOLVED_INTERNAL"
"E164","G4","TankWar_P1|TankWar_P2|TankWar_P3|TankWar_P4|TankWar_P5","FIELD","KAI_FA","GameManager$$TankWar.KAI_FA","C:\Users\JBNU\git\ConstraintsRecovery\assets\tankwar\asset18",21,21,"C:\Users\JBNU\git\ConstraintsRecovery\assets\tankwar\asset18:IF:8-35","TankWar_P1|TankWar_P3|TankWar_P4|TankWar_P5","RESOLVED_INTERNAL"
"E165","G4","TankWar_P1|TankWar_P2|TankWar_P3|TankWar_P4|TankWar_P5","FIELD","KAI_FA","GameManager.KAI_FA","C:\Users\JBNU\git\ConstraintsRecovery\assets\tankwar\asset18",21,21,"C:\Users\JBNU\git\ConstraintsRecovery\assets\tankwar\asset18:IF:8-35","TankWar_P2","RESOLVED_INTERNAL"
"E166","G4","TankWar_P1|TankWar_P2|TankWar_P3|TankWar_P4|TankWar_P5","FIELD","PAUSE","GameManager$$TankWar.PAUSE","C:\Users\JBNU\git\ConstraintsRecovery\assets\tankwar\asset18",22,22,"C:\Users\JBNU\git\ConstraintsRecovery\assets\tankwar\asset18:IF:8-35","TankWar_P1|TankWar_P3|TankWar_P4|TankWar_P5","RESOLVED_INTERNAL"
"E167","G4","TankWar_P1|TankWar_P2|TankWar_P3|TankWar_P4|TankWar_P5","FIELD","PAUSE","GameManager.PAUSE","C:\Users\JBNU\git\ConstraintsRecovery\assets\tankwar\asset18",22,22,"C:\Users\JBNU\git\ConstraintsRecovery\assets\tankwar\asset18:IF:8-35","TankWar_P2","RESOLVED_INTERNAL"
"E168","G4","TankWar_P1|TankWar_P2|TankWar_P3|TankWar_P4|TankWar_P5","FIELD","EXIT","GameManager$$TankWar.EXIT","C:\Users\JBNU\git\ConstraintsRecovery\assets\tankwar\asset18",23,23,"C:\Users\JBNU\git\ConstraintsRecovery\assets\tankwar\asset18:IF:8-35","TankWar_P1|TankWar_P3|TankWar_P4|TankWar_P5","RESOLVED_INTERNAL"
"E169","G4","TankWar_P1|TankWar_P2|TankWar_P3|TankWar_P4|TankWar_P5","FIELD","EXIT","GameManager.EXIT","C:\Users\JBNU\git\ConstraintsRecovery\assets\tankwar\asset18",23,23,"C:\Users\JBNU\git\ConstraintsRecovery\assets\tankwar\asset18:IF:8-35","TankWar_P2","RESOLVED_INTERNAL"
"E170","G4","TankWar_P1|TankWar_P2|TankWar_P3|TankWar_P4|TankWar_P5","FIELD","NAME_VERGEBEN","GameManager$$TankWar.NAME_VERGEBEN","C:\Users\JBNU\git\ConstraintsRecovery\assets\tankwar\asset18",24,24,"C:\Users\JBNU\git\ConstraintsRecovery\assets\tankwar\asset18:IF:8-35","TankWar_P1|TankWar_P3|TankWar_P4|TankWar_P5","RESOLVED_INTERNAL"
"E171","G4","TankWar_P1|TankWar_P2|TankWar_P3|TankWar_P4|TankWar_P5","FIELD","NAME_VERGEBEN","GameManager.NAME_VERGEBEN","C:\Users\JBNU\git\ConstraintsRecovery\assets\tankwar\asset18",24,24,"C:\Users\JBNU\git\ConstraintsRecovery\assets\tankwar\asset18:IF:8-35","TankWar_P2","RESOLVED_INTERNAL"
"E172","G4","TankWar_P1|TankWar_P2|TankWar_P3|TankWar_P4|TankWar_P5","FIELD","LOSE","GameManager$$TankWar.LOSE","C:\Users\JBNU\git\ConstraintsRecovery\assets\tankwar\asset18",25,25,"C:\Users\JBNU\git\ConstraintsRecovery\assets\tankwar\asset18:IF:8-35","TankWar_P1|TankWar_P3|TankWar_P4|TankWar_P5","RESOLVED_INTERNAL"
"E173","G4","TankWar_P1|TankWar_P2|TankWar_P3|TankWar_P4|TankWar_P5","FIELD","LOSE","GameManager.LOSE","C:\Users\JBNU\git\ConstraintsRecovery\assets\tankwar\asset18",25,25,"C:\Users\JBNU\git\ConstraintsRecovery\assets\tankwar\asset18:IF:8-35","TankWar_P2","RESOLVED_INTERNAL"
"E174","G4","TankWar_P1|TankWar_P2|TankWar_P3|TankWar_P4|TankWar_P5","FIELD","LEVEL","GameManager$$TankWar.LEVEL","C:\Users\JBNU\git\ConstraintsRecovery\assets\tankwar\asset18",26,26,"C:\Users\JBNU\git\ConstraintsRecovery\assets\tankwar\asset18:IF:8-35","TankWar_P1|TankWar_P3|TankWar_P4|TankWar_P5","RESOLVED_INTERNAL"
"E175","G4","TankWar_P1|TankWar_P2|TankWar_P3|TankWar_P4|TankWar_P5","FIELD","LEVEL","GameManager.LEVEL","C:\Users\JBNU\git\ConstraintsRecovery\assets\tankwar\asset18",26,26,"C:\Users\JBNU\git\ConstraintsRecovery\assets\tankwar\asset18:IF:8-35","TankWar_P2","RESOLVED_INTERNAL"
"E176","G4","TankWar_P1|TankWar_P2|TankWar_P3|TankWar_P4|TankWar_P5","FIELD","WIN","GameManager$$TankWar.WIN","C:\Users\JBNU\git\ConstraintsRecovery\assets\tankwar\asset18",27,27,"C:\Users\JBNU\git\ConstraintsRecovery\assets\tankwar\asset18:IF:8-35","TankWar_P1|TankWar_P3|TankWar_P4|TankWar_P5","RESOLVED_INTERNAL"
"E177","G4","TankWar_P1|TankWar_P2|TankWar_P3|TankWar_P4|TankWar_P5","FIELD","WIN","GameManager.WIN","C:\Users\JBNU\git\ConstraintsRecovery\assets\tankwar\asset18",27,27,"C:\Users\JBNU\git\ConstraintsRecovery\assets\tankwar\asset18:IF:8-35","TankWar_P2","RESOLVED_INTERNAL"
"E178","G4","TankWar_P1|TankWar_P2|TankWar_P3|TankWar_P4|TankWar_P5","METHOD","aktualisieren","GameManager$$TankWar.aktualisieren","C:\Users\JBNU\git\ConstraintsRecovery\assets\tankwar\asset18",28,28,"C:\Users\JBNU\git\ConstraintsRecovery\assets\tankwar\asset18:IF:8-35","TankWar_P1|TankWar_P3|TankWar_P4|TankWar_P5","RESOLVED_INTERNAL"
"E179","G4","TankWar_P1|TankWar_P2|TankWar_P3|TankWar_P4|TankWar_P5","METHOD","aktualisieren","GameManager.aktualisieren","C:\Users\JBNU\git\ConstraintsRecovery\assets\tankwar\asset18",28,28,"C:\Users\JBNU\git\ConstraintsRecovery\assets\tankwar\asset18:IF:8-35","TankWar_P2","RESOLVED_INTERNAL"
"E180","G4","TankWar_P1|TankWar_P2|TankWar_P3|TankWar_P4|TankWar_P5","METHOD","malenkontrolle","GameManager$$TankWar.malenkontrolle","C:\Users\JBNU\git\ConstraintsRecovery\assets\tankwar\asset18",29,29,"C:\Users\JBNU\git\ConstraintsRecovery\assets\tankwar\asset18:IF:8-35","TankWar_P1|TankWar_P3|TankWar_P4|TankWar_P5","RESOLVED_INTERNAL"
"E181","G4","TankWar_P1|TankWar_P2|TankWar_P3|TankWar_P4|TankWar_P5","METHOD","malenkontrolle","GameManager.malenkontrolle","C:\Users\JBNU\git\ConstraintsRecovery\assets\tankwar\asset18",29,29,"C:\Users\JBNU\git\ConstraintsRecovery\assets\tankwar\asset18:IF:8-35","TankWar_P2","RESOLVED_INTERNAL"
"E182","G4","TankWar_P1|TankWar_P2|TankWar_P3|TankWar_P4|TankWar_P5","METHOD","keyPressBehandeln","GameManager$$TankWar.keyPressBehandeln","C:\Users\JBNU\git\ConstraintsRecovery\assets\tankwar\asset18",30,30,"C:\Users\JBNU\git\ConstraintsRecovery\assets\tankwar\asset18:IF:8-35","TankWar_P1|TankWar_P3|TankWar_P4|TankWar_P5","RESOLVED_INTERNAL"
"E183","G4","TankWar_P1|TankWar_P2|TankWar_P3|TankWar_P4|TankWar_P5","METHOD","keyPressBehandeln","GameManager.keyPressBehandeln","C:\Users\JBNU\git\ConstraintsRecovery\assets\tankwar\asset18",30,30,"C:\Users\JBNU\git\ConstraintsRecovery\assets\tankwar\asset18:IF:8-35","TankWar_P2","RESOLVED_INTERNAL"
"E184","G4","TankWar_P1|TankWar_P2|TankWar_P3|TankWar_P4|TankWar_P5","METHOD","keyReleaseBehandeln","GameManager$$TankWar.keyReleaseBehandeln","C:\Users\JBNU\git\ConstraintsRecovery\assets\tankwar\asset18",31,31,"C:\Users\JBNU\git\ConstraintsRecovery\assets\tankwar\asset18:IF:8-35","TankWar_P1|TankWar_P3|TankWar_P4|TankWar_P5","RESOLVED_INTERNAL"
"E185","G4","TankWar_P1|TankWar_P2|TankWar_P3|TankWar_P4|TankWar_P5","METHOD","keyReleaseBehandeln","GameManager.keyReleaseBehandeln","C:\Users\JBNU\git\ConstraintsRecovery\assets\tankwar\asset18",31,31,"C:\Users\JBNU\git\ConstraintsRecovery\assets\tankwar\asset18:IF:8-35","TankWar_P2","RESOLVED_INTERNAL"
"E186","G4","TankWar_P1|TankWar_P2|TankWar_P3|TankWar_P4|TankWar_P5","METHOD","setStatus","GameManager$$TankWar.setStatus","C:\Users\JBNU\git\ConstraintsRecovery\assets\tankwar\asset18",32,32,"C:\Users\JBNU\git\ConstraintsRecovery\assets\tankwar\asset18:IF:8-35","TankWar_P1|TankWar_P3|TankWar_P4|TankWar_P5","RESOLVED_INTERNAL"
"E187","G4","TankWar_P1|TankWar_P2|TankWar_P3|TankWar_P4|TankWar_P5","METHOD","setStatus","GameManager.setStatus","C:\Users\JBNU\git\ConstraintsRecovery\assets\tankwar\asset18",32,32,"C:\Users\JBNU\git\ConstraintsRecovery\assets\tankwar\asset18:IF:8-35","TankWar_P2","RESOLVED_INTERNAL"
"E188","G4","TankWar_P1|TankWar_P2|TankWar_P3|TankWar_P4|TankWar_P5","METHOD","getBlood","GameManager$$TankWar.getBlood","C:\Users\JBNU\git\ConstraintsRecovery\assets\tankwar\asset18",33,33,"C:\Users\JBNU\git\ConstraintsRecovery\assets\tankwar\asset18:IF:8-35","TankWar_P1|TankWar_P3|TankWar_P4|TankWar_P5","RESOLVED_INTERNAL"
"E189","G4","TankWar_P1|TankWar_P2|TankWar_P3|TankWar_P4|TankWar_P5","METHOD","getBlood","GameManager.getBlood","C:\Users\JBNU\git\ConstraintsRecovery\assets\tankwar\asset18",33,33,"C:\Users\JBNU\git\ConstraintsRecovery\assets\tankwar\asset18:IF:8-35","TankWar_P2","RESOLVED_INTERNAL"
"E190","G4","TankWar_P1|TankWar_P2|TankWar_P3|TankWar_P4|TankWar_P5","METHOD","getTankMenge","GameManager$$TankWar.getTankMenge","C:\Users\JBNU\git\ConstraintsRecovery\assets\tankwar\asset18",34,34,"C:\Users\JBNU\git\ConstraintsRecovery\assets\tankwar\asset18:IF:8-35","TankWar_P1|TankWar_P3|TankWar_P4|TankWar_P5","RESOLVED_INTERNAL"
"E191","G4","TankWar_P1|TankWar_P2|TankWar_P3|TankWar_P4|TankWar_P5","METHOD","getTankMenge","GameManager.getTankMenge","C:\Users\JBNU\git\ConstraintsRecovery\assets\tankwar\asset18",34,34,"C:\Users\JBNU\git\ConstraintsRecovery\assets\tankwar\asset18:IF:8-35","TankWar_P2","RESOLVED_INTERNAL"
"E192","G4","TankWar_P1|TankWar_P2|TankWar_P3|TankWar_P4|TankWar_P5","CLASS","Tool$$Tools","Tool$$Tools","C:\Users\JBNU\git\ConstraintsRecovery\assets\tankwar\asset19",9,51,"C:\Users\JBNU\git\ConstraintsRecovery\assets\tankwar\asset19:IF:8-51","TankWar_P1|TankWar_P2|TankWar_P3|TankWar_P4|TankWar_P5","RESOLVED_INTERNAL"
"E193","G4","TankWar_P1|TankWar_P2|TankWar_P3|TankWar_P4|TankWar_P5","FIELD","time","Tool$$Tools.time","C:\Users\JBNU\git\ConstraintsRecovery\assets\tankwar\asset19",10,10,"C:\Users\JBNU\git\ConstraintsRecovery\assets\tankwar\asset19:IF:8-51","TankWar_P1|TankWar_P2|TankWar_P3|TankWar_P4|TankWar_P5","RESOLVED_INTERNAL"
"E194","G4","TankWar_P1|TankWar_P2|TankWar_P3|TankWar_P4|TankWar_P5","FIELD","currTime","Tool$$Tools.currTime","C:\Users\JBNU\git\ConstraintsRecovery\assets\tankwar\asset19",11,11,"C:\Users\JBNU\git\ConstraintsRecovery\assets\tankwar\asset19:IF:8-51","TankWar_P1|TankWar_P2|TankWar_P3|TankWar_P4|TankWar_P5","RESOLVED_INTERNAL"
"E195","G4","TankWar_P1|TankWar_P2|TankWar_P3|TankWar_P4|TankWar_P5","FIELD","tankId","Tool$$Tools.tankId","C:\Users\JBNU\git\ConstraintsRecovery\assets\tankwar\asset19",12,12,"C:\Users\JBNU\git\ConstraintsRecovery\assets\tankwar\asset19:IF:8-51","TankWar_P1|TankWar_P2|TankWar_P3|TankWar_P4|TankWar_P5","RESOLVED_INTERNAL"
"E196","G4","TankWar_P1|TankWar_P2|TankWar_P3|TankWar_P4|TankWar_P5","CONSTRUCTOR","Tool$$Tools","Tool$$Tools.Tool$$Tools","C:\Users\JBNU\git\ConstraintsRecovery\assets\tankwar\asset19",13,15,"C:\Users\JBNU\git\ConstraintsRecovery\assets\tankwar\asset19:IF:8-51","TankWar_P1|TankWar_P2|TankWar_P3|TankWar_P4|TankWar_P5","RESOLVED_INTERNAL"
"E197","G4","TankWar_P1|TankWar_P2|TankWar_P3|TankWar_P4|TankWar_P5","METHOD","init","Tool$$Tools.init","C:\Users\JBNU\git\ConstraintsRecovery\assets\tankwar\asset19",16,20,"C:\Users\JBNU\git\ConstraintsRecovery\assets\tankwar\asset19:IF:8-51","TankWar_P1|TankWar_P2|TankWar_P3|TankWar_P4|TankWar_P5","RESOLVED_INTERNAL"
"E198","G4","TankWar_P1|TankWar_P2|TankWar_P3|TankWar_P4|TankWar_P5","METHOD","malen","Tool$$Tools.malen","C:\Users\JBNU\git\ConstraintsRecovery\assets\tankwar\asset19",21,32,"C:\Users\JBNU\git\ConstraintsRecovery\assets\tankwar\asset19:IF:8-51","TankWar_P1|TankWar_P2|TankWar_P3|TankWar_P4|TankWar_P5","RESOLVED_INTERNAL"
"E199","G4","TankWar_P1|TankWar_P2|TankWar_P3|TankWar_P4|TankWar_P5","METHOD","toolMalen","Tool$$Tools.toolMalen","C:\Users\JBNU\git\ConstraintsRecovery\assets\tankwar\asset19",33,35,"C:\Users\JBNU\git\ConstraintsRecovery\assets\tankwar\asset19:IF:8-51","TankWar_P1|TankWar_P2|TankWar_P3|TankWar_P4|TankWar_P5","RESOLVED_INTERNAL"
"E200","G4","TankWar_P1|TankWar_P2|TankWar_P3|TankWar_P4|TankWar_P5","METHOD","treffenErkennen","Tool$$Tools.treffenErkennen","C:\Users\JBNU\git\ConstraintsRecovery\assets\tankwar\asset19",36,47,"C:\Users\JBNU\git\ConstraintsRecovery\assets\tankwar\asset19:IF:8-51","TankWar_P1|TankWar_P2|TankWar_P3|TankWar_P4|TankWar_P5","RESOLVED_INTERNAL"
"E201","G4","TankWar_P1|TankWar_P2|TankWar_P3|TankWar_P4|TankWar_P5","METHOD","remove","Tool$$Tools.remove","C:\Users\JBNU\git\ConstraintsRecovery\assets\tankwar\asset19",48,50,"C:\Users\JBNU\git\ConstraintsRecovery\assets\tankwar\asset19:IF:8-51","TankWar_P1|TankWar_P2|TankWar_P3|TankWar_P4|TankWar_P5","RESOLVED_INTERNAL"
"E202","G4","TankWar_P1|TankWar_P2|TankWar_P3|TankWar_P4|TankWar_P5","CLASS","Maler$$PC","Maler$$PC","C:\Users\JBNU\git\ConstraintsRecovery\assets\tankwar\asset2",29,332,"C:\Users\JBNU\git\ConstraintsRecovery\assets\tankwar\asset2:IF:8-332","TankWar_P1|TankWar_P2|TankWar_P3|TankWar_P4|TankWar_P5","RESOLVED_INTERNAL"
"E203","G4","TankWar_P1|TankWar_P2|TankWar_P3|TankWar_P4|TankWar_P5","FIELD","gameManager","Maler$$PC.gameManager","C:\Users\JBNU\git\ConstraintsRecovery\assets\tankwar\asset2",30,30,"C:\Users\JBNU\git\ConstraintsRecovery\assets\tankwar\asset2:IF:8-332","TankWar_P1|TankWar_P2|TankWar_P3|TankWar_P4|TankWar_P5","RESOLVED_INTERNAL"
"E204","G4","TankWar_P1|TankWar_P2|TankWar_P3|TankWar_P4|TankWar_P5","FIELD","GAME_WIDTH","Maler$$PC.GAME_WIDTH","C:\Users\JBNU\git\ConstraintsRecovery\assets\tankwar\asset2",31,31,"C:\Users\JBNU\git\ConstraintsRecovery\assets\tankwar\asset2:IF:8-332","TankWar_P1|TankWar_P2|TankWar_P3|TankWar_P4|TankWar_P5","RESOLVED_INTERNAL"
"E205","G4","TankWar_P1|TankWar_P2|TankWar_P3|TankWar_P4|TankWar_P5","FIELD","GAME_HEIGHT","Maler$$PC.GAME_HEIGHT","C:\Users\JBNU\git\ConstraintsRecovery\assets\tankwar\asset2",32,32,"C:\Users\JBNU\git\ConstraintsRecovery\assets\tankwar\asset2:IF:8-332","TankWar_P1|TankWar_P2|TankWar_P3|TankWar_P4|TankWar_P5","RESOLVED_INTERNAL"
"E206","G4","TankWar_P1|TankWar_P2|TankWar_P3|TankWar_P4|TankWar_P5","FIELD","gTemp","Maler$$PC.gTemp","C:\Users\JBNU\git\ConstraintsRecovery\assets\tankwar\asset2",33,33,"C:\Users\JBNU\git\ConstraintsRecovery\assets\tankwar\asset2:IF:8-332","TankWar_P1|TankWar_P2|TankWar_P3|TankWar_P4|TankWar_P5","RESOLVED_INTERNAL"
"E207","G4","TankWar_P1|TankWar_P2|TankWar_P3|TankWar_P4|TankWar_P5","FIELD","offScreenImage","Maler$$PC.offScreenImage","C:\Users\JBNU\git\ConstraintsRecovery\assets\tankwar\asset2",34,34,"C:\Users\JBNU\git\ConstraintsRecovery\assets\tankwar\asset2:IF:8-332","TankWar_P1|TankWar_P2|TankWar_P3|TankWar_P4|TankWar_P5","RESOLVED_INTERNAL"
"E208","G4","TankWar_P1|TankWar_P2|TankWar_P3|TankWar_P4|TankWar_P5","FIELD","menu","Maler$$PC.menu","C:\Users\JBNU\git\ConstraintsRecovery\assets\tankwar\asset2",35,35,"C:\Users\JBNU\git\ConstraintsRecovery\assets\tankwar\asset2:IF:8-332","TankWar_P1|TankWar_P2|TankWar_P3|TankWar_P4|TankWar_P5","RESOLVED_INTERNAL"
"E209","G4","TankWar_P1|TankWar_P2|TankWar_P3|TankWar_P4|TankWar_P5","FIELD","frame","Maler$$PC.frame","C:\Users\JBNU\git\ConstraintsRecovery\assets\tankwar\asset2",36,36,"C:\Users\JBNU\git\ConstraintsRecovery\assets\tankwar\asset2:IF:8-332","TankWar_P1|TankWar_P2|TankWar_P3|TankWar_P4|TankWar_P5","RESOLVED_INTERNAL"
"E210","G4","TankWar_P1|TankWar_P2|TankWar_P3|TankWar_P4|TankWar_P5","FIELD","infoPanel","Maler$$PC.infoPanel","C:\Users\JBNU\git\ConstraintsRecovery\assets\tankwar\asset2",37,37,"C:\Users\JBNU\git\ConstraintsRecovery\assets\tankwar\asset2:IF:8-332","TankWar_P1|TankWar_P2|TankWar_P3|TankWar_P4|TankWar_P5","RESOLVED_INTERNAL"
"E211","G4","TankWar_P1|TankWar_P2|TankWar_P3|TankWar_P4|TankWar_P5","FIELD","infoWidth","Maler$$PC.infoWidth","C:\Users\JBNU\git\ConstraintsRecovery\assets\tankwar\asset2",38,38,"C:\Users\JBNU\git\ConstraintsRecovery\assets\tankwar\asset2:IF:8-332","TankWar_P1|TankWar_P2|TankWar_P3|TankWar_P4|TankWar_P5","RESOLVED_INTERNAL"
"E212","G4","TankWar_P1|TankWar_P2|TankWar_P3|TankWar_P4|TankWar_P5","FIELD","status","Maler$$PC.status","C:\Users\JBNU\git\ConstraintsRecovery\assets\tankwar\asset2",39,39,"C:\Users\JBNU\git\ConstraintsRecovery\assets\tankwar\asset2:IF:8-332","TankWar_P1|TankWar_P2|TankWar_P3|TankWar_P4|TankWar_P5","RESOLVED_INTERNAL"
"E213","G4","TankWar_P1|TankWar_P2|TankWar_P3|TankWar_P4|TankWar_P5","FIELD","time","Maler$$PC.time","C:\Users\JBNU\git\ConstraintsRecovery\assets\tankwar\asset2",40,40,"C:\Users\JBNU\git\ConstraintsRecovery\assets\tankwar\asset2:IF:8-332","TankWar_P1|TankWar_P2|TankWar_P3|TankWar_P4|TankWar_P5","RESOLVED_INTERNAL"
"E214","G4","TankWar_P1|TankWar_P2|TankWar_P3|TankWar_P4|TankWar_P5","FIELD","tankType","Maler$$PC.tankType","C:\Users\JBNU\git\ConstraintsRecovery\assets\tankwar\asset2",41,41,"C:\Users\JBNU\git\ConstraintsRecovery\assets\tankwar\asset2:IF:8-332","TankWar_P1|TankWar_P2|TankWar_P3|TankWar_P4|TankWar_P5","RESOLVED_INTERNAL"
"E215","G4","TankWar_P1|TankWar_P2|TankWar_P3|TankWar_P4|TankWar_P5","FIELD","tk","Maler$$PC.tk","C:\Users\JBNU\git\ConstraintsRecovery\assets\tankwar\asset2",42,42,"C:\Users\JBNU\git\ConstraintsRecovery\assets\tankwar\asset2:IF:8-332","TankWar_P1|TankWar_P2|TankWar_P3|TankWar_P4|TankWar_P5","RESOLVED_INTERNAL"
"E216","G4","TankWar_P1|TankWar_P2|TankWar_P3|TankWar_P4|TankWar_P5","FIELD","random","Maler$$PC.random","C:\Users\JBNU\git\ConstraintsRecovery\assets\tankwar\asset2",43,43,"C:\Users\JBNU\git\ConstraintsRecovery\assets\tankwar\asset2:IF:8-332","TankWar_P1|TankWar_P2|TankWar_P3|TankWar_P4|TankWar_P5","RESOLVED_INTERNAL"
"E217","G4","TankWar_P1|TankWar_P2|TankWar_P3|TankWar_P4|TankWar_P5","CONSTRUCTOR","Maler$$PC","Maler$$PC.Maler$$PC","C:\Users\JBNU\git\ConstraintsRecovery\assets\tankwar\asset2",44,46,"C:\Users\JBNU\git\ConstraintsRecovery\assets\tankwar\asset2:IF:8-332","TankWar_P1|TankWar_P2|TankWar_P3|TankWar_P4|TankWar_P5","RESOLVED_INTERNAL"
"E218","G4","TankWar_P1|TankWar_P2|TankWar_P3|TankWar_P4|TankWar_P5","METHOD","init","Maler$$PC.init","C:\Users\JBNU\git\ConstraintsRecovery\assets\tankwar\asset2",47,64,"C:\Users\JBNU\git\ConstraintsRecovery\assets\tankwar\asset2:IF:8-332","TankWar_P1|TankWar_P2|TankWar_P3|TankWar_P4|TankWar_P5","RESOLVED_INTERNAL"
"E219","G4","TankWar_P1|TankWar_P2|TankWar_P3|TankWar_P4|TankWar_P5","METHOD","windowClosing","Maler$$PC.windowClosing.init","C:\Users\JBNU\git\ConstraintsRecovery\assets\tankwar\asset2",54,56,"C:\Users\JBNU\git\ConstraintsRecovery\assets\tankwar\asset2:IF:8-332","TankWar_P1|TankWar_P2|TankWar_P3|TankWar_P4|TankWar_P5","RESOLVED_INTERNAL"
"E220","G4","TankWar_P1|TankWar_P2|TankWar_P3|TankWar_P4|TankWar_P5","METHOD","gamesize","Maler$$PC.gamesize","C:\Users\JBNU\git\ConstraintsRecovery\assets\tankwar\asset2",65,66,"C:\Users\JBNU\git\ConstraintsRecovery\assets\tankwar\asset2:IF:8-332","TankWar_P1|TankWar_P2|TankWar_P3|TankWar_P4|TankWar_P5","RESOLVED_INTERNAL"
"E221","G4","TankWar_P1|TankWar_P2|TankWar_P3|TankWar_P4|TankWar_P5","METHOD","paint","Maler$$PC.paint","C:\Users\JBNU\git\ConstraintsRecovery\assets\tankwar\asset2",67,72,"C:\Users\JBNU\git\ConstraintsRecovery\assets\tankwar\asset2:IF:8-332","TankWar_P1|TankWar_P2|TankWar_P3|TankWar_P4|TankWar_P5","RESOLVED_INTERNAL"
"E222","G4","TankWar_P1|TankWar_P2|TankWar_P3|TankWar_P4|TankWar_P5","METHOD","mainMenu","Maler$$PC.mainMenu","C:\Users\JBNU\git\ConstraintsRecovery\assets\tankwar\asset2",73,78,"C:\Users\JBNU\git\ConstraintsRecovery\assets\tankwar\asset2:IF:8-332","TankWar_P1|TankWar_P2|TankWar_P3|TankWar_P4|TankWar_P5","RESOLVED_INTERNAL"
"E223","G4","TankWar_P1|TankWar_P2|TankWar_P3|TankWar_P4|TankWar_P5","METHOD","mainMenuerstellen","Maler$$PC.mainMenuerstellen","C:\Users\JBNU\git\ConstraintsRecovery\assets\tankwar\asset2",79,91,"C:\Users\JBNU\git\ConstraintsRecovery\assets\tankwar\asset2:IF:8-332","TankWar_P1|TankWar_P2|TankWar_P3|TankWar_P4|TankWar_P5","RESOLVED_INTERNAL"
"E224","G4","TankWar_P1|TankWar_P2|TankWar_P3|TankWar_P4|TankWar_P5","METHOD","tankWaehlen","Maler$$PC.tankWaehlen","C:\Users\JBNU\git\ConstraintsRecovery\assets\tankwar\asset2",92,97,"C:\Users\JBNU\git\ConstraintsRecovery\assets\tankwar\asset2:IF:8-332","TankWar_P1|TankWar_P2|TankWar_P3|TankWar_P4|TankWar_P5","RESOLVED_INTERNAL"
"E225","G4","TankWar_P1|TankWar_P2|TankWar_P3|TankWar_P4|TankWar_P5","METHOD","tankErstellen","Maler$$PC.tankErstellen","C:\Users\JBNU\git\ConstraintsRecovery\assets\tankwar\asset2",98,104,"C:\Users\JBNU\git\ConstraintsRecovery\assets\tankwar\asset2:IF:8-332","TankWar_P1|TankWar_P2|TankWar_P3|TankWar_P4|TankWar_P5","RESOLVED_INTERNAL"
"E226","G4","TankWar_P1|TankWar_P2|TankWar_P3|TankWar_P4|TankWar_P5","METHOD","help","Maler$$PC.help","C:\Users\JBNU\git\ConstraintsRecovery\assets\tankwar\asset2",105,110,"C:\Users\JBNU\git\ConstraintsRecovery\assets\tankwar\asset2:IF:8-332","TankWar_P1|TankWar_P2|TankWar_P3|TankWar_P4|TankWar_P5","RESOLVED_INTERNAL"
"E227","G4","TankWar_P1|TankWar_P2|TankWar_P3|TankWar_P4|TankWar_P5","METHOD","helpItemErstellen","Maler$$PC.helpItemErstellen","C:\Users\JBNU\git\ConstraintsRecovery\assets\tankwar\asset2",111,116,"C:\Users\JBNU\git\ConstraintsRecovery\assets\tankwar\asset2:IF:8-332","TankWar_P1|TankWar_P2|TankWar_P3|TankWar_P4|TankWar_P5","RESOLVED_INTERNAL"
"E228","G4","TankWar_P1|TankWar_P2|TankWar_P3|TankWar_P4|TankWar_P5","METHOD","loadImage","Maler$$PC.loadImage","C:\Users\JBNU\git\ConstraintsRecovery\assets\tankwar\asset2",117,123,"C:\Users\JBNU\git\ConstraintsRecovery\assets\tankwar\asset2:IF:8-332","TankWar_P1|TankWar_P2|TankWar_P3|TankWar_P4|TankWar_P5","RESOLVED_INTERNAL"
"E229","G4","TankWar_P1|TankWar_P2|TankWar_P3|TankWar_P4|TankWar_P5","METHOD","gameLevel","Maler$$PC.gameLevel","C:\Users\JBNU\git\ConstraintsRecovery\assets\tankwar\asset2",124,145,"C:\Users\JBNU\git\ConstraintsRecovery\assets\tankwar\asset2:IF:8-332","TankWar_P1|TankWar_P2|TankWar_P3|TankWar_P4|TankWar_P5","RESOLVED_INTERNAL"
"E230","G4","TankWar_P1|TankWar_P2|TankWar_P3|TankWar_P4|TankWar_P5","METHOD","gameLose","Maler$$PC.gameLose","C:\Users\JBNU\git\ConstraintsRecovery\assets\tankwar\asset2",146,166,"C:\Users\JBNU\git\ConstraintsRecovery\assets\tankwar\asset2:IF:8-332","TankWar_P1|TankWar_P2|TankWar_P3|TankWar_P4|TankWar_P5","RESOLVED_INTERNAL"
"E231","G4","TankWar_P1|TankWar_P2|TankWar_P3|TankWar_P4|TankWar_P5","METHOD","gameWin","Maler$$PC.gameWin","C:\Users\JBNU\git\ConstraintsRecovery\assets\tankwar\asset2",167,187,"C:\Users\JBNU\git\ConstraintsRecovery\assets\tankwar\asset2:IF:8-332","TankWar_P1|TankWar_P2|TankWar_P3|TankWar_P4|TankWar_P5","RESOLVED_INTERNAL"
"E232","G4","TankWar_P1|TankWar_P2|TankWar_P3|TankWar_P4|TankWar_P5","METHOD","gameExit","Maler$$PC.gameExit","C:\Users\JBNU\git\ConstraintsRecovery\assets\tankwar\asset2",188,202,"C:\Users\JBNU\git\ConstraintsRecovery\assets\tankwar\asset2:IF:8-332","TankWar_P1|TankWar_P2|TankWar_P3|TankWar_P4|TankWar_P5","RESOLVED_INTERNAL"
"E233","G4","TankWar_P1|TankWar_P2|TankWar_P3|TankWar_P4|TankWar_P5","METHOD","gamescreenstart","Maler$$PC.gamescreenstart","C:\Users\JBNU\git\ConstraintsRecovery\assets\tankwar\asset2",203,210,"C:\Users\JBNU\git\ConstraintsRecovery\assets\tankwar\asset2:IF:8-332","TankWar_P1|TankWar_P2|TankWar_P3|TankWar_P4|TankWar_P5","RESOLVED_INTERNAL"
"E234","G4","TankWar_P1|TankWar_P2|TankWar_P3|TankWar_P4|TankWar_P5","METHOD","pause","Maler$$PC.pause","C:\Users\JBNU\git\ConstraintsRecovery\assets\tankwar\asset2",211,221,"C:\Users\JBNU\git\ConstraintsRecovery\assets\tankwar\asset2:IF:8-332","TankWar_P1|TankWar_P2|TankWar_P3|TankWar_P4|TankWar_P5","RESOLVED_INTERNAL"
"E235","G4","TankWar_P1|TankWar_P2|TankWar_P3|TankWar_P4|TankWar_P5","METHOD","keyPressedBehandeln","Maler$$PC.keyPressedBehandeln","C:\Users\JBNU\git\ConstraintsRecovery\assets\tankwar\asset2",222,226,"C:\Users\JBNU\git\ConstraintsRecovery\assets\tankwar\asset2:IF:8-332","TankWar_P1|TankWar_P2|TankWar_P3|TankWar_P4|TankWar_P5","RESOLVED_INTERNAL"
"E236","G4","TankWar_P1|TankWar_P2|TankWar_P3|TankWar_P4|TankWar_P5","METHOD","menuBehandeln","Maler$$PC.menuBehandeln","C:\Users\JBNU\git\ConstraintsRecovery\assets\tankwar\asset2",227,287,"C:\Users\JBNU\git\ConstraintsRecovery\assets\tankwar\asset2:IF:8-332","TankWar_P1|TankWar_P2|TankWar_P3|TankWar_P4|TankWar_P5","RESOLVED_INTERNAL"
"E237","G4","TankWar_P1|TankWar_P2|TankWar_P3|TankWar_P4|TankWar_P5","METHOD","keyReleased","Maler$$PC.keyReleased","C:\Users\JBNU\git\ConstraintsRecovery\assets\tankwar\asset2",288,290,"C:\Users\JBNU\git\ConstraintsRecovery\assets\tankwar\asset2:IF:8-332","TankWar_P1|TankWar_P2|TankWar_P3|TankWar_P4|TankWar_P5","RESOLVED_INTERNAL"
"E238","G4","TankWar_P1|TankWar_P2|TankWar_P3|TankWar_P4|TankWar_P5","METHOD","update","Maler$$PC.update","C:\Users\JBNU\git\ConstraintsRecovery\assets\tankwar\asset2",291,303,"C:\Users\JBNU\git\ConstraintsRecovery\assets\tankwar\asset2:IF:8-332","TankWar_P1|TankWar_P2|TankWar_P3|TankWar_P4|TankWar_P5","RESOLVED_INTERNAL"
"E239","G4","TankWar_P1|TankWar_P2|TankWar_P3|TankWar_P4|TankWar_P5","METHOD","getScreenWidth","Maler$$PC.getScreenWidth","C:\Users\JBNU\git\ConstraintsRecovery\assets\tankwar\asset2",304,306,"C:\Users\JBNU\git\ConstraintsRecovery\assets\tankwar\asset2:IF:8-332","TankWar_P1|TankWar_P2|TankWar_P3|TankWar_P4|TankWar_P5","RESOLVED_INTERNAL"
"E240","G4","TankWar_P1|TankWar_P2|TankWar_P3|TankWar_P4|TankWar_P5","METHOD","getScreenHeight","Maler$$PC.getScreenHeight","C:\Users\JBNU\git\ConstraintsRecovery\assets\tankwar\asset2",307,309,"C:\Users\JBNU\git\ConstraintsRecovery\assets\tankwar\asset2:IF:8-332","TankWar_P1|TankWar_P2|TankWar_P3|TankWar_P4|TankWar_P5","RESOLVED_INTERNAL"
"E241","G4","TankWar_P1|TankWar_P2|TankWar_P3|TankWar_P4|TankWar_P5","METHOD","setColor","Maler$$PC.setColor","C:\Users\JBNU\git\ConstraintsRecovery\assets\tankwar\asset2",310,313,"C:\Users\JBNU\git\ConstraintsRecovery\assets\tankwar\asset2:IF:8-332","TankWar_P1|TankWar_P2|TankWar_P3|TankWar_P4|TankWar_P5","RESOLVED_INTERNAL"
"E242","G4","TankWar_P1|TankWar_P2|TankWar_P3|TankWar_P4|TankWar_P5","METHOD","setStatus","Maler$$PC.setStatus","C:\Users\JBNU\git\ConstraintsRecovery\assets\tankwar\asset2",314,316,"C:\Users\JBNU\git\ConstraintsRecovery\assets\tankwar\asset2:IF:8-332","TankWar_P1|TankWar_P2|TankWar_P3|TankWar_P4|TankWar_P5","RESOLVED_INTERNAL"
"E243","G4","TankWar_P1|TankWar_P2|TankWar_P3|TankWar_P4|TankWar_P5","METHOD","fillOvall","Maler$$PC.fillOvall","C:\Users\JBNU\git\ConstraintsRecovery\assets\tankwar\asset2",317,319,"C:\Users\JBNU\git\ConstraintsRecovery\assets\tankwar\asset2:IF:8-332","TankWar_P1|TankWar_P2|TankWar_P3|TankWar_P4|TankWar_P5","RESOLVED_INTERNAL"
"E244","G4","TankWar_P1|TankWar_P2|TankWar_P3|TankWar_P4|TankWar_P5","METHOD","fillRect","Maler$$PC.fillRect","C:\Users\JBNU\git\ConstraintsRecovery\assets\tankwar\asset2",320,322,"C:\Users\JBNU\git\ConstraintsRecovery\assets\tankwar\asset2:IF:8-332","TankWar_P1|TankWar_P2|TankWar_P3|TankWar_P4|TankWar_P5","RESOLVED_INTERNAL"
"E245","G4","TankWar_P1|TankWar_P2|TankWar_P3|TankWar_P4|TankWar_P5","METHOD","drawLine","Maler$$PC.drawLine","C:\Users\JBNU\git\ConstraintsRecovery\assets\tankwar\asset2",323,325,"C:\Users\JBNU\git\ConstraintsRecovery\assets\tankwar\asset2:IF:8-332","TankWar_P1|TankWar_P2|TankWar_P3|TankWar_P4|TankWar_P5","RESOLVED_INTERNAL"
"E246","G4","TankWar_P1|TankWar_P2|TankWar_P3|TankWar_P4|TankWar_P5","METHOD","drawRect","Maler$$PC.drawRect","C:\Users\JBNU\git\ConstraintsRecovery\assets\tankwar\asset2",326,328,"C:\Users\JBNU\git\ConstraintsRecovery\assets\tankwar\asset2:IF:8-332","TankWar_P1|TankWar_P2|TankWar_P3|TankWar_P4|TankWar_P5","RESOLVED_INTERNAL"
"E247","G4","TankWar_P1|TankWar_P2|TankWar_P3|TankWar_P4|TankWar_P5","METHOD","drawRoundRect","Maler$$PC.drawRoundRect","C:\Users\JBNU\git\ConstraintsRecovery\assets\tankwar\asset2",329,331,"C:\Users\JBNU\git\ConstraintsRecovery\assets\tankwar\asset2:IF:8-332","TankWar_P1|TankWar_P2|TankWar_P3|TankWar_P4|TankWar_P5","RESOLVED_INTERNAL"
"E248","G3","TankWar_P1|TankWar_P2|TankWar_P3","CLASS","Tool","Tool","C:\Users\JBNU\git\ConstraintsRecovery\assets\tankwar\asset20",10,41,"C:\Users\JBNU\git\ConstraintsRecovery\assets\tankwar\asset20:IF:9-10","TankWar_P1|TankWar_P2|TankWar_P3","RESOLVED_INTERNAL"
"E249","G20","TankWar_P4","CLASS","Tool","Tool","C:\Users\JBNU\git\ConstraintsRecovery\assets\tankwar\asset20",12,41,"C:\Users\JBNU\git\ConstraintsRecovery\assets\tankwar\asset20:ELIF:11-12","TankWar_P4","RESOLVED_INTERNAL"
"E250","G22","TankWar_P5","CLASS","Tool","Tool","C:\Users\JBNU\git\ConstraintsRecovery\assets\tankwar\asset20",14,41,"C:\Users\JBNU\git\ConstraintsRecovery\assets\tankwar\asset20:ELIF:13-14","TankWar_P5","RESOLVED_INTERNAL"
"E251","G4","TankWar_P1|TankWar_P2|TankWar_P3|TankWar_P4|TankWar_P5","CONSTRUCTOR","Tool","Tool.Tool","C:\Users\JBNU\git\ConstraintsRecovery\assets\tankwar\asset20",16,18,"C:\Users\JBNU\git\ConstraintsRecovery\assets\tankwar\asset20:IF:8-41","TankWar_P1|TankWar_P2|TankWar_P3|TankWar_P4|TankWar_P5","RESOLVED_INTERNAL"
"E252","G4","TankWar_P1|TankWar_P2|TankWar_P3|TankWar_P4|TankWar_P5","METHOD","toolMalen","Tool.toolMalen","C:\Users\JBNU\git\ConstraintsRecovery\assets\tankwar\asset20",19,40,"C:\Users\JBNU\git\ConstraintsRecovery\assets\tankwar\asset20:IF:8-41","TankWar_P1|TankWar_P2|TankWar_P3|TankWar_P4|TankWar_P5","RESOLVED_INTERNAL"
"E253","G4","TankWar_P1|TankWar_P2|TankWar_P3|TankWar_P4|TankWar_P5","CLASS","MalerZeit","MalerZeit","C:\Users\JBNU\git\ConstraintsRecovery\assets\tankwar\asset21",9,24,"C:\Users\JBNU\git\ConstraintsRecovery\assets\tankwar\asset21:IF:8-24","TankWar_P1|TankWar_P2|TankWar_P3|TankWar_P4|TankWar_P5","RESOLVED_INTERNAL"
"E254","G4","TankWar_P1|TankWar_P2|TankWar_P3|TankWar_P4|TankWar_P5","FIELD","gameManager","MalerZeit.gameManager","C:\Users\JBNU\git\ConstraintsRecovery\assets\tankwar\asset21",10,10,"C:\Users\JBNU\git\ConstraintsRecovery\assets\tankwar\asset21:IF:8-24","TankWar_P1|TankWar_P2|TankWar_P3|TankWar_P4|TankWar_P5","RESOLVED_INTERNAL"
"E255","G4","TankWar_P1|TankWar_P2|TankWar_P3|TankWar_P4|TankWar_P5","CONSTRUCTOR","MalerZeit","MalerZeit.MalerZeit","C:\Users\JBNU\git\ConstraintsRecovery\assets\tankwar\asset21",11,13,"C:\Users\JBNU\git\ConstraintsRecovery\assets\tankwar\asset21:IF:8-24","TankWar_P1|TankWar_P2|TankWar_P3|TankWar_P4|TankWar_P5","RESOLVED_INTERNAL"
"E256","G4","TankWar_P1|TankWar_P2|TankWar_P3|TankWar_P4|TankWar_P5","METHOD","run","MalerZeit.run","C:\Users\JBNU\git\ConstraintsRecovery\assets\tankwar\asset21",14,23,"C:\Users\JBNU\git\ConstraintsRecovery\assets\tankwar\asset21:IF:8-24","TankWar_P1|TankWar_P2|TankWar_P3|TankWar_P4|TankWar_P5","RESOLVED_INTERNAL"
"E257","G4","TankWar_P1|TankWar_P2|TankWar_P3|TankWar_P4|TankWar_P5","CLASS","GameObject","GameObject","C:\Users\JBNU\git\ConstraintsRecovery\assets\tankwar\asset22",10,80,"C:\Users\JBNU\git\ConstraintsRecovery\assets\tankwar\asset22:IF:8-80","TankWar_P1|TankWar_P2|TankWar_P3|TankWar_P4|TankWar_P5","RESOLVED_INTERNAL"
"E258","G4","TankWar_P1|TankWar_P2|TankWar_P3|TankWar_P4|TankWar_P5","FIELD","tankManager","GameObject.tankManager","C:\Users\JBNU\git\ConstraintsRecovery\assets\tankwar\asset22",11,11,"C:\Users\JBNU\git\ConstraintsRecovery\assets\tankwar\asset22:IF:8-80","TankWar_P1|TankWar_P2|TankWar_P3|TankWar_P4|TankWar_P5","RESOLVED_INTERNAL"
"E259","G4","TankWar_P1|TankWar_P2|TankWar_P3|TankWar_P4|TankWar_P5","FIELD","x_Koe","GameObject.x_Koe","C:\Users\JBNU\git\ConstraintsRecovery\assets\tankwar\asset22",12,12,"C:\Users\JBNU\git\ConstraintsRecovery\assets\tankwar\asset22:IF:8-80","TankWar_P1|TankWar_P2|TankWar_P3|TankWar_P4|TankWar_P5","RESOLVED_INTERNAL"
"E260","G4","TankWar_P1|TankWar_P2|TankWar_P3|TankWar_P4|TankWar_P5","FIELD","x_Koordinate","GameObject.x_Koordinate","C:\Users\JBNU\git\ConstraintsRecovery\assets\tankwar\asset22",12,12,"C:\Users\JBNU\git\ConstraintsRecovery\assets\tankwar\asset22:IF:8-80","TankWar_P1|TankWar_P2|TankWar_P3|TankWar_P4|TankWar_P5","RESOLVED_INTERNAL"
"E261","G4","TankWar_P1|TankWar_P2|TankWar_P3|TankWar_P4|TankWar_P5","FIELD","y_Koe","GameObject.y_Koe","C:\Users\JBNU\git\ConstraintsRecovery\assets\tankwar\asset22",12,12,"C:\Users\JBNU\git\ConstraintsRecovery\assets\tankwar\asset22:IF:8-80","TankWar_P1|TankWar_P2|TankWar_P3|TankWar_P4|TankWar_P5","RESOLVED_INTERNAL"
"E262","G4","TankWar_P1|TankWar_P2|TankWar_P3|TankWar_P4|TankWar_P5","FIELD","y_Koordinate","GameObject.y_Koordinate","C:\Users\JBNU\git\ConstraintsRecovery\assets\tankwar\asset22",12,12,"C:\Users\JBNU\git\ConstraintsRecovery\assets\tankwar\asset22:IF:8-80","TankWar_P1|TankWar_P2|TankWar_P3|TankWar_P4|TankWar_P5","RESOLVED_INTERNAL"
"E263","G4","TankWar_P1|TankWar_P2|TankWar_P3|TankWar_P4|TankWar_P5","FIELD","colorB","GameObject.colorB","C:\Users\JBNU\git\ConstraintsRecovery\assets\tankwar\asset22",13,13,"C:\Users\JBNU\git\ConstraintsRecovery\assets\tankwar\asset22:IF:8-80","TankWar_P1|TankWar_P2|TankWar_P3|TankWar_P4|TankWar_P5","RESOLVED_INTERNAL"
"E264","G4","TankWar_P1|TankWar_P2|TankWar_P3|TankWar_P4|TankWar_P5","FIELD","colorG","GameObject.colorG","C:\Users\JBNU\git\ConstraintsRecovery\assets\tankwar\asset22",13,13,"C:\Users\JBNU\git\ConstraintsRecovery\assets\tankwar\asset22:IF:8-80","TankWar_P1|TankWar_P2|TankWar_P3|TankWar_P4|TankWar_P5","RESOLVED_INTERNAL"
"E265","G4","TankWar_P1|TankWar_P2|TankWar_P3|TankWar_P4|TankWar_P5","FIELD","colorR","GameObject.colorR","C:\Users\JBNU\git\ConstraintsRecovery\assets\tankwar\asset22",13,13,"C:\Users\JBNU\git\ConstraintsRecovery\assets\tankwar\asset22:IF:8-80","TankWar_P1|TankWar_P2|TankWar_P3|TankWar_P4|TankWar_P5","RESOLVED_INTERNAL"
"E266","G4","TankWar_P1|TankWar_P2|TankWar_P3|TankWar_P4|TankWar_P5","FIELD","objectType","GameObject.objectType","C:\Users\JBNU\git\ConstraintsRecovery\assets\tankwar\asset22",14,14,"C:\Users\JBNU\git\ConstraintsRecovery\assets\tankwar\asset22:IF:8-80","TankWar_P1|TankWar_P2|TankWar_P3|TankWar_P4|TankWar_P5","RESOLVED_INTERNAL"
"E267","G4","TankWar_P1|TankWar_P2|TankWar_P3|TankWar_P4|TankWar_P5","FIELD","id","GameObject.id","C:\Users\JBNU\git\ConstraintsRecovery\assets\tankwar\asset22",15,15,"C:\Users\JBNU\git\ConstraintsRecovery\assets\tankwar\asset22:IF:8-80","TankWar_P1|TankWar_P2|TankWar_P3|TankWar_P4|TankWar_P5","RESOLVED_INTERNAL"
"E268","G4","TankWar_P1|TankWar_P2|TankWar_P3|TankWar_P4|TankWar_P5","FIELD","objHeight","GameObject.objHeight","C:\Users\JBNU\git\ConstraintsRecovery\assets\tankwar\asset22",16,16,"C:\Users\JBNU\git\ConstraintsRecovery\assets\tankwar\asset22:IF:8-80","TankWar_P1|TankWar_P2|TankWar_P3|TankWar_P4|TankWar_P5","RESOLVED_INTERNAL"
"E269","G4","TankWar_P1|TankWar_P2|TankWar_P3|TankWar_P4|TankWar_P5","FIELD","objHeight_Koe","GameObject.objHeight_Koe","C:\Users\JBNU\git\ConstraintsRecovery\assets\tankwar\asset22",16,16,"C:\Users\JBNU\git\ConstraintsRecovery\assets\tankwar\asset22:IF:8-80","TankWar_P1|TankWar_P2|TankWar_P3|TankWar_P4|TankWar_P5","RESOLVED_INTERNAL"
"E270","G4","TankWar_P1|TankWar_P2|TankWar_P3|TankWar_P4|TankWar_P5","FIELD","objWidth","GameObject.objWidth","C:\Users\JBNU\git\ConstraintsRecovery\assets\tankwar\asset22",16,16,"C:\Users\JBNU\git\ConstraintsRecovery\assets\tankwar\asset22:IF:8-80","TankWar_P1|TankWar_P2|TankWar_P3|TankWar_P4|TankWar_P5","RESOLVED_INTERNAL"
"E271","G4","TankWar_P1|TankWar_P2|TankWar_P3|TankWar_P4|TankWar_P5","FIELD","objWidth_Koe","GameObject.objWidth_Koe","C:\Users\JBNU\git\ConstraintsRecovery\assets\tankwar\asset22",16,16,"C:\Users\JBNU\git\ConstraintsRecovery\assets\tankwar\asset22:IF:8-80","TankWar_P1|TankWar_P2|TankWar_P3|TankWar_P4|TankWar_P5","RESOLVED_INTERNAL"
"E272","G4","TankWar_P1|TankWar_P2|TankWar_P3|TankWar_P4|TankWar_P5","FIELD","zerstoerbarKeit","GameObject.zerstoerbarKeit","C:\Users\JBNU\git\ConstraintsRecovery\assets\tankwar\asset22",17,17,"C:\Users\JBNU\git\ConstraintsRecovery\assets\tankwar\asset22:IF:8-80","TankWar_P1|TankWar_P2|TankWar_P3|TankWar_P4|TankWar_P5","RESOLVED_INTERNAL"
"E273","G4","TankWar_P1|TankWar_P2|TankWar_P3|TankWar_P4|TankWar_P5","CONSTRUCTOR","GameObject","GameObject.GameObject","C:\Users\JBNU\git\ConstraintsRecovery\assets\tankwar\asset22",18,20,"C:\Users\JBNU\git\ConstraintsRecovery\assets\tankwar\asset22:IF:8-80","TankWar_P1|TankWar_P2|TankWar_P3|TankWar_P4|TankWar_P5","RESOLVED_INTERNAL"
"E274","G4","TankWar_P1|TankWar_P2|TankWar_P3|TankWar_P4|TankWar_P5","CONSTRUCTOR","GameObject","GameObject.GameObject","C:\Users\JBNU\git\ConstraintsRecovery\assets\tankwar\asset22",21,22,"C:\Users\JBNU\git\ConstraintsRecovery\assets\tankwar\asset22:IF:8-80","TankWar_P1|TankWar_P2|TankWar_P3|TankWar_P4|TankWar_P5","RESOLVED_INTERNAL"
"E275","G4","TankWar_P1|TankWar_P2|TankWar_P3|TankWar_P4|TankWar_P5","METHOD","init","GameObject.init","C:\Users\JBNU\git\ConstraintsRecovery\assets\tankwar\asset22",23,35,"C:\Users\JBNU\git\ConstraintsRecovery\assets\tankwar\asset22:IF:8-80","TankWar_P1|TankWar_P2|TankWar_P3|TankWar_P4|TankWar_P5","RESOLVED_INTERNAL"
"E276","G4","TankWar_P1|TankWar_P2|TankWar_P3|TankWar_P4|TankWar_P5","METHOD","malen","GameObject.malen","C:\Users\JBNU\git\ConstraintsRecovery\assets\tankwar\asset22",36,39,"C:\Users\JBNU\git\ConstraintsRecovery\assets\tankwar\asset22:IF:8-80","TankWar_P1|TankWar_P2|TankWar_P3|TankWar_P4|TankWar_P5","RESOLVED_INTERNAL"
"E277","G4","TankWar_P1|TankWar_P2|TankWar_P3|TankWar_P4|TankWar_P5","METHOD","stossenGegen","GameObject.stossenGegen","C:\Users\JBNU\git\ConstraintsRecovery\assets\tankwar\asset22",40,50,"C:\Users\JBNU\git\ConstraintsRecovery\assets\tankwar\asset22:IF:8-80","TankWar_P1|TankWar_P2|TankWar_P3|TankWar_P4|TankWar_P5","RESOLVED_INTERNAL"
"E278","G4","TankWar_P1|TankWar_P2|TankWar_P3|TankWar_P4|TankWar_P5","METHOD","stossenGegen","GameObject.stossenGegen","C:\Users\JBNU\git\ConstraintsRecovery\assets\tankwar\asset22",51,66,"C:\Users\JBNU\git\ConstraintsRecovery\assets\tankwar\asset22:IF:8-80","TankWar_P1|TankWar_P2|TankWar_P3|TankWar_P4|TankWar_P5","RESOLVED_INTERNAL"
"E279","G4","TankWar_P1|TankWar_P2|TankWar_P3|TankWar_P4|TankWar_P5","METHOD","stossenGegen","GameObject.stossenGegen","C:\Users\JBNU\git\ConstraintsRecovery\assets\tankwar\asset22",67,69,"C:\Users\JBNU\git\ConstraintsRecovery\assets\tankwar\asset22:IF:8-80","TankWar_P1|TankWar_P2|TankWar_P3|TankWar_P4|TankWar_P5","RESOLVED_INTERNAL"
"E280","G4","TankWar_P1|TankWar_P2|TankWar_P3|TankWar_P4|TankWar_P5","METHOD","getRund","GameObject.getRund","C:\Users\JBNU\git\ConstraintsRecovery\assets\tankwar\asset22",70,77,"C:\Users\JBNU\git\ConstraintsRecovery\assets\tankwar\asset22:IF:8-80","TankWar_P1|TankWar_P2|TankWar_P3|TankWar_P4|TankWar_P5","RESOLVED_INTERNAL"
"E281","G4","TankWar_P1|TankWar_P2|TankWar_P3|TankWar_P4|TankWar_P5","METHOD","explodieren","GameObject.explodieren","C:\Users\JBNU\git\ConstraintsRecovery\assets\tankwar\asset22",78,79,"C:\Users\JBNU\git\ConstraintsRecovery\assets\tankwar\asset22:IF:8-80","TankWar_P1|TankWar_P2|TankWar_P3|TankWar_P4|TankWar_P5","RESOLVED_INTERNAL"
"E282","G7","TankWar_P1|TankWar_P3|TankWar_P4|TankWar_P5","CLASS","Maler$$Re_fuer_PC","Maler$$Re_fuer_PC","C:\Users\JBNU\git\ConstraintsRecovery\assets\tankwar\asset23",26,99,"C:\Users\JBNU\git\ConstraintsRecovery\assets\tankwar\asset23:IF:7-99","TankWar_P1|TankWar_P3|TankWar_P4|TankWar_P5","RESOLVED_INTERNAL"
"E283","G7","TankWar_P1|TankWar_P3|TankWar_P4|TankWar_P5","FIELD","textField","Maler$$Re_fuer_PC.textField","C:\Users\JBNU\git\ConstraintsRecovery\assets\tankwar\asset23",27,27,"C:\Users\JBNU\git\ConstraintsRecovery\assets\tankwar\asset23:IF:7-99","TankWar_P1|TankWar_P3|TankWar_P4|TankWar_P5","RESOLVED_INTERNAL"
"E284","G7","TankWar_P1|TankWar_P3|TankWar_P4|TankWar_P5","FIELD","name","Maler$$Re_fuer_PC.name","C:\Users\JBNU\git\ConstraintsRecovery\assets\tankwar\asset23",28,28,"C:\Users\JBNU\git\ConstraintsRecovery\assets\tankwar\asset23:IF:7-99","TankWar_P1|TankWar_P3|TankWar_P4|TankWar_P5","RESOLVED_INTERNAL"
"E285","G7","TankWar_P1|TankWar_P3|TankWar_P4|TankWar_P5","CONSTRUCTOR","Maler$$Re_fuer_PC","Maler$$Re_fuer_PC.Maler$$Re_fuer_PC","C:\Users\JBNU\git\ConstraintsRecovery\assets\tankwar\asset23",29,31,"C:\Users\JBNU\git\ConstraintsRecovery\assets\tankwar\asset23:IF:7-99","TankWar_P1|TankWar_P3|TankWar_P4|TankWar_P5","RESOLVED_INTERNAL"
"E286","G7","TankWar_P1|TankWar_P3|TankWar_P4|TankWar_P5","METHOD","note","Maler$$Re_fuer_PC.note","C:\Users\JBNU\git\ConstraintsRecovery\assets\tankwar\asset23",32,44,"C:\Users\JBNU\git\ConstraintsRecovery\assets\tankwar\asset23:IF:7-99","TankWar_P1|TankWar_P3|TankWar_P4|TankWar_P5","RESOLVED_INTERNAL"
"E287","G7","TankWar_P1|TankWar_P3|TankWar_P4|TankWar_P5","METHOD","nameVergeben","Maler$$Re_fuer_PC.nameVergeben","C:\Users\JBNU\git\ConstraintsRecovery\assets\tankwar\asset23",45,63,"C:\Users\JBNU\git\ConstraintsRecovery\assets\tankwar\asset23:IF:7-99","TankWar_P1|TankWar_P3|TankWar_P4|TankWar_P5","RESOLVED_INTERNAL"
"E288","G7","TankWar_P1|TankWar_P3|TankWar_P4|TankWar_P5","METHOD","gameLose","Maler$$Re_fuer_PC.gameLose","C:\Users\JBNU\git\ConstraintsRecovery\assets\tankwar\asset23",64,69,"C:\Users\JBNU\git\ConstraintsRecovery\assets\tankwar\asset23:IF:7-99","TankWar_P1|TankWar_P3|TankWar_P4|TankWar_P5","RESOLVED_INTERNAL"
"E289","G7","TankWar_P1|TankWar_P3|TankWar_P4|TankWar_P5","METHOD","gameWin","Maler$$Re_fuer_PC.gameWin","C:\Users\JBNU\git\ConstraintsRecovery\assets\tankwar\asset23",70,75,"C:\Users\JBNU\git\ConstraintsRecovery\assets\tankwar\asset23:IF:7-99","TankWar_P1|TankWar_P3|TankWar_P4|TankWar_P5","RESOLVED_INTERNAL"
"E290","G7","TankWar_P1|TankWar_P3|TankWar_P4|TankWar_P5","METHOD","menuBehandeln","Maler$$Re_fuer_PC.menuBehandeln","C:\Users\JBNU\git\ConstraintsRecovery\assets\tankwar\asset23",76,94,"C:\Users\JBNU\git\ConstraintsRecovery\assets\tankwar\asset23:IF:7-99","TankWar_P1|TankWar_P3|TankWar_P4|TankWar_P5","RESOLVED_INTERNAL"
"E291","G7","TankWar_P1|TankWar_P3|TankWar_P4|TankWar_P5","METHOD","mainMenuerstellen","Maler$$Re_fuer_PC.mainMenuerstellen","C:\Users\JBNU\git\ConstraintsRecovery\assets\tankwar\asset23",95,98,"C:\Users\JBNU\git\ConstraintsRecovery\assets\tankwar\asset23:IF:7-99","TankWar_P1|TankWar_P3|TankWar_P4|TankWar_P5","RESOLVED_INTERNAL"
"E292","G7","TankWar_P1|TankWar_P3|TankWar_P4|TankWar_P5","CLASS","Note","Note","C:\Users\JBNU\git\ConstraintsRecovery\assets\tankwar\asset24",9,24,"C:\Users\JBNU\git\ConstraintsRecovery\assets\tankwar\asset24:IF:7-24","TankWar_P1|TankWar_P3|TankWar_P4|TankWar_P5","RESOLVED_INTERNAL"
"E293","G7","TankWar_P1|TankWar_P3|TankWar_P4|TankWar_P5","FIELD","name","Note.name","C:\Users\JBNU\git\ConstraintsRecovery\assets\tankwar\asset24",10,10,"C:\Users\JBNU\git\ConstraintsRecovery\assets\tankwar\asset24:IF:7-24","TankWar_P1|TankWar_P3|TankWar_P4|TankWar_P5","RESOLVED_INTERNAL"
"E294","G7","TankWar_P1|TankWar_P3|TankWar_P4|TankWar_P5","FIELD","note","Note.note","C:\Users\JBNU\git\ConstraintsRecovery\assets\tankwar\asset24",11,11,"C:\Users\JBNU\git\ConstraintsRecovery\assets\tankwar\asset24:IF:7-24","TankWar_P1|TankWar_P3|TankWar_P4|TankWar_P5","RESOLVED_INTERNAL"
"E295","G7","TankWar_P1|TankWar_P3|TankWar_P4|TankWar_P5","CONSTRUCTOR","Note","Note.Note","C:\Users\JBNU\git\ConstraintsRecovery\assets\tankwar\asset24",12,23,"C:\Users\JBNU\git\ConstraintsRecovery\assets\tankwar\asset24:IF:7-24","TankWar_P1|TankWar_P3|TankWar_P4|TankWar_P5","RESOLVED_INTERNAL"
"E296","G7","TankWar_P1|TankWar_P3|TankWar_P4|TankWar_P5","INTERFACE","GameManager","GameManager","C:\Users\JBNU\git\ConstraintsRecovery\assets\tankwar\asset25",8,10,"C:\Users\JBNU\git\ConstraintsRecovery\assets\tankwar\asset25:IF:7-10","TankWar_P1|TankWar_P3|TankWar_P4|TankWar_P5","RESOLVED_INTERNAL"
"E297","G7","TankWar_P1|TankWar_P3|TankWar_P4|TankWar_P5","METHOD","writeScore","GameManager.writeScore","C:\Users\JBNU\git\ConstraintsRecovery\assets\tankwar\asset25",9,9,"C:\Users\JBNU\git\ConstraintsRecovery\assets\tankwar\asset25:IF:7-10","TankWar_P1|TankWar_P3|TankWar_P4|TankWar_P5","RESOLVED_INTERNAL"
"E298","G7","TankWar_P1|TankWar_P3|TankWar_P4|TankWar_P5","CLASS","Tank$$Record","Tank$$Record","C:\Users\JBNU\git\ConstraintsRecovery\assets\tankwar\asset26",13,21,"C:\Users\JBNU\git\ConstraintsRecovery\assets\tankwar\asset26:IF:7-21","TankWar_P1|TankWar_P3|TankWar_P4|TankWar_P5","RESOLVED_INTERNAL"
"E299","G7","TankWar_P1|TankWar_P3|TankWar_P4|TankWar_P5","CONSTRUCTOR","Tank$$Record","Tank$$Record.Tank$$Record","C:\Users\JBNU\git\ConstraintsRecovery\assets\tankwar\asset26",14,16,"C:\Users\JBNU\git\ConstraintsRecovery\assets\tankwar\asset26:IF:7-21","TankWar_P1|TankWar_P3|TankWar_P4|TankWar_P5","RESOLVED_INTERNAL"
"E300","G7","TankWar_P1|TankWar_P3|TankWar_P4|TankWar_P5","METHOD","explodieren","Tank$$Record.explodieren","C:\Users\JBNU\git\ConstraintsRecovery\assets\tankwar\asset26",17,20,"C:\Users\JBNU\git\ConstraintsRecovery\assets\tankwar\asset26:IF:7-21","TankWar_P1|TankWar_P3|TankWar_P4|TankWar_P5","RESOLVED_INTERNAL"
"E301","G7","TankWar_P1|TankWar_P3|TankWar_P4|TankWar_P5","CLASS","Record","Record","C:\Users\JBNU\git\ConstraintsRecovery\assets\tankwar\asset27",16,116,"C:\Users\JBNU\git\ConstraintsRecovery\assets\tankwar\asset27:IF:7-116","TankWar_P1|TankWar_P3|TankWar_P4|TankWar_P5","RESOLVED_INTERNAL"
"E302","G7","TankWar_P1|TankWar_P3|TankWar_P4|TankWar_P5","FIELD","out","Record.out","C:\Users\JBNU\git\ConstraintsRecovery\assets\tankwar\asset27",17,17,"C:\Users\JBNU\git\ConstraintsRecovery\assets\tankwar\asset27:IF:7-116","TankWar_P1|TankWar_P3|TankWar_P4|TankWar_P5","RESOLVED_INTERNAL"
"E303","G7","TankWar_P1|TankWar_P3|TankWar_P4|TankWar_P5","FIELD","in","Record.in","C:\Users\JBNU\git\ConstraintsRecovery\assets\tankwar\asset27",18,18,"C:\Users\JBNU\git\ConstraintsRecovery\assets\tankwar\asset27:IF:7-116","TankWar_P1|TankWar_P3|TankWar_P4|TankWar_P5","RESOLVED_INTERNAL"
"E304","G7","TankWar_P1|TankWar_P3|TankWar_P4|TankWar_P5","FIELD","filename","Record.filename","C:\Users\JBNU\git\ConstraintsRecovery\assets\tankwar\asset27",19,19,"C:\Users\JBNU\git\ConstraintsRecovery\assets\tankwar\asset27:IF:7-116","TankWar_P1|TankWar_P3|TankWar_P4|TankWar_P5","RESOLVED_INTERNAL"
"E305","G7","TankWar_P1|TankWar_P3|TankWar_P4|TankWar_P5","METHOD","writeNote","Record.writeNote","C:\Users\JBNU\git\ConstraintsRecovery\assets\tankwar\asset27",20,88,"C:\Users\JBNU\git\ConstraintsRecovery\assets\tankwar\asset27:IF:7-116","TankWar_P1|TankWar_P3|TankWar_P4|TankWar_P5","RESOLVED_INTERNAL"
"E306","G7","TankWar_P1|TankWar_P3|TankWar_P4|TankWar_P5","METHOD","readNote","Record.readNote","C:\Users\JBNU\git\ConstraintsRecovery\assets\tankwar\asset27",89,115,"C:\Users\JBNU\git\ConstraintsRecovery\assets\tankwar\asset27:IF:7-116","TankWar_P1|TankWar_P3|TankWar_P4|TankWar_P5","RESOLVED_INTERNAL"
"E307","G20","TankWar_P4","CLASS","TankManager$$Record","TankManager$$Record","C:\Users\JBNU\git\ConstraintsRecovery\assets\tankwar\asset28",15,57,"C:\Users\JBNU\git\ConstraintsRecovery\assets\tankwar\asset28:IF:13-15","TankWar_P4","RESOLVED_INTERNAL"
"E308","G17","TankWar_P3","CLASS","TankManager$$Record","TankManager$$Record","C:\Users\JBNU\git\ConstraintsRecovery\assets\tankwar\asset28",17,57,"C:\Users\JBNU\git\ConstraintsRecovery\assets\tankwar\asset28:ELIF:16-17","TankWar_P3","RESOLVED_INTERNAL"
"E309","G22","TankWar_P5","CLASS","TankManager","TankManager","C:\Users\JBNU\git\ConstraintsRecovery\assets\tankwar\asset28",19,57,"C:\Users\JBNU\git\ConstraintsRecovery\assets\tankwar\asset28:ELIF:18-19","TankWar_P5","RESOLVED_INTERNAL"
"E310","G1","TankWar_P1","CLASS","TankManager","TankManager","C:\Users\JBNU\git\ConstraintsRecovery\assets\tankwar\asset28",21,57,"C:\Users\JBNU\git\ConstraintsRecovery\assets\tankwar\asset28:ELIF:20-21","TankWar_P1","RESOLVED_INTERNAL"
"E311","G7","TankWar_P1|TankWar_P3|TankWar_P4|TankWar_P5","FIELD","record","TankManager$$Record.record","C:\Users\JBNU\git\ConstraintsRecovery\assets\tankwar\asset28",23,23,"C:\Users\JBNU\git\ConstraintsRecovery\assets\tankwar\asset28:IF:7-57","TankWar_P3|TankWar_P4","RESOLVED_INTERNAL"
"E312","G7","TankWar_P1|TankWar_P3|TankWar_P4|TankWar_P5","FIELD","record","TankManager.record","C:\Users\JBNU\git\ConstraintsRecovery\assets\tankwar\asset28",23,23,"C:\Users\JBNU\git\ConstraintsRecovery\assets\tankwar\asset28:IF:7-57","TankWar_P1|TankWar_P5","RESOLVED_INTERNAL"
"E313","G7","TankWar_P1|TankWar_P3|TankWar_P4|TankWar_P5","FIELD","tank1Score","TankManager$$Record.tank1Score","C:\Users\JBNU\git\ConstraintsRecovery\assets\tankwar\asset28",24,24,"C:\Users\JBNU\git\ConstraintsRecovery\assets\tankwar\asset28:IF:7-57","TankWar_P3|TankWar_P4","RESOLVED_INTERNAL"
"E314","G7","TankWar_P1|TankWar_P3|TankWar_P4|TankWar_P5","FIELD","tank1Score","TankManager.tank1Score","C:\Users\JBNU\git\ConstraintsRecovery\assets\tankwar\asset28",24,24,"C:\Users\JBNU\git\ConstraintsRecovery\assets\tankwar\asset28:IF:7-57","TankWar_P1|TankWar_P5","RESOLVED_INTERNAL"
"E315","G7","TankWar_P1|TankWar_P3|TankWar_P4|TankWar_P5","FIELD","tank2Score","TankManager$$Record.tank2Score","C:\Users\JBNU\git\ConstraintsRecovery\assets\tankwar\asset28",25,25,"C:\Users\JBNU\git\ConstraintsRecovery\assets\tankwar\asset28:IF:7-57","TankWar_P3|TankWar_P4","RESOLVED_INTERNAL"
"E316","G7","TankWar_P1|TankWar_P3|TankWar_P4|TankWar_P5","FIELD","tank2Score","TankManager.tank2Score","C:\Users\JBNU\git\ConstraintsRecovery\assets\tankwar\asset28",25,25,"C:\Users\JBNU\git\ConstraintsRecovery\assets\tankwar\asset28:IF:7-57","TankWar_P1|TankWar_P5","RESOLVED_INTERNAL"
"E317","G18","TankWar_P3|TankWar_P4","CONSTRUCTOR","TankManager$$Record","TankManager$$Record.TankManager$$Record","C:\Users\JBNU\git\ConstraintsRecovery\assets\tankwar\asset28",27,32,"C:\Users\JBNU\git\ConstraintsRecovery\assets\tankwar\asset28:IF:26-27","TankWar_P3|TankWar_P4","RESOLVED_INTERNAL"
"E318","G11","TankWar_P1|TankWar_P5","CONSTRUCTOR","TankManager","TankManager.TankManager","C:\Users\JBNU\git\ConstraintsRecovery\assets\tankwar\asset28",29,32,"C:\Users\JBNU\git\ConstraintsRecovery\assets\tankwar\asset28:ELIF:28-29","TankWar_P1|TankWar_P5","RESOLVED_INTERNAL"
"E319","G7","TankWar_P1|TankWar_P3|TankWar_P4|TankWar_P5","METHOD","init","TankManager$$Record.init","C:\Users\JBNU\git\ConstraintsRecovery\assets\tankwar\asset28",33,36,"C:\Users\JBNU\git\ConstraintsRecovery\assets\tankwar\asset28:IF:7-57","TankWar_P3|TankWar_P4","RESOLVED_INTERNAL"
"E320","G7","TankWar_P1|TankWar_P3|TankWar_P4|TankWar_P5","METHOD","init","TankManager.init","C:\Users\JBNU\git\ConstraintsRecovery\assets\tankwar\asset28",33,36,"C:\Users\JBNU\git\ConstraintsRecovery\assets\tankwar\asset28:IF:7-57","TankWar_P1|TankWar_P5","RESOLVED_INTERNAL"
"E321","G7","TankWar_P1|TankWar_P3|TankWar_P4|TankWar_P5","METHOD","malenkontrolle","TankManager$$Record.malenkontrolle","C:\Users\JBNU\git\ConstraintsRecovery\assets\tankwar\asset28",37,47,"C:\Users\JBNU\git\ConstraintsRecovery\assets\tankwar\asset28:IF:7-57","TankWar_P3|TankWar_P4","RESOLVED_INTERNAL"
"E322","G7","TankWar_P1|TankWar_P3|TankWar_P4|TankWar_P5","METHOD","malenkontrolle","TankManager.malenkontrolle","C:\Users\JBNU\git\ConstraintsRecovery\assets\tankwar\asset28",37,47,"C:\Users\JBNU\git\ConstraintsRecovery\assets\tankwar\asset28:IF:7-57","TankWar_P1|TankWar_P5","RESOLVED_INTERNAL"
"E323","G7","TankWar_P1|TankWar_P3|TankWar_P4|TankWar_P5","METHOD","addScore","TankManager$$Record.addScore","C:\Users\JBNU\git\ConstraintsRecovery\assets\tankwar\asset28",48,52,"C:\Users\JBNU\git\ConstraintsRecovery\assets\tankwar\asset28:IF:7-57","TankWar_P3|TankWar_P4","RESOLVED_INTERNAL"
"E324","G7","TankWar_P1|TankWar_P3|TankWar_P4|TankWar_P5","METHOD","addScore","TankManager.addScore","C:\Users\JBNU\git\ConstraintsRecovery\assets\tankwar\asset28",48,52,"C:\Users\JBNU\git\ConstraintsRecovery\assets\tankwar\asset28:IF:7-57","TankWar_P1|TankWar_P5","RESOLVED_INTERNAL"
"E325","G7","TankWar_P1|TankWar_P3|TankWar_P4|TankWar_P5","METHOD","writeScore","TankManager$$Record.writeScore","C:\Users\JBNU\git\ConstraintsRecovery\assets\tankwar\asset28",53,56,"C:\Users\JBNU\git\ConstraintsRecovery\assets\tankwar\asset28:IF:7-57","TankWar_P3|TankWar_P4","RESOLVED_INTERNAL"
"E326","G7","TankWar_P1|TankWar_P3|TankWar_P4|TankWar_P5","METHOD","writeScore","TankManager.writeScore","C:\Users\JBNU\git\ConstraintsRecovery\assets\tankwar\asset28",53,56,"C:\Users\JBNU\git\ConstraintsRecovery\assets\tankwar\asset28:IF:7-57","TankWar_P1|TankWar_P5","RESOLVED_INTERNAL"
"E327","G17","TankWar_P3","CLASS","TankManager$$Feuerkraft","TankManager$$Feuerkraft","C:\Users\JBNU\git\ConstraintsRecovery\assets\tankwar\asset29",13,26,"C:\Users\JBNU\git\ConstraintsRecovery\assets\tankwar\asset29:IF:12-13","TankWar_P3","RESOLVED_INTERNAL"
"E328","G22","TankWar_P5","CLASS","TankManager$$Feuerkraft","TankManager$$Feuerkraft","C:\Users\JBNU\git\ConstraintsRecovery\assets\tankwar\asset29",15,26,"C:\Users\JBNU\git\ConstraintsRecovery\assets\tankwar\asset29:ELIF:14-15","TankWar_P5","RESOLVED_INTERNAL"
"E329","G1","TankWar_P1","CLASS","TankManager$$Feuerkraft","TankManager$$Feuerkraft","C:\Users\JBNU\git\ConstraintsRecovery\assets\tankwar\asset29",17,26,"C:\Users\JBNU\git\ConstraintsRecovery\assets\tankwar\asset29:ELIF:16-17","TankWar_P1","RESOLVED_INTERNAL"
"E330","G8","TankWar_P1|TankWar_P3|TankWar_P5","CONSTRUCTOR","TankManager$$Feuerkraft","TankManager$$Feuerkraft.TankManager$$Feuerkraft","C:\Users\JBNU\git\ConstraintsRecovery\assets\tankwar\asset29",19,21,"C:\Users\JBNU\git\ConstraintsRecovery\assets\tankwar\asset29:IF:6-26","TankWar_P1|TankWar_P3|TankWar_P5","RESOLVED_INTERNAL"
"E331","G8","TankWar_P1|TankWar_P3|TankWar_P5","METHOD","toolsLaden","TankManager$$Feuerkraft.toolsLaden","C:\Users\JBNU\git\ConstraintsRecovery\assets\tankwar\asset29",22,25,"C:\Users\JBNU\git\ConstraintsRecovery\assets\tankwar\asset29:IF:6-26","TankWar_P1|TankWar_P3|TankWar_P5","RESOLVED_INTERNAL"
"E332","G4","TankWar_P1|TankWar_P2|TankWar_P3|TankWar_P4|TankWar_P5","CLASS","TankManager$$Tools","TankManager$$Tools","C:\Users\JBNU\git\ConstraintsRecovery\assets\tankwar\asset3",17,44,"C:\Users\JBNU\git\ConstraintsRecovery\assets\tankwar\asset3:IF:8-44","TankWar_P1|TankWar_P2|TankWar_P3|TankWar_P4|TankWar_P5","RESOLVED_INTERNAL"
"E333","G4","TankWar_P1|TankWar_P2|TankWar_P3|TankWar_P4|TankWar_P5","FIELD","toolMenge","TankManager$$Tools.toolMenge","C:\Users\JBNU\git\ConstraintsRecovery\assets\tankwar\asset3",18,18,"C:\Users\JBNU\git\ConstraintsRecovery\assets\tankwar\asset3:IF:8-44","TankWar_P1|TankWar_P2|TankWar_P3|TankWar_P4|TankWar_P5","RESOLVED_INTERNAL"
"E334","G4","TankWar_P1|TankWar_P2|TankWar_P3|TankWar_P4|TankWar_P5","CONSTRUCTOR","TankManager$$Tools","TankManager$$Tools.TankManager$$Tools","C:\Users\JBNU\git\ConstraintsRecovery\assets\tankwar\asset3",19,21,"C:\Users\JBNU\git\ConstraintsRecovery\assets\tankwar\asset3:IF:8-44","TankWar_P1|TankWar_P2|TankWar_P3|TankWar_P4|TankWar_P5","RESOLVED_INTERNAL"
"E335","G4","TankWar_P1|TankWar_P2|TankWar_P3|TankWar_P4|TankWar_P5","METHOD","komponenteMalen","TankManager$$Tools.komponenteMalen","C:\Users\JBNU\git\ConstraintsRecovery\assets\tankwar\asset3",22,27,"C:\Users\JBNU\git\ConstraintsRecovery\assets\tankwar\asset3:IF:8-44","TankWar_P1|TankWar_P2|TankWar_P3|TankWar_P4|TankWar_P5","RESOLVED_INTERNAL"
"E336","G4","TankWar_P1|TankWar_P2|TankWar_P3|TankWar_P4|TankWar_P5","METHOD","toolsLaden","TankManager$$Tools.toolsLaden","C:\Users\JBNU\git\ConstraintsRecovery\assets\tankwar\asset3",28,29,"C:\Users\JBNU\git\ConstraintsRecovery\assets\tankwar\asset3:IF:8-44","TankWar_P1|TankWar_P2|TankWar_P3|TankWar_P4|TankWar_P5","RESOLVED_INTERNAL"
"E337","G4","TankWar_P1|TankWar_P2|TankWar_P3|TankWar_P4|TankWar_P5","METHOD","toolInit","TankManager$$Tools.toolInit","C:\Users\JBNU\git\ConstraintsRecovery\assets\tankwar\asset3",30,39,"C:\Users\JBNU\git\ConstraintsRecovery\assets\tankwar\asset3:IF:8-44","TankWar_P1|TankWar_P2|TankWar_P3|TankWar_P4|TankWar_P5","RESOLVED_INTERNAL"
"E338","G4","TankWar_P1|TankWar_P2|TankWar_P3|TankWar_P4|TankWar_P5","METHOD","addEnemyTank","TankManager$$Tools.addEnemyTank","C:\Users\JBNU\git\ConstraintsRecovery\assets\tankwar\asset3",40,43,"C:\Users\JBNU\git\ConstraintsRecovery\assets\tankwar\asset3:IF:8-44","TankWar_P1|TankWar_P2|TankWar_P3|TankWar_P4|TankWar_P5","RESOLVED_INTERNAL"
"E339","G22","TankWar_P5","CLASS","Tank$$Bombe","Tank$$Bombe","C:\Users\JBNU\git\ConstraintsRecovery\assets\tankwar\asset30",10,40,"C:\Users\JBNU\git\ConstraintsRecovery\assets\tankwar\asset30:IF:9-10","TankWar_P5","RESOLVED_INTERNAL"
"E340","G12","TankWar_P2","CLASS","Tank$$Bombe","Tank$$Bombe","C:\Users\JBNU\git\ConstraintsRecovery\assets\tankwar\asset30",13,40,"C:\Users\JBNU\git\ConstraintsRecovery\assets\tankwar\asset30:ELIF:11-13","TankWar_P2","RESOLVED_INTERNAL"
"E341","G20","TankWar_P4","CLASS","Tank$$Bombe","Tank$$Bombe","C:\Users\JBNU\git\ConstraintsRecovery\assets\tankwar\asset30",16,40,"C:\Users\JBNU\git\ConstraintsRecovery\assets\tankwar\asset30:ELIF:14-16","TankWar_P4","RESOLVED_INTERNAL"
"E342","G16","TankWar_P2|TankWar_P4|TankWar_P5","CONSTRUCTOR","Tank$$Bombe","Tank$$Bombe.Tank$$Bombe","C:\Users\JBNU\git\ConstraintsRecovery\assets\tankwar\asset30",18,20,"C:\Users\JBNU\git\ConstraintsRecovery\assets\tankwar\asset30:IF:6-40","TankWar_P2|TankWar_P4|TankWar_P5","RESOLVED_INTERNAL"
"E343","G16","TankWar_P2|TankWar_P4|TankWar_P5","METHOD","toolBehandeln","Tank$$Bombe.toolBehandeln","C:\Users\JBNU\git\ConstraintsRecovery\assets\tankwar\asset30",21,39,"C:\Users\JBNU\git\ConstraintsRecovery\assets\tankwar\asset30:IF:6-40","TankWar_P2|TankWar_P4|TankWar_P5","RESOLVED_INTERNAL"
"E344","G6","TankWar_P1|TankWar_P3","CLASS","TankManager$$Mars","TankManager$$Mars","C:\Users\JBNU\git\ConstraintsRecovery\assets\tankwar\asset31",13,25,"C:\Users\JBNU\git\ConstraintsRecovery\assets\tankwar\asset31:IF:12-13","TankWar_P1|TankWar_P3","RESOLVED_INTERNAL"
"E345","G12","TankWar_P2","CLASS","TankManager$$Mars","TankManager$$Mars","C:\Users\JBNU\git\ConstraintsRecovery\assets\tankwar\asset31",16,25,"C:\Users\JBNU\git\ConstraintsRecovery\assets\tankwar\asset31:ELIF:14-16","TankWar_P2","RESOLVED_INTERNAL"
"E346","G3","TankWar_P1|TankWar_P2|TankWar_P3","CONSTRUCTOR","TankManager$$Mars","TankManager$$Mars.TankManager$$Mars","C:\Users\JBNU\git\ConstraintsRecovery\assets\tankwar\asset31",18,20,"C:\Users\JBNU\git\ConstraintsRecovery\assets\tankwar\asset31:IF:6-25","TankWar_P1|TankWar_P2|TankWar_P3","RESOLVED_INTERNAL"
"E347","G3","TankWar_P1|TankWar_P2|TankWar_P3","METHOD","toolsLaden","TankManager$$Mars.toolsLaden","C:\Users\JBNU\git\ConstraintsRecovery\assets\tankwar\asset31",21,24,"C:\Users\JBNU\git\ConstraintsRecovery\assets\tankwar\asset31:IF:6-25","TankWar_P1|TankWar_P2|TankWar_P3","RESOLVED_INTERNAL"
"E348","G1","TankWar_P1","CLASS","Maler$$einfrieren","Maler$$einfrieren","C:\Users\JBNU\git\ConstraintsRecovery\assets\tankwar\asset32",26,40,"C:\Users\JBNU\git\ConstraintsRecovery\assets\tankwar\asset32:IF:24-26","TankWar_P1","RESOLVED_INTERNAL"
"E349","G17","TankWar_P3","CLASS","Maler$$einfrieren","Maler$$einfrieren","C:\Users\JBNU\git\ConstraintsRecovery\assets\tankwar\asset32",29,40,"C:\Users\JBNU\git\ConstraintsRecovery\assets\tankwar\asset32:ELIF:27-29","TankWar_P3","RESOLVED_INTERNAL"
"E350","G12","TankWar_P2","CLASS","Maler$$einfrieren","Maler$$einfrieren","C:\Users\JBNU\git\ConstraintsRecovery\assets\tankwar\asset32",31,40,"C:\Users\JBNU\git\ConstraintsRecovery\assets\tankwar\asset32:ELIF:30-31","TankWar_P2","RESOLVED_INTERNAL"
"E351","G3","TankWar_P1|TankWar_P2|TankWar_P3","CONSTRUCTOR","Maler$$einfrieren","Maler$$einfrieren.Maler$$einfrieren","C:\Users\JBNU\git\ConstraintsRecovery\assets\tankwar\asset32",33,35,"C:\Users\JBNU\git\ConstraintsRecovery\assets\tankwar\asset32:IF:6-40","TankWar_P1|TankWar_P2|TankWar_P3","RESOLVED_INTERNAL"
"E352","G3","TankWar_P1|TankWar_P2|TankWar_P3","METHOD","helpItemErstellen","Maler$$einfrieren.helpItemErstellen","C:\Users\JBNU\git\ConstraintsRecovery\assets\tankwar\asset32",36,39,"C:\Users\JBNU\git\ConstraintsRecovery\assets\tankwar\asset32:IF:6-40","TankWar_P1|TankWar_P2|TankWar_P3","RESOLVED_INTERNAL"
"E353","G6","TankWar_P1|TankWar_P3","CLASS","Tool$$Mars","Tool$$Mars","C:\Users\JBNU\git\ConstraintsRecovery\assets\tankwar\asset33",8,23,"C:\Users\JBNU\git\ConstraintsRecovery\assets\tankwar\asset33:IF:7-8","TankWar_P1|TankWar_P3","RESOLVED_INTERNAL"
"E354","G12","TankWar_P2","CLASS","Tool$$Mars","Tool$$Mars","C:\Users\JBNU\git\ConstraintsRecovery\assets\tankwar\asset33",10,23,"C:\Users\JBNU\git\ConstraintsRecovery\assets\tankwar\asset33:ELIF:9-10","TankWar_P2","RESOLVED_INTERNAL"
"E355","G3","TankWar_P1|TankWar_P2|TankWar_P3","CONSTRUCTOR","Tool$$Mars","Tool$$Mars.Tool$$Mars","C:\Users\JBNU\git\ConstraintsRecovery\assets\tankwar\asset33",12,14,"C:\Users\JBNU\git\ConstraintsRecovery\assets\tankwar\asset33:IF:6-23","TankWar_P1|TankWar_P2|TankWar_P3","RESOLVED_INTERNAL"
"E356","G3","TankWar_P1|TankWar_P2|TankWar_P3","METHOD","init","Tool$$Mars.init","C:\Users\JBNU\git\ConstraintsRecovery\assets\tankwar\asset33",15,22,"C:\Users\JBNU\git\ConstraintsRecovery\assets\tankwar\asset33:IF:6-23","TankWar_P1|TankWar_P2|TankWar_P3","RESOLVED_INTERNAL"
"E357","G17","TankWar_P3","CLASS","Maler$$Feuerkraft","Maler$$Feuerkraft","C:\Users\JBNU\git\ConstraintsRecovery\assets\tankwar\asset34",26,39,"C:\Users\JBNU\git\ConstraintsRecovery\assets\tankwar\asset34:IF:25-26","TankWar_P3","RESOLVED_INTERNAL"
"E358","G1","TankWar_P1","CLASS","Maler$$Feuerkraft","Maler$$Feuerkraft","C:\Users\JBNU\git\ConstraintsRecovery\assets\tankwar\asset34",28,39,"C:\Users\JBNU\git\ConstraintsRecovery\assets\tankwar\asset34:ELIF:27-28","TankWar_P1","RESOLVED_INTERNAL"
"E359","G22","TankWar_P5","CLASS","Maler$$Feuerkraft","Maler$$Feuerkraft","C:\Users\JBNU\git\ConstraintsRecovery\assets\tankwar\asset34",30,39,"C:\Users\JBNU\git\ConstraintsRecovery\assets\tankwar\asset34:ELIF:29-30","TankWar_P5","RESOLVED_INTERNAL"
"E360","G8","TankWar_P1|TankWar_P3|TankWar_P5","CONSTRUCTOR","Maler$$Feuerkraft","Maler$$Feuerkraft.Maler$$Feuerkraft","C:\Users\JBNU\git\ConstraintsRecovery\assets\tankwar\asset34",32,34,"C:\Users\JBNU\git\ConstraintsRecovery\assets\tankwar\asset34:IF:6-39","TankWar_P1|TankWar_P3|TankWar_P5","RESOLVED_INTERNAL"
"E361","G8","TankWar_P1|TankWar_P3|TankWar_P5","METHOD","helpItemErstellen","Maler$$Feuerkraft.helpItemErstellen","C:\Users\JBNU\git\ConstraintsRecovery\assets\tankwar\asset34",35,38,"C:\Users\JBNU\git\ConstraintsRecovery\assets\tankwar\asset34:IF:6-39","TankWar_P1|TankWar_P3|TankWar_P5","RESOLVED_INTERNAL"
"E362","G21","TankWar_P4|TankWar_P5","CLASS","Maler$$Bombe","Maler$$Bombe","C:\Users\JBNU\git\ConstraintsRecovery\assets\tankwar\asset35",26,37,"C:\Users\JBNU\git\ConstraintsRecovery\assets\tankwar\asset35:IF:24-26","TankWar_P4|TankWar_P5","RESOLVED_INTERNAL"
"E363","G12","TankWar_P2","CLASS","Maler$$Bombe","Maler$$Bombe","C:\Users\JBNU\git\ConstraintsRecovery\assets\tankwar\asset35",28,37,"C:\Users\JBNU\git\ConstraintsRecovery\assets\tankwar\asset35:ELIF:27-28","TankWar_P2","RESOLVED_INTERNAL"
"E364","G16","TankWar_P2|TankWar_P4|TankWar_P5","CONSTRUCTOR","Maler$$Bombe","Maler$$Bombe.Maler$$Bombe","C:\Users\JBNU\git\ConstraintsRecovery\assets\tankwar\asset35",30,32,"C:\Users\JBNU\git\ConstraintsRecovery\assets\tankwar\asset35:IF:6-37","TankWar_P2|TankWar_P4|TankWar_P5","RESOLVED_INTERNAL"
"E365","G16","TankWar_P2|TankWar_P4|TankWar_P5","METHOD","helpItemErstellen","Maler$$Bombe.helpItemErstellen","C:\Users\JBNU\git\ConstraintsRecovery\assets\tankwar\asset35",33,36,"C:\Users\JBNU\git\ConstraintsRecovery\assets\tankwar\asset35:IF:6-37","TankWar_P2|TankWar_P4|TankWar_P5","RESOLVED_INTERNAL"
"E366","G1","TankWar_P1","CLASS","TankManager$$einfrieren","TankManager$$einfrieren","C:\Users\JBNU\git\ConstraintsRecovery\assets\tankwar\asset36",13,27,"C:\Users\JBNU\git\ConstraintsRecovery\assets\tankwar\asset36:IF:12-13","TankWar_P1","RESOLVED_INTERNAL"
"E367","G17","TankWar_P3","CLASS","TankManager$$einfrieren","TankManager$$einfrieren","C:\Users\JBNU\git\ConstraintsRecovery\assets\tankwar\asset36",15,27,"C:\Users\JBNU\git\ConstraintsRecovery\assets\tankwar\asset36:ELIF:14-15","TankWar_P3","RESOLVED_INTERNAL"
"E368","G12","TankWar_P2","CLASS","TankManager$$einfrieren","TankManager$$einfrieren","C:\Users\JBNU\git\ConstraintsRecovery\assets\tankwar\asset36",18,27,"C:\Users\JBNU\git\ConstraintsRecovery\assets\tankwar\asset36:ELIF:16-18","TankWar_P2","RESOLVED_INTERNAL"
"E369","G3","TankWar_P1|TankWar_P2|TankWar_P3","CONSTRUCTOR","TankManager$$einfrieren","TankManager$$einfrieren.TankManager$$einfrieren","C:\Users\JBNU\git\ConstraintsRecovery\assets\tankwar\asset36",20,22,"C:\Users\JBNU\git\ConstraintsRecovery\assets\tankwar\asset36:IF:6-27","TankWar_P1|TankWar_P2|TankWar_P3","RESOLVED_INTERNAL"
"E370","G3","TankWar_P1|TankWar_P2|TankWar_P3","METHOD","toolsLaden","TankManager$$einfrieren.toolsLaden","C:\Users\JBNU\git\ConstraintsRecovery\assets\tankwar\asset36",23,26,"C:\Users\JBNU\git\ConstraintsRecovery\assets\tankwar\asset36:IF:6-27","TankWar_P1|TankWar_P2|TankWar_P3","RESOLVED_INTERNAL"
"E371","G6","TankWar_P1|TankWar_P3","CLASS","Maler$$Mars","Maler$$Mars","C:\Users\JBNU\git\ConstraintsRecovery\assets\tankwar\asset37",26,37,"C:\Users\JBNU\git\ConstraintsRecovery\assets\tankwar\asset37:IF:24-26","TankWar_P1|TankWar_P3","RESOLVED_INTERNAL"
"E372","G12","TankWar_P2","CLASS","Maler$$Mars","Maler$$Mars","C:\Users\JBNU\git\ConstraintsRecovery\assets\tankwar\asset37",28,37,"C:\Users\JBNU\git\ConstraintsRecovery\assets\tankwar\asset37:ELIF:27-28","TankWar_P2","RESOLVED_INTERNAL"
"E373","G3","TankWar_P1|TankWar_P2|TankWar_P3","CONSTRUCTOR","Maler$$Mars","Maler$$Mars.Maler$$Mars","C:\Users\JBNU\git\ConstraintsRecovery\assets\tankwar\asset37",30,32,"C:\Users\JBNU\git\ConstraintsRecovery\assets\tankwar\asset37:IF:6-37","TankWar_P1|TankWar_P2|TankWar_P3","RESOLVED_INTERNAL"
"E374","G3","TankWar_P1|TankWar_P2|TankWar_P3","METHOD","helpItemErstellen","Maler$$Mars.helpItemErstellen","C:\Users\JBNU\git\ConstraintsRecovery\assets\tankwar\asset37",33,36,"C:\Users\JBNU\git\ConstraintsRecovery\assets\tankwar\asset37:IF:6-37","TankWar_P1|TankWar_P2|TankWar_P3","RESOLVED_INTERNAL"
"E375","G20","TankWar_P4","CLASS","TankManager$$Bombe","TankManager$$Bombe","C:\Users\JBNU\git\ConstraintsRecovery\assets\tankwar\asset38",11,25,"C:\Users\JBNU\git\ConstraintsRecovery\assets\tankwar\asset38:IF:9-11","TankWar_P4","RESOLVED_INTERNAL"
"E376","G12","TankWar_P2","CLASS","TankManager$$Bombe","TankManager$$Bombe","C:\Users\JBNU\git\ConstraintsRecovery\assets\tankwar\asset38",14,25,"C:\Users\JBNU\git\ConstraintsRecovery\assets\tankwar\asset38:ELIF:12-14","TankWar_P2","RESOLVED_INTERNAL"
"E377","G22","TankWar_P5","CLASS","TankManager$$Bombe","TankManager$$Bombe","C:\Users\JBNU\git\ConstraintsRecovery\assets\tankwar\asset38",16,25,"C:\Users\JBNU\git\ConstraintsRecovery\assets\tankwar\asset38:ELIF:15-16","TankWar_P5","RESOLVED_INTERNAL"
"E378","G16","TankWar_P2|TankWar_P4|TankWar_P5","CONSTRUCTOR","TankManager$$Bombe","TankManager$$Bombe.TankManager$$Bombe","C:\Users\JBNU\git\ConstraintsRecovery\assets\tankwar\asset38",18,20,"C:\Users\JBNU\git\ConstraintsRecovery\assets\tankwar\asset38:IF:6-25","TankWar_P2|TankWar_P4|TankWar_P5","RESOLVED_INTERNAL"
"E379","G16","TankWar_P2|TankWar_P4|TankWar_P5","METHOD","toolsLaden","TankManager$$Bombe.toolsLaden","C:\Users\JBNU\git\ConstraintsRecovery\assets\tankwar\asset38",21,24,"C:\Users\JBNU\git\ConstraintsRecovery\assets\tankwar\asset38:IF:6-25","TankWar_P2|TankWar_P4|TankWar_P5","RESOLVED_INTERNAL"
"E380","G17","TankWar_P3","CLASS","Tank$$Feuerkraft","Tank$$Feuerkraft","C:\Users\JBNU\git\ConstraintsRecovery\assets\tankwar\asset39",11,46,"C:\Users\JBNU\git\ConstraintsRecovery\assets\tankwar\asset39:IF:9-11","TankWar_P3","RESOLVED_INTERNAL"
"E381","G1","TankWar_P1","CLASS","Tank$$Feuerkraft","Tank$$Feuerkraft","C:\Users\JBNU\git\ConstraintsRecovery\assets\tankwar\asset39",13,46,"C:\Users\JBNU\git\ConstraintsRecovery\assets\tankwar\asset39:ELIF:12-13","TankWar_P1","RESOLVED_INTERNAL"
"E382","G22","TankWar_P5","CLASS","Tank$$Feuerkraft","Tank$$Feuerkraft","C:\Users\JBNU\git\ConstraintsRecovery\assets\tankwar\asset39",15,46,"C:\Users\JBNU\git\ConstraintsRecovery\assets\tankwar\asset39:ELIF:14-15","TankWar_P5","RESOLVED_INTERNAL"
"E383","G8","TankWar_P1|TankWar_P3|TankWar_P5","FIELD","feuerkraftTimer","Tank$$Feuerkraft.feuerkraftTimer","C:\Users\JBNU\git\ConstraintsRecovery\assets\tankwar\asset39",17,17,"C:\Users\JBNU\git\ConstraintsRecovery\assets\tankwar\asset39:IF:6-46","TankWar_P1|TankWar_P3|TankWar_P5","RESOLVED_INTERNAL"
"E384","G8","TankWar_P1|TankWar_P3|TankWar_P5","FIELD","feuerkraft","Tank$$Feuerkraft.feuerkraft","C:\Users\JBNU\git\ConstraintsRecovery\assets\tankwar\asset39",18,18,"C:\Users\JBNU\git\ConstraintsRecovery\assets\tankwar\asset39:IF:6-46","TankWar_P1|TankWar_P3|TankWar_P5","RESOLVED_INTERNAL"
"E385","G8","TankWar_P1|TankWar_P3|TankWar_P5","CONSTRUCTOR","Tank$$Feuerkraft","Tank$$Feuerkraft.Tank$$Feuerkraft","C:\Users\JBNU\git\ConstraintsRecovery\assets\tankwar\asset39",19,21,"C:\Users\JBNU\git\ConstraintsRecovery\assets\tankwar\asset39:IF:6-46","TankWar_P1|TankWar_P3|TankWar_P5","RESOLVED_INTERNAL"
"E386","G8","TankWar_P1|TankWar_P3|TankWar_P5","METHOD","toolKontroller","Tank$$Feuerkraft.toolKontroller","C:\Users\JBNU\git\ConstraintsRecovery\assets\tankwar\asset39",22,33,"C:\Users\JBNU\git\ConstraintsRecovery\assets\tankwar\asset39:IF:6-46","TankWar_P1|TankWar_P3|TankWar_P5","RESOLVED_INTERNAL"
"E387","G8","TankWar_P1|TankWar_P3|TankWar_P5","METHOD","toolBehandeln","Tank$$Feuerkraft.toolBehandeln","C:\Users\JBNU\git\ConstraintsRecovery\assets\tankwar\asset39",34,45,"C:\Users\JBNU\git\ConstraintsRecovery\assets\tankwar\asset39:IF:6-46","TankWar_P1|TankWar_P3|TankWar_P5","RESOLVED_INTERNAL"
"E388","G4","TankWar_P1|TankWar_P2|TankWar_P3|TankWar_P4|TankWar_P5","CLASS","KeyMonitor","KeyMonitor","C:\Users\JBNU\git\ConstraintsRecovery\assets\tankwar\asset4",11,26,"C:\Users\JBNU\git\ConstraintsRecovery\assets\tankwar\asset4:IF:8-26","TankWar_P1|TankWar_P2|TankWar_P3|TankWar_P4|TankWar_P5","RESOLVED_INTERNAL"
"E389","G4","TankWar_P1|TankWar_P2|TankWar_P3|TankWar_P4|TankWar_P5","FIELD","gameManager","KeyMonitor.gameManager","C:\Users\JBNU\git\ConstraintsRecovery\assets\tankwar\asset4",12,12,"C:\Users\JBNU\git\ConstraintsRecovery\assets\tankwar\asset4:IF:8-26","TankWar_P1|TankWar_P2|TankWar_P3|TankWar_P4|TankWar_P5","RESOLVED_INTERNAL"
"E390","G4","TankWar_P1|TankWar_P2|TankWar_P3|TankWar_P4|TankWar_P5","CONSTRUCTOR","KeyMonitor","KeyMonitor.KeyMonitor","C:\Users\JBNU\git\ConstraintsRecovery\assets\tankwar\asset4",13,15,"C:\Users\JBNU\git\ConstraintsRecovery\assets\tankwar\asset4:IF:8-26","TankWar_P1|TankWar_P2|TankWar_P3|TankWar_P4|TankWar_P5","RESOLVED_INTERNAL"
"E391","G4","TankWar_P1|TankWar_P2|TankWar_P3|TankWar_P4|TankWar_P5","METHOD","keyPressed","KeyMonitor.keyPressed","C:\Users\JBNU\git\ConstraintsRecovery\assets\tankwar\asset4",16,19,"C:\Users\JBNU\git\ConstraintsRecovery\assets\tankwar\asset4:IF:8-26","TankWar_P1|TankWar_P2|TankWar_P3|TankWar_P4|TankWar_P5","RESOLVED_INTERNAL"
"E392","G4","TankWar_P1|TankWar_P2|TankWar_P3|TankWar_P4|TankWar_P5","METHOD","keyReleased","KeyMonitor.keyReleased","C:\Users\JBNU\git\ConstraintsRecovery\assets\tankwar\asset4",20,23,"C:\Users\JBNU\git\ConstraintsRecovery\assets\tankwar\asset4:IF:8-26","TankWar_P1|TankWar_P2|TankWar_P3|TankWar_P4|TankWar_P5","RESOLVED_INTERNAL"
"E393","G4","TankWar_P1|TankWar_P2|TankWar_P3|TankWar_P4|TankWar_P5","METHOD","keyTyped","KeyMonitor.keyTyped","C:\Users\JBNU\git\ConstraintsRecovery\assets\tankwar\asset4",24,25,"C:\Users\JBNU\git\ConstraintsRecovery\assets\tankwar\asset4:IF:8-26","TankWar_P1|TankWar_P2|TankWar_P3|TankWar_P4|TankWar_P5","RESOLVED_INTERNAL"
"E394","G20","TankWar_P4","CLASS","Maler$$M_600","Maler$$M_600","C:\Users\JBNU\git\ConstraintsRecovery\assets\tankwar\asset40",26,39,"C:\Users\JBNU\git\ConstraintsRecovery\assets\tankwar\asset40:IF:25-26","TankWar_P4","RESOLVED_INTERNAL"
"E395","G22","TankWar_P5","CLASS","Maler$$M_600","Maler$$M_600","C:\Users\JBNU\git\ConstraintsRecovery\assets\tankwar\asset40",28,39,"C:\Users\JBNU\git\ConstraintsRecovery\assets\tankwar\asset40:ELIF:27-28","TankWar_P5","RESOLVED_INTERNAL"
"E396","G1","TankWar_P1","CLASS","Maler$$M_600","Maler$$M_600","C:\Users\JBNU\git\ConstraintsRecovery\assets\tankwar\asset40",30,39,"C:\Users\JBNU\git\ConstraintsRecovery\assets\tankwar\asset40:ELIF:29-30","TankWar_P1","RESOLVED_INTERNAL"
"E397","G10","TankWar_P1|TankWar_P4|TankWar_P5","CONSTRUCTOR","Maler$$M_600","Maler$$M_600.Maler$$M_600","C:\Users\JBNU\git\ConstraintsRecovery\assets\tankwar\asset40",32,34,"C:\Users\JBNU\git\ConstraintsRecovery\assets\tankwar\asset40:IF:6-39","TankWar_P1|TankWar_P4|TankWar_P5","RESOLVED_INTERNAL"
"E398","G10","TankWar_P1|TankWar_P4|TankWar_P5","METHOD","gamesize","Maler$$M_600.gamesize","C:\Users\JBNU\git\ConstraintsRecovery\assets\tankwar\asset40",35,38,"C:\Users\JBNU\git\ConstraintsRecovery\assets\tankwar\asset40:IF:6-39","TankWar_P1|TankWar_P4|TankWar_P5","RESOLVED_INTERNAL"
"E399","G12","TankWar_P2","CLASS","Tank$$Mars","Tank$$Mars","C:\Users\JBNU\git\ConstraintsRecovery\assets\tankwar\asset41",11,48,"C:\Users\JBNU\git\ConstraintsRecovery\assets\tankwar\asset41:IF:9-11","TankWar_P2","RESOLVED_INTERNAL"
"E400","G17","TankWar_P3","CLASS","Tank$$Mars","Tank$$Mars","C:\Users\JBNU\git\ConstraintsRecovery\assets\tankwar\asset41",14,48,"C:\Users\JBNU\git\ConstraintsRecovery\assets\tankwar\asset41:ELIF:12-14","TankWar_P3","RESOLVED_INTERNAL"
"E401","G1","TankWar_P1","CLASS","Tank$$Mars","Tank$$Mars","C:\Users\JBNU\git\ConstraintsRecovery\assets\tankwar\asset41",16,48,"C:\Users\JBNU\git\ConstraintsRecovery\assets\tankwar\asset41:ELIF:15-16","TankWar_P1","RESOLVED_INTERNAL"
"E402","G3","TankWar_P1|TankWar_P2|TankWar_P3","FIELD","mars","Tank$$Mars.mars","C:\Users\JBNU\git\ConstraintsRecovery\assets\tankwar\asset41",18,18,"C:\Users\JBNU\git\ConstraintsRecovery\assets\tankwar\asset41:IF:6-48","TankWar_P1|TankWar_P2|TankWar_P3","RESOLVED_INTERNAL"
"E403","G3","TankWar_P1|TankWar_P2|TankWar_P3","FIELD","marsTimer","Tank$$Mars.marsTimer","C:\Users\JBNU\git\ConstraintsRecovery\assets\tankwar\asset41",19,19,"C:\Users\JBNU\git\ConstraintsRecovery\assets\tankwar\asset41:IF:6-48","TankWar_P1|TankWar_P2|TankWar_P3","RESOLVED_INTERNAL"
"E404","G3","TankWar_P1|TankWar_P2|TankWar_P3","CONSTRUCTOR","Tank$$Mars","Tank$$Mars.Tank$$Mars","C:\Users\JBNU\git\ConstraintsRecovery\assets\tankwar\asset41",20,22,"C:\Users\JBNU\git\ConstraintsRecovery\assets\tankwar\asset41:IF:6-48","TankWar_P1|TankWar_P2|TankWar_P3","RESOLVED_INTERNAL"
"E405","G3","TankWar_P1|TankWar_P2|TankWar_P3","METHOD","toolKontroller","Tank$$Mars.toolKontroller","C:\Users\JBNU\git\ConstraintsRecovery\assets\tankwar\asset41",23,32,"C:\Users\JBNU\git\ConstraintsRecovery\assets\tankwar\asset41:IF:6-48","TankWar_P1|TankWar_P2|TankWar_P3","RESOLVED_INTERNAL"
"E406","G3","TankWar_P1|TankWar_P2|TankWar_P3","METHOD","toolBehandeln","Tank$$Mars.toolBehandeln","C:\Users\JBNU\git\ConstraintsRecovery\assets\tankwar\asset41",33,41,"C:\Users\JBNU\git\ConstraintsRecovery\assets\tankwar\asset41:IF:6-48","TankWar_P1|TankWar_P2|TankWar_P3","RESOLVED_INTERNAL"
"E407","G3","TankWar_P1|TankWar_P2|TankWar_P3","METHOD","beschaedigen","Tank$$Mars.beschaedigen","C:\Users\JBNU\git\ConstraintsRecovery\assets\tankwar\asset41",42,47,"C:\Users\JBNU\git\ConstraintsRecovery\assets\tankwar\asset41:IF:6-48","TankWar_P1|TankWar_P2|TankWar_P3","RESOLVED_INTERNAL"
"E408","G21","TankWar_P4|TankWar_P5","CLASS","Tool$$Bombe","Tool$$Bombe","C:\Users\JBNU\git\ConstraintsRecovery\assets\tankwar\asset42",8,23,"C:\Users\JBNU\git\ConstraintsRecovery\assets\tankwar\asset42:IF:7-8","TankWar_P4|TankWar_P5","RESOLVED_INTERNAL"
"E409","G12","TankWar_P2","CLASS","Tool$$Bombe","Tool$$Bombe","C:\Users\JBNU\git\ConstraintsRecovery\assets\tankwar\asset42",10,23,"C:\Users\JBNU\git\ConstraintsRecovery\assets\tankwar\asset42:ELIF:9-10","TankWar_P2","RESOLVED_INTERNAL"
"E410","G16","TankWar_P2|TankWar_P4|TankWar_P5","CONSTRUCTOR","Tool$$Bombe","Tool$$Bombe.Tool$$Bombe","C:\Users\JBNU\git\ConstraintsRecovery\assets\tankwar\asset42",12,14,"C:\Users\JBNU\git\ConstraintsRecovery\assets\tankwar\asset42:IF:6-23","TankWar_P2|TankWar_P4|TankWar_P5","RESOLVED_INTERNAL"
"E411","G16","TankWar_P2|TankWar_P4|TankWar_P5","METHOD","init","Tool$$Bombe.init","C:\Users\JBNU\git\ConstraintsRecovery\assets\tankwar\asset42",15,22,"C:\Users\JBNU\git\ConstraintsRecovery\assets\tankwar\asset42:IF:6-23","TankWar_P2|TankWar_P4|TankWar_P5","RESOLVED_INTERNAL"
"E412","G22","TankWar_P5","CLASS","Tool$$Feuerkraft","Tool$$Feuerkraft","C:\Users\JBNU\git\ConstraintsRecovery\assets\tankwar\asset43",8,25,"C:\Users\JBNU\git\ConstraintsRecovery\assets\tankwar\asset43:IF:7-8","TankWar_P5","RESOLVED_INTERNAL"
"E413","G17","TankWar_P3","CLASS","Tool$$Feuerkraft","Tool$$Feuerkraft","C:\Users\JBNU\git\ConstraintsRecovery\assets\tankwar\asset43",10,25,"C:\Users\JBNU\git\ConstraintsRecovery\assets\tankwar\asset43:ELIF:9-10","TankWar_P3","RESOLVED_INTERNAL"
"E414","G1","TankWar_P1","CLASS","Tool$$Feuerkraft","Tool$$Feuerkraft","C:\Users\JBNU\git\ConstraintsRecovery\assets\tankwar\asset43",12,25,"C:\Users\JBNU\git\ConstraintsRecovery\assets\tankwar\asset43:ELIF:11-12","TankWar_P1","RESOLVED_INTERNAL"
"E415","G8","TankWar_P1|TankWar_P3|TankWar_P5","CONSTRUCTOR","Tool$$Feuerkraft","Tool$$Feuerkraft.Tool$$Feuerkraft","C:\Users\JBNU\git\ConstraintsRecovery\assets\tankwar\asset43",14,16,"C:\Users\JBNU\git\ConstraintsRecovery\assets\tankwar\asset43:IF:6-25","TankWar_P1|TankWar_P3|TankWar_P5","RESOLVED_INTERNAL"
"E416","G8","TankWar_P1|TankWar_P3|TankWar_P5","METHOD","init","Tool$$Feuerkraft.init","C:\Users\JBNU\git\ConstraintsRecovery\assets\tankwar\asset43",17,24,"C:\Users\JBNU\git\ConstraintsRecovery\assets\tankwar\asset43:IF:6-25","TankWar_P1|TankWar_P3|TankWar_P5","RESOLVED_INTERNAL"
"E417","G1","TankWar_P1","CLASS","Tool$$einfrieren","Tool$$einfrieren","C:\Users\JBNU\git\ConstraintsRecovery\assets\tankwar\asset44",8,23,"C:\Users\JBNU\git\ConstraintsRecovery\assets\tankwar\asset44:IF:7-8","TankWar_P1","RESOLVED_INTERNAL"
"E418","G13","TankWar_P2|TankWar_P3","CLASS","Tool$$einfrieren","Tool$$einfrieren","C:\Users\JBNU\git\ConstraintsRecovery\assets\tankwar\asset44",10,23,"C:\Users\JBNU\git\ConstraintsRecovery\assets\tankwar\asset44:ELIF:9-10","TankWar_P2|TankWar_P3","RESOLVED_INTERNAL"
"E419","G3","TankWar_P1|TankWar_P2|TankWar_P3","CONSTRUCTOR","Tool$$einfrieren","Tool$$einfrieren.Tool$$einfrieren","C:\Users\JBNU\git\ConstraintsRecovery\assets\tankwar\asset44",12,14,"C:\Users\JBNU\git\ConstraintsRecovery\assets\tankwar\asset44:IF:6-23","TankWar_P1|TankWar_P2|TankWar_P3","RESOLVED_INTERNAL"
"E420","G3","TankWar_P1|TankWar_P2|TankWar_P3","METHOD","init","Tool$$einfrieren.init","C:\Users\JBNU\git\ConstraintsRecovery\assets\tankwar\asset44",15,22,"C:\Users\JBNU\git\ConstraintsRecovery\assets\tankwar\asset44:IF:6-23","TankWar_P1|TankWar_P2|TankWar_P3","RESOLVED_INTERNAL"
"E421","G15","TankWar_P2|TankWar_P4","CLASS","Missile$$Image","Missile$$Image","C:\Users\JBNU\git\ConstraintsRecovery\assets\tankwar\asset45",9,38,"C:\Users\JBNU\git\ConstraintsRecovery\assets\tankwar\asset45:IF:8-9","TankWar_P2|TankWar_P4","RESOLVED_INTERNAL"
"E422","G17","TankWar_P3","CLASS","Missile$$Image","Missile$$Image","C:\Users\JBNU\git\ConstraintsRecovery\assets\tankwar\asset45",11,38,"C:\Users\JBNU\git\ConstraintsRecovery\assets\tankwar\asset45:ELIF:10-11","TankWar_P3","RESOLVED_INTERNAL"
"E423","G14","TankWar_P2|TankWar_P3|TankWar_P4","CONSTRUCTOR","Missile$$Image","Missile$$Image.Missile$$Image","C:\Users\JBNU\git\ConstraintsRecovery\assets\tankwar\asset45",13,15,"C:\Users\JBNU\git\ConstraintsRecovery\assets\tankwar\asset45:IF:6-38","TankWar_P2|TankWar_P3|TankWar_P4","RESOLVED_INTERNAL"
"E424","G14","TankWar_P2|TankWar_P3|TankWar_P4","METHOD","malen","Missile$$Image.malen","C:\Users\JBNU\git\ConstraintsRecovery\assets\tankwar\asset45",16,37,"C:\Users\JBNU\git\ConstraintsRecovery\assets\tankwar\asset45:IF:6-38","TankWar_P2|TankWar_P3|TankWar_P4","RESOLVED_INTERNAL"
"E425","G1","TankWar_P1","CLASS","Tank$$einfrieren","Tank$$einfrieren","C:\Users\JBNU\git\ConstraintsRecovery\assets\tankwar\asset46",10,50,"C:\Users\JBNU\git\ConstraintsRecovery\assets\tankwar\asset46:IF:9-10","TankWar_P1","RESOLVED_INTERNAL"
"E426","G13","TankWar_P2|TankWar_P3","CLASS","Tank$$einfrieren","Tank$$einfrieren","C:\Users\JBNU\git\ConstraintsRecovery\assets\tankwar\asset46",13,50,"C:\Users\JBNU\git\ConstraintsRecovery\assets\tankwar\asset46:ELIF:11-13","TankWar_P2|TankWar_P3","RESOLVED_INTERNAL"
"E427","G3","TankWar_P1|TankWar_P2|TankWar_P3","FIELD","einfrierenTimer","Tank$$einfrieren.einfrierenTimer","C:\Users\JBNU\git\ConstraintsRecovery\assets\tankwar\asset46",15,15,"C:\Users\JBNU\git\ConstraintsRecovery\assets\tankwar\asset46:IF:6-50","TankWar_P1|TankWar_P2|TankWar_P3","RESOLVED_INTERNAL"
"E428","G3","TankWar_P1|TankWar_P2|TankWar_P3","FIELD","einfrieren","Tank$$einfrieren.einfrieren","C:\Users\JBNU\git\ConstraintsRecovery\assets\tankwar\asset46",16,16,"C:\Users\JBNU\git\ConstraintsRecovery\assets\tankwar\asset46:IF:6-50","TankWar_P1|TankWar_P2|TankWar_P3","RESOLVED_INTERNAL"
"E429","G3","TankWar_P1|TankWar_P2|TankWar_P3","CONSTRUCTOR","Tank$$einfrieren","Tank$$einfrieren.Tank$$einfrieren","C:\Users\JBNU\git\ConstraintsRecovery\assets\tankwar\asset46",17,19,"C:\Users\JBNU\git\ConstraintsRecovery\assets\tankwar\asset46:IF:6-50","TankWar_P1|TankWar_P2|TankWar_P3","RESOLVED_INTERNAL"
"E430","G3","TankWar_P1|TankWar_P2|TankWar_P3","METHOD","toolKontroller","Tank$$einfrieren.toolKontroller","C:\Users\JBNU\git\ConstraintsRecovery\assets\tankwar\asset46",20,35,"C:\Users\JBNU\git\ConstraintsRecovery\assets\tankwar\asset46:IF:6-50","TankWar_P1|TankWar_P2|TankWar_P3","RESOLVED_INTERNAL"
"E431","G3","TankWar_P1|TankWar_P2|TankWar_P3","METHOD","toolBehandeln","Tank$$einfrieren.toolBehandeln","C:\Users\JBNU\git\ConstraintsRecovery\assets\tankwar\asset46",36,49,"C:\Users\JBNU\git\ConstraintsRecovery\assets\tankwar\asset46:IF:6-50","TankWar_P1|TankWar_P2|TankWar_P3","RESOLVED_INTERNAL"
"E432","G14","TankWar_P2|TankWar_P3|TankWar_P4","CLASS","SoundPlayer","SoundPlayer","C:\Users\JBNU\git\ConstraintsRecovery\assets\tankwar\asset47",9,53,"C:\Users\JBNU\git\ConstraintsRecovery\assets\tankwar\asset47:IF:6-53","TankWar_P2|TankWar_P3|TankWar_P4","RESOLVED_INTERNAL"
"E433","G14","TankWar_P2|TankWar_P3|TankWar_P4","FIELD","instance","SoundPlayer.instance","C:\Users\JBNU\git\ConstraintsRecovery\assets\tankwar\asset47",10,10,"C:\Users\JBNU\git\ConstraintsRecovery\assets\tankwar\asset47:IF:6-53","TankWar_P2|TankWar_P3|TankWar_P4","RESOLVED_INTERNAL"
"E434","G14","TankWar_P2|TankWar_P3|TankWar_P4","FIELD","inputStream","SoundPlayer.inputStream","C:\Users\JBNU\git\ConstraintsRecovery\assets\tankwar\asset47",11,11,"C:\Users\JBNU\git\ConstraintsRecovery\assets\tankwar\asset47:IF:6-53","TankWar_P2|TankWar_P3|TankWar_P4","RESOLVED_INTERNAL"
"E435","G14","TankWar_P2|TankWar_P3|TankWar_P4","METHOD","getInstance","SoundPlayer.getInstance","C:\Users\JBNU\git\ConstraintsRecovery\assets\tankwar\asset47",12,17,"C:\Users\JBNU\git\ConstraintsRecovery\assets\tankwar\asset47:IF:6-53","TankWar_P2|TankWar_P3|TankWar_P4","RESOLVED_INTERNAL"
"E436","G14","TankWar_P2|TankWar_P3|TankWar_P4","METHOD","playBgSound","SoundPlayer.playBgSound","C:\Users\JBNU\git\ConstraintsRecovery\assets\tankwar\asset47",18,21,"C:\Users\JBNU\git\ConstraintsRecovery\assets\tankwar\asset47:IF:6-53","TankWar_P2|TankWar_P3|TankWar_P4","RESOLVED_INTERNAL"
"E437","G14","TankWar_P2|TankWar_P3|TankWar_P4","METHOD","playFireSound","SoundPlayer.playFireSound","C:\Users\JBNU\git\ConstraintsRecovery\assets\tankwar\asset47",22,25,"C:\Users\JBNU\git\ConstraintsRecovery\assets\tankwar\asset47:IF:6-53","TankWar_P2|TankWar_P3|TankWar_P4","RESOLVED_INTERNAL"
"E438","G14","TankWar_P2|TankWar_P3|TankWar_P4","METHOD","playExplodeSound","SoundPlayer.playExplodeSound","C:\Users\JBNU\git\ConstraintsRecovery\assets\tankwar\asset47",26,29,"C:\Users\JBNU\git\ConstraintsRecovery\assets\tankwar\asset47:IF:6-53","TankWar_P2|TankWar_P3|TankWar_P4","RESOLVED_INTERNAL"
"E439","G14","TankWar_P2|TankWar_P3|TankWar_P4","METHOD","playMoveSound","SoundPlayer.playMoveSound","C:\Users\JBNU\git\ConstraintsRecovery\assets\tankwar\asset47",30,33,"C:\Users\JBNU\git\ConstraintsRecovery\assets\tankwar\asset47:IF:6-53","TankWar_P2|TankWar_P3|TankWar_P4","RESOLVED_INTERNAL"
"E440","G14","TankWar_P2|TankWar_P3|TankWar_P4","METHOD","playRogerSound","SoundPlayer.playRogerSound","C:\Users\JBNU\git\ConstraintsRecovery\assets\tankwar\asset47",34,37,"C:\Users\JBNU\git\ConstraintsRecovery\assets\tankwar\asset47:IF:6-53","TankWar_P2|TankWar_P3|TankWar_P4","RESOLVED_INTERNAL"
"E441","G14","TankWar_P2|TankWar_P3|TankWar_P4","METHOD","playYessirSound","SoundPlayer.playYessirSound","C:\Users\JBNU\git\ConstraintsRecovery\assets\tankwar\asset47",38,41,"C:\Users\JBNU\git\ConstraintsRecovery\assets\tankwar\asset47:IF:6-53","TankWar_P2|TankWar_P3|TankWar_P4","RESOLVED_INTERNAL"
"E442","G14","TankWar_P2|TankWar_P3|TankWar_P4","METHOD","playYeahSound","SoundPlayer.playYeahSound","C:\Users\JBNU\git\ConstraintsRecovery\assets\tankwar\asset47",42,45,"C:\Users\JBNU\git\ConstraintsRecovery\assets\tankwar\asset47:IF:6-53","TankWar_P2|TankWar_P3|TankWar_P4","RESOLVED_INTERNAL"
"E443","G14","TankWar_P2|TankWar_P3|TankWar_P4","METHOD","playEatSound","SoundPlayer.playEatSound","C:\Users\JBNU\git\ConstraintsRecovery\assets\tankwar\asset47",46,49,"C:\Users\JBNU\git\ConstraintsRecovery\assets\tankwar\asset47:IF:6-53","TankWar_P2|TankWar_P3|TankWar_P4","RESOLVED_INTERNAL"
"E444","G14","TankWar_P2|TankWar_P3|TankWar_P4","METHOD","stopSound","SoundPlayer.stopSound","C:\Users\JBNU\git\ConstraintsRecovery\assets\tankwar\asset47",50,52,"C:\Users\JBNU\git\ConstraintsRecovery\assets\tankwar\asset47:IF:6-53","TankWar_P2|TankWar_P3|TankWar_P4","RESOLVED_INTERNAL"
"E445","G12","TankWar_P2","CLASS","Tank$$Sound_fuer_pc","Tank$$Sound_fuer_pc","C:\Users\JBNU\git\ConstraintsRecovery\assets\tankwar\asset48",11,58,"C:\Users\JBNU\git\ConstraintsRecovery\assets\tankwar\asset48:IF:10-11","TankWar_P2","RESOLVED_INTERNAL"
"E446","G18","TankWar_P3|TankWar_P4","CLASS","Tank$$Sound_fuer_pc","Tank$$Sound_fuer_pc","C:\Users\JBNU\git\ConstraintsRecovery\assets\tankwar\asset48",13,58,"C:\Users\JBNU\git\ConstraintsRecovery\assets\tankwar\asset48:ELIF:12-13","TankWar_P3|TankWar_P4","RESOLVED_INTERNAL"
"E447","G14","TankWar_P2|TankWar_P3|TankWar_P4","CONSTRUCTOR","Tank$$Sound_fuer_pc","Tank$$Sound_fuer_pc.Tank$$Sound_fuer_pc","C:\Users\JBNU\git\ConstraintsRecovery\assets\tankwar\asset48",15,17,"C:\Users\JBNU\git\ConstraintsRecovery\assets\tankwar\asset48:IF:6-58","TankWar_P2|TankWar_P3|TankWar_P4","RESOLVED_INTERNAL"
"E448","G14","TankWar_P2|TankWar_P3|TankWar_P4","METHOD","keyPressBehandeln","Tank$$Sound_fuer_pc.keyPressBehandeln","C:\Users\JBNU\git\ConstraintsRecovery\assets\tankwar\asset48",18,41,"C:\Users\JBNU\git\ConstraintsRecovery\assets\tankwar\asset48:IF:6-58","TankWar_P2|TankWar_P3|TankWar_P4","RESOLVED_INTERNAL"
"E449","G14","TankWar_P2|TankWar_P3|TankWar_P4","METHOD","explodieren","Tank$$Sound_fuer_pc.explodieren","C:\Users\JBNU\git\ConstraintsRecovery\assets\tankwar\asset48",42,49,"C:\Users\JBNU\git\ConstraintsRecovery\assets\tankwar\asset48:IF:6-58","TankWar_P2|TankWar_P3|TankWar_P4","RESOLVED_INTERNAL"
"E450","G14","TankWar_P2|TankWar_P3|TankWar_P4","METHOD","toolBehandeln","Tank$$Sound_fuer_pc.toolBehandeln","C:\Users\JBNU\git\ConstraintsRecovery\assets\tankwar\asset48",50,57,"C:\Users\JBNU\git\ConstraintsRecovery\assets\tankwar\asset48:IF:6-58","TankWar_P2|TankWar_P3|TankWar_P4","RESOLVED_INTERNAL"
"E451","G19","TankWar_P3|TankWar_P5","CLASS","ExplodierenEffekt$$explodieren","ExplodierenEffekt$$explodieren","C:\Users\JBNU\git\ConstraintsRecovery\assets\tankwar\asset49",6,132,"C:\Users\JBNU\git\ConstraintsRecovery\assets\tankwar\asset49:IF:5-132","TankWar_P3|TankWar_P5","RESOLVED_INTERNAL"
"E452","G19","TankWar_P3|TankWar_P5","FIELD","i","ExplodierenEffekt$$explodieren.i","C:\Users\JBNU\git\ConstraintsRecovery\assets\tankwar\asset49",7,7,"C:\Users\JBNU\git\ConstraintsRecovery\assets\tankwar\asset49:IF:5-132","TankWar_P3|TankWar_P5","RESOLVED_INTERNAL"
"E453","G19","TankWar_P3|TankWar_P5","FIELD","x","ExplodierenEffekt$$explodieren.x","C:\Users\JBNU\git\ConstraintsRecovery\assets\tankwar\asset49",8,8,"C:\Users\JBNU\git\ConstraintsRecovery\assets\tankwar\asset49:IF:5-132","TankWar_P3|TankWar_P5","RESOLVED_INTERNAL"
"E454","G19","TankWar_P3|TankWar_P5","FIELD","y","ExplodierenEffekt$$explodieren.y","C:\Users\JBNU\git\ConstraintsRecovery\assets\tankwar\asset49",8,8,"C:\Users\JBNU\git\ConstraintsRecovery\assets\tankwar\asset49:IF:5-132","TankWar_P3|TankWar_P5","RESOLVED_INTERNAL"
"E455","G19","TankWar_P3|TankWar_P5","FIELD","koernigKeit","ExplodierenEffekt$$explodieren.koernigKeit","C:\Users\JBNU\git\ConstraintsRecovery\assets\tankwar\asset49",9,9,"C:\Users\JBNU\git\ConstraintsRecovery\assets\tankwar\asset49:IF:5-132","TankWar_P3|TankWar_P5","RESOLVED_INTERNAL"
"E456","G19","TankWar_P3|TankWar_P5","FIELD","step","ExplodierenEffekt$$explodieren.step","C:\Users\JBNU\git\ConstraintsRecovery\assets\tankwar\asset49",10,10,"C:\Users\JBNU\git\ConstraintsRecovery\assets\tankwar\asset49:IF:5-132","TankWar_P3|TankWar_P5","RESOLVED_INTERNAL"
"E457","G19","TankWar_P3|TankWar_P5","CONSTRUCTOR","ExplodierenEffekt$$explodieren","ExplodierenEffekt$$explodieren.ExplodierenEffekt$$explodieren","C:\Users\JBNU\git\ConstraintsRecovery\assets\tankwar\asset49",11,13,"C:\Users\JBNU\git\ConstraintsRecovery\assets\tankwar\asset49:IF:5-132","TankWar_P3|TankWar_P5","RESOLVED_INTERNAL"
"E458","G19","TankWar_P3|TankWar_P5","METHOD","init","ExplodierenEffekt$$explodieren.init","C:\Users\JBNU\git\ConstraintsRecovery\assets\tankwar\asset49",14,47,"C:\Users\JBNU\git\ConstraintsRecovery\assets\tankwar\asset49:IF:5-132","TankWar_P3|TankWar_P5","RESOLVED_INTERNAL"
"E459","G19","TankWar_P3|TankWar_P5","METHOD","malen","ExplodierenEffekt$$explodieren.malen","C:\Users\JBNU\git\ConstraintsRecovery\assets\tankwar\asset49",48,72,"C:\Users\JBNU\git\ConstraintsRecovery\assets\tankwar\asset49:IF:5-132","TankWar_P3|TankWar_P5","RESOLVED_INTERNAL"
"E460","G19","TankWar_P3|TankWar_P5","METHOD","fillTriangle","ExplodierenEffekt$$explodieren.fillTriangle","C:\Users\JBNU\git\ConstraintsRecovery\assets\tankwar\asset49",73,128,"C:\Users\JBNU\git\ConstraintsRecovery\assets\tankwar\asset49:IF:5-132","TankWar_P3|TankWar_P5","RESOLVED_INTERNAL"
"E461","G19","TankWar_P3|TankWar_P5","METHOD","explodieren","ExplodierenEffekt$$explodieren.explodieren","C:\Users\JBNU\git\ConstraintsRecovery\assets\tankwar\asset49",129,131,"C:\Users\JBNU\git\ConstraintsRecovery\assets\tankwar\asset49:IF:5-132","TankWar_P3|TankWar_P5","RESOLVED_INTERNAL"
"E462","G4","TankWar_P1|TankWar_P2|TankWar_P3|TankWar_P4|TankWar_P5","CLASS","Wall","Wall","C:\Users\JBNU\git\ConstraintsRecovery\assets\tankwar\asset5",10,22,"C:\Users\JBNU\git\ConstraintsRecovery\assets\tankwar\asset5:IF:8-22","TankWar_P1|TankWar_P2|TankWar_P3|TankWar_P4|TankWar_P5","RESOLVED_INTERNAL"
"E463","G4","TankWar_P1|TankWar_P2|TankWar_P3|TankWar_P4|TankWar_P5","CONSTRUCTOR","Wall","Wall.Wall","C:\Users\JBNU\git\ConstraintsRecovery\assets\tankwar\asset5",11,13,"C:\Users\JBNU\git\ConstraintsRecovery\assets\tankwar\asset5:IF:8-22","TankWar_P1|TankWar_P2|TankWar_P3|TankWar_P4|TankWar_P5","RESOLVED_INTERNAL"
"E464","G4","TankWar_P1|TankWar_P2|TankWar_P3|TankWar_P4|TankWar_P5","METHOD","malen","Wall.malen","C:\Users\JBNU\git\ConstraintsRecovery\assets\tankwar\asset5",14,21,"C:\Users\JBNU\git\ConstraintsRecovery\assets\tankwar\asset5:IF:8-22","TankWar_P1|TankWar_P2|TankWar_P3|TankWar_P4|TankWar_P5","RESOLVED_INTERNAL"
"E465","G20","TankWar_P4","CLASS","TankManager$$Energie","TankManager$$Energie","C:\Users\JBNU\git\ConstraintsRecovery\assets\tankwar\asset50",10,21,"C:\Users\JBNU\git\ConstraintsRecovery\assets\tankwar\asset50:IF:8-10","TankWar_P4","RESOLVED_INTERNAL"
"E466","G1","TankWar_P1","CLASS","TankManager$$Energie","TankManager$$Energie","C:\Users\JBNU\git\ConstraintsRecovery\assets\tankwar\asset50",12,21,"C:\Users\JBNU\git\ConstraintsRecovery\assets\tankwar\asset50:ELIF:11-12","TankWar_P1","RESOLVED_INTERNAL"
"E467","G9","TankWar_P1|TankWar_P4","CONSTRUCTOR","TankManager$$Energie","TankManager$$Energie.TankManager$$Energie","C:\Users\JBNU\git\ConstraintsRecovery\assets\tankwar\asset50",14,16,"C:\Users\JBNU\git\ConstraintsRecovery\assets\tankwar\asset50:IF:5-21","TankWar_P1|TankWar_P4","RESOLVED_INTERNAL"
"E468","G9","TankWar_P1|TankWar_P4","METHOD","toolsLaden","TankManager$$Energie.toolsLaden","C:\Users\JBNU\git\ConstraintsRecovery\assets\tankwar\asset50",17,20,"C:\Users\JBNU\git\ConstraintsRecovery\assets\tankwar\asset50:IF:5-21","TankWar_P1|TankWar_P4","RESOLVED_INTERNAL"
"E469","G12","TankWar_P2","CLASS","Maler$$USA_M1Abrams","Maler$$USA_M1Abrams","C:\Users\JBNU\git\ConstraintsRecovery\assets\tankwar\asset51",24,39,"C:\Users\JBNU\git\ConstraintsRecovery\assets\tankwar\asset51:IF:23-24","TankWar_P2","RESOLVED_INTERNAL"
"E470","G1","TankWar_P1","CLASS","Maler$$USA_M1Abrams","Maler$$USA_M1Abrams","C:\Users\JBNU\git\ConstraintsRecovery\assets\tankwar\asset51",27,39,"C:\Users\JBNU\git\ConstraintsRecovery\assets\tankwar\asset51:ELIF:25-27","TankWar_P1","RESOLVED_INTERNAL"
"E471","G2","TankWar_P1|TankWar_P2","CONSTRUCTOR","Maler$$USA_M1Abrams","Maler$$USA_M1Abrams.Maler$$USA_M1Abrams","C:\Users\JBNU\git\ConstraintsRecovery\assets\tankwar\asset51",29,31,"C:\Users\JBNU\git\ConstraintsRecovery\assets\tankwar\asset51:IF:5-39","TankWar_P1|TankWar_P2","RESOLVED_INTERNAL"
"E472","G2","TankWar_P1|TankWar_P2","METHOD","tankErstellen","Maler$$USA_M1Abrams.tankErstellen","C:\Users\JBNU\git\ConstraintsRecovery\assets\tankwar\asset51",32,38,"C:\Users\JBNU\git\ConstraintsRecovery\assets\tankwar\asset51:IF:5-39","TankWar_P1|TankWar_P2","RESOLVED_INTERNAL"
"E473","G13","TankWar_P2|TankWar_P3","CLASS","Tank$$Beschleunigung","Tank$$Beschleunigung","C:\Users\JBNU\git\ConstraintsRecovery\assets\tankwar\asset52",9,39,"C:\Users\JBNU\git\ConstraintsRecovery\assets\tankwar\asset52:IF:5-39","TankWar_P2|TankWar_P3","RESOLVED_INTERNAL"
"E474","G13","TankWar_P2|TankWar_P3","FIELD","beschleunigungTimer","Tank$$Beschleunigung.beschleunigungTimer","C:\Users\JBNU\git\ConstraintsRecovery\assets\tankwar\asset52",10,10,"C:\Users\JBNU\git\ConstraintsRecovery\assets\tankwar\asset52:IF:5-39","TankWar_P2|TankWar_P3","RESOLVED_INTERNAL"
"E475","G13","TankWar_P2|TankWar_P3","FIELD","beschleunigung","Tank$$Beschleunigung.beschleunigung","C:\Users\JBNU\git\ConstraintsRecovery\assets\tankwar\asset52",11,11,"C:\Users\JBNU\git\ConstraintsRecovery\assets\tankwar\asset52:IF:5-39","TankWar_P2|TankWar_P3","RESOLVED_INTERNAL"
"E476","G13","TankWar_P2|TankWar_P3","CONSTRUCTOR","Tank$$Beschleunigung","Tank$$Beschleunigung.Tank$$Beschleunigung","C:\Users\JBNU\git\ConstraintsRecovery\assets\tankwar\asset52",12,14,"C:\Users\JBNU\git\ConstraintsRecovery\assets\tankwar\asset52:IF:5-39","TankWar_P2|TankWar_P3","RESOLVED_INTERNAL"
"E477","G13","TankWar_P2|TankWar_P3","METHOD","toolKontroller","Tank$$Beschleunigung.toolKontroller","C:\Users\JBNU\git\ConstraintsRecovery\assets\tankwar\asset52",15,26,"C:\Users\JBNU\git\ConstraintsRecovery\assets\tankwar\asset52:IF:5-39","TankWar_P2|TankWar_P3","RESOLVED_INTERNAL"
"E478","G13","TankWar_P2|TankWar_P3","METHOD","toolBehandeln","Tank$$Beschleunigung.toolBehandeln","C:\Users\JBNU\git\ConstraintsRecovery\assets\tankwar\asset52",27,38,"C:\Users\JBNU\git\ConstraintsRecovery\assets\tankwar\asset52:IF:5-39","TankWar_P2|TankWar_P3","RESOLVED_INTERNAL"
"E479","G20","TankWar_P4","CLASS","Tank$$Energie","Tank$$Energie","C:\Users\JBNU\git\ConstraintsRecovery\assets\tankwar\asset53",10,25,"C:\Users\JBNU\git\ConstraintsRecovery\assets\tankwar\asset53:IF:8-10","TankWar_P4","RESOLVED_INTERNAL"
"E480","G1","TankWar_P1","CLASS","Tank$$Energie","Tank$$Energie","C:\Users\JBNU\git\ConstraintsRecovery\assets\tankwar\asset53",12,25,"C:\Users\JBNU\git\ConstraintsRecovery\assets\tankwar\asset53:ELIF:11-12","TankWar_P1","RESOLVED_INTERNAL"
"E481","G9","TankWar_P1|TankWar_P4","CONSTRUCTOR","Tank$$Energie","Tank$$Energie.Tank$$Energie","C:\Users\JBNU\git\ConstraintsRecovery\assets\tankwar\asset53",14,16,"C:\Users\JBNU\git\ConstraintsRecovery\assets\tankwar\asset53:IF:5-25","TankWar_P1|TankWar_P4","RESOLVED_INTERNAL"
"E482","G9","TankWar_P1|TankWar_P4","METHOD","toolBehandeln","Tank$$Energie.toolBehandeln","C:\Users\JBNU\git\ConstraintsRecovery\assets\tankwar\asset53",17,24,"C:\Users\JBNU\git\ConstraintsRecovery\assets\tankwar\asset53:IF:5-25","TankWar_P1|TankWar_P4","RESOLVED_INTERNAL"
"E483","G17","TankWar_P3","CLASS","TankManager$$explodieren","TankManager$$explodieren","C:\Users\JBNU\git\ConstraintsRecovery\assets\tankwar\asset54",12,26,"C:\Users\JBNU\git\ConstraintsRecovery\assets\tankwar\asset54:IF:11-12","TankWar_P3","RESOLVED_INTERNAL"
"E484","G22","TankWar_P5","CLASS","TankManager$$explodieren","TankManager$$explodieren","C:\Users\JBNU\git\ConstraintsRecovery\assets\tankwar\asset54",14,26,"C:\Users\JBNU\git\ConstraintsRecovery\assets\tankwar\asset54:ELIF:13-14","TankWar_P5","RESOLVED_INTERNAL"
"E485","G19","TankWar_P3|TankWar_P5","FIELD","expEffekt","TankManager$$explodieren.expEffekt","C:\Users\JBNU\git\ConstraintsRecovery\assets\tankwar\asset54",16,16,"C:\Users\JBNU\git\ConstraintsRecovery\assets\tankwar\asset54:IF:5-26","TankWar_P3|TankWar_P5","RESOLVED_INTERNAL"
"E486","G19","TankWar_P3|TankWar_P5","CONSTRUCTOR","TankManager$$explodieren","TankManager$$explodieren.TankManager$$explodieren","C:\Users\JBNU\git\ConstraintsRecovery\assets\tankwar\asset54",17,19,"C:\Users\JBNU\git\ConstraintsRecovery\assets\tankwar\asset54:IF:5-26","TankWar_P3|TankWar_P5","RESOLVED_INTERNAL"
"E487","G19","TankWar_P3|TankWar_P5","METHOD","komponenteMalen","TankManager$$explodieren.komponenteMalen","C:\Users\JBNU\git\ConstraintsRecovery\assets\tankwar\asset54",20,25,"C:\Users\JBNU\git\ConstraintsRecovery\assets\tankwar\asset54:IF:5-26","TankWar_P3|TankWar_P5","RESOLVED_INTERNAL"
"E488","G19","TankWar_P3|TankWar_P5","CLASS","ExplodierenEffekt","ExplodierenEffekt","C:\Users\JBNU\git\ConstraintsRecovery\assets\tankwar\asset55",6,35,"C:\Users\JBNU\git\ConstraintsRecovery\assets\tankwar\asset55:IF:5-35","TankWar_P3|TankWar_P5","RESOLVED_INTERNAL"
"E489","G19","TankWar_P3|TankWar_P5","FIELD","init","ExplodierenEffekt.init","C:\Users\JBNU\git\ConstraintsRecovery\assets\tankwar\asset55",7,7,"C:\Users\JBNU\git\ConstraintsRecovery\assets\tankwar\asset55:IF:5-35","TankWar_P3|TankWar_P5","RESOLVED_INTERNAL"
"E490","G19","TankWar_P3|TankWar_P5","FIELD","live","ExplodierenEffekt.live","C:\Users\JBNU\git\ConstraintsRecovery\assets\tankwar\asset55",8,8,"C:\Users\JBNU\git\ConstraintsRecovery\assets\tankwar\asset55:IF:5-35","TankWar_P3|TankWar_P5","RESOLVED_INTERNAL"
"E491","G19","TankWar_P3|TankWar_P5","FIELD","step","ExplodierenEffekt.step","C:\Users\JBNU\git\ConstraintsRecovery\assets\tankwar\asset55",9,9,"C:\Users\JBNU\git\ConstraintsRecovery\assets\tankwar\asset55:IF:5-35","TankWar_P3|TankWar_P5","RESOLVED_INTERNAL"
"E492","G19","TankWar_P3|TankWar_P5","CONSTRUCTOR","ExplodierenEffekt","ExplodierenEffekt.ExplodierenEffekt","C:\Users\JBNU\git\ConstraintsRecovery\assets\tankwar\asset55",10,12,"C:\Users\JBNU\git\ConstraintsRecovery\assets\tankwar\asset55:IF:5-35","TankWar_P3|TankWar_P5","RESOLVED_INTERNAL"
"E493","G19","TankWar_P3|TankWar_P5","METHOD","malen","ExplodierenEffekt.malen","C:\Users\JBNU\git\ConstraintsRecovery\assets\tankwar\asset55",13,34,"C:\Users\JBNU\git\ConstraintsRecovery\assets\tankwar\asset55:IF:5-35","TankWar_P3|TankWar_P5","RESOLVED_INTERNAL"
"E494","G13","TankWar_P2|TankWar_P3","CLASS","Maler$$Beschleunigung","Maler$$Beschleunigung","C:\Users\JBNU\git\ConstraintsRecovery\assets\tankwar\asset56",26,34,"C:\Users\JBNU\git\ConstraintsRecovery\assets\tankwar\asset56:IF:5-34","TankWar_P2|TankWar_P3","RESOLVED_INTERNAL"
"E495","G13","TankWar_P2|TankWar_P3","CONSTRUCTOR","Maler$$Beschleunigung","Maler$$Beschleunigung.Maler$$Beschleunigung","C:\Users\JBNU\git\ConstraintsRecovery\assets\tankwar\asset56",27,29,"C:\Users\JBNU\git\ConstraintsRecovery\assets\tankwar\asset56:IF:5-34","TankWar_P2|TankWar_P3","RESOLVED_INTERNAL"
"E496","G13","TankWar_P2|TankWar_P3","METHOD","helpItemErstellen","Maler$$Beschleunigung.helpItemErstellen","C:\Users\JBNU\git\ConstraintsRecovery\assets\tankwar\asset56",30,33,"C:\Users\JBNU\git\ConstraintsRecovery\assets\tankwar\asset56:IF:5-34","TankWar_P2|TankWar_P3","RESOLVED_INTERNAL"
"E497","G1","TankWar_P1","CLASS","Tool$$Energie","Tool$$Energie","C:\Users\JBNU\git\ConstraintsRecovery\assets\tankwar\asset57",7,22,"C:\Users\JBNU\git\ConstraintsRecovery\assets\tankwar\asset57:IF:6-7","TankWar_P1","RESOLVED_INTERNAL"
"E498","G20","TankWar_P4","CLASS","Tool$$Energie","Tool$$Energie","C:\Users\JBNU\git\ConstraintsRecovery\assets\tankwar\asset57",9,22,"C:\Users\JBNU\git\ConstraintsRecovery\assets\tankwar\asset57:ELIF:8-9","TankWar_P4","RESOLVED_INTERNAL"
"E499","G9","TankWar_P1|TankWar_P4","CONSTRUCTOR","Tool$$Energie","Tool$$Energie.Tool$$Energie","C:\Users\JBNU\git\ConstraintsRecovery\assets\tankwar\asset57",11,13,"C:\Users\JBNU\git\ConstraintsRecovery\assets\tankwar\asset57:IF:5-22","TankWar_P1|TankWar_P4","RESOLVED_INTERNAL"
"E500","G9","TankWar_P1|TankWar_P4","METHOD","init","Tool$$Energie.init","C:\Users\JBNU\git\ConstraintsRecovery\assets\tankwar\asset57",14,21,"C:\Users\JBNU\git\ConstraintsRecovery\assets\tankwar\asset57:IF:5-22","TankWar_P1|TankWar_P4","RESOLVED_INTERNAL"
"E501","G17","TankWar_P3","CLASS","Tank$$explodieren","Tank$$explodieren","C:\Users\JBNU\git\ConstraintsRecovery\assets\tankwar\asset58",10,21,"C:\Users\JBNU\git\ConstraintsRecovery\assets\tankwar\asset58:IF:8-10","TankWar_P3","RESOLVED_INTERNAL"
"E502","G22","TankWar_P5","CLASS","Tank$$explodieren","Tank$$explodieren","C:\Users\JBNU\git\ConstraintsRecovery\assets\tankwar\asset58",12,21,"C:\Users\JBNU\git\ConstraintsRecovery\assets\tankwar\asset58:ELIF:11-12","TankWar_P5","RESOLVED_INTERNAL"
"E503","G19","TankWar_P3|TankWar_P5","CONSTRUCTOR","Tank$$explodieren","Tank$$explodieren.Tank$$explodieren","C:\Users\JBNU\git\ConstraintsRecovery\assets\tankwar\asset58",14,16,"C:\Users\JBNU\git\ConstraintsRecovery\assets\tankwar\asset58:IF:5-21","TankWar_P3|TankWar_P5","RESOLVED_INTERNAL"
"E504","G19","TankWar_P3|TankWar_P5","METHOD","explodieren","Tank$$explodieren.explodieren","C:\Users\JBNU\git\ConstraintsRecovery\assets\tankwar\asset58",17,20,"C:\Users\JBNU\git\ConstraintsRecovery\assets\tankwar\asset58:IF:5-21","TankWar_P3|TankWar_P5","RESOLVED_INTERNAL"
"E505","G13","TankWar_P2|TankWar_P3","CLASS","TankManager$$Beschleunigung","TankManager$$Beschleunigung","C:\Users\JBNU\git\ConstraintsRecovery\assets\tankwar\asset59",14,22,"C:\Users\JBNU\git\ConstraintsRecovery\assets\tankwar\asset59:IF:5-22","TankWar_P2|TankWar_P3","RESOLVED_INTERNAL"
"E506","G13","TankWar_P2|TankWar_P3","CONSTRUCTOR","TankManager$$Beschleunigung","TankManager$$Beschleunigung.TankManager$$Beschleunigung","C:\Users\JBNU\git\ConstraintsRecovery\assets\tankwar\asset59",15,17,"C:\Users\JBNU\git\ConstraintsRecovery\assets\tankwar\asset59:IF:5-22","TankWar_P2|TankWar_P3","RESOLVED_INTERNAL"
"E507","G13","TankWar_P2|TankWar_P3","METHOD","toolsLaden","TankManager$$Beschleunigung.toolsLaden","C:\Users\JBNU\git\ConstraintsRecovery\assets\tankwar\asset59",18,21,"C:\Users\JBNU\git\ConstraintsRecovery\assets\tankwar\asset59:IF:5-22","TankWar_P2|TankWar_P3","RESOLVED_INTERNAL"
"E508","G17","TankWar_P3","CLASS","Maler","Maler","C:\Users\JBNU\git\ConstraintsRecovery\assets\tankwar\asset6",28,52,"C:\Users\JBNU\git\ConstraintsRecovery\assets\tankwar\asset6:IF:26-28","TankWar_P3","RESOLVED_INTERNAL"
"E509","G1","TankWar_P1","CLASS","Maler","Maler","C:\Users\JBNU\git\ConstraintsRecovery\assets\tankwar\asset6",31,52,"C:\Users\JBNU\git\ConstraintsRecovery\assets\tankwar\asset6:ELIF:29-31","TankWar_P1","RESOLVED_INTERNAL"
"E510","G12","TankWar_P2","CLASS","Maler","Maler","C:\Users\JBNU\git\ConstraintsRecovery\assets\tankwar\asset6",33,52,"C:\Users\JBNU\git\ConstraintsRecovery\assets\tankwar\asset6:ELIF:32-33","TankWar_P2","RESOLVED_INTERNAL"
"E511","G21","TankWar_P4|TankWar_P5","CLASS","Maler","Maler","C:\Users\JBNU\git\ConstraintsRecovery\assets\tankwar\asset6",36,52,"C:\Users\JBNU\git\ConstraintsRecovery\assets\tankwar\asset6:ELIF:34-36","TankWar_P4|TankWar_P5","RESOLVED_INTERNAL"
"E512","G4","TankWar_P1|TankWar_P2|TankWar_P3|TankWar_P4|TankWar_P5","CONSTRUCTOR","Maler","Maler.Maler","C:\Users\JBNU\git\ConstraintsRecovery\assets\tankwar\asset6",38,40,"C:\Users\JBNU\git\ConstraintsRecovery\assets\tankwar\asset6:IF:8-52","TankWar_P1|TankWar_P2|TankWar_P3|TankWar_P4|TankWar_P5","RESOLVED_INTERNAL"
"E513","G4","TankWar_P1|TankWar_P2|TankWar_P3|TankWar_P4|TankWar_P5","METHOD","tankErstellen","Maler.tankErstellen","C:\Users\JBNU\git\ConstraintsRecovery\assets\tankwar\asset6",41,51,"C:\Users\JBNU\git\ConstraintsRecovery\assets\tankwar\asset6:IF:8-52","TankWar_P1|TankWar_P2|TankWar_P3|TankWar_P4|TankWar_P5","RESOLVED_INTERNAL"
"E514","G13","TankWar_P2|TankWar_P3","CLASS","Tool$$Beschleunigung","Tool$$Beschleunigung","C:\Users\JBNU\git\ConstraintsRecovery\assets\tankwar\asset60",6,18,"C:\Users\JBNU\git\ConstraintsRecovery\assets\tankwar\asset60:IF:5-18","TankWar_P2|TankWar_P3","RESOLVED_INTERNAL"
"E515","G13","TankWar_P2|TankWar_P3","CONSTRUCTOR","Tool$$Beschleunigung","Tool$$Beschleunigung.Tool$$Beschleunigung","C:\Users\JBNU\git\ConstraintsRecovery\assets\tankwar\asset60",7,9,"C:\Users\JBNU\git\ConstraintsRecovery\assets\tankwar\asset60:IF:5-18","TankWar_P2|TankWar_P3","RESOLVED_INTERNAL"
"E516","G13","TankWar_P2|TankWar_P3","METHOD","init","Tool$$Beschleunigung.init","C:\Users\JBNU\git\ConstraintsRecovery\assets\tankwar\asset60",10,17,"C:\Users\JBNU\git\ConstraintsRecovery\assets\tankwar\asset60:IF:5-18","TankWar_P2|TankWar_P3","RESOLVED_INTERNAL"
"E517","G17","TankWar_P3","CLASS","Maler$$Germany_Leopard","Maler$$Germany_Leopard","C:\Users\JBNU\git\ConstraintsRecovery\assets\tankwar\asset61",25,39,"C:\Users\JBNU\git\ConstraintsRecovery\assets\tankwar\asset61:IF:23-25","TankWar_P3","RESOLVED_INTERNAL"
"E518","G12","TankWar_P2","CLASS","Maler$$Germany_Leopard","Maler$$Germany_Leopard","C:\Users\JBNU\git\ConstraintsRecovery\assets\tankwar\asset61",27,39,"C:\Users\JBNU\git\ConstraintsRecovery\assets\tankwar\asset61:ELIF:26-27","TankWar_P2","RESOLVED_INTERNAL"
"E519","G13","TankWar_P2|TankWar_P3","CONSTRUCTOR","Maler$$Germany_Leopard","Maler$$Germany_Leopard.Maler$$Germany_Leopard","C:\Users\JBNU\git\ConstraintsRecovery\assets\tankwar\asset61",29,31,"C:\Users\JBNU\git\ConstraintsRecovery\assets\tankwar\asset61:IF:5-39","TankWar_P2|TankWar_P3","RESOLVED_INTERNAL"
"E520","G13","TankWar_P2|TankWar_P3","METHOD","tankErstellen","Maler$$Germany_Leopard.tankErstellen","C:\Users\JBNU\git\ConstraintsRecovery\assets\tankwar\asset61",32,38,"C:\Users\JBNU\git\ConstraintsRecovery\assets\tankwar\asset61:IF:5-39","TankWar_P2|TankWar_P3","RESOLVED_INTERNAL"
"E521","G1","TankWar_P1","CLASS","Maler$$Energie","Maler$$Energie","C:\Users\JBNU\git\ConstraintsRecovery\assets\tankwar\asset62",25,36,"C:\Users\JBNU\git\ConstraintsRecovery\assets\tankwar\asset62:IF:24-25","TankWar_P1","RESOLVED_INTERNAL"
"E522","G20","TankWar_P4","CLASS","Maler$$Energie","Maler$$Energie","C:\Users\JBNU\git\ConstraintsRecovery\assets\tankwar\asset62",27,36,"C:\Users\JBNU\git\ConstraintsRecovery\assets\tankwar\asset62:ELIF:26-27","TankWar_P4","RESOLVED_INTERNAL"
"E523","G9","TankWar_P1|TankWar_P4","CONSTRUCTOR","Maler$$Energie","Maler$$Energie.Maler$$Energie","C:\Users\JBNU\git\ConstraintsRecovery\assets\tankwar\asset62",29,31,"C:\Users\JBNU\git\ConstraintsRecovery\assets\tankwar\asset62:IF:5-36","TankWar_P1|TankWar_P4","RESOLVED_INTERNAL"
"E524","G9","TankWar_P1|TankWar_P4","METHOD","helpItemErstellen","Maler$$Energie.helpItemErstellen","C:\Users\JBNU\git\ConstraintsRecovery\assets\tankwar\asset62",32,35,"C:\Users\JBNU\git\ConstraintsRecovery\assets\tankwar\asset62:IF:5-36","TankWar_P1|TankWar_P4","RESOLVED_INTERNAL"
"E525","G19","TankWar_P3|TankWar_P5","CLASS","ExplodierenEffekt$$TankWar","ExplodierenEffekt$$TankWar","C:\Users\JBNU\git\ConstraintsRecovery\assets\tankwar\asset63",6,7,"C:\Users\JBNU\git\ConstraintsRecovery\assets\tankwar\asset63:IF:5-7","TankWar_P3|TankWar_P5","RESOLVED_INTERNAL"
"E526","G19","TankWar_P3|TankWar_P5","CLASS","Missile$$explodieren","Missile$$explodieren","C:\Users\JBNU\git\ConstraintsRecovery\assets\tankwar\asset64",9,17,"C:\Users\JBNU\git\ConstraintsRecovery\assets\tankwar\asset64:IF:5-17","TankWar_P3|TankWar_P5","RESOLVED_INTERNAL"
"E527","G19","TankWar_P3|TankWar_P5","CONSTRUCTOR","Missile$$explodieren","Missile$$explodieren.Missile$$explodieren","C:\Users\JBNU\git\ConstraintsRecovery\assets\tankwar\asset64",10,12,"C:\Users\JBNU\git\ConstraintsRecovery\assets\tankwar\asset64:IF:5-17","TankWar_P3|TankWar_P5","RESOLVED_INTERNAL"
"E528","G19","TankWar_P3|TankWar_P5","METHOD","explodieren","Missile$$explodieren.explodieren","C:\Users\JBNU\git\ConstraintsRecovery\assets\tankwar\asset64",13,16,"C:\Users\JBNU\git\ConstraintsRecovery\assets\tankwar\asset64:IF:5-17","TankWar_P3|TankWar_P5","RESOLVED_INTERNAL"
"E529","G17","TankWar_P3","CLASS","Tank","Tank","C:\Users\JBNU\git\ConstraintsRecovery\assets\tankwar\asset65",8,59,"C:\Users\JBNU\git\ConstraintsRecovery\assets\tankwar\asset65:IF:4-59","TankWar_P3","RESOLVED_INTERNAL"
"E530","G17","TankWar_P3","CONSTRUCTOR","Tank","Tank.Tank","C:\Users\JBNU\git\ConstraintsRecovery\assets\tankwar\asset65",9,11,"C:\Users\JBNU\git\ConstraintsRecovery\assets\tankwar\asset65:IF:4-59","TankWar_P3","RESOLVED_INTERNAL"
"E531","G17","TankWar_P3","METHOD","tankFeindKI","Tank.tankFeindKI","C:\Users\JBNU\git\ConstraintsRecovery\assets\tankwar\asset65",12,58,"C:\Users\JBNU\git\ConstraintsRecovery\assets\tankwar\asset65:IF:4-59","TankWar_P3","RESOLVED_INTERNAL"
"E532","G17","TankWar_P3","CLASS","Maler$$M_240","Maler$$M_240","C:\Users\JBNU\git\ConstraintsRecovery\assets\tankwar\asset66",23,31,"C:\Users\JBNU\git\ConstraintsRecovery\assets\tankwar\asset66:IF:4-31","TankWar_P3","RESOLVED_INTERNAL"
"E533","G17","TankWar_P3","CONSTRUCTOR","Maler$$M_240","Maler$$M_240.Maler$$M_240","C:\Users\JBNU\git\ConstraintsRecovery\assets\tankwar\asset66",24,26,"C:\Users\JBNU\git\ConstraintsRecovery\assets\tankwar\asset66:IF:4-31","TankWar_P3","RESOLVED_INTERNAL"
"E534","G17","TankWar_P3","METHOD","gamesize","Maler$$M_240.gamesize","C:\Users\JBNU\git\ConstraintsRecovery\assets\tankwar\asset66",27,30,"C:\Users\JBNU\git\ConstraintsRecovery\assets\tankwar\asset66:IF:4-31","TankWar_P3","RESOLVED_INTERNAL"
"E535","G20","TankWar_P4","CLASS","Sprach","Sprach","C:\Users\JBNU\git\ConstraintsRecovery\assets\tankwar\asset67",5,23,"C:\Users\JBNU\git\ConstraintsRecovery\assets\tankwar\asset67:IF:4-23","TankWar_P4","RESOLVED_INTERNAL"
"E536","G20","TankWar_P4","FIELD","START","Sprach.START","C:\Users\JBNU\git\ConstraintsRecovery\assets\tankwar\asset67",6,6,"C:\Users\JBNU\git\ConstraintsRecovery\assets\tankwar\asset67:IF:4-23","TankWar_P4","RESOLVED_INTERNAL"
"E537","G20","TankWar_P4","FIELD","HELP","Sprach.HELP","C:\Users\JBNU\git\ConstraintsRecovery\assets\tankwar\asset67",7,7,"C:\Users\JBNU\git\ConstraintsRecovery\assets\tankwar\asset67:IF:4-23","TankWar_P4","RESOLVED_INTERNAL"
"E538","G20","TankWar_P4","FIELD","HelpItem","Sprach.HelpItem","C:\Users\JBNU\git\ConstraintsRecovery\assets\tankwar\asset67",8,8,"C:\Users\JBNU\git\ConstraintsRecovery\assets\tankwar\asset67:IF:4-23","TankWar_P4","RESOLVED_INTERNAL"
"E539","G20","TankWar_P4","FIELD","EXIT","Sprach.EXIT","C:\Users\JBNU\git\ConstraintsRecovery\assets\tankwar\asset67",9,9,"C:\Users\JBNU\git\ConstraintsRecovery\assets\tankwar\asset67:IF:4-23","TankWar_P4","RESOLVED_INTERNAL"
"E540","G20","TankWar_P4","FIELD","LIAN_WANG","Sprach.LIAN_WANG","C:\Users\JBNU\git\ConstraintsRecovery\assets\tankwar\asset67",10,10,"C:\Users\JBNU\git\ConstraintsRecovery\assets\tankwar\asset67:IF:4-23","TankWar_P4","RESOLVED_INTERNAL"
"E541","G20","TankWar_P4","FIELD","RESUME","Sprach.RESUME","C:\Users\JBNU\git\ConstraintsRecovery\assets\tankwar\asset67",11,11,"C:\Users\JBNU\git\ConstraintsRecovery\assets\tankwar\asset67:IF:4-23","TankWar_P4","RESOLVED_INTERNAL"
"E542","G20","TankWar_P4","FIELD","NOTE","Sprach.NOTE","C:\Users\JBNU\git\ConstraintsRecovery\assets\tankwar\asset67",12,12,"C:\Users\JBNU\git\ConstraintsRecovery\assets\tankwar\asset67:IF:4-23","TankWar_P4","RESOLVED_INTERNAL"
"E543","G20","TankWar_P4","FIELD","MAIN_MENU","Sprach.MAIN_MENU","C:\Users\JBNU\git\ConstraintsRecovery\assets\tankwar\asset67",13,13,"C:\Users\JBNU\git\ConstraintsRecovery\assets\tankwar\asset67:IF:4-23","TankWar_P4","RESOLVED_INTERNAL"
"E544","G20","TankWar_P4","FIELD","PAUSE","Sprach.PAUSE","C:\Users\JBNU\git\ConstraintsRecovery\assets\tankwar\asset67",14,14,"C:\Users\JBNU\git\ConstraintsRecovery\assets\tankwar\asset67:IF:4-23","TankWar_P4","RESOLVED_INTERNAL"
"E545","G20","TankWar_P4","FIELD","HNOTE","Sprach.HNOTE","C:\Users\JBNU\git\ConstraintsRecovery\assets\tankwar\asset67",15,15,"C:\Users\JBNU\git\ConstraintsRecovery\assets\tankwar\asset67:IF:4-23","TankWar_P4","RESOLVED_INTERNAL"
"E546","G20","TankWar_P4","FIELD","Name","Sprach.Name","C:\Users\JBNU\git\ConstraintsRecovery\assets\tankwar\asset67",16,16,"C:\Users\JBNU\git\ConstraintsRecovery\assets\tankwar\asset67:IF:4-23","TankWar_P4","RESOLVED_INTERNAL"
"E547","G20","TankWar_P4","FIELD","LOSE","Sprach.LOSE","C:\Users\JBNU\git\ConstraintsRecovery\assets\tankwar\asset67",17,17,"C:\Users\JBNU\git\ConstraintsRecovery\assets\tankwar\asset67:IF:4-23","TankWar_P4","RESOLVED_INTERNAL"
"E548","G20","TankWar_P4","FIELD","LEVEL","Sprach.LEVEL","C:\Users\JBNU\git\ConstraintsRecovery\assets\tankwar\asset67",18,18,"C:\Users\JBNU\git\ConstraintsRecovery\assets\tankwar\asset67:IF:4-23","TankWar_P4","RESOLVED_INTERNAL"
"E549","G20","TankWar_P4","FIELD","WIN","Sprach.WIN","C:\Users\JBNU\git\ConstraintsRecovery\assets\tankwar\asset67",19,19,"C:\Users\JBNU\git\ConstraintsRecovery\assets\tankwar\asset67:IF:4-23","TankWar_P4","RESOLVED_INTERNAL"
"E550","G20","TankWar_P4","FIELD","TANKA","Sprach.TANKA","C:\Users\JBNU\git\ConstraintsRecovery\assets\tankwar\asset67",20,20,"C:\Users\JBNU\git\ConstraintsRecovery\assets\tankwar\asset67:IF:4-23","TankWar_P4","RESOLVED_INTERNAL"
"E551","G20","TankWar_P4","FIELD","TANKB","Sprach.TANKB","C:\Users\JBNU\git\ConstraintsRecovery\assets\tankwar\asset67",21,21,"C:\Users\JBNU\git\ConstraintsRecovery\assets\tankwar\asset67:IF:4-23","TankWar_P4","RESOLVED_INTERNAL"
"E552","G20","TankWar_P4","FIELD","TANKC","Sprach.TANKC","C:\Users\JBNU\git\ConstraintsRecovery\assets\tankwar\asset67",22,22,"C:\Users\JBNU\git\ConstraintsRecovery\assets\tankwar\asset67:IF:4-23","TankWar_P4","RESOLVED_INTERNAL"
"E553","G20","TankWar_P4","CLASS","Missile","Missile","C:\Users\JBNU\git\ConstraintsRecovery\assets\tankwar\asset68",6,20,"C:\Users\JBNU\git\ConstraintsRecovery\assets\tankwar\asset68:IF:4-20","TankWar_P4","RESOLVED_INTERNAL"
"E554","G20","TankWar_P4","CONSTRUCTOR","Missile","Missile.Missile","C:\Users\JBNU\git\ConstraintsRecovery\assets\tankwar\asset68",7,9,"C:\Users\JBNU\git\ConstraintsRecovery\assets\tankwar\asset68:IF:4-20","TankWar_P4","RESOLVED_INTERNAL"
"E555","G20","TankWar_P4","METHOD","init","Missile.init","C:\Users\JBNU\git\ConstraintsRecovery\assets\tankwar\asset68",10,19,"C:\Users\JBNU\git\ConstraintsRecovery\assets\tankwar\asset68:IF:4-20","TankWar_P4","RESOLVED_INTERNAL"
"E556","G20","TankWar_P4","CLASS","Tank","Tank","C:\Users\JBNU\git\ConstraintsRecovery\assets\tankwar\asset69",8,59,"C:\Users\JBNU\git\ConstraintsRecovery\assets\tankwar\asset69:IF:4-59","TankWar_P4","RESOLVED_INTERNAL"
"E557","G20","TankWar_P4","CONSTRUCTOR","Tank","Tank.Tank","C:\Users\JBNU\git\ConstraintsRecovery\assets\tankwar\asset69",9,11,"C:\Users\JBNU\git\ConstraintsRecovery\assets\tankwar\asset69:IF:4-59","TankWar_P4","RESOLVED_INTERNAL"
"E558","G20","TankWar_P4","METHOD","tankFeindKI","Tank.tankFeindKI","C:\Users\JBNU\git\ConstraintsRecovery\assets\tankwar\asset69",12,58,"C:\Users\JBNU\git\ConstraintsRecovery\assets\tankwar\asset69:IF:4-59","TankWar_P4","RESOLVED_INTERNAL"
"E559","G4","TankWar_P1|TankWar_P2|TankWar_P3|TankWar_P4|TankWar_P5","CLASS","Wall$$TankWar","Wall$$TankWar","C:\Users\JBNU\git\ConstraintsRecovery\assets\tankwar\asset7",10,62,"C:\Users\JBNU\git\ConstraintsRecovery\assets\tankwar\asset7:IF:8-62","TankWar_P1|TankWar_P2|TankWar_P3|TankWar_P4|TankWar_P5","RESOLVED_INTERNAL"
"E560","G4","TankWar_P1|TankWar_P2|TankWar_P3|TankWar_P4|TankWar_P5","FIELD","koernigGroesse","Wall$$TankWar.koernigGroesse","C:\Users\JBNU\git\ConstraintsRecovery\assets\tankwar\asset7",11,11,"C:\Users\JBNU\git\ConstraintsRecovery\assets\tankwar\asset7:IF:8-62","TankWar_P1|TankWar_P2|TankWar_P3|TankWar_P4|TankWar_P5","RESOLVED_INTERNAL"
"E561","G4","TankWar_P1|TankWar_P2|TankWar_P3|TankWar_P4|TankWar_P5","FIELD","wallTeile","Wall$$TankWar.wallTeile","C:\Users\JBNU\git\ConstraintsRecovery\assets\tankwar\asset7",12,12,"C:\Users\JBNU\git\ConstraintsRecovery\assets\tankwar\asset7:IF:8-62","TankWar_P1|TankWar_P2|TankWar_P3|TankWar_P4|TankWar_P5","RESOLVED_INTERNAL"
"E562","G4","TankWar_P1|TankWar_P2|TankWar_P3|TankWar_P4|TankWar_P5","CONSTRUCTOR","Wall$$TankWar","Wall$$TankWar.Wall$$TankWar","C:\Users\JBNU\git\ConstraintsRecovery\assets\tankwar\asset7",13,15,"C:\Users\JBNU\git\ConstraintsRecovery\assets\tankwar\asset7:IF:8-62","TankWar_P1|TankWar_P2|TankWar_P3|TankWar_P4|TankWar_P5","RESOLVED_INTERNAL"
"E563","G4","TankWar_P1|TankWar_P2|TankWar_P3|TankWar_P4|TankWar_P5","METHOD","init","Wall$$TankWar.init","C:\Users\JBNU\git\ConstraintsRecovery\assets\tankwar\asset7",16,37,"C:\Users\JBNU\git\ConstraintsRecovery\assets\tankwar\asset7:IF:8-62","TankWar_P1|TankWar_P2|TankWar_P3|TankWar_P4|TankWar_P5","RESOLVED_INTERNAL"
"E564","G4","TankWar_P1|TankWar_P2|TankWar_P3|TankWar_P4|TankWar_P5","METHOD","malen","Wall$$TankWar.malen","C:\Users\JBNU\git\ConstraintsRecovery\assets\tankwar\asset7",38,42,"C:\Users\JBNU\git\ConstraintsRecovery\assets\tankwar\asset7:IF:8-62","TankWar_P1|TankWar_P2|TankWar_P3|TankWar_P4|TankWar_P5","RESOLVED_INTERNAL"
"E565","G4","TankWar_P1|TankWar_P2|TankWar_P3|TankWar_P4|TankWar_P5","METHOD","stossenGegen","Wall$$TankWar.stossenGegen","C:\Users\JBNU\git\ConstraintsRecovery\assets\tankwar\asset7",43,45,"C:\Users\JBNU\git\ConstraintsRecovery\assets\tankwar\asset7:IF:8-62","TankWar_P1|TankWar_P2|TankWar_P3|TankWar_P4|TankWar_P5","RESOLVED_INTERNAL"
"E566","G4","TankWar_P1|TankWar_P2|TankWar_P3|TankWar_P4|TankWar_P5","METHOD","stossenGegenTeil","Wall$$TankWar.stossenGegenTeil","C:\Users\JBNU\git\ConstraintsRecovery\assets\tankwar\asset7",46,61,"C:\Users\JBNU\git\ConstraintsRecovery\assets\tankwar\asset7:IF:8-62","TankWar_P1|TankWar_P2|TankWar_P3|TankWar_P4|TankWar_P5","RESOLVED_INTERNAL"
"E567","G12","TankWar_P2","CLASS","TankManager","TankManager","C:\Users\JBNU\git\ConstraintsRecovery\assets\tankwar\asset70",8,29,"C:\Users\JBNU\git\ConstraintsRecovery\assets\tankwar\asset70:IF:4-29","TankWar_P2","RESOLVED_INTERNAL"
"E568","G12","TankWar_P2","FIELD","sound","TankManager.sound","C:\Users\JBNU\git\ConstraintsRecovery\assets\tankwar\asset70",9,9,"C:\Users\JBNU\git\ConstraintsRecovery\assets\tankwar\asset70:IF:4-29","TankWar_P2","RESOLVED_INTERNAL"
"E569","G12","TankWar_P2","CONSTRUCTOR","TankManager","TankManager.TankManager","C:\Users\JBNU\git\ConstraintsRecovery\assets\tankwar\asset70",10,12,"C:\Users\JBNU\git\ConstraintsRecovery\assets\tankwar\asset70:IF:4-29","TankWar_P2","RESOLVED_INTERNAL"
"E570","G12","TankWar_P2","METHOD","aktualisieren","TankManager.aktualisieren","C:\Users\JBNU\git\ConstraintsRecovery\assets\tankwar\asset70",13,28,"C:\Users\JBNU\git\ConstraintsRecovery\assets\tankwar\asset70:IF:4-29","TankWar_P2","RESOLVED_INTERNAL"
"E571","G12","TankWar_P2","CLASS","Tank","Tank","C:\Users\JBNU\git\ConstraintsRecovery\assets\tankwar\asset71",8,26,"C:\Users\JBNU\git\ConstraintsRecovery\assets\tankwar\asset71:IF:4-26","TankWar_P2","RESOLVED_INTERNAL"
"E572","G12","TankWar_P2","CONSTRUCTOR","Tank","Tank.Tank","C:\Users\JBNU\git\ConstraintsRecovery\assets\tankwar\asset71",9,11,"C:\Users\JBNU\git\ConstraintsRecovery\assets\tankwar\asset71:IF:4-26","TankWar_P2","RESOLVED_INTERNAL"
"E573","G12","TankWar_P2","METHOD","tankFeindKI","Tank.tankFeindKI","C:\Users\JBNU\git\ConstraintsRecovery\assets\tankwar\asset71",12,25,"C:\Users\JBNU\git\ConstraintsRecovery\assets\tankwar\asset71:IF:4-26","TankWar_P2","RESOLVED_INTERNAL"
"E574","G1","TankWar_P1","CLASS","Tank","Tank","C:\Users\JBNU\git\ConstraintsRecovery\assets\tankwar\asset72",7,25,"C:\Users\JBNU\git\ConstraintsRecovery\assets\tankwar\asset72:IF:4-25","TankWar_P1","RESOLVED_INTERNAL"
"E575","G1","TankWar_P1","CONSTRUCTOR","Tank","Tank.Tank","C:\Users\JBNU\git\ConstraintsRecovery\assets\tankwar\asset72",8,10,"C:\Users\JBNU\git\ConstraintsRecovery\assets\tankwar\asset72:IF:4-25","TankWar_P1","RESOLVED_INTERNAL"
"E576","G1","TankWar_P1","METHOD","tankFeindKI","Tank.tankFeindKI","C:\Users\JBNU\git\ConstraintsRecovery\assets\tankwar\asset72",11,24,"C:\Users\JBNU\git\ConstraintsRecovery\assets\tankwar\asset72:IF:4-25","TankWar_P1","RESOLVED_INTERNAL"
"E577","G1","TankWar_P1","CLASS","Sprach","Sprach","C:\Users\JBNU\git\ConstraintsRecovery\assets\tankwar\asset73",5,23,"C:\Users\JBNU\git\ConstraintsRecovery\assets\tankwar\asset73:IF:4-23","TankWar_P1","RESOLVED_INTERNAL"
"E578","G1","TankWar_P1","FIELD","START","Sprach.START","C:\Users\JBNU\git\ConstraintsRecovery\assets\tankwar\asset73",6,6,"C:\Users\JBNU\git\ConstraintsRecovery\assets\tankwar\asset73:IF:4-23","TankWar_P1","RESOLVED_INTERNAL"
"E579","G1","TankWar_P1","FIELD","HELP","Sprach.HELP","C:\Users\JBNU\git\ConstraintsRecovery\assets\tankwar\asset73",7,7,"C:\Users\JBNU\git\ConstraintsRecovery\assets\tankwar\asset73:IF:4-23","TankWar_P1","RESOLVED_INTERNAL"
"E580","G1","TankWar_P1","FIELD","HelpItem","Sprach.HelpItem","C:\Users\JBNU\git\ConstraintsRecovery\assets\tankwar\asset73",8,8,"C:\Users\JBNU\git\ConstraintsRecovery\assets\tankwar\asset73:IF:4-23","TankWar_P1","RESOLVED_INTERNAL"
"E581","G1","TankWar_P1","FIELD","EXIT","Sprach.EXIT","C:\Users\JBNU\git\ConstraintsRecovery\assets\tankwar\asset73",9,9,"C:\Users\JBNU\git\ConstraintsRecovery\assets\tankwar\asset73:IF:4-23","TankWar_P1","RESOLVED_INTERNAL"
"E582","G1","TankWar_P1","FIELD","LIAN_WANG","Sprach.LIAN_WANG","C:\Users\JBNU\git\ConstraintsRecovery\assets\tankwar\asset73",10,10,"C:\Users\JBNU\git\ConstraintsRecovery\assets\tankwar\asset73:IF:4-23","TankWar_P1","RESOLVED_INTERNAL"
"E583","G1","TankWar_P1","FIELD","RESUME","Sprach.RESUME","C:\Users\JBNU\git\ConstraintsRecovery\assets\tankwar\asset73",11,11,"C:\Users\JBNU\git\ConstraintsRecovery\assets\tankwar\asset73:IF:4-23","TankWar_P1","RESOLVED_INTERNAL"
"E584","G1","TankWar_P1","FIELD","NOTE","Sprach.NOTE","C:\Users\JBNU\git\ConstraintsRecovery\assets\tankwar\asset73",12,12,"C:\Users\JBNU\git\ConstraintsRecovery\assets\tankwar\asset73:IF:4-23","TankWar_P1","RESOLVED_INTERNAL"
"E585","G1","TankWar_P1","FIELD","MAIN_MENU","Sprach.MAIN_MENU","C:\Users\JBNU\git\ConstraintsRecovery\assets\tankwar\asset73",13,13,"C:\Users\JBNU\git\ConstraintsRecovery\assets\tankwar\asset73:IF:4-23","TankWar_P1","RESOLVED_INTERNAL"
"E586","G1","TankWar_P1","FIELD","PAUSE","Sprach.PAUSE","C:\Users\JBNU\git\ConstraintsRecovery\assets\tankwar\asset73",14,14,"C:\Users\JBNU\git\ConstraintsRecovery\assets\tankwar\asset73:IF:4-23","TankWar_P1","RESOLVED_INTERNAL"
"E587","G1","TankWar_P1","FIELD","HNOTE","Sprach.HNOTE","C:\Users\JBNU\git\ConstraintsRecovery\assets\tankwar\asset73",15,15,"C:\Users\JBNU\git\ConstraintsRecovery\assets\tankwar\asset73:IF:4-23","TankWar_P1","RESOLVED_INTERNAL"
"E588","G1","TankWar_P1","FIELD","Name","Sprach.Name","C:\Users\JBNU\git\ConstraintsRecovery\assets\tankwar\asset73",16,16,"C:\Users\JBNU\git\ConstraintsRecovery\assets\tankwar\asset73:IF:4-23","TankWar_P1","RESOLVED_INTERNAL"
"E589","G1","TankWar_P1","FIELD","LOSE","Sprach.LOSE","C:\Users\JBNU\git\ConstraintsRecovery\assets\tankwar\asset73",17,17,"C:\Users\JBNU\git\ConstraintsRecovery\assets\tankwar\asset73:IF:4-23","TankWar_P1","RESOLVED_INTERNAL"
"E590","G1","TankWar_P1","FIELD","LEVEL","Sprach.LEVEL","C:\Users\JBNU\git\ConstraintsRecovery\assets\tankwar\asset73",18,18,"C:\Users\JBNU\git\ConstraintsRecovery\assets\tankwar\asset73:IF:4-23","TankWar_P1","RESOLVED_INTERNAL"
"E591","G1","TankWar_P1","FIELD","WIN","Sprach.WIN","C:\Users\JBNU\git\ConstraintsRecovery\assets\tankwar\asset73",19,19,"C:\Users\JBNU\git\ConstraintsRecovery\assets\tankwar\asset73:IF:4-23","TankWar_P1","RESOLVED_INTERNAL"
"E592","G1","TankWar_P1","FIELD","TANKA","Sprach.TANKA","C:\Users\JBNU\git\ConstraintsRecovery\assets\tankwar\asset73",20,20,"C:\Users\JBNU\git\ConstraintsRecovery\assets\tankwar\asset73:IF:4-23","TankWar_P1","RESOLVED_INTERNAL"
"E593","G1","TankWar_P1","FIELD","TANKB","Sprach.TANKB","C:\Users\JBNU\git\ConstraintsRecovery\assets\tankwar\asset73",21,21,"C:\Users\JBNU\git\ConstraintsRecovery\assets\tankwar\asset73:IF:4-23","TankWar_P1","RESOLVED_INTERNAL"
"E594","G1","TankWar_P1","FIELD","TANKC","Sprach.TANKC","C:\Users\JBNU\git\ConstraintsRecovery\assets\tankwar\asset73",22,22,"C:\Users\JBNU\git\ConstraintsRecovery\assets\tankwar\asset73:IF:4-23","TankWar_P1","RESOLVED_INTERNAL"
"E595","G12","TankWar_P2","CLASS","Maler$$M_780","Maler$$M_780","C:\Users\JBNU\git\ConstraintsRecovery\assets\tankwar\asset74",22,30,"C:\Users\JBNU\git\ConstraintsRecovery\assets\tankwar\asset74:IF:4-30","TankWar_P2","RESOLVED_INTERNAL"
"E596","G12","TankWar_P2","CONSTRUCTOR","Maler$$M_780","Maler$$M_780.Maler$$M_780","C:\Users\JBNU\git\ConstraintsRecovery\assets\tankwar\asset74",23,25,"C:\Users\JBNU\git\ConstraintsRecovery\assets\tankwar\asset74:IF:4-30","TankWar_P2","RESOLVED_INTERNAL"
"E597","G12","TankWar_P2","METHOD","gamesize","Maler$$M_780.gamesize","C:\Users\JBNU\git\ConstraintsRecovery\assets\tankwar\asset74",26,29,"C:\Users\JBNU\git\ConstraintsRecovery\assets\tankwar\asset74:IF:4-30","TankWar_P2","RESOLVED_INTERNAL"
"E598","G17","TankWar_P3","CLASS","Missile","Missile","C:\Users\JBNU\git\ConstraintsRecovery\assets\tankwar\asset75",6,20,"C:\Users\JBNU\git\ConstraintsRecovery\assets\tankwar\asset75:IF:4-20","TankWar_P3","RESOLVED_INTERNAL"
"E599","G17","TankWar_P3","CONSTRUCTOR","Missile","Missile.Missile","C:\Users\JBNU\git\ConstraintsRecovery\assets\tankwar\asset75",7,9,"C:\Users\JBNU\git\ConstraintsRecovery\assets\tankwar\asset75:IF:4-20","TankWar_P3","RESOLVED_INTERNAL"
"E600","G17","TankWar_P3","METHOD","init","Missile.init","C:\Users\JBNU\git\ConstraintsRecovery\assets\tankwar\asset75",10,19,"C:\Users\JBNU\git\ConstraintsRecovery\assets\tankwar\asset75:IF:4-20","TankWar_P3","RESOLVED_INTERNAL"
"E601","G22","TankWar_P5","CLASS","Tank","Tank","C:\Users\JBNU\git\ConstraintsRecovery\assets\tankwar\asset76",7,25,"C:\Users\JBNU\git\ConstraintsRecovery\assets\tankwar\asset76:IF:4-25","TankWar_P5","RESOLVED_INTERNAL"
"E602","G22","TankWar_P5","CONSTRUCTOR","Tank","Tank.Tank","C:\Users\JBNU\git\ConstraintsRecovery\assets\tankwar\asset76",8,10,"C:\Users\JBNU\git\ConstraintsRecovery\assets\tankwar\asset76:IF:4-25","TankWar_P5","RESOLVED_INTERNAL"
"E603","G22","TankWar_P5","METHOD","tankFeindKI","Tank.tankFeindKI","C:\Users\JBNU\git\ConstraintsRecovery\assets\tankwar\asset76",11,24,"C:\Users\JBNU\git\ConstraintsRecovery\assets\tankwar\asset76:IF:4-25","TankWar_P5","RESOLVED_INTERNAL"
"E604","G12","TankWar_P2","CLASS","Sprach","Sprach","C:\Users\JBNU\git\ConstraintsRecovery\assets\tankwar\asset77",5,23,"C:\Users\JBNU\git\ConstraintsRecovery\assets\tankwar\asset77:IF:4-23","TankWar_P2","RESOLVED_INTERNAL"
"E605","G12","TankWar_P2","FIELD","START","Sprach.START","C:\Users\JBNU\git\ConstraintsRecovery\assets\tankwar\asset77",6,6,"C:\Users\JBNU\git\ConstraintsRecovery\assets\tankwar\asset77:IF:4-23","TankWar_P2","RESOLVED_INTERNAL"
"E606","G12","TankWar_P2","FIELD","HELP","Sprach.HELP","C:\Users\JBNU\git\ConstraintsRecovery\assets\tankwar\asset77",7,7,"C:\Users\JBNU\git\ConstraintsRecovery\assets\tankwar\asset77:IF:4-23","TankWar_P2","RESOLVED_INTERNAL"
"E607","G12","TankWar_P2","FIELD","HelpItem","Sprach.HelpItem","C:\Users\JBNU\git\ConstraintsRecovery\assets\tankwar\asset77",8,8,"C:\Users\JBNU\git\ConstraintsRecovery\assets\tankwar\asset77:IF:4-23","TankWar_P2","RESOLVED_INTERNAL"
"E608","G12","TankWar_P2","FIELD","EXIT","Sprach.EXIT","C:\Users\JBNU\git\ConstraintsRecovery\assets\tankwar\asset77",9,9,"C:\Users\JBNU\git\ConstraintsRecovery\assets\tankwar\asset77:IF:4-23","TankWar_P2","RESOLVED_INTERNAL"
"E609","G12","TankWar_P2","FIELD","LIAN_WANG","Sprach.LIAN_WANG","C:\Users\JBNU\git\ConstraintsRecovery\assets\tankwar\asset77",10,10,"C:\Users\JBNU\git\ConstraintsRecovery\assets\tankwar\asset77:IF:4-23","TankWar_P2","RESOLVED_INTERNAL"
"E610","G12","TankWar_P2","FIELD","RESUME","Sprach.RESUME","C:\Users\JBNU\git\ConstraintsRecovery\assets\tankwar\asset77",11,11,"C:\Users\JBNU\git\ConstraintsRecovery\assets\tankwar\asset77:IF:4-23","TankWar_P2","RESOLVED_INTERNAL"
"E611","G12","TankWar_P2","FIELD","NOTE","Sprach.NOTE","C:\Users\JBNU\git\ConstraintsRecovery\assets\tankwar\asset77",12,12,"C:\Users\JBNU\git\ConstraintsRecovery\assets\tankwar\asset77:IF:4-23","TankWar_P2","RESOLVED_INTERNAL"
"E612","G12","TankWar_P2","FIELD","MAIN_MENU","Sprach.MAIN_MENU","C:\Users\JBNU\git\ConstraintsRecovery\assets\tankwar\asset77",13,13,"C:\Users\JBNU\git\ConstraintsRecovery\assets\tankwar\asset77:IF:4-23","TankWar_P2","RESOLVED_INTERNAL"
"E613","G12","TankWar_P2","FIELD","PAUSE","Sprach.PAUSE","C:\Users\JBNU\git\ConstraintsRecovery\assets\tankwar\asset77",14,14,"C:\Users\JBNU\git\ConstraintsRecovery\assets\tankwar\asset77:IF:4-23","TankWar_P2","RESOLVED_INTERNAL"
"E614","G12","TankWar_P2","FIELD","HNOTE","Sprach.HNOTE","C:\Users\JBNU\git\ConstraintsRecovery\assets\tankwar\asset77",15,15,"C:\Users\JBNU\git\ConstraintsRecovery\assets\tankwar\asset77:IF:4-23","TankWar_P2","RESOLVED_INTERNAL"
"E615","G12","TankWar_P2","FIELD","Name","Sprach.Name","C:\Users\JBNU\git\ConstraintsRecovery\assets\tankwar\asset77",16,16,"C:\Users\JBNU\git\ConstraintsRecovery\assets\tankwar\asset77:IF:4-23","TankWar_P2","RESOLVED_INTERNAL"
"E616","G12","TankWar_P2","FIELD","LOSE","Sprach.LOSE","C:\Users\JBNU\git\ConstraintsRecovery\assets\tankwar\asset77",17,17,"C:\Users\JBNU\git\ConstraintsRecovery\assets\tankwar\asset77:IF:4-23","TankWar_P2","RESOLVED_INTERNAL"
"E617","G12","TankWar_P2","FIELD","LEVEL","Sprach.LEVEL","C:\Users\JBNU\git\ConstraintsRecovery\assets\tankwar\asset77",18,18,"C:\Users\JBNU\git\ConstraintsRecovery\assets\tankwar\asset77:IF:4-23","TankWar_P2","RESOLVED_INTERNAL"
"E618","G12","TankWar_P2","FIELD","WIN","Sprach.WIN","C:\Users\JBNU\git\ConstraintsRecovery\assets\tankwar\asset77",19,19,"C:\Users\JBNU\git\ConstraintsRecovery\assets\tankwar\asset77:IF:4-23","TankWar_P2","RESOLVED_INTERNAL"
"E619","G12","TankWar_P2","FIELD","TANKA","Sprach.TANKA","C:\Users\JBNU\git\ConstraintsRecovery\assets\tankwar\asset77",20,20,"C:\Users\JBNU\git\ConstraintsRecovery\assets\tankwar\asset77:IF:4-23","TankWar_P2","RESOLVED_INTERNAL"
"E620","G12","TankWar_P2","FIELD","TANKB","Sprach.TANKB","C:\Users\JBNU\git\ConstraintsRecovery\assets\tankwar\asset77",21,21,"C:\Users\JBNU\git\ConstraintsRecovery\assets\tankwar\asset77:IF:4-23","TankWar_P2","RESOLVED_INTERNAL"
"E621","G12","TankWar_P2","FIELD","TANKC","Sprach.TANKC","C:\Users\JBNU\git\ConstraintsRecovery\assets\tankwar\asset77",22,22,"C:\Users\JBNU\git\ConstraintsRecovery\assets\tankwar\asset77:IF:4-23","TankWar_P2","RESOLVED_INTERNAL"
"E622","G12","TankWar_P2","CLASS","Missile","Missile","C:\Users\JBNU\git\ConstraintsRecovery\assets\tankwar\asset78",6,20,"C:\Users\JBNU\git\ConstraintsRecovery\assets\tankwar\asset78:IF:4-20","TankWar_P2","RESOLVED_INTERNAL"
"E623","G12","TankWar_P2","CONSTRUCTOR","Missile","Missile.Missile","C:\Users\JBNU\git\ConstraintsRecovery\assets\tankwar\asset78",7,9,"C:\Users\JBNU\git\ConstraintsRecovery\assets\tankwar\asset78:IF:4-20","TankWar_P2","RESOLVED_INTERNAL"
"E624","G12","TankWar_P2","METHOD","init","Missile.init","C:\Users\JBNU\git\ConstraintsRecovery\assets\tankwar\asset78",10,19,"C:\Users\JBNU\git\ConstraintsRecovery\assets\tankwar\asset78:IF:4-20","TankWar_P2","RESOLVED_INTERNAL"
"E625","G22","TankWar_P5","CLASS","Sprach","Sprach","C:\Users\JBNU\git\ConstraintsRecovery\assets\tankwar\asset79",5,23,"C:\Users\JBNU\git\ConstraintsRecovery\assets\tankwar\asset79:IF:4-23","TankWar_P5","RESOLVED_INTERNAL"
"E626","G22","TankWar_P5","FIELD","START","Sprach.START","C:\Users\JBNU\git\ConstraintsRecovery\assets\tankwar\asset79",6,6,"C:\Users\JBNU\git\ConstraintsRecovery\assets\tankwar\asset79:IF:4-23","TankWar_P5","RESOLVED_INTERNAL"
"E627","G22","TankWar_P5","FIELD","HELP","Sprach.HELP","C:\Users\JBNU\git\ConstraintsRecovery\assets\tankwar\asset79",7,7,"C:\Users\JBNU\git\ConstraintsRecovery\assets\tankwar\asset79:IF:4-23","TankWar_P5","RESOLVED_INTERNAL"
"E628","G22","TankWar_P5","FIELD","HelpItem","Sprach.HelpItem","C:\Users\JBNU\git\ConstraintsRecovery\assets\tankwar\asset79",8,8,"C:\Users\JBNU\git\ConstraintsRecovery\assets\tankwar\asset79:IF:4-23","TankWar_P5","RESOLVED_INTERNAL"
"E629","G22","TankWar_P5","FIELD","EXIT","Sprach.EXIT","C:\Users\JBNU\git\ConstraintsRecovery\assets\tankwar\asset79",9,9,"C:\Users\JBNU\git\ConstraintsRecovery\assets\tankwar\asset79:IF:4-23","TankWar_P5","RESOLVED_INTERNAL"
"E630","G22","TankWar_P5","FIELD","LIAN_WANG","Sprach.LIAN_WANG","C:\Users\JBNU\git\ConstraintsRecovery\assets\tankwar\asset79",10,10,"C:\Users\JBNU\git\ConstraintsRecovery\assets\tankwar\asset79:IF:4-23","TankWar_P5","RESOLVED_INTERNAL"
"E631","G22","TankWar_P5","FIELD","RESUME","Sprach.RESUME","C:\Users\JBNU\git\ConstraintsRecovery\assets\tankwar\asset79",11,11,"C:\Users\JBNU\git\ConstraintsRecovery\assets\tankwar\asset79:IF:4-23","TankWar_P5","RESOLVED_INTERNAL"
"E632","G22","TankWar_P5","FIELD","NOTE","Sprach.NOTE","C:\Users\JBNU\git\ConstraintsRecovery\assets\tankwar\asset79",12,12,"C:\Users\JBNU\git\ConstraintsRecovery\assets\tankwar\asset79:IF:4-23","TankWar_P5","RESOLVED_INTERNAL"
"E633","G22","TankWar_P5","FIELD","MAIN_MENU","Sprach.MAIN_MENU","C:\Users\JBNU\git\ConstraintsRecovery\assets\tankwar\asset79",13,13,"C:\Users\JBNU\git\ConstraintsRecovery\assets\tankwar\asset79:IF:4-23","TankWar_P5","RESOLVED_INTERNAL"
"E634","G22","TankWar_P5","FIELD","PAUSE","Sprach.PAUSE","C:\Users\JBNU\git\ConstraintsRecovery\assets\tankwar\asset79",14,14,"C:\Users\JBNU\git\ConstraintsRecovery\assets\tankwar\asset79:IF:4-23","TankWar_P5","RESOLVED_INTERNAL"
"E635","G22","TankWar_P5","FIELD","HNOTE","Sprach.HNOTE","C:\Users\JBNU\git\ConstraintsRecovery\assets\tankwar\asset79",15,15,"C:\Users\JBNU\git\ConstraintsRecovery\assets\tankwar\asset79:IF:4-23","TankWar_P5","RESOLVED_INTERNAL"
"E636","G22","TankWar_P5","FIELD","Name","Sprach.Name","C:\Users\JBNU\git\ConstraintsRecovery\assets\tankwar\asset79",16,16,"C:\Users\JBNU\git\ConstraintsRecovery\assets\tankwar\asset79:IF:4-23","TankWar_P5","RESOLVED_INTERNAL"
"E637","G22","TankWar_P5","FIELD","LOSE","Sprach.LOSE","C:\Users\JBNU\git\ConstraintsRecovery\assets\tankwar\asset79",17,17,"C:\Users\JBNU\git\ConstraintsRecovery\assets\tankwar\asset79:IF:4-23","TankWar_P5","RESOLVED_INTERNAL"
"E638","G22","TankWar_P5","FIELD","LEVEL","Sprach.LEVEL","C:\Users\JBNU\git\ConstraintsRecovery\assets\tankwar\asset79",18,18,"C:\Users\JBNU\git\ConstraintsRecovery\assets\tankwar\asset79:IF:4-23","TankWar_P5","RESOLVED_INTERNAL"
"E639","G22","TankWar_P5","FIELD","WIN","Sprach.WIN","C:\Users\JBNU\git\ConstraintsRecovery\assets\tankwar\asset79",19,19,"C:\Users\JBNU\git\ConstraintsRecovery\assets\tankwar\asset79:IF:4-23","TankWar_P5","RESOLVED_INTERNAL"
"E640","G22","TankWar_P5","FIELD","TANKA","Sprach.TANKA","C:\Users\JBNU\git\ConstraintsRecovery\assets\tankwar\asset79",20,20,"C:\Users\JBNU\git\ConstraintsRecovery\assets\tankwar\asset79:IF:4-23","TankWar_P5","RESOLVED_INTERNAL"
"E641","G22","TankWar_P5","FIELD","TANKB","Sprach.TANKB","C:\Users\JBNU\git\ConstraintsRecovery\assets\tankwar\asset79",21,21,"C:\Users\JBNU\git\ConstraintsRecovery\assets\tankwar\asset79:IF:4-23","TankWar_P5","RESOLVED_INTERNAL"
"E642","G22","TankWar_P5","FIELD","TANKC","Sprach.TANKC","C:\Users\JBNU\git\ConstraintsRecovery\assets\tankwar\asset79",22,22,"C:\Users\JBNU\git\ConstraintsRecovery\assets\tankwar\asset79:IF:4-23","TankWar_P5","RESOLVED_INTERNAL"
"E643","G22","TankWar_P5","CLASS","Tank$$Image","Tank$$Image","C:\Users\JBNU\git\ConstraintsRecovery\assets\tankwar\asset8",12,96,"C:\Users\JBNU\git\ConstraintsRecovery\assets\tankwar\asset8:IF:11-12","TankWar_P5","RESOLVED_INTERNAL"
"E644","G17","TankWar_P3","CLASS","Tank$$Image","Tank$$Image","C:\Users\JBNU\git\ConstraintsRecovery\assets\tankwar\asset8",15,96,"C:\Users\JBNU\git\ConstraintsRecovery\assets\tankwar\asset8:ELIF:13-15","TankWar_P3","RESOLVED_INTERNAL"
"E645","G1","TankWar_P1","CLASS","Tank$$Image","Tank$$Image","C:\Users\JBNU\git\ConstraintsRecovery\assets\tankwar\asset8",17,96,"C:\Users\JBNU\git\ConstraintsRecovery\assets\tankwar\asset8:ELIF:16-17","TankWar_P1","RESOLVED_INTERNAL"
"E646","G20","TankWar_P4","CLASS","Tank$$Image","Tank$$Image","C:\Users\JBNU\git\ConstraintsRecovery\assets\tankwar\asset8",20,96,"C:\Users\JBNU\git\ConstraintsRecovery\assets\tankwar\asset8:ELIF:18-20","TankWar_P4","RESOLVED_INTERNAL"
"E647","G12","TankWar_P2","CLASS","Tank$$Image","Tank$$Image","C:\Users\JBNU\git\ConstraintsRecovery\assets\tankwar\asset8",23,96,"C:\Users\JBNU\git\ConstraintsRecovery\assets\tankwar\asset8:ELIF:21-23","TankWar_P2","RESOLVED_INTERNAL"
"E648","G4","TankWar_P1|TankWar_P2|TankWar_P3|TankWar_P4|TankWar_P5","CONSTRUCTOR","Tank$$Image","Tank$$Image.Tank$$Image","C:\Users\JBNU\git\ConstraintsRecovery\assets\tankwar\asset8",25,27,"C:\Users\JBNU\git\ConstraintsRecovery\assets\tankwar\asset8:IF:8-96","TankWar_P1|TankWar_P2|TankWar_P3|TankWar_P4|TankWar_P5","RESOLVED_INTERNAL"
"E649","G4","TankWar_P1|TankWar_P2|TankWar_P3|TankWar_P4|TankWar_P5","METHOD","tankMalen","Tank$$Image.tankMalen","C:\Users\JBNU\git\ConstraintsRecovery\assets\tankwar\asset8",28,79,"C:\Users\JBNU\git\ConstraintsRecovery\assets\tankwar\asset8:IF:8-96","TankWar_P1|TankWar_P2|TankWar_P3|TankWar_P4|TankWar_P5","RESOLVED_INTERNAL"
"E650","G4","TankWar_P1|TankWar_P2|TankWar_P3|TankWar_P4|TankWar_P5","METHOD","drawTanks","Tank$$Image.drawTanks","C:\Users\JBNU\git\ConstraintsRecovery\assets\tankwar\asset8",80,95,"C:\Users\JBNU\git\ConstraintsRecovery\assets\tankwar\asset8:IF:8-96","TankWar_P1|TankWar_P2|TankWar_P3|TankWar_P4|TankWar_P5","RESOLVED_INTERNAL"
"E651","G1","TankWar_P1","CLASS","Missile","Missile","C:\Users\JBNU\git\ConstraintsRecovery\assets\tankwar\asset80",5,31,"C:\Users\JBNU\git\ConstraintsRecovery\assets\tankwar\asset80:IF:4-31","TankWar_P1","RESOLVED_INTERNAL"
"E652","G1","TankWar_P1","CONSTRUCTOR","Missile","Missile.Missile","C:\Users\JBNU\git\ConstraintsRecovery\assets\tankwar\asset80",6,8,"C:\Users\JBNU\git\ConstraintsRecovery\assets\tankwar\asset80:IF:4-31","TankWar_P1","RESOLVED_INTERNAL"
"E653","G1","TankWar_P1","METHOD","malen","Missile.malen","C:\Users\JBNU\git\ConstraintsRecovery\assets\tankwar\asset80",9,30,"C:\Users\JBNU\git\ConstraintsRecovery\assets\tankwar\asset80:IF:4-31","TankWar_P1","RESOLVED_INTERNAL"
"E654","G17","TankWar_P3","CLASS","TankManager","TankManager","C:\Users\JBNU\git\ConstraintsRecovery\assets\tankwar\asset81",8,29,"C:\Users\JBNU\git\ConstraintsRecovery\assets\tankwar\asset81:IF:4-29","TankWar_P3","RESOLVED_INTERNAL"
"E655","G17","TankWar_P3","FIELD","sound","TankManager.sound","C:\Users\JBNU\git\ConstraintsRecovery\assets\tankwar\asset81",9,9,"C:\Users\JBNU\git\ConstraintsRecovery\assets\tankwar\asset81:IF:4-29","TankWar_P3","RESOLVED_INTERNAL"
"E656","G17","TankWar_P3","CONSTRUCTOR","TankManager","TankManager.TankManager","C:\Users\JBNU\git\ConstraintsRecovery\assets\tankwar\asset81",10,12,"C:\Users\JBNU\git\ConstraintsRecovery\assets\tankwar\asset81:IF:4-29","TankWar_P3","RESOLVED_INTERNAL"
"E657","G17","TankWar_P3","METHOD","aktualisieren","TankManager.aktualisieren","C:\Users\JBNU\git\ConstraintsRecovery\assets\tankwar\asset81",13,28,"C:\Users\JBNU\git\ConstraintsRecovery\assets\tankwar\asset81:IF:4-29","TankWar_P3","RESOLVED_INTERNAL"
"E658","G22","TankWar_P5","CLASS","Missile","Missile","C:\Users\JBNU\git\ConstraintsRecovery\assets\tankwar\asset82",5,31,"C:\Users\JBNU\git\ConstraintsRecovery\assets\tankwar\asset82:IF:4-31","TankWar_P5","RESOLVED_INTERNAL"
"E659","G22","TankWar_P5","CONSTRUCTOR","Missile","Missile.Missile","C:\Users\JBNU\git\ConstraintsRecovery\assets\tankwar\asset82",6,8,"C:\Users\JBNU\git\ConstraintsRecovery\assets\tankwar\asset82:IF:4-31","TankWar_P5","RESOLVED_INTERNAL"
"E660","G22","TankWar_P5","METHOD","malen","Missile.malen","C:\Users\JBNU\git\ConstraintsRecovery\assets\tankwar\asset82",9,30,"C:\Users\JBNU\git\ConstraintsRecovery\assets\tankwar\asset82:IF:4-31","TankWar_P5","RESOLVED_INTERNAL"
"E661","G17","TankWar_P3","CLASS","Sprach","Sprach","C:\Users\JBNU\git\ConstraintsRecovery\assets\tankwar\asset83",5,23,"C:\Users\JBNU\git\ConstraintsRecovery\assets\tankwar\asset83:IF:4-23","TankWar_P3","RESOLVED_INTERNAL"
"E662","G17","TankWar_P3","FIELD","START","Sprach.START","C:\Users\JBNU\git\ConstraintsRecovery\assets\tankwar\asset83",6,6,"C:\Users\JBNU\git\ConstraintsRecovery\assets\tankwar\asset83:IF:4-23","TankWar_P3","RESOLVED_INTERNAL"
"E663","G17","TankWar_P3","FIELD","HELP","Sprach.HELP","C:\Users\JBNU\git\ConstraintsRecovery\assets\tankwar\asset83",7,7,"C:\Users\JBNU\git\ConstraintsRecovery\assets\tankwar\asset83:IF:4-23","TankWar_P3","RESOLVED_INTERNAL"
"E664","G17","TankWar_P3","FIELD","HelpItem","Sprach.HelpItem","C:\Users\JBNU\git\ConstraintsRecovery\assets\tankwar\asset83",8,8,"C:\Users\JBNU\git\ConstraintsRecovery\assets\tankwar\asset83:IF:4-23","TankWar_P3","RESOLVED_INTERNAL"
"E665","G17","TankWar_P3","FIELD","EXIT","Sprach.EXIT","C:\Users\JBNU\git\ConstraintsRecovery\assets\tankwar\asset83",9,9,"C:\Users\JBNU\git\ConstraintsRecovery\assets\tankwar\asset83:IF:4-23","TankWar_P3","RESOLVED_INTERNAL"
"E666","G17","TankWar_P3","FIELD","LIAN_WANG","Sprach.LIAN_WANG","C:\Users\JBNU\git\ConstraintsRecovery\assets\tankwar\asset83",10,10,"C:\Users\JBNU\git\ConstraintsRecovery\assets\tankwar\asset83:IF:4-23","TankWar_P3","RESOLVED_INTERNAL"
"E667","G17","TankWar_P3","FIELD","RESUME","Sprach.RESUME","C:\Users\JBNU\git\ConstraintsRecovery\assets\tankwar\asset83",11,11,"C:\Users\JBNU\git\ConstraintsRecovery\assets\tankwar\asset83:IF:4-23","TankWar_P3","RESOLVED_INTERNAL"
"E668","G17","TankWar_P3","FIELD","NOTE","Sprach.NOTE","C:\Users\JBNU\git\ConstraintsRecovery\assets\tankwar\asset83",12,12,"C:\Users\JBNU\git\ConstraintsRecovery\assets\tankwar\asset83:IF:4-23","TankWar_P3","RESOLVED_INTERNAL"
"E669","G17","TankWar_P3","FIELD","MAIN_MENU","Sprach.MAIN_MENU","C:\Users\JBNU\git\ConstraintsRecovery\assets\tankwar\asset83",13,13,"C:\Users\JBNU\git\ConstraintsRecovery\assets\tankwar\asset83:IF:4-23","TankWar_P3","RESOLVED_INTERNAL"
"E670","G17","TankWar_P3","FIELD","PAUSE","Sprach.PAUSE","C:\Users\JBNU\git\ConstraintsRecovery\assets\tankwar\asset83",14,14,"C:\Users\JBNU\git\ConstraintsRecovery\assets\tankwar\asset83:IF:4-23","TankWar_P3","RESOLVED_INTERNAL"
"E671","G17","TankWar_P3","FIELD","HNOTE","Sprach.HNOTE","C:\Users\JBNU\git\ConstraintsRecovery\assets\tankwar\asset83",15,15,"C:\Users\JBNU\git\ConstraintsRecovery\assets\tankwar\asset83:IF:4-23","TankWar_P3","RESOLVED_INTERNAL"
"E672","G17","TankWar_P3","FIELD","Name","Sprach.Name","C:\Users\JBNU\git\ConstraintsRecovery\assets\tankwar\asset83",16,16,"C:\Users\JBNU\git\ConstraintsRecovery\assets\tankwar\asset83:IF:4-23","TankWar_P3","RESOLVED_INTERNAL"
"E673","G17","TankWar_P3","FIELD","LOSE","Sprach.LOSE","C:\Users\JBNU\git\ConstraintsRecovery\assets\tankwar\asset83",17,17,"C:\Users\JBNU\git\ConstraintsRecovery\assets\tankwar\asset83:IF:4-23","TankWar_P3","RESOLVED_INTERNAL"
"E674","G17","TankWar_P3","FIELD","LEVEL","Sprach.LEVEL","C:\Users\JBNU\git\ConstraintsRecovery\assets\tankwar\asset83",18,18,"C:\Users\JBNU\git\ConstraintsRecovery\assets\tankwar\asset83:IF:4-23","TankWar_P3","RESOLVED_INTERNAL"
"E675","G17","TankWar_P3","FIELD","WIN","Sprach.WIN","C:\Users\JBNU\git\ConstraintsRecovery\assets\tankwar\asset83",19,19,"C:\Users\JBNU\git\ConstraintsRecovery\assets\tankwar\asset83:IF:4-23","TankWar_P3","RESOLVED_INTERNAL"
"E676","G17","TankWar_P3","FIELD","TANKA","Sprach.TANKA","C:\Users\JBNU\git\ConstraintsRecovery\assets\tankwar\asset83",20,20,"C:\Users\JBNU\git\ConstraintsRecovery\assets\tankwar\asset83:IF:4-23","TankWar_P3","RESOLVED_INTERNAL"
"E677","G17","TankWar_P3","FIELD","TANKB","Sprach.TANKB","C:\Users\JBNU\git\ConstraintsRecovery\assets\tankwar\asset83",21,21,"C:\Users\JBNU\git\ConstraintsRecovery\assets\tankwar\asset83:IF:4-23","TankWar_P3","RESOLVED_INTERNAL"
"E678","G17","TankWar_P3","FIELD","TANKC","Sprach.TANKC","C:\Users\JBNU\git\ConstraintsRecovery\assets\tankwar\asset83",22,22,"C:\Users\JBNU\git\ConstraintsRecovery\assets\tankwar\asset83:IF:4-23","TankWar_P3","RESOLVED_INTERNAL"
"E679","G20","TankWar_P4","CLASS","TankManager","TankManager","C:\Users\JBNU\git\ConstraintsRecovery\assets\tankwar\asset84",8,29,"C:\Users\JBNU\git\ConstraintsRecovery\assets\tankwar\asset84:IF:4-29","TankWar_P4","RESOLVED_INTERNAL"
"E680","G20","TankWar_P4","FIELD","sound","TankManager.sound","C:\Users\JBNU\git\ConstraintsRecovery\assets\tankwar\asset84",9,9,"C:\Users\JBNU\git\ConstraintsRecovery\assets\tankwar\asset84:IF:4-29","TankWar_P4","RESOLVED_INTERNAL"
"E681","G20","TankWar_P4","CONSTRUCTOR","TankManager","TankManager.TankManager","C:\Users\JBNU\git\ConstraintsRecovery\assets\tankwar\asset84",10,12,"C:\Users\JBNU\git\ConstraintsRecovery\assets\tankwar\asset84:IF:4-29","TankWar_P4","RESOLVED_INTERNAL"
"E682","G20","TankWar_P4","METHOD","aktualisieren","TankManager.aktualisieren","C:\Users\JBNU\git\ConstraintsRecovery\assets\tankwar\asset84",13,28,"C:\Users\JBNU\git\ConstraintsRecovery\assets\tankwar\asset84:IF:4-29","TankWar_P4","RESOLVED_INTERNAL"
"E683","G4","TankWar_P1|TankWar_P2|TankWar_P3|TankWar_P4|TankWar_P5","CLASS","TankManager$$TankWar","TankManager$$TankWar","C:\Users\JBNU\git\ConstraintsRecovery\assets\tankwar\asset9",17,248,"C:\Users\JBNU\git\ConstraintsRecovery\assets\tankwar\asset9:IF:8-248","TankWar_P1|TankWar_P2|TankWar_P3|TankWar_P4|TankWar_P5","RESOLVED_INTERNAL"
"E684","G4","TankWar_P1|TankWar_P2|TankWar_P3|TankWar_P4|TankWar_P5","FIELD","maler","TankManager$$TankWar.maler","C:\Users\JBNU\git\ConstraintsRecovery\assets\tankwar\asset9",18,18,"C:\Users\JBNU\git\ConstraintsRecovery\assets\tankwar\asset9:IF:8-248","TankWar_P1|TankWar_P2|TankWar_P3|TankWar_P4|TankWar_P5","RESOLVED_INTERNAL"
"E685","G4","TankWar_P1|TankWar_P2|TankWar_P3|TankWar_P4|TankWar_P5","FIELD","status","TankManager$$TankWar.status","C:\Users\JBNU\git\ConstraintsRecovery\assets\tankwar\asset9",19,19,"C:\Users\JBNU\git\ConstraintsRecovery\assets\tankwar\asset9:IF:8-248","TankWar_P1|TankWar_P2|TankWar_P3|TankWar_P4|TankWar_P5","RESOLVED_INTERNAL"
"E686","G4","TankWar_P1|TankWar_P2|TankWar_P3|TankWar_P4|TankWar_P5","FIELD","screenHeight","TankManager$$TankWar.screenHeight","C:\Users\JBNU\git\ConstraintsRecovery\assets\tankwar\asset9",20,20,"C:\Users\JBNU\git\ConstraintsRecovery\assets\tankwar\asset9:IF:8-248","TankWar_P1|TankWar_P2|TankWar_P3|TankWar_P4|TankWar_P5","RESOLVED_INTERNAL"
"E687","G4","TankWar_P1|TankWar_P2|TankWar_P3|TankWar_P4|TankWar_P5","FIELD","screenWidth","TankManager$$TankWar.screenWidth","C:\Users\JBNU\git\ConstraintsRecovery\assets\tankwar\asset9",20,20,"C:\Users\JBNU\git\ConstraintsRecovery\assets\tankwar\asset9:IF:8-248","TankWar_P1|TankWar_P2|TankWar_P3|TankWar_P4|TankWar_P5","RESOLVED_INTERNAL"
"E688","G4","TankWar_P1|TankWar_P2|TankWar_P3|TankWar_P4|TankWar_P5","FIELD","koernigkeit","TankManager$$TankWar.koernigkeit","C:\Users\JBNU\git\ConstraintsRecovery\assets\tankwar\asset9",21,21,"C:\Users\JBNU\git\ConstraintsRecovery\assets\tankwar\asset9:IF:8-248","TankWar_P1|TankWar_P2|TankWar_P3|TankWar_P4|TankWar_P5","RESOLVED_INTERNAL"
"E689","G4","TankWar_P1|TankWar_P2|TankWar_P3|TankWar_P4|TankWar_P5","FIELD","koernigkeit2","TankManager$$TankWar.koernigkeit2","C:\Users\JBNU\git\ConstraintsRecovery\assets\tankwar\asset9",21,21,"C:\Users\JBNU\git\ConstraintsRecovery\assets\tankwar\asset9:IF:8-248","TankWar_P1|TankWar_P2|TankWar_P3|TankWar_P4|TankWar_P5","RESOLVED_INTERNAL"
"E690","G4","TankWar_P1|TankWar_P2|TankWar_P3|TankWar_P4|TankWar_P5","FIELD","name","TankManager$$TankWar.name","C:\Users\JBNU\git\ConstraintsRecovery\assets\tankwar\asset9",22,22,"C:\Users\JBNU\git\ConstraintsRecovery\assets\tankwar\asset9:IF:8-248","TankWar_P1|TankWar_P2|TankWar_P3|TankWar_P4|TankWar_P5","RESOLVED_INTERNAL"
"E691","G4","TankWar_P1|TankWar_P2|TankWar_P3|TankWar_P4|TankWar_P5","FIELD","tank1","TankManager$$TankWar.tank1","C:\Users\JBNU\git\ConstraintsRecovery\assets\tankwar\asset9",23,23,"C:\Users\JBNU\git\ConstraintsRecovery\assets\tankwar\asset9:IF:8-248","TankWar_P1|TankWar_P2|TankWar_P3|TankWar_P4|TankWar_P5","RESOLVED_INTERNAL"
"E692","G4","TankWar_P1|TankWar_P2|TankWar_P3|TankWar_P4|TankWar_P5","FIELD","tank2","TankManager$$TankWar.tank2","C:\Users\JBNU\git\ConstraintsRecovery\assets\tankwar\asset9",24,24,"C:\Users\JBNU\git\ConstraintsRecovery\assets\tankwar\asset9:IF:8-248","TankWar_P1|TankWar_P2|TankWar_P3|TankWar_P4|TankWar_P5","RESOLVED_INTERNAL"
"E693","G4","TankWar_P1|TankWar_P2|TankWar_P3|TankWar_P4|TankWar_P5","FIELD","base","TankManager$$TankWar.base","C:\Users\JBNU\git\ConstraintsRecovery\assets\tankwar\asset9",25,25,"C:\Users\JBNU\git\ConstraintsRecovery\assets\tankwar\asset9:IF:8-248","TankWar_P1|TankWar_P2|TankWar_P3|TankWar_P4|TankWar_P5","RESOLVED_INTERNAL"
"E694","G4","TankWar_P1|TankWar_P2|TankWar_P3|TankWar_P4|TankWar_P5","FIELD","lvl","TankManager$$TankWar.lvl","C:\Users\JBNU\git\ConstraintsRecovery\assets\tankwar\asset9",26,26,"C:\Users\JBNU\git\ConstraintsRecovery\assets\tankwar\asset9:IF:8-248","TankWar_P1|TankWar_P2|TankWar_P3|TankWar_P4|TankWar_P5","RESOLVED_INTERNAL"
"E695","G4","TankWar_P1|TankWar_P2|TankWar_P3|TankWar_P4|TankWar_P5","FIELD","tankMenge","TankManager$$TankWar.tankMenge","C:\Users\JBNU\git\ConstraintsRecovery\assets\tankwar\asset9",27,27,"C:\Users\JBNU\git\ConstraintsRecovery\assets\tankwar\asset9:IF:8-248","TankWar_P1|TankWar_P2|TankWar_P3|TankWar_P4|TankWar_P5","RESOLVED_INTERNAL"
"E696","G4","TankWar_P1|TankWar_P2|TankWar_P3|TankWar_P4|TankWar_P5","FIELD","missilesMenge","TankManager$$TankWar.missilesMenge","C:\Users\JBNU\git\ConstraintsRecovery\assets\tankwar\asset9",28,28,"C:\Users\JBNU\git\ConstraintsRecovery\assets\tankwar\asset9:IF:8-248","TankWar_P1|TankWar_P2|TankWar_P3|TankWar_P4|TankWar_P5","RESOLVED_INTERNAL"
"E697","G4","TankWar_P1|TankWar_P2|TankWar_P3|TankWar_P4|TankWar_P5","FIELD","brickwall","TankManager$$TankWar.brickwall","C:\Users\JBNU\git\ConstraintsRecovery\assets\tankwar\asset9",29,29,"C:\Users\JBNU\git\ConstraintsRecovery\assets\tankwar\asset9:IF:8-248","TankWar_P1|TankWar_P2|TankWar_P3|TankWar_P4|TankWar_P5","RESOLVED_INTERNAL"
"E698","G4","TankWar_P1|TankWar_P2|TankWar_P3|TankWar_P4|TankWar_P5","FIELD","metalwall","TankManager$$TankWar.metalwall","C:\Users\JBNU\git\ConstraintsRecovery\assets\tankwar\asset9",30,30,"C:\Users\JBNU\git\ConstraintsRecovery\assets\tankwar\asset9:IF:8-248","TankWar_P1|TankWar_P2|TankWar_P3|TankWar_P4|TankWar_P5","RESOLVED_INTERNAL"
"E699","G4","TankWar_P1|TankWar_P2|TankWar_P3|TankWar_P4|TankWar_P5","FIELD","grasswall","TankManager$$TankWar.grasswall","C:\Users\JBNU\git\ConstraintsRecovery\assets\tankwar\asset9",31,31,"C:\Users\JBNU\git\ConstraintsRecovery\assets\tankwar\asset9:IF:8-248","TankWar_P1|TankWar_P2|TankWar_P3|TankWar_P4|TankWar_P5","RESOLVED_INTERNAL"
"E700","G4","TankWar_P1|TankWar_P2|TankWar_P3|TankWar_P4|TankWar_P5","FIELD","waterwall","TankManager$$TankWar.waterwall","C:\Users\JBNU\git\ConstraintsRecovery\assets\tankwar\asset9",32,32,"C:\Users\JBNU\git\ConstraintsRecovery\assets\tankwar\asset9:IF:8-248","TankWar_P1|TankWar_P2|TankWar_P3|TankWar_P4|TankWar_P5","RESOLVED_INTERNAL"
"E701","G4","TankWar_P1|TankWar_P2|TankWar_P3|TankWar_P4|TankWar_P5","FIELD","enemyPosition","TankManager$$TankWar.enemyPosition","C:\Users\JBNU\git\ConstraintsRecovery\assets\tankwar\asset9",33,33,"C:\Users\JBNU\git\ConstraintsRecovery\assets\tankwar\asset9:IF:8-248","TankWar_P1|TankWar_P2|TankWar_P3|TankWar_P4|TankWar_P5","RESOLVED_INTERNAL"
"E702","G4","TankWar_P1|TankWar_P2|TankWar_P3|TankWar_P4|TankWar_P5","FIELD","enemyType","TankManager$$TankWar.enemyType","C:\Users\JBNU\git\ConstraintsRecovery\assets\tankwar\asset9",34,34,"C:\Users\JBNU\git\ConstraintsRecovery\assets\tankwar\asset9:IF:8-248","TankWar_P1|TankWar_P2|TankWar_P3|TankWar_P4|TankWar_P5","RESOLVED_INTERNAL"
"E703","G4","TankWar_P1|TankWar_P2|TankWar_P3|TankWar_P4|TankWar_P5","FIELD","playerPositionX","TankManager$$TankWar.playerPositionX","C:\Users\JBNU\git\ConstraintsRecovery\assets\tankwar\asset9",35,35,"C:\Users\JBNU\git\ConstraintsRecovery\assets\tankwar\asset9:IF:8-248","TankWar_P1|TankWar_P2|TankWar_P3|TankWar_P4|TankWar_P5","RESOLVED_INTERNAL"
"E704","G4","TankWar_P1|TankWar_P2|TankWar_P3|TankWar_P4|TankWar_P5","FIELD","playerPositionY","TankManager$$TankWar.playerPositionY","C:\Users\JBNU\git\ConstraintsRecovery\assets\tankwar\asset9",36,36,"C:\Users\JBNU\git\ConstraintsRecovery\assets\tankwar\asset9:IF:8-248","TankWar_P1|TankWar_P2|TankWar_P3|TankWar_P4|TankWar_P5","RESOLVED_INTERNAL"
"E705","G4","TankWar_P1|TankWar_P2|TankWar_P3|TankWar_P4|TankWar_P5","FIELD","bPositionX","TankManager$$TankWar.bPositionX","C:\Users\JBNU\git\ConstraintsRecovery\assets\tankwar\asset9",37,37,"C:\Users\JBNU\git\ConstraintsRecovery\assets\tankwar\asset9:IF:8-248","TankWar_P1|TankWar_P2|TankWar_P3|TankWar_P4|TankWar_P5","RESOLVED_INTERNAL"
"E706","G4","TankWar_P1|TankWar_P2|TankWar_P3|TankWar_P4|TankWar_P5","FIELD","bPositionY","TankManager$$TankWar.bPositionY","C:\Users\JBNU\git\ConstraintsRecovery\assets\tankwar\asset9",38,38,"C:\Users\JBNU\git\ConstraintsRecovery\assets\tankwar\asset9:IF:8-248","TankWar_P1|TankWar_P2|TankWar_P3|TankWar_P4|TankWar_P5","RESOLVED_INTERNAL"
"E707","G4","TankWar_P1|TankWar_P2|TankWar_P3|TankWar_P4|TankWar_P5","FIELD","tankAllNum","TankManager$$TankWar.tankAllNum","C:\Users\JBNU\git\ConstraintsRecovery\assets\tankwar\asset9",39,39,"C:\Users\JBNU\git\ConstraintsRecovery\assets\tankwar\asset9:IF:8-248","TankWar_P1|TankWar_P2|TankWar_P3|TankWar_P4|TankWar_P5","RESOLVED_INTERNAL"
"E708","G4","TankWar_P1|TankWar_P2|TankWar_P3|TankWar_P4|TankWar_P5","FIELD","tankMaxNum","TankManager$$TankWar.tankMaxNum","C:\Users\JBNU\git\ConstraintsRecovery\assets\tankwar\asset9",40,40,"C:\Users\JBNU\git\ConstraintsRecovery\assets\tankwar\asset9:IF:8-248","TankWar_P1|TankWar_P2|TankWar_P3|TankWar_P4|TankWar_P5","RESOLVED_INTERNAL"
"E709","G4","TankWar_P1|TankWar_P2|TankWar_P3|TankWar_P4|TankWar_P5","FIELD","enemyTankNum","TankManager$$TankWar.enemyTankNum","C:\Users\JBNU\git\ConstraintsRecovery\assets\tankwar\asset9",41,41,"C:\Users\JBNU\git\ConstraintsRecovery\assets\tankwar\asset9:IF:8-248","TankWar_P1|TankWar_P2|TankWar_P3|TankWar_P4|TankWar_P5","RESOLVED_INTERNAL"
"E710","G4","TankWar_P1|TankWar_P2|TankWar_P3|TankWar_P4|TankWar_P5","FIELD","random","TankManager$$TankWar.random","C:\Users\JBNU\git\ConstraintsRecovery\assets\tankwar\asset9",42,42,"C:\Users\JBNU\git\ConstraintsRecovery\assets\tankwar\asset9:IF:8-248","TankWar_P1|TankWar_P2|TankWar_P3|TankWar_P4|TankWar_P5","RESOLVED_INTERNAL"
"E711","G4","TankWar_P1|TankWar_P2|TankWar_P3|TankWar_P4|TankWar_P5","FIELD","game","TankManager$$TankWar.game","C:\Users\JBNU\git\ConstraintsRecovery\assets\tankwar\asset9",43,43,"C:\Users\JBNU\git\ConstraintsRecovery\assets\tankwar\asset9:IF:8-248","TankWar_P1|TankWar_P2|TankWar_P3|TankWar_P4|TankWar_P5","RESOLVED_INTERNAL"
"E712","G4","TankWar_P1|TankWar_P2|TankWar_P3|TankWar_P4|TankWar_P5","FIELD","mapReady","TankManager$$TankWar.mapReady","C:\Users\JBNU\git\ConstraintsRecovery\assets\tankwar\asset9",44,44,"C:\Users\JBNU\git\ConstraintsRecovery\assets\tankwar\asset9:IF:8-248","TankWar_P1|TankWar_P2|TankWar_P3|TankWar_P4|TankWar_P5","RESOLVED_INTERNAL"
"E713","G4","TankWar_P1|TankWar_P2|TankWar_P3|TankWar_P4|TankWar_P5","CONSTRUCTOR","TankManager$$TankWar","TankManager$$TankWar.TankManager$$TankWar","C:\Users\JBNU\git\ConstraintsRecovery\assets\tankwar\asset9",45,47,"C:\Users\JBNU\git\ConstraintsRecovery\assets\tankwar\asset9:IF:8-248","TankWar_P1|TankWar_P2|TankWar_P3|TankWar_P4|TankWar_P5","RESOLVED_INTERNAL"
"E714","G4","TankWar_P1|TankWar_P2|TankWar_P3|TankWar_P4|TankWar_P5","METHOD","main","TankManager$$TankWar.main","C:\Users\JBNU\git\ConstraintsRecovery\assets\tankwar\asset9",48,70,"C:\Users\JBNU\git\ConstraintsRecovery\assets\tankwar\asset9:IF:8-248","TankWar_P1|TankWar_P2|TankWar_P3|TankWar_P4|TankWar_P5","RESOLVED_INTERNAL"
"E715","G4","TankWar_P1|TankWar_P2|TankWar_P3|TankWar_P4|TankWar_P5","METHOD","init","TankManager$$TankWar.init","C:\Users\JBNU\git\ConstraintsRecovery\assets\tankwar\asset9",71,79,"C:\Users\JBNU\git\ConstraintsRecovery\assets\tankwar\asset9:IF:8-248","TankWar_P1|TankWar_P2|TankWar_P3|TankWar_P4|TankWar_P5","RESOLVED_INTERNAL"
"E716","G4","TankWar_P1|TankWar_P2|TankWar_P3|TankWar_P4|TankWar_P5","METHOD","aktualisieren","TankManager$$TankWar.aktualisieren","C:\Users\JBNU\git\ConstraintsRecovery\assets\tankwar\asset9",80,82,"C:\Users\JBNU\git\ConstraintsRecovery\assets\tankwar\asset9:IF:8-248","TankWar_P1|TankWar_P2|TankWar_P3|TankWar_P4|TankWar_P5","RESOLVED_INTERNAL"
"E717","G4","TankWar_P1|TankWar_P2|TankWar_P3|TankWar_P4|TankWar_P5","METHOD","keyPressBehandeln","TankManager$$TankWar.keyPressBehandeln","C:\Users\JBNU\git\ConstraintsRecovery\assets\tankwar\asset9",83,98,"C:\Users\JBNU\git\ConstraintsRecovery\assets\tankwar\asset9:IF:8-248","TankWar_P1|TankWar_P2|TankWar_P3|TankWar_P4|TankWar_P5","RESOLVED_INTERNAL"
"E718","G4","TankWar_P1|TankWar_P2|TankWar_P3|TankWar_P4|TankWar_P5","METHOD","keyReleaseBehandeln","TankManager$$TankWar.keyReleaseBehandeln","C:\Users\JBNU\git\ConstraintsRecovery\assets\tankwar\asset9",99,104,"C:\Users\JBNU\git\ConstraintsRecovery\assets\tankwar\asset9:IF:8-248","TankWar_P1|TankWar_P2|TankWar_P3|TankWar_P4|TankWar_P5","RESOLVED_INTERNAL"
"E719","G4","TankWar_P1|TankWar_P2|TankWar_P3|TankWar_P4|TankWar_P5","METHOD","malenkontrolle","TankManager$$TankWar.malenkontrolle","C:\Users\JBNU\git\ConstraintsRecovery\assets\tankwar\asset9",105,137,"C:\Users\JBNU\git\ConstraintsRecovery\assets\tankwar\asset9:IF:8-248","TankWar_P1|TankWar_P2|TankWar_P3|TankWar_P4|TankWar_P5","RESOLVED_INTERNAL"
"E720","G4","TankWar_P1|TankWar_P2|TankWar_P3|TankWar_P4|TankWar_P5","METHOD","komponenteMalen","TankManager$$TankWar.komponenteMalen","C:\Users\JBNU\git\ConstraintsRecovery\assets\tankwar\asset9",138,170,"C:\Users\JBNU\git\ConstraintsRecovery\assets\tankwar\asset9:IF:8-248","TankWar_P1|TankWar_P2|TankWar_P3|TankWar_P4|TankWar_P5","RESOLVED_INTERNAL"
"E721","G4","TankWar_P1|TankWar_P2|TankWar_P3|TankWar_P4|TankWar_P5","METHOD","gruppeMalen","TankManager$$TankWar.gruppeMalen","C:\Users\JBNU\git\ConstraintsRecovery\assets\tankwar\asset9",171,175,"C:\Users\JBNU\git\ConstraintsRecovery\assets\tankwar\asset9:IF:8-248","TankWar_P1|TankWar_P2|TankWar_P3|TankWar_P4|TankWar_P5","RESOLVED_INTERNAL"
"E722","G4","TankWar_P1|TankWar_P2|TankWar_P3|TankWar_P4|TankWar_P5","METHOD","setStatus","TankManager$$TankWar.setStatus","C:\Users\JBNU\git\ConstraintsRecovery\assets\tankwar\asset9",176,178,"C:\Users\JBNU\git\ConstraintsRecovery\assets\tankwar\asset9:IF:8-248","TankWar_P1|TankWar_P2|TankWar_P3|TankWar_P4|TankWar_P5","RESOLVED_INTERNAL"
"E723","G4","TankWar_P1|TankWar_P2|TankWar_P3|TankWar_P4|TankWar_P5","METHOD","mapLaden","TankManager$$TankWar.mapLaden","C:\Users\JBNU\git\ConstraintsRecovery\assets\tankwar\asset9",179,198,"C:\Users\JBNU\git\ConstraintsRecovery\assets\tankwar\asset9:IF:8-248","TankWar_P1|TankWar_P2|TankWar_P3|TankWar_P4|TankWar_P5","RESOLVED_INTERNAL"
"E724","G4","TankWar_P1|TankWar_P2|TankWar_P3|TankWar_P4|TankWar_P5","METHOD","tanksLaden","TankManager$$TankWar.tanksLaden","C:\Users\JBNU\git\ConstraintsRecovery\assets\tankwar\asset9",199,220,"C:\Users\JBNU\git\ConstraintsRecovery\assets\tankwar\asset9:IF:8-248","TankWar_P1|TankWar_P2|TankWar_P3|TankWar_P4|TankWar_P5","RESOLVED_INTERNAL"
"E725","G4","TankWar_P1|TankWar_P2|TankWar_P3|TankWar_P4|TankWar_P5","METHOD","addEnemyTank","TankManager$$TankWar.addEnemyTank","C:\Users\JBNU\git\ConstraintsRecovery\assets\tankwar\asset9",221,238,"C:\Users\JBNU\git\ConstraintsRecovery\assets\tankwar\asset9:IF:8-248","TankWar_P1|TankWar_P2|TankWar_P3|TankWar_P4|TankWar_P5","RESOLVED_INTERNAL"
"E726","G4","TankWar_P1|TankWar_P2|TankWar_P3|TankWar_P4|TankWar_P5","METHOD","getBlood","TankManager$$TankWar.getBlood","C:\Users\JBNU\git\ConstraintsRecovery\assets\tankwar\asset9",239,244,"C:\Users\JBNU\git\ConstraintsRecovery\assets\tankwar\asset9:IF:8-248","TankWar_P1|TankWar_P2|TankWar_P3|TankWar_P4|TankWar_P5","RESOLVED_INTERNAL"
"E727","G4","TankWar_P1|TankWar_P2|TankWar_P3|TankWar_P4|TankWar_P5","METHOD","getTankMenge","TankManager$$TankWar.getTankMenge","C:\Users\JBNU\git\ConstraintsRecovery\assets\tankwar\asset9",245,247,"C:\Users\JBNU\git\ConstraintsRecovery\assets\tankwar\asset9:IF:8-248","TankWar_P1|TankWar_P2|TankWar_P3|TankWar_P4|TankWar_P5","RESOLVED_INTERNAL"
