evidence_id,candidate_id,source_file,source_line,source_entity,source_entity_type,source_block_id,source_asset_id,source_is_outermost,target_file,target_line,target_entity,target_entity_type,target_block_id,target_asset_id,target_is_outermost,dependency_kind,code_snippet,source_products,target_products
D2,RC-0001,C:\Users\JBNU\git\ConstraintsRecovery\assets\tankwar\asset10,21,Tank$$Tools.malen,METHOD,C:\Users\JBNU\git\ConstraintsRecovery\assets\tankwar\asset10:IF:8-42,asset10,true,C:\Users\JBNU\git\ConstraintsRecovery\assets\tankwar\asset10,38,Tank$$Tools.toolKontroller,METHOD,C:\Users\JBNU\git\ConstraintsRecovery\assets\tankwar\asset10:IF:8-42,asset10,true,METHOD_CALL,toolKontroller();,TankWar_P1|TankWar_P2|TankWar_P3|TankWar_P4|TankWar_P5,TankWar_P1|TankWar_P2|TankWar_P3|TankWar_P4|TankWar_P5
D1,RC-0002,C:\Users\JBNU\git\ConstraintsRecovery\assets\tankwar\asset10,14,Tank$$Tools,CLASS,C:\Users\JBNU\git\ConstraintsRecovery\assets\tankwar\asset10:IF:8-42,asset10,true,C:\Users\JBNU\git\ConstraintsRecovery\assets\tankwar\asset14,14,Tank$$TankWar,CLASS,C:\Users\JBNU\git\ConstraintsRecovery\assets\tankwar\asset14:IF:8-384,asset14,true,EXTENDS,abstract class Tank$$Tools extends Tank$$TankWar {,TankWar_P1|TankWar_P2|TankWar_P3|TankWar_P4|TankWar_P5,TankWar_P1|TankWar_P2|TankWar_P3|TankWar_P4|TankWar_P5
D3,RC-0003,C:\Users\JBNU\git\ConstraintsRecovery\assets\tankwar\asset10,30,Tank$$Tools.malen,METHOD,C:\Users\JBNU\git\ConstraintsRecovery\assets\tankwar\asset10:IF:8-42,asset10,true,C:\Users\JBNU\git\ConstraintsRecovery\assets\tankwar\asset14,230,Tank$$TankWar.feuern,METHOD,C:\Users\JBNU\git\ConstraintsRecovery\assets\tankwar\asset14:IF:8-384,asset14,true,METHOD_CALL,feuern();,TankWar_P1|TankWar_P2|TankWar_P3|TankWar_P4|TankWar_P5,TankWar_P1|TankWar_P2|TankWar_P3|TankWar_P4|TankWar_P5
D27,RC-0004,C:\Users\JBNU\git\ConstraintsRecovery\assets\tankwar\asset11,48,MapInfo.MapInfo,CONSTRUCTOR,C:\Users\JBNU\git\ConstraintsRecovery\assets\tankwar\asset11:IF:8-132,asset11,true,C:\Users\JBNU\git\ConstraintsRecovery\assets\tankwar\asset11,50,MapInfo.readMap,METHOD,C:\Users\JBNU\git\ConstraintsRecovery\assets\tankwar\asset11:IF:8-132,asset11,true,METHOD_CALL,this.readMap(x);,TankWar_P1|TankWar_P2|TankWar_P3|TankWar_P4|TankWar_P5,TankWar_P1|TankWar_P2|TankWar_P3|TankWar_P4|TankWar_P5
D26,RC-0005,C:\Users\JBNU\git\ConstraintsRecovery\assets\tankwar\asset11,46,MapInfo.MapInfo,CONSTRUCTOR,C:\Users\JBNU\git\ConstraintsRecovery\assets\tankwar\asset11:IF:8-132,asset11,true,C:\Users\JBNU\git\ConstraintsRecovery\assets\tankwar\asset11,18,MapInfo.tankManager,FIELD,C:\Users\JBNU\git\ConstraintsRecovery\assets\tankwar\asset11:IF:8-132,asset11,true,FIELD_REFERENCE,this.tankManager = tankM;,TankWar_P1|TankWar_P2|TankWar_P3|TankWar_P4|TankWar_P5,TankWar_P1|TankWar_P2|TankWar_P3|TankWar_P4|TankWar_P5
D24,RC-0006,C:\Users\JBNU\git\ConstraintsRecovery\assets\tankwar\asset11,126,MapInfo.readMap,METHOD,C:\Users\JBNU\git\ConstraintsRecovery\assets\tankwar\asset11:IF:8-132,asset11,true,C:\Users\JBNU\git\ConstraintsRecovery\assets\tankwar\asset11,23,MapInfo.baseLocationX,FIELD,C:\Users\JBNU\git\ConstraintsRecovery\assets\tankwar\asset11:IF:8-132,asset11,true,FIELD_REFERENCE,baseLocationX = ((int) toChar[i + 1] - 48) * 10 + (int) toChar[i + 2] - 48;,TankWar_P1|TankWar_P2|TankWar_P3|TankWar_P4|TankWar_P5,TankWar_P1|TankWar_P2|TankWar_P3|TankWar_P4|TankWar_P5
D25,RC-0007,C:\Users\JBNU\git\ConstraintsRecovery\assets\tankwar\asset11,127,MapInfo.readMap,METHOD,C:\Users\JBNU\git\ConstraintsRecovery\assets\tankwar\asset11:IF:8-132,asset11,true,C:\Users\JBNU\git\ConstraintsRecovery\assets\tankwar\asset11,24,MapInfo.baseLocationY,FIELD,C:\Users\JBNU\git\ConstraintsRecovery\assets\tankwar\asset11:IF:8-132,asset11,true,FIELD_REFERENCE,baseLocationY = ((int) toChar[i + 3] - 48) * 10 + (int) toChar[i + 4] - 48;,TankWar_P1|TankWar_P2|TankWar_P3|TankWar_P4|TankWar_P5,TankWar_P1|TankWar_P2|TankWar_P3|TankWar_P4|TankWar_P5
D38,RC-0008,C:\Users\JBNU\git\ConstraintsRecovery\assets\tankwar\asset11,82,MapInfo.readMap,METHOD,C:\Users\JBNU\git\ConstraintsRecovery\assets\tankwar\asset11:IF:8-132,asset11,true,C:\Users\JBNU\git\ConstraintsRecovery\assets\tankwar\asset11,12,MapInfo.brickWall,FIELD,C:\Users\JBNU\git\ConstraintsRecovery\assets\tankwar\asset11:IF:8-132,asset11,true,FIELD_REFERENCE,"brickWall.addElement(new Wall(tankManager, brickWallLocationX, brickWallLocationY, brickWallWidth, brickWallHeight, 31));",TankWar_P1|TankWar_P2|TankWar_P3|TankWar_P4|TankWar_P5,TankWar_P1|TankWar_P2|TankWar_P3|TankWar_P4|TankWar_P5
D36,RC-0009,C:\Users\JBNU\git\ConstraintsRecovery\assets\tankwar\asset11,81,MapInfo.readMap,METHOD,C:\Users\JBNU\git\ConstraintsRecovery\assets\tankwar\asset11:IF:8-132,asset11,true,C:\Users\JBNU\git\ConstraintsRecovery\assets\tankwar\asset11,28,MapInfo.brickWallHeight,FIELD,C:\Users\JBNU\git\ConstraintsRecovery\assets\tankwar\asset11:IF:8-132,asset11,true,FIELD_REFERENCE,brickWallHeight = (((int) toChar[i + 7] - 48) * 10 + (int) toChar[i + 8] - 48);,TankWar_P1|TankWar_P2|TankWar_P3|TankWar_P4|TankWar_P5,TankWar_P1|TankWar_P2|TankWar_P3|TankWar_P4|TankWar_P5
D43,RC-0009,C:\Users\JBNU\git\ConstraintsRecovery\assets\tankwar\asset11,82,MapInfo.readMap,METHOD,C:\Users\JBNU\git\ConstraintsRecovery\assets\tankwar\asset11:IF:8-132,asset11,true,C:\Users\JBNU\git\ConstraintsRecovery\assets\tankwar\asset11,28,MapInfo.brickWallHeight,FIELD,C:\Users\JBNU\git\ConstraintsRecovery\assets\tankwar\asset11:IF:8-132,asset11,true,FIELD_REFERENCE,"brickWall.addElement(new Wall(tankManager, brickWallLocationX, brickWallLocationY, brickWallWidth, brickWallHeight, 31));",TankWar_P1|TankWar_P2|TankWar_P3|TankWar_P4|TankWar_P5,TankWar_P1|TankWar_P2|TankWar_P3|TankWar_P4|TankWar_P5
D33,RC-0010,C:\Users\JBNU\git\ConstraintsRecovery\assets\tankwar\asset11,78,MapInfo.readMap,METHOD,C:\Users\JBNU\git\ConstraintsRecovery\assets\tankwar\asset11:IF:8-132,asset11,true,C:\Users\JBNU\git\ConstraintsRecovery\assets\tankwar\asset11,25,MapInfo.brickWallLocationX,FIELD,C:\Users\JBNU\git\ConstraintsRecovery\assets\tankwar\asset11:IF:8-132,asset11,true,FIELD_REFERENCE,brickWallLocationX = (((int) toChar[i + 1] - 48) * 10 + (int) toChar[i + 2] - 48);,TankWar_P1|TankWar_P2|TankWar_P3|TankWar_P4|TankWar_P5,TankWar_P1|TankWar_P2|TankWar_P3|TankWar_P4|TankWar_P5
D40,RC-0010,C:\Users\JBNU\git\ConstraintsRecovery\assets\tankwar\asset11,82,MapInfo.readMap,METHOD,C:\Users\JBNU\git\ConstraintsRecovery\assets\tankwar\asset11:IF:8-132,asset11,true,C:\Users\JBNU\git\ConstraintsRecovery\assets\tankwar\asset11,25,MapInfo.brickWallLocationX,FIELD,C:\Users\JBNU\git\ConstraintsRecovery\assets\tankwar\asset11:IF:8-132,asset11,true,FIELD_REFERENCE,"brickWall.addElement(new Wall(tankManager, brickWallLocationX, brickWallLocationY, brickWallWidth, brickWallHeight, 31));",TankWar_P1|TankWar_P2|TankWar_P3|TankWar_P4|TankWar_P5,TankWar_P1|TankWar_P2|TankWar_P3|TankWar_P4|TankWar_P5
D34,RC-0011,C:\Users\JBNU\git\ConstraintsRecovery\assets\tankwar\asset11,79,MapInfo.readMap,METHOD,C:\Users\JBNU\git\ConstraintsRecovery\assets\tankwar\asset11:IF:8-132,asset11,true,C:\Users\JBNU\git\ConstraintsRecovery\assets\tankwar\asset11,26,MapInfo.brickWallLocationY,FIELD,C:\Users\JBNU\git\ConstraintsRecovery\assets\tankwar\asset11:IF:8-132,asset11,true,FIELD_REFERENCE,brickWallLocationY = (((int) toChar[i + 3] - 48) * 10 + (int) toChar[i + 4] - 48);,TankWar_P1|TankWar_P2|TankWar_P3|TankWar_P4|TankWar_P5,TankWar_P1|TankWar_P2|TankWar_P3|TankWar_P4|TankWar_P5
D41,RC-0011,C:\Users\JBNU\git\ConstraintsRecovery\assets\tankwar\asset11,82,MapInfo.readMap,METHOD,C:\Users\JBNU\git\ConstraintsRecovery\assets\tankwar\asset11:IF:8-132,asset11,true,C:\Users\JBNU\git\ConstraintsRecovery\assets\tankwar\asset11,26,MapInfo.brickWallLocationY,FIELD,C:\Users\JBNU\git\ConstraintsRecovery\assets\tankwar\asset11:IF:8-132,asset11,true,FIELD_REFERENCE,"brickWall.addElement(new Wall(tankManager, brickWallLocationX, brickWallLocationY, brickWallWidth, brickWallHeight, 31));",TankWar_P1|TankWar_P2|TankWar_P3|TankWar_P4|TankWar_P5,TankWar_P1|TankWar_P2|TankWar_P3|TankWar_P4|TankWar_P5
D35,RC-0012,C:\Users\JBNU\git\ConstraintsRecovery\assets\tankwar\asset11,80,MapInfo.readMap,METHOD,C:\Users\JBNU\git\ConstraintsRecovery\assets\tankwar\asset11:IF:8-132,asset11,true,C:\Users\JBNU\git\ConstraintsRecovery\assets\tankwar\asset11,27,MapInfo.brickWallWidth,FIELD,C:\Users\JBNU\git\ConstraintsRecovery\assets\tankwar\asset11:IF:8-132,asset11,true,FIELD_REFERENCE,brickWallWidth = (((int) toChar[i + 5] - 48) * 10 + (int) toChar[i + 6] - 48);,TankWar_P1|TankWar_P2|TankWar_P3|TankWar_P4|TankWar_P5,TankWar_P1|TankWar_P2|TankWar_P3|TankWar_P4|TankWar_P5
D42,RC-0012,C:\Users\JBNU\git\ConstraintsRecovery\assets\tankwar\asset11,82,MapInfo.readMap,METHOD,C:\Users\JBNU\git\ConstraintsRecovery\assets\tankwar\asset11:IF:8-132,asset11,true,C:\Users\JBNU\git\ConstraintsRecovery\assets\tankwar\asset11,27,MapInfo.brickWallWidth,FIELD,C:\Users\JBNU\git\ConstraintsRecovery\assets\tankwar\asset11:IF:8-132,asset11,true,FIELD_REFERENCE,"brickWall.addElement(new Wall(tankManager, brickWallLocationX, brickWallLocationY, brickWallWidth, brickWallHeight, 31));",TankWar_P1|TankWar_P2|TankWar_P3|TankWar_P4|TankWar_P5,TankWar_P1|TankWar_P2|TankWar_P3|TankWar_P4|TankWar_P5
D17,RC-0013,C:\Users\JBNU\git\ConstraintsRecovery\assets\tankwar\asset11,111,MapInfo.readMap,METHOD,C:\Users\JBNU\git\ConstraintsRecovery\assets\tankwar\asset11:IF:8-132,asset11,true,C:\Users\JBNU\git\ConstraintsRecovery\assets\tankwar\asset11,42,MapInfo.enemyAllNr,FIELD,C:\Users\JBNU\git\ConstraintsRecovery\assets\tankwar\asset11:IF:8-132,asset11,true,FIELD_REFERENCE,enemyAllNr = ((int) toChar[i + 1] - 48) * 10 + (int) toChar[i + 2] - 48;,TankWar_P1|TankWar_P2|TankWar_P3|TankWar_P4|TankWar_P5,TankWar_P1|TankWar_P2|TankWar_P3|TankWar_P4|TankWar_P5
D14,RC-0014,C:\Users\JBNU\git\ConstraintsRecovery\assets\tankwar\asset11,106,MapInfo.readMap,METHOD,C:\Users\JBNU\git\ConstraintsRecovery\assets\tankwar\asset11:IF:8-132,asset11,true,C:\Users\JBNU\git\ConstraintsRecovery\assets\tankwar\asset11,41,MapInfo.enemyLocation,FIELD,C:\Users\JBNU\git\ConstraintsRecovery\assets\tankwar\asset11:IF:8-132,asset11,true,FIELD_REFERENCE,enemyLocation = ((int) toChar[i + 1] - 48) * 1000 + ((int) toChar[i + 2] - 48) * 100 + ((int) toChar[i + 3] - 48) * 10 + (int) toChar[i + 4] - 48;,TankWar_P1|TankWar_P2|TankWar_P3|TankWar_P4|TankWar_P5,TankWar_P1|TankWar_P2|TankWar_P3|TankWar_P4|TankWar_P5
D15,RC-0014,C:\Users\JBNU\git\ConstraintsRecovery\assets\tankwar\asset11,107,MapInfo.readMap,METHOD,C:\Users\JBNU\git\ConstraintsRecovery\assets\tankwar\asset11:IF:8-132,asset11,true,C:\Users\JBNU\git\ConstraintsRecovery\assets\tankwar\asset11,41,MapInfo.enemyLocation,FIELD,C:\Users\JBNU\git\ConstraintsRecovery\assets\tankwar\asset11:IF:8-132,asset11,true,FIELD_REFERENCE,Integer temp = new Integer(enemyLocation);,TankWar_P1|TankWar_P2|TankWar_P3|TankWar_P4|TankWar_P5,TankWar_P1|TankWar_P2|TankWar_P3|TankWar_P4|TankWar_P5
D18,RC-0015,C:\Users\JBNU\git\ConstraintsRecovery\assets\tankwar\asset11,114,MapInfo.readMap,METHOD,C:\Users\JBNU\git\ConstraintsRecovery\assets\tankwar\asset11:IF:8-132,asset11,true,C:\Users\JBNU\git\ConstraintsRecovery\assets\tankwar\asset11,43,MapInfo.enemyMaxNr,FIELD,C:\Users\JBNU\git\ConstraintsRecovery\assets\tankwar\asset11:IF:8-132,asset11,true,FIELD_REFERENCE,enemyMaxNr = ((int) toChar[i + 1] - 48) * 10 + (int) toChar[i + 2] - 48;,TankWar_P1|TankWar_P2|TankWar_P3|TankWar_P4|TankWar_P5,TankWar_P1|TankWar_P2|TankWar_P3|TankWar_P4|TankWar_P5
D16,RC-0016,C:\Users\JBNU\git\ConstraintsRecovery\assets\tankwar\asset11,108,MapInfo.readMap,METHOD,C:\Users\JBNU\git\ConstraintsRecovery\assets\tankwar\asset11:IF:8-132,asset11,true,C:\Users\JBNU\git\ConstraintsRecovery\assets\tankwar\asset11,16,MapInfo.enemyPosition,FIELD,C:\Users\JBNU\git\ConstraintsRecovery\assets\tankwar\asset11:IF:8-132,asset11,true,FIELD_REFERENCE,enemyPosition.addElement(temp);,TankWar_P1|TankWar_P2|TankWar_P3|TankWar_P4|TankWar_P5,TankWar_P1|TankWar_P2|TankWar_P3|TankWar_P4|TankWar_P5
D19,RC-0017,C:\Users\JBNU\git\ConstraintsRecovery\assets\tankwar\asset11,117,MapInfo.readMap,METHOD,C:\Users\JBNU\git\ConstraintsRecovery\assets\tankwar\asset11:IF:8-132,asset11,true,C:\Users\JBNU\git\ConstraintsRecovery\assets\tankwar\asset11,44,MapInfo.enemyTy,FIELD,C:\Users\JBNU\git\ConstraintsRecovery\assets\tankwar\asset11:IF:8-132,asset11,true,FIELD_REFERENCE,enemyTy = ((int) toChar[i + 1] - 48) * 10 + (int) toChar[i + 2] - 48;,TankWar_P1|TankWar_P2|TankWar_P3|TankWar_P4|TankWar_P5,TankWar_P1|TankWar_P2|TankWar_P3|TankWar_P4|TankWar_P5
D20,RC-0017,C:\Users\JBNU\git\ConstraintsRecovery\assets\tankwar\asset11,118,MapInfo.readMap,METHOD,C:\Users\JBNU\git\ConstraintsRecovery\assets\tankwar\asset11:IF:8-132,asset11,true,C:\Users\JBNU\git\ConstraintsRecovery\assets\tankwar\asset11,44,MapInfo.enemyTy,FIELD,C:\Users\JBNU\git\ConstraintsRecovery\assets\tankwar\asset11:IF:8-132,asset11,true,FIELD_REFERENCE,Integer temp = new Integer(enemyTy);,TankWar_P1|TankWar_P2|TankWar_P3|TankWar_P4|TankWar_P5,TankWar_P1|TankWar_P2|TankWar_P3|TankWar_P4|TankWar_P5
D21,RC-0018,C:\Users\JBNU\git\ConstraintsRecovery\assets\tankwar\asset11,119,MapInfo.readMap,METHOD,C:\Users\JBNU\git\ConstraintsRecovery\assets\tankwar\asset11:IF:8-132,asset11,true,C:\Users\JBNU\git\ConstraintsRecovery\assets\tankwar\asset11,17,MapInfo.enemyType,FIELD,C:\Users\JBNU\git\ConstraintsRecovery\assets\tankwar\asset11:IF:8-132,asset11,true,FIELD_REFERENCE,enemyType.addElement(temp);,TankWar_P1|TankWar_P2|TankWar_P3|TankWar_P4|TankWar_P5,TankWar_P1|TankWar_P2|TankWar_P3|TankWar_P4|TankWar_P5
D60,RC-0019,C:\Users\JBNU\git\ConstraintsRecovery\assets\tankwar\asset11,96,MapInfo.readMap,METHOD,C:\Users\JBNU\git\ConstraintsRecovery\assets\tankwar\asset11:IF:8-132,asset11,true,C:\Users\JBNU\git\ConstraintsRecovery\assets\tankwar\asset11,14,MapInfo.grassWall,FIELD,C:\Users\JBNU\git\ConstraintsRecovery\assets\tankwar\asset11:IF:8-132,asset11,true,FIELD_REFERENCE,"grassWall.addElement(new Wall(tankManager, grassWallLocationX, grassWallLocationY, grassWallWidth, grassWallHeight, 32));",TankWar_P1|TankWar_P2|TankWar_P3|TankWar_P4|TankWar_P5,TankWar_P1|TankWar_P2|TankWar_P3|TankWar_P4|TankWar_P5
D58,RC-0020,C:\Users\JBNU\git\ConstraintsRecovery\assets\tankwar\asset11,95,MapInfo.readMap,METHOD,C:\Users\JBNU\git\ConstraintsRecovery\assets\tankwar\asset11:IF:8-132,asset11,true,C:\Users\JBNU\git\ConstraintsRecovery\assets\tankwar\asset11,36,MapInfo.grassWallHeight,FIELD,C:\Users\JBNU\git\ConstraintsRecovery\assets\tankwar\asset11:IF:8-132,asset11,true,FIELD_REFERENCE,grassWallHeight = (((int) toChar[i + 7] - 48) * 10 + (int) toChar[i + 8] - 48);,TankWar_P1|TankWar_P2|TankWar_P3|TankWar_P4|TankWar_P5,TankWar_P1|TankWar_P2|TankWar_P3|TankWar_P4|TankWar_P5
D65,RC-0020,C:\Users\JBNU\git\ConstraintsRecovery\assets\tankwar\asset11,96,MapInfo.readMap,METHOD,C:\Users\JBNU\git\ConstraintsRecovery\assets\tankwar\asset11:IF:8-132,asset11,true,C:\Users\JBNU\git\ConstraintsRecovery\assets\tankwar\asset11,36,MapInfo.grassWallHeight,FIELD,C:\Users\JBNU\git\ConstraintsRecovery\assets\tankwar\asset11:IF:8-132,asset11,true,FIELD_REFERENCE,"grassWall.addElement(new Wall(tankManager, grassWallLocationX, grassWallLocationY, grassWallWidth, grassWallHeight, 32));",TankWar_P1|TankWar_P2|TankWar_P3|TankWar_P4|TankWar_P5,TankWar_P1|TankWar_P2|TankWar_P3|TankWar_P4|TankWar_P5
D55,RC-0021,C:\Users\JBNU\git\ConstraintsRecovery\assets\tankwar\asset11,92,MapInfo.readMap,METHOD,C:\Users\JBNU\git\ConstraintsRecovery\assets\tankwar\asset11:IF:8-132,asset11,true,C:\Users\JBNU\git\ConstraintsRecovery\assets\tankwar\asset11,33,MapInfo.grassWallLocationX,FIELD,C:\Users\JBNU\git\ConstraintsRecovery\assets\tankwar\asset11:IF:8-132,asset11,true,FIELD_REFERENCE,grassWallLocationX = (((int) toChar[i + 1] - 48) * 10 + (int) toChar[i + 2] - 48);,TankWar_P1|TankWar_P2|TankWar_P3|TankWar_P4|TankWar_P5,TankWar_P1|TankWar_P2|TankWar_P3|TankWar_P4|TankWar_P5
D62,RC-0021,C:\Users\JBNU\git\ConstraintsRecovery\assets\tankwar\asset11,96,MapInfo.readMap,METHOD,C:\Users\JBNU\git\ConstraintsRecovery\assets\tankwar\asset11:IF:8-132,asset11,true,C:\Users\JBNU\git\ConstraintsRecovery\assets\tankwar\asset11,33,MapInfo.grassWallLocationX,FIELD,C:\Users\JBNU\git\ConstraintsRecovery\assets\tankwar\asset11:IF:8-132,asset11,true,FIELD_REFERENCE,"grassWall.addElement(new Wall(tankManager, grassWallLocationX, grassWallLocationY, grassWallWidth, grassWallHeight, 32));",TankWar_P1|TankWar_P2|TankWar_P3|TankWar_P4|TankWar_P5,TankWar_P1|TankWar_P2|TankWar_P3|TankWar_P4|TankWar_P5
D56,RC-0022,C:\Users\JBNU\git\ConstraintsRecovery\assets\tankwar\asset11,93,MapInfo.readMap,METHOD,C:\Users\JBNU\git\ConstraintsRecovery\assets\tankwar\asset11:IF:8-132,asset11,true,C:\Users\JBNU\git\ConstraintsRecovery\assets\tankwar\asset11,34,MapInfo.grassWallLocationY,FIELD,C:\Users\JBNU\git\ConstraintsRecovery\assets\tankwar\asset11:IF:8-132,asset11,true,FIELD_REFERENCE,grassWallLocationY = (((int) toChar[i + 3] - 48) * 10 + (int) toChar[i + 4] - 48);,TankWar_P1|TankWar_P2|TankWar_P3|TankWar_P4|TankWar_P5,TankWar_P1|TankWar_P2|TankWar_P3|TankWar_P4|TankWar_P5
D63,RC-0022,C:\Users\JBNU\git\ConstraintsRecovery\assets\tankwar\asset11,96,MapInfo.readMap,METHOD,C:\Users\JBNU\git\ConstraintsRecovery\assets\tankwar\asset11:IF:8-132,asset11,true,C:\Users\JBNU\git\ConstraintsRecovery\assets\tankwar\asset11,34,MapInfo.grassWallLocationY,FIELD,C:\Users\JBNU\git\ConstraintsRecovery\assets\tankwar\asset11:IF:8-132,asset11,true,FIELD_REFERENCE,"grassWall.addElement(new Wall(tankManager, grassWallLocationX, grassWallLocationY, grassWallWidth, grassWallHeight, 32));",TankWar_P1|TankWar_P2|TankWar_P3|TankWar_P4|TankWar_P5,TankWar_P1|TankWar_P2|TankWar_P3|TankWar_P4|TankWar_P5
D57,RC-0023,C:\Users\JBNU\git\ConstraintsRecovery\assets\tankwar\asset11,94,MapInfo.readMap,METHOD,C:\Users\JBNU\git\ConstraintsRecovery\assets\tankwar\asset11:IF:8-132,asset11,true,C:\Users\JBNU\git\ConstraintsRecovery\assets\tankwar\asset11,35,MapInfo.grassWallWidth,FIELD,C:\Users\JBNU\git\ConstraintsRecovery\assets\tankwar\asset11:IF:8-132,asset11,true,FIELD_REFERENCE,grassWallWidth = (((int) toChar[i + 5] - 48) * 10 + (int) toChar[i + 6] - 48);,TankWar_P1|TankWar_P2|TankWar_P3|TankWar_P4|TankWar_P5,TankWar_P1|TankWar_P2|TankWar_P3|TankWar_P4|TankWar_P5
D64,RC-0023,C:\Users\JBNU\git\ConstraintsRecovery\assets\tankwar\asset11,96,MapInfo.readMap,METHOD,C:\Users\JBNU\git\ConstraintsRecovery\assets\tankwar\asset11:IF:8-132,asset11,true,C:\Users\JBNU\git\ConstraintsRecovery\assets\tankwar\asset11,35,MapInfo.grassWallWidth,FIELD,C:\Users\JBNU\git\ConstraintsRecovery\assets\tankwar\asset11:IF:8-132,asset11,true,FIELD_REFERENCE,"grassWall.addElement(new Wall(tankManager, grassWallLocationX, grassWallLocationY, grassWallWidth, grassWallHeight, 32));",TankWar_P1|TankWar_P2|TankWar_P3|TankWar_P4|TankWar_P5,TankWar_P1|TankWar_P2|TankWar_P3|TankWar_P4|TankWar_P5
D30,RC-0024,C:\Users\JBNU\git\ConstraintsRecovery\assets\tankwar\asset11,74,MapInfo.readMap,METHOD,C:\Users\JBNU\git\ConstraintsRecovery\assets\tankwar\asset11:IF:8-132,asset11,true,C:\Users\JBNU\git\ConstraintsRecovery\assets\tankwar\asset11,20,MapInfo.mapSize,FIELD,C:\Users\JBNU\git\ConstraintsRecovery\assets\tankwar\asset11:IF:8-132,asset11,true,FIELD_REFERENCE,mapSize = ((int) toChar[i + 1] - 48) * 10 + (int) toChar[i + 2] - 48;,TankWar_P1|TankWar_P2|TankWar_P3|TankWar_P4|TankWar_P5,TankWar_P1|TankWar_P2|TankWar_P3|TankWar_P4|TankWar_P5
D32,RC-0024,C:\Users\JBNU\git\ConstraintsRecovery\assets\tankwar\asset11,75,MapInfo.readMap,METHOD,C:\Users\JBNU\git\ConstraintsRecovery\assets\tankwar\asset11:IF:8-132,asset11,true,C:\Users\JBNU\git\ConstraintsRecovery\assets\tankwar\asset11,20,MapInfo.mapSize,FIELD,C:\Users\JBNU\git\ConstraintsRecovery\assets\tankwar\asset11:IF:8-132,asset11,true,FIELD_REFERENCE,"System.out.println(""mapSize = "" + mapSize);",TankWar_P1|TankWar_P2|TankWar_P3|TankWar_P4|TankWar_P5,TankWar_P1|TankWar_P2|TankWar_P3|TankWar_P4|TankWar_P5
D49,RC-0025,C:\Users\JBNU\git\ConstraintsRecovery\assets\tankwar\asset11,89,MapInfo.readMap,METHOD,C:\Users\JBNU\git\ConstraintsRecovery\assets\tankwar\asset11:IF:8-132,asset11,true,C:\Users\JBNU\git\ConstraintsRecovery\assets\tankwar\asset11,13,MapInfo.metalWall,FIELD,C:\Users\JBNU\git\ConstraintsRecovery\assets\tankwar\asset11:IF:8-132,asset11,true,FIELD_REFERENCE,"metalWall.addElement(new Wall(tankManager, metalWallLocationX, metalWallLocationY, metalWallWidth, metalWallHeight, 33));",TankWar_P1|TankWar_P2|TankWar_P3|TankWar_P4|TankWar_P5,TankWar_P1|TankWar_P2|TankWar_P3|TankWar_P4|TankWar_P5
D47,RC-0026,C:\Users\JBNU\git\ConstraintsRecovery\assets\tankwar\asset11,88,MapInfo.readMap,METHOD,C:\Users\JBNU\git\ConstraintsRecovery\assets\tankwar\asset11:IF:8-132,asset11,true,C:\Users\JBNU\git\ConstraintsRecovery\assets\tankwar\asset11,32,MapInfo.metalWallHeight,FIELD,C:\Users\JBNU\git\ConstraintsRecovery\assets\tankwar\asset11:IF:8-132,asset11,true,FIELD_REFERENCE,metalWallHeight = (((int) toChar[i + 7] - 48) * 10 + (int) toChar[i + 8] - 48);,TankWar_P1|TankWar_P2|TankWar_P3|TankWar_P4|TankWar_P5,TankWar_P1|TankWar_P2|TankWar_P3|TankWar_P4|TankWar_P5
D54,RC-0026,C:\Users\JBNU\git\ConstraintsRecovery\assets\tankwar\asset11,89,MapInfo.readMap,METHOD,C:\Users\JBNU\git\ConstraintsRecovery\assets\tankwar\asset11:IF:8-132,asset11,true,C:\Users\JBNU\git\ConstraintsRecovery\assets\tankwar\asset11,32,MapInfo.metalWallHeight,FIELD,C:\Users\JBNU\git\ConstraintsRecovery\assets\tankwar\asset11:IF:8-132,asset11,true,FIELD_REFERENCE,"metalWall.addElement(new Wall(tankManager, metalWallLocationX, metalWallLocationY, metalWallWidth, metalWallHeight, 33));",TankWar_P1|TankWar_P2|TankWar_P3|TankWar_P4|TankWar_P5,TankWar_P1|TankWar_P2|TankWar_P3|TankWar_P4|TankWar_P5
D44,RC-0027,C:\Users\JBNU\git\ConstraintsRecovery\assets\tankwar\asset11,85,MapInfo.readMap,METHOD,C:\Users\JBNU\git\ConstraintsRecovery\assets\tankwar\asset11:IF:8-132,asset11,true,C:\Users\JBNU\git\ConstraintsRecovery\assets\tankwar\asset11,29,MapInfo.metalWallLocationX,FIELD,C:\Users\JBNU\git\ConstraintsRecovery\assets\tankwar\asset11:IF:8-132,asset11,true,FIELD_REFERENCE,metalWallLocationX = (((int) toChar[i + 1] - 48) * 10 + (int) toChar[i + 2] - 48);,TankWar_P1|TankWar_P2|TankWar_P3|TankWar_P4|TankWar_P5,TankWar_P1|TankWar_P2|TankWar_P3|TankWar_P4|TankWar_P5
D51,RC-0027,C:\Users\JBNU\git\ConstraintsRecovery\assets\tankwar\asset11,89,MapInfo.readMap,METHOD,C:\Users\JBNU\git\ConstraintsRecovery\assets\tankwar\asset11:IF:8-132,asset11,true,C:\Users\JBNU\git\ConstraintsRecovery\assets\tankwar\asset11,29,MapInfo.metalWallLocationX,FIELD,C:\Users\JBNU\git\ConstraintsRecovery\assets\tankwar\asset11:IF:8-132,asset11,true,FIELD_REFERENCE,"metalWall.addElement(new Wall(tankManager, metalWallLocationX, metalWallLocationY, metalWallWidth, metalWallHeight, 33));",TankWar_P1|TankWar_P2|TankWar_P3|TankWar_P4|TankWar_P5,TankWar_P1|TankWar_P2|TankWar_P3|TankWar_P4|TankWar_P5
D45,RC-0028,C:\Users\JBNU\git\ConstraintsRecovery\assets\tankwar\asset11,86,MapInfo.readMap,METHOD,C:\Users\JBNU\git\ConstraintsRecovery\assets\tankwar\asset11:IF:8-132,asset11,true,C:\Users\JBNU\git\ConstraintsRecovery\assets\tankwar\asset11,30,MapInfo.metalWallLocationY,FIELD,C:\Users\JBNU\git\ConstraintsRecovery\assets\tankwar\asset11:IF:8-132,asset11,true,FIELD_REFERENCE,metalWallLocationY = (((int) toChar[i + 3] - 48) * 10 + (int) toChar[i + 4] - 48);,TankWar_P1|TankWar_P2|TankWar_P3|TankWar_P4|TankWar_P5,TankWar_P1|TankWar_P2|TankWar_P3|TankWar_P4|TankWar_P5
D52,RC-0028,C:\Users\JBNU\git\ConstraintsRecovery\assets\tankwar\asset11,89,MapInfo.readMap,METHOD,C:\Users\JBNU\git\ConstraintsRecovery\assets\tankwar\asset11:IF:8-132,asset11,true,C:\Users\JBNU\git\ConstraintsRecovery\assets\tankwar\asset11,30,MapInfo.metalWallLocationY,FIELD,C:\Users\JBNU\git\ConstraintsRecovery\assets\tankwar\asset11:IF:8-132,asset11,true,FIELD_REFERENCE,"metalWall.addElement(new Wall(tankManager, metalWallLocationX, metalWallLocationY, metalWallWidth, metalWallHeight, 33));",TankWar_P1|TankWar_P2|TankWar_P3|TankWar_P4|TankWar_P5,TankWar_P1|TankWar_P2|TankWar_P3|TankWar_P4|TankWar_P5
D46,RC-0029,C:\Users\JBNU\git\ConstraintsRecovery\assets\tankwar\asset11,87,MapInfo.readMap,METHOD,C:\Users\JBNU\git\ConstraintsRecovery\assets\tankwar\asset11:IF:8-132,asset11,true,C:\Users\JBNU\git\ConstraintsRecovery\assets\tankwar\asset11,31,MapInfo.metalWallWidth,FIELD,C:\Users\JBNU\git\ConstraintsRecovery\assets\tankwar\asset11:IF:8-132,asset11,true,FIELD_REFERENCE,metalWallWidth = (((int) toChar[i + 5] - 48) * 10 + (int) toChar[i + 6] - 48);,TankWar_P1|TankWar_P2|TankWar_P3|TankWar_P4|TankWar_P5,TankWar_P1|TankWar_P2|TankWar_P3|TankWar_P4|TankWar_P5
D53,RC-0029,C:\Users\JBNU\git\ConstraintsRecovery\assets\tankwar\asset11,89,MapInfo.readMap,METHOD,C:\Users\JBNU\git\ConstraintsRecovery\assets\tankwar\asset11:IF:8-132,asset11,true,C:\Users\JBNU\git\ConstraintsRecovery\assets\tankwar\asset11,31,MapInfo.metalWallWidth,FIELD,C:\Users\JBNU\git\ConstraintsRecovery\assets\tankwar\asset11:IF:8-132,asset11,true,FIELD_REFERENCE,"metalWall.addElement(new Wall(tankManager, metalWallLocationX, metalWallLocationY, metalWallWidth, metalWallHeight, 33));",TankWar_P1|TankWar_P2|TankWar_P3|TankWar_P4|TankWar_P5,TankWar_P1|TankWar_P2|TankWar_P3|TankWar_P4|TankWar_P5
D22,RC-0030,C:\Users\JBNU\git\ConstraintsRecovery\assets\tankwar\asset11,122,MapInfo.readMap,METHOD,C:\Users\JBNU\git\ConstraintsRecovery\assets\tankwar\asset11:IF:8-132,asset11,true,C:\Users\JBNU\git\ConstraintsRecovery\assets\tankwar\asset11,21,MapInfo.playerLocationX,FIELD,C:\Users\JBNU\git\ConstraintsRecovery\assets\tankwar\asset11:IF:8-132,asset11,true,FIELD_REFERENCE,playerLocationX = ((int) toChar[i + 1] - 48) * 10 + (int) toChar[i + 2] - 48;,TankWar_P1|TankWar_P2|TankWar_P3|TankWar_P4|TankWar_P5,TankWar_P1|TankWar_P2|TankWar_P3|TankWar_P4|TankWar_P5
D23,RC-0031,C:\Users\JBNU\git\ConstraintsRecovery\assets\tankwar\asset11,123,MapInfo.readMap,METHOD,C:\Users\JBNU\git\ConstraintsRecovery\assets\tankwar\asset11:IF:8-132,asset11,true,C:\Users\JBNU\git\ConstraintsRecovery\assets\tankwar\asset11,22,MapInfo.playerLocationY,FIELD,C:\Users\JBNU\git\ConstraintsRecovery\assets\tankwar\asset11:IF:8-132,asset11,true,FIELD_REFERENCE,playerLocationY = ((int) toChar[i + 3] - 48) * 10 + (int) toChar[i + 4] - 48;,TankWar_P1|TankWar_P2|TankWar_P3|TankWar_P4|TankWar_P5,TankWar_P1|TankWar_P2|TankWar_P3|TankWar_P4|TankWar_P5
D28,RC-0032,C:\Users\JBNU\git\ConstraintsRecovery\assets\tankwar\asset11,65,MapInfo.readMap,METHOD,C:\Users\JBNU\git\ConstraintsRecovery\assets\tankwar\asset11:IF:8-132,asset11,true,C:\Users\JBNU\git\ConstraintsRecovery\assets\tankwar\asset11,19,MapInfo.read,FIELD,C:\Users\JBNU\git\ConstraintsRecovery\assets\tankwar\asset11:IF:8-132,asset11,true,FIELD_REFERENCE,((MapInfo) this).read = false;,TankWar_P1|TankWar_P2|TankWar_P3|TankWar_P4|TankWar_P5,TankWar_P1|TankWar_P2|TankWar_P3|TankWar_P4|TankWar_P5
D39,RC-0033,C:\Users\JBNU\git\ConstraintsRecovery\assets\tankwar\asset11,82,MapInfo.readMap,METHOD,C:\Users\JBNU\git\ConstraintsRecovery\assets\tankwar\asset11:IF:8-132,asset11,true,C:\Users\JBNU\git\ConstraintsRecovery\assets\tankwar\asset11,18,MapInfo.tankManager,FIELD,C:\Users\JBNU\git\ConstraintsRecovery\assets\tankwar\asset11:IF:8-132,asset11,true,FIELD_REFERENCE,"brickWall.addElement(new Wall(tankManager, brickWallLocationX, brickWallLocationY, brickWallWidth, brickWallHeight, 31));",TankWar_P1|TankWar_P2|TankWar_P3|TankWar_P4|TankWar_P5,TankWar_P1|TankWar_P2|TankWar_P3|TankWar_P4|TankWar_P5
D50,RC-0033,C:\Users\JBNU\git\ConstraintsRecovery\assets\tankwar\asset11,89,MapInfo.readMap,METHOD,C:\Users\JBNU\git\ConstraintsRecovery\assets\tankwar\asset11:IF:8-132,asset11,true,C:\Users\JBNU\git\ConstraintsRecovery\assets\tankwar\asset11,18,MapInfo.tankManager,FIELD,C:\Users\JBNU\git\ConstraintsRecovery\assets\tankwar\asset11:IF:8-132,asset11,true,FIELD_REFERENCE,"metalWall.addElement(new Wall(tankManager, metalWallLocationX, metalWallLocationY, metalWallWidth, metalWallHeight, 33));",TankWar_P1|TankWar_P2|TankWar_P3|TankWar_P4|TankWar_P5,TankWar_P1|TankWar_P2|TankWar_P3|TankWar_P4|TankWar_P5
D61,RC-0033,C:\Users\JBNU\git\ConstraintsRecovery\assets\tankwar\asset11,96,MapInfo.readMap,METHOD,C:\Users\JBNU\git\ConstraintsRecovery\assets\tankwar\asset11:IF:8-132,asset11,true,C:\Users\JBNU\git\ConstraintsRecovery\assets\tankwar\asset11,18,MapInfo.tankManager,FIELD,C:\Users\JBNU\git\ConstraintsRecovery\assets\tankwar\asset11:IF:8-132,asset11,true,FIELD_REFERENCE,"grassWall.addElement(new Wall(tankManager, grassWallLocationX, grassWallLocationY, grassWallWidth, grassWallHeight, 32));",TankWar_P1|TankWar_P2|TankWar_P3|TankWar_P4|TankWar_P5,TankWar_P1|TankWar_P2|TankWar_P3|TankWar_P4|TankWar_P5
D9,RC-0033,C:\Users\JBNU\git\ConstraintsRecovery\assets\tankwar\asset11,103,MapInfo.readMap,METHOD,C:\Users\JBNU\git\ConstraintsRecovery\assets\tankwar\asset11:IF:8-132,asset11,true,C:\Users\JBNU\git\ConstraintsRecovery\assets\tankwar\asset11,18,MapInfo.tankManager,FIELD,C:\Users\JBNU\git\ConstraintsRecovery\assets\tankwar\asset11:IF:8-132,asset11,true,FIELD_REFERENCE,"waterWall.addElement(new Wall(tankManager, waterWallLocationX, waterWallLocationY, waterWallWidth, waterWallHeight, 34));",TankWar_P1|TankWar_P2|TankWar_P3|TankWar_P4|TankWar_P5,TankWar_P1|TankWar_P2|TankWar_P3|TankWar_P4|TankWar_P5
D8,RC-0034,C:\Users\JBNU\git\ConstraintsRecovery\assets\tankwar\asset11,103,MapInfo.readMap,METHOD,C:\Users\JBNU\git\ConstraintsRecovery\assets\tankwar\asset11:IF:8-132,asset11,true,C:\Users\JBNU\git\ConstraintsRecovery\assets\tankwar\asset11,15,MapInfo.waterWall,FIELD,C:\Users\JBNU\git\ConstraintsRecovery\assets\tankwar\asset11:IF:8-132,asset11,true,FIELD_REFERENCE,"waterWall.addElement(new Wall(tankManager, waterWallLocationX, waterWallLocationY, waterWallWidth, waterWallHeight, 34));",TankWar_P1|TankWar_P2|TankWar_P3|TankWar_P4|TankWar_P5,TankWar_P1|TankWar_P2|TankWar_P3|TankWar_P4|TankWar_P5
D6,RC-0035,C:\Users\JBNU\git\ConstraintsRecovery\assets\tankwar\asset11,102,MapInfo.readMap,METHOD,C:\Users\JBNU\git\ConstraintsRecovery\assets\tankwar\asset11:IF:8-132,asset11,true,C:\Users\JBNU\git\ConstraintsRecovery\assets\tankwar\asset11,40,MapInfo.waterWallHeight,FIELD,C:\Users\JBNU\git\ConstraintsRecovery\assets\tankwar\asset11:IF:8-132,asset11,true,FIELD_REFERENCE,waterWallHeight = (((int) toChar[i + 7] - 48) * 10 + (int) toChar[i + 8] - 48);,TankWar_P1|TankWar_P2|TankWar_P3|TankWar_P4|TankWar_P5,TankWar_P1|TankWar_P2|TankWar_P3|TankWar_P4|TankWar_P5
D13,RC-0035,C:\Users\JBNU\git\ConstraintsRecovery\assets\tankwar\asset11,103,MapInfo.readMap,METHOD,C:\Users\JBNU\git\ConstraintsRecovery\assets\tankwar\asset11:IF:8-132,asset11,true,C:\Users\JBNU\git\ConstraintsRecovery\assets\tankwar\asset11,40,MapInfo.waterWallHeight,FIELD,C:\Users\JBNU\git\ConstraintsRecovery\assets\tankwar\asset11:IF:8-132,asset11,true,FIELD_REFERENCE,"waterWall.addElement(new Wall(tankManager, waterWallLocationX, waterWallLocationY, waterWallWidth, waterWallHeight, 34));",TankWar_P1|TankWar_P2|TankWar_P3|TankWar_P4|TankWar_P5,TankWar_P1|TankWar_P2|TankWar_P3|TankWar_P4|TankWar_P5
D66,RC-0036,C:\Users\JBNU\git\ConstraintsRecovery\assets\tankwar\asset11,99,MapInfo.readMap,METHOD,C:\Users\JBNU\git\ConstraintsRecovery\assets\tankwar\asset11:IF:8-132,asset11,true,C:\Users\JBNU\git\ConstraintsRecovery\assets\tankwar\asset11,37,MapInfo.waterWallLocationX,FIELD,C:\Users\JBNU\git\ConstraintsRecovery\assets\tankwar\asset11:IF:8-132,asset11,true,FIELD_REFERENCE,waterWallLocationX = (((int) toChar[i + 1] - 48) * 10 + (int) toChar[i + 2] - 48);,TankWar_P1|TankWar_P2|TankWar_P3|TankWar_P4|TankWar_P5,TankWar_P1|TankWar_P2|TankWar_P3|TankWar_P4|TankWar_P5
D10,RC-0036,C:\Users\JBNU\git\ConstraintsRecovery\assets\tankwar\asset11,103,MapInfo.readMap,METHOD,C:\Users\JBNU\git\ConstraintsRecovery\assets\tankwar\asset11:IF:8-132,asset11,true,C:\Users\JBNU\git\ConstraintsRecovery\assets\tankwar\asset11,37,MapInfo.waterWallLocationX,FIELD,C:\Users\JBNU\git\ConstraintsRecovery\assets\tankwar\asset11:IF:8-132,asset11,true,FIELD_REFERENCE,"waterWall.addElement(new Wall(tankManager, waterWallLocationX, waterWallLocationY, waterWallWidth, waterWallHeight, 34));",TankWar_P1|TankWar_P2|TankWar_P3|TankWar_P4|TankWar_P5,TankWar_P1|TankWar_P2|TankWar_P3|TankWar_P4|TankWar_P5
D4,RC-0037,C:\Users\JBNU\git\ConstraintsRecovery\assets\tankwar\asset11,100,MapInfo.readMap,METHOD,C:\Users\JBNU\git\ConstraintsRecovery\assets\tankwar\asset11:IF:8-132,asset11,true,C:\Users\JBNU\git\ConstraintsRecovery\assets\tankwar\asset11,38,MapInfo.waterWallLocationY,FIELD,C:\Users\JBNU\git\ConstraintsRecovery\assets\tankwar\asset11:IF:8-132,asset11,true,FIELD_REFERENCE,waterWallLocationY = (((int) toChar[i + 3] - 48) * 10 + (int) toChar[i + 4] - 48);,TankWar_P1|TankWar_P2|TankWar_P3|TankWar_P4|TankWar_P5,TankWar_P1|TankWar_P2|TankWar_P3|TankWar_P4|TankWar_P5
D11,RC-0037,C:\Users\JBNU\git\ConstraintsRecovery\assets\tankwar\asset11,103,MapInfo.readMap,METHOD,C:\Users\JBNU\git\ConstraintsRecovery\assets\tankwar\asset11:IF:8-132,asset11,true,C:\Users\JBNU\git\ConstraintsRecovery\assets\tankwar\asset11,38,MapInfo.waterWallLocationY,FIELD,C:\Users\JBNU\git\ConstraintsRecovery\assets\tankwar\asset11:IF:8-132,asset11,true,FIELD_REFERENCE,"waterWall.addElement(new Wall(tankManager, waterWallLocationX, waterWallLocationY, waterWallWidth, waterWallHeight, 34));",TankWar_P1|TankWar_P2|TankWar_P3|TankWar_P4|TankWar_P5,TankWar_P1|TankWar_P2|TankWar_P3|TankWar_P4|TankWar_P5
D5,RC-0038,C:\Users\JBNU\git\ConstraintsRecovery\assets\tankwar\asset11,101,MapInfo.readMap,METHOD,C:\Users\JBNU\git\ConstraintsRecovery\assets\tankwar\asset11:IF:8-132,asset11,true,C:\Users\JBNU\git\ConstraintsRecovery\assets\tankwar\asset11,39,MapInfo.waterWallWidth,FIELD,C:\Users\JBNU\git\ConstraintsRecovery\assets\tankwar\asset11:IF:8-132,asset11,true,FIELD_REFERENCE,waterWallWidth = (((int) toChar[i + 5] - 48) * 10 + (int) toChar[i + 6] - 48);,TankWar_P1|TankWar_P2|TankWar_P3|TankWar_P4|TankWar_P5,TankWar_P1|TankWar_P2|TankWar_P3|TankWar_P4|TankWar_P5
D12,RC-0038,C:\Users\JBNU\git\ConstraintsRecovery\assets\tankwar\asset11,103,MapInfo.readMap,METHOD,C:\Users\JBNU\git\ConstraintsRecovery\assets\tankwar\asset11:IF:8-132,asset11,true,C:\Users\JBNU\git\ConstraintsRecovery\assets\tankwar\asset11,39,MapInfo.waterWallWidth,FIELD,C:\Users\JBNU\git\ConstraintsRecovery\assets\tankwar\asset11:IF:8-132,asset11,true,FIELD_REFERENCE,"waterWall.addElement(new Wall(tankManager, waterWallLocationX, waterWallLocationY, waterWallWidth, waterWallHeight, 34));",TankWar_P1|TankWar_P2|TankWar_P3|TankWar_P4|TankWar_P5,TankWar_P1|TankWar_P2|TankWar_P3|TankWar_P4|TankWar_P5
D29,RC-0039,C:\Users\JBNU\git\ConstraintsRecovery\assets\tankwar\asset11,70,MapInfo.readMap,METHOD,C:\Users\JBNU\git\ConstraintsRecovery\assets\tankwar\asset11:IF:8-132,asset11,true,C:\Users\JBNU\git\ConstraintsRecovery\assets\tankwar\asset27,17,Record.out,FIELD,C:\Users\JBNU\git\ConstraintsRecovery\assets\tankwar\asset27:IF:7-116,asset27,true,FIELD_REFERENCE,System.out.println(strReturn);,TankWar_P1|TankWar_P2|TankWar_P3|TankWar_P4|TankWar_P5,TankWar_P1|TankWar_P3|TankWar_P4|TankWar_P5
D31,RC-0039,C:\Users\JBNU\git\ConstraintsRecovery\assets\tankwar\asset11,75,MapInfo.readMap,METHOD,C:\Users\JBNU\git\ConstraintsRecovery\assets\tankwar\asset11:IF:8-132,asset11,true,C:\Users\JBNU\git\ConstraintsRecovery\assets\tankwar\asset27,17,Record.out,FIELD,C:\Users\JBNU\git\ConstraintsRecovery\assets\tankwar\asset27:IF:7-116,asset27,true,FIELD_REFERENCE,"System.out.println(""mapSize = "" + mapSize);",TankWar_P1|TankWar_P2|TankWar_P3|TankWar_P4|TankWar_P5,TankWar_P1|TankWar_P3|TankWar_P4|TankWar_P5
D37,RC-0040,C:\Users\JBNU\git\ConstraintsRecovery\assets\tankwar\asset11,82,MapInfo.readMap,METHOD,C:\Users\JBNU\git\ConstraintsRecovery\assets\tankwar\asset11:IF:8-132,asset11,true,C:\Users\JBNU\git\ConstraintsRecovery\assets\tankwar\asset5,11,Wall.Wall,CONSTRUCTOR,C:\Users\JBNU\git\ConstraintsRecovery\assets\tankwar\asset5:IF:8-22,asset5,true,CONSTRUCTOR_CALL,"brickWall.addElement(new Wall(tankManager, brickWallLocationX, brickWallLocationY, brickWallWidth, brickWallHeight, 31));",TankWar_P1|TankWar_P2|TankWar_P3|TankWar_P4|TankWar_P5,TankWar_P1|TankWar_P2|TankWar_P3|TankWar_P4|TankWar_P5
D48,RC-0040,C:\Users\JBNU\git\ConstraintsRecovery\assets\tankwar\asset11,89,MapInfo.readMap,METHOD,C:\Users\JBNU\git\ConstraintsRecovery\assets\tankwar\asset11:IF:8-132,asset11,true,C:\Users\JBNU\git\ConstraintsRecovery\assets\tankwar\asset5,11,Wall.Wall,CONSTRUCTOR,C:\Users\JBNU\git\ConstraintsRecovery\assets\tankwar\asset5:IF:8-22,asset5,true,CONSTRUCTOR_CALL,"metalWall.addElement(new Wall(tankManager, metalWallLocationX, metalWallLocationY, metalWallWidth, metalWallHeight, 33));",TankWar_P1|TankWar_P2|TankWar_P3|TankWar_P4|TankWar_P5,TankWar_P1|TankWar_P2|TankWar_P3|TankWar_P4|TankWar_P5
D59,RC-0040,C:\Users\JBNU\git\ConstraintsRecovery\assets\tankwar\asset11,96,MapInfo.readMap,METHOD,C:\Users\JBNU\git\ConstraintsRecovery\assets\tankwar\asset11:IF:8-132,asset11,true,C:\Users\JBNU\git\ConstraintsRecovery\assets\tankwar\asset5,11,Wall.Wall,CONSTRUCTOR,C:\Users\JBNU\git\ConstraintsRecovery\assets\tankwar\asset5:IF:8-22,asset5,true,CONSTRUCTOR_CALL,"grassWall.addElement(new Wall(tankManager, grassWallLocationX, grassWallLocationY, grassWallWidth, grassWallHeight, 32));",TankWar_P1|TankWar_P2|TankWar_P3|TankWar_P4|TankWar_P5,TankWar_P1|TankWar_P2|TankWar_P3|TankWar_P4|TankWar_P5
D7,RC-0040,C:\Users\JBNU\git\ConstraintsRecovery\assets\tankwar\asset11,103,MapInfo.readMap,METHOD,C:\Users\JBNU\git\ConstraintsRecovery\assets\tankwar\asset11:IF:8-132,asset11,true,C:\Users\JBNU\git\ConstraintsRecovery\assets\tankwar\asset5,11,Wall.Wall,CONSTRUCTOR,C:\Users\JBNU\git\ConstraintsRecovery\assets\tankwar\asset5:IF:8-22,asset5,true,CONSTRUCTOR_CALL,"waterWall.addElement(new Wall(tankManager, waterWallLocationX, waterWallLocationY, waterWallWidth, waterWallHeight, 34));",TankWar_P1|TankWar_P2|TankWar_P3|TankWar_P4|TankWar_P5,TankWar_P1|TankWar_P2|TankWar_P3|TankWar_P4|TankWar_P5
D141,RC-0041,C:\Users\JBNU\git\ConstraintsRecovery\assets\tankwar\asset13,31,Maler$$fuer_PC,CLASS,C:\Users\JBNU\git\ConstraintsRecovery\assets\tankwar\asset13:ELIF:29-31,asset13,false,C:\Users\JBNU\git\ConstraintsRecovery\assets\tankwar\asset66,23,Maler$$M_240,CLASS,C:\Users\JBNU\git\ConstraintsRecovery\assets\tankwar\asset66:IF:4-31,asset66,true,EXTENDS,abstract class Maler$$fuer_PC extends Maler$$M_240 {,TankWar_P3,TankWar_P3
D148,RC-0042,C:\Users\JBNU\git\ConstraintsRecovery\assets\tankwar\asset13,33,Maler$$fuer_PC,CLASS,C:\Users\JBNU\git\ConstraintsRecovery\assets\tankwar\asset13:ELIF:32-33,asset13,false,C:\Users\JBNU\git\ConstraintsRecovery\assets\tankwar\asset74,22,Maler$$M_780,CLASS,C:\Users\JBNU\git\ConstraintsRecovery\assets\tankwar\asset74:IF:4-30,asset74,true,EXTENDS,abstract class Maler$$fuer_PC extends Maler$$M_780 {,TankWar_P2,TankWar_P2
D156,RC-0043,C:\Users\JBNU\git\ConstraintsRecovery\assets\tankwar\asset13,44,Maler$$fuer_PC.drawImage,METHOD,C:\Users\JBNU\git\ConstraintsRecovery\assets\tankwar\asset13:IF:8-358,asset13,true,C:\Users\JBNU\git\ConstraintsRecovery\assets\tankwar\asset13,39,Maler$$fuer_PC.drawImage,METHOD,C:\Users\JBNU\git\ConstraintsRecovery\assets\tankwar\asset13:IF:8-358,asset13,true,METHOD_CALL,"gTemp.drawImage(temp, x, y, null);",TankWar_P1|TankWar_P2|TankWar_P3|TankWar_P4|TankWar_P5,TankWar_P1|TankWar_P2|TankWar_P3|TankWar_P4|TankWar_P5
D153,RC-0043,C:\Users\JBNU\git\ConstraintsRecovery\assets\tankwar\asset13,350,Maler$$fuer_PC.drawImage,METHOD,C:\Users\JBNU\git\ConstraintsRecovery\assets\tankwar\asset13:IF:8-358,asset13,true,C:\Users\JBNU\git\ConstraintsRecovery\assets\tankwar\asset13,39,Maler$$fuer_PC.drawImage,METHOD,C:\Users\JBNU\git\ConstraintsRecovery\assets\tankwar\asset13:IF:8-358,asset13,true,METHOD_CALL,"gTemp.drawImage(temp, x, y, null);",TankWar_P1|TankWar_P2|TankWar_P3|TankWar_P4|TankWar_P5,TankWar_P1|TankWar_P2|TankWar_P3|TankWar_P4|TankWar_P5
D155,RC-0044,C:\Users\JBNU\git\ConstraintsRecovery\assets\tankwar\asset13,42,Maler$$fuer_PC.drawImage,METHOD,C:\Users\JBNU\git\ConstraintsRecovery\assets\tankwar\asset13:IF:8-358,asset13,true,C:\Users\JBNU\git\ConstraintsRecovery\assets\tankwar\asset13,35,Maler$$fuer_PC.images,FIELD,C:\Users\JBNU\git\ConstraintsRecovery\assets\tankwar\asset13:IF:8-358,asset13,true,FIELD_REFERENCE,Image temp = (Image) images.get(imageFileName);,TankWar_P1|TankWar_P2|TankWar_P3|TankWar_P4|TankWar_P5,TankWar_P1|TankWar_P2|TankWar_P3|TankWar_P4|TankWar_P5
D152,RC-0044,C:\Users\JBNU\git\ConstraintsRecovery\assets\tankwar\asset13,348,Maler$$fuer_PC.drawImage,METHOD,C:\Users\JBNU\git\ConstraintsRecovery\assets\tankwar\asset13:IF:8-358,asset13,true,C:\Users\JBNU\git\ConstraintsRecovery\assets\tankwar\asset13,35,Maler$$fuer_PC.images,FIELD,C:\Users\JBNU\git\ConstraintsRecovery\assets\tankwar\asset13:IF:8-358,asset13,true,FIELD_REFERENCE,temp = (Image) images.get(imageFileName);,TankWar_P1|TankWar_P2|TankWar_P3|TankWar_P4|TankWar_P5,TankWar_P1|TankWar_P2|TankWar_P3|TankWar_P4|TankWar_P5
D158,RC-0045,C:\Users\JBNU\git\ConstraintsRecovery\assets\tankwar\asset13,49,Maler$$fuer_PC.drawImage,METHOD,C:\Users\JBNU\git\ConstraintsRecovery\assets\tankwar\asset13:IF:8-358,asset13,true,C:\Users\JBNU\git\ConstraintsRecovery\assets\tankwar\asset13,354,Maler$$fuer_PC.loadimage,METHOD,C:\Users\JBNU\git\ConstraintsRecovery\assets\tankwar\asset13:IF:8-358,asset13,true,METHOD_CALL,"loadimage(""gh"", ""gh.png"", 7 * xw, 7 * yh);",TankWar_P1|TankWar_P2|TankWar_P3|TankWar_P4|TankWar_P5,TankWar_P1|TankWar_P2|TankWar_P3|TankWar_P4|TankWar_P5
D159,RC-0045,C:\Users\JBNU\git\ConstraintsRecovery\assets\tankwar\asset13,52,Maler$$fuer_PC.drawImage,METHOD,C:\Users\JBNU\git\ConstraintsRecovery\assets\tankwar\asset13:IF:8-358,asset13,true,C:\Users\JBNU\git\ConstraintsRecovery\assets\tankwar\asset13,354,Maler$$fuer_PC.loadimage,METHOD,C:\Users\JBNU\git\ConstraintsRecovery\assets\tankwar\asset13:IF:8-358,asset13,true,METHOD_CALL,"loadimage(""31.png"", ""brickWall.png"", 2 * xw, 2 * yh);",TankWar_P1|TankWar_P2|TankWar_P3|TankWar_P4|TankWar_P5,TankWar_P1|TankWar_P2|TankWar_P3|TankWar_P4|TankWar_P5
D160,RC-0045,C:\Users\JBNU\git\ConstraintsRecovery\assets\tankwar\asset13,55,Maler$$fuer_PC.drawImage,METHOD,C:\Users\JBNU\git\ConstraintsRecovery\assets\tankwar\asset13:IF:8-358,asset13,true,C:\Users\JBNU\git\ConstraintsRecovery\assets\tankwar\asset13,354,Maler$$fuer_PC.loadimage,METHOD,C:\Users\JBNU\git\ConstraintsRecovery\assets\tankwar\asset13:IF:8-358,asset13,true,METHOD_CALL,"loadimage(""32.png"", ""grassWall.png"", 2 * xw, 2 * yh);",TankWar_P1|TankWar_P2|TankWar_P3|TankWar_P4|TankWar_P5,TankWar_P1|TankWar_P2|TankWar_P3|TankWar_P4|TankWar_P5
D161,RC-0045,C:\Users\JBNU\git\ConstraintsRecovery\assets\tankwar\asset13,58,Maler$$fuer_PC.drawImage,METHOD,C:\Users\JBNU\git\ConstraintsRecovery\assets\tankwar\asset13:IF:8-358,asset13,true,C:\Users\JBNU\git\ConstraintsRecovery\assets\tankwar\asset13,354,Maler$$fuer_PC.loadimage,METHOD,C:\Users\JBNU\git\ConstraintsRecovery\assets\tankwar\asset13:IF:8-358,asset13,true,METHOD_CALL,"loadimage(""33.png"", ""metalWall.png"", 2 * xw, 2 * yh);",TankWar_P1|TankWar_P2|TankWar_P3|TankWar_P4|TankWar_P5,TankWar_P1|TankWar_P2|TankWar_P3|TankWar_P4|TankWar_P5
D162,RC-0045,C:\Users\JBNU\git\ConstraintsRecovery\assets\tankwar\asset13,61,Maler$$fuer_PC.drawImage,METHOD,C:\Users\JBNU\git\ConstraintsRecovery\assets\tankwar\asset13:IF:8-358,asset13,true,C:\Users\JBNU\git\ConstraintsRecovery\assets\tankwar\asset13,354,Maler$$fuer_PC.loadimage,METHOD,C:\Users\JBNU\git\ConstraintsRecovery\assets\tankwar\asset13:IF:8-358,asset13,true,METHOD_CALL,"loadimage(""34.png"", ""waterWall.png"", 2 * xw, 2 * yh);",TankWar_P1|TankWar_P2|TankWar_P3|TankWar_P4|TankWar_P5,TankWar_P1|TankWar_P2|TankWar_P3|TankWar_P4|TankWar_P5
D163,RC-0045,C:\Users\JBNU\git\ConstraintsRecovery\assets\tankwar\asset13,64,Maler$$fuer_PC.drawImage,METHOD,C:\Users\JBNU\git\ConstraintsRecovery\assets\tankwar\asset13:IF:8-358,asset13,true,C:\Users\JBNU\git\ConstraintsRecovery\assets\tankwar\asset13,354,Maler$$fuer_PC.loadimage,METHOD,C:\Users\JBNU\git\ConstraintsRecovery\assets\tankwar\asset13:IF:8-358,asset13,true,METHOD_CALL,"loadimage(""explode1.png"", ""explode1.png"", 6 * xw, 6 * yh);",TankWar_P1|TankWar_P2|TankWar_P3|TankWar_P4|TankWar_P5,TankWar_P1|TankWar_P2|TankWar_P3|TankWar_P4|TankWar_P5
D164,RC-0045,C:\Users\JBNU\git\ConstraintsRecovery\assets\tankwar\asset13,67,Maler$$fuer_PC.drawImage,METHOD,C:\Users\JBNU\git\ConstraintsRecovery\assets\tankwar\asset13:IF:8-358,asset13,true,C:\Users\JBNU\git\ConstraintsRecovery\assets\tankwar\asset13,354,Maler$$fuer_PC.loadimage,METHOD,C:\Users\JBNU\git\ConstraintsRecovery\assets\tankwar\asset13:IF:8-358,asset13,true,METHOD_CALL,"loadimage(""explode2.png"", ""explode2.png"", 6 * xw, 6 * yh);",TankWar_P1|TankWar_P2|TankWar_P3|TankWar_P4|TankWar_P5,TankWar_P1|TankWar_P2|TankWar_P3|TankWar_P4|TankWar_P5
D165,RC-0045,C:\Users\JBNU\git\ConstraintsRecovery\assets\tankwar\asset13,70,Maler$$fuer_PC.drawImage,METHOD,C:\Users\JBNU\git\ConstraintsRecovery\assets\tankwar\asset13:IF:8-358,asset13,true,C:\Users\JBNU\git\ConstraintsRecovery\assets\tankwar\asset13,354,Maler$$fuer_PC.loadimage,METHOD,C:\Users\JBNU\git\ConstraintsRecovery\assets\tankwar\asset13:IF:8-358,asset13,true,METHOD_CALL,"loadimage(""explode3.png"", ""explode3.png"", 6 * xw, 6 * yh);",TankWar_P1|TankWar_P2|TankWar_P3|TankWar_P4|TankWar_P5,TankWar_P1|TankWar_P2|TankWar_P3|TankWar_P4|TankWar_P5
D166,RC-0045,C:\Users\JBNU\git\ConstraintsRecovery\assets\tankwar\asset13,73,Maler$$fuer_PC.drawImage,METHOD,C:\Users\JBNU\git\ConstraintsRecovery\assets\tankwar\asset13:IF:8-358,asset13,true,C:\Users\JBNU\git\ConstraintsRecovery\assets\tankwar\asset13,354,Maler$$fuer_PC.loadimage,METHOD,C:\Users\JBNU\git\ConstraintsRecovery\assets\tankwar\asset13:IF:8-358,asset13,true,METHOD_CALL,"loadimage(""explode4.png"", ""explode4.png"", 6 * xw, 6 * yh);",TankWar_P1|TankWar_P2|TankWar_P3|TankWar_P4|TankWar_P5,TankWar_P1|TankWar_P2|TankWar_P3|TankWar_P4|TankWar_P5
D167,RC-0045,C:\Users\JBNU\git\ConstraintsRecovery\assets\tankwar\asset13,76,Maler$$fuer_PC.drawImage,METHOD,C:\Users\JBNU\git\ConstraintsRecovery\assets\tankwar\asset13:IF:8-358,asset13,true,C:\Users\JBNU\git\ConstraintsRecovery\assets\tankwar\asset13,354,Maler$$fuer_PC.loadimage,METHOD,C:\Users\JBNU\git\ConstraintsRecovery\assets\tankwar\asset13:IF:8-358,asset13,true,METHOD_CALL,"loadimage(""explode5.png"", ""explode5.png"", 6 * xw, 6 * yh);",TankWar_P1|TankWar_P2|TankWar_P3|TankWar_P4|TankWar_P5,TankWar_P1|TankWar_P2|TankWar_P3|TankWar_P4|TankWar_P5
D168,RC-0045,C:\Users\JBNU\git\ConstraintsRecovery\assets\tankwar\asset13,79,Maler$$fuer_PC.drawImage,METHOD,C:\Users\JBNU\git\ConstraintsRecovery\assets\tankwar\asset13:IF:8-358,asset13,true,C:\Users\JBNU\git\ConstraintsRecovery\assets\tankwar\asset13,354,Maler$$fuer_PC.loadimage,METHOD,C:\Users\JBNU\git\ConstraintsRecovery\assets\tankwar\asset13:IF:8-358,asset13,true,METHOD_CALL,"loadimage(""explode6.png"", ""explode6.png"", 6 * xw, 6 * yh);",TankWar_P1|TankWar_P2|TankWar_P3|TankWar_P4|TankWar_P5,TankWar_P1|TankWar_P2|TankWar_P3|TankWar_P4|TankWar_P5
D169,RC-0045,C:\Users\JBNU\git\ConstraintsRecovery\assets\tankwar\asset13,82,Maler$$fuer_PC.drawImage,METHOD,C:\Users\JBNU\git\ConstraintsRecovery\assets\tankwar\asset13:IF:8-358,asset13,true,C:\Users\JBNU\git\ConstraintsRecovery\assets\tankwar\asset13,354,Maler$$fuer_PC.loadimage,METHOD,C:\Users\JBNU\git\ConstraintsRecovery\assets\tankwar\asset13:IF:8-358,asset13,true,METHOD_CALL,"loadimage(""explode7.png"", ""explode7.png"", 6 * xw, 6 * yh);",TankWar_P1|TankWar_P2|TankWar_P3|TankWar_P4|TankWar_P5,TankWar_P1|TankWar_P2|TankWar_P3|TankWar_P4|TankWar_P5
D170,RC-0045,C:\Users\JBNU\git\ConstraintsRecovery\assets\tankwar\asset13,85,Maler$$fuer_PC.drawImage,METHOD,C:\Users\JBNU\git\ConstraintsRecovery\assets\tankwar\asset13:IF:8-358,asset13,true,C:\Users\JBNU\git\ConstraintsRecovery\assets\tankwar\asset13,354,Maler$$fuer_PC.loadimage,METHOD,C:\Users\JBNU\git\ConstraintsRecovery\assets\tankwar\asset13:IF:8-358,asset13,true,METHOD_CALL,"loadimage(""explode8.png"", ""explode8.png"", 6 * xw, 6 * yh);",TankWar_P1|TankWar_P2|TankWar_P3|TankWar_P4|TankWar_P5,TankWar_P1|TankWar_P2|TankWar_P3|TankWar_P4|TankWar_P5
D171,RC-0045,C:\Users\JBNU\git\ConstraintsRecovery\assets\tankwar\asset13,88,Maler$$fuer_PC.drawImage,METHOD,C:\Users\JBNU\git\ConstraintsRecovery\assets\tankwar\asset13:IF:8-358,asset13,true,C:\Users\JBNU\git\ConstraintsRecovery\assets\tankwar\asset13,354,Maler$$fuer_PC.loadimage,METHOD,C:\Users\JBNU\git\ConstraintsRecovery\assets\tankwar\asset13:IF:8-358,asset13,true,METHOD_CALL,"loadimage(""explode9.png"", ""explode9.png"", 6 * xw, 6 * yh);",TankWar_P1|TankWar_P2|TankWar_P3|TankWar_P4|TankWar_P5,TankWar_P1|TankWar_P2|TankWar_P3|TankWar_P4|TankWar_P5
D172,RC-0045,C:\Users\JBNU\git\ConstraintsRecovery\assets\tankwar\asset13,91,Maler$$fuer_PC.drawImage,METHOD,C:\Users\JBNU\git\ConstraintsRecovery\assets\tankwar\asset13:IF:8-358,asset13,true,C:\Users\JBNU\git\ConstraintsRecovery\assets\tankwar\asset13,354,Maler$$fuer_PC.loadimage,METHOD,C:\Users\JBNU\git\ConstraintsRecovery\assets\tankwar\asset13:IF:8-358,asset13,true,METHOD_CALL,"loadimage(""explode10.png"", ""explode10.png"", 6 * xw, 6 * yh);",TankWar_P1|TankWar_P2|TankWar_P3|TankWar_P4|TankWar_P5,TankWar_P1|TankWar_P2|TankWar_P3|TankWar_P4|TankWar_P5
D173,RC-0045,C:\Users\JBNU\git\ConstraintsRecovery\assets\tankwar\asset13,94,Maler$$fuer_PC.drawImage,METHOD,C:\Users\JBNU\git\ConstraintsRecovery\assets\tankwar\asset13:IF:8-358,asset13,true,C:\Users\JBNU\git\ConstraintsRecovery\assets\tankwar\asset13,354,Maler$$fuer_PC.loadimage,METHOD,C:\Users\JBNU\git\ConstraintsRecovery\assets\tankwar\asset13:IF:8-358,asset13,true,METHOD_CALL,"loadimage(""explode11.png"", ""explode11.png"", 6 * xw, 6 * yh);",TankWar_P1|TankWar_P2|TankWar_P3|TankWar_P4|TankWar_P5,TankWar_P1|TankWar_P2|TankWar_P3|TankWar_P4|TankWar_P5
D174,RC-0045,C:\Users\JBNU\git\ConstraintsRecovery\assets\tankwar\asset13,97,Maler$$fuer_PC.drawImage,METHOD,C:\Users\JBNU\git\ConstraintsRecovery\assets\tankwar\asset13:IF:8-358,asset13,true,C:\Users\JBNU\git\ConstraintsRecovery\assets\tankwar\asset13,354,Maler$$fuer_PC.loadimage,METHOD,C:\Users\JBNU\git\ConstraintsRecovery\assets\tankwar\asset13:IF:8-358,asset13,true,METHOD_CALL,"loadimage(""explode12.png"", ""explode12.png"", 6 * xw, 6 * yh);",TankWar_P1|TankWar_P2|TankWar_P3|TankWar_P4|TankWar_P5,TankWar_P1|TankWar_P2|TankWar_P3|TankWar_P4|TankWar_P5
D67,RC-0045,C:\Users\JBNU\git\ConstraintsRecovery\assets\tankwar\asset13,100,Maler$$fuer_PC.drawImage,METHOD,C:\Users\JBNU\git\ConstraintsRecovery\assets\tankwar\asset13:IF:8-358,asset13,true,C:\Users\JBNU\git\ConstraintsRecovery\assets\tankwar\asset13,354,Maler$$fuer_PC.loadimage,METHOD,C:\Users\JBNU\git\ConstraintsRecovery\assets\tankwar\asset13:IF:8-358,asset13,true,METHOD_CALL,"loadimage(""explode13.png"", ""explode13.png"", 6 * xw, 6 * yh);",TankWar_P1|TankWar_P2|TankWar_P3|TankWar_P4|TankWar_P5,TankWar_P1|TankWar_P2|TankWar_P3|TankWar_P4|TankWar_P5
D68,RC-0045,C:\Users\JBNU\git\ConstraintsRecovery\assets\tankwar\asset13,103,Maler$$fuer_PC.drawImage,METHOD,C:\Users\JBNU\git\ConstraintsRecovery\assets\tankwar\asset13:IF:8-358,asset13,true,C:\Users\JBNU\git\ConstraintsRecovery\assets\tankwar\asset13,354,Maler$$fuer_PC.loadimage,METHOD,C:\Users\JBNU\git\ConstraintsRecovery\assets\tankwar\asset13:IF:8-358,asset13,true,METHOD_CALL,"loadimage(""explode14.png"", ""explode14.png"", 6 * xw, 6 * yh);",TankWar_P1|TankWar_P2|TankWar_P3|TankWar_P4|TankWar_P5,TankWar_P1|TankWar_P2|TankWar_P3|TankWar_P4|TankWar_P5
D69,RC-0045,C:\Users\JBNU\git\ConstraintsRecovery\assets\tankwar\asset13,106,Maler$$fuer_PC.drawImage,METHOD,C:\Users\JBNU\git\ConstraintsRecovery\assets\tankwar\asset13:IF:8-358,asset13,true,C:\Users\JBNU\git\ConstraintsRecovery\assets\tankwar\asset13,354,Maler$$fuer_PC.loadimage,METHOD,C:\Users\JBNU\git\ConstraintsRecovery\assets\tankwar\asset13:IF:8-358,asset13,true,METHOD_CALL,"loadimage(""explode15.png"", ""explode15.png"", 6 * xw, 6 * yh);",TankWar_P1|TankWar_P2|TankWar_P3|TankWar_P4|TankWar_P5,TankWar_P1|TankWar_P2|TankWar_P3|TankWar_P4|TankWar_P5
D70,RC-0045,C:\Users\JBNU\git\ConstraintsRecovery\assets\tankwar\asset13,109,Maler$$fuer_PC.drawImage,METHOD,C:\Users\JBNU\git\ConstraintsRecovery\assets\tankwar\asset13:IF:8-358,asset13,true,C:\Users\JBNU\git\ConstraintsRecovery\assets\tankwar\asset13,354,Maler$$fuer_PC.loadimage,METHOD,C:\Users\JBNU\git\ConstraintsRecovery\assets\tankwar\asset13:IF:8-358,asset13,true,METHOD_CALL,"loadimage(""explode16.png"", ""explode16.png"", 6 * xw, 6 * yh);",TankWar_P1|TankWar_P2|TankWar_P3|TankWar_P4|TankWar_P5,TankWar_P1|TankWar_P2|TankWar_P3|TankWar_P4|TankWar_P5
D71,RC-0045,C:\Users\JBNU\git\ConstraintsRecovery\assets\tankwar\asset13,112,Maler$$fuer_PC.drawImage,METHOD,C:\Users\JBNU\git\ConstraintsRecovery\assets\tankwar\asset13:IF:8-358,asset13,true,C:\Users\JBNU\git\ConstraintsRecovery\assets\tankwar\asset13,354,Maler$$fuer_PC.loadimage,METHOD,C:\Users\JBNU\git\ConstraintsRecovery\assets\tankwar\asset13:IF:8-358,asset13,true,METHOD_CALL,"loadimage(""explode17.png"", ""explode17.png"", 6 * xw, 6 * yh);",TankWar_P1|TankWar_P2|TankWar_P3|TankWar_P4|TankWar_P5,TankWar_P1|TankWar_P2|TankWar_P3|TankWar_P4|TankWar_P5
D72,RC-0045,C:\Users\JBNU\git\ConstraintsRecovery\assets\tankwar\asset13,115,Maler$$fuer_PC.drawImage,METHOD,C:\Users\JBNU\git\ConstraintsRecovery\assets\tankwar\asset13:IF:8-358,asset13,true,C:\Users\JBNU\git\ConstraintsRecovery\assets\tankwar\asset13,354,Maler$$fuer_PC.loadimage,METHOD,C:\Users\JBNU\git\ConstraintsRecovery\assets\tankwar\asset13:IF:8-358,asset13,true,METHOD_CALL,"loadimage(""explode18.png"", ""explode18.png"", 6 * xw, 6 * yh);",TankWar_P1|TankWar_P2|TankWar_P3|TankWar_P4|TankWar_P5,TankWar_P1|TankWar_P2|TankWar_P3|TankWar_P4|TankWar_P5
D73,RC-0045,C:\Users\JBNU\git\ConstraintsRecovery\assets\tankwar\asset13,118,Maler$$fuer_PC.drawImage,METHOD,C:\Users\JBNU\git\ConstraintsRecovery\assets\tankwar\asset13:IF:8-358,asset13,true,C:\Users\JBNU\git\ConstraintsRecovery\assets\tankwar\asset13,354,Maler$$fuer_PC.loadimage,METHOD,C:\Users\JBNU\git\ConstraintsRecovery\assets\tankwar\asset13:IF:8-358,asset13,true,METHOD_CALL,"loadimage(""explode19.png"", ""explode19.png"", 6 * xw, 6 * yh);",TankWar_P1|TankWar_P2|TankWar_P3|TankWar_P4|TankWar_P5,TankWar_P1|TankWar_P2|TankWar_P3|TankWar_P4|TankWar_P5
D74,RC-0045,C:\Users\JBNU\git\ConstraintsRecovery\assets\tankwar\asset13,121,Maler$$fuer_PC.drawImage,METHOD,C:\Users\JBNU\git\ConstraintsRecovery\assets\tankwar\asset13:IF:8-358,asset13,true,C:\Users\JBNU\git\ConstraintsRecovery\assets\tankwar\asset13,354,Maler$$fuer_PC.loadimage,METHOD,C:\Users\JBNU\git\ConstraintsRecovery\assets\tankwar\asset13:IF:8-358,asset13,true,METHOD_CALL,"loadimage(""explode20.png"", ""explode20.png"", 6 * xw, 6 * yh);",TankWar_P1|TankWar_P2|TankWar_P3|TankWar_P4|TankWar_P5,TankWar_P1|TankWar_P2|TankWar_P3|TankWar_P4|TankWar_P5
D75,RC-0045,C:\Users\JBNU\git\ConstraintsRecovery\assets\tankwar\asset13,124,Maler$$fuer_PC.drawImage,METHOD,C:\Users\JBNU\git\ConstraintsRecovery\assets\tankwar\asset13:IF:8-358,asset13,true,C:\Users\JBNU\git\ConstraintsRecovery\assets\tankwar\asset13,354,Maler$$fuer_PC.loadimage,METHOD,C:\Users\JBNU\git\ConstraintsRecovery\assets\tankwar\asset13:IF:8-358,asset13,true,METHOD_CALL,"loadimage(""explode21.png"", ""explode21.png"", 6 * xw, 6 * yh);",TankWar_P1|TankWar_P2|TankWar_P3|TankWar_P4|TankWar_P5,TankWar_P1|TankWar_P2|TankWar_P3|TankWar_P4|TankWar_P5
D76,RC-0045,C:\Users\JBNU\git\ConstraintsRecovery\assets\tankwar\asset13,127,Maler$$fuer_PC.drawImage,METHOD,C:\Users\JBNU\git\ConstraintsRecovery\assets\tankwar\asset13:IF:8-358,asset13,true,C:\Users\JBNU\git\ConstraintsRecovery\assets\tankwar\asset13,354,Maler$$fuer_PC.loadimage,METHOD,C:\Users\JBNU\git\ConstraintsRecovery\assets\tankwar\asset13:IF:8-358,asset13,true,METHOD_CALL,"loadimage(""explode22.png"", ""explode22.png"", 6 * xw, 6 * yh);",TankWar_P1|TankWar_P2|TankWar_P3|TankWar_P4|TankWar_P5,TankWar_P1|TankWar_P2|TankWar_P3|TankWar_P4|TankWar_P5
D77,RC-0045,C:\Users\JBNU\git\ConstraintsRecovery\assets\tankwar\asset13,130,Maler$$fuer_PC.drawImage,METHOD,C:\Users\JBNU\git\ConstraintsRecovery\assets\tankwar\asset13:IF:8-358,asset13,true,C:\Users\JBNU\git\ConstraintsRecovery\assets\tankwar\asset13,354,Maler$$fuer_PC.loadimage,METHOD,C:\Users\JBNU\git\ConstraintsRecovery\assets\tankwar\asset13:IF:8-358,asset13,true,METHOD_CALL,"loadimage(""explode23.png"", ""explode23.png"", 6 * xw, 6 * yh);",TankWar_P1|TankWar_P2|TankWar_P3|TankWar_P4|TankWar_P5,TankWar_P1|TankWar_P2|TankWar_P3|TankWar_P4|TankWar_P5
D78,RC-0045,C:\Users\JBNU\git\ConstraintsRecovery\assets\tankwar\asset13,133,Maler$$fuer_PC.drawImage,METHOD,C:\Users\JBNU\git\ConstraintsRecovery\assets\tankwar\asset13:IF:8-358,asset13,true,C:\Users\JBNU\git\ConstraintsRecovery\assets\tankwar\asset13,354,Maler$$fuer_PC.loadimage,METHOD,C:\Users\JBNU\git\ConstraintsRecovery\assets\tankwar\asset13:IF:8-358,asset13,true,METHOD_CALL,"loadimage(""missileU.png"", ""missileU.png"", xw, 2 * yh);",TankWar_P1|TankWar_P2|TankWar_P3|TankWar_P4|TankWar_P5,TankWar_P1|TankWar_P2|TankWar_P3|TankWar_P4|TankWar_P5
D79,RC-0045,C:\Users\JBNU\git\ConstraintsRecovery\assets\tankwar\asset13,136,Maler$$fuer_PC.drawImage,METHOD,C:\Users\JBNU\git\ConstraintsRecovery\assets\tankwar\asset13:IF:8-358,asset13,true,C:\Users\JBNU\git\ConstraintsRecovery\assets\tankwar\asset13,354,Maler$$fuer_PC.loadimage,METHOD,C:\Users\JBNU\git\ConstraintsRecovery\assets\tankwar\asset13:IF:8-358,asset13,true,METHOD_CALL,"loadimage(""missileD.png"", ""missileD.png"", xw, 2 * yh);",TankWar_P1|TankWar_P2|TankWar_P3|TankWar_P4|TankWar_P5,TankWar_P1|TankWar_P2|TankWar_P3|TankWar_P4|TankWar_P5
D80,RC-0045,C:\Users\JBNU\git\ConstraintsRecovery\assets\tankwar\asset13,139,Maler$$fuer_PC.drawImage,METHOD,C:\Users\JBNU\git\ConstraintsRecovery\assets\tankwar\asset13:IF:8-358,asset13,true,C:\Users\JBNU\git\ConstraintsRecovery\assets\tankwar\asset13,354,Maler$$fuer_PC.loadimage,METHOD,C:\Users\JBNU\git\ConstraintsRecovery\assets\tankwar\asset13:IF:8-358,asset13,true,METHOD_CALL,"loadimage(""missileL.png"", ""missileL.png"", 2 * xw, yh);",TankWar_P1|TankWar_P2|TankWar_P3|TankWar_P4|TankWar_P5,TankWar_P1|TankWar_P2|TankWar_P3|TankWar_P4|TankWar_P5
D81,RC-0045,C:\Users\JBNU\git\ConstraintsRecovery\assets\tankwar\asset13,142,Maler$$fuer_PC.drawImage,METHOD,C:\Users\JBNU\git\ConstraintsRecovery\assets\tankwar\asset13:IF:8-358,asset13,true,C:\Users\JBNU\git\ConstraintsRecovery\assets\tankwar\asset13,354,Maler$$fuer_PC.loadimage,METHOD,C:\Users\JBNU\git\ConstraintsRecovery\assets\tankwar\asset13:IF:8-358,asset13,true,METHOD_CALL,"loadimage(""missileR.png"", ""missileR.png"", 2 * xw, yh);",TankWar_P1|TankWar_P2|TankWar_P3|TankWar_P4|TankWar_P5,TankWar_P1|TankWar_P2|TankWar_P3|TankWar_P4|TankWar_P5
D82,RC-0045,C:\Users\JBNU\git\ConstraintsRecovery\assets\tankwar\asset13,145,Maler$$fuer_PC.drawImage,METHOD,C:\Users\JBNU\git\ConstraintsRecovery\assets\tankwar\asset13:IF:8-358,asset13,true,C:\Users\JBNU\git\ConstraintsRecovery\assets\tankwar\asset13,354,Maler$$fuer_PC.loadimage,METHOD,C:\Users\JBNU\git\ConstraintsRecovery\assets\tankwar\asset13:IF:8-358,asset13,true,METHOD_CALL,"loadimage(""370"", ""acc.png"", 2 * xw, 2 * yh);",TankWar_P1|TankWar_P2|TankWar_P3|TankWar_P4|TankWar_P5,TankWar_P1|TankWar_P2|TankWar_P3|TankWar_P4|TankWar_P5
D83,RC-0045,C:\Users\JBNU\git\ConstraintsRecovery\assets\tankwar\asset13,148,Maler$$fuer_PC.drawImage,METHOD,C:\Users\JBNU\git\ConstraintsRecovery\assets\tankwar\asset13:IF:8-358,asset13,true,C:\Users\JBNU\git\ConstraintsRecovery\assets\tankwar\asset13,354,Maler$$fuer_PC.loadimage,METHOD,C:\Users\JBNU\git\ConstraintsRecovery\assets\tankwar\asset13:IF:8-358,asset13,true,METHOD_CALL,"loadimage(""371"", ""allstop.png"", 2 * xw, 2 * yh);",TankWar_P1|TankWar_P2|TankWar_P3|TankWar_P4|TankWar_P5,TankWar_P1|TankWar_P2|TankWar_P3|TankWar_P4|TankWar_P5
D84,RC-0045,C:\Users\JBNU\git\ConstraintsRecovery\assets\tankwar\asset13,151,Maler$$fuer_PC.drawImage,METHOD,C:\Users\JBNU\git\ConstraintsRecovery\assets\tankwar\asset13:IF:8-358,asset13,true,C:\Users\JBNU\git\ConstraintsRecovery\assets\tankwar\asset13,354,Maler$$fuer_PC.loadimage,METHOD,C:\Users\JBNU\git\ConstraintsRecovery\assets\tankwar\asset13:IF:8-358,asset13,true,METHOD_CALL,"loadimage(""372"", ""macc.png"", 2 * xw, 2 * yh);",TankWar_P1|TankWar_P2|TankWar_P3|TankWar_P4|TankWar_P5,TankWar_P1|TankWar_P2|TankWar_P3|TankWar_P4|TankWar_P5
D85,RC-0045,C:\Users\JBNU\git\ConstraintsRecovery\assets\tankwar\asset13,154,Maler$$fuer_PC.drawImage,METHOD,C:\Users\JBNU\git\ConstraintsRecovery\assets\tankwar\asset13:IF:8-358,asset13,true,C:\Users\JBNU\git\ConstraintsRecovery\assets\tankwar\asset13,354,Maler$$fuer_PC.loadimage,METHOD,C:\Users\JBNU\git\ConstraintsRecovery\assets\tankwar\asset13:IF:8-358,asset13,true,METHOD_CALL,"loadimage(""373"", ""blood.png"", 2 * xw, 2 * yh);",TankWar_P1|TankWar_P2|TankWar_P3|TankWar_P4|TankWar_P5,TankWar_P1|TankWar_P2|TankWar_P3|TankWar_P4|TankWar_P5
D86,RC-0045,C:\Users\JBNU\git\ConstraintsRecovery\assets\tankwar\asset13,157,Maler$$fuer_PC.drawImage,METHOD,C:\Users\JBNU\git\ConstraintsRecovery\assets\tankwar\asset13:IF:8-358,asset13,true,C:\Users\JBNU\git\ConstraintsRecovery\assets\tankwar\asset13,354,Maler$$fuer_PC.loadimage,METHOD,C:\Users\JBNU\git\ConstraintsRecovery\assets\tankwar\asset13:IF:8-358,asset13,true,METHOD_CALL,"loadimage(""374"", ""bomb.png"", 2 * xw, 2 * yh);",TankWar_P1|TankWar_P2|TankWar_P3|TankWar_P4|TankWar_P5,TankWar_P1|TankWar_P2|TankWar_P3|TankWar_P4|TankWar_P5
D87,RC-0045,C:\Users\JBNU\git\ConstraintsRecovery\assets\tankwar\asset13,160,Maler$$fuer_PC.drawImage,METHOD,C:\Users\JBNU\git\ConstraintsRecovery\assets\tankwar\asset13:IF:8-358,asset13,true,C:\Users\JBNU\git\ConstraintsRecovery\assets\tankwar\asset13,354,Maler$$fuer_PC.loadimage,METHOD,C:\Users\JBNU\git\ConstraintsRecovery\assets\tankwar\asset13:IF:8-358,asset13,true,METHOD_CALL,"loadimage(""375"", ""mars.png"", 2 * xw, 2 * yh);",TankWar_P1|TankWar_P2|TankWar_P3|TankWar_P4|TankWar_P5,TankWar_P1|TankWar_P2|TankWar_P3|TankWar_P4|TankWar_P5
D88,RC-0045,C:\Users\JBNU\git\ConstraintsRecovery\assets\tankwar\asset13,163,Maler$$fuer_PC.drawImage,METHOD,C:\Users\JBNU\git\ConstraintsRecovery\assets\tankwar\asset13:IF:8-358,asset13,true,C:\Users\JBNU\git\ConstraintsRecovery\assets\tankwar\asset13,354,Maler$$fuer_PC.loadimage,METHOD,C:\Users\JBNU\git\ConstraintsRecovery\assets\tankwar\asset13:IF:8-358,asset13,true,METHOD_CALL,"loadimage(""01U"", ""playerTank01U.png"", 3 * xw, 3 * yh);",TankWar_P1|TankWar_P2|TankWar_P3|TankWar_P4|TankWar_P5,TankWar_P1|TankWar_P2|TankWar_P3|TankWar_P4|TankWar_P5
D89,RC-0045,C:\Users\JBNU\git\ConstraintsRecovery\assets\tankwar\asset13,166,Maler$$fuer_PC.drawImage,METHOD,C:\Users\JBNU\git\ConstraintsRecovery\assets\tankwar\asset13:IF:8-358,asset13,true,C:\Users\JBNU\git\ConstraintsRecovery\assets\tankwar\asset13,354,Maler$$fuer_PC.loadimage,METHOD,C:\Users\JBNU\git\ConstraintsRecovery\assets\tankwar\asset13:IF:8-358,asset13,true,METHOD_CALL,"loadimage(""01D"", ""playerTank01D.png"", 3 * xw, 3 * yh);",TankWar_P1|TankWar_P2|TankWar_P3|TankWar_P4|TankWar_P5,TankWar_P1|TankWar_P2|TankWar_P3|TankWar_P4|TankWar_P5
D90,RC-0045,C:\Users\JBNU\git\ConstraintsRecovery\assets\tankwar\asset13,169,Maler$$fuer_PC.drawImage,METHOD,C:\Users\JBNU\git\ConstraintsRecovery\assets\tankwar\asset13:IF:8-358,asset13,true,C:\Users\JBNU\git\ConstraintsRecovery\assets\tankwar\asset13,354,Maler$$fuer_PC.loadimage,METHOD,C:\Users\JBNU\git\ConstraintsRecovery\assets\tankwar\asset13:IF:8-358,asset13,true,METHOD_CALL,"loadimage(""01L"", ""playerTank01L.png"", 3 * xw, 3 * yh);",TankWar_P1|TankWar_P2|TankWar_P3|TankWar_P4|TankWar_P5,TankWar_P1|TankWar_P2|TankWar_P3|TankWar_P4|TankWar_P5
D91,RC-0045,C:\Users\JBNU\git\ConstraintsRecovery\assets\tankwar\asset13,172,Maler$$fuer_PC.drawImage,METHOD,C:\Users\JBNU\git\ConstraintsRecovery\assets\tankwar\asset13:IF:8-358,asset13,true,C:\Users\JBNU\git\ConstraintsRecovery\assets\tankwar\asset13,354,Maler$$fuer_PC.loadimage,METHOD,C:\Users\JBNU\git\ConstraintsRecovery\assets\tankwar\asset13:IF:8-358,asset13,true,METHOD_CALL,"loadimage(""01R"", ""playerTank01R.png"", 3 * xw, 3 * yh);",TankWar_P1|TankWar_P2|TankWar_P3|TankWar_P4|TankWar_P5,TankWar_P1|TankWar_P2|TankWar_P3|TankWar_P4|TankWar_P5
D92,RC-0045,C:\Users\JBNU\git\ConstraintsRecovery\assets\tankwar\asset13,175,Maler$$fuer_PC.drawImage,METHOD,C:\Users\JBNU\git\ConstraintsRecovery\assets\tankwar\asset13:IF:8-358,asset13,true,C:\Users\JBNU\git\ConstraintsRecovery\assets\tankwar\asset13,354,Maler$$fuer_PC.loadimage,METHOD,C:\Users\JBNU\git\ConstraintsRecovery\assets\tankwar\asset13:IF:8-358,asset13,true,METHOD_CALL,"loadimage(""02U"", ""playerTank02U.png"", 3 * xw, 3 * yh);",TankWar_P1|TankWar_P2|TankWar_P3|TankWar_P4|TankWar_P5,TankWar_P1|TankWar_P2|TankWar_P3|TankWar_P4|TankWar_P5
D93,RC-0045,C:\Users\JBNU\git\ConstraintsRecovery\assets\tankwar\asset13,178,Maler$$fuer_PC.drawImage,METHOD,C:\Users\JBNU\git\ConstraintsRecovery\assets\tankwar\asset13:IF:8-358,asset13,true,C:\Users\JBNU\git\ConstraintsRecovery\assets\tankwar\asset13,354,Maler$$fuer_PC.loadimage,METHOD,C:\Users\JBNU\git\ConstraintsRecovery\assets\tankwar\asset13:IF:8-358,asset13,true,METHOD_CALL,"loadimage(""02D"", ""playerTank02D.png"", 3 * xw, 3 * yh);",TankWar_P1|TankWar_P2|TankWar_P3|TankWar_P4|TankWar_P5,TankWar_P1|TankWar_P2|TankWar_P3|TankWar_P4|TankWar_P5
D94,RC-0045,C:\Users\JBNU\git\ConstraintsRecovery\assets\tankwar\asset13,181,Maler$$fuer_PC.drawImage,METHOD,C:\Users\JBNU\git\ConstraintsRecovery\assets\tankwar\asset13:IF:8-358,asset13,true,C:\Users\JBNU\git\ConstraintsRecovery\assets\tankwar\asset13,354,Maler$$fuer_PC.loadimage,METHOD,C:\Users\JBNU\git\ConstraintsRecovery\assets\tankwar\asset13:IF:8-358,asset13,true,METHOD_CALL,"loadimage(""02L"", ""playerTank02L.png"", 3 * xw, 3 * yh);",TankWar_P1|TankWar_P2|TankWar_P3|TankWar_P4|TankWar_P5,TankWar_P1|TankWar_P2|TankWar_P3|TankWar_P4|TankWar_P5
D95,RC-0045,C:\Users\JBNU\git\ConstraintsRecovery\assets\tankwar\asset13,184,Maler$$fuer_PC.drawImage,METHOD,C:\Users\JBNU\git\ConstraintsRecovery\assets\tankwar\asset13:IF:8-358,asset13,true,C:\Users\JBNU\git\ConstraintsRecovery\assets\tankwar\asset13,354,Maler$$fuer_PC.loadimage,METHOD,C:\Users\JBNU\git\ConstraintsRecovery\assets\tankwar\asset13:IF:8-358,asset13,true,METHOD_CALL,"loadimage(""02R"", ""playerTank02R.png"", 3 * xw, 3 * yh);",TankWar_P1|TankWar_P2|TankWar_P3|TankWar_P4|TankWar_P5,TankWar_P1|TankWar_P2|TankWar_P3|TankWar_P4|TankWar_P5
D96,RC-0045,C:\Users\JBNU\git\ConstraintsRecovery\assets\tankwar\asset13,187,Maler$$fuer_PC.drawImage,METHOD,C:\Users\JBNU\git\ConstraintsRecovery\assets\tankwar\asset13:IF:8-358,asset13,true,C:\Users\JBNU\git\ConstraintsRecovery\assets\tankwar\asset13,354,Maler$$fuer_PC.loadimage,METHOD,C:\Users\JBNU\git\ConstraintsRecovery\assets\tankwar\asset13:IF:8-358,asset13,true,METHOD_CALL,"loadimage(""03U"", ""playerTank03U.png"", 3 * xw, 3 * yh);",TankWar_P1|TankWar_P2|TankWar_P3|TankWar_P4|TankWar_P5,TankWar_P1|TankWar_P2|TankWar_P3|TankWar_P4|TankWar_P5
D97,RC-0045,C:\Users\JBNU\git\ConstraintsRecovery\assets\tankwar\asset13,190,Maler$$fuer_PC.drawImage,METHOD,C:\Users\JBNU\git\ConstraintsRecovery\assets\tankwar\asset13:IF:8-358,asset13,true,C:\Users\JBNU\git\ConstraintsRecovery\assets\tankwar\asset13,354,Maler$$fuer_PC.loadimage,METHOD,C:\Users\JBNU\git\ConstraintsRecovery\assets\tankwar\asset13:IF:8-358,asset13,true,METHOD_CALL,"loadimage(""03D"", ""playerTank03D.png"", 3 * xw, 3 * yh);",TankWar_P1|TankWar_P2|TankWar_P3|TankWar_P4|TankWar_P5,TankWar_P1|TankWar_P2|TankWar_P3|TankWar_P4|TankWar_P5
D98,RC-0045,C:\Users\JBNU\git\ConstraintsRecovery\assets\tankwar\asset13,193,Maler$$fuer_PC.drawImage,METHOD,C:\Users\JBNU\git\ConstraintsRecovery\assets\tankwar\asset13:IF:8-358,asset13,true,C:\Users\JBNU\git\ConstraintsRecovery\assets\tankwar\asset13,354,Maler$$fuer_PC.loadimage,METHOD,C:\Users\JBNU\git\ConstraintsRecovery\assets\tankwar\asset13:IF:8-358,asset13,true,METHOD_CALL,"loadimage(""03L"", ""playerTank03L.png"", 3 * xw, 3 * yh);",TankWar_P1|TankWar_P2|TankWar_P3|TankWar_P4|TankWar_P5,TankWar_P1|TankWar_P2|TankWar_P3|TankWar_P4|TankWar_P5
D99,RC-0045,C:\Users\JBNU\git\ConstraintsRecovery\assets\tankwar\asset13,196,Maler$$fuer_PC.drawImage,METHOD,C:\Users\JBNU\git\ConstraintsRecovery\assets\tankwar\asset13:IF:8-358,asset13,true,C:\Users\JBNU\git\ConstraintsRecovery\assets\tankwar\asset13,354,Maler$$fuer_PC.loadimage,METHOD,C:\Users\JBNU\git\ConstraintsRecovery\assets\tankwar\asset13:IF:8-358,asset13,true,METHOD_CALL,"loadimage(""03R"", ""playerTank03R.png"", 3 * xw, 3 * yh);",TankWar_P1|TankWar_P2|TankWar_P3|TankWar_P4|TankWar_P5,TankWar_P1|TankWar_P2|TankWar_P3|TankWar_P4|TankWar_P5
D100,RC-0045,C:\Users\JBNU\git\ConstraintsRecovery\assets\tankwar\asset13,199,Maler$$fuer_PC.drawImage,METHOD,C:\Users\JBNU\git\ConstraintsRecovery\assets\tankwar\asset13:IF:8-358,asset13,true,C:\Users\JBNU\git\ConstraintsRecovery\assets\tankwar\asset13,354,Maler$$fuer_PC.loadimage,METHOD,C:\Users\JBNU\git\ConstraintsRecovery\assets\tankwar\asset13:IF:8-358,asset13,true,METHOD_CALL,"loadimage(""11U"", ""enemyTank11U.png"", 3 * xw, 3 * yh);",TankWar_P1|TankWar_P2|TankWar_P3|TankWar_P4|TankWar_P5,TankWar_P1|TankWar_P2|TankWar_P3|TankWar_P4|TankWar_P5
D101,RC-0045,C:\Users\JBNU\git\ConstraintsRecovery\assets\tankwar\asset13,202,Maler$$fuer_PC.drawImage,METHOD,C:\Users\JBNU\git\ConstraintsRecovery\assets\tankwar\asset13:IF:8-358,asset13,true,C:\Users\JBNU\git\ConstraintsRecovery\assets\tankwar\asset13,354,Maler$$fuer_PC.loadimage,METHOD,C:\Users\JBNU\git\ConstraintsRecovery\assets\tankwar\asset13:IF:8-358,asset13,true,METHOD_CALL,"loadimage(""11D"", ""enemyTank11D.png"", 3 * xw, 3 * yh);",TankWar_P1|TankWar_P2|TankWar_P3|TankWar_P4|TankWar_P5,TankWar_P1|TankWar_P2|TankWar_P3|TankWar_P4|TankWar_P5
D102,RC-0045,C:\Users\JBNU\git\ConstraintsRecovery\assets\tankwar\asset13,205,Maler$$fuer_PC.drawImage,METHOD,C:\Users\JBNU\git\ConstraintsRecovery\assets\tankwar\asset13:IF:8-358,asset13,true,C:\Users\JBNU\git\ConstraintsRecovery\assets\tankwar\asset13,354,Maler$$fuer_PC.loadimage,METHOD,C:\Users\JBNU\git\ConstraintsRecovery\assets\tankwar\asset13:IF:8-358,asset13,true,METHOD_CALL,"loadimage(""11L"", ""enemyTank11L.png"", 3 * xw, 3 * yh);",TankWar_P1|TankWar_P2|TankWar_P3|TankWar_P4|TankWar_P5,TankWar_P1|TankWar_P2|TankWar_P3|TankWar_P4|TankWar_P5
D103,RC-0045,C:\Users\JBNU\git\ConstraintsRecovery\assets\tankwar\asset13,208,Maler$$fuer_PC.drawImage,METHOD,C:\Users\JBNU\git\ConstraintsRecovery\assets\tankwar\asset13:IF:8-358,asset13,true,C:\Users\JBNU\git\ConstraintsRecovery\assets\tankwar\asset13,354,Maler$$fuer_PC.loadimage,METHOD,C:\Users\JBNU\git\ConstraintsRecovery\assets\tankwar\asset13:IF:8-358,asset13,true,METHOD_CALL,"loadimage(""11R"", ""enemyTank11R.png"", 3 * xw, 3 * yh);",TankWar_P1|TankWar_P2|TankWar_P3|TankWar_P4|TankWar_P5,TankWar_P1|TankWar_P2|TankWar_P3|TankWar_P4|TankWar_P5
D104,RC-0045,C:\Users\JBNU\git\ConstraintsRecovery\assets\tankwar\asset13,211,Maler$$fuer_PC.drawImage,METHOD,C:\Users\JBNU\git\ConstraintsRecovery\assets\tankwar\asset13:IF:8-358,asset13,true,C:\Users\JBNU\git\ConstraintsRecovery\assets\tankwar\asset13,354,Maler$$fuer_PC.loadimage,METHOD,C:\Users\JBNU\git\ConstraintsRecovery\assets\tankwar\asset13:IF:8-358,asset13,true,METHOD_CALL,"loadimage(""12U"", ""enemyTank12U.png"", 3 * xw, 3 * yh);",TankWar_P1|TankWar_P2|TankWar_P3|TankWar_P4|TankWar_P5,TankWar_P1|TankWar_P2|TankWar_P3|TankWar_P4|TankWar_P5
D105,RC-0045,C:\Users\JBNU\git\ConstraintsRecovery\assets\tankwar\asset13,214,Maler$$fuer_PC.drawImage,METHOD,C:\Users\JBNU\git\ConstraintsRecovery\assets\tankwar\asset13:IF:8-358,asset13,true,C:\Users\JBNU\git\ConstraintsRecovery\assets\tankwar\asset13,354,Maler$$fuer_PC.loadimage,METHOD,C:\Users\JBNU\git\ConstraintsRecovery\assets\tankwar\asset13:IF:8-358,asset13,true,METHOD_CALL,"loadimage(""12D"", ""enemyTank12D.png"", 3 * xw, 3 * yh);",TankWar_P1|TankWar_P2|TankWar_P3|TankWar_P4|TankWar_P5,TankWar_P1|TankWar_P2|TankWar_P3|TankWar_P4|TankWar_P5
D106,RC-0045,C:\Users\JBNU\git\ConstraintsRecovery\assets\tankwar\asset13,217,Maler$$fuer_PC.drawImage,METHOD,C:\Users\JBNU\git\ConstraintsRecovery\assets\tankwar\asset13:IF:8-358,asset13,true,C:\Users\JBNU\git\ConstraintsRecovery\assets\tankwar\asset13,354,Maler$$fuer_PC.loadimage,METHOD,C:\Users\JBNU\git\ConstraintsRecovery\assets\tankwar\asset13:IF:8-358,asset13,true,METHOD_CALL,"loadimage(""12L"", ""enemyTank12L.png"", 3 * xw, 3 * yh);",TankWar_P1|TankWar_P2|TankWar_P3|TankWar_P4|TankWar_P5,TankWar_P1|TankWar_P2|TankWar_P3|TankWar_P4|TankWar_P5
D107,RC-0045,C:\Users\JBNU\git\ConstraintsRecovery\assets\tankwar\asset13,220,Maler$$fuer_PC.drawImage,METHOD,C:\Users\JBNU\git\ConstraintsRecovery\assets\tankwar\asset13:IF:8-358,asset13,true,C:\Users\JBNU\git\ConstraintsRecovery\assets\tankwar\asset13,354,Maler$$fuer_PC.loadimage,METHOD,C:\Users\JBNU\git\ConstraintsRecovery\assets\tankwar\asset13:IF:8-358,asset13,true,METHOD_CALL,"loadimage(""12R"", ""enemyTank12R.png"", 3 * xw, 3 * yh);",TankWar_P1|TankWar_P2|TankWar_P3|TankWar_P4|TankWar_P5,TankWar_P1|TankWar_P2|TankWar_P3|TankWar_P4|TankWar_P5
D108,RC-0045,C:\Users\JBNU\git\ConstraintsRecovery\assets\tankwar\asset13,223,Maler$$fuer_PC.drawImage,METHOD,C:\Users\JBNU\git\ConstraintsRecovery\assets\tankwar\asset13:IF:8-358,asset13,true,C:\Users\JBNU\git\ConstraintsRecovery\assets\tankwar\asset13,354,Maler$$fuer_PC.loadimage,METHOD,C:\Users\JBNU\git\ConstraintsRecovery\assets\tankwar\asset13:IF:8-358,asset13,true,METHOD_CALL,"loadimage(""13U"", ""enemyTank13U.png"", 3 * xw, 3 * yh);",TankWar_P1|TankWar_P2|TankWar_P3|TankWar_P4|TankWar_P5,TankWar_P1|TankWar_P2|TankWar_P3|TankWar_P4|TankWar_P5
D109,RC-0045,C:\Users\JBNU\git\ConstraintsRecovery\assets\tankwar\asset13,226,Maler$$fuer_PC.drawImage,METHOD,C:\Users\JBNU\git\ConstraintsRecovery\assets\tankwar\asset13:IF:8-358,asset13,true,C:\Users\JBNU\git\ConstraintsRecovery\assets\tankwar\asset13,354,Maler$$fuer_PC.loadimage,METHOD,C:\Users\JBNU\git\ConstraintsRecovery\assets\tankwar\asset13:IF:8-358,asset13,true,METHOD_CALL,"loadimage(""13D"", ""enemyTank13D.png"", 3 * xw, 3 * yh);",TankWar_P1|TankWar_P2|TankWar_P3|TankWar_P4|TankWar_P5,TankWar_P1|TankWar_P2|TankWar_P3|TankWar_P4|TankWar_P5
D110,RC-0045,C:\Users\JBNU\git\ConstraintsRecovery\assets\tankwar\asset13,229,Maler$$fuer_PC.drawImage,METHOD,C:\Users\JBNU\git\ConstraintsRecovery\assets\tankwar\asset13:IF:8-358,asset13,true,C:\Users\JBNU\git\ConstraintsRecovery\assets\tankwar\asset13,354,Maler$$fuer_PC.loadimage,METHOD,C:\Users\JBNU\git\ConstraintsRecovery\assets\tankwar\asset13:IF:8-358,asset13,true,METHOD_CALL,"loadimage(""13L"", ""enemyTank13L.png"", 3 * xw, 3 * yh);",TankWar_P1|TankWar_P2|TankWar_P3|TankWar_P4|TankWar_P5,TankWar_P1|TankWar_P2|TankWar_P3|TankWar_P4|TankWar_P5
D111,RC-0045,C:\Users\JBNU\git\ConstraintsRecovery\assets\tankwar\asset13,232,Maler$$fuer_PC.drawImage,METHOD,C:\Users\JBNU\git\ConstraintsRecovery\assets\tankwar\asset13:IF:8-358,asset13,true,C:\Users\JBNU\git\ConstraintsRecovery\assets\tankwar\asset13,354,Maler$$fuer_PC.loadimage,METHOD,C:\Users\JBNU\git\ConstraintsRecovery\assets\tankwar\asset13:IF:8-358,asset13,true,METHOD_CALL,"loadimage(""13R"", ""enemyTank13R.png"", 3 * xw, 3 * yh);",TankWar_P1|TankWar_P2|TankWar_P3|TankWar_P4|TankWar_P5,TankWar_P1|TankWar_P2|TankWar_P3|TankWar_P4|TankWar_P5
D112,RC-0045,C:\Users\JBNU\git\ConstraintsRecovery\assets\tankwar\asset13,235,Maler$$fuer_PC.drawImage,METHOD,C:\Users\JBNU\git\ConstraintsRecovery\assets\tankwar\asset13:IF:8-358,asset13,true,C:\Users\JBNU\git\ConstraintsRecovery\assets\tankwar\asset13,354,Maler$$fuer_PC.loadimage,METHOD,C:\Users\JBNU\git\ConstraintsRecovery\assets\tankwar\asset13:IF:8-358,asset13,true,METHOD_CALL,"loadimage(""21U"", ""enemyBoss21U.png"", 4 * xw, 4 * yh);",TankWar_P1|TankWar_P2|TankWar_P3|TankWar_P4|TankWar_P5,TankWar_P1|TankWar_P2|TankWar_P3|TankWar_P4|TankWar_P5
D113,RC-0045,C:\Users\JBNU\git\ConstraintsRecovery\assets\tankwar\asset13,238,Maler$$fuer_PC.drawImage,METHOD,C:\Users\JBNU\git\ConstraintsRecovery\assets\tankwar\asset13:IF:8-358,asset13,true,C:\Users\JBNU\git\ConstraintsRecovery\assets\tankwar\asset13,354,Maler$$fuer_PC.loadimage,METHOD,C:\Users\JBNU\git\ConstraintsRecovery\assets\tankwar\asset13:IF:8-358,asset13,true,METHOD_CALL,"loadimage(""21D"", ""enemyBoss21D.png"", 4 * xw, 4 * yh);",TankWar_P1|TankWar_P2|TankWar_P3|TankWar_P4|TankWar_P5,TankWar_P1|TankWar_P2|TankWar_P3|TankWar_P4|TankWar_P5
D114,RC-0045,C:\Users\JBNU\git\ConstraintsRecovery\assets\tankwar\asset13,241,Maler$$fuer_PC.drawImage,METHOD,C:\Users\JBNU\git\ConstraintsRecovery\assets\tankwar\asset13:IF:8-358,asset13,true,C:\Users\JBNU\git\ConstraintsRecovery\assets\tankwar\asset13,354,Maler$$fuer_PC.loadimage,METHOD,C:\Users\JBNU\git\ConstraintsRecovery\assets\tankwar\asset13:IF:8-358,asset13,true,METHOD_CALL,"loadimage(""21L"", ""enemyBoss21L.png"", 4 * xw, 4 * yh);",TankWar_P1|TankWar_P2|TankWar_P3|TankWar_P4|TankWar_P5,TankWar_P1|TankWar_P2|TankWar_P3|TankWar_P4|TankWar_P5
D115,RC-0045,C:\Users\JBNU\git\ConstraintsRecovery\assets\tankwar\asset13,244,Maler$$fuer_PC.drawImage,METHOD,C:\Users\JBNU\git\ConstraintsRecovery\assets\tankwar\asset13:IF:8-358,asset13,true,C:\Users\JBNU\git\ConstraintsRecovery\assets\tankwar\asset13,354,Maler$$fuer_PC.loadimage,METHOD,C:\Users\JBNU\git\ConstraintsRecovery\assets\tankwar\asset13:IF:8-358,asset13,true,METHOD_CALL,"loadimage(""21R"", ""enemyBoss21R.png"", 4 * xw, 4 * yh);",TankWar_P1|TankWar_P2|TankWar_P3|TankWar_P4|TankWar_P5,TankWar_P1|TankWar_P2|TankWar_P3|TankWar_P4|TankWar_P5
D116,RC-0045,C:\Users\JBNU\git\ConstraintsRecovery\assets\tankwar\asset13,247,Maler$$fuer_PC.drawImage,METHOD,C:\Users\JBNU\git\ConstraintsRecovery\assets\tankwar\asset13:IF:8-358,asset13,true,C:\Users\JBNU\git\ConstraintsRecovery\assets\tankwar\asset13,354,Maler$$fuer_PC.loadimage,METHOD,C:\Users\JBNU\git\ConstraintsRecovery\assets\tankwar\asset13:IF:8-358,asset13,true,METHOD_CALL,"loadimage(""24U"", ""enemyBoss24U.png"", 4 * xw, 4 * yh);",TankWar_P1|TankWar_P2|TankWar_P3|TankWar_P4|TankWar_P5,TankWar_P1|TankWar_P2|TankWar_P3|TankWar_P4|TankWar_P5
D117,RC-0045,C:\Users\JBNU\git\ConstraintsRecovery\assets\tankwar\asset13,250,Maler$$fuer_PC.drawImage,METHOD,C:\Users\JBNU\git\ConstraintsRecovery\assets\tankwar\asset13:IF:8-358,asset13,true,C:\Users\JBNU\git\ConstraintsRecovery\assets\tankwar\asset13,354,Maler$$fuer_PC.loadimage,METHOD,C:\Users\JBNU\git\ConstraintsRecovery\assets\tankwar\asset13:IF:8-358,asset13,true,METHOD_CALL,"loadimage(""24D"", ""enemyBoss24D.png"", 4 * xw, 4 * yh);",TankWar_P1|TankWar_P2|TankWar_P3|TankWar_P4|TankWar_P5,TankWar_P1|TankWar_P2|TankWar_P3|TankWar_P4|TankWar_P5
D118,RC-0045,C:\Users\JBNU\git\ConstraintsRecovery\assets\tankwar\asset13,253,Maler$$fuer_PC.drawImage,METHOD,C:\Users\JBNU\git\ConstraintsRecovery\assets\tankwar\asset13:IF:8-358,asset13,true,C:\Users\JBNU\git\ConstraintsRecovery\assets\tankwar\asset13,354,Maler$$fuer_PC.loadimage,METHOD,C:\Users\JBNU\git\ConstraintsRecovery\assets\tankwar\asset13:IF:8-358,asset13,true,METHOD_CALL,"loadimage(""24L"", ""enemyBoss24L.png"", 4 * xw, 4 * yh);",TankWar_P1|TankWar_P2|TankWar_P3|TankWar_P4|TankWar_P5,TankWar_P1|TankWar_P2|TankWar_P3|TankWar_P4|TankWar_P5
D119,RC-0045,C:\Users\JBNU\git\ConstraintsRecovery\assets\tankwar\asset13,256,Maler$$fuer_PC.drawImage,METHOD,C:\Users\JBNU\git\ConstraintsRecovery\assets\tankwar\asset13:IF:8-358,asset13,true,C:\Users\JBNU\git\ConstraintsRecovery\assets\tankwar\asset13,354,Maler$$fuer_PC.loadimage,METHOD,C:\Users\JBNU\git\ConstraintsRecovery\assets\tankwar\asset13:IF:8-358,asset13,true,METHOD_CALL,"loadimage(""24R"", ""enemyBoss24R.png"", 4 * xw, 4 * yh);",TankWar_P1|TankWar_P2|TankWar_P3|TankWar_P4|TankWar_P5,TankWar_P1|TankWar_P2|TankWar_P3|TankWar_P4|TankWar_P5
D120,RC-0045,C:\Users\JBNU\git\ConstraintsRecovery\assets\tankwar\asset13,259,Maler$$fuer_PC.drawImage,METHOD,C:\Users\JBNU\git\ConstraintsRecovery\assets\tankwar\asset13:IF:8-358,asset13,true,C:\Users\JBNU\git\ConstraintsRecovery\assets\tankwar\asset13,354,Maler$$fuer_PC.loadimage,METHOD,C:\Users\JBNU\git\ConstraintsRecovery\assets\tankwar\asset13:IF:8-358,asset13,true,METHOD_CALL,"loadimage(""25U"", ""enemyBoss25U.png"", 4 * xw, 4 * yh);",TankWar_P1|TankWar_P2|TankWar_P3|TankWar_P4|TankWar_P5,TankWar_P1|TankWar_P2|TankWar_P3|TankWar_P4|TankWar_P5
D121,RC-0045,C:\Users\JBNU\git\ConstraintsRecovery\assets\tankwar\asset13,262,Maler$$fuer_PC.drawImage,METHOD,C:\Users\JBNU\git\ConstraintsRecovery\assets\tankwar\asset13:IF:8-358,asset13,true,C:\Users\JBNU\git\ConstraintsRecovery\assets\tankwar\asset13,354,Maler$$fuer_PC.loadimage,METHOD,C:\Users\JBNU\git\ConstraintsRecovery\assets\tankwar\asset13:IF:8-358,asset13,true,METHOD_CALL,"loadimage(""25D"", ""enemyBoss25D.png"", 4 * xw, 4 * yh);",TankWar_P1|TankWar_P2|TankWar_P3|TankWar_P4|TankWar_P5,TankWar_P1|TankWar_P2|TankWar_P3|TankWar_P4|TankWar_P5
D122,RC-0045,C:\Users\JBNU\git\ConstraintsRecovery\assets\tankwar\asset13,265,Maler$$fuer_PC.drawImage,METHOD,C:\Users\JBNU\git\ConstraintsRecovery\assets\tankwar\asset13:IF:8-358,asset13,true,C:\Users\JBNU\git\ConstraintsRecovery\assets\tankwar\asset13,354,Maler$$fuer_PC.loadimage,METHOD,C:\Users\JBNU\git\ConstraintsRecovery\assets\tankwar\asset13:IF:8-358,asset13,true,METHOD_CALL,"loadimage(""25L"", ""enemyBoss25L.png"", 4 * xw, 4 * yh);",TankWar_P1|TankWar_P2|TankWar_P3|TankWar_P4|TankWar_P5,TankWar_P1|TankWar_P2|TankWar_P3|TankWar_P4|TankWar_P5
D123,RC-0045,C:\Users\JBNU\git\ConstraintsRecovery\assets\tankwar\asset13,268,Maler$$fuer_PC.drawImage,METHOD,C:\Users\JBNU\git\ConstraintsRecovery\assets\tankwar\asset13:IF:8-358,asset13,true,C:\Users\JBNU\git\ConstraintsRecovery\assets\tankwar\asset13,354,Maler$$fuer_PC.loadimage,METHOD,C:\Users\JBNU\git\ConstraintsRecovery\assets\tankwar\asset13:IF:8-358,asset13,true,METHOD_CALL,"loadimage(""25R"", ""enemyBoss25R.png"", 4 * xw, 4 * yh);",TankWar_P1|TankWar_P2|TankWar_P3|TankWar_P4|TankWar_P5,TankWar_P1|TankWar_P2|TankWar_P3|TankWar_P4|TankWar_P5
D124,RC-0045,C:\Users\JBNU\git\ConstraintsRecovery\assets\tankwar\asset13,271,Maler$$fuer_PC.drawImage,METHOD,C:\Users\JBNU\git\ConstraintsRecovery\assets\tankwar\asset13:IF:8-358,asset13,true,C:\Users\JBNU\git\ConstraintsRecovery\assets\tankwar\asset13,354,Maler$$fuer_PC.loadimage,METHOD,C:\Users\JBNU\git\ConstraintsRecovery\assets\tankwar\asset13:IF:8-358,asset13,true,METHOD_CALL,"loadimage(""22U"", ""enemyBoss22U.png"", 4 * xw, 4 * yh);",TankWar_P1|TankWar_P2|TankWar_P3|TankWar_P4|TankWar_P5,TankWar_P1|TankWar_P2|TankWar_P3|TankWar_P4|TankWar_P5
D125,RC-0045,C:\Users\JBNU\git\ConstraintsRecovery\assets\tankwar\asset13,274,Maler$$fuer_PC.drawImage,METHOD,C:\Users\JBNU\git\ConstraintsRecovery\assets\tankwar\asset13:IF:8-358,asset13,true,C:\Users\JBNU\git\ConstraintsRecovery\assets\tankwar\asset13,354,Maler$$fuer_PC.loadimage,METHOD,C:\Users\JBNU\git\ConstraintsRecovery\assets\tankwar\asset13:IF:8-358,asset13,true,METHOD_CALL,"loadimage(""22D"", ""enemyBoss22D.png"", 4 * xw, 4 * yh);",TankWar_P1|TankWar_P2|TankWar_P3|TankWar_P4|TankWar_P5,TankWar_P1|TankWar_P2|TankWar_P3|TankWar_P4|TankWar_P5
D126,RC-0045,C:\Users\JBNU\git\ConstraintsRecovery\assets\tankwar\asset13,277,Maler$$fuer_PC.drawImage,METHOD,C:\Users\JBNU\git\ConstraintsRecovery\assets\tankwar\asset13:IF:8-358,asset13,true,C:\Users\JBNU\git\ConstraintsRecovery\assets\tankwar\asset13,354,Maler$$fuer_PC.loadimage,METHOD,C:\Users\JBNU\git\ConstraintsRecovery\assets\tankwar\asset13:IF:8-358,asset13,true,METHOD_CALL,"loadimage(""22L"", ""enemyBoss22L.png"", 4 * xw, 4 * yh);",TankWar_P1|TankWar_P2|TankWar_P3|TankWar_P4|TankWar_P5,TankWar_P1|TankWar_P2|TankWar_P3|TankWar_P4|TankWar_P5
D127,RC-0045,C:\Users\JBNU\git\ConstraintsRecovery\assets\tankwar\asset13,280,Maler$$fuer_PC.drawImage,METHOD,C:\Users\JBNU\git\ConstraintsRecovery\assets\tankwar\asset13:IF:8-358,asset13,true,C:\Users\JBNU\git\ConstraintsRecovery\assets\tankwar\asset13,354,Maler$$fuer_PC.loadimage,METHOD,C:\Users\JBNU\git\ConstraintsRecovery\assets\tankwar\asset13:IF:8-358,asset13,true,METHOD_CALL,"loadimage(""22R"", ""enemyBoss22R.png"", 4 * xw, 4 * yh);",TankWar_P1|TankWar_P2|TankWar_P3|TankWar_P4|TankWar_P5,TankWar_P1|TankWar_P2|TankWar_P3|TankWar_P4|TankWar_P5
D128,RC-0045,C:\Users\JBNU\git\ConstraintsRecovery\assets\tankwar\asset13,283,Maler$$fuer_PC.drawImage,METHOD,C:\Users\JBNU\git\ConstraintsRecovery\assets\tankwar\asset13:IF:8-358,asset13,true,C:\Users\JBNU\git\ConstraintsRecovery\assets\tankwar\asset13,354,Maler$$fuer_PC.loadimage,METHOD,C:\Users\JBNU\git\ConstraintsRecovery\assets\tankwar\asset13:IF:8-358,asset13,true,METHOD_CALL,"loadimage(""26U"", ""enemyBoss26U.png"", 4 * xw, 4 * yh);",TankWar_P1|TankWar_P2|TankWar_P3|TankWar_P4|TankWar_P5,TankWar_P1|TankWar_P2|TankWar_P3|TankWar_P4|TankWar_P5
D129,RC-0045,C:\Users\JBNU\git\ConstraintsRecovery\assets\tankwar\asset13,286,Maler$$fuer_PC.drawImage,METHOD,C:\Users\JBNU\git\ConstraintsRecovery\assets\tankwar\asset13:IF:8-358,asset13,true,C:\Users\JBNU\git\ConstraintsRecovery\assets\tankwar\asset13,354,Maler$$fuer_PC.loadimage,METHOD,C:\Users\JBNU\git\ConstraintsRecovery\assets\tankwar\asset13:IF:8-358,asset13,true,METHOD_CALL,"loadimage(""26D"", ""enemyBoss26D.png"", 4 * xw, 4 * yh);",TankWar_P1|TankWar_P2|TankWar_P3|TankWar_P4|TankWar_P5,TankWar_P1|TankWar_P2|TankWar_P3|TankWar_P4|TankWar_P5
D130,RC-0045,C:\Users\JBNU\git\ConstraintsRecovery\assets\tankwar\asset13,289,Maler$$fuer_PC.drawImage,METHOD,C:\Users\JBNU\git\ConstraintsRecovery\assets\tankwar\asset13:IF:8-358,asset13,true,C:\Users\JBNU\git\ConstraintsRecovery\assets\tankwar\asset13,354,Maler$$fuer_PC.loadimage,METHOD,C:\Users\JBNU\git\ConstraintsRecovery\assets\tankwar\asset13:IF:8-358,asset13,true,METHOD_CALL,"loadimage(""26L"", ""enemyBoss26L.png"", 4 * xw, 4 * yh);",TankWar_P1|TankWar_P2|TankWar_P3|TankWar_P4|TankWar_P5,TankWar_P1|TankWar_P2|TankWar_P3|TankWar_P4|TankWar_P5
D131,RC-0045,C:\Users\JBNU\git\ConstraintsRecovery\assets\tankwar\asset13,292,Maler$$fuer_PC.drawImage,METHOD,C:\Users\JBNU\git\ConstraintsRecovery\assets\tankwar\asset13:IF:8-358,asset13,true,C:\Users\JBNU\git\ConstraintsRecovery\assets\tankwar\asset13,354,Maler$$fuer_PC.loadimage,METHOD,C:\Users\JBNU\git\ConstraintsRecovery\assets\tankwar\asset13:IF:8-358,asset13,true,METHOD_CALL,"loadimage(""26R"", ""enemyBoss26R.png"", 4 * xw, 4 * yh);",TankWar_P1|TankWar_P2|TankWar_P3|TankWar_P4|TankWar_P5,TankWar_P1|TankWar_P2|TankWar_P3|TankWar_P4|TankWar_P5
D132,RC-0045,C:\Users\JBNU\git\ConstraintsRecovery\assets\tankwar\asset13,295,Maler$$fuer_PC.drawImage,METHOD,C:\Users\JBNU\git\ConstraintsRecovery\assets\tankwar\asset13:IF:8-358,asset13,true,C:\Users\JBNU\git\ConstraintsRecovery\assets\tankwar\asset13,354,Maler$$fuer_PC.loadimage,METHOD,C:\Users\JBNU\git\ConstraintsRecovery\assets\tankwar\asset13:IF:8-358,asset13,true,METHOD_CALL,"loadimage(""27U"", ""enemyBoss27U.png"", 4 * xw, 4 * yh);",TankWar_P1|TankWar_P2|TankWar_P3|TankWar_P4|TankWar_P5,TankWar_P1|TankWar_P2|TankWar_P3|TankWar_P4|TankWar_P5
D133,RC-0045,C:\Users\JBNU\git\ConstraintsRecovery\assets\tankwar\asset13,298,Maler$$fuer_PC.drawImage,METHOD,C:\Users\JBNU\git\ConstraintsRecovery\assets\tankwar\asset13:IF:8-358,asset13,true,C:\Users\JBNU\git\ConstraintsRecovery\assets\tankwar\asset13,354,Maler$$fuer_PC.loadimage,METHOD,C:\Users\JBNU\git\ConstraintsRecovery\assets\tankwar\asset13:IF:8-358,asset13,true,METHOD_CALL,"loadimage(""27D"", ""enemyBoss27D.png"", 4 * xw, 4 * yh);",TankWar_P1|TankWar_P2|TankWar_P3|TankWar_P4|TankWar_P5,TankWar_P1|TankWar_P2|TankWar_P3|TankWar_P4|TankWar_P5
D134,RC-0045,C:\Users\JBNU\git\ConstraintsRecovery\assets\tankwar\asset13,301,Maler$$fuer_PC.drawImage,METHOD,C:\Users\JBNU\git\ConstraintsRecovery\assets\tankwar\asset13:IF:8-358,asset13,true,C:\Users\JBNU\git\ConstraintsRecovery\assets\tankwar\asset13,354,Maler$$fuer_PC.loadimage,METHOD,C:\Users\JBNU\git\ConstraintsRecovery\assets\tankwar\asset13:IF:8-358,asset13,true,METHOD_CALL,"loadimage(""27L"", ""enemyBoss27L.png"", 4 * xw, 4 * yh);",TankWar_P1|TankWar_P2|TankWar_P3|TankWar_P4|TankWar_P5,TankWar_P1|TankWar_P2|TankWar_P3|TankWar_P4|TankWar_P5
D135,RC-0045,C:\Users\JBNU\git\ConstraintsRecovery\assets\tankwar\asset13,304,Maler$$fuer_PC.drawImage,METHOD,C:\Users\JBNU\git\ConstraintsRecovery\assets\tankwar\asset13:IF:8-358,asset13,true,C:\Users\JBNU\git\ConstraintsRecovery\assets\tankwar\asset13,354,Maler$$fuer_PC.loadimage,METHOD,C:\Users\JBNU\git\ConstraintsRecovery\assets\tankwar\asset13:IF:8-358,asset13,true,METHOD_CALL,"loadimage(""27R"", ""enemyBoss27R.png"", 4 * xw, 4 * yh);",TankWar_P1|TankWar_P2|TankWar_P3|TankWar_P4|TankWar_P5,TankWar_P1|TankWar_P2|TankWar_P3|TankWar_P4|TankWar_P5
D136,RC-0045,C:\Users\JBNU\git\ConstraintsRecovery\assets\tankwar\asset13,307,Maler$$fuer_PC.drawImage,METHOD,C:\Users\JBNU\git\ConstraintsRecovery\assets\tankwar\asset13:IF:8-358,asset13,true,C:\Users\JBNU\git\ConstraintsRecovery\assets\tankwar\asset13,354,Maler$$fuer_PC.loadimage,METHOD,C:\Users\JBNU\git\ConstraintsRecovery\assets\tankwar\asset13:IF:8-358,asset13,true,METHOD_CALL,"loadimage(""23U"", ""enemyBoss23U.png"", 4 * xw, 4 * yh);",TankWar_P1|TankWar_P2|TankWar_P3|TankWar_P4|TankWar_P5,TankWar_P1|TankWar_P2|TankWar_P3|TankWar_P4|TankWar_P5
D137,RC-0045,C:\Users\JBNU\git\ConstraintsRecovery\assets\tankwar\asset13,310,Maler$$fuer_PC.drawImage,METHOD,C:\Users\JBNU\git\ConstraintsRecovery\assets\tankwar\asset13:IF:8-358,asset13,true,C:\Users\JBNU\git\ConstraintsRecovery\assets\tankwar\asset13,354,Maler$$fuer_PC.loadimage,METHOD,C:\Users\JBNU\git\ConstraintsRecovery\assets\tankwar\asset13:IF:8-358,asset13,true,METHOD_CALL,"loadimage(""23D"", ""enemyBoss23D.png"", 4 * xw, 4 * yh);",TankWar_P1|TankWar_P2|TankWar_P3|TankWar_P4|TankWar_P5,TankWar_P1|TankWar_P2|TankWar_P3|TankWar_P4|TankWar_P5
D138,RC-0045,C:\Users\JBNU\git\ConstraintsRecovery\assets\tankwar\asset13,313,Maler$$fuer_PC.drawImage,METHOD,C:\Users\JBNU\git\ConstraintsRecovery\assets\tankwar\asset13:IF:8-358,asset13,true,C:\Users\JBNU\git\ConstraintsRecovery\assets\tankwar\asset13,354,Maler$$fuer_PC.loadimage,METHOD,C:\Users\JBNU\git\ConstraintsRecovery\assets\tankwar\asset13:IF:8-358,asset13,true,METHOD_CALL,"loadimage(""23L"", ""enemyBoss23L.png"", 4 * xw, 4 * yh);",TankWar_P1|TankWar_P2|TankWar_P3|TankWar_P4|TankWar_P5,TankWar_P1|TankWar_P2|TankWar_P3|TankWar_P4|TankWar_P5
D139,RC-0045,C:\Users\JBNU\git\ConstraintsRecovery\assets\tankwar\asset13,316,Maler$$fuer_PC.drawImage,METHOD,C:\Users\JBNU\git\ConstraintsRecovery\assets\tankwar\asset13:IF:8-358,asset13,true,C:\Users\JBNU\git\ConstraintsRecovery\assets\tankwar\asset13,354,Maler$$fuer_PC.loadimage,METHOD,C:\Users\JBNU\git\ConstraintsRecovery\assets\tankwar\asset13:IF:8-358,asset13,true,METHOD_CALL,"loadimage(""23R"", ""enemyBoss23R.png"", 4 * xw, 4 * yh);",TankWar_P1|TankWar_P2|TankWar_P3|TankWar_P4|TankWar_P5,TankWar_P1|TankWar_P2|TankWar_P3|TankWar_P4|TankWar_P5
D140,RC-0045,C:\Users\JBNU\git\ConstraintsRecovery\assets\tankwar\asset13,319,Maler$$fuer_PC.drawImage,METHOD,C:\Users\JBNU\git\ConstraintsRecovery\assets\tankwar\asset13:IF:8-358,asset13,true,C:\Users\JBNU\git\ConstraintsRecovery\assets\tankwar\asset13,354,Maler$$fuer_PC.loadimage,METHOD,C:\Users\JBNU\git\ConstraintsRecovery\assets\tankwar\asset13:IF:8-358,asset13,true,METHOD_CALL,"loadimage(""28U"", ""enemyBoss28U.png"", 4 * xw, 4 * yh);",TankWar_P1|TankWar_P2|TankWar_P3|TankWar_P4|TankWar_P5,TankWar_P1|TankWar_P2|TankWar_P3|TankWar_P4|TankWar_P5
D142,RC-0045,C:\Users\JBNU\git\ConstraintsRecovery\assets\tankwar\asset13,322,Maler$$fuer_PC.drawImage,METHOD,C:\Users\JBNU\git\ConstraintsRecovery\assets\tankwar\asset13:IF:8-358,asset13,true,C:\Users\JBNU\git\ConstraintsRecovery\assets\tankwar\asset13,354,Maler$$fuer_PC.loadimage,METHOD,C:\Users\JBNU\git\ConstraintsRecovery\assets\tankwar\asset13:IF:8-358,asset13,true,METHOD_CALL,"loadimage(""28D"", ""enemyBoss28D.png"", 4 * xw, 4 * yh);",TankWar_P1|TankWar_P2|TankWar_P3|TankWar_P4|TankWar_P5,TankWar_P1|TankWar_P2|TankWar_P3|TankWar_P4|TankWar_P5
D143,RC-0045,C:\Users\JBNU\git\ConstraintsRecovery\assets\tankwar\asset13,325,Maler$$fuer_PC.drawImage,METHOD,C:\Users\JBNU\git\ConstraintsRecovery\assets\tankwar\asset13:IF:8-358,asset13,true,C:\Users\JBNU\git\ConstraintsRecovery\assets\tankwar\asset13,354,Maler$$fuer_PC.loadimage,METHOD,C:\Users\JBNU\git\ConstraintsRecovery\assets\tankwar\asset13:IF:8-358,asset13,true,METHOD_CALL,"loadimage(""28L"", ""enemyBoss28L.png"", 4 * xw, 4 * yh);",TankWar_P1|TankWar_P2|TankWar_P3|TankWar_P4|TankWar_P5,TankWar_P1|TankWar_P2|TankWar_P3|TankWar_P4|TankWar_P5
D144,RC-0045,C:\Users\JBNU\git\ConstraintsRecovery\assets\tankwar\asset13,328,Maler$$fuer_PC.drawImage,METHOD,C:\Users\JBNU\git\ConstraintsRecovery\assets\tankwar\asset13:IF:8-358,asset13,true,C:\Users\JBNU\git\ConstraintsRecovery\assets\tankwar\asset13,354,Maler$$fuer_PC.loadimage,METHOD,C:\Users\JBNU\git\ConstraintsRecovery\assets\tankwar\asset13:IF:8-358,asset13,true,METHOD_CALL,"loadimage(""28R"", ""enemyBoss28R.png"", 4 * xw, 4 * yh);",TankWar_P1|TankWar_P2|TankWar_P3|TankWar_P4|TankWar_P5,TankWar_P1|TankWar_P2|TankWar_P3|TankWar_P4|TankWar_P5
D145,RC-0045,C:\Users\JBNU\git\ConstraintsRecovery\assets\tankwar\asset13,331,Maler$$fuer_PC.drawImage,METHOD,C:\Users\JBNU\git\ConstraintsRecovery\assets\tankwar\asset13:IF:8-358,asset13,true,C:\Users\JBNU\git\ConstraintsRecovery\assets\tankwar\asset13,354,Maler$$fuer_PC.loadimage,METHOD,C:\Users\JBNU\git\ConstraintsRecovery\assets\tankwar\asset13:IF:8-358,asset13,true,METHOD_CALL,"loadimage(""29U"", ""enemyBoss29U.png"", 4 * xw, 4 * yh);",TankWar_P1|TankWar_P2|TankWar_P3|TankWar_P4|TankWar_P5,TankWar_P1|TankWar_P2|TankWar_P3|TankWar_P4|TankWar_P5
D146,RC-0045,C:\Users\JBNU\git\ConstraintsRecovery\assets\tankwar\asset13,334,Maler$$fuer_PC.drawImage,METHOD,C:\Users\JBNU\git\ConstraintsRecovery\assets\tankwar\asset13:IF:8-358,asset13,true,C:\Users\JBNU\git\ConstraintsRecovery\assets\tankwar\asset13,354,Maler$$fuer_PC.loadimage,METHOD,C:\Users\JBNU\git\ConstraintsRecovery\assets\tankwar\asset13:IF:8-358,asset13,true,METHOD_CALL,"loadimage(""29D"", ""enemyBoss29D.png"", 4 * xw, 4 * yh);",TankWar_P1|TankWar_P2|TankWar_P3|TankWar_P4|TankWar_P5,TankWar_P1|TankWar_P2|TankWar_P3|TankWar_P4|TankWar_P5
D147,RC-0045,C:\Users\JBNU\git\ConstraintsRecovery\assets\tankwar\asset13,337,Maler$$fuer_PC.drawImage,METHOD,C:\Users\JBNU\git\ConstraintsRecovery\assets\tankwar\asset13:IF:8-358,asset13,true,C:\Users\JBNU\git\ConstraintsRecovery\assets\tankwar\asset13,354,Maler$$fuer_PC.loadimage,METHOD,C:\Users\JBNU\git\ConstraintsRecovery\assets\tankwar\asset13:IF:8-358,asset13,true,METHOD_CALL,"loadimage(""29L"", ""enemyBoss29L.png"", 4 * xw, 4 * yh);",TankWar_P1|TankWar_P2|TankWar_P3|TankWar_P4|TankWar_P5,TankWar_P1|TankWar_P2|TankWar_P3|TankWar_P4|TankWar_P5
D149,RC-0045,C:\Users\JBNU\git\ConstraintsRecovery\assets\tankwar\asset13,340,Maler$$fuer_PC.drawImage,METHOD,C:\Users\JBNU\git\ConstraintsRecovery\assets\tankwar\asset13:IF:8-358,asset13,true,C:\Users\JBNU\git\ConstraintsRecovery\assets\tankwar\asset13,354,Maler$$fuer_PC.loadimage,METHOD,C:\Users\JBNU\git\ConstraintsRecovery\assets\tankwar\asset13:IF:8-358,asset13,true,METHOD_CALL,"loadimage(""29R"", ""enemyBoss29R.png"", 4 * xw, 4 * yh);",TankWar_P1|TankWar_P2|TankWar_P3|TankWar_P4|TankWar_P5,TankWar_P1|TankWar_P2|TankWar_P3|TankWar_P4|TankWar_P5
D150,RC-0045,C:\Users\JBNU\git\ConstraintsRecovery\assets\tankwar\asset13,343,Maler$$fuer_PC.drawImage,METHOD,C:\Users\JBNU\git\ConstraintsRecovery\assets\tankwar\asset13:IF:8-358,asset13,true,C:\Users\JBNU\git\ConstraintsRecovery\assets\tankwar\asset13,354,Maler$$fuer_PC.loadimage,METHOD,C:\Users\JBNU\git\ConstraintsRecovery\assets\tankwar\asset13:IF:8-358,asset13,true,METHOD_CALL,"loadimage(""base"", ""base.png"", 2 * xw, 2 * yh);",TankWar_P1|TankWar_P2|TankWar_P3|TankWar_P4|TankWar_P5,TankWar_P1|TankWar_P2|TankWar_P3|TankWar_P4|TankWar_P5
D154,RC-0046,C:\Users\JBNU\git\ConstraintsRecovery\assets\tankwar\asset13,356,Maler$$fuer_PC.loadimage,METHOD,C:\Users\JBNU\git\ConstraintsRecovery\assets\tankwar\asset13:IF:8-358,asset13,true,C:\Users\JBNU\git\ConstraintsRecovery\assets\tankwar\asset13,35,Maler$$fuer_PC.images,FIELD,C:\Users\JBNU\git\ConstraintsRecovery\assets\tankwar\asset13:IF:8-358,asset13,true,FIELD_REFERENCE,"images.put(id, image.getScaledInstance(a, b, Image.SCALE_FAST));",TankWar_P1|TankWar_P2|TankWar_P3|TankWar_P4|TankWar_P5,TankWar_P1|TankWar_P2|TankWar_P3|TankWar_P4|TankWar_P5
D157,RC-0047,C:\Users\JBNU\git\ConstraintsRecovery\assets\tankwar\asset13,46,Maler$$fuer_PC.drawImage,METHOD,C:\Users\JBNU\git\ConstraintsRecovery\assets\tankwar\asset13:IF:8-358,asset13,true,C:\Users\JBNU\git\ConstraintsRecovery\assets\tankwar\asset27,17,Record.out,FIELD,C:\Users\JBNU\git\ConstraintsRecovery\assets\tankwar\asset27:IF:7-116,asset27,true,FIELD_REFERENCE,"System.out.println(imageFileName + ""----------"" + ""null"");",TankWar_P1|TankWar_P2|TankWar_P3|TankWar_P4|TankWar_P5,TankWar_P1|TankWar_P3|TankWar_P4|TankWar_P5
D151,RC-0047,C:\Users\JBNU\git\ConstraintsRecovery\assets\tankwar\asset13,346,Maler$$fuer_PC.drawImage,METHOD,C:\Users\JBNU\git\ConstraintsRecovery\assets\tankwar\asset13:IF:8-358,asset13,true,C:\Users\JBNU\git\ConstraintsRecovery\assets\tankwar\asset27,17,Record.out,FIELD,C:\Users\JBNU\git\ConstraintsRecovery\assets\tankwar\asset27:IF:7-116,asset27,true,FIELD_REFERENCE,System.out.println(exception);,TankWar_P1|TankWar_P2|TankWar_P3|TankWar_P4|TankWar_P5,TankWar_P1|TankWar_P3|TankWar_P4|TankWar_P5
D407,RC-0048,C:\Users\JBNU\git\ConstraintsRecovery\assets\tankwar\asset14,370,Tank$$TankWar.beschaedigen,METHOD,C:\Users\JBNU\git\ConstraintsRecovery\assets\tankwar\asset14:IF:8-384,asset14,true,C:\Users\JBNU\git\ConstraintsRecovery\assets\tankwar\asset14,28,Tank$$TankWar.beschId,FIELD,C:\Users\JBNU\git\ConstraintsRecovery\assets\tankwar\asset14:IF:8-384,asset14,true,FIELD_REFERENCE,((Tank) this).beschId = beschId;,TankWar_P1|TankWar_P2|TankWar_P3|TankWar_P4|TankWar_P5,TankWar_P1|TankWar_P2|TankWar_P3|TankWar_P4|TankWar_P5
D408,RC-0049,C:\Users\JBNU\git\ConstraintsRecovery\assets\tankwar\asset14,371,Tank$$TankWar.beschaedigen,METHOD,C:\Users\JBNU\git\ConstraintsRecovery\assets\tankwar\asset14:IF:8-384,asset14,true,C:\Users\JBNU\git\ConstraintsRecovery\assets\tankwar\asset14,21,Tank$$TankWar.energie,FIELD,C:\Users\JBNU\git\ConstraintsRecovery\assets\tankwar\asset14:IF:8-384,asset14,true,FIELD_REFERENCE,((Tank) this).energie = ((Tank) this).energie - besch;,TankWar_P1|TankWar_P2|TankWar_P3|TankWar_P4|TankWar_P5,TankWar_P1|TankWar_P2|TankWar_P3|TankWar_P4|TankWar_P5
D409,RC-0049,C:\Users\JBNU\git\ConstraintsRecovery\assets\tankwar\asset14,372,Tank$$TankWar.beschaedigen,METHOD,C:\Users\JBNU\git\ConstraintsRecovery\assets\tankwar\asset14:IF:8-384,asset14,true,C:\Users\JBNU\git\ConstraintsRecovery\assets\tankwar\asset14,21,Tank$$TankWar.energie,FIELD,C:\Users\JBNU\git\ConstraintsRecovery\assets\tankwar\asset14:IF:8-384,asset14,true,FIELD_REFERENCE,if (((Tank) this).energie <= 0) {,TankWar_P1|TankWar_P2|TankWar_P3|TankWar_P4|TankWar_P5,TankWar_P1|TankWar_P2|TankWar_P3|TankWar_P4|TankWar_P5
D410,RC-0050,C:\Users\JBNU\git\ConstraintsRecovery\assets\tankwar\asset14,373,Tank$$TankWar.beschaedigen,METHOD,C:\Users\JBNU\git\ConstraintsRecovery\assets\tankwar\asset14:IF:8-384,asset14,true,C:\Users\JBNU\git\ConstraintsRecovery\assets\tankwar\asset14,376,Tank$$TankWar.explodieren,METHOD,C:\Users\JBNU\git\ConstraintsRecovery\assets\tankwar\asset14:IF:8-384,asset14,true,METHOD_CALL,explodieren();,TankWar_P1|TankWar_P2|TankWar_P3|TankWar_P4|TankWar_P5,TankWar_P1|TankWar_P2|TankWar_P3|TankWar_P4|TankWar_P5
D288,RC-0051,C:\Users\JBNU\git\ConstraintsRecovery\assets\tankwar\asset14,231,Tank$$TankWar.feuern,METHOD,C:\Users\JBNU\git\ConstraintsRecovery\assets\tankwar\asset14:IF:8-384,asset14,true,C:\Users\JBNU\git\ConstraintsRecovery\assets\tankwar\asset14,16,Tank$$TankWar.currTime,FIELD,C:\Users\JBNU\git\ConstraintsRecovery\assets\tankwar\asset14:IF:8-384,asset14,true,FIELD_REFERENCE,if (currTime - feuernKontroller > feuernHaufigkeit) {,TankWar_P1|TankWar_P2|TankWar_P3|TankWar_P4|TankWar_P5,TankWar_P1|TankWar_P2|TankWar_P3|TankWar_P4|TankWar_P5
D295,RC-0051,C:\Users\JBNU\git\ConstraintsRecovery\assets\tankwar\asset14,233,Tank$$TankWar.feuern,METHOD,C:\Users\JBNU\git\ConstraintsRecovery\assets\tankwar\asset14:IF:8-384,asset14,true,C:\Users\JBNU\git\ConstraintsRecovery\assets\tankwar\asset14,16,Tank$$TankWar.currTime,FIELD,C:\Users\JBNU\git\ConstraintsRecovery\assets\tankwar\asset14:IF:8-384,asset14,true,FIELD_REFERENCE,feuernKontroller = currTime;,TankWar_P1|TankWar_P2|TankWar_P3|TankWar_P4|TankWar_P5,TankWar_P1|TankWar_P2|TankWar_P3|TankWar_P4|TankWar_P5
D294,RC-0052,C:\Users\JBNU\git\ConstraintsRecovery\assets\tankwar\asset14,232,Tank$$TankWar.feuern,METHOD,C:\Users\JBNU\git\ConstraintsRecovery\assets\tankwar\asset14:IF:8-384,asset14,true,C:\Users\JBNU\git\ConstraintsRecovery\assets\tankwar\asset14,31,Tank$$TankWar.fahrRichtung,FIELD,C:\Users\JBNU\git\ConstraintsRecovery\assets\tankwar\asset14:IF:8-384,asset14,true,FIELD_REFERENCE,"((Tank) this).tankManager.missilesMenge.addElement(new Missile(tankManager, x_Koordinate, y_Koordinate, objWidth, objHeight, fahrRichtung, missileType, feindlich, id));",TankWar_P1|TankWar_P2|TankWar_P3|TankWar_P4|TankWar_P5,TankWar_P1|TankWar_P2|TankWar_P3|TankWar_P4|TankWar_P5
D293,RC-0053,C:\Users\JBNU\git\ConstraintsRecovery\assets\tankwar\asset14,232,Tank$$TankWar.feuern,METHOD,C:\Users\JBNU\git\ConstraintsRecovery\assets\tankwar\asset14:IF:8-384,asset14,true,C:\Users\JBNU\git\ConstraintsRecovery\assets\tankwar\asset14,27,Tank$$TankWar.feindlich,FIELD,C:\Users\JBNU\git\ConstraintsRecovery\assets\tankwar\asset14:IF:8-384,asset14,true,FIELD_REFERENCE,"((Tank) this).tankManager.missilesMenge.addElement(new Missile(tankManager, x_Koordinate, y_Koordinate, objWidth, objHeight, fahrRichtung, missileType, feindlich, id));",TankWar_P1|TankWar_P2|TankWar_P3|TankWar_P4|TankWar_P5,TankWar_P1|TankWar_P2|TankWar_P3|TankWar_P4|TankWar_P5
D290,RC-0054,C:\Users\JBNU\git\ConstraintsRecovery\assets\tankwar\asset14,231,Tank$$TankWar.feuern,METHOD,C:\Users\JBNU\git\ConstraintsRecovery\assets\tankwar\asset14:IF:8-384,asset14,true,C:\Users\JBNU\git\ConstraintsRecovery\assets\tankwar\asset14,20,Tank$$TankWar.feuernHaufigkeit,FIELD,C:\Users\JBNU\git\ConstraintsRecovery\assets\tankwar\asset14:IF:8-384,asset14,true,FIELD_REFERENCE,if (currTime - feuernKontroller > feuernHaufigkeit) {,TankWar_P1|TankWar_P2|TankWar_P3|TankWar_P4|TankWar_P5,TankWar_P1|TankWar_P2|TankWar_P3|TankWar_P4|TankWar_P5
D289,RC-0055,C:\Users\JBNU\git\ConstraintsRecovery\assets\tankwar\asset14,231,Tank$$TankWar.feuern,METHOD,C:\Users\JBNU\git\ConstraintsRecovery\assets\tankwar\asset14:IF:8-384,asset14,true,C:\Users\JBNU\git\ConstraintsRecovery\assets\tankwar\asset14,19,Tank$$TankWar.feuernKontroller,FIELD,C:\Users\JBNU\git\ConstraintsRecovery\assets\tankwar\asset14:IF:8-384,asset14,true,FIELD_REFERENCE,if (currTime - feuernKontroller > feuernHaufigkeit) {,TankWar_P1|TankWar_P2|TankWar_P3|TankWar_P4|TankWar_P5,TankWar_P1|TankWar_P2|TankWar_P3|TankWar_P4|TankWar_P5
D296,RC-0055,C:\Users\JBNU\git\ConstraintsRecovery\assets\tankwar\asset14,233,Tank$$TankWar.feuern,METHOD,C:\Users\JBNU\git\ConstraintsRecovery\assets\tankwar\asset14:IF:8-384,asset14,true,C:\Users\JBNU\git\ConstraintsRecovery\assets\tankwar\asset14,19,Tank$$TankWar.feuernKontroller,FIELD,C:\Users\JBNU\git\ConstraintsRecovery\assets\tankwar\asset14:IF:8-384,asset14,true,FIELD_REFERENCE,feuernKontroller = currTime;,TankWar_P1|TankWar_P2|TankWar_P3|TankWar_P4|TankWar_P5,TankWar_P1|TankWar_P2|TankWar_P3|TankWar_P4|TankWar_P5
D292,RC-0056,C:\Users\JBNU\git\ConstraintsRecovery\assets\tankwar\asset14,232,Tank$$TankWar.feuern,METHOD,C:\Users\JBNU\git\ConstraintsRecovery\assets\tankwar\asset14:IF:8-384,asset14,true,C:\Users\JBNU\git\ConstraintsRecovery\assets\tankwar\asset14,18,Tank$$TankWar.missileType,FIELD,C:\Users\JBNU\git\ConstraintsRecovery\assets\tankwar\asset14:IF:8-384,asset14,true,FIELD_REFERENCE,"((Tank) this).tankManager.missilesMenge.addElement(new Missile(tankManager, x_Koordinate, y_Koordinate, objWidth, objHeight, fahrRichtung, missileType, feindlich, id));",TankWar_P1|TankWar_P2|TankWar_P3|TankWar_P4|TankWar_P5,TankWar_P1|TankWar_P2|TankWar_P3|TankWar_P4|TankWar_P5
D209,RC-0057,C:\Users\JBNU\git\ConstraintsRecovery\assets\tankwar\asset14,139,Tank$$TankWar.geschuetzTurm,METHOD,C:\Users\JBNU\git\ConstraintsRecovery\assets\tankwar\asset14:IF:8-384,asset14,true,C:\Users\JBNU\git\ConstraintsRecovery\assets\tankwar\asset14,31,Tank$$TankWar.fahrRichtung,FIELD,C:\Users\JBNU\git\ConstraintsRecovery\assets\tankwar\asset14:IF:8-384,asset14,true,FIELD_REFERENCE,switch(((Tank) this).fahrRichtung) {,TankWar_P1|TankWar_P2|TankWar_P3|TankWar_P4|TankWar_P5,TankWar_P1|TankWar_P2|TankWar_P3|TankWar_P4|TankWar_P5
D179,RC-0058,C:\Users\JBNU\git\ConstraintsRecovery\assets\tankwar\asset14,106,Tank$$TankWar.init,METHOD,C:\Users\JBNU\git\ConstraintsRecovery\assets\tankwar\asset14:IF:8-384,asset14,true,C:\Users\JBNU\git\ConstraintsRecovery\assets\tankwar\asset14,16,Tank$$TankWar.currTime,FIELD,C:\Users\JBNU\git\ConstraintsRecovery\assets\tankwar\asset14:IF:8-384,asset14,true,FIELD_REFERENCE,currTime = System.currentTimeMillis();,TankWar_P1|TankWar_P2|TankWar_P3|TankWar_P4|TankWar_P5,TankWar_P1|TankWar_P2|TankWar_P3|TankWar_P4|TankWar_P5
D180,RC-0058,C:\Users\JBNU\git\ConstraintsRecovery\assets\tankwar\asset14,107,Tank$$TankWar.init,METHOD,C:\Users\JBNU\git\ConstraintsRecovery\assets\tankwar\asset14:IF:8-384,asset14,true,C:\Users\JBNU\git\ConstraintsRecovery\assets\tankwar\asset14,16,Tank$$TankWar.currTime,FIELD,C:\Users\JBNU\git\ConstraintsRecovery\assets\tankwar\asset14:IF:8-384,asset14,true,FIELD_REFERENCE,time = currTime;,TankWar_P1|TankWar_P2|TankWar_P3|TankWar_P4|TankWar_P5,TankWar_P1|TankWar_P2|TankWar_P3|TankWar_P4|TankWar_P5
D182,RC-0058,C:\Users\JBNU\git\ConstraintsRecovery\assets\tankwar\asset14,108,Tank$$TankWar.init,METHOD,C:\Users\JBNU\git\ConstraintsRecovery\assets\tankwar\asset14:IF:8-384,asset14,true,C:\Users\JBNU\git\ConstraintsRecovery\assets\tankwar\asset14,16,Tank$$TankWar.currTime,FIELD,C:\Users\JBNU\git\ConstraintsRecovery\assets\tankwar\asset14:IF:8-384,asset14,true,FIELD_REFERENCE,time1 = currTime;,TankWar_P1|TankWar_P2|TankWar_P3|TankWar_P4|TankWar_P5,TankWar_P1|TankWar_P2|TankWar_P3|TankWar_P4|TankWar_P5
D184,RC-0058,C:\Users\JBNU\git\ConstraintsRecovery\assets\tankwar\asset14,109,Tank$$TankWar.init,METHOD,C:\Users\JBNU\git\ConstraintsRecovery\assets\tankwar\asset14:IF:8-384,asset14,true,C:\Users\JBNU\git\ConstraintsRecovery\assets\tankwar\asset14,16,Tank$$TankWar.currTime,FIELD,C:\Users\JBNU\git\ConstraintsRecovery\assets\tankwar\asset14:IF:8-384,asset14,true,FIELD_REFERENCE,feuernKontroller = currTime;,TankWar_P1|TankWar_P2|TankWar_P3|TankWar_P4|TankWar_P5,TankWar_P1|TankWar_P2|TankWar_P3|TankWar_P4|TankWar_P5
D419,RC-0059,C:\Users\JBNU\git\ConstraintsRecovery\assets\tankwar\asset14,43,Tank$$TankWar.init,METHOD,C:\Users\JBNU\git\ConstraintsRecovery\assets\tankwar\asset14:IF:8-384,asset14,true,C:\Users\JBNU\git\ConstraintsRecovery\assets\tankwar\asset14,21,Tank$$TankWar.energie,FIELD,C:\Users\JBNU\git\ConstraintsRecovery\assets\tankwar\asset14:IF:8-384,asset14,true,FIELD_REFERENCE,((Tank) this).energie = 1;,TankWar_P1|TankWar_P2|TankWar_P3|TankWar_P4|TankWar_P5,TankWar_P1|TankWar_P2|TankWar_P3|TankWar_P4|TankWar_P5
D424,RC-0059,C:\Users\JBNU\git\ConstraintsRecovery\assets\tankwar\asset14,50,Tank$$TankWar.init,METHOD,C:\Users\JBNU\git\ConstraintsRecovery\assets\tankwar\asset14:IF:8-384,asset14,true,C:\Users\JBNU\git\ConstraintsRecovery\assets\tankwar\asset14,21,Tank$$TankWar.energie,FIELD,C:\Users\JBNU\git\ConstraintsRecovery\assets\tankwar\asset14:IF:8-384,asset14,true,FIELD_REFERENCE,((Tank) this).energie = 50;,TankWar_P1|TankWar_P2|TankWar_P3|TankWar_P4|TankWar_P5,TankWar_P1|TankWar_P2|TankWar_P3|TankWar_P4|TankWar_P5
D429,RC-0059,C:\Users\JBNU\git\ConstraintsRecovery\assets\tankwar\asset14,57,Tank$$TankWar.init,METHOD,C:\Users\JBNU\git\ConstraintsRecovery\assets\tankwar\asset14:IF:8-384,asset14,true,C:\Users\JBNU\git\ConstraintsRecovery\assets\tankwar\asset14,21,Tank$$TankWar.energie,FIELD,C:\Users\JBNU\git\ConstraintsRecovery\assets\tankwar\asset14:IF:8-384,asset14,true,FIELD_REFERENCE,((Tank) this).energie = 100;,TankWar_P1|TankWar_P2|TankWar_P3|TankWar_P4|TankWar_P5,TankWar_P1|TankWar_P2|TankWar_P3|TankWar_P4|TankWar_P5
D434,RC-0059,C:\Users\JBNU\git\ConstraintsRecovery\assets\tankwar\asset14,64,Tank$$TankWar.init,METHOD,C:\Users\JBNU\git\ConstraintsRecovery\assets\tankwar\asset14:IF:8-384,asset14,true,C:\Users\JBNU\git\ConstraintsRecovery\assets\tankwar\asset14,21,Tank$$TankWar.energie,FIELD,C:\Users\JBNU\git\ConstraintsRecovery\assets\tankwar\asset14:IF:8-384,asset14,true,FIELD_REFERENCE,((Tank) this).energie = 70;,TankWar_P1|TankWar_P2|TankWar_P3|TankWar_P4|TankWar_P5,TankWar_P1|TankWar_P2|TankWar_P3|TankWar_P4|TankWar_P5
D439,RC-0059,C:\Users\JBNU\git\ConstraintsRecovery\assets\tankwar\asset14,71,Tank$$TankWar.init,METHOD,C:\Users\JBNU\git\ConstraintsRecovery\assets\tankwar\asset14:IF:8-384,asset14,true,C:\Users\JBNU\git\ConstraintsRecovery\assets\tankwar\asset14,21,Tank$$TankWar.energie,FIELD,C:\Users\JBNU\git\ConstraintsRecovery\assets\tankwar\asset14:IF:8-384,asset14,true,FIELD_REFERENCE,((Tank) this).energie = 1;,TankWar_P1|TankWar_P2|TankWar_P3|TankWar_P4|TankWar_P5,TankWar_P1|TankWar_P2|TankWar_P3|TankWar_P4|TankWar_P5
D444,RC-0059,C:\Users\JBNU\git\ConstraintsRecovery\assets\tankwar\asset14,78,Tank$$TankWar.init,METHOD,C:\Users\JBNU\git\ConstraintsRecovery\assets\tankwar\asset14:IF:8-384,asset14,true,C:\Users\JBNU\git\ConstraintsRecovery\assets\tankwar\asset14,21,Tank$$TankWar.energie,FIELD,C:\Users\JBNU\git\ConstraintsRecovery\assets\tankwar\asset14:IF:8-384,asset14,true,FIELD_REFERENCE,((Tank) this).energie = 1;,TankWar_P1|TankWar_P2|TankWar_P3|TankWar_P4|TankWar_P5,TankWar_P1|TankWar_P2|TankWar_P3|TankWar_P4|TankWar_P5
D449,RC-0059,C:\Users\JBNU\git\ConstraintsRecovery\assets\tankwar\asset14,85,Tank$$TankWar.init,METHOD,C:\Users\JBNU\git\ConstraintsRecovery\assets\tankwar\asset14:IF:8-384,asset14,true,C:\Users\JBNU\git\ConstraintsRecovery\assets\tankwar\asset14,21,Tank$$TankWar.energie,FIELD,C:\Users\JBNU\git\ConstraintsRecovery\assets\tankwar\asset14:IF:8-384,asset14,true,FIELD_REFERENCE,((Tank) this).energie = 1;,TankWar_P1|TankWar_P2|TankWar_P3|TankWar_P4|TankWar_P5,TankWar_P1|TankWar_P2|TankWar_P3|TankWar_P4|TankWar_P5
D453,RC-0059,C:\Users\JBNU\git\ConstraintsRecovery\assets\tankwar\asset14,91,Tank$$TankWar.init,METHOD,C:\Users\JBNU\git\ConstraintsRecovery\assets\tankwar\asset14:IF:8-384,asset14,true,C:\Users\JBNU\git\ConstraintsRecovery\assets\tankwar\asset14,21,Tank$$TankWar.energie,FIELD,C:\Users\JBNU\git\ConstraintsRecovery\assets\tankwar\asset14:IF:8-384,asset14,true,FIELD_REFERENCE,((Tank) this).energie = 30;,TankWar_P1|TankWar_P2|TankWar_P3|TankWar_P4|TankWar_P5,TankWar_P1|TankWar_P2|TankWar_P3|TankWar_P4|TankWar_P5
D457,RC-0059,C:\Users\JBNU\git\ConstraintsRecovery\assets\tankwar\asset14,97,Tank$$TankWar.init,METHOD,C:\Users\JBNU\git\ConstraintsRecovery\assets\tankwar\asset14:IF:8-384,asset14,true,C:\Users\JBNU\git\ConstraintsRecovery\assets\tankwar\asset14,21,Tank$$TankWar.energie,FIELD,C:\Users\JBNU\git\ConstraintsRecovery\assets\tankwar\asset14:IF:8-384,asset14,true,FIELD_REFERENCE,((Tank) this).energie = 30;,TankWar_P1|TankWar_P2|TankWar_P3|TankWar_P4|TankWar_P5,TankWar_P1|TankWar_P2|TankWar_P3|TankWar_P4|TankWar_P5
D178,RC-0059,C:\Users\JBNU\git\ConstraintsRecovery\assets\tankwar\asset14,103,Tank$$TankWar.init,METHOD,C:\Users\JBNU\git\ConstraintsRecovery\assets\tankwar\asset14:IF:8-384,asset14,true,C:\Users\JBNU\git\ConstraintsRecovery\assets\tankwar\asset14,21,Tank$$TankWar.energie,FIELD,C:\Users\JBNU\git\ConstraintsRecovery\assets\tankwar\asset14:IF:8-384,asset14,true,FIELD_REFERENCE,((Tank) this).energie = 30;,TankWar_P1|TankWar_P2|TankWar_P3|TankWar_P4|TankWar_P5,TankWar_P1|TankWar_P2|TankWar_P3|TankWar_P4|TankWar_P5
D416,RC-0060,C:\Users\JBNU\git\ConstraintsRecovery\assets\tankwar\asset14,40,Tank$$TankWar.init,METHOD,C:\Users\JBNU\git\ConstraintsRecovery\assets\tankwar\asset14:IF:8-384,asset14,true,C:\Users\JBNU\git\ConstraintsRecovery\assets\tankwar\asset14,27,Tank$$TankWar.feindlich,FIELD,C:\Users\JBNU\git\ConstraintsRecovery\assets\tankwar\asset14:IF:8-384,asset14,true,FIELD_REFERENCE,((Tank) this).feindlich = false;,TankWar_P1|TankWar_P2|TankWar_P3|TankWar_P4|TankWar_P5,TankWar_P1|TankWar_P2|TankWar_P3|TankWar_P4|TankWar_P5
D421,RC-0060,C:\Users\JBNU\git\ConstraintsRecovery\assets\tankwar\asset14,47,Tank$$TankWar.init,METHOD,C:\Users\JBNU\git\ConstraintsRecovery\assets\tankwar\asset14:IF:8-384,asset14,true,C:\Users\JBNU\git\ConstraintsRecovery\assets\tankwar\asset14,27,Tank$$TankWar.feindlich,FIELD,C:\Users\JBNU\git\ConstraintsRecovery\assets\tankwar\asset14:IF:8-384,asset14,true,FIELD_REFERENCE,((Tank) this).feindlich = false;,TankWar_P1|TankWar_P2|TankWar_P3|TankWar_P4|TankWar_P5,TankWar_P1|TankWar_P2|TankWar_P3|TankWar_P4|TankWar_P5
D426,RC-0060,C:\Users\JBNU\git\ConstraintsRecovery\assets\tankwar\asset14,54,Tank$$TankWar.init,METHOD,C:\Users\JBNU\git\ConstraintsRecovery\assets\tankwar\asset14:IF:8-384,asset14,true,C:\Users\JBNU\git\ConstraintsRecovery\assets\tankwar\asset14,27,Tank$$TankWar.feindlich,FIELD,C:\Users\JBNU\git\ConstraintsRecovery\assets\tankwar\asset14:IF:8-384,asset14,true,FIELD_REFERENCE,((Tank) this).feindlich = false;,TankWar_P1|TankWar_P2|TankWar_P3|TankWar_P4|TankWar_P5,TankWar_P1|TankWar_P2|TankWar_P3|TankWar_P4|TankWar_P5
D431,RC-0060,C:\Users\JBNU\git\ConstraintsRecovery\assets\tankwar\asset14,61,Tank$$TankWar.init,METHOD,C:\Users\JBNU\git\ConstraintsRecovery\assets\tankwar\asset14:IF:8-384,asset14,true,C:\Users\JBNU\git\ConstraintsRecovery\assets\tankwar\asset14,27,Tank$$TankWar.feindlich,FIELD,C:\Users\JBNU\git\ConstraintsRecovery\assets\tankwar\asset14:IF:8-384,asset14,true,FIELD_REFERENCE,((Tank) this).feindlich = false;,TankWar_P1|TankWar_P2|TankWar_P3|TankWar_P4|TankWar_P5,TankWar_P1|TankWar_P2|TankWar_P3|TankWar_P4|TankWar_P5
D436,RC-0060,C:\Users\JBNU\git\ConstraintsRecovery\assets\tankwar\asset14,68,Tank$$TankWar.init,METHOD,C:\Users\JBNU\git\ConstraintsRecovery\assets\tankwar\asset14:IF:8-384,asset14,true,C:\Users\JBNU\git\ConstraintsRecovery\assets\tankwar\asset14,27,Tank$$TankWar.feindlich,FIELD,C:\Users\JBNU\git\ConstraintsRecovery\assets\tankwar\asset14:IF:8-384,asset14,true,FIELD_REFERENCE,((Tank) this).feindlich = true;,TankWar_P1|TankWar_P2|TankWar_P3|TankWar_P4|TankWar_P5,TankWar_P1|TankWar_P2|TankWar_P3|TankWar_P4|TankWar_P5
D441,RC-0060,C:\Users\JBNU\git\ConstraintsRecovery\assets\tankwar\asset14,75,Tank$$TankWar.init,METHOD,C:\Users\JBNU\git\ConstraintsRecovery\assets\tankwar\asset14:IF:8-384,asset14,true,C:\Users\JBNU\git\ConstraintsRecovery\assets\tankwar\asset14,27,Tank$$TankWar.feindlich,FIELD,C:\Users\JBNU\git\ConstraintsRecovery\assets\tankwar\asset14:IF:8-384,asset14,true,FIELD_REFERENCE,((Tank) this).feindlich = true;,TankWar_P1|TankWar_P2|TankWar_P3|TankWar_P4|TankWar_P5,TankWar_P1|TankWar_P2|TankWar_P3|TankWar_P4|TankWar_P5
D446,RC-0060,C:\Users\JBNU\git\ConstraintsRecovery\assets\tankwar\asset14,82,Tank$$TankWar.init,METHOD,C:\Users\JBNU\git\ConstraintsRecovery\assets\tankwar\asset14:IF:8-384,asset14,true,C:\Users\JBNU\git\ConstraintsRecovery\assets\tankwar\asset14,27,Tank$$TankWar.feindlich,FIELD,C:\Users\JBNU\git\ConstraintsRecovery\assets\tankwar\asset14:IF:8-384,asset14,true,FIELD_REFERENCE,((Tank) this).feindlich = true;,TankWar_P1|TankWar_P2|TankWar_P3|TankWar_P4|TankWar_P5,TankWar_P1|TankWar_P2|TankWar_P3|TankWar_P4|TankWar_P5
D451,RC-0060,C:\Users\JBNU\git\ConstraintsRecovery\assets\tankwar\asset14,89,Tank$$TankWar.init,METHOD,C:\Users\JBNU\git\ConstraintsRecovery\assets\tankwar\asset14:IF:8-384,asset14,true,C:\Users\JBNU\git\ConstraintsRecovery\assets\tankwar\asset14,27,Tank$$TankWar.feindlich,FIELD,C:\Users\JBNU\git\ConstraintsRecovery\assets\tankwar\asset14:IF:8-384,asset14,true,FIELD_REFERENCE,((Tank) this).feindlich = true;,TankWar_P1|TankWar_P2|TankWar_P3|TankWar_P4|TankWar_P5,TankWar_P1|TankWar_P2|TankWar_P3|TankWar_P4|TankWar_P5
D455,RC-0060,C:\Users\JBNU\git\ConstraintsRecovery\assets\tankwar\asset14,95,Tank$$TankWar.init,METHOD,C:\Users\JBNU\git\ConstraintsRecovery\assets\tankwar\asset14:IF:8-384,asset14,true,C:\Users\JBNU\git\ConstraintsRecovery\assets\tankwar\asset14,27,Tank$$TankWar.feindlich,FIELD,C:\Users\JBNU\git\ConstraintsRecovery\assets\tankwar\asset14:IF:8-384,asset14,true,FIELD_REFERENCE,((Tank) this).feindlich = true;,TankWar_P1|TankWar_P2|TankWar_P3|TankWar_P4|TankWar_P5,TankWar_P1|TankWar_P2|TankWar_P3|TankWar_P4|TankWar_P5
D176,RC-0060,C:\Users\JBNU\git\ConstraintsRecovery\assets\tankwar\asset14,101,Tank$$TankWar.init,METHOD,C:\Users\JBNU\git\ConstraintsRecovery\assets\tankwar\asset14:IF:8-384,asset14,true,C:\Users\JBNU\git\ConstraintsRecovery\assets\tankwar\asset14,27,Tank$$TankWar.feindlich,FIELD,C:\Users\JBNU\git\ConstraintsRecovery\assets\tankwar\asset14:IF:8-384,asset14,true,FIELD_REFERENCE,((Tank) this).feindlich = true;,TankWar_P1|TankWar_P2|TankWar_P3|TankWar_P4|TankWar_P5,TankWar_P1|TankWar_P2|TankWar_P3|TankWar_P4|TankWar_P5
D418,RC-0061,C:\Users\JBNU\git\ConstraintsRecovery\assets\tankwar\asset14,42,Tank$$TankWar.init,METHOD,C:\Users\JBNU\git\ConstraintsRecovery\assets\tankwar\asset14:IF:8-384,asset14,true,C:\Users\JBNU\git\ConstraintsRecovery\assets\tankwar\asset14,20,Tank$$TankWar.feuernHaufigkeit,FIELD,C:\Users\JBNU\git\ConstraintsRecovery\assets\tankwar\asset14:IF:8-384,asset14,true,FIELD_REFERENCE,((Tank) this).feuernHaufigkeit = 0;,TankWar_P1|TankWar_P2|TankWar_P3|TankWar_P4|TankWar_P5,TankWar_P1|TankWar_P2|TankWar_P3|TankWar_P4|TankWar_P5
D423,RC-0061,C:\Users\JBNU\git\ConstraintsRecovery\assets\tankwar\asset14,49,Tank$$TankWar.init,METHOD,C:\Users\JBNU\git\ConstraintsRecovery\assets\tankwar\asset14:IF:8-384,asset14,true,C:\Users\JBNU\git\ConstraintsRecovery\assets\tankwar\asset14,20,Tank$$TankWar.feuernHaufigkeit,FIELD,C:\Users\JBNU\git\ConstraintsRecovery\assets\tankwar\asset14:IF:8-384,asset14,true,FIELD_REFERENCE,((Tank) this).feuernHaufigkeit = 700;,TankWar_P1|TankWar_P2|TankWar_P3|TankWar_P4|TankWar_P5,TankWar_P1|TankWar_P2|TankWar_P3|TankWar_P4|TankWar_P5
D428,RC-0061,C:\Users\JBNU\git\ConstraintsRecovery\assets\tankwar\asset14,56,Tank$$TankWar.init,METHOD,C:\Users\JBNU\git\ConstraintsRecovery\assets\tankwar\asset14:IF:8-384,asset14,true,C:\Users\JBNU\git\ConstraintsRecovery\assets\tankwar\asset14,20,Tank$$TankWar.feuernHaufigkeit,FIELD,C:\Users\JBNU\git\ConstraintsRecovery\assets\tankwar\asset14:IF:8-384,asset14,true,FIELD_REFERENCE,((Tank) this).feuernHaufigkeit = 700;,TankWar_P1|TankWar_P2|TankWar_P3|TankWar_P4|TankWar_P5,TankWar_P1|TankWar_P2|TankWar_P3|TankWar_P4|TankWar_P5
D433,RC-0061,C:\Users\JBNU\git\ConstraintsRecovery\assets\tankwar\asset14,63,Tank$$TankWar.init,METHOD,C:\Users\JBNU\git\ConstraintsRecovery\assets\tankwar\asset14:IF:8-384,asset14,true,C:\Users\JBNU\git\ConstraintsRecovery\assets\tankwar\asset14,20,Tank$$TankWar.feuernHaufigkeit,FIELD,C:\Users\JBNU\git\ConstraintsRecovery\assets\tankwar\asset14:IF:8-384,asset14,true,FIELD_REFERENCE,((Tank) this).feuernHaufigkeit = 500;,TankWar_P1|TankWar_P2|TankWar_P3|TankWar_P4|TankWar_P5,TankWar_P1|TankWar_P2|TankWar_P3|TankWar_P4|TankWar_P5
D438,RC-0061,C:\Users\JBNU\git\ConstraintsRecovery\assets\tankwar\asset14,70,Tank$$TankWar.init,METHOD,C:\Users\JBNU\git\ConstraintsRecovery\assets\tankwar\asset14:IF:8-384,asset14,true,C:\Users\JBNU\git\ConstraintsRecovery\assets\tankwar\asset14,20,Tank$$TankWar.feuernHaufigkeit,FIELD,C:\Users\JBNU\git\ConstraintsRecovery\assets\tankwar\asset14:IF:8-384,asset14,true,FIELD_REFERENCE,((Tank) this).feuernHaufigkeit = 900;,TankWar_P1|TankWar_P2|TankWar_P3|TankWar_P4|TankWar_P5,TankWar_P1|TankWar_P2|TankWar_P3|TankWar_P4|TankWar_P5
D443,RC-0061,C:\Users\JBNU\git\ConstraintsRecovery\assets\tankwar\asset14,77,Tank$$TankWar.init,METHOD,C:\Users\JBNU\git\ConstraintsRecovery\assets\tankwar\asset14:IF:8-384,asset14,true,C:\Users\JBNU\git\ConstraintsRecovery\assets\tankwar\asset14,20,Tank$$TankWar.feuernHaufigkeit,FIELD,C:\Users\JBNU\git\ConstraintsRecovery\assets\tankwar\asset14:IF:8-384,asset14,true,FIELD_REFERENCE,((Tank) this).feuernHaufigkeit = 900;,TankWar_P1|TankWar_P2|TankWar_P3|TankWar_P4|TankWar_P5,TankWar_P1|TankWar_P2|TankWar_P3|TankWar_P4|TankWar_P5
D448,RC-0061,C:\Users\JBNU\git\ConstraintsRecovery\assets\tankwar\asset14,84,Tank$$TankWar.init,METHOD,C:\Users\JBNU\git\ConstraintsRecovery\assets\tankwar\asset14:IF:8-384,asset14,true,C:\Users\JBNU\git\ConstraintsRecovery\assets\tankwar\asset14,20,Tank$$TankWar.feuernHaufigkeit,FIELD,C:\Users\JBNU\git\ConstraintsRecovery\assets\tankwar\asset14:IF:8-384,asset14,true,FIELD_REFERENCE,((Tank) this).feuernHaufigkeit = 900;,TankWar_P1|TankWar_P2|TankWar_P3|TankWar_P4|TankWar_P5,TankWar_P1|TankWar_P2|TankWar_P3|TankWar_P4|TankWar_P5
D185,RC-0062,C:\Users\JBNU\git\ConstraintsRecovery\assets\tankwar\asset14,109,Tank$$TankWar.init,METHOD,C:\Users\JBNU\git\ConstraintsRecovery\assets\tankwar\asset14:IF:8-384,asset14,true,C:\Users\JBNU\git\ConstraintsRecovery\assets\tankwar\asset14,19,Tank$$TankWar.feuernKontroller,FIELD,C:\Users\JBNU\git\ConstraintsRecovery\assets\tankwar\asset14:IF:8-384,asset14,true,FIELD_REFERENCE,feuernKontroller = currTime;,TankWar_P1|TankWar_P2|TankWar_P3|TankWar_P4|TankWar_P5,TankWar_P1|TankWar_P2|TankWar_P3|TankWar_P4|TankWar_P5
D417,RC-0063,C:\Users\JBNU\git\ConstraintsRecovery\assets\tankwar\asset14,41,Tank$$TankWar.init,METHOD,C:\Users\JBNU\git\ConstraintsRecovery\assets\tankwar\asset14:IF:8-384,asset14,true,C:\Users\JBNU\git\ConstraintsRecovery\assets\tankwar\asset14,15,Tank$$TankWar.geschwindigkeit,FIELD,C:\Users\JBNU\git\ConstraintsRecovery\assets\tankwar\asset14:IF:8-384,asset14,true,FIELD_REFERENCE,((Tank) this).geschwindigkeit = 0.00000f;,TankWar_P1|TankWar_P2|TankWar_P3|TankWar_P4|TankWar_P5,TankWar_P1|TankWar_P2|TankWar_P3|TankWar_P4|TankWar_P5
D422,RC-0063,C:\Users\JBNU\git\ConstraintsRecovery\assets\tankwar\asset14,48,Tank$$TankWar.init,METHOD,C:\Users\JBNU\git\ConstraintsRecovery\assets\tankwar\asset14:IF:8-384,asset14,true,C:\Users\JBNU\git\ConstraintsRecovery\assets\tankwar\asset14,15,Tank$$TankWar.geschwindigkeit,FIELD,C:\Users\JBNU\git\ConstraintsRecovery\assets\tankwar\asset14:IF:8-384,asset14,true,FIELD_REFERENCE,((Tank) this).geschwindigkeit = 0.00020f;,TankWar_P1|TankWar_P2|TankWar_P3|TankWar_P4|TankWar_P5,TankWar_P1|TankWar_P2|TankWar_P3|TankWar_P4|TankWar_P5
D427,RC-0063,C:\Users\JBNU\git\ConstraintsRecovery\assets\tankwar\asset14,55,Tank$$TankWar.init,METHOD,C:\Users\JBNU\git\ConstraintsRecovery\assets\tankwar\asset14:IF:8-384,asset14,true,C:\Users\JBNU\git\ConstraintsRecovery\assets\tankwar\asset14,15,Tank$$TankWar.geschwindigkeit,FIELD,C:\Users\JBNU\git\ConstraintsRecovery\assets\tankwar\asset14:IF:8-384,asset14,true,FIELD_REFERENCE,((Tank) this).geschwindigkeit = 0.00010f;,TankWar_P1|TankWar_P2|TankWar_P3|TankWar_P4|TankWar_P5,TankWar_P1|TankWar_P2|TankWar_P3|TankWar_P4|TankWar_P5
D432,RC-0063,C:\Users\JBNU\git\ConstraintsRecovery\assets\tankwar\asset14,62,Tank$$TankWar.init,METHOD,C:\Users\JBNU\git\ConstraintsRecovery\assets\tankwar\asset14:IF:8-384,asset14,true,C:\Users\JBNU\git\ConstraintsRecovery\assets\tankwar\asset14,15,Tank$$TankWar.geschwindigkeit,FIELD,C:\Users\JBNU\git\ConstraintsRecovery\assets\tankwar\asset14:IF:8-384,asset14,true,FIELD_REFERENCE,((Tank) this).geschwindigkeit = 0.00015f;,TankWar_P1|TankWar_P2|TankWar_P3|TankWar_P4|TankWar_P5,TankWar_P1|TankWar_P2|TankWar_P3|TankWar_P4|TankWar_P5
D437,RC-0063,C:\Users\JBNU\git\ConstraintsRecovery\assets\tankwar\asset14,69,Tank$$TankWar.init,METHOD,C:\Users\JBNU\git\ConstraintsRecovery\assets\tankwar\asset14:IF:8-384,asset14,true,C:\Users\JBNU\git\ConstraintsRecovery\assets\tankwar\asset14,15,Tank$$TankWar.geschwindigkeit,FIELD,C:\Users\JBNU\git\ConstraintsRecovery\assets\tankwar\asset14:IF:8-384,asset14,true,FIELD_REFERENCE,((Tank) this).geschwindigkeit = 0.00010f;,TankWar_P1|TankWar_P2|TankWar_P3|TankWar_P4|TankWar_P5,TankWar_P1|TankWar_P2|TankWar_P3|TankWar_P4|TankWar_P5
D442,RC-0063,C:\Users\JBNU\git\ConstraintsRecovery\assets\tankwar\asset14,76,Tank$$TankWar.init,METHOD,C:\Users\JBNU\git\ConstraintsRecovery\assets\tankwar\asset14:IF:8-384,asset14,true,C:\Users\JBNU\git\ConstraintsRecovery\assets\tankwar\asset14,15,Tank$$TankWar.geschwindigkeit,FIELD,C:\Users\JBNU\git\ConstraintsRecovery\assets\tankwar\asset14:IF:8-384,asset14,true,FIELD_REFERENCE,((Tank) this).geschwindigkeit = 0.00010f;,TankWar_P1|TankWar_P2|TankWar_P3|TankWar_P4|TankWar_P5,TankWar_P1|TankWar_P2|TankWar_P3|TankWar_P4|TankWar_P5
D447,RC-0063,C:\Users\JBNU\git\ConstraintsRecovery\assets\tankwar\asset14,83,Tank$$TankWar.init,METHOD,C:\Users\JBNU\git\ConstraintsRecovery\assets\tankwar\asset14:IF:8-384,asset14,true,C:\Users\JBNU\git\ConstraintsRecovery\assets\tankwar\asset14,15,Tank$$TankWar.geschwindigkeit,FIELD,C:\Users\JBNU\git\ConstraintsRecovery\assets\tankwar\asset14:IF:8-384,asset14,true,FIELD_REFERENCE,((Tank) this).geschwindigkeit = 0.00010f;,TankWar_P1|TankWar_P2|TankWar_P3|TankWar_P4|TankWar_P5,TankWar_P1|TankWar_P2|TankWar_P3|TankWar_P4|TankWar_P5
D452,RC-0063,C:\Users\JBNU\git\ConstraintsRecovery\assets\tankwar\asset14,90,Tank$$TankWar.init,METHOD,C:\Users\JBNU\git\ConstraintsRecovery\assets\tankwar\asset14:IF:8-384,asset14,true,C:\Users\JBNU\git\ConstraintsRecovery\assets\tankwar\asset14,15,Tank$$TankWar.geschwindigkeit,FIELD,C:\Users\JBNU\git\ConstraintsRecovery\assets\tankwar\asset14:IF:8-384,asset14,true,FIELD_REFERENCE,((Tank) this).geschwindigkeit = 0.00005f;,TankWar_P1|TankWar_P2|TankWar_P3|TankWar_P4|TankWar_P5,TankWar_P1|TankWar_P2|TankWar_P3|TankWar_P4|TankWar_P5
D456,RC-0063,C:\Users\JBNU\git\ConstraintsRecovery\assets\tankwar\asset14,96,Tank$$TankWar.init,METHOD,C:\Users\JBNU\git\ConstraintsRecovery\assets\tankwar\asset14:IF:8-384,asset14,true,C:\Users\JBNU\git\ConstraintsRecovery\assets\tankwar\asset14,15,Tank$$TankWar.geschwindigkeit,FIELD,C:\Users\JBNU\git\ConstraintsRecovery\assets\tankwar\asset14:IF:8-384,asset14,true,FIELD_REFERENCE,((Tank) this).geschwindigkeit = 0.00005f;,TankWar_P1|TankWar_P2|TankWar_P3|TankWar_P4|TankWar_P5,TankWar_P1|TankWar_P2|TankWar_P3|TankWar_P4|TankWar_P5
D177,RC-0063,C:\Users\JBNU\git\ConstraintsRecovery\assets\tankwar\asset14,102,Tank$$TankWar.init,METHOD,C:\Users\JBNU\git\ConstraintsRecovery\assets\tankwar\asset14:IF:8-384,asset14,true,C:\Users\JBNU\git\ConstraintsRecovery\assets\tankwar\asset14,15,Tank$$TankWar.geschwindigkeit,FIELD,C:\Users\JBNU\git\ConstraintsRecovery\assets\tankwar\asset14:IF:8-384,asset14,true,FIELD_REFERENCE,((Tank) this).geschwindigkeit = 0.00005f;,TankWar_P1|TankWar_P2|TankWar_P3|TankWar_P4|TankWar_P5,TankWar_P1|TankWar_P2|TankWar_P3|TankWar_P4|TankWar_P5
D181,RC-0064,C:\Users\JBNU\git\ConstraintsRecovery\assets\tankwar\asset14,107,Tank$$TankWar.init,METHOD,C:\Users\JBNU\git\ConstraintsRecovery\assets\tankwar\asset14:IF:8-384,asset14,true,C:\Users\JBNU\git\ConstraintsRecovery\assets\tankwar\asset14,17,Tank$$TankWar.time,FIELD,C:\Users\JBNU\git\ConstraintsRecovery\assets\tankwar\asset14:IF:8-384,asset14,true,FIELD_REFERENCE,time = currTime;,TankWar_P1|TankWar_P2|TankWar_P3|TankWar_P4|TankWar_P5,TankWar_P1|TankWar_P2|TankWar_P3|TankWar_P4|TankWar_P5
D183,RC-0065,C:\Users\JBNU\git\ConstraintsRecovery\assets\tankwar\asset14,108,Tank$$TankWar.init,METHOD,C:\Users\JBNU\git\ConstraintsRecovery\assets\tankwar\asset14:IF:8-384,asset14,true,C:\Users\JBNU\git\ConstraintsRecovery\assets\tankwar\asset14,17,Tank$$TankWar.time1,FIELD,C:\Users\JBNU\git\ConstraintsRecovery\assets\tankwar\asset14:IF:8-384,asset14,true,FIELD_REFERENCE,time1 = currTime;,TankWar_P1|TankWar_P2|TankWar_P3|TankWar_P4|TankWar_P5,TankWar_P1|TankWar_P2|TankWar_P3|TankWar_P4|TankWar_P5
D186,RC-0066,C:\Users\JBNU\git\ConstraintsRecovery\assets\tankwar\asset14,110,Tank$$TankWar.init,METHOD,C:\Users\JBNU\git\ConstraintsRecovery\assets\tankwar\asset14:IF:8-384,asset14,true,C:\Users\JBNU\git\ConstraintsRecovery\assets\tankwar\asset14,15,Tank$$TankWar.xf_Koordinate,FIELD,C:\Users\JBNU\git\ConstraintsRecovery\assets\tankwar\asset14:IF:8-384,asset14,true,FIELD_REFERENCE,((Tank) this).xf_Koordinate = x_Koordinate * tankManager.koernigkeit2 + 0.0f;,TankWar_P1|TankWar_P2|TankWar_P3|TankWar_P4|TankWar_P5,TankWar_P1|TankWar_P2|TankWar_P3|TankWar_P4|TankWar_P5
D189,RC-0067,C:\Users\JBNU\git\ConstraintsRecovery\assets\tankwar\asset14,111,Tank$$TankWar.init,METHOD,C:\Users\JBNU\git\ConstraintsRecovery\assets\tankwar\asset14:IF:8-384,asset14,true,C:\Users\JBNU\git\ConstraintsRecovery\assets\tankwar\asset14,15,Tank$$TankWar.yf_Koordinate,FIELD,C:\Users\JBNU\git\ConstraintsRecovery\assets\tankwar\asset14:IF:8-384,asset14,true,FIELD_REFERENCE,((Tank) this).yf_Koordinate = y_Koordinate * tankManager.koernigkeit2 + 0.0f;,TankWar_P1|TankWar_P2|TankWar_P3|TankWar_P4|TankWar_P5,TankWar_P1|TankWar_P2|TankWar_P3|TankWar_P4|TankWar_P5
D235,RC-0068,C:\Users\JBNU\git\ConstraintsRecovery\assets\tankwar\asset14,185,Tank$$TankWar.keyPressBehandeln,METHOD,C:\Users\JBNU\git\ConstraintsRecovery\assets\tankwar\asset14:IF:8-384,asset14,true,C:\Users\JBNU\git\ConstraintsRecovery\assets\tankwar\asset14,24,Tank$$TankWar.feuern,FIELD,C:\Users\JBNU\git\ConstraintsRecovery\assets\tankwar\asset14:IF:8-384,asset14,true,FIELD_REFERENCE,feuern = true;,TankWar_P1|TankWar_P2|TankWar_P3|TankWar_P4|TankWar_P5,TankWar_P1|TankWar_P2|TankWar_P3|TankWar_P4|TankWar_P5
D220,RC-0069,C:\Users\JBNU\git\ConstraintsRecovery\assets\tankwar\asset14,162,Tank$$TankWar.keyPressBehandeln,METHOD,C:\Users\JBNU\git\ConstraintsRecovery\assets\tankwar\asset14:IF:8-384,asset14,true,C:\Users\JBNU\git\ConstraintsRecovery\assets\tankwar\asset14,25,Tank$$TankWar.keyDown,FIELD,C:\Users\JBNU\git\ConstraintsRecovery\assets\tankwar\asset14:IF:8-384,asset14,true,FIELD_REFERENCE,keyDown = false;,TankWar_P1|TankWar_P2|TankWar_P3|TankWar_P4|TankWar_P5,TankWar_P1|TankWar_P2|TankWar_P3|TankWar_P4|TankWar_P5
D224,RC-0069,C:\Users\JBNU\git\ConstraintsRecovery\assets\tankwar\asset14,168,Tank$$TankWar.keyPressBehandeln,METHOD,C:\Users\JBNU\git\ConstraintsRecovery\assets\tankwar\asset14:IF:8-384,asset14,true,C:\Users\JBNU\git\ConstraintsRecovery\assets\tankwar\asset14,25,Tank$$TankWar.keyDown,FIELD,C:\Users\JBNU\git\ConstraintsRecovery\assets\tankwar\asset14:IF:8-384,asset14,true,FIELD_REFERENCE,keyDown = true;,TankWar_P1|TankWar_P2|TankWar_P3|TankWar_P4|TankWar_P5,TankWar_P1|TankWar_P2|TankWar_P3|TankWar_P4|TankWar_P5
D228,RC-0069,C:\Users\JBNU\git\ConstraintsRecovery\assets\tankwar\asset14,174,Tank$$TankWar.keyPressBehandeln,METHOD,C:\Users\JBNU\git\ConstraintsRecovery\assets\tankwar\asset14:IF:8-384,asset14,true,C:\Users\JBNU\git\ConstraintsRecovery\assets\tankwar\asset14,25,Tank$$TankWar.keyDown,FIELD,C:\Users\JBNU\git\ConstraintsRecovery\assets\tankwar\asset14:IF:8-384,asset14,true,FIELD_REFERENCE,keyDown = false;,TankWar_P1|TankWar_P2|TankWar_P3|TankWar_P4|TankWar_P5,TankWar_P1|TankWar_P2|TankWar_P3|TankWar_P4|TankWar_P5
D232,RC-0069,C:\Users\JBNU\git\ConstraintsRecovery\assets\tankwar\asset14,180,Tank$$TankWar.keyPressBehandeln,METHOD,C:\Users\JBNU\git\ConstraintsRecovery\assets\tankwar\asset14:IF:8-384,asset14,true,C:\Users\JBNU\git\ConstraintsRecovery\assets\tankwar\asset14,25,Tank$$TankWar.keyDown,FIELD,C:\Users\JBNU\git\ConstraintsRecovery\assets\tankwar\asset14:IF:8-384,asset14,true,FIELD_REFERENCE,keyDown = false;,TankWar_P1|TankWar_P2|TankWar_P3|TankWar_P4|TankWar_P5,TankWar_P1|TankWar_P2|TankWar_P3|TankWar_P4|TankWar_P5
D221,RC-0070,C:\Users\JBNU\git\ConstraintsRecovery\assets\tankwar\asset14,163,Tank$$TankWar.keyPressBehandeln,METHOD,C:\Users\JBNU\git\ConstraintsRecovery\assets\tankwar\asset14:IF:8-384,asset14,true,C:\Users\JBNU\git\ConstraintsRecovery\assets\tankwar\asset14,25,Tank$$TankWar.keyLeft,FIELD,C:\Users\JBNU\git\ConstraintsRecovery\assets\tankwar\asset14:IF:8-384,asset14,true,FIELD_REFERENCE,keyLeft = false;,TankWar_P1|TankWar_P2|TankWar_P3|TankWar_P4|TankWar_P5,TankWar_P1|TankWar_P2|TankWar_P3|TankWar_P4|TankWar_P5
D225,RC-0070,C:\Users\JBNU\git\ConstraintsRecovery\assets\tankwar\asset14,169,Tank$$TankWar.keyPressBehandeln,METHOD,C:\Users\JBNU\git\ConstraintsRecovery\assets\tankwar\asset14:IF:8-384,asset14,true,C:\Users\JBNU\git\ConstraintsRecovery\assets\tankwar\asset14,25,Tank$$TankWar.keyLeft,FIELD,C:\Users\JBNU\git\ConstraintsRecovery\assets\tankwar\asset14:IF:8-384,asset14,true,FIELD_REFERENCE,keyLeft = false;,TankWar_P1|TankWar_P2|TankWar_P3|TankWar_P4|TankWar_P5,TankWar_P1|TankWar_P2|TankWar_P3|TankWar_P4|TankWar_P5
D229,RC-0070,C:\Users\JBNU\git\ConstraintsRecovery\assets\tankwar\asset14,175,Tank$$TankWar.keyPressBehandeln,METHOD,C:\Users\JBNU\git\ConstraintsRecovery\assets\tankwar\asset14:IF:8-384,asset14,true,C:\Users\JBNU\git\ConstraintsRecovery\assets\tankwar\asset14,25,Tank$$TankWar.keyLeft,FIELD,C:\Users\JBNU\git\ConstraintsRecovery\assets\tankwar\asset14:IF:8-384,asset14,true,FIELD_REFERENCE,keyLeft = true;,TankWar_P1|TankWar_P2|TankWar_P3|TankWar_P4|TankWar_P5,TankWar_P1|TankWar_P2|TankWar_P3|TankWar_P4|TankWar_P5
D233,RC-0070,C:\Users\JBNU\git\ConstraintsRecovery\assets\tankwar\asset14,181,Tank$$TankWar.keyPressBehandeln,METHOD,C:\Users\JBNU\git\ConstraintsRecovery\assets\tankwar\asset14:IF:8-384,asset14,true,C:\Users\JBNU\git\ConstraintsRecovery\assets\tankwar\asset14,25,Tank$$TankWar.keyLeft,FIELD,C:\Users\JBNU\git\ConstraintsRecovery\assets\tankwar\asset14:IF:8-384,asset14,true,FIELD_REFERENCE,keyLeft = false;,TankWar_P1|TankWar_P2|TankWar_P3|TankWar_P4|TankWar_P5,TankWar_P1|TankWar_P2|TankWar_P3|TankWar_P4|TankWar_P5
D222,RC-0071,C:\Users\JBNU\git\ConstraintsRecovery\assets\tankwar\asset14,164,Tank$$TankWar.keyPressBehandeln,METHOD,C:\Users\JBNU\git\ConstraintsRecovery\assets\tankwar\asset14:IF:8-384,asset14,true,C:\Users\JBNU\git\ConstraintsRecovery\assets\tankwar\asset14,25,Tank$$TankWar.keyRight,FIELD,C:\Users\JBNU\git\ConstraintsRecovery\assets\tankwar\asset14:IF:8-384,asset14,true,FIELD_REFERENCE,keyRight = false;,TankWar_P1|TankWar_P2|TankWar_P3|TankWar_P4|TankWar_P5,TankWar_P1|TankWar_P2|TankWar_P3|TankWar_P4|TankWar_P5
D226,RC-0071,C:\Users\JBNU\git\ConstraintsRecovery\assets\tankwar\asset14,170,Tank$$TankWar.keyPressBehandeln,METHOD,C:\Users\JBNU\git\ConstraintsRecovery\assets\tankwar\asset14:IF:8-384,asset14,true,C:\Users\JBNU\git\ConstraintsRecovery\assets\tankwar\asset14,25,Tank$$TankWar.keyRight,FIELD,C:\Users\JBNU\git\ConstraintsRecovery\assets\tankwar\asset14:IF:8-384,asset14,true,FIELD_REFERENCE,keyRight = false;,TankWar_P1|TankWar_P2|TankWar_P3|TankWar_P4|TankWar_P5,TankWar_P1|TankWar_P2|TankWar_P3|TankWar_P4|TankWar_P5
D230,RC-0071,C:\Users\JBNU\git\ConstraintsRecovery\assets\tankwar\asset14,176,Tank$$TankWar.keyPressBehandeln,METHOD,C:\Users\JBNU\git\ConstraintsRecovery\assets\tankwar\asset14:IF:8-384,asset14,true,C:\Users\JBNU\git\ConstraintsRecovery\assets\tankwar\asset14,25,Tank$$TankWar.keyRight,FIELD,C:\Users\JBNU\git\ConstraintsRecovery\assets\tankwar\asset14:IF:8-384,asset14,true,FIELD_REFERENCE,keyRight = false;,TankWar_P1|TankWar_P2|TankWar_P3|TankWar_P4|TankWar_P5,TankWar_P1|TankWar_P2|TankWar_P3|TankWar_P4|TankWar_P5
D234,RC-0071,C:\Users\JBNU\git\ConstraintsRecovery\assets\tankwar\asset14,182,Tank$$TankWar.keyPressBehandeln,METHOD,C:\Users\JBNU\git\ConstraintsRecovery\assets\tankwar\asset14:IF:8-384,asset14,true,C:\Users\JBNU\git\ConstraintsRecovery\assets\tankwar\asset14,25,Tank$$TankWar.keyRight,FIELD,C:\Users\JBNU\git\ConstraintsRecovery\assets\tankwar\asset14:IF:8-384,asset14,true,FIELD_REFERENCE,keyRight = true;,TankWar_P1|TankWar_P2|TankWar_P3|TankWar_P4|TankWar_P5,TankWar_P1|TankWar_P2|TankWar_P3|TankWar_P4|TankWar_P5
D219,RC-0072,C:\Users\JBNU\git\ConstraintsRecovery\assets\tankwar\asset14,161,Tank$$TankWar.keyPressBehandeln,METHOD,C:\Users\JBNU\git\ConstraintsRecovery\assets\tankwar\asset14:IF:8-384,asset14,true,C:\Users\JBNU\git\ConstraintsRecovery\assets\tankwar\asset14,25,Tank$$TankWar.keyUp,FIELD,C:\Users\JBNU\git\ConstraintsRecovery\assets\tankwar\asset14:IF:8-384,asset14,true,FIELD_REFERENCE,keyUp = true;,TankWar_P1|TankWar_P2|TankWar_P3|TankWar_P4|TankWar_P5,TankWar_P1|TankWar_P2|TankWar_P3|TankWar_P4|TankWar_P5
D223,RC-0072,C:\Users\JBNU\git\ConstraintsRecovery\assets\tankwar\asset14,167,Tank$$TankWar.keyPressBehandeln,METHOD,C:\Users\JBNU\git\ConstraintsRecovery\assets\tankwar\asset14:IF:8-384,asset14,true,C:\Users\JBNU\git\ConstraintsRecovery\assets\tankwar\asset14,25,Tank$$TankWar.keyUp,FIELD,C:\Users\JBNU\git\ConstraintsRecovery\assets\tankwar\asset14:IF:8-384,asset14,true,FIELD_REFERENCE,keyUp = false;,TankWar_P1|TankWar_P2|TankWar_P3|TankWar_P4|TankWar_P5,TankWar_P1|TankWar_P2|TankWar_P3|TankWar_P4|TankWar_P5
D227,RC-0072,C:\Users\JBNU\git\ConstraintsRecovery\assets\tankwar\asset14,173,Tank$$TankWar.keyPressBehandeln,METHOD,C:\Users\JBNU\git\ConstraintsRecovery\assets\tankwar\asset14:IF:8-384,asset14,true,C:\Users\JBNU\git\ConstraintsRecovery\assets\tankwar\asset14,25,Tank$$TankWar.keyUp,FIELD,C:\Users\JBNU\git\ConstraintsRecovery\assets\tankwar\asset14:IF:8-384,asset14,true,FIELD_REFERENCE,keyUp = false;,TankWar_P1|TankWar_P2|TankWar_P3|TankWar_P4|TankWar_P5,TankWar_P1|TankWar_P2|TankWar_P3|TankWar_P4|TankWar_P5
D231,RC-0072,C:\Users\JBNU\git\ConstraintsRecovery\assets\tankwar\asset14,179,Tank$$TankWar.keyPressBehandeln,METHOD,C:\Users\JBNU\git\ConstraintsRecovery\assets\tankwar\asset14:IF:8-384,asset14,true,C:\Users\JBNU\git\ConstraintsRecovery\assets\tankwar\asset14,25,Tank$$TankWar.keyUp,FIELD,C:\Users\JBNU\git\ConstraintsRecovery\assets\tankwar\asset14:IF:8-384,asset14,true,FIELD_REFERENCE,keyUp = false;,TankWar_P1|TankWar_P2|TankWar_P3|TankWar_P4|TankWar_P5,TankWar_P1|TankWar_P2|TankWar_P3|TankWar_P4|TankWar_P5
D236,RC-0073,C:\Users\JBNU\git\ConstraintsRecovery\assets\tankwar\asset14,188,Tank$$TankWar.keyPressBehandeln,METHOD,C:\Users\JBNU\git\ConstraintsRecovery\assets\tankwar\asset14:IF:8-384,asset14,true,C:\Users\JBNU\git\ConstraintsRecovery\assets\tankwar\asset14,210,Tank$$TankWar.richtungErkennen,METHOD,C:\Users\JBNU\git\ConstraintsRecovery\assets\tankwar\asset14:IF:8-384,asset14,true,METHOD_CALL,richtungErkennen();,TankWar_P1|TankWar_P2|TankWar_P3|TankWar_P4|TankWar_P5,TankWar_P1|TankWar_P2|TankWar_P3|TankWar_P4|TankWar_P5
D241,RC-0074,C:\Users\JBNU\git\ConstraintsRecovery\assets\tankwar\asset14,205,Tank$$TankWar.keyReleaseBehandeln,METHOD,C:\Users\JBNU\git\ConstraintsRecovery\assets\tankwar\asset14:IF:8-384,asset14,true,C:\Users\JBNU\git\ConstraintsRecovery\assets\tankwar\asset14,24,Tank$$TankWar.feuern,FIELD,C:\Users\JBNU\git\ConstraintsRecovery\assets\tankwar\asset14:IF:8-384,asset14,true,FIELD_REFERENCE,feuern = false;,TankWar_P1|TankWar_P2|TankWar_P3|TankWar_P4|TankWar_P5,TankWar_P1|TankWar_P2|TankWar_P3|TankWar_P4|TankWar_P5
D238,RC-0075,C:\Users\JBNU\git\ConstraintsRecovery\assets\tankwar\asset14,196,Tank$$TankWar.keyReleaseBehandeln,METHOD,C:\Users\JBNU\git\ConstraintsRecovery\assets\tankwar\asset14:IF:8-384,asset14,true,C:\Users\JBNU\git\ConstraintsRecovery\assets\tankwar\asset14,25,Tank$$TankWar.keyDown,FIELD,C:\Users\JBNU\git\ConstraintsRecovery\assets\tankwar\asset14:IF:8-384,asset14,true,FIELD_REFERENCE,keyDown = false;,TankWar_P1|TankWar_P2|TankWar_P3|TankWar_P4|TankWar_P5,TankWar_P1|TankWar_P2|TankWar_P3|TankWar_P4|TankWar_P5
D239,RC-0076,C:\Users\JBNU\git\ConstraintsRecovery\assets\tankwar\asset14,199,Tank$$TankWar.keyReleaseBehandeln,METHOD,C:\Users\JBNU\git\ConstraintsRecovery\assets\tankwar\asset14:IF:8-384,asset14,true,C:\Users\JBNU\git\ConstraintsRecovery\assets\tankwar\asset14,25,Tank$$TankWar.keyLeft,FIELD,C:\Users\JBNU\git\ConstraintsRecovery\assets\tankwar\asset14:IF:8-384,asset14,true,FIELD_REFERENCE,keyLeft = false;,TankWar_P1|TankWar_P2|TankWar_P3|TankWar_P4|TankWar_P5,TankWar_P1|TankWar_P2|TankWar_P3|TankWar_P4|TankWar_P5
D240,RC-0077,C:\Users\JBNU\git\ConstraintsRecovery\assets\tankwar\asset14,202,Tank$$TankWar.keyReleaseBehandeln,METHOD,C:\Users\JBNU\git\ConstraintsRecovery\assets\tankwar\asset14:IF:8-384,asset14,true,C:\Users\JBNU\git\ConstraintsRecovery\assets\tankwar\asset14,25,Tank$$TankWar.keyRight,FIELD,C:\Users\JBNU\git\ConstraintsRecovery\assets\tankwar\asset14:IF:8-384,asset14,true,FIELD_REFERENCE,keyRight = false;,TankWar_P1|TankWar_P2|TankWar_P3|TankWar_P4|TankWar_P5,TankWar_P1|TankWar_P2|TankWar_P3|TankWar_P4|TankWar_P5
D237,RC-0078,C:\Users\JBNU\git\ConstraintsRecovery\assets\tankwar\asset14,193,Tank$$TankWar.keyReleaseBehandeln,METHOD,C:\Users\JBNU\git\ConstraintsRecovery\assets\tankwar\asset14:IF:8-384,asset14,true,C:\Users\JBNU\git\ConstraintsRecovery\assets\tankwar\asset14,25,Tank$$TankWar.keyUp,FIELD,C:\Users\JBNU\git\ConstraintsRecovery\assets\tankwar\asset14:IF:8-384,asset14,true,FIELD_REFERENCE,keyUp = false;,TankWar_P1|TankWar_P2|TankWar_P3|TankWar_P4|TankWar_P5,TankWar_P1|TankWar_P2|TankWar_P3|TankWar_P4|TankWar_P5
D242,RC-0079,C:\Users\JBNU\git\ConstraintsRecovery\assets\tankwar\asset14,208,Tank$$TankWar.keyReleaseBehandeln,METHOD,C:\Users\JBNU\git\ConstraintsRecovery\assets\tankwar\asset14:IF:8-384,asset14,true,C:\Users\JBNU\git\ConstraintsRecovery\assets\tankwar\asset14,210,Tank$$TankWar.richtungErkennen,METHOD,C:\Users\JBNU\git\ConstraintsRecovery\assets\tankwar\asset14:IF:8-384,asset14,true,METHOD_CALL,richtungErkennen();,TankWar_P1|TankWar_P2|TankWar_P3|TankWar_P4|TankWar_P5,TankWar_P1|TankWar_P2|TankWar_P3|TankWar_P4|TankWar_P5
D302,RC-0080,C:\Users\JBNU\git\ConstraintsRecovery\assets\tankwar\asset14,241,Tank$$TankWar.koordinateAktualisieren,METHOD,C:\Users\JBNU\git\ConstraintsRecovery\assets\tankwar\asset14:IF:8-384,asset14,true,C:\Users\JBNU\git\ConstraintsRecovery\assets\tankwar\asset14,29,Tank$$TankWar.elapsedTime,FIELD,C:\Users\JBNU\git\ConstraintsRecovery\assets\tankwar\asset14:IF:8-384,asset14,true,FIELD_REFERENCE,if (feindlich && elapsedTime != 0) {,TankWar_P1|TankWar_P2|TankWar_P3|TankWar_P4|TankWar_P5,TankWar_P1|TankWar_P2|TankWar_P3|TankWar_P4|TankWar_P5
D316,RC-0080,C:\Users\JBNU\git\ConstraintsRecovery\assets\tankwar\asset14,262,Tank$$TankWar.koordinateAktualisieren,METHOD,C:\Users\JBNU\git\ConstraintsRecovery\assets\tankwar\asset14:IF:8-384,asset14,true,C:\Users\JBNU\git\ConstraintsRecovery\assets\tankwar\asset14,29,Tank$$TankWar.elapsedTime,FIELD,C:\Users\JBNU\git\ConstraintsRecovery\assets\tankwar\asset14:IF:8-384,asset14,true,FIELD_REFERENCE,yf_Koordinate -= geschwindigkeit * tankManager.screenWidth * elapsedTime;,TankWar_P1|TankWar_P2|TankWar_P3|TankWar_P4|TankWar_P5,TankWar_P1|TankWar_P2|TankWar_P3|TankWar_P4|TankWar_P5
D328,RC-0080,C:\Users\JBNU\git\ConstraintsRecovery\assets\tankwar\asset14,276,Tank$$TankWar.koordinateAktualisieren,METHOD,C:\Users\JBNU\git\ConstraintsRecovery\assets\tankwar\asset14:IF:8-384,asset14,true,C:\Users\JBNU\git\ConstraintsRecovery\assets\tankwar\asset14,29,Tank$$TankWar.elapsedTime,FIELD,C:\Users\JBNU\git\ConstraintsRecovery\assets\tankwar\asset14:IF:8-384,asset14,true,FIELD_REFERENCE,xf_Koordinate += geschwindigkeit * tankManager.screenWidth * elapsedTime;,TankWar_P1|TankWar_P2|TankWar_P3|TankWar_P4|TankWar_P5,TankWar_P1|TankWar_P2|TankWar_P3|TankWar_P4|TankWar_P5
D339,RC-0080,C:\Users\JBNU\git\ConstraintsRecovery\assets\tankwar\asset14,288,Tank$$TankWar.koordinateAktualisieren,METHOD,C:\Users\JBNU\git\ConstraintsRecovery\assets\tankwar\asset14:IF:8-384,asset14,true,C:\Users\JBNU\git\ConstraintsRecovery\assets\tankwar\asset14,29,Tank$$TankWar.elapsedTime,FIELD,C:\Users\JBNU\git\ConstraintsRecovery\assets\tankwar\asset14:IF:8-384,asset14,true,FIELD_REFERENCE,yf_Koordinate += geschwindigkeit * tankManager.screenWidth * elapsedTime;,TankWar_P1|TankWar_P2|TankWar_P3|TankWar_P4|TankWar_P5,TankWar_P1|TankWar_P2|TankWar_P3|TankWar_P4|TankWar_P5
D350,RC-0080,C:\Users\JBNU\git\ConstraintsRecovery\assets\tankwar\asset14,300,Tank$$TankWar.koordinateAktualisieren,METHOD,C:\Users\JBNU\git\ConstraintsRecovery\assets\tankwar\asset14:IF:8-384,asset14,true,C:\Users\JBNU\git\ConstraintsRecovery\assets\tankwar\asset14,29,Tank$$TankWar.elapsedTime,FIELD,C:\Users\JBNU\git\ConstraintsRecovery\assets\tankwar\asset14:IF:8-384,asset14,true,FIELD_REFERENCE,xf_Koordinate -= geschwindigkeit * tankManager.screenWidth * elapsedTime;,TankWar_P1|TankWar_P2|TankWar_P3|TankWar_P4|TankWar_P5,TankWar_P1|TankWar_P2|TankWar_P3|TankWar_P4|TankWar_P5
D363,RC-0080,C:\Users\JBNU\git\ConstraintsRecovery\assets\tankwar\asset14,317,Tank$$TankWar.koordinateAktualisieren,METHOD,C:\Users\JBNU\git\ConstraintsRecovery\assets\tankwar\asset14:IF:8-384,asset14,true,C:\Users\JBNU\git\ConstraintsRecovery\assets\tankwar\asset14,29,Tank$$TankWar.elapsedTime,FIELD,C:\Users\JBNU\git\ConstraintsRecovery\assets\tankwar\asset14:IF:8-384,asset14,true,FIELD_REFERENCE,yf_Koordinate -= geschwindigkeit * tankManager.screenWidth * elapsedTime;,TankWar_P1|TankWar_P2|TankWar_P3|TankWar_P4|TankWar_P5,TankWar_P1|TankWar_P2|TankWar_P3|TankWar_P4|TankWar_P5
D369,RC-0080,C:\Users\JBNU\git\ConstraintsRecovery\assets\tankwar\asset14,321,Tank$$TankWar.koordinateAktualisieren,METHOD,C:\Users\JBNU\git\ConstraintsRecovery\assets\tankwar\asset14:IF:8-384,asset14,true,C:\Users\JBNU\git\ConstraintsRecovery\assets\tankwar\asset14,29,Tank$$TankWar.elapsedTime,FIELD,C:\Users\JBNU\git\ConstraintsRecovery\assets\tankwar\asset14:IF:8-384,asset14,true,FIELD_REFERENCE,xf_Koordinate += geschwindigkeit * tankManager.screenWidth * elapsedTime;,TankWar_P1|TankWar_P2|TankWar_P3|TankWar_P4|TankWar_P5,TankWar_P1|TankWar_P2|TankWar_P3|TankWar_P4|TankWar_P5
D375,RC-0080,C:\Users\JBNU\git\ConstraintsRecovery\assets\tankwar\asset14,325,Tank$$TankWar.koordinateAktualisieren,METHOD,C:\Users\JBNU\git\ConstraintsRecovery\assets\tankwar\asset14:IF:8-384,asset14,true,C:\Users\JBNU\git\ConstraintsRecovery\assets\tankwar\asset14,29,Tank$$TankWar.elapsedTime,FIELD,C:\Users\JBNU\git\ConstraintsRecovery\assets\tankwar\asset14:IF:8-384,asset14,true,FIELD_REFERENCE,yf_Koordinate += geschwindigkeit * tankManager.screenWidth * elapsedTime;,TankWar_P1|TankWar_P2|TankWar_P3|TankWar_P4|TankWar_P5,TankWar_P1|TankWar_P2|TankWar_P3|TankWar_P4|TankWar_P5
D381,RC-0080,C:\Users\JBNU\git\ConstraintsRecovery\assets\tankwar\asset14,329,Tank$$TankWar.koordinateAktualisieren,METHOD,C:\Users\JBNU\git\ConstraintsRecovery\assets\tankwar\asset14:IF:8-384,asset14,true,C:\Users\JBNU\git\ConstraintsRecovery\assets\tankwar\asset14,29,Tank$$TankWar.elapsedTime,FIELD,C:\Users\JBNU\git\ConstraintsRecovery\assets\tankwar\asset14:IF:8-384,asset14,true,FIELD_REFERENCE,xf_Koordinate -= geschwindigkeit * tankManager.screenWidth * elapsedTime;,TankWar_P1|TankWar_P2|TankWar_P3|TankWar_P4|TankWar_P5,TankWar_P1|TankWar_P2|TankWar_P3|TankWar_P4|TankWar_P5
D309,RC-0081,C:\Users\JBNU\git\ConstraintsRecovery\assets\tankwar\asset14,254,Tank$$TankWar.koordinateAktualisieren,METHOD,C:\Users\JBNU\git\ConstraintsRecovery\assets\tankwar\asset14:IF:8-384,asset14,true,C:\Users\JBNU\git\ConstraintsRecovery\assets\tankwar\asset14,31,Tank$$TankWar.fahrRichtung,FIELD,C:\Users\JBNU\git\ConstraintsRecovery\assets\tankwar\asset14:IF:8-384,asset14,true,FIELD_REFERENCE,flachHeitRichtung = fahrRichtung;,TankWar_P1|TankWar_P2|TankWar_P3|TankWar_P4|TankWar_P5,TankWar_P1|TankWar_P2|TankWar_P3|TankWar_P4|TankWar_P5
D386,RC-0081,C:\Users\JBNU\git\ConstraintsRecovery\assets\tankwar\asset14,335,Tank$$TankWar.koordinateAktualisieren,METHOD,C:\Users\JBNU\git\ConstraintsRecovery\assets\tankwar\asset14:IF:8-384,asset14,true,C:\Users\JBNU\git\ConstraintsRecovery\assets\tankwar\asset14,31,Tank$$TankWar.fahrRichtung,FIELD,C:\Users\JBNU\git\ConstraintsRecovery\assets\tankwar\asset14:IF:8-384,asset14,true,FIELD_REFERENCE,fahrRichtung = tankRichtung;,TankWar_P1|TankWar_P2|TankWar_P3|TankWar_P4|TankWar_P5,TankWar_P1|TankWar_P2|TankWar_P3|TankWar_P4|TankWar_P5
D301,RC-0082,C:\Users\JBNU\git\ConstraintsRecovery\assets\tankwar\asset14,241,Tank$$TankWar.koordinateAktualisieren,METHOD,C:\Users\JBNU\git\ConstraintsRecovery\assets\tankwar\asset14:IF:8-384,asset14,true,C:\Users\JBNU\git\ConstraintsRecovery\assets\tankwar\asset14,27,Tank$$TankWar.feindlich,FIELD,C:\Users\JBNU\git\ConstraintsRecovery\assets\tankwar\asset14:IF:8-384,asset14,true,FIELD_REFERENCE,if (feindlich && elapsedTime != 0) {,TankWar_P1|TankWar_P2|TankWar_P3|TankWar_P4|TankWar_P5,TankWar_P1|TankWar_P2|TankWar_P3|TankWar_P4|TankWar_P5
D306,RC-0083,C:\Users\JBNU\git\ConstraintsRecovery\assets\tankwar\asset14,252,Tank$$TankWar.koordinateAktualisieren,METHOD,C:\Users\JBNU\git\ConstraintsRecovery\assets\tankwar\asset14:IF:8-384,asset14,true,C:\Users\JBNU\git\ConstraintsRecovery\assets\tankwar\asset14,26,Tank$$TankWar.flachHeit,FIELD,C:\Users\JBNU\git\ConstraintsRecovery\assets\tankwar\asset14:IF:8-384,asset14,true,FIELD_REFERENCE,if ((x_KoeRest != 0 || y_KoeRest != 0) && !flachHeit) {,TankWar_P1|TankWar_P2|TankWar_P3|TankWar_P4|TankWar_P5,TankWar_P1|TankWar_P2|TankWar_P3|TankWar_P4|TankWar_P5
D307,RC-0083,C:\Users\JBNU\git\ConstraintsRecovery\assets\tankwar\asset14,253,Tank$$TankWar.koordinateAktualisieren,METHOD,C:\Users\JBNU\git\ConstraintsRecovery\assets\tankwar\asset14:IF:8-384,asset14,true,C:\Users\JBNU\git\ConstraintsRecovery\assets\tankwar\asset14,26,Tank$$TankWar.flachHeit,FIELD,C:\Users\JBNU\git\ConstraintsRecovery\assets\tankwar\asset14:IF:8-384,asset14,true,FIELD_REFERENCE,flachHeit = true;,TankWar_P1|TankWar_P2|TankWar_P3|TankWar_P4|TankWar_P5,TankWar_P1|TankWar_P2|TankWar_P3|TankWar_P4|TankWar_P5
D310,RC-0083,C:\Users\JBNU\git\ConstraintsRecovery\assets\tankwar\asset14,257,Tank$$TankWar.koordinateAktualisieren,METHOD,C:\Users\JBNU\git\ConstraintsRecovery\assets\tankwar\asset14:IF:8-384,asset14,true,C:\Users\JBNU\git\ConstraintsRecovery\assets\tankwar\asset14,26,Tank$$TankWar.flachHeit,FIELD,C:\Users\JBNU\git\ConstraintsRecovery\assets\tankwar\asset14:IF:8-384,asset14,true,FIELD_REFERENCE,flachHeit = false;,TankWar_P1|TankWar_P2|TankWar_P3|TankWar_P4|TankWar_P5,TankWar_P1|TankWar_P2|TankWar_P3|TankWar_P4|TankWar_P5
D311,RC-0083,C:\Users\JBNU\git\ConstraintsRecovery\assets\tankwar\asset14,259,Tank$$TankWar.koordinateAktualisieren,METHOD,C:\Users\JBNU\git\ConstraintsRecovery\assets\tankwar\asset14:IF:8-384,asset14,true,C:\Users\JBNU\git\ConstraintsRecovery\assets\tankwar\asset14,26,Tank$$TankWar.flachHeit,FIELD,C:\Users\JBNU\git\ConstraintsRecovery\assets\tankwar\asset14:IF:8-384,asset14,true,FIELD_REFERENCE,if (flachHeit) {,TankWar_P1|TankWar_P2|TankWar_P3|TankWar_P4|TankWar_P5,TankWar_P1|TankWar_P2|TankWar_P3|TankWar_P4|TankWar_P5
D384,RC-0083,C:\Users\JBNU\git\ConstraintsRecovery\assets\tankwar\asset14,334,Tank$$TankWar.koordinateAktualisieren,METHOD,C:\Users\JBNU\git\ConstraintsRecovery\assets\tankwar\asset14:IF:8-384,asset14,true,C:\Users\JBNU\git\ConstraintsRecovery\assets\tankwar\asset14,26,Tank$$TankWar.flachHeit,FIELD,C:\Users\JBNU\git\ConstraintsRecovery\assets\tankwar\asset14:IF:8-384,asset14,true,FIELD_REFERENCE,if (((Tank) this).tankRichtung != 0 && !flachHeit),TankWar_P1|TankWar_P2|TankWar_P3|TankWar_P4|TankWar_P5,TankWar_P1|TankWar_P2|TankWar_P3|TankWar_P4|TankWar_P5
D308,RC-0084,C:\Users\JBNU\git\ConstraintsRecovery\assets\tankwar\asset14,254,Tank$$TankWar.koordinateAktualisieren,METHOD,C:\Users\JBNU\git\ConstraintsRecovery\assets\tankwar\asset14:IF:8-384,asset14,true,C:\Users\JBNU\git\ConstraintsRecovery\assets\tankwar\asset14,30,Tank$$TankWar.flachHeitRichtung,FIELD,C:\Users\JBNU\git\ConstraintsRecovery\assets\tankwar\asset14:IF:8-384,asset14,true,FIELD_REFERENCE,flachHeitRichtung = fahrRichtung;,TankWar_P1|TankWar_P2|TankWar_P3|TankWar_P4|TankWar_P5,TankWar_P1|TankWar_P2|TankWar_P3|TankWar_P4|TankWar_P5
D312,RC-0084,C:\Users\JBNU\git\ConstraintsRecovery\assets\tankwar\asset14,260,Tank$$TankWar.koordinateAktualisieren,METHOD,C:\Users\JBNU\git\ConstraintsRecovery\assets\tankwar\asset14:IF:8-384,asset14,true,C:\Users\JBNU\git\ConstraintsRecovery\assets\tankwar\asset14,30,Tank$$TankWar.flachHeitRichtung,FIELD,C:\Users\JBNU\git\ConstraintsRecovery\assets\tankwar\asset14:IF:8-384,asset14,true,FIELD_REFERENCE,switch(flachHeitRichtung) {,TankWar_P1|TankWar_P2|TankWar_P3|TankWar_P4|TankWar_P5,TankWar_P1|TankWar_P2|TankWar_P3|TankWar_P4|TankWar_P5
D313,RC-0085,C:\Users\JBNU\git\ConstraintsRecovery\assets\tankwar\asset14,262,Tank$$TankWar.koordinateAktualisieren,METHOD,C:\Users\JBNU\git\ConstraintsRecovery\assets\tankwar\asset14:IF:8-384,asset14,true,C:\Users\JBNU\git\ConstraintsRecovery\assets\tankwar\asset14,15,Tank$$TankWar.geschwindigkeit,FIELD,C:\Users\JBNU\git\ConstraintsRecovery\assets\tankwar\asset14:IF:8-384,asset14,true,FIELD_REFERENCE,yf_Koordinate -= geschwindigkeit * tankManager.screenWidth * elapsedTime;,TankWar_P1|TankWar_P2|TankWar_P3|TankWar_P4|TankWar_P5,TankWar_P1|TankWar_P2|TankWar_P3|TankWar_P4|TankWar_P5
D325,RC-0085,C:\Users\JBNU\git\ConstraintsRecovery\assets\tankwar\asset14,276,Tank$$TankWar.koordinateAktualisieren,METHOD,C:\Users\JBNU\git\ConstraintsRecovery\assets\tankwar\asset14:IF:8-384,asset14,true,C:\Users\JBNU\git\ConstraintsRecovery\assets\tankwar\asset14,15,Tank$$TankWar.geschwindigkeit,FIELD,C:\Users\JBNU\git\ConstraintsRecovery\assets\tankwar\asset14:IF:8-384,asset14,true,FIELD_REFERENCE,xf_Koordinate += geschwindigkeit * tankManager.screenWidth * elapsedTime;,TankWar_P1|TankWar_P2|TankWar_P3|TankWar_P4|TankWar_P5,TankWar_P1|TankWar_P2|TankWar_P3|TankWar_P4|TankWar_P5
D336,RC-0085,C:\Users\JBNU\git\ConstraintsRecovery\assets\tankwar\asset14,288,Tank$$TankWar.koordinateAktualisieren,METHOD,C:\Users\JBNU\git\ConstraintsRecovery\assets\tankwar\asset14:IF:8-384,asset14,true,C:\Users\JBNU\git\ConstraintsRecovery\assets\tankwar\asset14,15,Tank$$TankWar.geschwindigkeit,FIELD,C:\Users\JBNU\git\ConstraintsRecovery\assets\tankwar\asset14:IF:8-384,asset14,true,FIELD_REFERENCE,yf_Koordinate += geschwindigkeit * tankManager.screenWidth * elapsedTime;,TankWar_P1|TankWar_P2|TankWar_P3|TankWar_P4|TankWar_P5,TankWar_P1|TankWar_P2|TankWar_P3|TankWar_P4|TankWar_P5
D347,RC-0085,C:\Users\JBNU\git\ConstraintsRecovery\assets\tankwar\asset14,300,Tank$$TankWar.koordinateAktualisieren,METHOD,C:\Users\JBNU\git\ConstraintsRecovery\assets\tankwar\asset14:IF:8-384,asset14,true,C:\Users\JBNU\git\ConstraintsRecovery\assets\tankwar\asset14,15,Tank$$TankWar.geschwindigkeit,FIELD,C:\Users\JBNU\git\ConstraintsRecovery\assets\tankwar\asset14:IF:8-384,asset14,true,FIELD_REFERENCE,xf_Koordinate -= geschwindigkeit * tankManager.screenWidth * elapsedTime;,TankWar_P1|TankWar_P2|TankWar_P3|TankWar_P4|TankWar_P5,TankWar_P1|TankWar_P2|TankWar_P3|TankWar_P4|TankWar_P5
D360,RC-0085,C:\Users\JBNU\git\ConstraintsRecovery\assets\tankwar\asset14,317,Tank$$TankWar.koordinateAktualisieren,METHOD,C:\Users\JBNU\git\ConstraintsRecovery\assets\tankwar\asset14:IF:8-384,asset14,true,C:\Users\JBNU\git\ConstraintsRecovery\assets\tankwar\asset14,15,Tank$$TankWar.geschwindigkeit,FIELD,C:\Users\JBNU\git\ConstraintsRecovery\assets\tankwar\asset14:IF:8-384,asset14,true,FIELD_REFERENCE,yf_Koordinate -= geschwindigkeit * tankManager.screenWidth * elapsedTime;,TankWar_P1|TankWar_P2|TankWar_P3|TankWar_P4|TankWar_P5,TankWar_P1|TankWar_P2|TankWar_P3|TankWar_P4|TankWar_P5
D366,RC-0085,C:\Users\JBNU\git\ConstraintsRecovery\assets\tankwar\asset14,321,Tank$$TankWar.koordinateAktualisieren,METHOD,C:\Users\JBNU\git\ConstraintsRecovery\assets\tankwar\asset14:IF:8-384,asset14,true,C:\Users\JBNU\git\ConstraintsRecovery\assets\tankwar\asset14,15,Tank$$TankWar.geschwindigkeit,FIELD,C:\Users\JBNU\git\ConstraintsRecovery\assets\tankwar\asset14:IF:8-384,asset14,true,FIELD_REFERENCE,xf_Koordinate += geschwindigkeit * tankManager.screenWidth * elapsedTime;,TankWar_P1|TankWar_P2|TankWar_P3|TankWar_P4|TankWar_P5,TankWar_P1|TankWar_P2|TankWar_P3|TankWar_P4|TankWar_P5
D372,RC-0085,C:\Users\JBNU\git\ConstraintsRecovery\assets\tankwar\asset14,325,Tank$$TankWar.koordinateAktualisieren,METHOD,C:\Users\JBNU\git\ConstraintsRecovery\assets\tankwar\asset14:IF:8-384,asset14,true,C:\Users\JBNU\git\ConstraintsRecovery\assets\tankwar\asset14,15,Tank$$TankWar.geschwindigkeit,FIELD,C:\Users\JBNU\git\ConstraintsRecovery\assets\tankwar\asset14:IF:8-384,asset14,true,FIELD_REFERENCE,yf_Koordinate += geschwindigkeit * tankManager.screenWidth * elapsedTime;,TankWar_P1|TankWar_P2|TankWar_P3|TankWar_P4|TankWar_P5,TankWar_P1|TankWar_P2|TankWar_P3|TankWar_P4|TankWar_P5
D378,RC-0085,C:\Users\JBNU\git\ConstraintsRecovery\assets\tankwar\asset14,329,Tank$$TankWar.koordinateAktualisieren,METHOD,C:\Users\JBNU\git\ConstraintsRecovery\assets\tankwar\asset14:IF:8-384,asset14,true,C:\Users\JBNU\git\ConstraintsRecovery\assets\tankwar\asset14,15,Tank$$TankWar.geschwindigkeit,FIELD,C:\Users\JBNU\git\ConstraintsRecovery\assets\tankwar\asset14:IF:8-384,asset14,true,FIELD_REFERENCE,xf_Koordinate -= geschwindigkeit * tankManager.screenWidth * elapsedTime;,TankWar_P1|TankWar_P2|TankWar_P3|TankWar_P4|TankWar_P5,TankWar_P1|TankWar_P2|TankWar_P3|TankWar_P4|TankWar_P5
D303,RC-0086,C:\Users\JBNU\git\ConstraintsRecovery\assets\tankwar\asset14,242,Tank$$TankWar.koordinateAktualisieren,METHOD,C:\Users\JBNU\git\ConstraintsRecovery\assets\tankwar\asset14:IF:8-384,asset14,true,C:\Users\JBNU\git\ConstraintsRecovery\assets\tankwar\asset14,367,Tank$$TankWar.tankFeindKI,METHOD,C:\Users\JBNU\git\ConstraintsRecovery\assets\tankwar\asset14:IF:8-384,asset14,true,METHOD_CALL,tankFeindKI();,TankWar_P1|TankWar_P2|TankWar_P3|TankWar_P4|TankWar_P5,TankWar_P1|TankWar_P2|TankWar_P3|TankWar_P4|TankWar_P5
D319,RC-0087,C:\Users\JBNU\git\ConstraintsRecovery\assets\tankwar\asset14,264,Tank$$TankWar.koordinateAktualisieren,METHOD,C:\Users\JBNU\git\ConstraintsRecovery\assets\tankwar\asset14:IF:8-384,asset14,true,C:\Users\JBNU\git\ConstraintsRecovery\assets\tankwar\asset14,31,Tank$$TankWar.tankRichtung,FIELD,C:\Users\JBNU\git\ConstraintsRecovery\assets\tankwar\asset14:IF:8-384,asset14,true,FIELD_REFERENCE,if (tankRichtung == 0) {,TankWar_P1|TankWar_P2|TankWar_P3|TankWar_P4|TankWar_P5,TankWar_P1|TankWar_P2|TankWar_P3|TankWar_P4|TankWar_P5
D331,RC-0087,C:\Users\JBNU\git\ConstraintsRecovery\assets\tankwar\asset14,278,Tank$$TankWar.koordinateAktualisieren,METHOD,C:\Users\JBNU\git\ConstraintsRecovery\assets\tankwar\asset14:IF:8-384,asset14,true,C:\Users\JBNU\git\ConstraintsRecovery\assets\tankwar\asset14,31,Tank$$TankWar.tankRichtung,FIELD,C:\Users\JBNU\git\ConstraintsRecovery\assets\tankwar\asset14:IF:8-384,asset14,true,FIELD_REFERENCE,if (tankRichtung == 0) {,TankWar_P1|TankWar_P2|TankWar_P3|TankWar_P4|TankWar_P5,TankWar_P1|TankWar_P2|TankWar_P3|TankWar_P4|TankWar_P5
D342,RC-0087,C:\Users\JBNU\git\ConstraintsRecovery\assets\tankwar\asset14,290,Tank$$TankWar.koordinateAktualisieren,METHOD,C:\Users\JBNU\git\ConstraintsRecovery\assets\tankwar\asset14:IF:8-384,asset14,true,C:\Users\JBNU\git\ConstraintsRecovery\assets\tankwar\asset14,31,Tank$$TankWar.tankRichtung,FIELD,C:\Users\JBNU\git\ConstraintsRecovery\assets\tankwar\asset14:IF:8-384,asset14,true,FIELD_REFERENCE,if (tankRichtung == 0) {,TankWar_P1|TankWar_P2|TankWar_P3|TankWar_P4|TankWar_P5,TankWar_P1|TankWar_P2|TankWar_P3|TankWar_P4|TankWar_P5
D353,RC-0087,C:\Users\JBNU\git\ConstraintsRecovery\assets\tankwar\asset14,302,Tank$$TankWar.koordinateAktualisieren,METHOD,C:\Users\JBNU\git\ConstraintsRecovery\assets\tankwar\asset14:IF:8-384,asset14,true,C:\Users\JBNU\git\ConstraintsRecovery\assets\tankwar\asset14,31,Tank$$TankWar.tankRichtung,FIELD,C:\Users\JBNU\git\ConstraintsRecovery\assets\tankwar\asset14:IF:8-384,asset14,true,FIELD_REFERENCE,if (tankRichtung == 0) {,TankWar_P1|TankWar_P2|TankWar_P3|TankWar_P4|TankWar_P5,TankWar_P1|TankWar_P2|TankWar_P3|TankWar_P4|TankWar_P5
D359,RC-0087,C:\Users\JBNU\git\ConstraintsRecovery\assets\tankwar\asset14,315,Tank$$TankWar.koordinateAktualisieren,METHOD,C:\Users\JBNU\git\ConstraintsRecovery\assets\tankwar\asset14:IF:8-384,asset14,true,C:\Users\JBNU\git\ConstraintsRecovery\assets\tankwar\asset14,31,Tank$$TankWar.tankRichtung,FIELD,C:\Users\JBNU\git\ConstraintsRecovery\assets\tankwar\asset14:IF:8-384,asset14,true,FIELD_REFERENCE,switch(tankRichtung) {,TankWar_P1|TankWar_P2|TankWar_P3|TankWar_P4|TankWar_P5,TankWar_P1|TankWar_P2|TankWar_P3|TankWar_P4|TankWar_P5
D385,RC-0087,C:\Users\JBNU\git\ConstraintsRecovery\assets\tankwar\asset14,334,Tank$$TankWar.koordinateAktualisieren,METHOD,C:\Users\JBNU\git\ConstraintsRecovery\assets\tankwar\asset14:IF:8-384,asset14,true,C:\Users\JBNU\git\ConstraintsRecovery\assets\tankwar\asset14,31,Tank$$TankWar.tankRichtung,FIELD,C:\Users\JBNU\git\ConstraintsRecovery\assets\tankwar\asset14:IF:8-384,asset14,true,FIELD_REFERENCE,if (((Tank) this).tankRichtung != 0 && !flachHeit),TankWar_P1|TankWar_P2|TankWar_P3|TankWar_P4|TankWar_P5,TankWar_P1|TankWar_P2|TankWar_P3|TankWar_P4|TankWar_P5
D387,RC-0087,C:\Users\JBNU\git\ConstraintsRecovery\assets\tankwar\asset14,335,Tank$$TankWar.koordinateAktualisieren,METHOD,C:\Users\JBNU\git\ConstraintsRecovery\assets\tankwar\asset14:IF:8-384,asset14,true,C:\Users\JBNU\git\ConstraintsRecovery\assets\tankwar\asset14,31,Tank$$TankWar.tankRichtung,FIELD,C:\Users\JBNU\git\ConstraintsRecovery\assets\tankwar\asset14:IF:8-384,asset14,true,FIELD_REFERENCE,fahrRichtung = tankRichtung;,TankWar_P1|TankWar_P2|TankWar_P3|TankWar_P4|TankWar_P5,TankWar_P1|TankWar_P2|TankWar_P3|TankWar_P4|TankWar_P5
D304,RC-0088,C:\Users\JBNU\git\ConstraintsRecovery\assets\tankwar\asset14,248,Tank$$TankWar.koordinateAktualisieren,METHOD,C:\Users\JBNU\git\ConstraintsRecovery\assets\tankwar\asset14:IF:8-384,asset14,true,C:\Users\JBNU\git\ConstraintsRecovery\assets\tankwar\asset14,15,Tank$$TankWar.xf_Koordinate,FIELD,C:\Users\JBNU\git\ConstraintsRecovery\assets\tankwar\asset14:IF:8-384,asset14,true,FIELD_REFERENCE,alteXf_Koordinate = xf_Koordinate;,TankWar_P1|TankWar_P2|TankWar_P3|TankWar_P4|TankWar_P5,TankWar_P1|TankWar_P2|TankWar_P3|TankWar_P4|TankWar_P5
D326,RC-0088,C:\Users\JBNU\git\ConstraintsRecovery\assets\tankwar\asset14,276,Tank$$TankWar.koordinateAktualisieren,METHOD,C:\Users\JBNU\git\ConstraintsRecovery\assets\tankwar\asset14:IF:8-384,asset14,true,C:\Users\JBNU\git\ConstraintsRecovery\assets\tankwar\asset14,15,Tank$$TankWar.xf_Koordinate,FIELD,C:\Users\JBNU\git\ConstraintsRecovery\assets\tankwar\asset14:IF:8-384,asset14,true,FIELD_REFERENCE,xf_Koordinate += geschwindigkeit * tankManager.screenWidth * elapsedTime;,TankWar_P1|TankWar_P2|TankWar_P3|TankWar_P4|TankWar_P5,TankWar_P1|TankWar_P2|TankWar_P3|TankWar_P4|TankWar_P5
D329,RC-0088,C:\Users\JBNU\git\ConstraintsRecovery\assets\tankwar\asset14,277,Tank$$TankWar.koordinateAktualisieren,METHOD,C:\Users\JBNU\git\ConstraintsRecovery\assets\tankwar\asset14:IF:8-384,asset14,true,C:\Users\JBNU\git\ConstraintsRecovery\assets\tankwar\asset14,15,Tank$$TankWar.xf_Koordinate,FIELD,C:\Users\JBNU\git\ConstraintsRecovery\assets\tankwar\asset14:IF:8-384,asset14,true,FIELD_REFERENCE,x_Koordinate = getRund(xf_Koordinate);,TankWar_P1|TankWar_P2|TankWar_P3|TankWar_P4|TankWar_P5,TankWar_P1|TankWar_P2|TankWar_P3|TankWar_P4|TankWar_P5
D348,RC-0088,C:\Users\JBNU\git\ConstraintsRecovery\assets\tankwar\asset14,300,Tank$$TankWar.koordinateAktualisieren,METHOD,C:\Users\JBNU\git\ConstraintsRecovery\assets\tankwar\asset14:IF:8-384,asset14,true,C:\Users\JBNU\git\ConstraintsRecovery\assets\tankwar\asset14,15,Tank$$TankWar.xf_Koordinate,FIELD,C:\Users\JBNU\git\ConstraintsRecovery\assets\tankwar\asset14:IF:8-384,asset14,true,FIELD_REFERENCE,xf_Koordinate -= geschwindigkeit * tankManager.screenWidth * elapsedTime;,TankWar_P1|TankWar_P2|TankWar_P3|TankWar_P4|TankWar_P5,TankWar_P1|TankWar_P2|TankWar_P3|TankWar_P4|TankWar_P5
D351,RC-0088,C:\Users\JBNU\git\ConstraintsRecovery\assets\tankwar\asset14,301,Tank$$TankWar.koordinateAktualisieren,METHOD,C:\Users\JBNU\git\ConstraintsRecovery\assets\tankwar\asset14:IF:8-384,asset14,true,C:\Users\JBNU\git\ConstraintsRecovery\assets\tankwar\asset14,15,Tank$$TankWar.xf_Koordinate,FIELD,C:\Users\JBNU\git\ConstraintsRecovery\assets\tankwar\asset14:IF:8-384,asset14,true,FIELD_REFERENCE,x_Koordinate = getRund(xf_Koordinate);,TankWar_P1|TankWar_P2|TankWar_P3|TankWar_P4|TankWar_P5,TankWar_P1|TankWar_P2|TankWar_P3|TankWar_P4|TankWar_P5
D356,RC-0088,C:\Users\JBNU\git\ConstraintsRecovery\assets\tankwar\asset14,307,Tank$$TankWar.koordinateAktualisieren,METHOD,C:\Users\JBNU\git\ConstraintsRecovery\assets\tankwar\asset14:IF:8-384,asset14,true,C:\Users\JBNU\git\ConstraintsRecovery\assets\tankwar\asset14,15,Tank$$TankWar.xf_Koordinate,FIELD,C:\Users\JBNU\git\ConstraintsRecovery\assets\tankwar\asset14:IF:8-384,asset14,true,FIELD_REFERENCE,if (xf_Koordinate < 0) {,TankWar_P1|TankWar_P2|TankWar_P3|TankWar_P4|TankWar_P5,TankWar_P1|TankWar_P2|TankWar_P3|TankWar_P4|TankWar_P5
D357,RC-0088,C:\Users\JBNU\git\ConstraintsRecovery\assets\tankwar\asset14,308,Tank$$TankWar.koordinateAktualisieren,METHOD,C:\Users\JBNU\git\ConstraintsRecovery\assets\tankwar\asset14:IF:8-384,asset14,true,C:\Users\JBNU\git\ConstraintsRecovery\assets\tankwar\asset14,15,Tank$$TankWar.xf_Koordinate,FIELD,C:\Users\JBNU\git\ConstraintsRecovery\assets\tankwar\asset14:IF:8-384,asset14,true,FIELD_REFERENCE,xf_Koordinate = 0;,TankWar_P1|TankWar_P2|TankWar_P3|TankWar_P4|TankWar_P5,TankWar_P1|TankWar_P2|TankWar_P3|TankWar_P4|TankWar_P5
D367,RC-0088,C:\Users\JBNU\git\ConstraintsRecovery\assets\tankwar\asset14,321,Tank$$TankWar.koordinateAktualisieren,METHOD,C:\Users\JBNU\git\ConstraintsRecovery\assets\tankwar\asset14:IF:8-384,asset14,true,C:\Users\JBNU\git\ConstraintsRecovery\assets\tankwar\asset14,15,Tank$$TankWar.xf_Koordinate,FIELD,C:\Users\JBNU\git\ConstraintsRecovery\assets\tankwar\asset14:IF:8-384,asset14,true,FIELD_REFERENCE,xf_Koordinate += geschwindigkeit * tankManager.screenWidth * elapsedTime;,TankWar_P1|TankWar_P2|TankWar_P3|TankWar_P4|TankWar_P5,TankWar_P1|TankWar_P2|TankWar_P3|TankWar_P4|TankWar_P5
D370,RC-0088,C:\Users\JBNU\git\ConstraintsRecovery\assets\tankwar\asset14,322,Tank$$TankWar.koordinateAktualisieren,METHOD,C:\Users\JBNU\git\ConstraintsRecovery\assets\tankwar\asset14:IF:8-384,asset14,true,C:\Users\JBNU\git\ConstraintsRecovery\assets\tankwar\asset14,15,Tank$$TankWar.xf_Koordinate,FIELD,C:\Users\JBNU\git\ConstraintsRecovery\assets\tankwar\asset14:IF:8-384,asset14,true,FIELD_REFERENCE,x_Koordinate = getRund(xf_Koordinate);,TankWar_P1|TankWar_P2|TankWar_P3|TankWar_P4|TankWar_P5,TankWar_P1|TankWar_P2|TankWar_P3|TankWar_P4|TankWar_P5
D379,RC-0088,C:\Users\JBNU\git\ConstraintsRecovery\assets\tankwar\asset14,329,Tank$$TankWar.koordinateAktualisieren,METHOD,C:\Users\JBNU\git\ConstraintsRecovery\assets\tankwar\asset14:IF:8-384,asset14,true,C:\Users\JBNU\git\ConstraintsRecovery\assets\tankwar\asset14,15,Tank$$TankWar.xf_Koordinate,FIELD,C:\Users\JBNU\git\ConstraintsRecovery\assets\tankwar\asset14:IF:8-384,asset14,true,FIELD_REFERENCE,xf_Koordinate -= geschwindigkeit * tankManager.screenWidth * elapsedTime;,TankWar_P1|TankWar_P2|TankWar_P3|TankWar_P4|TankWar_P5,TankWar_P1|TankWar_P2|TankWar_P3|TankWar_P4|TankWar_P5
D382,RC-0088,C:\Users\JBNU\git\ConstraintsRecovery\assets\tankwar\asset14,330,Tank$$TankWar.koordinateAktualisieren,METHOD,C:\Users\JBNU\git\ConstraintsRecovery\assets\tankwar\asset14:IF:8-384,asset14,true,C:\Users\JBNU\git\ConstraintsRecovery\assets\tankwar\asset14,15,Tank$$TankWar.xf_Koordinate,FIELD,C:\Users\JBNU\git\ConstraintsRecovery\assets\tankwar\asset14:IF:8-384,asset14,true,FIELD_REFERENCE,x_Koordinate = getRund(xf_Koordinate);,TankWar_P1|TankWar_P2|TankWar_P3|TankWar_P4|TankWar_P5,TankWar_P1|TankWar_P2|TankWar_P3|TankWar_P4|TankWar_P5
D390,RC-0088,C:\Users\JBNU\git\ConstraintsRecovery\assets\tankwar\asset14,339,Tank$$TankWar.koordinateAktualisieren,METHOD,C:\Users\JBNU\git\ConstraintsRecovery\assets\tankwar\asset14:IF:8-384,asset14,true,C:\Users\JBNU\git\ConstraintsRecovery\assets\tankwar\asset14,15,Tank$$TankWar.xf_Koordinate,FIELD,C:\Users\JBNU\git\ConstraintsRecovery\assets\tankwar\asset14:IF:8-384,asset14,true,FIELD_REFERENCE,xf_Koordinate = alteXf_Koordinate;,TankWar_P1|TankWar_P2|TankWar_P3|TankWar_P4|TankWar_P5,TankWar_P1|TankWar_P2|TankWar_P3|TankWar_P4|TankWar_P5
D395,RC-0088,C:\Users\JBNU\git\ConstraintsRecovery\assets\tankwar\asset14,345,Tank$$TankWar.koordinateAktualisieren,METHOD,C:\Users\JBNU\git\ConstraintsRecovery\assets\tankwar\asset14:IF:8-384,asset14,true,C:\Users\JBNU\git\ConstraintsRecovery\assets\tankwar\asset14,15,Tank$$TankWar.xf_Koordinate,FIELD,C:\Users\JBNU\git\ConstraintsRecovery\assets\tankwar\asset14:IF:8-384,asset14,true,FIELD_REFERENCE,xf_Koordinate = alteXf_Koordinate;,TankWar_P1|TankWar_P2|TankWar_P3|TankWar_P4|TankWar_P5,TankWar_P1|TankWar_P2|TankWar_P3|TankWar_P4|TankWar_P5
D398,RC-0088,C:\Users\JBNU\git\ConstraintsRecovery\assets\tankwar\asset14,351,Tank$$TankWar.koordinateAktualisieren,METHOD,C:\Users\JBNU\git\ConstraintsRecovery\assets\tankwar\asset14:IF:8-384,asset14,true,C:\Users\JBNU\git\ConstraintsRecovery\assets\tankwar\asset14,15,Tank$$TankWar.xf_Koordinate,FIELD,C:\Users\JBNU\git\ConstraintsRecovery\assets\tankwar\asset14:IF:8-384,asset14,true,FIELD_REFERENCE,xf_Koordinate = alteXf_Koordinate;,TankWar_P1|TankWar_P2|TankWar_P3|TankWar_P4|TankWar_P5,TankWar_P1|TankWar_P2|TankWar_P3|TankWar_P4|TankWar_P5
D401,RC-0088,C:\Users\JBNU\git\ConstraintsRecovery\assets\tankwar\asset14,357,Tank$$TankWar.koordinateAktualisieren,METHOD,C:\Users\JBNU\git\ConstraintsRecovery\assets\tankwar\asset14:IF:8-384,asset14,true,C:\Users\JBNU\git\ConstraintsRecovery\assets\tankwar\asset14,15,Tank$$TankWar.xf_Koordinate,FIELD,C:\Users\JBNU\git\ConstraintsRecovery\assets\tankwar\asset14:IF:8-384,asset14,true,FIELD_REFERENCE,xf_Koordinate = alteXf_Koordinate;,TankWar_P1|TankWar_P2|TankWar_P3|TankWar_P4|TankWar_P5,TankWar_P1|TankWar_P2|TankWar_P3|TankWar_P4|TankWar_P5
D404,RC-0088,C:\Users\JBNU\git\ConstraintsRecovery\assets\tankwar\asset14,363,Tank$$TankWar.koordinateAktualisieren,METHOD,C:\Users\JBNU\git\ConstraintsRecovery\assets\tankwar\asset14:IF:8-384,asset14,true,C:\Users\JBNU\git\ConstraintsRecovery\assets\tankwar\asset14,15,Tank$$TankWar.xf_Koordinate,FIELD,C:\Users\JBNU\git\ConstraintsRecovery\assets\tankwar\asset14:IF:8-384,asset14,true,FIELD_REFERENCE,xf_Koordinate = alteXf_Koordinate;,TankWar_P1|TankWar_P2|TankWar_P3|TankWar_P4|TankWar_P5,TankWar_P1|TankWar_P2|TankWar_P3|TankWar_P4|TankWar_P5
D305,RC-0089,C:\Users\JBNU\git\ConstraintsRecovery\assets\tankwar\asset14,249,Tank$$TankWar.koordinateAktualisieren,METHOD,C:\Users\JBNU\git\ConstraintsRecovery\assets\tankwar\asset14:IF:8-384,asset14,true,C:\Users\JBNU\git\ConstraintsRecovery\assets\tankwar\asset14,15,Tank$$TankWar.yf_Koordinate,FIELD,C:\Users\JBNU\git\ConstraintsRecovery\assets\tankwar\asset14:IF:8-384,asset14,true,FIELD_REFERENCE,alteYf_Koordinate = yf_Koordinate;,TankWar_P1|TankWar_P2|TankWar_P3|TankWar_P4|TankWar_P5,TankWar_P1|TankWar_P2|TankWar_P3|TankWar_P4|TankWar_P5
D315,RC-0089,C:\Users\JBNU\git\ConstraintsRecovery\assets\tankwar\asset14,262,Tank$$TankWar.koordinateAktualisieren,METHOD,C:\Users\JBNU\git\ConstraintsRecovery\assets\tankwar\asset14:IF:8-384,asset14,true,C:\Users\JBNU\git\ConstraintsRecovery\assets\tankwar\asset14,15,Tank$$TankWar.yf_Koordinate,FIELD,C:\Users\JBNU\git\ConstraintsRecovery\assets\tankwar\asset14:IF:8-384,asset14,true,FIELD_REFERENCE,yf_Koordinate -= geschwindigkeit * tankManager.screenWidth * elapsedTime;,TankWar_P1|TankWar_P2|TankWar_P3|TankWar_P4|TankWar_P5,TankWar_P1|TankWar_P2|TankWar_P3|TankWar_P4|TankWar_P5
D317,RC-0089,C:\Users\JBNU\git\ConstraintsRecovery\assets\tankwar\asset14,263,Tank$$TankWar.koordinateAktualisieren,METHOD,C:\Users\JBNU\git\ConstraintsRecovery\assets\tankwar\asset14:IF:8-384,asset14,true,C:\Users\JBNU\git\ConstraintsRecovery\assets\tankwar\asset14,15,Tank$$TankWar.yf_Koordinate,FIELD,C:\Users\JBNU\git\ConstraintsRecovery\assets\tankwar\asset14:IF:8-384,asset14,true,FIELD_REFERENCE,y_Koordinate = getRund(yf_Koordinate);,TankWar_P1|TankWar_P2|TankWar_P3|TankWar_P4|TankWar_P5,TankWar_P1|TankWar_P2|TankWar_P3|TankWar_P4|TankWar_P5
D322,RC-0089,C:\Users\JBNU\git\ConstraintsRecovery\assets\tankwar\asset14,269,Tank$$TankWar.koordinateAktualisieren,METHOD,C:\Users\JBNU\git\ConstraintsRecovery\assets\tankwar\asset14:IF:8-384,asset14,true,C:\Users\JBNU\git\ConstraintsRecovery\assets\tankwar\asset14,15,Tank$$TankWar.yf_Koordinate,FIELD,C:\Users\JBNU\git\ConstraintsRecovery\assets\tankwar\asset14:IF:8-384,asset14,true,FIELD_REFERENCE,if (yf_Koordinate < 0) {,TankWar_P1|TankWar_P2|TankWar_P3|TankWar_P4|TankWar_P5,TankWar_P1|TankWar_P2|TankWar_P3|TankWar_P4|TankWar_P5
D323,RC-0089,C:\Users\JBNU\git\ConstraintsRecovery\assets\tankwar\asset14,270,Tank$$TankWar.koordinateAktualisieren,METHOD,C:\Users\JBNU\git\ConstraintsRecovery\assets\tankwar\asset14:IF:8-384,asset14,true,C:\Users\JBNU\git\ConstraintsRecovery\assets\tankwar\asset14,15,Tank$$TankWar.yf_Koordinate,FIELD,C:\Users\JBNU\git\ConstraintsRecovery\assets\tankwar\asset14:IF:8-384,asset14,true,FIELD_REFERENCE,yf_Koordinate = 0;,TankWar_P1|TankWar_P2|TankWar_P3|TankWar_P4|TankWar_P5,TankWar_P1|TankWar_P2|TankWar_P3|TankWar_P4|TankWar_P5
D338,RC-0089,C:\Users\JBNU\git\ConstraintsRecovery\assets\tankwar\asset14,288,Tank$$TankWar.koordinateAktualisieren,METHOD,C:\Users\JBNU\git\ConstraintsRecovery\assets\tankwar\asset14:IF:8-384,asset14,true,C:\Users\JBNU\git\ConstraintsRecovery\assets\tankwar\asset14,15,Tank$$TankWar.yf_Koordinate,FIELD,C:\Users\JBNU\git\ConstraintsRecovery\assets\tankwar\asset14:IF:8-384,asset14,true,FIELD_REFERENCE,yf_Koordinate += geschwindigkeit * tankManager.screenWidth * elapsedTime;,TankWar_P1|TankWar_P2|TankWar_P3|TankWar_P4|TankWar_P5,TankWar_P1|TankWar_P2|TankWar_P3|TankWar_P4|TankWar_P5
D340,RC-0089,C:\Users\JBNU\git\ConstraintsRecovery\assets\tankwar\asset14,289,Tank$$TankWar.koordinateAktualisieren,METHOD,C:\Users\JBNU\git\ConstraintsRecovery\assets\tankwar\asset14:IF:8-384,asset14,true,C:\Users\JBNU\git\ConstraintsRecovery\assets\tankwar\asset14,15,Tank$$TankWar.yf_Koordinate,FIELD,C:\Users\JBNU\git\ConstraintsRecovery\assets\tankwar\asset14:IF:8-384,asset14,true,FIELD_REFERENCE,y_Koordinate = getRund(yf_Koordinate);,TankWar_P1|TankWar_P2|TankWar_P3|TankWar_P4|TankWar_P5,TankWar_P1|TankWar_P2|TankWar_P3|TankWar_P4|TankWar_P5
D362,RC-0089,C:\Users\JBNU\git\ConstraintsRecovery\assets\tankwar\asset14,317,Tank$$TankWar.koordinateAktualisieren,METHOD,C:\Users\JBNU\git\ConstraintsRecovery\assets\tankwar\asset14:IF:8-384,asset14,true,C:\Users\JBNU\git\ConstraintsRecovery\assets\tankwar\asset14,15,Tank$$TankWar.yf_Koordinate,FIELD,C:\Users\JBNU\git\ConstraintsRecovery\assets\tankwar\asset14:IF:8-384,asset14,true,FIELD_REFERENCE,yf_Koordinate -= geschwindigkeit * tankManager.screenWidth * elapsedTime;,TankWar_P1|TankWar_P2|TankWar_P3|TankWar_P4|TankWar_P5,TankWar_P1|TankWar_P2|TankWar_P3|TankWar_P4|TankWar_P5
D364,RC-0089,C:\Users\JBNU\git\ConstraintsRecovery\assets\tankwar\asset14,318,Tank$$TankWar.koordinateAktualisieren,METHOD,C:\Users\JBNU\git\ConstraintsRecovery\assets\tankwar\asset14:IF:8-384,asset14,true,C:\Users\JBNU\git\ConstraintsRecovery\assets\tankwar\asset14,15,Tank$$TankWar.yf_Koordinate,FIELD,C:\Users\JBNU\git\ConstraintsRecovery\assets\tankwar\asset14:IF:8-384,asset14,true,FIELD_REFERENCE,y_Koordinate = getRund(yf_Koordinate);,TankWar_P1|TankWar_P2|TankWar_P3|TankWar_P4|TankWar_P5,TankWar_P1|TankWar_P2|TankWar_P3|TankWar_P4|TankWar_P5
D374,RC-0089,C:\Users\JBNU\git\ConstraintsRecovery\assets\tankwar\asset14,325,Tank$$TankWar.koordinateAktualisieren,METHOD,C:\Users\JBNU\git\ConstraintsRecovery\assets\tankwar\asset14:IF:8-384,asset14,true,C:\Users\JBNU\git\ConstraintsRecovery\assets\tankwar\asset14,15,Tank$$TankWar.yf_Koordinate,FIELD,C:\Users\JBNU\git\ConstraintsRecovery\assets\tankwar\asset14:IF:8-384,asset14,true,FIELD_REFERENCE,yf_Koordinate += geschwindigkeit * tankManager.screenWidth * elapsedTime;,TankWar_P1|TankWar_P2|TankWar_P3|TankWar_P4|TankWar_P5,TankWar_P1|TankWar_P2|TankWar_P3|TankWar_P4|TankWar_P5
D376,RC-0089,C:\Users\JBNU\git\ConstraintsRecovery\assets\tankwar\asset14,326,Tank$$TankWar.koordinateAktualisieren,METHOD,C:\Users\JBNU\git\ConstraintsRecovery\assets\tankwar\asset14:IF:8-384,asset14,true,C:\Users\JBNU\git\ConstraintsRecovery\assets\tankwar\asset14,15,Tank$$TankWar.yf_Koordinate,FIELD,C:\Users\JBNU\git\ConstraintsRecovery\assets\tankwar\asset14:IF:8-384,asset14,true,FIELD_REFERENCE,y_Koordinate = getRund(yf_Koordinate);,TankWar_P1|TankWar_P2|TankWar_P3|TankWar_P4|TankWar_P5,TankWar_P1|TankWar_P2|TankWar_P3|TankWar_P4|TankWar_P5
D391,RC-0089,C:\Users\JBNU\git\ConstraintsRecovery\assets\tankwar\asset14,340,Tank$$TankWar.koordinateAktualisieren,METHOD,C:\Users\JBNU\git\ConstraintsRecovery\assets\tankwar\asset14:IF:8-384,asset14,true,C:\Users\JBNU\git\ConstraintsRecovery\assets\tankwar\asset14,15,Tank$$TankWar.yf_Koordinate,FIELD,C:\Users\JBNU\git\ConstraintsRecovery\assets\tankwar\asset14:IF:8-384,asset14,true,FIELD_REFERENCE,yf_Koordinate = alteYf_Koordinate;,TankWar_P1|TankWar_P2|TankWar_P3|TankWar_P4|TankWar_P5,TankWar_P1|TankWar_P2|TankWar_P3|TankWar_P4|TankWar_P5
D396,RC-0089,C:\Users\JBNU\git\ConstraintsRecovery\assets\tankwar\asset14,346,Tank$$TankWar.koordinateAktualisieren,METHOD,C:\Users\JBNU\git\ConstraintsRecovery\assets\tankwar\asset14:IF:8-384,asset14,true,C:\Users\JBNU\git\ConstraintsRecovery\assets\tankwar\asset14,15,Tank$$TankWar.yf_Koordinate,FIELD,C:\Users\JBNU\git\ConstraintsRecovery\assets\tankwar\asset14:IF:8-384,asset14,true,FIELD_REFERENCE,yf_Koordinate = alteYf_Koordinate;,TankWar_P1|TankWar_P2|TankWar_P3|TankWar_P4|TankWar_P5,TankWar_P1|TankWar_P2|TankWar_P3|TankWar_P4|TankWar_P5
D399,RC-0089,C:\Users\JBNU\git\ConstraintsRecovery\assets\tankwar\asset14,352,Tank$$TankWar.koordinateAktualisieren,METHOD,C:\Users\JBNU\git\ConstraintsRecovery\assets\tankwar\asset14:IF:8-384,asset14,true,C:\Users\JBNU\git\ConstraintsRecovery\assets\tankwar\asset14,15,Tank$$TankWar.yf_Koordinate,FIELD,C:\Users\JBNU\git\ConstraintsRecovery\assets\tankwar\asset14:IF:8-384,asset14,true,FIELD_REFERENCE,yf_Koordinate = alteYf_Koordinate;,TankWar_P1|TankWar_P2|TankWar_P3|TankWar_P4|TankWar_P5,TankWar_P1|TankWar_P2|TankWar_P3|TankWar_P4|TankWar_P5
D402,RC-0089,C:\Users\JBNU\git\ConstraintsRecovery\assets\tankwar\asset14,358,Tank$$TankWar.koordinateAktualisieren,METHOD,C:\Users\JBNU\git\ConstraintsRecovery\assets\tankwar\asset14:IF:8-384,asset14,true,C:\Users\JBNU\git\ConstraintsRecovery\assets\tankwar\asset14,15,Tank$$TankWar.yf_Koordinate,FIELD,C:\Users\JBNU\git\ConstraintsRecovery\assets\tankwar\asset14:IF:8-384,asset14,true,FIELD_REFERENCE,yf_Koordinate = alteYf_Koordinate;,TankWar_P1|TankWar_P2|TankWar_P3|TankWar_P4|TankWar_P5,TankWar_P1|TankWar_P2|TankWar_P3|TankWar_P4|TankWar_P5
D405,RC-0089,C:\Users\JBNU\git\ConstraintsRecovery\assets\tankwar\asset14,364,Tank$$TankWar.koordinateAktualisieren,METHOD,C:\Users\JBNU\git\ConstraintsRecovery\assets\tankwar\asset14:IF:8-384,asset14,true,C:\Users\JBNU\git\ConstraintsRecovery\assets\tankwar\asset14,15,Tank$$TankWar.yf_Koordinate,FIELD,C:\Users\JBNU\git\ConstraintsRecovery\assets\tankwar\asset14:IF:8-384,asset14,true,FIELD_REFERENCE,yf_Koordinate = alteYf_Koordinate;,TankWar_P1|TankWar_P2|TankWar_P3|TankWar_P4|TankWar_P5,TankWar_P1|TankWar_P2|TankWar_P3|TankWar_P4|TankWar_P5
D201,RC-0090,C:\Users\JBNU\git\ConstraintsRecovery\assets\tankwar\asset14,126,Tank$$TankWar.malen,METHOD,C:\Users\JBNU\git\ConstraintsRecovery\assets\tankwar\asset14:IF:8-384,asset14,true,C:\Users\JBNU\git\ConstraintsRecovery\assets\tankwar\asset14,23,Tank$$TankWar.aktive,FIELD,C:\Users\JBNU\git\ConstraintsRecovery\assets\tankwar\asset14:IF:8-384,asset14,true,FIELD_REFERENCE,if (!aktive) {,TankWar_P1|TankWar_P2|TankWar_P3|TankWar_P4|TankWar_P5,TankWar_P1|TankWar_P2|TankWar_P3|TankWar_P4|TankWar_P5
D190,RC-0091,C:\Users\JBNU\git\ConstraintsRecovery\assets\tankwar\asset14,114,Tank$$TankWar.malen,METHOD,C:\Users\JBNU\git\ConstraintsRecovery\assets\tankwar\asset14:IF:8-384,asset14,true,C:\Users\JBNU\git\ConstraintsRecovery\assets\tankwar\asset14,16,Tank$$TankWar.currTime,FIELD,C:\Users\JBNU\git\ConstraintsRecovery\assets\tankwar\asset14:IF:8-384,asset14,true,FIELD_REFERENCE,long elapsedTime = System.currentTimeMillis() - currTime;,TankWar_P1|TankWar_P2|TankWar_P3|TankWar_P4|TankWar_P5,TankWar_P1|TankWar_P2|TankWar_P3|TankWar_P4|TankWar_P5
D191,RC-0091,C:\Users\JBNU\git\ConstraintsRecovery\assets\tankwar\asset14,115,Tank$$TankWar.malen,METHOD,C:\Users\JBNU\git\ConstraintsRecovery\assets\tankwar\asset14:IF:8-384,asset14,true,C:\Users\JBNU\git\ConstraintsRecovery\assets\tankwar\asset14,16,Tank$$TankWar.currTime,FIELD,C:\Users\JBNU\git\ConstraintsRecovery\assets\tankwar\asset14:IF:8-384,asset14,true,FIELD_REFERENCE,currTime += elapsedTime;,TankWar_P1|TankWar_P2|TankWar_P3|TankWar_P4|TankWar_P5,TankWar_P1|TankWar_P2|TankWar_P3|TankWar_P4|TankWar_P5
D192,RC-0092,C:\Users\JBNU\git\ConstraintsRecovery\assets\tankwar\asset14,115,Tank$$TankWar.malen,METHOD,C:\Users\JBNU\git\ConstraintsRecovery\assets\tankwar\asset14:IF:8-384,asset14,true,C:\Users\JBNU\git\ConstraintsRecovery\assets\tankwar\asset14,29,Tank$$TankWar.elapsedTime,FIELD,C:\Users\JBNU\git\ConstraintsRecovery\assets\tankwar\asset14:IF:8-384,asset14,true,FIELD_REFERENCE,currTime += elapsedTime;,TankWar_P1|TankWar_P2|TankWar_P3|TankWar_P4|TankWar_P5,TankWar_P1|TankWar_P2|TankWar_P3|TankWar_P4|TankWar_P5
D195,RC-0092,C:\Users\JBNU\git\ConstraintsRecovery\assets\tankwar\asset14,118,Tank$$TankWar.malen,METHOD,C:\Users\JBNU\git\ConstraintsRecovery\assets\tankwar\asset14:IF:8-384,asset14,true,C:\Users\JBNU\git\ConstraintsRecovery\assets\tankwar\asset14,29,Tank$$TankWar.elapsedTime,FIELD,C:\Users\JBNU\git\ConstraintsRecovery\assets\tankwar\asset14:IF:8-384,asset14,true,FIELD_REFERENCE,time += elapsedTime;,TankWar_P1|TankWar_P2|TankWar_P3|TankWar_P4|TankWar_P5,TankWar_P1|TankWar_P2|TankWar_P3|TankWar_P4|TankWar_P5
D197,RC-0092,C:\Users\JBNU\git\ConstraintsRecovery\assets\tankwar\asset14,119,Tank$$TankWar.malen,METHOD,C:\Users\JBNU\git\ConstraintsRecovery\assets\tankwar\asset14:IF:8-384,asset14,true,C:\Users\JBNU\git\ConstraintsRecovery\assets\tankwar\asset14,29,Tank$$TankWar.elapsedTime,FIELD,C:\Users\JBNU\git\ConstraintsRecovery\assets\tankwar\asset14:IF:8-384,asset14,true,FIELD_REFERENCE,time1 += elapsedTime;,TankWar_P1|TankWar_P2|TankWar_P3|TankWar_P4|TankWar_P5,TankWar_P1|TankWar_P2|TankWar_P3|TankWar_P4|TankWar_P5
D198,RC-0092,C:\Users\JBNU\git\ConstraintsRecovery\assets\tankwar\asset14,121,Tank$$TankWar.malen,METHOD,C:\Users\JBNU\git\ConstraintsRecovery\assets\tankwar\asset14:IF:8-384,asset14,true,C:\Users\JBNU\git\ConstraintsRecovery\assets\tankwar\asset14,29,Tank$$TankWar.elapsedTime,FIELD,C:\Users\JBNU\git\ConstraintsRecovery\assets\tankwar\asset14:IF:8-384,asset14,true,FIELD_REFERENCE,elapsedTime = 0;,TankWar_P1|TankWar_P2|TankWar_P3|TankWar_P4|TankWar_P5,TankWar_P1|TankWar_P2|TankWar_P3|TankWar_P4|TankWar_P5
D202,RC-0092,C:\Users\JBNU\git\ConstraintsRecovery\assets\tankwar\asset14,127,Tank$$TankWar.malen,METHOD,C:\Users\JBNU\git\ConstraintsRecovery\assets\tankwar\asset14:IF:8-384,asset14,true,C:\Users\JBNU\git\ConstraintsRecovery\assets\tankwar\asset14,29,Tank$$TankWar.elapsedTime,FIELD,C:\Users\JBNU\git\ConstraintsRecovery\assets\tankwar\asset14:IF:8-384,asset14,true,FIELD_REFERENCE,elapsedTime = 0;,TankWar_P1|TankWar_P2|TankWar_P3|TankWar_P4|TankWar_P5,TankWar_P1|TankWar_P2|TankWar_P3|TankWar_P4|TankWar_P5
D203,RC-0092,C:\Users\JBNU\git\ConstraintsRecovery\assets\tankwar\asset14,129,Tank$$TankWar.malen,METHOD,C:\Users\JBNU\git\ConstraintsRecovery\assets\tankwar\asset14:IF:8-384,asset14,true,C:\Users\JBNU\git\ConstraintsRecovery\assets\tankwar\asset14,29,Tank$$TankWar.elapsedTime,FIELD,C:\Users\JBNU\git\ConstraintsRecovery\assets\tankwar\asset14:IF:8-384,asset14,true,FIELD_REFERENCE,koordinateAktualisieren(elapsedTime);,TankWar_P1|TankWar_P2|TankWar_P3|TankWar_P4|TankWar_P5,TankWar_P1|TankWar_P2|TankWar_P3|TankWar_P4|TankWar_P5
D193,RC-0093,C:\Users\JBNU\git\ConstraintsRecovery\assets\tankwar\asset14,117,Tank$$TankWar.malen,METHOD,C:\Users\JBNU\git\ConstraintsRecovery\assets\tankwar\asset14:IF:8-384,asset14,true,C:\Users\JBNU\git\ConstraintsRecovery\assets\tankwar\asset14,27,Tank$$TankWar.feindlich,FIELD,C:\Users\JBNU\git\ConstraintsRecovery\assets\tankwar\asset14:IF:8-384,asset14,true,FIELD_REFERENCE,if (feindlich) {,TankWar_P1|TankWar_P2|TankWar_P3|TankWar_P4|TankWar_P5,TankWar_P1|TankWar_P2|TankWar_P3|TankWar_P4|TankWar_P5
D199,RC-0094,C:\Users\JBNU\git\ConstraintsRecovery\assets\tankwar\asset14,123,Tank$$TankWar.malen,METHOD,C:\Users\JBNU\git\ConstraintsRecovery\assets\tankwar\asset14:IF:8-384,asset14,true,C:\Users\JBNU\git\ConstraintsRecovery\assets\tankwar\asset14,24,Tank$$TankWar.feuern,FIELD,C:\Users\JBNU\git\ConstraintsRecovery\assets\tankwar\asset14:IF:8-384,asset14,true,FIELD_REFERENCE,if (feuern) {,TankWar_P1|TankWar_P2|TankWar_P3|TankWar_P4|TankWar_P5,TankWar_P1|TankWar_P2|TankWar_P3|TankWar_P4|TankWar_P5
D200,RC-0095,C:\Users\JBNU\git\ConstraintsRecovery\assets\tankwar\asset14,124,Tank$$TankWar.malen,METHOD,C:\Users\JBNU\git\ConstraintsRecovery\assets\tankwar\asset14:IF:8-384,asset14,true,C:\Users\JBNU\git\ConstraintsRecovery\assets\tankwar\asset14,230,Tank$$TankWar.feuern,METHOD,C:\Users\JBNU\git\ConstraintsRecovery\assets\tankwar\asset14:IF:8-384,asset14,true,METHOD_CALL,feuern();,TankWar_P1|TankWar_P2|TankWar_P3|TankWar_P4|TankWar_P5,TankWar_P1|TankWar_P2|TankWar_P3|TankWar_P4|TankWar_P5
D204,RC-0096,C:\Users\JBNU\git\ConstraintsRecovery\assets\tankwar\asset14,129,Tank$$TankWar.malen,METHOD,C:\Users\JBNU\git\ConstraintsRecovery\assets\tankwar\asset14:IF:8-384,asset14,true,C:\Users\JBNU\git\ConstraintsRecovery\assets\tankwar\asset14,236,Tank$$TankWar.koordinateAktualisieren,METHOD,C:\Users\JBNU\git\ConstraintsRecovery\assets\tankwar\asset14:IF:8-384,asset14,true,METHOD_CALL,koordinateAktualisieren(elapsedTime);,TankWar_P1|TankWar_P2|TankWar_P3|TankWar_P4|TankWar_P5,TankWar_P1|TankWar_P2|TankWar_P3|TankWar_P4|TankWar_P5
D205,RC-0097,C:\Users\JBNU\git\ConstraintsRecovery\assets\tankwar\asset14,130,Tank$$TankWar.malen,METHOD,C:\Users\JBNU\git\ConstraintsRecovery\assets\tankwar\asset14:IF:8-384,asset14,true,C:\Users\JBNU\git\ConstraintsRecovery\assets\tankwar\asset14,132,Tank$$TankWar.tankMalen,METHOD,C:\Users\JBNU\git\ConstraintsRecovery\assets\tankwar\asset14:IF:8-384,asset14,true,METHOD_CALL,tankMalen();,TankWar_P1|TankWar_P2|TankWar_P3|TankWar_P4|TankWar_P5,TankWar_P1|TankWar_P2|TankWar_P3|TankWar_P4|TankWar_P5
D194,RC-0098,C:\Users\JBNU\git\ConstraintsRecovery\assets\tankwar\asset14,118,Tank$$TankWar.malen,METHOD,C:\Users\JBNU\git\ConstraintsRecovery\assets\tankwar\asset14:IF:8-384,asset14,true,C:\Users\JBNU\git\ConstraintsRecovery\assets\tankwar\asset14,17,Tank$$TankWar.time,FIELD,C:\Users\JBNU\git\ConstraintsRecovery\assets\tankwar\asset14:IF:8-384,asset14,true,FIELD_REFERENCE,time += elapsedTime;,TankWar_P1|TankWar_P2|TankWar_P3|TankWar_P4|TankWar_P5,TankWar_P1|TankWar_P2|TankWar_P3|TankWar_P4|TankWar_P5
D196,RC-0099,C:\Users\JBNU\git\ConstraintsRecovery\assets\tankwar\asset14,119,Tank$$TankWar.malen,METHOD,C:\Users\JBNU\git\ConstraintsRecovery\assets\tankwar\asset14:IF:8-384,asset14,true,C:\Users\JBNU\git\ConstraintsRecovery\assets\tankwar\asset14,17,Tank$$TankWar.time1,FIELD,C:\Users\JBNU\git\ConstraintsRecovery\assets\tankwar\asset14:IF:8-384,asset14,true,FIELD_REFERENCE,time1 += elapsedTime;,TankWar_P1|TankWar_P2|TankWar_P3|TankWar_P4|TankWar_P5,TankWar_P1|TankWar_P2|TankWar_P3|TankWar_P4|TankWar_P5
D243,RC-0100,C:\Users\JBNU\git\ConstraintsRecovery\assets\tankwar\asset14,211,Tank$$TankWar.richtungErkennen,METHOD,C:\Users\JBNU\git\ConstraintsRecovery\assets\tankwar\asset14:IF:8-384,asset14,true,C:\Users\JBNU\git\ConstraintsRecovery\assets\tankwar\asset14,25,Tank$$TankWar.keyDown,FIELD,C:\Users\JBNU\git\ConstraintsRecovery\assets\tankwar\asset14:IF:8-384,asset14,true,FIELD_REFERENCE,if (keyLeft && !keyUp && !keyRight && !keyDown),TankWar_P1|TankWar_P2|TankWar_P3|TankWar_P4|TankWar_P5,TankWar_P1|TankWar_P2|TankWar_P3|TankWar_P4|TankWar_P5
D248,RC-0100,C:\Users\JBNU\git\ConstraintsRecovery\assets\tankwar\asset14,213,Tank$$TankWar.richtungErkennen,METHOD,C:\Users\JBNU\git\ConstraintsRecovery\assets\tankwar\asset14:IF:8-384,asset14,true,C:\Users\JBNU\git\ConstraintsRecovery\assets\tankwar\asset14,25,Tank$$TankWar.keyDown,FIELD,C:\Users\JBNU\git\ConstraintsRecovery\assets\tankwar\asset14:IF:8-384,asset14,true,FIELD_REFERENCE,else if (keyLeft && keyUp && !keyRight && !keyDown),TankWar_P1|TankWar_P2|TankWar_P3|TankWar_P4|TankWar_P5,TankWar_P1|TankWar_P2|TankWar_P3|TankWar_P4|TankWar_P5
D253,RC-0100,C:\Users\JBNU\git\ConstraintsRecovery\assets\tankwar\asset14,215,Tank$$TankWar.richtungErkennen,METHOD,C:\Users\JBNU\git\ConstraintsRecovery\assets\tankwar\asset14:IF:8-384,asset14,true,C:\Users\JBNU\git\ConstraintsRecovery\assets\tankwar\asset14,25,Tank$$TankWar.keyDown,FIELD,C:\Users\JBNU\git\ConstraintsRecovery\assets\tankwar\asset14:IF:8-384,asset14,true,FIELD_REFERENCE,else if (!keyLeft && keyUp && !keyRight && !keyDown),TankWar_P1|TankWar_P2|TankWar_P3|TankWar_P4|TankWar_P5,TankWar_P1|TankWar_P2|TankWar_P3|TankWar_P4|TankWar_P5
D258,RC-0100,C:\Users\JBNU\git\ConstraintsRecovery\assets\tankwar\asset14,217,Tank$$TankWar.richtungErkennen,METHOD,C:\Users\JBNU\git\ConstraintsRecovery\assets\tankwar\asset14:IF:8-384,asset14,true,C:\Users\JBNU\git\ConstraintsRecovery\assets\tankwar\asset14,25,Tank$$TankWar.keyDown,FIELD,C:\Users\JBNU\git\ConstraintsRecovery\assets\tankwar\asset14:IF:8-384,asset14,true,FIELD_REFERENCE,else if (!keyLeft && keyUp && keyRight && !keyDown),TankWar_P1|TankWar_P2|TankWar_P3|TankWar_P4|TankWar_P5,TankWar_P1|TankWar_P2|TankWar_P3|TankWar_P4|TankWar_P5
D263,RC-0100,C:\Users\JBNU\git\ConstraintsRecovery\assets\tankwar\asset14,219,Tank$$TankWar.richtungErkennen,METHOD,C:\Users\JBNU\git\ConstraintsRecovery\assets\tankwar\asset14:IF:8-384,asset14,true,C:\Users\JBNU\git\ConstraintsRecovery\assets\tankwar\asset14,25,Tank$$TankWar.keyDown,FIELD,C:\Users\JBNU\git\ConstraintsRecovery\assets\tankwar\asset14:IF:8-384,asset14,true,FIELD_REFERENCE,else if (!keyLeft && !keyUp && keyRight && !keyDown),TankWar_P1|TankWar_P2|TankWar_P3|TankWar_P4|TankWar_P5,TankWar_P1|TankWar_P2|TankWar_P3|TankWar_P4|TankWar_P5
D268,RC-0100,C:\Users\JBNU\git\ConstraintsRecovery\assets\tankwar\asset14,221,Tank$$TankWar.richtungErkennen,METHOD,C:\Users\JBNU\git\ConstraintsRecovery\assets\tankwar\asset14:IF:8-384,asset14,true,C:\Users\JBNU\git\ConstraintsRecovery\assets\tankwar\asset14,25,Tank$$TankWar.keyDown,FIELD,C:\Users\JBNU\git\ConstraintsRecovery\assets\tankwar\asset14:IF:8-384,asset14,true,FIELD_REFERENCE,else if (!keyLeft && !keyUp && keyRight && keyDown),TankWar_P1|TankWar_P2|TankWar_P3|TankWar_P4|TankWar_P5,TankWar_P1|TankWar_P2|TankWar_P3|TankWar_P4|TankWar_P5
D273,RC-0100,C:\Users\JBNU\git\ConstraintsRecovery\assets\tankwar\asset14,223,Tank$$TankWar.richtungErkennen,METHOD,C:\Users\JBNU\git\ConstraintsRecovery\assets\tankwar\asset14:IF:8-384,asset14,true,C:\Users\JBNU\git\ConstraintsRecovery\assets\tankwar\asset14,25,Tank$$TankWar.keyDown,FIELD,C:\Users\JBNU\git\ConstraintsRecovery\assets\tankwar\asset14:IF:8-384,asset14,true,FIELD_REFERENCE,else if (!keyLeft && !keyUp && !keyRight && keyDown),TankWar_P1|TankWar_P2|TankWar_P3|TankWar_P4|TankWar_P5,TankWar_P1|TankWar_P2|TankWar_P3|TankWar_P4|TankWar_P5
D278,RC-0100,C:\Users\JBNU\git\ConstraintsRecovery\assets\tankwar\asset14,225,Tank$$TankWar.richtungErkennen,METHOD,C:\Users\JBNU\git\ConstraintsRecovery\assets\tankwar\asset14:IF:8-384,asset14,true,C:\Users\JBNU\git\ConstraintsRecovery\assets\tankwar\asset14,25,Tank$$TankWar.keyDown,FIELD,C:\Users\JBNU\git\ConstraintsRecovery\assets\tankwar\asset14:IF:8-384,asset14,true,FIELD_REFERENCE,else if (keyLeft && !keyUp && !keyRight && keyDown),TankWar_P1|TankWar_P2|TankWar_P3|TankWar_P4|TankWar_P5,TankWar_P1|TankWar_P2|TankWar_P3|TankWar_P4|TankWar_P5
D283,RC-0100,C:\Users\JBNU\git\ConstraintsRecovery\assets\tankwar\asset14,227,Tank$$TankWar.richtungErkennen,METHOD,C:\Users\JBNU\git\ConstraintsRecovery\assets\tankwar\asset14:IF:8-384,asset14,true,C:\Users\JBNU\git\ConstraintsRecovery\assets\tankwar\asset14,25,Tank$$TankWar.keyDown,FIELD,C:\Users\JBNU\git\ConstraintsRecovery\assets\tankwar\asset14:IF:8-384,asset14,true,FIELD_REFERENCE,else if (!keyLeft && !keyUp && !keyRight && !keyDown),TankWar_P1|TankWar_P2|TankWar_P3|TankWar_P4|TankWar_P5,TankWar_P1|TankWar_P2|TankWar_P3|TankWar_P4|TankWar_P5
D244,RC-0101,C:\Users\JBNU\git\ConstraintsRecovery\assets\tankwar\asset14,211,Tank$$TankWar.richtungErkennen,METHOD,C:\Users\JBNU\git\ConstraintsRecovery\assets\tankwar\asset14:IF:8-384,asset14,true,C:\Users\JBNU\git\ConstraintsRecovery\assets\tankwar\asset14,25,Tank$$TankWar.keyLeft,FIELD,C:\Users\JBNU\git\ConstraintsRecovery\assets\tankwar\asset14:IF:8-384,asset14,true,FIELD_REFERENCE,if (keyLeft && !keyUp && !keyRight && !keyDown),TankWar_P1|TankWar_P2|TankWar_P3|TankWar_P4|TankWar_P5,TankWar_P1|TankWar_P2|TankWar_P3|TankWar_P4|TankWar_P5
D249,RC-0101,C:\Users\JBNU\git\ConstraintsRecovery\assets\tankwar\asset14,213,Tank$$TankWar.richtungErkennen,METHOD,C:\Users\JBNU\git\ConstraintsRecovery\assets\tankwar\asset14:IF:8-384,asset14,true,C:\Users\JBNU\git\ConstraintsRecovery\assets\tankwar\asset14,25,Tank$$TankWar.keyLeft,FIELD,C:\Users\JBNU\git\ConstraintsRecovery\assets\tankwar\asset14:IF:8-384,asset14,true,FIELD_REFERENCE,else if (keyLeft && keyUp && !keyRight && !keyDown),TankWar_P1|TankWar_P2|TankWar_P3|TankWar_P4|TankWar_P5,TankWar_P1|TankWar_P2|TankWar_P3|TankWar_P4|TankWar_P5
D254,RC-0101,C:\Users\JBNU\git\ConstraintsRecovery\assets\tankwar\asset14,215,Tank$$TankWar.richtungErkennen,METHOD,C:\Users\JBNU\git\ConstraintsRecovery\assets\tankwar\asset14:IF:8-384,asset14,true,C:\Users\JBNU\git\ConstraintsRecovery\assets\tankwar\asset14,25,Tank$$TankWar.keyLeft,FIELD,C:\Users\JBNU\git\ConstraintsRecovery\assets\tankwar\asset14:IF:8-384,asset14,true,FIELD_REFERENCE,else if (!keyLeft && keyUp && !keyRight && !keyDown),TankWar_P1|TankWar_P2|TankWar_P3|TankWar_P4|TankWar_P5,TankWar_P1|TankWar_P2|TankWar_P3|TankWar_P4|TankWar_P5
D259,RC-0101,C:\Users\JBNU\git\ConstraintsRecovery\assets\tankwar\asset14,217,Tank$$TankWar.richtungErkennen,METHOD,C:\Users\JBNU\git\ConstraintsRecovery\assets\tankwar\asset14:IF:8-384,asset14,true,C:\Users\JBNU\git\ConstraintsRecovery\assets\tankwar\asset14,25,Tank$$TankWar.keyLeft,FIELD,C:\Users\JBNU\git\ConstraintsRecovery\assets\tankwar\asset14:IF:8-384,asset14,true,FIELD_REFERENCE,else if (!keyLeft && keyUp && keyRight && !keyDown),TankWar_P1|TankWar_P2|TankWar_P3|TankWar_P4|TankWar_P5,TankWar_P1|TankWar_P2|TankWar_P3|TankWar_P4|TankWar_P5
D264,RC-0101,C:\Users\JBNU\git\ConstraintsRecovery\assets\tankwar\asset14,219,Tank$$TankWar.richtungErkennen,METHOD,C:\Users\JBNU\git\ConstraintsRecovery\assets\tankwar\asset14:IF:8-384,asset14,true,C:\Users\JBNU\git\ConstraintsRecovery\assets\tankwar\asset14,25,Tank$$TankWar.keyLeft,FIELD,C:\Users\JBNU\git\ConstraintsRecovery\assets\tankwar\asset14:IF:8-384,asset14,true,FIELD_REFERENCE,else if (!keyLeft && !keyUp && keyRight && !keyDown),TankWar_P1|TankWar_P2|TankWar_P3|TankWar_P4|TankWar_P5,TankWar_P1|TankWar_P2|TankWar_P3|TankWar_P4|TankWar_P5
D269,RC-0101,C:\Users\JBNU\git\ConstraintsRecovery\assets\tankwar\asset14,221,Tank$$TankWar.richtungErkennen,METHOD,C:\Users\JBNU\git\ConstraintsRecovery\assets\tankwar\asset14:IF:8-384,asset14,true,C:\Users\JBNU\git\ConstraintsRecovery\assets\tankwar\asset14,25,Tank$$TankWar.keyLeft,FIELD,C:\Users\JBNU\git\ConstraintsRecovery\assets\tankwar\asset14:IF:8-384,asset14,true,FIELD_REFERENCE,else if (!keyLeft && !keyUp && keyRight && keyDown),TankWar_P1|TankWar_P2|TankWar_P3|TankWar_P4|TankWar_P5,TankWar_P1|TankWar_P2|TankWar_P3|TankWar_P4|TankWar_P5
D274,RC-0101,C:\Users\JBNU\git\ConstraintsRecovery\assets\tankwar\asset14,223,Tank$$TankWar.richtungErkennen,METHOD,C:\Users\JBNU\git\ConstraintsRecovery\assets\tankwar\asset14:IF:8-384,asset14,true,C:\Users\JBNU\git\ConstraintsRecovery\assets\tankwar\asset14,25,Tank$$TankWar.keyLeft,FIELD,C:\Users\JBNU\git\ConstraintsRecovery\assets\tankwar\asset14:IF:8-384,asset14,true,FIELD_REFERENCE,else if (!keyLeft && !keyUp && !keyRight && keyDown),TankWar_P1|TankWar_P2|TankWar_P3|TankWar_P4|TankWar_P5,TankWar_P1|TankWar_P2|TankWar_P3|TankWar_P4|TankWar_P5
D279,RC-0101,C:\Users\JBNU\git\ConstraintsRecovery\assets\tankwar\asset14,225,Tank$$TankWar.richtungErkennen,METHOD,C:\Users\JBNU\git\ConstraintsRecovery\assets\tankwar\asset14:IF:8-384,asset14,true,C:\Users\JBNU\git\ConstraintsRecovery\assets\tankwar\asset14,25,Tank$$TankWar.keyLeft,FIELD,C:\Users\JBNU\git\ConstraintsRecovery\assets\tankwar\asset14:IF:8-384,asset14,true,FIELD_REFERENCE,else if (keyLeft && !keyUp && !keyRight && keyDown),TankWar_P1|TankWar_P2|TankWar_P3|TankWar_P4|TankWar_P5,TankWar_P1|TankWar_P2|TankWar_P3|TankWar_P4|TankWar_P5
D284,RC-0101,C:\Users\JBNU\git\ConstraintsRecovery\assets\tankwar\asset14,227,Tank$$TankWar.richtungErkennen,METHOD,C:\Users\JBNU\git\ConstraintsRecovery\assets\tankwar\asset14:IF:8-384,asset14,true,C:\Users\JBNU\git\ConstraintsRecovery\assets\tankwar\asset14,25,Tank$$TankWar.keyLeft,FIELD,C:\Users\JBNU\git\ConstraintsRecovery\assets\tankwar\asset14:IF:8-384,asset14,true,FIELD_REFERENCE,else if (!keyLeft && !keyUp && !keyRight && !keyDown),TankWar_P1|TankWar_P2|TankWar_P3|TankWar_P4|TankWar_P5,TankWar_P1|TankWar_P2|TankWar_P3|TankWar_P4|TankWar_P5
D245,RC-0102,C:\Users\JBNU\git\ConstraintsRecovery\assets\tankwar\asset14,211,Tank$$TankWar.richtungErkennen,METHOD,C:\Users\JBNU\git\ConstraintsRecovery\assets\tankwar\asset14:IF:8-384,asset14,true,C:\Users\JBNU\git\ConstraintsRecovery\assets\tankwar\asset14,25,Tank$$TankWar.keyRight,FIELD,C:\Users\JBNU\git\ConstraintsRecovery\assets\tankwar\asset14:IF:8-384,asset14,true,FIELD_REFERENCE,if (keyLeft && !keyUp && !keyRight && !keyDown),TankWar_P1|TankWar_P2|TankWar_P3|TankWar_P4|TankWar_P5,TankWar_P1|TankWar_P2|TankWar_P3|TankWar_P4|TankWar_P5
D250,RC-0102,C:\Users\JBNU\git\ConstraintsRecovery\assets\tankwar\asset14,213,Tank$$TankWar.richtungErkennen,METHOD,C:\Users\JBNU\git\ConstraintsRecovery\assets\tankwar\asset14:IF:8-384,asset14,true,C:\Users\JBNU\git\ConstraintsRecovery\assets\tankwar\asset14,25,Tank$$TankWar.keyRight,FIELD,C:\Users\JBNU\git\ConstraintsRecovery\assets\tankwar\asset14:IF:8-384,asset14,true,FIELD_REFERENCE,else if (keyLeft && keyUp && !keyRight && !keyDown),TankWar_P1|TankWar_P2|TankWar_P3|TankWar_P4|TankWar_P5,TankWar_P1|TankWar_P2|TankWar_P3|TankWar_P4|TankWar_P5
D255,RC-0102,C:\Users\JBNU\git\ConstraintsRecovery\assets\tankwar\asset14,215,Tank$$TankWar.richtungErkennen,METHOD,C:\Users\JBNU\git\ConstraintsRecovery\assets\tankwar\asset14:IF:8-384,asset14,true,C:\Users\JBNU\git\ConstraintsRecovery\assets\tankwar\asset14,25,Tank$$TankWar.keyRight,FIELD,C:\Users\JBNU\git\ConstraintsRecovery\assets\tankwar\asset14:IF:8-384,asset14,true,FIELD_REFERENCE,else if (!keyLeft && keyUp && !keyRight && !keyDown),TankWar_P1|TankWar_P2|TankWar_P3|TankWar_P4|TankWar_P5,TankWar_P1|TankWar_P2|TankWar_P3|TankWar_P4|TankWar_P5
D260,RC-0102,C:\Users\JBNU\git\ConstraintsRecovery\assets\tankwar\asset14,217,Tank$$TankWar.richtungErkennen,METHOD,C:\Users\JBNU\git\ConstraintsRecovery\assets\tankwar\asset14:IF:8-384,asset14,true,C:\Users\JBNU\git\ConstraintsRecovery\assets\tankwar\asset14,25,Tank$$TankWar.keyRight,FIELD,C:\Users\JBNU\git\ConstraintsRecovery\assets\tankwar\asset14:IF:8-384,asset14,true,FIELD_REFERENCE,else if (!keyLeft && keyUp && keyRight && !keyDown),TankWar_P1|TankWar_P2|TankWar_P3|TankWar_P4|TankWar_P5,TankWar_P1|TankWar_P2|TankWar_P3|TankWar_P4|TankWar_P5
D265,RC-0102,C:\Users\JBNU\git\ConstraintsRecovery\assets\tankwar\asset14,219,Tank$$TankWar.richtungErkennen,METHOD,C:\Users\JBNU\git\ConstraintsRecovery\assets\tankwar\asset14:IF:8-384,asset14,true,C:\Users\JBNU\git\ConstraintsRecovery\assets\tankwar\asset14,25,Tank$$TankWar.keyRight,FIELD,C:\Users\JBNU\git\ConstraintsRecovery\assets\tankwar\asset14:IF:8-384,asset14,true,FIELD_REFERENCE,else if (!keyLeft && !keyUp && keyRight && !keyDown),TankWar_P1|TankWar_P2|TankWar_P3|TankWar_P4|TankWar_P5,TankWar_P1|TankWar_P2|TankWar_P3|TankWar_P4|TankWar_P5
D270,RC-0102,C:\Users\JBNU\git\ConstraintsRecovery\assets\tankwar\asset14,221,Tank$$TankWar.richtungErkennen,METHOD,C:\Users\JBNU\git\ConstraintsRecovery\assets\tankwar\asset14:IF:8-384,asset14,true,C:\Users\JBNU\git\ConstraintsRecovery\assets\tankwar\asset14,25,Tank$$TankWar.keyRight,FIELD,C:\Users\JBNU\git\ConstraintsRecovery\assets\tankwar\asset14:IF:8-384,asset14,true,FIELD_REFERENCE,else if (!keyLeft && !keyUp && keyRight && keyDown),TankWar_P1|TankWar_P2|TankWar_P3|TankWar_P4|TankWar_P5,TankWar_P1|TankWar_P2|TankWar_P3|TankWar_P4|TankWar_P5
D275,RC-0102,C:\Users\JBNU\git\ConstraintsRecovery\assets\tankwar\asset14,223,Tank$$TankWar.richtungErkennen,METHOD,C:\Users\JBNU\git\ConstraintsRecovery\assets\tankwar\asset14:IF:8-384,asset14,true,C:\Users\JBNU\git\ConstraintsRecovery\assets\tankwar\asset14,25,Tank$$TankWar.keyRight,FIELD,C:\Users\JBNU\git\ConstraintsRecovery\assets\tankwar\asset14:IF:8-384,asset14,true,FIELD_REFERENCE,else if (!keyLeft && !keyUp && !keyRight && keyDown),TankWar_P1|TankWar_P2|TankWar_P3|TankWar_P4|TankWar_P5,TankWar_P1|TankWar_P2|TankWar_P3|TankWar_P4|TankWar_P5
D280,RC-0102,C:\Users\JBNU\git\ConstraintsRecovery\assets\tankwar\asset14,225,Tank$$TankWar.richtungErkennen,METHOD,C:\Users\JBNU\git\ConstraintsRecovery\assets\tankwar\asset14:IF:8-384,asset14,true,C:\Users\JBNU\git\ConstraintsRecovery\assets\tankwar\asset14,25,Tank$$TankWar.keyRight,FIELD,C:\Users\JBNU\git\ConstraintsRecovery\assets\tankwar\asset14:IF:8-384,asset14,true,FIELD_REFERENCE,else if (keyLeft && !keyUp && !keyRight && keyDown),TankWar_P1|TankWar_P2|TankWar_P3|TankWar_P4|TankWar_P5,TankWar_P1|TankWar_P2|TankWar_P3|TankWar_P4|TankWar_P5
D285,RC-0102,C:\Users\JBNU\git\ConstraintsRecovery\assets\tankwar\asset14,227,Tank$$TankWar.richtungErkennen,METHOD,C:\Users\JBNU\git\ConstraintsRecovery\assets\tankwar\asset14:IF:8-384,asset14,true,C:\Users\JBNU\git\ConstraintsRecovery\assets\tankwar\asset14,25,Tank$$TankWar.keyRight,FIELD,C:\Users\JBNU\git\ConstraintsRecovery\assets\tankwar\asset14:IF:8-384,asset14,true,FIELD_REFERENCE,else if (!keyLeft && !keyUp && !keyRight && !keyDown),TankWar_P1|TankWar_P2|TankWar_P3|TankWar_P4|TankWar_P5,TankWar_P1|TankWar_P2|TankWar_P3|TankWar_P4|TankWar_P5
D246,RC-0103,C:\Users\JBNU\git\ConstraintsRecovery\assets\tankwar\asset14,211,Tank$$TankWar.richtungErkennen,METHOD,C:\Users\JBNU\git\ConstraintsRecovery\assets\tankwar\asset14:IF:8-384,asset14,true,C:\Users\JBNU\git\ConstraintsRecovery\assets\tankwar\asset14,25,Tank$$TankWar.keyUp,FIELD,C:\Users\JBNU\git\ConstraintsRecovery\assets\tankwar\asset14:IF:8-384,asset14,true,FIELD_REFERENCE,if (keyLeft && !keyUp && !keyRight && !keyDown),TankWar_P1|TankWar_P2|TankWar_P3|TankWar_P4|TankWar_P5,TankWar_P1|TankWar_P2|TankWar_P3|TankWar_P4|TankWar_P5
D251,RC-0103,C:\Users\JBNU\git\ConstraintsRecovery\assets\tankwar\asset14,213,Tank$$TankWar.richtungErkennen,METHOD,C:\Users\JBNU\git\ConstraintsRecovery\assets\tankwar\asset14:IF:8-384,asset14,true,C:\Users\JBNU\git\ConstraintsRecovery\assets\tankwar\asset14,25,Tank$$TankWar.keyUp,FIELD,C:\Users\JBNU\git\ConstraintsRecovery\assets\tankwar\asset14:IF:8-384,asset14,true,FIELD_REFERENCE,else if (keyLeft && keyUp && !keyRight && !keyDown),TankWar_P1|TankWar_P2|TankWar_P3|TankWar_P4|TankWar_P5,TankWar_P1|TankWar_P2|TankWar_P3|TankWar_P4|TankWar_P5
D256,RC-0103,C:\Users\JBNU\git\ConstraintsRecovery\assets\tankwar\asset14,215,Tank$$TankWar.richtungErkennen,METHOD,C:\Users\JBNU\git\ConstraintsRecovery\assets\tankwar\asset14:IF:8-384,asset14,true,C:\Users\JBNU\git\ConstraintsRecovery\assets\tankwar\asset14,25,Tank$$TankWar.keyUp,FIELD,C:\Users\JBNU\git\ConstraintsRecovery\assets\tankwar\asset14:IF:8-384,asset14,true,FIELD_REFERENCE,else if (!keyLeft && keyUp && !keyRight && !keyDown),TankWar_P1|TankWar_P2|TankWar_P3|TankWar_P4|TankWar_P5,TankWar_P1|TankWar_P2|TankWar_P3|TankWar_P4|TankWar_P5
D261,RC-0103,C:\Users\JBNU\git\ConstraintsRecovery\assets\tankwar\asset14,217,Tank$$TankWar.richtungErkennen,METHOD,C:\Users\JBNU\git\ConstraintsRecovery\assets\tankwar\asset14:IF:8-384,asset14,true,C:\Users\JBNU\git\ConstraintsRecovery\assets\tankwar\asset14,25,Tank$$TankWar.keyUp,FIELD,C:\Users\JBNU\git\ConstraintsRecovery\assets\tankwar\asset14:IF:8-384,asset14,true,FIELD_REFERENCE,else if (!keyLeft && keyUp && keyRight && !keyDown),TankWar_P1|TankWar_P2|TankWar_P3|TankWar_P4|TankWar_P5,TankWar_P1|TankWar_P2|TankWar_P3|TankWar_P4|TankWar_P5
D266,RC-0103,C:\Users\JBNU\git\ConstraintsRecovery\assets\tankwar\asset14,219,Tank$$TankWar.richtungErkennen,METHOD,C:\Users\JBNU\git\ConstraintsRecovery\assets\tankwar\asset14:IF:8-384,asset14,true,C:\Users\JBNU\git\ConstraintsRecovery\assets\tankwar\asset14,25,Tank$$TankWar.keyUp,FIELD,C:\Users\JBNU\git\ConstraintsRecovery\assets\tankwar\asset14:IF:8-384,asset14,true,FIELD_REFERENCE,else if (!keyLeft && !keyUp && keyRight && !keyDown),TankWar_P1|TankWar_P2|TankWar_P3|TankWar_P4|TankWar_P5,TankWar_P1|TankWar_P2|TankWar_P3|TankWar_P4|TankWar_P5
D271,RC-0103,C:\Users\JBNU\git\ConstraintsRecovery\assets\tankwar\asset14,221,Tank$$TankWar.richtungErkennen,METHOD,C:\Users\JBNU\git\ConstraintsRecovery\assets\tankwar\asset14:IF:8-384,asset14,true,C:\Users\JBNU\git\ConstraintsRecovery\assets\tankwar\asset14,25,Tank$$TankWar.keyUp,FIELD,C:\Users\JBNU\git\ConstraintsRecovery\assets\tankwar\asset14:IF:8-384,asset14,true,FIELD_REFERENCE,else if (!keyLeft && !keyUp && keyRight && keyDown),TankWar_P1|TankWar_P2|TankWar_P3|TankWar_P4|TankWar_P5,TankWar_P1|TankWar_P2|TankWar_P3|TankWar_P4|TankWar_P5
D276,RC-0103,C:\Users\JBNU\git\ConstraintsRecovery\assets\tankwar\asset14,223,Tank$$TankWar.richtungErkennen,METHOD,C:\Users\JBNU\git\ConstraintsRecovery\assets\tankwar\asset14:IF:8-384,asset14,true,C:\Users\JBNU\git\ConstraintsRecovery\assets\tankwar\asset14,25,Tank$$TankWar.keyUp,FIELD,C:\Users\JBNU\git\ConstraintsRecovery\assets\tankwar\asset14:IF:8-384,asset14,true,FIELD_REFERENCE,else if (!keyLeft && !keyUp && !keyRight && keyDown),TankWar_P1|TankWar_P2|TankWar_P3|TankWar_P4|TankWar_P5,TankWar_P1|TankWar_P2|TankWar_P3|TankWar_P4|TankWar_P5
D281,RC-0103,C:\Users\JBNU\git\ConstraintsRecovery\assets\tankwar\asset14,225,Tank$$TankWar.richtungErkennen,METHOD,C:\Users\JBNU\git\ConstraintsRecovery\assets\tankwar\asset14:IF:8-384,asset14,true,C:\Users\JBNU\git\ConstraintsRecovery\assets\tankwar\asset14,25,Tank$$TankWar.keyUp,FIELD,C:\Users\JBNU\git\ConstraintsRecovery\assets\tankwar\asset14:IF:8-384,asset14,true,FIELD_REFERENCE,else if (keyLeft && !keyUp && !keyRight && keyDown),TankWar_P1|TankWar_P2|TankWar_P3|TankWar_P4|TankWar_P5,TankWar_P1|TankWar_P2|TankWar_P3|TankWar_P4|TankWar_P5
D286,RC-0103,C:\Users\JBNU\git\ConstraintsRecovery\assets\tankwar\asset14,227,Tank$$TankWar.richtungErkennen,METHOD,C:\Users\JBNU\git\ConstraintsRecovery\assets\tankwar\asset14:IF:8-384,asset14,true,C:\Users\JBNU\git\ConstraintsRecovery\assets\tankwar\asset14,25,Tank$$TankWar.keyUp,FIELD,C:\Users\JBNU\git\ConstraintsRecovery\assets\tankwar\asset14:IF:8-384,asset14,true,FIELD_REFERENCE,else if (!keyLeft && !keyUp && !keyRight && !keyDown),TankWar_P1|TankWar_P2|TankWar_P3|TankWar_P4|TankWar_P5,TankWar_P1|TankWar_P2|TankWar_P3|TankWar_P4|TankWar_P5
D247,RC-0104,C:\Users\JBNU\git\ConstraintsRecovery\assets\tankwar\asset14,212,Tank$$TankWar.richtungErkennen,METHOD,C:\Users\JBNU\git\ConstraintsRecovery\assets\tankwar\asset14:IF:8-384,asset14,true,C:\Users\JBNU\git\ConstraintsRecovery\assets\tankwar\asset14,31,Tank$$TankWar.tankRichtung,FIELD,C:\Users\JBNU\git\ConstraintsRecovery\assets\tankwar\asset14:IF:8-384,asset14,true,FIELD_REFERENCE,tankRichtung = 7;,TankWar_P1|TankWar_P2|TankWar_P3|TankWar_P4|TankWar_P5,TankWar_P1|TankWar_P2|TankWar_P3|TankWar_P4|TankWar_P5
D252,RC-0104,C:\Users\JBNU\git\ConstraintsRecovery\assets\tankwar\asset14,214,Tank$$TankWar.richtungErkennen,METHOD,C:\Users\JBNU\git\ConstraintsRecovery\assets\tankwar\asset14:IF:8-384,asset14,true,C:\Users\JBNU\git\ConstraintsRecovery\assets\tankwar\asset14,31,Tank$$TankWar.tankRichtung,FIELD,C:\Users\JBNU\git\ConstraintsRecovery\assets\tankwar\asset14:IF:8-384,asset14,true,FIELD_REFERENCE,tankRichtung = 8;,TankWar_P1|TankWar_P2|TankWar_P3|TankWar_P4|TankWar_P5,TankWar_P1|TankWar_P2|TankWar_P3|TankWar_P4|TankWar_P5
D257,RC-0104,C:\Users\JBNU\git\ConstraintsRecovery\assets\tankwar\asset14,216,Tank$$TankWar.richtungErkennen,METHOD,C:\Users\JBNU\git\ConstraintsRecovery\assets\tankwar\asset14:IF:8-384,asset14,true,C:\Users\JBNU\git\ConstraintsRecovery\assets\tankwar\asset14,31,Tank$$TankWar.tankRichtung,FIELD,C:\Users\JBNU\git\ConstraintsRecovery\assets\tankwar\asset14:IF:8-384,asset14,true,FIELD_REFERENCE,tankRichtung = 1;,TankWar_P1|TankWar_P2|TankWar_P3|TankWar_P4|TankWar_P5,TankWar_P1|TankWar_P2|TankWar_P3|TankWar_P4|TankWar_P5
D262,RC-0104,C:\Users\JBNU\git\ConstraintsRecovery\assets\tankwar\asset14,218,Tank$$TankWar.richtungErkennen,METHOD,C:\Users\JBNU\git\ConstraintsRecovery\assets\tankwar\asset14:IF:8-384,asset14,true,C:\Users\JBNU\git\ConstraintsRecovery\assets\tankwar\asset14,31,Tank$$TankWar.tankRichtung,FIELD,C:\Users\JBNU\git\ConstraintsRecovery\assets\tankwar\asset14:IF:8-384,asset14,true,FIELD_REFERENCE,tankRichtung = 2;,TankWar_P1|TankWar_P2|TankWar_P3|TankWar_P4|TankWar_P5,TankWar_P1|TankWar_P2|TankWar_P3|TankWar_P4|TankWar_P5
D267,RC-0104,C:\Users\JBNU\git\ConstraintsRecovery\assets\tankwar\asset14,220,Tank$$TankWar.richtungErkennen,METHOD,C:\Users\JBNU\git\ConstraintsRecovery\assets\tankwar\asset14:IF:8-384,asset14,true,C:\Users\JBNU\git\ConstraintsRecovery\assets\tankwar\asset14,31,Tank$$TankWar.tankRichtung,FIELD,C:\Users\JBNU\git\ConstraintsRecovery\assets\tankwar\asset14:IF:8-384,asset14,true,FIELD_REFERENCE,tankRichtung = 3;,TankWar_P1|TankWar_P2|TankWar_P3|TankWar_P4|TankWar_P5,TankWar_P1|TankWar_P2|TankWar_P3|TankWar_P4|TankWar_P5
D272,RC-0104,C:\Users\JBNU\git\ConstraintsRecovery\assets\tankwar\asset14,222,Tank$$TankWar.richtungErkennen,METHOD,C:\Users\JBNU\git\ConstraintsRecovery\assets\tankwar\asset14:IF:8-384,asset14,true,C:\Users\JBNU\git\ConstraintsRecovery\assets\tankwar\asset14,31,Tank$$TankWar.tankRichtung,FIELD,C:\Users\JBNU\git\ConstraintsRecovery\assets\tankwar\asset14:IF:8-384,asset14,true,FIELD_REFERENCE,tankRichtung = 4;,TankWar_P1|TankWar_P2|TankWar_P3|TankWar_P4|TankWar_P5,TankWar_P1|TankWar_P2|TankWar_P3|TankWar_P4|TankWar_P5
D277,RC-0104,C:\Users\JBNU\git\ConstraintsRecovery\assets\tankwar\asset14,224,Tank$$TankWar.richtungErkennen,METHOD,C:\Users\JBNU\git\ConstraintsRecovery\assets\tankwar\asset14:IF:8-384,asset14,true,C:\Users\JBNU\git\ConstraintsRecovery\assets\tankwar\asset14,31,Tank$$TankWar.tankRichtung,FIELD,C:\Users\JBNU\git\ConstraintsRecovery\assets\tankwar\asset14:IF:8-384,asset14,true,FIELD_REFERENCE,tankRichtung = 5;,TankWar_P1|TankWar_P2|TankWar_P3|TankWar_P4|TankWar_P5,TankWar_P1|TankWar_P2|TankWar_P3|TankWar_P4|TankWar_P5
D282,RC-0104,C:\Users\JBNU\git\ConstraintsRecovery\assets\tankwar\asset14,226,Tank$$TankWar.richtungErkennen,METHOD,C:\Users\JBNU\git\ConstraintsRecovery\assets\tankwar\asset14:IF:8-384,asset14,true,C:\Users\JBNU\git\ConstraintsRecovery\assets\tankwar\asset14,31,Tank$$TankWar.tankRichtung,FIELD,C:\Users\JBNU\git\ConstraintsRecovery\assets\tankwar\asset14:IF:8-384,asset14,true,FIELD_REFERENCE,tankRichtung = 6;,TankWar_P1|TankWar_P2|TankWar_P3|TankWar_P4|TankWar_P5,TankWar_P1|TankWar_P2|TankWar_P3|TankWar_P4|TankWar_P5
D287,RC-0104,C:\Users\JBNU\git\ConstraintsRecovery\assets\tankwar\asset14,228,Tank$$TankWar.richtungErkennen,METHOD,C:\Users\JBNU\git\ConstraintsRecovery\assets\tankwar\asset14:IF:8-384,asset14,true,C:\Users\JBNU\git\ConstraintsRecovery\assets\tankwar\asset14,31,Tank$$TankWar.tankRichtung,FIELD,C:\Users\JBNU\git\ConstraintsRecovery\assets\tankwar\asset14:IF:8-384,asset14,true,FIELD_REFERENCE,tankRichtung = 0;,TankWar_P1|TankWar_P2|TankWar_P3|TankWar_P4|TankWar_P5,TankWar_P1|TankWar_P2|TankWar_P3|TankWar_P4|TankWar_P5
D208,RC-0105,C:\Users\JBNU\git\ConstraintsRecovery\assets\tankwar\asset14,135,Tank$$TankWar.tankMalen,METHOD,C:\Users\JBNU\git\ConstraintsRecovery\assets\tankwar\asset14:IF:8-384,asset14,true,C:\Users\JBNU\git\ConstraintsRecovery\assets\tankwar\asset14,137,Tank$$TankWar.geschuetzTurm,METHOD,C:\Users\JBNU\git\ConstraintsRecovery\assets\tankwar\asset14:IF:8-384,asset14,true,METHOD_CALL,geschuetzTurm();,TankWar_P1|TankWar_P2|TankWar_P3|TankWar_P4|TankWar_P5,TankWar_P1|TankWar_P2|TankWar_P3|TankWar_P4|TankWar_P5
D215,RC-0106,C:\Users\JBNU\git\ConstraintsRecovery\assets\tankwar\asset14,14,Tank$$TankWar,CLASS,C:\Users\JBNU\git\ConstraintsRecovery\assets\tankwar\asset14:IF:8-384,asset14,true,C:\Users\JBNU\git\ConstraintsRecovery\assets\tankwar\asset22,10,GameObject,CLASS,C:\Users\JBNU\git\ConstraintsRecovery\assets\tankwar\asset22:IF:8-80,asset22,true,EXTENDS,abstract class Tank$$TankWar extends GameObject {,TankWar_P1|TankWar_P2|TankWar_P3|TankWar_P4|TankWar_P5,TankWar_P1|TankWar_P2|TankWar_P3|TankWar_P4|TankWar_P5
D412,RC-0107,C:\Users\JBNU\git\ConstraintsRecovery\assets\tankwar\asset14,378,Tank$$TankWar.explodieren,METHOD,C:\Users\JBNU\git\ConstraintsRecovery\assets\tankwar\asset14:IF:8-384,asset14,true,C:\Users\JBNU\git\ConstraintsRecovery\assets\tankwar\asset22,15,GameObject.id,FIELD,C:\Users\JBNU\git\ConstraintsRecovery\assets\tankwar\asset22:IF:8-80,asset22,true,FIELD_REFERENCE,if (tankManager.tank1 != null && ((Tank) this).id == tankManager.tank1.id) {,TankWar_P1|TankWar_P2|TankWar_P3|TankWar_P4|TankWar_P5,TankWar_P1|TankWar_P2|TankWar_P3|TankWar_P4|TankWar_P5
D406,RC-0108,C:\Users\JBNU\git\ConstraintsRecovery\assets\tankwar\asset14,36,Tank$$TankWar.init,METHOD,C:\Users\JBNU\git\ConstraintsRecovery\assets\tankwar\asset14:IF:8-384,asset14,true,C:\Users\JBNU\git\ConstraintsRecovery\assets\tankwar\asset22,15,GameObject.id,FIELD,C:\Users\JBNU\git\ConstraintsRecovery\assets\tankwar\asset22:IF:8-80,asset22,true,FIELD_REFERENCE,((Tank) this).id = ((Tank) this).hashCode();,TankWar_P1|TankWar_P2|TankWar_P3|TankWar_P4|TankWar_P5,TankWar_P1|TankWar_P2|TankWar_P3|TankWar_P4|TankWar_P5
D318,RC-0109,C:\Users\JBNU\git\ConstraintsRecovery\assets\tankwar\asset14,263,Tank$$TankWar.koordinateAktualisieren,METHOD,C:\Users\JBNU\git\ConstraintsRecovery\assets\tankwar\asset14:IF:8-384,asset14,true,C:\Users\JBNU\git\ConstraintsRecovery\assets\tankwar\asset22,70,GameObject.getRund,METHOD,C:\Users\JBNU\git\ConstraintsRecovery\assets\tankwar\asset22:IF:8-80,asset22,true,METHOD_CALL,y_Koordinate = getRund(yf_Koordinate);,TankWar_P1|TankWar_P2|TankWar_P3|TankWar_P4|TankWar_P5,TankWar_P1|TankWar_P2|TankWar_P3|TankWar_P4|TankWar_P5
D330,RC-0109,C:\Users\JBNU\git\ConstraintsRecovery\assets\tankwar\asset14,277,Tank$$TankWar.koordinateAktualisieren,METHOD,C:\Users\JBNU\git\ConstraintsRecovery\assets\tankwar\asset14:IF:8-384,asset14,true,C:\Users\JBNU\git\ConstraintsRecovery\assets\tankwar\asset22,70,GameObject.getRund,METHOD,C:\Users\JBNU\git\ConstraintsRecovery\assets\tankwar\asset22:IF:8-80,asset22,true,METHOD_CALL,x_Koordinate = getRund(xf_Koordinate);,TankWar_P1|TankWar_P2|TankWar_P3|TankWar_P4|TankWar_P5,TankWar_P1|TankWar_P2|TankWar_P3|TankWar_P4|TankWar_P5
D341,RC-0109,C:\Users\JBNU\git\ConstraintsRecovery\assets\tankwar\asset14,289,Tank$$TankWar.koordinateAktualisieren,METHOD,C:\Users\JBNU\git\ConstraintsRecovery\assets\tankwar\asset14:IF:8-384,asset14,true,C:\Users\JBNU\git\ConstraintsRecovery\assets\tankwar\asset22,70,GameObject.getRund,METHOD,C:\Users\JBNU\git\ConstraintsRecovery\assets\tankwar\asset22:IF:8-80,asset22,true,METHOD_CALL,y_Koordinate = getRund(yf_Koordinate);,TankWar_P1|TankWar_P2|TankWar_P3|TankWar_P4|TankWar_P5,TankWar_P1|TankWar_P2|TankWar_P3|TankWar_P4|TankWar_P5
D352,RC-0109,C:\Users\JBNU\git\ConstraintsRecovery\assets\tankwar\asset14,301,Tank$$TankWar.koordinateAktualisieren,METHOD,C:\Users\JBNU\git\ConstraintsRecovery\assets\tankwar\asset14:IF:8-384,asset14,true,C:\Users\JBNU\git\ConstraintsRecovery\assets\tankwar\asset22,70,GameObject.getRund,METHOD,C:\Users\JBNU\git\ConstraintsRecovery\assets\tankwar\asset22:IF:8-80,asset22,true,METHOD_CALL,x_Koordinate = getRund(xf_Koordinate);,TankWar_P1|TankWar_P2|TankWar_P3|TankWar_P4|TankWar_P5,TankWar_P1|TankWar_P2|TankWar_P3|TankWar_P4|TankWar_P5
D365,RC-0109,C:\Users\JBNU\git\ConstraintsRecovery\assets\tankwar\asset14,318,Tank$$TankWar.koordinateAktualisieren,METHOD,C:\Users\JBNU\git\ConstraintsRecovery\assets\tankwar\asset14:IF:8-384,asset14,true,C:\Users\JBNU\git\ConstraintsRecovery\assets\tankwar\asset22,70,GameObject.getRund,METHOD,C:\Users\JBNU\git\ConstraintsRecovery\assets\tankwar\asset22:IF:8-80,asset22,true,METHOD_CALL,y_Koordinate = getRund(yf_Koordinate);,TankWar_P1|TankWar_P2|TankWar_P3|TankWar_P4|TankWar_P5,TankWar_P1|TankWar_P2|TankWar_P3|TankWar_P4|TankWar_P5
D371,RC-0109,C:\Users\JBNU\git\ConstraintsRecovery\assets\tankwar\asset14,322,Tank$$TankWar.koordinateAktualisieren,METHOD,C:\Users\JBNU\git\ConstraintsRecovery\assets\tankwar\asset14:IF:8-384,asset14,true,C:\Users\JBNU\git\ConstraintsRecovery\assets\tankwar\asset22,70,GameObject.getRund,METHOD,C:\Users\JBNU\git\ConstraintsRecovery\assets\tankwar\asset22:IF:8-80,asset22,true,METHOD_CALL,x_Koordinate = getRund(xf_Koordinate);,TankWar_P1|TankWar_P2|TankWar_P3|TankWar_P4|TankWar_P5,TankWar_P1|TankWar_P2|TankWar_P3|TankWar_P4|TankWar_P5
D377,RC-0109,C:\Users\JBNU\git\ConstraintsRecovery\assets\tankwar\asset14,326,Tank$$TankWar.koordinateAktualisieren,METHOD,C:\Users\JBNU\git\ConstraintsRecovery\assets\tankwar\asset14:IF:8-384,asset14,true,C:\Users\JBNU\git\ConstraintsRecovery\assets\tankwar\asset22,70,GameObject.getRund,METHOD,C:\Users\JBNU\git\ConstraintsRecovery\assets\tankwar\asset22:IF:8-80,asset22,true,METHOD_CALL,y_Koordinate = getRund(yf_Koordinate);,TankWar_P1|TankWar_P2|TankWar_P3|TankWar_P4|TankWar_P5,TankWar_P1|TankWar_P2|TankWar_P3|TankWar_P4|TankWar_P5
D383,RC-0109,C:\Users\JBNU\git\ConstraintsRecovery\assets\tankwar\asset14,330,Tank$$TankWar.koordinateAktualisieren,METHOD,C:\Users\JBNU\git\ConstraintsRecovery\assets\tankwar\asset14:IF:8-384,asset14,true,C:\Users\JBNU\git\ConstraintsRecovery\assets\tankwar\asset22,70,GameObject.getRund,METHOD,C:\Users\JBNU\git\ConstraintsRecovery\assets\tankwar\asset22:IF:8-80,asset22,true,METHOD_CALL,x_Koordinate = getRund(xf_Koordinate);,TankWar_P1|TankWar_P2|TankWar_P3|TankWar_P4|TankWar_P5,TankWar_P1|TankWar_P2|TankWar_P3|TankWar_P4|TankWar_P5
D211,RC-0110,C:\Users\JBNU\git\ConstraintsRecovery\assets\tankwar\asset14,142,Tank$$TankWar.geschuetzTurm,METHOD,C:\Users\JBNU\git\ConstraintsRecovery\assets\tankwar\asset14:IF:8-384,asset14,true,C:\Users\JBNU\git\ConstraintsRecovery\assets\tankwar\asset2,320,Maler$$PC.fillRect,METHOD,C:\Users\JBNU\git\ConstraintsRecovery\assets\tankwar\asset2:IF:8-332,asset2,true,METHOD_CALL,"tankManager.maler.fillRect(x_Koordinate + objWidth / 2 - pW / 2, y_Koordinate - pH + objWidth / 2, pW, pH);",TankWar_P1|TankWar_P2|TankWar_P3|TankWar_P4|TankWar_P5,TankWar_P1|TankWar_P2|TankWar_P3|TankWar_P4|TankWar_P5
D213,RC-0110,C:\Users\JBNU\git\ConstraintsRecovery\assets\tankwar\asset14,146,Tank$$TankWar.geschuetzTurm,METHOD,C:\Users\JBNU\git\ConstraintsRecovery\assets\tankwar\asset14:IF:8-384,asset14,true,C:\Users\JBNU\git\ConstraintsRecovery\assets\tankwar\asset2,320,Maler$$PC.fillRect,METHOD,C:\Users\JBNU\git\ConstraintsRecovery\assets\tankwar\asset2:IF:8-332,asset2,true,METHOD_CALL,"tankManager.maler.fillRect(x_Koordinate + objWidth / 2, y_Koordinate + objWidth / 2 - pW / 2, pH, pW);",TankWar_P1|TankWar_P2|TankWar_P3|TankWar_P4|TankWar_P5,TankWar_P1|TankWar_P2|TankWar_P3|TankWar_P4|TankWar_P5
D216,RC-0110,C:\Users\JBNU\git\ConstraintsRecovery\assets\tankwar\asset14,150,Tank$$TankWar.geschuetzTurm,METHOD,C:\Users\JBNU\git\ConstraintsRecovery\assets\tankwar\asset14:IF:8-384,asset14,true,C:\Users\JBNU\git\ConstraintsRecovery\assets\tankwar\asset2,320,Maler$$PC.fillRect,METHOD,C:\Users\JBNU\git\ConstraintsRecovery\assets\tankwar\asset2:IF:8-332,asset2,true,METHOD_CALL,"tankManager.maler.fillRect(x_Koordinate + objWidth / 2 - pW / 2, y_Koordinate + objWidth / 2, pW, pH);",TankWar_P1|TankWar_P2|TankWar_P3|TankWar_P4|TankWar_P5,TankWar_P1|TankWar_P2|TankWar_P3|TankWar_P4|TankWar_P5
D218,RC-0110,C:\Users\JBNU\git\ConstraintsRecovery\assets\tankwar\asset14,154,Tank$$TankWar.geschuetzTurm,METHOD,C:\Users\JBNU\git\ConstraintsRecovery\assets\tankwar\asset14:IF:8-384,asset14,true,C:\Users\JBNU\git\ConstraintsRecovery\assets\tankwar\asset2,320,Maler$$PC.fillRect,METHOD,C:\Users\JBNU\git\ConstraintsRecovery\assets\tankwar\asset2:IF:8-332,asset2,true,METHOD_CALL,"tankManager.maler.fillRect(x_Koordinate - (pH - objWidth / 2), y_Koordinate + objWidth / 2 - pW / 2, pH, pW);",TankWar_P1|TankWar_P2|TankWar_P3|TankWar_P4|TankWar_P5,TankWar_P1|TankWar_P2|TankWar_P3|TankWar_P4|TankWar_P5
D210,RC-0111,C:\Users\JBNU\git\ConstraintsRecovery\assets\tankwar\asset14,141,Tank$$TankWar.geschuetzTurm,METHOD,C:\Users\JBNU\git\ConstraintsRecovery\assets\tankwar\asset14:IF:8-384,asset14,true,C:\Users\JBNU\git\ConstraintsRecovery\assets\tankwar\asset2,310,Maler$$PC.setColor,METHOD,C:\Users\JBNU\git\ConstraintsRecovery\assets\tankwar\asset2:IF:8-332,asset2,true,METHOD_CALL,"tankManager.maler.setColor(255, 165, 0);",TankWar_P1|TankWar_P2|TankWar_P3|TankWar_P4|TankWar_P5,TankWar_P1|TankWar_P2|TankWar_P3|TankWar_P4|TankWar_P5
D212,RC-0111,C:\Users\JBNU\git\ConstraintsRecovery\assets\tankwar\asset14,145,Tank$$TankWar.geschuetzTurm,METHOD,C:\Users\JBNU\git\ConstraintsRecovery\assets\tankwar\asset14:IF:8-384,asset14,true,C:\Users\JBNU\git\ConstraintsRecovery\assets\tankwar\asset2,310,Maler$$PC.setColor,METHOD,C:\Users\JBNU\git\ConstraintsRecovery\assets\tankwar\asset2:IF:8-332,asset2,true,METHOD_CALL,"tankManager.maler.setColor(255, 165, 0);",TankWar_P1|TankWar_P2|TankWar_P3|TankWar_P4|TankWar_P5,TankWar_P1|TankWar_P2|TankWar_P3|TankWar_P4|TankWar_P5
D214,RC-0111,C:\Users\JBNU\git\ConstraintsRecovery\assets\tankwar\asset14,149,Tank$$TankWar.geschuetzTurm,METHOD,C:\Users\JBNU\git\ConstraintsRecovery\assets\tankwar\asset14:IF:8-384,asset14,true,C:\Users\JBNU\git\ConstraintsRecovery\assets\tankwar\asset2,310,Maler$$PC.setColor,METHOD,C:\Users\JBNU\git\ConstraintsRecovery\assets\tankwar\asset2:IF:8-332,asset2,true,METHOD_CALL,"tankManager.maler.setColor(255, 165, 0);",TankWar_P1|TankWar_P2|TankWar_P3|TankWar_P4|TankWar_P5,TankWar_P1|TankWar_P2|TankWar_P3|TankWar_P4|TankWar_P5
D217,RC-0111,C:\Users\JBNU\git\ConstraintsRecovery\assets\tankwar\asset14,153,Tank$$TankWar.geschuetzTurm,METHOD,C:\Users\JBNU\git\ConstraintsRecovery\assets\tankwar\asset14:IF:8-384,asset14,true,C:\Users\JBNU\git\ConstraintsRecovery\assets\tankwar\asset2,310,Maler$$PC.setColor,METHOD,C:\Users\JBNU\git\ConstraintsRecovery\assets\tankwar\asset2:IF:8-332,asset2,true,METHOD_CALL,"tankManager.maler.setColor(255, 165, 0);",TankWar_P1|TankWar_P2|TankWar_P3|TankWar_P4|TankWar_P5,TankWar_P1|TankWar_P2|TankWar_P3|TankWar_P4|TankWar_P5
D207,RC-0112,C:\Users\JBNU\git\ConstraintsRecovery\assets\tankwar\asset14,134,Tank$$TankWar.tankMalen,METHOD,C:\Users\JBNU\git\ConstraintsRecovery\assets\tankwar\asset14:IF:8-384,asset14,true,C:\Users\JBNU\git\ConstraintsRecovery\assets\tankwar\asset2,317,Maler$$PC.fillOvall,METHOD,C:\Users\JBNU\git\ConstraintsRecovery\assets\tankwar\asset2:IF:8-332,asset2,true,METHOD_CALL,"tankManager.maler.fillOvall(x_Koordinate, y_Koordinate, objWidth, objHeight);",TankWar_P1|TankWar_P2|TankWar_P3|TankWar_P4|TankWar_P5,TankWar_P1|TankWar_P2|TankWar_P3|TankWar_P4|TankWar_P5
D206,RC-0113,C:\Users\JBNU\git\ConstraintsRecovery\assets\tankwar\asset14,133,Tank$$TankWar.tankMalen,METHOD,C:\Users\JBNU\git\ConstraintsRecovery\assets\tankwar\asset14:IF:8-384,asset14,true,C:\Users\JBNU\git\ConstraintsRecovery\assets\tankwar\asset2,310,Maler$$PC.setColor,METHOD,C:\Users\JBNU\git\ConstraintsRecovery\assets\tankwar\asset2:IF:8-332,asset2,true,METHOD_CALL,"tankManager.maler.setColor(colorR, colorG, colorB);",TankWar_P1|TankWar_P2|TankWar_P3|TankWar_P4|TankWar_P5,TankWar_P1|TankWar_P2|TankWar_P3|TankWar_P4|TankWar_P5
D413,RC-0114,C:\Users\JBNU\git\ConstraintsRecovery\assets\tankwar\asset14,378,Tank$$TankWar.explodieren,METHOD,C:\Users\JBNU\git\ConstraintsRecovery\assets\tankwar\asset14:IF:8-384,asset14,true,C:\Users\JBNU\git\ConstraintsRecovery\assets\tankwar\asset9,23,TankManager$$TankWar.tank1,FIELD,C:\Users\JBNU\git\ConstraintsRecovery\assets\tankwar\asset9:IF:8-248,asset9,true,FIELD_REFERENCE,if (tankManager.tank1 != null && ((Tank) this).id == tankManager.tank1.id) {,TankWar_P1|TankWar_P2|TankWar_P3|TankWar_P4|TankWar_P5,TankWar_P1|TankWar_P2|TankWar_P3|TankWar_P4|TankWar_P5
D414,RC-0114,C:\Users\JBNU\git\ConstraintsRecovery\assets\tankwar\asset14,379,Tank$$TankWar.explodieren,METHOD,C:\Users\JBNU\git\ConstraintsRecovery\assets\tankwar\asset14:IF:8-384,asset14,true,C:\Users\JBNU\git\ConstraintsRecovery\assets\tankwar\asset9,23,TankManager$$TankWar.tank1,FIELD,C:\Users\JBNU\git\ConstraintsRecovery\assets\tankwar\asset9:IF:8-248,asset9,true,FIELD_REFERENCE,tankManager.tank1 = null;,TankWar_P1|TankWar_P2|TankWar_P3|TankWar_P4|TankWar_P5,TankWar_P1|TankWar_P2|TankWar_P3|TankWar_P4|TankWar_P5
D411,RC-0115,C:\Users\JBNU\git\ConstraintsRecovery\assets\tankwar\asset14,377,Tank$$TankWar.explodieren,METHOD,C:\Users\JBNU\git\ConstraintsRecovery\assets\tankwar\asset14:IF:8-384,asset14,true,C:\Users\JBNU\git\ConstraintsRecovery\assets\tankwar\asset9,27,TankManager$$TankWar.tankMenge,FIELD,C:\Users\JBNU\git\ConstraintsRecovery\assets\tankwar\asset9:IF:8-248,asset9,true,FIELD_REFERENCE,tankManager.tankMenge.removeElement(((Tank) this));,TankWar_P1|TankWar_P2|TankWar_P3|TankWar_P4|TankWar_P5,TankWar_P1|TankWar_P2|TankWar_P3|TankWar_P4|TankWar_P5
D291,RC-0116,C:\Users\JBNU\git\ConstraintsRecovery\assets\tankwar\asset14,232,Tank$$TankWar.feuern,METHOD,C:\Users\JBNU\git\ConstraintsRecovery\assets\tankwar\asset14:IF:8-384,asset14,true,C:\Users\JBNU\git\ConstraintsRecovery\assets\tankwar\asset9,28,TankManager$$TankWar.missilesMenge,FIELD,C:\Users\JBNU\git\ConstraintsRecovery\assets\tankwar\asset9:IF:8-248,asset9,true,FIELD_REFERENCE,"((Tank) this).tankManager.missilesMenge.addElement(new Missile(tankManager, x_Koordinate, y_Koordinate, objWidth, objHeight, fahrRichtung, missileType, feindlich, id));",TankWar_P1|TankWar_P2|TankWar_P3|TankWar_P4|TankWar_P5,TankWar_P1|TankWar_P2|TankWar_P3|TankWar_P4|TankWar_P5
D415,RC-0117,C:\Users\JBNU\git\ConstraintsRecovery\assets\tankwar\asset14,39,Tank$$TankWar.init,METHOD,C:\Users\JBNU\git\ConstraintsRecovery\assets\tankwar\asset14:IF:8-384,asset14,true,C:\Users\JBNU\git\ConstraintsRecovery\assets\tankwar\asset9,21,TankManager$$TankWar.koernigkeit2,FIELD,C:\Users\JBNU\git\ConstraintsRecovery\assets\tankwar\asset9:IF:8-248,asset9,true,FIELD_REFERENCE,"super.init(tankManager, x_Koordinate * tankManager.koernigkeit2, y_Koordinate * tankManager.koernigkeit2, 255, 0, 210, tankManager.koernigkeit2 * 2, tankManager.koernigkeit2 * 2, tankType);",TankWar_P1|TankWar_P2|TankWar_P3|TankWar_P4|TankWar_P5,TankWar_P1|TankWar_P2|TankWar_P3|TankWar_P4|TankWar_P5
D420,RC-0117,C:\Users\JBNU\git\ConstraintsRecovery\assets\tankwar\asset14,46,Tank$$TankWar.init,METHOD,C:\Users\JBNU\git\ConstraintsRecovery\assets\tankwar\asset14:IF:8-384,asset14,true,C:\Users\JBNU\git\ConstraintsRecovery\assets\tankwar\asset9,21,TankManager$$TankWar.koernigkeit2,FIELD,C:\Users\JBNU\git\ConstraintsRecovery\assets\tankwar\asset9:IF:8-248,asset9,true,FIELD_REFERENCE,"super.init(tankManager, x_Koordinate * tankManager.koernigkeit2, y_Koordinate * tankManager.koernigkeit2, 255, 0, 0, tankManager.koernigkeit2 * 3, tankManager.koernigkeit2 * 3, tankType);",TankWar_P1|TankWar_P2|TankWar_P3|TankWar_P4|TankWar_P5,TankWar_P1|TankWar_P2|TankWar_P3|TankWar_P4|TankWar_P5
D425,RC-0117,C:\Users\JBNU\git\ConstraintsRecovery\assets\tankwar\asset14,53,Tank$$TankWar.init,METHOD,C:\Users\JBNU\git\ConstraintsRecovery\assets\tankwar\asset14:IF:8-384,asset14,true,C:\Users\JBNU\git\ConstraintsRecovery\assets\tankwar\asset9,21,TankManager$$TankWar.koernigkeit2,FIELD,C:\Users\JBNU\git\ConstraintsRecovery\assets\tankwar\asset9:IF:8-248,asset9,true,FIELD_REFERENCE,"super.init(tankManager, x_Koordinate * tankManager.koernigkeit2, y_Koordinate * tankManager.koernigkeit2, 0, 255, 0, tankManager.koernigkeit2 * 3, tankManager.koernigkeit2 * 3, tankType);",TankWar_P1|TankWar_P2|TankWar_P3|TankWar_P4|TankWar_P5,TankWar_P1|TankWar_P2|TankWar_P3|TankWar_P4|TankWar_P5
D430,RC-0117,C:\Users\JBNU\git\ConstraintsRecovery\assets\tankwar\asset14,60,Tank$$TankWar.init,METHOD,C:\Users\JBNU\git\ConstraintsRecovery\assets\tankwar\asset14:IF:8-384,asset14,true,C:\Users\JBNU\git\ConstraintsRecovery\assets\tankwar\asset9,21,TankManager$$TankWar.koernigkeit2,FIELD,C:\Users\JBNU\git\ConstraintsRecovery\assets\tankwar\asset9:IF:8-248,asset9,true,FIELD_REFERENCE,"super.init(tankManager, x_Koordinate * tankManager.koernigkeit2, y_Koordinate * tankManager.koernigkeit2, 0, 0, 255, tankManager.koernigkeit2 * 3, tankManager.koernigkeit2 * 3, tankType);",TankWar_P1|TankWar_P2|TankWar_P3|TankWar_P4|TankWar_P5,TankWar_P1|TankWar_P2|TankWar_P3|TankWar_P4|TankWar_P5
D435,RC-0117,C:\Users\JBNU\git\ConstraintsRecovery\assets\tankwar\asset14,67,Tank$$TankWar.init,METHOD,C:\Users\JBNU\git\ConstraintsRecovery\assets\tankwar\asset14:IF:8-384,asset14,true,C:\Users\JBNU\git\ConstraintsRecovery\assets\tankwar\asset9,21,TankManager$$TankWar.koernigkeit2,FIELD,C:\Users\JBNU\git\ConstraintsRecovery\assets\tankwar\asset9:IF:8-248,asset9,true,FIELD_REFERENCE,"super.init(tankManager, x_Koordinate * tankManager.koernigkeit2, y_Koordinate * tankManager.koernigkeit2, 210, 10, 210, tankManager.koernigkeit2 * 3, tankManager.koernigkeit2 * 3, tankType);",TankWar_P1|TankWar_P2|TankWar_P3|TankWar_P4|TankWar_P5,TankWar_P1|TankWar_P2|TankWar_P3|TankWar_P4|TankWar_P5
D440,RC-0117,C:\Users\JBNU\git\ConstraintsRecovery\assets\tankwar\asset14,74,Tank$$TankWar.init,METHOD,C:\Users\JBNU\git\ConstraintsRecovery\assets\tankwar\asset14:IF:8-384,asset14,true,C:\Users\JBNU\git\ConstraintsRecovery\assets\tankwar\asset9,21,TankManager$$TankWar.koernigkeit2,FIELD,C:\Users\JBNU\git\ConstraintsRecovery\assets\tankwar\asset9:IF:8-248,asset9,true,FIELD_REFERENCE,"super.init(tankManager, x_Koordinate * tankManager.koernigkeit2, y_Koordinate * tankManager.koernigkeit2, 210, 10, 210, tankManager.koernigkeit2 * 3, tankManager.koernigkeit2 * 3, tankType);",TankWar_P1|TankWar_P2|TankWar_P3|TankWar_P4|TankWar_P5,TankWar_P1|TankWar_P2|TankWar_P3|TankWar_P4|TankWar_P5
D445,RC-0117,C:\Users\JBNU\git\ConstraintsRecovery\assets\tankwar\asset14,81,Tank$$TankWar.init,METHOD,C:\Users\JBNU\git\ConstraintsRecovery\assets\tankwar\asset14:IF:8-384,asset14,true,C:\Users\JBNU\git\ConstraintsRecovery\assets\tankwar\asset9,21,TankManager$$TankWar.koernigkeit2,FIELD,C:\Users\JBNU\git\ConstraintsRecovery\assets\tankwar\asset9:IF:8-248,asset9,true,FIELD_REFERENCE,"super.init(tankManager, x_Koordinate * tankManager.koernigkeit2, y_Koordinate * tankManager.koernigkeit2, 210, 10, 210, tankManager.koernigkeit2 * 3, tankManager.koernigkeit2 * 3, tankType);",TankWar_P1|TankWar_P2|TankWar_P3|TankWar_P4|TankWar_P5,TankWar_P1|TankWar_P2|TankWar_P3|TankWar_P4|TankWar_P5
D450,RC-0117,C:\Users\JBNU\git\ConstraintsRecovery\assets\tankwar\asset14,88,Tank$$TankWar.init,METHOD,C:\Users\JBNU\git\ConstraintsRecovery\assets\tankwar\asset14:IF:8-384,asset14,true,C:\Users\JBNU\git\ConstraintsRecovery\assets\tankwar\asset9,21,TankManager$$TankWar.koernigkeit2,FIELD,C:\Users\JBNU\git\ConstraintsRecovery\assets\tankwar\asset9:IF:8-248,asset9,true,FIELD_REFERENCE,"super.init(tankManager, x_Koordinate * tankManager.koernigkeit2, y_Koordinate * tankManager.koernigkeit2, 210, 10, 210, tankManager.koernigkeit2 * 4, tankManager.koernigkeit2 * 4, tankType);",TankWar_P1|TankWar_P2|TankWar_P3|TankWar_P4|TankWar_P5,TankWar_P1|TankWar_P2|TankWar_P3|TankWar_P4|TankWar_P5
D454,RC-0117,C:\Users\JBNU\git\ConstraintsRecovery\assets\tankwar\asset14,94,Tank$$TankWar.init,METHOD,C:\Users\JBNU\git\ConstraintsRecovery\assets\tankwar\asset14:IF:8-384,asset14,true,C:\Users\JBNU\git\ConstraintsRecovery\assets\tankwar\asset9,21,TankManager$$TankWar.koernigkeit2,FIELD,C:\Users\JBNU\git\ConstraintsRecovery\assets\tankwar\asset9:IF:8-248,asset9,true,FIELD_REFERENCE,"super.init(tankManager, x_Koordinate * tankManager.koernigkeit2, y_Koordinate * tankManager.koernigkeit2, 210, 10, 210, tankManager.koernigkeit2 * 4, tankManager.koernigkeit2 * 4, tankType);",TankWar_P1|TankWar_P2|TankWar_P3|TankWar_P4|TankWar_P5,TankWar_P1|TankWar_P2|TankWar_P3|TankWar_P4|TankWar_P5
D175,RC-0117,C:\Users\JBNU\git\ConstraintsRecovery\assets\tankwar\asset14,100,Tank$$TankWar.init,METHOD,C:\Users\JBNU\git\ConstraintsRecovery\assets\tankwar\asset14:IF:8-384,asset14,true,C:\Users\JBNU\git\ConstraintsRecovery\assets\tankwar\asset9,21,TankManager$$TankWar.koernigkeit2,FIELD,C:\Users\JBNU\git\ConstraintsRecovery\assets\tankwar\asset9:IF:8-248,asset9,true,FIELD_REFERENCE,"super.init(tankManager, x_Koordinate * tankManager.koernigkeit2, y_Koordinate * tankManager.koernigkeit2, 210, 10, 210, tankManager.koernigkeit2 * 4, tankManager.koernigkeit2 * 4, tankType);",TankWar_P1|TankWar_P2|TankWar_P3|TankWar_P4|TankWar_P5,TankWar_P1|TankWar_P2|TankWar_P3|TankWar_P4|TankWar_P5
D187,RC-0117,C:\Users\JBNU\git\ConstraintsRecovery\assets\tankwar\asset14,110,Tank$$TankWar.init,METHOD,C:\Users\JBNU\git\ConstraintsRecovery\assets\tankwar\asset14:IF:8-384,asset14,true,C:\Users\JBNU\git\ConstraintsRecovery\assets\tankwar\asset9,21,TankManager$$TankWar.koernigkeit2,FIELD,C:\Users\JBNU\git\ConstraintsRecovery\assets\tankwar\asset9:IF:8-248,asset9,true,FIELD_REFERENCE,((Tank) this).xf_Koordinate = x_Koordinate * tankManager.koernigkeit2 + 0.0f;,TankWar_P1|TankWar_P2|TankWar_P3|TankWar_P4|TankWar_P5,TankWar_P1|TankWar_P2|TankWar_P3|TankWar_P4|TankWar_P5
D188,RC-0117,C:\Users\JBNU\git\ConstraintsRecovery\assets\tankwar\asset14,111,Tank$$TankWar.init,METHOD,C:\Users\JBNU\git\ConstraintsRecovery\assets\tankwar\asset14:IF:8-384,asset14,true,C:\Users\JBNU\git\ConstraintsRecovery\assets\tankwar\asset9,21,TankManager$$TankWar.koernigkeit2,FIELD,C:\Users\JBNU\git\ConstraintsRecovery\assets\tankwar\asset9:IF:8-248,asset9,true,FIELD_REFERENCE,((Tank) this).yf_Koordinate = y_Koordinate * tankManager.koernigkeit2 + 0.0f;,TankWar_P1|TankWar_P2|TankWar_P3|TankWar_P4|TankWar_P5,TankWar_P1|TankWar_P2|TankWar_P3|TankWar_P4|TankWar_P5
D397,RC-0118,C:\Users\JBNU\git\ConstraintsRecovery\assets\tankwar\asset14,348,Tank$$TankWar.koordinateAktualisieren,METHOD,C:\Users\JBNU\git\ConstraintsRecovery\assets\tankwar\asset14:IF:8-384,asset14,true,C:\Users\JBNU\git\ConstraintsRecovery\assets\tankwar\asset9,29,TankManager$$TankWar.brickwall,FIELD,C:\Users\JBNU\git\ConstraintsRecovery\assets\tankwar\asset9:IF:8-248,asset9,true,FIELD_REFERENCE,if (stossenGegen(tankManager.brickwall)) {,TankWar_P1|TankWar_P2|TankWar_P3|TankWar_P4|TankWar_P5,TankWar_P1|TankWar_P2|TankWar_P3|TankWar_P4|TankWar_P5
D297,RC-0119,C:\Users\JBNU\git\ConstraintsRecovery\assets\tankwar\asset14,237,Tank$$TankWar.koordinateAktualisieren,METHOD,C:\Users\JBNU\git\ConstraintsRecovery\assets\tankwar\asset14:IF:8-384,asset14,true,C:\Users\JBNU\git\ConstraintsRecovery\assets\tankwar\asset9,21,TankManager$$TankWar.koernigkeit2,FIELD,C:\Users\JBNU\git\ConstraintsRecovery\assets\tankwar\asset9:IF:8-248,asset9,true,FIELD_REFERENCE,x_Koe = x_Koordinate / tankManager.koernigkeit2;,TankWar_P1|TankWar_P2|TankWar_P3|TankWar_P4|TankWar_P5,TankWar_P1|TankWar_P2|TankWar_P3|TankWar_P4|TankWar_P5
D298,RC-0119,C:\Users\JBNU\git\ConstraintsRecovery\assets\tankwar\asset14,238,Tank$$TankWar.koordinateAktualisieren,METHOD,C:\Users\JBNU\git\ConstraintsRecovery\assets\tankwar\asset14:IF:8-384,asset14,true,C:\Users\JBNU\git\ConstraintsRecovery\assets\tankwar\asset9,21,TankManager$$TankWar.koernigkeit2,FIELD,C:\Users\JBNU\git\ConstraintsRecovery\assets\tankwar\asset9:IF:8-248,asset9,true,FIELD_REFERENCE,y_Koe = y_Koordinate / tankManager.koernigkeit2;,TankWar_P1|TankWar_P2|TankWar_P3|TankWar_P4|TankWar_P5,TankWar_P1|TankWar_P2|TankWar_P3|TankWar_P4|TankWar_P5
D299,RC-0119,C:\Users\JBNU\git\ConstraintsRecovery\assets\tankwar\asset14,239,Tank$$TankWar.koordinateAktualisieren,METHOD,C:\Users\JBNU\git\ConstraintsRecovery\assets\tankwar\asset14:IF:8-384,asset14,true,C:\Users\JBNU\git\ConstraintsRecovery\assets\tankwar\asset9,21,TankManager$$TankWar.koernigkeit2,FIELD,C:\Users\JBNU\git\ConstraintsRecovery\assets\tankwar\asset9:IF:8-248,asset9,true,FIELD_REFERENCE,int x_KoeRest = x_Koordinate % tankManager.koernigkeit2;,TankWar_P1|TankWar_P2|TankWar_P3|TankWar_P4|TankWar_P5,TankWar_P1|TankWar_P2|TankWar_P3|TankWar_P4|TankWar_P5
D300,RC-0119,C:\Users\JBNU\git\ConstraintsRecovery\assets\tankwar\asset14,240,Tank$$TankWar.koordinateAktualisieren,METHOD,C:\Users\JBNU\git\ConstraintsRecovery\assets\tankwar\asset14:IF:8-384,asset14,true,C:\Users\JBNU\git\ConstraintsRecovery\assets\tankwar\asset9,21,TankManager$$TankWar.koernigkeit2,FIELD,C:\Users\JBNU\git\ConstraintsRecovery\assets\tankwar\asset9:IF:8-248,asset9,true,FIELD_REFERENCE,int y_KoeRest = y_Koordinate % tankManager.koernigkeit2;,TankWar_P1|TankWar_P2|TankWar_P3|TankWar_P4|TankWar_P5,TankWar_P1|TankWar_P2|TankWar_P3|TankWar_P4|TankWar_P5
D320,RC-0119,C:\Users\JBNU\git\ConstraintsRecovery\assets\tankwar\asset14,265,Tank$$TankWar.koordinateAktualisieren,METHOD,C:\Users\JBNU\git\ConstraintsRecovery\assets\tankwar\asset14:IF:8-384,asset14,true,C:\Users\JBNU\git\ConstraintsRecovery\assets\tankwar\asset9,21,TankManager$$TankWar.koernigkeit2,FIELD,C:\Users\JBNU\git\ConstraintsRecovery\assets\tankwar\asset9:IF:8-248,asset9,true,FIELD_REFERENCE,if (y_Koordinate / tankManager.koernigkeit2 < alteY_Koordinate / tankManager.koernigkeit2) {,TankWar_P1|TankWar_P2|TankWar_P3|TankWar_P4|TankWar_P5,TankWar_P1|TankWar_P2|TankWar_P3|TankWar_P4|TankWar_P5
D321,RC-0119,C:\Users\JBNU\git\ConstraintsRecovery\assets\tankwar\asset14,266,Tank$$TankWar.koordinateAktualisieren,METHOD,C:\Users\JBNU\git\ConstraintsRecovery\assets\tankwar\asset14:IF:8-384,asset14,true,C:\Users\JBNU\git\ConstraintsRecovery\assets\tankwar\asset9,21,TankManager$$TankWar.koernigkeit2,FIELD,C:\Users\JBNU\git\ConstraintsRecovery\assets\tankwar\asset9:IF:8-248,asset9,true,FIELD_REFERENCE,y_Koordinate = y_Koe * tankManager.koernigkeit2;,TankWar_P1|TankWar_P2|TankWar_P3|TankWar_P4|TankWar_P5,TankWar_P1|TankWar_P2|TankWar_P3|TankWar_P4|TankWar_P5
D324,RC-0119,C:\Users\JBNU\git\ConstraintsRecovery\assets\tankwar\asset14,273,Tank$$TankWar.koordinateAktualisieren,METHOD,C:\Users\JBNU\git\ConstraintsRecovery\assets\tankwar\asset14:IF:8-384,asset14,true,C:\Users\JBNU\git\ConstraintsRecovery\assets\tankwar\asset9,21,TankManager$$TankWar.koernigkeit2,FIELD,C:\Users\JBNU\git\ConstraintsRecovery\assets\tankwar\asset9:IF:8-248,asset9,true,FIELD_REFERENCE,y_Koe = y_Koordinate / tankManager.koernigkeit2;,TankWar_P1|TankWar_P2|TankWar_P3|TankWar_P4|TankWar_P5,TankWar_P1|TankWar_P2|TankWar_P3|TankWar_P4|TankWar_P5
D332,RC-0119,C:\Users\JBNU\git\ConstraintsRecovery\assets\tankwar\asset14,279,Tank$$TankWar.koordinateAktualisieren,METHOD,C:\Users\JBNU\git\ConstraintsRecovery\assets\tankwar\asset14:IF:8-384,asset14,true,C:\Users\JBNU\git\ConstraintsRecovery\assets\tankwar\asset9,21,TankManager$$TankWar.koernigkeit2,FIELD,C:\Users\JBNU\git\ConstraintsRecovery\assets\tankwar\asset9:IF:8-248,asset9,true,FIELD_REFERENCE,if (x_Koordinate / tankManager.koernigkeit2 > alteX_Koordinate / tankManager.koernigkeit2) {,TankWar_P1|TankWar_P2|TankWar_P3|TankWar_P4|TankWar_P5,TankWar_P1|TankWar_P2|TankWar_P3|TankWar_P4|TankWar_P5
D333,RC-0119,C:\Users\JBNU\git\ConstraintsRecovery\assets\tankwar\asset14,280,Tank$$TankWar.koordinateAktualisieren,METHOD,C:\Users\JBNU\git\ConstraintsRecovery\assets\tankwar\asset14:IF:8-384,asset14,true,C:\Users\JBNU\git\ConstraintsRecovery\assets\tankwar\asset9,21,TankManager$$TankWar.koernigkeit2,FIELD,C:\Users\JBNU\git\ConstraintsRecovery\assets\tankwar\asset9:IF:8-248,asset9,true,FIELD_REFERENCE,x_Koordinate = (x_Koe + 1) * tankManager.koernigkeit2;,TankWar_P1|TankWar_P2|TankWar_P3|TankWar_P4|TankWar_P5,TankWar_P1|TankWar_P2|TankWar_P3|TankWar_P4|TankWar_P5
D334,RC-0119,C:\Users\JBNU\git\ConstraintsRecovery\assets\tankwar\asset14,283,Tank$$TankWar.koordinateAktualisieren,METHOD,C:\Users\JBNU\git\ConstraintsRecovery\assets\tankwar\asset14:IF:8-384,asset14,true,C:\Users\JBNU\git\ConstraintsRecovery\assets\tankwar\asset9,21,TankManager$$TankWar.koernigkeit2,FIELD,C:\Users\JBNU\git\ConstraintsRecovery\assets\tankwar\asset9:IF:8-248,asset9,true,FIELD_REFERENCE,if (x_Koordinate % tankManager.koernigkeit2 != 0) {,TankWar_P1|TankWar_P2|TankWar_P3|TankWar_P4|TankWar_P5,TankWar_P1|TankWar_P2|TankWar_P3|TankWar_P4|TankWar_P5
D335,RC-0119,C:\Users\JBNU\git\ConstraintsRecovery\assets\tankwar\asset14,284,Tank$$TankWar.koordinateAktualisieren,METHOD,C:\Users\JBNU\git\ConstraintsRecovery\assets\tankwar\asset14:IF:8-384,asset14,true,C:\Users\JBNU\git\ConstraintsRecovery\assets\tankwar\asset9,21,TankManager$$TankWar.koernigkeit2,FIELD,C:\Users\JBNU\git\ConstraintsRecovery\assets\tankwar\asset9:IF:8-248,asset9,true,FIELD_REFERENCE,x_Koe = x_Koordinate / tankManager.koernigkeit2 + 1;,TankWar_P1|TankWar_P2|TankWar_P3|TankWar_P4|TankWar_P5,TankWar_P1|TankWar_P2|TankWar_P3|TankWar_P4|TankWar_P5
D343,RC-0119,C:\Users\JBNU\git\ConstraintsRecovery\assets\tankwar\asset14,291,Tank$$TankWar.koordinateAktualisieren,METHOD,C:\Users\JBNU\git\ConstraintsRecovery\assets\tankwar\asset14:IF:8-384,asset14,true,C:\Users\JBNU\git\ConstraintsRecovery\assets\tankwar\asset9,21,TankManager$$TankWar.koernigkeit2,FIELD,C:\Users\JBNU\git\ConstraintsRecovery\assets\tankwar\asset9:IF:8-248,asset9,true,FIELD_REFERENCE,if (y_Koordinate / tankManager.koernigkeit2 > alteY_Koordinate / tankManager.koernigkeit2) {,TankWar_P1|TankWar_P2|TankWar_P3|TankWar_P4|TankWar_P5,TankWar_P1|TankWar_P2|TankWar_P3|TankWar_P4|TankWar_P5
D344,RC-0119,C:\Users\JBNU\git\ConstraintsRecovery\assets\tankwar\asset14,292,Tank$$TankWar.koordinateAktualisieren,METHOD,C:\Users\JBNU\git\ConstraintsRecovery\assets\tankwar\asset14:IF:8-384,asset14,true,C:\Users\JBNU\git\ConstraintsRecovery\assets\tankwar\asset9,21,TankManager$$TankWar.koernigkeit2,FIELD,C:\Users\JBNU\git\ConstraintsRecovery\assets\tankwar\asset9:IF:8-248,asset9,true,FIELD_REFERENCE,y_Koordinate = (y_Koe + 1) * tankManager.koernigkeit2;,TankWar_P1|TankWar_P2|TankWar_P3|TankWar_P4|TankWar_P5,TankWar_P1|TankWar_P2|TankWar_P3|TankWar_P4|TankWar_P5
D345,RC-0119,C:\Users\JBNU\git\ConstraintsRecovery\assets\tankwar\asset14,295,Tank$$TankWar.koordinateAktualisieren,METHOD,C:\Users\JBNU\git\ConstraintsRecovery\assets\tankwar\asset14:IF:8-384,asset14,true,C:\Users\JBNU\git\ConstraintsRecovery\assets\tankwar\asset9,21,TankManager$$TankWar.koernigkeit2,FIELD,C:\Users\JBNU\git\ConstraintsRecovery\assets\tankwar\asset9:IF:8-248,asset9,true,FIELD_REFERENCE,if (y_Koordinate % tankManager.koernigkeit2 != 0) {,TankWar_P1|TankWar_P2|TankWar_P3|TankWar_P4|TankWar_P5,TankWar_P1|TankWar_P2|TankWar_P3|TankWar_P4|TankWar_P5
D346,RC-0119,C:\Users\JBNU\git\ConstraintsRecovery\assets\tankwar\asset14,296,Tank$$TankWar.koordinateAktualisieren,METHOD,C:\Users\JBNU\git\ConstraintsRecovery\assets\tankwar\asset14:IF:8-384,asset14,true,C:\Users\JBNU\git\ConstraintsRecovery\assets\tankwar\asset9,21,TankManager$$TankWar.koernigkeit2,FIELD,C:\Users\JBNU\git\ConstraintsRecovery\assets\tankwar\asset9:IF:8-248,asset9,true,FIELD_REFERENCE,y_Koe = y_Koordinate / tankManager.koernigkeit2 + 1;,TankWar_P1|TankWar_P2|TankWar_P3|TankWar_P4|TankWar_P5,TankWar_P1|TankWar_P2|TankWar_P3|TankWar_P4|TankWar_P5
D354,RC-0119,C:\Users\JBNU\git\ConstraintsRecovery\assets\tankwar\asset14,303,Tank$$TankWar.koordinateAktualisieren,METHOD,C:\Users\JBNU\git\ConstraintsRecovery\assets\tankwar\asset14:IF:8-384,asset14,true,C:\Users\JBNU\git\ConstraintsRecovery\assets\tankwar\asset9,21,TankManager$$TankWar.koernigkeit2,FIELD,C:\Users\JBNU\git\ConstraintsRecovery\assets\tankwar\asset9:IF:8-248,asset9,true,FIELD_REFERENCE,if (x_Koordinate / tankManager.koernigkeit2 < alteX_Koordinate / tankManager.koernigkeit2) {,TankWar_P1|TankWar_P2|TankWar_P3|TankWar_P4|TankWar_P5,TankWar_P1|TankWar_P2|TankWar_P3|TankWar_P4|TankWar_P5
D355,RC-0119,C:\Users\JBNU\git\ConstraintsRecovery\assets\tankwar\asset14,304,Tank$$TankWar.koordinateAktualisieren,METHOD,C:\Users\JBNU\git\ConstraintsRecovery\assets\tankwar\asset14:IF:8-384,asset14,true,C:\Users\JBNU\git\ConstraintsRecovery\assets\tankwar\asset9,21,TankManager$$TankWar.koernigkeit2,FIELD,C:\Users\JBNU\git\ConstraintsRecovery\assets\tankwar\asset9:IF:8-248,asset9,true,FIELD_REFERENCE,x_Koordinate = x_Koe * tankManager.koernigkeit2;,TankWar_P1|TankWar_P2|TankWar_P3|TankWar_P4|TankWar_P5,TankWar_P1|TankWar_P2|TankWar_P3|TankWar_P4|TankWar_P5
D358,RC-0119,C:\Users\JBNU\git\ConstraintsRecovery\assets\tankwar\asset14,311,Tank$$TankWar.koordinateAktualisieren,METHOD,C:\Users\JBNU\git\ConstraintsRecovery\assets\tankwar\asset14:IF:8-384,asset14,true,C:\Users\JBNU\git\ConstraintsRecovery\assets\tankwar\asset9,21,TankManager$$TankWar.koernigkeit2,FIELD,C:\Users\JBNU\git\ConstraintsRecovery\assets\tankwar\asset9:IF:8-248,asset9,true,FIELD_REFERENCE,x_Koe = x_Koordinate / tankManager.koernigkeit2;,TankWar_P1|TankWar_P2|TankWar_P3|TankWar_P4|TankWar_P5,TankWar_P1|TankWar_P2|TankWar_P3|TankWar_P4|TankWar_P5
D393,RC-0119,C:\Users\JBNU\git\ConstraintsRecovery\assets\tankwar\asset14,343,Tank$$TankWar.koordinateAktualisieren,METHOD,C:\Users\JBNU\git\ConstraintsRecovery\assets\tankwar\asset14:IF:8-384,asset14,true,C:\Users\JBNU\git\ConstraintsRecovery\assets\tankwar\asset9,21,TankManager$$TankWar.koernigkeit2,FIELD,C:\Users\JBNU\git\ConstraintsRecovery\assets\tankwar\asset9:IF:8-248,asset9,true,FIELD_REFERENCE,x_Koordinate = alteX_Koe * tankManager.koernigkeit2;,TankWar_P1|TankWar_P2|TankWar_P3|TankWar_P4|TankWar_P5,TankWar_P1|TankWar_P2|TankWar_P3|TankWar_P4|TankWar_P5
D394,RC-0119,C:\Users\JBNU\git\ConstraintsRecovery\assets\tankwar\asset14,344,Tank$$TankWar.koordinateAktualisieren,METHOD,C:\Users\JBNU\git\ConstraintsRecovery\assets\tankwar\asset14:IF:8-384,asset14,true,C:\Users\JBNU\git\ConstraintsRecovery\assets\tankwar\asset9,21,TankManager$$TankWar.koernigkeit2,FIELD,C:\Users\JBNU\git\ConstraintsRecovery\assets\tankwar\asset9:IF:8-248,asset9,true,FIELD_REFERENCE,y_Koordinate = alteY_Koe * tankManager.koernigkeit2;,TankWar_P1|TankWar_P2|TankWar_P3|TankWar_P4|TankWar_P5,TankWar_P1|TankWar_P2|TankWar_P3|TankWar_P4|TankWar_P5
D400,RC-0120,C:\Users\JBNU\git\ConstraintsRecovery\assets\tankwar\asset14,354,Tank$$TankWar.koordinateAktualisieren,METHOD,C:\Users\JBNU\git\ConstraintsRecovery\assets\tankwar\asset14:IF:8-384,asset14,true,C:\Users\JBNU\git\ConstraintsRecovery\assets\tankwar\asset9,30,TankManager$$TankWar.metalwall,FIELD,C:\Users\JBNU\git\ConstraintsRecovery\assets\tankwar\asset9:IF:8-248,asset9,true,FIELD_REFERENCE,if (stossenGegen(tankManager.metalwall)) {,TankWar_P1|TankWar_P2|TankWar_P3|TankWar_P4|TankWar_P5,TankWar_P1|TankWar_P2|TankWar_P3|TankWar_P4|TankWar_P5
D388,RC-0121,C:\Users\JBNU\git\ConstraintsRecovery\assets\tankwar\asset14,336,Tank$$TankWar.koordinateAktualisieren,METHOD,C:\Users\JBNU\git\ConstraintsRecovery\assets\tankwar\asset14:IF:8-384,asset14,true,C:\Users\JBNU\git\ConstraintsRecovery\assets\tankwar\asset9,20,TankManager$$TankWar.screenHeight,FIELD,C:\Users\JBNU\git\ConstraintsRecovery\assets\tankwar\asset9:IF:8-248,asset9,true,FIELD_REFERENCE,if (x_Koordinate < 0 || x_Koordinate > tankManager.screenWidth - objWidth || y_Koordinate < 0 || y_Koordinate > tankManager.screenHeight - objHeight) {,TankWar_P1|TankWar_P2|TankWar_P3|TankWar_P4|TankWar_P5,TankWar_P1|TankWar_P2|TankWar_P3|TankWar_P4|TankWar_P5
D314,RC-0122,C:\Users\JBNU\git\ConstraintsRecovery\assets\tankwar\asset14,262,Tank$$TankWar.koordinateAktualisieren,METHOD,C:\Users\JBNU\git\ConstraintsRecovery\assets\tankwar\asset14:IF:8-384,asset14,true,C:\Users\JBNU\git\ConstraintsRecovery\assets\tankwar\asset9,20,TankManager$$TankWar.screenWidth,FIELD,C:\Users\JBNU\git\ConstraintsRecovery\assets\tankwar\asset9:IF:8-248,asset9,true,FIELD_REFERENCE,yf_Koordinate -= geschwindigkeit * tankManager.screenWidth * elapsedTime;,TankWar_P1|TankWar_P2|TankWar_P3|TankWar_P4|TankWar_P5,TankWar_P1|TankWar_P2|TankWar_P3|TankWar_P4|TankWar_P5
D327,RC-0122,C:\Users\JBNU\git\ConstraintsRecovery\assets\tankwar\asset14,276,Tank$$TankWar.koordinateAktualisieren,METHOD,C:\Users\JBNU\git\ConstraintsRecovery\assets\tankwar\asset14:IF:8-384,asset14,true,C:\Users\JBNU\git\ConstraintsRecovery\assets\tankwar\asset9,20,TankManager$$TankWar.screenWidth,FIELD,C:\Users\JBNU\git\ConstraintsRecovery\assets\tankwar\asset9:IF:8-248,asset9,true,FIELD_REFERENCE,xf_Koordinate += geschwindigkeit * tankManager.screenWidth * elapsedTime;,TankWar_P1|TankWar_P2|TankWar_P3|TankWar_P4|TankWar_P5,TankWar_P1|TankWar_P2|TankWar_P3|TankWar_P4|TankWar_P5
D337,RC-0122,C:\Users\JBNU\git\ConstraintsRecovery\assets\tankwar\asset14,288,Tank$$TankWar.koordinateAktualisieren,METHOD,C:\Users\JBNU\git\ConstraintsRecovery\assets\tankwar\asset14:IF:8-384,asset14,true,C:\Users\JBNU\git\ConstraintsRecovery\assets\tankwar\asset9,20,TankManager$$TankWar.screenWidth,FIELD,C:\Users\JBNU\git\ConstraintsRecovery\assets\tankwar\asset9:IF:8-248,asset9,true,FIELD_REFERENCE,yf_Koordinate += geschwindigkeit * tankManager.screenWidth * elapsedTime;,TankWar_P1|TankWar_P2|TankWar_P3|TankWar_P4|TankWar_P5,TankWar_P1|TankWar_P2|TankWar_P3|TankWar_P4|TankWar_P5
D349,RC-0122,C:\Users\JBNU\git\ConstraintsRecovery\assets\tankwar\asset14,300,Tank$$TankWar.koordinateAktualisieren,METHOD,C:\Users\JBNU\git\ConstraintsRecovery\assets\tankwar\asset14:IF:8-384,asset14,true,C:\Users\JBNU\git\ConstraintsRecovery\assets\tankwar\asset9,20,TankManager$$TankWar.screenWidth,FIELD,C:\Users\JBNU\git\ConstraintsRecovery\assets\tankwar\asset9:IF:8-248,asset9,true,FIELD_REFERENCE,xf_Koordinate -= geschwindigkeit * tankManager.screenWidth * elapsedTime;,TankWar_P1|TankWar_P2|TankWar_P3|TankWar_P4|TankWar_P5,TankWar_P1|TankWar_P2|TankWar_P3|TankWar_P4|TankWar_P5
D361,RC-0122,C:\Users\JBNU\git\ConstraintsRecovery\assets\tankwar\asset14,317,Tank$$TankWar.koordinateAktualisieren,METHOD,C:\Users\JBNU\git\ConstraintsRecovery\assets\tankwar\asset14:IF:8-384,asset14,true,C:\Users\JBNU\git\ConstraintsRecovery\assets\tankwar\asset9,20,TankManager$$TankWar.screenWidth,FIELD,C:\Users\JBNU\git\ConstraintsRecovery\assets\tankwar\asset9:IF:8-248,asset9,true,FIELD_REFERENCE,yf_Koordinate -= geschwindigkeit * tankManager.screenWidth * elapsedTime;,TankWar_P1|TankWar_P2|TankWar_P3|TankWar_P4|TankWar_P5,TankWar_P1|TankWar_P2|TankWar_P3|TankWar_P4|TankWar_P5
D368,RC-0122,C:\Users\JBNU\git\ConstraintsRecovery\assets\tankwar\asset14,321,Tank$$TankWar.koordinateAktualisieren,METHOD,C:\Users\JBNU\git\ConstraintsRecovery\assets\tankwar\asset14:IF:8-384,asset14,true,C:\Users\JBNU\git\ConstraintsRecovery\assets\tankwar\asset9,20,TankManager$$TankWar.screenWidth,FIELD,C:\Users\JBNU\git\ConstraintsRecovery\assets\tankwar\asset9:IF:8-248,asset9,true,FIELD_REFERENCE,xf_Koordinate += geschwindigkeit * tankManager.screenWidth * elapsedTime;,TankWar_P1|TankWar_P2|TankWar_P3|TankWar_P4|TankWar_P5,TankWar_P1|TankWar_P2|TankWar_P3|TankWar_P4|TankWar_P5
D373,RC-0122,C:\Users\JBNU\git\ConstraintsRecovery\assets\tankwar\asset14,325,Tank$$TankWar.koordinateAktualisieren,METHOD,C:\Users\JBNU\git\ConstraintsRecovery\assets\tankwar\asset14:IF:8-384,asset14,true,C:\Users\JBNU\git\ConstraintsRecovery\assets\tankwar\asset9,20,TankManager$$TankWar.screenWidth,FIELD,C:\Users\JBNU\git\ConstraintsRecovery\assets\tankwar\asset9:IF:8-248,asset9,true,FIELD_REFERENCE,yf_Koordinate += geschwindigkeit * tankManager.screenWidth * elapsedTime;,TankWar_P1|TankWar_P2|TankWar_P3|TankWar_P4|TankWar_P5,TankWar_P1|TankWar_P2|TankWar_P3|TankWar_P4|TankWar_P5
D380,RC-0122,C:\Users\JBNU\git\ConstraintsRecovery\assets\tankwar\asset14,329,Tank$$TankWar.koordinateAktualisieren,METHOD,C:\Users\JBNU\git\ConstraintsRecovery\assets\tankwar\asset14:IF:8-384,asset14,true,C:\Users\JBNU\git\ConstraintsRecovery\assets\tankwar\asset9,20,TankManager$$TankWar.screenWidth,FIELD,C:\Users\JBNU\git\ConstraintsRecovery\assets\tankwar\asset9:IF:8-248,asset9,true,FIELD_REFERENCE,xf_Koordinate -= geschwindigkeit * tankManager.screenWidth * elapsedTime;,TankWar_P1|TankWar_P2|TankWar_P3|TankWar_P4|TankWar_P5,TankWar_P1|TankWar_P2|TankWar_P3|TankWar_P4|TankWar_P5
D389,RC-0122,C:\Users\JBNU\git\ConstraintsRecovery\assets\tankwar\asset14,336,Tank$$TankWar.koordinateAktualisieren,METHOD,C:\Users\JBNU\git\ConstraintsRecovery\assets\tankwar\asset14:IF:8-384,asset14,true,C:\Users\JBNU\git\ConstraintsRecovery\assets\tankwar\asset9,20,TankManager$$TankWar.screenWidth,FIELD,C:\Users\JBNU\git\ConstraintsRecovery\assets\tankwar\asset9:IF:8-248,asset9,true,FIELD_REFERENCE,if (x_Koordinate < 0 || x_Koordinate > tankManager.screenWidth - objWidth || y_Koordinate < 0 || y_Koordinate > tankManager.screenHeight - objHeight) {,TankWar_P1|TankWar_P2|TankWar_P3|TankWar_P4|TankWar_P5,TankWar_P1|TankWar_P2|TankWar_P3|TankWar_P4|TankWar_P5
D392,RC-0123,C:\Users\JBNU\git\ConstraintsRecovery\assets\tankwar\asset14,342,Tank$$TankWar.koordinateAktualisieren,METHOD,C:\Users\JBNU\git\ConstraintsRecovery\assets\tankwar\asset14:IF:8-384,asset14,true,C:\Users\JBNU\git\ConstraintsRecovery\assets\tankwar\asset9,27,TankManager$$TankWar.tankMenge,FIELD,C:\Users\JBNU\git\ConstraintsRecovery\assets\tankwar\asset9:IF:8-248,asset9,true,FIELD_REFERENCE,if (stossenGegen(tankManager.tankMenge)) {,TankWar_P1|TankWar_P2|TankWar_P3|TankWar_P4|TankWar_P5,TankWar_P1|TankWar_P2|TankWar_P3|TankWar_P4|TankWar_P5
D403,RC-0124,C:\Users\JBNU\git\ConstraintsRecovery\assets\tankwar\asset14,360,Tank$$TankWar.koordinateAktualisieren,METHOD,C:\Users\JBNU\git\ConstraintsRecovery\assets\tankwar\asset14:IF:8-384,asset14,true,C:\Users\JBNU\git\ConstraintsRecovery\assets\tankwar\asset9,32,TankManager$$TankWar.waterwall,FIELD,C:\Users\JBNU\git\ConstraintsRecovery\assets\tankwar\asset9:IF:8-248,asset9,true,FIELD_REFERENCE,if (stossenGegen(tankManager.waterwall)) {,TankWar_P1|TankWar_P2|TankWar_P3|TankWar_P4|TankWar_P5,TankWar_P1|TankWar_P2|TankWar_P3|TankWar_P4|TankWar_P5
D583,RC-0125,C:\Users\JBNU\git\ConstraintsRecovery\assets\tankwar\asset15,274,Menu.erscheinen,METHOD,C:\Users\JBNU\git\ConstraintsRecovery\assets\tankwar\asset15:IF:8-281,asset15,true,C:\Users\JBNU\git\ConstraintsRecovery\assets\tankwar\asset13,39,Maler$$fuer_PC.drawImage,METHOD,C:\Users\JBNU\git\ConstraintsRecovery\assets\tankwar\asset13:IF:8-358,asset13,true,METHOD_CALL,"gTemp.drawImage(((Option) options.elementAt(i)).img2, x + i * (zeileAbstand + ((Option) options.elementAt(i)).img2.getWidth(null)) * xStyle, y + i * (zeileAbstand + ((Option) options.elementAt(i)).img2.getHeight(null)) * yStyle, null);",TankWar_P1|TankWar_P2|TankWar_P3|TankWar_P4|TankWar_P5,TankWar_P1|TankWar_P2|TankWar_P3|TankWar_P4|TankWar_P5
D590,RC-0125,C:\Users\JBNU\git\ConstraintsRecovery\assets\tankwar\asset15,276,Menu.erscheinen,METHOD,C:\Users\JBNU\git\ConstraintsRecovery\assets\tankwar\asset15:IF:8-281,asset15,true,C:\Users\JBNU\git\ConstraintsRecovery\assets\tankwar\asset13,39,Maler$$fuer_PC.drawImage,METHOD,C:\Users\JBNU\git\ConstraintsRecovery\assets\tankwar\asset13:IF:8-358,asset13,true,METHOD_CALL,"gTemp.drawImage(((Option) options.elementAt(i)).img, x + i * (zeileAbstand + ((Option) options.elementAt(i)).img2.getWidth(null)) * xStyle, y + i * (zeileAbstand + ((Option) options.elementAt(i)).img2.getHeight(null)) * yStyle, null);",TankWar_P1|TankWar_P2|TankWar_P3|TankWar_P4|TankWar_P5,TankWar_P1|TankWar_P2|TankWar_P3|TankWar_P4|TankWar_P5
D506,RC-0126,C:\Users\JBNU\git\ConstraintsRecovery\assets\tankwar\asset15,203,Menu.KeyBehandeln,METHOD,C:\Users\JBNU\git\ConstraintsRecovery\assets\tankwar\asset15:IF:8-281,asset15,true,C:\Users\JBNU\git\ConstraintsRecovery\assets\tankwar\asset15,22,Menu.maler,FIELD,C:\Users\JBNU\git\ConstraintsRecovery\assets\tankwar\asset15:IF:8-281,asset15,true,FIELD_REFERENCE,maler.menuBehandeln(((Option) options.elementAt(i)).str);,TankWar_P1|TankWar_P2|TankWar_P3|TankWar_P4|TankWar_P5,TankWar_P1|TankWar_P2|TankWar_P3|TankWar_P4|TankWar_P5
D509,RC-0126,C:\Users\JBNU\git\ConstraintsRecovery\assets\tankwar\asset15,208,Menu.KeyBehandeln,METHOD,C:\Users\JBNU\git\ConstraintsRecovery\assets\tankwar\asset15:IF:8-281,asset15,true,C:\Users\JBNU\git\ConstraintsRecovery\assets\tankwar\asset15,22,Menu.maler,FIELD,C:\Users\JBNU\git\ConstraintsRecovery\assets\tankwar\asset15:IF:8-281,asset15,true,FIELD_REFERENCE,maler.menuBehandeln(((Option) options.elementAt(0)).str);,TankWar_P1|TankWar_P2|TankWar_P3|TankWar_P4|TankWar_P5,TankWar_P1|TankWar_P2|TankWar_P3|TankWar_P4|TankWar_P5
D491,RC-0127,C:\Users\JBNU\git\ConstraintsRecovery\assets\tankwar\asset15,174,Menu.KeyBehandeln,METHOD,C:\Users\JBNU\git\ConstraintsRecovery\assets\tankwar\asset15:IF:8-281,asset15,true,C:\Users\JBNU\git\ConstraintsRecovery\assets\tankwar\asset15,19,Menu.options,FIELD,C:\Users\JBNU\git\ConstraintsRecovery\assets\tankwar\asset15:IF:8-281,asset15,true,FIELD_REFERENCE,for (int i = 0; i < options.size(); i++) {,TankWar_P1|TankWar_P2|TankWar_P3|TankWar_P4|TankWar_P5,TankWar_P1|TankWar_P2|TankWar_P3|TankWar_P4|TankWar_P5
D492,RC-0127,C:\Users\JBNU\git\ConstraintsRecovery\assets\tankwar\asset15,175,Menu.KeyBehandeln,METHOD,C:\Users\JBNU\git\ConstraintsRecovery\assets\tankwar\asset15:IF:8-281,asset15,true,C:\Users\JBNU\git\ConstraintsRecovery\assets\tankwar\asset15,19,Menu.options,FIELD,C:\Users\JBNU\git\ConstraintsRecovery\assets\tankwar\asset15:IF:8-281,asset15,true,FIELD_REFERENCE,if (((Option) options.elementAt(i)).status == true) {,TankWar_P1|TankWar_P2|TankWar_P3|TankWar_P4|TankWar_P5,TankWar_P1|TankWar_P2|TankWar_P3|TankWar_P4|TankWar_P5
D493,RC-0127,C:\Users\JBNU\git\ConstraintsRecovery\assets\tankwar\asset15,176,Menu.KeyBehandeln,METHOD,C:\Users\JBNU\git\ConstraintsRecovery\assets\tankwar\asset15:IF:8-281,asset15,true,C:\Users\JBNU\git\ConstraintsRecovery\assets\tankwar\asset15,19,Menu.options,FIELD,C:\Users\JBNU\git\ConstraintsRecovery\assets\tankwar\asset15:IF:8-281,asset15,true,FIELD_REFERENCE,((Option) options.elementAt(i)).status = false;,TankWar_P1|TankWar_P2|TankWar_P3|TankWar_P4|TankWar_P5,TankWar_P1|TankWar_P2|TankWar_P3|TankWar_P4|TankWar_P5
D494,RC-0127,C:\Users\JBNU\git\ConstraintsRecovery\assets\tankwar\asset15,177,Menu.KeyBehandeln,METHOD,C:\Users\JBNU\git\ConstraintsRecovery\assets\tankwar\asset15:IF:8-281,asset15,true,C:\Users\JBNU\git\ConstraintsRecovery\assets\tankwar\asset15,19,Menu.options,FIELD,C:\Users\JBNU\git\ConstraintsRecovery\assets\tankwar\asset15:IF:8-281,asset15,true,FIELD_REFERENCE,if (i + 1 == options.size()) {,TankWar_P1|TankWar_P2|TankWar_P3|TankWar_P4|TankWar_P5,TankWar_P1|TankWar_P2|TankWar_P3|TankWar_P4|TankWar_P5
D495,RC-0127,C:\Users\JBNU\git\ConstraintsRecovery\assets\tankwar\asset15,178,Menu.KeyBehandeln,METHOD,C:\Users\JBNU\git\ConstraintsRecovery\assets\tankwar\asset15:IF:8-281,asset15,true,C:\Users\JBNU\git\ConstraintsRecovery\assets\tankwar\asset15,19,Menu.options,FIELD,C:\Users\JBNU\git\ConstraintsRecovery\assets\tankwar\asset15:IF:8-281,asset15,true,FIELD_REFERENCE,((Option) options.elementAt(0)).status = true;,TankWar_P1|TankWar_P2|TankWar_P3|TankWar_P4|TankWar_P5,TankWar_P1|TankWar_P2|TankWar_P3|TankWar_P4|TankWar_P5
D496,RC-0127,C:\Users\JBNU\git\ConstraintsRecovery\assets\tankwar\asset15,180,Menu.KeyBehandeln,METHOD,C:\Users\JBNU\git\ConstraintsRecovery\assets\tankwar\asset15:IF:8-281,asset15,true,C:\Users\JBNU\git\ConstraintsRecovery\assets\tankwar\asset15,19,Menu.options,FIELD,C:\Users\JBNU\git\ConstraintsRecovery\assets\tankwar\asset15:IF:8-281,asset15,true,FIELD_REFERENCE,((Option) options.elementAt(i + 1)).status = true;,TankWar_P1|TankWar_P2|TankWar_P3|TankWar_P4|TankWar_P5,TankWar_P1|TankWar_P2|TankWar_P3|TankWar_P4|TankWar_P5
D497,RC-0127,C:\Users\JBNU\git\ConstraintsRecovery\assets\tankwar\asset15,187,Menu.KeyBehandeln,METHOD,C:\Users\JBNU\git\ConstraintsRecovery\assets\tankwar\asset15:IF:8-281,asset15,true,C:\Users\JBNU\git\ConstraintsRecovery\assets\tankwar\asset15,19,Menu.options,FIELD,C:\Users\JBNU\git\ConstraintsRecovery\assets\tankwar\asset15:IF:8-281,asset15,true,FIELD_REFERENCE,for (int i = 0; i < options.size(); i++) {,TankWar_P1|TankWar_P2|TankWar_P3|TankWar_P4|TankWar_P5,TankWar_P1|TankWar_P2|TankWar_P3|TankWar_P4|TankWar_P5
D498,RC-0127,C:\Users\JBNU\git\ConstraintsRecovery\assets\tankwar\asset15,188,Menu.KeyBehandeln,METHOD,C:\Users\JBNU\git\ConstraintsRecovery\assets\tankwar\asset15:IF:8-281,asset15,true,C:\Users\JBNU\git\ConstraintsRecovery\assets\tankwar\asset15,19,Menu.options,FIELD,C:\Users\JBNU\git\ConstraintsRecovery\assets\tankwar\asset15:IF:8-281,asset15,true,FIELD_REFERENCE,if (((Option) options.elementAt(i)).status == true) {,TankWar_P1|TankWar_P2|TankWar_P3|TankWar_P4|TankWar_P5,TankWar_P1|TankWar_P2|TankWar_P3|TankWar_P4|TankWar_P5
D499,RC-0127,C:\Users\JBNU\git\ConstraintsRecovery\assets\tankwar\asset15,189,Menu.KeyBehandeln,METHOD,C:\Users\JBNU\git\ConstraintsRecovery\assets\tankwar\asset15:IF:8-281,asset15,true,C:\Users\JBNU\git\ConstraintsRecovery\assets\tankwar\asset15,19,Menu.options,FIELD,C:\Users\JBNU\git\ConstraintsRecovery\assets\tankwar\asset15:IF:8-281,asset15,true,FIELD_REFERENCE,((Option) options.elementAt(i)).status = false;,TankWar_P1|TankWar_P2|TankWar_P3|TankWar_P4|TankWar_P5,TankWar_P1|TankWar_P2|TankWar_P3|TankWar_P4|TankWar_P5
D500,RC-0127,C:\Users\JBNU\git\ConstraintsRecovery\assets\tankwar\asset15,191,Menu.KeyBehandeln,METHOD,C:\Users\JBNU\git\ConstraintsRecovery\assets\tankwar\asset15:IF:8-281,asset15,true,C:\Users\JBNU\git\ConstraintsRecovery\assets\tankwar\asset15,19,Menu.options,FIELD,C:\Users\JBNU\git\ConstraintsRecovery\assets\tankwar\asset15:IF:8-281,asset15,true,FIELD_REFERENCE,((Option) options.elementAt(options.size() - 1)).status = true;,TankWar_P1|TankWar_P2|TankWar_P3|TankWar_P4|TankWar_P5,TankWar_P1|TankWar_P2|TankWar_P3|TankWar_P4|TankWar_P5
D501,RC-0127,C:\Users\JBNU\git\ConstraintsRecovery\assets\tankwar\asset15,193,Menu.KeyBehandeln,METHOD,C:\Users\JBNU\git\ConstraintsRecovery\assets\tankwar\asset15:IF:8-281,asset15,true,C:\Users\JBNU\git\ConstraintsRecovery\assets\tankwar\asset15,19,Menu.options,FIELD,C:\Users\JBNU\git\ConstraintsRecovery\assets\tankwar\asset15:IF:8-281,asset15,true,FIELD_REFERENCE,((Option) options.elementAt(i - 1)).status = true;,TankWar_P1|TankWar_P2|TankWar_P3|TankWar_P4|TankWar_P5,TankWar_P1|TankWar_P2|TankWar_P3|TankWar_P4|TankWar_P5
D503,RC-0127,C:\Users\JBNU\git\ConstraintsRecovery\assets\tankwar\asset15,201,Menu.KeyBehandeln,METHOD,C:\Users\JBNU\git\ConstraintsRecovery\assets\tankwar\asset15:IF:8-281,asset15,true,C:\Users\JBNU\git\ConstraintsRecovery\assets\tankwar\asset15,19,Menu.options,FIELD,C:\Users\JBNU\git\ConstraintsRecovery\assets\tankwar\asset15:IF:8-281,asset15,true,FIELD_REFERENCE,for (int i = 0; i < options.size(); i++) {,TankWar_P1|TankWar_P2|TankWar_P3|TankWar_P4|TankWar_P5,TankWar_P1|TankWar_P2|TankWar_P3|TankWar_P4|TankWar_P5
D504,RC-0127,C:\Users\JBNU\git\ConstraintsRecovery\assets\tankwar\asset15,202,Menu.KeyBehandeln,METHOD,C:\Users\JBNU\git\ConstraintsRecovery\assets\tankwar\asset15:IF:8-281,asset15,true,C:\Users\JBNU\git\ConstraintsRecovery\assets\tankwar\asset15,19,Menu.options,FIELD,C:\Users\JBNU\git\ConstraintsRecovery\assets\tankwar\asset15:IF:8-281,asset15,true,FIELD_REFERENCE,if (((Option) options.elementAt(i)).status == true) {,TankWar_P1|TankWar_P2|TankWar_P3|TankWar_P4|TankWar_P5,TankWar_P1|TankWar_P2|TankWar_P3|TankWar_P4|TankWar_P5
D505,RC-0127,C:\Users\JBNU\git\ConstraintsRecovery\assets\tankwar\asset15,203,Menu.KeyBehandeln,METHOD,C:\Users\JBNU\git\ConstraintsRecovery\assets\tankwar\asset15:IF:8-281,asset15,true,C:\Users\JBNU\git\ConstraintsRecovery\assets\tankwar\asset15,19,Menu.options,FIELD,C:\Users\JBNU\git\ConstraintsRecovery\assets\tankwar\asset15:IF:8-281,asset15,true,FIELD_REFERENCE,maler.menuBehandeln(((Option) options.elementAt(i)).str);,TankWar_P1|TankWar_P2|TankWar_P3|TankWar_P4|TankWar_P5,TankWar_P1|TankWar_P2|TankWar_P3|TankWar_P4|TankWar_P5
D508,RC-0127,C:\Users\JBNU\git\ConstraintsRecovery\assets\tankwar\asset15,208,Menu.KeyBehandeln,METHOD,C:\Users\JBNU\git\ConstraintsRecovery\assets\tankwar\asset15:IF:8-281,asset15,true,C:\Users\JBNU\git\ConstraintsRecovery\assets\tankwar\asset15,19,Menu.options,FIELD,C:\Users\JBNU\git\ConstraintsRecovery\assets\tankwar\asset15:IF:8-281,asset15,true,FIELD_REFERENCE,maler.menuBehandeln(((Option) options.elementAt(0)).str);,TankWar_P1|TankWar_P2|TankWar_P3|TankWar_P4|TankWar_P5,TankWar_P1|TankWar_P2|TankWar_P3|TankWar_P4|TankWar_P5
D502,RC-0128,C:\Users\JBNU\git\ConstraintsRecovery\assets\tankwar\asset15,200,Menu.KeyBehandeln,METHOD,C:\Users\JBNU\git\ConstraintsRecovery\assets\tankwar\asset15:IF:8-281,asset15,true,C:\Users\JBNU\git\ConstraintsRecovery\assets\tankwar\asset15,27,Menu.waehlbar,FIELD,C:\Users\JBNU\git\ConstraintsRecovery\assets\tankwar\asset15:IF:8-281,asset15,true,FIELD_REFERENCE,if (waehlbar) {,TankWar_P1|TankWar_P2|TankWar_P3|TankWar_P4|TankWar_P5,TankWar_P1|TankWar_P2|TankWar_P3|TankWar_P4|TankWar_P5
D593,RC-0129,C:\Users\JBNU\git\ConstraintsRecovery\assets\tankwar\asset15,33,Menu.Menu,CONSTRUCTOR,C:\Users\JBNU\git\ConstraintsRecovery\assets\tankwar\asset15:IF:8-281,asset15,true,C:\Users\JBNU\git\ConstraintsRecovery\assets\tankwar\asset15,23,Menu.logoimage,FIELD,C:\Users\JBNU\git\ConstraintsRecovery\assets\tankwar\asset15:IF:8-281,asset15,true,FIELD_REFERENCE,this.logoimage = null;,TankWar_P1|TankWar_P2|TankWar_P3|TankWar_P4|TankWar_P5,TankWar_P1|TankWar_P2|TankWar_P3|TankWar_P4|TankWar_P5
D591,RC-0130,C:\Users\JBNU\git\ConstraintsRecovery\assets\tankwar\asset15,31,Menu.Menu,CONSTRUCTOR,C:\Users\JBNU\git\ConstraintsRecovery\assets\tankwar\asset15:IF:8-281,asset15,true,C:\Users\JBNU\git\ConstraintsRecovery\assets\tankwar\asset15,22,Menu.maler,FIELD,C:\Users\JBNU\git\ConstraintsRecovery\assets\tankwar\asset15:IF:8-281,asset15,true,FIELD_REFERENCE,this.maler = maler;,TankWar_P1|TankWar_P2|TankWar_P3|TankWar_P4|TankWar_P5,TankWar_P1|TankWar_P2|TankWar_P3|TankWar_P4|TankWar_P5
D592,RC-0131,C:\Users\JBNU\git\ConstraintsRecovery\assets\tankwar\asset15,32,Menu.Menu,CONSTRUCTOR,C:\Users\JBNU\git\ConstraintsRecovery\assets\tankwar\asset15:IF:8-281,asset15,true,C:\Users\JBNU\git\ConstraintsRecovery\assets\tankwar\asset15,21,Menu.zeileAbstand,FIELD,C:\Users\JBNU\git\ConstraintsRecovery\assets\tankwar\asset15:IF:8-281,asset15,true,FIELD_REFERENCE,this.zeileAbstand = 20;,TankWar_P1|TankWar_P2|TankWar_P3|TankWar_P4|TankWar_P5,TankWar_P1|TankWar_P2|TankWar_P3|TankWar_P4|TankWar_P5
D612,RC-0132,C:\Users\JBNU\git\ConstraintsRecovery\assets\tankwar\asset15,78,Menu.add,METHOD,C:\Users\JBNU\git\ConstraintsRecovery\assets\tankwar\asset15:IF:8-281,asset15,true,C:\Users\JBNU\git\ConstraintsRecovery\assets\tankwar\asset15,19,Menu.options,FIELD,C:\Users\JBNU\git\ConstraintsRecovery\assets\tankwar\asset15:IF:8-281,asset15,true,FIELD_REFERENCE,if (options.size() > 0) {,TankWar_P1|TankWar_P2|TankWar_P3|TankWar_P4|TankWar_P5,TankWar_P1|TankWar_P2|TankWar_P3|TankWar_P4|TankWar_P5
D613,RC-0132,C:\Users\JBNU\git\ConstraintsRecovery\assets\tankwar\asset15,80,Menu.add,METHOD,C:\Users\JBNU\git\ConstraintsRecovery\assets\tankwar\asset15:IF:8-281,asset15,true,C:\Users\JBNU\git\ConstraintsRecovery\assets\tankwar\asset15,19,Menu.options,FIELD,C:\Users\JBNU\git\ConstraintsRecovery\assets\tankwar\asset15:IF:8-281,asset15,true,FIELD_REFERENCE,for (int i = 0; i < options.size(); i++) {,TankWar_P1|TankWar_P2|TankWar_P3|TankWar_P4|TankWar_P5,TankWar_P1|TankWar_P2|TankWar_P3|TankWar_P4|TankWar_P5
D614,RC-0132,C:\Users\JBNU\git\ConstraintsRecovery\assets\tankwar\asset15,81,Menu.add,METHOD,C:\Users\JBNU\git\ConstraintsRecovery\assets\tankwar\asset15:IF:8-281,asset15,true,C:\Users\JBNU\git\ConstraintsRecovery\assets\tankwar\asset15,19,Menu.options,FIELD,C:\Users\JBNU\git\ConstraintsRecovery\assets\tankwar\asset15:IF:8-281,asset15,true,FIELD_REFERENCE,if (prioritaet >= ((Option) options.elementAt(i)).prioritaet) {,TankWar_P1|TankWar_P2|TankWar_P3|TankWar_P4|TankWar_P5,TankWar_P1|TankWar_P2|TankWar_P3|TankWar_P4|TankWar_P5
D616,RC-0132,C:\Users\JBNU\git\ConstraintsRecovery\assets\tankwar\asset15,82,Menu.add,METHOD,C:\Users\JBNU\git\ConstraintsRecovery\assets\tankwar\asset15:IF:8-281,asset15,true,C:\Users\JBNU\git\ConstraintsRecovery\assets\tankwar\asset15,19,Menu.options,FIELD,C:\Users\JBNU\git\ConstraintsRecovery\assets\tankwar\asset15:IF:8-281,asset15,true,FIELD_REFERENCE,temp.addElement(options.elementAt(i));,TankWar_P1|TankWar_P2|TankWar_P3|TankWar_P4|TankWar_P5,TankWar_P1|TankWar_P2|TankWar_P3|TankWar_P4|TankWar_P5
D618,RC-0132,C:\Users\JBNU\git\ConstraintsRecovery\assets\tankwar\asset15,86,Menu.add,METHOD,C:\Users\JBNU\git\ConstraintsRecovery\assets\tankwar\asset15:IF:8-281,asset15,true,C:\Users\JBNU\git\ConstraintsRecovery\assets\tankwar\asset15,19,Menu.options,FIELD,C:\Users\JBNU\git\ConstraintsRecovery\assets\tankwar\asset15:IF:8-281,asset15,true,FIELD_REFERENCE,for (int j = i; j < options.size(); j++) {,TankWar_P1|TankWar_P2|TankWar_P3|TankWar_P4|TankWar_P5,TankWar_P1|TankWar_P2|TankWar_P3|TankWar_P4|TankWar_P5
D619,RC-0132,C:\Users\JBNU\git\ConstraintsRecovery\assets\tankwar\asset15,87,Menu.add,METHOD,C:\Users\JBNU\git\ConstraintsRecovery\assets\tankwar\asset15:IF:8-281,asset15,true,C:\Users\JBNU\git\ConstraintsRecovery\assets\tankwar\asset15,19,Menu.options,FIELD,C:\Users\JBNU\git\ConstraintsRecovery\assets\tankwar\asset15:IF:8-281,asset15,true,FIELD_REFERENCE,temp.addElement(options.elementAt(j));,TankWar_P1|TankWar_P2|TankWar_P3|TankWar_P4|TankWar_P5,TankWar_P1|TankWar_P2|TankWar_P3|TankWar_P4|TankWar_P5
D621,RC-0132,C:\Users\JBNU\git\ConstraintsRecovery\assets\tankwar\asset15,95,Menu.add,METHOD,C:\Users\JBNU\git\ConstraintsRecovery\assets\tankwar\asset15:IF:8-281,asset15,true,C:\Users\JBNU\git\ConstraintsRecovery\assets\tankwar\asset15,19,Menu.options,FIELD,C:\Users\JBNU\git\ConstraintsRecovery\assets\tankwar\asset15:IF:8-281,asset15,true,FIELD_REFERENCE,options.removeAllElements();,TankWar_P1|TankWar_P2|TankWar_P3|TankWar_P4|TankWar_P5,TankWar_P1|TankWar_P2|TankWar_P3|TankWar_P4|TankWar_P5
D622,RC-0132,C:\Users\JBNU\git\ConstraintsRecovery\assets\tankwar\asset15,97,Menu.add,METHOD,C:\Users\JBNU\git\ConstraintsRecovery\assets\tankwar\asset15:IF:8-281,asset15,true,C:\Users\JBNU\git\ConstraintsRecovery\assets\tankwar\asset15,19,Menu.options,FIELD,C:\Users\JBNU\git\ConstraintsRecovery\assets\tankwar\asset15:IF:8-281,asset15,true,FIELD_REFERENCE,options.addElement(temp.elementAt(i));,TankWar_P1|TankWar_P2|TankWar_P3|TankWar_P4|TankWar_P5,TankWar_P1|TankWar_P2|TankWar_P3|TankWar_P4|TankWar_P5
D623,RC-0132,C:\Users\JBNU\git\ConstraintsRecovery\assets\tankwar\asset15,99,Menu.add,METHOD,C:\Users\JBNU\git\ConstraintsRecovery\assets\tankwar\asset15:IF:8-281,asset15,true,C:\Users\JBNU\git\ConstraintsRecovery\assets\tankwar\asset15,19,Menu.options,FIELD,C:\Users\JBNU\git\ConstraintsRecovery\assets\tankwar\asset15:IF:8-281,asset15,true,FIELD_REFERENCE,((Option) options.elementAt(i)).status = true;,TankWar_P1|TankWar_P2|TankWar_P3|TankWar_P4|TankWar_P5,TankWar_P1|TankWar_P2|TankWar_P3|TankWar_P4|TankWar_P5
D458,RC-0132,C:\Users\JBNU\git\ConstraintsRecovery\assets\tankwar\asset15,101,Menu.add,METHOD,C:\Users\JBNU\git\ConstraintsRecovery\assets\tankwar\asset15:IF:8-281,asset15,true,C:\Users\JBNU\git\ConstraintsRecovery\assets\tankwar\asset15,19,Menu.options,FIELD,C:\Users\JBNU\git\ConstraintsRecovery\assets\tankwar\asset15:IF:8-281,asset15,true,FIELD_REFERENCE,((Option) options.elementAt(i)).status = false;,TankWar_P1|TankWar_P2|TankWar_P3|TankWar_P4|TankWar_P5,TankWar_P1|TankWar_P2|TankWar_P3|TankWar_P4|TankWar_P5
D460,RC-0132,C:\Users\JBNU\git\ConstraintsRecovery\assets\tankwar\asset15,105,Menu.add,METHOD,C:\Users\JBNU\git\ConstraintsRecovery\assets\tankwar\asset15:IF:8-281,asset15,true,C:\Users\JBNU\git\ConstraintsRecovery\assets\tankwar\asset15,19,Menu.options,FIELD,C:\Users\JBNU\git\ConstraintsRecovery\assets\tankwar\asset15:IF:8-281,asset15,true,FIELD_REFERENCE,"options.addElement(new Option(true, str, prioritaet));",TankWar_P1|TankWar_P2|TankWar_P3|TankWar_P4|TankWar_P5,TankWar_P1|TankWar_P2|TankWar_P3|TankWar_P4|TankWar_P5
D461,RC-0132,C:\Users\JBNU\git\ConstraintsRecovery\assets\tankwar\asset15,110,Menu.add,METHOD,C:\Users\JBNU\git\ConstraintsRecovery\assets\tankwar\asset15:IF:8-281,asset15,true,C:\Users\JBNU\git\ConstraintsRecovery\assets\tankwar\asset15,19,Menu.options,FIELD,C:\Users\JBNU\git\ConstraintsRecovery\assets\tankwar\asset15:IF:8-281,asset15,true,FIELD_REFERENCE,if (options.size() > 0) {,TankWar_P1|TankWar_P2|TankWar_P3|TankWar_P4|TankWar_P5,TankWar_P1|TankWar_P2|TankWar_P3|TankWar_P4|TankWar_P5
D462,RC-0132,C:\Users\JBNU\git\ConstraintsRecovery\assets\tankwar\asset15,112,Menu.add,METHOD,C:\Users\JBNU\git\ConstraintsRecovery\assets\tankwar\asset15:IF:8-281,asset15,true,C:\Users\JBNU\git\ConstraintsRecovery\assets\tankwar\asset15,19,Menu.options,FIELD,C:\Users\JBNU\git\ConstraintsRecovery\assets\tankwar\asset15:IF:8-281,asset15,true,FIELD_REFERENCE,for (int i = 0; i < options.size(); i++) {,TankWar_P1|TankWar_P2|TankWar_P3|TankWar_P4|TankWar_P5,TankWar_P1|TankWar_P2|TankWar_P3|TankWar_P4|TankWar_P5
D463,RC-0132,C:\Users\JBNU\git\ConstraintsRecovery\assets\tankwar\asset15,113,Menu.add,METHOD,C:\Users\JBNU\git\ConstraintsRecovery\assets\tankwar\asset15:IF:8-281,asset15,true,C:\Users\JBNU\git\ConstraintsRecovery\assets\tankwar\asset15,19,Menu.options,FIELD,C:\Users\JBNU\git\ConstraintsRecovery\assets\tankwar\asset15:IF:8-281,asset15,true,FIELD_REFERENCE,if (prioritaet >= ((Option) options.elementAt(i)).prioritaet) {,TankWar_P1|TankWar_P2|TankWar_P3|TankWar_P4|TankWar_P5,TankWar_P1|TankWar_P2|TankWar_P3|TankWar_P4|TankWar_P5
D465,RC-0132,C:\Users\JBNU\git\ConstraintsRecovery\assets\tankwar\asset15,114,Menu.add,METHOD,C:\Users\JBNU\git\ConstraintsRecovery\assets\tankwar\asset15:IF:8-281,asset15,true,C:\Users\JBNU\git\ConstraintsRecovery\assets\tankwar\asset15,19,Menu.options,FIELD,C:\Users\JBNU\git\ConstraintsRecovery\assets\tankwar\asset15:IF:8-281,asset15,true,FIELD_REFERENCE,temp.addElement(options.elementAt(i));,TankWar_P1|TankWar_P2|TankWar_P3|TankWar_P4|TankWar_P5,TankWar_P1|TankWar_P2|TankWar_P3|TankWar_P4|TankWar_P5
D467,RC-0132,C:\Users\JBNU\git\ConstraintsRecovery\assets\tankwar\asset15,118,Menu.add,METHOD,C:\Users\JBNU\git\ConstraintsRecovery\assets\tankwar\asset15:IF:8-281,asset15,true,C:\Users\JBNU\git\ConstraintsRecovery\assets\tankwar\asset15,19,Menu.options,FIELD,C:\Users\JBNU\git\ConstraintsRecovery\assets\tankwar\asset15:IF:8-281,asset15,true,FIELD_REFERENCE,for (int j = i; j < options.size(); j++) {,TankWar_P1|TankWar_P2|TankWar_P3|TankWar_P4|TankWar_P5,TankWar_P1|TankWar_P2|TankWar_P3|TankWar_P4|TankWar_P5
D468,RC-0132,C:\Users\JBNU\git\ConstraintsRecovery\assets\tankwar\asset15,119,Menu.add,METHOD,C:\Users\JBNU\git\ConstraintsRecovery\assets\tankwar\asset15:IF:8-281,asset15,true,C:\Users\JBNU\git\ConstraintsRecovery\assets\tankwar\asset15,19,Menu.options,FIELD,C:\Users\JBNU\git\ConstraintsRecovery\assets\tankwar\asset15:IF:8-281,asset15,true,FIELD_REFERENCE,temp.addElement(options.elementAt(j));,TankWar_P1|TankWar_P2|TankWar_P3|TankWar_P4|TankWar_P5,TankWar_P1|TankWar_P2|TankWar_P3|TankWar_P4|TankWar_P5
D470,RC-0132,C:\Users\JBNU\git\ConstraintsRecovery\assets\tankwar\asset15,127,Menu.add,METHOD,C:\Users\JBNU\git\ConstraintsRecovery\assets\tankwar\asset15:IF:8-281,asset15,true,C:\Users\JBNU\git\ConstraintsRecovery\assets\tankwar\asset15,19,Menu.options,FIELD,C:\Users\JBNU\git\ConstraintsRecovery\assets\tankwar\asset15:IF:8-281,asset15,true,FIELD_REFERENCE,options.removeAllElements();,TankWar_P1|TankWar_P2|TankWar_P3|TankWar_P4|TankWar_P5,TankWar_P1|TankWar_P2|TankWar_P3|TankWar_P4|TankWar_P5
D471,RC-0132,C:\Users\JBNU\git\ConstraintsRecovery\assets\tankwar\asset15,129,Menu.add,METHOD,C:\Users\JBNU\git\ConstraintsRecovery\assets\tankwar\asset15:IF:8-281,asset15,true,C:\Users\JBNU\git\ConstraintsRecovery\assets\tankwar\asset15,19,Menu.options,FIELD,C:\Users\JBNU\git\ConstraintsRecovery\assets\tankwar\asset15:IF:8-281,asset15,true,FIELD_REFERENCE,options.addElement(temp.elementAt(i));,TankWar_P1|TankWar_P2|TankWar_P3|TankWar_P4|TankWar_P5,TankWar_P1|TankWar_P2|TankWar_P3|TankWar_P4|TankWar_P5
D472,RC-0132,C:\Users\JBNU\git\ConstraintsRecovery\assets\tankwar\asset15,131,Menu.add,METHOD,C:\Users\JBNU\git\ConstraintsRecovery\assets\tankwar\asset15:IF:8-281,asset15,true,C:\Users\JBNU\git\ConstraintsRecovery\assets\tankwar\asset15,19,Menu.options,FIELD,C:\Users\JBNU\git\ConstraintsRecovery\assets\tankwar\asset15:IF:8-281,asset15,true,FIELD_REFERENCE,((Option) options.elementAt(i)).status = true;,TankWar_P1|TankWar_P2|TankWar_P3|TankWar_P4|TankWar_P5,TankWar_P1|TankWar_P2|TankWar_P3|TankWar_P4|TankWar_P5
D473,RC-0132,C:\Users\JBNU\git\ConstraintsRecovery\assets\tankwar\asset15,133,Menu.add,METHOD,C:\Users\JBNU\git\ConstraintsRecovery\assets\tankwar\asset15:IF:8-281,asset15,true,C:\Users\JBNU\git\ConstraintsRecovery\assets\tankwar\asset15,19,Menu.options,FIELD,C:\Users\JBNU\git\ConstraintsRecovery\assets\tankwar\asset15:IF:8-281,asset15,true,FIELD_REFERENCE,((Option) options.elementAt(i)).status = false;,TankWar_P1|TankWar_P2|TankWar_P3|TankWar_P4|TankWar_P5,TankWar_P1|TankWar_P2|TankWar_P3|TankWar_P4|TankWar_P5
D475,RC-0132,C:\Users\JBNU\git\ConstraintsRecovery\assets\tankwar\asset15,137,Menu.add,METHOD,C:\Users\JBNU\git\ConstraintsRecovery\assets\tankwar\asset15:IF:8-281,asset15,true,C:\Users\JBNU\git\ConstraintsRecovery\assets\tankwar\asset15,19,Menu.options,FIELD,C:\Users\JBNU\git\ConstraintsRecovery\assets\tankwar\asset15:IF:8-281,asset15,true,FIELD_REFERENCE,"options.addElement(new Option(true, str, prioritaet));",TankWar_P1|TankWar_P2|TankWar_P3|TankWar_P4|TankWar_P5,TankWar_P1|TankWar_P2|TankWar_P3|TankWar_P4|TankWar_P5
D476,RC-0132,C:\Users\JBNU\git\ConstraintsRecovery\assets\tankwar\asset15,142,Menu.add,METHOD,C:\Users\JBNU\git\ConstraintsRecovery\assets\tankwar\asset15:IF:8-281,asset15,true,C:\Users\JBNU\git\ConstraintsRecovery\assets\tankwar\asset15,19,Menu.options,FIELD,C:\Users\JBNU\git\ConstraintsRecovery\assets\tankwar\asset15:IF:8-281,asset15,true,FIELD_REFERENCE,if (options.size() > 0) {,TankWar_P1|TankWar_P2|TankWar_P3|TankWar_P4|TankWar_P5,TankWar_P1|TankWar_P2|TankWar_P3|TankWar_P4|TankWar_P5
D477,RC-0132,C:\Users\JBNU\git\ConstraintsRecovery\assets\tankwar\asset15,144,Menu.add,METHOD,C:\Users\JBNU\git\ConstraintsRecovery\assets\tankwar\asset15:IF:8-281,asset15,true,C:\Users\JBNU\git\ConstraintsRecovery\assets\tankwar\asset15,19,Menu.options,FIELD,C:\Users\JBNU\git\ConstraintsRecovery\assets\tankwar\asset15:IF:8-281,asset15,true,FIELD_REFERENCE,for (int i = 0; i < options.size(); i++) {,TankWar_P1|TankWar_P2|TankWar_P3|TankWar_P4|TankWar_P5,TankWar_P1|TankWar_P2|TankWar_P3|TankWar_P4|TankWar_P5
D478,RC-0132,C:\Users\JBNU\git\ConstraintsRecovery\assets\tankwar\asset15,145,Menu.add,METHOD,C:\Users\JBNU\git\ConstraintsRecovery\assets\tankwar\asset15:IF:8-281,asset15,true,C:\Users\JBNU\git\ConstraintsRecovery\assets\tankwar\asset15,19,Menu.options,FIELD,C:\Users\JBNU\git\ConstraintsRecovery\assets\tankwar\asset15:IF:8-281,asset15,true,FIELD_REFERENCE,if (prioritaet >= ((Option) options.elementAt(i)).prioritaet) {,TankWar_P1|TankWar_P2|TankWar_P3|TankWar_P4|TankWar_P5,TankWar_P1|TankWar_P2|TankWar_P3|TankWar_P4|TankWar_P5
D480,RC-0132,C:\Users\JBNU\git\ConstraintsRecovery\assets\tankwar\asset15,146,Menu.add,METHOD,C:\Users\JBNU\git\ConstraintsRecovery\assets\tankwar\asset15:IF:8-281,asset15,true,C:\Users\JBNU\git\ConstraintsRecovery\assets\tankwar\asset15,19,Menu.options,FIELD,C:\Users\JBNU\git\ConstraintsRecovery\assets\tankwar\asset15:IF:8-281,asset15,true,FIELD_REFERENCE,temp.addElement(options.elementAt(i));,TankWar_P1|TankWar_P2|TankWar_P3|TankWar_P4|TankWar_P5,TankWar_P1|TankWar_P2|TankWar_P3|TankWar_P4|TankWar_P5
D482,RC-0132,C:\Users\JBNU\git\ConstraintsRecovery\assets\tankwar\asset15,150,Menu.add,METHOD,C:\Users\JBNU\git\ConstraintsRecovery\assets\tankwar\asset15:IF:8-281,asset15,true,C:\Users\JBNU\git\ConstraintsRecovery\assets\tankwar\asset15,19,Menu.options,FIELD,C:\Users\JBNU\git\ConstraintsRecovery\assets\tankwar\asset15:IF:8-281,asset15,true,FIELD_REFERENCE,for (int j = i; j < options.size(); j++) {,TankWar_P1|TankWar_P2|TankWar_P3|TankWar_P4|TankWar_P5,TankWar_P1|TankWar_P2|TankWar_P3|TankWar_P4|TankWar_P5
D483,RC-0132,C:\Users\JBNU\git\ConstraintsRecovery\assets\tankwar\asset15,151,Menu.add,METHOD,C:\Users\JBNU\git\ConstraintsRecovery\assets\tankwar\asset15:IF:8-281,asset15,true,C:\Users\JBNU\git\ConstraintsRecovery\assets\tankwar\asset15,19,Menu.options,FIELD,C:\Users\JBNU\git\ConstraintsRecovery\assets\tankwar\asset15:IF:8-281,asset15,true,FIELD_REFERENCE,temp.addElement(options.elementAt(j));,TankWar_P1|TankWar_P2|TankWar_P3|TankWar_P4|TankWar_P5,TankWar_P1|TankWar_P2|TankWar_P3|TankWar_P4|TankWar_P5
D485,RC-0132,C:\Users\JBNU\git\ConstraintsRecovery\assets\tankwar\asset15,159,Menu.add,METHOD,C:\Users\JBNU\git\ConstraintsRecovery\assets\tankwar\asset15:IF:8-281,asset15,true,C:\Users\JBNU\git\ConstraintsRecovery\assets\tankwar\asset15,19,Menu.options,FIELD,C:\Users\JBNU\git\ConstraintsRecovery\assets\tankwar\asset15:IF:8-281,asset15,true,FIELD_REFERENCE,options.removeAllElements();,TankWar_P1|TankWar_P2|TankWar_P3|TankWar_P4|TankWar_P5,TankWar_P1|TankWar_P2|TankWar_P3|TankWar_P4|TankWar_P5
D486,RC-0132,C:\Users\JBNU\git\ConstraintsRecovery\assets\tankwar\asset15,161,Menu.add,METHOD,C:\Users\JBNU\git\ConstraintsRecovery\assets\tankwar\asset15:IF:8-281,asset15,true,C:\Users\JBNU\git\ConstraintsRecovery\assets\tankwar\asset15,19,Menu.options,FIELD,C:\Users\JBNU\git\ConstraintsRecovery\assets\tankwar\asset15:IF:8-281,asset15,true,FIELD_REFERENCE,options.addElement(temp.elementAt(i));,TankWar_P1|TankWar_P2|TankWar_P3|TankWar_P4|TankWar_P5,TankWar_P1|TankWar_P2|TankWar_P3|TankWar_P4|TankWar_P5
D487,RC-0132,C:\Users\JBNU\git\ConstraintsRecovery\assets\tankwar\asset15,163,Menu.add,METHOD,C:\Users\JBNU\git\ConstraintsRecovery\assets\tankwar\asset15:IF:8-281,asset15,true,C:\Users\JBNU\git\ConstraintsRecovery\assets\tankwar\asset15,19,Menu.options,FIELD,C:\Users\JBNU\git\ConstraintsRecovery\assets\tankwar\asset15:IF:8-281,asset15,true,FIELD_REFERENCE,((Option) options.elementAt(i)).status = true;,TankWar_P1|TankWar_P2|TankWar_P3|TankWar_P4|TankWar_P5,TankWar_P1|TankWar_P2|TankWar_P3|TankWar_P4|TankWar_P5
D488,RC-0132,C:\Users\JBNU\git\ConstraintsRecovery\assets\tankwar\asset15,165,Menu.add,METHOD,C:\Users\JBNU\git\ConstraintsRecovery\assets\tankwar\asset15:IF:8-281,asset15,true,C:\Users\JBNU\git\ConstraintsRecovery\assets\tankwar\asset15,19,Menu.options,FIELD,C:\Users\JBNU\git\ConstraintsRecovery\assets\tankwar\asset15:IF:8-281,asset15,true,FIELD_REFERENCE,((Option) options.elementAt(i)).status = false;,TankWar_P1|TankWar_P2|TankWar_P3|TankWar_P4|TankWar_P5,TankWar_P1|TankWar_P2|TankWar_P3|TankWar_P4|TankWar_P5
D490,RC-0132,C:\Users\JBNU\git\ConstraintsRecovery\assets\tankwar\asset15,169,Menu.add,METHOD,C:\Users\JBNU\git\ConstraintsRecovery\assets\tankwar\asset15:IF:8-281,asset15,true,C:\Users\JBNU\git\ConstraintsRecovery\assets\tankwar\asset15,19,Menu.options,FIELD,C:\Users\JBNU\git\ConstraintsRecovery\assets\tankwar\asset15:IF:8-281,asset15,true,FIELD_REFERENCE,"options.addElement(new Option(true, str, img, img2, prioritaet));",TankWar_P1|TankWar_P2|TankWar_P3|TankWar_P4|TankWar_P5,TankWar_P1|TankWar_P2|TankWar_P3|TankWar_P4|TankWar_P5
D594,RC-0133,C:\Users\JBNU\git\ConstraintsRecovery\assets\tankwar\asset15,36,Menu.addLogo,METHOD,C:\Users\JBNU\git\ConstraintsRecovery\assets\tankwar\asset15:IF:8-281,asset15,true,C:\Users\JBNU\git\ConstraintsRecovery\assets\tankwar\asset15,23,Menu.logoimage,FIELD,C:\Users\JBNU\git\ConstraintsRecovery\assets\tankwar\asset15:IF:8-281,asset15,true,FIELD_REFERENCE,((Menu) this).logoimage = img;,TankWar_P1|TankWar_P2|TankWar_P3|TankWar_P4|TankWar_P5,TankWar_P1|TankWar_P2|TankWar_P3|TankWar_P4|TankWar_P5
D512,RC-0134,C:\Users\JBNU\git\ConstraintsRecovery\assets\tankwar\asset15,216,Menu.erscheinen,METHOD,C:\Users\JBNU\git\ConstraintsRecovery\assets\tankwar\asset15:IF:8-281,asset15,true,C:\Users\JBNU\git\ConstraintsRecovery\assets\tankwar\asset15,29,Menu.font,FIELD,C:\Users\JBNU\git\ConstraintsRecovery\assets\tankwar\asset15:IF:8-281,asset15,true,FIELD_REFERENCE,"font = new Font(""Arial"", Font.PLAIN, fontSize);",TankWar_P1|TankWar_P2|TankWar_P3|TankWar_P4|TankWar_P5,TankWar_P1|TankWar_P2|TankWar_P3|TankWar_P4|TankWar_P5
D513,RC-0134,C:\Users\JBNU\git\ConstraintsRecovery\assets\tankwar\asset15,217,Menu.erscheinen,METHOD,C:\Users\JBNU\git\ConstraintsRecovery\assets\tankwar\asset15:IF:8-281,asset15,true,C:\Users\JBNU\git\ConstraintsRecovery\assets\tankwar\asset15,29,Menu.font,FIELD,C:\Users\JBNU\git\ConstraintsRecovery\assets\tankwar\asset15:IF:8-281,asset15,true,FIELD_REFERENCE,gTemp.setFont(font);,TankWar_P1|TankWar_P2|TankWar_P3|TankWar_P4|TankWar_P5,TankWar_P1|TankWar_P2|TankWar_P3|TankWar_P4|TankWar_P5
D511,RC-0135,C:\Users\JBNU\git\ConstraintsRecovery\assets\tankwar\asset15,216,Menu.erscheinen,METHOD,C:\Users\JBNU\git\ConstraintsRecovery\assets\tankwar\asset15:IF:8-281,asset15,true,C:\Users\JBNU\git\ConstraintsRecovery\assets\tankwar\asset15,28,Menu.fontSize,FIELD,C:\Users\JBNU\git\ConstraintsRecovery\assets\tankwar\asset15:IF:8-281,asset15,true,FIELD_REFERENCE,"font = new Font(""Arial"", Font.PLAIN, fontSize);",TankWar_P1|TankWar_P2|TankWar_P3|TankWar_P4|TankWar_P5,TankWar_P1|TankWar_P2|TankWar_P3|TankWar_P4|TankWar_P5
D515,RC-0136,C:\Users\JBNU\git\ConstraintsRecovery\assets\tankwar\asset15,219,Menu.erscheinen,METHOD,C:\Users\JBNU\git\ConstraintsRecovery\assets\tankwar\asset15:IF:8-281,asset15,true,C:\Users\JBNU\git\ConstraintsRecovery\assets\tankwar\asset15,20,Menu.logoXK,FIELD,C:\Users\JBNU\git\ConstraintsRecovery\assets\tankwar\asset15:IF:8-281,asset15,true,FIELD_REFERENCE,"gTemp.drawImage(logoimage, logoXK, logoYK, null);",TankWar_P1|TankWar_P2|TankWar_P3|TankWar_P4|TankWar_P5,TankWar_P1|TankWar_P2|TankWar_P3|TankWar_P4|TankWar_P5
D516,RC-0137,C:\Users\JBNU\git\ConstraintsRecovery\assets\tankwar\asset15,219,Menu.erscheinen,METHOD,C:\Users\JBNU\git\ConstraintsRecovery\assets\tankwar\asset15:IF:8-281,asset15,true,C:\Users\JBNU\git\ConstraintsRecovery\assets\tankwar\asset15,20,Menu.logoYK,FIELD,C:\Users\JBNU\git\ConstraintsRecovery\assets\tankwar\asset15:IF:8-281,asset15,true,FIELD_REFERENCE,"gTemp.drawImage(logoimage, logoXK, logoYK, null);",TankWar_P1|TankWar_P2|TankWar_P3|TankWar_P4|TankWar_P5,TankWar_P1|TankWar_P2|TankWar_P3|TankWar_P4|TankWar_P5
D514,RC-0138,C:\Users\JBNU\git\ConstraintsRecovery\assets\tankwar\asset15,218,Menu.erscheinen,METHOD,C:\Users\JBNU\git\ConstraintsRecovery\assets\tankwar\asset15:IF:8-281,asset15,true,C:\Users\JBNU\git\ConstraintsRecovery\assets\tankwar\asset15,23,Menu.logoimage,FIELD,C:\Users\JBNU\git\ConstraintsRecovery\assets\tankwar\asset15:IF:8-281,asset15,true,FIELD_REFERENCE,if (((Menu) this).logoimage != null) {,TankWar_P1|TankWar_P2|TankWar_P3|TankWar_P4|TankWar_P5,TankWar_P1|TankWar_P2|TankWar_P3|TankWar_P4|TankWar_P5
D517,RC-0138,C:\Users\JBNU\git\ConstraintsRecovery\assets\tankwar\asset15,219,Menu.erscheinen,METHOD,C:\Users\JBNU\git\ConstraintsRecovery\assets\tankwar\asset15:IF:8-281,asset15,true,C:\Users\JBNU\git\ConstraintsRecovery\assets\tankwar\asset15,23,Menu.logoimage,FIELD,C:\Users\JBNU\git\ConstraintsRecovery\assets\tankwar\asset15:IF:8-281,asset15,true,FIELD_REFERENCE,"gTemp.drawImage(logoimage, logoXK, logoYK, null);",TankWar_P1|TankWar_P2|TankWar_P3|TankWar_P4|TankWar_P5,TankWar_P1|TankWar_P2|TankWar_P3|TankWar_P4|TankWar_P5
D518,RC-0139,C:\Users\JBNU\git\ConstraintsRecovery\assets\tankwar\asset15,222,Menu.erscheinen,METHOD,C:\Users\JBNU\git\ConstraintsRecovery\assets\tankwar\asset15:IF:8-281,asset15,true,C:\Users\JBNU\git\ConstraintsRecovery\assets\tankwar\asset15,19,Menu.options,FIELD,C:\Users\JBNU\git\ConstraintsRecovery\assets\tankwar\asset15:IF:8-281,asset15,true,FIELD_REFERENCE,if (((Option) options.elementAt(0)).img == null) {,TankWar_P1|TankWar_P2|TankWar_P3|TankWar_P4|TankWar_P5,TankWar_P1|TankWar_P2|TankWar_P3|TankWar_P4|TankWar_P5
D520,RC-0139,C:\Users\JBNU\git\ConstraintsRecovery\assets\tankwar\asset15,223,Menu.erscheinen,METHOD,C:\Users\JBNU\git\ConstraintsRecovery\assets\tankwar\asset15:IF:8-281,asset15,true,C:\Users\JBNU\git\ConstraintsRecovery\assets\tankwar\asset15,19,Menu.options,FIELD,C:\Users\JBNU\git\ConstraintsRecovery\assets\tankwar\asset15:IF:8-281,asset15,true,FIELD_REFERENCE,for (int i = 0; i < options.size(); i++) {,TankWar_P1|TankWar_P2|TankWar_P3|TankWar_P4|TankWar_P5,TankWar_P1|TankWar_P2|TankWar_P3|TankWar_P4|TankWar_P5
D521,RC-0139,C:\Users\JBNU\git\ConstraintsRecovery\assets\tankwar\asset15,225,Menu.erscheinen,METHOD,C:\Users\JBNU\git\ConstraintsRecovery\assets\tankwar\asset15:IF:8-281,asset15,true,C:\Users\JBNU\git\ConstraintsRecovery\assets\tankwar\asset15,19,Menu.options,FIELD,C:\Users\JBNU\git\ConstraintsRecovery\assets\tankwar\asset15:IF:8-281,asset15,true,FIELD_REFERENCE,"Rectangle2D bounds = g.getFont().getStringBounds(((Option) options.elementAt(i)).str, frc);",TankWar_P1|TankWar_P2|TankWar_P3|TankWar_P4|TankWar_P5,TankWar_P1|TankWar_P2|TankWar_P3|TankWar_P4|TankWar_P5
D525,RC-0139,C:\Users\JBNU\git\ConstraintsRecovery\assets\tankwar\asset15,229,Menu.erscheinen,METHOD,C:\Users\JBNU\git\ConstraintsRecovery\assets\tankwar\asset15:IF:8-281,asset15,true,C:\Users\JBNU\git\ConstraintsRecovery\assets\tankwar\asset15,19,Menu.options,FIELD,C:\Users\JBNU\git\ConstraintsRecovery\assets\tankwar\asset15:IF:8-281,asset15,true,FIELD_REFERENCE,y = y_KoordinateImage - ((int) bounds.getHeight() * options.size() + zeileAbstand * (options.size() - 1)) / 2;,TankWar_P1|TankWar_P2|TankWar_P3|TankWar_P4|TankWar_P5,TankWar_P1|TankWar_P2|TankWar_P3|TankWar_P4|TankWar_P5
D528,RC-0139,C:\Users\JBNU\git\ConstraintsRecovery\assets\tankwar\asset15,232,Menu.erscheinen,METHOD,C:\Users\JBNU\git\ConstraintsRecovery\assets\tankwar\asset15:IF:8-281,asset15,true,C:\Users\JBNU\git\ConstraintsRecovery\assets\tankwar\asset15,19,Menu.options,FIELD,C:\Users\JBNU\git\ConstraintsRecovery\assets\tankwar\asset15:IF:8-281,asset15,true,FIELD_REFERENCE,x = x_KoordinateImage - ((int) bounds.getWidth() * options.size() + zeileAbstand * (options.size() - 1)) / 2;,TankWar_P1|TankWar_P2|TankWar_P3|TankWar_P4|TankWar_P5,TankWar_P1|TankWar_P2|TankWar_P3|TankWar_P4|TankWar_P5
D532,RC-0139,C:\Users\JBNU\git\ConstraintsRecovery\assets\tankwar\asset15,236,Menu.erscheinen,METHOD,C:\Users\JBNU\git\ConstraintsRecovery\assets\tankwar\asset15:IF:8-281,asset15,true,C:\Users\JBNU\git\ConstraintsRecovery\assets\tankwar\asset15,19,Menu.options,FIELD,C:\Users\JBNU\git\ConstraintsRecovery\assets\tankwar\asset15:IF:8-281,asset15,true,FIELD_REFERENCE,x = x_KoordinateImage - ((int) bounds.getWidth() * options.size() + zeileAbstand * (options.size() - 1)) / 2;,TankWar_P1|TankWar_P2|TankWar_P3|TankWar_P4|TankWar_P5,TankWar_P1|TankWar_P2|TankWar_P3|TankWar_P4|TankWar_P5
D535,RC-0139,C:\Users\JBNU\git\ConstraintsRecovery\assets\tankwar\asset15,237,Menu.erscheinen,METHOD,C:\Users\JBNU\git\ConstraintsRecovery\assets\tankwar\asset15:IF:8-281,asset15,true,C:\Users\JBNU\git\ConstraintsRecovery\assets\tankwar\asset15,19,Menu.options,FIELD,C:\Users\JBNU\git\ConstraintsRecovery\assets\tankwar\asset15:IF:8-281,asset15,true,FIELD_REFERENCE,y = y_KoordinateImage - ((int) bounds.getHeight() * options.size() + zeileAbstand * (options.size() - 1)) / 2;,TankWar_P1|TankWar_P2|TankWar_P3|TankWar_P4|TankWar_P5,TankWar_P1|TankWar_P2|TankWar_P3|TankWar_P4|TankWar_P5
D540,RC-0139,C:\Users\JBNU\git\ConstraintsRecovery\assets\tankwar\asset15,244,Menu.erscheinen,METHOD,C:\Users\JBNU\git\ConstraintsRecovery\assets\tankwar\asset15:IF:8-281,asset15,true,C:\Users\JBNU\git\ConstraintsRecovery\assets\tankwar\asset15,19,Menu.options,FIELD,C:\Users\JBNU\git\ConstraintsRecovery\assets\tankwar\asset15:IF:8-281,asset15,true,FIELD_REFERENCE,if (((Option) options.elementAt(i)).status == true) {,TankWar_P1|TankWar_P2|TankWar_P3|TankWar_P4|TankWar_P5,TankWar_P1|TankWar_P2|TankWar_P3|TankWar_P4|TankWar_P5
D542,RC-0139,C:\Users\JBNU\git\ConstraintsRecovery\assets\tankwar\asset15,251,Menu.erscheinen,METHOD,C:\Users\JBNU\git\ConstraintsRecovery\assets\tankwar\asset15:IF:8-281,asset15,true,C:\Users\JBNU\git\ConstraintsRecovery\assets\tankwar\asset15,19,Menu.options,FIELD,C:\Users\JBNU\git\ConstraintsRecovery\assets\tankwar\asset15:IF:8-281,asset15,true,FIELD_REFERENCE,"gTemp.drawString(((Option) options.elementAt(i)).str, x + i * (zeileAbstand) * xStyle, y + i * (zeileAbstand + (int) bounds.getHeight()) * yStyle);",TankWar_P1|TankWar_P2|TankWar_P3|TankWar_P4|TankWar_P5,TankWar_P1|TankWar_P2|TankWar_P3|TankWar_P4|TankWar_P5
D548,RC-0139,C:\Users\JBNU\git\ConstraintsRecovery\assets\tankwar\asset15,256,Menu.erscheinen,METHOD,C:\Users\JBNU\git\ConstraintsRecovery\assets\tankwar\asset15:IF:8-281,asset15,true,C:\Users\JBNU\git\ConstraintsRecovery\assets\tankwar\asset15,19,Menu.options,FIELD,C:\Users\JBNU\git\ConstraintsRecovery\assets\tankwar\asset15:IF:8-281,asset15,true,FIELD_REFERENCE,x = x_KoordinateImage - ((Option) options.elementAt(0)).img.getWidth(null) / 2;,TankWar_P1|TankWar_P2|TankWar_P3|TankWar_P4|TankWar_P5,TankWar_P1|TankWar_P2|TankWar_P3|TankWar_P4|TankWar_P5
D551,RC-0139,C:\Users\JBNU\git\ConstraintsRecovery\assets\tankwar\asset15,257,Menu.erscheinen,METHOD,C:\Users\JBNU\git\ConstraintsRecovery\assets\tankwar\asset15:IF:8-281,asset15,true,C:\Users\JBNU\git\ConstraintsRecovery\assets\tankwar\asset15,19,Menu.options,FIELD,C:\Users\JBNU\git\ConstraintsRecovery\assets\tankwar\asset15:IF:8-281,asset15,true,FIELD_REFERENCE,y = y_KoordinateImage - (((Option) options.elementAt(0)).img.getHeight(null) * options.size() + zeileAbstand * (options.size() - 1)) / 2;,TankWar_P1|TankWar_P2|TankWar_P3|TankWar_P4|TankWar_P5,TankWar_P1|TankWar_P2|TankWar_P3|TankWar_P4|TankWar_P5
D555,RC-0139,C:\Users\JBNU\git\ConstraintsRecovery\assets\tankwar\asset15,260,Menu.erscheinen,METHOD,C:\Users\JBNU\git\ConstraintsRecovery\assets\tankwar\asset15:IF:8-281,asset15,true,C:\Users\JBNU\git\ConstraintsRecovery\assets\tankwar\asset15,19,Menu.options,FIELD,C:\Users\JBNU\git\ConstraintsRecovery\assets\tankwar\asset15:IF:8-281,asset15,true,FIELD_REFERENCE,x = x_KoordinateImage - (((Option) options.elementAt(0)).img.getWidth(null) * options.size() + zeileAbstand * (options.size() - 1)) / 2;,TankWar_P1|TankWar_P2|TankWar_P3|TankWar_P4|TankWar_P5,TankWar_P1|TankWar_P2|TankWar_P3|TankWar_P4|TankWar_P5
D559,RC-0139,C:\Users\JBNU\git\ConstraintsRecovery\assets\tankwar\asset15,261,Menu.erscheinen,METHOD,C:\Users\JBNU\git\ConstraintsRecovery\assets\tankwar\asset15:IF:8-281,asset15,true,C:\Users\JBNU\git\ConstraintsRecovery\assets\tankwar\asset15,19,Menu.options,FIELD,C:\Users\JBNU\git\ConstraintsRecovery\assets\tankwar\asset15:IF:8-281,asset15,true,FIELD_REFERENCE,y = y_KoordinateImage - ((Option) options.elementAt(0)).img.getHeight(null) / 2;,TankWar_P1|TankWar_P2|TankWar_P3|TankWar_P4|TankWar_P5,TankWar_P1|TankWar_P2|TankWar_P3|TankWar_P4|TankWar_P5
D562,RC-0139,C:\Users\JBNU\git\ConstraintsRecovery\assets\tankwar\asset15,264,Menu.erscheinen,METHOD,C:\Users\JBNU\git\ConstraintsRecovery\assets\tankwar\asset15:IF:8-281,asset15,true,C:\Users\JBNU\git\ConstraintsRecovery\assets\tankwar\asset15,19,Menu.options,FIELD,C:\Users\JBNU\git\ConstraintsRecovery\assets\tankwar\asset15:IF:8-281,asset15,true,FIELD_REFERENCE,x = x_KoordinateImage - (((Option) options.elementAt(0)).img.getWidth(null) * options.size() + zeileAbstand * (options.size() - 1)) / 2;,TankWar_P1|TankWar_P2|TankWar_P3|TankWar_P4|TankWar_P5,TankWar_P1|TankWar_P2|TankWar_P3|TankWar_P4|TankWar_P5
D566,RC-0139,C:\Users\JBNU\git\ConstraintsRecovery\assets\tankwar\asset15,265,Menu.erscheinen,METHOD,C:\Users\JBNU\git\ConstraintsRecovery\assets\tankwar\asset15:IF:8-281,asset15,true,C:\Users\JBNU\git\ConstraintsRecovery\assets\tankwar\asset15,19,Menu.options,FIELD,C:\Users\JBNU\git\ConstraintsRecovery\assets\tankwar\asset15:IF:8-281,asset15,true,FIELD_REFERENCE,y = y_KoordinateImage - (((Option) options.elementAt(0)).img.getHeight(null) * options.size() + zeileAbstand * (options.size() - 1)) / 2;,TankWar_P1|TankWar_P2|TankWar_P3|TankWar_P4|TankWar_P5,TankWar_P1|TankWar_P2|TankWar_P3|TankWar_P4|TankWar_P5
D570,RC-0139,C:\Users\JBNU\git\ConstraintsRecovery\assets\tankwar\asset15,268,Menu.erscheinen,METHOD,C:\Users\JBNU\git\ConstraintsRecovery\assets\tankwar\asset15:IF:8-281,asset15,true,C:\Users\JBNU\git\ConstraintsRecovery\assets\tankwar\asset15,19,Menu.options,FIELD,C:\Users\JBNU\git\ConstraintsRecovery\assets\tankwar\asset15:IF:8-281,asset15,true,FIELD_REFERENCE,x = x_KoordinateImage - ((Option) options.elementAt(0)).img.getWidth(null) / 2;,TankWar_P1|TankWar_P2|TankWar_P3|TankWar_P4|TankWar_P5,TankWar_P1|TankWar_P2|TankWar_P3|TankWar_P4|TankWar_P5
D573,RC-0139,C:\Users\JBNU\git\ConstraintsRecovery\assets\tankwar\asset15,269,Menu.erscheinen,METHOD,C:\Users\JBNU\git\ConstraintsRecovery\assets\tankwar\asset15:IF:8-281,asset15,true,C:\Users\JBNU\git\ConstraintsRecovery\assets\tankwar\asset15,19,Menu.options,FIELD,C:\Users\JBNU\git\ConstraintsRecovery\assets\tankwar\asset15:IF:8-281,asset15,true,FIELD_REFERENCE,y = y_KoordinateImage - ((Option) options.elementAt(0)).img.getHeight(null) / 2;,TankWar_P1|TankWar_P2|TankWar_P3|TankWar_P4|TankWar_P5,TankWar_P1|TankWar_P2|TankWar_P3|TankWar_P4|TankWar_P5
D576,RC-0139,C:\Users\JBNU\git\ConstraintsRecovery\assets\tankwar\asset15,272,Menu.erscheinen,METHOD,C:\Users\JBNU\git\ConstraintsRecovery\assets\tankwar\asset15:IF:8-281,asset15,true,C:\Users\JBNU\git\ConstraintsRecovery\assets\tankwar\asset15,19,Menu.options,FIELD,C:\Users\JBNU\git\ConstraintsRecovery\assets\tankwar\asset15:IF:8-281,asset15,true,FIELD_REFERENCE,for (int i = 0; i < options.size(); i++) {,TankWar_P1|TankWar_P2|TankWar_P3|TankWar_P4|TankWar_P5,TankWar_P1|TankWar_P2|TankWar_P3|TankWar_P4|TankWar_P5
D577,RC-0139,C:\Users\JBNU\git\ConstraintsRecovery\assets\tankwar\asset15,273,Menu.erscheinen,METHOD,C:\Users\JBNU\git\ConstraintsRecovery\assets\tankwar\asset15:IF:8-281,asset15,true,C:\Users\JBNU\git\ConstraintsRecovery\assets\tankwar\asset15,19,Menu.options,FIELD,C:\Users\JBNU\git\ConstraintsRecovery\assets\tankwar\asset15:IF:8-281,asset15,true,FIELD_REFERENCE,if (((Option) options.elementAt(i)).status == true) {,TankWar_P1|TankWar_P2|TankWar_P3|TankWar_P4|TankWar_P5,TankWar_P1|TankWar_P2|TankWar_P3|TankWar_P4|TankWar_P5
D578,RC-0139,C:\Users\JBNU\git\ConstraintsRecovery\assets\tankwar\asset15,274,Menu.erscheinen,METHOD,C:\Users\JBNU\git\ConstraintsRecovery\assets\tankwar\asset15:IF:8-281,asset15,true,C:\Users\JBNU\git\ConstraintsRecovery\assets\tankwar\asset15,19,Menu.options,FIELD,C:\Users\JBNU\git\ConstraintsRecovery\assets\tankwar\asset15:IF:8-281,asset15,true,FIELD_REFERENCE,"gTemp.drawImage(((Option) options.elementAt(i)).img2, x + i * (zeileAbstand + ((Option) options.elementAt(i)).img2.getWidth(null)) * xStyle, y + i * (zeileAbstand + ((Option) options.elementAt(i)).img2.getHeight(null)) * yStyle, null);",TankWar_P1|TankWar_P2|TankWar_P3|TankWar_P4|TankWar_P5,TankWar_P1|TankWar_P2|TankWar_P3|TankWar_P4|TankWar_P5
D584,RC-0139,C:\Users\JBNU\git\ConstraintsRecovery\assets\tankwar\asset15,276,Menu.erscheinen,METHOD,C:\Users\JBNU\git\ConstraintsRecovery\assets\tankwar\asset15:IF:8-281,asset15,true,C:\Users\JBNU\git\ConstraintsRecovery\assets\tankwar\asset15,19,Menu.options,FIELD,C:\Users\JBNU\git\ConstraintsRecovery\assets\tankwar\asset15:IF:8-281,asset15,true,FIELD_REFERENCE,"gTemp.drawImage(((Option) options.elementAt(i)).img, x + i * (zeileAbstand + ((Option) options.elementAt(i)).img2.getWidth(null)) * xStyle, y + i * (zeileAbstand + ((Option) options.elementAt(i)).img2.getHeight(null)) * yStyle, null);",TankWar_P1|TankWar_P2|TankWar_P3|TankWar_P4|TankWar_P5,TankWar_P1|TankWar_P2|TankWar_P3|TankWar_P4|TankWar_P5
D523,RC-0140,C:\Users\JBNU\git\ConstraintsRecovery\assets\tankwar\asset15,226,Menu.erscheinen,METHOD,C:\Users\JBNU\git\ConstraintsRecovery\assets\tankwar\asset15:IF:8-281,asset15,true,C:\Users\JBNU\git\ConstraintsRecovery\assets\tankwar\asset15,24,Menu.style,FIELD,C:\Users\JBNU\git\ConstraintsRecovery\assets\tankwar\asset15:IF:8-281,asset15,true,FIELD_REFERENCE,switch(style) {,TankWar_P1|TankWar_P2|TankWar_P3|TankWar_P4|TankWar_P5,TankWar_P1|TankWar_P2|TankWar_P3|TankWar_P4|TankWar_P5
D547,RC-0140,C:\Users\JBNU\git\ConstraintsRecovery\assets\tankwar\asset15,254,Menu.erscheinen,METHOD,C:\Users\JBNU\git\ConstraintsRecovery\assets\tankwar\asset15:IF:8-281,asset15,true,C:\Users\JBNU\git\ConstraintsRecovery\assets\tankwar\asset15,24,Menu.style,FIELD,C:\Users\JBNU\git\ConstraintsRecovery\assets\tankwar\asset15:IF:8-281,asset15,true,FIELD_REFERENCE,switch(style) {,TankWar_P1|TankWar_P2|TankWar_P3|TankWar_P4|TankWar_P5,TankWar_P1|TankWar_P2|TankWar_P3|TankWar_P4|TankWar_P5
D541,RC-0141,C:\Users\JBNU\git\ConstraintsRecovery\assets\tankwar\asset15,247,Menu.erscheinen,METHOD,C:\Users\JBNU\git\ConstraintsRecovery\assets\tankwar\asset15:IF:8-281,asset15,true,C:\Users\JBNU\git\ConstraintsRecovery\assets\tankwar\asset15,27,Menu.waehlbar,FIELD,C:\Users\JBNU\git\ConstraintsRecovery\assets\tankwar\asset15:IF:8-281,asset15,true,FIELD_REFERENCE,if (waehlbar) {,TankWar_P1|TankWar_P2|TankWar_P3|TankWar_P4|TankWar_P5,TankWar_P1|TankWar_P2|TankWar_P3|TankWar_P4|TankWar_P5
D544,RC-0142,C:\Users\JBNU\git\ConstraintsRecovery\assets\tankwar\asset15,251,Menu.erscheinen,METHOD,C:\Users\JBNU\git\ConstraintsRecovery\assets\tankwar\asset15:IF:8-281,asset15,true,C:\Users\JBNU\git\ConstraintsRecovery\assets\tankwar\asset15,25,Menu.xStyle,FIELD,C:\Users\JBNU\git\ConstraintsRecovery\assets\tankwar\asset15:IF:8-281,asset15,true,FIELD_REFERENCE,"gTemp.drawString(((Option) options.elementAt(i)).str, x + i * (zeileAbstand) * xStyle, y + i * (zeileAbstand + (int) bounds.getHeight()) * yStyle);",TankWar_P1|TankWar_P2|TankWar_P3|TankWar_P4|TankWar_P5,TankWar_P1|TankWar_P2|TankWar_P3|TankWar_P4|TankWar_P5
D580,RC-0142,C:\Users\JBNU\git\ConstraintsRecovery\assets\tankwar\asset15,274,Menu.erscheinen,METHOD,C:\Users\JBNU\git\ConstraintsRecovery\assets\tankwar\asset15:IF:8-281,asset15,true,C:\Users\JBNU\git\ConstraintsRecovery\assets\tankwar\asset15,25,Menu.xStyle,FIELD,C:\Users\JBNU\git\ConstraintsRecovery\assets\tankwar\asset15:IF:8-281,asset15,true,FIELD_REFERENCE,"gTemp.drawImage(((Option) options.elementAt(i)).img2, x + i * (zeileAbstand + ((Option) options.elementAt(i)).img2.getWidth(null)) * xStyle, y + i * (zeileAbstand + ((Option) options.elementAt(i)).img2.getHeight(null)) * yStyle, null);",TankWar_P1|TankWar_P2|TankWar_P3|TankWar_P4|TankWar_P5,TankWar_P1|TankWar_P2|TankWar_P3|TankWar_P4|TankWar_P5
D586,RC-0142,C:\Users\JBNU\git\ConstraintsRecovery\assets\tankwar\asset15,276,Menu.erscheinen,METHOD,C:\Users\JBNU\git\ConstraintsRecovery\assets\tankwar\asset15:IF:8-281,asset15,true,C:\Users\JBNU\git\ConstraintsRecovery\assets\tankwar\asset15,25,Menu.xStyle,FIELD,C:\Users\JBNU\git\ConstraintsRecovery\assets\tankwar\asset15:IF:8-281,asset15,true,FIELD_REFERENCE,"gTemp.drawImage(((Option) options.elementAt(i)).img, x + i * (zeileAbstand + ((Option) options.elementAt(i)).img2.getWidth(null)) * xStyle, y + i * (zeileAbstand + ((Option) options.elementAt(i)).img2.getHeight(null)) * yStyle, null);",TankWar_P1|TankWar_P2|TankWar_P3|TankWar_P4|TankWar_P5,TankWar_P1|TankWar_P2|TankWar_P3|TankWar_P4|TankWar_P5
D524,RC-0143,C:\Users\JBNU\git\ConstraintsRecovery\assets\tankwar\asset15,228,Menu.erscheinen,METHOD,C:\Users\JBNU\git\ConstraintsRecovery\assets\tankwar\asset15:IF:8-281,asset15,true,C:\Users\JBNU\git\ConstraintsRecovery\assets\tankwar\asset15,26,Menu.x_KoordinateImage,FIELD,C:\Users\JBNU\git\ConstraintsRecovery\assets\tankwar\asset15:IF:8-281,asset15,true,FIELD_REFERENCE,x = x_KoordinateImage - (int) bounds.getWidth() / 2;,TankWar_P1|TankWar_P2|TankWar_P3|TankWar_P4|TankWar_P5,TankWar_P1|TankWar_P2|TankWar_P3|TankWar_P4|TankWar_P5
D530,RC-0143,C:\Users\JBNU\git\ConstraintsRecovery\assets\tankwar\asset15,232,Menu.erscheinen,METHOD,C:\Users\JBNU\git\ConstraintsRecovery\assets\tankwar\asset15:IF:8-281,asset15,true,C:\Users\JBNU\git\ConstraintsRecovery\assets\tankwar\asset15,26,Menu.x_KoordinateImage,FIELD,C:\Users\JBNU\git\ConstraintsRecovery\assets\tankwar\asset15:IF:8-281,asset15,true,FIELD_REFERENCE,x = x_KoordinateImage - ((int) bounds.getWidth() * options.size() + zeileAbstand * (options.size() - 1)) / 2;,TankWar_P1|TankWar_P2|TankWar_P3|TankWar_P4|TankWar_P5,TankWar_P1|TankWar_P2|TankWar_P3|TankWar_P4|TankWar_P5
D534,RC-0143,C:\Users\JBNU\git\ConstraintsRecovery\assets\tankwar\asset15,236,Menu.erscheinen,METHOD,C:\Users\JBNU\git\ConstraintsRecovery\assets\tankwar\asset15:IF:8-281,asset15,true,C:\Users\JBNU\git\ConstraintsRecovery\assets\tankwar\asset15,26,Menu.x_KoordinateImage,FIELD,C:\Users\JBNU\git\ConstraintsRecovery\assets\tankwar\asset15:IF:8-281,asset15,true,FIELD_REFERENCE,x = x_KoordinateImage - ((int) bounds.getWidth() * options.size() + zeileAbstand * (options.size() - 1)) / 2;,TankWar_P1|TankWar_P2|TankWar_P3|TankWar_P4|TankWar_P5,TankWar_P1|TankWar_P2|TankWar_P3|TankWar_P4|TankWar_P5
D538,RC-0143,C:\Users\JBNU\git\ConstraintsRecovery\assets\tankwar\asset15,240,Menu.erscheinen,METHOD,C:\Users\JBNU\git\ConstraintsRecovery\assets\tankwar\asset15:IF:8-281,asset15,true,C:\Users\JBNU\git\ConstraintsRecovery\assets\tankwar\asset15,26,Menu.x_KoordinateImage,FIELD,C:\Users\JBNU\git\ConstraintsRecovery\assets\tankwar\asset15:IF:8-281,asset15,true,FIELD_REFERENCE,x = x_KoordinateImage - (int) bounds.getWidth() / 2;,TankWar_P1|TankWar_P2|TankWar_P3|TankWar_P4|TankWar_P5,TankWar_P1|TankWar_P2|TankWar_P3|TankWar_P4|TankWar_P5
D549,RC-0143,C:\Users\JBNU\git\ConstraintsRecovery\assets\tankwar\asset15,256,Menu.erscheinen,METHOD,C:\Users\JBNU\git\ConstraintsRecovery\assets\tankwar\asset15:IF:8-281,asset15,true,C:\Users\JBNU\git\ConstraintsRecovery\assets\tankwar\asset15,26,Menu.x_KoordinateImage,FIELD,C:\Users\JBNU\git\ConstraintsRecovery\assets\tankwar\asset15:IF:8-281,asset15,true,FIELD_REFERENCE,x = x_KoordinateImage - ((Option) options.elementAt(0)).img.getWidth(null) / 2;,TankWar_P1|TankWar_P2|TankWar_P3|TankWar_P4|TankWar_P5,TankWar_P1|TankWar_P2|TankWar_P3|TankWar_P4|TankWar_P5
D557,RC-0143,C:\Users\JBNU\git\ConstraintsRecovery\assets\tankwar\asset15,260,Menu.erscheinen,METHOD,C:\Users\JBNU\git\ConstraintsRecovery\assets\tankwar\asset15:IF:8-281,asset15,true,C:\Users\JBNU\git\ConstraintsRecovery\assets\tankwar\asset15,26,Menu.x_KoordinateImage,FIELD,C:\Users\JBNU\git\ConstraintsRecovery\assets\tankwar\asset15:IF:8-281,asset15,true,FIELD_REFERENCE,x = x_KoordinateImage - (((Option) options.elementAt(0)).img.getWidth(null) * options.size() + zeileAbstand * (options.size() - 1)) / 2;,TankWar_P1|TankWar_P2|TankWar_P3|TankWar_P4|TankWar_P5,TankWar_P1|TankWar_P2|TankWar_P3|TankWar_P4|TankWar_P5
D564,RC-0143,C:\Users\JBNU\git\ConstraintsRecovery\assets\tankwar\asset15,264,Menu.erscheinen,METHOD,C:\Users\JBNU\git\ConstraintsRecovery\assets\tankwar\asset15:IF:8-281,asset15,true,C:\Users\JBNU\git\ConstraintsRecovery\assets\tankwar\asset15,26,Menu.x_KoordinateImage,FIELD,C:\Users\JBNU\git\ConstraintsRecovery\assets\tankwar\asset15:IF:8-281,asset15,true,FIELD_REFERENCE,x = x_KoordinateImage - (((Option) options.elementAt(0)).img.getWidth(null) * options.size() + zeileAbstand * (options.size() - 1)) / 2;,TankWar_P1|TankWar_P2|TankWar_P3|TankWar_P4|TankWar_P5,TankWar_P1|TankWar_P2|TankWar_P3|TankWar_P4|TankWar_P5
D571,RC-0143,C:\Users\JBNU\git\ConstraintsRecovery\assets\tankwar\asset15,268,Menu.erscheinen,METHOD,C:\Users\JBNU\git\ConstraintsRecovery\assets\tankwar\asset15:IF:8-281,asset15,true,C:\Users\JBNU\git\ConstraintsRecovery\assets\tankwar\asset15,26,Menu.x_KoordinateImage,FIELD,C:\Users\JBNU\git\ConstraintsRecovery\assets\tankwar\asset15:IF:8-281,asset15,true,FIELD_REFERENCE,x = x_KoordinateImage - ((Option) options.elementAt(0)).img.getWidth(null) / 2;,TankWar_P1|TankWar_P2|TankWar_P3|TankWar_P4|TankWar_P5,TankWar_P1|TankWar_P2|TankWar_P3|TankWar_P4|TankWar_P5
D545,RC-0144,C:\Users\JBNU\git\ConstraintsRecovery\assets\tankwar\asset15,251,Menu.erscheinen,METHOD,C:\Users\JBNU\git\ConstraintsRecovery\assets\tankwar\asset15:IF:8-281,asset15,true,C:\Users\JBNU\git\ConstraintsRecovery\assets\tankwar\asset15,25,Menu.yStyle,FIELD,C:\Users\JBNU\git\ConstraintsRecovery\assets\tankwar\asset15:IF:8-281,asset15,true,FIELD_REFERENCE,"gTemp.drawString(((Option) options.elementAt(i)).str, x + i * (zeileAbstand) * xStyle, y + i * (zeileAbstand + (int) bounds.getHeight()) * yStyle);",TankWar_P1|TankWar_P2|TankWar_P3|TankWar_P4|TankWar_P5,TankWar_P1|TankWar_P2|TankWar_P3|TankWar_P4|TankWar_P5
D581,RC-0144,C:\Users\JBNU\git\ConstraintsRecovery\assets\tankwar\asset15,274,Menu.erscheinen,METHOD,C:\Users\JBNU\git\ConstraintsRecovery\assets\tankwar\asset15:IF:8-281,asset15,true,C:\Users\JBNU\git\ConstraintsRecovery\assets\tankwar\asset15,25,Menu.yStyle,FIELD,C:\Users\JBNU\git\ConstraintsRecovery\assets\tankwar\asset15:IF:8-281,asset15,true,FIELD_REFERENCE,"gTemp.drawImage(((Option) options.elementAt(i)).img2, x + i * (zeileAbstand + ((Option) options.elementAt(i)).img2.getWidth(null)) * xStyle, y + i * (zeileAbstand + ((Option) options.elementAt(i)).img2.getHeight(null)) * yStyle, null);",TankWar_P1|TankWar_P2|TankWar_P3|TankWar_P4|TankWar_P5,TankWar_P1|TankWar_P2|TankWar_P3|TankWar_P4|TankWar_P5
D587,RC-0144,C:\Users\JBNU\git\ConstraintsRecovery\assets\tankwar\asset15,276,Menu.erscheinen,METHOD,C:\Users\JBNU\git\ConstraintsRecovery\assets\tankwar\asset15:IF:8-281,asset15,true,C:\Users\JBNU\git\ConstraintsRecovery\assets\tankwar\asset15,25,Menu.yStyle,FIELD,C:\Users\JBNU\git\ConstraintsRecovery\assets\tankwar\asset15:IF:8-281,asset15,true,FIELD_REFERENCE,"gTemp.drawImage(((Option) options.elementAt(i)).img, x + i * (zeileAbstand + ((Option) options.elementAt(i)).img2.getWidth(null)) * xStyle, y + i * (zeileAbstand + ((Option) options.elementAt(i)).img2.getHeight(null)) * yStyle, null);",TankWar_P1|TankWar_P2|TankWar_P3|TankWar_P4|TankWar_P5,TankWar_P1|TankWar_P2|TankWar_P3|TankWar_P4|TankWar_P5
D527,RC-0145,C:\Users\JBNU\git\ConstraintsRecovery\assets\tankwar\asset15,229,Menu.erscheinen,METHOD,C:\Users\JBNU\git\ConstraintsRecovery\assets\tankwar\asset15:IF:8-281,asset15,true,C:\Users\JBNU\git\ConstraintsRecovery\assets\tankwar\asset15,26,Menu.y_KoordinateImage,FIELD,C:\Users\JBNU\git\ConstraintsRecovery\assets\tankwar\asset15:IF:8-281,asset15,true,FIELD_REFERENCE,y = y_KoordinateImage - ((int) bounds.getHeight() * options.size() + zeileAbstand * (options.size() - 1)) / 2;,TankWar_P1|TankWar_P2|TankWar_P3|TankWar_P4|TankWar_P5,TankWar_P1|TankWar_P2|TankWar_P3|TankWar_P4|TankWar_P5
D531,RC-0145,C:\Users\JBNU\git\ConstraintsRecovery\assets\tankwar\asset15,233,Menu.erscheinen,METHOD,C:\Users\JBNU\git\ConstraintsRecovery\assets\tankwar\asset15:IF:8-281,asset15,true,C:\Users\JBNU\git\ConstraintsRecovery\assets\tankwar\asset15,26,Menu.y_KoordinateImage,FIELD,C:\Users\JBNU\git\ConstraintsRecovery\assets\tankwar\asset15:IF:8-281,asset15,true,FIELD_REFERENCE,y = y_KoordinateImage - (int) bounds.getHeight() / 2;,TankWar_P1|TankWar_P2|TankWar_P3|TankWar_P4|TankWar_P5,TankWar_P1|TankWar_P2|TankWar_P3|TankWar_P4|TankWar_P5
D537,RC-0145,C:\Users\JBNU\git\ConstraintsRecovery\assets\tankwar\asset15,237,Menu.erscheinen,METHOD,C:\Users\JBNU\git\ConstraintsRecovery\assets\tankwar\asset15:IF:8-281,asset15,true,C:\Users\JBNU\git\ConstraintsRecovery\assets\tankwar\asset15,26,Menu.y_KoordinateImage,FIELD,C:\Users\JBNU\git\ConstraintsRecovery\assets\tankwar\asset15:IF:8-281,asset15,true,FIELD_REFERENCE,y = y_KoordinateImage - ((int) bounds.getHeight() * options.size() + zeileAbstand * (options.size() - 1)) / 2;,TankWar_P1|TankWar_P2|TankWar_P3|TankWar_P4|TankWar_P5,TankWar_P1|TankWar_P2|TankWar_P3|TankWar_P4|TankWar_P5
D539,RC-0145,C:\Users\JBNU\git\ConstraintsRecovery\assets\tankwar\asset15,241,Menu.erscheinen,METHOD,C:\Users\JBNU\git\ConstraintsRecovery\assets\tankwar\asset15:IF:8-281,asset15,true,C:\Users\JBNU\git\ConstraintsRecovery\assets\tankwar\asset15,26,Menu.y_KoordinateImage,FIELD,C:\Users\JBNU\git\ConstraintsRecovery\assets\tankwar\asset15:IF:8-281,asset15,true,FIELD_REFERENCE,y = y_KoordinateImage - (int) bounds.getHeight() / 2;,TankWar_P1|TankWar_P2|TankWar_P3|TankWar_P4|TankWar_P5,TankWar_P1|TankWar_P2|TankWar_P3|TankWar_P4|TankWar_P5
D553,RC-0145,C:\Users\JBNU\git\ConstraintsRecovery\assets\tankwar\asset15,257,Menu.erscheinen,METHOD,C:\Users\JBNU\git\ConstraintsRecovery\assets\tankwar\asset15:IF:8-281,asset15,true,C:\Users\JBNU\git\ConstraintsRecovery\assets\tankwar\asset15,26,Menu.y_KoordinateImage,FIELD,C:\Users\JBNU\git\ConstraintsRecovery\assets\tankwar\asset15:IF:8-281,asset15,true,FIELD_REFERENCE,y = y_KoordinateImage - (((Option) options.elementAt(0)).img.getHeight(null) * options.size() + zeileAbstand * (options.size() - 1)) / 2;,TankWar_P1|TankWar_P2|TankWar_P3|TankWar_P4|TankWar_P5,TankWar_P1|TankWar_P2|TankWar_P3|TankWar_P4|TankWar_P5
D560,RC-0145,C:\Users\JBNU\git\ConstraintsRecovery\assets\tankwar\asset15,261,Menu.erscheinen,METHOD,C:\Users\JBNU\git\ConstraintsRecovery\assets\tankwar\asset15:IF:8-281,asset15,true,C:\Users\JBNU\git\ConstraintsRecovery\assets\tankwar\asset15,26,Menu.y_KoordinateImage,FIELD,C:\Users\JBNU\git\ConstraintsRecovery\assets\tankwar\asset15:IF:8-281,asset15,true,FIELD_REFERENCE,y = y_KoordinateImage - ((Option) options.elementAt(0)).img.getHeight(null) / 2;,TankWar_P1|TankWar_P2|TankWar_P3|TankWar_P4|TankWar_P5,TankWar_P1|TankWar_P2|TankWar_P3|TankWar_P4|TankWar_P5
D568,RC-0145,C:\Users\JBNU\git\ConstraintsRecovery\assets\tankwar\asset15,265,Menu.erscheinen,METHOD,C:\Users\JBNU\git\ConstraintsRecovery\assets\tankwar\asset15:IF:8-281,asset15,true,C:\Users\JBNU\git\ConstraintsRecovery\assets\tankwar\asset15,26,Menu.y_KoordinateImage,FIELD,C:\Users\JBNU\git\ConstraintsRecovery\assets\tankwar\asset15:IF:8-281,asset15,true,FIELD_REFERENCE,y = y_KoordinateImage - (((Option) options.elementAt(0)).img.getHeight(null) * options.size() + zeileAbstand * (options.size() - 1)) / 2;,TankWar_P1|TankWar_P2|TankWar_P3|TankWar_P4|TankWar_P5,TankWar_P1|TankWar_P2|TankWar_P3|TankWar_P4|TankWar_P5
D574,RC-0145,C:\Users\JBNU\git\ConstraintsRecovery\assets\tankwar\asset15,269,Menu.erscheinen,METHOD,C:\Users\JBNU\git\ConstraintsRecovery\assets\tankwar\asset15:IF:8-281,asset15,true,C:\Users\JBNU\git\ConstraintsRecovery\assets\tankwar\asset15,26,Menu.y_KoordinateImage,FIELD,C:\Users\JBNU\git\ConstraintsRecovery\assets\tankwar\asset15:IF:8-281,asset15,true,FIELD_REFERENCE,y = y_KoordinateImage - ((Option) options.elementAt(0)).img.getHeight(null) / 2;,TankWar_P1|TankWar_P2|TankWar_P3|TankWar_P4|TankWar_P5,TankWar_P1|TankWar_P2|TankWar_P3|TankWar_P4|TankWar_P5
D526,RC-0146,C:\Users\JBNU\git\ConstraintsRecovery\assets\tankwar\asset15,229,Menu.erscheinen,METHOD,C:\Users\JBNU\git\ConstraintsRecovery\assets\tankwar\asset15:IF:8-281,asset15,true,C:\Users\JBNU\git\ConstraintsRecovery\assets\tankwar\asset15,21,Menu.zeileAbstand,FIELD,C:\Users\JBNU\git\ConstraintsRecovery\assets\tankwar\asset15:IF:8-281,asset15,true,FIELD_REFERENCE,y = y_KoordinateImage - ((int) bounds.getHeight() * options.size() + zeileAbstand * (options.size() - 1)) / 2;,TankWar_P1|TankWar_P2|TankWar_P3|TankWar_P4|TankWar_P5,TankWar_P1|TankWar_P2|TankWar_P3|TankWar_P4|TankWar_P5
D529,RC-0146,C:\Users\JBNU\git\ConstraintsRecovery\assets\tankwar\asset15,232,Menu.erscheinen,METHOD,C:\Users\JBNU\git\ConstraintsRecovery\assets\tankwar\asset15:IF:8-281,asset15,true,C:\Users\JBNU\git\ConstraintsRecovery\assets\tankwar\asset15,21,Menu.zeileAbstand,FIELD,C:\Users\JBNU\git\ConstraintsRecovery\assets\tankwar\asset15:IF:8-281,asset15,true,FIELD_REFERENCE,x = x_KoordinateImage - ((int) bounds.getWidth() * options.size() + zeileAbstand * (options.size() - 1)) / 2;,TankWar_P1|TankWar_P2|TankWar_P3|TankWar_P4|TankWar_P5,TankWar_P1|TankWar_P2|TankWar_P3|TankWar_P4|TankWar_P5
D533,RC-0146,C:\Users\JBNU\git\ConstraintsRecovery\assets\tankwar\asset15,236,Menu.erscheinen,METHOD,C:\Users\JBNU\git\ConstraintsRecovery\assets\tankwar\asset15:IF:8-281,asset15,true,C:\Users\JBNU\git\ConstraintsRecovery\assets\tankwar\asset15,21,Menu.zeileAbstand,FIELD,C:\Users\JBNU\git\ConstraintsRecovery\assets\tankwar\asset15:IF:8-281,asset15,true,FIELD_REFERENCE,x = x_KoordinateImage - ((int) bounds.getWidth() * options.size() + zeileAbstand * (options.size() - 1)) / 2;,TankWar_P1|TankWar_P2|TankWar_P3|TankWar_P4|TankWar_P5,TankWar_P1|TankWar_P2|TankWar_P3|TankWar_P4|TankWar_P5
D536,RC-0146,C:\Users\JBNU\git\ConstraintsRecovery\assets\tankwar\asset15,237,Menu.erscheinen,METHOD,C:\Users\JBNU\git\ConstraintsRecovery\assets\tankwar\asset15:IF:8-281,asset15,true,C:\Users\JBNU\git\ConstraintsRecovery\assets\tankwar\asset15,21,Menu.zeileAbstand,FIELD,C:\Users\JBNU\git\ConstraintsRecovery\assets\tankwar\asset15:IF:8-281,asset15,true,FIELD_REFERENCE,y = y_KoordinateImage - ((int) bounds.getHeight() * options.size() + zeileAbstand * (options.size() - 1)) / 2;,TankWar_P1|TankWar_P2|TankWar_P3|TankWar_P4|TankWar_P5,TankWar_P1|TankWar_P2|TankWar_P3|TankWar_P4|TankWar_P5
D543,RC-0146,C:\Users\JBNU\git\ConstraintsRecovery\assets\tankwar\asset15,251,Menu.erscheinen,METHOD,C:\Users\JBNU\git\ConstraintsRecovery\assets\tankwar\asset15:IF:8-281,asset15,true,C:\Users\JBNU\git\ConstraintsRecovery\assets\tankwar\asset15,21,Menu.zeileAbstand,FIELD,C:\Users\JBNU\git\ConstraintsRecovery\assets\tankwar\asset15:IF:8-281,asset15,true,FIELD_REFERENCE,"gTemp.drawString(((Option) options.elementAt(i)).str, x + i * (zeileAbstand) * xStyle, y + i * (zeileAbstand + (int) bounds.getHeight()) * yStyle);",TankWar_P1|TankWar_P2|TankWar_P3|TankWar_P4|TankWar_P5,TankWar_P1|TankWar_P2|TankWar_P3|TankWar_P4|TankWar_P5
D552,RC-0146,C:\Users\JBNU\git\ConstraintsRecovery\assets\tankwar\asset15,257,Menu.erscheinen,METHOD,C:\Users\JBNU\git\ConstraintsRecovery\assets\tankwar\asset15:IF:8-281,asset15,true,C:\Users\JBNU\git\ConstraintsRecovery\assets\tankwar\asset15,21,Menu.zeileAbstand,FIELD,C:\Users\JBNU\git\ConstraintsRecovery\assets\tankwar\asset15:IF:8-281,asset15,true,FIELD_REFERENCE,y = y_KoordinateImage - (((Option) options.elementAt(0)).img.getHeight(null) * options.size() + zeileAbstand * (options.size() - 1)) / 2;,TankWar_P1|TankWar_P2|TankWar_P3|TankWar_P4|TankWar_P5,TankWar_P1|TankWar_P2|TankWar_P3|TankWar_P4|TankWar_P5
D556,RC-0146,C:\Users\JBNU\git\ConstraintsRecovery\assets\tankwar\asset15,260,Menu.erscheinen,METHOD,C:\Users\JBNU\git\ConstraintsRecovery\assets\tankwar\asset15:IF:8-281,asset15,true,C:\Users\JBNU\git\ConstraintsRecovery\assets\tankwar\asset15,21,Menu.zeileAbstand,FIELD,C:\Users\JBNU\git\ConstraintsRecovery\assets\tankwar\asset15:IF:8-281,asset15,true,FIELD_REFERENCE,x = x_KoordinateImage - (((Option) options.elementAt(0)).img.getWidth(null) * options.size() + zeileAbstand * (options.size() - 1)) / 2;,TankWar_P1|TankWar_P2|TankWar_P3|TankWar_P4|TankWar_P5,TankWar_P1|TankWar_P2|TankWar_P3|TankWar_P4|TankWar_P5
D563,RC-0146,C:\Users\JBNU\git\ConstraintsRecovery\assets\tankwar\asset15,264,Menu.erscheinen,METHOD,C:\Users\JBNU\git\ConstraintsRecovery\assets\tankwar\asset15:IF:8-281,asset15,true,C:\Users\JBNU\git\ConstraintsRecovery\assets\tankwar\asset15,21,Menu.zeileAbstand,FIELD,C:\Users\JBNU\git\ConstraintsRecovery\assets\tankwar\asset15:IF:8-281,asset15,true,FIELD_REFERENCE,x = x_KoordinateImage - (((Option) options.elementAt(0)).img.getWidth(null) * options.size() + zeileAbstand * (options.size() - 1)) / 2;,TankWar_P1|TankWar_P2|TankWar_P3|TankWar_P4|TankWar_P5,TankWar_P1|TankWar_P2|TankWar_P3|TankWar_P4|TankWar_P5
D567,RC-0146,C:\Users\JBNU\git\ConstraintsRecovery\assets\tankwar\asset15,265,Menu.erscheinen,METHOD,C:\Users\JBNU\git\ConstraintsRecovery\assets\tankwar\asset15:IF:8-281,asset15,true,C:\Users\JBNU\git\ConstraintsRecovery\assets\tankwar\asset15,21,Menu.zeileAbstand,FIELD,C:\Users\JBNU\git\ConstraintsRecovery\assets\tankwar\asset15:IF:8-281,asset15,true,FIELD_REFERENCE,y = y_KoordinateImage - (((Option) options.elementAt(0)).img.getHeight(null) * options.size() + zeileAbstand * (options.size() - 1)) / 2;,TankWar_P1|TankWar_P2|TankWar_P3|TankWar_P4|TankWar_P5,TankWar_P1|TankWar_P2|TankWar_P3|TankWar_P4|TankWar_P5
D579,RC-0146,C:\Users\JBNU\git\ConstraintsRecovery\assets\tankwar\asset15,274,Menu.erscheinen,METHOD,C:\Users\JBNU\git\ConstraintsRecovery\assets\tankwar\asset15:IF:8-281,asset15,true,C:\Users\JBNU\git\ConstraintsRecovery\assets\tankwar\asset15,21,Menu.zeileAbstand,FIELD,C:\Users\JBNU\git\ConstraintsRecovery\assets\tankwar\asset15:IF:8-281,asset15,true,FIELD_REFERENCE,"gTemp.drawImage(((Option) options.elementAt(i)).img2, x + i * (zeileAbstand + ((Option) options.elementAt(i)).img2.getWidth(null)) * xStyle, y + i * (zeileAbstand + ((Option) options.elementAt(i)).img2.getHeight(null)) * yStyle, null);",TankWar_P1|TankWar_P2|TankWar_P3|TankWar_P4|TankWar_P5,TankWar_P1|TankWar_P2|TankWar_P3|TankWar_P4|TankWar_P5
D585,RC-0146,C:\Users\JBNU\git\ConstraintsRecovery\assets\tankwar\asset15,276,Menu.erscheinen,METHOD,C:\Users\JBNU\git\ConstraintsRecovery\assets\tankwar\asset15:IF:8-281,asset15,true,C:\Users\JBNU\git\ConstraintsRecovery\assets\tankwar\asset15,21,Menu.zeileAbstand,FIELD,C:\Users\JBNU\git\ConstraintsRecovery\assets\tankwar\asset15:IF:8-281,asset15,true,FIELD_REFERENCE,"gTemp.drawImage(((Option) options.elementAt(i)).img, x + i * (zeileAbstand + ((Option) options.elementAt(i)).img2.getWidth(null)) * xStyle, y + i * (zeileAbstand + ((Option) options.elementAt(i)).img2.getHeight(null)) * yStyle, null);",TankWar_P1|TankWar_P2|TankWar_P3|TankWar_P4|TankWar_P5,TankWar_P1|TankWar_P2|TankWar_P3|TankWar_P4|TankWar_P5
D611,RC-0147,C:\Users\JBNU\git\ConstraintsRecovery\assets\tankwar\asset15,74,Menu.setFontSize,METHOD,C:\Users\JBNU\git\ConstraintsRecovery\assets\tankwar\asset15:IF:8-281,asset15,true,C:\Users\JBNU\git\ConstraintsRecovery\assets\tankwar\asset15,28,Menu.fontSize,FIELD,C:\Users\JBNU\git\ConstraintsRecovery\assets\tankwar\asset15:IF:8-281,asset15,true,FIELD_REFERENCE,((Menu) this).fontSize = size;,TankWar_P1|TankWar_P2|TankWar_P3|TankWar_P4|TankWar_P5,TankWar_P1|TankWar_P2|TankWar_P3|TankWar_P4|TankWar_P5
D597,RC-0148,C:\Users\JBNU\git\ConstraintsRecovery\assets\tankwar\asset15,43,Menu.setKoordinateImage,METHOD,C:\Users\JBNU\git\ConstraintsRecovery\assets\tankwar\asset15:IF:8-281,asset15,true,C:\Users\JBNU\git\ConstraintsRecovery\assets\tankwar\asset15,26,Menu.x_KoordinateImage,FIELD,C:\Users\JBNU\git\ConstraintsRecovery\assets\tankwar\asset15:IF:8-281,asset15,true,FIELD_REFERENCE,x_KoordinateImage = x;,TankWar_P1|TankWar_P2|TankWar_P3|TankWar_P4|TankWar_P5,TankWar_P1|TankWar_P2|TankWar_P3|TankWar_P4|TankWar_P5
D598,RC-0149,C:\Users\JBNU\git\ConstraintsRecovery\assets\tankwar\asset15,44,Menu.setKoordinateImage,METHOD,C:\Users\JBNU\git\ConstraintsRecovery\assets\tankwar\asset15:IF:8-281,asset15,true,C:\Users\JBNU\git\ConstraintsRecovery\assets\tankwar\asset15,26,Menu.y_KoordinateImage,FIELD,C:\Users\JBNU\git\ConstraintsRecovery\assets\tankwar\asset15:IF:8-281,asset15,true,FIELD_REFERENCE,y_KoordinateImage = y;,TankWar_P1|TankWar_P2|TankWar_P3|TankWar_P4|TankWar_P5,TankWar_P1|TankWar_P2|TankWar_P3|TankWar_P4|TankWar_P5
D595,RC-0150,C:\Users\JBNU\git\ConstraintsRecovery\assets\tankwar\asset15,39,Menu.setLogoKoordinate,METHOD,C:\Users\JBNU\git\ConstraintsRecovery\assets\tankwar\asset15:IF:8-281,asset15,true,C:\Users\JBNU\git\ConstraintsRecovery\assets\tankwar\asset15,20,Menu.logoXK,FIELD,C:\Users\JBNU\git\ConstraintsRecovery\assets\tankwar\asset15:IF:8-281,asset15,true,FIELD_REFERENCE,((Menu) this).logoXK = x;,TankWar_P1|TankWar_P2|TankWar_P3|TankWar_P4|TankWar_P5,TankWar_P1|TankWar_P2|TankWar_P3|TankWar_P4|TankWar_P5
D596,RC-0151,C:\Users\JBNU\git\ConstraintsRecovery\assets\tankwar\asset15,40,Menu.setLogoKoordinate,METHOD,C:\Users\JBNU\git\ConstraintsRecovery\assets\tankwar\asset15:IF:8-281,asset15,true,C:\Users\JBNU\git\ConstraintsRecovery\assets\tankwar\asset15,20,Menu.logoYK,FIELD,C:\Users\JBNU\git\ConstraintsRecovery\assets\tankwar\asset15:IF:8-281,asset15,true,FIELD_REFERENCE,((Menu) this).logoYK = y;,TankWar_P1|TankWar_P2|TankWar_P3|TankWar_P4|TankWar_P5,TankWar_P1|TankWar_P2|TankWar_P3|TankWar_P4|TankWar_P5
D600,RC-0152,C:\Users\JBNU\git\ConstraintsRecovery\assets\tankwar\asset15,50,Menu.setStyle,METHOD,C:\Users\JBNU\git\ConstraintsRecovery\assets\tankwar\asset15:IF:8-281,asset15,true,C:\Users\JBNU\git\ConstraintsRecovery\assets\tankwar\asset15,24,Menu.style,FIELD,C:\Users\JBNU\git\ConstraintsRecovery\assets\tankwar\asset15:IF:8-281,asset15,true,FIELD_REFERENCE,((Menu) this).style = style;,TankWar_P1|TankWar_P2|TankWar_P3|TankWar_P4|TankWar_P5,TankWar_P1|TankWar_P2|TankWar_P3|TankWar_P4|TankWar_P5
D601,RC-0152,C:\Users\JBNU\git\ConstraintsRecovery\assets\tankwar\asset15,51,Menu.setStyle,METHOD,C:\Users\JBNU\git\ConstraintsRecovery\assets\tankwar\asset15:IF:8-281,asset15,true,C:\Users\JBNU\git\ConstraintsRecovery\assets\tankwar\asset15,24,Menu.style,FIELD,C:\Users\JBNU\git\ConstraintsRecovery\assets\tankwar\asset15:IF:8-281,asset15,true,FIELD_REFERENCE,switch(style) {,TankWar_P1|TankWar_P2|TankWar_P3|TankWar_P4|TankWar_P5,TankWar_P1|TankWar_P2|TankWar_P3|TankWar_P4|TankWar_P5
D602,RC-0153,C:\Users\JBNU\git\ConstraintsRecovery\assets\tankwar\asset15,53,Menu.setStyle,METHOD,C:\Users\JBNU\git\ConstraintsRecovery\assets\tankwar\asset15:IF:8-281,asset15,true,C:\Users\JBNU\git\ConstraintsRecovery\assets\tankwar\asset15,25,Menu.xStyle,FIELD,C:\Users\JBNU\git\ConstraintsRecovery\assets\tankwar\asset15:IF:8-281,asset15,true,FIELD_REFERENCE,xStyle = 0;,TankWar_P1|TankWar_P2|TankWar_P3|TankWar_P4|TankWar_P5,TankWar_P1|TankWar_P2|TankWar_P3|TankWar_P4|TankWar_P5
D604,RC-0153,C:\Users\JBNU\git\ConstraintsRecovery\assets\tankwar\asset15,57,Menu.setStyle,METHOD,C:\Users\JBNU\git\ConstraintsRecovery\assets\tankwar\asset15:IF:8-281,asset15,true,C:\Users\JBNU\git\ConstraintsRecovery\assets\tankwar\asset15,25,Menu.xStyle,FIELD,C:\Users\JBNU\git\ConstraintsRecovery\assets\tankwar\asset15:IF:8-281,asset15,true,FIELD_REFERENCE,xStyle = 1;,TankWar_P1|TankWar_P2|TankWar_P3|TankWar_P4|TankWar_P5,TankWar_P1|TankWar_P2|TankWar_P3|TankWar_P4|TankWar_P5
D606,RC-0153,C:\Users\JBNU\git\ConstraintsRecovery\assets\tankwar\asset15,61,Menu.setStyle,METHOD,C:\Users\JBNU\git\ConstraintsRecovery\assets\tankwar\asset15:IF:8-281,asset15,true,C:\Users\JBNU\git\ConstraintsRecovery\assets\tankwar\asset15,25,Menu.xStyle,FIELD,C:\Users\JBNU\git\ConstraintsRecovery\assets\tankwar\asset15:IF:8-281,asset15,true,FIELD_REFERENCE,xStyle = 1;,TankWar_P1|TankWar_P2|TankWar_P3|TankWar_P4|TankWar_P5,TankWar_P1|TankWar_P2|TankWar_P3|TankWar_P4|TankWar_P5
D608,RC-0153,C:\Users\JBNU\git\ConstraintsRecovery\assets\tankwar\asset15,65,Menu.setStyle,METHOD,C:\Users\JBNU\git\ConstraintsRecovery\assets\tankwar\asset15:IF:8-281,asset15,true,C:\Users\JBNU\git\ConstraintsRecovery\assets\tankwar\asset15,25,Menu.xStyle,FIELD,C:\Users\JBNU\git\ConstraintsRecovery\assets\tankwar\asset15:IF:8-281,asset15,true,FIELD_REFERENCE,xStyle = 0;,TankWar_P1|TankWar_P2|TankWar_P3|TankWar_P4|TankWar_P5,TankWar_P1|TankWar_P2|TankWar_P3|TankWar_P4|TankWar_P5
D603,RC-0154,C:\Users\JBNU\git\ConstraintsRecovery\assets\tankwar\asset15,54,Menu.setStyle,METHOD,C:\Users\JBNU\git\ConstraintsRecovery\assets\tankwar\asset15:IF:8-281,asset15,true,C:\Users\JBNU\git\ConstraintsRecovery\assets\tankwar\asset15,25,Menu.yStyle,FIELD,C:\Users\JBNU\git\ConstraintsRecovery\assets\tankwar\asset15:IF:8-281,asset15,true,FIELD_REFERENCE,yStyle = 1;,TankWar_P1|TankWar_P2|TankWar_P3|TankWar_P4|TankWar_P5,TankWar_P1|TankWar_P2|TankWar_P3|TankWar_P4|TankWar_P5
D605,RC-0154,C:\Users\JBNU\git\ConstraintsRecovery\assets\tankwar\asset15,58,Menu.setStyle,METHOD,C:\Users\JBNU\git\ConstraintsRecovery\assets\tankwar\asset15:IF:8-281,asset15,true,C:\Users\JBNU\git\ConstraintsRecovery\assets\tankwar\asset15,25,Menu.yStyle,FIELD,C:\Users\JBNU\git\ConstraintsRecovery\assets\tankwar\asset15:IF:8-281,asset15,true,FIELD_REFERENCE,yStyle = 0;,TankWar_P1|TankWar_P2|TankWar_P3|TankWar_P4|TankWar_P5,TankWar_P1|TankWar_P2|TankWar_P3|TankWar_P4|TankWar_P5
D607,RC-0154,C:\Users\JBNU\git\ConstraintsRecovery\assets\tankwar\asset15,62,Menu.setStyle,METHOD,C:\Users\JBNU\git\ConstraintsRecovery\assets\tankwar\asset15:IF:8-281,asset15,true,C:\Users\JBNU\git\ConstraintsRecovery\assets\tankwar\asset15,25,Menu.yStyle,FIELD,C:\Users\JBNU\git\ConstraintsRecovery\assets\tankwar\asset15:IF:8-281,asset15,true,FIELD_REFERENCE,yStyle = 1;,TankWar_P1|TankWar_P2|TankWar_P3|TankWar_P4|TankWar_P5,TankWar_P1|TankWar_P2|TankWar_P3|TankWar_P4|TankWar_P5
D609,RC-0154,C:\Users\JBNU\git\ConstraintsRecovery\assets\tankwar\asset15,66,Menu.setStyle,METHOD,C:\Users\JBNU\git\ConstraintsRecovery\assets\tankwar\asset15:IF:8-281,asset15,true,C:\Users\JBNU\git\ConstraintsRecovery\assets\tankwar\asset15,25,Menu.yStyle,FIELD,C:\Users\JBNU\git\ConstraintsRecovery\assets\tankwar\asset15:IF:8-281,asset15,true,FIELD_REFERENCE,yStyle = 0;,TankWar_P1|TankWar_P2|TankWar_P3|TankWar_P4|TankWar_P5,TankWar_P1|TankWar_P2|TankWar_P3|TankWar_P4|TankWar_P5
D610,RC-0155,C:\Users\JBNU\git\ConstraintsRecovery\assets\tankwar\asset15,71,Menu.setWaehlbar,METHOD,C:\Users\JBNU\git\ConstraintsRecovery\assets\tankwar\asset15:IF:8-281,asset15,true,C:\Users\JBNU\git\ConstraintsRecovery\assets\tankwar\asset15,27,Menu.waehlbar,FIELD,C:\Users\JBNU\git\ConstraintsRecovery\assets\tankwar\asset15:IF:8-281,asset15,true,FIELD_REFERENCE,((Menu) this).waehlbar = waehlbar;,TankWar_P1|TankWar_P2|TankWar_P3|TankWar_P4|TankWar_P5,TankWar_P1|TankWar_P2|TankWar_P3|TankWar_P4|TankWar_P5
D599,RC-0156,C:\Users\JBNU\git\ConstraintsRecovery\assets\tankwar\asset15,47,Menu.setZeileAbstand,METHOD,C:\Users\JBNU\git\ConstraintsRecovery\assets\tankwar\asset15:IF:8-281,asset15,true,C:\Users\JBNU\git\ConstraintsRecovery\assets\tankwar\asset15,21,Menu.zeileAbstand,FIELD,C:\Users\JBNU\git\ConstraintsRecovery\assets\tankwar\asset15:IF:8-281,asset15,true,FIELD_REFERENCE,((Menu) this).zeileAbstand = ab;,TankWar_P1|TankWar_P2|TankWar_P3|TankWar_P4|TankWar_P5,TankWar_P1|TankWar_P2|TankWar_P3|TankWar_P4|TankWar_P5
D507,RC-0157,C:\Users\JBNU\git\ConstraintsRecovery\assets\tankwar\asset15,203,Menu.KeyBehandeln,METHOD,C:\Users\JBNU\git\ConstraintsRecovery\assets\tankwar\asset15:IF:8-281,asset15,true,C:\Users\JBNU\git\ConstraintsRecovery\assets\tankwar\asset17,12,Option.str,FIELD,C:\Users\JBNU\git\ConstraintsRecovery\assets\tankwar\asset17:IF:8-36,asset17,true,FIELD_REFERENCE,maler.menuBehandeln(((Option) options.elementAt(i)).str);,TankWar_P1|TankWar_P2|TankWar_P3|TankWar_P4|TankWar_P5,TankWar_P1|TankWar_P2|TankWar_P3|TankWar_P4|TankWar_P5
D510,RC-0157,C:\Users\JBNU\git\ConstraintsRecovery\assets\tankwar\asset15,208,Menu.KeyBehandeln,METHOD,C:\Users\JBNU\git\ConstraintsRecovery\assets\tankwar\asset15:IF:8-281,asset15,true,C:\Users\JBNU\git\ConstraintsRecovery\assets\tankwar\asset17,12,Option.str,FIELD,C:\Users\JBNU\git\ConstraintsRecovery\assets\tankwar\asset17:IF:8-36,asset17,true,FIELD_REFERENCE,maler.menuBehandeln(((Option) options.elementAt(0)).str);,TankWar_P1|TankWar_P2|TankWar_P3|TankWar_P4|TankWar_P5,TankWar_P1|TankWar_P2|TankWar_P3|TankWar_P4|TankWar_P5
D617,RC-0158,C:\Users\JBNU\git\ConstraintsRecovery\assets\tankwar\asset15,84,Menu.add,METHOD,C:\Users\JBNU\git\ConstraintsRecovery\assets\tankwar\asset15:IF:8-281,asset15,true,C:\Users\JBNU\git\ConstraintsRecovery\assets\tankwar\asset17,29,Option.Option,CONSTRUCTOR,C:\Users\JBNU\git\ConstraintsRecovery\assets\tankwar\asset17:IF:8-36,asset17,true,CONSTRUCTOR_CALL,"temp.addElement(new Option(false, str, prioritaet));",TankWar_P1|TankWar_P2|TankWar_P3|TankWar_P4|TankWar_P5,TankWar_P1|TankWar_P2|TankWar_P3|TankWar_P4|TankWar_P5
D620,RC-0158,C:\Users\JBNU\git\ConstraintsRecovery\assets\tankwar\asset15,93,Menu.add,METHOD,C:\Users\JBNU\git\ConstraintsRecovery\assets\tankwar\asset15:IF:8-281,asset15,true,C:\Users\JBNU\git\ConstraintsRecovery\assets\tankwar\asset17,29,Option.Option,CONSTRUCTOR,C:\Users\JBNU\git\ConstraintsRecovery\assets\tankwar\asset17:IF:8-36,asset17,true,CONSTRUCTOR_CALL,"temp.addElement(new Option(false, str, prioritaet));",TankWar_P1|TankWar_P2|TankWar_P3|TankWar_P4|TankWar_P5,TankWar_P1|TankWar_P2|TankWar_P3|TankWar_P4|TankWar_P5
D459,RC-0158,C:\Users\JBNU\git\ConstraintsRecovery\assets\tankwar\asset15,105,Menu.add,METHOD,C:\Users\JBNU\git\ConstraintsRecovery\assets\tankwar\asset15:IF:8-281,asset15,true,C:\Users\JBNU\git\ConstraintsRecovery\assets\tankwar\asset17,29,Option.Option,CONSTRUCTOR,C:\Users\JBNU\git\ConstraintsRecovery\assets\tankwar\asset17:IF:8-36,asset17,true,CONSTRUCTOR_CALL,"options.addElement(new Option(true, str, prioritaet));",TankWar_P1|TankWar_P2|TankWar_P3|TankWar_P4|TankWar_P5,TankWar_P1|TankWar_P2|TankWar_P3|TankWar_P4|TankWar_P5
D466,RC-0158,C:\Users\JBNU\git\ConstraintsRecovery\assets\tankwar\asset15,116,Menu.add,METHOD,C:\Users\JBNU\git\ConstraintsRecovery\assets\tankwar\asset15:IF:8-281,asset15,true,C:\Users\JBNU\git\ConstraintsRecovery\assets\tankwar\asset17,29,Option.Option,CONSTRUCTOR,C:\Users\JBNU\git\ConstraintsRecovery\assets\tankwar\asset17:IF:8-36,asset17,true,CONSTRUCTOR_CALL,"temp.addElement(new Option(false, str, prioritaet));",TankWar_P1|TankWar_P2|TankWar_P3|TankWar_P4|TankWar_P5,TankWar_P1|TankWar_P2|TankWar_P3|TankWar_P4|TankWar_P5
D469,RC-0158,C:\Users\JBNU\git\ConstraintsRecovery\assets\tankwar\asset15,125,Menu.add,METHOD,C:\Users\JBNU\git\ConstraintsRecovery\assets\tankwar\asset15:IF:8-281,asset15,true,C:\Users\JBNU\git\ConstraintsRecovery\assets\tankwar\asset17,29,Option.Option,CONSTRUCTOR,C:\Users\JBNU\git\ConstraintsRecovery\assets\tankwar\asset17:IF:8-36,asset17,true,CONSTRUCTOR_CALL,"temp.addElement(new Option(false, str, prioritaet));",TankWar_P1|TankWar_P2|TankWar_P3|TankWar_P4|TankWar_P5,TankWar_P1|TankWar_P2|TankWar_P3|TankWar_P4|TankWar_P5
D474,RC-0158,C:\Users\JBNU\git\ConstraintsRecovery\assets\tankwar\asset15,137,Menu.add,METHOD,C:\Users\JBNU\git\ConstraintsRecovery\assets\tankwar\asset15:IF:8-281,asset15,true,C:\Users\JBNU\git\ConstraintsRecovery\assets\tankwar\asset17,29,Option.Option,CONSTRUCTOR,C:\Users\JBNU\git\ConstraintsRecovery\assets\tankwar\asset17:IF:8-36,asset17,true,CONSTRUCTOR_CALL,"options.addElement(new Option(true, str, prioritaet));",TankWar_P1|TankWar_P2|TankWar_P3|TankWar_P4|TankWar_P5,TankWar_P1|TankWar_P2|TankWar_P3|TankWar_P4|TankWar_P5
D481,RC-0158,C:\Users\JBNU\git\ConstraintsRecovery\assets\tankwar\asset15,148,Menu.add,METHOD,C:\Users\JBNU\git\ConstraintsRecovery\assets\tankwar\asset15:IF:8-281,asset15,true,C:\Users\JBNU\git\ConstraintsRecovery\assets\tankwar\asset17,22,Option.Option,CONSTRUCTOR,C:\Users\JBNU\git\ConstraintsRecovery\assets\tankwar\asset17:IF:8-36,asset17,true,CONSTRUCTOR_CALL,"temp.addElement(new Option(false, str, img, img2, prioritaet));",TankWar_P1|TankWar_P2|TankWar_P3|TankWar_P4|TankWar_P5,TankWar_P1|TankWar_P2|TankWar_P3|TankWar_P4|TankWar_P5
D484,RC-0158,C:\Users\JBNU\git\ConstraintsRecovery\assets\tankwar\asset15,157,Menu.add,METHOD,C:\Users\JBNU\git\ConstraintsRecovery\assets\tankwar\asset15:IF:8-281,asset15,true,C:\Users\JBNU\git\ConstraintsRecovery\assets\tankwar\asset17,22,Option.Option,CONSTRUCTOR,C:\Users\JBNU\git\ConstraintsRecovery\assets\tankwar\asset17:IF:8-36,asset17,true,CONSTRUCTOR_CALL,"temp.addElement(new Option(false, str, img, img2, prioritaet));",TankWar_P1|TankWar_P2|TankWar_P3|TankWar_P4|TankWar_P5,TankWar_P1|TankWar_P2|TankWar_P3|TankWar_P4|TankWar_P5
D489,RC-0158,C:\Users\JBNU\git\ConstraintsRecovery\assets\tankwar\asset15,169,Menu.add,METHOD,C:\Users\JBNU\git\ConstraintsRecovery\assets\tankwar\asset15:IF:8-281,asset15,true,C:\Users\JBNU\git\ConstraintsRecovery\assets\tankwar\asset17,22,Option.Option,CONSTRUCTOR,C:\Users\JBNU\git\ConstraintsRecovery\assets\tankwar\asset17:IF:8-36,asset17,true,CONSTRUCTOR_CALL,"options.addElement(new Option(true, str, img, img2, prioritaet));",TankWar_P1|TankWar_P2|TankWar_P3|TankWar_P4|TankWar_P5,TankWar_P1|TankWar_P2|TankWar_P3|TankWar_P4|TankWar_P5
D615,RC-0159,C:\Users\JBNU\git\ConstraintsRecovery\assets\tankwar\asset15,81,Menu.add,METHOD,C:\Users\JBNU\git\ConstraintsRecovery\assets\tankwar\asset15:IF:8-281,asset15,true,C:\Users\JBNU\git\ConstraintsRecovery\assets\tankwar\asset17,14,Option.prioritaet,FIELD,C:\Users\JBNU\git\ConstraintsRecovery\assets\tankwar\asset17:IF:8-36,asset17,true,FIELD_REFERENCE,if (prioritaet >= ((Option) options.elementAt(i)).prioritaet) {,TankWar_P1|TankWar_P2|TankWar_P3|TankWar_P4|TankWar_P5,TankWar_P1|TankWar_P2|TankWar_P3|TankWar_P4|TankWar_P5
D464,RC-0159,C:\Users\JBNU\git\ConstraintsRecovery\assets\tankwar\asset15,113,Menu.add,METHOD,C:\Users\JBNU\git\ConstraintsRecovery\assets\tankwar\asset15:IF:8-281,asset15,true,C:\Users\JBNU\git\ConstraintsRecovery\assets\tankwar\asset17,14,Option.prioritaet,FIELD,C:\Users\JBNU\git\ConstraintsRecovery\assets\tankwar\asset17:IF:8-36,asset17,true,FIELD_REFERENCE,if (prioritaet >= ((Option) options.elementAt(i)).prioritaet) {,TankWar_P1|TankWar_P2|TankWar_P3|TankWar_P4|TankWar_P5,TankWar_P1|TankWar_P2|TankWar_P3|TankWar_P4|TankWar_P5
D479,RC-0159,C:\Users\JBNU\git\ConstraintsRecovery\assets\tankwar\asset15,145,Menu.add,METHOD,C:\Users\JBNU\git\ConstraintsRecovery\assets\tankwar\asset15:IF:8-281,asset15,true,C:\Users\JBNU\git\ConstraintsRecovery\assets\tankwar\asset17,14,Option.prioritaet,FIELD,C:\Users\JBNU\git\ConstraintsRecovery\assets\tankwar\asset17:IF:8-36,asset17,true,FIELD_REFERENCE,if (prioritaet >= ((Option) options.elementAt(i)).prioritaet) {,TankWar_P1|TankWar_P2|TankWar_P3|TankWar_P4|TankWar_P5,TankWar_P1|TankWar_P2|TankWar_P3|TankWar_P4|TankWar_P5
D519,RC-0160,C:\Users\JBNU\git\ConstraintsRecovery\assets\tankwar\asset15,222,Menu.erscheinen,METHOD,C:\Users\JBNU\git\ConstraintsRecovery\assets\tankwar\asset15:IF:8-281,asset15,true,C:\Users\JBNU\git\ConstraintsRecovery\assets\tankwar\asset17,13,Option.img,FIELD,C:\Users\JBNU\git\ConstraintsRecovery\assets\tankwar\asset17:IF:8-36,asset17,true,FIELD_REFERENCE,if (((Option) options.elementAt(0)).img == null) {,TankWar_P1|TankWar_P2|TankWar_P3|TankWar_P4|TankWar_P5,TankWar_P1|TankWar_P2|TankWar_P3|TankWar_P4|TankWar_P5
D550,RC-0160,C:\Users\JBNU\git\ConstraintsRecovery\assets\tankwar\asset15,256,Menu.erscheinen,METHOD,C:\Users\JBNU\git\ConstraintsRecovery\assets\tankwar\asset15:IF:8-281,asset15,true,C:\Users\JBNU\git\ConstraintsRecovery\assets\tankwar\asset17,13,Option.img,FIELD,C:\Users\JBNU\git\ConstraintsRecovery\assets\tankwar\asset17:IF:8-36,asset17,true,FIELD_REFERENCE,x = x_KoordinateImage - ((Option) options.elementAt(0)).img.getWidth(null) / 2;,TankWar_P1|TankWar_P2|TankWar_P3|TankWar_P4|TankWar_P5,TankWar_P1|TankWar_P2|TankWar_P3|TankWar_P4|TankWar_P5
D554,RC-0160,C:\Users\JBNU\git\ConstraintsRecovery\assets\tankwar\asset15,257,Menu.erscheinen,METHOD,C:\Users\JBNU\git\ConstraintsRecovery\assets\tankwar\asset15:IF:8-281,asset15,true,C:\Users\JBNU\git\ConstraintsRecovery\assets\tankwar\asset17,13,Option.img,FIELD,C:\Users\JBNU\git\ConstraintsRecovery\assets\tankwar\asset17:IF:8-36,asset17,true,FIELD_REFERENCE,y = y_KoordinateImage - (((Option) options.elementAt(0)).img.getHeight(null) * options.size() + zeileAbstand * (options.size() - 1)) / 2;,TankWar_P1|TankWar_P2|TankWar_P3|TankWar_P4|TankWar_P5,TankWar_P1|TankWar_P2|TankWar_P3|TankWar_P4|TankWar_P5
D558,RC-0160,C:\Users\JBNU\git\ConstraintsRecovery\assets\tankwar\asset15,260,Menu.erscheinen,METHOD,C:\Users\JBNU\git\ConstraintsRecovery\assets\tankwar\asset15:IF:8-281,asset15,true,C:\Users\JBNU\git\ConstraintsRecovery\assets\tankwar\asset17,13,Option.img,FIELD,C:\Users\JBNU\git\ConstraintsRecovery\assets\tankwar\asset17:IF:8-36,asset17,true,FIELD_REFERENCE,x = x_KoordinateImage - (((Option) options.elementAt(0)).img.getWidth(null) * options.size() + zeileAbstand * (options.size() - 1)) / 2;,TankWar_P1|TankWar_P2|TankWar_P3|TankWar_P4|TankWar_P5,TankWar_P1|TankWar_P2|TankWar_P3|TankWar_P4|TankWar_P5
D561,RC-0160,C:\Users\JBNU\git\ConstraintsRecovery\assets\tankwar\asset15,261,Menu.erscheinen,METHOD,C:\Users\JBNU\git\ConstraintsRecovery\assets\tankwar\asset15:IF:8-281,asset15,true,C:\Users\JBNU\git\ConstraintsRecovery\assets\tankwar\asset17,13,Option.img,FIELD,C:\Users\JBNU\git\ConstraintsRecovery\assets\tankwar\asset17:IF:8-36,asset17,true,FIELD_REFERENCE,y = y_KoordinateImage - ((Option) options.elementAt(0)).img.getHeight(null) / 2;,TankWar_P1|TankWar_P2|TankWar_P3|TankWar_P4|TankWar_P5,TankWar_P1|TankWar_P2|TankWar_P3|TankWar_P4|TankWar_P5
D565,RC-0160,C:\Users\JBNU\git\ConstraintsRecovery\assets\tankwar\asset15,264,Menu.erscheinen,METHOD,C:\Users\JBNU\git\ConstraintsRecovery\assets\tankwar\asset15:IF:8-281,asset15,true,C:\Users\JBNU\git\ConstraintsRecovery\assets\tankwar\asset17,13,Option.img,FIELD,C:\Users\JBNU\git\ConstraintsRecovery\assets\tankwar\asset17:IF:8-36,asset17,true,FIELD_REFERENCE,x = x_KoordinateImage - (((Option) options.elementAt(0)).img.getWidth(null) * options.size() + zeileAbstand * (options.size() - 1)) / 2;,TankWar_P1|TankWar_P2|TankWar_P3|TankWar_P4|TankWar_P5,TankWar_P1|TankWar_P2|TankWar_P3|TankWar_P4|TankWar_P5
D569,RC-0160,C:\Users\JBNU\git\ConstraintsRecovery\assets\tankwar\asset15,265,Menu.erscheinen,METHOD,C:\Users\JBNU\git\ConstraintsRecovery\assets\tankwar\asset15:IF:8-281,asset15,true,C:\Users\JBNU\git\ConstraintsRecovery\assets\tankwar\asset17,13,Option.img,FIELD,C:\Users\JBNU\git\ConstraintsRecovery\assets\tankwar\asset17:IF:8-36,asset17,true,FIELD_REFERENCE,y = y_KoordinateImage - (((Option) options.elementAt(0)).img.getHeight(null) * options.size() + zeileAbstand * (options.size() - 1)) / 2;,TankWar_P1|TankWar_P2|TankWar_P3|TankWar_P4|TankWar_P5,TankWar_P1|TankWar_P2|TankWar_P3|TankWar_P4|TankWar_P5
D572,RC-0160,C:\Users\JBNU\git\ConstraintsRecovery\assets\tankwar\asset15,268,Menu.erscheinen,METHOD,C:\Users\JBNU\git\ConstraintsRecovery\assets\tankwar\asset15:IF:8-281,asset15,true,C:\Users\JBNU\git\ConstraintsRecovery\assets\tankwar\asset17,13,Option.img,FIELD,C:\Users\JBNU\git\ConstraintsRecovery\assets\tankwar\asset17:IF:8-36,asset17,true,FIELD_REFERENCE,x = x_KoordinateImage - ((Option) options.elementAt(0)).img.getWidth(null) / 2;,TankWar_P1|TankWar_P2|TankWar_P3|TankWar_P4|TankWar_P5,TankWar_P1|TankWar_P2|TankWar_P3|TankWar_P4|TankWar_P5
D575,RC-0160,C:\Users\JBNU\git\ConstraintsRecovery\assets\tankwar\asset15,269,Menu.erscheinen,METHOD,C:\Users\JBNU\git\ConstraintsRecovery\assets\tankwar\asset15:IF:8-281,asset15,true,C:\Users\JBNU\git\ConstraintsRecovery\assets\tankwar\asset17,13,Option.img,FIELD,C:\Users\JBNU\git\ConstraintsRecovery\assets\tankwar\asset17:IF:8-36,asset17,true,FIELD_REFERENCE,y = y_KoordinateImage - ((Option) options.elementAt(0)).img.getHeight(null) / 2;,TankWar_P1|TankWar_P2|TankWar_P3|TankWar_P4|TankWar_P5,TankWar_P1|TankWar_P2|TankWar_P3|TankWar_P4|TankWar_P5
D588,RC-0160,C:\Users\JBNU\git\ConstraintsRecovery\assets\tankwar\asset15,276,Menu.erscheinen,METHOD,C:\Users\JBNU\git\ConstraintsRecovery\assets\tankwar\asset15:IF:8-281,asset15,true,C:\Users\JBNU\git\ConstraintsRecovery\assets\tankwar\asset17,13,Option.img,FIELD,C:\Users\JBNU\git\ConstraintsRecovery\assets\tankwar\asset17:IF:8-36,asset17,true,FIELD_REFERENCE,"gTemp.drawImage(((Option) options.elementAt(i)).img, x + i * (zeileAbstand + ((Option) options.elementAt(i)).img2.getWidth(null)) * xStyle, y + i * (zeileAbstand + ((Option) options.elementAt(i)).img2.getHeight(null)) * yStyle, null);",TankWar_P1|TankWar_P2|TankWar_P3|TankWar_P4|TankWar_P5,TankWar_P1|TankWar_P2|TankWar_P3|TankWar_P4|TankWar_P5
D582,RC-0161,C:\Users\JBNU\git\ConstraintsRecovery\assets\tankwar\asset15,274,Menu.erscheinen,METHOD,C:\Users\JBNU\git\ConstraintsRecovery\assets\tankwar\asset15:IF:8-281,asset15,true,C:\Users\JBNU\git\ConstraintsRecovery\assets\tankwar\asset17,13,Option.img2,FIELD,C:\Users\JBNU\git\ConstraintsRecovery\assets\tankwar\asset17:IF:8-36,asset17,true,FIELD_REFERENCE,"gTemp.drawImage(((Option) options.elementAt(i)).img2, x + i * (zeileAbstand + ((Option) options.elementAt(i)).img2.getWidth(null)) * xStyle, y + i * (zeileAbstand + ((Option) options.elementAt(i)).img2.getHeight(null)) * yStyle, null);",TankWar_P1|TankWar_P2|TankWar_P3|TankWar_P4|TankWar_P5,TankWar_P1|TankWar_P2|TankWar_P3|TankWar_P4|TankWar_P5
D589,RC-0161,C:\Users\JBNU\git\ConstraintsRecovery\assets\tankwar\asset15,276,Menu.erscheinen,METHOD,C:\Users\JBNU\git\ConstraintsRecovery\assets\tankwar\asset15:IF:8-281,asset15,true,C:\Users\JBNU\git\ConstraintsRecovery\assets\tankwar\asset17,13,Option.img2,FIELD,C:\Users\JBNU\git\ConstraintsRecovery\assets\tankwar\asset17:IF:8-36,asset17,true,FIELD_REFERENCE,"gTemp.drawImage(((Option) options.elementAt(i)).img, x + i * (zeileAbstand + ((Option) options.elementAt(i)).img2.getWidth(null)) * xStyle, y + i * (zeileAbstand + ((Option) options.elementAt(i)).img2.getHeight(null)) * yStyle, null);",TankWar_P1|TankWar_P2|TankWar_P3|TankWar_P4|TankWar_P5,TankWar_P1|TankWar_P2|TankWar_P3|TankWar_P4|TankWar_P5
D522,RC-0162,C:\Users\JBNU\git\ConstraintsRecovery\assets\tankwar\asset15,225,Menu.erscheinen,METHOD,C:\Users\JBNU\git\ConstraintsRecovery\assets\tankwar\asset15:IF:8-281,asset15,true,C:\Users\JBNU\git\ConstraintsRecovery\assets\tankwar\asset17,12,Option.str,FIELD,C:\Users\JBNU\git\ConstraintsRecovery\assets\tankwar\asset17:IF:8-36,asset17,true,FIELD_REFERENCE,"Rectangle2D bounds = g.getFont().getStringBounds(((Option) options.elementAt(i)).str, frc);",TankWar_P1|TankWar_P2|TankWar_P3|TankWar_P4|TankWar_P5,TankWar_P1|TankWar_P2|TankWar_P3|TankWar_P4|TankWar_P5
D546,RC-0162,C:\Users\JBNU\git\ConstraintsRecovery\assets\tankwar\asset15,251,Menu.erscheinen,METHOD,C:\Users\JBNU\git\ConstraintsRecovery\assets\tankwar\asset15:IF:8-281,asset15,true,C:\Users\JBNU\git\ConstraintsRecovery\assets\tankwar\asset17,12,Option.str,FIELD,C:\Users\JBNU\git\ConstraintsRecovery\assets\tankwar\asset17:IF:8-36,asset17,true,FIELD_REFERENCE,"gTemp.drawString(((Option) options.elementAt(i)).str, x + i * (zeileAbstand) * xStyle, y + i * (zeileAbstand + (int) bounds.getHeight()) * yStyle);",TankWar_P1|TankWar_P2|TankWar_P3|TankWar_P4|TankWar_P5,TankWar_P1|TankWar_P2|TankWar_P3|TankWar_P4|TankWar_P5
D625,RC-0163,C:\Users\JBNU\git\ConstraintsRecovery\assets\tankwar\asset16,20,InfoPanel.InfoPanel,CONSTRUCTOR,C:\Users\JBNU\git\ConstraintsRecovery\assets\tankwar\asset16:IF:8-49,asset16,true,C:\Users\JBNU\git\ConstraintsRecovery\assets\tankwar\asset16,17,InfoPanel.INFO_WIDTH,FIELD,C:\Users\JBNU\git\ConstraintsRecovery\assets\tankwar\asset16:IF:8-49,asset16,true,FIELD_REFERENCE,"this.setSize(INFO_WIDTH, 50);",TankWar_P1|TankWar_P2|TankWar_P3|TankWar_P4|TankWar_P5,TankWar_P1|TankWar_P2|TankWar_P3|TankWar_P4|TankWar_P5
D626,RC-0164,C:\Users\JBNU\git\ConstraintsRecovery\assets\tankwar\asset16,22,InfoPanel.InfoPanel,CONSTRUCTOR,C:\Users\JBNU\git\ConstraintsRecovery\assets\tankwar\asset16:IF:8-49,asset16,true,C:\Users\JBNU\git\ConstraintsRecovery\assets\tankwar\asset16,16,InfoPanel.behalter,FIELD,C:\Users\JBNU\git\ConstraintsRecovery\assets\tankwar\asset16:IF:8-49,asset16,true,FIELD_REFERENCE,this.behalter = new JPanel();,TankWar_P1|TankWar_P2|TankWar_P3|TankWar_P4|TankWar_P5,TankWar_P1|TankWar_P2|TankWar_P3|TankWar_P4|TankWar_P5
D627,RC-0164,C:\Users\JBNU\git\ConstraintsRecovery\assets\tankwar\asset16,23,InfoPanel.InfoPanel,CONSTRUCTOR,C:\Users\JBNU\git\ConstraintsRecovery\assets\tankwar\asset16:IF:8-49,asset16,true,C:\Users\JBNU\git\ConstraintsRecovery\assets\tankwar\asset16,16,InfoPanel.behalter,FIELD,C:\Users\JBNU\git\ConstraintsRecovery\assets\tankwar\asset16:IF:8-49,asset16,true,FIELD_REFERENCE,"behalter.add(BorderLayout.NORTH, this);",TankWar_P1|TankWar_P2|TankWar_P3|TankWar_P4|TankWar_P5,TankWar_P1|TankWar_P2|TankWar_P3|TankWar_P4|TankWar_P5
D624,RC-0165,C:\Users\JBNU\git\ConstraintsRecovery\assets\tankwar\asset16,19,InfoPanel.InfoPanel,CONSTRUCTOR,C:\Users\JBNU\git\ConstraintsRecovery\assets\tankwar\asset16:IF:8-49,asset16,true,C:\Users\JBNU\git\ConstraintsRecovery\assets\tankwar\asset16,15,InfoPanel.maler,FIELD,C:\Users\JBNU\git\ConstraintsRecovery\assets\tankwar\asset16:IF:8-49,asset16,true,FIELD_REFERENCE,this.maler = maler;,TankWar_P1|TankWar_P2|TankWar_P3|TankWar_P4|TankWar_P5,TankWar_P1|TankWar_P2|TankWar_P3|TankWar_P4|TankWar_P5
D628,RC-0166,C:\Users\JBNU\git\ConstraintsRecovery\assets\tankwar\asset16,26,InfoPanel.paint,METHOD,C:\Users\JBNU\git\ConstraintsRecovery\assets\tankwar\asset16:IF:8-49,asset16,true,C:\Users\JBNU\git\ConstraintsRecovery\assets\tankwar\asset16,15,InfoPanel.maler,FIELD,C:\Users\JBNU\git\ConstraintsRecovery\assets\tankwar\asset16:IF:8-49,asset16,true,FIELD_REFERENCE,if (maler.status == 1 || maler.status == 2) {,TankWar_P1|TankWar_P2|TankWar_P3|TankWar_P4|TankWar_P5,TankWar_P1|TankWar_P2|TankWar_P3|TankWar_P4|TankWar_P5
D629,RC-0166,C:\Users\JBNU\git\ConstraintsRecovery\assets\tankwar\asset16,32,InfoPanel.paint,METHOD,C:\Users\JBNU\git\ConstraintsRecovery\assets\tankwar\asset16:IF:8-49,asset16,true,C:\Users\JBNU\git\ConstraintsRecovery\assets\tankwar\asset16,15,InfoPanel.maler,FIELD,C:\Users\JBNU\git\ConstraintsRecovery\assets\tankwar\asset16:IF:8-49,asset16,true,FIELD_REFERENCE,if (maler.gameManager.getBlood() != 0) {,TankWar_P1|TankWar_P2|TankWar_P3|TankWar_P4|TankWar_P5,TankWar_P1|TankWar_P2|TankWar_P3|TankWar_P4|TankWar_P5
D630,RC-0166,C:\Users\JBNU\git\ConstraintsRecovery\assets\tankwar\asset16,33,InfoPanel.paint,METHOD,C:\Users\JBNU\git\ConstraintsRecovery\assets\tankwar\asset16:IF:8-49,asset16,true,C:\Users\JBNU\git\ConstraintsRecovery\assets\tankwar\asset16,15,InfoPanel.maler,FIELD,C:\Users\JBNU\git\ConstraintsRecovery\assets\tankwar\asset16:IF:8-49,asset16,true,FIELD_REFERENCE,"g.drawString(""MyTank Life: "" + maler.gameManager.getBlood(), 5, 20 + 40);",TankWar_P1|TankWar_P2|TankWar_P3|TankWar_P4|TankWar_P5,TankWar_P1|TankWar_P2|TankWar_P3|TankWar_P4|TankWar_P5
D631,RC-0166,C:\Users\JBNU\git\ConstraintsRecovery\assets\tankwar\asset16,35,InfoPanel.paint,METHOD,C:\Users\JBNU\git\ConstraintsRecovery\assets\tankwar\asset16:IF:8-49,asset16,true,C:\Users\JBNU\git\ConstraintsRecovery\assets\tankwar\asset16,15,InfoPanel.maler,FIELD,C:\Users\JBNU\git\ConstraintsRecovery\assets\tankwar\asset16:IF:8-49,asset16,true,FIELD_REFERENCE,"g.fillRect(5, 20 + 45, 5 * 2 * maler.gameManager.getBlood(), 5);",TankWar_P1|TankWar_P2|TankWar_P3|TankWar_P4|TankWar_P5,TankWar_P1|TankWar_P2|TankWar_P3|TankWar_P4|TankWar_P5
D633,RC-0166,C:\Users\JBNU\git\ConstraintsRecovery\assets\tankwar\asset16,37,InfoPanel.paint,METHOD,C:\Users\JBNU\git\ConstraintsRecovery\assets\tankwar\asset16:IF:8-49,asset16,true,C:\Users\JBNU\git\ConstraintsRecovery\assets\tankwar\asset16,15,InfoPanel.maler,FIELD,C:\Users\JBNU\git\ConstraintsRecovery\assets\tankwar\asset16:IF:8-49,asset16,true,FIELD_REFERENCE,"g.drawString(""Tanks:"" + maler.gameManager.getTankMenge(), 5, 20 + 70);",TankWar_P1|TankWar_P2|TankWar_P3|TankWar_P4|TankWar_P5,TankWar_P1|TankWar_P2|TankWar_P3|TankWar_P4|TankWar_P5
D634,RC-0166,C:\Users\JBNU\git\ConstraintsRecovery\assets\tankwar\asset16,45,InfoPanel.paint,METHOD,C:\Users\JBNU\git\ConstraintsRecovery\assets\tankwar\asset16:IF:8-49,asset16,true,C:\Users\JBNU\git\ConstraintsRecovery\assets\tankwar\asset16,15,InfoPanel.maler,FIELD,C:\Users\JBNU\git\ConstraintsRecovery\assets\tankwar\asset16:IF:8-49,asset16,true,FIELD_REFERENCE,if (maler.status == 3) {,TankWar_P1|TankWar_P2|TankWar_P3|TankWar_P4|TankWar_P5,TankWar_P1|TankWar_P2|TankWar_P3|TankWar_P4|TankWar_P5
D632,RC-0167,C:\Users\JBNU\git\ConstraintsRecovery\assets\tankwar\asset16,35,InfoPanel.paint,METHOD,C:\Users\JBNU\git\ConstraintsRecovery\assets\tankwar\asset16:IF:8-49,asset16,true,C:\Users\JBNU\git\ConstraintsRecovery\assets\tankwar\asset2,320,Maler$$PC.fillRect,METHOD,C:\Users\JBNU\git\ConstraintsRecovery\assets\tankwar\asset2:IF:8-332,asset2,true,METHOD_CALL,"g.fillRect(5, 20 + 45, 5 * 2 * maler.gameManager.getBlood(), 5);",TankWar_P1|TankWar_P2|TankWar_P3|TankWar_P4|TankWar_P5,TankWar_P1|TankWar_P2|TankWar_P3|TankWar_P4|TankWar_P5
D637,RC-0168,C:\Users\JBNU\git\ConstraintsRecovery\assets\tankwar\asset17,18,Option.Option,CONSTRUCTOR,C:\Users\JBNU\git\ConstraintsRecovery\assets\tankwar\asset17:IF:8-36,asset17,true,C:\Users\JBNU\git\ConstraintsRecovery\assets\tankwar\asset17,13,Option.img,FIELD,C:\Users\JBNU\git\ConstraintsRecovery\assets\tankwar\asset17:IF:8-36,asset17,true,FIELD_REFERENCE,this.img = img;,TankWar_P1|TankWar_P2|TankWar_P3|TankWar_P4|TankWar_P5,TankWar_P1|TankWar_P2|TankWar_P3|TankWar_P4|TankWar_P5
D642,RC-0168,C:\Users\JBNU\git\ConstraintsRecovery\assets\tankwar\asset17,25,Option.Option,CONSTRUCTOR,C:\Users\JBNU\git\ConstraintsRecovery\assets\tankwar\asset17:IF:8-36,asset17,true,C:\Users\JBNU\git\ConstraintsRecovery\assets\tankwar\asset17,13,Option.img,FIELD,C:\Users\JBNU\git\ConstraintsRecovery\assets\tankwar\asset17:IF:8-36,asset17,true,FIELD_REFERENCE,this.img = img;,TankWar_P1|TankWar_P2|TankWar_P3|TankWar_P4|TankWar_P5,TankWar_P1|TankWar_P2|TankWar_P3|TankWar_P4|TankWar_P5
D647,RC-0168,C:\Users\JBNU\git\ConstraintsRecovery\assets\tankwar\asset17,32,Option.Option,CONSTRUCTOR,C:\Users\JBNU\git\ConstraintsRecovery\assets\tankwar\asset17:IF:8-36,asset17,true,C:\Users\JBNU\git\ConstraintsRecovery\assets\tankwar\asset17,13,Option.img,FIELD,C:\Users\JBNU\git\ConstraintsRecovery\assets\tankwar\asset17:IF:8-36,asset17,true,FIELD_REFERENCE,this.img = null;,TankWar_P1|TankWar_P2|TankWar_P3|TankWar_P4|TankWar_P5,TankWar_P1|TankWar_P2|TankWar_P3|TankWar_P4|TankWar_P5
D638,RC-0169,C:\Users\JBNU\git\ConstraintsRecovery\assets\tankwar\asset17,19,Option.Option,CONSTRUCTOR,C:\Users\JBNU\git\ConstraintsRecovery\assets\tankwar\asset17:IF:8-36,asset17,true,C:\Users\JBNU\git\ConstraintsRecovery\assets\tankwar\asset17,13,Option.img2,FIELD,C:\Users\JBNU\git\ConstraintsRecovery\assets\tankwar\asset17:IF:8-36,asset17,true,FIELD_REFERENCE,this.img2 = null;,TankWar_P1|TankWar_P2|TankWar_P3|TankWar_P4|TankWar_P5,TankWar_P1|TankWar_P2|TankWar_P3|TankWar_P4|TankWar_P5
D643,RC-0169,C:\Users\JBNU\git\ConstraintsRecovery\assets\tankwar\asset17,26,Option.Option,CONSTRUCTOR,C:\Users\JBNU\git\ConstraintsRecovery\assets\tankwar\asset17:IF:8-36,asset17,true,C:\Users\JBNU\git\ConstraintsRecovery\assets\tankwar\asset17,13,Option.img2,FIELD,C:\Users\JBNU\git\ConstraintsRecovery\assets\tankwar\asset17:IF:8-36,asset17,true,FIELD_REFERENCE,this.img2 = img2;,TankWar_P1|TankWar_P2|TankWar_P3|TankWar_P4|TankWar_P5,TankWar_P1|TankWar_P2|TankWar_P3|TankWar_P4|TankWar_P5
D648,RC-0169,C:\Users\JBNU\git\ConstraintsRecovery\assets\tankwar\asset17,33,Option.Option,CONSTRUCTOR,C:\Users\JBNU\git\ConstraintsRecovery\assets\tankwar\asset17:IF:8-36,asset17,true,C:\Users\JBNU\git\ConstraintsRecovery\assets\tankwar\asset17,13,Option.img2,FIELD,C:\Users\JBNU\git\ConstraintsRecovery\assets\tankwar\asset17:IF:8-36,asset17,true,FIELD_REFERENCE,this.img2 = null;,TankWar_P1|TankWar_P2|TankWar_P3|TankWar_P4|TankWar_P5,TankWar_P1|TankWar_P2|TankWar_P3|TankWar_P4|TankWar_P5
D639,RC-0170,C:\Users\JBNU\git\ConstraintsRecovery\assets\tankwar\asset17,20,Option.Option,CONSTRUCTOR,C:\Users\JBNU\git\ConstraintsRecovery\assets\tankwar\asset17:IF:8-36,asset17,true,C:\Users\JBNU\git\ConstraintsRecovery\assets\tankwar\asset17,14,Option.prioritaet,FIELD,C:\Users\JBNU\git\ConstraintsRecovery\assets\tankwar\asset17:IF:8-36,asset17,true,FIELD_REFERENCE,this.prioritaet = prioritaet;,TankWar_P1|TankWar_P2|TankWar_P3|TankWar_P4|TankWar_P5,TankWar_P1|TankWar_P2|TankWar_P3|TankWar_P4|TankWar_P5
D644,RC-0170,C:\Users\JBNU\git\ConstraintsRecovery\assets\tankwar\asset17,27,Option.Option,CONSTRUCTOR,C:\Users\JBNU\git\ConstraintsRecovery\assets\tankwar\asset17:IF:8-36,asset17,true,C:\Users\JBNU\git\ConstraintsRecovery\assets\tankwar\asset17,14,Option.prioritaet,FIELD,C:\Users\JBNU\git\ConstraintsRecovery\assets\tankwar\asset17:IF:8-36,asset17,true,FIELD_REFERENCE,this.prioritaet = prioritaet;,TankWar_P1|TankWar_P2|TankWar_P3|TankWar_P4|TankWar_P5,TankWar_P1|TankWar_P2|TankWar_P3|TankWar_P4|TankWar_P5
D649,RC-0170,C:\Users\JBNU\git\ConstraintsRecovery\assets\tankwar\asset17,34,Option.Option,CONSTRUCTOR,C:\Users\JBNU\git\ConstraintsRecovery\assets\tankwar\asset17:IF:8-36,asset17,true,C:\Users\JBNU\git\ConstraintsRecovery\assets\tankwar\asset17,14,Option.prioritaet,FIELD,C:\Users\JBNU\git\ConstraintsRecovery\assets\tankwar\asset17:IF:8-36,asset17,true,FIELD_REFERENCE,this.prioritaet = prioritaet;,TankWar_P1|TankWar_P2|TankWar_P3|TankWar_P4|TankWar_P5,TankWar_P1|TankWar_P2|TankWar_P3|TankWar_P4|TankWar_P5
D635,RC-0171,C:\Users\JBNU\git\ConstraintsRecovery\assets\tankwar\asset17,16,Option.Option,CONSTRUCTOR,C:\Users\JBNU\git\ConstraintsRecovery\assets\tankwar\asset17:IF:8-36,asset17,true,C:\Users\JBNU\git\ConstraintsRecovery\assets\tankwar\asset17,11,Option.status,FIELD,C:\Users\JBNU\git\ConstraintsRecovery\assets\tankwar\asset17:IF:8-36,asset17,true,FIELD_REFERENCE,this.status = status;,TankWar_P1|TankWar_P2|TankWar_P3|TankWar_P4|TankWar_P5,TankWar_P1|TankWar_P2|TankWar_P3|TankWar_P4|TankWar_P5
D640,RC-0171,C:\Users\JBNU\git\ConstraintsRecovery\assets\tankwar\asset17,23,Option.Option,CONSTRUCTOR,C:\Users\JBNU\git\ConstraintsRecovery\assets\tankwar\asset17:IF:8-36,asset17,true,C:\Users\JBNU\git\ConstraintsRecovery\assets\tankwar\asset17,11,Option.status,FIELD,C:\Users\JBNU\git\ConstraintsRecovery\assets\tankwar\asset17:IF:8-36,asset17,true,FIELD_REFERENCE,this.status = status;,TankWar_P1|TankWar_P2|TankWar_P3|TankWar_P4|TankWar_P5,TankWar_P1|TankWar_P2|TankWar_P3|TankWar_P4|TankWar_P5
D645,RC-0171,C:\Users\JBNU\git\ConstraintsRecovery\assets\tankwar\asset17,30,Option.Option,CONSTRUCTOR,C:\Users\JBNU\git\ConstraintsRecovery\assets\tankwar\asset17:IF:8-36,asset17,true,C:\Users\JBNU\git\ConstraintsRecovery\assets\tankwar\asset17,11,Option.status,FIELD,C:\Users\JBNU\git\ConstraintsRecovery\assets\tankwar\asset17:IF:8-36,asset17,true,FIELD_REFERENCE,this.status = status;,TankWar_P1|TankWar_P2|TankWar_P3|TankWar_P4|TankWar_P5,TankWar_P1|TankWar_P2|TankWar_P3|TankWar_P4|TankWar_P5
D636,RC-0172,C:\Users\JBNU\git\ConstraintsRecovery\assets\tankwar\asset17,17,Option.Option,CONSTRUCTOR,C:\Users\JBNU\git\ConstraintsRecovery\assets\tankwar\asset17:IF:8-36,asset17,true,C:\Users\JBNU\git\ConstraintsRecovery\assets\tankwar\asset17,12,Option.str,FIELD,C:\Users\JBNU\git\ConstraintsRecovery\assets\tankwar\asset17:IF:8-36,asset17,true,FIELD_REFERENCE,this.str = str;,TankWar_P1|TankWar_P2|TankWar_P3|TankWar_P4|TankWar_P5,TankWar_P1|TankWar_P2|TankWar_P3|TankWar_P4|TankWar_P5
D641,RC-0172,C:\Users\JBNU\git\ConstraintsRecovery\assets\tankwar\asset17,24,Option.Option,CONSTRUCTOR,C:\Users\JBNU\git\ConstraintsRecovery\assets\tankwar\asset17:IF:8-36,asset17,true,C:\Users\JBNU\git\ConstraintsRecovery\assets\tankwar\asset17,12,Option.str,FIELD,C:\Users\JBNU\git\ConstraintsRecovery\assets\tankwar\asset17:IF:8-36,asset17,true,FIELD_REFERENCE,this.str = str;,TankWar_P1|TankWar_P2|TankWar_P3|TankWar_P4|TankWar_P5,TankWar_P1|TankWar_P2|TankWar_P3|TankWar_P4|TankWar_P5
D646,RC-0172,C:\Users\JBNU\git\ConstraintsRecovery\assets\tankwar\asset17,31,Option.Option,CONSTRUCTOR,C:\Users\JBNU\git\ConstraintsRecovery\assets\tankwar\asset17:IF:8-36,asset17,true,C:\Users\JBNU\git\ConstraintsRecovery\assets\tankwar\asset17,12,Option.str,FIELD,C:\Users\JBNU\git\ConstraintsRecovery\assets\tankwar\asset17:IF:8-36,asset17,true,FIELD_REFERENCE,this.str = str;,TankWar_P1|TankWar_P2|TankWar_P3|TankWar_P4|TankWar_P5,TankWar_P1|TankWar_P2|TankWar_P3|TankWar_P4|TankWar_P5
D653,RC-0173,C:\Users\JBNU\git\ConstraintsRecovery\assets\tankwar\asset19,19,Tool$$Tools.init,METHOD,C:\Users\JBNU\git\ConstraintsRecovery\assets\tankwar\asset19:IF:8-51,asset19,true,C:\Users\JBNU\git\ConstraintsRecovery\assets\tankwar\asset19,11,Tool$$Tools.currTime,FIELD,C:\Users\JBNU\git\ConstraintsRecovery\assets\tankwar\asset19:IF:8-51,asset19,true,FIELD_REFERENCE,currTime = time;,TankWar_P1|TankWar_P2|TankWar_P3|TankWar_P4|TankWar_P5,TankWar_P1|TankWar_P2|TankWar_P3|TankWar_P4|TankWar_P5
D651,RC-0174,C:\Users\JBNU\git\ConstraintsRecovery\assets\tankwar\asset19,18,Tool$$Tools.init,METHOD,C:\Users\JBNU\git\ConstraintsRecovery\assets\tankwar\asset19:IF:8-51,asset19,true,C:\Users\JBNU\git\ConstraintsRecovery\assets\tankwar\asset19,10,Tool$$Tools.time,FIELD,C:\Users\JBNU\git\ConstraintsRecovery\assets\tankwar\asset19:IF:8-51,asset19,true,FIELD_REFERENCE,time = System.currentTimeMillis();,TankWar_P1|TankWar_P2|TankWar_P3|TankWar_P4|TankWar_P5,TankWar_P1|TankWar_P2|TankWar_P3|TankWar_P4|TankWar_P5
D652,RC-0174,C:\Users\JBNU\git\ConstraintsRecovery\assets\tankwar\asset19,19,Tool$$Tools.init,METHOD,C:\Users\JBNU\git\ConstraintsRecovery\assets\tankwar\asset19:IF:8-51,asset19,true,C:\Users\JBNU\git\ConstraintsRecovery\assets\tankwar\asset19,10,Tool$$Tools.time,FIELD,C:\Users\JBNU\git\ConstraintsRecovery\assets\tankwar\asset19:IF:8-51,asset19,true,FIELD_REFERENCE,currTime = time;,TankWar_P1|TankWar_P2|TankWar_P3|TankWar_P4|TankWar_P5,TankWar_P1|TankWar_P2|TankWar_P3|TankWar_P4|TankWar_P5
D654,RC-0175,C:\Users\JBNU\git\ConstraintsRecovery\assets\tankwar\asset19,22,Tool$$Tools.malen,METHOD,C:\Users\JBNU\git\ConstraintsRecovery\assets\tankwar\asset19:IF:8-51,asset19,true,C:\Users\JBNU\git\ConstraintsRecovery\assets\tankwar\asset19,11,Tool$$Tools.currTime,FIELD,C:\Users\JBNU\git\ConstraintsRecovery\assets\tankwar\asset19:IF:8-51,asset19,true,FIELD_REFERENCE,long elapsedTime = System.currentTimeMillis() - currTime;,TankWar_P1|TankWar_P2|TankWar_P3|TankWar_P4|TankWar_P5,TankWar_P1|TankWar_P2|TankWar_P3|TankWar_P4|TankWar_P5
D655,RC-0175,C:\Users\JBNU\git\ConstraintsRecovery\assets\tankwar\asset19,23,Tool$$Tools.malen,METHOD,C:\Users\JBNU\git\ConstraintsRecovery\assets\tankwar\asset19:IF:8-51,asset19,true,C:\Users\JBNU\git\ConstraintsRecovery\assets\tankwar\asset19,11,Tool$$Tools.currTime,FIELD,C:\Users\JBNU\git\ConstraintsRecovery\assets\tankwar\asset19:IF:8-51,asset19,true,FIELD_REFERENCE,currTime += elapsedTime;,TankWar_P1|TankWar_P2|TankWar_P3|TankWar_P4|TankWar_P5,TankWar_P1|TankWar_P2|TankWar_P3|TankWar_P4|TankWar_P5
D656,RC-0176,C:\Users\JBNU\git\ConstraintsRecovery\assets\tankwar\asset19,25,Tool$$Tools.malen,METHOD,C:\Users\JBNU\git\ConstraintsRecovery\assets\tankwar\asset19:IF:8-51,asset19,true,C:\Users\JBNU\git\ConstraintsRecovery\assets\tankwar\asset19,10,Tool$$Tools.time,FIELD,C:\Users\JBNU\git\ConstraintsRecovery\assets\tankwar\asset19:IF:8-51,asset19,true,FIELD_REFERENCE,time += elapsedTime;,TankWar_P1|TankWar_P2|TankWar_P3|TankWar_P4|TankWar_P5,TankWar_P1|TankWar_P2|TankWar_P3|TankWar_P4|TankWar_P5
D657,RC-0176,C:\Users\JBNU\git\ConstraintsRecovery\assets\tankwar\asset19,27,Tool$$Tools.malen,METHOD,C:\Users\JBNU\git\ConstraintsRecovery\assets\tankwar\asset19:IF:8-51,asset19,true,C:\Users\JBNU\git\ConstraintsRecovery\assets\tankwar\asset19,10,Tool$$Tools.time,FIELD,C:\Users\JBNU\git\ConstraintsRecovery\assets\tankwar\asset19:IF:8-51,asset19,true,FIELD_REFERENCE,if (System.currentTimeMillis() - time > 15000) {,TankWar_P1|TankWar_P2|TankWar_P3|TankWar_P4|TankWar_P5,TankWar_P1|TankWar_P2|TankWar_P3|TankWar_P4|TankWar_P5
D660,RC-0177,C:\Users\JBNU\git\ConstraintsRecovery\assets\tankwar\asset19,31,Tool$$Tools.malen,METHOD,C:\Users\JBNU\git\ConstraintsRecovery\assets\tankwar\asset19:IF:8-51,asset19,true,C:\Users\JBNU\git\ConstraintsRecovery\assets\tankwar\asset19,33,Tool$$Tools.toolMalen,METHOD,C:\Users\JBNU\git\ConstraintsRecovery\assets\tankwar\asset19:IF:8-51,asset19,true,METHOD_CALL,toolMalen();,TankWar_P1|TankWar_P2|TankWar_P3|TankWar_P4|TankWar_P5,TankWar_P1|TankWar_P2|TankWar_P3|TankWar_P4|TankWar_P5
D659,RC-0178,C:\Users\JBNU\git\ConstraintsRecovery\assets\tankwar\asset19,30,Tool$$Tools.malen,METHOD,C:\Users\JBNU\git\ConstraintsRecovery\assets\tankwar\asset19:IF:8-51,asset19,true,C:\Users\JBNU\git\ConstraintsRecovery\assets\tankwar\asset19,36,Tool$$Tools.treffenErkennen,METHOD,C:\Users\JBNU\git\ConstraintsRecovery\assets\tankwar\asset19:IF:8-51,asset19,true,METHOD_CALL,treffenErkennen();,TankWar_P1|TankWar_P2|TankWar_P3|TankWar_P4|TankWar_P5,TankWar_P1|TankWar_P2|TankWar_P3|TankWar_P4|TankWar_P5
D666,RC-0179,C:\Users\JBNU\git\ConstraintsRecovery\assets\tankwar\asset19,40,Tool$$Tools.treffenErkennen,METHOD,C:\Users\JBNU\git\ConstraintsRecovery\assets\tankwar\asset19:IF:8-51,asset19,true,C:\Users\JBNU\git\ConstraintsRecovery\assets\tankwar\asset19,48,Tool$$Tools.remove,METHOD,C:\Users\JBNU\git\ConstraintsRecovery\assets\tankwar\asset19:IF:8-51,asset19,true,METHOD_CALL,remove();,TankWar_P1|TankWar_P2|TankWar_P3|TankWar_P4|TankWar_P5,TankWar_P1|TankWar_P2|TankWar_P3|TankWar_P4|TankWar_P5
D672,RC-0179,C:\Users\JBNU\git\ConstraintsRecovery\assets\tankwar\asset19,45,Tool$$Tools.treffenErkennen,METHOD,C:\Users\JBNU\git\ConstraintsRecovery\assets\tankwar\asset19:IF:8-51,asset19,true,C:\Users\JBNU\git\ConstraintsRecovery\assets\tankwar\asset19,48,Tool$$Tools.remove,METHOD,C:\Users\JBNU\git\ConstraintsRecovery\assets\tankwar\asset19:IF:8-51,asset19,true,METHOD_CALL,remove();,TankWar_P1|TankWar_P2|TankWar_P3|TankWar_P4|TankWar_P5,TankWar_P1|TankWar_P2|TankWar_P3|TankWar_P4|TankWar_P5
D663,RC-0180,C:\Users\JBNU\git\ConstraintsRecovery\assets\tankwar\asset19,39,Tool$$Tools.treffenErkennen,METHOD,C:\Users\JBNU\git\ConstraintsRecovery\assets\tankwar\asset19:IF:8-51,asset19,true,C:\Users\JBNU\git\ConstraintsRecovery\assets\tankwar\asset19,12,Tool$$Tools.tankId,FIELD,C:\Users\JBNU\git\ConstraintsRecovery\assets\tankwar\asset19:IF:8-51,asset19,true,FIELD_REFERENCE,tankId = tankManager.tank1.id;,TankWar_P1|TankWar_P2|TankWar_P3|TankWar_P4|TankWar_P5,TankWar_P1|TankWar_P2|TankWar_P3|TankWar_P4|TankWar_P5
D669,RC-0180,C:\Users\JBNU\git\ConstraintsRecovery\assets\tankwar\asset19,44,Tool$$Tools.treffenErkennen,METHOD,C:\Users\JBNU\git\ConstraintsRecovery\assets\tankwar\asset19:IF:8-51,asset19,true,C:\Users\JBNU\git\ConstraintsRecovery\assets\tankwar\asset19,12,Tool$$Tools.tankId,FIELD,C:\Users\JBNU\git\ConstraintsRecovery\assets\tankwar\asset19:IF:8-51,asset19,true,FIELD_REFERENCE,tankId = tankManager.tank2.id;,TankWar_P1|TankWar_P2|TankWar_P3|TankWar_P4|TankWar_P5,TankWar_P1|TankWar_P2|TankWar_P3|TankWar_P4|TankWar_P5
D674,RC-0181,C:\Users\JBNU\git\ConstraintsRecovery\assets\tankwar\asset19,9,Tool$$Tools,CLASS,C:\Users\JBNU\git\ConstraintsRecovery\assets\tankwar\asset19:IF:8-51,asset19,true,C:\Users\JBNU\git\ConstraintsRecovery\assets\tankwar\asset22,10,GameObject,CLASS,C:\Users\JBNU\git\ConstraintsRecovery\assets\tankwar\asset22:IF:8-80,asset22,true,EXTENDS,abstract class Tool$$Tools extends GameObject {,TankWar_P1|TankWar_P2|TankWar_P3|TankWar_P4|TankWar_P5,TankWar_P1|TankWar_P2|TankWar_P3|TankWar_P4|TankWar_P5
D650,RC-0182,C:\Users\JBNU\git\ConstraintsRecovery\assets\tankwar\asset19,17,Tool$$Tools.init,METHOD,C:\Users\JBNU\git\ConstraintsRecovery\assets\tankwar\asset19:IF:8-51,asset19,true,C:\Users\JBNU\git\ConstraintsRecovery\assets\tankwar\asset22,15,GameObject.id,FIELD,C:\Users\JBNU\git\ConstraintsRecovery\assets\tankwar\asset22:IF:8-80,asset22,true,FIELD_REFERENCE,((Tool) this).id = ((Tool) this).hashCode();,TankWar_P1|TankWar_P2|TankWar_P3|TankWar_P4|TankWar_P5,TankWar_P1|TankWar_P2|TankWar_P3|TankWar_P4|TankWar_P5
D664,RC-0183,C:\Users\JBNU\git\ConstraintsRecovery\assets\tankwar\asset19,39,Tool$$Tools.treffenErkennen,METHOD,C:\Users\JBNU\git\ConstraintsRecovery\assets\tankwar\asset19:IF:8-51,asset19,true,C:\Users\JBNU\git\ConstraintsRecovery\assets\tankwar\asset22,15,GameObject.id,FIELD,C:\Users\JBNU\git\ConstraintsRecovery\assets\tankwar\asset22:IF:8-80,asset22,true,FIELD_REFERENCE,tankId = tankManager.tank1.id;,TankWar_P1|TankWar_P2|TankWar_P3|TankWar_P4|TankWar_P5,TankWar_P1|TankWar_P2|TankWar_P3|TankWar_P4|TankWar_P5
D670,RC-0183,C:\Users\JBNU\git\ConstraintsRecovery\assets\tankwar\asset19,44,Tool$$Tools.treffenErkennen,METHOD,C:\Users\JBNU\git\ConstraintsRecovery\assets\tankwar\asset19:IF:8-51,asset19,true,C:\Users\JBNU\git\ConstraintsRecovery\assets\tankwar\asset22,15,GameObject.id,FIELD,C:\Users\JBNU\git\ConstraintsRecovery\assets\tankwar\asset22:IF:8-80,asset22,true,FIELD_REFERENCE,tankId = tankManager.tank2.id;,TankWar_P1|TankWar_P2|TankWar_P3|TankWar_P4|TankWar_P5,TankWar_P1|TankWar_P2|TankWar_P3|TankWar_P4|TankWar_P5
D658,RC-0184,C:\Users\JBNU\git\ConstraintsRecovery\assets\tankwar\asset19,28,Tool$$Tools.malen,METHOD,C:\Users\JBNU\git\ConstraintsRecovery\assets\tankwar\asset19:IF:8-51,asset19,true,C:\Users\JBNU\git\ConstraintsRecovery\assets\tankwar\asset3,18,TankManager$$Tools.toolMenge,FIELD,C:\Users\JBNU\git\ConstraintsRecovery\assets\tankwar\asset3:IF:8-44,asset3,true,FIELD_REFERENCE,tankManager.toolMenge.removeElement(((Tool) this));,TankWar_P1|TankWar_P2|TankWar_P3|TankWar_P4|TankWar_P5,TankWar_P1|TankWar_P2|TankWar_P3|TankWar_P4|TankWar_P5
D673,RC-0185,C:\Users\JBNU\git\ConstraintsRecovery\assets\tankwar\asset19,49,Tool$$Tools.remove,METHOD,C:\Users\JBNU\git\ConstraintsRecovery\assets\tankwar\asset19:IF:8-51,asset19,true,C:\Users\JBNU\git\ConstraintsRecovery\assets\tankwar\asset3,18,TankManager$$Tools.toolMenge,FIELD,C:\Users\JBNU\git\ConstraintsRecovery\assets\tankwar\asset3:IF:8-44,asset3,true,FIELD_REFERENCE,tankManager.toolMenge.removeElement(((Tool) this));,TankWar_P1|TankWar_P2|TankWar_P3|TankWar_P4|TankWar_P5,TankWar_P1|TankWar_P2|TankWar_P3|TankWar_P4|TankWar_P5
D661,RC-0186,C:\Users\JBNU\git\ConstraintsRecovery\assets\tankwar\asset19,37,Tool$$Tools.treffenErkennen,METHOD,C:\Users\JBNU\git\ConstraintsRecovery\assets\tankwar\asset19:IF:8-51,asset19,true,C:\Users\JBNU\git\ConstraintsRecovery\assets\tankwar\asset9,23,TankManager$$TankWar.tank1,FIELD,C:\Users\JBNU\git\ConstraintsRecovery\assets\tankwar\asset9:IF:8-248,asset9,true,FIELD_REFERENCE,if (tankManager.tank1 != null && ((Tool) this).stossenGegen(tankManager.tank1)) {,TankWar_P1|TankWar_P2|TankWar_P3|TankWar_P4|TankWar_P5,TankWar_P1|TankWar_P2|TankWar_P3|TankWar_P4|TankWar_P5
D662,RC-0186,C:\Users\JBNU\git\ConstraintsRecovery\assets\tankwar\asset19,38,Tool$$Tools.treffenErkennen,METHOD,C:\Users\JBNU\git\ConstraintsRecovery\assets\tankwar\asset19:IF:8-51,asset19,true,C:\Users\JBNU\git\ConstraintsRecovery\assets\tankwar\asset9,23,TankManager$$TankWar.tank1,FIELD,C:\Users\JBNU\git\ConstraintsRecovery\assets\tankwar\asset9:IF:8-248,asset9,true,FIELD_REFERENCE,tankManager.tank1.toolBehandeln(objectType);,TankWar_P1|TankWar_P2|TankWar_P3|TankWar_P4|TankWar_P5,TankWar_P1|TankWar_P2|TankWar_P3|TankWar_P4|TankWar_P5
D665,RC-0186,C:\Users\JBNU\git\ConstraintsRecovery\assets\tankwar\asset19,39,Tool$$Tools.treffenErkennen,METHOD,C:\Users\JBNU\git\ConstraintsRecovery\assets\tankwar\asset19:IF:8-51,asset19,true,C:\Users\JBNU\git\ConstraintsRecovery\assets\tankwar\asset9,23,TankManager$$TankWar.tank1,FIELD,C:\Users\JBNU\git\ConstraintsRecovery\assets\tankwar\asset9:IF:8-248,asset9,true,FIELD_REFERENCE,tankId = tankManager.tank1.id;,TankWar_P1|TankWar_P2|TankWar_P3|TankWar_P4|TankWar_P5,TankWar_P1|TankWar_P2|TankWar_P3|TankWar_P4|TankWar_P5
D667,RC-0187,C:\Users\JBNU\git\ConstraintsRecovery\assets\tankwar\asset19,42,Tool$$Tools.treffenErkennen,METHOD,C:\Users\JBNU\git\ConstraintsRecovery\assets\tankwar\asset19:IF:8-51,asset19,true,C:\Users\JBNU\git\ConstraintsRecovery\assets\tankwar\asset9,24,TankManager$$TankWar.tank2,FIELD,C:\Users\JBNU\git\ConstraintsRecovery\assets\tankwar\asset9:IF:8-248,asset9,true,FIELD_REFERENCE,if (tankManager.tank2 != null && ((Tool) this).stossenGegen(tankManager.tank2)) {,TankWar_P1|TankWar_P2|TankWar_P3|TankWar_P4|TankWar_P5,TankWar_P1|TankWar_P2|TankWar_P3|TankWar_P4|TankWar_P5
D668,RC-0187,C:\Users\JBNU\git\ConstraintsRecovery\assets\tankwar\asset19,43,Tool$$Tools.treffenErkennen,METHOD,C:\Users\JBNU\git\ConstraintsRecovery\assets\tankwar\asset19:IF:8-51,asset19,true,C:\Users\JBNU\git\ConstraintsRecovery\assets\tankwar\asset9,24,TankManager$$TankWar.tank2,FIELD,C:\Users\JBNU\git\ConstraintsRecovery\assets\tankwar\asset9:IF:8-248,asset9,true,FIELD_REFERENCE,tankManager.tank2.toolBehandeln(objectType);,TankWar_P1|TankWar_P2|TankWar_P3|TankWar_P4|TankWar_P5,TankWar_P1|TankWar_P2|TankWar_P3|TankWar_P4|TankWar_P5
D671,RC-0187,C:\Users\JBNU\git\ConstraintsRecovery\assets\tankwar\asset19,44,Tool$$Tools.treffenErkennen,METHOD,C:\Users\JBNU\git\ConstraintsRecovery\assets\tankwar\asset19:IF:8-51,asset19,true,C:\Users\JBNU\git\ConstraintsRecovery\assets\tankwar\asset9,24,TankManager$$TankWar.tank2,FIELD,C:\Users\JBNU\git\ConstraintsRecovery\assets\tankwar\asset9:IF:8-248,asset9,true,FIELD_REFERENCE,tankId = tankManager.tank2.id;,TankWar_P1|TankWar_P2|TankWar_P3|TankWar_P4|TankWar_P5,TankWar_P1|TankWar_P2|TankWar_P3|TankWar_P4|TankWar_P5
D697,RC-0188,C:\Users\JBNU\git\ConstraintsRecovery\assets\tankwar\asset1,20,Missile$$TankWar.Missile$$TankWar,CONSTRUCTOR,C:\Users\JBNU\git\ConstraintsRecovery\assets\tankwar\asset1:IF:8-128,asset1,true,C:\Users\JBNU\git\ConstraintsRecovery\assets\tankwar\asset1,18,Missile$$TankWar.feindlich,FIELD,C:\Users\JBNU\git\ConstraintsRecovery\assets\tankwar\asset1:IF:8-128,asset1,true,FIELD_REFERENCE,"init(tankManager, x_Koordinate, y_Koordinate, width, height, missileRichtung, missileType, feindlich, tankId);",TankWar_P1|TankWar_P2|TankWar_P3|TankWar_P4|TankWar_P5,TankWar_P1|TankWar_P2|TankWar_P3|TankWar_P4|TankWar_P5
D696,RC-0189,C:\Users\JBNU\git\ConstraintsRecovery\assets\tankwar\asset1,20,Missile$$TankWar.Missile$$TankWar,CONSTRUCTOR,C:\Users\JBNU\git\ConstraintsRecovery\assets\tankwar\asset1:IF:8-128,asset1,true,C:\Users\JBNU\git\ConstraintsRecovery\assets\tankwar\asset1,16,Missile$$TankWar.missileRichtung,FIELD,C:\Users\JBNU\git\ConstraintsRecovery\assets\tankwar\asset1:IF:8-128,asset1,true,FIELD_REFERENCE,"init(tankManager, x_Koordinate, y_Koordinate, width, height, missileRichtung, missileType, feindlich, tankId);",TankWar_P1|TankWar_P2|TankWar_P3|TankWar_P4|TankWar_P5,TankWar_P1|TankWar_P2|TankWar_P3|TankWar_P4|TankWar_P5
D695,RC-0190,C:\Users\JBNU\git\ConstraintsRecovery\assets\tankwar\asset1,20,Missile$$TankWar.Missile$$TankWar,CONSTRUCTOR,C:\Users\JBNU\git\ConstraintsRecovery\assets\tankwar\asset1:IF:8-128,asset1,true,C:\Users\JBNU\git\ConstraintsRecovery\assets\tankwar\asset1,15,Missile$$TankWar.tankId,FIELD,C:\Users\JBNU\git\ConstraintsRecovery\assets\tankwar\asset1:IF:8-128,asset1,true,FIELD_REFERENCE,"init(tankManager, x_Koordinate, y_Koordinate, width, height, missileRichtung, missileType, feindlich, tankId);",TankWar_P1|TankWar_P2|TankWar_P3|TankWar_P4|TankWar_P5,TankWar_P1|TankWar_P2|TankWar_P3|TankWar_P4|TankWar_P5
D729,RC-0191,C:\Users\JBNU\git\ConstraintsRecovery\assets\tankwar\asset1,64,Missile$$TankWar.init,METHOD,C:\Users\JBNU\git\ConstraintsRecovery\assets\tankwar\asset1:IF:8-128,asset1,true,C:\Users\JBNU\git\ConstraintsRecovery\assets\tankwar\asset1,14,Missile$$TankWar.currTime,FIELD,C:\Users\JBNU\git\ConstraintsRecovery\assets\tankwar\asset1:IF:8-128,asset1,true,FIELD_REFERENCE,currTime = System.currentTimeMillis();,TankWar_P1|TankWar_P2|TankWar_P3|TankWar_P4|TankWar_P5,TankWar_P1|TankWar_P2|TankWar_P3|TankWar_P4|TankWar_P5
D700,RC-0192,C:\Users\JBNU\git\ConstraintsRecovery\assets\tankwar\asset1,26,Missile$$TankWar.init,METHOD,C:\Users\JBNU\git\ConstraintsRecovery\assets\tankwar\asset1:IF:8-128,asset1,true,C:\Users\JBNU\git\ConstraintsRecovery\assets\tankwar\asset1,18,Missile$$TankWar.feindlich,FIELD,C:\Users\JBNU\git\ConstraintsRecovery\assets\tankwar\asset1:IF:8-128,asset1,true,FIELD_REFERENCE,((Missile) this).feindlich = feindlich;,TankWar_P1|TankWar_P2|TankWar_P3|TankWar_P4|TankWar_P5,TankWar_P1|TankWar_P2|TankWar_P3|TankWar_P4|TankWar_P5
D710,RC-0193,C:\Users\JBNU\git\ConstraintsRecovery\assets\tankwar\asset1,36,Missile$$TankWar.init,METHOD,C:\Users\JBNU\git\ConstraintsRecovery\assets\tankwar\asset1:IF:8-128,asset1,true,C:\Users\JBNU\git\ConstraintsRecovery\assets\tankwar\asset1,13,Missile$$TankWar.geschwindigkeit,FIELD,C:\Users\JBNU\git\ConstraintsRecovery\assets\tankwar\asset1:IF:8-128,asset1,true,FIELD_REFERENCE,((Missile) this).geschwindigkeit = 0.00039f;,TankWar_P1|TankWar_P2|TankWar_P3|TankWar_P4|TankWar_P5,TankWar_P1|TankWar_P2|TankWar_P3|TankWar_P4|TankWar_P5
D699,RC-0194,C:\Users\JBNU\git\ConstraintsRecovery\assets\tankwar\asset1,25,Missile$$TankWar.init,METHOD,C:\Users\JBNU\git\ConstraintsRecovery\assets\tankwar\asset1:IF:8-128,asset1,true,C:\Users\JBNU\git\ConstraintsRecovery\assets\tankwar\asset1,16,Missile$$TankWar.missileRichtung,FIELD,C:\Users\JBNU\git\ConstraintsRecovery\assets\tankwar\asset1:IF:8-128,asset1,true,FIELD_REFERENCE,((Missile) this).missileRichtung = missileRichtung;,TankWar_P1|TankWar_P2|TankWar_P3|TankWar_P4|TankWar_P5,TankWar_P1|TankWar_P2|TankWar_P3|TankWar_P4|TankWar_P5
D712,RC-0194,C:\Users\JBNU\git\ConstraintsRecovery\assets\tankwar\asset1,40,Missile$$TankWar.init,METHOD,C:\Users\JBNU\git\ConstraintsRecovery\assets\tankwar\asset1:IF:8-128,asset1,true,C:\Users\JBNU\git\ConstraintsRecovery\assets\tankwar\asset1,16,Missile$$TankWar.missileRichtung,FIELD,C:\Users\JBNU\git\ConstraintsRecovery\assets\tankwar\asset1:IF:8-128,asset1,true,FIELD_REFERENCE,switch(missileRichtung) {,TankWar_P1|TankWar_P2|TankWar_P3|TankWar_P4|TankWar_P5,TankWar_P1|TankWar_P2|TankWar_P3|TankWar_P4|TankWar_P5
D702,RC-0195,C:\Users\JBNU\git\ConstraintsRecovery\assets\tankwar\asset1,28,Missile$$TankWar.init,METHOD,C:\Users\JBNU\git\ConstraintsRecovery\assets\tankwar\asset1:IF:8-128,asset1,true,C:\Users\JBNU\git\ConstraintsRecovery\assets\tankwar\asset1,15,Missile$$TankWar.tankId,FIELD,C:\Users\JBNU\git\ConstraintsRecovery\assets\tankwar\asset1:IF:8-128,asset1,true,FIELD_REFERENCE,((Missile) this).tankId = tankId;,TankWar_P1|TankWar_P2|TankWar_P3|TankWar_P4|TankWar_P5,TankWar_P1|TankWar_P2|TankWar_P3|TankWar_P4|TankWar_P5
D711,RC-0196,C:\Users\JBNU\git\ConstraintsRecovery\assets\tankwar\asset1,37,Missile$$TankWar.init,METHOD,C:\Users\JBNU\git\ConstraintsRecovery\assets\tankwar\asset1:IF:8-128,asset1,true,C:\Users\JBNU\git\ConstraintsRecovery\assets\tankwar\asset1,17,Missile$$TankWar.vernichtungskraft,FIELD,C:\Users\JBNU\git\ConstraintsRecovery\assets\tankwar\asset1:IF:8-128,asset1,true,FIELD_REFERENCE,((Missile) this).vernichtungskraft = 10;,TankWar_P1|TankWar_P2|TankWar_P3|TankWar_P4|TankWar_P5,TankWar_P1|TankWar_P2|TankWar_P3|TankWar_P4|TankWar_P5
D731,RC-0197,C:\Users\JBNU\git\ConstraintsRecovery\assets\tankwar\asset1,65,Missile$$TankWar.init,METHOD,C:\Users\JBNU\git\ConstraintsRecovery\assets\tankwar\asset1:IF:8-128,asset1,true,C:\Users\JBNU\git\ConstraintsRecovery\assets\tankwar\asset1,13,Missile$$TankWar.xf_Koordinate,FIELD,C:\Users\JBNU\git\ConstraintsRecovery\assets\tankwar\asset1:IF:8-128,asset1,true,FIELD_REFERENCE,((Missile) this).xf_Koordinate = ((Missile) this).x_Koordinate + 0.0f;,TankWar_P1|TankWar_P2|TankWar_P3|TankWar_P4|TankWar_P5,TankWar_P1|TankWar_P2|TankWar_P3|TankWar_P4|TankWar_P5
D733,RC-0198,C:\Users\JBNU\git\ConstraintsRecovery\assets\tankwar\asset1,66,Missile$$TankWar.init,METHOD,C:\Users\JBNU\git\ConstraintsRecovery\assets\tankwar\asset1:IF:8-128,asset1,true,C:\Users\JBNU\git\ConstraintsRecovery\assets\tankwar\asset1,13,Missile$$TankWar.yf_Koordinate,FIELD,C:\Users\JBNU\git\ConstraintsRecovery\assets\tankwar\asset1:IF:8-128,asset1,true,FIELD_REFERENCE,((Missile) this).yf_Koordinate = ((Missile) this).y_Koordinate + 0.0f;,TankWar_P1|TankWar_P2|TankWar_P3|TankWar_P4|TankWar_P5,TankWar_P1|TankWar_P2|TankWar_P3|TankWar_P4|TankWar_P5
D740,RC-0199,C:\Users\JBNU\git\ConstraintsRecovery\assets\tankwar\asset1,81,Missile$$TankWar.koordinateAktualisieren,METHOD,C:\Users\JBNU\git\ConstraintsRecovery\assets\tankwar\asset1:IF:8-128,asset1,true,C:\Users\JBNU\git\ConstraintsRecovery\assets\tankwar\asset1,13,Missile$$TankWar.geschwindigkeit,FIELD,C:\Users\JBNU\git\ConstraintsRecovery\assets\tankwar\asset1:IF:8-128,asset1,true,FIELD_REFERENCE,yf_Koordinate -= geschwindigkeit * tankManager.screenWidth * elapsedTime;,TankWar_P1|TankWar_P2|TankWar_P3|TankWar_P4|TankWar_P5,TankWar_P1|TankWar_P2|TankWar_P3|TankWar_P4|TankWar_P5
D745,RC-0199,C:\Users\JBNU\git\ConstraintsRecovery\assets\tankwar\asset1,85,Missile$$TankWar.koordinateAktualisieren,METHOD,C:\Users\JBNU\git\ConstraintsRecovery\assets\tankwar\asset1:IF:8-128,asset1,true,C:\Users\JBNU\git\ConstraintsRecovery\assets\tankwar\asset1,13,Missile$$TankWar.geschwindigkeit,FIELD,C:\Users\JBNU\git\ConstraintsRecovery\assets\tankwar\asset1:IF:8-128,asset1,true,FIELD_REFERENCE,xf_Koordinate += geschwindigkeit * tankManager.screenWidth * elapsedTime;,TankWar_P1|TankWar_P2|TankWar_P3|TankWar_P4|TankWar_P5,TankWar_P1|TankWar_P2|TankWar_P3|TankWar_P4|TankWar_P5
D750,RC-0199,C:\Users\JBNU\git\ConstraintsRecovery\assets\tankwar\asset1,89,Missile$$TankWar.koordinateAktualisieren,METHOD,C:\Users\JBNU\git\ConstraintsRecovery\assets\tankwar\asset1:IF:8-128,asset1,true,C:\Users\JBNU\git\ConstraintsRecovery\assets\tankwar\asset1,13,Missile$$TankWar.geschwindigkeit,FIELD,C:\Users\JBNU\git\ConstraintsRecovery\assets\tankwar\asset1:IF:8-128,asset1,true,FIELD_REFERENCE,yf_Koordinate += geschwindigkeit * tankManager.screenWidth * elapsedTime;,TankWar_P1|TankWar_P2|TankWar_P3|TankWar_P4|TankWar_P5,TankWar_P1|TankWar_P2|TankWar_P3|TankWar_P4|TankWar_P5
D755,RC-0199,C:\Users\JBNU\git\ConstraintsRecovery\assets\tankwar\asset1,93,Missile$$TankWar.koordinateAktualisieren,METHOD,C:\Users\JBNU\git\ConstraintsRecovery\assets\tankwar\asset1:IF:8-128,asset1,true,C:\Users\JBNU\git\ConstraintsRecovery\assets\tankwar\asset1,13,Missile$$TankWar.geschwindigkeit,FIELD,C:\Users\JBNU\git\ConstraintsRecovery\assets\tankwar\asset1:IF:8-128,asset1,true,FIELD_REFERENCE,xf_Koordinate -= geschwindigkeit * tankManager.screenWidth * elapsedTime;,TankWar_P1|TankWar_P2|TankWar_P3|TankWar_P4|TankWar_P5,TankWar_P1|TankWar_P2|TankWar_P3|TankWar_P4|TankWar_P5
D739,RC-0200,C:\Users\JBNU\git\ConstraintsRecovery\assets\tankwar\asset1,79,Missile$$TankWar.koordinateAktualisieren,METHOD,C:\Users\JBNU\git\ConstraintsRecovery\assets\tankwar\asset1:IF:8-128,asset1,true,C:\Users\JBNU\git\ConstraintsRecovery\assets\tankwar\asset1,16,Missile$$TankWar.missileRichtung,FIELD,C:\Users\JBNU\git\ConstraintsRecovery\assets\tankwar\asset1:IF:8-128,asset1,true,FIELD_REFERENCE,switch(missileRichtung) {,TankWar_P1|TankWar_P2|TankWar_P3|TankWar_P4|TankWar_P5,TankWar_P1|TankWar_P2|TankWar_P3|TankWar_P4|TankWar_P5
D675,RC-0201,C:\Users\JBNU\git\ConstraintsRecovery\assets\tankwar\asset1,100,Missile$$TankWar.koordinateAktualisieren,METHOD,C:\Users\JBNU\git\ConstraintsRecovery\assets\tankwar\asset1:IF:8-128,asset1,true,C:\Users\JBNU\git\ConstraintsRecovery\assets\tankwar\asset1,102,Missile$$TankWar.treffenErkennen,METHOD,C:\Users\JBNU\git\ConstraintsRecovery\assets\tankwar\asset1:IF:8-128,asset1,true,METHOD_CALL,treffenErkennen();,TankWar_P1|TankWar_P2|TankWar_P3|TankWar_P4|TankWar_P5,TankWar_P1|TankWar_P2|TankWar_P3|TankWar_P4|TankWar_P5
D746,RC-0202,C:\Users\JBNU\git\ConstraintsRecovery\assets\tankwar\asset1,85,Missile$$TankWar.koordinateAktualisieren,METHOD,C:\Users\JBNU\git\ConstraintsRecovery\assets\tankwar\asset1:IF:8-128,asset1,true,C:\Users\JBNU\git\ConstraintsRecovery\assets\tankwar\asset1,13,Missile$$TankWar.xf_Koordinate,FIELD,C:\Users\JBNU\git\ConstraintsRecovery\assets\tankwar\asset1:IF:8-128,asset1,true,FIELD_REFERENCE,xf_Koordinate += geschwindigkeit * tankManager.screenWidth * elapsedTime;,TankWar_P1|TankWar_P2|TankWar_P3|TankWar_P4|TankWar_P5,TankWar_P1|TankWar_P2|TankWar_P3|TankWar_P4|TankWar_P5
D748,RC-0202,C:\Users\JBNU\git\ConstraintsRecovery\assets\tankwar\asset1,86,Missile$$TankWar.koordinateAktualisieren,METHOD,C:\Users\JBNU\git\ConstraintsRecovery\assets\tankwar\asset1:IF:8-128,asset1,true,C:\Users\JBNU\git\ConstraintsRecovery\assets\tankwar\asset1,13,Missile$$TankWar.xf_Koordinate,FIELD,C:\Users\JBNU\git\ConstraintsRecovery\assets\tankwar\asset1:IF:8-128,asset1,true,FIELD_REFERENCE,x_Koordinate = getRund(xf_Koordinate);,TankWar_P1|TankWar_P2|TankWar_P3|TankWar_P4|TankWar_P5,TankWar_P1|TankWar_P2|TankWar_P3|TankWar_P4|TankWar_P5
D756,RC-0202,C:\Users\JBNU\git\ConstraintsRecovery\assets\tankwar\asset1,93,Missile$$TankWar.koordinateAktualisieren,METHOD,C:\Users\JBNU\git\ConstraintsRecovery\assets\tankwar\asset1:IF:8-128,asset1,true,C:\Users\JBNU\git\ConstraintsRecovery\assets\tankwar\asset1,13,Missile$$TankWar.xf_Koordinate,FIELD,C:\Users\JBNU\git\ConstraintsRecovery\assets\tankwar\asset1:IF:8-128,asset1,true,FIELD_REFERENCE,xf_Koordinate -= geschwindigkeit * tankManager.screenWidth * elapsedTime;,TankWar_P1|TankWar_P2|TankWar_P3|TankWar_P4|TankWar_P5,TankWar_P1|TankWar_P2|TankWar_P3|TankWar_P4|TankWar_P5
D758,RC-0202,C:\Users\JBNU\git\ConstraintsRecovery\assets\tankwar\asset1,94,Missile$$TankWar.koordinateAktualisieren,METHOD,C:\Users\JBNU\git\ConstraintsRecovery\assets\tankwar\asset1:IF:8-128,asset1,true,C:\Users\JBNU\git\ConstraintsRecovery\assets\tankwar\asset1,13,Missile$$TankWar.xf_Koordinate,FIELD,C:\Users\JBNU\git\ConstraintsRecovery\assets\tankwar\asset1:IF:8-128,asset1,true,FIELD_REFERENCE,x_Koordinate = getRund(xf_Koordinate);,TankWar_P1|TankWar_P2|TankWar_P3|TankWar_P4|TankWar_P5,TankWar_P1|TankWar_P2|TankWar_P3|TankWar_P4|TankWar_P5
D741,RC-0203,C:\Users\JBNU\git\ConstraintsRecovery\assets\tankwar\asset1,81,Missile$$TankWar.koordinateAktualisieren,METHOD,C:\Users\JBNU\git\ConstraintsRecovery\assets\tankwar\asset1:IF:8-128,asset1,true,C:\Users\JBNU\git\ConstraintsRecovery\assets\tankwar\asset1,13,Missile$$TankWar.yf_Koordinate,FIELD,C:\Users\JBNU\git\ConstraintsRecovery\assets\tankwar\asset1:IF:8-128,asset1,true,FIELD_REFERENCE,yf_Koordinate -= geschwindigkeit * tankManager.screenWidth * elapsedTime;,TankWar_P1|TankWar_P2|TankWar_P3|TankWar_P4|TankWar_P5,TankWar_P1|TankWar_P2|TankWar_P3|TankWar_P4|TankWar_P5
D743,RC-0203,C:\Users\JBNU\git\ConstraintsRecovery\assets\tankwar\asset1,82,Missile$$TankWar.koordinateAktualisieren,METHOD,C:\Users\JBNU\git\ConstraintsRecovery\assets\tankwar\asset1:IF:8-128,asset1,true,C:\Users\JBNU\git\ConstraintsRecovery\assets\tankwar\asset1,13,Missile$$TankWar.yf_Koordinate,FIELD,C:\Users\JBNU\git\ConstraintsRecovery\assets\tankwar\asset1:IF:8-128,asset1,true,FIELD_REFERENCE,y_Koordinate = getRund(yf_Koordinate);,TankWar_P1|TankWar_P2|TankWar_P3|TankWar_P4|TankWar_P5,TankWar_P1|TankWar_P2|TankWar_P3|TankWar_P4|TankWar_P5
D751,RC-0203,C:\Users\JBNU\git\ConstraintsRecovery\assets\tankwar\asset1,89,Missile$$TankWar.koordinateAktualisieren,METHOD,C:\Users\JBNU\git\ConstraintsRecovery\assets\tankwar\asset1:IF:8-128,asset1,true,C:\Users\JBNU\git\ConstraintsRecovery\assets\tankwar\asset1,13,Missile$$TankWar.yf_Koordinate,FIELD,C:\Users\JBNU\git\ConstraintsRecovery\assets\tankwar\asset1:IF:8-128,asset1,true,FIELD_REFERENCE,yf_Koordinate += geschwindigkeit * tankManager.screenWidth * elapsedTime;,TankWar_P1|TankWar_P2|TankWar_P3|TankWar_P4|TankWar_P5,TankWar_P1|TankWar_P2|TankWar_P3|TankWar_P4|TankWar_P5
D753,RC-0203,C:\Users\JBNU\git\ConstraintsRecovery\assets\tankwar\asset1,90,Missile$$TankWar.koordinateAktualisieren,METHOD,C:\Users\JBNU\git\ConstraintsRecovery\assets\tankwar\asset1:IF:8-128,asset1,true,C:\Users\JBNU\git\ConstraintsRecovery\assets\tankwar\asset1,13,Missile$$TankWar.yf_Koordinate,FIELD,C:\Users\JBNU\git\ConstraintsRecovery\assets\tankwar\asset1:IF:8-128,asset1,true,FIELD_REFERENCE,y_Koordinate = getRund(yf_Koordinate);,TankWar_P1|TankWar_P2|TankWar_P3|TankWar_P4|TankWar_P5,TankWar_P1|TankWar_P2|TankWar_P3|TankWar_P4|TankWar_P5
D734,RC-0204,C:\Users\JBNU\git\ConstraintsRecovery\assets\tankwar\asset1,69,Missile$$TankWar.malen,METHOD,C:\Users\JBNU\git\ConstraintsRecovery\assets\tankwar\asset1:IF:8-128,asset1,true,C:\Users\JBNU\git\ConstraintsRecovery\assets\tankwar\asset1,14,Missile$$TankWar.currTime,FIELD,C:\Users\JBNU\git\ConstraintsRecovery\assets\tankwar\asset1:IF:8-128,asset1,true,FIELD_REFERENCE,long elapsedTime = System.currentTimeMillis() - currTime;,TankWar_P1|TankWar_P2|TankWar_P3|TankWar_P4|TankWar_P5,TankWar_P1|TankWar_P2|TankWar_P3|TankWar_P4|TankWar_P5
D735,RC-0204,C:\Users\JBNU\git\ConstraintsRecovery\assets\tankwar\asset1,70,Missile$$TankWar.malen,METHOD,C:\Users\JBNU\git\ConstraintsRecovery\assets\tankwar\asset1:IF:8-128,asset1,true,C:\Users\JBNU\git\ConstraintsRecovery\assets\tankwar\asset1,14,Missile$$TankWar.currTime,FIELD,C:\Users\JBNU\git\ConstraintsRecovery\assets\tankwar\asset1:IF:8-128,asset1,true,FIELD_REFERENCE,currTime += elapsedTime;,TankWar_P1|TankWar_P2|TankWar_P3|TankWar_P4|TankWar_P5,TankWar_P1|TankWar_P2|TankWar_P3|TankWar_P4|TankWar_P5
D736,RC-0205,C:\Users\JBNU\git\ConstraintsRecovery\assets\tankwar\asset1,74,Missile$$TankWar.malen,METHOD,C:\Users\JBNU\git\ConstraintsRecovery\assets\tankwar\asset1:IF:8-128,asset1,true,C:\Users\JBNU\git\ConstraintsRecovery\assets\tankwar\asset1,78,Missile$$TankWar.koordinateAktualisieren,METHOD,C:\Users\JBNU\git\ConstraintsRecovery\assets\tankwar\asset1:IF:8-128,asset1,true,METHOD_CALL,koordinateAktualisieren(elapsedTime);,TankWar_P1|TankWar_P2|TankWar_P3|TankWar_P4|TankWar_P5,TankWar_P1|TankWar_P2|TankWar_P3|TankWar_P4|TankWar_P5
D689,RC-0206,C:\Users\JBNU\git\ConstraintsRecovery\assets\tankwar\asset1,118,Missile$$TankWar.treffenErkennen,METHOD,C:\Users\JBNU\git\ConstraintsRecovery\assets\tankwar\asset1:IF:8-128,asset1,true,C:\Users\JBNU\git\ConstraintsRecovery\assets\tankwar\asset1,122,Missile$$TankWar.explodieren,METHOD,C:\Users\JBNU\git\ConstraintsRecovery\assets\tankwar\asset1:IF:8-128,asset1,true,METHOD_CALL,explodieren();,TankWar_P1|TankWar_P2|TankWar_P3|TankWar_P4|TankWar_P5,TankWar_P1|TankWar_P2|TankWar_P3|TankWar_P4|TankWar_P5
D691,RC-0206,C:\Users\JBNU\git\ConstraintsRecovery\assets\tankwar\asset1,120,Missile$$TankWar.treffenErkennen,METHOD,C:\Users\JBNU\git\ConstraintsRecovery\assets\tankwar\asset1:IF:8-128,asset1,true,C:\Users\JBNU\git\ConstraintsRecovery\assets\tankwar\asset1,122,Missile$$TankWar.explodieren,METHOD,C:\Users\JBNU\git\ConstraintsRecovery\assets\tankwar\asset1:IF:8-128,asset1,true,METHOD_CALL,explodieren();,TankWar_P1|TankWar_P2|TankWar_P3|TankWar_P4|TankWar_P5,TankWar_P1|TankWar_P2|TankWar_P3|TankWar_P4|TankWar_P5
D678,RC-0207,C:\Users\JBNU\git\ConstraintsRecovery\assets\tankwar\asset1,104,Missile$$TankWar.treffenErkennen,METHOD,C:\Users\JBNU\git\ConstraintsRecovery\assets\tankwar\asset1:IF:8-128,asset1,true,C:\Users\JBNU\git\ConstraintsRecovery\assets\tankwar\asset1,18,Missile$$TankWar.feindlich,FIELD,C:\Users\JBNU\git\ConstraintsRecovery\assets\tankwar\asset1:IF:8-128,asset1,true,FIELD_REFERENCE,if (stossenGegen((GameObject) tankManager.tankMenge.elementAt(i)) && ((Missile) this).feindlich != ((Tank) tankManager.tankMenge.elementAt(i)).feindlich) {,TankWar_P1|TankWar_P2|TankWar_P3|TankWar_P4|TankWar_P5,TankWar_P1|TankWar_P2|TankWar_P3|TankWar_P4|TankWar_P5
D685,RC-0207,C:\Users\JBNU\git\ConstraintsRecovery\assets\tankwar\asset1,111,Missile$$TankWar.treffenErkennen,METHOD,C:\Users\JBNU\git\ConstraintsRecovery\assets\tankwar\asset1:IF:8-128,asset1,true,C:\Users\JBNU\git\ConstraintsRecovery\assets\tankwar\asset1,18,Missile$$TankWar.feindlich,FIELD,C:\Users\JBNU\git\ConstraintsRecovery\assets\tankwar\asset1:IF:8-128,asset1,true,FIELD_REFERENCE,if (((Missile) this).feindlich != ((Missile) tankManager.missilesMenge.elementAt(i)).feindlich && stossenGegen((GameObject) tankManager.missilesMenge.elementAt(i))) {,TankWar_P1|TankWar_P2|TankWar_P3|TankWar_P4|TankWar_P5,TankWar_P1|TankWar_P2|TankWar_P3|TankWar_P4|TankWar_P5
D682,RC-0208,C:\Users\JBNU\git\ConstraintsRecovery\assets\tankwar\asset1,106,Missile$$TankWar.treffenErkennen,METHOD,C:\Users\JBNU\git\ConstraintsRecovery\assets\tankwar\asset1:IF:8-128,asset1,true,C:\Users\JBNU\git\ConstraintsRecovery\assets\tankwar\asset1,125,Missile$$TankWar.remove,METHOD,C:\Users\JBNU\git\ConstraintsRecovery\assets\tankwar\asset1:IF:8-128,asset1,true,METHOD_CALL,remove();,TankWar_P1|TankWar_P2|TankWar_P3|TankWar_P4|TankWar_P5,TankWar_P1|TankWar_P2|TankWar_P3|TankWar_P4|TankWar_P5
D687,RC-0208,C:\Users\JBNU\git\ConstraintsRecovery\assets\tankwar\asset1,113,Missile$$TankWar.treffenErkennen,METHOD,C:\Users\JBNU\git\ConstraintsRecovery\assets\tankwar\asset1:IF:8-128,asset1,true,C:\Users\JBNU\git\ConstraintsRecovery\assets\tankwar\asset1,125,Missile$$TankWar.remove,METHOD,C:\Users\JBNU\git\ConstraintsRecovery\assets\tankwar\asset1:IF:8-128,asset1,true,METHOD_CALL,remove();,TankWar_P1|TankWar_P2|TankWar_P3|TankWar_P4|TankWar_P5,TankWar_P1|TankWar_P2|TankWar_P3|TankWar_P4|TankWar_P5
D679,RC-0209,C:\Users\JBNU\git\ConstraintsRecovery\assets\tankwar\asset1,105,Missile$$TankWar.treffenErkennen,METHOD,C:\Users\JBNU\git\ConstraintsRecovery\assets\tankwar\asset1:IF:8-128,asset1,true,C:\Users\JBNU\git\ConstraintsRecovery\assets\tankwar\asset1,15,Missile$$TankWar.tankId,FIELD,C:\Users\JBNU\git\ConstraintsRecovery\assets\tankwar\asset1:IF:8-128,asset1,true,FIELD_REFERENCE,"((Tank) tankManager.tankMenge.elementAt(i)).beschaedigen(vernichtungskraft, tankId);",TankWar_P1|TankWar_P2|TankWar_P3|TankWar_P4|TankWar_P5,TankWar_P1|TankWar_P2|TankWar_P3|TankWar_P4|TankWar_P5
D681,RC-0210,C:\Users\JBNU\git\ConstraintsRecovery\assets\tankwar\asset1,105,Missile$$TankWar.treffenErkennen,METHOD,C:\Users\JBNU\git\ConstraintsRecovery\assets\tankwar\asset1:IF:8-128,asset1,true,C:\Users\JBNU\git\ConstraintsRecovery\assets\tankwar\asset1,17,Missile$$TankWar.vernichtungskraft,FIELD,C:\Users\JBNU\git\ConstraintsRecovery\assets\tankwar\asset1:IF:8-128,asset1,true,FIELD_REFERENCE,"((Tank) tankManager.tankMenge.elementAt(i)).beschaedigen(vernichtungskraft, tankId);",TankWar_P1|TankWar_P2|TankWar_P3|TankWar_P4|TankWar_P5,TankWar_P1|TankWar_P2|TankWar_P3|TankWar_P4|TankWar_P5
D694,RC-0211,C:\Users\JBNU\git\ConstraintsRecovery\assets\tankwar\asset1,12,Missile$$TankWar,CLASS,C:\Users\JBNU\git\ConstraintsRecovery\assets\tankwar\asset1:IF:8-128,asset1,true,C:\Users\JBNU\git\ConstraintsRecovery\assets\tankwar\asset22,10,GameObject,CLASS,C:\Users\JBNU\git\ConstraintsRecovery\assets\tankwar\asset22:IF:8-80,asset22,true,EXTENDS,abstract class Missile$$TankWar extends GameObject {,TankWar_P1|TankWar_P2|TankWar_P3|TankWar_P4|TankWar_P5,TankWar_P1|TankWar_P2|TankWar_P3|TankWar_P4|TankWar_P5
D709,RC-0212,C:\Users\JBNU\git\ConstraintsRecovery\assets\tankwar\asset1,35,Missile$$TankWar.init,METHOD,C:\Users\JBNU\git\ConstraintsRecovery\assets\tankwar\asset1:IF:8-128,asset1,true,C:\Users\JBNU\git\ConstraintsRecovery\assets\tankwar\asset22,13,GameObject.colorB,FIELD,C:\Users\JBNU\git\ConstraintsRecovery\assets\tankwar\asset22:IF:8-80,asset22,true,FIELD_REFERENCE,((Missile) this).colorB = 205;,TankWar_P1|TankWar_P2|TankWar_P3|TankWar_P4|TankWar_P5,TankWar_P1|TankWar_P2|TankWar_P3|TankWar_P4|TankWar_P5
D708,RC-0213,C:\Users\JBNU\git\ConstraintsRecovery\assets\tankwar\asset1,34,Missile$$TankWar.init,METHOD,C:\Users\JBNU\git\ConstraintsRecovery\assets\tankwar\asset1:IF:8-128,asset1,true,C:\Users\JBNU\git\ConstraintsRecovery\assets\tankwar\asset22,13,GameObject.colorG,FIELD,C:\Users\JBNU\git\ConstraintsRecovery\assets\tankwar\asset22:IF:8-80,asset22,true,FIELD_REFERENCE,((Missile) this).colorG = 200;,TankWar_P1|TankWar_P2|TankWar_P3|TankWar_P4|TankWar_P5,TankWar_P1|TankWar_P2|TankWar_P3|TankWar_P4|TankWar_P5
D707,RC-0214,C:\Users\JBNU\git\ConstraintsRecovery\assets\tankwar\asset1,33,Missile$$TankWar.init,METHOD,C:\Users\JBNU\git\ConstraintsRecovery\assets\tankwar\asset1:IF:8-128,asset1,true,C:\Users\JBNU\git\ConstraintsRecovery\assets\tankwar\asset22,13,GameObject.colorR,FIELD,C:\Users\JBNU\git\ConstraintsRecovery\assets\tankwar\asset22:IF:8-80,asset22,true,FIELD_REFERENCE,((Missile) this).colorR = 255;,TankWar_P1|TankWar_P2|TankWar_P3|TankWar_P4|TankWar_P5,TankWar_P1|TankWar_P2|TankWar_P3|TankWar_P4|TankWar_P5
D701,RC-0215,C:\Users\JBNU\git\ConstraintsRecovery\assets\tankwar\asset1,27,Missile$$TankWar.init,METHOD,C:\Users\JBNU\git\ConstraintsRecovery\assets\tankwar\asset1:IF:8-128,asset1,true,C:\Users\JBNU\git\ConstraintsRecovery\assets\tankwar\asset22,15,GameObject.id,FIELD,C:\Users\JBNU\git\ConstraintsRecovery\assets\tankwar\asset22:IF:8-80,asset22,true,FIELD_REFERENCE,((Missile) this).id = ((Missile) this).hashCode();,TankWar_P1|TankWar_P2|TankWar_P3|TankWar_P4|TankWar_P5,TankWar_P1|TankWar_P2|TankWar_P3|TankWar_P4|TankWar_P5
D705,RC-0216,C:\Users\JBNU\git\ConstraintsRecovery\assets\tankwar\asset1,32,Missile$$TankWar.init,METHOD,C:\Users\JBNU\git\ConstraintsRecovery\assets\tankwar\asset1:IF:8-128,asset1,true,C:\Users\JBNU\git\ConstraintsRecovery\assets\tankwar\asset22,16,GameObject.objHeight,FIELD,C:\Users\JBNU\git\ConstraintsRecovery\assets\tankwar\asset22:IF:8-80,asset22,true,FIELD_REFERENCE,((Missile) this).objHeight = tankManager.koernigkeit2 + 2;,TankWar_P1|TankWar_P2|TankWar_P3|TankWar_P4|TankWar_P5,TankWar_P1|TankWar_P2|TankWar_P3|TankWar_P4|TankWar_P5
D716,RC-0216,C:\Users\JBNU\git\ConstraintsRecovery\assets\tankwar\asset1,47,Missile$$TankWar.init,METHOD,C:\Users\JBNU\git\ConstraintsRecovery\assets\tankwar\asset1:IF:8-128,asset1,true,C:\Users\JBNU\git\ConstraintsRecovery\assets\tankwar\asset22,16,GameObject.objHeight,FIELD,C:\Users\JBNU\git\ConstraintsRecovery\assets\tankwar\asset22:IF:8-80,asset22,true,FIELD_REFERENCE,((Missile) this).objWidth = ((Missile) this).objHeight;,TankWar_P1|TankWar_P2|TankWar_P3|TankWar_P4|TankWar_P5,TankWar_P1|TankWar_P2|TankWar_P3|TankWar_P4|TankWar_P5
D718,RC-0216,C:\Users\JBNU\git\ConstraintsRecovery\assets\tankwar\asset1,48,Missile$$TankWar.init,METHOD,C:\Users\JBNU\git\ConstraintsRecovery\assets\tankwar\asset1:IF:8-128,asset1,true,C:\Users\JBNU\git\ConstraintsRecovery\assets\tankwar\asset22,16,GameObject.objHeight,FIELD,C:\Users\JBNU\git\ConstraintsRecovery\assets\tankwar\asset22:IF:8-80,asset22,true,FIELD_REFERENCE,((Missile) this).objHeight = temp;,TankWar_P1|TankWar_P2|TankWar_P3|TankWar_P4|TankWar_P5,TankWar_P1|TankWar_P2|TankWar_P3|TankWar_P4|TankWar_P5
D724,RC-0216,C:\Users\JBNU\git\ConstraintsRecovery\assets\tankwar\asset1,58,Missile$$TankWar.init,METHOD,C:\Users\JBNU\git\ConstraintsRecovery\assets\tankwar\asset1:IF:8-128,asset1,true,C:\Users\JBNU\git\ConstraintsRecovery\assets\tankwar\asset22,16,GameObject.objHeight,FIELD,C:\Users\JBNU\git\ConstraintsRecovery\assets\tankwar\asset22:IF:8-80,asset22,true,FIELD_REFERENCE,((Missile) this).objWidth = ((Missile) this).objHeight;,TankWar_P1|TankWar_P2|TankWar_P3|TankWar_P4|TankWar_P5,TankWar_P1|TankWar_P2|TankWar_P3|TankWar_P4|TankWar_P5
D726,RC-0216,C:\Users\JBNU\git\ConstraintsRecovery\assets\tankwar\asset1,59,Missile$$TankWar.init,METHOD,C:\Users\JBNU\git\ConstraintsRecovery\assets\tankwar\asset1:IF:8-128,asset1,true,C:\Users\JBNU\git\ConstraintsRecovery\assets\tankwar\asset22,16,GameObject.objHeight,FIELD,C:\Users\JBNU\git\ConstraintsRecovery\assets\tankwar\asset22:IF:8-80,asset22,true,FIELD_REFERENCE,((Missile) this).objHeight = temp;,TankWar_P1|TankWar_P2|TankWar_P3|TankWar_P4|TankWar_P5,TankWar_P1|TankWar_P2|TankWar_P3|TankWar_P4|TankWar_P5
D703,RC-0217,C:\Users\JBNU\git\ConstraintsRecovery\assets\tankwar\asset1,31,Missile$$TankWar.init,METHOD,C:\Users\JBNU\git\ConstraintsRecovery\assets\tankwar\asset1:IF:8-128,asset1,true,C:\Users\JBNU\git\ConstraintsRecovery\assets\tankwar\asset22,16,GameObject.objWidth,FIELD,C:\Users\JBNU\git\ConstraintsRecovery\assets\tankwar\asset22:IF:8-80,asset22,true,FIELD_REFERENCE,((Missile) this).objWidth = tankManager.koernigkeit2 + 2;,TankWar_P1|TankWar_P2|TankWar_P3|TankWar_P4|TankWar_P5,TankWar_P1|TankWar_P2|TankWar_P3|TankWar_P4|TankWar_P5
D715,RC-0217,C:\Users\JBNU\git\ConstraintsRecovery\assets\tankwar\asset1,46,Missile$$TankWar.init,METHOD,C:\Users\JBNU\git\ConstraintsRecovery\assets\tankwar\asset1:IF:8-128,asset1,true,C:\Users\JBNU\git\ConstraintsRecovery\assets\tankwar\asset22,16,GameObject.objWidth,FIELD,C:\Users\JBNU\git\ConstraintsRecovery\assets\tankwar\asset22:IF:8-80,asset22,true,FIELD_REFERENCE,int temp = ((Missile) this).objWidth;,TankWar_P1|TankWar_P2|TankWar_P3|TankWar_P4|TankWar_P5,TankWar_P1|TankWar_P2|TankWar_P3|TankWar_P4|TankWar_P5
D717,RC-0217,C:\Users\JBNU\git\ConstraintsRecovery\assets\tankwar\asset1,47,Missile$$TankWar.init,METHOD,C:\Users\JBNU\git\ConstraintsRecovery\assets\tankwar\asset1:IF:8-128,asset1,true,C:\Users\JBNU\git\ConstraintsRecovery\assets\tankwar\asset22,16,GameObject.objWidth,FIELD,C:\Users\JBNU\git\ConstraintsRecovery\assets\tankwar\asset22:IF:8-80,asset22,true,FIELD_REFERENCE,((Missile) this).objWidth = ((Missile) this).objHeight;,TankWar_P1|TankWar_P2|TankWar_P3|TankWar_P4|TankWar_P5,TankWar_P1|TankWar_P2|TankWar_P3|TankWar_P4|TankWar_P5
D723,RC-0217,C:\Users\JBNU\git\ConstraintsRecovery\assets\tankwar\asset1,57,Missile$$TankWar.init,METHOD,C:\Users\JBNU\git\ConstraintsRecovery\assets\tankwar\asset1:IF:8-128,asset1,true,C:\Users\JBNU\git\ConstraintsRecovery\assets\tankwar\asset22,16,GameObject.objWidth,FIELD,C:\Users\JBNU\git\ConstraintsRecovery\assets\tankwar\asset22:IF:8-80,asset22,true,FIELD_REFERENCE,temp = ((Missile) this).objWidth;,TankWar_P1|TankWar_P2|TankWar_P3|TankWar_P4|TankWar_P5,TankWar_P1|TankWar_P2|TankWar_P3|TankWar_P4|TankWar_P5
D725,RC-0217,C:\Users\JBNU\git\ConstraintsRecovery\assets\tankwar\asset1,58,Missile$$TankWar.init,METHOD,C:\Users\JBNU\git\ConstraintsRecovery\assets\tankwar\asset1:IF:8-128,asset1,true,C:\Users\JBNU\git\ConstraintsRecovery\assets\tankwar\asset22,16,GameObject.objWidth,FIELD,C:\Users\JBNU\git\ConstraintsRecovery\assets\tankwar\asset22:IF:8-80,asset22,true,FIELD_REFERENCE,((Missile) this).objWidth = ((Missile) this).objHeight;,TankWar_P1|TankWar_P2|TankWar_P3|TankWar_P4|TankWar_P5,TankWar_P1|TankWar_P2|TankWar_P3|TankWar_P4|TankWar_P5
D698,RC-0218,C:\Users\JBNU\git\ConstraintsRecovery\assets\tankwar\asset1,24,Missile$$TankWar.init,METHOD,C:\Users\JBNU\git\ConstraintsRecovery\assets\tankwar\asset1:IF:8-128,asset1,true,C:\Users\JBNU\git\ConstraintsRecovery\assets\tankwar\asset22,14,GameObject.objectType,FIELD,C:\Users\JBNU\git\ConstraintsRecovery\assets\tankwar\asset22:IF:8-80,asset22,true,FIELD_REFERENCE,((Missile) this).objectType = missileType;,TankWar_P1|TankWar_P2|TankWar_P3|TankWar_P4|TankWar_P5,TankWar_P1|TankWar_P2|TankWar_P3|TankWar_P4|TankWar_P5
D713,RC-0219,C:\Users\JBNU\git\ConstraintsRecovery\assets\tankwar\asset1,42,Missile$$TankWar.init,METHOD,C:\Users\JBNU\git\ConstraintsRecovery\assets\tankwar\asset1:IF:8-128,asset1,true,C:\Users\JBNU\git\ConstraintsRecovery\assets\tankwar\asset22,12,GameObject.x_Koordinate,FIELD,C:\Users\JBNU\git\ConstraintsRecovery\assets\tankwar\asset22:IF:8-80,asset22,true,FIELD_REFERENCE,((Missile) this).x_Koordinate = x_Koordinate + width / 2 - objWidth / 2;,TankWar_P1|TankWar_P2|TankWar_P3|TankWar_P4|TankWar_P5,TankWar_P1|TankWar_P2|TankWar_P3|TankWar_P4|TankWar_P5
D719,RC-0219,C:\Users\JBNU\git\ConstraintsRecovery\assets\tankwar\asset1,49,Missile$$TankWar.init,METHOD,C:\Users\JBNU\git\ConstraintsRecovery\assets\tankwar\asset1:IF:8-128,asset1,true,C:\Users\JBNU\git\ConstraintsRecovery\assets\tankwar\asset22,12,GameObject.x_Koordinate,FIELD,C:\Users\JBNU\git\ConstraintsRecovery\assets\tankwar\asset22:IF:8-80,asset22,true,FIELD_REFERENCE,((Missile) this).x_Koordinate = x_Koordinate + width;,TankWar_P1|TankWar_P2|TankWar_P3|TankWar_P4|TankWar_P5,TankWar_P1|TankWar_P2|TankWar_P3|TankWar_P4|TankWar_P5
D721,RC-0219,C:\Users\JBNU\git\ConstraintsRecovery\assets\tankwar\asset1,53,Missile$$TankWar.init,METHOD,C:\Users\JBNU\git\ConstraintsRecovery\assets\tankwar\asset1:IF:8-128,asset1,true,C:\Users\JBNU\git\ConstraintsRecovery\assets\tankwar\asset22,12,GameObject.x_Koordinate,FIELD,C:\Users\JBNU\git\ConstraintsRecovery\assets\tankwar\asset22:IF:8-80,asset22,true,FIELD_REFERENCE,((Missile) this).x_Koordinate = x_Koordinate + width / 2 - objWidth / 2;,TankWar_P1|TankWar_P2|TankWar_P3|TankWar_P4|TankWar_P5,TankWar_P1|TankWar_P2|TankWar_P3|TankWar_P4|TankWar_P5
D727,RC-0219,C:\Users\JBNU\git\ConstraintsRecovery\assets\tankwar\asset1,60,Missile$$TankWar.init,METHOD,C:\Users\JBNU\git\ConstraintsRecovery\assets\tankwar\asset1:IF:8-128,asset1,true,C:\Users\JBNU\git\ConstraintsRecovery\assets\tankwar\asset22,12,GameObject.x_Koordinate,FIELD,C:\Users\JBNU\git\ConstraintsRecovery\assets\tankwar\asset22:IF:8-80,asset22,true,FIELD_REFERENCE,((Missile) this).x_Koordinate = x_Koordinate - objWidth;,TankWar_P1|TankWar_P2|TankWar_P3|TankWar_P4|TankWar_P5,TankWar_P1|TankWar_P2|TankWar_P3|TankWar_P4|TankWar_P5
D730,RC-0219,C:\Users\JBNU\git\ConstraintsRecovery\assets\tankwar\asset1,65,Missile$$TankWar.init,METHOD,C:\Users\JBNU\git\ConstraintsRecovery\assets\tankwar\asset1:IF:8-128,asset1,true,C:\Users\JBNU\git\ConstraintsRecovery\assets\tankwar\asset22,12,GameObject.x_Koordinate,FIELD,C:\Users\JBNU\git\ConstraintsRecovery\assets\tankwar\asset22:IF:8-80,asset22,true,FIELD_REFERENCE,((Missile) this).xf_Koordinate = ((Missile) this).x_Koordinate + 0.0f;,TankWar_P1|TankWar_P2|TankWar_P3|TankWar_P4|TankWar_P5,TankWar_P1|TankWar_P2|TankWar_P3|TankWar_P4|TankWar_P5
D714,RC-0220,C:\Users\JBNU\git\ConstraintsRecovery\assets\tankwar\asset1,43,Missile$$TankWar.init,METHOD,C:\Users\JBNU\git\ConstraintsRecovery\assets\tankwar\asset1:IF:8-128,asset1,true,C:\Users\JBNU\git\ConstraintsRecovery\assets\tankwar\asset22,12,GameObject.y_Koordinate,FIELD,C:\Users\JBNU\git\ConstraintsRecovery\assets\tankwar\asset22:IF:8-80,asset22,true,FIELD_REFERENCE,((Missile) this).y_Koordinate = y_Koordinate - objHeight;,TankWar_P1|TankWar_P2|TankWar_P3|TankWar_P4|TankWar_P5,TankWar_P1|TankWar_P2|TankWar_P3|TankWar_P4|TankWar_P5
D720,RC-0220,C:\Users\JBNU\git\ConstraintsRecovery\assets\tankwar\asset1,50,Missile$$TankWar.init,METHOD,C:\Users\JBNU\git\ConstraintsRecovery\assets\tankwar\asset1:IF:8-128,asset1,true,C:\Users\JBNU\git\ConstraintsRecovery\assets\tankwar\asset22,12,GameObject.y_Koordinate,FIELD,C:\Users\JBNU\git\ConstraintsRecovery\assets\tankwar\asset22:IF:8-80,asset22,true,FIELD_REFERENCE,((Missile) this).y_Koordinate = y_Koordinate + height / 2 - objHeight / 2;,TankWar_P1|TankWar_P2|TankWar_P3|TankWar_P4|TankWar_P5,TankWar_P1|TankWar_P2|TankWar_P3|TankWar_P4|TankWar_P5
D722,RC-0220,C:\Users\JBNU\git\ConstraintsRecovery\assets\tankwar\asset1,54,Missile$$TankWar.init,METHOD,C:\Users\JBNU\git\ConstraintsRecovery\assets\tankwar\asset1:IF:8-128,asset1,true,C:\Users\JBNU\git\ConstraintsRecovery\assets\tankwar\asset22,12,GameObject.y_Koordinate,FIELD,C:\Users\JBNU\git\ConstraintsRecovery\assets\tankwar\asset22:IF:8-80,asset22,true,FIELD_REFERENCE,((Missile) this).y_Koordinate = y_Koordinate + height;,TankWar_P1|TankWar_P2|TankWar_P3|TankWar_P4|TankWar_P5,TankWar_P1|TankWar_P2|TankWar_P3|TankWar_P4|TankWar_P5
D728,RC-0220,C:\Users\JBNU\git\ConstraintsRecovery\assets\tankwar\asset1,61,Missile$$TankWar.init,METHOD,C:\Users\JBNU\git\ConstraintsRecovery\assets\tankwar\asset1:IF:8-128,asset1,true,C:\Users\JBNU\git\ConstraintsRecovery\assets\tankwar\asset22,12,GameObject.y_Koordinate,FIELD,C:\Users\JBNU\git\ConstraintsRecovery\assets\tankwar\asset22:IF:8-80,asset22,true,FIELD_REFERENCE,((Missile) this).y_Koordinate = y_Koordinate + height / 2 - objHeight / 2;,TankWar_P1|TankWar_P2|TankWar_P3|TankWar_P4|TankWar_P5,TankWar_P1|TankWar_P2|TankWar_P3|TankWar_P4|TankWar_P5
D732,RC-0220,C:\Users\JBNU\git\ConstraintsRecovery\assets\tankwar\asset1,66,Missile$$TankWar.init,METHOD,C:\Users\JBNU\git\ConstraintsRecovery\assets\tankwar\asset1:IF:8-128,asset1,true,C:\Users\JBNU\git\ConstraintsRecovery\assets\tankwar\asset22,12,GameObject.y_Koordinate,FIELD,C:\Users\JBNU\git\ConstraintsRecovery\assets\tankwar\asset22:IF:8-80,asset22,true,FIELD_REFERENCE,((Missile) this).yf_Koordinate = ((Missile) this).y_Koordinate + 0.0f;,TankWar_P1|TankWar_P2|TankWar_P3|TankWar_P4|TankWar_P5,TankWar_P1|TankWar_P2|TankWar_P3|TankWar_P4|TankWar_P5
D744,RC-0221,C:\Users\JBNU\git\ConstraintsRecovery\assets\tankwar\asset1,82,Missile$$TankWar.koordinateAktualisieren,METHOD,C:\Users\JBNU\git\ConstraintsRecovery\assets\tankwar\asset1:IF:8-128,asset1,true,C:\Users\JBNU\git\ConstraintsRecovery\assets\tankwar\asset22,70,GameObject.getRund,METHOD,C:\Users\JBNU\git\ConstraintsRecovery\assets\tankwar\asset22:IF:8-80,asset22,true,METHOD_CALL,y_Koordinate = getRund(yf_Koordinate);,TankWar_P1|TankWar_P2|TankWar_P3|TankWar_P4|TankWar_P5,TankWar_P1|TankWar_P2|TankWar_P3|TankWar_P4|TankWar_P5
D749,RC-0221,C:\Users\JBNU\git\ConstraintsRecovery\assets\tankwar\asset1,86,Missile$$TankWar.koordinateAktualisieren,METHOD,C:\Users\JBNU\git\ConstraintsRecovery\assets\tankwar\asset1:IF:8-128,asset1,true,C:\Users\JBNU\git\ConstraintsRecovery\assets\tankwar\asset22,70,GameObject.getRund,METHOD,C:\Users\JBNU\git\ConstraintsRecovery\assets\tankwar\asset22:IF:8-80,asset22,true,METHOD_CALL,x_Koordinate = getRund(xf_Koordinate);,TankWar_P1|TankWar_P2|TankWar_P3|TankWar_P4|TankWar_P5,TankWar_P1|TankWar_P2|TankWar_P3|TankWar_P4|TankWar_P5
D754,RC-0221,C:\Users\JBNU\git\ConstraintsRecovery\assets\tankwar\asset1,90,Missile$$TankWar.koordinateAktualisieren,METHOD,C:\Users\JBNU\git\ConstraintsRecovery\assets\tankwar\asset1:IF:8-128,asset1,true,C:\Users\JBNU\git\ConstraintsRecovery\assets\tankwar\asset22,70,GameObject.getRund,METHOD,C:\Users\JBNU\git\ConstraintsRecovery\assets\tankwar\asset22:IF:8-80,asset22,true,METHOD_CALL,y_Koordinate = getRund(yf_Koordinate);,TankWar_P1|TankWar_P2|TankWar_P3|TankWar_P4|TankWar_P5,TankWar_P1|TankWar_P2|TankWar_P3|TankWar_P4|TankWar_P5
D759,RC-0221,C:\Users\JBNU\git\ConstraintsRecovery\assets\tankwar\asset1,94,Missile$$TankWar.koordinateAktualisieren,METHOD,C:\Users\JBNU\git\ConstraintsRecovery\assets\tankwar\asset1:IF:8-128,asset1,true,C:\Users\JBNU\git\ConstraintsRecovery\assets\tankwar\asset22,70,GameObject.getRund,METHOD,C:\Users\JBNU\git\ConstraintsRecovery\assets\tankwar\asset22:IF:8-80,asset22,true,METHOD_CALL,x_Koordinate = getRund(xf_Koordinate);,TankWar_P1|TankWar_P2|TankWar_P3|TankWar_P4|TankWar_P5,TankWar_P1|TankWar_P2|TankWar_P3|TankWar_P4|TankWar_P5
D738,RC-0222,C:\Users\JBNU\git\ConstraintsRecovery\assets\tankwar\asset1,76,Missile$$TankWar.malen,METHOD,C:\Users\JBNU\git\ConstraintsRecovery\assets\tankwar\asset1:IF:8-128,asset1,true,C:\Users\JBNU\git\ConstraintsRecovery\assets\tankwar\asset2,317,Maler$$PC.fillOvall,METHOD,C:\Users\JBNU\git\ConstraintsRecovery\assets\tankwar\asset2:IF:8-332,asset2,true,METHOD_CALL,"tankManager.maler.fillOvall(x_Koordinate, y_Koordinate, objWidth, objHeight);",TankWar_P1|TankWar_P2|TankWar_P3|TankWar_P4|TankWar_P5,TankWar_P1|TankWar_P2|TankWar_P3|TankWar_P4|TankWar_P5
D737,RC-0223,C:\Users\JBNU\git\ConstraintsRecovery\assets\tankwar\asset1,75,Missile$$TankWar.malen,METHOD,C:\Users\JBNU\git\ConstraintsRecovery\assets\tankwar\asset1:IF:8-128,asset1,true,C:\Users\JBNU\git\ConstraintsRecovery\assets\tankwar\asset2,310,Maler$$PC.setColor,METHOD,C:\Users\JBNU\git\ConstraintsRecovery\assets\tankwar\asset2:IF:8-332,asset2,true,METHOD_CALL,"tankManager.maler.setColor(colorR, colorG, colorB);",TankWar_P1|TankWar_P2|TankWar_P3|TankWar_P4|TankWar_P5,TankWar_P1|TankWar_P2|TankWar_P3|TankWar_P4|TankWar_P5
D692,RC-0224,C:\Users\JBNU\git\ConstraintsRecovery\assets\tankwar\asset1,123,Missile$$TankWar.explodieren,METHOD,C:\Users\JBNU\git\ConstraintsRecovery\assets\tankwar\asset1:IF:8-128,asset1,true,C:\Users\JBNU\git\ConstraintsRecovery\assets\tankwar\asset9,28,TankManager$$TankWar.missilesMenge,FIELD,C:\Users\JBNU\git\ConstraintsRecovery\assets\tankwar\asset9:IF:8-248,asset9,true,FIELD_REFERENCE,tankManager.missilesMenge.removeElement(((Missile) this));,TankWar_P1|TankWar_P2|TankWar_P3|TankWar_P4|TankWar_P5,TankWar_P1|TankWar_P2|TankWar_P3|TankWar_P4|TankWar_P5
D704,RC-0225,C:\Users\JBNU\git\ConstraintsRecovery\assets\tankwar\asset1,31,Missile$$TankWar.init,METHOD,C:\Users\JBNU\git\ConstraintsRecovery\assets\tankwar\asset1:IF:8-128,asset1,true,C:\Users\JBNU\git\ConstraintsRecovery\assets\tankwar\asset9,21,TankManager$$TankWar.koernigkeit2,FIELD,C:\Users\JBNU\git\ConstraintsRecovery\assets\tankwar\asset9:IF:8-248,asset9,true,FIELD_REFERENCE,((Missile) this).objWidth = tankManager.koernigkeit2 + 2;,TankWar_P1|TankWar_P2|TankWar_P3|TankWar_P4|TankWar_P5,TankWar_P1|TankWar_P2|TankWar_P3|TankWar_P4|TankWar_P5
D706,RC-0225,C:\Users\JBNU\git\ConstraintsRecovery\assets\tankwar\asset1,32,Missile$$TankWar.init,METHOD,C:\Users\JBNU\git\ConstraintsRecovery\assets\tankwar\asset1:IF:8-128,asset1,true,C:\Users\JBNU\git\ConstraintsRecovery\assets\tankwar\asset9,21,TankManager$$TankWar.koernigkeit2,FIELD,C:\Users\JBNU\git\ConstraintsRecovery\assets\tankwar\asset9:IF:8-248,asset9,true,FIELD_REFERENCE,((Missile) this).objHeight = tankManager.koernigkeit2 + 2;,TankWar_P1|TankWar_P2|TankWar_P3|TankWar_P4|TankWar_P5,TankWar_P1|TankWar_P2|TankWar_P3|TankWar_P4|TankWar_P5
D762,RC-0226,C:\Users\JBNU\git\ConstraintsRecovery\assets\tankwar\asset1,98,Missile$$TankWar.koordinateAktualisieren,METHOD,C:\Users\JBNU\git\ConstraintsRecovery\assets\tankwar\asset1:IF:8-128,asset1,true,C:\Users\JBNU\git\ConstraintsRecovery\assets\tankwar\asset9,28,TankManager$$TankWar.missilesMenge,FIELD,C:\Users\JBNU\git\ConstraintsRecovery\assets\tankwar\asset9:IF:8-248,asset9,true,FIELD_REFERENCE,tankManager.missilesMenge.removeElement(((Missile) this));,TankWar_P1|TankWar_P2|TankWar_P3|TankWar_P4|TankWar_P5,TankWar_P1|TankWar_P2|TankWar_P3|TankWar_P4|TankWar_P5
D760,RC-0227,C:\Users\JBNU\git\ConstraintsRecovery\assets\tankwar\asset1,97,Missile$$TankWar.koordinateAktualisieren,METHOD,C:\Users\JBNU\git\ConstraintsRecovery\assets\tankwar\asset1:IF:8-128,asset1,true,C:\Users\JBNU\git\ConstraintsRecovery\assets\tankwar\asset9,20,TankManager$$TankWar.screenHeight,FIELD,C:\Users\JBNU\git\ConstraintsRecovery\assets\tankwar\asset9:IF:8-248,asset9,true,FIELD_REFERENCE,if (x_Koordinate < 0 || y_Koordinate < 0 || x_Koordinate > tankManager.screenWidth || y_Koordinate > tankManager.screenHeight) {,TankWar_P1|TankWar_P2|TankWar_P3|TankWar_P4|TankWar_P5,TankWar_P1|TankWar_P2|TankWar_P3|TankWar_P4|TankWar_P5
D742,RC-0228,C:\Users\JBNU\git\ConstraintsRecovery\assets\tankwar\asset1,81,Missile$$TankWar.koordinateAktualisieren,METHOD,C:\Users\JBNU\git\ConstraintsRecovery\assets\tankwar\asset1:IF:8-128,asset1,true,C:\Users\JBNU\git\ConstraintsRecovery\assets\tankwar\asset9,20,TankManager$$TankWar.screenWidth,FIELD,C:\Users\JBNU\git\ConstraintsRecovery\assets\tankwar\asset9:IF:8-248,asset9,true,FIELD_REFERENCE,yf_Koordinate -= geschwindigkeit * tankManager.screenWidth * elapsedTime;,TankWar_P1|TankWar_P2|TankWar_P3|TankWar_P4|TankWar_P5,TankWar_P1|TankWar_P2|TankWar_P3|TankWar_P4|TankWar_P5
D747,RC-0228,C:\Users\JBNU\git\ConstraintsRecovery\assets\tankwar\asset1,85,Missile$$TankWar.koordinateAktualisieren,METHOD,C:\Users\JBNU\git\ConstraintsRecovery\assets\tankwar\asset1:IF:8-128,asset1,true,C:\Users\JBNU\git\ConstraintsRecovery\assets\tankwar\asset9,20,TankManager$$TankWar.screenWidth,FIELD,C:\Users\JBNU\git\ConstraintsRecovery\assets\tankwar\asset9:IF:8-248,asset9,true,FIELD_REFERENCE,xf_Koordinate += geschwindigkeit * tankManager.screenWidth * elapsedTime;,TankWar_P1|TankWar_P2|TankWar_P3|TankWar_P4|TankWar_P5,TankWar_P1|TankWar_P2|TankWar_P3|TankWar_P4|TankWar_P5
D752,RC-0228,C:\Users\JBNU\git\ConstraintsRecovery\assets\tankwar\asset1,89,Missile$$TankWar.koordinateAktualisieren,METHOD,C:\Users\JBNU\git\ConstraintsRecovery\assets\tankwar\asset1:IF:8-128,asset1,true,C:\Users\JBNU\git\ConstraintsRecovery\assets\tankwar\asset9,20,TankManager$$TankWar.screenWidth,FIELD,C:\Users\JBNU\git\ConstraintsRecovery\assets\tankwar\asset9:IF:8-248,asset9,true,FIELD_REFERENCE,yf_Koordinate += geschwindigkeit * tankManager.screenWidth * elapsedTime;,TankWar_P1|TankWar_P2|TankWar_P3|TankWar_P4|TankWar_P5,TankWar_P1|TankWar_P2|TankWar_P3|TankWar_P4|TankWar_P5
D757,RC-0228,C:\Users\JBNU\git\ConstraintsRecovery\assets\tankwar\asset1,93,Missile$$TankWar.koordinateAktualisieren,METHOD,C:\Users\JBNU\git\ConstraintsRecovery\assets\tankwar\asset1:IF:8-128,asset1,true,C:\Users\JBNU\git\ConstraintsRecovery\assets\tankwar\asset9,20,TankManager$$TankWar.screenWidth,FIELD,C:\Users\JBNU\git\ConstraintsRecovery\assets\tankwar\asset9:IF:8-248,asset9,true,FIELD_REFERENCE,xf_Koordinate -= geschwindigkeit * tankManager.screenWidth * elapsedTime;,TankWar_P1|TankWar_P2|TankWar_P3|TankWar_P4|TankWar_P5,TankWar_P1|TankWar_P2|TankWar_P3|TankWar_P4|TankWar_P5
D761,RC-0228,C:\Users\JBNU\git\ConstraintsRecovery\assets\tankwar\asset1,97,Missile$$TankWar.koordinateAktualisieren,METHOD,C:\Users\JBNU\git\ConstraintsRecovery\assets\tankwar\asset1:IF:8-128,asset1,true,C:\Users\JBNU\git\ConstraintsRecovery\assets\tankwar\asset9,20,TankManager$$TankWar.screenWidth,FIELD,C:\Users\JBNU\git\ConstraintsRecovery\assets\tankwar\asset9:IF:8-248,asset9,true,FIELD_REFERENCE,if (x_Koordinate < 0 || y_Koordinate < 0 || x_Koordinate > tankManager.screenWidth || y_Koordinate > tankManager.screenHeight) {,TankWar_P1|TankWar_P2|TankWar_P3|TankWar_P4|TankWar_P5,TankWar_P1|TankWar_P2|TankWar_P3|TankWar_P4|TankWar_P5
D693,RC-0229,C:\Users\JBNU\git\ConstraintsRecovery\assets\tankwar\asset1,126,Missile$$TankWar.remove,METHOD,C:\Users\JBNU\git\ConstraintsRecovery\assets\tankwar\asset1:IF:8-128,asset1,true,C:\Users\JBNU\git\ConstraintsRecovery\assets\tankwar\asset9,28,TankManager$$TankWar.missilesMenge,FIELD,C:\Users\JBNU\git\ConstraintsRecovery\assets\tankwar\asset9:IF:8-248,asset9,true,FIELD_REFERENCE,tankManager.missilesMenge.removeElement(((Missile) this));,TankWar_P1|TankWar_P2|TankWar_P3|TankWar_P4|TankWar_P5,TankWar_P1|TankWar_P2|TankWar_P3|TankWar_P4|TankWar_P5
D688,RC-0230,C:\Users\JBNU\git\ConstraintsRecovery\assets\tankwar\asset1,117,Missile$$TankWar.treffenErkennen,METHOD,C:\Users\JBNU\git\ConstraintsRecovery\assets\tankwar\asset1:IF:8-128,asset1,true,C:\Users\JBNU\git\ConstraintsRecovery\assets\tankwar\asset9,29,TankManager$$TankWar.brickwall,FIELD,C:\Users\JBNU\git\ConstraintsRecovery\assets\tankwar\asset9:IF:8-248,asset9,true,FIELD_REFERENCE,if (stossenGegen(tankManager.brickwall)),TankWar_P1|TankWar_P2|TankWar_P3|TankWar_P4|TankWar_P5,TankWar_P1|TankWar_P2|TankWar_P3|TankWar_P4|TankWar_P5
D690,RC-0231,C:\Users\JBNU\git\ConstraintsRecovery\assets\tankwar\asset1,119,Missile$$TankWar.treffenErkennen,METHOD,C:\Users\JBNU\git\ConstraintsRecovery\assets\tankwar\asset1:IF:8-128,asset1,true,C:\Users\JBNU\git\ConstraintsRecovery\assets\tankwar\asset9,30,TankManager$$TankWar.metalwall,FIELD,C:\Users\JBNU\git\ConstraintsRecovery\assets\tankwar\asset9:IF:8-248,asset9,true,FIELD_REFERENCE,if (stossenGegen(tankManager.metalwall)),TankWar_P1|TankWar_P2|TankWar_P3|TankWar_P4|TankWar_P5,TankWar_P1|TankWar_P2|TankWar_P3|TankWar_P4|TankWar_P5
D683,RC-0232,C:\Users\JBNU\git\ConstraintsRecovery\assets\tankwar\asset1,110,Missile$$TankWar.treffenErkennen,METHOD,C:\Users\JBNU\git\ConstraintsRecovery\assets\tankwar\asset1:IF:8-128,asset1,true,C:\Users\JBNU\git\ConstraintsRecovery\assets\tankwar\asset9,28,TankManager$$TankWar.missilesMenge,FIELD,C:\Users\JBNU\git\ConstraintsRecovery\assets\tankwar\asset9:IF:8-248,asset9,true,FIELD_REFERENCE,for (int i = 0; i < tankManager.missilesMenge.size(); i++) {,TankWar_P1|TankWar_P2|TankWar_P3|TankWar_P4|TankWar_P5,TankWar_P1|TankWar_P2|TankWar_P3|TankWar_P4|TankWar_P5
D684,RC-0232,C:\Users\JBNU\git\ConstraintsRecovery\assets\tankwar\asset1,111,Missile$$TankWar.treffenErkennen,METHOD,C:\Users\JBNU\git\ConstraintsRecovery\assets\tankwar\asset1:IF:8-128,asset1,true,C:\Users\JBNU\git\ConstraintsRecovery\assets\tankwar\asset9,28,TankManager$$TankWar.missilesMenge,FIELD,C:\Users\JBNU\git\ConstraintsRecovery\assets\tankwar\asset9:IF:8-248,asset9,true,FIELD_REFERENCE,if (((Missile) this).feindlich != ((Missile) tankManager.missilesMenge.elementAt(i)).feindlich && stossenGegen((GameObject) tankManager.missilesMenge.elementAt(i))) {,TankWar_P1|TankWar_P2|TankWar_P3|TankWar_P4|TankWar_P5,TankWar_P1|TankWar_P2|TankWar_P3|TankWar_P4|TankWar_P5
D686,RC-0232,C:\Users\JBNU\git\ConstraintsRecovery\assets\tankwar\asset1,112,Missile$$TankWar.treffenErkennen,METHOD,C:\Users\JBNU\git\ConstraintsRecovery\assets\tankwar\asset1:IF:8-128,asset1,true,C:\Users\JBNU\git\ConstraintsRecovery\assets\tankwar\asset9,28,TankManager$$TankWar.missilesMenge,FIELD,C:\Users\JBNU\git\ConstraintsRecovery\assets\tankwar\asset9:IF:8-248,asset9,true,FIELD_REFERENCE,((Missile) tankManager.missilesMenge.elementAt(i)).explodieren();,TankWar_P1|TankWar_P2|TankWar_P3|TankWar_P4|TankWar_P5,TankWar_P1|TankWar_P2|TankWar_P3|TankWar_P4|TankWar_P5
D676,RC-0233,C:\Users\JBNU\git\ConstraintsRecovery\assets\tankwar\asset1,103,Missile$$TankWar.treffenErkennen,METHOD,C:\Users\JBNU\git\ConstraintsRecovery\assets\tankwar\asset1:IF:8-128,asset1,true,C:\Users\JBNU\git\ConstraintsRecovery\assets\tankwar\asset9,27,TankManager$$TankWar.tankMenge,FIELD,C:\Users\JBNU\git\ConstraintsRecovery\assets\tankwar\asset9:IF:8-248,asset9,true,FIELD_REFERENCE,for (int i = 0; i < tankManager.tankMenge.size(); i++) {,TankWar_P1|TankWar_P2|TankWar_P3|TankWar_P4|TankWar_P5,TankWar_P1|TankWar_P2|TankWar_P3|TankWar_P4|TankWar_P5
D677,RC-0233,C:\Users\JBNU\git\ConstraintsRecovery\assets\tankwar\asset1,104,Missile$$TankWar.treffenErkennen,METHOD,C:\Users\JBNU\git\ConstraintsRecovery\assets\tankwar\asset1:IF:8-128,asset1,true,C:\Users\JBNU\git\ConstraintsRecovery\assets\tankwar\asset9,27,TankManager$$TankWar.tankMenge,FIELD,C:\Users\JBNU\git\ConstraintsRecovery\assets\tankwar\asset9:IF:8-248,asset9,true,FIELD_REFERENCE,if (stossenGegen((GameObject) tankManager.tankMenge.elementAt(i)) && ((Missile) this).feindlich != ((Tank) tankManager.tankMenge.elementAt(i)).feindlich) {,TankWar_P1|TankWar_P2|TankWar_P3|TankWar_P4|TankWar_P5,TankWar_P1|TankWar_P2|TankWar_P3|TankWar_P4|TankWar_P5
D680,RC-0233,C:\Users\JBNU\git\ConstraintsRecovery\assets\tankwar\asset1,105,Missile$$TankWar.treffenErkennen,METHOD,C:\Users\JBNU\git\ConstraintsRecovery\assets\tankwar\asset1:IF:8-128,asset1,true,C:\Users\JBNU\git\ConstraintsRecovery\assets\tankwar\asset9,27,TankManager$$TankWar.tankMenge,FIELD,C:\Users\JBNU\git\ConstraintsRecovery\assets\tankwar\asset9:IF:8-248,asset9,true,FIELD_REFERENCE,"((Tank) tankManager.tankMenge.elementAt(i)).beschaedigen(vernichtungskraft, tankId);",TankWar_P1|TankWar_P2|TankWar_P3|TankWar_P4|TankWar_P5,TankWar_P1|TankWar_P2|TankWar_P3|TankWar_P4|TankWar_P5
D763,RC-0234,C:\Users\JBNU\git\ConstraintsRecovery\assets\tankwar\asset20,22,Tool.toolMalen,METHOD,C:\Users\JBNU\git\ConstraintsRecovery\assets\tankwar\asset20:IF:8-41,asset20,true,C:\Users\JBNU\git\ConstraintsRecovery\assets\tankwar\asset13,39,Maler$$fuer_PC.drawImage,METHOD,C:\Users\JBNU\git\ConstraintsRecovery\assets\tankwar\asset13:IF:8-358,asset13,true,METHOD_CALL,"tankManager.maler.drawImage(""370"", x_Koordinate, y_Koordinate);",TankWar_P1|TankWar_P2|TankWar_P3|TankWar_P4|TankWar_P5,TankWar_P1|TankWar_P2|TankWar_P3|TankWar_P4|TankWar_P5
D764,RC-0234,C:\Users\JBNU\git\ConstraintsRecovery\assets\tankwar\asset20,25,Tool.toolMalen,METHOD,C:\Users\JBNU\git\ConstraintsRecovery\assets\tankwar\asset20:IF:8-41,asset20,true,C:\Users\JBNU\git\ConstraintsRecovery\assets\tankwar\asset13,39,Maler$$fuer_PC.drawImage,METHOD,C:\Users\JBNU\git\ConstraintsRecovery\assets\tankwar\asset13:IF:8-358,asset13,true,METHOD_CALL,"tankManager.maler.drawImage(""371"", x_Koordinate, y_Koordinate);",TankWar_P1|TankWar_P2|TankWar_P3|TankWar_P4|TankWar_P5,TankWar_P1|TankWar_P2|TankWar_P3|TankWar_P4|TankWar_P5
D765,RC-0234,C:\Users\JBNU\git\ConstraintsRecovery\assets\tankwar\asset20,28,Tool.toolMalen,METHOD,C:\Users\JBNU\git\ConstraintsRecovery\assets\tankwar\asset20:IF:8-41,asset20,true,C:\Users\JBNU\git\ConstraintsRecovery\assets\tankwar\asset13,39,Maler$$fuer_PC.drawImage,METHOD,C:\Users\JBNU\git\ConstraintsRecovery\assets\tankwar\asset13:IF:8-358,asset13,true,METHOD_CALL,"tankManager.maler.drawImage(""372"", x_Koordinate, y_Koordinate);",TankWar_P1|TankWar_P2|TankWar_P3|TankWar_P4|TankWar_P5,TankWar_P1|TankWar_P2|TankWar_P3|TankWar_P4|TankWar_P5
D766,RC-0234,C:\Users\JBNU\git\ConstraintsRecovery\assets\tankwar\asset20,31,Tool.toolMalen,METHOD,C:\Users\JBNU\git\ConstraintsRecovery\assets\tankwar\asset20:IF:8-41,asset20,true,C:\Users\JBNU\git\ConstraintsRecovery\assets\tankwar\asset13,39,Maler$$fuer_PC.drawImage,METHOD,C:\Users\JBNU\git\ConstraintsRecovery\assets\tankwar\asset13:IF:8-358,asset13,true,METHOD_CALL,"tankManager.maler.drawImage(""373"", x_Koordinate, y_Koordinate);",TankWar_P1|TankWar_P2|TankWar_P3|TankWar_P4|TankWar_P5,TankWar_P1|TankWar_P2|TankWar_P3|TankWar_P4|TankWar_P5
D767,RC-0234,C:\Users\JBNU\git\ConstraintsRecovery\assets\tankwar\asset20,34,Tool.toolMalen,METHOD,C:\Users\JBNU\git\ConstraintsRecovery\assets\tankwar\asset20:IF:8-41,asset20,true,C:\Users\JBNU\git\ConstraintsRecovery\assets\tankwar\asset13,39,Maler$$fuer_PC.drawImage,METHOD,C:\Users\JBNU\git\ConstraintsRecovery\assets\tankwar\asset13:IF:8-358,asset13,true,METHOD_CALL,"tankManager.maler.drawImage(""374"", x_Koordinate, y_Koordinate);",TankWar_P1|TankWar_P2|TankWar_P3|TankWar_P4|TankWar_P5,TankWar_P1|TankWar_P2|TankWar_P3|TankWar_P4|TankWar_P5
D768,RC-0234,C:\Users\JBNU\git\ConstraintsRecovery\assets\tankwar\asset20,37,Tool.toolMalen,METHOD,C:\Users\JBNU\git\ConstraintsRecovery\assets\tankwar\asset20:IF:8-41,asset20,true,C:\Users\JBNU\git\ConstraintsRecovery\assets\tankwar\asset13,39,Maler$$fuer_PC.drawImage,METHOD,C:\Users\JBNU\git\ConstraintsRecovery\assets\tankwar\asset13:IF:8-358,asset13,true,METHOD_CALL,"tankManager.maler.drawImage(""375"", x_Koordinate, y_Koordinate);",TankWar_P1|TankWar_P2|TankWar_P3|TankWar_P4|TankWar_P5,TankWar_P1|TankWar_P2|TankWar_P3|TankWar_P4|TankWar_P5
D769,RC-0235,C:\Users\JBNU\git\ConstraintsRecovery\assets\tankwar\asset21,12,MalerZeit.MalerZeit,CONSTRUCTOR,C:\Users\JBNU\git\ConstraintsRecovery\assets\tankwar\asset21:IF:8-24,asset21,true,C:\Users\JBNU\git\ConstraintsRecovery\assets\tankwar\asset21,10,MalerZeit.gameManager,FIELD,C:\Users\JBNU\git\ConstraintsRecovery\assets\tankwar\asset21:IF:8-24,asset21,true,FIELD_REFERENCE,this.gameManager = gameManager;,TankWar_P1|TankWar_P2|TankWar_P3|TankWar_P4|TankWar_P5,TankWar_P1|TankWar_P2|TankWar_P3|TankWar_P4|TankWar_P5
D770,RC-0236,C:\Users\JBNU\git\ConstraintsRecovery\assets\tankwar\asset21,16,MalerZeit.run,METHOD,C:\Users\JBNU\git\ConstraintsRecovery\assets\tankwar\asset21:IF:8-24,asset21,true,C:\Users\JBNU\git\ConstraintsRecovery\assets\tankwar\asset21,10,MalerZeit.gameManager,FIELD,C:\Users\JBNU\git\ConstraintsRecovery\assets\tankwar\asset21:IF:8-24,asset21,true,FIELD_REFERENCE,gameManager.aktualisieren();,TankWar_P1|TankWar_P2|TankWar_P3|TankWar_P4|TankWar_P5,TankWar_P1|TankWar_P2|TankWar_P3|TankWar_P4|TankWar_P5
D774,RC-0237,C:\Users\JBNU\git\ConstraintsRecovery\assets\tankwar\asset22,19,GameObject.GameObject,CONSTRUCTOR,C:\Users\JBNU\git\ConstraintsRecovery\assets\tankwar\asset22:IF:8-80,asset22,true,C:\Users\JBNU\git\ConstraintsRecovery\assets\tankwar\asset22,13,GameObject.colorB,FIELD,C:\Users\JBNU\git\ConstraintsRecovery\assets\tankwar\asset22:IF:8-80,asset22,true,FIELD_REFERENCE,"init(tankManager, x_Koordinate, y_Koordinate, colorR, colorG, colorB, objWidth, objHeight, objectType);",TankWar_P1|TankWar_P2|TankWar_P3|TankWar_P4|TankWar_P5,TankWar_P1|TankWar_P2|TankWar_P3|TankWar_P4|TankWar_P5
D775,RC-0238,C:\Users\JBNU\git\ConstraintsRecovery\assets\tankwar\asset22,19,GameObject.GameObject,CONSTRUCTOR,C:\Users\JBNU\git\ConstraintsRecovery\assets\tankwar\asset22:IF:8-80,asset22,true,C:\Users\JBNU\git\ConstraintsRecovery\assets\tankwar\asset22,13,GameObject.colorG,FIELD,C:\Users\JBNU\git\ConstraintsRecovery\assets\tankwar\asset22:IF:8-80,asset22,true,FIELD_REFERENCE,"init(tankManager, x_Koordinate, y_Koordinate, colorR, colorG, colorB, objWidth, objHeight, objectType);",TankWar_P1|TankWar_P2|TankWar_P3|TankWar_P4|TankWar_P5,TankWar_P1|TankWar_P2|TankWar_P3|TankWar_P4|TankWar_P5
D776,RC-0239,C:\Users\JBNU\git\ConstraintsRecovery\assets\tankwar\asset22,19,GameObject.GameObject,CONSTRUCTOR,C:\Users\JBNU\git\ConstraintsRecovery\assets\tankwar\asset22:IF:8-80,asset22,true,C:\Users\JBNU\git\ConstraintsRecovery\assets\tankwar\asset22,13,GameObject.colorR,FIELD,C:\Users\JBNU\git\ConstraintsRecovery\assets\tankwar\asset22:IF:8-80,asset22,true,FIELD_REFERENCE,"init(tankManager, x_Koordinate, y_Koordinate, colorR, colorG, colorB, objWidth, objHeight, objectType);",TankWar_P1|TankWar_P2|TankWar_P3|TankWar_P4|TankWar_P5,TankWar_P1|TankWar_P2|TankWar_P3|TankWar_P4|TankWar_P5
D778,RC-0240,C:\Users\JBNU\git\ConstraintsRecovery\assets\tankwar\asset22,19,GameObject.GameObject,CONSTRUCTOR,C:\Users\JBNU\git\ConstraintsRecovery\assets\tankwar\asset22:IF:8-80,asset22,true,C:\Users\JBNU\git\ConstraintsRecovery\assets\tankwar\asset22,16,GameObject.objHeight,FIELD,C:\Users\JBNU\git\ConstraintsRecovery\assets\tankwar\asset22:IF:8-80,asset22,true,FIELD_REFERENCE,"init(tankManager, x_Koordinate, y_Koordinate, colorR, colorG, colorB, objWidth, objHeight, objectType);",TankWar_P1|TankWar_P2|TankWar_P3|TankWar_P4|TankWar_P5,TankWar_P1|TankWar_P2|TankWar_P3|TankWar_P4|TankWar_P5
D779,RC-0241,C:\Users\JBNU\git\ConstraintsRecovery\assets\tankwar\asset22,19,GameObject.GameObject,CONSTRUCTOR,C:\Users\JBNU\git\ConstraintsRecovery\assets\tankwar\asset22:IF:8-80,asset22,true,C:\Users\JBNU\git\ConstraintsRecovery\assets\tankwar\asset22,16,GameObject.objWidth,FIELD,C:\Users\JBNU\git\ConstraintsRecovery\assets\tankwar\asset22:IF:8-80,asset22,true,FIELD_REFERENCE,"init(tankManager, x_Koordinate, y_Koordinate, colorR, colorG, colorB, objWidth, objHeight, objectType);",TankWar_P1|TankWar_P2|TankWar_P3|TankWar_P4|TankWar_P5,TankWar_P1|TankWar_P2|TankWar_P3|TankWar_P4|TankWar_P5
D777,RC-0242,C:\Users\JBNU\git\ConstraintsRecovery\assets\tankwar\asset22,19,GameObject.GameObject,CONSTRUCTOR,C:\Users\JBNU\git\ConstraintsRecovery\assets\tankwar\asset22:IF:8-80,asset22,true,C:\Users\JBNU\git\ConstraintsRecovery\assets\tankwar\asset22,14,GameObject.objectType,FIELD,C:\Users\JBNU\git\ConstraintsRecovery\assets\tankwar\asset22:IF:8-80,asset22,true,FIELD_REFERENCE,"init(tankManager, x_Koordinate, y_Koordinate, colorR, colorG, colorB, objWidth, objHeight, objectType);",TankWar_P1|TankWar_P2|TankWar_P3|TankWar_P4|TankWar_P5,TankWar_P1|TankWar_P2|TankWar_P3|TankWar_P4|TankWar_P5
D771,RC-0243,C:\Users\JBNU\git\ConstraintsRecovery\assets\tankwar\asset22,19,GameObject.GameObject,CONSTRUCTOR,C:\Users\JBNU\git\ConstraintsRecovery\assets\tankwar\asset22:IF:8-80,asset22,true,C:\Users\JBNU\git\ConstraintsRecovery\assets\tankwar\asset22,11,GameObject.tankManager,FIELD,C:\Users\JBNU\git\ConstraintsRecovery\assets\tankwar\asset22:IF:8-80,asset22,true,FIELD_REFERENCE,"init(tankManager, x_Koordinate, y_Koordinate, colorR, colorG, colorB, objWidth, objHeight, objectType);",TankWar_P1|TankWar_P2|TankWar_P3|TankWar_P4|TankWar_P5,TankWar_P1|TankWar_P2|TankWar_P3|TankWar_P4|TankWar_P5
D772,RC-0244,C:\Users\JBNU\git\ConstraintsRecovery\assets\tankwar\asset22,19,GameObject.GameObject,CONSTRUCTOR,C:\Users\JBNU\git\ConstraintsRecovery\assets\tankwar\asset22:IF:8-80,asset22,true,C:\Users\JBNU\git\ConstraintsRecovery\assets\tankwar\asset22,12,GameObject.x_Koordinate,FIELD,C:\Users\JBNU\git\ConstraintsRecovery\assets\tankwar\asset22:IF:8-80,asset22,true,FIELD_REFERENCE,"init(tankManager, x_Koordinate, y_Koordinate, colorR, colorG, colorB, objWidth, objHeight, objectType);",TankWar_P1|TankWar_P2|TankWar_P3|TankWar_P4|TankWar_P5,TankWar_P1|TankWar_P2|TankWar_P3|TankWar_P4|TankWar_P5
D773,RC-0245,C:\Users\JBNU\git\ConstraintsRecovery\assets\tankwar\asset22,19,GameObject.GameObject,CONSTRUCTOR,C:\Users\JBNU\git\ConstraintsRecovery\assets\tankwar\asset22:IF:8-80,asset22,true,C:\Users\JBNU\git\ConstraintsRecovery\assets\tankwar\asset22,12,GameObject.y_Koordinate,FIELD,C:\Users\JBNU\git\ConstraintsRecovery\assets\tankwar\asset22:IF:8-80,asset22,true,FIELD_REFERENCE,"init(tankManager, x_Koordinate, y_Koordinate, colorR, colorG, colorB, objWidth, objHeight, objectType);",TankWar_P1|TankWar_P2|TankWar_P3|TankWar_P4|TankWar_P5,TankWar_P1|TankWar_P2|TankWar_P3|TankWar_P4|TankWar_P5
D785,RC-0246,C:\Users\JBNU\git\ConstraintsRecovery\assets\tankwar\asset22,29,GameObject.init,METHOD,C:\Users\JBNU\git\ConstraintsRecovery\assets\tankwar\asset22:IF:8-80,asset22,true,C:\Users\JBNU\git\ConstraintsRecovery\assets\tankwar\asset22,13,GameObject.colorB,FIELD,C:\Users\JBNU\git\ConstraintsRecovery\assets\tankwar\asset22:IF:8-80,asset22,true,FIELD_REFERENCE,((GameObject) this).colorB = colorB;,TankWar_P1|TankWar_P2|TankWar_P3|TankWar_P4|TankWar_P5,TankWar_P1|TankWar_P2|TankWar_P3|TankWar_P4|TankWar_P5
D784,RC-0247,C:\Users\JBNU\git\ConstraintsRecovery\assets\tankwar\asset22,28,GameObject.init,METHOD,C:\Users\JBNU\git\ConstraintsRecovery\assets\tankwar\asset22:IF:8-80,asset22,true,C:\Users\JBNU\git\ConstraintsRecovery\assets\tankwar\asset22,13,GameObject.colorG,FIELD,C:\Users\JBNU\git\ConstraintsRecovery\assets\tankwar\asset22:IF:8-80,asset22,true,FIELD_REFERENCE,((GameObject) this).colorG = colorG;,TankWar_P1|TankWar_P2|TankWar_P3|TankWar_P4|TankWar_P5,TankWar_P1|TankWar_P2|TankWar_P3|TankWar_P4|TankWar_P5
D783,RC-0248,C:\Users\JBNU\git\ConstraintsRecovery\assets\tankwar\asset22,27,GameObject.init,METHOD,C:\Users\JBNU\git\ConstraintsRecovery\assets\tankwar\asset22:IF:8-80,asset22,true,C:\Users\JBNU\git\ConstraintsRecovery\assets\tankwar\asset22,13,GameObject.colorR,FIELD,C:\Users\JBNU\git\ConstraintsRecovery\assets\tankwar\asset22:IF:8-80,asset22,true,FIELD_REFERENCE,((GameObject) this).colorR = colorR;,TankWar_P1|TankWar_P2|TankWar_P3|TankWar_P4|TankWar_P5,TankWar_P1|TankWar_P2|TankWar_P3|TankWar_P4|TankWar_P5
D787,RC-0249,C:\Users\JBNU\git\ConstraintsRecovery\assets\tankwar\asset22,31,GameObject.init,METHOD,C:\Users\JBNU\git\ConstraintsRecovery\assets\tankwar\asset22:IF:8-80,asset22,true,C:\Users\JBNU\git\ConstraintsRecovery\assets\tankwar\asset22,16,GameObject.objHeight,FIELD,C:\Users\JBNU\git\ConstraintsRecovery\assets\tankwar\asset22:IF:8-80,asset22,true,FIELD_REFERENCE,((GameObject) this).objHeight = objHeight;,TankWar_P1|TankWar_P2|TankWar_P3|TankWar_P4|TankWar_P5,TankWar_P1|TankWar_P2|TankWar_P3|TankWar_P4|TankWar_P5
D793,RC-0249,C:\Users\JBNU\git\ConstraintsRecovery\assets\tankwar\asset22,33,GameObject.init,METHOD,C:\Users\JBNU\git\ConstraintsRecovery\assets\tankwar\asset22:IF:8-80,asset22,true,C:\Users\JBNU\git\ConstraintsRecovery\assets\tankwar\asset22,16,GameObject.objHeight,FIELD,C:\Users\JBNU\git\ConstraintsRecovery\assets\tankwar\asset22:IF:8-80,asset22,true,FIELD_REFERENCE,((GameObject) this).objHeight_Koe = objHeight / tankManager.koernigkeit2;,TankWar_P1|TankWar_P2|TankWar_P3|TankWar_P4|TankWar_P5,TankWar_P1|TankWar_P2|TankWar_P3|TankWar_P4|TankWar_P5
D794,RC-0250,C:\Users\JBNU\git\ConstraintsRecovery\assets\tankwar\asset22,33,GameObject.init,METHOD,C:\Users\JBNU\git\ConstraintsRecovery\assets\tankwar\asset22:IF:8-80,asset22,true,C:\Users\JBNU\git\ConstraintsRecovery\assets\tankwar\asset22,16,GameObject.objHeight_Koe,FIELD,C:\Users\JBNU\git\ConstraintsRecovery\assets\tankwar\asset22:IF:8-80,asset22,true,FIELD_REFERENCE,((GameObject) this).objHeight_Koe = objHeight / tankManager.koernigkeit2;,TankWar_P1|TankWar_P2|TankWar_P3|TankWar_P4|TankWar_P5,TankWar_P1|TankWar_P2|TankWar_P3|TankWar_P4|TankWar_P5
D786,RC-0251,C:\Users\JBNU\git\ConstraintsRecovery\assets\tankwar\asset22,30,GameObject.init,METHOD,C:\Users\JBNU\git\ConstraintsRecovery\assets\tankwar\asset22:IF:8-80,asset22,true,C:\Users\JBNU\git\ConstraintsRecovery\assets\tankwar\asset22,16,GameObject.objWidth,FIELD,C:\Users\JBNU\git\ConstraintsRecovery\assets\tankwar\asset22:IF:8-80,asset22,true,FIELD_REFERENCE,((GameObject) this).objWidth = objWidth;,TankWar_P1|TankWar_P2|TankWar_P3|TankWar_P4|TankWar_P5,TankWar_P1|TankWar_P2|TankWar_P3|TankWar_P4|TankWar_P5
D789,RC-0251,C:\Users\JBNU\git\ConstraintsRecovery\assets\tankwar\asset22,32,GameObject.init,METHOD,C:\Users\JBNU\git\ConstraintsRecovery\assets\tankwar\asset22:IF:8-80,asset22,true,C:\Users\JBNU\git\ConstraintsRecovery\assets\tankwar\asset22,16,GameObject.objWidth,FIELD,C:\Users\JBNU\git\ConstraintsRecovery\assets\tankwar\asset22:IF:8-80,asset22,true,FIELD_REFERENCE,((GameObject) this).objWidth_Koe = objWidth / tankManager.koernigkeit2;,TankWar_P1|TankWar_P2|TankWar_P3|TankWar_P4|TankWar_P5,TankWar_P1|TankWar_P2|TankWar_P3|TankWar_P4|TankWar_P5
D790,RC-0252,C:\Users\JBNU\git\ConstraintsRecovery\assets\tankwar\asset22,32,GameObject.init,METHOD,C:\Users\JBNU\git\ConstraintsRecovery\assets\tankwar\asset22:IF:8-80,asset22,true,C:\Users\JBNU\git\ConstraintsRecovery\assets\tankwar\asset22,16,GameObject.objWidth_Koe,FIELD,C:\Users\JBNU\git\ConstraintsRecovery\assets\tankwar\asset22:IF:8-80,asset22,true,FIELD_REFERENCE,((GameObject) this).objWidth_Koe = objWidth / tankManager.koernigkeit2;,TankWar_P1|TankWar_P2|TankWar_P3|TankWar_P4|TankWar_P5,TankWar_P1|TankWar_P2|TankWar_P3|TankWar_P4|TankWar_P5
D796,RC-0253,C:\Users\JBNU\git\ConstraintsRecovery\assets\tankwar\asset22,34,GameObject.init,METHOD,C:\Users\JBNU\git\ConstraintsRecovery\assets\tankwar\asset22:IF:8-80,asset22,true,C:\Users\JBNU\git\ConstraintsRecovery\assets\tankwar\asset22,14,GameObject.objectType,FIELD,C:\Users\JBNU\git\ConstraintsRecovery\assets\tankwar\asset22:IF:8-80,asset22,true,FIELD_REFERENCE,((GameObject) this).objectType = objectType;,TankWar_P1|TankWar_P2|TankWar_P3|TankWar_P4|TankWar_P5,TankWar_P1|TankWar_P2|TankWar_P3|TankWar_P4|TankWar_P5
D780,RC-0254,C:\Users\JBNU\git\ConstraintsRecovery\assets\tankwar\asset22,24,GameObject.init,METHOD,C:\Users\JBNU\git\ConstraintsRecovery\assets\tankwar\asset22:IF:8-80,asset22,true,C:\Users\JBNU\git\ConstraintsRecovery\assets\tankwar\asset22,11,GameObject.tankManager,FIELD,C:\Users\JBNU\git\ConstraintsRecovery\assets\tankwar\asset22:IF:8-80,asset22,true,FIELD_REFERENCE,((GameObject) this).tankManager = tankManager;,TankWar_P1|TankWar_P2|TankWar_P3|TankWar_P4|TankWar_P5,TankWar_P1|TankWar_P2|TankWar_P3|TankWar_P4|TankWar_P5
D788,RC-0254,C:\Users\JBNU\git\ConstraintsRecovery\assets\tankwar\asset22,32,GameObject.init,METHOD,C:\Users\JBNU\git\ConstraintsRecovery\assets\tankwar\asset22:IF:8-80,asset22,true,C:\Users\JBNU\git\ConstraintsRecovery\assets\tankwar\asset22,11,GameObject.tankManager,FIELD,C:\Users\JBNU\git\ConstraintsRecovery\assets\tankwar\asset22:IF:8-80,asset22,true,FIELD_REFERENCE,((GameObject) this).objWidth_Koe = objWidth / tankManager.koernigkeit2;,TankWar_P1|TankWar_P2|TankWar_P3|TankWar_P4|TankWar_P5,TankWar_P1|TankWar_P2|TankWar_P3|TankWar_P4|TankWar_P5
D792,RC-0254,C:\Users\JBNU\git\ConstraintsRecovery\assets\tankwar\asset22,33,GameObject.init,METHOD,C:\Users\JBNU\git\ConstraintsRecovery\assets\tankwar\asset22:IF:8-80,asset22,true,C:\Users\JBNU\git\ConstraintsRecovery\assets\tankwar\asset22,11,GameObject.tankManager,FIELD,C:\Users\JBNU\git\ConstraintsRecovery\assets\tankwar\asset22:IF:8-80,asset22,true,FIELD_REFERENCE,((GameObject) this).objHeight_Koe = objHeight / tankManager.koernigkeit2;,TankWar_P1|TankWar_P2|TankWar_P3|TankWar_P4|TankWar_P5,TankWar_P1|TankWar_P2|TankWar_P3|TankWar_P4|TankWar_P5
D781,RC-0255,C:\Users\JBNU\git\ConstraintsRecovery\assets\tankwar\asset22,25,GameObject.init,METHOD,C:\Users\JBNU\git\ConstraintsRecovery\assets\tankwar\asset22:IF:8-80,asset22,true,C:\Users\JBNU\git\ConstraintsRecovery\assets\tankwar\asset22,12,GameObject.x_Koordinate,FIELD,C:\Users\JBNU\git\ConstraintsRecovery\assets\tankwar\asset22:IF:8-80,asset22,true,FIELD_REFERENCE,((GameObject) this).x_Koordinate = x_Koordinate;,TankWar_P1|TankWar_P2|TankWar_P3|TankWar_P4|TankWar_P5,TankWar_P1|TankWar_P2|TankWar_P3|TankWar_P4|TankWar_P5
D782,RC-0256,C:\Users\JBNU\git\ConstraintsRecovery\assets\tankwar\asset22,26,GameObject.init,METHOD,C:\Users\JBNU\git\ConstraintsRecovery\assets\tankwar\asset22:IF:8-80,asset22,true,C:\Users\JBNU\git\ConstraintsRecovery\assets\tankwar\asset22,12,GameObject.y_Koordinate,FIELD,C:\Users\JBNU\git\ConstraintsRecovery\assets\tankwar\asset22:IF:8-80,asset22,true,FIELD_REFERENCE,((GameObject) this).y_Koordinate = y_Koordinate;,TankWar_P1|TankWar_P2|TankWar_P3|TankWar_P4|TankWar_P5,TankWar_P1|TankWar_P2|TankWar_P3|TankWar_P4|TankWar_P5
D798,RC-0257,C:\Users\JBNU\git\ConstraintsRecovery\assets\tankwar\asset22,37,GameObject.malen,METHOD,C:\Users\JBNU\git\ConstraintsRecovery\assets\tankwar\asset22:IF:8-80,asset22,true,C:\Users\JBNU\git\ConstraintsRecovery\assets\tankwar\asset22,13,GameObject.colorB,FIELD,C:\Users\JBNU\git\ConstraintsRecovery\assets\tankwar\asset22:IF:8-80,asset22,true,FIELD_REFERENCE,"tankManager.maler.setColor(colorR, colorG, colorB);",TankWar_P1|TankWar_P2|TankWar_P3|TankWar_P4|TankWar_P5,TankWar_P1|TankWar_P2|TankWar_P3|TankWar_P4|TankWar_P5
D799,RC-0258,C:\Users\JBNU\git\ConstraintsRecovery\assets\tankwar\asset22,37,GameObject.malen,METHOD,C:\Users\JBNU\git\ConstraintsRecovery\assets\tankwar\asset22:IF:8-80,asset22,true,C:\Users\JBNU\git\ConstraintsRecovery\assets\tankwar\asset22,13,GameObject.colorG,FIELD,C:\Users\JBNU\git\ConstraintsRecovery\assets\tankwar\asset22:IF:8-80,asset22,true,FIELD_REFERENCE,"tankManager.maler.setColor(colorR, colorG, colorB);",TankWar_P1|TankWar_P2|TankWar_P3|TankWar_P4|TankWar_P5,TankWar_P1|TankWar_P2|TankWar_P3|TankWar_P4|TankWar_P5
D800,RC-0259,C:\Users\JBNU\git\ConstraintsRecovery\assets\tankwar\asset22,37,GameObject.malen,METHOD,C:\Users\JBNU\git\ConstraintsRecovery\assets\tankwar\asset22:IF:8-80,asset22,true,C:\Users\JBNU\git\ConstraintsRecovery\assets\tankwar\asset22,13,GameObject.colorR,FIELD,C:\Users\JBNU\git\ConstraintsRecovery\assets\tankwar\asset22:IF:8-80,asset22,true,FIELD_REFERENCE,"tankManager.maler.setColor(colorR, colorG, colorB);",TankWar_P1|TankWar_P2|TankWar_P3|TankWar_P4|TankWar_P5,TankWar_P1|TankWar_P2|TankWar_P3|TankWar_P4|TankWar_P5
D805,RC-0260,C:\Users\JBNU\git\ConstraintsRecovery\assets\tankwar\asset22,38,GameObject.malen,METHOD,C:\Users\JBNU\git\ConstraintsRecovery\assets\tankwar\asset22:IF:8-80,asset22,true,C:\Users\JBNU\git\ConstraintsRecovery\assets\tankwar\asset22,16,GameObject.objHeight,FIELD,C:\Users\JBNU\git\ConstraintsRecovery\assets\tankwar\asset22:IF:8-80,asset22,true,FIELD_REFERENCE,"tankManager.maler.fillRect(x_Koordinate, y_Koordinate, objWidth, objHeight);",TankWar_P1|TankWar_P2|TankWar_P3|TankWar_P4|TankWar_P5,TankWar_P1|TankWar_P2|TankWar_P3|TankWar_P4|TankWar_P5
D806,RC-0261,C:\Users\JBNU\git\ConstraintsRecovery\assets\tankwar\asset22,38,GameObject.malen,METHOD,C:\Users\JBNU\git\ConstraintsRecovery\assets\tankwar\asset22:IF:8-80,asset22,true,C:\Users\JBNU\git\ConstraintsRecovery\assets\tankwar\asset22,16,GameObject.objWidth,FIELD,C:\Users\JBNU\git\ConstraintsRecovery\assets\tankwar\asset22:IF:8-80,asset22,true,FIELD_REFERENCE,"tankManager.maler.fillRect(x_Koordinate, y_Koordinate, objWidth, objHeight);",TankWar_P1|TankWar_P2|TankWar_P3|TankWar_P4|TankWar_P5,TankWar_P1|TankWar_P2|TankWar_P3|TankWar_P4|TankWar_P5
D797,RC-0262,C:\Users\JBNU\git\ConstraintsRecovery\assets\tankwar\asset22,37,GameObject.malen,METHOD,C:\Users\JBNU\git\ConstraintsRecovery\assets\tankwar\asset22:IF:8-80,asset22,true,C:\Users\JBNU\git\ConstraintsRecovery\assets\tankwar\asset22,11,GameObject.tankManager,FIELD,C:\Users\JBNU\git\ConstraintsRecovery\assets\tankwar\asset22:IF:8-80,asset22,true,FIELD_REFERENCE,"tankManager.maler.setColor(colorR, colorG, colorB);",TankWar_P1|TankWar_P2|TankWar_P3|TankWar_P4|TankWar_P5,TankWar_P1|TankWar_P2|TankWar_P3|TankWar_P4|TankWar_P5
D802,RC-0262,C:\Users\JBNU\git\ConstraintsRecovery\assets\tankwar\asset22,38,GameObject.malen,METHOD,C:\Users\JBNU\git\ConstraintsRecovery\assets\tankwar\asset22:IF:8-80,asset22,true,C:\Users\JBNU\git\ConstraintsRecovery\assets\tankwar\asset22,11,GameObject.tankManager,FIELD,C:\Users\JBNU\git\ConstraintsRecovery\assets\tankwar\asset22:IF:8-80,asset22,true,FIELD_REFERENCE,"tankManager.maler.fillRect(x_Koordinate, y_Koordinate, objWidth, objHeight);",TankWar_P1|TankWar_P2|TankWar_P3|TankWar_P4|TankWar_P5,TankWar_P1|TankWar_P2|TankWar_P3|TankWar_P4|TankWar_P5
D803,RC-0263,C:\Users\JBNU\git\ConstraintsRecovery\assets\tankwar\asset22,38,GameObject.malen,METHOD,C:\Users\JBNU\git\ConstraintsRecovery\assets\tankwar\asset22:IF:8-80,asset22,true,C:\Users\JBNU\git\ConstraintsRecovery\assets\tankwar\asset22,12,GameObject.x_Koordinate,FIELD,C:\Users\JBNU\git\ConstraintsRecovery\assets\tankwar\asset22:IF:8-80,asset22,true,FIELD_REFERENCE,"tankManager.maler.fillRect(x_Koordinate, y_Koordinate, objWidth, objHeight);",TankWar_P1|TankWar_P2|TankWar_P3|TankWar_P4|TankWar_P5,TankWar_P1|TankWar_P2|TankWar_P3|TankWar_P4|TankWar_P5
D804,RC-0264,C:\Users\JBNU\git\ConstraintsRecovery\assets\tankwar\asset22,38,GameObject.malen,METHOD,C:\Users\JBNU\git\ConstraintsRecovery\assets\tankwar\asset22:IF:8-80,asset22,true,C:\Users\JBNU\git\ConstraintsRecovery\assets\tankwar\asset22,12,GameObject.y_Koordinate,FIELD,C:\Users\JBNU\git\ConstraintsRecovery\assets\tankwar\asset22:IF:8-80,asset22,true,FIELD_REFERENCE,"tankManager.maler.fillRect(x_Koordinate, y_Koordinate, objWidth, objHeight);",TankWar_P1|TankWar_P2|TankWar_P3|TankWar_P4|TankWar_P5,TankWar_P1|TankWar_P2|TankWar_P3|TankWar_P4|TankWar_P5
D814,RC-0265,C:\Users\JBNU\git\ConstraintsRecovery\assets\tankwar\asset22,46,GameObject.stossenGegen,METHOD,C:\Users\JBNU\git\ConstraintsRecovery\assets\tankwar\asset22:IF:8-80,asset22,true,C:\Users\JBNU\git\ConstraintsRecovery\assets\tankwar\asset22,16,GameObject.objHeight,FIELD,C:\Users\JBNU\git\ConstraintsRecovery\assets\tankwar\asset22:IF:8-80,asset22,true,FIELD_REFERENCE,if (x_Koordinate < gameObj.x_Koordinate + gameObj.objWidth && x_Koordinate > gameObj.x_Koordinate - objWidth && y_Koordinate < gameObj.y_Koordinate + gameObj.objHeight && y_Koordinate > gameObj.y_Koordinate - objHeight),TankWar_P1|TankWar_P2|TankWar_P3|TankWar_P4|TankWar_P5,TankWar_P1|TankWar_P2|TankWar_P3|TankWar_P4|TankWar_P5
D810,RC-0266,C:\Users\JBNU\git\ConstraintsRecovery\assets\tankwar\asset22,42,GameObject.stossenGegen,METHOD,C:\Users\JBNU\git\ConstraintsRecovery\assets\tankwar\asset22:IF:8-80,asset22,true,C:\Users\JBNU\git\ConstraintsRecovery\assets\tankwar\asset22,16,GameObject.objHeight_Koe,FIELD,C:\Users\JBNU\git\ConstraintsRecovery\assets\tankwar\asset22:IF:8-80,asset22,true,FIELD_REFERENCE,if (x_Koe < gameObj.x_Koe + gameObj.objWidth_Koe && x_Koe > gameObj.x_Koe - objWidth_Koe && y_Koe < gameObj.y_Koe + gameObj.objHeight_Koe && y_Koe > gameObj.y_Koe - objHeight_Koe) {,TankWar_P1|TankWar_P2|TankWar_P3|TankWar_P4|TankWar_P5,TankWar_P1|TankWar_P2|TankWar_P3|TankWar_P4|TankWar_P5
D815,RC-0267,C:\Users\JBNU\git\ConstraintsRecovery\assets\tankwar\asset22,46,GameObject.stossenGegen,METHOD,C:\Users\JBNU\git\ConstraintsRecovery\assets\tankwar\asset22:IF:8-80,asset22,true,C:\Users\JBNU\git\ConstraintsRecovery\assets\tankwar\asset22,16,GameObject.objWidth,FIELD,C:\Users\JBNU\git\ConstraintsRecovery\assets\tankwar\asset22:IF:8-80,asset22,true,FIELD_REFERENCE,if (x_Koordinate < gameObj.x_Koordinate + gameObj.objWidth && x_Koordinate > gameObj.x_Koordinate - objWidth && y_Koordinate < gameObj.y_Koordinate + gameObj.objHeight && y_Koordinate > gameObj.y_Koordinate - objHeight),TankWar_P1|TankWar_P2|TankWar_P3|TankWar_P4|TankWar_P5,TankWar_P1|TankWar_P2|TankWar_P3|TankWar_P4|TankWar_P5
D811,RC-0268,C:\Users\JBNU\git\ConstraintsRecovery\assets\tankwar\asset22,42,GameObject.stossenGegen,METHOD,C:\Users\JBNU\git\ConstraintsRecovery\assets\tankwar\asset22:IF:8-80,asset22,true,C:\Users\JBNU\git\ConstraintsRecovery\assets\tankwar\asset22,16,GameObject.objWidth_Koe,FIELD,C:\Users\JBNU\git\ConstraintsRecovery\assets\tankwar\asset22:IF:8-80,asset22,true,FIELD_REFERENCE,if (x_Koe < gameObj.x_Koe + gameObj.objWidth_Koe && x_Koe > gameObj.x_Koe - objWidth_Koe && y_Koe < gameObj.y_Koe + gameObj.objHeight_Koe && y_Koe > gameObj.y_Koe - objHeight_Koe) {,TankWar_P1|TankWar_P2|TankWar_P3|TankWar_P4|TankWar_P5,TankWar_P1|TankWar_P2|TankWar_P3|TankWar_P4|TankWar_P5
D808,RC-0269,C:\Users\JBNU\git\ConstraintsRecovery\assets\tankwar\asset22,42,GameObject.stossenGegen,METHOD,C:\Users\JBNU\git\ConstraintsRecovery\assets\tankwar\asset22:IF:8-80,asset22,true,C:\Users\JBNU\git\ConstraintsRecovery\assets\tankwar\asset22,12,GameObject.x_Koe,FIELD,C:\Users\JBNU\git\ConstraintsRecovery\assets\tankwar\asset22:IF:8-80,asset22,true,FIELD_REFERENCE,if (x_Koe < gameObj.x_Koe + gameObj.objWidth_Koe && x_Koe > gameObj.x_Koe - objWidth_Koe && y_Koe < gameObj.y_Koe + gameObj.objHeight_Koe && y_Koe > gameObj.y_Koe - objHeight_Koe) {,TankWar_P1|TankWar_P2|TankWar_P3|TankWar_P4|TankWar_P5,TankWar_P1|TankWar_P2|TankWar_P3|TankWar_P4|TankWar_P5
D812,RC-0270,C:\Users\JBNU\git\ConstraintsRecovery\assets\tankwar\asset22,46,GameObject.stossenGegen,METHOD,C:\Users\JBNU\git\ConstraintsRecovery\assets\tankwar\asset22:IF:8-80,asset22,true,C:\Users\JBNU\git\ConstraintsRecovery\assets\tankwar\asset22,12,GameObject.x_Koordinate,FIELD,C:\Users\JBNU\git\ConstraintsRecovery\assets\tankwar\asset22:IF:8-80,asset22,true,FIELD_REFERENCE,if (x_Koordinate < gameObj.x_Koordinate + gameObj.objWidth && x_Koordinate > gameObj.x_Koordinate - objWidth && y_Koordinate < gameObj.y_Koordinate + gameObj.objHeight && y_Koordinate > gameObj.y_Koordinate - objHeight),TankWar_P1|TankWar_P2|TankWar_P3|TankWar_P4|TankWar_P5,TankWar_P1|TankWar_P2|TankWar_P3|TankWar_P4|TankWar_P5
D809,RC-0271,C:\Users\JBNU\git\ConstraintsRecovery\assets\tankwar\asset22,42,GameObject.stossenGegen,METHOD,C:\Users\JBNU\git\ConstraintsRecovery\assets\tankwar\asset22:IF:8-80,asset22,true,C:\Users\JBNU\git\ConstraintsRecovery\assets\tankwar\asset22,12,GameObject.y_Koe,FIELD,C:\Users\JBNU\git\ConstraintsRecovery\assets\tankwar\asset22:IF:8-80,asset22,true,FIELD_REFERENCE,if (x_Koe < gameObj.x_Koe + gameObj.objWidth_Koe && x_Koe > gameObj.x_Koe - objWidth_Koe && y_Koe < gameObj.y_Koe + gameObj.objHeight_Koe && y_Koe > gameObj.y_Koe - objHeight_Koe) {,TankWar_P1|TankWar_P2|TankWar_P3|TankWar_P4|TankWar_P5,TankWar_P1|TankWar_P2|TankWar_P3|TankWar_P4|TankWar_P5
D813,RC-0272,C:\Users\JBNU\git\ConstraintsRecovery\assets\tankwar\asset22,46,GameObject.stossenGegen,METHOD,C:\Users\JBNU\git\ConstraintsRecovery\assets\tankwar\asset22:IF:8-80,asset22,true,C:\Users\JBNU\git\ConstraintsRecovery\assets\tankwar\asset22,12,GameObject.y_Koordinate,FIELD,C:\Users\JBNU\git\ConstraintsRecovery\assets\tankwar\asset22:IF:8-80,asset22,true,FIELD_REFERENCE,if (x_Koordinate < gameObj.x_Koordinate + gameObj.objWidth && x_Koordinate > gameObj.x_Koordinate - objWidth && y_Koordinate < gameObj.y_Koordinate + gameObj.objHeight && y_Koordinate > gameObj.y_Koordinate - objHeight),TankWar_P1|TankWar_P2|TankWar_P3|TankWar_P4|TankWar_P5,TankWar_P1|TankWar_P2|TankWar_P3|TankWar_P4|TankWar_P5
D807,RC-0273,C:\Users\JBNU\git\ConstraintsRecovery\assets\tankwar\asset22,38,GameObject.malen,METHOD,C:\Users\JBNU\git\ConstraintsRecovery\assets\tankwar\asset22:IF:8-80,asset22,true,C:\Users\JBNU\git\ConstraintsRecovery\assets\tankwar\asset2,320,Maler$$PC.fillRect,METHOD,C:\Users\JBNU\git\ConstraintsRecovery\assets\tankwar\asset2:IF:8-332,asset2,true,METHOD_CALL,"tankManager.maler.fillRect(x_Koordinate, y_Koordinate, objWidth, objHeight);",TankWar_P1|TankWar_P2|TankWar_P3|TankWar_P4|TankWar_P5,TankWar_P1|TankWar_P2|TankWar_P3|TankWar_P4|TankWar_P5
D801,RC-0274,C:\Users\JBNU\git\ConstraintsRecovery\assets\tankwar\asset22,37,GameObject.malen,METHOD,C:\Users\JBNU\git\ConstraintsRecovery\assets\tankwar\asset22:IF:8-80,asset22,true,C:\Users\JBNU\git\ConstraintsRecovery\assets\tankwar\asset2,310,Maler$$PC.setColor,METHOD,C:\Users\JBNU\git\ConstraintsRecovery\assets\tankwar\asset2:IF:8-332,asset2,true,METHOD_CALL,"tankManager.maler.setColor(colorR, colorG, colorB);",TankWar_P1|TankWar_P2|TankWar_P3|TankWar_P4|TankWar_P5,TankWar_P1|TankWar_P2|TankWar_P3|TankWar_P4|TankWar_P5
D791,RC-0275,C:\Users\JBNU\git\ConstraintsRecovery\assets\tankwar\asset22,32,GameObject.init,METHOD,C:\Users\JBNU\git\ConstraintsRecovery\assets\tankwar\asset22:IF:8-80,asset22,true,C:\Users\JBNU\git\ConstraintsRecovery\assets\tankwar\asset9,21,TankManager$$TankWar.koernigkeit2,FIELD,C:\Users\JBNU\git\ConstraintsRecovery\assets\tankwar\asset9:IF:8-248,asset9,true,FIELD_REFERENCE,((GameObject) this).objWidth_Koe = objWidth / tankManager.koernigkeit2;,TankWar_P1|TankWar_P2|TankWar_P3|TankWar_P4|TankWar_P5,TankWar_P1|TankWar_P2|TankWar_P3|TankWar_P4|TankWar_P5
D795,RC-0275,C:\Users\JBNU\git\ConstraintsRecovery\assets\tankwar\asset22,33,GameObject.init,METHOD,C:\Users\JBNU\git\ConstraintsRecovery\assets\tankwar\asset22:IF:8-80,asset22,true,C:\Users\JBNU\git\ConstraintsRecovery\assets\tankwar\asset9,21,TankManager$$TankWar.koernigkeit2,FIELD,C:\Users\JBNU\git\ConstraintsRecovery\assets\tankwar\asset9:IF:8-248,asset9,true,FIELD_REFERENCE,((GameObject) this).objHeight_Koe = objHeight / tankManager.koernigkeit2;,TankWar_P1|TankWar_P2|TankWar_P3|TankWar_P4|TankWar_P5,TankWar_P1|TankWar_P2|TankWar_P3|TankWar_P4|TankWar_P5
D823,RC-0276,C:\Users\JBNU\git\ConstraintsRecovery\assets\tankwar\asset23,47,Maler$$Re_fuer_PC.nameVergeben,METHOD,C:\Users\JBNU\git\ConstraintsRecovery\assets\tankwar\asset23:IF:7-99,asset23,true,C:\Users\JBNU\git\ConstraintsRecovery\assets\tankwar\asset15,30,Menu.Menu,CONSTRUCTOR,C:\Users\JBNU\git\ConstraintsRecovery\assets\tankwar\asset15:IF:8-281,asset15,true,CONSTRUCTOR_CALL,menu = new Menu(((Maler) this));,TankWar_P1|TankWar_P3|TankWar_P4|TankWar_P5,TankWar_P1|TankWar_P2|TankWar_P3|TankWar_P4|TankWar_P5
D834,RC-0277,C:\Users\JBNU\git\ConstraintsRecovery\assets\tankwar\asset23,62,Maler$$Re_fuer_PC.nameVergeben,METHOD,C:\Users\JBNU\git\ConstraintsRecovery\assets\tankwar\asset23:IF:7-99,asset23,true,C:\Users\JBNU\git\ConstraintsRecovery\assets\tankwar\asset15,212,Menu.erscheinen,METHOD,C:\Users\JBNU\git\ConstraintsRecovery\assets\tankwar\asset15:IF:8-281,asset15,true,METHOD_CALL,menu.erscheinen(gTemp);,TankWar_P1|TankWar_P3|TankWar_P4|TankWar_P5,TankWar_P1|TankWar_P2|TankWar_P3|TankWar_P4|TankWar_P5
D824,RC-0278,C:\Users\JBNU\git\ConstraintsRecovery\assets\tankwar\asset23,49,Maler$$Re_fuer_PC.nameVergeben,METHOD,C:\Users\JBNU\git\ConstraintsRecovery\assets\tankwar\asset23:IF:7-99,asset23,true,C:\Users\JBNU\git\ConstraintsRecovery\assets\tankwar\asset15,42,Menu.setKoordinateImage,METHOD,C:\Users\JBNU\git\ConstraintsRecovery\assets\tankwar\asset15:IF:8-281,asset15,true,METHOD_CALL,"menu.setKoordinateImage((GAME_WIDTH + infoWidth) / 2, GAME_HEIGHT / 2);",TankWar_P1|TankWar_P3|TankWar_P4|TankWar_P5,TankWar_P1|TankWar_P2|TankWar_P3|TankWar_P4|TankWar_P5
D816,RC-0279,C:\Users\JBNU\git\ConstraintsRecovery\assets\tankwar\asset23,34,Maler$$Re_fuer_PC.note,METHOD,C:\Users\JBNU\git\ConstraintsRecovery\assets\tankwar\asset23:IF:7-99,asset23,true,C:\Users\JBNU\git\ConstraintsRecovery\assets\tankwar\asset15,30,Menu.Menu,CONSTRUCTOR,C:\Users\JBNU\git\ConstraintsRecovery\assets\tankwar\asset15:IF:8-281,asset15,true,CONSTRUCTOR_CALL,menu = new Menu(((Maler) this));,TankWar_P1|TankWar_P3|TankWar_P4|TankWar_P5,TankWar_P1|TankWar_P2|TankWar_P3|TankWar_P4|TankWar_P5
D822,RC-0280,C:\Users\JBNU\git\ConstraintsRecovery\assets\tankwar\asset23,43,Maler$$Re_fuer_PC.note,METHOD,C:\Users\JBNU\git\ConstraintsRecovery\assets\tankwar\asset23:IF:7-99,asset23,true,C:\Users\JBNU\git\ConstraintsRecovery\assets\tankwar\asset15,212,Menu.erscheinen,METHOD,C:\Users\JBNU\git\ConstraintsRecovery\assets\tankwar\asset15:IF:8-281,asset15,true,METHOD_CALL,menu.erscheinen(gTemp);,TankWar_P1|TankWar_P3|TankWar_P4|TankWar_P5,TankWar_P1|TankWar_P2|TankWar_P3|TankWar_P4|TankWar_P5
D817,RC-0281,C:\Users\JBNU\git\ConstraintsRecovery\assets\tankwar\asset23,35,Maler$$Re_fuer_PC.note,METHOD,C:\Users\JBNU\git\ConstraintsRecovery\assets\tankwar\asset23:IF:7-99,asset23,true,C:\Users\JBNU\git\ConstraintsRecovery\assets\tankwar\asset15,42,Menu.setKoordinateImage,METHOD,C:\Users\JBNU\git\ConstraintsRecovery\assets\tankwar\asset15:IF:8-281,asset15,true,METHOD_CALL,"menu.setKoordinateImage((GAME_WIDTH + infoWidth) / 2, GAME_HEIGHT / 2);",TankWar_P1|TankWar_P3|TankWar_P4|TankWar_P5,TankWar_P1|TankWar_P2|TankWar_P3|TankWar_P4|TankWar_P5
D819,RC-0282,C:\Users\JBNU\git\ConstraintsRecovery\assets\tankwar\asset23,37,Maler$$Re_fuer_PC.note,METHOD,C:\Users\JBNU\git\ConstraintsRecovery\assets\tankwar\asset23:IF:7-99,asset23,true,C:\Users\JBNU\git\ConstraintsRecovery\assets\tankwar\asset15,70,Menu.setWaehlbar,METHOD,C:\Users\JBNU\git\ConstraintsRecovery\assets\tankwar\asset15:IF:8-281,asset15,true,METHOD_CALL,menu.setWaehlbar(false);,TankWar_P1|TankWar_P3|TankWar_P4|TankWar_P5,TankWar_P1|TankWar_P2|TankWar_P3|TankWar_P4|TankWar_P5
D818,RC-0283,C:\Users\JBNU\git\ConstraintsRecovery\assets\tankwar\asset23,36,Maler$$Re_fuer_PC.note,METHOD,C:\Users\JBNU\git\ConstraintsRecovery\assets\tankwar\asset23:IF:7-99,asset23,true,C:\Users\JBNU\git\ConstraintsRecovery\assets\tankwar\asset15,46,Menu.setZeileAbstand,METHOD,C:\Users\JBNU\git\ConstraintsRecovery\assets\tankwar\asset15:IF:8-281,asset15,true,METHOD_CALL,menu.setZeileAbstand(0);,TankWar_P1|TankWar_P3|TankWar_P4|TankWar_P5,TankWar_P1|TankWar_P2|TankWar_P3|TankWar_P4|TankWar_P5
D836,RC-0284,C:\Users\JBNU\git\ConstraintsRecovery\assets\tankwar\asset23,81,Maler$$Re_fuer_PC.menuBehandeln,METHOD,C:\Users\JBNU\git\ConstraintsRecovery\assets\tankwar\asset23:IF:7-99,asset23,true,C:\Users\JBNU\git\ConstraintsRecovery\assets\tankwar\asset23,28,Maler$$Re_fuer_PC.name,FIELD,C:\Users\JBNU\git\ConstraintsRecovery\assets\tankwar\asset23:IF:7-99,asset23,true,FIELD_REFERENCE,((Maler) this).name = textField.getText();,TankWar_P1|TankWar_P3|TankWar_P4|TankWar_P5,TankWar_P1|TankWar_P3|TankWar_P4|TankWar_P5
D835,RC-0285,C:\Users\JBNU\git\ConstraintsRecovery\assets\tankwar\asset23,81,Maler$$Re_fuer_PC.menuBehandeln,METHOD,C:\Users\JBNU\git\ConstraintsRecovery\assets\tankwar\asset23:IF:7-99,asset23,true,C:\Users\JBNU\git\ConstraintsRecovery\assets\tankwar\asset23,27,Maler$$Re_fuer_PC.textField,FIELD,C:\Users\JBNU\git\ConstraintsRecovery\assets\tankwar\asset23:IF:7-99,asset23,true,FIELD_REFERENCE,((Maler) this).name = textField.getText();,TankWar_P1|TankWar_P3|TankWar_P4|TankWar_P5,TankWar_P1|TankWar_P3|TankWar_P4|TankWar_P5
D837,RC-0285,C:\Users\JBNU\git\ConstraintsRecovery\assets\tankwar\asset23,83,Maler$$Re_fuer_PC.menuBehandeln,METHOD,C:\Users\JBNU\git\ConstraintsRecovery\assets\tankwar\asset23:IF:7-99,asset23,true,C:\Users\JBNU\git\ConstraintsRecovery\assets\tankwar\asset23,27,Maler$$Re_fuer_PC.textField,FIELD,C:\Users\JBNU\git\ConstraintsRecovery\assets\tankwar\asset23:IF:7-99,asset23,true,FIELD_REFERENCE,textField.setVisible(false);,TankWar_P1|TankWar_P3|TankWar_P4|TankWar_P5,TankWar_P1|TankWar_P3|TankWar_P4|TankWar_P5
D825,RC-0286,C:\Users\JBNU\git\ConstraintsRecovery\assets\tankwar\asset23,50,Maler$$Re_fuer_PC.nameVergeben,METHOD,C:\Users\JBNU\git\ConstraintsRecovery\assets\tankwar\asset23:IF:7-99,asset23,true,C:\Users\JBNU\git\ConstraintsRecovery\assets\tankwar\asset23,27,Maler$$Re_fuer_PC.textField,FIELD,C:\Users\JBNU\git\ConstraintsRecovery\assets\tankwar\asset23:IF:7-99,asset23,true,FIELD_REFERENCE,textField = new TextField();,TankWar_P1|TankWar_P3|TankWar_P4|TankWar_P5,TankWar_P1|TankWar_P3|TankWar_P4|TankWar_P5
D826,RC-0286,C:\Users\JBNU\git\ConstraintsRecovery\assets\tankwar\asset23,51,Maler$$Re_fuer_PC.nameVergeben,METHOD,C:\Users\JBNU\git\ConstraintsRecovery\assets\tankwar\asset23:IF:7-99,asset23,true,C:\Users\JBNU\git\ConstraintsRecovery\assets\tankwar\asset23,27,Maler$$Re_fuer_PC.textField,FIELD,C:\Users\JBNU\git\ConstraintsRecovery\assets\tankwar\asset23:IF:7-99,asset23,true,FIELD_REFERENCE,textField.setBackground(Color.black);,TankWar_P1|TankWar_P3|TankWar_P4|TankWar_P5,TankWar_P1|TankWar_P3|TankWar_P4|TankWar_P5
D827,RC-0286,C:\Users\JBNU\git\ConstraintsRecovery\assets\tankwar\asset23,52,Maler$$Re_fuer_PC.nameVergeben,METHOD,C:\Users\JBNU\git\ConstraintsRecovery\assets\tankwar\asset23:IF:7-99,asset23,true,C:\Users\JBNU\git\ConstraintsRecovery\assets\tankwar\asset23,27,Maler$$Re_fuer_PC.textField,FIELD,C:\Users\JBNU\git\ConstraintsRecovery\assets\tankwar\asset23:IF:7-99,asset23,true,FIELD_REFERENCE,textField.setForeground(Color.red);,TankWar_P1|TankWar_P3|TankWar_P4|TankWar_P5,TankWar_P1|TankWar_P3|TankWar_P4|TankWar_P5
D828,RC-0286,C:\Users\JBNU\git\ConstraintsRecovery\assets\tankwar\asset23,53,Maler$$Re_fuer_PC.nameVergeben,METHOD,C:\Users\JBNU\git\ConstraintsRecovery\assets\tankwar\asset23:IF:7-99,asset23,true,C:\Users\JBNU\git\ConstraintsRecovery\assets\tankwar\asset23,27,Maler$$Re_fuer_PC.textField,FIELD,C:\Users\JBNU\git\ConstraintsRecovery\assets\tankwar\asset23:IF:7-99,asset23,true,FIELD_REFERENCE,"textField.setSize(100, 40);",TankWar_P1|TankWar_P3|TankWar_P4|TankWar_P5,TankWar_P1|TankWar_P3|TankWar_P4|TankWar_P5
D829,RC-0286,C:\Users\JBNU\git\ConstraintsRecovery\assets\tankwar\asset23,54,Maler$$Re_fuer_PC.nameVergeben,METHOD,C:\Users\JBNU\git\ConstraintsRecovery\assets\tankwar\asset23:IF:7-99,asset23,true,C:\Users\JBNU\git\ConstraintsRecovery\assets\tankwar\asset23,27,Maler$$Re_fuer_PC.textField,FIELD,C:\Users\JBNU\git\ConstraintsRecovery\assets\tankwar\asset23:IF:7-99,asset23,true,FIELD_REFERENCE,"textField.setLocation((GAME_WIDTH + infoWidth) / 2 - 50, GAME_HEIGHT / 2);",TankWar_P1|TankWar_P3|TankWar_P4|TankWar_P5,TankWar_P1|TankWar_P3|TankWar_P4|TankWar_P5
D830,RC-0286,C:\Users\JBNU\git\ConstraintsRecovery\assets\tankwar\asset23,55,Maler$$Re_fuer_PC.nameVergeben,METHOD,C:\Users\JBNU\git\ConstraintsRecovery\assets\tankwar\asset23:IF:7-99,asset23,true,C:\Users\JBNU\git\ConstraintsRecovery\assets\tankwar\asset23,27,Maler$$Re_fuer_PC.textField,FIELD,C:\Users\JBNU\git\ConstraintsRecovery\assets\tankwar\asset23:IF:7-99,asset23,true,FIELD_REFERENCE,textField.addKeyListener(frame.getKeyListeners()[0]);,TankWar_P1|TankWar_P3|TankWar_P4|TankWar_P5,TankWar_P1|TankWar_P3|TankWar_P4|TankWar_P5
D831,RC-0286,C:\Users\JBNU\git\ConstraintsRecovery\assets\tankwar\asset23,56,Maler$$Re_fuer_PC.nameVergeben,METHOD,C:\Users\JBNU\git\ConstraintsRecovery\assets\tankwar\asset23:IF:7-99,asset23,true,C:\Users\JBNU\git\ConstraintsRecovery\assets\tankwar\asset23,27,Maler$$Re_fuer_PC.textField,FIELD,C:\Users\JBNU\git\ConstraintsRecovery\assets\tankwar\asset23:IF:7-99,asset23,true,FIELD_REFERENCE,"textField.setFont(new Font(""Arial"", Font.PLAIN, 25));",TankWar_P1|TankWar_P3|TankWar_P4|TankWar_P5,TankWar_P1|TankWar_P3|TankWar_P4|TankWar_P5
D832,RC-0286,C:\Users\JBNU\git\ConstraintsRecovery\assets\tankwar\asset23,57,Maler$$Re_fuer_PC.nameVergeben,METHOD,C:\Users\JBNU\git\ConstraintsRecovery\assets\tankwar\asset23:IF:7-99,asset23,true,C:\Users\JBNU\git\ConstraintsRecovery\assets\tankwar\asset23,27,Maler$$Re_fuer_PC.textField,FIELD,C:\Users\JBNU\git\ConstraintsRecovery\assets\tankwar\asset23:IF:7-99,asset23,true,FIELD_REFERENCE,frame.add(textField);,TankWar_P1|TankWar_P3|TankWar_P4|TankWar_P5,TankWar_P1|TankWar_P3|TankWar_P4|TankWar_P5
D833,RC-0286,C:\Users\JBNU\git\ConstraintsRecovery\assets\tankwar\asset23,60,Maler$$Re_fuer_PC.nameVergeben,METHOD,C:\Users\JBNU\git\ConstraintsRecovery\assets\tankwar\asset23:IF:7-99,asset23,true,C:\Users\JBNU\git\ConstraintsRecovery\assets\tankwar\asset23,27,Maler$$Re_fuer_PC.textField,FIELD,C:\Users\JBNU\git\ConstraintsRecovery\assets\tankwar\asset23:IF:7-99,asset23,true,FIELD_REFERENCE,textField.requestFocus();,TankWar_P1|TankWar_P3|TankWar_P4|TankWar_P5,TankWar_P1|TankWar_P3|TankWar_P4|TankWar_P5
D820,RC-0287,C:\Users\JBNU\git\ConstraintsRecovery\assets\tankwar\asset23,40,Maler$$Re_fuer_PC.note,METHOD,C:\Users\JBNU\git\ConstraintsRecovery\assets\tankwar\asset23:IF:7-99,asset23,true,C:\Users\JBNU\git\ConstraintsRecovery\assets\tankwar\asset23,28,Maler$$Re_fuer_PC.name,FIELD,C:\Users\JBNU\git\ConstraintsRecovery\assets\tankwar\asset23:IF:7-99,asset23,true,FIELD_REFERENCE,"menu.add(((Note) note.elementAt(i)).name + ""----"" + ((Note) note.elementAt(i)).note, 0);",TankWar_P1|TankWar_P3|TankWar_P4|TankWar_P5,TankWar_P1|TankWar_P3|TankWar_P4|TankWar_P5
D821,RC-0288,C:\Users\JBNU\git\ConstraintsRecovery\assets\tankwar\asset23,40,Maler$$Re_fuer_PC.note,METHOD,C:\Users\JBNU\git\ConstraintsRecovery\assets\tankwar\asset23:IF:7-99,asset23,true,C:\Users\JBNU\git\ConstraintsRecovery\assets\tankwar\asset24,11,Note.note,FIELD,C:\Users\JBNU\git\ConstraintsRecovery\assets\tankwar\asset24:IF:7-24,asset24,true,FIELD_REFERENCE,"menu.add(((Note) note.elementAt(i)).name + ""----"" + ((Note) note.elementAt(i)).note, 0);",TankWar_P1|TankWar_P3|TankWar_P4|TankWar_P5,TankWar_P1|TankWar_P3|TankWar_P4|TankWar_P5
D838,RC-0289,C:\Users\JBNU\git\ConstraintsRecovery\assets\tankwar\asset24,13,Note.Note,CONSTRUCTOR,C:\Users\JBNU\git\ConstraintsRecovery\assets\tankwar\asset24:IF:7-24,asset24,true,C:\Users\JBNU\git\ConstraintsRecovery\assets\tankwar\asset24,10,Note.name,FIELD,C:\Users\JBNU\git\ConstraintsRecovery\assets\tankwar\asset24:IF:7-24,asset24,true,FIELD_REFERENCE,if (name.length() >= 7) {,TankWar_P1|TankWar_P3|TankWar_P4|TankWar_P5,TankWar_P1|TankWar_P3|TankWar_P4|TankWar_P5
D839,RC-0289,C:\Users\JBNU\git\ConstraintsRecovery\assets\tankwar\asset24,14,Note.Note,CONSTRUCTOR,C:\Users\JBNU\git\ConstraintsRecovery\assets\tankwar\asset24:IF:7-24,asset24,true,C:\Users\JBNU\git\ConstraintsRecovery\assets\tankwar\asset24,10,Note.name,FIELD,C:\Users\JBNU\git\ConstraintsRecovery\assets\tankwar\asset24:IF:7-24,asset24,true,FIELD_REFERENCE,"this.name = name.substring(0, 6);",TankWar_P1|TankWar_P3|TankWar_P4|TankWar_P5,TankWar_P1|TankWar_P3|TankWar_P4|TankWar_P5
D840,RC-0289,C:\Users\JBNU\git\ConstraintsRecovery\assets\tankwar\asset24,16,Note.Note,CONSTRUCTOR,C:\Users\JBNU\git\ConstraintsRecovery\assets\tankwar\asset24:IF:7-24,asset24,true,C:\Users\JBNU\git\ConstraintsRecovery\assets\tankwar\asset24,10,Note.name,FIELD,C:\Users\JBNU\git\ConstraintsRecovery\assets\tankwar\asset24:IF:7-24,asset24,true,FIELD_REFERENCE,int leng = name.length();,TankWar_P1|TankWar_P3|TankWar_P4|TankWar_P5,TankWar_P1|TankWar_P3|TankWar_P4|TankWar_P5
D841,RC-0289,C:\Users\JBNU\git\ConstraintsRecovery\assets\tankwar\asset24,18,Note.Note,CONSTRUCTOR,C:\Users\JBNU\git\ConstraintsRecovery\assets\tankwar\asset24:IF:7-24,asset24,true,C:\Users\JBNU\git\ConstraintsRecovery\assets\tankwar\asset24,10,Note.name,FIELD,C:\Users\JBNU\git\ConstraintsRecovery\assets\tankwar\asset24:IF:7-24,asset24,true,FIELD_REFERENCE,"name += "" "";",TankWar_P1|TankWar_P3|TankWar_P4|TankWar_P5,TankWar_P1|TankWar_P3|TankWar_P4|TankWar_P5
D842,RC-0289,C:\Users\JBNU\git\ConstraintsRecovery\assets\tankwar\asset24,20,Note.Note,CONSTRUCTOR,C:\Users\JBNU\git\ConstraintsRecovery\assets\tankwar\asset24:IF:7-24,asset24,true,C:\Users\JBNU\git\ConstraintsRecovery\assets\tankwar\asset24,10,Note.name,FIELD,C:\Users\JBNU\git\ConstraintsRecovery\assets\tankwar\asset24:IF:7-24,asset24,true,FIELD_REFERENCE,this.name = name;,TankWar_P1|TankWar_P3|TankWar_P4|TankWar_P5,TankWar_P1|TankWar_P3|TankWar_P4|TankWar_P5
D843,RC-0290,C:\Users\JBNU\git\ConstraintsRecovery\assets\tankwar\asset24,22,Note.Note,CONSTRUCTOR,C:\Users\JBNU\git\ConstraintsRecovery\assets\tankwar\asset24:IF:7-24,asset24,true,C:\Users\JBNU\git\ConstraintsRecovery\assets\tankwar\asset24,11,Note.note,FIELD,C:\Users\JBNU\git\ConstraintsRecovery\assets\tankwar\asset24:IF:7-24,asset24,true,FIELD_REFERENCE,this.note = note;,TankWar_P1|TankWar_P3|TankWar_P4|TankWar_P5,TankWar_P1|TankWar_P3|TankWar_P4|TankWar_P5
D844,RC-0291,C:\Users\JBNU\git\ConstraintsRecovery\assets\tankwar\asset25,8,GameManager,INTERFACE,C:\Users\JBNU\git\ConstraintsRecovery\assets\tankwar\asset25:IF:7-10,asset25,true,C:\Users\JBNU\git\ConstraintsRecovery\assets\tankwar\asset18,10,GameManager$$TankWar,INTERFACE,C:\Users\JBNU\git\ConstraintsRecovery\assets\tankwar\asset18:IF:9-10,asset18,false,EXTENDS,public interface GameManager extends GameManager$$TankWar {,TankWar_P1|TankWar_P3|TankWar_P4|TankWar_P5,TankWar_P1|TankWar_P3|TankWar_P4|TankWar_P5
D853,RC-0292,C:\Users\JBNU\git\ConstraintsRecovery\assets\tankwar\asset27,34,Record.writeNote,METHOD,C:\Users\JBNU\git\ConstraintsRecovery\assets\tankwar\asset27:IF:7-116,asset27,true,C:\Users\JBNU\git\ConstraintsRecovery\assets\tankwar\asset24,12,Note.Note,CONSTRUCTOR,C:\Users\JBNU\git\ConstraintsRecovery\assets\tankwar\asset24:IF:7-24,asset24,true,CONSTRUCTOR_CALL,"Note neu = new Note(name, note);",TankWar_P1|TankWar_P3|TankWar_P4|TankWar_P5,TankWar_P1|TankWar_P3|TankWar_P4|TankWar_P5
D858,RC-0293,C:\Users\JBNU\git\ConstraintsRecovery\assets\tankwar\asset27,56,Record.writeNote,METHOD,C:\Users\JBNU\git\ConstraintsRecovery\assets\tankwar\asset27:IF:7-116,asset27,true,C:\Users\JBNU\git\ConstraintsRecovery\assets\tankwar\asset24,11,Note.note,FIELD,C:\Users\JBNU\git\ConstraintsRecovery\assets\tankwar\asset24:IF:7-24,asset24,true,FIELD_REFERENCE,if (note <= ((Note) recorde.elementAt(i)).note) {,TankWar_P1|TankWar_P3|TankWar_P4|TankWar_P5,TankWar_P1|TankWar_P3|TankWar_P4|TankWar_P5
D862,RC-0294,C:\Users\JBNU\git\ConstraintsRecovery\assets\tankwar\asset27,91,Record.readNote,METHOD,C:\Users\JBNU\git\ConstraintsRecovery\assets\tankwar\asset27:IF:7-116,asset27,true,C:\Users\JBNU\git\ConstraintsRecovery\assets\tankwar\asset27,19,Record.filename,FIELD,C:\Users\JBNU\git\ConstraintsRecovery\assets\tankwar\asset27:IF:7-116,asset27,true,FIELD_REFERENCE,in = new ObjectInputStream(new FileInputStream(filename));,TankWar_P1|TankWar_P3|TankWar_P4|TankWar_P5,TankWar_P1|TankWar_P3|TankWar_P4|TankWar_P5
D864,RC-0294,C:\Users\JBNU\git\ConstraintsRecovery\assets\tankwar\asset27,94,Record.readNote,METHOD,C:\Users\JBNU\git\ConstraintsRecovery\assets\tankwar\asset27:IF:7-116,asset27,true,C:\Users\JBNU\git\ConstraintsRecovery\assets\tankwar\asset27,19,Record.filename,FIELD,C:\Users\JBNU\git\ConstraintsRecovery\assets\tankwar\asset27:IF:7-116,asset27,true,FIELD_REFERENCE,out = new ObjectOutputStream(new FileOutputStream(filename));,TankWar_P1|TankWar_P3|TankWar_P4|TankWar_P5,TankWar_P1|TankWar_P3|TankWar_P4|TankWar_P5
D867,RC-0294,C:\Users\JBNU\git\ConstraintsRecovery\assets\tankwar\asset27,96,Record.readNote,METHOD,C:\Users\JBNU\git\ConstraintsRecovery\assets\tankwar\asset27:IF:7-116,asset27,true,C:\Users\JBNU\git\ConstraintsRecovery\assets\tankwar\asset27,19,Record.filename,FIELD,C:\Users\JBNU\git\ConstraintsRecovery\assets\tankwar\asset27:IF:7-116,asset27,true,FIELD_REFERENCE,in = new ObjectInputStream(new FileInputStream(filename));,TankWar_P1|TankWar_P3|TankWar_P4|TankWar_P5,TankWar_P1|TankWar_P3|TankWar_P4|TankWar_P5
D861,RC-0295,C:\Users\JBNU\git\ConstraintsRecovery\assets\tankwar\asset27,91,Record.readNote,METHOD,C:\Users\JBNU\git\ConstraintsRecovery\assets\tankwar\asset27:IF:7-116,asset27,true,C:\Users\JBNU\git\ConstraintsRecovery\assets\tankwar\asset27,18,Record.in,FIELD,C:\Users\JBNU\git\ConstraintsRecovery\assets\tankwar\asset27:IF:7-116,asset27,true,FIELD_REFERENCE,in = new ObjectInputStream(new FileInputStream(filename));,TankWar_P1|TankWar_P3|TankWar_P4|TankWar_P5,TankWar_P1|TankWar_P3|TankWar_P4|TankWar_P5
D866,RC-0295,C:\Users\JBNU\git\ConstraintsRecovery\assets\tankwar\asset27,96,Record.readNote,METHOD,C:\Users\JBNU\git\ConstraintsRecovery\assets\tankwar\asset27:IF:7-116,asset27,true,C:\Users\JBNU\git\ConstraintsRecovery\assets\tankwar\asset27,18,Record.in,FIELD,C:\Users\JBNU\git\ConstraintsRecovery\assets\tankwar\asset27:IF:7-116,asset27,true,FIELD_REFERENCE,in = new ObjectInputStream(new FileInputStream(filename));,TankWar_P1|TankWar_P3|TankWar_P4|TankWar_P5,TankWar_P1|TankWar_P3|TankWar_P4|TankWar_P5
D845,RC-0295,C:\Users\JBNU\git\ConstraintsRecovery\assets\tankwar\asset27,106,Record.readNote,METHOD,C:\Users\JBNU\git\ConstraintsRecovery\assets\tankwar\asset27:IF:7-116,asset27,true,C:\Users\JBNU\git\ConstraintsRecovery\assets\tankwar\asset27,18,Record.in,FIELD,C:\Users\JBNU\git\ConstraintsRecovery\assets\tankwar\asset27:IF:7-116,asset27,true,FIELD_REFERENCE,recorde.add(in.readObject());,TankWar_P1|TankWar_P3|TankWar_P4|TankWar_P5,TankWar_P1|TankWar_P3|TankWar_P4|TankWar_P5
D863,RC-0296,C:\Users\JBNU\git\ConstraintsRecovery\assets\tankwar\asset27,94,Record.readNote,METHOD,C:\Users\JBNU\git\ConstraintsRecovery\assets\tankwar\asset27:IF:7-116,asset27,true,C:\Users\JBNU\git\ConstraintsRecovery\assets\tankwar\asset27,17,Record.out,FIELD,C:\Users\JBNU\git\ConstraintsRecovery\assets\tankwar\asset27:IF:7-116,asset27,true,FIELD_REFERENCE,out = new ObjectOutputStream(new FileOutputStream(filename));,TankWar_P1|TankWar_P3|TankWar_P4|TankWar_P5,TankWar_P1|TankWar_P3|TankWar_P4|TankWar_P5
D865,RC-0296,C:\Users\JBNU\git\ConstraintsRecovery\assets\tankwar\asset27,95,Record.readNote,METHOD,C:\Users\JBNU\git\ConstraintsRecovery\assets\tankwar\asset27:IF:7-116,asset27,true,C:\Users\JBNU\git\ConstraintsRecovery\assets\tankwar\asset27,17,Record.out,FIELD,C:\Users\JBNU\git\ConstraintsRecovery\assets\tankwar\asset27:IF:7-116,asset27,true,FIELD_REFERENCE,out.close();,TankWar_P1|TankWar_P3|TankWar_P4|TankWar_P5,TankWar_P1|TankWar_P3|TankWar_P4|TankWar_P5
D847,RC-0297,C:\Users\JBNU\git\ConstraintsRecovery\assets\tankwar\asset27,22,Record.writeNote,METHOD,C:\Users\JBNU\git\ConstraintsRecovery\assets\tankwar\asset27:IF:7-116,asset27,true,C:\Users\JBNU\git\ConstraintsRecovery\assets\tankwar\asset27,19,Record.filename,FIELD,C:\Users\JBNU\git\ConstraintsRecovery\assets\tankwar\asset27:IF:7-116,asset27,true,FIELD_REFERENCE,in = new ObjectInputStream(new FileInputStream(filename));,TankWar_P1|TankWar_P3|TankWar_P4|TankWar_P5,TankWar_P1|TankWar_P3|TankWar_P4|TankWar_P5
D849,RC-0297,C:\Users\JBNU\git\ConstraintsRecovery\assets\tankwar\asset27,25,Record.writeNote,METHOD,C:\Users\JBNU\git\ConstraintsRecovery\assets\tankwar\asset27:IF:7-116,asset27,true,C:\Users\JBNU\git\ConstraintsRecovery\assets\tankwar\asset27,19,Record.filename,FIELD,C:\Users\JBNU\git\ConstraintsRecovery\assets\tankwar\asset27:IF:7-116,asset27,true,FIELD_REFERENCE,out = new ObjectOutputStream(new FileOutputStream(filename));,TankWar_P1|TankWar_P3|TankWar_P4|TankWar_P5,TankWar_P1|TankWar_P3|TankWar_P4|TankWar_P5
D852,RC-0297,C:\Users\JBNU\git\ConstraintsRecovery\assets\tankwar\asset27,27,Record.writeNote,METHOD,C:\Users\JBNU\git\ConstraintsRecovery\assets\tankwar\asset27:IF:7-116,asset27,true,C:\Users\JBNU\git\ConstraintsRecovery\assets\tankwar\asset27,19,Record.filename,FIELD,C:\Users\JBNU\git\ConstraintsRecovery\assets\tankwar\asset27:IF:7-116,asset27,true,FIELD_REFERENCE,in = new ObjectInputStream(new FileInputStream(filename));,TankWar_P1|TankWar_P3|TankWar_P4|TankWar_P5,TankWar_P1|TankWar_P3|TankWar_P4|TankWar_P5
D857,RC-0297,C:\Users\JBNU\git\ConstraintsRecovery\assets\tankwar\asset27,48,Record.writeNote,METHOD,C:\Users\JBNU\git\ConstraintsRecovery\assets\tankwar\asset27:IF:7-116,asset27,true,C:\Users\JBNU\git\ConstraintsRecovery\assets\tankwar\asset27,19,Record.filename,FIELD,C:\Users\JBNU\git\ConstraintsRecovery\assets\tankwar\asset27:IF:7-116,asset27,true,FIELD_REFERENCE,out = new ObjectOutputStream(new FileOutputStream(filename));,TankWar_P1|TankWar_P3|TankWar_P4|TankWar_P5,TankWar_P1|TankWar_P3|TankWar_P4|TankWar_P5
D846,RC-0298,C:\Users\JBNU\git\ConstraintsRecovery\assets\tankwar\asset27,22,Record.writeNote,METHOD,C:\Users\JBNU\git\ConstraintsRecovery\assets\tankwar\asset27:IF:7-116,asset27,true,C:\Users\JBNU\git\ConstraintsRecovery\assets\tankwar\asset27,18,Record.in,FIELD,C:\Users\JBNU\git\ConstraintsRecovery\assets\tankwar\asset27:IF:7-116,asset27,true,FIELD_REFERENCE,in = new ObjectInputStream(new FileInputStream(filename));,TankWar_P1|TankWar_P3|TankWar_P4|TankWar_P5,TankWar_P1|TankWar_P3|TankWar_P4|TankWar_P5
D851,RC-0298,C:\Users\JBNU\git\ConstraintsRecovery\assets\tankwar\asset27,27,Record.writeNote,METHOD,C:\Users\JBNU\git\ConstraintsRecovery\assets\tankwar\asset27:IF:7-116,asset27,true,C:\Users\JBNU\git\ConstraintsRecovery\assets\tankwar\asset27,18,Record.in,FIELD,C:\Users\JBNU\git\ConstraintsRecovery\assets\tankwar\asset27:IF:7-116,asset27,true,FIELD_REFERENCE,in = new ObjectInputStream(new FileInputStream(filename));,TankWar_P1|TankWar_P3|TankWar_P4|TankWar_P5,TankWar_P1|TankWar_P3|TankWar_P4|TankWar_P5
D854,RC-0298,C:\Users\JBNU\git\ConstraintsRecovery\assets\tankwar\asset27,38,Record.writeNote,METHOD,C:\Users\JBNU\git\ConstraintsRecovery\assets\tankwar\asset27:IF:7-116,asset27,true,C:\Users\JBNU\git\ConstraintsRecovery\assets\tankwar\asset27,18,Record.in,FIELD,C:\Users\JBNU\git\ConstraintsRecovery\assets\tankwar\asset27:IF:7-116,asset27,true,FIELD_REFERENCE,recorde.add(in.readObject());,TankWar_P1|TankWar_P3|TankWar_P4|TankWar_P5,TankWar_P1|TankWar_P3|TankWar_P4|TankWar_P5
D855,RC-0298,C:\Users\JBNU\git\ConstraintsRecovery\assets\tankwar\asset27,47,Record.writeNote,METHOD,C:\Users\JBNU\git\ConstraintsRecovery\assets\tankwar\asset27:IF:7-116,asset27,true,C:\Users\JBNU\git\ConstraintsRecovery\assets\tankwar\asset27,18,Record.in,FIELD,C:\Users\JBNU\git\ConstraintsRecovery\assets\tankwar\asset27:IF:7-116,asset27,true,FIELD_REFERENCE,in.close();,TankWar_P1|TankWar_P3|TankWar_P4|TankWar_P5,TankWar_P1|TankWar_P3|TankWar_P4|TankWar_P5
D848,RC-0299,C:\Users\JBNU\git\ConstraintsRecovery\assets\tankwar\asset27,25,Record.writeNote,METHOD,C:\Users\JBNU\git\ConstraintsRecovery\assets\tankwar\asset27:IF:7-116,asset27,true,C:\Users\JBNU\git\ConstraintsRecovery\assets\tankwar\asset27,17,Record.out,FIELD,C:\Users\JBNU\git\ConstraintsRecovery\assets\tankwar\asset27:IF:7-116,asset27,true,FIELD_REFERENCE,out = new ObjectOutputStream(new FileOutputStream(filename));,TankWar_P1|TankWar_P3|TankWar_P4|TankWar_P5,TankWar_P1|TankWar_P3|TankWar_P4|TankWar_P5
D850,RC-0299,C:\Users\JBNU\git\ConstraintsRecovery\assets\tankwar\asset27,26,Record.writeNote,METHOD,C:\Users\JBNU\git\ConstraintsRecovery\assets\tankwar\asset27:IF:7-116,asset27,true,C:\Users\JBNU\git\ConstraintsRecovery\assets\tankwar\asset27,17,Record.out,FIELD,C:\Users\JBNU\git\ConstraintsRecovery\assets\tankwar\asset27:IF:7-116,asset27,true,FIELD_REFERENCE,out.close();,TankWar_P1|TankWar_P3|TankWar_P4|TankWar_P5,TankWar_P1|TankWar_P3|TankWar_P4|TankWar_P5
D856,RC-0299,C:\Users\JBNU\git\ConstraintsRecovery\assets\tankwar\asset27,48,Record.writeNote,METHOD,C:\Users\JBNU\git\ConstraintsRecovery\assets\tankwar\asset27:IF:7-116,asset27,true,C:\Users\JBNU\git\ConstraintsRecovery\assets\tankwar\asset27,17,Record.out,FIELD,C:\Users\JBNU\git\ConstraintsRecovery\assets\tankwar\asset27:IF:7-116,asset27,true,FIELD_REFERENCE,out = new ObjectOutputStream(new FileOutputStream(filename));,TankWar_P1|TankWar_P3|TankWar_P4|TankWar_P5,TankWar_P1|TankWar_P3|TankWar_P4|TankWar_P5
D859,RC-0299,C:\Users\JBNU\git\ConstraintsRecovery\assets\tankwar\asset27,78,Record.writeNote,METHOD,C:\Users\JBNU\git\ConstraintsRecovery\assets\tankwar\asset27:IF:7-116,asset27,true,C:\Users\JBNU\git\ConstraintsRecovery\assets\tankwar\asset27,17,Record.out,FIELD,C:\Users\JBNU\git\ConstraintsRecovery\assets\tankwar\asset27:IF:7-116,asset27,true,FIELD_REFERENCE,out.writeObject(temp.elementAt(i));,TankWar_P1|TankWar_P3|TankWar_P4|TankWar_P5,TankWar_P1|TankWar_P3|TankWar_P4|TankWar_P5
D860,RC-0299,C:\Users\JBNU\git\ConstraintsRecovery\assets\tankwar\asset27,84,Record.writeNote,METHOD,C:\Users\JBNU\git\ConstraintsRecovery\assets\tankwar\asset27:IF:7-116,asset27,true,C:\Users\JBNU\git\ConstraintsRecovery\assets\tankwar\asset27,17,Record.out,FIELD,C:\Users\JBNU\git\ConstraintsRecovery\assets\tankwar\asset27:IF:7-116,asset27,true,FIELD_REFERENCE,out.close();,TankWar_P1|TankWar_P3|TankWar_P4|TankWar_P5,TankWar_P1|TankWar_P3|TankWar_P4|TankWar_P5
D878,RC-0300,C:\Users\JBNU\git\ConstraintsRecovery\assets\tankwar\asset28,49,TankManager$$Record.addScore,METHOD,C:\Users\JBNU\git\ConstraintsRecovery\assets\tankwar\asset28:IF:7-57,asset28,true,C:\Users\JBNU\git\ConstraintsRecovery\assets\tankwar\asset22,15,GameObject.id,FIELD,C:\Users\JBNU\git\ConstraintsRecovery\assets\tankwar\asset22:IF:8-80,asset22,true,FIELD_REFERENCE,if (id == tank1.id) {,TankWar_P1|TankWar_P3|TankWar_P4|TankWar_P5,TankWar_P1|TankWar_P2|TankWar_P3|TankWar_P4|TankWar_P5
D879,RC-0301,C:\Users\JBNU\git\ConstraintsRecovery\assets\tankwar\asset28,49,TankManager.addScore,METHOD,C:\Users\JBNU\git\ConstraintsRecovery\assets\tankwar\asset28:IF:7-57,asset28,true,C:\Users\JBNU\git\ConstraintsRecovery\assets\tankwar\asset22,15,GameObject.id,FIELD,C:\Users\JBNU\git\ConstraintsRecovery\assets\tankwar\asset22:IF:8-80,asset22,true,FIELD_REFERENCE,if (id == tank1.id) {,TankWar_P1|TankWar_P3|TankWar_P4|TankWar_P5,TankWar_P1|TankWar_P2|TankWar_P3|TankWar_P4|TankWar_P5
D876,RC-0302,C:\Users\JBNU\git\ConstraintsRecovery\assets\tankwar\asset28,44,TankManager$$Record.malenkontrolle,METHOD,C:\Users\JBNU\git\ConstraintsRecovery\assets\tankwar\asset28:IF:7-57,asset28,true,C:\Users\JBNU\git\ConstraintsRecovery\assets\tankwar\asset23,45,Maler$$Re_fuer_PC.nameVergeben,METHOD,C:\Users\JBNU\git\ConstraintsRecovery\assets\tankwar\asset23:IF:7-99,asset23,true,METHOD_CALL,maler.nameVergeben();,TankWar_P1|TankWar_P3|TankWar_P4|TankWar_P5,TankWar_P1|TankWar_P3|TankWar_P4|TankWar_P5
D872,RC-0303,C:\Users\JBNU\git\ConstraintsRecovery\assets\tankwar\asset28,41,TankManager$$Record.malenkontrolle,METHOD,C:\Users\JBNU\git\ConstraintsRecovery\assets\tankwar\asset28:IF:7-57,asset28,true,C:\Users\JBNU\git\ConstraintsRecovery\assets\tankwar\asset23,32,Maler$$Re_fuer_PC.note,METHOD,C:\Users\JBNU\git\ConstraintsRecovery\assets\tankwar\asset23:IF:7-99,asset23,true,METHOD_CALL,maler.note(record.readNote());,TankWar_P1|TankWar_P3|TankWar_P4|TankWar_P5,TankWar_P1|TankWar_P3|TankWar_P4|TankWar_P5
D877,RC-0304,C:\Users\JBNU\git\ConstraintsRecovery\assets\tankwar\asset28,44,TankManager.malenkontrolle,METHOD,C:\Users\JBNU\git\ConstraintsRecovery\assets\tankwar\asset28:IF:7-57,asset28,true,C:\Users\JBNU\git\ConstraintsRecovery\assets\tankwar\asset23,45,Maler$$Re_fuer_PC.nameVergeben,METHOD,C:\Users\JBNU\git\ConstraintsRecovery\assets\tankwar\asset23:IF:7-99,asset23,true,METHOD_CALL,maler.nameVergeben();,TankWar_P1|TankWar_P3|TankWar_P4|TankWar_P5,TankWar_P1|TankWar_P3|TankWar_P4|TankWar_P5
D874,RC-0305,C:\Users\JBNU\git\ConstraintsRecovery\assets\tankwar\asset28,41,TankManager.malenkontrolle,METHOD,C:\Users\JBNU\git\ConstraintsRecovery\assets\tankwar\asset28:IF:7-57,asset28,true,C:\Users\JBNU\git\ConstraintsRecovery\assets\tankwar\asset23,32,Maler$$Re_fuer_PC.note,METHOD,C:\Users\JBNU\git\ConstraintsRecovery\assets\tankwar\asset23:IF:7-99,asset23,true,METHOD_CALL,maler.note(record.readNote());,TankWar_P1|TankWar_P3|TankWar_P4|TankWar_P5,TankWar_P1|TankWar_P3|TankWar_P4|TankWar_P5
D873,RC-0306,C:\Users\JBNU\git\ConstraintsRecovery\assets\tankwar\asset28,41,TankManager$$Record.malenkontrolle,METHOD,C:\Users\JBNU\git\ConstraintsRecovery\assets\tankwar\asset28:IF:7-57,asset28,true,C:\Users\JBNU\git\ConstraintsRecovery\assets\tankwar\asset27,89,Record.readNote,METHOD,C:\Users\JBNU\git\ConstraintsRecovery\assets\tankwar\asset27:IF:7-116,asset27,true,METHOD_CALL,maler.note(record.readNote());,TankWar_P1|TankWar_P3|TankWar_P4|TankWar_P5,TankWar_P1|TankWar_P3|TankWar_P4|TankWar_P5
D886,RC-0307,C:\Users\JBNU\git\ConstraintsRecovery\assets\tankwar\asset28,54,TankManager$$Record.writeScore,METHOD,C:\Users\JBNU\git\ConstraintsRecovery\assets\tankwar\asset28:IF:7-57,asset28,true,C:\Users\JBNU\git\ConstraintsRecovery\assets\tankwar\asset27,20,Record.writeNote,METHOD,C:\Users\JBNU\git\ConstraintsRecovery\assets\tankwar\asset27:IF:7-116,asset27,true,METHOD_CALL,"record.writeNote(maler.name, tank1Score);",TankWar_P1|TankWar_P3|TankWar_P4|TankWar_P5,TankWar_P1|TankWar_P3|TankWar_P4|TankWar_P5
D875,RC-0308,C:\Users\JBNU\git\ConstraintsRecovery\assets\tankwar\asset28,41,TankManager.malenkontrolle,METHOD,C:\Users\JBNU\git\ConstraintsRecovery\assets\tankwar\asset28:IF:7-57,asset28,true,C:\Users\JBNU\git\ConstraintsRecovery\assets\tankwar\asset27,89,Record.readNote,METHOD,C:\Users\JBNU\git\ConstraintsRecovery\assets\tankwar\asset27:IF:7-116,asset27,true,METHOD_CALL,maler.note(record.readNote());,TankWar_P1|TankWar_P3|TankWar_P4|TankWar_P5,TankWar_P1|TankWar_P3|TankWar_P4|TankWar_P5
D887,RC-0309,C:\Users\JBNU\git\ConstraintsRecovery\assets\tankwar\asset28,54,TankManager.writeScore,METHOD,C:\Users\JBNU\git\ConstraintsRecovery\assets\tankwar\asset28:IF:7-57,asset28,true,C:\Users\JBNU\git\ConstraintsRecovery\assets\tankwar\asset27,20,Record.writeNote,METHOD,C:\Users\JBNU\git\ConstraintsRecovery\assets\tankwar\asset27:IF:7-116,asset27,true,METHOD_CALL,"record.writeNote(maler.name, tank1Score);",TankWar_P1|TankWar_P3|TankWar_P4|TankWar_P5,TankWar_P1|TankWar_P3|TankWar_P4|TankWar_P5
D880,RC-0310,C:\Users\JBNU\git\ConstraintsRecovery\assets\tankwar\asset28,50,TankManager$$Record.addScore,METHOD,C:\Users\JBNU\git\ConstraintsRecovery\assets\tankwar\asset28:IF:7-57,asset28,true,C:\Users\JBNU\git\ConstraintsRecovery\assets\tankwar\asset28,24,TankManager$$Record.tank1Score,FIELD,C:\Users\JBNU\git\ConstraintsRecovery\assets\tankwar\asset28:IF:7-57,asset28,true,FIELD_REFERENCE,tank1Score += type * 5;,TankWar_P1|TankWar_P3|TankWar_P4|TankWar_P5,TankWar_P1|TankWar_P3|TankWar_P4|TankWar_P5
D868,RC-0311,C:\Users\JBNU\git\ConstraintsRecovery\assets\tankwar\asset28,35,TankManager$$Record.init,METHOD,C:\Users\JBNU\git\ConstraintsRecovery\assets\tankwar\asset28:IF:7-57,asset28,true,C:\Users\JBNU\git\ConstraintsRecovery\assets\tankwar\asset28,23,TankManager$$Record.record,FIELD,C:\Users\JBNU\git\ConstraintsRecovery\assets\tankwar\asset28:IF:7-57,asset28,true,FIELD_REFERENCE,record = new Record();,TankWar_P1|TankWar_P3|TankWar_P4|TankWar_P5,TankWar_P1|TankWar_P3|TankWar_P4|TankWar_P5
D870,RC-0312,C:\Users\JBNU\git\ConstraintsRecovery\assets\tankwar\asset28,41,TankManager$$Record.malenkontrolle,METHOD,C:\Users\JBNU\git\ConstraintsRecovery\assets\tankwar\asset28:IF:7-57,asset28,true,C:\Users\JBNU\git\ConstraintsRecovery\assets\tankwar\asset28,23,TankManager$$Record.record,FIELD,C:\Users\JBNU\git\ConstraintsRecovery\assets\tankwar\asset28:IF:7-57,asset28,true,FIELD_REFERENCE,maler.note(record.readNote());,TankWar_P1|TankWar_P3|TankWar_P4|TankWar_P5,TankWar_P1|TankWar_P3|TankWar_P4|TankWar_P5
D882,RC-0313,C:\Users\JBNU\git\ConstraintsRecovery\assets\tankwar\asset28,54,TankManager$$Record.writeScore,METHOD,C:\Users\JBNU\git\ConstraintsRecovery\assets\tankwar\asset28:IF:7-57,asset28,true,C:\Users\JBNU\git\ConstraintsRecovery\assets\tankwar\asset28,23,TankManager$$Record.record,FIELD,C:\Users\JBNU\git\ConstraintsRecovery\assets\tankwar\asset28:IF:7-57,asset28,true,FIELD_REFERENCE,"record.writeNote(maler.name, tank1Score);",TankWar_P1|TankWar_P3|TankWar_P4|TankWar_P5,TankWar_P1|TankWar_P3|TankWar_P4|TankWar_P5
D883,RC-0314,C:\Users\JBNU\git\ConstraintsRecovery\assets\tankwar\asset28,54,TankManager$$Record.writeScore,METHOD,C:\Users\JBNU\git\ConstraintsRecovery\assets\tankwar\asset28:IF:7-57,asset28,true,C:\Users\JBNU\git\ConstraintsRecovery\assets\tankwar\asset28,24,TankManager$$Record.tank1Score,FIELD,C:\Users\JBNU\git\ConstraintsRecovery\assets\tankwar\asset28:IF:7-57,asset28,true,FIELD_REFERENCE,"record.writeNote(maler.name, tank1Score);",TankWar_P1|TankWar_P3|TankWar_P4|TankWar_P5,TankWar_P1|TankWar_P3|TankWar_P4|TankWar_P5
D888,RC-0314,C:\Users\JBNU\git\ConstraintsRecovery\assets\tankwar\asset28,55,TankManager$$Record.writeScore,METHOD,C:\Users\JBNU\git\ConstraintsRecovery\assets\tankwar\asset28:IF:7-57,asset28,true,C:\Users\JBNU\git\ConstraintsRecovery\assets\tankwar\asset28,24,TankManager$$Record.tank1Score,FIELD,C:\Users\JBNU\git\ConstraintsRecovery\assets\tankwar\asset28:IF:7-57,asset28,true,FIELD_REFERENCE,tank1Score = 0;,TankWar_P1|TankWar_P3|TankWar_P4|TankWar_P5,TankWar_P1|TankWar_P3|TankWar_P4|TankWar_P5
D881,RC-0315,C:\Users\JBNU\git\ConstraintsRecovery\assets\tankwar\asset28,50,TankManager.addScore,METHOD,C:\Users\JBNU\git\ConstraintsRecovery\assets\tankwar\asset28:IF:7-57,asset28,true,C:\Users\JBNU\git\ConstraintsRecovery\assets\tankwar\asset28,24,TankManager.tank1Score,FIELD,C:\Users\JBNU\git\ConstraintsRecovery\assets\tankwar\asset28:IF:7-57,asset28,true,FIELD_REFERENCE,tank1Score += type * 5;,TankWar_P1|TankWar_P3|TankWar_P4|TankWar_P5,TankWar_P1|TankWar_P3|TankWar_P4|TankWar_P5
D869,RC-0316,C:\Users\JBNU\git\ConstraintsRecovery\assets\tankwar\asset28,35,TankManager.init,METHOD,C:\Users\JBNU\git\ConstraintsRecovery\assets\tankwar\asset28:IF:7-57,asset28,true,C:\Users\JBNU\git\ConstraintsRecovery\assets\tankwar\asset28,23,TankManager.record,FIELD,C:\Users\JBNU\git\ConstraintsRecovery\assets\tankwar\asset28:IF:7-57,asset28,true,FIELD_REFERENCE,record = new Record();,TankWar_P1|TankWar_P3|TankWar_P4|TankWar_P5,TankWar_P1|TankWar_P3|TankWar_P4|TankWar_P5
D871,RC-0317,C:\Users\JBNU\git\ConstraintsRecovery\assets\tankwar\asset28,41,TankManager.malenkontrolle,METHOD,C:\Users\JBNU\git\ConstraintsRecovery\assets\tankwar\asset28:IF:7-57,asset28,true,C:\Users\JBNU\git\ConstraintsRecovery\assets\tankwar\asset28,23,TankManager.record,FIELD,C:\Users\JBNU\git\ConstraintsRecovery\assets\tankwar\asset28:IF:7-57,asset28,true,FIELD_REFERENCE,maler.note(record.readNote());,TankWar_P1|TankWar_P3|TankWar_P4|TankWar_P5,TankWar_P1|TankWar_P3|TankWar_P4|TankWar_P5
D884,RC-0318,C:\Users\JBNU\git\ConstraintsRecovery\assets\tankwar\asset28,54,TankManager.writeScore,METHOD,C:\Users\JBNU\git\ConstraintsRecovery\assets\tankwar\asset28:IF:7-57,asset28,true,C:\Users\JBNU\git\ConstraintsRecovery\assets\tankwar\asset28,23,TankManager.record,FIELD,C:\Users\JBNU\git\ConstraintsRecovery\assets\tankwar\asset28:IF:7-57,asset28,true,FIELD_REFERENCE,"record.writeNote(maler.name, tank1Score);",TankWar_P1|TankWar_P3|TankWar_P4|TankWar_P5,TankWar_P1|TankWar_P3|TankWar_P4|TankWar_P5
D885,RC-0319,C:\Users\JBNU\git\ConstraintsRecovery\assets\tankwar\asset28,54,TankManager.writeScore,METHOD,C:\Users\JBNU\git\ConstraintsRecovery\assets\tankwar\asset28:IF:7-57,asset28,true,C:\Users\JBNU\git\ConstraintsRecovery\assets\tankwar\asset28,24,TankManager.tank1Score,FIELD,C:\Users\JBNU\git\ConstraintsRecovery\assets\tankwar\asset28:IF:7-57,asset28,true,FIELD_REFERENCE,"record.writeNote(maler.name, tank1Score);",TankWar_P1|TankWar_P3|TankWar_P4|TankWar_P5,TankWar_P1|TankWar_P3|TankWar_P4|TankWar_P5
D889,RC-0319,C:\Users\JBNU\git\ConstraintsRecovery\assets\tankwar\asset28,55,TankManager.writeScore,METHOD,C:\Users\JBNU\git\ConstraintsRecovery\assets\tankwar\asset28:IF:7-57,asset28,true,C:\Users\JBNU\git\ConstraintsRecovery\assets\tankwar\asset28,24,TankManager.tank1Score,FIELD,C:\Users\JBNU\git\ConstraintsRecovery\assets\tankwar\asset28:IF:7-57,asset28,true,FIELD_REFERENCE,tank1Score = 0;,TankWar_P1|TankWar_P3|TankWar_P4|TankWar_P5,TankWar_P1|TankWar_P3|TankWar_P4|TankWar_P5
D890,RC-0320,C:\Users\JBNU\git\ConstraintsRecovery\assets\tankwar\asset29,23,TankManager$$Feuerkraft.toolsLaden,METHOD,C:\Users\JBNU\git\ConstraintsRecovery\assets\tankwar\asset29:IF:6-26,asset29,true,C:\Users\JBNU\git\ConstraintsRecovery\assets\tankwar\asset3,30,TankManager$$Tools.toolInit,METHOD,C:\Users\JBNU\git\ConstraintsRecovery\assets\tankwar\asset3:IF:8-44,asset3,true,METHOD_CALL,toolInit(372);,TankWar_P1|TankWar_P3|TankWar_P5,TankWar_P1|TankWar_P2|TankWar_P3|TankWar_P4|TankWar_P5
D1023,RC-0321,C:\Users\JBNU\git\ConstraintsRecovery\assets\tankwar\asset2,193,Maler$$PC.gameExit,METHOD,C:\Users\JBNU\git\ConstraintsRecovery\assets\tankwar\asset2:IF:8-332,asset2,true,C:\Users\JBNU\git\ConstraintsRecovery\assets\tankwar\asset15,30,Menu.Menu,CONSTRUCTOR,C:\Users\JBNU\git\ConstraintsRecovery\assets\tankwar\asset15:IF:8-281,asset15,true,CONSTRUCTOR_CALL,menu = new Menu(((Maler) this));,TankWar_P1|TankWar_P2|TankWar_P3|TankWar_P4|TankWar_P5,TankWar_P1|TankWar_P2|TankWar_P3|TankWar_P4|TankWar_P5
D1040,RC-0322,C:\Users\JBNU\git\ConstraintsRecovery\assets\tankwar\asset2,201,Maler$$PC.gameExit,METHOD,C:\Users\JBNU\git\ConstraintsRecovery\assets\tankwar\asset2:IF:8-332,asset2,true,C:\Users\JBNU\git\ConstraintsRecovery\assets\tankwar\asset15,212,Menu.erscheinen,METHOD,C:\Users\JBNU\git\ConstraintsRecovery\assets\tankwar\asset15:IF:8-281,asset15,true,METHOD_CALL,menu.erscheinen(gTemp);,TankWar_P1|TankWar_P2|TankWar_P3|TankWar_P4|TankWar_P5,TankWar_P1|TankWar_P2|TankWar_P3|TankWar_P4|TankWar_P5
D1029,RC-0323,C:\Users\JBNU\git\ConstraintsRecovery\assets\tankwar\asset2,194,Maler$$PC.gameExit,METHOD,C:\Users\JBNU\git\ConstraintsRecovery\assets\tankwar\asset2:IF:8-332,asset2,true,C:\Users\JBNU\git\ConstraintsRecovery\assets\tankwar\asset15,42,Menu.setKoordinateImage,METHOD,C:\Users\JBNU\git\ConstraintsRecovery\assets\tankwar\asset15:IF:8-281,asset15,true,METHOD_CALL,"menu.setKoordinateImage((GAME_WIDTH + infoWidth) / 2, GAME_HEIGHT / 2);",TankWar_P1|TankWar_P2|TankWar_P3|TankWar_P4|TankWar_P5,TankWar_P1|TankWar_P2|TankWar_P3|TankWar_P4|TankWar_P5
D1035,RC-0324,C:\Users\JBNU\git\ConstraintsRecovery\assets\tankwar\asset2,198,Maler$$PC.gameExit,METHOD,C:\Users\JBNU\git\ConstraintsRecovery\assets\tankwar\asset2:IF:8-332,asset2,true,C:\Users\JBNU\git\ConstraintsRecovery\assets\tankwar\asset15,49,Menu.setStyle,METHOD,C:\Users\JBNU\git\ConstraintsRecovery\assets\tankwar\asset15:IF:8-281,asset15,true,METHOD_CALL,menu.setStyle(0);,TankWar_P1|TankWar_P2|TankWar_P3|TankWar_P4|TankWar_P5,TankWar_P1|TankWar_P2|TankWar_P3|TankWar_P4|TankWar_P5
D1031,RC-0325,C:\Users\JBNU\git\ConstraintsRecovery\assets\tankwar\asset2,195,Maler$$PC.gameExit,METHOD,C:\Users\JBNU\git\ConstraintsRecovery\assets\tankwar\asset2:IF:8-332,asset2,true,C:\Users\JBNU\git\ConstraintsRecovery\assets\tankwar\asset15,46,Menu.setZeileAbstand,METHOD,C:\Users\JBNU\git\ConstraintsRecovery\assets\tankwar\asset15:IF:8-281,asset15,true,METHOD_CALL,menu.setZeileAbstand(0);,TankWar_P1|TankWar_P2|TankWar_P3|TankWar_P4|TankWar_P5,TankWar_P1|TankWar_P2|TankWar_P3|TankWar_P4|TankWar_P5
D1037,RC-0325,C:\Users\JBNU\git\ConstraintsRecovery\assets\tankwar\asset2,199,Maler$$PC.gameExit,METHOD,C:\Users\JBNU\git\ConstraintsRecovery\assets\tankwar\asset2:IF:8-332,asset2,true,C:\Users\JBNU\git\ConstraintsRecovery\assets\tankwar\asset15,46,Menu.setZeileAbstand,METHOD,C:\Users\JBNU\git\ConstraintsRecovery\assets\tankwar\asset15:IF:8-281,asset15,true,METHOD_CALL,menu.setZeileAbstand(55);,TankWar_P1|TankWar_P2|TankWar_P3|TankWar_P4|TankWar_P5,TankWar_P1|TankWar_P2|TankWar_P3|TankWar_P4|TankWar_P5
D931,RC-0326,C:\Users\JBNU\git\ConstraintsRecovery\assets\tankwar\asset2,130,Maler$$PC.gameLevel,METHOD,C:\Users\JBNU\git\ConstraintsRecovery\assets\tankwar\asset2:IF:8-332,asset2,true,C:\Users\JBNU\git\ConstraintsRecovery\assets\tankwar\asset15,30,Menu.Menu,CONSTRUCTOR,C:\Users\JBNU\git\ConstraintsRecovery\assets\tankwar\asset15:IF:8-281,asset15,true,CONSTRUCTOR_CALL,menu = new Menu(((Maler) this));,TankWar_P1|TankWar_P2|TankWar_P3|TankWar_P4|TankWar_P5,TankWar_P1|TankWar_P2|TankWar_P3|TankWar_P4|TankWar_P5
D952,RC-0327,C:\Users\JBNU\git\ConstraintsRecovery\assets\tankwar\asset2,140,Maler$$PC.gameLevel,METHOD,C:\Users\JBNU\git\ConstraintsRecovery\assets\tankwar\asset2:IF:8-332,asset2,true,C:\Users\JBNU\git\ConstraintsRecovery\assets\tankwar\asset15,212,Menu.erscheinen,METHOD,C:\Users\JBNU\git\ConstraintsRecovery\assets\tankwar\asset15:IF:8-281,asset15,true,METHOD_CALL,menu.erscheinen(gTemp);,TankWar_P1|TankWar_P2|TankWar_P3|TankWar_P4|TankWar_P5,TankWar_P1|TankWar_P2|TankWar_P3|TankWar_P4|TankWar_P5
D945,RC-0328,C:\Users\JBNU\git\ConstraintsRecovery\assets\tankwar\asset2,136,Maler$$PC.gameLevel,METHOD,C:\Users\JBNU\git\ConstraintsRecovery\assets\tankwar\asset2:IF:8-332,asset2,true,C:\Users\JBNU\git\ConstraintsRecovery\assets\tankwar\asset15,73,Menu.setFontSize,METHOD,C:\Users\JBNU\git\ConstraintsRecovery\assets\tankwar\asset15:IF:8-281,asset15,true,METHOD_CALL,menu.setFontSize(70);,TankWar_P1|TankWar_P2|TankWar_P3|TankWar_P4|TankWar_P5,TankWar_P1|TankWar_P2|TankWar_P3|TankWar_P4|TankWar_P5
D937,RC-0329,C:\Users\JBNU\git\ConstraintsRecovery\assets\tankwar\asset2,131,Maler$$PC.gameLevel,METHOD,C:\Users\JBNU\git\ConstraintsRecovery\assets\tankwar\asset2:IF:8-332,asset2,true,C:\Users\JBNU\git\ConstraintsRecovery\assets\tankwar\asset15,42,Menu.setKoordinateImage,METHOD,C:\Users\JBNU\git\ConstraintsRecovery\assets\tankwar\asset15:IF:8-281,asset15,true,METHOD_CALL,"menu.setKoordinateImage((GAME_WIDTH + infoWidth) / 2, GAME_HEIGHT / 2);",TankWar_P1|TankWar_P2|TankWar_P3|TankWar_P4|TankWar_P5,TankWar_P1|TankWar_P2|TankWar_P3|TankWar_P4|TankWar_P5
D947,RC-0330,C:\Users\JBNU\git\ConstraintsRecovery\assets\tankwar\asset2,137,Maler$$PC.gameLevel,METHOD,C:\Users\JBNU\git\ConstraintsRecovery\assets\tankwar\asset2:IF:8-332,asset2,true,C:\Users\JBNU\git\ConstraintsRecovery\assets\tankwar\asset15,49,Menu.setStyle,METHOD,C:\Users\JBNU\git\ConstraintsRecovery\assets\tankwar\asset15:IF:8-281,asset15,true,METHOD_CALL,menu.setStyle(0);,TankWar_P1|TankWar_P2|TankWar_P3|TankWar_P4|TankWar_P5,TankWar_P1|TankWar_P2|TankWar_P3|TankWar_P4|TankWar_P5
D943,RC-0331,C:\Users\JBNU\git\ConstraintsRecovery\assets\tankwar\asset2,135,Maler$$PC.gameLevel,METHOD,C:\Users\JBNU\git\ConstraintsRecovery\assets\tankwar\asset2:IF:8-332,asset2,true,C:\Users\JBNU\git\ConstraintsRecovery\assets\tankwar\asset15,70,Menu.setWaehlbar,METHOD,C:\Users\JBNU\git\ConstraintsRecovery\assets\tankwar\asset15:IF:8-281,asset15,true,METHOD_CALL,menu.setWaehlbar(false);,TankWar_P1|TankWar_P2|TankWar_P3|TankWar_P4|TankWar_P5,TankWar_P1|TankWar_P2|TankWar_P3|TankWar_P4|TankWar_P5
D939,RC-0332,C:\Users\JBNU\git\ConstraintsRecovery\assets\tankwar\asset2,132,Maler$$PC.gameLevel,METHOD,C:\Users\JBNU\git\ConstraintsRecovery\assets\tankwar\asset2:IF:8-332,asset2,true,C:\Users\JBNU\git\ConstraintsRecovery\assets\tankwar\asset15,46,Menu.setZeileAbstand,METHOD,C:\Users\JBNU\git\ConstraintsRecovery\assets\tankwar\asset15:IF:8-281,asset15,true,METHOD_CALL,menu.setZeileAbstand(0);,TankWar_P1|TankWar_P2|TankWar_P3|TankWar_P4|TankWar_P5,TankWar_P1|TankWar_P2|TankWar_P3|TankWar_P4|TankWar_P5
D949,RC-0332,C:\Users\JBNU\git\ConstraintsRecovery\assets\tankwar\asset2,138,Maler$$PC.gameLevel,METHOD,C:\Users\JBNU\git\ConstraintsRecovery\assets\tankwar\asset2:IF:8-332,asset2,true,C:\Users\JBNU\git\ConstraintsRecovery\assets\tankwar\asset15,46,Menu.setZeileAbstand,METHOD,C:\Users\JBNU\git\ConstraintsRecovery\assets\tankwar\asset15:IF:8-281,asset15,true,METHOD_CALL,menu.setZeileAbstand(55);,TankWar_P1|TankWar_P2|TankWar_P3|TankWar_P4|TankWar_P5,TankWar_P1|TankWar_P2|TankWar_P3|TankWar_P4|TankWar_P5
D958,RC-0333,C:\Users\JBNU\git\ConstraintsRecovery\assets\tankwar\asset2,149,Maler$$PC.gameLose,METHOD,C:\Users\JBNU\git\ConstraintsRecovery\assets\tankwar\asset2:IF:8-332,asset2,true,C:\Users\JBNU\git\ConstraintsRecovery\assets\tankwar\asset15,30,Menu.Menu,CONSTRUCTOR,C:\Users\JBNU\git\ConstraintsRecovery\assets\tankwar\asset15:IF:8-281,asset15,true,CONSTRUCTOR_CALL,menu = new Menu(((Maler) this));,TankWar_P1|TankWar_P2|TankWar_P3|TankWar_P4|TankWar_P5,TankWar_P1|TankWar_P2|TankWar_P3|TankWar_P4|TankWar_P5
D976,RC-0334,C:\Users\JBNU\git\ConstraintsRecovery\assets\tankwar\asset2,157,Maler$$PC.gameLose,METHOD,C:\Users\JBNU\git\ConstraintsRecovery\assets\tankwar\asset2:IF:8-332,asset2,true,C:\Users\JBNU\git\ConstraintsRecovery\assets\tankwar\asset15,212,Menu.erscheinen,METHOD,C:\Users\JBNU\git\ConstraintsRecovery\assets\tankwar\asset15:IF:8-281,asset15,true,METHOD_CALL,menu.erscheinen(gTemp);,TankWar_P1|TankWar_P2|TankWar_P3|TankWar_P4|TankWar_P5,TankWar_P1|TankWar_P2|TankWar_P3|TankWar_P4|TankWar_P5
D969,RC-0335,C:\Users\JBNU\git\ConstraintsRecovery\assets\tankwar\asset2,153,Maler$$PC.gameLose,METHOD,C:\Users\JBNU\git\ConstraintsRecovery\assets\tankwar\asset2:IF:8-332,asset2,true,C:\Users\JBNU\git\ConstraintsRecovery\assets\tankwar\asset15,73,Menu.setFontSize,METHOD,C:\Users\JBNU\git\ConstraintsRecovery\assets\tankwar\asset15:IF:8-281,asset15,true,METHOD_CALL,menu.setFontSize(70);,TankWar_P1|TankWar_P2|TankWar_P3|TankWar_P4|TankWar_P5,TankWar_P1|TankWar_P2|TankWar_P3|TankWar_P4|TankWar_P5
D964,RC-0336,C:\Users\JBNU\git\ConstraintsRecovery\assets\tankwar\asset2,150,Maler$$PC.gameLose,METHOD,C:\Users\JBNU\git\ConstraintsRecovery\assets\tankwar\asset2:IF:8-332,asset2,true,C:\Users\JBNU\git\ConstraintsRecovery\assets\tankwar\asset15,42,Menu.setKoordinateImage,METHOD,C:\Users\JBNU\git\ConstraintsRecovery\assets\tankwar\asset15:IF:8-281,asset15,true,METHOD_CALL,"menu.setKoordinateImage((GAME_WIDTH + infoWidth) / 2, GAME_HEIGHT / 2);",TankWar_P1|TankWar_P2|TankWar_P3|TankWar_P4|TankWar_P5,TankWar_P1|TankWar_P2|TankWar_P3|TankWar_P4|TankWar_P5
D971,RC-0337,C:\Users\JBNU\git\ConstraintsRecovery\assets\tankwar\asset2,154,Maler$$PC.gameLose,METHOD,C:\Users\JBNU\git\ConstraintsRecovery\assets\tankwar\asset2:IF:8-332,asset2,true,C:\Users\JBNU\git\ConstraintsRecovery\assets\tankwar\asset15,49,Menu.setStyle,METHOD,C:\Users\JBNU\git\ConstraintsRecovery\assets\tankwar\asset15:IF:8-281,asset15,true,METHOD_CALL,menu.setStyle(0);,TankWar_P1|TankWar_P2|TankWar_P3|TankWar_P4|TankWar_P5,TankWar_P1|TankWar_P2|TankWar_P3|TankWar_P4|TankWar_P5
D966,RC-0338,C:\Users\JBNU\git\ConstraintsRecovery\assets\tankwar\asset2,151,Maler$$PC.gameLose,METHOD,C:\Users\JBNU\git\ConstraintsRecovery\assets\tankwar\asset2:IF:8-332,asset2,true,C:\Users\JBNU\git\ConstraintsRecovery\assets\tankwar\asset15,46,Menu.setZeileAbstand,METHOD,C:\Users\JBNU\git\ConstraintsRecovery\assets\tankwar\asset15:IF:8-281,asset15,true,METHOD_CALL,menu.setZeileAbstand(0);,TankWar_P1|TankWar_P2|TankWar_P3|TankWar_P4|TankWar_P5,TankWar_P1|TankWar_P2|TankWar_P3|TankWar_P4|TankWar_P5
D973,RC-0338,C:\Users\JBNU\git\ConstraintsRecovery\assets\tankwar\asset2,155,Maler$$PC.gameLose,METHOD,C:\Users\JBNU\git\ConstraintsRecovery\assets\tankwar\asset2:IF:8-332,asset2,true,C:\Users\JBNU\git\ConstraintsRecovery\assets\tankwar\asset15,46,Menu.setZeileAbstand,METHOD,C:\Users\JBNU\git\ConstraintsRecovery\assets\tankwar\asset15:IF:8-281,asset15,true,METHOD_CALL,menu.setZeileAbstand(55);,TankWar_P1|TankWar_P2|TankWar_P3|TankWar_P4|TankWar_P5,TankWar_P1|TankWar_P2|TankWar_P3|TankWar_P4|TankWar_P5
D994,RC-0339,C:\Users\JBNU\git\ConstraintsRecovery\assets\tankwar\asset2,173,Maler$$PC.gameWin,METHOD,C:\Users\JBNU\git\ConstraintsRecovery\assets\tankwar\asset2:IF:8-332,asset2,true,C:\Users\JBNU\git\ConstraintsRecovery\assets\tankwar\asset15,30,Menu.Menu,CONSTRUCTOR,C:\Users\JBNU\git\ConstraintsRecovery\assets\tankwar\asset15:IF:8-281,asset15,true,CONSTRUCTOR_CALL,menu = new Menu(((Maler) this));,TankWar_P1|TankWar_P2|TankWar_P3|TankWar_P4|TankWar_P5,TankWar_P1|TankWar_P2|TankWar_P3|TankWar_P4|TankWar_P5
D1012,RC-0340,C:\Users\JBNU\git\ConstraintsRecovery\assets\tankwar\asset2,181,Maler$$PC.gameWin,METHOD,C:\Users\JBNU\git\ConstraintsRecovery\assets\tankwar\asset2:IF:8-332,asset2,true,C:\Users\JBNU\git\ConstraintsRecovery\assets\tankwar\asset15,212,Menu.erscheinen,METHOD,C:\Users\JBNU\git\ConstraintsRecovery\assets\tankwar\asset15:IF:8-281,asset15,true,METHOD_CALL,menu.erscheinen(gTemp);,TankWar_P1|TankWar_P2|TankWar_P3|TankWar_P4|TankWar_P5,TankWar_P1|TankWar_P2|TankWar_P3|TankWar_P4|TankWar_P5
D1005,RC-0341,C:\Users\JBNU\git\ConstraintsRecovery\assets\tankwar\asset2,177,Maler$$PC.gameWin,METHOD,C:\Users\JBNU\git\ConstraintsRecovery\assets\tankwar\asset2:IF:8-332,asset2,true,C:\Users\JBNU\git\ConstraintsRecovery\assets\tankwar\asset15,73,Menu.setFontSize,METHOD,C:\Users\JBNU\git\ConstraintsRecovery\assets\tankwar\asset15:IF:8-281,asset15,true,METHOD_CALL,menu.setFontSize(80);,TankWar_P1|TankWar_P2|TankWar_P3|TankWar_P4|TankWar_P5,TankWar_P1|TankWar_P2|TankWar_P3|TankWar_P4|TankWar_P5
D1000,RC-0342,C:\Users\JBNU\git\ConstraintsRecovery\assets\tankwar\asset2,174,Maler$$PC.gameWin,METHOD,C:\Users\JBNU\git\ConstraintsRecovery\assets\tankwar\asset2:IF:8-332,asset2,true,C:\Users\JBNU\git\ConstraintsRecovery\assets\tankwar\asset15,42,Menu.setKoordinateImage,METHOD,C:\Users\JBNU\git\ConstraintsRecovery\assets\tankwar\asset15:IF:8-281,asset15,true,METHOD_CALL,"menu.setKoordinateImage((GAME_WIDTH + infoWidth) / 2, GAME_HEIGHT / 2);",TankWar_P1|TankWar_P2|TankWar_P3|TankWar_P4|TankWar_P5,TankWar_P1|TankWar_P2|TankWar_P3|TankWar_P4|TankWar_P5
D1007,RC-0343,C:\Users\JBNU\git\ConstraintsRecovery\assets\tankwar\asset2,178,Maler$$PC.gameWin,METHOD,C:\Users\JBNU\git\ConstraintsRecovery\assets\tankwar\asset2:IF:8-332,asset2,true,C:\Users\JBNU\git\ConstraintsRecovery\assets\tankwar\asset15,49,Menu.setStyle,METHOD,C:\Users\JBNU\git\ConstraintsRecovery\assets\tankwar\asset15:IF:8-281,asset15,true,METHOD_CALL,menu.setStyle(0);,TankWar_P1|TankWar_P2|TankWar_P3|TankWar_P4|TankWar_P5,TankWar_P1|TankWar_P2|TankWar_P3|TankWar_P4|TankWar_P5
D1002,RC-0344,C:\Users\JBNU\git\ConstraintsRecovery\assets\tankwar\asset2,175,Maler$$PC.gameWin,METHOD,C:\Users\JBNU\git\ConstraintsRecovery\assets\tankwar\asset2:IF:8-332,asset2,true,C:\Users\JBNU\git\ConstraintsRecovery\assets\tankwar\asset15,46,Menu.setZeileAbstand,METHOD,C:\Users\JBNU\git\ConstraintsRecovery\assets\tankwar\asset15:IF:8-281,asset15,true,METHOD_CALL,menu.setZeileAbstand(0);,TankWar_P1|TankWar_P2|TankWar_P3|TankWar_P4|TankWar_P5,TankWar_P1|TankWar_P2|TankWar_P3|TankWar_P4|TankWar_P5
D1009,RC-0344,C:\Users\JBNU\git\ConstraintsRecovery\assets\tankwar\asset2,179,Maler$$PC.gameWin,METHOD,C:\Users\JBNU\git\ConstraintsRecovery\assets\tankwar\asset2:IF:8-332,asset2,true,C:\Users\JBNU\git\ConstraintsRecovery\assets\tankwar\asset15,46,Menu.setZeileAbstand,METHOD,C:\Users\JBNU\git\ConstraintsRecovery\assets\tankwar\asset15:IF:8-281,asset15,true,METHOD_CALL,menu.setZeileAbstand(55);,TankWar_P1|TankWar_P2|TankWar_P3|TankWar_P4|TankWar_P5,TankWar_P1|TankWar_P2|TankWar_P3|TankWar_P4|TankWar_P5
D910,RC-0345,C:\Users\JBNU\git\ConstraintsRecovery\assets\tankwar\asset2,109,Maler$$PC.help,METHOD,C:\Users\JBNU\git\ConstraintsRecovery\assets\tankwar\asset2:IF:8-332,asset2,true,C:\Users\JBNU\git\ConstraintsRecovery\assets\tankwar\asset15,212,Menu.erscheinen,METHOD,C:\Users\JBNU\git\ConstraintsRecovery\assets\tankwar\asset15:IF:8-281,asset15,true,METHOD_CALL,menu.erscheinen(gTemp);,TankWar_P1|TankWar_P2|TankWar_P3|TankWar_P4|TankWar_P5,TankWar_P1|TankWar_P2|TankWar_P3|TankWar_P4|TankWar_P5
D911,RC-0346,C:\Users\JBNU\git\ConstraintsRecovery\assets\tankwar\asset2,112,Maler$$PC.helpItemErstellen,METHOD,C:\Users\JBNU\git\ConstraintsRecovery\assets\tankwar\asset2:IF:8-332,asset2,true,C:\Users\JBNU\git\ConstraintsRecovery\assets\tankwar\asset15,30,Menu.Menu,CONSTRUCTOR,C:\Users\JBNU\git\ConstraintsRecovery\assets\tankwar\asset15:IF:8-281,asset15,true,CONSTRUCTOR_CALL,menu = new Menu(((Maler) this));,TankWar_P1|TankWar_P2|TankWar_P3|TankWar_P4|TankWar_P5,TankWar_P1|TankWar_P2|TankWar_P3|TankWar_P4|TankWar_P5
D921,RC-0347,C:\Users\JBNU\git\ConstraintsRecovery\assets\tankwar\asset2,115,Maler$$PC.helpItemErstellen,METHOD,C:\Users\JBNU\git\ConstraintsRecovery\assets\tankwar\asset2:IF:8-332,asset2,true,C:\Users\JBNU\git\ConstraintsRecovery\assets\tankwar\asset15,42,Menu.setKoordinateImage,METHOD,C:\Users\JBNU\git\ConstraintsRecovery\assets\tankwar\asset15:IF:8-281,asset15,true,METHOD_CALL,"menu.setKoordinateImage((GAME_WIDTH + infoWidth) / 2, GAME_HEIGHT / 2);",TankWar_P1|TankWar_P2|TankWar_P3|TankWar_P4|TankWar_P5,TankWar_P1|TankWar_P2|TankWar_P3|TankWar_P4|TankWar_P5
D916,RC-0348,C:\Users\JBNU\git\ConstraintsRecovery\assets\tankwar\asset2,114,Maler$$PC.helpItemErstellen,METHOD,C:\Users\JBNU\git\ConstraintsRecovery\assets\tankwar\asset2:IF:8-332,asset2,true,C:\Users\JBNU\git\ConstraintsRecovery\assets\tankwar\asset15,49,Menu.setStyle,METHOD,C:\Users\JBNU\git\ConstraintsRecovery\assets\tankwar\asset15:IF:8-281,asset15,true,METHOD_CALL,menu.setStyle(3);,TankWar_P1|TankWar_P2|TankWar_P3|TankWar_P4|TankWar_P5,TankWar_P1|TankWar_P2|TankWar_P3|TankWar_P4|TankWar_P5
D1068,RC-0349,C:\Users\JBNU\git\ConstraintsRecovery\assets\tankwar\asset2,224,Maler$$PC.keyPressedBehandeln,METHOD,C:\Users\JBNU\git\ConstraintsRecovery\assets\tankwar\asset2:IF:8-332,asset2,true,C:\Users\JBNU\git\ConstraintsRecovery\assets\tankwar\asset15,172,Menu.KeyBehandeln,METHOD,C:\Users\JBNU\git\ConstraintsRecovery\assets\tankwar\asset15:IF:8-281,asset15,true,METHOD_CALL,menu.KeyBehandeln(key);,TankWar_P1|TankWar_P2|TankWar_P3|TankWar_P4|TankWar_P5,TankWar_P1|TankWar_P2|TankWar_P3|TankWar_P4|TankWar_P5
D1139,RC-0350,C:\Users\JBNU\git\ConstraintsRecovery\assets\tankwar\asset2,77,Maler$$PC.mainMenu,METHOD,C:\Users\JBNU\git\ConstraintsRecovery\assets\tankwar\asset2:IF:8-332,asset2,true,C:\Users\JBNU\git\ConstraintsRecovery\assets\tankwar\asset15,212,Menu.erscheinen,METHOD,C:\Users\JBNU\git\ConstraintsRecovery\assets\tankwar\asset15:IF:8-281,asset15,true,METHOD_CALL,menu.erscheinen(gTemp);,TankWar_P1|TankWar_P2|TankWar_P3|TankWar_P4|TankWar_P5,TankWar_P1|TankWar_P2|TankWar_P3|TankWar_P4|TankWar_P5
D1144,RC-0351,C:\Users\JBNU\git\ConstraintsRecovery\assets\tankwar\asset2,82,Maler$$PC.mainMenuerstellen,METHOD,C:\Users\JBNU\git\ConstraintsRecovery\assets\tankwar\asset2:IF:8-332,asset2,true,C:\Users\JBNU\git\ConstraintsRecovery\assets\tankwar\asset15,30,Menu.Menu,CONSTRUCTOR,C:\Users\JBNU\git\ConstraintsRecovery\assets\tankwar\asset15:IF:8-281,asset15,true,CONSTRUCTOR_CALL,menu = new Menu(((Maler) this));,TankWar_P1|TankWar_P2|TankWar_P3|TankWar_P4|TankWar_P5,TankWar_P1|TankWar_P2|TankWar_P3|TankWar_P4|TankWar_P5
D1162,RC-0352,C:\Users\JBNU\git\ConstraintsRecovery\assets\tankwar\asset2,89,Maler$$PC.mainMenuerstellen,METHOD,C:\Users\JBNU\git\ConstraintsRecovery\assets\tankwar\asset2:IF:8-332,asset2,true,C:\Users\JBNU\git\ConstraintsRecovery\assets\tankwar\asset15,35,Menu.addLogo,METHOD,C:\Users\JBNU\git\ConstraintsRecovery\assets\tankwar\asset15:IF:8-281,asset15,true,METHOD_CALL,"menu.addLogo(loadImage(""15.png"", (GAME_WIDTH + infoWidth), GAME_HEIGHT));",TankWar_P1|TankWar_P2|TankWar_P3|TankWar_P4|TankWar_P5,TankWar_P1|TankWar_P2|TankWar_P3|TankWar_P4|TankWar_P5
D1155,RC-0353,C:\Users\JBNU\git\ConstraintsRecovery\assets\tankwar\asset2,87,Maler$$PC.mainMenuerstellen,METHOD,C:\Users\JBNU\git\ConstraintsRecovery\assets\tankwar\asset2:IF:8-332,asset2,true,C:\Users\JBNU\git\ConstraintsRecovery\assets\tankwar\asset15,42,Menu.setKoordinateImage,METHOD,C:\Users\JBNU\git\ConstraintsRecovery\assets\tankwar\asset15:IF:8-281,asset15,true,METHOD_CALL,"menu.setKoordinateImage((GAME_WIDTH + infoWidth) / 2, GAME_HEIGHT * 2 / 3);",TankWar_P1|TankWar_P2|TankWar_P3|TankWar_P4|TankWar_P5,TankWar_P1|TankWar_P2|TankWar_P3|TankWar_P4|TankWar_P5
D1165,RC-0354,C:\Users\JBNU\git\ConstraintsRecovery\assets\tankwar\asset2,90,Maler$$PC.mainMenuerstellen,METHOD,C:\Users\JBNU\git\ConstraintsRecovery\assets\tankwar\asset2:IF:8-332,asset2,true,C:\Users\JBNU\git\ConstraintsRecovery\assets\tankwar\asset15,38,Menu.setLogoKoordinate,METHOD,C:\Users\JBNU\git\ConstraintsRecovery\assets\tankwar\asset15:IF:8-281,asset15,true,METHOD_CALL,"menu.setLogoKoordinate(0, 0);",TankWar_P1|TankWar_P2|TankWar_P3|TankWar_P4|TankWar_P5,TankWar_P1|TankWar_P2|TankWar_P3|TankWar_P4|TankWar_P5
D1150,RC-0355,C:\Users\JBNU\git\ConstraintsRecovery\assets\tankwar\asset2,86,Maler$$PC.mainMenuerstellen,METHOD,C:\Users\JBNU\git\ConstraintsRecovery\assets\tankwar\asset2:IF:8-332,asset2,true,C:\Users\JBNU\git\ConstraintsRecovery\assets\tankwar\asset15,49,Menu.setStyle,METHOD,C:\Users\JBNU\git\ConstraintsRecovery\assets\tankwar\asset15:IF:8-281,asset15,true,METHOD_CALL,menu.setStyle(0);,TankWar_P1|TankWar_P2|TankWar_P3|TankWar_P4|TankWar_P5,TankWar_P1|TankWar_P2|TankWar_P3|TankWar_P4|TankWar_P5
D1157,RC-0356,C:\Users\JBNU\git\ConstraintsRecovery\assets\tankwar\asset2,88,Maler$$PC.mainMenuerstellen,METHOD,C:\Users\JBNU\git\ConstraintsRecovery\assets\tankwar\asset2:IF:8-332,asset2,true,C:\Users\JBNU\git\ConstraintsRecovery\assets\tankwar\asset15,46,Menu.setZeileAbstand,METHOD,C:\Users\JBNU\git\ConstraintsRecovery\assets\tankwar\asset15:IF:8-281,asset15,true,METHOD_CALL,menu.setZeileAbstand(0);,TankWar_P1|TankWar_P2|TankWar_P3|TankWar_P4|TankWar_P5,TankWar_P1|TankWar_P2|TankWar_P3|TankWar_P4|TankWar_P5
D1049,RC-0357,C:\Users\JBNU\git\ConstraintsRecovery\assets\tankwar\asset2,213,Maler$$PC.pause,METHOD,C:\Users\JBNU\git\ConstraintsRecovery\assets\tankwar\asset2:IF:8-332,asset2,true,C:\Users\JBNU\git\ConstraintsRecovery\assets\tankwar\asset15,30,Menu.Menu,CONSTRUCTOR,C:\Users\JBNU\git\ConstraintsRecovery\assets\tankwar\asset15:IF:8-281,asset15,true,CONSTRUCTOR_CALL,menu = new Menu(((Maler) this));,TankWar_P1|TankWar_P2|TankWar_P3|TankWar_P4|TankWar_P5,TankWar_P1|TankWar_P2|TankWar_P3|TankWar_P4|TankWar_P5
D1065,RC-0358,C:\Users\JBNU\git\ConstraintsRecovery\assets\tankwar\asset2,220,Maler$$PC.pause,METHOD,C:\Users\JBNU\git\ConstraintsRecovery\assets\tankwar\asset2:IF:8-332,asset2,true,C:\Users\JBNU\git\ConstraintsRecovery\assets\tankwar\asset15,212,Menu.erscheinen,METHOD,C:\Users\JBNU\git\ConstraintsRecovery\assets\tankwar\asset15:IF:8-281,asset15,true,METHOD_CALL,menu.erscheinen(gTemp);,TankWar_P1|TankWar_P2|TankWar_P3|TankWar_P4|TankWar_P5,TankWar_P1|TankWar_P2|TankWar_P3|TankWar_P4|TankWar_P5
D1055,RC-0359,C:\Users\JBNU\git\ConstraintsRecovery\assets\tankwar\asset2,214,Maler$$PC.pause,METHOD,C:\Users\JBNU\git\ConstraintsRecovery\assets\tankwar\asset2:IF:8-332,asset2,true,C:\Users\JBNU\git\ConstraintsRecovery\assets\tankwar\asset15,42,Menu.setKoordinateImage,METHOD,C:\Users\JBNU\git\ConstraintsRecovery\assets\tankwar\asset15:IF:8-281,asset15,true,METHOD_CALL,"menu.setKoordinateImage((GAME_WIDTH + infoWidth) / 2, GAME_HEIGHT / 2);",TankWar_P1|TankWar_P2|TankWar_P3|TankWar_P4|TankWar_P5,TankWar_P1|TankWar_P2|TankWar_P3|TankWar_P4|TankWar_P5
D1060,RC-0360,C:\Users\JBNU\git\ConstraintsRecovery\assets\tankwar\asset2,217,Maler$$PC.pause,METHOD,C:\Users\JBNU\git\ConstraintsRecovery\assets\tankwar\asset2:IF:8-332,asset2,true,C:\Users\JBNU\git\ConstraintsRecovery\assets\tankwar\asset15,49,Menu.setStyle,METHOD,C:\Users\JBNU\git\ConstraintsRecovery\assets\tankwar\asset15:IF:8-281,asset15,true,METHOD_CALL,menu.setStyle(0);,TankWar_P1|TankWar_P2|TankWar_P3|TankWar_P4|TankWar_P5,TankWar_P1|TankWar_P2|TankWar_P3|TankWar_P4|TankWar_P5
D1057,RC-0361,C:\Users\JBNU\git\ConstraintsRecovery\assets\tankwar\asset2,215,Maler$$PC.pause,METHOD,C:\Users\JBNU\git\ConstraintsRecovery\assets\tankwar\asset2:IF:8-332,asset2,true,C:\Users\JBNU\git\ConstraintsRecovery\assets\tankwar\asset15,46,Menu.setZeileAbstand,METHOD,C:\Users\JBNU\git\ConstraintsRecovery\assets\tankwar\asset15:IF:8-281,asset15,true,METHOD_CALL,menu.setZeileAbstand(0);,TankWar_P1|TankWar_P2|TankWar_P3|TankWar_P4|TankWar_P5,TankWar_P1|TankWar_P2|TankWar_P3|TankWar_P4|TankWar_P5
D1062,RC-0361,C:\Users\JBNU\git\ConstraintsRecovery\assets\tankwar\asset2,218,Maler$$PC.pause,METHOD,C:\Users\JBNU\git\ConstraintsRecovery\assets\tankwar\asset2:IF:8-332,asset2,true,C:\Users\JBNU\git\ConstraintsRecovery\assets\tankwar\asset15,46,Menu.setZeileAbstand,METHOD,C:\Users\JBNU\git\ConstraintsRecovery\assets\tankwar\asset15:IF:8-281,asset15,true,METHOD_CALL,menu.setZeileAbstand(55);,TankWar_P1|TankWar_P2|TankWar_P3|TankWar_P4|TankWar_P5,TankWar_P1|TankWar_P2|TankWar_P3|TankWar_P4|TankWar_P5
D1171,RC-0362,C:\Users\JBNU\git\ConstraintsRecovery\assets\tankwar\asset2,99,Maler$$PC.tankErstellen,METHOD,C:\Users\JBNU\git\ConstraintsRecovery\assets\tankwar\asset2:IF:8-332,asset2,true,C:\Users\JBNU\git\ConstraintsRecovery\assets\tankwar\asset15,30,Menu.Menu,CONSTRUCTOR,C:\Users\JBNU\git\ConstraintsRecovery\assets\tankwar\asset15:IF:8-281,asset15,true,CONSTRUCTOR_CALL,menu = new Menu(((Maler) this));,TankWar_P1|TankWar_P2|TankWar_P3|TankWar_P4|TankWar_P5,TankWar_P1|TankWar_P2|TankWar_P3|TankWar_P4|TankWar_P5
D895,RC-0363,C:\Users\JBNU\git\ConstraintsRecovery\assets\tankwar\asset2,100,Maler$$PC.tankErstellen,METHOD,C:\Users\JBNU\git\ConstraintsRecovery\assets\tankwar\asset2:IF:8-332,asset2,true,C:\Users\JBNU\git\ConstraintsRecovery\assets\tankwar\asset15,35,Menu.addLogo,METHOD,C:\Users\JBNU\git\ConstraintsRecovery\assets\tankwar\asset15:IF:8-281,asset15,true,METHOD_CALL,"menu.addLogo(loadImage(""15.png"", (GAME_WIDTH + infoWidth), GAME_HEIGHT));",TankWar_P1|TankWar_P2|TankWar_P3|TankWar_P4|TankWar_P5,TankWar_P1|TankWar_P2|TankWar_P3|TankWar_P4|TankWar_P5
D905,RC-0364,C:\Users\JBNU\git\ConstraintsRecovery\assets\tankwar\asset2,103,Maler$$PC.tankErstellen,METHOD,C:\Users\JBNU\git\ConstraintsRecovery\assets\tankwar\asset2:IF:8-332,asset2,true,C:\Users\JBNU\git\ConstraintsRecovery\assets\tankwar\asset15,42,Menu.setKoordinateImage,METHOD,C:\Users\JBNU\git\ConstraintsRecovery\assets\tankwar\asset15:IF:8-281,asset15,true,METHOD_CALL,"menu.setKoordinateImage((GAME_WIDTH + infoWidth) / 2, GAME_HEIGHT * 2 / 3);",TankWar_P1|TankWar_P2|TankWar_P3|TankWar_P4|TankWar_P5,TankWar_P1|TankWar_P2|TankWar_P3|TankWar_P4|TankWar_P5
D898,RC-0365,C:\Users\JBNU\git\ConstraintsRecovery\assets\tankwar\asset2,101,Maler$$PC.tankErstellen,METHOD,C:\Users\JBNU\git\ConstraintsRecovery\assets\tankwar\asset2:IF:8-332,asset2,true,C:\Users\JBNU\git\ConstraintsRecovery\assets\tankwar\asset15,49,Menu.setStyle,METHOD,C:\Users\JBNU\git\ConstraintsRecovery\assets\tankwar\asset15:IF:8-281,asset15,true,METHOD_CALL,menu.setStyle(1);,TankWar_P1|TankWar_P2|TankWar_P3|TankWar_P4|TankWar_P5,TankWar_P1|TankWar_P2|TankWar_P3|TankWar_P4|TankWar_P5
D900,RC-0366,C:\Users\JBNU\git\ConstraintsRecovery\assets\tankwar\asset2,102,Maler$$PC.tankErstellen,METHOD,C:\Users\JBNU\git\ConstraintsRecovery\assets\tankwar\asset2:IF:8-332,asset2,true,C:\Users\JBNU\git\ConstraintsRecovery\assets\tankwar\asset15,46,Menu.setZeileAbstand,METHOD,C:\Users\JBNU\git\ConstraintsRecovery\assets\tankwar\asset15:IF:8-281,asset15,true,METHOD_CALL,menu.setZeileAbstand(0);,TankWar_P1|TankWar_P2|TankWar_P3|TankWar_P4|TankWar_P5,TankWar_P1|TankWar_P2|TankWar_P3|TankWar_P4|TankWar_P5
D1170,RC-0367,C:\Users\JBNU\git\ConstraintsRecovery\assets\tankwar\asset2,96,Maler$$PC.tankWaehlen,METHOD,C:\Users\JBNU\git\ConstraintsRecovery\assets\tankwar\asset2:IF:8-332,asset2,true,C:\Users\JBNU\git\ConstraintsRecovery\assets\tankwar\asset15,212,Menu.erscheinen,METHOD,C:\Users\JBNU\git\ConstraintsRecovery\assets\tankwar\asset15:IF:8-281,asset15,true,METHOD_CALL,menu.erscheinen(gTemp);,TankWar_P1|TankWar_P2|TankWar_P3|TankWar_P4|TankWar_P5,TankWar_P1|TankWar_P2|TankWar_P3|TankWar_P4|TankWar_P5
D1119,RC-0368,C:\Users\JBNU\git\ConstraintsRecovery\assets\tankwar\asset2,50,Maler$$PC.init,METHOD,C:\Users\JBNU\git\ConstraintsRecovery\assets\tankwar\asset2:IF:8-332,asset2,true,C:\Users\JBNU\git\ConstraintsRecovery\assets\tankwar\asset16,17,InfoPanel.INFO_WIDTH,FIELD,C:\Users\JBNU\git\ConstraintsRecovery\assets\tankwar\asset16:IF:8-49,asset16,true,FIELD_REFERENCE,infoWidth = InfoPanel.INFO_WIDTH;,TankWar_P1|TankWar_P2|TankWar_P3|TankWar_P4|TankWar_P5,TankWar_P1|TankWar_P2|TankWar_P3|TankWar_P4|TankWar_P5
D1117,RC-0369,C:\Users\JBNU\git\ConstraintsRecovery\assets\tankwar\asset2,49,Maler$$PC.init,METHOD,C:\Users\JBNU\git\ConstraintsRecovery\assets\tankwar\asset2:IF:8-332,asset2,true,C:\Users\JBNU\git\ConstraintsRecovery\assets\tankwar\asset16,18,InfoPanel.InfoPanel,CONSTRUCTOR,C:\Users\JBNU\git\ConstraintsRecovery\assets\tankwar\asset16:IF:8-49,asset16,true,CONSTRUCTOR_CALL,infoPanel = new InfoPanel(((Maler) this));,TankWar_P1|TankWar_P2|TankWar_P3|TankWar_P4|TankWar_P5,TankWar_P1|TankWar_P2|TankWar_P3|TankWar_P4|TankWar_P5
D1094,RC-0370,C:\Users\JBNU\git\ConstraintsRecovery\assets\tankwar\asset2,293,Maler$$PC.update,METHOD,C:\Users\JBNU\git\ConstraintsRecovery\assets\tankwar\asset2:IF:8-332,asset2,true,C:\Users\JBNU\git\ConstraintsRecovery\assets\tankwar\asset16,17,InfoPanel.INFO_WIDTH,FIELD,C:\Users\JBNU\git\ConstraintsRecovery\assets\tankwar\asset16:IF:8-49,asset16,true,FIELD_REFERENCE,"offScreenImage = ((Maler) this).createImage(GAME_WIDTH + InfoPanel.INFO_WIDTH, GAME_HEIGHT);",TankWar_P1|TankWar_P2|TankWar_P3|TankWar_P4|TankWar_P5,TankWar_P1|TankWar_P2|TankWar_P3|TankWar_P4|TankWar_P5
D1099,RC-0370,C:\Users\JBNU\git\ConstraintsRecovery\assets\tankwar\asset2,298,Maler$$PC.update,METHOD,C:\Users\JBNU\git\ConstraintsRecovery\assets\tankwar\asset2:IF:8-332,asset2,true,C:\Users\JBNU\git\ConstraintsRecovery\assets\tankwar\asset16,17,InfoPanel.INFO_WIDTH,FIELD,C:\Users\JBNU\git\ConstraintsRecovery\assets\tankwar\asset16:IF:8-49,asset16,true,FIELD_REFERENCE,"gOffScreen.fillRect(0, 0, GAME_WIDTH + InfoPanel.INFO_WIDTH, GAME_HEIGHT);",TankWar_P1|TankWar_P2|TankWar_P3|TankWar_P4|TankWar_P5,TankWar_P1|TankWar_P2|TankWar_P3|TankWar_P4|TankWar_P5
D1115,RC-0371,C:\Users\JBNU\git\ConstraintsRecovery\assets\tankwar\asset2,45,Maler$$PC.Maler$$PC,CONSTRUCTOR,C:\Users\JBNU\git\ConstraintsRecovery\assets\tankwar\asset2:IF:8-332,asset2,true,C:\Users\JBNU\git\ConstraintsRecovery\assets\tankwar\asset2,30,Maler$$PC.gameManager,FIELD,C:\Users\JBNU\git\ConstraintsRecovery\assets\tankwar\asset2:IF:8-332,asset2,true,FIELD_REFERENCE,this.gameManager = gameManager;,TankWar_P1|TankWar_P2|TankWar_P3|TankWar_P4|TankWar_P5,TankWar_P1|TankWar_P2|TankWar_P3|TankWar_P4|TankWar_P5
D1112,RC-0372,C:\Users\JBNU\git\ConstraintsRecovery\assets\tankwar\asset2,324,Maler$$PC.drawLine,METHOD,C:\Users\JBNU\git\ConstraintsRecovery\assets\tankwar\asset2:IF:8-332,asset2,true,C:\Users\JBNU\git\ConstraintsRecovery\assets\tankwar\asset2,33,Maler$$PC.gTemp,FIELD,C:\Users\JBNU\git\ConstraintsRecovery\assets\tankwar\asset2:IF:8-332,asset2,true,FIELD_REFERENCE,"gTemp.drawLine(x1, y1, x2, y2);",TankWar_P1|TankWar_P2|TankWar_P3|TankWar_P4|TankWar_P5,TankWar_P1|TankWar_P2|TankWar_P3|TankWar_P4|TankWar_P5
D1113,RC-0373,C:\Users\JBNU\git\ConstraintsRecovery\assets\tankwar\asset2,327,Maler$$PC.drawRect,METHOD,C:\Users\JBNU\git\ConstraintsRecovery\assets\tankwar\asset2:IF:8-332,asset2,true,C:\Users\JBNU\git\ConstraintsRecovery\assets\tankwar\asset2,33,Maler$$PC.gTemp,FIELD,C:\Users\JBNU\git\ConstraintsRecovery\assets\tankwar\asset2:IF:8-332,asset2,true,FIELD_REFERENCE,"gTemp.drawRect(x, y, width, height);",TankWar_P1|TankWar_P2|TankWar_P3|TankWar_P4|TankWar_P5,TankWar_P1|TankWar_P2|TankWar_P3|TankWar_P4|TankWar_P5
D1114,RC-0374,C:\Users\JBNU\git\ConstraintsRecovery\assets\tankwar\asset2,330,Maler$$PC.drawRoundRect,METHOD,C:\Users\JBNU\git\ConstraintsRecovery\assets\tankwar\asset2:IF:8-332,asset2,true,C:\Users\JBNU\git\ConstraintsRecovery\assets\tankwar\asset2,33,Maler$$PC.gTemp,FIELD,C:\Users\JBNU\git\ConstraintsRecovery\assets\tankwar\asset2:IF:8-332,asset2,true,FIELD_REFERENCE,"gTemp.drawRoundRect(x, y, width, height, arcw, arch);",TankWar_P1|TankWar_P2|TankWar_P3|TankWar_P4|TankWar_P5,TankWar_P1|TankWar_P2|TankWar_P3|TankWar_P4|TankWar_P5
D1110,RC-0375,C:\Users\JBNU\git\ConstraintsRecovery\assets\tankwar\asset2,318,Maler$$PC.fillOvall,METHOD,C:\Users\JBNU\git\ConstraintsRecovery\assets\tankwar\asset2:IF:8-332,asset2,true,C:\Users\JBNU\git\ConstraintsRecovery\assets\tankwar\asset2,33,Maler$$PC.gTemp,FIELD,C:\Users\JBNU\git\ConstraintsRecovery\assets\tankwar\asset2:IF:8-332,asset2,true,FIELD_REFERENCE,"gTemp.fillOval(x, y, width, height);",TankWar_P1|TankWar_P2|TankWar_P3|TankWar_P4|TankWar_P5,TankWar_P1|TankWar_P2|TankWar_P3|TankWar_P4|TankWar_P5
D1111,RC-0376,C:\Users\JBNU\git\ConstraintsRecovery\assets\tankwar\asset2,321,Maler$$PC.fillRect,METHOD,C:\Users\JBNU\git\ConstraintsRecovery\assets\tankwar\asset2:IF:8-332,asset2,true,C:\Users\JBNU\git\ConstraintsRecovery\assets\tankwar\asset2,33,Maler$$PC.gTemp,FIELD,C:\Users\JBNU\git\ConstraintsRecovery\assets\tankwar\asset2:IF:8-332,asset2,true,FIELD_REFERENCE,"gTemp.fillRect(x, y, width, height);",TankWar_P1|TankWar_P2|TankWar_P3|TankWar_P4|TankWar_P5,TankWar_P1|TankWar_P2|TankWar_P3|TankWar_P4|TankWar_P5
D1020,RC-0377,C:\Users\JBNU\git\ConstraintsRecovery\assets\tankwar\asset2,191,Maler$$PC.gameExit,METHOD,C:\Users\JBNU\git\ConstraintsRecovery\assets\tankwar\asset2:IF:8-332,asset2,true,C:\Users\JBNU\git\ConstraintsRecovery\assets\tankwar\asset2,32,Maler$$PC.GAME_HEIGHT,FIELD,C:\Users\JBNU\git\ConstraintsRecovery\assets\tankwar\asset2:IF:8-332,asset2,true,FIELD_REFERENCE,"((Maler) this).setSize(GAME_WIDTH + infoWidth, GAME_HEIGHT);",TankWar_P1|TankWar_P2|TankWar_P3|TankWar_P4|TankWar_P5,TankWar_P1|TankWar_P2|TankWar_P3|TankWar_P4|TankWar_P5
D1026,RC-0377,C:\Users\JBNU\git\ConstraintsRecovery\assets\tankwar\asset2,194,Maler$$PC.gameExit,METHOD,C:\Users\JBNU\git\ConstraintsRecovery\assets\tankwar\asset2:IF:8-332,asset2,true,C:\Users\JBNU\git\ConstraintsRecovery\assets\tankwar\asset2,32,Maler$$PC.GAME_HEIGHT,FIELD,C:\Users\JBNU\git\ConstraintsRecovery\assets\tankwar\asset2:IF:8-332,asset2,true,FIELD_REFERENCE,"menu.setKoordinateImage((GAME_WIDTH + infoWidth) / 2, GAME_HEIGHT / 2);",TankWar_P1|TankWar_P2|TankWar_P3|TankWar_P4|TankWar_P5,TankWar_P1|TankWar_P2|TankWar_P3|TankWar_P4|TankWar_P5
D1019,RC-0378,C:\Users\JBNU\git\ConstraintsRecovery\assets\tankwar\asset2,191,Maler$$PC.gameExit,METHOD,C:\Users\JBNU\git\ConstraintsRecovery\assets\tankwar\asset2:IF:8-332,asset2,true,C:\Users\JBNU\git\ConstraintsRecovery\assets\tankwar\asset2,31,Maler$$PC.GAME_WIDTH,FIELD,C:\Users\JBNU\git\ConstraintsRecovery\assets\tankwar\asset2:IF:8-332,asset2,true,FIELD_REFERENCE,"((Maler) this).setSize(GAME_WIDTH + infoWidth, GAME_HEIGHT);",TankWar_P1|TankWar_P2|TankWar_P3|TankWar_P4|TankWar_P5,TankWar_P1|TankWar_P2|TankWar_P3|TankWar_P4|TankWar_P5
D1025,RC-0378,C:\Users\JBNU\git\ConstraintsRecovery\assets\tankwar\asset2,194,Maler$$PC.gameExit,METHOD,C:\Users\JBNU\git\ConstraintsRecovery\assets\tankwar\asset2:IF:8-332,asset2,true,C:\Users\JBNU\git\ConstraintsRecovery\assets\tankwar\asset2,31,Maler$$PC.GAME_WIDTH,FIELD,C:\Users\JBNU\git\ConstraintsRecovery\assets\tankwar\asset2:IF:8-332,asset2,true,FIELD_REFERENCE,"menu.setKoordinateImage((GAME_WIDTH + infoWidth) / 2, GAME_HEIGHT / 2);",TankWar_P1|TankWar_P2|TankWar_P3|TankWar_P4|TankWar_P5,TankWar_P1|TankWar_P2|TankWar_P3|TankWar_P4|TankWar_P5
D1017,RC-0379,C:\Users\JBNU\git\ConstraintsRecovery\assets\tankwar\asset2,190,Maler$$PC.gameExit,METHOD,C:\Users\JBNU\git\ConstraintsRecovery\assets\tankwar\asset2:IF:8-332,asset2,true,C:\Users\JBNU\git\ConstraintsRecovery\assets\tankwar\asset2,36,Maler$$PC.frame,FIELD,C:\Users\JBNU\git\ConstraintsRecovery\assets\tankwar\asset2:IF:8-332,asset2,true,FIELD_REFERENCE,frame.remove(infoPanel);,TankWar_P1|TankWar_P2|TankWar_P3|TankWar_P4|TankWar_P5,TankWar_P1|TankWar_P2|TankWar_P3|TankWar_P4|TankWar_P5
D1022,RC-0379,C:\Users\JBNU\git\ConstraintsRecovery\assets\tankwar\asset2,192,Maler$$PC.gameExit,METHOD,C:\Users\JBNU\git\ConstraintsRecovery\assets\tankwar\asset2:IF:8-332,asset2,true,C:\Users\JBNU\git\ConstraintsRecovery\assets\tankwar\asset2,36,Maler$$PC.frame,FIELD,C:\Users\JBNU\git\ConstraintsRecovery\assets\tankwar\asset2:IF:8-332,asset2,true,FIELD_REFERENCE,frame.pack();,TankWar_P1|TankWar_P2|TankWar_P3|TankWar_P4|TankWar_P5,TankWar_P1|TankWar_P2|TankWar_P3|TankWar_P4|TankWar_P5
D1038,RC-0380,C:\Users\JBNU\git\ConstraintsRecovery\assets\tankwar\asset2,201,Maler$$PC.gameExit,METHOD,C:\Users\JBNU\git\ConstraintsRecovery\assets\tankwar\asset2:IF:8-332,asset2,true,C:\Users\JBNU\git\ConstraintsRecovery\assets\tankwar\asset2,33,Maler$$PC.gTemp,FIELD,C:\Users\JBNU\git\ConstraintsRecovery\assets\tankwar\asset2:IF:8-332,asset2,true,FIELD_REFERENCE,menu.erscheinen(gTemp);,TankWar_P1|TankWar_P2|TankWar_P3|TankWar_P4|TankWar_P5,TankWar_P1|TankWar_P2|TankWar_P3|TankWar_P4|TankWar_P5
D1018,RC-0381,C:\Users\JBNU\git\ConstraintsRecovery\assets\tankwar\asset2,190,Maler$$PC.gameExit,METHOD,C:\Users\JBNU\git\ConstraintsRecovery\assets\tankwar\asset2:IF:8-332,asset2,true,C:\Users\JBNU\git\ConstraintsRecovery\assets\tankwar\asset2,37,Maler$$PC.infoPanel,FIELD,C:\Users\JBNU\git\ConstraintsRecovery\assets\tankwar\asset2:IF:8-332,asset2,true,FIELD_REFERENCE,frame.remove(infoPanel);,TankWar_P1|TankWar_P2|TankWar_P3|TankWar_P4|TankWar_P5,TankWar_P1|TankWar_P2|TankWar_P3|TankWar_P4|TankWar_P5
D1021,RC-0382,C:\Users\JBNU\git\ConstraintsRecovery\assets\tankwar\asset2,191,Maler$$PC.gameExit,METHOD,C:\Users\JBNU\git\ConstraintsRecovery\assets\tankwar\asset2:IF:8-332,asset2,true,C:\Users\JBNU\git\ConstraintsRecovery\assets\tankwar\asset2,38,Maler$$PC.infoWidth,FIELD,C:\Users\JBNU\git\ConstraintsRecovery\assets\tankwar\asset2:IF:8-332,asset2,true,FIELD_REFERENCE,"((Maler) this).setSize(GAME_WIDTH + infoWidth, GAME_HEIGHT);",TankWar_P1|TankWar_P2|TankWar_P3|TankWar_P4|TankWar_P5,TankWar_P1|TankWar_P2|TankWar_P3|TankWar_P4|TankWar_P5
D1028,RC-0382,C:\Users\JBNU\git\ConstraintsRecovery\assets\tankwar\asset2,194,Maler$$PC.gameExit,METHOD,C:\Users\JBNU\git\ConstraintsRecovery\assets\tankwar\asset2:IF:8-332,asset2,true,C:\Users\JBNU\git\ConstraintsRecovery\assets\tankwar\asset2,38,Maler$$PC.infoWidth,FIELD,C:\Users\JBNU\git\ConstraintsRecovery\assets\tankwar\asset2:IF:8-332,asset2,true,FIELD_REFERENCE,"menu.setKoordinateImage((GAME_WIDTH + infoWidth) / 2, GAME_HEIGHT / 2);",TankWar_P1|TankWar_P2|TankWar_P3|TankWar_P4|TankWar_P5,TankWar_P1|TankWar_P2|TankWar_P3|TankWar_P4|TankWar_P5
D1016,RC-0383,C:\Users\JBNU\git\ConstraintsRecovery\assets\tankwar\asset2,189,Maler$$PC.gameExit,METHOD,C:\Users\JBNU\git\ConstraintsRecovery\assets\tankwar\asset2:IF:8-332,asset2,true,C:\Users\JBNU\git\ConstraintsRecovery\assets\tankwar\asset2,35,Maler$$PC.menu,FIELD,C:\Users\JBNU\git\ConstraintsRecovery\assets\tankwar\asset2:IF:8-332,asset2,true,FIELD_REFERENCE,if (menu == null) {,TankWar_P1|TankWar_P2|TankWar_P3|TankWar_P4|TankWar_P5,TankWar_P1|TankWar_P2|TankWar_P3|TankWar_P4|TankWar_P5
D1024,RC-0383,C:\Users\JBNU\git\ConstraintsRecovery\assets\tankwar\asset2,193,Maler$$PC.gameExit,METHOD,C:\Users\JBNU\git\ConstraintsRecovery\assets\tankwar\asset2:IF:8-332,asset2,true,C:\Users\JBNU\git\ConstraintsRecovery\assets\tankwar\asset2,35,Maler$$PC.menu,FIELD,C:\Users\JBNU\git\ConstraintsRecovery\assets\tankwar\asset2:IF:8-332,asset2,true,FIELD_REFERENCE,menu = new Menu(((Maler) this));,TankWar_P1|TankWar_P2|TankWar_P3|TankWar_P4|TankWar_P5,TankWar_P1|TankWar_P2|TankWar_P3|TankWar_P4|TankWar_P5
D1027,RC-0383,C:\Users\JBNU\git\ConstraintsRecovery\assets\tankwar\asset2,194,Maler$$PC.gameExit,METHOD,C:\Users\JBNU\git\ConstraintsRecovery\assets\tankwar\asset2:IF:8-332,asset2,true,C:\Users\JBNU\git\ConstraintsRecovery\assets\tankwar\asset2,35,Maler$$PC.menu,FIELD,C:\Users\JBNU\git\ConstraintsRecovery\assets\tankwar\asset2:IF:8-332,asset2,true,FIELD_REFERENCE,"menu.setKoordinateImage((GAME_WIDTH + infoWidth) / 2, GAME_HEIGHT / 2);",TankWar_P1|TankWar_P2|TankWar_P3|TankWar_P4|TankWar_P5,TankWar_P1|TankWar_P2|TankWar_P3|TankWar_P4|TankWar_P5
D1030,RC-0383,C:\Users\JBNU\git\ConstraintsRecovery\assets\tankwar\asset2,195,Maler$$PC.gameExit,METHOD,C:\Users\JBNU\git\ConstraintsRecovery\assets\tankwar\asset2:IF:8-332,asset2,true,C:\Users\JBNU\git\ConstraintsRecovery\assets\tankwar\asset2,35,Maler$$PC.menu,FIELD,C:\Users\JBNU\git\ConstraintsRecovery\assets\tankwar\asset2:IF:8-332,asset2,true,FIELD_REFERENCE,menu.setZeileAbstand(0);,TankWar_P1|TankWar_P2|TankWar_P3|TankWar_P4|TankWar_P5,TankWar_P1|TankWar_P2|TankWar_P3|TankWar_P4|TankWar_P5
D1032,RC-0383,C:\Users\JBNU\git\ConstraintsRecovery\assets\tankwar\asset2,196,Maler$$PC.gameExit,METHOD,C:\Users\JBNU\git\ConstraintsRecovery\assets\tankwar\asset2:IF:8-332,asset2,true,C:\Users\JBNU\git\ConstraintsRecovery\assets\tankwar\asset2,35,Maler$$PC.menu,FIELD,C:\Users\JBNU\git\ConstraintsRecovery\assets\tankwar\asset2:IF:8-332,asset2,true,FIELD_REFERENCE,"menu.add(Sprach.MAIN_MENU, 1);",TankWar_P1|TankWar_P2|TankWar_P3|TankWar_P4|TankWar_P5,TankWar_P1|TankWar_P2|TankWar_P3|TankWar_P4|TankWar_P5
D1033,RC-0383,C:\Users\JBNU\git\ConstraintsRecovery\assets\tankwar\asset2,197,Maler$$PC.gameExit,METHOD,C:\Users\JBNU\git\ConstraintsRecovery\assets\tankwar\asset2:IF:8-332,asset2,true,C:\Users\JBNU\git\ConstraintsRecovery\assets\tankwar\asset2,35,Maler$$PC.menu,FIELD,C:\Users\JBNU\git\ConstraintsRecovery\assets\tankwar\asset2:IF:8-332,asset2,true,FIELD_REFERENCE,"menu.add(Sprach.RESUME, 0);",TankWar_P1|TankWar_P2|TankWar_P3|TankWar_P4|TankWar_P5,TankWar_P1|TankWar_P2|TankWar_P3|TankWar_P4|TankWar_P5
D1034,RC-0383,C:\Users\JBNU\git\ConstraintsRecovery\assets\tankwar\asset2,198,Maler$$PC.gameExit,METHOD,C:\Users\JBNU\git\ConstraintsRecovery\assets\tankwar\asset2:IF:8-332,asset2,true,C:\Users\JBNU\git\ConstraintsRecovery\assets\tankwar\asset2,35,Maler$$PC.menu,FIELD,C:\Users\JBNU\git\ConstraintsRecovery\assets\tankwar\asset2:IF:8-332,asset2,true,FIELD_REFERENCE,menu.setStyle(0);,TankWar_P1|TankWar_P2|TankWar_P3|TankWar_P4|TankWar_P5,TankWar_P1|TankWar_P2|TankWar_P3|TankWar_P4|TankWar_P5
D1036,RC-0383,C:\Users\JBNU\git\ConstraintsRecovery\assets\tankwar\asset2,199,Maler$$PC.gameExit,METHOD,C:\Users\JBNU\git\ConstraintsRecovery\assets\tankwar\asset2:IF:8-332,asset2,true,C:\Users\JBNU\git\ConstraintsRecovery\assets\tankwar\asset2,35,Maler$$PC.menu,FIELD,C:\Users\JBNU\git\ConstraintsRecovery\assets\tankwar\asset2:IF:8-332,asset2,true,FIELD_REFERENCE,menu.setZeileAbstand(55);,TankWar_P1|TankWar_P2|TankWar_P3|TankWar_P4|TankWar_P5,TankWar_P1|TankWar_P2|TankWar_P3|TankWar_P4|TankWar_P5
D1039,RC-0383,C:\Users\JBNU\git\ConstraintsRecovery\assets\tankwar\asset2,201,Maler$$PC.gameExit,METHOD,C:\Users\JBNU\git\ConstraintsRecovery\assets\tankwar\asset2:IF:8-332,asset2,true,C:\Users\JBNU\git\ConstraintsRecovery\assets\tankwar\asset2,35,Maler$$PC.menu,FIELD,C:\Users\JBNU\git\ConstraintsRecovery\assets\tankwar\asset2:IF:8-332,asset2,true,FIELD_REFERENCE,menu.erscheinen(gTemp);,TankWar_P1|TankWar_P2|TankWar_P3|TankWar_P4|TankWar_P5,TankWar_P1|TankWar_P2|TankWar_P3|TankWar_P4|TankWar_P5
D928,RC-0384,C:\Users\JBNU\git\ConstraintsRecovery\assets\tankwar\asset2,128,Maler$$PC.gameLevel,METHOD,C:\Users\JBNU\git\ConstraintsRecovery\assets\tankwar\asset2:IF:8-332,asset2,true,C:\Users\JBNU\git\ConstraintsRecovery\assets\tankwar\asset2,32,Maler$$PC.GAME_HEIGHT,FIELD,C:\Users\JBNU\git\ConstraintsRecovery\assets\tankwar\asset2:IF:8-332,asset2,true,FIELD_REFERENCE,"((Maler) this).setSize(GAME_WIDTH + infoWidth, GAME_HEIGHT);",TankWar_P1|TankWar_P2|TankWar_P3|TankWar_P4|TankWar_P5,TankWar_P1|TankWar_P2|TankWar_P3|TankWar_P4|TankWar_P5
D934,RC-0384,C:\Users\JBNU\git\ConstraintsRecovery\assets\tankwar\asset2,131,Maler$$PC.gameLevel,METHOD,C:\Users\JBNU\git\ConstraintsRecovery\assets\tankwar\asset2:IF:8-332,asset2,true,C:\Users\JBNU\git\ConstraintsRecovery\assets\tankwar\asset2,32,Maler$$PC.GAME_HEIGHT,FIELD,C:\Users\JBNU\git\ConstraintsRecovery\assets\tankwar\asset2:IF:8-332,asset2,true,FIELD_REFERENCE,"menu.setKoordinateImage((GAME_WIDTH + infoWidth) / 2, GAME_HEIGHT / 2);",TankWar_P1|TankWar_P2|TankWar_P3|TankWar_P4|TankWar_P5,TankWar_P1|TankWar_P2|TankWar_P3|TankWar_P4|TankWar_P5
D927,RC-0385,C:\Users\JBNU\git\ConstraintsRecovery\assets\tankwar\asset2,128,Maler$$PC.gameLevel,METHOD,C:\Users\JBNU\git\ConstraintsRecovery\assets\tankwar\asset2:IF:8-332,asset2,true,C:\Users\JBNU\git\ConstraintsRecovery\assets\tankwar\asset2,31,Maler$$PC.GAME_WIDTH,FIELD,C:\Users\JBNU\git\ConstraintsRecovery\assets\tankwar\asset2:IF:8-332,asset2,true,FIELD_REFERENCE,"((Maler) this).setSize(GAME_WIDTH + infoWidth, GAME_HEIGHT);",TankWar_P1|TankWar_P2|TankWar_P3|TankWar_P4|TankWar_P5,TankWar_P1|TankWar_P2|TankWar_P3|TankWar_P4|TankWar_P5
D933,RC-0385,C:\Users\JBNU\git\ConstraintsRecovery\assets\tankwar\asset2,131,Maler$$PC.gameLevel,METHOD,C:\Users\JBNU\git\ConstraintsRecovery\assets\tankwar\asset2:IF:8-332,asset2,true,C:\Users\JBNU\git\ConstraintsRecovery\assets\tankwar\asset2,31,Maler$$PC.GAME_WIDTH,FIELD,C:\Users\JBNU\git\ConstraintsRecovery\assets\tankwar\asset2:IF:8-332,asset2,true,FIELD_REFERENCE,"menu.setKoordinateImage((GAME_WIDTH + infoWidth) / 2, GAME_HEIGHT / 2);",TankWar_P1|TankWar_P2|TankWar_P3|TankWar_P4|TankWar_P5,TankWar_P1|TankWar_P2|TankWar_P3|TankWar_P4|TankWar_P5
D925,RC-0386,C:\Users\JBNU\git\ConstraintsRecovery\assets\tankwar\asset2,127,Maler$$PC.gameLevel,METHOD,C:\Users\JBNU\git\ConstraintsRecovery\assets\tankwar\asset2:IF:8-332,asset2,true,C:\Users\JBNU\git\ConstraintsRecovery\assets\tankwar\asset2,36,Maler$$PC.frame,FIELD,C:\Users\JBNU\git\ConstraintsRecovery\assets\tankwar\asset2:IF:8-332,asset2,true,FIELD_REFERENCE,frame.remove(infoPanel);,TankWar_P1|TankWar_P2|TankWar_P3|TankWar_P4|TankWar_P5,TankWar_P1|TankWar_P2|TankWar_P3|TankWar_P4|TankWar_P5
D930,RC-0386,C:\Users\JBNU\git\ConstraintsRecovery\assets\tankwar\asset2,129,Maler$$PC.gameLevel,METHOD,C:\Users\JBNU\git\ConstraintsRecovery\assets\tankwar\asset2:IF:8-332,asset2,true,C:\Users\JBNU\git\ConstraintsRecovery\assets\tankwar\asset2,36,Maler$$PC.frame,FIELD,C:\Users\JBNU\git\ConstraintsRecovery\assets\tankwar\asset2:IF:8-332,asset2,true,FIELD_REFERENCE,frame.pack();,TankWar_P1|TankWar_P2|TankWar_P3|TankWar_P4|TankWar_P5,TankWar_P1|TankWar_P2|TankWar_P3|TankWar_P4|TankWar_P5
D950,RC-0387,C:\Users\JBNU\git\ConstraintsRecovery\assets\tankwar\asset2,140,Maler$$PC.gameLevel,METHOD,C:\Users\JBNU\git\ConstraintsRecovery\assets\tankwar\asset2:IF:8-332,asset2,true,C:\Users\JBNU\git\ConstraintsRecovery\assets\tankwar\asset2,33,Maler$$PC.gTemp,FIELD,C:\Users\JBNU\git\ConstraintsRecovery\assets\tankwar\asset2:IF:8-332,asset2,true,FIELD_REFERENCE,menu.erscheinen(gTemp);,TankWar_P1|TankWar_P2|TankWar_P3|TankWar_P4|TankWar_P5,TankWar_P1|TankWar_P2|TankWar_P3|TankWar_P4|TankWar_P5
D954,RC-0388,C:\Users\JBNU\git\ConstraintsRecovery\assets\tankwar\asset2,142,Maler$$PC.gameLevel,METHOD,C:\Users\JBNU\git\ConstraintsRecovery\assets\tankwar\asset2:IF:8-332,asset2,true,C:\Users\JBNU\git\ConstraintsRecovery\assets\tankwar\asset2,203,Maler$$PC.gamescreenstart,METHOD,C:\Users\JBNU\git\ConstraintsRecovery\assets\tankwar\asset2:IF:8-332,asset2,true,METHOD_CALL,gamescreenstart();,TankWar_P1|TankWar_P2|TankWar_P3|TankWar_P4|TankWar_P5,TankWar_P1|TankWar_P2|TankWar_P3|TankWar_P4|TankWar_P5
D926,RC-0389,C:\Users\JBNU\git\ConstraintsRecovery\assets\tankwar\asset2,127,Maler$$PC.gameLevel,METHOD,C:\Users\JBNU\git\ConstraintsRecovery\assets\tankwar\asset2:IF:8-332,asset2,true,C:\Users\JBNU\git\ConstraintsRecovery\assets\tankwar\asset2,37,Maler$$PC.infoPanel,FIELD,C:\Users\JBNU\git\ConstraintsRecovery\assets\tankwar\asset2:IF:8-332,asset2,true,FIELD_REFERENCE,frame.remove(infoPanel);,TankWar_P1|TankWar_P2|TankWar_P3|TankWar_P4|TankWar_P5,TankWar_P1|TankWar_P2|TankWar_P3|TankWar_P4|TankWar_P5
D929,RC-0390,C:\Users\JBNU\git\ConstraintsRecovery\assets\tankwar\asset2,128,Maler$$PC.gameLevel,METHOD,C:\Users\JBNU\git\ConstraintsRecovery\assets\tankwar\asset2:IF:8-332,asset2,true,C:\Users\JBNU\git\ConstraintsRecovery\assets\tankwar\asset2,38,Maler$$PC.infoWidth,FIELD,C:\Users\JBNU\git\ConstraintsRecovery\assets\tankwar\asset2:IF:8-332,asset2,true,FIELD_REFERENCE,"((Maler) this).setSize(GAME_WIDTH + infoWidth, GAME_HEIGHT);",TankWar_P1|TankWar_P2|TankWar_P3|TankWar_P4|TankWar_P5,TankWar_P1|TankWar_P2|TankWar_P3|TankWar_P4|TankWar_P5
D936,RC-0390,C:\Users\JBNU\git\ConstraintsRecovery\assets\tankwar\asset2,131,Maler$$PC.gameLevel,METHOD,C:\Users\JBNU\git\ConstraintsRecovery\assets\tankwar\asset2:IF:8-332,asset2,true,C:\Users\JBNU\git\ConstraintsRecovery\assets\tankwar\asset2,38,Maler$$PC.infoWidth,FIELD,C:\Users\JBNU\git\ConstraintsRecovery\assets\tankwar\asset2:IF:8-332,asset2,true,FIELD_REFERENCE,"menu.setKoordinateImage((GAME_WIDTH + infoWidth) / 2, GAME_HEIGHT / 2);",TankWar_P1|TankWar_P2|TankWar_P3|TankWar_P4|TankWar_P5,TankWar_P1|TankWar_P2|TankWar_P3|TankWar_P4|TankWar_P5
D923,RC-0391,C:\Users\JBNU\git\ConstraintsRecovery\assets\tankwar\asset2,125,Maler$$PC.gameLevel,METHOD,C:\Users\JBNU\git\ConstraintsRecovery\assets\tankwar\asset2:IF:8-332,asset2,true,C:\Users\JBNU\git\ConstraintsRecovery\assets\tankwar\asset2,35,Maler$$PC.menu,FIELD,C:\Users\JBNU\git\ConstraintsRecovery\assets\tankwar\asset2:IF:8-332,asset2,true,FIELD_REFERENCE,if (menu == null) {,TankWar_P1|TankWar_P2|TankWar_P3|TankWar_P4|TankWar_P5,TankWar_P1|TankWar_P2|TankWar_P3|TankWar_P4|TankWar_P5
D932,RC-0391,C:\Users\JBNU\git\ConstraintsRecovery\assets\tankwar\asset2,130,Maler$$PC.gameLevel,METHOD,C:\Users\JBNU\git\ConstraintsRecovery\assets\tankwar\asset2:IF:8-332,asset2,true,C:\Users\JBNU\git\ConstraintsRecovery\assets\tankwar\asset2,35,Maler$$PC.menu,FIELD,C:\Users\JBNU\git\ConstraintsRecovery\assets\tankwar\asset2:IF:8-332,asset2,true,FIELD_REFERENCE,menu = new Menu(((Maler) this));,TankWar_P1|TankWar_P2|TankWar_P3|TankWar_P4|TankWar_P5,TankWar_P1|TankWar_P2|TankWar_P3|TankWar_P4|TankWar_P5
D935,RC-0391,C:\Users\JBNU\git\ConstraintsRecovery\assets\tankwar\asset2,131,Maler$$PC.gameLevel,METHOD,C:\Users\JBNU\git\ConstraintsRecovery\assets\tankwar\asset2:IF:8-332,asset2,true,C:\Users\JBNU\git\ConstraintsRecovery\assets\tankwar\asset2,35,Maler$$PC.menu,FIELD,C:\Users\JBNU\git\ConstraintsRecovery\assets\tankwar\asset2:IF:8-332,asset2,true,FIELD_REFERENCE,"menu.setKoordinateImage((GAME_WIDTH + infoWidth) / 2, GAME_HEIGHT / 2);",TankWar_P1|TankWar_P2|TankWar_P3|TankWar_P4|TankWar_P5,TankWar_P1|TankWar_P2|TankWar_P3|TankWar_P4|TankWar_P5
D938,RC-0391,C:\Users\JBNU\git\ConstraintsRecovery\assets\tankwar\asset2,132,Maler$$PC.gameLevel,METHOD,C:\Users\JBNU\git\ConstraintsRecovery\assets\tankwar\asset2:IF:8-332,asset2,true,C:\Users\JBNU\git\ConstraintsRecovery\assets\tankwar\asset2,35,Maler$$PC.menu,FIELD,C:\Users\JBNU\git\ConstraintsRecovery\assets\tankwar\asset2:IF:8-332,asset2,true,FIELD_REFERENCE,menu.setZeileAbstand(0);,TankWar_P1|TankWar_P2|TankWar_P3|TankWar_P4|TankWar_P5,TankWar_P1|TankWar_P2|TankWar_P3|TankWar_P4|TankWar_P5
D940,RC-0391,C:\Users\JBNU\git\ConstraintsRecovery\assets\tankwar\asset2,133,Maler$$PC.gameLevel,METHOD,C:\Users\JBNU\git\ConstraintsRecovery\assets\tankwar\asset2:IF:8-332,asset2,true,C:\Users\JBNU\git\ConstraintsRecovery\assets\tankwar\asset2,35,Maler$$PC.menu,FIELD,C:\Users\JBNU\git\ConstraintsRecovery\assets\tankwar\asset2:IF:8-332,asset2,true,FIELD_REFERENCE,"menu.add(Sprach.LEVEL, 0);",TankWar_P1|TankWar_P2|TankWar_P3|TankWar_P4|TankWar_P5,TankWar_P1|TankWar_P2|TankWar_P3|TankWar_P4|TankWar_P5
D941,RC-0391,C:\Users\JBNU\git\ConstraintsRecovery\assets\tankwar\asset2,134,Maler$$PC.gameLevel,METHOD,C:\Users\JBNU\git\ConstraintsRecovery\assets\tankwar\asset2:IF:8-332,asset2,true,C:\Users\JBNU\git\ConstraintsRecovery\assets\tankwar\asset2,35,Maler$$PC.menu,FIELD,C:\Users\JBNU\git\ConstraintsRecovery\assets\tankwar\asset2:IF:8-332,asset2,true,FIELD_REFERENCE,"menu.add(lvl + """", 1);",TankWar_P1|TankWar_P2|TankWar_P3|TankWar_P4|TankWar_P5,TankWar_P1|TankWar_P2|TankWar_P3|TankWar_P4|TankWar_P5
D942,RC-0391,C:\Users\JBNU\git\ConstraintsRecovery\assets\tankwar\asset2,135,Maler$$PC.gameLevel,METHOD,C:\Users\JBNU\git\ConstraintsRecovery\assets\tankwar\asset2:IF:8-332,asset2,true,C:\Users\JBNU\git\ConstraintsRecovery\assets\tankwar\asset2,35,Maler$$PC.menu,FIELD,C:\Users\JBNU\git\ConstraintsRecovery\assets\tankwar\asset2:IF:8-332,asset2,true,FIELD_REFERENCE,menu.setWaehlbar(false);,TankWar_P1|TankWar_P2|TankWar_P3|TankWar_P4|TankWar_P5,TankWar_P1|TankWar_P2|TankWar_P3|TankWar_P4|TankWar_P5
D944,RC-0391,C:\Users\JBNU\git\ConstraintsRecovery\assets\tankwar\asset2,136,Maler$$PC.gameLevel,METHOD,C:\Users\JBNU\git\ConstraintsRecovery\assets\tankwar\asset2:IF:8-332,asset2,true,C:\Users\JBNU\git\ConstraintsRecovery\assets\tankwar\asset2,35,Maler$$PC.menu,FIELD,C:\Users\JBNU\git\ConstraintsRecovery\assets\tankwar\asset2:IF:8-332,asset2,true,FIELD_REFERENCE,menu.setFontSize(70);,TankWar_P1|TankWar_P2|TankWar_P3|TankWar_P4|TankWar_P5,TankWar_P1|TankWar_P2|TankWar_P3|TankWar_P4|TankWar_P5
D946,RC-0391,C:\Users\JBNU\git\ConstraintsRecovery\assets\tankwar\asset2,137,Maler$$PC.gameLevel,METHOD,C:\Users\JBNU\git\ConstraintsRecovery\assets\tankwar\asset2:IF:8-332,asset2,true,C:\Users\JBNU\git\ConstraintsRecovery\assets\tankwar\asset2,35,Maler$$PC.menu,FIELD,C:\Users\JBNU\git\ConstraintsRecovery\assets\tankwar\asset2:IF:8-332,asset2,true,FIELD_REFERENCE,menu.setStyle(0);,TankWar_P1|TankWar_P2|TankWar_P3|TankWar_P4|TankWar_P5,TankWar_P1|TankWar_P2|TankWar_P3|TankWar_P4|TankWar_P5
D948,RC-0391,C:\Users\JBNU\git\ConstraintsRecovery\assets\tankwar\asset2,138,Maler$$PC.gameLevel,METHOD,C:\Users\JBNU\git\ConstraintsRecovery\assets\tankwar\asset2:IF:8-332,asset2,true,C:\Users\JBNU\git\ConstraintsRecovery\assets\tankwar\asset2,35,Maler$$PC.menu,FIELD,C:\Users\JBNU\git\ConstraintsRecovery\assets\tankwar\asset2:IF:8-332,asset2,true,FIELD_REFERENCE,menu.setZeileAbstand(55);,TankWar_P1|TankWar_P2|TankWar_P3|TankWar_P4|TankWar_P5,TankWar_P1|TankWar_P2|TankWar_P3|TankWar_P4|TankWar_P5
D951,RC-0391,C:\Users\JBNU\git\ConstraintsRecovery\assets\tankwar\asset2,140,Maler$$PC.gameLevel,METHOD,C:\Users\JBNU\git\ConstraintsRecovery\assets\tankwar\asset2:IF:8-332,asset2,true,C:\Users\JBNU\git\ConstraintsRecovery\assets\tankwar\asset2,35,Maler$$PC.menu,FIELD,C:\Users\JBNU\git\ConstraintsRecovery\assets\tankwar\asset2:IF:8-332,asset2,true,FIELD_REFERENCE,menu.erscheinen(gTemp);,TankWar_P1|TankWar_P2|TankWar_P3|TankWar_P4|TankWar_P5,TankWar_P1|TankWar_P2|TankWar_P3|TankWar_P4|TankWar_P5
D955,RC-0391,C:\Users\JBNU\git\ConstraintsRecovery\assets\tankwar\asset2,143,Maler$$PC.gameLevel,METHOD,C:\Users\JBNU\git\ConstraintsRecovery\assets\tankwar\asset2:IF:8-332,asset2,true,C:\Users\JBNU\git\ConstraintsRecovery\assets\tankwar\asset2,35,Maler$$PC.menu,FIELD,C:\Users\JBNU\git\ConstraintsRecovery\assets\tankwar\asset2:IF:8-332,asset2,true,FIELD_REFERENCE,menu = null;,TankWar_P1|TankWar_P2|TankWar_P3|TankWar_P4|TankWar_P5,TankWar_P1|TankWar_P2|TankWar_P3|TankWar_P4|TankWar_P5
D924,RC-0392,C:\Users\JBNU\git\ConstraintsRecovery\assets\tankwar\asset2,126,Maler$$PC.gameLevel,METHOD,C:\Users\JBNU\git\ConstraintsRecovery\assets\tankwar\asset2:IF:8-332,asset2,true,C:\Users\JBNU\git\ConstraintsRecovery\assets\tankwar\asset2,40,Maler$$PC.time,FIELD,C:\Users\JBNU\git\ConstraintsRecovery\assets\tankwar\asset2:IF:8-332,asset2,true,FIELD_REFERENCE,time = System.currentTimeMillis();,TankWar_P1|TankWar_P2|TankWar_P3|TankWar_P4|TankWar_P5,TankWar_P1|TankWar_P2|TankWar_P3|TankWar_P4|TankWar_P5
D953,RC-0392,C:\Users\JBNU\git\ConstraintsRecovery\assets\tankwar\asset2,141,Maler$$PC.gameLevel,METHOD,C:\Users\JBNU\git\ConstraintsRecovery\assets\tankwar\asset2:IF:8-332,asset2,true,C:\Users\JBNU\git\ConstraintsRecovery\assets\tankwar\asset2,40,Maler$$PC.time,FIELD,C:\Users\JBNU\git\ConstraintsRecovery\assets\tankwar\asset2:IF:8-332,asset2,true,FIELD_REFERENCE,if (System.currentTimeMillis() - time > 2000) {,TankWar_P1|TankWar_P2|TankWar_P3|TankWar_P4|TankWar_P5,TankWar_P1|TankWar_P2|TankWar_P3|TankWar_P4|TankWar_P5
D961,RC-0393,C:\Users\JBNU\git\ConstraintsRecovery\assets\tankwar\asset2,150,Maler$$PC.gameLose,METHOD,C:\Users\JBNU\git\ConstraintsRecovery\assets\tankwar\asset2:IF:8-332,asset2,true,C:\Users\JBNU\git\ConstraintsRecovery\assets\tankwar\asset2,32,Maler$$PC.GAME_HEIGHT,FIELD,C:\Users\JBNU\git\ConstraintsRecovery\assets\tankwar\asset2:IF:8-332,asset2,true,FIELD_REFERENCE,"menu.setKoordinateImage((GAME_WIDTH + infoWidth) / 2, GAME_HEIGHT / 2);",TankWar_P1|TankWar_P2|TankWar_P3|TankWar_P4|TankWar_P5,TankWar_P1|TankWar_P2|TankWar_P3|TankWar_P4|TankWar_P5
D981,RC-0393,C:\Users\JBNU\git\ConstraintsRecovery\assets\tankwar\asset2,160,Maler$$PC.gameLose,METHOD,C:\Users\JBNU\git\ConstraintsRecovery\assets\tankwar\asset2:IF:8-332,asset2,true,C:\Users\JBNU\git\ConstraintsRecovery\assets\tankwar\asset2,32,Maler$$PC.GAME_HEIGHT,FIELD,C:\Users\JBNU\git\ConstraintsRecovery\assets\tankwar\asset2:IF:8-332,asset2,true,FIELD_REFERENCE,"((Maler) this).setSize(GAME_WIDTH + infoWidth, GAME_HEIGHT);",TankWar_P1|TankWar_P2|TankWar_P3|TankWar_P4|TankWar_P5,TankWar_P1|TankWar_P2|TankWar_P3|TankWar_P4|TankWar_P5
D960,RC-0394,C:\Users\JBNU\git\ConstraintsRecovery\assets\tankwar\asset2,150,Maler$$PC.gameLose,METHOD,C:\Users\JBNU\git\ConstraintsRecovery\assets\tankwar\asset2:IF:8-332,asset2,true,C:\Users\JBNU\git\ConstraintsRecovery\assets\tankwar\asset2,31,Maler$$PC.GAME_WIDTH,FIELD,C:\Users\JBNU\git\ConstraintsRecovery\assets\tankwar\asset2:IF:8-332,asset2,true,FIELD_REFERENCE,"menu.setKoordinateImage((GAME_WIDTH + infoWidth) / 2, GAME_HEIGHT / 2);",TankWar_P1|TankWar_P2|TankWar_P3|TankWar_P4|TankWar_P5,TankWar_P1|TankWar_P2|TankWar_P3|TankWar_P4|TankWar_P5
D980,RC-0394,C:\Users\JBNU\git\ConstraintsRecovery\assets\tankwar\asset2,160,Maler$$PC.gameLose,METHOD,C:\Users\JBNU\git\ConstraintsRecovery\assets\tankwar\asset2:IF:8-332,asset2,true,C:\Users\JBNU\git\ConstraintsRecovery\assets\tankwar\asset2,31,Maler$$PC.GAME_WIDTH,FIELD,C:\Users\JBNU\git\ConstraintsRecovery\assets\tankwar\asset2:IF:8-332,asset2,true,FIELD_REFERENCE,"((Maler) this).setSize(GAME_WIDTH + infoWidth, GAME_HEIGHT);",TankWar_P1|TankWar_P2|TankWar_P3|TankWar_P4|TankWar_P5,TankWar_P1|TankWar_P2|TankWar_P3|TankWar_P4|TankWar_P5
D978,RC-0395,C:\Users\JBNU\git\ConstraintsRecovery\assets\tankwar\asset2,159,Maler$$PC.gameLose,METHOD,C:\Users\JBNU\git\ConstraintsRecovery\assets\tankwar\asset2:IF:8-332,asset2,true,C:\Users\JBNU\git\ConstraintsRecovery\assets\tankwar\asset2,36,Maler$$PC.frame,FIELD,C:\Users\JBNU\git\ConstraintsRecovery\assets\tankwar\asset2:IF:8-332,asset2,true,FIELD_REFERENCE,frame.remove(infoPanel);,TankWar_P1|TankWar_P2|TankWar_P3|TankWar_P4|TankWar_P5,TankWar_P1|TankWar_P2|TankWar_P3|TankWar_P4|TankWar_P5
D983,RC-0395,C:\Users\JBNU\git\ConstraintsRecovery\assets\tankwar\asset2,161,Maler$$PC.gameLose,METHOD,C:\Users\JBNU\git\ConstraintsRecovery\assets\tankwar\asset2:IF:8-332,asset2,true,C:\Users\JBNU\git\ConstraintsRecovery\assets\tankwar\asset2,36,Maler$$PC.frame,FIELD,C:\Users\JBNU\git\ConstraintsRecovery\assets\tankwar\asset2:IF:8-332,asset2,true,FIELD_REFERENCE,frame.pack();,TankWar_P1|TankWar_P2|TankWar_P3|TankWar_P4|TankWar_P5,TankWar_P1|TankWar_P2|TankWar_P3|TankWar_P4|TankWar_P5
D974,RC-0396,C:\Users\JBNU\git\ConstraintsRecovery\assets\tankwar\asset2,157,Maler$$PC.gameLose,METHOD,C:\Users\JBNU\git\ConstraintsRecovery\assets\tankwar\asset2:IF:8-332,asset2,true,C:\Users\JBNU\git\ConstraintsRecovery\assets\tankwar\asset2,33,Maler$$PC.gTemp,FIELD,C:\Users\JBNU\git\ConstraintsRecovery\assets\tankwar\asset2:IF:8-332,asset2,true,FIELD_REFERENCE,menu.erscheinen(gTemp);,TankWar_P1|TankWar_P2|TankWar_P3|TankWar_P4|TankWar_P5,TankWar_P1|TankWar_P2|TankWar_P3|TankWar_P4|TankWar_P5
D984,RC-0397,C:\Users\JBNU\git\ConstraintsRecovery\assets\tankwar\asset2,163,Maler$$PC.gameLose,METHOD,C:\Users\JBNU\git\ConstraintsRecovery\assets\tankwar\asset2:IF:8-332,asset2,true,C:\Users\JBNU\git\ConstraintsRecovery\assets\tankwar\asset2,30,Maler$$PC.gameManager,FIELD,C:\Users\JBNU\git\ConstraintsRecovery\assets\tankwar\asset2:IF:8-332,asset2,true,FIELD_REFERENCE,gameManager.setStatus(gameManager.MAIN_MENU);,TankWar_P1|TankWar_P2|TankWar_P3|TankWar_P4|TankWar_P5,TankWar_P1|TankWar_P2|TankWar_P3|TankWar_P4|TankWar_P5
D979,RC-0398,C:\Users\JBNU\git\ConstraintsRecovery\assets\tankwar\asset2,159,Maler$$PC.gameLose,METHOD,C:\Users\JBNU\git\ConstraintsRecovery\assets\tankwar\asset2:IF:8-332,asset2,true,C:\Users\JBNU\git\ConstraintsRecovery\assets\tankwar\asset2,37,Maler$$PC.infoPanel,FIELD,C:\Users\JBNU\git\ConstraintsRecovery\assets\tankwar\asset2:IF:8-332,asset2,true,FIELD_REFERENCE,frame.remove(infoPanel);,TankWar_P1|TankWar_P2|TankWar_P3|TankWar_P4|TankWar_P5,TankWar_P1|TankWar_P2|TankWar_P3|TankWar_P4|TankWar_P5
D963,RC-0399,C:\Users\JBNU\git\ConstraintsRecovery\assets\tankwar\asset2,150,Maler$$PC.gameLose,METHOD,C:\Users\JBNU\git\ConstraintsRecovery\assets\tankwar\asset2:IF:8-332,asset2,true,C:\Users\JBNU\git\ConstraintsRecovery\assets\tankwar\asset2,38,Maler$$PC.infoWidth,FIELD,C:\Users\JBNU\git\ConstraintsRecovery\assets\tankwar\asset2:IF:8-332,asset2,true,FIELD_REFERENCE,"menu.setKoordinateImage((GAME_WIDTH + infoWidth) / 2, GAME_HEIGHT / 2);",TankWar_P1|TankWar_P2|TankWar_P3|TankWar_P4|TankWar_P5,TankWar_P1|TankWar_P2|TankWar_P3|TankWar_P4|TankWar_P5
D982,RC-0399,C:\Users\JBNU\git\ConstraintsRecovery\assets\tankwar\asset2,160,Maler$$PC.gameLose,METHOD,C:\Users\JBNU\git\ConstraintsRecovery\assets\tankwar\asset2:IF:8-332,asset2,true,C:\Users\JBNU\git\ConstraintsRecovery\assets\tankwar\asset2,38,Maler$$PC.infoWidth,FIELD,C:\Users\JBNU\git\ConstraintsRecovery\assets\tankwar\asset2:IF:8-332,asset2,true,FIELD_REFERENCE,"((Maler) this).setSize(GAME_WIDTH + infoWidth, GAME_HEIGHT);",TankWar_P1|TankWar_P2|TankWar_P3|TankWar_P4|TankWar_P5,TankWar_P1|TankWar_P2|TankWar_P3|TankWar_P4|TankWar_P5
D956,RC-0400,C:\Users\JBNU\git\ConstraintsRecovery\assets\tankwar\asset2,147,Maler$$PC.gameLose,METHOD,C:\Users\JBNU\git\ConstraintsRecovery\assets\tankwar\asset2:IF:8-332,asset2,true,C:\Users\JBNU\git\ConstraintsRecovery\assets\tankwar\asset2,35,Maler$$PC.menu,FIELD,C:\Users\JBNU\git\ConstraintsRecovery\assets\tankwar\asset2:IF:8-332,asset2,true,FIELD_REFERENCE,if (menu == null) {,TankWar_P1|TankWar_P2|TankWar_P3|TankWar_P4|TankWar_P5,TankWar_P1|TankWar_P2|TankWar_P3|TankWar_P4|TankWar_P5
D959,RC-0400,C:\Users\JBNU\git\ConstraintsRecovery\assets\tankwar\asset2,149,Maler$$PC.gameLose,METHOD,C:\Users\JBNU\git\ConstraintsRecovery\assets\tankwar\asset2:IF:8-332,asset2,true,C:\Users\JBNU\git\ConstraintsRecovery\assets\tankwar\asset2,35,Maler$$PC.menu,FIELD,C:\Users\JBNU\git\ConstraintsRecovery\assets\tankwar\asset2:IF:8-332,asset2,true,FIELD_REFERENCE,menu = new Menu(((Maler) this));,TankWar_P1|TankWar_P2|TankWar_P3|TankWar_P4|TankWar_P5,TankWar_P1|TankWar_P2|TankWar_P3|TankWar_P4|TankWar_P5
D962,RC-0400,C:\Users\JBNU\git\ConstraintsRecovery\assets\tankwar\asset2,150,Maler$$PC.gameLose,METHOD,C:\Users\JBNU\git\ConstraintsRecovery\assets\tankwar\asset2:IF:8-332,asset2,true,C:\Users\JBNU\git\ConstraintsRecovery\assets\tankwar\asset2,35,Maler$$PC.menu,FIELD,C:\Users\JBNU\git\ConstraintsRecovery\assets\tankwar\asset2:IF:8-332,asset2,true,FIELD_REFERENCE,"menu.setKoordinateImage((GAME_WIDTH + infoWidth) / 2, GAME_HEIGHT / 2);",TankWar_P1|TankWar_P2|TankWar_P3|TankWar_P4|TankWar_P5,TankWar_P1|TankWar_P2|TankWar_P3|TankWar_P4|TankWar_P5
D965,RC-0400,C:\Users\JBNU\git\ConstraintsRecovery\assets\tankwar\asset2,151,Maler$$PC.gameLose,METHOD,C:\Users\JBNU\git\ConstraintsRecovery\assets\tankwar\asset2:IF:8-332,asset2,true,C:\Users\JBNU\git\ConstraintsRecovery\assets\tankwar\asset2,35,Maler$$PC.menu,FIELD,C:\Users\JBNU\git\ConstraintsRecovery\assets\tankwar\asset2:IF:8-332,asset2,true,FIELD_REFERENCE,menu.setZeileAbstand(0);,TankWar_P1|TankWar_P2|TankWar_P3|TankWar_P4|TankWar_P5,TankWar_P1|TankWar_P2|TankWar_P3|TankWar_P4|TankWar_P5
D967,RC-0400,C:\Users\JBNU\git\ConstraintsRecovery\assets\tankwar\asset2,152,Maler$$PC.gameLose,METHOD,C:\Users\JBNU\git\ConstraintsRecovery\assets\tankwar\asset2:IF:8-332,asset2,true,C:\Users\JBNU\git\ConstraintsRecovery\assets\tankwar\asset2,35,Maler$$PC.menu,FIELD,C:\Users\JBNU\git\ConstraintsRecovery\assets\tankwar\asset2:IF:8-332,asset2,true,FIELD_REFERENCE,"menu.add(Sprach.LOSE, 0);",TankWar_P1|TankWar_P2|TankWar_P3|TankWar_P4|TankWar_P5,TankWar_P1|TankWar_P2|TankWar_P3|TankWar_P4|TankWar_P5
D968,RC-0400,C:\Users\JBNU\git\ConstraintsRecovery\assets\tankwar\asset2,153,Maler$$PC.gameLose,METHOD,C:\Users\JBNU\git\ConstraintsRecovery\assets\tankwar\asset2:IF:8-332,asset2,true,C:\Users\JBNU\git\ConstraintsRecovery\assets\tankwar\asset2,35,Maler$$PC.menu,FIELD,C:\Users\JBNU\git\ConstraintsRecovery\assets\tankwar\asset2:IF:8-332,asset2,true,FIELD_REFERENCE,menu.setFontSize(70);,TankWar_P1|TankWar_P2|TankWar_P3|TankWar_P4|TankWar_P5,TankWar_P1|TankWar_P2|TankWar_P3|TankWar_P4|TankWar_P5
D970,RC-0400,C:\Users\JBNU\git\ConstraintsRecovery\assets\tankwar\asset2,154,Maler$$PC.gameLose,METHOD,C:\Users\JBNU\git\ConstraintsRecovery\assets\tankwar\asset2:IF:8-332,asset2,true,C:\Users\JBNU\git\ConstraintsRecovery\assets\tankwar\asset2,35,Maler$$PC.menu,FIELD,C:\Users\JBNU\git\ConstraintsRecovery\assets\tankwar\asset2:IF:8-332,asset2,true,FIELD_REFERENCE,menu.setStyle(0);,TankWar_P1|TankWar_P2|TankWar_P3|TankWar_P4|TankWar_P5,TankWar_P1|TankWar_P2|TankWar_P3|TankWar_P4|TankWar_P5
D972,RC-0400,C:\Users\JBNU\git\ConstraintsRecovery\assets\tankwar\asset2,155,Maler$$PC.gameLose,METHOD,C:\Users\JBNU\git\ConstraintsRecovery\assets\tankwar\asset2:IF:8-332,asset2,true,C:\Users\JBNU\git\ConstraintsRecovery\assets\tankwar\asset2,35,Maler$$PC.menu,FIELD,C:\Users\JBNU\git\ConstraintsRecovery\assets\tankwar\asset2:IF:8-332,asset2,true,FIELD_REFERENCE,menu.setZeileAbstand(55);,TankWar_P1|TankWar_P2|TankWar_P3|TankWar_P4|TankWar_P5,TankWar_P1|TankWar_P2|TankWar_P3|TankWar_P4|TankWar_P5
D975,RC-0400,C:\Users\JBNU\git\ConstraintsRecovery\assets\tankwar\asset2,157,Maler$$PC.gameLose,METHOD,C:\Users\JBNU\git\ConstraintsRecovery\assets\tankwar\asset2:IF:8-332,asset2,true,C:\Users\JBNU\git\ConstraintsRecovery\assets\tankwar\asset2,35,Maler$$PC.menu,FIELD,C:\Users\JBNU\git\ConstraintsRecovery\assets\tankwar\asset2:IF:8-332,asset2,true,FIELD_REFERENCE,menu.erscheinen(gTemp);,TankWar_P1|TankWar_P2|TankWar_P3|TankWar_P4|TankWar_P5,TankWar_P1|TankWar_P2|TankWar_P3|TankWar_P4|TankWar_P5
D985,RC-0400,C:\Users\JBNU\git\ConstraintsRecovery\assets\tankwar\asset2,164,Maler$$PC.gameLose,METHOD,C:\Users\JBNU\git\ConstraintsRecovery\assets\tankwar\asset2:IF:8-332,asset2,true,C:\Users\JBNU\git\ConstraintsRecovery\assets\tankwar\asset2,35,Maler$$PC.menu,FIELD,C:\Users\JBNU\git\ConstraintsRecovery\assets\tankwar\asset2:IF:8-332,asset2,true,FIELD_REFERENCE,menu = null;,TankWar_P1|TankWar_P2|TankWar_P3|TankWar_P4|TankWar_P5,TankWar_P1|TankWar_P2|TankWar_P3|TankWar_P4|TankWar_P5
D957,RC-0401,C:\Users\JBNU\git\ConstraintsRecovery\assets\tankwar\asset2,148,Maler$$PC.gameLose,METHOD,C:\Users\JBNU\git\ConstraintsRecovery\assets\tankwar\asset2:IF:8-332,asset2,true,C:\Users\JBNU\git\ConstraintsRecovery\assets\tankwar\asset2,40,Maler$$PC.time,FIELD,C:\Users\JBNU\git\ConstraintsRecovery\assets\tankwar\asset2:IF:8-332,asset2,true,FIELD_REFERENCE,time = System.currentTimeMillis();,TankWar_P1|TankWar_P2|TankWar_P3|TankWar_P4|TankWar_P5,TankWar_P1|TankWar_P2|TankWar_P3|TankWar_P4|TankWar_P5
D977,RC-0401,C:\Users\JBNU\git\ConstraintsRecovery\assets\tankwar\asset2,158,Maler$$PC.gameLose,METHOD,C:\Users\JBNU\git\ConstraintsRecovery\assets\tankwar\asset2:IF:8-332,asset2,true,C:\Users\JBNU\git\ConstraintsRecovery\assets\tankwar\asset2,40,Maler$$PC.time,FIELD,C:\Users\JBNU\git\ConstraintsRecovery\assets\tankwar\asset2:IF:8-332,asset2,true,FIELD_REFERENCE,if (System.currentTimeMillis() - time > 3000) {,TankWar_P1|TankWar_P2|TankWar_P3|TankWar_P4|TankWar_P5,TankWar_P1|TankWar_P2|TankWar_P3|TankWar_P4|TankWar_P5
D991,RC-0402,C:\Users\JBNU\git\ConstraintsRecovery\assets\tankwar\asset2,171,Maler$$PC.gameWin,METHOD,C:\Users\JBNU\git\ConstraintsRecovery\assets\tankwar\asset2:IF:8-332,asset2,true,C:\Users\JBNU\git\ConstraintsRecovery\assets\tankwar\asset2,32,Maler$$PC.GAME_HEIGHT,FIELD,C:\Users\JBNU\git\ConstraintsRecovery\assets\tankwar\asset2:IF:8-332,asset2,true,FIELD_REFERENCE,"((Maler) this).setSize(GAME_WIDTH + infoWidth, GAME_HEIGHT);",TankWar_P1|TankWar_P2|TankWar_P3|TankWar_P4|TankWar_P5,TankWar_P1|TankWar_P2|TankWar_P3|TankWar_P4|TankWar_P5
D997,RC-0402,C:\Users\JBNU\git\ConstraintsRecovery\assets\tankwar\asset2,174,Maler$$PC.gameWin,METHOD,C:\Users\JBNU\git\ConstraintsRecovery\assets\tankwar\asset2:IF:8-332,asset2,true,C:\Users\JBNU\git\ConstraintsRecovery\assets\tankwar\asset2,32,Maler$$PC.GAME_HEIGHT,FIELD,C:\Users\JBNU\git\ConstraintsRecovery\assets\tankwar\asset2:IF:8-332,asset2,true,FIELD_REFERENCE,"menu.setKoordinateImage((GAME_WIDTH + infoWidth) / 2, GAME_HEIGHT / 2);",TankWar_P1|TankWar_P2|TankWar_P3|TankWar_P4|TankWar_P5,TankWar_P1|TankWar_P2|TankWar_P3|TankWar_P4|TankWar_P5
D990,RC-0403,C:\Users\JBNU\git\ConstraintsRecovery\assets\tankwar\asset2,171,Maler$$PC.gameWin,METHOD,C:\Users\JBNU\git\ConstraintsRecovery\assets\tankwar\asset2:IF:8-332,asset2,true,C:\Users\JBNU\git\ConstraintsRecovery\assets\tankwar\asset2,31,Maler$$PC.GAME_WIDTH,FIELD,C:\Users\JBNU\git\ConstraintsRecovery\assets\tankwar\asset2:IF:8-332,asset2,true,FIELD_REFERENCE,"((Maler) this).setSize(GAME_WIDTH + infoWidth, GAME_HEIGHT);",TankWar_P1|TankWar_P2|TankWar_P3|TankWar_P4|TankWar_P5,TankWar_P1|TankWar_P2|TankWar_P3|TankWar_P4|TankWar_P5
D996,RC-0403,C:\Users\JBNU\git\ConstraintsRecovery\assets\tankwar\asset2,174,Maler$$PC.gameWin,METHOD,C:\Users\JBNU\git\ConstraintsRecovery\assets\tankwar\asset2:IF:8-332,asset2,true,C:\Users\JBNU\git\ConstraintsRecovery\assets\tankwar\asset2,31,Maler$$PC.GAME_WIDTH,FIELD,C:\Users\JBNU\git\ConstraintsRecovery\assets\tankwar\asset2:IF:8-332,asset2,true,FIELD_REFERENCE,"menu.setKoordinateImage((GAME_WIDTH + infoWidth) / 2, GAME_HEIGHT / 2);",TankWar_P1|TankWar_P2|TankWar_P3|TankWar_P4|TankWar_P5,TankWar_P1|TankWar_P2|TankWar_P3|TankWar_P4|TankWar_P5
D988,RC-0404,C:\Users\JBNU\git\ConstraintsRecovery\assets\tankwar\asset2,170,Maler$$PC.gameWin,METHOD,C:\Users\JBNU\git\ConstraintsRecovery\assets\tankwar\asset2:IF:8-332,asset2,true,C:\Users\JBNU\git\ConstraintsRecovery\assets\tankwar\asset2,36,Maler$$PC.frame,FIELD,C:\Users\JBNU\git\ConstraintsRecovery\assets\tankwar\asset2:IF:8-332,asset2,true,FIELD_REFERENCE,frame.remove(infoPanel);,TankWar_P1|TankWar_P2|TankWar_P3|TankWar_P4|TankWar_P5,TankWar_P1|TankWar_P2|TankWar_P3|TankWar_P4|TankWar_P5
D993,RC-0404,C:\Users\JBNU\git\ConstraintsRecovery\assets\tankwar\asset2,172,Maler$$PC.gameWin,METHOD,C:\Users\JBNU\git\ConstraintsRecovery\assets\tankwar\asset2:IF:8-332,asset2,true,C:\Users\JBNU\git\ConstraintsRecovery\assets\tankwar\asset2,36,Maler$$PC.frame,FIELD,C:\Users\JBNU\git\ConstraintsRecovery\assets\tankwar\asset2:IF:8-332,asset2,true,FIELD_REFERENCE,frame.pack();,TankWar_P1|TankWar_P2|TankWar_P3|TankWar_P4|TankWar_P5,TankWar_P1|TankWar_P2|TankWar_P3|TankWar_P4|TankWar_P5
D1010,RC-0405,C:\Users\JBNU\git\ConstraintsRecovery\assets\tankwar\asset2,181,Maler$$PC.gameWin,METHOD,C:\Users\JBNU\git\ConstraintsRecovery\assets\tankwar\asset2:IF:8-332,asset2,true,C:\Users\JBNU\git\ConstraintsRecovery\assets\tankwar\asset2,33,Maler$$PC.gTemp,FIELD,C:\Users\JBNU\git\ConstraintsRecovery\assets\tankwar\asset2:IF:8-332,asset2,true,FIELD_REFERENCE,menu.erscheinen(gTemp);,TankWar_P1|TankWar_P2|TankWar_P3|TankWar_P4|TankWar_P5,TankWar_P1|TankWar_P2|TankWar_P3|TankWar_P4|TankWar_P5
D1014,RC-0406,C:\Users\JBNU\git\ConstraintsRecovery\assets\tankwar\asset2,184,Maler$$PC.gameWin,METHOD,C:\Users\JBNU\git\ConstraintsRecovery\assets\tankwar\asset2:IF:8-332,asset2,true,C:\Users\JBNU\git\ConstraintsRecovery\assets\tankwar\asset2,30,Maler$$PC.gameManager,FIELD,C:\Users\JBNU\git\ConstraintsRecovery\assets\tankwar\asset2:IF:8-332,asset2,true,FIELD_REFERENCE,((Maler) this).gameManager.setStatus(GameManager.MAIN_MENU);,TankWar_P1|TankWar_P2|TankWar_P3|TankWar_P4|TankWar_P5,TankWar_P1|TankWar_P2|TankWar_P3|TankWar_P4|TankWar_P5
D989,RC-0407,C:\Users\JBNU\git\ConstraintsRecovery\assets\tankwar\asset2,170,Maler$$PC.gameWin,METHOD,C:\Users\JBNU\git\ConstraintsRecovery\assets\tankwar\asset2:IF:8-332,asset2,true,C:\Users\JBNU\git\ConstraintsRecovery\assets\tankwar\asset2,37,Maler$$PC.infoPanel,FIELD,C:\Users\JBNU\git\ConstraintsRecovery\assets\tankwar\asset2:IF:8-332,asset2,true,FIELD_REFERENCE,frame.remove(infoPanel);,TankWar_P1|TankWar_P2|TankWar_P3|TankWar_P4|TankWar_P5,TankWar_P1|TankWar_P2|TankWar_P3|TankWar_P4|TankWar_P5
D992,RC-0408,C:\Users\JBNU\git\ConstraintsRecovery\assets\tankwar\asset2,171,Maler$$PC.gameWin,METHOD,C:\Users\JBNU\git\ConstraintsRecovery\assets\tankwar\asset2:IF:8-332,asset2,true,C:\Users\JBNU\git\ConstraintsRecovery\assets\tankwar\asset2,38,Maler$$PC.infoWidth,FIELD,C:\Users\JBNU\git\ConstraintsRecovery\assets\tankwar\asset2:IF:8-332,asset2,true,FIELD_REFERENCE,"((Maler) this).setSize(GAME_WIDTH + infoWidth, GAME_HEIGHT);",TankWar_P1|TankWar_P2|TankWar_P3|TankWar_P4|TankWar_P5,TankWar_P1|TankWar_P2|TankWar_P3|TankWar_P4|TankWar_P5
D999,RC-0408,C:\Users\JBNU\git\ConstraintsRecovery\assets\tankwar\asset2,174,Maler$$PC.gameWin,METHOD,C:\Users\JBNU\git\ConstraintsRecovery\assets\tankwar\asset2:IF:8-332,asset2,true,C:\Users\JBNU\git\ConstraintsRecovery\assets\tankwar\asset2,38,Maler$$PC.infoWidth,FIELD,C:\Users\JBNU\git\ConstraintsRecovery\assets\tankwar\asset2:IF:8-332,asset2,true,FIELD_REFERENCE,"menu.setKoordinateImage((GAME_WIDTH + infoWidth) / 2, GAME_HEIGHT / 2);",TankWar_P1|TankWar_P2|TankWar_P3|TankWar_P4|TankWar_P5,TankWar_P1|TankWar_P2|TankWar_P3|TankWar_P4|TankWar_P5
D986,RC-0409,C:\Users\JBNU\git\ConstraintsRecovery\assets\tankwar\asset2,168,Maler$$PC.gameWin,METHOD,C:\Users\JBNU\git\ConstraintsRecovery\assets\tankwar\asset2:IF:8-332,asset2,true,C:\Users\JBNU\git\ConstraintsRecovery\assets\tankwar\asset2,35,Maler$$PC.menu,FIELD,C:\Users\JBNU\git\ConstraintsRecovery\assets\tankwar\asset2:IF:8-332,asset2,true,FIELD_REFERENCE,if (menu == null) {,TankWar_P1|TankWar_P2|TankWar_P3|TankWar_P4|TankWar_P5,TankWar_P1|TankWar_P2|TankWar_P3|TankWar_P4|TankWar_P5
D995,RC-0409,C:\Users\JBNU\git\ConstraintsRecovery\assets\tankwar\asset2,173,Maler$$PC.gameWin,METHOD,C:\Users\JBNU\git\ConstraintsRecovery\assets\tankwar\asset2:IF:8-332,asset2,true,C:\Users\JBNU\git\ConstraintsRecovery\assets\tankwar\asset2,35,Maler$$PC.menu,FIELD,C:\Users\JBNU\git\ConstraintsRecovery\assets\tankwar\asset2:IF:8-332,asset2,true,FIELD_REFERENCE,menu = new Menu(((Maler) this));,TankWar_P1|TankWar_P2|TankWar_P3|TankWar_P4|TankWar_P5,TankWar_P1|TankWar_P2|TankWar_P3|TankWar_P4|TankWar_P5
D998,RC-0409,C:\Users\JBNU\git\ConstraintsRecovery\assets\tankwar\asset2,174,Maler$$PC.gameWin,METHOD,C:\Users\JBNU\git\ConstraintsRecovery\assets\tankwar\asset2:IF:8-332,asset2,true,C:\Users\JBNU\git\ConstraintsRecovery\assets\tankwar\asset2,35,Maler$$PC.menu,FIELD,C:\Users\JBNU\git\ConstraintsRecovery\assets\tankwar\asset2:IF:8-332,asset2,true,FIELD_REFERENCE,"menu.setKoordinateImage((GAME_WIDTH + infoWidth) / 2, GAME_HEIGHT / 2);",TankWar_P1|TankWar_P2|TankWar_P3|TankWar_P4|TankWar_P5,TankWar_P1|TankWar_P2|TankWar_P3|TankWar_P4|TankWar_P5
D1001,RC-0409,C:\Users\JBNU\git\ConstraintsRecovery\assets\tankwar\asset2,175,Maler$$PC.gameWin,METHOD,C:\Users\JBNU\git\ConstraintsRecovery\assets\tankwar\asset2:IF:8-332,asset2,true,C:\Users\JBNU\git\ConstraintsRecovery\assets\tankwar\asset2,35,Maler$$PC.menu,FIELD,C:\Users\JBNU\git\ConstraintsRecovery\assets\tankwar\asset2:IF:8-332,asset2,true,FIELD_REFERENCE,menu.setZeileAbstand(0);,TankWar_P1|TankWar_P2|TankWar_P3|TankWar_P4|TankWar_P5,TankWar_P1|TankWar_P2|TankWar_P3|TankWar_P4|TankWar_P5
D1003,RC-0409,C:\Users\JBNU\git\ConstraintsRecovery\assets\tankwar\asset2,176,Maler$$PC.gameWin,METHOD,C:\Users\JBNU\git\ConstraintsRecovery\assets\tankwar\asset2:IF:8-332,asset2,true,C:\Users\JBNU\git\ConstraintsRecovery\assets\tankwar\asset2,35,Maler$$PC.menu,FIELD,C:\Users\JBNU\git\ConstraintsRecovery\assets\tankwar\asset2:IF:8-332,asset2,true,FIELD_REFERENCE,"menu.add(Sprach.WIN, 0);",TankWar_P1|TankWar_P2|TankWar_P3|TankWar_P4|TankWar_P5,TankWar_P1|TankWar_P2|TankWar_P3|TankWar_P4|TankWar_P5
D1004,RC-0409,C:\Users\JBNU\git\ConstraintsRecovery\assets\tankwar\asset2,177,Maler$$PC.gameWin,METHOD,C:\Users\JBNU\git\ConstraintsRecovery\assets\tankwar\asset2:IF:8-332,asset2,true,C:\Users\JBNU\git\ConstraintsRecovery\assets\tankwar\asset2,35,Maler$$PC.menu,FIELD,C:\Users\JBNU\git\ConstraintsRecovery\assets\tankwar\asset2:IF:8-332,asset2,true,FIELD_REFERENCE,menu.setFontSize(80);,TankWar_P1|TankWar_P2|TankWar_P3|TankWar_P4|TankWar_P5,TankWar_P1|TankWar_P2|TankWar_P3|TankWar_P4|TankWar_P5
D1006,RC-0409,C:\Users\JBNU\git\ConstraintsRecovery\assets\tankwar\asset2,178,Maler$$PC.gameWin,METHOD,C:\Users\JBNU\git\ConstraintsRecovery\assets\tankwar\asset2:IF:8-332,asset2,true,C:\Users\JBNU\git\ConstraintsRecovery\assets\tankwar\asset2,35,Maler$$PC.menu,FIELD,C:\Users\JBNU\git\ConstraintsRecovery\assets\tankwar\asset2:IF:8-332,asset2,true,FIELD_REFERENCE,menu.setStyle(0);,TankWar_P1|TankWar_P2|TankWar_P3|TankWar_P4|TankWar_P5,TankWar_P1|TankWar_P2|TankWar_P3|TankWar_P4|TankWar_P5
D1008,RC-0409,C:\Users\JBNU\git\ConstraintsRecovery\assets\tankwar\asset2,179,Maler$$PC.gameWin,METHOD,C:\Users\JBNU\git\ConstraintsRecovery\assets\tankwar\asset2:IF:8-332,asset2,true,C:\Users\JBNU\git\ConstraintsRecovery\assets\tankwar\asset2,35,Maler$$PC.menu,FIELD,C:\Users\JBNU\git\ConstraintsRecovery\assets\tankwar\asset2:IF:8-332,asset2,true,FIELD_REFERENCE,menu.setZeileAbstand(55);,TankWar_P1|TankWar_P2|TankWar_P3|TankWar_P4|TankWar_P5,TankWar_P1|TankWar_P2|TankWar_P3|TankWar_P4|TankWar_P5
D1011,RC-0409,C:\Users\JBNU\git\ConstraintsRecovery\assets\tankwar\asset2,181,Maler$$PC.gameWin,METHOD,C:\Users\JBNU\git\ConstraintsRecovery\assets\tankwar\asset2:IF:8-332,asset2,true,C:\Users\JBNU\git\ConstraintsRecovery\assets\tankwar\asset2,35,Maler$$PC.menu,FIELD,C:\Users\JBNU\git\ConstraintsRecovery\assets\tankwar\asset2:IF:8-332,asset2,true,FIELD_REFERENCE,menu.erscheinen(gTemp);,TankWar_P1|TankWar_P2|TankWar_P3|TankWar_P4|TankWar_P5,TankWar_P1|TankWar_P2|TankWar_P3|TankWar_P4|TankWar_P5
D1015,RC-0409,C:\Users\JBNU\git\ConstraintsRecovery\assets\tankwar\asset2,185,Maler$$PC.gameWin,METHOD,C:\Users\JBNU\git\ConstraintsRecovery\assets\tankwar\asset2:IF:8-332,asset2,true,C:\Users\JBNU\git\ConstraintsRecovery\assets\tankwar\asset2,35,Maler$$PC.menu,FIELD,C:\Users\JBNU\git\ConstraintsRecovery\assets\tankwar\asset2:IF:8-332,asset2,true,FIELD_REFERENCE,menu = null;,TankWar_P1|TankWar_P2|TankWar_P3|TankWar_P4|TankWar_P5,TankWar_P1|TankWar_P2|TankWar_P3|TankWar_P4|TankWar_P5
D987,RC-0410,C:\Users\JBNU\git\ConstraintsRecovery\assets\tankwar\asset2,169,Maler$$PC.gameWin,METHOD,C:\Users\JBNU\git\ConstraintsRecovery\assets\tankwar\asset2:IF:8-332,asset2,true,C:\Users\JBNU\git\ConstraintsRecovery\assets\tankwar\asset2,40,Maler$$PC.time,FIELD,C:\Users\JBNU\git\ConstraintsRecovery\assets\tankwar\asset2:IF:8-332,asset2,true,FIELD_REFERENCE,time = System.currentTimeMillis();,TankWar_P1|TankWar_P2|TankWar_P3|TankWar_P4|TankWar_P5,TankWar_P1|TankWar_P2|TankWar_P3|TankWar_P4|TankWar_P5
D1013,RC-0410,C:\Users\JBNU\git\ConstraintsRecovery\assets\tankwar\asset2,182,Maler$$PC.gameWin,METHOD,C:\Users\JBNU\git\ConstraintsRecovery\assets\tankwar\asset2:IF:8-332,asset2,true,C:\Users\JBNU\git\ConstraintsRecovery\assets\tankwar\asset2,40,Maler$$PC.time,FIELD,C:\Users\JBNU\git\ConstraintsRecovery\assets\tankwar\asset2:IF:8-332,asset2,true,FIELD_REFERENCE,if (System.currentTimeMillis() - time > 3000) {,TankWar_P1|TankWar_P2|TankWar_P3|TankWar_P4|TankWar_P5,TankWar_P1|TankWar_P2|TankWar_P3|TankWar_P4|TankWar_P5
D1043,RC-0411,C:\Users\JBNU\git\ConstraintsRecovery\assets\tankwar\asset2,206,Maler$$PC.gamescreenstart,METHOD,C:\Users\JBNU\git\ConstraintsRecovery\assets\tankwar\asset2:IF:8-332,asset2,true,C:\Users\JBNU\git\ConstraintsRecovery\assets\tankwar\asset2,32,Maler$$PC.GAME_HEIGHT,FIELD,C:\Users\JBNU\git\ConstraintsRecovery\assets\tankwar\asset2:IF:8-332,asset2,true,FIELD_REFERENCE,"((Maler) this).setSize(GAME_WIDTH, GAME_HEIGHT);",TankWar_P1|TankWar_P2|TankWar_P3|TankWar_P4|TankWar_P5,TankWar_P1|TankWar_P2|TankWar_P3|TankWar_P4|TankWar_P5
D1042,RC-0412,C:\Users\JBNU\git\ConstraintsRecovery\assets\tankwar\asset2,206,Maler$$PC.gamescreenstart,METHOD,C:\Users\JBNU\git\ConstraintsRecovery\assets\tankwar\asset2:IF:8-332,asset2,true,C:\Users\JBNU\git\ConstraintsRecovery\assets\tankwar\asset2,31,Maler$$PC.GAME_WIDTH,FIELD,C:\Users\JBNU\git\ConstraintsRecovery\assets\tankwar\asset2:IF:8-332,asset2,true,FIELD_REFERENCE,"((Maler) this).setSize(GAME_WIDTH, GAME_HEIGHT);",TankWar_P1|TankWar_P2|TankWar_P3|TankWar_P4|TankWar_P5,TankWar_P1|TankWar_P2|TankWar_P3|TankWar_P4|TankWar_P5
D1044,RC-0413,C:\Users\JBNU\git\ConstraintsRecovery\assets\tankwar\asset2,207,Maler$$PC.gamescreenstart,METHOD,C:\Users\JBNU\git\ConstraintsRecovery\assets\tankwar\asset2:IF:8-332,asset2,true,C:\Users\JBNU\git\ConstraintsRecovery\assets\tankwar\asset2,36,Maler$$PC.frame,FIELD,C:\Users\JBNU\git\ConstraintsRecovery\assets\tankwar\asset2:IF:8-332,asset2,true,FIELD_REFERENCE,"frame.add(BorderLayout.EAST, ((Maler) this).infoPanel);",TankWar_P1|TankWar_P2|TankWar_P3|TankWar_P4|TankWar_P5,TankWar_P1|TankWar_P2|TankWar_P3|TankWar_P4|TankWar_P5
D1046,RC-0413,C:\Users\JBNU\git\ConstraintsRecovery\assets\tankwar\asset2,208,Maler$$PC.gamescreenstart,METHOD,C:\Users\JBNU\git\ConstraintsRecovery\assets\tankwar\asset2:IF:8-332,asset2,true,C:\Users\JBNU\git\ConstraintsRecovery\assets\tankwar\asset2,36,Maler$$PC.frame,FIELD,C:\Users\JBNU\git\ConstraintsRecovery\assets\tankwar\asset2:IF:8-332,asset2,true,FIELD_REFERENCE,frame.pack();,TankWar_P1|TankWar_P2|TankWar_P3|TankWar_P4|TankWar_P5,TankWar_P1|TankWar_P2|TankWar_P3|TankWar_P4|TankWar_P5
D1041,RC-0414,C:\Users\JBNU\git\ConstraintsRecovery\assets\tankwar\asset2,205,Maler$$PC.gamescreenstart,METHOD,C:\Users\JBNU\git\ConstraintsRecovery\assets\tankwar\asset2:IF:8-332,asset2,true,C:\Users\JBNU\git\ConstraintsRecovery\assets\tankwar\asset2,30,Maler$$PC.gameManager,FIELD,C:\Users\JBNU\git\ConstraintsRecovery\assets\tankwar\asset2:IF:8-332,asset2,true,FIELD_REFERENCE,((Maler) this).gameManager.setStatus(GameManager.SPIELEN);,TankWar_P1|TankWar_P2|TankWar_P3|TankWar_P4|TankWar_P5,TankWar_P1|TankWar_P2|TankWar_P3|TankWar_P4|TankWar_P5
D1045,RC-0415,C:\Users\JBNU\git\ConstraintsRecovery\assets\tankwar\asset2,207,Maler$$PC.gamescreenstart,METHOD,C:\Users\JBNU\git\ConstraintsRecovery\assets\tankwar\asset2:IF:8-332,asset2,true,C:\Users\JBNU\git\ConstraintsRecovery\assets\tankwar\asset2,37,Maler$$PC.infoPanel,FIELD,C:\Users\JBNU\git\ConstraintsRecovery\assets\tankwar\asset2:IF:8-332,asset2,true,FIELD_REFERENCE,"frame.add(BorderLayout.EAST, ((Maler) this).infoPanel);",TankWar_P1|TankWar_P2|TankWar_P3|TankWar_P4|TankWar_P5,TankWar_P1|TankWar_P2|TankWar_P3|TankWar_P4|TankWar_P5
D1047,RC-0416,C:\Users\JBNU\git\ConstraintsRecovery\assets\tankwar\asset2,209,Maler$$PC.gamescreenstart,METHOD,C:\Users\JBNU\git\ConstraintsRecovery\assets\tankwar\asset2:IF:8-332,asset2,true,C:\Users\JBNU\git\ConstraintsRecovery\assets\tankwar\asset2,35,Maler$$PC.menu,FIELD,C:\Users\JBNU\git\ConstraintsRecovery\assets\tankwar\asset2:IF:8-332,asset2,true,FIELD_REFERENCE,menu = null;,TankWar_P1|TankWar_P2|TankWar_P3|TankWar_P4|TankWar_P5,TankWar_P1|TankWar_P2|TankWar_P3|TankWar_P4|TankWar_P5
D1107,RC-0417,C:\Users\JBNU\git\ConstraintsRecovery\assets\tankwar\asset2,308,Maler$$PC.getScreenHeight,METHOD,C:\Users\JBNU\git\ConstraintsRecovery\assets\tankwar\asset2:IF:8-332,asset2,true,C:\Users\JBNU\git\ConstraintsRecovery\assets\tankwar\asset2,32,Maler$$PC.GAME_HEIGHT,FIELD,C:\Users\JBNU\git\ConstraintsRecovery\assets\tankwar\asset2:IF:8-332,asset2,true,FIELD_REFERENCE,return GAME_HEIGHT;,TankWar_P1|TankWar_P2|TankWar_P3|TankWar_P4|TankWar_P5,TankWar_P1|TankWar_P2|TankWar_P3|TankWar_P4|TankWar_P5
D1106,RC-0418,C:\Users\JBNU\git\ConstraintsRecovery\assets\tankwar\asset2,305,Maler$$PC.getScreenWidth,METHOD,C:\Users\JBNU\git\ConstraintsRecovery\assets\tankwar\asset2:IF:8-332,asset2,true,C:\Users\JBNU\git\ConstraintsRecovery\assets\tankwar\asset2,31,Maler$$PC.GAME_WIDTH,FIELD,C:\Users\JBNU\git\ConstraintsRecovery\assets\tankwar\asset2:IF:8-332,asset2,true,FIELD_REFERENCE,return GAME_WIDTH;,TankWar_P1|TankWar_P2|TankWar_P3|TankWar_P4|TankWar_P5,TankWar_P1|TankWar_P2|TankWar_P3|TankWar_P4|TankWar_P5
D908,RC-0419,C:\Users\JBNU\git\ConstraintsRecovery\assets\tankwar\asset2,109,Maler$$PC.help,METHOD,C:\Users\JBNU\git\ConstraintsRecovery\assets\tankwar\asset2:IF:8-332,asset2,true,C:\Users\JBNU\git\ConstraintsRecovery\assets\tankwar\asset2,33,Maler$$PC.gTemp,FIELD,C:\Users\JBNU\git\ConstraintsRecovery\assets\tankwar\asset2:IF:8-332,asset2,true,FIELD_REFERENCE,menu.erscheinen(gTemp);,TankWar_P1|TankWar_P2|TankWar_P3|TankWar_P4|TankWar_P5,TankWar_P1|TankWar_P2|TankWar_P3|TankWar_P4|TankWar_P5
D907,RC-0420,C:\Users\JBNU\git\ConstraintsRecovery\assets\tankwar\asset2,107,Maler$$PC.help,METHOD,C:\Users\JBNU\git\ConstraintsRecovery\assets\tankwar\asset2:IF:8-332,asset2,true,C:\Users\JBNU\git\ConstraintsRecovery\assets\tankwar\asset2,111,Maler$$PC.helpItemErstellen,METHOD,C:\Users\JBNU\git\ConstraintsRecovery\assets\tankwar\asset2:IF:8-332,asset2,true,METHOD_CALL,helpItemErstellen();,TankWar_P1|TankWar_P2|TankWar_P3|TankWar_P4|TankWar_P5,TankWar_P1|TankWar_P2|TankWar_P3|TankWar_P4|TankWar_P5
D906,RC-0421,C:\Users\JBNU\git\ConstraintsRecovery\assets\tankwar\asset2,106,Maler$$PC.help,METHOD,C:\Users\JBNU\git\ConstraintsRecovery\assets\tankwar\asset2:IF:8-332,asset2,true,C:\Users\JBNU\git\ConstraintsRecovery\assets\tankwar\asset2,35,Maler$$PC.menu,FIELD,C:\Users\JBNU\git\ConstraintsRecovery\assets\tankwar\asset2:IF:8-332,asset2,true,FIELD_REFERENCE,if (menu == null) {,TankWar_P1|TankWar_P2|TankWar_P3|TankWar_P4|TankWar_P5,TankWar_P1|TankWar_P2|TankWar_P3|TankWar_P4|TankWar_P5
D909,RC-0421,C:\Users\JBNU\git\ConstraintsRecovery\assets\tankwar\asset2,109,Maler$$PC.help,METHOD,C:\Users\JBNU\git\ConstraintsRecovery\assets\tankwar\asset2:IF:8-332,asset2,true,C:\Users\JBNU\git\ConstraintsRecovery\assets\tankwar\asset2,35,Maler$$PC.menu,FIELD,C:\Users\JBNU\git\ConstraintsRecovery\assets\tankwar\asset2:IF:8-332,asset2,true,FIELD_REFERENCE,menu.erscheinen(gTemp);,TankWar_P1|TankWar_P2|TankWar_P3|TankWar_P4|TankWar_P5,TankWar_P1|TankWar_P2|TankWar_P3|TankWar_P4|TankWar_P5
D918,RC-0422,C:\Users\JBNU\git\ConstraintsRecovery\assets\tankwar\asset2,115,Maler$$PC.helpItemErstellen,METHOD,C:\Users\JBNU\git\ConstraintsRecovery\assets\tankwar\asset2:IF:8-332,asset2,true,C:\Users\JBNU\git\ConstraintsRecovery\assets\tankwar\asset2,32,Maler$$PC.GAME_HEIGHT,FIELD,C:\Users\JBNU\git\ConstraintsRecovery\assets\tankwar\asset2:IF:8-332,asset2,true,FIELD_REFERENCE,"menu.setKoordinateImage((GAME_WIDTH + infoWidth) / 2, GAME_HEIGHT / 2);",TankWar_P1|TankWar_P2|TankWar_P3|TankWar_P4|TankWar_P5,TankWar_P1|TankWar_P2|TankWar_P3|TankWar_P4|TankWar_P5
D917,RC-0423,C:\Users\JBNU\git\ConstraintsRecovery\assets\tankwar\asset2,115,Maler$$PC.helpItemErstellen,METHOD,C:\Users\JBNU\git\ConstraintsRecovery\assets\tankwar\asset2:IF:8-332,asset2,true,C:\Users\JBNU\git\ConstraintsRecovery\assets\tankwar\asset2,31,Maler$$PC.GAME_WIDTH,FIELD,C:\Users\JBNU\git\ConstraintsRecovery\assets\tankwar\asset2:IF:8-332,asset2,true,FIELD_REFERENCE,"menu.setKoordinateImage((GAME_WIDTH + infoWidth) / 2, GAME_HEIGHT / 2);",TankWar_P1|TankWar_P2|TankWar_P3|TankWar_P4|TankWar_P5,TankWar_P1|TankWar_P2|TankWar_P3|TankWar_P4|TankWar_P5
D920,RC-0424,C:\Users\JBNU\git\ConstraintsRecovery\assets\tankwar\asset2,115,Maler$$PC.helpItemErstellen,METHOD,C:\Users\JBNU\git\ConstraintsRecovery\assets\tankwar\asset2:IF:8-332,asset2,true,C:\Users\JBNU\git\ConstraintsRecovery\assets\tankwar\asset2,38,Maler$$PC.infoWidth,FIELD,C:\Users\JBNU\git\ConstraintsRecovery\assets\tankwar\asset2:IF:8-332,asset2,true,FIELD_REFERENCE,"menu.setKoordinateImage((GAME_WIDTH + infoWidth) / 2, GAME_HEIGHT / 2);",TankWar_P1|TankWar_P2|TankWar_P3|TankWar_P4|TankWar_P5,TankWar_P1|TankWar_P2|TankWar_P3|TankWar_P4|TankWar_P5
D914,RC-0425,C:\Users\JBNU\git\ConstraintsRecovery\assets\tankwar\asset2,113,Maler$$PC.helpItemErstellen,METHOD,C:\Users\JBNU\git\ConstraintsRecovery\assets\tankwar\asset2:IF:8-332,asset2,true,C:\Users\JBNU\git\ConstraintsRecovery\assets\tankwar\asset2,117,Maler$$PC.loadImage,METHOD,C:\Users\JBNU\git\ConstraintsRecovery\assets\tankwar\asset2:IF:8-332,asset2,true,METHOD_CALL,"menu.add(Sprach.HelpItem, loadImage(""transparent.png"", 0, 0), loadImage(""help.png"", 0, 0), 0);",TankWar_P1|TankWar_P2|TankWar_P3|TankWar_P4|TankWar_P5,TankWar_P1|TankWar_P2|TankWar_P3|TankWar_P4|TankWar_P5
D912,RC-0426,C:\Users\JBNU\git\ConstraintsRecovery\assets\tankwar\asset2,112,Maler$$PC.helpItemErstellen,METHOD,C:\Users\JBNU\git\ConstraintsRecovery\assets\tankwar\asset2:IF:8-332,asset2,true,C:\Users\JBNU\git\ConstraintsRecovery\assets\tankwar\asset2,35,Maler$$PC.menu,FIELD,C:\Users\JBNU\git\ConstraintsRecovery\assets\tankwar\asset2:IF:8-332,asset2,true,FIELD_REFERENCE,menu = new Menu(((Maler) this));,TankWar_P1|TankWar_P2|TankWar_P3|TankWar_P4|TankWar_P5,TankWar_P1|TankWar_P2|TankWar_P3|TankWar_P4|TankWar_P5
D913,RC-0426,C:\Users\JBNU\git\ConstraintsRecovery\assets\tankwar\asset2,113,Maler$$PC.helpItemErstellen,METHOD,C:\Users\JBNU\git\ConstraintsRecovery\assets\tankwar\asset2:IF:8-332,asset2,true,C:\Users\JBNU\git\ConstraintsRecovery\assets\tankwar\asset2,35,Maler$$PC.menu,FIELD,C:\Users\JBNU\git\ConstraintsRecovery\assets\tankwar\asset2:IF:8-332,asset2,true,FIELD_REFERENCE,"menu.add(Sprach.HelpItem, loadImage(""transparent.png"", 0, 0), loadImage(""help.png"", 0, 0), 0);",TankWar_P1|TankWar_P2|TankWar_P3|TankWar_P4|TankWar_P5,TankWar_P1|TankWar_P2|TankWar_P3|TankWar_P4|TankWar_P5
D915,RC-0426,C:\Users\JBNU\git\ConstraintsRecovery\assets\tankwar\asset2,114,Maler$$PC.helpItemErstellen,METHOD,C:\Users\JBNU\git\ConstraintsRecovery\assets\tankwar\asset2:IF:8-332,asset2,true,C:\Users\JBNU\git\ConstraintsRecovery\assets\tankwar\asset2,35,Maler$$PC.menu,FIELD,C:\Users\JBNU\git\ConstraintsRecovery\assets\tankwar\asset2:IF:8-332,asset2,true,FIELD_REFERENCE,menu.setStyle(3);,TankWar_P1|TankWar_P2|TankWar_P3|TankWar_P4|TankWar_P5,TankWar_P1|TankWar_P2|TankWar_P3|TankWar_P4|TankWar_P5
D919,RC-0426,C:\Users\JBNU\git\ConstraintsRecovery\assets\tankwar\asset2,115,Maler$$PC.helpItemErstellen,METHOD,C:\Users\JBNU\git\ConstraintsRecovery\assets\tankwar\asset2:IF:8-332,asset2,true,C:\Users\JBNU\git\ConstraintsRecovery\assets\tankwar\asset2,35,Maler$$PC.menu,FIELD,C:\Users\JBNU\git\ConstraintsRecovery\assets\tankwar\asset2:IF:8-332,asset2,true,FIELD_REFERENCE,"menu.setKoordinateImage((GAME_WIDTH + infoWidth) / 2, GAME_HEIGHT / 2);",TankWar_P1|TankWar_P2|TankWar_P3|TankWar_P4|TankWar_P5,TankWar_P1|TankWar_P2|TankWar_P3|TankWar_P4|TankWar_P5
D1122,RC-0427,C:\Users\JBNU\git\ConstraintsRecovery\assets\tankwar\asset2,51,Maler$$PC.init,METHOD,C:\Users\JBNU\git\ConstraintsRecovery\assets\tankwar\asset2:IF:8-332,asset2,true,C:\Users\JBNU\git\ConstraintsRecovery\assets\tankwar\asset2,32,Maler$$PC.GAME_HEIGHT,FIELD,C:\Users\JBNU\git\ConstraintsRecovery\assets\tankwar\asset2:IF:8-332,asset2,true,FIELD_REFERENCE,"((Maler) this).setSize(GAME_WIDTH + infoWidth, GAME_HEIGHT);",TankWar_P1|TankWar_P2|TankWar_P3|TankWar_P4|TankWar_P5,TankWar_P1|TankWar_P2|TankWar_P3|TankWar_P4|TankWar_P5
D1121,RC-0428,C:\Users\JBNU\git\ConstraintsRecovery\assets\tankwar\asset2,51,Maler$$PC.init,METHOD,C:\Users\JBNU\git\ConstraintsRecovery\assets\tankwar\asset2:IF:8-332,asset2,true,C:\Users\JBNU\git\ConstraintsRecovery\assets\tankwar\asset2,31,Maler$$PC.GAME_WIDTH,FIELD,C:\Users\JBNU\git\ConstraintsRecovery\assets\tankwar\asset2:IF:8-332,asset2,true,FIELD_REFERENCE,"((Maler) this).setSize(GAME_WIDTH + infoWidth, GAME_HEIGHT);",TankWar_P1|TankWar_P2|TankWar_P3|TankWar_P4|TankWar_P5,TankWar_P1|TankWar_P2|TankWar_P3|TankWar_P4|TankWar_P5
D1124,RC-0429,C:\Users\JBNU\git\ConstraintsRecovery\assets\tankwar\asset2,52,Maler$$PC.init,METHOD,C:\Users\JBNU\git\ConstraintsRecovery\assets\tankwar\asset2:IF:8-332,asset2,true,C:\Users\JBNU\git\ConstraintsRecovery\assets\tankwar\asset2,36,Maler$$PC.frame,FIELD,C:\Users\JBNU\git\ConstraintsRecovery\assets\tankwar\asset2:IF:8-332,asset2,true,FIELD_REFERENCE,frame = new JFrame();,TankWar_P1|TankWar_P2|TankWar_P3|TankWar_P4|TankWar_P5,TankWar_P1|TankWar_P2|TankWar_P3|TankWar_P4|TankWar_P5
D1125,RC-0429,C:\Users\JBNU\git\ConstraintsRecovery\assets\tankwar\asset2,53,Maler$$PC.init,METHOD,C:\Users\JBNU\git\ConstraintsRecovery\assets\tankwar\asset2:IF:8-332,asset2,true,C:\Users\JBNU\git\ConstraintsRecovery\assets\tankwar\asset2,36,Maler$$PC.frame,FIELD,C:\Users\JBNU\git\ConstraintsRecovery\assets\tankwar\asset2:IF:8-332,asset2,true,FIELD_REFERENCE,frame.addWindowListener(new WindowAdapter() {,TankWar_P1|TankWar_P2|TankWar_P3|TankWar_P4|TankWar_P5,TankWar_P1|TankWar_P2|TankWar_P3|TankWar_P4|TankWar_P5
D1126,RC-0429,C:\Users\JBNU\git\ConstraintsRecovery\assets\tankwar\asset2,58,Maler$$PC.init,METHOD,C:\Users\JBNU\git\ConstraintsRecovery\assets\tankwar\asset2:IF:8-332,asset2,true,C:\Users\JBNU\git\ConstraintsRecovery\assets\tankwar\asset2,36,Maler$$PC.frame,FIELD,C:\Users\JBNU\git\ConstraintsRecovery\assets\tankwar\asset2:IF:8-332,asset2,true,FIELD_REFERENCE,frame.add(((Maler) this));,TankWar_P1|TankWar_P2|TankWar_P3|TankWar_P4|TankWar_P5,TankWar_P1|TankWar_P2|TankWar_P3|TankWar_P4|TankWar_P5
D1127,RC-0429,C:\Users\JBNU\git\ConstraintsRecovery\assets\tankwar\asset2,60,Maler$$PC.init,METHOD,C:\Users\JBNU\git\ConstraintsRecovery\assets\tankwar\asset2:IF:8-332,asset2,true,C:\Users\JBNU\git\ConstraintsRecovery\assets\tankwar\asset2,36,Maler$$PC.frame,FIELD,C:\Users\JBNU\git\ConstraintsRecovery\assets\tankwar\asset2:IF:8-332,asset2,true,FIELD_REFERENCE,frame.setVisible(true);,TankWar_P1|TankWar_P2|TankWar_P3|TankWar_P4|TankWar_P5,TankWar_P1|TankWar_P2|TankWar_P3|TankWar_P4|TankWar_P5
D1128,RC-0429,C:\Users\JBNU\git\ConstraintsRecovery\assets\tankwar\asset2,61,Maler$$PC.init,METHOD,C:\Users\JBNU\git\ConstraintsRecovery\assets\tankwar\asset2:IF:8-332,asset2,true,C:\Users\JBNU\git\ConstraintsRecovery\assets\tankwar\asset2,36,Maler$$PC.frame,FIELD,C:\Users\JBNU\git\ConstraintsRecovery\assets\tankwar\asset2:IF:8-332,asset2,true,FIELD_REFERENCE,frame.setResizable(false);,TankWar_P1|TankWar_P2|TankWar_P3|TankWar_P4|TankWar_P5,TankWar_P1|TankWar_P2|TankWar_P3|TankWar_P4|TankWar_P5
D1131,RC-0429,C:\Users\JBNU\git\ConstraintsRecovery\assets\tankwar\asset2,62,Maler$$PC.init,METHOD,C:\Users\JBNU\git\ConstraintsRecovery\assets\tankwar\asset2:IF:8-332,asset2,true,C:\Users\JBNU\git\ConstraintsRecovery\assets\tankwar\asset2,36,Maler$$PC.frame,FIELD,C:\Users\JBNU\git\ConstraintsRecovery\assets\tankwar\asset2:IF:8-332,asset2,true,FIELD_REFERENCE,frame.addKeyListener(new KeyMonitor(gameManager));,TankWar_P1|TankWar_P2|TankWar_P3|TankWar_P4|TankWar_P5,TankWar_P1|TankWar_P2|TankWar_P3|TankWar_P4|TankWar_P5
D1132,RC-0429,C:\Users\JBNU\git\ConstraintsRecovery\assets\tankwar\asset2,63,Maler$$PC.init,METHOD,C:\Users\JBNU\git\ConstraintsRecovery\assets\tankwar\asset2:IF:8-332,asset2,true,C:\Users\JBNU\git\ConstraintsRecovery\assets\tankwar\asset2,36,Maler$$PC.frame,FIELD,C:\Users\JBNU\git\ConstraintsRecovery\assets\tankwar\asset2:IF:8-332,asset2,true,FIELD_REFERENCE,((Maler) this).addKeyListener(frame.getKeyListeners()[0]);,TankWar_P1|TankWar_P2|TankWar_P3|TankWar_P4|TankWar_P5,TankWar_P1|TankWar_P2|TankWar_P3|TankWar_P4|TankWar_P5
D1130,RC-0430,C:\Users\JBNU\git\ConstraintsRecovery\assets\tankwar\asset2,62,Maler$$PC.init,METHOD,C:\Users\JBNU\git\ConstraintsRecovery\assets\tankwar\asset2:IF:8-332,asset2,true,C:\Users\JBNU\git\ConstraintsRecovery\assets\tankwar\asset2,30,Maler$$PC.gameManager,FIELD,C:\Users\JBNU\git\ConstraintsRecovery\assets\tankwar\asset2:IF:8-332,asset2,true,FIELD_REFERENCE,frame.addKeyListener(new KeyMonitor(gameManager));,TankWar_P1|TankWar_P2|TankWar_P3|TankWar_P4|TankWar_P5,TankWar_P1|TankWar_P2|TankWar_P3|TankWar_P4|TankWar_P5
D1116,RC-0431,C:\Users\JBNU\git\ConstraintsRecovery\assets\tankwar\asset2,48,Maler$$PC.init,METHOD,C:\Users\JBNU\git\ConstraintsRecovery\assets\tankwar\asset2:IF:8-332,asset2,true,C:\Users\JBNU\git\ConstraintsRecovery\assets\tankwar\asset2,65,Maler$$PC.gamesize,METHOD,C:\Users\JBNU\git\ConstraintsRecovery\assets\tankwar\asset2:IF:8-332,asset2,true,METHOD_CALL,gamesize();,TankWar_P1|TankWar_P2|TankWar_P3|TankWar_P4|TankWar_P5,TankWar_P1|TankWar_P2|TankWar_P3|TankWar_P4|TankWar_P5
D1118,RC-0432,C:\Users\JBNU\git\ConstraintsRecovery\assets\tankwar\asset2,49,Maler$$PC.init,METHOD,C:\Users\JBNU\git\ConstraintsRecovery\assets\tankwar\asset2:IF:8-332,asset2,true,C:\Users\JBNU\git\ConstraintsRecovery\assets\tankwar\asset2,37,Maler$$PC.infoPanel,FIELD,C:\Users\JBNU\git\ConstraintsRecovery\assets\tankwar\asset2:IF:8-332,asset2,true,FIELD_REFERENCE,infoPanel = new InfoPanel(((Maler) this));,TankWar_P1|TankWar_P2|TankWar_P3|TankWar_P4|TankWar_P5,TankWar_P1|TankWar_P2|TankWar_P3|TankWar_P4|TankWar_P5
D1120,RC-0433,C:\Users\JBNU\git\ConstraintsRecovery\assets\tankwar\asset2,50,Maler$$PC.init,METHOD,C:\Users\JBNU\git\ConstraintsRecovery\assets\tankwar\asset2:IF:8-332,asset2,true,C:\Users\JBNU\git\ConstraintsRecovery\assets\tankwar\asset2,38,Maler$$PC.infoWidth,FIELD,C:\Users\JBNU\git\ConstraintsRecovery\assets\tankwar\asset2:IF:8-332,asset2,true,FIELD_REFERENCE,infoWidth = InfoPanel.INFO_WIDTH;,TankWar_P1|TankWar_P2|TankWar_P3|TankWar_P4|TankWar_P5,TankWar_P1|TankWar_P2|TankWar_P3|TankWar_P4|TankWar_P5
D1123,RC-0433,C:\Users\JBNU\git\ConstraintsRecovery\assets\tankwar\asset2,51,Maler$$PC.init,METHOD,C:\Users\JBNU\git\ConstraintsRecovery\assets\tankwar\asset2:IF:8-332,asset2,true,C:\Users\JBNU\git\ConstraintsRecovery\assets\tankwar\asset2,38,Maler$$PC.infoWidth,FIELD,C:\Users\JBNU\git\ConstraintsRecovery\assets\tankwar\asset2:IF:8-332,asset2,true,FIELD_REFERENCE,"((Maler) this).setSize(GAME_WIDTH + infoWidth, GAME_HEIGHT);",TankWar_P1|TankWar_P2|TankWar_P3|TankWar_P4|TankWar_P5,TankWar_P1|TankWar_P2|TankWar_P3|TankWar_P4|TankWar_P5
D1066,RC-0434,C:\Users\JBNU\git\ConstraintsRecovery\assets\tankwar\asset2,223,Maler$$PC.keyPressedBehandeln,METHOD,C:\Users\JBNU\git\ConstraintsRecovery\assets\tankwar\asset2:IF:8-332,asset2,true,C:\Users\JBNU\git\ConstraintsRecovery\assets\tankwar\asset2,35,Maler$$PC.menu,FIELD,C:\Users\JBNU\git\ConstraintsRecovery\assets\tankwar\asset2:IF:8-332,asset2,true,FIELD_REFERENCE,if (menu != null) {,TankWar_P1|TankWar_P2|TankWar_P3|TankWar_P4|TankWar_P5,TankWar_P1|TankWar_P2|TankWar_P3|TankWar_P4|TankWar_P5
D1067,RC-0434,C:\Users\JBNU\git\ConstraintsRecovery\assets\tankwar\asset2,224,Maler$$PC.keyPressedBehandeln,METHOD,C:\Users\JBNU\git\ConstraintsRecovery\assets\tankwar\asset2:IF:8-332,asset2,true,C:\Users\JBNU\git\ConstraintsRecovery\assets\tankwar\asset2,35,Maler$$PC.menu,FIELD,C:\Users\JBNU\git\ConstraintsRecovery\assets\tankwar\asset2:IF:8-332,asset2,true,FIELD_REFERENCE,menu.KeyBehandeln(key);,TankWar_P1|TankWar_P2|TankWar_P3|TankWar_P4|TankWar_P5,TankWar_P1|TankWar_P2|TankWar_P3|TankWar_P4|TankWar_P5
D922,RC-0435,C:\Users\JBNU\git\ConstraintsRecovery\assets\tankwar\asset2,118,Maler$$PC.loadImage,METHOD,C:\Users\JBNU\git\ConstraintsRecovery\assets\tankwar\asset2:IF:8-332,asset2,true,C:\Users\JBNU\git\ConstraintsRecovery\assets\tankwar\asset2,42,Maler$$PC.tk,FIELD,C:\Users\JBNU\git\ConstraintsRecovery\assets\tankwar\asset2:IF:8-332,asset2,true,FIELD_REFERENCE,"Image tempimage = tk.getImage(Tank.class.getClassLoader().getResource(""images/"" + str));",TankWar_P1|TankWar_P2|TankWar_P3|TankWar_P4|TankWar_P5,TankWar_P1|TankWar_P2|TankWar_P3|TankWar_P4|TankWar_P5
D1137,RC-0436,C:\Users\JBNU\git\ConstraintsRecovery\assets\tankwar\asset2,77,Maler$$PC.mainMenu,METHOD,C:\Users\JBNU\git\ConstraintsRecovery\assets\tankwar\asset2:IF:8-332,asset2,true,C:\Users\JBNU\git\ConstraintsRecovery\assets\tankwar\asset2,33,Maler$$PC.gTemp,FIELD,C:\Users\JBNU\git\ConstraintsRecovery\assets\tankwar\asset2:IF:8-332,asset2,true,FIELD_REFERENCE,menu.erscheinen(gTemp);,TankWar_P1|TankWar_P2|TankWar_P3|TankWar_P4|TankWar_P5,TankWar_P1|TankWar_P2|TankWar_P3|TankWar_P4|TankWar_P5
D1136,RC-0437,C:\Users\JBNU\git\ConstraintsRecovery\assets\tankwar\asset2,75,Maler$$PC.mainMenu,METHOD,C:\Users\JBNU\git\ConstraintsRecovery\assets\tankwar\asset2:IF:8-332,asset2,true,C:\Users\JBNU\git\ConstraintsRecovery\assets\tankwar\asset2,79,Maler$$PC.mainMenuerstellen,METHOD,C:\Users\JBNU\git\ConstraintsRecovery\assets\tankwar\asset2:IF:8-332,asset2,true,METHOD_CALL,mainMenuerstellen();,TankWar_P1|TankWar_P2|TankWar_P3|TankWar_P4|TankWar_P5,TankWar_P1|TankWar_P2|TankWar_P3|TankWar_P4|TankWar_P5
D1135,RC-0438,C:\Users\JBNU\git\ConstraintsRecovery\assets\tankwar\asset2,74,Maler$$PC.mainMenu,METHOD,C:\Users\JBNU\git\ConstraintsRecovery\assets\tankwar\asset2:IF:8-332,asset2,true,C:\Users\JBNU\git\ConstraintsRecovery\assets\tankwar\asset2,35,Maler$$PC.menu,FIELD,C:\Users\JBNU\git\ConstraintsRecovery\assets\tankwar\asset2:IF:8-332,asset2,true,FIELD_REFERENCE,if (menu == null) {,TankWar_P1|TankWar_P2|TankWar_P3|TankWar_P4|TankWar_P5,TankWar_P1|TankWar_P2|TankWar_P3|TankWar_P4|TankWar_P5
D1138,RC-0438,C:\Users\JBNU\git\ConstraintsRecovery\assets\tankwar\asset2,77,Maler$$PC.mainMenu,METHOD,C:\Users\JBNU\git\ConstraintsRecovery\assets\tankwar\asset2:IF:8-332,asset2,true,C:\Users\JBNU\git\ConstraintsRecovery\assets\tankwar\asset2,35,Maler$$PC.menu,FIELD,C:\Users\JBNU\git\ConstraintsRecovery\assets\tankwar\asset2:IF:8-332,asset2,true,FIELD_REFERENCE,menu.erscheinen(gTemp);,TankWar_P1|TankWar_P2|TankWar_P3|TankWar_P4|TankWar_P5,TankWar_P1|TankWar_P2|TankWar_P3|TankWar_P4|TankWar_P5
D1141,RC-0439,C:\Users\JBNU\git\ConstraintsRecovery\assets\tankwar\asset2,80,Maler$$PC.mainMenuerstellen,METHOD,C:\Users\JBNU\git\ConstraintsRecovery\assets\tankwar\asset2:IF:8-332,asset2,true,C:\Users\JBNU\git\ConstraintsRecovery\assets\tankwar\asset2,32,Maler$$PC.GAME_HEIGHT,FIELD,C:\Users\JBNU\git\ConstraintsRecovery\assets\tankwar\asset2:IF:8-332,asset2,true,FIELD_REFERENCE,"((Maler) this).setSize(GAME_WIDTH + infoWidth, GAME_HEIGHT);",TankWar_P1|TankWar_P2|TankWar_P3|TankWar_P4|TankWar_P5,TankWar_P1|TankWar_P2|TankWar_P3|TankWar_P4|TankWar_P5
D1152,RC-0439,C:\Users\JBNU\git\ConstraintsRecovery\assets\tankwar\asset2,87,Maler$$PC.mainMenuerstellen,METHOD,C:\Users\JBNU\git\ConstraintsRecovery\assets\tankwar\asset2:IF:8-332,asset2,true,C:\Users\JBNU\git\ConstraintsRecovery\assets\tankwar\asset2,32,Maler$$PC.GAME_HEIGHT,FIELD,C:\Users\JBNU\git\ConstraintsRecovery\assets\tankwar\asset2:IF:8-332,asset2,true,FIELD_REFERENCE,"menu.setKoordinateImage((GAME_WIDTH + infoWidth) / 2, GAME_HEIGHT * 2 / 3);",TankWar_P1|TankWar_P2|TankWar_P3|TankWar_P4|TankWar_P5,TankWar_P1|TankWar_P2|TankWar_P3|TankWar_P4|TankWar_P5
D1159,RC-0439,C:\Users\JBNU\git\ConstraintsRecovery\assets\tankwar\asset2,89,Maler$$PC.mainMenuerstellen,METHOD,C:\Users\JBNU\git\ConstraintsRecovery\assets\tankwar\asset2:IF:8-332,asset2,true,C:\Users\JBNU\git\ConstraintsRecovery\assets\tankwar\asset2,32,Maler$$PC.GAME_HEIGHT,FIELD,C:\Users\JBNU\git\ConstraintsRecovery\assets\tankwar\asset2:IF:8-332,asset2,true,FIELD_REFERENCE,"menu.addLogo(loadImage(""15.png"", (GAME_WIDTH + infoWidth), GAME_HEIGHT));",TankWar_P1|TankWar_P2|TankWar_P3|TankWar_P4|TankWar_P5,TankWar_P1|TankWar_P2|TankWar_P3|TankWar_P4|TankWar_P5
D1140,RC-0440,C:\Users\JBNU\git\ConstraintsRecovery\assets\tankwar\asset2,80,Maler$$PC.mainMenuerstellen,METHOD,C:\Users\JBNU\git\ConstraintsRecovery\assets\tankwar\asset2:IF:8-332,asset2,true,C:\Users\JBNU\git\ConstraintsRecovery\assets\tankwar\asset2,31,Maler$$PC.GAME_WIDTH,FIELD,C:\Users\JBNU\git\ConstraintsRecovery\assets\tankwar\asset2:IF:8-332,asset2,true,FIELD_REFERENCE,"((Maler) this).setSize(GAME_WIDTH + infoWidth, GAME_HEIGHT);",TankWar_P1|TankWar_P2|TankWar_P3|TankWar_P4|TankWar_P5,TankWar_P1|TankWar_P2|TankWar_P3|TankWar_P4|TankWar_P5
D1151,RC-0440,C:\Users\JBNU\git\ConstraintsRecovery\assets\tankwar\asset2,87,Maler$$PC.mainMenuerstellen,METHOD,C:\Users\JBNU\git\ConstraintsRecovery\assets\tankwar\asset2:IF:8-332,asset2,true,C:\Users\JBNU\git\ConstraintsRecovery\assets\tankwar\asset2,31,Maler$$PC.GAME_WIDTH,FIELD,C:\Users\JBNU\git\ConstraintsRecovery\assets\tankwar\asset2:IF:8-332,asset2,true,FIELD_REFERENCE,"menu.setKoordinateImage((GAME_WIDTH + infoWidth) / 2, GAME_HEIGHT * 2 / 3);",TankWar_P1|TankWar_P2|TankWar_P3|TankWar_P4|TankWar_P5,TankWar_P1|TankWar_P2|TankWar_P3|TankWar_P4|TankWar_P5
D1158,RC-0440,C:\Users\JBNU\git\ConstraintsRecovery\assets\tankwar\asset2,89,Maler$$PC.mainMenuerstellen,METHOD,C:\Users\JBNU\git\ConstraintsRecovery\assets\tankwar\asset2:IF:8-332,asset2,true,C:\Users\JBNU\git\ConstraintsRecovery\assets\tankwar\asset2,31,Maler$$PC.GAME_WIDTH,FIELD,C:\Users\JBNU\git\ConstraintsRecovery\assets\tankwar\asset2:IF:8-332,asset2,true,FIELD_REFERENCE,"menu.addLogo(loadImage(""15.png"", (GAME_WIDTH + infoWidth), GAME_HEIGHT));",TankWar_P1|TankWar_P2|TankWar_P3|TankWar_P4|TankWar_P5,TankWar_P1|TankWar_P2|TankWar_P3|TankWar_P4|TankWar_P5
D1143,RC-0441,C:\Users\JBNU\git\ConstraintsRecovery\assets\tankwar\asset2,81,Maler$$PC.mainMenuerstellen,METHOD,C:\Users\JBNU\git\ConstraintsRecovery\assets\tankwar\asset2:IF:8-332,asset2,true,C:\Users\JBNU\git\ConstraintsRecovery\assets\tankwar\asset2,36,Maler$$PC.frame,FIELD,C:\Users\JBNU\git\ConstraintsRecovery\assets\tankwar\asset2:IF:8-332,asset2,true,FIELD_REFERENCE,frame.pack();,TankWar_P1|TankWar_P2|TankWar_P3|TankWar_P4|TankWar_P5,TankWar_P1|TankWar_P2|TankWar_P3|TankWar_P4|TankWar_P5
D1142,RC-0442,C:\Users\JBNU\git\ConstraintsRecovery\assets\tankwar\asset2,80,Maler$$PC.mainMenuerstellen,METHOD,C:\Users\JBNU\git\ConstraintsRecovery\assets\tankwar\asset2:IF:8-332,asset2,true,C:\Users\JBNU\git\ConstraintsRecovery\assets\tankwar\asset2,38,Maler$$PC.infoWidth,FIELD,C:\Users\JBNU\git\ConstraintsRecovery\assets\tankwar\asset2:IF:8-332,asset2,true,FIELD_REFERENCE,"((Maler) this).setSize(GAME_WIDTH + infoWidth, GAME_HEIGHT);",TankWar_P1|TankWar_P2|TankWar_P3|TankWar_P4|TankWar_P5,TankWar_P1|TankWar_P2|TankWar_P3|TankWar_P4|TankWar_P5
D1154,RC-0442,C:\Users\JBNU\git\ConstraintsRecovery\assets\tankwar\asset2,87,Maler$$PC.mainMenuerstellen,METHOD,C:\Users\JBNU\git\ConstraintsRecovery\assets\tankwar\asset2:IF:8-332,asset2,true,C:\Users\JBNU\git\ConstraintsRecovery\assets\tankwar\asset2,38,Maler$$PC.infoWidth,FIELD,C:\Users\JBNU\git\ConstraintsRecovery\assets\tankwar\asset2:IF:8-332,asset2,true,FIELD_REFERENCE,"menu.setKoordinateImage((GAME_WIDTH + infoWidth) / 2, GAME_HEIGHT * 2 / 3);",TankWar_P1|TankWar_P2|TankWar_P3|TankWar_P4|TankWar_P5,TankWar_P1|TankWar_P2|TankWar_P3|TankWar_P4|TankWar_P5
D1161,RC-0442,C:\Users\JBNU\git\ConstraintsRecovery\assets\tankwar\asset2,89,Maler$$PC.mainMenuerstellen,METHOD,C:\Users\JBNU\git\ConstraintsRecovery\assets\tankwar\asset2:IF:8-332,asset2,true,C:\Users\JBNU\git\ConstraintsRecovery\assets\tankwar\asset2,38,Maler$$PC.infoWidth,FIELD,C:\Users\JBNU\git\ConstraintsRecovery\assets\tankwar\asset2:IF:8-332,asset2,true,FIELD_REFERENCE,"menu.addLogo(loadImage(""15.png"", (GAME_WIDTH + infoWidth), GAME_HEIGHT));",TankWar_P1|TankWar_P2|TankWar_P3|TankWar_P4|TankWar_P5,TankWar_P1|TankWar_P2|TankWar_P3|TankWar_P4|TankWar_P5
D1163,RC-0443,C:\Users\JBNU\git\ConstraintsRecovery\assets\tankwar\asset2,89,Maler$$PC.mainMenuerstellen,METHOD,C:\Users\JBNU\git\ConstraintsRecovery\assets\tankwar\asset2:IF:8-332,asset2,true,C:\Users\JBNU\git\ConstraintsRecovery\assets\tankwar\asset2,117,Maler$$PC.loadImage,METHOD,C:\Users\JBNU\git\ConstraintsRecovery\assets\tankwar\asset2:IF:8-332,asset2,true,METHOD_CALL,"menu.addLogo(loadImage(""15.png"", (GAME_WIDTH + infoWidth), GAME_HEIGHT));",TankWar_P1|TankWar_P2|TankWar_P3|TankWar_P4|TankWar_P5,TankWar_P1|TankWar_P2|TankWar_P3|TankWar_P4|TankWar_P5
D1145,RC-0444,C:\Users\JBNU\git\ConstraintsRecovery\assets\tankwar\asset2,82,Maler$$PC.mainMenuerstellen,METHOD,C:\Users\JBNU\git\ConstraintsRecovery\assets\tankwar\asset2:IF:8-332,asset2,true,C:\Users\JBNU\git\ConstraintsRecovery\assets\tankwar\asset2,35,Maler$$PC.menu,FIELD,C:\Users\JBNU\git\ConstraintsRecovery\assets\tankwar\asset2:IF:8-332,asset2,true,FIELD_REFERENCE,menu = new Menu(((Maler) this));,TankWar_P1|TankWar_P2|TankWar_P3|TankWar_P4|TankWar_P5,TankWar_P1|TankWar_P2|TankWar_P3|TankWar_P4|TankWar_P5
D1146,RC-0444,C:\Users\JBNU\git\ConstraintsRecovery\assets\tankwar\asset2,83,Maler$$PC.mainMenuerstellen,METHOD,C:\Users\JBNU\git\ConstraintsRecovery\assets\tankwar\asset2:IF:8-332,asset2,true,C:\Users\JBNU\git\ConstraintsRecovery\assets\tankwar\asset2,35,Maler$$PC.menu,FIELD,C:\Users\JBNU\git\ConstraintsRecovery\assets\tankwar\asset2:IF:8-332,asset2,true,FIELD_REFERENCE,"menu.add(Sprach.START, 0);",TankWar_P1|TankWar_P2|TankWar_P3|TankWar_P4|TankWar_P5,TankWar_P1|TankWar_P2|TankWar_P3|TankWar_P4|TankWar_P5
D1147,RC-0444,C:\Users\JBNU\git\ConstraintsRecovery\assets\tankwar\asset2,84,Maler$$PC.mainMenuerstellen,METHOD,C:\Users\JBNU\git\ConstraintsRecovery\assets\tankwar\asset2:IF:8-332,asset2,true,C:\Users\JBNU\git\ConstraintsRecovery\assets\tankwar\asset2,35,Maler$$PC.menu,FIELD,C:\Users\JBNU\git\ConstraintsRecovery\assets\tankwar\asset2:IF:8-332,asset2,true,FIELD_REFERENCE,"menu.add(Sprach.HELP, 10);",TankWar_P1|TankWar_P2|TankWar_P3|TankWar_P4|TankWar_P5,TankWar_P1|TankWar_P2|TankWar_P3|TankWar_P4|TankWar_P5
D1148,RC-0444,C:\Users\JBNU\git\ConstraintsRecovery\assets\tankwar\asset2,85,Maler$$PC.mainMenuerstellen,METHOD,C:\Users\JBNU\git\ConstraintsRecovery\assets\tankwar\asset2:IF:8-332,asset2,true,C:\Users\JBNU\git\ConstraintsRecovery\assets\tankwar\asset2,35,Maler$$PC.menu,FIELD,C:\Users\JBNU\git\ConstraintsRecovery\assets\tankwar\asset2:IF:8-332,asset2,true,FIELD_REFERENCE,"menu.add(Sprach.EXIT, 11);",TankWar_P1|TankWar_P2|TankWar_P3|TankWar_P4|TankWar_P5,TankWar_P1|TankWar_P2|TankWar_P3|TankWar_P4|TankWar_P5
D1149,RC-0444,C:\Users\JBNU\git\ConstraintsRecovery\assets\tankwar\asset2,86,Maler$$PC.mainMenuerstellen,METHOD,C:\Users\JBNU\git\ConstraintsRecovery\assets\tankwar\asset2:IF:8-332,asset2,true,C:\Users\JBNU\git\ConstraintsRecovery\assets\tankwar\asset2,35,Maler$$PC.menu,FIELD,C:\Users\JBNU\git\ConstraintsRecovery\assets\tankwar\asset2:IF:8-332,asset2,true,FIELD_REFERENCE,menu.setStyle(0);,TankWar_P1|TankWar_P2|TankWar_P3|TankWar_P4|TankWar_P5,TankWar_P1|TankWar_P2|TankWar_P3|TankWar_P4|TankWar_P5
D1153,RC-0444,C:\Users\JBNU\git\ConstraintsRecovery\assets\tankwar\asset2,87,Maler$$PC.mainMenuerstellen,METHOD,C:\Users\JBNU\git\ConstraintsRecovery\assets\tankwar\asset2:IF:8-332,asset2,true,C:\Users\JBNU\git\ConstraintsRecovery\assets\tankwar\asset2,35,Maler$$PC.menu,FIELD,C:\Users\JBNU\git\ConstraintsRecovery\assets\tankwar\asset2:IF:8-332,asset2,true,FIELD_REFERENCE,"menu.setKoordinateImage((GAME_WIDTH + infoWidth) / 2, GAME_HEIGHT * 2 / 3);",TankWar_P1|TankWar_P2|TankWar_P3|TankWar_P4|TankWar_P5,TankWar_P1|TankWar_P2|TankWar_P3|TankWar_P4|TankWar_P5
D1156,RC-0444,C:\Users\JBNU\git\ConstraintsRecovery\assets\tankwar\asset2,88,Maler$$PC.mainMenuerstellen,METHOD,C:\Users\JBNU\git\ConstraintsRecovery\assets\tankwar\asset2:IF:8-332,asset2,true,C:\Users\JBNU\git\ConstraintsRecovery\assets\tankwar\asset2,35,Maler$$PC.menu,FIELD,C:\Users\JBNU\git\ConstraintsRecovery\assets\tankwar\asset2:IF:8-332,asset2,true,FIELD_REFERENCE,menu.setZeileAbstand(0);,TankWar_P1|TankWar_P2|TankWar_P3|TankWar_P4|TankWar_P5,TankWar_P1|TankWar_P2|TankWar_P3|TankWar_P4|TankWar_P5
D1160,RC-0444,C:\Users\JBNU\git\ConstraintsRecovery\assets\tankwar\asset2,89,Maler$$PC.mainMenuerstellen,METHOD,C:\Users\JBNU\git\ConstraintsRecovery\assets\tankwar\asset2:IF:8-332,asset2,true,C:\Users\JBNU\git\ConstraintsRecovery\assets\tankwar\asset2,35,Maler$$PC.menu,FIELD,C:\Users\JBNU\git\ConstraintsRecovery\assets\tankwar\asset2:IF:8-332,asset2,true,FIELD_REFERENCE,"menu.addLogo(loadImage(""15.png"", (GAME_WIDTH + infoWidth), GAME_HEIGHT));",TankWar_P1|TankWar_P2|TankWar_P3|TankWar_P4|TankWar_P5,TankWar_P1|TankWar_P2|TankWar_P3|TankWar_P4|TankWar_P5
D1164,RC-0444,C:\Users\JBNU\git\ConstraintsRecovery\assets\tankwar\asset2,90,Maler$$PC.mainMenuerstellen,METHOD,C:\Users\JBNU\git\ConstraintsRecovery\assets\tankwar\asset2:IF:8-332,asset2,true,C:\Users\JBNU\git\ConstraintsRecovery\assets\tankwar\asset2,35,Maler$$PC.menu,FIELD,C:\Users\JBNU\git\ConstraintsRecovery\assets\tankwar\asset2:IF:8-332,asset2,true,FIELD_REFERENCE,"menu.setLogoKoordinate(0, 0);",TankWar_P1|TankWar_P2|TankWar_P3|TankWar_P4|TankWar_P5,TankWar_P1|TankWar_P2|TankWar_P3|TankWar_P4|TankWar_P5
D1069,RC-0445,C:\Users\JBNU\git\ConstraintsRecovery\assets\tankwar\asset2,230,Maler$$PC.menuBehandeln,METHOD,C:\Users\JBNU\git\ConstraintsRecovery\assets\tankwar\asset2:IF:8-332,asset2,true,C:\Users\JBNU\git\ConstraintsRecovery\assets\tankwar\asset2,30,Maler$$PC.gameManager,FIELD,C:\Users\JBNU\git\ConstraintsRecovery\assets\tankwar\asset2:IF:8-332,asset2,true,FIELD_REFERENCE,((Maler) this).gameManager.setStatus(GameManager.TANK_WAEHLEN);,TankWar_P1|TankWar_P2|TankWar_P3|TankWar_P4|TankWar_P5,TankWar_P1|TankWar_P2|TankWar_P3|TankWar_P4|TankWar_P5
D1071,RC-0445,C:\Users\JBNU\git\ConstraintsRecovery\assets\tankwar\asset2,235,Maler$$PC.menuBehandeln,METHOD,C:\Users\JBNU\git\ConstraintsRecovery\assets\tankwar\asset2:IF:8-332,asset2,true,C:\Users\JBNU\git\ConstraintsRecovery\assets\tankwar\asset2,30,Maler$$PC.gameManager,FIELD,C:\Users\JBNU\git\ConstraintsRecovery\assets\tankwar\asset2:IF:8-332,asset2,true,FIELD_REFERENCE,((Maler) this).gameManager.setStatus(GameManager.MAIN_MENU);,TankWar_P1|TankWar_P2|TankWar_P3|TankWar_P4|TankWar_P5,TankWar_P1|TankWar_P2|TankWar_P3|TankWar_P4|TankWar_P5
D1073,RC-0445,C:\Users\JBNU\git\ConstraintsRecovery\assets\tankwar\asset2,240,Maler$$PC.menuBehandeln,METHOD,C:\Users\JBNU\git\ConstraintsRecovery\assets\tankwar\asset2:IF:8-332,asset2,true,C:\Users\JBNU\git\ConstraintsRecovery\assets\tankwar\asset2,30,Maler$$PC.gameManager,FIELD,C:\Users\JBNU\git\ConstraintsRecovery\assets\tankwar\asset2:IF:8-332,asset2,true,FIELD_REFERENCE,((Maler) this).gameManager.setStatus(GameManager.NOTE);,TankWar_P1|TankWar_P2|TankWar_P3|TankWar_P4|TankWar_P5,TankWar_P1|TankWar_P2|TankWar_P3|TankWar_P4|TankWar_P5
D1075,RC-0445,C:\Users\JBNU\git\ConstraintsRecovery\assets\tankwar\asset2,245,Maler$$PC.menuBehandeln,METHOD,C:\Users\JBNU\git\ConstraintsRecovery\assets\tankwar\asset2:IF:8-332,asset2,true,C:\Users\JBNU\git\ConstraintsRecovery\assets\tankwar\asset2,30,Maler$$PC.gameManager,FIELD,C:\Users\JBNU\git\ConstraintsRecovery\assets\tankwar\asset2:IF:8-332,asset2,true,FIELD_REFERENCE,((Maler) this).gameManager.setStatus(GameManager.MAIN_MENU);,TankWar_P1|TankWar_P2|TankWar_P3|TankWar_P4|TankWar_P5,TankWar_P1|TankWar_P2|TankWar_P3|TankWar_P4|TankWar_P5
D1077,RC-0445,C:\Users\JBNU\git\ConstraintsRecovery\assets\tankwar\asset2,250,Maler$$PC.menuBehandeln,METHOD,C:\Users\JBNU\git\ConstraintsRecovery\assets\tankwar\asset2:IF:8-332,asset2,true,C:\Users\JBNU\git\ConstraintsRecovery\assets\tankwar\asset2,30,Maler$$PC.gameManager,FIELD,C:\Users\JBNU\git\ConstraintsRecovery\assets\tankwar\asset2:IF:8-332,asset2,true,FIELD_REFERENCE,gameManager.setStatus(GameManager.HELP);,TankWar_P1|TankWar_P2|TankWar_P3|TankWar_P4|TankWar_P5,TankWar_P1|TankWar_P2|TankWar_P3|TankWar_P4|TankWar_P5
D1079,RC-0445,C:\Users\JBNU\git\ConstraintsRecovery\assets\tankwar\asset2,255,Maler$$PC.menuBehandeln,METHOD,C:\Users\JBNU\git\ConstraintsRecovery\assets\tankwar\asset2:IF:8-332,asset2,true,C:\Users\JBNU\git\ConstraintsRecovery\assets\tankwar\asset2,30,Maler$$PC.gameManager,FIELD,C:\Users\JBNU\git\ConstraintsRecovery\assets\tankwar\asset2:IF:8-332,asset2,true,FIELD_REFERENCE,((Maler) this).gameManager.setStatus(GameManager.MAIN_MENU);,TankWar_P1|TankWar_P2|TankWar_P3|TankWar_P4|TankWar_P5,TankWar_P1|TankWar_P2|TankWar_P3|TankWar_P4|TankWar_P5
D1081,RC-0445,C:\Users\JBNU\git\ConstraintsRecovery\assets\tankwar\asset2,263,Maler$$PC.menuBehandeln,METHOD,C:\Users\JBNU\git\ConstraintsRecovery\assets\tankwar\asset2:IF:8-332,asset2,true,C:\Users\JBNU\git\ConstraintsRecovery\assets\tankwar\asset2,30,Maler$$PC.gameManager,FIELD,C:\Users\JBNU\git\ConstraintsRecovery\assets\tankwar\asset2:IF:8-332,asset2,true,FIELD_REFERENCE,((Maler) this).gameManager.setStatus(GameManager.SPIELEN);,TankWar_P1|TankWar_P2|TankWar_P3|TankWar_P4|TankWar_P5,TankWar_P1|TankWar_P2|TankWar_P3|TankWar_P4|TankWar_P5
D1086,RC-0445,C:\Users\JBNU\git\ConstraintsRecovery\assets\tankwar\asset2,273,Maler$$PC.menuBehandeln,METHOD,C:\Users\JBNU\git\ConstraintsRecovery\assets\tankwar\asset2:IF:8-332,asset2,true,C:\Users\JBNU\git\ConstraintsRecovery\assets\tankwar\asset2,30,Maler$$PC.gameManager,FIELD,C:\Users\JBNU\git\ConstraintsRecovery\assets\tankwar\asset2:IF:8-332,asset2,true,FIELD_REFERENCE,gameManager.setStatus(GameManager.LEVEL);,TankWar_P1|TankWar_P2|TankWar_P3|TankWar_P4|TankWar_P5,TankWar_P1|TankWar_P2|TankWar_P3|TankWar_P4|TankWar_P5
D1089,RC-0445,C:\Users\JBNU\git\ConstraintsRecovery\assets\tankwar\asset2,279,Maler$$PC.menuBehandeln,METHOD,C:\Users\JBNU\git\ConstraintsRecovery\assets\tankwar\asset2:IF:8-332,asset2,true,C:\Users\JBNU\git\ConstraintsRecovery\assets\tankwar\asset2,30,Maler$$PC.gameManager,FIELD,C:\Users\JBNU\git\ConstraintsRecovery\assets\tankwar\asset2:IF:8-332,asset2,true,FIELD_REFERENCE,gameManager.setStatus(GameManager.LEVEL);,TankWar_P1|TankWar_P2|TankWar_P3|TankWar_P4|TankWar_P5,TankWar_P1|TankWar_P2|TankWar_P3|TankWar_P4|TankWar_P5
D1092,RC-0445,C:\Users\JBNU\git\ConstraintsRecovery\assets\tankwar\asset2,285,Maler$$PC.menuBehandeln,METHOD,C:\Users\JBNU\git\ConstraintsRecovery\assets\tankwar\asset2:IF:8-332,asset2,true,C:\Users\JBNU\git\ConstraintsRecovery\assets\tankwar\asset2,30,Maler$$PC.gameManager,FIELD,C:\Users\JBNU\git\ConstraintsRecovery\assets\tankwar\asset2:IF:8-332,asset2,true,FIELD_REFERENCE,gameManager.setStatus(GameManager.LEVEL);,TankWar_P1|TankWar_P2|TankWar_P3|TankWar_P4|TankWar_P5,TankWar_P1|TankWar_P2|TankWar_P3|TankWar_P4|TankWar_P5
D1083,RC-0446,C:\Users\JBNU\git\ConstraintsRecovery\assets\tankwar\asset2,267,Maler$$PC.menuBehandeln,METHOD,C:\Users\JBNU\git\ConstraintsRecovery\assets\tankwar\asset2:IF:8-332,asset2,true,C:\Users\JBNU\git\ConstraintsRecovery\assets\tankwar\asset2,203,Maler$$PC.gamescreenstart,METHOD,C:\Users\JBNU\git\ConstraintsRecovery\assets\tankwar\asset2:IF:8-332,asset2,true,METHOD_CALL,gamescreenstart();,TankWar_P1|TankWar_P2|TankWar_P3|TankWar_P4|TankWar_P5,TankWar_P1|TankWar_P2|TankWar_P3|TankWar_P4|TankWar_P5
D1070,RC-0447,C:\Users\JBNU\git\ConstraintsRecovery\assets\tankwar\asset2,231,Maler$$PC.menuBehandeln,METHOD,C:\Users\JBNU\git\ConstraintsRecovery\assets\tankwar\asset2:IF:8-332,asset2,true,C:\Users\JBNU\git\ConstraintsRecovery\assets\tankwar\asset2,35,Maler$$PC.menu,FIELD,C:\Users\JBNU\git\ConstraintsRecovery\assets\tankwar\asset2:IF:8-332,asset2,true,FIELD_REFERENCE,menu = null;,TankWar_P1|TankWar_P2|TankWar_P3|TankWar_P4|TankWar_P5,TankWar_P1|TankWar_P2|TankWar_P3|TankWar_P4|TankWar_P5
D1072,RC-0447,C:\Users\JBNU\git\ConstraintsRecovery\assets\tankwar\asset2,236,Maler$$PC.menuBehandeln,METHOD,C:\Users\JBNU\git\ConstraintsRecovery\assets\tankwar\asset2:IF:8-332,asset2,true,C:\Users\JBNU\git\ConstraintsRecovery\assets\tankwar\asset2,35,Maler$$PC.menu,FIELD,C:\Users\JBNU\git\ConstraintsRecovery\assets\tankwar\asset2:IF:8-332,asset2,true,FIELD_REFERENCE,menu = null;,TankWar_P1|TankWar_P2|TankWar_P3|TankWar_P4|TankWar_P5,TankWar_P1|TankWar_P2|TankWar_P3|TankWar_P4|TankWar_P5
D1074,RC-0447,C:\Users\JBNU\git\ConstraintsRecovery\assets\tankwar\asset2,241,Maler$$PC.menuBehandeln,METHOD,C:\Users\JBNU\git\ConstraintsRecovery\assets\tankwar\asset2:IF:8-332,asset2,true,C:\Users\JBNU\git\ConstraintsRecovery\assets\tankwar\asset2,35,Maler$$PC.menu,FIELD,C:\Users\JBNU\git\ConstraintsRecovery\assets\tankwar\asset2:IF:8-332,asset2,true,FIELD_REFERENCE,menu = null;,TankWar_P1|TankWar_P2|TankWar_P3|TankWar_P4|TankWar_P5,TankWar_P1|TankWar_P2|TankWar_P3|TankWar_P4|TankWar_P5
D1076,RC-0447,C:\Users\JBNU\git\ConstraintsRecovery\assets\tankwar\asset2,246,Maler$$PC.menuBehandeln,METHOD,C:\Users\JBNU\git\ConstraintsRecovery\assets\tankwar\asset2:IF:8-332,asset2,true,C:\Users\JBNU\git\ConstraintsRecovery\assets\tankwar\asset2,35,Maler$$PC.menu,FIELD,C:\Users\JBNU\git\ConstraintsRecovery\assets\tankwar\asset2:IF:8-332,asset2,true,FIELD_REFERENCE,menu = null;,TankWar_P1|TankWar_P2|TankWar_P3|TankWar_P4|TankWar_P5,TankWar_P1|TankWar_P2|TankWar_P3|TankWar_P4|TankWar_P5
D1078,RC-0447,C:\Users\JBNU\git\ConstraintsRecovery\assets\tankwar\asset2,251,Maler$$PC.menuBehandeln,METHOD,C:\Users\JBNU\git\ConstraintsRecovery\assets\tankwar\asset2:IF:8-332,asset2,true,C:\Users\JBNU\git\ConstraintsRecovery\assets\tankwar\asset2,35,Maler$$PC.menu,FIELD,C:\Users\JBNU\git\ConstraintsRecovery\assets\tankwar\asset2:IF:8-332,asset2,true,FIELD_REFERENCE,menu = null;,TankWar_P1|TankWar_P2|TankWar_P3|TankWar_P4|TankWar_P5,TankWar_P1|TankWar_P2|TankWar_P3|TankWar_P4|TankWar_P5
D1080,RC-0447,C:\Users\JBNU\git\ConstraintsRecovery\assets\tankwar\asset2,256,Maler$$PC.menuBehandeln,METHOD,C:\Users\JBNU\git\ConstraintsRecovery\assets\tankwar\asset2:IF:8-332,asset2,true,C:\Users\JBNU\git\ConstraintsRecovery\assets\tankwar\asset2,35,Maler$$PC.menu,FIELD,C:\Users\JBNU\git\ConstraintsRecovery\assets\tankwar\asset2:IF:8-332,asset2,true,FIELD_REFERENCE,menu = null;,TankWar_P1|TankWar_P2|TankWar_P3|TankWar_P4|TankWar_P5,TankWar_P1|TankWar_P2|TankWar_P3|TankWar_P4|TankWar_P5
D1082,RC-0447,C:\Users\JBNU\git\ConstraintsRecovery\assets\tankwar\asset2,264,Maler$$PC.menuBehandeln,METHOD,C:\Users\JBNU\git\ConstraintsRecovery\assets\tankwar\asset2:IF:8-332,asset2,true,C:\Users\JBNU\git\ConstraintsRecovery\assets\tankwar\asset2,35,Maler$$PC.menu,FIELD,C:\Users\JBNU\git\ConstraintsRecovery\assets\tankwar\asset2:IF:8-332,asset2,true,FIELD_REFERENCE,menu = null;,TankWar_P1|TankWar_P2|TankWar_P3|TankWar_P4|TankWar_P5,TankWar_P1|TankWar_P2|TankWar_P3|TankWar_P4|TankWar_P5
D1084,RC-0447,C:\Users\JBNU\git\ConstraintsRecovery\assets\tankwar\asset2,270,Maler$$PC.menuBehandeln,METHOD,C:\Users\JBNU\git\ConstraintsRecovery\assets\tankwar\asset2:IF:8-332,asset2,true,C:\Users\JBNU\git\ConstraintsRecovery\assets\tankwar\asset2,35,Maler$$PC.menu,FIELD,C:\Users\JBNU\git\ConstraintsRecovery\assets\tankwar\asset2:IF:8-332,asset2,true,FIELD_REFERENCE,menu = null;,TankWar_P1|TankWar_P2|TankWar_P3|TankWar_P4|TankWar_P5,TankWar_P1|TankWar_P2|TankWar_P3|TankWar_P4|TankWar_P5
D1087,RC-0447,C:\Users\JBNU\git\ConstraintsRecovery\assets\tankwar\asset2,276,Maler$$PC.menuBehandeln,METHOD,C:\Users\JBNU\git\ConstraintsRecovery\assets\tankwar\asset2:IF:8-332,asset2,true,C:\Users\JBNU\git\ConstraintsRecovery\assets\tankwar\asset2,35,Maler$$PC.menu,FIELD,C:\Users\JBNU\git\ConstraintsRecovery\assets\tankwar\asset2:IF:8-332,asset2,true,FIELD_REFERENCE,menu = null;,TankWar_P1|TankWar_P2|TankWar_P3|TankWar_P4|TankWar_P5,TankWar_P1|TankWar_P2|TankWar_P3|TankWar_P4|TankWar_P5
D1090,RC-0447,C:\Users\JBNU\git\ConstraintsRecovery\assets\tankwar\asset2,282,Maler$$PC.menuBehandeln,METHOD,C:\Users\JBNU\git\ConstraintsRecovery\assets\tankwar\asset2:IF:8-332,asset2,true,C:\Users\JBNU\git\ConstraintsRecovery\assets\tankwar\asset2,35,Maler$$PC.menu,FIELD,C:\Users\JBNU\git\ConstraintsRecovery\assets\tankwar\asset2:IF:8-332,asset2,true,FIELD_REFERENCE,menu = null;,TankWar_P1|TankWar_P2|TankWar_P3|TankWar_P4|TankWar_P5,TankWar_P1|TankWar_P2|TankWar_P3|TankWar_P4|TankWar_P5
D1085,RC-0448,C:\Users\JBNU\git\ConstraintsRecovery\assets\tankwar\asset2,271,Maler$$PC.menuBehandeln,METHOD,C:\Users\JBNU\git\ConstraintsRecovery\assets\tankwar\asset2:IF:8-332,asset2,true,C:\Users\JBNU\git\ConstraintsRecovery\assets\tankwar\asset2,41,Maler$$PC.tankType,FIELD,C:\Users\JBNU\git\ConstraintsRecovery\assets\tankwar\asset2:IF:8-332,asset2,true,FIELD_REFERENCE,tankType = 01;,TankWar_P1|TankWar_P2|TankWar_P3|TankWar_P4|TankWar_P5,TankWar_P1|TankWar_P2|TankWar_P3|TankWar_P4|TankWar_P5
D1088,RC-0448,C:\Users\JBNU\git\ConstraintsRecovery\assets\tankwar\asset2,277,Maler$$PC.menuBehandeln,METHOD,C:\Users\JBNU\git\ConstraintsRecovery\assets\tankwar\asset2:IF:8-332,asset2,true,C:\Users\JBNU\git\ConstraintsRecovery\assets\tankwar\asset2,41,Maler$$PC.tankType,FIELD,C:\Users\JBNU\git\ConstraintsRecovery\assets\tankwar\asset2:IF:8-332,asset2,true,FIELD_REFERENCE,tankType = 02;,TankWar_P1|TankWar_P2|TankWar_P3|TankWar_P4|TankWar_P5,TankWar_P1|TankWar_P2|TankWar_P3|TankWar_P4|TankWar_P5
D1091,RC-0448,C:\Users\JBNU\git\ConstraintsRecovery\assets\tankwar\asset2,283,Maler$$PC.menuBehandeln,METHOD,C:\Users\JBNU\git\ConstraintsRecovery\assets\tankwar\asset2:IF:8-332,asset2,true,C:\Users\JBNU\git\ConstraintsRecovery\assets\tankwar\asset2,41,Maler$$PC.tankType,FIELD,C:\Users\JBNU\git\ConstraintsRecovery\assets\tankwar\asset2:IF:8-332,asset2,true,FIELD_REFERENCE,tankType = 03;,TankWar_P1|TankWar_P2|TankWar_P3|TankWar_P4|TankWar_P5,TankWar_P1|TankWar_P2|TankWar_P3|TankWar_P4|TankWar_P5
D1133,RC-0449,C:\Users\JBNU\git\ConstraintsRecovery\assets\tankwar\asset2,68,Maler$$PC.paint,METHOD,C:\Users\JBNU\git\ConstraintsRecovery\assets\tankwar\asset2:IF:8-332,asset2,true,C:\Users\JBNU\git\ConstraintsRecovery\assets\tankwar\asset2,33,Maler$$PC.gTemp,FIELD,C:\Users\JBNU\git\ConstraintsRecovery\assets\tankwar\asset2:IF:8-332,asset2,true,FIELD_REFERENCE,gTemp = g;,TankWar_P1|TankWar_P2|TankWar_P3|TankWar_P4|TankWar_P5,TankWar_P1|TankWar_P2|TankWar_P3|TankWar_P4|TankWar_P5
D1134,RC-0450,C:\Users\JBNU\git\ConstraintsRecovery\assets\tankwar\asset2,70,Maler$$PC.paint,METHOD,C:\Users\JBNU\git\ConstraintsRecovery\assets\tankwar\asset2:IF:8-332,asset2,true,C:\Users\JBNU\git\ConstraintsRecovery\assets\tankwar\asset2,30,Maler$$PC.gameManager,FIELD,C:\Users\JBNU\git\ConstraintsRecovery\assets\tankwar\asset2:IF:8-332,asset2,true,FIELD_REFERENCE,gameManager.malenkontrolle();,TankWar_P1|TankWar_P2|TankWar_P3|TankWar_P4|TankWar_P5,TankWar_P1|TankWar_P2|TankWar_P3|TankWar_P4|TankWar_P5
D1052,RC-0451,C:\Users\JBNU\git\ConstraintsRecovery\assets\tankwar\asset2,214,Maler$$PC.pause,METHOD,C:\Users\JBNU\git\ConstraintsRecovery\assets\tankwar\asset2:IF:8-332,asset2,true,C:\Users\JBNU\git\ConstraintsRecovery\assets\tankwar\asset2,32,Maler$$PC.GAME_HEIGHT,FIELD,C:\Users\JBNU\git\ConstraintsRecovery\assets\tankwar\asset2:IF:8-332,asset2,true,FIELD_REFERENCE,"menu.setKoordinateImage((GAME_WIDTH + infoWidth) / 2, GAME_HEIGHT / 2);",TankWar_P1|TankWar_P2|TankWar_P3|TankWar_P4|TankWar_P5,TankWar_P1|TankWar_P2|TankWar_P3|TankWar_P4|TankWar_P5
D1051,RC-0452,C:\Users\JBNU\git\ConstraintsRecovery\assets\tankwar\asset2,214,Maler$$PC.pause,METHOD,C:\Users\JBNU\git\ConstraintsRecovery\assets\tankwar\asset2:IF:8-332,asset2,true,C:\Users\JBNU\git\ConstraintsRecovery\assets\tankwar\asset2,31,Maler$$PC.GAME_WIDTH,FIELD,C:\Users\JBNU\git\ConstraintsRecovery\assets\tankwar\asset2:IF:8-332,asset2,true,FIELD_REFERENCE,"menu.setKoordinateImage((GAME_WIDTH + infoWidth) / 2, GAME_HEIGHT / 2);",TankWar_P1|TankWar_P2|TankWar_P3|TankWar_P4|TankWar_P5,TankWar_P1|TankWar_P2|TankWar_P3|TankWar_P4|TankWar_P5
D1063,RC-0453,C:\Users\JBNU\git\ConstraintsRecovery\assets\tankwar\asset2,220,Maler$$PC.pause,METHOD,C:\Users\JBNU\git\ConstraintsRecovery\assets\tankwar\asset2:IF:8-332,asset2,true,C:\Users\JBNU\git\ConstraintsRecovery\assets\tankwar\asset2,33,Maler$$PC.gTemp,FIELD,C:\Users\JBNU\git\ConstraintsRecovery\assets\tankwar\asset2:IF:8-332,asset2,true,FIELD_REFERENCE,menu.erscheinen(gTemp);,TankWar_P1|TankWar_P2|TankWar_P3|TankWar_P4|TankWar_P5,TankWar_P1|TankWar_P2|TankWar_P3|TankWar_P4|TankWar_P5
D1054,RC-0454,C:\Users\JBNU\git\ConstraintsRecovery\assets\tankwar\asset2,214,Maler$$PC.pause,METHOD,C:\Users\JBNU\git\ConstraintsRecovery\assets\tankwar\asset2:IF:8-332,asset2,true,C:\Users\JBNU\git\ConstraintsRecovery\assets\tankwar\asset2,38,Maler$$PC.infoWidth,FIELD,C:\Users\JBNU\git\ConstraintsRecovery\assets\tankwar\asset2:IF:8-332,asset2,true,FIELD_REFERENCE,"menu.setKoordinateImage((GAME_WIDTH + infoWidth) / 2, GAME_HEIGHT / 2);",TankWar_P1|TankWar_P2|TankWar_P3|TankWar_P4|TankWar_P5,TankWar_P1|TankWar_P2|TankWar_P3|TankWar_P4|TankWar_P5
D1048,RC-0455,C:\Users\JBNU\git\ConstraintsRecovery\assets\tankwar\asset2,212,Maler$$PC.pause,METHOD,C:\Users\JBNU\git\ConstraintsRecovery\assets\tankwar\asset2:IF:8-332,asset2,true,C:\Users\JBNU\git\ConstraintsRecovery\assets\tankwar\asset2,35,Maler$$PC.menu,FIELD,C:\Users\JBNU\git\ConstraintsRecovery\assets\tankwar\asset2:IF:8-332,asset2,true,FIELD_REFERENCE,if (menu == null) {,TankWar_P1|TankWar_P2|TankWar_P3|TankWar_P4|TankWar_P5,TankWar_P1|TankWar_P2|TankWar_P3|TankWar_P4|TankWar_P5
D1050,RC-0455,C:\Users\JBNU\git\ConstraintsRecovery\assets\tankwar\asset2,213,Maler$$PC.pause,METHOD,C:\Users\JBNU\git\ConstraintsRecovery\assets\tankwar\asset2:IF:8-332,asset2,true,C:\Users\JBNU\git\ConstraintsRecovery\assets\tankwar\asset2,35,Maler$$PC.menu,FIELD,C:\Users\JBNU\git\ConstraintsRecovery\assets\tankwar\asset2:IF:8-332,asset2,true,FIELD_REFERENCE,menu = new Menu(((Maler) this));,TankWar_P1|TankWar_P2|TankWar_P3|TankWar_P4|TankWar_P5,TankWar_P1|TankWar_P2|TankWar_P3|TankWar_P4|TankWar_P5
D1053,RC-0455,C:\Users\JBNU\git\ConstraintsRecovery\assets\tankwar\asset2,214,Maler$$PC.pause,METHOD,C:\Users\JBNU\git\ConstraintsRecovery\assets\tankwar\asset2:IF:8-332,asset2,true,C:\Users\JBNU\git\ConstraintsRecovery\assets\tankwar\asset2,35,Maler$$PC.menu,FIELD,C:\Users\JBNU\git\ConstraintsRecovery\assets\tankwar\asset2:IF:8-332,asset2,true,FIELD_REFERENCE,"menu.setKoordinateImage((GAME_WIDTH + infoWidth) / 2, GAME_HEIGHT / 2);",TankWar_P1|TankWar_P2|TankWar_P3|TankWar_P4|TankWar_P5,TankWar_P1|TankWar_P2|TankWar_P3|TankWar_P4|TankWar_P5
D1056,RC-0455,C:\Users\JBNU\git\ConstraintsRecovery\assets\tankwar\asset2,215,Maler$$PC.pause,METHOD,C:\Users\JBNU\git\ConstraintsRecovery\assets\tankwar\asset2:IF:8-332,asset2,true,C:\Users\JBNU\git\ConstraintsRecovery\assets\tankwar\asset2,35,Maler$$PC.menu,FIELD,C:\Users\JBNU\git\ConstraintsRecovery\assets\tankwar\asset2:IF:8-332,asset2,true,FIELD_REFERENCE,menu.setZeileAbstand(0);,TankWar_P1|TankWar_P2|TankWar_P3|TankWar_P4|TankWar_P5,TankWar_P1|TankWar_P2|TankWar_P3|TankWar_P4|TankWar_P5
D1058,RC-0455,C:\Users\JBNU\git\ConstraintsRecovery\assets\tankwar\asset2,216,Maler$$PC.pause,METHOD,C:\Users\JBNU\git\ConstraintsRecovery\assets\tankwar\asset2:IF:8-332,asset2,true,C:\Users\JBNU\git\ConstraintsRecovery\assets\tankwar\asset2,35,Maler$$PC.menu,FIELD,C:\Users\JBNU\git\ConstraintsRecovery\assets\tankwar\asset2:IF:8-332,asset2,true,FIELD_REFERENCE,"menu.add(Sprach.PAUSE, 0);",TankWar_P1|TankWar_P2|TankWar_P3|TankWar_P4|TankWar_P5,TankWar_P1|TankWar_P2|TankWar_P3|TankWar_P4|TankWar_P5
D1059,RC-0455,C:\Users\JBNU\git\ConstraintsRecovery\assets\tankwar\asset2,217,Maler$$PC.pause,METHOD,C:\Users\JBNU\git\ConstraintsRecovery\assets\tankwar\asset2:IF:8-332,asset2,true,C:\Users\JBNU\git\ConstraintsRecovery\assets\tankwar\asset2,35,Maler$$PC.menu,FIELD,C:\Users\JBNU\git\ConstraintsRecovery\assets\tankwar\asset2:IF:8-332,asset2,true,FIELD_REFERENCE,menu.setStyle(0);,TankWar_P1|TankWar_P2|TankWar_P3|TankWar_P4|TankWar_P5,TankWar_P1|TankWar_P2|TankWar_P3|TankWar_P4|TankWar_P5
D1061,RC-0455,C:\Users\JBNU\git\ConstraintsRecovery\assets\tankwar\asset2,218,Maler$$PC.pause,METHOD,C:\Users\JBNU\git\ConstraintsRecovery\assets\tankwar\asset2:IF:8-332,asset2,true,C:\Users\JBNU\git\ConstraintsRecovery\assets\tankwar\asset2,35,Maler$$PC.menu,FIELD,C:\Users\JBNU\git\ConstraintsRecovery\assets\tankwar\asset2:IF:8-332,asset2,true,FIELD_REFERENCE,menu.setZeileAbstand(55);,TankWar_P1|TankWar_P2|TankWar_P3|TankWar_P4|TankWar_P5,TankWar_P1|TankWar_P2|TankWar_P3|TankWar_P4|TankWar_P5
D1064,RC-0455,C:\Users\JBNU\git\ConstraintsRecovery\assets\tankwar\asset2,220,Maler$$PC.pause,METHOD,C:\Users\JBNU\git\ConstraintsRecovery\assets\tankwar\asset2:IF:8-332,asset2,true,C:\Users\JBNU\git\ConstraintsRecovery\assets\tankwar\asset2,35,Maler$$PC.menu,FIELD,C:\Users\JBNU\git\ConstraintsRecovery\assets\tankwar\asset2:IF:8-332,asset2,true,FIELD_REFERENCE,menu.erscheinen(gTemp);,TankWar_P1|TankWar_P2|TankWar_P3|TankWar_P4|TankWar_P5,TankWar_P1|TankWar_P2|TankWar_P3|TankWar_P4|TankWar_P5
D1108,RC-0456,C:\Users\JBNU\git\ConstraintsRecovery\assets\tankwar\asset2,312,Maler$$PC.setColor,METHOD,C:\Users\JBNU\git\ConstraintsRecovery\assets\tankwar\asset2:IF:8-332,asset2,true,C:\Users\JBNU\git\ConstraintsRecovery\assets\tankwar\asset2,33,Maler$$PC.gTemp,FIELD,C:\Users\JBNU\git\ConstraintsRecovery\assets\tankwar\asset2:IF:8-332,asset2,true,FIELD_REFERENCE,gTemp.setColor(c);,TankWar_P1|TankWar_P2|TankWar_P3|TankWar_P4|TankWar_P5,TankWar_P1|TankWar_P2|TankWar_P3|TankWar_P4|TankWar_P5
D1109,RC-0457,C:\Users\JBNU\git\ConstraintsRecovery\assets\tankwar\asset2,315,Maler$$PC.setStatus,METHOD,C:\Users\JBNU\git\ConstraintsRecovery\assets\tankwar\asset2:IF:8-332,asset2,true,C:\Users\JBNU\git\ConstraintsRecovery\assets\tankwar\asset2,39,Maler$$PC.status,FIELD,C:\Users\JBNU\git\ConstraintsRecovery\assets\tankwar\asset2:IF:8-332,asset2,true,FIELD_REFERENCE,((Maler) this).status = status;,TankWar_P1|TankWar_P2|TankWar_P3|TankWar_P4|TankWar_P5,TankWar_P1|TankWar_P2|TankWar_P3|TankWar_P4|TankWar_P5
D892,RC-0458,C:\Users\JBNU\git\ConstraintsRecovery\assets\tankwar\asset2,100,Maler$$PC.tankErstellen,METHOD,C:\Users\JBNU\git\ConstraintsRecovery\assets\tankwar\asset2:IF:8-332,asset2,true,C:\Users\JBNU\git\ConstraintsRecovery\assets\tankwar\asset2,32,Maler$$PC.GAME_HEIGHT,FIELD,C:\Users\JBNU\git\ConstraintsRecovery\assets\tankwar\asset2:IF:8-332,asset2,true,FIELD_REFERENCE,"menu.addLogo(loadImage(""15.png"", (GAME_WIDTH + infoWidth), GAME_HEIGHT));",TankWar_P1|TankWar_P2|TankWar_P3|TankWar_P4|TankWar_P5,TankWar_P1|TankWar_P2|TankWar_P3|TankWar_P4|TankWar_P5
D902,RC-0458,C:\Users\JBNU\git\ConstraintsRecovery\assets\tankwar\asset2,103,Maler$$PC.tankErstellen,METHOD,C:\Users\JBNU\git\ConstraintsRecovery\assets\tankwar\asset2:IF:8-332,asset2,true,C:\Users\JBNU\git\ConstraintsRecovery\assets\tankwar\asset2,32,Maler$$PC.GAME_HEIGHT,FIELD,C:\Users\JBNU\git\ConstraintsRecovery\assets\tankwar\asset2:IF:8-332,asset2,true,FIELD_REFERENCE,"menu.setKoordinateImage((GAME_WIDTH + infoWidth) / 2, GAME_HEIGHT * 2 / 3);",TankWar_P1|TankWar_P2|TankWar_P3|TankWar_P4|TankWar_P5,TankWar_P1|TankWar_P2|TankWar_P3|TankWar_P4|TankWar_P5
D891,RC-0459,C:\Users\JBNU\git\ConstraintsRecovery\assets\tankwar\asset2,100,Maler$$PC.tankErstellen,METHOD,C:\Users\JBNU\git\ConstraintsRecovery\assets\tankwar\asset2:IF:8-332,asset2,true,C:\Users\JBNU\git\ConstraintsRecovery\assets\tankwar\asset2,31,Maler$$PC.GAME_WIDTH,FIELD,C:\Users\JBNU\git\ConstraintsRecovery\assets\tankwar\asset2:IF:8-332,asset2,true,FIELD_REFERENCE,"menu.addLogo(loadImage(""15.png"", (GAME_WIDTH + infoWidth), GAME_HEIGHT));",TankWar_P1|TankWar_P2|TankWar_P3|TankWar_P4|TankWar_P5,TankWar_P1|TankWar_P2|TankWar_P3|TankWar_P4|TankWar_P5
D901,RC-0459,C:\Users\JBNU\git\ConstraintsRecovery\assets\tankwar\asset2,103,Maler$$PC.tankErstellen,METHOD,C:\Users\JBNU\git\ConstraintsRecovery\assets\tankwar\asset2:IF:8-332,asset2,true,C:\Users\JBNU\git\ConstraintsRecovery\assets\tankwar\asset2,31,Maler$$PC.GAME_WIDTH,FIELD,C:\Users\JBNU\git\ConstraintsRecovery\assets\tankwar\asset2:IF:8-332,asset2,true,FIELD_REFERENCE,"menu.setKoordinateImage((GAME_WIDTH + infoWidth) / 2, GAME_HEIGHT * 2 / 3);",TankWar_P1|TankWar_P2|TankWar_P3|TankWar_P4|TankWar_P5,TankWar_P1|TankWar_P2|TankWar_P3|TankWar_P4|TankWar_P5
D894,RC-0460,C:\Users\JBNU\git\ConstraintsRecovery\assets\tankwar\asset2,100,Maler$$PC.tankErstellen,METHOD,C:\Users\JBNU\git\ConstraintsRecovery\assets\tankwar\asset2:IF:8-332,asset2,true,C:\Users\JBNU\git\ConstraintsRecovery\assets\tankwar\asset2,38,Maler$$PC.infoWidth,FIELD,C:\Users\JBNU\git\ConstraintsRecovery\assets\tankwar\asset2:IF:8-332,asset2,true,FIELD_REFERENCE,"menu.addLogo(loadImage(""15.png"", (GAME_WIDTH + infoWidth), GAME_HEIGHT));",TankWar_P1|TankWar_P2|TankWar_P3|TankWar_P4|TankWar_P5,TankWar_P1|TankWar_P2|TankWar_P3|TankWar_P4|TankWar_P5
D904,RC-0460,C:\Users\JBNU\git\ConstraintsRecovery\assets\tankwar\asset2,103,Maler$$PC.tankErstellen,METHOD,C:\Users\JBNU\git\ConstraintsRecovery\assets\tankwar\asset2:IF:8-332,asset2,true,C:\Users\JBNU\git\ConstraintsRecovery\assets\tankwar\asset2,38,Maler$$PC.infoWidth,FIELD,C:\Users\JBNU\git\ConstraintsRecovery\assets\tankwar\asset2:IF:8-332,asset2,true,FIELD_REFERENCE,"menu.setKoordinateImage((GAME_WIDTH + infoWidth) / 2, GAME_HEIGHT * 2 / 3);",TankWar_P1|TankWar_P2|TankWar_P3|TankWar_P4|TankWar_P5,TankWar_P1|TankWar_P2|TankWar_P3|TankWar_P4|TankWar_P5
D896,RC-0461,C:\Users\JBNU\git\ConstraintsRecovery\assets\tankwar\asset2,100,Maler$$PC.tankErstellen,METHOD,C:\Users\JBNU\git\ConstraintsRecovery\assets\tankwar\asset2:IF:8-332,asset2,true,C:\Users\JBNU\git\ConstraintsRecovery\assets\tankwar\asset2,117,Maler$$PC.loadImage,METHOD,C:\Users\JBNU\git\ConstraintsRecovery\assets\tankwar\asset2:IF:8-332,asset2,true,METHOD_CALL,"menu.addLogo(loadImage(""15.png"", (GAME_WIDTH + infoWidth), GAME_HEIGHT));",TankWar_P1|TankWar_P2|TankWar_P3|TankWar_P4|TankWar_P5,TankWar_P1|TankWar_P2|TankWar_P3|TankWar_P4|TankWar_P5
D1172,RC-0462,C:\Users\JBNU\git\ConstraintsRecovery\assets\tankwar\asset2,99,Maler$$PC.tankErstellen,METHOD,C:\Users\JBNU\git\ConstraintsRecovery\assets\tankwar\asset2:IF:8-332,asset2,true,C:\Users\JBNU\git\ConstraintsRecovery\assets\tankwar\asset2,35,Maler$$PC.menu,FIELD,C:\Users\JBNU\git\ConstraintsRecovery\assets\tankwar\asset2:IF:8-332,asset2,true,FIELD_REFERENCE,menu = new Menu(((Maler) this));,TankWar_P1|TankWar_P2|TankWar_P3|TankWar_P4|TankWar_P5,TankWar_P1|TankWar_P2|TankWar_P3|TankWar_P4|TankWar_P5
D893,RC-0462,C:\Users\JBNU\git\ConstraintsRecovery\assets\tankwar\asset2,100,Maler$$PC.tankErstellen,METHOD,C:\Users\JBNU\git\ConstraintsRecovery\assets\tankwar\asset2:IF:8-332,asset2,true,C:\Users\JBNU\git\ConstraintsRecovery\assets\tankwar\asset2,35,Maler$$PC.menu,FIELD,C:\Users\JBNU\git\ConstraintsRecovery\assets\tankwar\asset2:IF:8-332,asset2,true,FIELD_REFERENCE,"menu.addLogo(loadImage(""15.png"", (GAME_WIDTH + infoWidth), GAME_HEIGHT));",TankWar_P1|TankWar_P2|TankWar_P3|TankWar_P4|TankWar_P5,TankWar_P1|TankWar_P2|TankWar_P3|TankWar_P4|TankWar_P5
D897,RC-0462,C:\Users\JBNU\git\ConstraintsRecovery\assets\tankwar\asset2,101,Maler$$PC.tankErstellen,METHOD,C:\Users\JBNU\git\ConstraintsRecovery\assets\tankwar\asset2:IF:8-332,asset2,true,C:\Users\JBNU\git\ConstraintsRecovery\assets\tankwar\asset2,35,Maler$$PC.menu,FIELD,C:\Users\JBNU\git\ConstraintsRecovery\assets\tankwar\asset2:IF:8-332,asset2,true,FIELD_REFERENCE,menu.setStyle(1);,TankWar_P1|TankWar_P2|TankWar_P3|TankWar_P4|TankWar_P5,TankWar_P1|TankWar_P2|TankWar_P3|TankWar_P4|TankWar_P5
D899,RC-0462,C:\Users\JBNU\git\ConstraintsRecovery\assets\tankwar\asset2,102,Maler$$PC.tankErstellen,METHOD,C:\Users\JBNU\git\ConstraintsRecovery\assets\tankwar\asset2:IF:8-332,asset2,true,C:\Users\JBNU\git\ConstraintsRecovery\assets\tankwar\asset2,35,Maler$$PC.menu,FIELD,C:\Users\JBNU\git\ConstraintsRecovery\assets\tankwar\asset2:IF:8-332,asset2,true,FIELD_REFERENCE,menu.setZeileAbstand(0);,TankWar_P1|TankWar_P2|TankWar_P3|TankWar_P4|TankWar_P5,TankWar_P1|TankWar_P2|TankWar_P3|TankWar_P4|TankWar_P5
D903,RC-0462,C:\Users\JBNU\git\ConstraintsRecovery\assets\tankwar\asset2,103,Maler$$PC.tankErstellen,METHOD,C:\Users\JBNU\git\ConstraintsRecovery\assets\tankwar\asset2:IF:8-332,asset2,true,C:\Users\JBNU\git\ConstraintsRecovery\assets\tankwar\asset2,35,Maler$$PC.menu,FIELD,C:\Users\JBNU\git\ConstraintsRecovery\assets\tankwar\asset2:IF:8-332,asset2,true,FIELD_REFERENCE,"menu.setKoordinateImage((GAME_WIDTH + infoWidth) / 2, GAME_HEIGHT * 2 / 3);",TankWar_P1|TankWar_P2|TankWar_P3|TankWar_P4|TankWar_P5,TankWar_P1|TankWar_P2|TankWar_P3|TankWar_P4|TankWar_P5
D1168,RC-0463,C:\Users\JBNU\git\ConstraintsRecovery\assets\tankwar\asset2,96,Maler$$PC.tankWaehlen,METHOD,C:\Users\JBNU\git\ConstraintsRecovery\assets\tankwar\asset2:IF:8-332,asset2,true,C:\Users\JBNU\git\ConstraintsRecovery\assets\tankwar\asset2,33,Maler$$PC.gTemp,FIELD,C:\Users\JBNU\git\ConstraintsRecovery\assets\tankwar\asset2:IF:8-332,asset2,true,FIELD_REFERENCE,menu.erscheinen(gTemp);,TankWar_P1|TankWar_P2|TankWar_P3|TankWar_P4|TankWar_P5,TankWar_P1|TankWar_P2|TankWar_P3|TankWar_P4|TankWar_P5
D1166,RC-0464,C:\Users\JBNU\git\ConstraintsRecovery\assets\tankwar\asset2,93,Maler$$PC.tankWaehlen,METHOD,C:\Users\JBNU\git\ConstraintsRecovery\assets\tankwar\asset2:IF:8-332,asset2,true,C:\Users\JBNU\git\ConstraintsRecovery\assets\tankwar\asset2,35,Maler$$PC.menu,FIELD,C:\Users\JBNU\git\ConstraintsRecovery\assets\tankwar\asset2:IF:8-332,asset2,true,FIELD_REFERENCE,if (menu == null) {,TankWar_P1|TankWar_P2|TankWar_P3|TankWar_P4|TankWar_P5,TankWar_P1|TankWar_P2|TankWar_P3|TankWar_P4|TankWar_P5
D1169,RC-0464,C:\Users\JBNU\git\ConstraintsRecovery\assets\tankwar\asset2,96,Maler$$PC.tankWaehlen,METHOD,C:\Users\JBNU\git\ConstraintsRecovery\assets\tankwar\asset2:IF:8-332,asset2,true,C:\Users\JBNU\git\ConstraintsRecovery\assets\tankwar\asset2,35,Maler$$PC.menu,FIELD,C:\Users\JBNU\git\ConstraintsRecovery\assets\tankwar\asset2:IF:8-332,asset2,true,FIELD_REFERENCE,menu.erscheinen(gTemp);,TankWar_P1|TankWar_P2|TankWar_P3|TankWar_P4|TankWar_P5,TankWar_P1|TankWar_P2|TankWar_P3|TankWar_P4|TankWar_P5
D1167,RC-0465,C:\Users\JBNU\git\ConstraintsRecovery\assets\tankwar\asset2,94,Maler$$PC.tankWaehlen,METHOD,C:\Users\JBNU\git\ConstraintsRecovery\assets\tankwar\asset2:IF:8-332,asset2,true,C:\Users\JBNU\git\ConstraintsRecovery\assets\tankwar\asset2,98,Maler$$PC.tankErstellen,METHOD,C:\Users\JBNU\git\ConstraintsRecovery\assets\tankwar\asset2:IF:8-332,asset2,true,METHOD_CALL,tankErstellen();,TankWar_P1|TankWar_P2|TankWar_P3|TankWar_P4|TankWar_P5,TankWar_P1|TankWar_P2|TankWar_P3|TankWar_P4|TankWar_P5
D1096,RC-0466,C:\Users\JBNU\git\ConstraintsRecovery\assets\tankwar\asset2,293,Maler$$PC.update,METHOD,C:\Users\JBNU\git\ConstraintsRecovery\assets\tankwar\asset2:IF:8-332,asset2,true,C:\Users\JBNU\git\ConstraintsRecovery\assets\tankwar\asset2,32,Maler$$PC.GAME_HEIGHT,FIELD,C:\Users\JBNU\git\ConstraintsRecovery\assets\tankwar\asset2:IF:8-332,asset2,true,FIELD_REFERENCE,"offScreenImage = ((Maler) this).createImage(GAME_WIDTH + InfoPanel.INFO_WIDTH, GAME_HEIGHT);",TankWar_P1|TankWar_P2|TankWar_P3|TankWar_P4|TankWar_P5,TankWar_P1|TankWar_P2|TankWar_P3|TankWar_P4|TankWar_P5
D1101,RC-0466,C:\Users\JBNU\git\ConstraintsRecovery\assets\tankwar\asset2,298,Maler$$PC.update,METHOD,C:\Users\JBNU\git\ConstraintsRecovery\assets\tankwar\asset2:IF:8-332,asset2,true,C:\Users\JBNU\git\ConstraintsRecovery\assets\tankwar\asset2,32,Maler$$PC.GAME_HEIGHT,FIELD,C:\Users\JBNU\git\ConstraintsRecovery\assets\tankwar\asset2:IF:8-332,asset2,true,FIELD_REFERENCE,"gOffScreen.fillRect(0, 0, GAME_WIDTH + InfoPanel.INFO_WIDTH, GAME_HEIGHT);",TankWar_P1|TankWar_P2|TankWar_P3|TankWar_P4|TankWar_P5,TankWar_P1|TankWar_P2|TankWar_P3|TankWar_P4|TankWar_P5
D1095,RC-0467,C:\Users\JBNU\git\ConstraintsRecovery\assets\tankwar\asset2,293,Maler$$PC.update,METHOD,C:\Users\JBNU\git\ConstraintsRecovery\assets\tankwar\asset2:IF:8-332,asset2,true,C:\Users\JBNU\git\ConstraintsRecovery\assets\tankwar\asset2,31,Maler$$PC.GAME_WIDTH,FIELD,C:\Users\JBNU\git\ConstraintsRecovery\assets\tankwar\asset2:IF:8-332,asset2,true,FIELD_REFERENCE,"offScreenImage = ((Maler) this).createImage(GAME_WIDTH + InfoPanel.INFO_WIDTH, GAME_HEIGHT);",TankWar_P1|TankWar_P2|TankWar_P3|TankWar_P4|TankWar_P5,TankWar_P1|TankWar_P2|TankWar_P3|TankWar_P4|TankWar_P5
D1100,RC-0467,C:\Users\JBNU\git\ConstraintsRecovery\assets\tankwar\asset2,298,Maler$$PC.update,METHOD,C:\Users\JBNU\git\ConstraintsRecovery\assets\tankwar\asset2:IF:8-332,asset2,true,C:\Users\JBNU\git\ConstraintsRecovery\assets\tankwar\asset2,31,Maler$$PC.GAME_WIDTH,FIELD,C:\Users\JBNU\git\ConstraintsRecovery\assets\tankwar\asset2:IF:8-332,asset2,true,FIELD_REFERENCE,"gOffScreen.fillRect(0, 0, GAME_WIDTH + InfoPanel.INFO_WIDTH, GAME_HEIGHT);",TankWar_P1|TankWar_P2|TankWar_P3|TankWar_P4|TankWar_P5,TankWar_P1|TankWar_P2|TankWar_P3|TankWar_P4|TankWar_P5
D1102,RC-0468,C:\Users\JBNU\git\ConstraintsRecovery\assets\tankwar\asset2,298,Maler$$PC.update,METHOD,C:\Users\JBNU\git\ConstraintsRecovery\assets\tankwar\asset2:IF:8-332,asset2,true,C:\Users\JBNU\git\ConstraintsRecovery\assets\tankwar\asset2,320,Maler$$PC.fillRect,METHOD,C:\Users\JBNU\git\ConstraintsRecovery\assets\tankwar\asset2:IF:8-332,asset2,true,METHOD_CALL,"gOffScreen.fillRect(0, 0, GAME_WIDTH + InfoPanel.INFO_WIDTH, GAME_HEIGHT);",TankWar_P1|TankWar_P2|TankWar_P3|TankWar_P4|TankWar_P5,TankWar_P1|TankWar_P2|TankWar_P3|TankWar_P4|TankWar_P5
D1105,RC-0469,C:\Users\JBNU\git\ConstraintsRecovery\assets\tankwar\asset2,302,Maler$$PC.update,METHOD,C:\Users\JBNU\git\ConstraintsRecovery\assets\tankwar\asset2:IF:8-332,asset2,true,C:\Users\JBNU\git\ConstraintsRecovery\assets\tankwar\asset2,37,Maler$$PC.infoPanel,FIELD,C:\Users\JBNU\git\ConstraintsRecovery\assets\tankwar\asset2:IF:8-332,asset2,true,FIELD_REFERENCE,infoPanel.repaint();,TankWar_P1|TankWar_P2|TankWar_P3|TankWar_P4|TankWar_P5,TankWar_P1|TankWar_P2|TankWar_P3|TankWar_P4|TankWar_P5
D1093,RC-0470,C:\Users\JBNU\git\ConstraintsRecovery\assets\tankwar\asset2,292,Maler$$PC.update,METHOD,C:\Users\JBNU\git\ConstraintsRecovery\assets\tankwar\asset2:IF:8-332,asset2,true,C:\Users\JBNU\git\ConstraintsRecovery\assets\tankwar\asset2,34,Maler$$PC.offScreenImage,FIELD,C:\Users\JBNU\git\ConstraintsRecovery\assets\tankwar\asset2:IF:8-332,asset2,true,FIELD_REFERENCE,if (offScreenImage == null) {,TankWar_P1|TankWar_P2|TankWar_P3|TankWar_P4|TankWar_P5,TankWar_P1|TankWar_P2|TankWar_P3|TankWar_P4|TankWar_P5
D1097,RC-0470,C:\Users\JBNU\git\ConstraintsRecovery\assets\tankwar\asset2,293,Maler$$PC.update,METHOD,C:\Users\JBNU\git\ConstraintsRecovery\assets\tankwar\asset2:IF:8-332,asset2,true,C:\Users\JBNU\git\ConstraintsRecovery\assets\tankwar\asset2,34,Maler$$PC.offScreenImage,FIELD,C:\Users\JBNU\git\ConstraintsRecovery\assets\tankwar\asset2:IF:8-332,asset2,true,FIELD_REFERENCE,"offScreenImage = ((Maler) this).createImage(GAME_WIDTH + InfoPanel.INFO_WIDTH, GAME_HEIGHT);",TankWar_P1|TankWar_P2|TankWar_P3|TankWar_P4|TankWar_P5,TankWar_P1|TankWar_P2|TankWar_P3|TankWar_P4|TankWar_P5
D1098,RC-0470,C:\Users\JBNU\git\ConstraintsRecovery\assets\tankwar\asset2,295,Maler$$PC.update,METHOD,C:\Users\JBNU\git\ConstraintsRecovery\assets\tankwar\asset2:IF:8-332,asset2,true,C:\Users\JBNU\git\ConstraintsRecovery\assets\tankwar\asset2,34,Maler$$PC.offScreenImage,FIELD,C:\Users\JBNU\git\ConstraintsRecovery\assets\tankwar\asset2:IF:8-332,asset2,true,FIELD_REFERENCE,Graphics gOffScreen = offScreenImage.getGraphics();,TankWar_P1|TankWar_P2|TankWar_P3|TankWar_P4|TankWar_P5,TankWar_P1|TankWar_P2|TankWar_P3|TankWar_P4|TankWar_P5
D1104,RC-0470,C:\Users\JBNU\git\ConstraintsRecovery\assets\tankwar\asset2,301,Maler$$PC.update,METHOD,C:\Users\JBNU\git\ConstraintsRecovery\assets\tankwar\asset2:IF:8-332,asset2,true,C:\Users\JBNU\git\ConstraintsRecovery\assets\tankwar\asset2,34,Maler$$PC.offScreenImage,FIELD,C:\Users\JBNU\git\ConstraintsRecovery\assets\tankwar\asset2:IF:8-332,asset2,true,FIELD_REFERENCE,"g.drawImage(offScreenImage, 0, 0, null);",TankWar_P1|TankWar_P2|TankWar_P3|TankWar_P4|TankWar_P5,TankWar_P1|TankWar_P2|TankWar_P3|TankWar_P4|TankWar_P5
D1103,RC-0471,C:\Users\JBNU\git\ConstraintsRecovery\assets\tankwar\asset2,300,Maler$$PC.update,METHOD,C:\Users\JBNU\git\ConstraintsRecovery\assets\tankwar\asset2:IF:8-332,asset2,true,C:\Users\JBNU\git\ConstraintsRecovery\assets\tankwar\asset2,67,Maler$$PC.paint,METHOD,C:\Users\JBNU\git\ConstraintsRecovery\assets\tankwar\asset2:IF:8-332,asset2,true,METHOD_CALL,paint(gOffScreen);,TankWar_P1|TankWar_P2|TankWar_P3|TankWar_P4|TankWar_P5,TankWar_P1|TankWar_P2|TankWar_P3|TankWar_P4|TankWar_P5
D1129,RC-0472,C:\Users\JBNU\git\ConstraintsRecovery\assets\tankwar\asset2,62,Maler$$PC.init,METHOD,C:\Users\JBNU\git\ConstraintsRecovery\assets\tankwar\asset2:IF:8-332,asset2,true,C:\Users\JBNU\git\ConstraintsRecovery\assets\tankwar\asset4,13,KeyMonitor.KeyMonitor,CONSTRUCTOR,C:\Users\JBNU\git\ConstraintsRecovery\assets\tankwar\asset4:IF:8-26,asset4,true,CONSTRUCTOR_CALL,frame.addKeyListener(new KeyMonitor(gameManager));,TankWar_P1|TankWar_P2|TankWar_P3|TankWar_P4|TankWar_P5,TankWar_P1|TankWar_P2|TankWar_P3|TankWar_P4|TankWar_P5
D1174,RC-0473,C:\Users\JBNU\git\ConstraintsRecovery\assets\tankwar\asset30,16,Tank$$Bombe,CLASS,C:\Users\JBNU\git\ConstraintsRecovery\assets\tankwar\asset30:ELIF:14-16,asset30,false,C:\Users\JBNU\git\ConstraintsRecovery\assets\tankwar\asset10,14,Tank$$Tools,CLASS,C:\Users\JBNU\git\ConstraintsRecovery\assets\tankwar\asset10:IF:8-42,asset10,true,EXTENDS,abstract class Tank$$Bombe extends Tank$$Tools {,TankWar_P4,TankWar_P1|TankWar_P2|TankWar_P3|TankWar_P4|TankWar_P5
D1178,RC-0474,C:\Users\JBNU\git\ConstraintsRecovery\assets\tankwar\asset30,27,Tank$$Bombe.toolBehandeln,METHOD,C:\Users\JBNU\git\ConstraintsRecovery\assets\tankwar\asset30:IF:6-40,asset30,true,C:\Users\JBNU\git\ConstraintsRecovery\assets\tankwar\asset9,25,TankManager$$TankWar.base,FIELD,C:\Users\JBNU\git\ConstraintsRecovery\assets\tankwar\asset9:IF:8-248,asset9,true,FIELD_REFERENCE,if (tankManager.tankMenge.elementAt(i) != tankManager.tank1 && tankManager.tankMenge.elementAt(i) != tankManager.tank2 && tankManager.tankMenge.elementAt(i) != tankManager.base) {,TankWar_P2|TankWar_P4|TankWar_P5,TankWar_P1|TankWar_P2|TankWar_P3|TankWar_P4|TankWar_P5
D1176,RC-0475,C:\Users\JBNU\git\ConstraintsRecovery\assets\tankwar\asset30,27,Tank$$Bombe.toolBehandeln,METHOD,C:\Users\JBNU\git\ConstraintsRecovery\assets\tankwar\asset30:IF:6-40,asset30,true,C:\Users\JBNU\git\ConstraintsRecovery\assets\tankwar\asset9,23,TankManager$$TankWar.tank1,FIELD,C:\Users\JBNU\git\ConstraintsRecovery\assets\tankwar\asset9:IF:8-248,asset9,true,FIELD_REFERENCE,if (tankManager.tankMenge.elementAt(i) != tankManager.tank1 && tankManager.tankMenge.elementAt(i) != tankManager.tank2 && tankManager.tankMenge.elementAt(i) != tankManager.base) {,TankWar_P2|TankWar_P4|TankWar_P5,TankWar_P1|TankWar_P2|TankWar_P3|TankWar_P4|TankWar_P5
D1177,RC-0476,C:\Users\JBNU\git\ConstraintsRecovery\assets\tankwar\asset30,27,Tank$$Bombe.toolBehandeln,METHOD,C:\Users\JBNU\git\ConstraintsRecovery\assets\tankwar\asset30:IF:6-40,asset30,true,C:\Users\JBNU\git\ConstraintsRecovery\assets\tankwar\asset9,24,TankManager$$TankWar.tank2,FIELD,C:\Users\JBNU\git\ConstraintsRecovery\assets\tankwar\asset9:IF:8-248,asset9,true,FIELD_REFERENCE,if (tankManager.tankMenge.elementAt(i) != tankManager.tank1 && tankManager.tankMenge.elementAt(i) != tankManager.tank2 && tankManager.tankMenge.elementAt(i) != tankManager.base) {,TankWar_P2|TankWar_P4|TankWar_P5,TankWar_P1|TankWar_P2|TankWar_P3|TankWar_P4|TankWar_P5
D1175,RC-0477,C:\Users\JBNU\git\ConstraintsRecovery\assets\tankwar\asset30,26,Tank$$Bombe.toolBehandeln,METHOD,C:\Users\JBNU\git\ConstraintsRecovery\assets\tankwar\asset30:IF:6-40,asset30,true,C:\Users\JBNU\git\ConstraintsRecovery\assets\tankwar\asset9,27,TankManager$$TankWar.tankMenge,FIELD,C:\Users\JBNU\git\ConstraintsRecovery\assets\tankwar\asset9:IF:8-248,asset9,true,FIELD_REFERENCE,for (int i = 0; i < tankManager.tankMenge.size(); i++) {,TankWar_P2|TankWar_P4|TankWar_P5,TankWar_P1|TankWar_P2|TankWar_P3|TankWar_P4|TankWar_P5
D1179,RC-0477,C:\Users\JBNU\git\ConstraintsRecovery\assets\tankwar\asset30,27,Tank$$Bombe.toolBehandeln,METHOD,C:\Users\JBNU\git\ConstraintsRecovery\assets\tankwar\asset30:IF:6-40,asset30,true,C:\Users\JBNU\git\ConstraintsRecovery\assets\tankwar\asset9,27,TankManager$$TankWar.tankMenge,FIELD,C:\Users\JBNU\git\ConstraintsRecovery\assets\tankwar\asset9:IF:8-248,asset9,true,FIELD_REFERENCE,if (tankManager.tankMenge.elementAt(i) != tankManager.tank1 && tankManager.tankMenge.elementAt(i) != tankManager.tank2 && tankManager.tankMenge.elementAt(i) != tankManager.base) {,TankWar_P2|TankWar_P4|TankWar_P5,TankWar_P1|TankWar_P2|TankWar_P3|TankWar_P4|TankWar_P5
D1180,RC-0477,C:\Users\JBNU\git\ConstraintsRecovery\assets\tankwar\asset30,28,Tank$$Bombe.toolBehandeln,METHOD,C:\Users\JBNU\git\ConstraintsRecovery\assets\tankwar\asset30:IF:6-40,asset30,true,C:\Users\JBNU\git\ConstraintsRecovery\assets\tankwar\asset9,27,TankManager$$TankWar.tankMenge,FIELD,C:\Users\JBNU\git\ConstraintsRecovery\assets\tankwar\asset9:IF:8-248,asset9,true,FIELD_REFERENCE,temp.addElement(tankManager.tankMenge.elementAt(i));,TankWar_P2|TankWar_P4|TankWar_P5,TankWar_P1|TankWar_P2|TankWar_P3|TankWar_P4|TankWar_P5
D1173,RC-0478,C:\Users\JBNU\git\ConstraintsRecovery\assets\tankwar\asset30,10,Tank$$Bombe,CLASS,C:\Users\JBNU\git\ConstraintsRecovery\assets\tankwar\asset30:IF:9-10,asset30,false,C:\Users\JBNU\git\ConstraintsRecovery\assets\tankwar\asset10,14,Tank$$Tools,CLASS,C:\Users\JBNU\git\ConstraintsRecovery\assets\tankwar\asset10:IF:8-42,asset10,true,EXTENDS,abstract class Tank$$Bombe extends Tank$$Tools {,TankWar_P5,TankWar_P1|TankWar_P2|TankWar_P3|TankWar_P4|TankWar_P5
D1181,RC-0479,C:\Users\JBNU\git\ConstraintsRecovery\assets\tankwar\asset31,22,TankManager$$Mars.toolsLaden,METHOD,C:\Users\JBNU\git\ConstraintsRecovery\assets\tankwar\asset31:IF:6-25,asset31,true,C:\Users\JBNU\git\ConstraintsRecovery\assets\tankwar\asset3,30,TankManager$$Tools.toolInit,METHOD,C:\Users\JBNU\git\ConstraintsRecovery\assets\tankwar\asset3:IF:8-44,asset3,true,METHOD_CALL,toolInit(375);,TankWar_P1|TankWar_P2|TankWar_P3,TankWar_P1|TankWar_P2|TankWar_P3|TankWar_P4|TankWar_P5
D1183,RC-0480,C:\Users\JBNU\git\ConstraintsRecovery\assets\tankwar\asset32,29,Maler$$einfrieren,CLASS,C:\Users\JBNU\git\ConstraintsRecovery\assets\tankwar\asset32:ELIF:27-29,asset32,false,C:\Users\JBNU\git\ConstraintsRecovery\assets\tankwar\asset56,26,Maler$$Beschleunigung,CLASS,C:\Users\JBNU\git\ConstraintsRecovery\assets\tankwar\asset56:IF:5-34,asset56,true,EXTENDS,abstract class Maler$$einfrieren extends Maler$$Beschleunigung {,TankWar_P3,TankWar_P2|TankWar_P3
D1184,RC-0481,C:\Users\JBNU\git\ConstraintsRecovery\assets\tankwar\asset32,31,Maler$$einfrieren,CLASS,C:\Users\JBNU\git\ConstraintsRecovery\assets\tankwar\asset32:ELIF:30-31,asset32,false,C:\Users\JBNU\git\ConstraintsRecovery\assets\tankwar\asset56,26,Maler$$Beschleunigung,CLASS,C:\Users\JBNU\git\ConstraintsRecovery\assets\tankwar\asset56:IF:5-34,asset56,true,EXTENDS,abstract class Maler$$einfrieren extends Maler$$Beschleunigung {,TankWar_P2,TankWar_P2|TankWar_P3
D1182,RC-0482,C:\Users\JBNU\git\ConstraintsRecovery\assets\tankwar\asset32,26,Maler$$einfrieren,CLASS,C:\Users\JBNU\git\ConstraintsRecovery\assets\tankwar\asset32:IF:24-26,asset32,false,C:\Users\JBNU\git\ConstraintsRecovery\assets\tankwar\asset2,29,Maler$$PC,CLASS,C:\Users\JBNU\git\ConstraintsRecovery\assets\tankwar\asset2:IF:8-332,asset2,true,EXTENDS,abstract class Maler$$einfrieren extends Maler$$PC {,TankWar_P1,TankWar_P1|TankWar_P2|TankWar_P3|TankWar_P4|TankWar_P5
D1185,RC-0483,C:\Users\JBNU\git\ConstraintsRecovery\assets\tankwar\asset32,38,Maler$$einfrieren.helpItemErstellen,METHOD,C:\Users\JBNU\git\ConstraintsRecovery\assets\tankwar\asset32:IF:6-40,asset32,true,C:\Users\JBNU\git\ConstraintsRecovery\assets\tankwar\asset2,117,Maler$$PC.loadImage,METHOD,C:\Users\JBNU\git\ConstraintsRecovery\assets\tankwar\asset2:IF:8-332,asset2,true,METHOD_CALL,"menu.add(Sprach.HelpItem, loadImage(""transparent.png"", 0, 0), loadImage(""einfrieren.png"", 0, 0), 0);",TankWar_P1|TankWar_P2|TankWar_P3,TankWar_P1|TankWar_P2|TankWar_P3|TankWar_P4|TankWar_P5
D1186,RC-0484,C:\Users\JBNU\git\ConstraintsRecovery\assets\tankwar\asset33,19,Tool$$Mars.init,METHOD,C:\Users\JBNU\git\ConstraintsRecovery\assets\tankwar\asset33:IF:6-23,asset33,true,C:\Users\JBNU\git\ConstraintsRecovery\assets\tankwar\asset9,21,TankManager$$TankWar.koernigkeit,FIELD,C:\Users\JBNU\git\ConstraintsRecovery\assets\tankwar\asset9:IF:8-248,asset9,true,FIELD_REFERENCE,"super.init(tankManager, x_Koordinate * tankManager.koernigkeit2, y_Koordinate * tankManager.koernigkeit2, 255, 255, 255, tankManager.koernigkeit, tankManager.koernigkeit, toolType);",TankWar_P1|TankWar_P2|TankWar_P3,TankWar_P1|TankWar_P2|TankWar_P3|TankWar_P4|TankWar_P5
D1187,RC-0485,C:\Users\JBNU\git\ConstraintsRecovery\assets\tankwar\asset33,19,Tool$$Mars.init,METHOD,C:\Users\JBNU\git\ConstraintsRecovery\assets\tankwar\asset33:IF:6-23,asset33,true,C:\Users\JBNU\git\ConstraintsRecovery\assets\tankwar\asset9,21,TankManager$$TankWar.koernigkeit2,FIELD,C:\Users\JBNU\git\ConstraintsRecovery\assets\tankwar\asset9:IF:8-248,asset9,true,FIELD_REFERENCE,"super.init(tankManager, x_Koordinate * tankManager.koernigkeit2, y_Koordinate * tankManager.koernigkeit2, 255, 255, 255, tankManager.koernigkeit, tankManager.koernigkeit, toolType);",TankWar_P1|TankWar_P2|TankWar_P3,TankWar_P1|TankWar_P2|TankWar_P3|TankWar_P4|TankWar_P5
D1188,RC-0486,C:\Users\JBNU\git\ConstraintsRecovery\assets\tankwar\asset34,37,Maler$$Feuerkraft.helpItemErstellen,METHOD,C:\Users\JBNU\git\ConstraintsRecovery\assets\tankwar\asset34:IF:6-39,asset34,true,C:\Users\JBNU\git\ConstraintsRecovery\assets\tankwar\asset2,117,Maler$$PC.loadImage,METHOD,C:\Users\JBNU\git\ConstraintsRecovery\assets\tankwar\asset2:IF:8-332,asset2,true,METHOD_CALL,"menu.add(Sprach.HelpItem, loadImage(""transparent.png"", 0, 0), loadImage(""Feuerkraft.png"", 0, 0), 0);",TankWar_P1|TankWar_P3|TankWar_P5,TankWar_P1|TankWar_P2|TankWar_P3|TankWar_P4|TankWar_P5
D1189,RC-0487,C:\Users\JBNU\git\ConstraintsRecovery\assets\tankwar\asset35,26,Maler$$Bombe,CLASS,C:\Users\JBNU\git\ConstraintsRecovery\assets\tankwar\asset35:IF:24-26,asset35,false,C:\Users\JBNU\git\ConstraintsRecovery\assets\tankwar\asset2,29,Maler$$PC,CLASS,C:\Users\JBNU\git\ConstraintsRecovery\assets\tankwar\asset2:IF:8-332,asset2,true,EXTENDS,abstract class Maler$$Bombe extends Maler$$PC {,TankWar_P4|TankWar_P5,TankWar_P1|TankWar_P2|TankWar_P3|TankWar_P4|TankWar_P5
D1190,RC-0488,C:\Users\JBNU\git\ConstraintsRecovery\assets\tankwar\asset35,35,Maler$$Bombe.helpItemErstellen,METHOD,C:\Users\JBNU\git\ConstraintsRecovery\assets\tankwar\asset35:IF:6-37,asset35,true,C:\Users\JBNU\git\ConstraintsRecovery\assets\tankwar\asset2,117,Maler$$PC.loadImage,METHOD,C:\Users\JBNU\git\ConstraintsRecovery\assets\tankwar\asset2:IF:8-332,asset2,true,METHOD_CALL,"menu.add(Sprach.HelpItem, loadImage(""transparent.png"", 0, 0), loadImage(""Bombe.png"", 0, 0), 0);",TankWar_P2|TankWar_P4|TankWar_P5,TankWar_P1|TankWar_P2|TankWar_P3|TankWar_P4|TankWar_P5
D1192,RC-0489,C:\Users\JBNU\git\ConstraintsRecovery\assets\tankwar\asset36,15,TankManager$$einfrieren,CLASS,C:\Users\JBNU\git\ConstraintsRecovery\assets\tankwar\asset36:ELIF:14-15,asset36,false,C:\Users\JBNU\git\ConstraintsRecovery\assets\tankwar\asset59,14,TankManager$$Beschleunigung,CLASS,C:\Users\JBNU\git\ConstraintsRecovery\assets\tankwar\asset59:IF:5-22,asset59,true,EXTENDS,abstract class TankManager$$einfrieren extends TankManager$$Beschleunigung {,TankWar_P3,TankWar_P2|TankWar_P3
D1193,RC-0490,C:\Users\JBNU\git\ConstraintsRecovery\assets\tankwar\asset36,18,TankManager$$einfrieren,CLASS,C:\Users\JBNU\git\ConstraintsRecovery\assets\tankwar\asset36:ELIF:16-18,asset36,false,C:\Users\JBNU\git\ConstraintsRecovery\assets\tankwar\asset59,14,TankManager$$Beschleunigung,CLASS,C:\Users\JBNU\git\ConstraintsRecovery\assets\tankwar\asset59:IF:5-22,asset59,true,EXTENDS,abstract class TankManager$$einfrieren extends TankManager$$Beschleunigung {,TankWar_P2,TankWar_P2|TankWar_P3
D1191,RC-0491,C:\Users\JBNU\git\ConstraintsRecovery\assets\tankwar\asset36,13,TankManager$$einfrieren,CLASS,C:\Users\JBNU\git\ConstraintsRecovery\assets\tankwar\asset36:IF:12-13,asset36,false,C:\Users\JBNU\git\ConstraintsRecovery\assets\tankwar\asset3,17,TankManager$$Tools,CLASS,C:\Users\JBNU\git\ConstraintsRecovery\assets\tankwar\asset3:IF:8-44,asset3,true,EXTENDS,abstract class TankManager$$einfrieren extends TankManager$$Tools {,TankWar_P1,TankWar_P1|TankWar_P2|TankWar_P3|TankWar_P4|TankWar_P5
D1194,RC-0492,C:\Users\JBNU\git\ConstraintsRecovery\assets\tankwar\asset36,24,TankManager$$einfrieren.toolsLaden,METHOD,C:\Users\JBNU\git\ConstraintsRecovery\assets\tankwar\asset36:IF:6-27,asset36,true,C:\Users\JBNU\git\ConstraintsRecovery\assets\tankwar\asset3,30,TankManager$$Tools.toolInit,METHOD,C:\Users\JBNU\git\ConstraintsRecovery\assets\tankwar\asset3:IF:8-44,asset3,true,METHOD_CALL,toolInit(371);,TankWar_P1|TankWar_P2|TankWar_P3,TankWar_P1|TankWar_P2|TankWar_P3|TankWar_P4|TankWar_P5
D1195,RC-0493,C:\Users\JBNU\git\ConstraintsRecovery\assets\tankwar\asset37,35,Maler$$Mars.helpItemErstellen,METHOD,C:\Users\JBNU\git\ConstraintsRecovery\assets\tankwar\asset37:IF:6-37,asset37,true,C:\Users\JBNU\git\ConstraintsRecovery\assets\tankwar\asset2,117,Maler$$PC.loadImage,METHOD,C:\Users\JBNU\git\ConstraintsRecovery\assets\tankwar\asset2:IF:8-332,asset2,true,METHOD_CALL,"menu.add(Sprach.HelpItem, loadImage(""transparent.png"", 0, 0), loadImage(""Hmars.png"", 0, 0), 0);",TankWar_P1|TankWar_P2|TankWar_P3,TankWar_P1|TankWar_P2|TankWar_P3|TankWar_P4|TankWar_P5
D1197,RC-0494,C:\Users\JBNU\git\ConstraintsRecovery\assets\tankwar\asset38,16,TankManager$$Bombe,CLASS,C:\Users\JBNU\git\ConstraintsRecovery\assets\tankwar\asset38:ELIF:15-16,asset38,false,C:\Users\JBNU\git\ConstraintsRecovery\assets\tankwar\asset3,17,TankManager$$Tools,CLASS,C:\Users\JBNU\git\ConstraintsRecovery\assets\tankwar\asset3:IF:8-44,asset3,true,EXTENDS,abstract class TankManager$$Bombe extends TankManager$$Tools {,TankWar_P5,TankWar_P1|TankWar_P2|TankWar_P3|TankWar_P4|TankWar_P5
D1198,RC-0495,C:\Users\JBNU\git\ConstraintsRecovery\assets\tankwar\asset38,22,TankManager$$Bombe.toolsLaden,METHOD,C:\Users\JBNU\git\ConstraintsRecovery\assets\tankwar\asset38:IF:6-25,asset38,true,C:\Users\JBNU\git\ConstraintsRecovery\assets\tankwar\asset3,30,TankManager$$Tools.toolInit,METHOD,C:\Users\JBNU\git\ConstraintsRecovery\assets\tankwar\asset3:IF:8-44,asset3,true,METHOD_CALL,toolInit(374);,TankWar_P2|TankWar_P4|TankWar_P5,TankWar_P1|TankWar_P2|TankWar_P3|TankWar_P4|TankWar_P5
D1196,RC-0496,C:\Users\JBNU\git\ConstraintsRecovery\assets\tankwar\asset38,11,TankManager$$Bombe,CLASS,C:\Users\JBNU\git\ConstraintsRecovery\assets\tankwar\asset38:IF:9-11,asset38,false,C:\Users\JBNU\git\ConstraintsRecovery\assets\tankwar\asset3,17,TankManager$$Tools,CLASS,C:\Users\JBNU\git\ConstraintsRecovery\assets\tankwar\asset3:IF:8-44,asset3,true,EXTENDS,abstract class TankManager$$Bombe extends TankManager$$Tools {,TankWar_P4,TankWar_P1|TankWar_P2|TankWar_P3|TankWar_P4|TankWar_P5
D1207,RC-0497,C:\Users\JBNU\git\ConstraintsRecovery\assets\tankwar\asset39,41,Tank$$Feuerkraft.toolBehandeln,METHOD,C:\Users\JBNU\git\ConstraintsRecovery\assets\tankwar\asset39:IF:6-46,asset39,true,C:\Users\JBNU\git\ConstraintsRecovery\assets\tankwar\asset14,20,Tank$$TankWar.feuernHaufigkeit,FIELD,C:\Users\JBNU\git\ConstraintsRecovery\assets\tankwar\asset14:IF:8-384,asset14,true,FIELD_REFERENCE,((Tank) this).feuernHaufigkeit = ((Tank) this).feuernHaufigkeit - 500l;,TankWar_P1|TankWar_P3|TankWar_P5,TankWar_P1|TankWar_P2|TankWar_P3|TankWar_P4|TankWar_P5
D1204,RC-0498,C:\Users\JBNU\git\ConstraintsRecovery\assets\tankwar\asset39,38,Tank$$Feuerkraft.toolBehandeln,METHOD,C:\Users\JBNU\git\ConstraintsRecovery\assets\tankwar\asset39:IF:6-46,asset39,true,C:\Users\JBNU\git\ConstraintsRecovery\assets\tankwar\asset39,18,Tank$$Feuerkraft.feuerkraft,FIELD,C:\Users\JBNU\git\ConstraintsRecovery\assets\tankwar\asset39:IF:6-46,asset39,true,FIELD_REFERENCE,if (!feuerkraft) {,TankWar_P1|TankWar_P3|TankWar_P5,TankWar_P1|TankWar_P3|TankWar_P5
D1206,RC-0498,C:\Users\JBNU\git\ConstraintsRecovery\assets\tankwar\asset39,40,Tank$$Feuerkraft.toolBehandeln,METHOD,C:\Users\JBNU\git\ConstraintsRecovery\assets\tankwar\asset39:IF:6-46,asset39,true,C:\Users\JBNU\git\ConstraintsRecovery\assets\tankwar\asset39,18,Tank$$Feuerkraft.feuerkraft,FIELD,C:\Users\JBNU\git\ConstraintsRecovery\assets\tankwar\asset39:IF:6-46,asset39,true,FIELD_REFERENCE,((Tank) this).feuerkraft = true;,TankWar_P1|TankWar_P3|TankWar_P5,TankWar_P1|TankWar_P3|TankWar_P5
D1205,RC-0499,C:\Users\JBNU\git\ConstraintsRecovery\assets\tankwar\asset39,39,Tank$$Feuerkraft.toolBehandeln,METHOD,C:\Users\JBNU\git\ConstraintsRecovery\assets\tankwar\asset39:IF:6-46,asset39,true,C:\Users\JBNU\git\ConstraintsRecovery\assets\tankwar\asset39,17,Tank$$Feuerkraft.feuerkraftTimer,FIELD,C:\Users\JBNU\git\ConstraintsRecovery\assets\tankwar\asset39:IF:6-46,asset39,true,FIELD_REFERENCE,((Tank) this).feuerkraftTimer = System.currentTimeMillis();,TankWar_P1|TankWar_P3|TankWar_P5,TankWar_P1|TankWar_P3|TankWar_P5
D1199,RC-0500,C:\Users\JBNU\git\ConstraintsRecovery\assets\tankwar\asset39,25,Tank$$Feuerkraft.toolKontroller,METHOD,C:\Users\JBNU\git\ConstraintsRecovery\assets\tankwar\asset39:IF:6-46,asset39,true,C:\Users\JBNU\git\ConstraintsRecovery\assets\tankwar\asset39,18,Tank$$Feuerkraft.feuerkraft,FIELD,C:\Users\JBNU\git\ConstraintsRecovery\assets\tankwar\asset39:IF:6-46,asset39,true,FIELD_REFERENCE,if (feuerkraft) {,TankWar_P1|TankWar_P3|TankWar_P5,TankWar_P1|TankWar_P3|TankWar_P5
D1202,RC-0500,C:\Users\JBNU\git\ConstraintsRecovery\assets\tankwar\asset39,29,Tank$$Feuerkraft.toolKontroller,METHOD,C:\Users\JBNU\git\ConstraintsRecovery\assets\tankwar\asset39:IF:6-46,asset39,true,C:\Users\JBNU\git\ConstraintsRecovery\assets\tankwar\asset39,18,Tank$$Feuerkraft.feuerkraft,FIELD,C:\Users\JBNU\git\ConstraintsRecovery\assets\tankwar\asset39:IF:6-46,asset39,true,FIELD_REFERENCE,if (feuerkraft && System.currentTimeMillis() - feuerkraftTimer > 15000) {,TankWar_P1|TankWar_P3|TankWar_P5,TankWar_P1|TankWar_P3|TankWar_P5
D1203,RC-0500,C:\Users\JBNU\git\ConstraintsRecovery\assets\tankwar\asset39,31,Tank$$Feuerkraft.toolKontroller,METHOD,C:\Users\JBNU\git\ConstraintsRecovery\assets\tankwar\asset39:IF:6-46,asset39,true,C:\Users\JBNU\git\ConstraintsRecovery\assets\tankwar\asset39,18,Tank$$Feuerkraft.feuerkraft,FIELD,C:\Users\JBNU\git\ConstraintsRecovery\assets\tankwar\asset39:IF:6-46,asset39,true,FIELD_REFERENCE,feuerkraft = false;,TankWar_P1|TankWar_P3|TankWar_P5,TankWar_P1|TankWar_P3|TankWar_P5
D1200,RC-0501,C:\Users\JBNU\git\ConstraintsRecovery\assets\tankwar\asset39,26,Tank$$Feuerkraft.toolKontroller,METHOD,C:\Users\JBNU\git\ConstraintsRecovery\assets\tankwar\asset39:IF:6-46,asset39,true,C:\Users\JBNU\git\ConstraintsRecovery\assets\tankwar\asset39,17,Tank$$Feuerkraft.feuerkraftTimer,FIELD,C:\Users\JBNU\git\ConstraintsRecovery\assets\tankwar\asset39:IF:6-46,asset39,true,FIELD_REFERENCE,feuerkraftTimer += elapsedTime;,TankWar_P1|TankWar_P3|TankWar_P5,TankWar_P1|TankWar_P3|TankWar_P5
D1201,RC-0501,C:\Users\JBNU\git\ConstraintsRecovery\assets\tankwar\asset39,29,Tank$$Feuerkraft.toolKontroller,METHOD,C:\Users\JBNU\git\ConstraintsRecovery\assets\tankwar\asset39:IF:6-46,asset39,true,C:\Users\JBNU\git\ConstraintsRecovery\assets\tankwar\asset39,17,Tank$$Feuerkraft.feuerkraftTimer,FIELD,C:\Users\JBNU\git\ConstraintsRecovery\assets\tankwar\asset39:IF:6-46,asset39,true,FIELD_REFERENCE,if (feuerkraft && System.currentTimeMillis() - feuerkraftTimer > 15000) {,TankWar_P1|TankWar_P3|TankWar_P5,TankWar_P1|TankWar_P3|TankWar_P5
D1211,RC-0502,C:\Users\JBNU\git\ConstraintsRecovery\assets\tankwar\asset3,34,TankManager$$Tools.toolInit,METHOD,C:\Users\JBNU\git\ConstraintsRecovery\assets\tankwar\asset3:IF:8-44,asset3,true,C:\Users\JBNU\git\ConstraintsRecovery\assets\tankwar\asset20,16,Tool.Tool,CONSTRUCTOR,C:\Users\JBNU\git\ConstraintsRecovery\assets\tankwar\asset20:IF:8-41,asset20,true,CONSTRUCTOR_CALL,"Tool tool = new Tool(((TankManager) this), x, y, type);",TankWar_P1|TankWar_P2|TankWar_P3|TankWar_P4|TankWar_P5,TankWar_P1|TankWar_P2|TankWar_P3|TankWar_P4|TankWar_P5
D1214,RC-0503,C:\Users\JBNU\git\ConstraintsRecovery\assets\tankwar\asset3,42,TankManager$$Tools.addEnemyTank,METHOD,C:\Users\JBNU\git\ConstraintsRecovery\assets\tankwar\asset3:IF:8-44,asset3,true,C:\Users\JBNU\git\ConstraintsRecovery\assets\tankwar\asset3,28,TankManager$$Tools.toolsLaden,METHOD,C:\Users\JBNU\git\ConstraintsRecovery\assets\tankwar\asset3:IF:8-44,asset3,true,METHOD_CALL,toolsLaden();,TankWar_P1|TankWar_P2|TankWar_P3|TankWar_P4|TankWar_P5,TankWar_P1|TankWar_P2|TankWar_P3|TankWar_P4|TankWar_P5
D1209,RC-0504,C:\Users\JBNU\git\ConstraintsRecovery\assets\tankwar\asset3,25,TankManager$$Tools.komponenteMalen,METHOD,C:\Users\JBNU\git\ConstraintsRecovery\assets\tankwar\asset3:IF:8-44,asset3,true,C:\Users\JBNU\git\ConstraintsRecovery\assets\tankwar\asset3,18,TankManager$$Tools.toolMenge,FIELD,C:\Users\JBNU\git\ConstraintsRecovery\assets\tankwar\asset3:IF:8-44,asset3,true,FIELD_REFERENCE,gruppeMalen(toolMenge);,TankWar_P1|TankWar_P2|TankWar_P3|TankWar_P4|TankWar_P5,TankWar_P1|TankWar_P2|TankWar_P3|TankWar_P4|TankWar_P5
D1212,RC-0505,C:\Users\JBNU\git\ConstraintsRecovery\assets\tankwar\asset3,35,TankManager$$Tools.toolInit,METHOD,C:\Users\JBNU\git\ConstraintsRecovery\assets\tankwar\asset3:IF:8-44,asset3,true,C:\Users\JBNU\git\ConstraintsRecovery\assets\tankwar\asset3,18,TankManager$$Tools.toolMenge,FIELD,C:\Users\JBNU\git\ConstraintsRecovery\assets\tankwar\asset3:IF:8-44,asset3,true,FIELD_REFERENCE,if (!tool.stossenGegen(metalwall) && !tool.stossenGegen(waterwall) && toolMenge.size() < 3) {,TankWar_P1|TankWar_P2|TankWar_P3|TankWar_P4|TankWar_P5,TankWar_P1|TankWar_P2|TankWar_P3|TankWar_P4|TankWar_P5
D1213,RC-0505,C:\Users\JBNU\git\ConstraintsRecovery\assets\tankwar\asset3,36,TankManager$$Tools.toolInit,METHOD,C:\Users\JBNU\git\ConstraintsRecovery\assets\tankwar\asset3:IF:8-44,asset3,true,C:\Users\JBNU\git\ConstraintsRecovery\assets\tankwar\asset3,18,TankManager$$Tools.toolMenge,FIELD,C:\Users\JBNU\git\ConstraintsRecovery\assets\tankwar\asset3:IF:8-44,asset3,true,FIELD_REFERENCE,toolMenge.addElement(tool);,TankWar_P1|TankWar_P2|TankWar_P3|TankWar_P4|TankWar_P5,TankWar_P1|TankWar_P2|TankWar_P3|TankWar_P4|TankWar_P5
D1208,RC-0506,C:\Users\JBNU\git\ConstraintsRecovery\assets\tankwar\asset3,17,TankManager$$Tools,CLASS,C:\Users\JBNU\git\ConstraintsRecovery\assets\tankwar\asset3:IF:8-44,asset3,true,C:\Users\JBNU\git\ConstraintsRecovery\assets\tankwar\asset9,17,TankManager$$TankWar,CLASS,C:\Users\JBNU\git\ConstraintsRecovery\assets\tankwar\asset9:IF:8-248,asset9,true,EXTENDS,abstract class TankManager$$Tools extends TankManager$$TankWar {,TankWar_P1|TankWar_P2|TankWar_P3|TankWar_P4|TankWar_P5,TankWar_P1|TankWar_P2|TankWar_P3|TankWar_P4|TankWar_P5
D1210,RC-0507,C:\Users\JBNU\git\ConstraintsRecovery\assets\tankwar\asset3,25,TankManager$$Tools.komponenteMalen,METHOD,C:\Users\JBNU\git\ConstraintsRecovery\assets\tankwar\asset3:IF:8-44,asset3,true,C:\Users\JBNU\git\ConstraintsRecovery\assets\tankwar\asset9,171,TankManager$$TankWar.gruppeMalen,METHOD,C:\Users\JBNU\git\ConstraintsRecovery\assets\tankwar\asset9:IF:8-248,asset9,true,METHOD_CALL,gruppeMalen(toolMenge);,TankWar_P1|TankWar_P2|TankWar_P3|TankWar_P4|TankWar_P5,TankWar_P1|TankWar_P2|TankWar_P3|TankWar_P4|TankWar_P5
D1225,RC-0508,C:\Users\JBNU\git\ConstraintsRecovery\assets\tankwar\asset41,44,Tank$$Mars.beschaedigen,METHOD,C:\Users\JBNU\git\ConstraintsRecovery\assets\tankwar\asset41:IF:6-48,asset41,true,C:\Users\JBNU\git\ConstraintsRecovery\assets\tankwar\asset14,21,Tank$$TankWar.energie,FIELD,C:\Users\JBNU\git\ConstraintsRecovery\assets\tankwar\asset14:IF:8-384,asset14,true,FIELD_REFERENCE,((Tank) this).energie = ((Tank) this).energie + besch;,TankWar_P1|TankWar_P2|TankWar_P3,TankWar_P1|TankWar_P2|TankWar_P3|TankWar_P4|TankWar_P5
D1221,RC-0509,C:\Users\JBNU\git\ConstraintsRecovery\assets\tankwar\asset41,30,Tank$$Mars.toolKontroller,METHOD,C:\Users\JBNU\git\ConstraintsRecovery\assets\tankwar\asset41:IF:6-48,asset41,true,C:\Users\JBNU\git\ConstraintsRecovery\assets\tankwar\asset2,329,Maler$$PC.drawRoundRect,METHOD,C:\Users\JBNU\git\ConstraintsRecovery\assets\tankwar\asset2:IF:8-332,asset2,true,METHOD_CALL,"tankManager.maler.drawRoundRect(x_Koordinate - 3, y_Koordinate - 3, objWidth + 6, objHeight + 6, tankManager.koernigkeit, tankManager.koernigkeit);",TankWar_P1|TankWar_P2|TankWar_P3,TankWar_P1|TankWar_P2|TankWar_P3|TankWar_P4|TankWar_P5
D1219,RC-0510,C:\Users\JBNU\git\ConstraintsRecovery\assets\tankwar\asset41,29,Tank$$Mars.toolKontroller,METHOD,C:\Users\JBNU\git\ConstraintsRecovery\assets\tankwar\asset41:IF:6-48,asset41,true,C:\Users\JBNU\git\ConstraintsRecovery\assets\tankwar\asset2,310,Maler$$PC.setColor,METHOD,C:\Users\JBNU\git\ConstraintsRecovery\assets\tankwar\asset2:IF:8-332,asset2,true,METHOD_CALL,"tankManager.maler.setColor(255, 255, 255);",TankWar_P1|TankWar_P2|TankWar_P3,TankWar_P1|TankWar_P2|TankWar_P3|TankWar_P4|TankWar_P5
D1224,RC-0511,C:\Users\JBNU\git\ConstraintsRecovery\assets\tankwar\asset41,43,Tank$$Mars.beschaedigen,METHOD,C:\Users\JBNU\git\ConstraintsRecovery\assets\tankwar\asset41:IF:6-48,asset41,true,C:\Users\JBNU\git\ConstraintsRecovery\assets\tankwar\asset41,18,Tank$$Mars.mars,FIELD,C:\Users\JBNU\git\ConstraintsRecovery\assets\tankwar\asset41:IF:6-48,asset41,true,FIELD_REFERENCE,if (mars) {,TankWar_P1|TankWar_P2|TankWar_P3,TankWar_P1|TankWar_P2|TankWar_P3
D1223,RC-0512,C:\Users\JBNU\git\ConstraintsRecovery\assets\tankwar\asset41,38,Tank$$Mars.toolBehandeln,METHOD,C:\Users\JBNU\git\ConstraintsRecovery\assets\tankwar\asset41:IF:6-48,asset41,true,C:\Users\JBNU\git\ConstraintsRecovery\assets\tankwar\asset41,18,Tank$$Mars.mars,FIELD,C:\Users\JBNU\git\ConstraintsRecovery\assets\tankwar\asset41:IF:6-48,asset41,true,FIELD_REFERENCE,((Tank) this).mars = true;,TankWar_P1|TankWar_P2|TankWar_P3,TankWar_P1|TankWar_P2|TankWar_P3
D1222,RC-0513,C:\Users\JBNU\git\ConstraintsRecovery\assets\tankwar\asset41,37,Tank$$Mars.toolBehandeln,METHOD,C:\Users\JBNU\git\ConstraintsRecovery\assets\tankwar\asset41:IF:6-48,asset41,true,C:\Users\JBNU\git\ConstraintsRecovery\assets\tankwar\asset41,19,Tank$$Mars.marsTimer,FIELD,C:\Users\JBNU\git\ConstraintsRecovery\assets\tankwar\asset41:IF:6-48,asset41,true,FIELD_REFERENCE,marsTimer = System.currentTimeMillis();,TankWar_P1|TankWar_P2|TankWar_P3,TankWar_P1|TankWar_P2|TankWar_P3
D1215,RC-0514,C:\Users\JBNU\git\ConstraintsRecovery\assets\tankwar\asset41,25,Tank$$Mars.toolKontroller,METHOD,C:\Users\JBNU\git\ConstraintsRecovery\assets\tankwar\asset41:IF:6-48,asset41,true,C:\Users\JBNU\git\ConstraintsRecovery\assets\tankwar\asset41,18,Tank$$Mars.mars,FIELD,C:\Users\JBNU\git\ConstraintsRecovery\assets\tankwar\asset41:IF:6-48,asset41,true,FIELD_REFERENCE,if (mars && System.currentTimeMillis() - marsTimer > 10000) {,TankWar_P1|TankWar_P2|TankWar_P3,TankWar_P1|TankWar_P2|TankWar_P3
D1217,RC-0514,C:\Users\JBNU\git\ConstraintsRecovery\assets\tankwar\asset41,26,Tank$$Mars.toolKontroller,METHOD,C:\Users\JBNU\git\ConstraintsRecovery\assets\tankwar\asset41:IF:6-48,asset41,true,C:\Users\JBNU\git\ConstraintsRecovery\assets\tankwar\asset41,18,Tank$$Mars.mars,FIELD,C:\Users\JBNU\git\ConstraintsRecovery\assets\tankwar\asset41:IF:6-48,asset41,true,FIELD_REFERENCE,mars = false;,TankWar_P1|TankWar_P2|TankWar_P3,TankWar_P1|TankWar_P2|TankWar_P3
D1218,RC-0514,C:\Users\JBNU\git\ConstraintsRecovery\assets\tankwar\asset41,28,Tank$$Mars.toolKontroller,METHOD,C:\Users\JBNU\git\ConstraintsRecovery\assets\tankwar\asset41:IF:6-48,asset41,true,C:\Users\JBNU\git\ConstraintsRecovery\assets\tankwar\asset41,18,Tank$$Mars.mars,FIELD,C:\Users\JBNU\git\ConstraintsRecovery\assets\tankwar\asset41:IF:6-48,asset41,true,FIELD_REFERENCE,if (mars) {,TankWar_P1|TankWar_P2|TankWar_P3,TankWar_P1|TankWar_P2|TankWar_P3
D1216,RC-0515,C:\Users\JBNU\git\ConstraintsRecovery\assets\tankwar\asset41,25,Tank$$Mars.toolKontroller,METHOD,C:\Users\JBNU\git\ConstraintsRecovery\assets\tankwar\asset41:IF:6-48,asset41,true,C:\Users\JBNU\git\ConstraintsRecovery\assets\tankwar\asset41,19,Tank$$Mars.marsTimer,FIELD,C:\Users\JBNU\git\ConstraintsRecovery\assets\tankwar\asset41:IF:6-48,asset41,true,FIELD_REFERENCE,if (mars && System.currentTimeMillis() - marsTimer > 10000) {,TankWar_P1|TankWar_P2|TankWar_P3,TankWar_P1|TankWar_P2|TankWar_P3
D1220,RC-0516,C:\Users\JBNU\git\ConstraintsRecovery\assets\tankwar\asset41,30,Tank$$Mars.toolKontroller,METHOD,C:\Users\JBNU\git\ConstraintsRecovery\assets\tankwar\asset41:IF:6-48,asset41,true,C:\Users\JBNU\git\ConstraintsRecovery\assets\tankwar\asset9,21,TankManager$$TankWar.koernigkeit,FIELD,C:\Users\JBNU\git\ConstraintsRecovery\assets\tankwar\asset9:IF:8-248,asset9,true,FIELD_REFERENCE,"tankManager.maler.drawRoundRect(x_Koordinate - 3, y_Koordinate - 3, objWidth + 6, objHeight + 6, tankManager.koernigkeit, tankManager.koernigkeit);",TankWar_P1|TankWar_P2|TankWar_P3,TankWar_P1|TankWar_P2|TankWar_P3|TankWar_P4|TankWar_P5
D1226,RC-0517,C:\Users\JBNU\git\ConstraintsRecovery\assets\tankwar\asset42,19,Tool$$Bombe.init,METHOD,C:\Users\JBNU\git\ConstraintsRecovery\assets\tankwar\asset42:IF:6-23,asset42,true,C:\Users\JBNU\git\ConstraintsRecovery\assets\tankwar\asset9,21,TankManager$$TankWar.koernigkeit,FIELD,C:\Users\JBNU\git\ConstraintsRecovery\assets\tankwar\asset9:IF:8-248,asset9,true,FIELD_REFERENCE,"super.init(tankManager, x_Koordinate * tankManager.koernigkeit2, y_Koordinate * tankManager.koernigkeit2, 255, 255, 0, tankManager.koernigkeit, tankManager.koernigkeit, toolType);",TankWar_P2|TankWar_P4|TankWar_P5,TankWar_P1|TankWar_P2|TankWar_P3|TankWar_P4|TankWar_P5
D1227,RC-0518,C:\Users\JBNU\git\ConstraintsRecovery\assets\tankwar\asset42,19,Tool$$Bombe.init,METHOD,C:\Users\JBNU\git\ConstraintsRecovery\assets\tankwar\asset42:IF:6-23,asset42,true,C:\Users\JBNU\git\ConstraintsRecovery\assets\tankwar\asset9,21,TankManager$$TankWar.koernigkeit2,FIELD,C:\Users\JBNU\git\ConstraintsRecovery\assets\tankwar\asset9:IF:8-248,asset9,true,FIELD_REFERENCE,"super.init(tankManager, x_Koordinate * tankManager.koernigkeit2, y_Koordinate * tankManager.koernigkeit2, 255, 255, 0, tankManager.koernigkeit, tankManager.koernigkeit, toolType);",TankWar_P2|TankWar_P4|TankWar_P5,TankWar_P1|TankWar_P2|TankWar_P3|TankWar_P4|TankWar_P5
D1228,RC-0519,C:\Users\JBNU\git\ConstraintsRecovery\assets\tankwar\asset42,8,Tool$$Bombe,CLASS,C:\Users\JBNU\git\ConstraintsRecovery\assets\tankwar\asset42:IF:7-8,asset42,false,C:\Users\JBNU\git\ConstraintsRecovery\assets\tankwar\asset19,9,Tool$$Tools,CLASS,C:\Users\JBNU\git\ConstraintsRecovery\assets\tankwar\asset19:IF:8-51,asset19,true,EXTENDS,abstract class Tool$$Bombe extends Tool$$Tools {,TankWar_P4|TankWar_P5,TankWar_P1|TankWar_P2|TankWar_P3|TankWar_P4|TankWar_P5
D1229,RC-0520,C:\Users\JBNU\git\ConstraintsRecovery\assets\tankwar\asset43,21,Tool$$Feuerkraft.init,METHOD,C:\Users\JBNU\git\ConstraintsRecovery\assets\tankwar\asset43:IF:6-25,asset43,true,C:\Users\JBNU\git\ConstraintsRecovery\assets\tankwar\asset9,21,TankManager$$TankWar.koernigkeit,FIELD,C:\Users\JBNU\git\ConstraintsRecovery\assets\tankwar\asset9:IF:8-248,asset9,true,FIELD_REFERENCE,"super.init(tankManager, x_Koordinate * tankManager.koernigkeit2, y_Koordinate * tankManager.koernigkeit2, 0, 255, 0, tankManager.koernigkeit, tankManager.koernigkeit, toolType);",TankWar_P1|TankWar_P3|TankWar_P5,TankWar_P1|TankWar_P2|TankWar_P3|TankWar_P4|TankWar_P5
D1230,RC-0521,C:\Users\JBNU\git\ConstraintsRecovery\assets\tankwar\asset43,21,Tool$$Feuerkraft.init,METHOD,C:\Users\JBNU\git\ConstraintsRecovery\assets\tankwar\asset43:IF:6-25,asset43,true,C:\Users\JBNU\git\ConstraintsRecovery\assets\tankwar\asset9,21,TankManager$$TankWar.koernigkeit2,FIELD,C:\Users\JBNU\git\ConstraintsRecovery\assets\tankwar\asset9:IF:8-248,asset9,true,FIELD_REFERENCE,"super.init(tankManager, x_Koordinate * tankManager.koernigkeit2, y_Koordinate * tankManager.koernigkeit2, 0, 255, 0, tankManager.koernigkeit, tankManager.koernigkeit, toolType);",TankWar_P1|TankWar_P3|TankWar_P5,TankWar_P1|TankWar_P2|TankWar_P3|TankWar_P4|TankWar_P5
D1231,RC-0522,C:\Users\JBNU\git\ConstraintsRecovery\assets\tankwar\asset44,10,Tool$$einfrieren,CLASS,C:\Users\JBNU\git\ConstraintsRecovery\assets\tankwar\asset44:ELIF:9-10,asset44,false,C:\Users\JBNU\git\ConstraintsRecovery\assets\tankwar\asset60,6,Tool$$Beschleunigung,CLASS,C:\Users\JBNU\git\ConstraintsRecovery\assets\tankwar\asset60:IF:5-18,asset60,true,EXTENDS,abstract class Tool$$einfrieren extends Tool$$Beschleunigung {,TankWar_P2|TankWar_P3,TankWar_P2|TankWar_P3
D1232,RC-0523,C:\Users\JBNU\git\ConstraintsRecovery\assets\tankwar\asset44,19,Tool$$einfrieren.init,METHOD,C:\Users\JBNU\git\ConstraintsRecovery\assets\tankwar\asset44:IF:6-23,asset44,true,C:\Users\JBNU\git\ConstraintsRecovery\assets\tankwar\asset9,21,TankManager$$TankWar.koernigkeit,FIELD,C:\Users\JBNU\git\ConstraintsRecovery\assets\tankwar\asset9:IF:8-248,asset9,true,FIELD_REFERENCE,"super.init(tankManager, x_Koordinate * tankManager.koernigkeit2, y_Koordinate * tankManager.koernigkeit2, 100, 149, 237, tankManager.koernigkeit, tankManager.koernigkeit, toolType);",TankWar_P1|TankWar_P2|TankWar_P3,TankWar_P1|TankWar_P2|TankWar_P3|TankWar_P4|TankWar_P5
D1233,RC-0524,C:\Users\JBNU\git\ConstraintsRecovery\assets\tankwar\asset44,19,Tool$$einfrieren.init,METHOD,C:\Users\JBNU\git\ConstraintsRecovery\assets\tankwar\asset44:IF:6-23,asset44,true,C:\Users\JBNU\git\ConstraintsRecovery\assets\tankwar\asset9,21,TankManager$$TankWar.koernigkeit2,FIELD,C:\Users\JBNU\git\ConstraintsRecovery\assets\tankwar\asset9:IF:8-248,asset9,true,FIELD_REFERENCE,"super.init(tankManager, x_Koordinate * tankManager.koernigkeit2, y_Koordinate * tankManager.koernigkeit2, 100, 149, 237, tankManager.koernigkeit, tankManager.koernigkeit, toolType);",TankWar_P1|TankWar_P2|TankWar_P3,TankWar_P1|TankWar_P2|TankWar_P3|TankWar_P4|TankWar_P5
D1234,RC-0525,C:\Users\JBNU\git\ConstraintsRecovery\assets\tankwar\asset44,8,Tool$$einfrieren,CLASS,C:\Users\JBNU\git\ConstraintsRecovery\assets\tankwar\asset44:IF:7-8,asset44,false,C:\Users\JBNU\git\ConstraintsRecovery\assets\tankwar\asset19,9,Tool$$Tools,CLASS,C:\Users\JBNU\git\ConstraintsRecovery\assets\tankwar\asset19:IF:8-51,asset19,true,EXTENDS,abstract class Tool$$einfrieren extends Tool$$Tools {,TankWar_P1,TankWar_P1|TankWar_P2|TankWar_P3|TankWar_P4|TankWar_P5
D1235,RC-0526,C:\Users\JBNU\git\ConstraintsRecovery\assets\tankwar\asset45,11,Missile$$Image,CLASS,C:\Users\JBNU\git\ConstraintsRecovery\assets\tankwar\asset45:ELIF:10-11,asset45,false,C:\Users\JBNU\git\ConstraintsRecovery\assets\tankwar\asset64,9,Missile$$explodieren,CLASS,C:\Users\JBNU\git\ConstraintsRecovery\assets\tankwar\asset64:IF:5-17,asset64,true,EXTENDS,abstract class Missile$$Image extends Missile$$explodieren {,TankWar_P3,TankWar_P3|TankWar_P5
D1236,RC-0527,C:\Users\JBNU\git\ConstraintsRecovery\assets\tankwar\asset45,25,Missile$$Image.malen,METHOD,C:\Users\JBNU\git\ConstraintsRecovery\assets\tankwar\asset45:IF:6-38,asset45,true,C:\Users\JBNU\git\ConstraintsRecovery\assets\tankwar\asset13,39,Maler$$fuer_PC.drawImage,METHOD,C:\Users\JBNU\git\ConstraintsRecovery\assets\tankwar\asset13:IF:8-358,asset13,true,METHOD_CALL,"tankManager.maler.drawImage(""missileU.png"", x_Koordinate, y_Koordinate);",TankWar_P2|TankWar_P3|TankWar_P4,TankWar_P1|TankWar_P2|TankWar_P3|TankWar_P4|TankWar_P5
D1237,RC-0527,C:\Users\JBNU\git\ConstraintsRecovery\assets\tankwar\asset45,28,Missile$$Image.malen,METHOD,C:\Users\JBNU\git\ConstraintsRecovery\assets\tankwar\asset45:IF:6-38,asset45,true,C:\Users\JBNU\git\ConstraintsRecovery\assets\tankwar\asset13,39,Maler$$fuer_PC.drawImage,METHOD,C:\Users\JBNU\git\ConstraintsRecovery\assets\tankwar\asset13:IF:8-358,asset13,true,METHOD_CALL,"tankManager.maler.drawImage(""missileR.png"", x_Koordinate, y_Koordinate);",TankWar_P2|TankWar_P3|TankWar_P4,TankWar_P1|TankWar_P2|TankWar_P3|TankWar_P4|TankWar_P5
D1238,RC-0527,C:\Users\JBNU\git\ConstraintsRecovery\assets\tankwar\asset45,31,Missile$$Image.malen,METHOD,C:\Users\JBNU\git\ConstraintsRecovery\assets\tankwar\asset45:IF:6-38,asset45,true,C:\Users\JBNU\git\ConstraintsRecovery\assets\tankwar\asset13,39,Maler$$fuer_PC.drawImage,METHOD,C:\Users\JBNU\git\ConstraintsRecovery\assets\tankwar\asset13:IF:8-358,asset13,true,METHOD_CALL,"tankManager.maler.drawImage(""missileD.png"", x_Koordinate, y_Koordinate);",TankWar_P2|TankWar_P3|TankWar_P4,TankWar_P1|TankWar_P2|TankWar_P3|TankWar_P4|TankWar_P5
D1239,RC-0527,C:\Users\JBNU\git\ConstraintsRecovery\assets\tankwar\asset45,34,Missile$$Image.malen,METHOD,C:\Users\JBNU\git\ConstraintsRecovery\assets\tankwar\asset45:IF:6-38,asset45,true,C:\Users\JBNU\git\ConstraintsRecovery\assets\tankwar\asset13,39,Maler$$fuer_PC.drawImage,METHOD,C:\Users\JBNU\git\ConstraintsRecovery\assets\tankwar\asset13:IF:8-358,asset13,true,METHOD_CALL,"tankManager.maler.drawImage(""missileL.png"", x_Koordinate, y_Koordinate);",TankWar_P2|TankWar_P3|TankWar_P4,TankWar_P1|TankWar_P2|TankWar_P3|TankWar_P4|TankWar_P5
D1240,RC-0528,C:\Users\JBNU\git\ConstraintsRecovery\assets\tankwar\asset45,9,Missile$$Image,CLASS,C:\Users\JBNU\git\ConstraintsRecovery\assets\tankwar\asset45:IF:8-9,asset45,false,C:\Users\JBNU\git\ConstraintsRecovery\assets\tankwar\asset1,12,Missile$$TankWar,CLASS,C:\Users\JBNU\git\ConstraintsRecovery\assets\tankwar\asset1:IF:8-128,asset1,true,EXTENDS,abstract class Missile$$Image extends Missile$$TankWar {,TankWar_P2|TankWar_P4,TankWar_P1|TankWar_P2|TankWar_P3|TankWar_P4|TankWar_P5
D1242,RC-0529,C:\Users\JBNU\git\ConstraintsRecovery\assets\tankwar\asset46,13,Tank$$einfrieren,CLASS,C:\Users\JBNU\git\ConstraintsRecovery\assets\tankwar\asset46:ELIF:11-13,asset46,false,C:\Users\JBNU\git\ConstraintsRecovery\assets\tankwar\asset52,9,Tank$$Beschleunigung,CLASS,C:\Users\JBNU\git\ConstraintsRecovery\assets\tankwar\asset52:IF:5-39,asset52,true,EXTENDS,abstract class Tank$$einfrieren extends Tank$$Beschleunigung {,TankWar_P2|TankWar_P3,TankWar_P2|TankWar_P3
D1259,RC-0530,C:\Users\JBNU\git\ConstraintsRecovery\assets\tankwar\asset46,44,Tank$$einfrieren.toolBehandeln,METHOD,C:\Users\JBNU\git\ConstraintsRecovery\assets\tankwar\asset46:IF:6-50,asset46,true,C:\Users\JBNU\git\ConstraintsRecovery\assets\tankwar\asset14,23,Tank$$TankWar.aktive,FIELD,C:\Users\JBNU\git\ConstraintsRecovery\assets\tankwar\asset14:IF:8-384,asset14,true,FIELD_REFERENCE,((Tank) tankManager.tankMenge.elementAt(i)).aktive = false;,TankWar_P1|TankWar_P2|TankWar_P3,TankWar_P1|TankWar_P2|TankWar_P3|TankWar_P4|TankWar_P5
D1250,RC-0531,C:\Users\JBNU\git\ConstraintsRecovery\assets\tankwar\asset46,30,Tank$$einfrieren.toolKontroller,METHOD,C:\Users\JBNU\git\ConstraintsRecovery\assets\tankwar\asset46:IF:6-50,asset46,true,C:\Users\JBNU\git\ConstraintsRecovery\assets\tankwar\asset14,23,Tank$$TankWar.aktive,FIELD,C:\Users\JBNU\git\ConstraintsRecovery\assets\tankwar\asset14:IF:8-384,asset14,true,FIELD_REFERENCE,((Tank) tankManager.tankMenge.elementAt(i)).aktive = true;,TankWar_P1|TankWar_P2|TankWar_P3,TankWar_P1|TankWar_P2|TankWar_P3|TankWar_P4|TankWar_P5
D1253,RC-0532,C:\Users\JBNU\git\ConstraintsRecovery\assets\tankwar\asset46,41,Tank$$einfrieren.toolBehandeln,METHOD,C:\Users\JBNU\git\ConstraintsRecovery\assets\tankwar\asset46:IF:6-50,asset46,true,C:\Users\JBNU\git\ConstraintsRecovery\assets\tankwar\asset46,16,Tank$$einfrieren.einfrieren,FIELD,C:\Users\JBNU\git\ConstraintsRecovery\assets\tankwar\asset46:IF:6-50,asset46,true,FIELD_REFERENCE,((Tank) this).einfrieren = true;,TankWar_P1|TankWar_P2|TankWar_P3,TankWar_P1|TankWar_P2|TankWar_P3
D1252,RC-0533,C:\Users\JBNU\git\ConstraintsRecovery\assets\tankwar\asset46,40,Tank$$einfrieren.toolBehandeln,METHOD,C:\Users\JBNU\git\ConstraintsRecovery\assets\tankwar\asset46:IF:6-50,asset46,true,C:\Users\JBNU\git\ConstraintsRecovery\assets\tankwar\asset46,15,Tank$$einfrieren.einfrierenTimer,FIELD,C:\Users\JBNU\git\ConstraintsRecovery\assets\tankwar\asset46:IF:6-50,asset46,true,FIELD_REFERENCE,((Tank) this).einfrierenTimer = System.currentTimeMillis();,TankWar_P1|TankWar_P2|TankWar_P3,TankWar_P1|TankWar_P2|TankWar_P3
D1243,RC-0534,C:\Users\JBNU\git\ConstraintsRecovery\assets\tankwar\asset46,23,Tank$$einfrieren.toolKontroller,METHOD,C:\Users\JBNU\git\ConstraintsRecovery\assets\tankwar\asset46:IF:6-50,asset46,true,C:\Users\JBNU\git\ConstraintsRecovery\assets\tankwar\asset46,16,Tank$$einfrieren.einfrieren,FIELD,C:\Users\JBNU\git\ConstraintsRecovery\assets\tankwar\asset46:IF:6-50,asset46,true,FIELD_REFERENCE,if (einfrieren) {,TankWar_P1|TankWar_P2|TankWar_P3,TankWar_P1|TankWar_P2|TankWar_P3
D1246,RC-0534,C:\Users\JBNU\git\ConstraintsRecovery\assets\tankwar\asset46,27,Tank$$einfrieren.toolKontroller,METHOD,C:\Users\JBNU\git\ConstraintsRecovery\assets\tankwar\asset46:IF:6-50,asset46,true,C:\Users\JBNU\git\ConstraintsRecovery\assets\tankwar\asset46,16,Tank$$einfrieren.einfrieren,FIELD,C:\Users\JBNU\git\ConstraintsRecovery\assets\tankwar\asset46:IF:6-50,asset46,true,FIELD_REFERENCE,if (einfrieren && System.currentTimeMillis() - einfrierenTimer > 8000) {,TankWar_P1|TankWar_P2|TankWar_P3,TankWar_P1|TankWar_P2|TankWar_P3
D1251,RC-0534,C:\Users\JBNU\git\ConstraintsRecovery\assets\tankwar\asset46,33,Tank$$einfrieren.toolKontroller,METHOD,C:\Users\JBNU\git\ConstraintsRecovery\assets\tankwar\asset46:IF:6-50,asset46,true,C:\Users\JBNU\git\ConstraintsRecovery\assets\tankwar\asset46,16,Tank$$einfrieren.einfrieren,FIELD,C:\Users\JBNU\git\ConstraintsRecovery\assets\tankwar\asset46:IF:6-50,asset46,true,FIELD_REFERENCE,einfrieren = false;,TankWar_P1|TankWar_P2|TankWar_P3,TankWar_P1|TankWar_P2|TankWar_P3
D1244,RC-0535,C:\Users\JBNU\git\ConstraintsRecovery\assets\tankwar\asset46,24,Tank$$einfrieren.toolKontroller,METHOD,C:\Users\JBNU\git\ConstraintsRecovery\assets\tankwar\asset46:IF:6-50,asset46,true,C:\Users\JBNU\git\ConstraintsRecovery\assets\tankwar\asset46,15,Tank$$einfrieren.einfrierenTimer,FIELD,C:\Users\JBNU\git\ConstraintsRecovery\assets\tankwar\asset46:IF:6-50,asset46,true,FIELD_REFERENCE,einfrierenTimer += elapsedTime;,TankWar_P1|TankWar_P2|TankWar_P3,TankWar_P1|TankWar_P2|TankWar_P3
D1245,RC-0535,C:\Users\JBNU\git\ConstraintsRecovery\assets\tankwar\asset46,27,Tank$$einfrieren.toolKontroller,METHOD,C:\Users\JBNU\git\ConstraintsRecovery\assets\tankwar\asset46:IF:6-50,asset46,true,C:\Users\JBNU\git\ConstraintsRecovery\assets\tankwar\asset46,15,Tank$$einfrieren.einfrierenTimer,FIELD,C:\Users\JBNU\git\ConstraintsRecovery\assets\tankwar\asset46:IF:6-50,asset46,true,FIELD_REFERENCE,if (einfrieren && System.currentTimeMillis() - einfrierenTimer > 8000) {,TankWar_P1|TankWar_P2|TankWar_P3,TankWar_P1|TankWar_P2|TankWar_P3
D1255,RC-0536,C:\Users\JBNU\git\ConstraintsRecovery\assets\tankwar\asset46,43,Tank$$einfrieren.toolBehandeln,METHOD,C:\Users\JBNU\git\ConstraintsRecovery\assets\tankwar\asset46:IF:6-50,asset46,true,C:\Users\JBNU\git\ConstraintsRecovery\assets\tankwar\asset9,23,TankManager$$TankWar.tank1,FIELD,C:\Users\JBNU\git\ConstraintsRecovery\assets\tankwar\asset9:IF:8-248,asset9,true,FIELD_REFERENCE,if (tankManager.tankMenge.elementAt(i) != tankManager.tank1 && tankManager.tankMenge.elementAt(i) != tankManager.tank2) {,TankWar_P1|TankWar_P2|TankWar_P3,TankWar_P1|TankWar_P2|TankWar_P3|TankWar_P4|TankWar_P5
D1256,RC-0537,C:\Users\JBNU\git\ConstraintsRecovery\assets\tankwar\asset46,43,Tank$$einfrieren.toolBehandeln,METHOD,C:\Users\JBNU\git\ConstraintsRecovery\assets\tankwar\asset46:IF:6-50,asset46,true,C:\Users\JBNU\git\ConstraintsRecovery\assets\tankwar\asset9,24,TankManager$$TankWar.tank2,FIELD,C:\Users\JBNU\git\ConstraintsRecovery\assets\tankwar\asset9:IF:8-248,asset9,true,FIELD_REFERENCE,if (tankManager.tankMenge.elementAt(i) != tankManager.tank1 && tankManager.tankMenge.elementAt(i) != tankManager.tank2) {,TankWar_P1|TankWar_P2|TankWar_P3,TankWar_P1|TankWar_P2|TankWar_P3|TankWar_P4|TankWar_P5
D1254,RC-0538,C:\Users\JBNU\git\ConstraintsRecovery\assets\tankwar\asset46,42,Tank$$einfrieren.toolBehandeln,METHOD,C:\Users\JBNU\git\ConstraintsRecovery\assets\tankwar\asset46:IF:6-50,asset46,true,C:\Users\JBNU\git\ConstraintsRecovery\assets\tankwar\asset9,27,TankManager$$TankWar.tankMenge,FIELD,C:\Users\JBNU\git\ConstraintsRecovery\assets\tankwar\asset9:IF:8-248,asset9,true,FIELD_REFERENCE,for (int i = 0; i < tankManager.tankMenge.size(); i++) {,TankWar_P1|TankWar_P2|TankWar_P3,TankWar_P1|TankWar_P2|TankWar_P3|TankWar_P4|TankWar_P5
D1257,RC-0538,C:\Users\JBNU\git\ConstraintsRecovery\assets\tankwar\asset46,43,Tank$$einfrieren.toolBehandeln,METHOD,C:\Users\JBNU\git\ConstraintsRecovery\assets\tankwar\asset46:IF:6-50,asset46,true,C:\Users\JBNU\git\ConstraintsRecovery\assets\tankwar\asset9,27,TankManager$$TankWar.tankMenge,FIELD,C:\Users\JBNU\git\ConstraintsRecovery\assets\tankwar\asset9:IF:8-248,asset9,true,FIELD_REFERENCE,if (tankManager.tankMenge.elementAt(i) != tankManager.tank1 && tankManager.tankMenge.elementAt(i) != tankManager.tank2) {,TankWar_P1|TankWar_P2|TankWar_P3,TankWar_P1|TankWar_P2|TankWar_P3|TankWar_P4|TankWar_P5
D1258,RC-0538,C:\Users\JBNU\git\ConstraintsRecovery\assets\tankwar\asset46,44,Tank$$einfrieren.toolBehandeln,METHOD,C:\Users\JBNU\git\ConstraintsRecovery\assets\tankwar\asset46:IF:6-50,asset46,true,C:\Users\JBNU\git\ConstraintsRecovery\assets\tankwar\asset9,27,TankManager$$TankWar.tankMenge,FIELD,C:\Users\JBNU\git\ConstraintsRecovery\assets\tankwar\asset9:IF:8-248,asset9,true,FIELD_REFERENCE,((Tank) tankManager.tankMenge.elementAt(i)).aktive = false;,TankWar_P1|TankWar_P2|TankWar_P3,TankWar_P1|TankWar_P2|TankWar_P3|TankWar_P4|TankWar_P5
D1247,RC-0539,C:\Users\JBNU\git\ConstraintsRecovery\assets\tankwar\asset46,28,Tank$$einfrieren.toolKontroller,METHOD,C:\Users\JBNU\git\ConstraintsRecovery\assets\tankwar\asset46:IF:6-50,asset46,true,C:\Users\JBNU\git\ConstraintsRecovery\assets\tankwar\asset9,27,TankManager$$TankWar.tankMenge,FIELD,C:\Users\JBNU\git\ConstraintsRecovery\assets\tankwar\asset9:IF:8-248,asset9,true,FIELD_REFERENCE,for (int i = 0; i < tankManager.tankMenge.size(); i++) {,TankWar_P1|TankWar_P2|TankWar_P3,TankWar_P1|TankWar_P2|TankWar_P3|TankWar_P4|TankWar_P5
D1248,RC-0539,C:\Users\JBNU\git\ConstraintsRecovery\assets\tankwar\asset46,29,Tank$$einfrieren.toolKontroller,METHOD,C:\Users\JBNU\git\ConstraintsRecovery\assets\tankwar\asset46:IF:6-50,asset46,true,C:\Users\JBNU\git\ConstraintsRecovery\assets\tankwar\asset9,27,TankManager$$TankWar.tankMenge,FIELD,C:\Users\JBNU\git\ConstraintsRecovery\assets\tankwar\asset9:IF:8-248,asset9,true,FIELD_REFERENCE,if (tankManager.tankMenge.elementAt(i) != ((Tank) this)) {,TankWar_P1|TankWar_P2|TankWar_P3,TankWar_P1|TankWar_P2|TankWar_P3|TankWar_P4|TankWar_P5
D1249,RC-0539,C:\Users\JBNU\git\ConstraintsRecovery\assets\tankwar\asset46,30,Tank$$einfrieren.toolKontroller,METHOD,C:\Users\JBNU\git\ConstraintsRecovery\assets\tankwar\asset46:IF:6-50,asset46,true,C:\Users\JBNU\git\ConstraintsRecovery\assets\tankwar\asset9,27,TankManager$$TankWar.tankMenge,FIELD,C:\Users\JBNU\git\ConstraintsRecovery\assets\tankwar\asset9:IF:8-248,asset9,true,FIELD_REFERENCE,((Tank) tankManager.tankMenge.elementAt(i)).aktive = true;,TankWar_P1|TankWar_P2|TankWar_P3,TankWar_P1|TankWar_P2|TankWar_P3|TankWar_P4|TankWar_P5
D1241,RC-0540,C:\Users\JBNU\git\ConstraintsRecovery\assets\tankwar\asset46,10,Tank$$einfrieren,CLASS,C:\Users\JBNU\git\ConstraintsRecovery\assets\tankwar\asset46:IF:9-10,asset46,false,C:\Users\JBNU\git\ConstraintsRecovery\assets\tankwar\asset10,14,Tank$$Tools,CLASS,C:\Users\JBNU\git\ConstraintsRecovery\assets\tankwar\asset10:IF:8-42,asset10,true,EXTENDS,abstract class Tank$$einfrieren extends Tank$$Tools {,TankWar_P1,TankWar_P1|TankWar_P2|TankWar_P3|TankWar_P4|TankWar_P5
D1260,RC-0541,C:\Users\JBNU\git\ConstraintsRecovery\assets\tankwar\asset47,13,SoundPlayer.getInstance,METHOD,C:\Users\JBNU\git\ConstraintsRecovery\assets\tankwar\asset47:IF:6-53,asset47,true,C:\Users\JBNU\git\ConstraintsRecovery\assets\tankwar\asset47,10,SoundPlayer.instance,FIELD,C:\Users\JBNU\git\ConstraintsRecovery\assets\tankwar\asset47:IF:6-53,asset47,true,FIELD_REFERENCE,if (instance == null) {,TankWar_P2|TankWar_P3|TankWar_P4,TankWar_P2|TankWar_P3|TankWar_P4
D1261,RC-0541,C:\Users\JBNU\git\ConstraintsRecovery\assets\tankwar\asset47,14,SoundPlayer.getInstance,METHOD,C:\Users\JBNU\git\ConstraintsRecovery\assets\tankwar\asset47:IF:6-53,asset47,true,C:\Users\JBNU\git\ConstraintsRecovery\assets\tankwar\asset47,10,SoundPlayer.instance,FIELD,C:\Users\JBNU\git\ConstraintsRecovery\assets\tankwar\asset47:IF:6-53,asset47,true,FIELD_REFERENCE,instance = new SoundPlayer();,TankWar_P2|TankWar_P3|TankWar_P4,TankWar_P2|TankWar_P3|TankWar_P4
D1262,RC-0541,C:\Users\JBNU\git\ConstraintsRecovery\assets\tankwar\asset47,16,SoundPlayer.getInstance,METHOD,C:\Users\JBNU\git\ConstraintsRecovery\assets\tankwar\asset47:IF:6-53,asset47,true,C:\Users\JBNU\git\ConstraintsRecovery\assets\tankwar\asset47,10,SoundPlayer.instance,FIELD,C:\Users\JBNU\git\ConstraintsRecovery\assets\tankwar\asset47:IF:6-53,asset47,true,FIELD_REFERENCE,return instance;,TankWar_P2|TankWar_P3|TankWar_P4,TankWar_P2|TankWar_P3|TankWar_P4
D1263,RC-0542,C:\Users\JBNU\git\ConstraintsRecovery\assets\tankwar\asset47,19,SoundPlayer.playBgSound,METHOD,C:\Users\JBNU\git\ConstraintsRecovery\assets\tankwar\asset47:IF:6-53,asset47,true,C:\Users\JBNU\git\ConstraintsRecovery\assets\tankwar\asset47,11,SoundPlayer.inputStream,FIELD,C:\Users\JBNU\git\ConstraintsRecovery\assets\tankwar\asset47:IF:6-53,asset47,true,FIELD_REFERENCE,"inputStream = Tank.class.getClassLoader().getResourceAsStream(""sounds/"" + ""bg.wav"");",TankWar_P2|TankWar_P3|TankWar_P4,TankWar_P2|TankWar_P3|TankWar_P4
D1264,RC-0542,C:\Users\JBNU\git\ConstraintsRecovery\assets\tankwar\asset47,20,SoundPlayer.playBgSound,METHOD,C:\Users\JBNU\git\ConstraintsRecovery\assets\tankwar\asset47:IF:6-53,asset47,true,C:\Users\JBNU\git\ConstraintsRecovery\assets\tankwar\asset47,11,SoundPlayer.inputStream,FIELD,C:\Users\JBNU\git\ConstraintsRecovery\assets\tankwar\asset47:IF:6-53,asset47,true,FIELD_REFERENCE,AudioPlayer.player.start(inputStream);,TankWar_P2|TankWar_P3|TankWar_P4,TankWar_P2|TankWar_P3|TankWar_P4
D1277,RC-0543,C:\Users\JBNU\git\ConstraintsRecovery\assets\tankwar\asset47,47,SoundPlayer.playEatSound,METHOD,C:\Users\JBNU\git\ConstraintsRecovery\assets\tankwar\asset47:IF:6-53,asset47,true,C:\Users\JBNU\git\ConstraintsRecovery\assets\tankwar\asset47,11,SoundPlayer.inputStream,FIELD,C:\Users\JBNU\git\ConstraintsRecovery\assets\tankwar\asset47:IF:6-53,asset47,true,FIELD_REFERENCE,"inputStream = Tank.class.getClassLoader().getResourceAsStream(""sounds/"" + ""eat.wav"");",TankWar_P2|TankWar_P3|TankWar_P4,TankWar_P2|TankWar_P3|TankWar_P4
D1278,RC-0543,C:\Users\JBNU\git\ConstraintsRecovery\assets\tankwar\asset47,48,SoundPlayer.playEatSound,METHOD,C:\Users\JBNU\git\ConstraintsRecovery\assets\tankwar\asset47:IF:6-53,asset47,true,C:\Users\JBNU\git\ConstraintsRecovery\assets\tankwar\asset47,11,SoundPlayer.inputStream,FIELD,C:\Users\JBNU\git\ConstraintsRecovery\assets\tankwar\asset47:IF:6-53,asset47,true,FIELD_REFERENCE,AudioPlayer.player.start(inputStream);,TankWar_P2|TankWar_P3|TankWar_P4,TankWar_P2|TankWar_P3|TankWar_P4
D1267,RC-0544,C:\Users\JBNU\git\ConstraintsRecovery\assets\tankwar\asset47,27,SoundPlayer.playExplodeSound,METHOD,C:\Users\JBNU\git\ConstraintsRecovery\assets\tankwar\asset47:IF:6-53,asset47,true,C:\Users\JBNU\git\ConstraintsRecovery\assets\tankwar\asset47,11,SoundPlayer.inputStream,FIELD,C:\Users\JBNU\git\ConstraintsRecovery\assets\tankwar\asset47:IF:6-53,asset47,true,FIELD_REFERENCE,"inputStream = Tank.class.getClassLoader().getResourceAsStream(""sounds/"" + ""explode.wav"");",TankWar_P2|TankWar_P3|TankWar_P4,TankWar_P2|TankWar_P3|TankWar_P4
D1268,RC-0544,C:\Users\JBNU\git\ConstraintsRecovery\assets\tankwar\asset47,28,SoundPlayer.playExplodeSound,METHOD,C:\Users\JBNU\git\ConstraintsRecovery\assets\tankwar\asset47:IF:6-53,asset47,true,C:\Users\JBNU\git\ConstraintsRecovery\assets\tankwar\asset47,11,SoundPlayer.inputStream,FIELD,C:\Users\JBNU\git\ConstraintsRecovery\assets\tankwar\asset47:IF:6-53,asset47,true,FIELD_REFERENCE,AudioPlayer.player.start(inputStream);,TankWar_P2|TankWar_P3|TankWar_P4,TankWar_P2|TankWar_P3|TankWar_P4
D1265,RC-0545,C:\Users\JBNU\git\ConstraintsRecovery\assets\tankwar\asset47,23,SoundPlayer.playFireSound,METHOD,C:\Users\JBNU\git\ConstraintsRecovery\assets\tankwar\asset47:IF:6-53,asset47,true,C:\Users\JBNU\git\ConstraintsRecovery\assets\tankwar\asset47,11,SoundPlayer.inputStream,FIELD,C:\Users\JBNU\git\ConstraintsRecovery\assets\tankwar\asset47:IF:6-53,asset47,true,FIELD_REFERENCE,"inputStream = Tank.class.getClassLoader().getResourceAsStream(""sounds/"" + ""fire.wav"");",TankWar_P2|TankWar_P3|TankWar_P4,TankWar_P2|TankWar_P3|TankWar_P4
D1266,RC-0545,C:\Users\JBNU\git\ConstraintsRecovery\assets\tankwar\asset47,24,SoundPlayer.playFireSound,METHOD,C:\Users\JBNU\git\ConstraintsRecovery\assets\tankwar\asset47:IF:6-53,asset47,true,C:\Users\JBNU\git\ConstraintsRecovery\assets\tankwar\asset47,11,SoundPlayer.inputStream,FIELD,C:\Users\JBNU\git\ConstraintsRecovery\assets\tankwar\asset47:IF:6-53,asset47,true,FIELD_REFERENCE,AudioPlayer.player.start(inputStream);,TankWar_P2|TankWar_P3|TankWar_P4,TankWar_P2|TankWar_P3|TankWar_P4
D1269,RC-0546,C:\Users\JBNU\git\ConstraintsRecovery\assets\tankwar\asset47,31,SoundPlayer.playMoveSound,METHOD,C:\Users\JBNU\git\ConstraintsRecovery\assets\tankwar\asset47:IF:6-53,asset47,true,C:\Users\JBNU\git\ConstraintsRecovery\assets\tankwar\asset47,11,SoundPlayer.inputStream,FIELD,C:\Users\JBNU\git\ConstraintsRecovery\assets\tankwar\asset47:IF:6-53,asset47,true,FIELD_REFERENCE,"inputStream = Tank.class.getClassLoader().getResourceAsStream(""sounds/"" + ""move.wav"");",TankWar_P2|TankWar_P3|TankWar_P4,TankWar_P2|TankWar_P3|TankWar_P4
D1270,RC-0546,C:\Users\JBNU\git\ConstraintsRecovery\assets\tankwar\asset47,32,SoundPlayer.playMoveSound,METHOD,C:\Users\JBNU\git\ConstraintsRecovery\assets\tankwar\asset47:IF:6-53,asset47,true,C:\Users\JBNU\git\ConstraintsRecovery\assets\tankwar\asset47,11,SoundPlayer.inputStream,FIELD,C:\Users\JBNU\git\ConstraintsRecovery\assets\tankwar\asset47:IF:6-53,asset47,true,FIELD_REFERENCE,AudioPlayer.player.start(inputStream);,TankWar_P2|TankWar_P3|TankWar_P4,TankWar_P2|TankWar_P3|TankWar_P4
D1271,RC-0547,C:\Users\JBNU\git\ConstraintsRecovery\assets\tankwar\asset47,35,SoundPlayer.playRogerSound,METHOD,C:\Users\JBNU\git\ConstraintsRecovery\assets\tankwar\asset47:IF:6-53,asset47,true,C:\Users\JBNU\git\ConstraintsRecovery\assets\tankwar\asset47,11,SoundPlayer.inputStream,FIELD,C:\Users\JBNU\git\ConstraintsRecovery\assets\tankwar\asset47:IF:6-53,asset47,true,FIELD_REFERENCE,"inputStream = Tank.class.getClassLoader().getResourceAsStream(""sounds/"" + ""roger.wav"");",TankWar_P2|TankWar_P3|TankWar_P4,TankWar_P2|TankWar_P3|TankWar_P4
D1272,RC-0547,C:\Users\JBNU\git\ConstraintsRecovery\assets\tankwar\asset47,36,SoundPlayer.playRogerSound,METHOD,C:\Users\JBNU\git\ConstraintsRecovery\assets\tankwar\asset47:IF:6-53,asset47,true,C:\Users\JBNU\git\ConstraintsRecovery\assets\tankwar\asset47,11,SoundPlayer.inputStream,FIELD,C:\Users\JBNU\git\ConstraintsRecovery\assets\tankwar\asset47:IF:6-53,asset47,true,FIELD_REFERENCE,AudioPlayer.player.start(inputStream);,TankWar_P2|TankWar_P3|TankWar_P4,TankWar_P2|TankWar_P3|TankWar_P4
D1275,RC-0548,C:\Users\JBNU\git\ConstraintsRecovery\assets\tankwar\asset47,43,SoundPlayer.playYeahSound,METHOD,C:\Users\JBNU\git\ConstraintsRecovery\assets\tankwar\asset47:IF:6-53,asset47,true,C:\Users\JBNU\git\ConstraintsRecovery\assets\tankwar\asset47,11,SoundPlayer.inputStream,FIELD,C:\Users\JBNU\git\ConstraintsRecovery\assets\tankwar\asset47:IF:6-53,asset47,true,FIELD_REFERENCE,"inputStream = Tank.class.getClassLoader().getResourceAsStream(""sounds/"" + ""yeah.wav"");",TankWar_P2|TankWar_P3|TankWar_P4,TankWar_P2|TankWar_P3|TankWar_P4
D1276,RC-0548,C:\Users\JBNU\git\ConstraintsRecovery\assets\tankwar\asset47,44,SoundPlayer.playYeahSound,METHOD,C:\Users\JBNU\git\ConstraintsRecovery\assets\tankwar\asset47:IF:6-53,asset47,true,C:\Users\JBNU\git\ConstraintsRecovery\assets\tankwar\asset47,11,SoundPlayer.inputStream,FIELD,C:\Users\JBNU\git\ConstraintsRecovery\assets\tankwar\asset47:IF:6-53,asset47,true,FIELD_REFERENCE,AudioPlayer.player.start(inputStream);,TankWar_P2|TankWar_P3|TankWar_P4,TankWar_P2|TankWar_P3|TankWar_P4
D1273,RC-0549,C:\Users\JBNU\git\ConstraintsRecovery\assets\tankwar\asset47,39,SoundPlayer.playYessirSound,METHOD,C:\Users\JBNU\git\ConstraintsRecovery\assets\tankwar\asset47:IF:6-53,asset47,true,C:\Users\JBNU\git\ConstraintsRecovery\assets\tankwar\asset47,11,SoundPlayer.inputStream,FIELD,C:\Users\JBNU\git\ConstraintsRecovery\assets\tankwar\asset47:IF:6-53,asset47,true,FIELD_REFERENCE,"inputStream = Tank.class.getClassLoader().getResourceAsStream(""sounds/"" + ""yessir.wav"");",TankWar_P2|TankWar_P3|TankWar_P4,TankWar_P2|TankWar_P3|TankWar_P4
D1274,RC-0549,C:\Users\JBNU\git\ConstraintsRecovery\assets\tankwar\asset47,40,SoundPlayer.playYessirSound,METHOD,C:\Users\JBNU\git\ConstraintsRecovery\assets\tankwar\asset47:IF:6-53,asset47,true,C:\Users\JBNU\git\ConstraintsRecovery\assets\tankwar\asset47,11,SoundPlayer.inputStream,FIELD,C:\Users\JBNU\git\ConstraintsRecovery\assets\tankwar\asset47:IF:6-53,asset47,true,FIELD_REFERENCE,AudioPlayer.player.start(inputStream);,TankWar_P2|TankWar_P3|TankWar_P4,TankWar_P2|TankWar_P3|TankWar_P4
D1279,RC-0550,C:\Users\JBNU\git\ConstraintsRecovery\assets\tankwar\asset47,51,SoundPlayer.stopSound,METHOD,C:\Users\JBNU\git\ConstraintsRecovery\assets\tankwar\asset47:IF:6-53,asset47,true,C:\Users\JBNU\git\ConstraintsRecovery\assets\tankwar\asset47,11,SoundPlayer.inputStream,FIELD,C:\Users\JBNU\git\ConstraintsRecovery\assets\tankwar\asset47:IF:6-53,asset47,true,FIELD_REFERENCE,AudioPlayer.player.stop(inputStream);,TankWar_P2|TankWar_P3|TankWar_P4,TankWar_P2|TankWar_P3|TankWar_P4
D1280,RC-0551,C:\Users\JBNU\git\ConstraintsRecovery\assets\tankwar\asset48,13,Tank$$Sound_fuer_pc,CLASS,C:\Users\JBNU\git\ConstraintsRecovery\assets\tankwar\asset48:ELIF:12-13,asset48,false,C:\Users\JBNU\git\ConstraintsRecovery\assets\tankwar\asset26,13,Tank$$Record,CLASS,C:\Users\JBNU\git\ConstraintsRecovery\assets\tankwar\asset26:IF:7-21,asset26,true,EXTENDS,abstract class Tank$$Sound_fuer_pc extends Tank$$Record {,TankWar_P3|TankWar_P4,TankWar_P1|TankWar_P3|TankWar_P4|TankWar_P5
D1289,RC-0552,C:\Users\JBNU\git\ConstraintsRecovery\assets\tankwar\asset48,45,Tank$$Sound_fuer_pc.explodieren,METHOD,C:\Users\JBNU\git\ConstraintsRecovery\assets\tankwar\asset48:IF:6-58,asset48,true,C:\Users\JBNU\git\ConstraintsRecovery\assets\tankwar\asset47,12,SoundPlayer.getInstance,METHOD,C:\Users\JBNU\git\ConstraintsRecovery\assets\tankwar\asset47:IF:6-53,asset47,true,METHOD_CALL,SoundPlayer.getInstance().playExplodeSound();,TankWar_P2|TankWar_P3|TankWar_P4,TankWar_P2|TankWar_P3|TankWar_P4
D1290,RC-0553,C:\Users\JBNU\git\ConstraintsRecovery\assets\tankwar\asset48,45,Tank$$Sound_fuer_pc.explodieren,METHOD,C:\Users\JBNU\git\ConstraintsRecovery\assets\tankwar\asset48:IF:6-58,asset48,true,C:\Users\JBNU\git\ConstraintsRecovery\assets\tankwar\asset47,26,SoundPlayer.playExplodeSound,METHOD,C:\Users\JBNU\git\ConstraintsRecovery\assets\tankwar\asset47:IF:6-53,asset47,true,METHOD_CALL,SoundPlayer.getInstance().playExplodeSound();,TankWar_P2|TankWar_P3|TankWar_P4,TankWar_P2|TankWar_P3|TankWar_P4
D1281,RC-0554,C:\Users\JBNU\git\ConstraintsRecovery\assets\tankwar\asset48,25,Tank$$Sound_fuer_pc.keyPressBehandeln,METHOD,C:\Users\JBNU\git\ConstraintsRecovery\assets\tankwar\asset48:IF:6-58,asset48,true,C:\Users\JBNU\git\ConstraintsRecovery\assets\tankwar\asset47,12,SoundPlayer.getInstance,METHOD,C:\Users\JBNU\git\ConstraintsRecovery\assets\tankwar\asset47:IF:6-53,asset47,true,METHOD_CALL,SoundPlayer.getInstance().playMoveSound();,TankWar_P2|TankWar_P3|TankWar_P4,TankWar_P2|TankWar_P3|TankWar_P4
D1283,RC-0554,C:\Users\JBNU\git\ConstraintsRecovery\assets\tankwar\asset48,28,Tank$$Sound_fuer_pc.keyPressBehandeln,METHOD,C:\Users\JBNU\git\ConstraintsRecovery\assets\tankwar\asset48:IF:6-58,asset48,true,C:\Users\JBNU\git\ConstraintsRecovery\assets\tankwar\asset47,12,SoundPlayer.getInstance,METHOD,C:\Users\JBNU\git\ConstraintsRecovery\assets\tankwar\asset47:IF:6-53,asset47,true,METHOD_CALL,SoundPlayer.getInstance().playRogerSound();,TankWar_P2|TankWar_P3|TankWar_P4,TankWar_P2|TankWar_P3|TankWar_P4
D1285,RC-0554,C:\Users\JBNU\git\ConstraintsRecovery\assets\tankwar\asset48,31,Tank$$Sound_fuer_pc.keyPressBehandeln,METHOD,C:\Users\JBNU\git\ConstraintsRecovery\assets\tankwar\asset48:IF:6-58,asset48,true,C:\Users\JBNU\git\ConstraintsRecovery\assets\tankwar\asset47,12,SoundPlayer.getInstance,METHOD,C:\Users\JBNU\git\ConstraintsRecovery\assets\tankwar\asset47:IF:6-53,asset47,true,METHOD_CALL,SoundPlayer.getInstance().playYessirSound();,TankWar_P2|TankWar_P3|TankWar_P4,TankWar_P2|TankWar_P3|TankWar_P4
D1287,RC-0554,C:\Users\JBNU\git\ConstraintsRecovery\assets\tankwar\asset48,34,Tank$$Sound_fuer_pc.keyPressBehandeln,METHOD,C:\Users\JBNU\git\ConstraintsRecovery\assets\tankwar\asset48:IF:6-58,asset48,true,C:\Users\JBNU\git\ConstraintsRecovery\assets\tankwar\asset47,12,SoundPlayer.getInstance,METHOD,C:\Users\JBNU\git\ConstraintsRecovery\assets\tankwar\asset47:IF:6-53,asset47,true,METHOD_CALL,SoundPlayer.getInstance().playYeahSound();,TankWar_P2|TankWar_P3|TankWar_P4,TankWar_P2|TankWar_P3|TankWar_P4
D1282,RC-0555,C:\Users\JBNU\git\ConstraintsRecovery\assets\tankwar\asset48,25,Tank$$Sound_fuer_pc.keyPressBehandeln,METHOD,C:\Users\JBNU\git\ConstraintsRecovery\assets\tankwar\asset48:IF:6-58,asset48,true,C:\Users\JBNU\git\ConstraintsRecovery\assets\tankwar\asset47,30,SoundPlayer.playMoveSound,METHOD,C:\Users\JBNU\git\ConstraintsRecovery\assets\tankwar\asset47:IF:6-53,asset47,true,METHOD_CALL,SoundPlayer.getInstance().playMoveSound();,TankWar_P2|TankWar_P3|TankWar_P4,TankWar_P2|TankWar_P3|TankWar_P4
D1284,RC-0556,C:\Users\JBNU\git\ConstraintsRecovery\assets\tankwar\asset48,28,Tank$$Sound_fuer_pc.keyPressBehandeln,METHOD,C:\Users\JBNU\git\ConstraintsRecovery\assets\tankwar\asset48:IF:6-58,asset48,true,C:\Users\JBNU\git\ConstraintsRecovery\assets\tankwar\asset47,34,SoundPlayer.playRogerSound,METHOD,C:\Users\JBNU\git\ConstraintsRecovery\assets\tankwar\asset47:IF:6-53,asset47,true,METHOD_CALL,SoundPlayer.getInstance().playRogerSound();,TankWar_P2|TankWar_P3|TankWar_P4,TankWar_P2|TankWar_P3|TankWar_P4
D1288,RC-0557,C:\Users\JBNU\git\ConstraintsRecovery\assets\tankwar\asset48,34,Tank$$Sound_fuer_pc.keyPressBehandeln,METHOD,C:\Users\JBNU\git\ConstraintsRecovery\assets\tankwar\asset48:IF:6-58,asset48,true,C:\Users\JBNU\git\ConstraintsRecovery\assets\tankwar\asset47,42,SoundPlayer.playYeahSound,METHOD,C:\Users\JBNU\git\ConstraintsRecovery\assets\tankwar\asset47:IF:6-53,asset47,true,METHOD_CALL,SoundPlayer.getInstance().playYeahSound();,TankWar_P2|TankWar_P3|TankWar_P4,TankWar_P2|TankWar_P3|TankWar_P4
D1286,RC-0558,C:\Users\JBNU\git\ConstraintsRecovery\assets\tankwar\asset48,31,Tank$$Sound_fuer_pc.keyPressBehandeln,METHOD,C:\Users\JBNU\git\ConstraintsRecovery\assets\tankwar\asset48:IF:6-58,asset48,true,C:\Users\JBNU\git\ConstraintsRecovery\assets\tankwar\asset47,38,SoundPlayer.playYessirSound,METHOD,C:\Users\JBNU\git\ConstraintsRecovery\assets\tankwar\asset47:IF:6-53,asset47,true,METHOD_CALL,SoundPlayer.getInstance().playYessirSound();,TankWar_P2|TankWar_P3|TankWar_P4,TankWar_P2|TankWar_P3|TankWar_P4
D1291,RC-0559,C:\Users\JBNU\git\ConstraintsRecovery\assets\tankwar\asset48,53,Tank$$Sound_fuer_pc.toolBehandeln,METHOD,C:\Users\JBNU\git\ConstraintsRecovery\assets\tankwar\asset48:IF:6-58,asset48,true,C:\Users\JBNU\git\ConstraintsRecovery\assets\tankwar\asset47,12,SoundPlayer.getInstance,METHOD,C:\Users\JBNU\git\ConstraintsRecovery\assets\tankwar\asset47:IF:6-53,asset47,true,METHOD_CALL,SoundPlayer.getInstance().playEatSound();,TankWar_P2|TankWar_P3|TankWar_P4,TankWar_P2|TankWar_P3|TankWar_P4
D1292,RC-0560,C:\Users\JBNU\git\ConstraintsRecovery\assets\tankwar\asset48,53,Tank$$Sound_fuer_pc.toolBehandeln,METHOD,C:\Users\JBNU\git\ConstraintsRecovery\assets\tankwar\asset48:IF:6-58,asset48,true,C:\Users\JBNU\git\ConstraintsRecovery\assets\tankwar\asset47,46,SoundPlayer.playEatSound,METHOD,C:\Users\JBNU\git\ConstraintsRecovery\assets\tankwar\asset47:IF:6-53,asset47,true,METHOD_CALL,SoundPlayer.getInstance().playEatSound();,TankWar_P2|TankWar_P3|TankWar_P4,TankWar_P2|TankWar_P3|TankWar_P4
D1296,RC-0561,C:\Users\JBNU\git\ConstraintsRecovery\assets\tankwar\asset49,16,ExplodierenEffekt$$explodieren.init,METHOD,C:\Users\JBNU\git\ConstraintsRecovery\assets\tankwar\asset49:IF:5-132,asset49,true,C:\Users\JBNU\git\ConstraintsRecovery\assets\tankwar\asset22,12,GameObject.x_Koordinate,FIELD,C:\Users\JBNU\git\ConstraintsRecovery\assets\tankwar\asset22:IF:8-80,asset22,true,FIELD_REFERENCE,((ExplodierenEffekt) this).x_Koordinate = x_koordinate;,TankWar_P3|TankWar_P5,TankWar_P1|TankWar_P2|TankWar_P3|TankWar_P4|TankWar_P5
D1297,RC-0562,C:\Users\JBNU\git\ConstraintsRecovery\assets\tankwar\asset49,17,ExplodierenEffekt$$explodieren.init,METHOD,C:\Users\JBNU\git\ConstraintsRecovery\assets\tankwar\asset49:IF:5-132,asset49,true,C:\Users\JBNU\git\ConstraintsRecovery\assets\tankwar\asset22,12,GameObject.y_Koordinate,FIELD,C:\Users\JBNU\git\ConstraintsRecovery\assets\tankwar\asset22:IF:8-80,asset22,true,FIELD_REFERENCE,((ExplodierenEffekt) this).y_Koordinate = y_koordinate;,TankWar_P3|TankWar_P5,TankWar_P1|TankWar_P2|TankWar_P3|TankWar_P4|TankWar_P5
D1293,RC-0563,C:\Users\JBNU\git\ConstraintsRecovery\assets\tankwar\asset49,117,ExplodierenEffekt$$explodieren.fillTriangle,METHOD,C:\Users\JBNU\git\ConstraintsRecovery\assets\tankwar\asset49:IF:5-132,asset49,true,C:\Users\JBNU\git\ConstraintsRecovery\assets\tankwar\asset2,323,Maler$$PC.drawLine,METHOD,C:\Users\JBNU\git\ConstraintsRecovery\assets\tankwar\asset2:IF:8-332,asset2,true,METHOD_CALL,"tankManager.maler.drawLine(k3, i4, k3, k4);",TankWar_P3|TankWar_P5,TankWar_P1|TankWar_P2|TankWar_P3|TankWar_P4|TankWar_P5
D1294,RC-0563,C:\Users\JBNU\git\ConstraintsRecovery\assets\tankwar\asset49,125,ExplodierenEffekt$$explodieren.fillTriangle,METHOD,C:\Users\JBNU\git\ConstraintsRecovery\assets\tankwar\asset49:IF:5-132,asset49,true,C:\Users\JBNU\git\ConstraintsRecovery\assets\tankwar\asset2,323,Maler$$PC.drawLine,METHOD,C:\Users\JBNU\git\ConstraintsRecovery\assets\tankwar\asset2:IF:8-332,asset2,true,METHOD_CALL,"tankManager.maler.drawLine(l3, j4, l3, l4);",TankWar_P3|TankWar_P5,TankWar_P1|TankWar_P2|TankWar_P3|TankWar_P4|TankWar_P5
D1331,RC-0564,C:\Users\JBNU\git\ConstraintsRecovery\assets\tankwar\asset49,52,ExplodierenEffekt$$explodieren.malen,METHOD,C:\Users\JBNU\git\ConstraintsRecovery\assets\tankwar\asset49:IF:5-132,asset49,true,C:\Users\JBNU\git\ConstraintsRecovery\assets\tankwar\asset2,310,Maler$$PC.setColor,METHOD,C:\Users\JBNU\git\ConstraintsRecovery\assets\tankwar\asset2:IF:8-332,asset2,true,METHOD_CALL,"tankManager.maler.setColor(255, 0, 0);",TankWar_P3|TankWar_P5,TankWar_P1|TankWar_P2|TankWar_P3|TankWar_P4|TankWar_P5
D1332,RC-0564,C:\Users\JBNU\git\ConstraintsRecovery\assets\tankwar\asset49,55,ExplodierenEffekt$$explodieren.malen,METHOD,C:\Users\JBNU\git\ConstraintsRecovery\assets\tankwar\asset49:IF:5-132,asset49,true,C:\Users\JBNU\git\ConstraintsRecovery\assets\tankwar\asset2,310,Maler$$PC.setColor,METHOD,C:\Users\JBNU\git\ConstraintsRecovery\assets\tankwar\asset2:IF:8-332,asset2,true,METHOD_CALL,"tankManager.maler.setColor(0, 255, 0);",TankWar_P3|TankWar_P5,TankWar_P1|TankWar_P2|TankWar_P3|TankWar_P4|TankWar_P5
D1333,RC-0564,C:\Users\JBNU\git\ConstraintsRecovery\assets\tankwar\asset49,58,ExplodierenEffekt$$explodieren.malen,METHOD,C:\Users\JBNU\git\ConstraintsRecovery\assets\tankwar\asset49:IF:5-132,asset49,true,C:\Users\JBNU\git\ConstraintsRecovery\assets\tankwar\asset2,310,Maler$$PC.setColor,METHOD,C:\Users\JBNU\git\ConstraintsRecovery\assets\tankwar\asset2:IF:8-332,asset2,true,METHOD_CALL,"tankManager.maler.setColor(0, 0, 255);",TankWar_P3|TankWar_P5,TankWar_P1|TankWar_P2|TankWar_P3|TankWar_P4|TankWar_P5
D1362,RC-0565,C:\Users\JBNU\git\ConstraintsRecovery\assets\tankwar\asset49,76,ExplodierenEffekt$$explodieren.fillTriangle,METHOD,C:\Users\JBNU\git\ConstraintsRecovery\assets\tankwar\asset49:IF:5-132,asset49,true,C:\Users\JBNU\git\ConstraintsRecovery\assets\tankwar\asset49,7,ExplodierenEffekt$$explodieren.i,FIELD,C:\Users\JBNU\git\ConstraintsRecovery\assets\tankwar\asset49:IF:5-132,asset49,true,FIELD_REFERENCE,ai[0] = i;,TankWar_P3|TankWar_P5,TankWar_P3|TankWar_P5
D1298,RC-0566,C:\Users\JBNU\git\ConstraintsRecovery\assets\tankwar\asset49,18,ExplodierenEffekt$$explodieren.init,METHOD,C:\Users\JBNU\git\ConstraintsRecovery\assets\tankwar\asset49:IF:5-132,asset49,true,C:\Users\JBNU\git\ConstraintsRecovery\assets\tankwar\asset49,9,ExplodierenEffekt$$explodieren.koernigKeit,FIELD,C:\Users\JBNU\git\ConstraintsRecovery\assets\tankwar\asset49:IF:5-132,asset49,true,FIELD_REFERENCE,((ExplodierenEffekt) this).koernigKeit = tankManager.screenWidth / 60;,TankWar_P3|TankWar_P5,TankWar_P3|TankWar_P5
D1300,RC-0566,C:\Users\JBNU\git\ConstraintsRecovery\assets\tankwar\asset49,19,ExplodierenEffekt$$explodieren.init,METHOD,C:\Users\JBNU\git\ConstraintsRecovery\assets\tankwar\asset49:IF:5-132,asset49,true,C:\Users\JBNU\git\ConstraintsRecovery\assets\tankwar\asset49,9,ExplodierenEffekt$$explodieren.koernigKeit,FIELD,C:\Users\JBNU\git\ConstraintsRecovery\assets\tankwar\asset49:IF:5-132,asset49,true,FIELD_REFERENCE,int koernigKeit2 = koernigKeit * 2;,TankWar_P3|TankWar_P5,TankWar_P3|TankWar_P5
D1301,RC-0566,C:\Users\JBNU\git\ConstraintsRecovery\assets\tankwar\asset49,20,ExplodierenEffekt$$explodieren.init,METHOD,C:\Users\JBNU\git\ConstraintsRecovery\assets\tankwar\asset49:IF:5-132,asset49,true,C:\Users\JBNU\git\ConstraintsRecovery\assets\tankwar\asset49,9,ExplodierenEffekt$$explodieren.koernigKeit,FIELD,C:\Users\JBNU\git\ConstraintsRecovery\assets\tankwar\asset49:IF:5-132,asset49,true,FIELD_REFERENCE,int koernigKeit4 = koernigKeit * 4;,TankWar_P3|TankWar_P5,TankWar_P3|TankWar_P5
D1302,RC-0566,C:\Users\JBNU\git\ConstraintsRecovery\assets\tankwar\asset49,21,ExplodierenEffekt$$explodieren.init,METHOD,C:\Users\JBNU\git\ConstraintsRecovery\assets\tankwar\asset49:IF:5-132,asset49,true,C:\Users\JBNU\git\ConstraintsRecovery\assets\tankwar\asset49,9,ExplodierenEffekt$$explodieren.koernigKeit,FIELD,C:\Users\JBNU\git\ConstraintsRecovery\assets\tankwar\asset49:IF:5-132,asset49,true,FIELD_REFERENCE,int koernigKeit6 = koernigKeit * 6;,TankWar_P3|TankWar_P5,TankWar_P3|TankWar_P5
D1303,RC-0566,C:\Users\JBNU\git\ConstraintsRecovery\assets\tankwar\asset49,22,ExplodierenEffekt$$explodieren.init,METHOD,C:\Users\JBNU\git\ConstraintsRecovery\assets\tankwar\asset49:IF:5-132,asset49,true,C:\Users\JBNU\git\ConstraintsRecovery\assets\tankwar\asset49,9,ExplodierenEffekt$$explodieren.koernigKeit,FIELD,C:\Users\JBNU\git\ConstraintsRecovery\assets\tankwar\asset49:IF:5-132,asset49,true,FIELD_REFERENCE,int koernigKeit7 = koernigKeit * 7;,TankWar_P3|TankWar_P5,TankWar_P3|TankWar_P5
D1314,RC-0566,C:\Users\JBNU\git\ConstraintsRecovery\assets\tankwar\asset49,32,ExplodierenEffekt$$explodieren.init,METHOD,C:\Users\JBNU\git\ConstraintsRecovery\assets\tankwar\asset49:IF:5-132,asset49,true,C:\Users\JBNU\git\ConstraintsRecovery\assets\tankwar\asset49,9,ExplodierenEffekt$$explodieren.koernigKeit,FIELD,C:\Users\JBNU\git\ConstraintsRecovery\assets\tankwar\asset49:IF:5-132,asset49,true,FIELD_REFERENCE,y[4] = y_koordinate - koernigKeit * 3;,TankWar_P3|TankWar_P5,TankWar_P3|TankWar_P5
D1326,RC-0566,C:\Users\JBNU\git\ConstraintsRecovery\assets\tankwar\asset49,43,ExplodierenEffekt$$explodieren.init,METHOD,C:\Users\JBNU\git\ConstraintsRecovery\assets\tankwar\asset49:IF:5-132,asset49,true,C:\Users\JBNU\git\ConstraintsRecovery\assets\tankwar\asset49,9,ExplodierenEffekt$$explodieren.koernigKeit,FIELD,C:\Users\JBNU\git\ConstraintsRecovery\assets\tankwar\asset49:IF:5-132,asset49,true,FIELD_REFERENCE,x[10] = x_Koordinate - koernigKeit * 3;,TankWar_P3|TankWar_P5,TankWar_P3|TankWar_P5
D1304,RC-0567,C:\Users\JBNU\git\ConstraintsRecovery\assets\tankwar\asset49,23,ExplodierenEffekt$$explodieren.init,METHOD,C:\Users\JBNU\git\ConstraintsRecovery\assets\tankwar\asset49:IF:5-132,asset49,true,C:\Users\JBNU\git\ConstraintsRecovery\assets\tankwar\asset49,8,ExplodierenEffekt$$explodieren.x,FIELD,C:\Users\JBNU\git\ConstraintsRecovery\assets\tankwar\asset49:IF:5-132,asset49,true,FIELD_REFERENCE,x[0] = x_Koordinate + koernigKeit2;,TankWar_P3|TankWar_P5,TankWar_P3|TankWar_P5
D1306,RC-0567,C:\Users\JBNU\git\ConstraintsRecovery\assets\tankwar\asset49,25,ExplodierenEffekt$$explodieren.init,METHOD,C:\Users\JBNU\git\ConstraintsRecovery\assets\tankwar\asset49:IF:5-132,asset49,true,C:\Users\JBNU\git\ConstraintsRecovery\assets\tankwar\asset49,8,ExplodierenEffekt$$explodieren.x,FIELD,C:\Users\JBNU\git\ConstraintsRecovery\assets\tankwar\asset49:IF:5-132,asset49,true,FIELD_REFERENCE,x[1] = x_Koordinate + koernigKeit4;,TankWar_P3|TankWar_P5,TankWar_P3|TankWar_P5
D1308,RC-0567,C:\Users\JBNU\git\ConstraintsRecovery\assets\tankwar\asset49,27,ExplodierenEffekt$$explodieren.init,METHOD,C:\Users\JBNU\git\ConstraintsRecovery\assets\tankwar\asset49:IF:5-132,asset49,true,C:\Users\JBNU\git\ConstraintsRecovery\assets\tankwar\asset49,8,ExplodierenEffekt$$explodieren.x,FIELD,C:\Users\JBNU\git\ConstraintsRecovery\assets\tankwar\asset49:IF:5-132,asset49,true,FIELD_REFERENCE,x[2] = x_Koordinate + koernigKeit2;,TankWar_P3|TankWar_P5,TankWar_P3|TankWar_P5
D1310,RC-0567,C:\Users\JBNU\git\ConstraintsRecovery\assets\tankwar\asset49,29,ExplodierenEffekt$$explodieren.init,METHOD,C:\Users\JBNU\git\ConstraintsRecovery\assets\tankwar\asset49:IF:5-132,asset49,true,C:\Users\JBNU\git\ConstraintsRecovery\assets\tankwar\asset49,8,ExplodierenEffekt$$explodieren.x,FIELD,C:\Users\JBNU\git\ConstraintsRecovery\assets\tankwar\asset49:IF:5-132,asset49,true,FIELD_REFERENCE,x[3] = x_Koordinate;,TankWar_P3|TankWar_P5,TankWar_P3|TankWar_P5
D1312,RC-0567,C:\Users\JBNU\git\ConstraintsRecovery\assets\tankwar\asset49,31,ExplodierenEffekt$$explodieren.init,METHOD,C:\Users\JBNU\git\ConstraintsRecovery\assets\tankwar\asset49:IF:5-132,asset49,true,C:\Users\JBNU\git\ConstraintsRecovery\assets\tankwar\asset49,8,ExplodierenEffekt$$explodieren.x,FIELD,C:\Users\JBNU\git\ConstraintsRecovery\assets\tankwar\asset49:IF:5-132,asset49,true,FIELD_REFERENCE,x[4] = x_Koordinate + koernigKeit2;,TankWar_P3|TankWar_P5,TankWar_P3|TankWar_P5
D1315,RC-0567,C:\Users\JBNU\git\ConstraintsRecovery\assets\tankwar\asset49,33,ExplodierenEffekt$$explodieren.init,METHOD,C:\Users\JBNU\git\ConstraintsRecovery\assets\tankwar\asset49:IF:5-132,asset49,true,C:\Users\JBNU\git\ConstraintsRecovery\assets\tankwar\asset49,8,ExplodierenEffekt$$explodieren.x,FIELD,C:\Users\JBNU\git\ConstraintsRecovery\assets\tankwar\asset49:IF:5-132,asset49,true,FIELD_REFERENCE,x[5] = x_Koordinate + koernigKeit6;,TankWar_P3|TankWar_P5,TankWar_P3|TankWar_P5
D1317,RC-0567,C:\Users\JBNU\git\ConstraintsRecovery\assets\tankwar\asset49,35,ExplodierenEffekt$$explodieren.init,METHOD,C:\Users\JBNU\git\ConstraintsRecovery\assets\tankwar\asset49:IF:5-132,asset49,true,C:\Users\JBNU\git\ConstraintsRecovery\assets\tankwar\asset49,8,ExplodierenEffekt$$explodieren.x,FIELD,C:\Users\JBNU\git\ConstraintsRecovery\assets\tankwar\asset49:IF:5-132,asset49,true,FIELD_REFERENCE,x[6] = x_Koordinate + koernigKeit7;,TankWar_P3|TankWar_P5,TankWar_P3|TankWar_P5
D1319,RC-0567,C:\Users\JBNU\git\ConstraintsRecovery\assets\tankwar\asset49,37,ExplodierenEffekt$$explodieren.init,METHOD,C:\Users\JBNU\git\ConstraintsRecovery\assets\tankwar\asset49:IF:5-132,asset49,true,C:\Users\JBNU\git\ConstraintsRecovery\assets\tankwar\asset49,8,ExplodierenEffekt$$explodieren.x,FIELD,C:\Users\JBNU\git\ConstraintsRecovery\assets\tankwar\asset49:IF:5-132,asset49,true,FIELD_REFERENCE,x[7] = x_Koordinate + koernigKeit6;,TankWar_P3|TankWar_P5,TankWar_P3|TankWar_P5
D1321,RC-0567,C:\Users\JBNU\git\ConstraintsRecovery\assets\tankwar\asset49,39,ExplodierenEffekt$$explodieren.init,METHOD,C:\Users\JBNU\git\ConstraintsRecovery\assets\tankwar\asset49:IF:5-132,asset49,true,C:\Users\JBNU\git\ConstraintsRecovery\assets\tankwar\asset49,8,ExplodierenEffekt$$explodieren.x,FIELD,C:\Users\JBNU\git\ConstraintsRecovery\assets\tankwar\asset49:IF:5-132,asset49,true,FIELD_REFERENCE,x[8] = x_Koordinate + koernigKeit2;,TankWar_P3|TankWar_P5,TankWar_P3|TankWar_P5
D1323,RC-0567,C:\Users\JBNU\git\ConstraintsRecovery\assets\tankwar\asset49,41,ExplodierenEffekt$$explodieren.init,METHOD,C:\Users\JBNU\git\ConstraintsRecovery\assets\tankwar\asset49:IF:5-132,asset49,true,C:\Users\JBNU\git\ConstraintsRecovery\assets\tankwar\asset49,8,ExplodierenEffekt$$explodieren.x,FIELD,C:\Users\JBNU\git\ConstraintsRecovery\assets\tankwar\asset49:IF:5-132,asset49,true,FIELD_REFERENCE,x[9] = x_Koordinate - koernigKeit2;,TankWar_P3|TankWar_P5,TankWar_P3|TankWar_P5
D1325,RC-0567,C:\Users\JBNU\git\ConstraintsRecovery\assets\tankwar\asset49,43,ExplodierenEffekt$$explodieren.init,METHOD,C:\Users\JBNU\git\ConstraintsRecovery\assets\tankwar\asset49:IF:5-132,asset49,true,C:\Users\JBNU\git\ConstraintsRecovery\assets\tankwar\asset49,8,ExplodierenEffekt$$explodieren.x,FIELD,C:\Users\JBNU\git\ConstraintsRecovery\assets\tankwar\asset49:IF:5-132,asset49,true,FIELD_REFERENCE,x[10] = x_Koordinate - koernigKeit * 3;,TankWar_P3|TankWar_P5,TankWar_P3|TankWar_P5
D1328,RC-0567,C:\Users\JBNU\git\ConstraintsRecovery\assets\tankwar\asset49,45,ExplodierenEffekt$$explodieren.init,METHOD,C:\Users\JBNU\git\ConstraintsRecovery\assets\tankwar\asset49:IF:5-132,asset49,true,C:\Users\JBNU\git\ConstraintsRecovery\assets\tankwar\asset49,8,ExplodierenEffekt$$explodieren.x,FIELD,C:\Users\JBNU\git\ConstraintsRecovery\assets\tankwar\asset49:IF:5-132,asset49,true,FIELD_REFERENCE,x[11] = x_Koordinate - koernigKeit2;,TankWar_P3|TankWar_P5,TankWar_P3|TankWar_P5
D1305,RC-0568,C:\Users\JBNU\git\ConstraintsRecovery\assets\tankwar\asset49,24,ExplodierenEffekt$$explodieren.init,METHOD,C:\Users\JBNU\git\ConstraintsRecovery\assets\tankwar\asset49:IF:5-132,asset49,true,C:\Users\JBNU\git\ConstraintsRecovery\assets\tankwar\asset49,8,ExplodierenEffekt$$explodieren.y,FIELD,C:\Users\JBNU\git\ConstraintsRecovery\assets\tankwar\asset49:IF:5-132,asset49,true,FIELD_REFERENCE,y[0] = y_koordinate;,TankWar_P3|TankWar_P5,TankWar_P3|TankWar_P5
D1307,RC-0568,C:\Users\JBNU\git\ConstraintsRecovery\assets\tankwar\asset49,26,ExplodierenEffekt$$explodieren.init,METHOD,C:\Users\JBNU\git\ConstraintsRecovery\assets\tankwar\asset49:IF:5-132,asset49,true,C:\Users\JBNU\git\ConstraintsRecovery\assets\tankwar\asset49,8,ExplodierenEffekt$$explodieren.y,FIELD,C:\Users\JBNU\git\ConstraintsRecovery\assets\tankwar\asset49:IF:5-132,asset49,true,FIELD_REFERENCE,y[1] = y_koordinate + koernigKeit2;,TankWar_P3|TankWar_P5,TankWar_P3|TankWar_P5
D1309,RC-0568,C:\Users\JBNU\git\ConstraintsRecovery\assets\tankwar\asset49,28,ExplodierenEffekt$$explodieren.init,METHOD,C:\Users\JBNU\git\ConstraintsRecovery\assets\tankwar\asset49:IF:5-132,asset49,true,C:\Users\JBNU\git\ConstraintsRecovery\assets\tankwar\asset49,8,ExplodierenEffekt$$explodieren.y,FIELD,C:\Users\JBNU\git\ConstraintsRecovery\assets\tankwar\asset49:IF:5-132,asset49,true,FIELD_REFERENCE,y[2] = y_koordinate + koernigKeit4;,TankWar_P3|TankWar_P5,TankWar_P3|TankWar_P5
D1311,RC-0568,C:\Users\JBNU\git\ConstraintsRecovery\assets\tankwar\asset49,30,ExplodierenEffekt$$explodieren.init,METHOD,C:\Users\JBNU\git\ConstraintsRecovery\assets\tankwar\asset49:IF:5-132,asset49,true,C:\Users\JBNU\git\ConstraintsRecovery\assets\tankwar\asset49,8,ExplodierenEffekt$$explodieren.y,FIELD,C:\Users\JBNU\git\ConstraintsRecovery\assets\tankwar\asset49:IF:5-132,asset49,true,FIELD_REFERENCE,y[3] = y_koordinate + koernigKeit2;,TankWar_P3|TankWar_P5,TankWar_P3|TankWar_P5
D1313,RC-0568,C:\Users\JBNU\git\ConstraintsRecovery\assets\tankwar\asset49,32,ExplodierenEffekt$$explodieren.init,METHOD,C:\Users\JBNU\git\ConstraintsRecovery\assets\tankwar\asset49:IF:5-132,asset49,true,C:\Users\JBNU\git\ConstraintsRecovery\assets\tankwar\asset49,8,ExplodierenEffekt$$explodieren.y,FIELD,C:\Users\JBNU\git\ConstraintsRecovery\assets\tankwar\asset49:IF:5-132,asset49,true,FIELD_REFERENCE,y[4] = y_koordinate - koernigKeit * 3;,TankWar_P3|TankWar_P5,TankWar_P3|TankWar_P5
D1316,RC-0568,C:\Users\JBNU\git\ConstraintsRecovery\assets\tankwar\asset49,34,ExplodierenEffekt$$explodieren.init,METHOD,C:\Users\JBNU\git\ConstraintsRecovery\assets\tankwar\asset49:IF:5-132,asset49,true,C:\Users\JBNU\git\ConstraintsRecovery\assets\tankwar\asset49,8,ExplodierenEffekt$$explodieren.y,FIELD,C:\Users\JBNU\git\ConstraintsRecovery\assets\tankwar\asset49:IF:5-132,asset49,true,FIELD_REFERENCE,y[5] = y_koordinate - koernigKeit2;,TankWar_P3|TankWar_P5,TankWar_P3|TankWar_P5
D1318,RC-0568,C:\Users\JBNU\git\ConstraintsRecovery\assets\tankwar\asset49,36,ExplodierenEffekt$$explodieren.init,METHOD,C:\Users\JBNU\git\ConstraintsRecovery\assets\tankwar\asset49:IF:5-132,asset49,true,C:\Users\JBNU\git\ConstraintsRecovery\assets\tankwar\asset49,8,ExplodierenEffekt$$explodieren.y,FIELD,C:\Users\JBNU\git\ConstraintsRecovery\assets\tankwar\asset49:IF:5-132,asset49,true,FIELD_REFERENCE,y[6] = y_koordinate + koernigKeit2;,TankWar_P3|TankWar_P5,TankWar_P3|TankWar_P5
D1320,RC-0568,C:\Users\JBNU\git\ConstraintsRecovery\assets\tankwar\asset49,38,ExplodierenEffekt$$explodieren.init,METHOD,C:\Users\JBNU\git\ConstraintsRecovery\assets\tankwar\asset49:IF:5-132,asset49,true,C:\Users\JBNU\git\ConstraintsRecovery\assets\tankwar\asset49,8,ExplodierenEffekt$$explodieren.y,FIELD,C:\Users\JBNU\git\ConstraintsRecovery\assets\tankwar\asset49:IF:5-132,asset49,true,FIELD_REFERENCE,y[7] = y_koordinate + koernigKeit6;,TankWar_P3|TankWar_P5,TankWar_P3|TankWar_P5
D1322,RC-0568,C:\Users\JBNU\git\ConstraintsRecovery\assets\tankwar\asset49,40,ExplodierenEffekt$$explodieren.init,METHOD,C:\Users\JBNU\git\ConstraintsRecovery\assets\tankwar\asset49:IF:5-132,asset49,true,C:\Users\JBNU\git\ConstraintsRecovery\assets\tankwar\asset49,8,ExplodierenEffekt$$explodieren.y,FIELD,C:\Users\JBNU\git\ConstraintsRecovery\assets\tankwar\asset49:IF:5-132,asset49,true,FIELD_REFERENCE,y[8] = y_koordinate + koernigKeit7;,TankWar_P3|TankWar_P5,TankWar_P3|TankWar_P5
D1324,RC-0568,C:\Users\JBNU\git\ConstraintsRecovery\assets\tankwar\asset49,42,ExplodierenEffekt$$explodieren.init,METHOD,C:\Users\JBNU\git\ConstraintsRecovery\assets\tankwar\asset49:IF:5-132,asset49,true,C:\Users\JBNU\git\ConstraintsRecovery\assets\tankwar\asset49,8,ExplodierenEffekt$$explodieren.y,FIELD,C:\Users\JBNU\git\ConstraintsRecovery\assets\tankwar\asset49:IF:5-132,asset49,true,FIELD_REFERENCE,y[9] = y_koordinate + koernigKeit6;,TankWar_P3|TankWar_P5,TankWar_P3|TankWar_P5
D1327,RC-0568,C:\Users\JBNU\git\ConstraintsRecovery\assets\tankwar\asset49,44,ExplodierenEffekt$$explodieren.init,METHOD,C:\Users\JBNU\git\ConstraintsRecovery\assets\tankwar\asset49:IF:5-132,asset49,true,C:\Users\JBNU\git\ConstraintsRecovery\assets\tankwar\asset49,8,ExplodierenEffekt$$explodieren.y,FIELD,C:\Users\JBNU\git\ConstraintsRecovery\assets\tankwar\asset49:IF:5-132,asset49,true,FIELD_REFERENCE,y[10] = y_koordinate + koernigKeit2;,TankWar_P3|TankWar_P5,TankWar_P3|TankWar_P5
D1329,RC-0568,C:\Users\JBNU\git\ConstraintsRecovery\assets\tankwar\asset49,46,ExplodierenEffekt$$explodieren.init,METHOD,C:\Users\JBNU\git\ConstraintsRecovery\assets\tankwar\asset49:IF:5-132,asset49,true,C:\Users\JBNU\git\ConstraintsRecovery\assets\tankwar\asset49,8,ExplodierenEffekt$$explodieren.y,FIELD,C:\Users\JBNU\git\ConstraintsRecovery\assets\tankwar\asset49:IF:5-132,asset49,true,FIELD_REFERENCE,y[11] = y_koordinate - koernigKeit2;,TankWar_P3|TankWar_P5,TankWar_P3|TankWar_P5
D1361,RC-0569,C:\Users\JBNU\git\ConstraintsRecovery\assets\tankwar\asset49,71,ExplodierenEffekt$$explodieren.malen,METHOD,C:\Users\JBNU\git\ConstraintsRecovery\assets\tankwar\asset49:IF:5-132,asset49,true,C:\Users\JBNU\git\ConstraintsRecovery\assets\tankwar\asset49,129,ExplodierenEffekt$$explodieren.explodieren,METHOD,C:\Users\JBNU\git\ConstraintsRecovery\assets\tankwar\asset49:IF:5-132,asset49,true,METHOD_CALL,explodieren();,TankWar_P3|TankWar_P5,TankWar_P3|TankWar_P5
D1336,RC-0570,C:\Users\JBNU\git\ConstraintsRecovery\assets\tankwar\asset49,61,ExplodierenEffekt$$explodieren.malen,METHOD,C:\Users\JBNU\git\ConstraintsRecovery\assets\tankwar\asset49:IF:5-132,asset49,true,C:\Users\JBNU\git\ConstraintsRecovery\assets\tankwar\asset49,73,ExplodierenEffekt$$explodieren.fillTriangle,METHOD,C:\Users\JBNU\git\ConstraintsRecovery\assets\tankwar\asset49:IF:5-132,asset49,true,METHOD_CALL,"fillTriangle(x[4], y[4], x[3], y[3], x[1], y[1]);",TankWar_P3|TankWar_P5,TankWar_P3|TankWar_P5
D1339,RC-0570,C:\Users\JBNU\git\ConstraintsRecovery\assets\tankwar\asset49,62,ExplodierenEffekt$$explodieren.malen,METHOD,C:\Users\JBNU\git\ConstraintsRecovery\assets\tankwar\asset49:IF:5-132,asset49,true,C:\Users\JBNU\git\ConstraintsRecovery\assets\tankwar\asset49,73,ExplodierenEffekt$$explodieren.fillTriangle,METHOD,C:\Users\JBNU\git\ConstraintsRecovery\assets\tankwar\asset49:IF:5-132,asset49,true,METHOD_CALL,"fillTriangle(x[3], y[3], x[5], y[5], x[2], y[2]);",TankWar_P3|TankWar_P5,TankWar_P3|TankWar_P5
D1342,RC-0570,C:\Users\JBNU\git\ConstraintsRecovery\assets\tankwar\asset49,63,ExplodierenEffekt$$explodieren.malen,METHOD,C:\Users\JBNU\git\ConstraintsRecovery\assets\tankwar\asset49:IF:5-132,asset49,true,C:\Users\JBNU\git\ConstraintsRecovery\assets\tankwar\asset49,73,ExplodierenEffekt$$explodieren.fillTriangle,METHOD,C:\Users\JBNU\git\ConstraintsRecovery\assets\tankwar\asset49:IF:5-132,asset49,true,METHOD_CALL,"fillTriangle(x[0], y[0], x[6], y[6], x[2], y[2]);",TankWar_P3|TankWar_P5,TankWar_P3|TankWar_P5
D1345,RC-0570,C:\Users\JBNU\git\ConstraintsRecovery\assets\tankwar\asset49,64,ExplodierenEffekt$$explodieren.malen,METHOD,C:\Users\JBNU\git\ConstraintsRecovery\assets\tankwar\asset49:IF:5-132,asset49,true,C:\Users\JBNU\git\ConstraintsRecovery\assets\tankwar\asset49,73,ExplodierenEffekt$$explodieren.fillTriangle,METHOD,C:\Users\JBNU\git\ConstraintsRecovery\assets\tankwar\asset49:IF:5-132,asset49,true,METHOD_CALL,"fillTriangle(x[0], y[0], x[7], y[7], x[3], y[3]);",TankWar_P3|TankWar_P5,TankWar_P3|TankWar_P5
D1348,RC-0570,C:\Users\JBNU\git\ConstraintsRecovery\assets\tankwar\asset49,65,ExplodierenEffekt$$explodieren.malen,METHOD,C:\Users\JBNU\git\ConstraintsRecovery\assets\tankwar\asset49:IF:5-132,asset49,true,C:\Users\JBNU\git\ConstraintsRecovery\assets\tankwar\asset49,73,ExplodierenEffekt$$explodieren.fillTriangle,METHOD,C:\Users\JBNU\git\ConstraintsRecovery\assets\tankwar\asset49:IF:5-132,asset49,true,METHOD_CALL,"fillTriangle(x[1], y[1], x[8], y[8], x[3], y[3]);",TankWar_P3|TankWar_P5,TankWar_P3|TankWar_P5
D1351,RC-0570,C:\Users\JBNU\git\ConstraintsRecovery\assets\tankwar\asset49,66,ExplodierenEffekt$$explodieren.malen,METHOD,C:\Users\JBNU\git\ConstraintsRecovery\assets\tankwar\asset49:IF:5-132,asset49,true,C:\Users\JBNU\git\ConstraintsRecovery\assets\tankwar\asset49,73,ExplodierenEffekt$$explodieren.fillTriangle,METHOD,C:\Users\JBNU\git\ConstraintsRecovery\assets\tankwar\asset49:IF:5-132,asset49,true,METHOD_CALL,"fillTriangle(x[1], y[1], x[9], y[9], x[0], y[0]);",TankWar_P3|TankWar_P5,TankWar_P3|TankWar_P5
D1354,RC-0570,C:\Users\JBNU\git\ConstraintsRecovery\assets\tankwar\asset49,67,ExplodierenEffekt$$explodieren.malen,METHOD,C:\Users\JBNU\git\ConstraintsRecovery\assets\tankwar\asset49:IF:5-132,asset49,true,C:\Users\JBNU\git\ConstraintsRecovery\assets\tankwar\asset49,73,ExplodierenEffekt$$explodieren.fillTriangle,METHOD,C:\Users\JBNU\git\ConstraintsRecovery\assets\tankwar\asset49:IF:5-132,asset49,true,METHOD_CALL,"fillTriangle(x[2], y[2], x[10], y[10], x[0], y[0]);",TankWar_P3|TankWar_P5,TankWar_P3|TankWar_P5
D1357,RC-0570,C:\Users\JBNU\git\ConstraintsRecovery\assets\tankwar\asset49,68,ExplodierenEffekt$$explodieren.malen,METHOD,C:\Users\JBNU\git\ConstraintsRecovery\assets\tankwar\asset49:IF:5-132,asset49,true,C:\Users\JBNU\git\ConstraintsRecovery\assets\tankwar\asset49,73,ExplodierenEffekt$$explodieren.fillTriangle,METHOD,C:\Users\JBNU\git\ConstraintsRecovery\assets\tankwar\asset49:IF:5-132,asset49,true,METHOD_CALL,"fillTriangle(x[2], y[2], x[11], y[11], x[1], y[1]);",TankWar_P3|TankWar_P5,TankWar_P3|TankWar_P5
D1330,RC-0571,C:\Users\JBNU\git\ConstraintsRecovery\assets\tankwar\asset49,49,ExplodierenEffekt$$explodieren.malen,METHOD,C:\Users\JBNU\git\ConstraintsRecovery\assets\tankwar\asset49:IF:5-132,asset49,true,C:\Users\JBNU\git\ConstraintsRecovery\assets\tankwar\asset49,7,ExplodierenEffekt$$explodieren.i,FIELD,C:\Users\JBNU\git\ConstraintsRecovery\assets\tankwar\asset49:IF:5-132,asset49,true,FIELD_REFERENCE,int c = Math.abs(i % 3);,TankWar_P3|TankWar_P5,TankWar_P3|TankWar_P5
D1358,RC-0571,C:\Users\JBNU\git\ConstraintsRecovery\assets\tankwar\asset49,69,ExplodierenEffekt$$explodieren.malen,METHOD,C:\Users\JBNU\git\ConstraintsRecovery\assets\tankwar\asset49:IF:5-132,asset49,true,C:\Users\JBNU\git\ConstraintsRecovery\assets\tankwar\asset49,7,ExplodierenEffekt$$explodieren.i,FIELD,C:\Users\JBNU\git\ConstraintsRecovery\assets\tankwar\asset49:IF:5-132,asset49,true,FIELD_REFERENCE,i--;,TankWar_P3|TankWar_P5,TankWar_P3|TankWar_P5
D1360,RC-0571,C:\Users\JBNU\git\ConstraintsRecovery\assets\tankwar\asset49,70,ExplodierenEffekt$$explodieren.malen,METHOD,C:\Users\JBNU\git\ConstraintsRecovery\assets\tankwar\asset49:IF:5-132,asset49,true,C:\Users\JBNU\git\ConstraintsRecovery\assets\tankwar\asset49,7,ExplodierenEffekt$$explodieren.i,FIELD,C:\Users\JBNU\git\ConstraintsRecovery\assets\tankwar\asset49:IF:5-132,asset49,true,FIELD_REFERENCE,if (i == 0),TankWar_P3|TankWar_P5,TankWar_P3|TankWar_P5
D1334,RC-0572,C:\Users\JBNU\git\ConstraintsRecovery\assets\tankwar\asset49,61,ExplodierenEffekt$$explodieren.malen,METHOD,C:\Users\JBNU\git\ConstraintsRecovery\assets\tankwar\asset49:IF:5-132,asset49,true,C:\Users\JBNU\git\ConstraintsRecovery\assets\tankwar\asset49,8,ExplodierenEffekt$$explodieren.x,FIELD,C:\Users\JBNU\git\ConstraintsRecovery\assets\tankwar\asset49:IF:5-132,asset49,true,FIELD_REFERENCE,"fillTriangle(x[4], y[4], x[3], y[3], x[1], y[1]);",TankWar_P3|TankWar_P5,TankWar_P3|TankWar_P5
D1337,RC-0572,C:\Users\JBNU\git\ConstraintsRecovery\assets\tankwar\asset49,62,ExplodierenEffekt$$explodieren.malen,METHOD,C:\Users\JBNU\git\ConstraintsRecovery\assets\tankwar\asset49:IF:5-132,asset49,true,C:\Users\JBNU\git\ConstraintsRecovery\assets\tankwar\asset49,8,ExplodierenEffekt$$explodieren.x,FIELD,C:\Users\JBNU\git\ConstraintsRecovery\assets\tankwar\asset49:IF:5-132,asset49,true,FIELD_REFERENCE,"fillTriangle(x[3], y[3], x[5], y[5], x[2], y[2]);",TankWar_P3|TankWar_P5,TankWar_P3|TankWar_P5
D1340,RC-0572,C:\Users\JBNU\git\ConstraintsRecovery\assets\tankwar\asset49,63,ExplodierenEffekt$$explodieren.malen,METHOD,C:\Users\JBNU\git\ConstraintsRecovery\assets\tankwar\asset49:IF:5-132,asset49,true,C:\Users\JBNU\git\ConstraintsRecovery\assets\tankwar\asset49,8,ExplodierenEffekt$$explodieren.x,FIELD,C:\Users\JBNU\git\ConstraintsRecovery\assets\tankwar\asset49:IF:5-132,asset49,true,FIELD_REFERENCE,"fillTriangle(x[0], y[0], x[6], y[6], x[2], y[2]);",TankWar_P3|TankWar_P5,TankWar_P3|TankWar_P5
D1343,RC-0572,C:\Users\JBNU\git\ConstraintsRecovery\assets\tankwar\asset49,64,ExplodierenEffekt$$explodieren.malen,METHOD,C:\Users\JBNU\git\ConstraintsRecovery\assets\tankwar\asset49:IF:5-132,asset49,true,C:\Users\JBNU\git\ConstraintsRecovery\assets\tankwar\asset49,8,ExplodierenEffekt$$explodieren.x,FIELD,C:\Users\JBNU\git\ConstraintsRecovery\assets\tankwar\asset49:IF:5-132,asset49,true,FIELD_REFERENCE,"fillTriangle(x[0], y[0], x[7], y[7], x[3], y[3]);",TankWar_P3|TankWar_P5,TankWar_P3|TankWar_P5
D1346,RC-0572,C:\Users\JBNU\git\ConstraintsRecovery\assets\tankwar\asset49,65,ExplodierenEffekt$$explodieren.malen,METHOD,C:\Users\JBNU\git\ConstraintsRecovery\assets\tankwar\asset49:IF:5-132,asset49,true,C:\Users\JBNU\git\ConstraintsRecovery\assets\tankwar\asset49,8,ExplodierenEffekt$$explodieren.x,FIELD,C:\Users\JBNU\git\ConstraintsRecovery\assets\tankwar\asset49:IF:5-132,asset49,true,FIELD_REFERENCE,"fillTriangle(x[1], y[1], x[8], y[8], x[3], y[3]);",TankWar_P3|TankWar_P5,TankWar_P3|TankWar_P5
D1349,RC-0572,C:\Users\JBNU\git\ConstraintsRecovery\assets\tankwar\asset49,66,ExplodierenEffekt$$explodieren.malen,METHOD,C:\Users\JBNU\git\ConstraintsRecovery\assets\tankwar\asset49:IF:5-132,asset49,true,C:\Users\JBNU\git\ConstraintsRecovery\assets\tankwar\asset49,8,ExplodierenEffekt$$explodieren.x,FIELD,C:\Users\JBNU\git\ConstraintsRecovery\assets\tankwar\asset49:IF:5-132,asset49,true,FIELD_REFERENCE,"fillTriangle(x[1], y[1], x[9], y[9], x[0], y[0]);",TankWar_P3|TankWar_P5,TankWar_P3|TankWar_P5
D1352,RC-0572,C:\Users\JBNU\git\ConstraintsRecovery\assets\tankwar\asset49,67,ExplodierenEffekt$$explodieren.malen,METHOD,C:\Users\JBNU\git\ConstraintsRecovery\assets\tankwar\asset49:IF:5-132,asset49,true,C:\Users\JBNU\git\ConstraintsRecovery\assets\tankwar\asset49,8,ExplodierenEffekt$$explodieren.x,FIELD,C:\Users\JBNU\git\ConstraintsRecovery\assets\tankwar\asset49:IF:5-132,asset49,true,FIELD_REFERENCE,"fillTriangle(x[2], y[2], x[10], y[10], x[0], y[0]);",TankWar_P3|TankWar_P5,TankWar_P3|TankWar_P5
D1355,RC-0572,C:\Users\JBNU\git\ConstraintsRecovery\assets\tankwar\asset49,68,ExplodierenEffekt$$explodieren.malen,METHOD,C:\Users\JBNU\git\ConstraintsRecovery\assets\tankwar\asset49:IF:5-132,asset49,true,C:\Users\JBNU\git\ConstraintsRecovery\assets\tankwar\asset49,8,ExplodierenEffekt$$explodieren.x,FIELD,C:\Users\JBNU\git\ConstraintsRecovery\assets\tankwar\asset49:IF:5-132,asset49,true,FIELD_REFERENCE,"fillTriangle(x[2], y[2], x[11], y[11], x[1], y[1]);",TankWar_P3|TankWar_P5,TankWar_P3|TankWar_P5
D1335,RC-0573,C:\Users\JBNU\git\ConstraintsRecovery\assets\tankwar\asset49,61,ExplodierenEffekt$$explodieren.malen,METHOD,C:\Users\JBNU\git\ConstraintsRecovery\assets\tankwar\asset49:IF:5-132,asset49,true,C:\Users\JBNU\git\ConstraintsRecovery\assets\tankwar\asset49,8,ExplodierenEffekt$$explodieren.y,FIELD,C:\Users\JBNU\git\ConstraintsRecovery\assets\tankwar\asset49:IF:5-132,asset49,true,FIELD_REFERENCE,"fillTriangle(x[4], y[4], x[3], y[3], x[1], y[1]);",TankWar_P3|TankWar_P5,TankWar_P3|TankWar_P5
D1338,RC-0573,C:\Users\JBNU\git\ConstraintsRecovery\assets\tankwar\asset49,62,ExplodierenEffekt$$explodieren.malen,METHOD,C:\Users\JBNU\git\ConstraintsRecovery\assets\tankwar\asset49:IF:5-132,asset49,true,C:\Users\JBNU\git\ConstraintsRecovery\assets\tankwar\asset49,8,ExplodierenEffekt$$explodieren.y,FIELD,C:\Users\JBNU\git\ConstraintsRecovery\assets\tankwar\asset49:IF:5-132,asset49,true,FIELD_REFERENCE,"fillTriangle(x[3], y[3], x[5], y[5], x[2], y[2]);",TankWar_P3|TankWar_P5,TankWar_P3|TankWar_P5
D1341,RC-0573,C:\Users\JBNU\git\ConstraintsRecovery\assets\tankwar\asset49,63,ExplodierenEffekt$$explodieren.malen,METHOD,C:\Users\JBNU\git\ConstraintsRecovery\assets\tankwar\asset49:IF:5-132,asset49,true,C:\Users\JBNU\git\ConstraintsRecovery\assets\tankwar\asset49,8,ExplodierenEffekt$$explodieren.y,FIELD,C:\Users\JBNU\git\ConstraintsRecovery\assets\tankwar\asset49:IF:5-132,asset49,true,FIELD_REFERENCE,"fillTriangle(x[0], y[0], x[6], y[6], x[2], y[2]);",TankWar_P3|TankWar_P5,TankWar_P3|TankWar_P5
D1344,RC-0573,C:\Users\JBNU\git\ConstraintsRecovery\assets\tankwar\asset49,64,ExplodierenEffekt$$explodieren.malen,METHOD,C:\Users\JBNU\git\ConstraintsRecovery\assets\tankwar\asset49:IF:5-132,asset49,true,C:\Users\JBNU\git\ConstraintsRecovery\assets\tankwar\asset49,8,ExplodierenEffekt$$explodieren.y,FIELD,C:\Users\JBNU\git\ConstraintsRecovery\assets\tankwar\asset49:IF:5-132,asset49,true,FIELD_REFERENCE,"fillTriangle(x[0], y[0], x[7], y[7], x[3], y[3]);",TankWar_P3|TankWar_P5,TankWar_P3|TankWar_P5
D1347,RC-0573,C:\Users\JBNU\git\ConstraintsRecovery\assets\tankwar\asset49,65,ExplodierenEffekt$$explodieren.malen,METHOD,C:\Users\JBNU\git\ConstraintsRecovery\assets\tankwar\asset49:IF:5-132,asset49,true,C:\Users\JBNU\git\ConstraintsRecovery\assets\tankwar\asset49,8,ExplodierenEffekt$$explodieren.y,FIELD,C:\Users\JBNU\git\ConstraintsRecovery\assets\tankwar\asset49:IF:5-132,asset49,true,FIELD_REFERENCE,"fillTriangle(x[1], y[1], x[8], y[8], x[3], y[3]);",TankWar_P3|TankWar_P5,TankWar_P3|TankWar_P5
D1350,RC-0573,C:\Users\JBNU\git\ConstraintsRecovery\assets\tankwar\asset49,66,ExplodierenEffekt$$explodieren.malen,METHOD,C:\Users\JBNU\git\ConstraintsRecovery\assets\tankwar\asset49:IF:5-132,asset49,true,C:\Users\JBNU\git\ConstraintsRecovery\assets\tankwar\asset49,8,ExplodierenEffekt$$explodieren.y,FIELD,C:\Users\JBNU\git\ConstraintsRecovery\assets\tankwar\asset49:IF:5-132,asset49,true,FIELD_REFERENCE,"fillTriangle(x[1], y[1], x[9], y[9], x[0], y[0]);",TankWar_P3|TankWar_P5,TankWar_P3|TankWar_P5
D1353,RC-0573,C:\Users\JBNU\git\ConstraintsRecovery\assets\tankwar\asset49,67,ExplodierenEffekt$$explodieren.malen,METHOD,C:\Users\JBNU\git\ConstraintsRecovery\assets\tankwar\asset49:IF:5-132,asset49,true,C:\Users\JBNU\git\ConstraintsRecovery\assets\tankwar\asset49,8,ExplodierenEffekt$$explodieren.y,FIELD,C:\Users\JBNU\git\ConstraintsRecovery\assets\tankwar\asset49:IF:5-132,asset49,true,FIELD_REFERENCE,"fillTriangle(x[2], y[2], x[10], y[10], x[0], y[0]);",TankWar_P3|TankWar_P5,TankWar_P3|TankWar_P5
D1356,RC-0573,C:\Users\JBNU\git\ConstraintsRecovery\assets\tankwar\asset49,68,ExplodierenEffekt$$explodieren.malen,METHOD,C:\Users\JBNU\git\ConstraintsRecovery\assets\tankwar\asset49:IF:5-132,asset49,true,C:\Users\JBNU\git\ConstraintsRecovery\assets\tankwar\asset49,8,ExplodierenEffekt$$explodieren.y,FIELD,C:\Users\JBNU\git\ConstraintsRecovery\assets\tankwar\asset49:IF:5-132,asset49,true,FIELD_REFERENCE,"fillTriangle(x[2], y[2], x[11], y[11], x[1], y[1]);",TankWar_P3|TankWar_P5,TankWar_P3|TankWar_P5
D1295,RC-0574,C:\Users\JBNU\git\ConstraintsRecovery\assets\tankwar\asset49,130,ExplodierenEffekt$$explodieren.explodieren,METHOD,C:\Users\JBNU\git\ConstraintsRecovery\assets\tankwar\asset49:IF:5-132,asset49,true,C:\Users\JBNU\git\ConstraintsRecovery\assets\tankwar\asset54,16,TankManager$$explodieren.expEffekt,FIELD,C:\Users\JBNU\git\ConstraintsRecovery\assets\tankwar\asset54:IF:5-26,asset54,true,FIELD_REFERENCE,tankManager.expEffekt.removeElement(((ExplodierenEffekt) this));,TankWar_P3|TankWar_P5,TankWar_P3|TankWar_P5
D1359,RC-0575,C:\Users\JBNU\git\ConstraintsRecovery\assets\tankwar\asset49,6,ExplodierenEffekt$$explodieren,CLASS,C:\Users\JBNU\git\ConstraintsRecovery\assets\tankwar\asset49:IF:5-132,asset49,true,C:\Users\JBNU\git\ConstraintsRecovery\assets\tankwar\asset63,6,ExplodierenEffekt$$TankWar,CLASS,C:\Users\JBNU\git\ConstraintsRecovery\assets\tankwar\asset63:IF:5-7,asset63,true,EXTENDS,abstract class ExplodierenEffekt$$explodieren extends ExplodierenEffekt$$TankWar {,TankWar_P3|TankWar_P5,TankWar_P3|TankWar_P5
D1299,RC-0576,C:\Users\JBNU\git\ConstraintsRecovery\assets\tankwar\asset49,18,ExplodierenEffekt$$explodieren.init,METHOD,C:\Users\JBNU\git\ConstraintsRecovery\assets\tankwar\asset49:IF:5-132,asset49,true,C:\Users\JBNU\git\ConstraintsRecovery\assets\tankwar\asset9,20,TankManager$$TankWar.screenWidth,FIELD,C:\Users\JBNU\git\ConstraintsRecovery\assets\tankwar\asset9:IF:8-248,asset9,true,FIELD_REFERENCE,((ExplodierenEffekt) this).koernigKeit = tankManager.screenWidth / 60;,TankWar_P3|TankWar_P5,TankWar_P1|TankWar_P2|TankWar_P3|TankWar_P4|TankWar_P5
D1363,RC-0577,C:\Users\JBNU\git\ConstraintsRecovery\assets\tankwar\asset4,14,KeyMonitor.KeyMonitor,CONSTRUCTOR,C:\Users\JBNU\git\ConstraintsRecovery\assets\tankwar\asset4:IF:8-26,asset4,true,C:\Users\JBNU\git\ConstraintsRecovery\assets\tankwar\asset4,12,KeyMonitor.gameManager,FIELD,C:\Users\JBNU\git\ConstraintsRecovery\assets\tankwar\asset4:IF:8-26,asset4,true,FIELD_REFERENCE,this.gameManager = gameManager;,TankWar_P1|TankWar_P2|TankWar_P3|TankWar_P4|TankWar_P5,TankWar_P1|TankWar_P2|TankWar_P3|TankWar_P4|TankWar_P5
D1364,RC-0578,C:\Users\JBNU\git\ConstraintsRecovery\assets\tankwar\asset4,18,KeyMonitor.keyPressed,METHOD,C:\Users\JBNU\git\ConstraintsRecovery\assets\tankwar\asset4:IF:8-26,asset4,true,C:\Users\JBNU\git\ConstraintsRecovery\assets\tankwar\asset4,12,KeyMonitor.gameManager,FIELD,C:\Users\JBNU\git\ConstraintsRecovery\assets\tankwar\asset4:IF:8-26,asset4,true,FIELD_REFERENCE,gameManager.keyPressBehandeln(key);,TankWar_P1|TankWar_P2|TankWar_P3|TankWar_P4|TankWar_P5,TankWar_P1|TankWar_P2|TankWar_P3|TankWar_P4|TankWar_P5
D1365,RC-0579,C:\Users\JBNU\git\ConstraintsRecovery\assets\tankwar\asset4,22,KeyMonitor.keyReleased,METHOD,C:\Users\JBNU\git\ConstraintsRecovery\assets\tankwar\asset4:IF:8-26,asset4,true,C:\Users\JBNU\git\ConstraintsRecovery\assets\tankwar\asset4,12,KeyMonitor.gameManager,FIELD,C:\Users\JBNU\git\ConstraintsRecovery\assets\tankwar\asset4:IF:8-26,asset4,true,FIELD_REFERENCE,gameManager.keyReleaseBehandeln(key);,TankWar_P1|TankWar_P2|TankWar_P3|TankWar_P4|TankWar_P5,TankWar_P1|TankWar_P2|TankWar_P3|TankWar_P4|TankWar_P5
D1366,RC-0580,C:\Users\JBNU\git\ConstraintsRecovery\assets\tankwar\asset50,18,TankManager$$Energie.toolsLaden,METHOD,C:\Users\JBNU\git\ConstraintsRecovery\assets\tankwar\asset50:IF:5-21,asset50,true,C:\Users\JBNU\git\ConstraintsRecovery\assets\tankwar\asset3,30,TankManager$$Tools.toolInit,METHOD,C:\Users\JBNU\git\ConstraintsRecovery\assets\tankwar\asset3:IF:8-44,asset3,true,METHOD_CALL,toolInit(371);,TankWar_P1|TankWar_P4,TankWar_P1|TankWar_P2|TankWar_P3|TankWar_P4|TankWar_P5
D1367,RC-0581,C:\Users\JBNU\git\ConstraintsRecovery\assets\tankwar\asset51,27,Maler$$USA_M1Abrams,CLASS,C:\Users\JBNU\git\ConstraintsRecovery\assets\tankwar\asset51:ELIF:25-27,asset51,false,C:\Users\JBNU\git\ConstraintsRecovery\assets\tankwar\asset23,26,Maler$$Re_fuer_PC,CLASS,C:\Users\JBNU\git\ConstraintsRecovery\assets\tankwar\asset23:IF:7-99,asset23,true,EXTENDS,abstract class Maler$$USA_M1Abrams extends Maler$$Re_fuer_PC {,TankWar_P1,TankWar_P1|TankWar_P3|TankWar_P4|TankWar_P5
D1368,RC-0582,C:\Users\JBNU\git\ConstraintsRecovery\assets\tankwar\asset51,37,Maler$$USA_M1Abrams.tankErstellen,METHOD,C:\Users\JBNU\git\ConstraintsRecovery\assets\tankwar\asset51:IF:5-39,asset51,true,C:\Users\JBNU\git\ConstraintsRecovery\assets\tankwar\asset2,117,Maler$$PC.loadImage,METHOD,C:\Users\JBNU\git\ConstraintsRecovery\assets\tankwar\asset2:IF:8-332,asset2,true,METHOD_CALL,"menu.add(Sprach.TANKC, loadImage(""choice33.png"", x, y), loadImage(""choice03.png"", x, y), 3);",TankWar_P1|TankWar_P2,TankWar_P1|TankWar_P2|TankWar_P3|TankWar_P4|TankWar_P5
D1377,RC-0583,C:\Users\JBNU\git\ConstraintsRecovery\assets\tankwar\asset52,9,Tank$$Beschleunigung,CLASS,C:\Users\JBNU\git\ConstraintsRecovery\assets\tankwar\asset52:IF:5-39,asset52,true,C:\Users\JBNU\git\ConstraintsRecovery\assets\tankwar\asset10,14,Tank$$Tools,CLASS,C:\Users\JBNU\git\ConstraintsRecovery\assets\tankwar\asset10:IF:8-42,asset10,true,EXTENDS,abstract class Tank$$Beschleunigung extends Tank$$Tools {,TankWar_P2|TankWar_P3,TankWar_P1|TankWar_P2|TankWar_P3|TankWar_P4|TankWar_P5
D1374,RC-0584,C:\Users\JBNU\git\ConstraintsRecovery\assets\tankwar\asset52,31,Tank$$Beschleunigung.toolBehandeln,METHOD,C:\Users\JBNU\git\ConstraintsRecovery\assets\tankwar\asset52:IF:5-39,asset52,true,C:\Users\JBNU\git\ConstraintsRecovery\assets\tankwar\asset52,11,Tank$$Beschleunigung.beschleunigung,FIELD,C:\Users\JBNU\git\ConstraintsRecovery\assets\tankwar\asset52:IF:5-39,asset52,true,FIELD_REFERENCE,if (!beschleunigung) {,TankWar_P2|TankWar_P3,TankWar_P2|TankWar_P3
D1376,RC-0584,C:\Users\JBNU\git\ConstraintsRecovery\assets\tankwar\asset52,33,Tank$$Beschleunigung.toolBehandeln,METHOD,C:\Users\JBNU\git\ConstraintsRecovery\assets\tankwar\asset52:IF:5-39,asset52,true,C:\Users\JBNU\git\ConstraintsRecovery\assets\tankwar\asset52,11,Tank$$Beschleunigung.beschleunigung,FIELD,C:\Users\JBNU\git\ConstraintsRecovery\assets\tankwar\asset52:IF:5-39,asset52,true,FIELD_REFERENCE,((Tank) this).beschleunigung = true;,TankWar_P2|TankWar_P3,TankWar_P2|TankWar_P3
D1375,RC-0585,C:\Users\JBNU\git\ConstraintsRecovery\assets\tankwar\asset52,32,Tank$$Beschleunigung.toolBehandeln,METHOD,C:\Users\JBNU\git\ConstraintsRecovery\assets\tankwar\asset52:IF:5-39,asset52,true,C:\Users\JBNU\git\ConstraintsRecovery\assets\tankwar\asset52,10,Tank$$Beschleunigung.beschleunigungTimer,FIELD,C:\Users\JBNU\git\ConstraintsRecovery\assets\tankwar\asset52:IF:5-39,asset52,true,FIELD_REFERENCE,((Tank) this).beschleunigungTimer = System.currentTimeMillis();,TankWar_P2|TankWar_P3,TankWar_P2|TankWar_P3
D1369,RC-0586,C:\Users\JBNU\git\ConstraintsRecovery\assets\tankwar\asset52,18,Tank$$Beschleunigung.toolKontroller,METHOD,C:\Users\JBNU\git\ConstraintsRecovery\assets\tankwar\asset52:IF:5-39,asset52,true,C:\Users\JBNU\git\ConstraintsRecovery\assets\tankwar\asset52,11,Tank$$Beschleunigung.beschleunigung,FIELD,C:\Users\JBNU\git\ConstraintsRecovery\assets\tankwar\asset52:IF:5-39,asset52,true,FIELD_REFERENCE,if (beschleunigung) {,TankWar_P2|TankWar_P3,TankWar_P2|TankWar_P3
D1372,RC-0586,C:\Users\JBNU\git\ConstraintsRecovery\assets\tankwar\asset52,22,Tank$$Beschleunigung.toolKontroller,METHOD,C:\Users\JBNU\git\ConstraintsRecovery\assets\tankwar\asset52:IF:5-39,asset52,true,C:\Users\JBNU\git\ConstraintsRecovery\assets\tankwar\asset52,11,Tank$$Beschleunigung.beschleunigung,FIELD,C:\Users\JBNU\git\ConstraintsRecovery\assets\tankwar\asset52:IF:5-39,asset52,true,FIELD_REFERENCE,if (beschleunigung && System.currentTimeMillis() - beschleunigungTimer > 10000) {,TankWar_P2|TankWar_P3,TankWar_P2|TankWar_P3
D1373,RC-0586,C:\Users\JBNU\git\ConstraintsRecovery\assets\tankwar\asset52,24,Tank$$Beschleunigung.toolKontroller,METHOD,C:\Users\JBNU\git\ConstraintsRecovery\assets\tankwar\asset52:IF:5-39,asset52,true,C:\Users\JBNU\git\ConstraintsRecovery\assets\tankwar\asset52,11,Tank$$Beschleunigung.beschleunigung,FIELD,C:\Users\JBNU\git\ConstraintsRecovery\assets\tankwar\asset52:IF:5-39,asset52,true,FIELD_REFERENCE,beschleunigung = false;,TankWar_P2|TankWar_P3,TankWar_P2|TankWar_P3
D1370,RC-0587,C:\Users\JBNU\git\ConstraintsRecovery\assets\tankwar\asset52,19,Tank$$Beschleunigung.toolKontroller,METHOD,C:\Users\JBNU\git\ConstraintsRecovery\assets\tankwar\asset52:IF:5-39,asset52,true,C:\Users\JBNU\git\ConstraintsRecovery\assets\tankwar\asset52,10,Tank$$Beschleunigung.beschleunigungTimer,FIELD,C:\Users\JBNU\git\ConstraintsRecovery\assets\tankwar\asset52:IF:5-39,asset52,true,FIELD_REFERENCE,beschleunigungTimer += elapsedTime;,TankWar_P2|TankWar_P3,TankWar_P2|TankWar_P3
D1371,RC-0587,C:\Users\JBNU\git\ConstraintsRecovery\assets\tankwar\asset52,22,Tank$$Beschleunigung.toolKontroller,METHOD,C:\Users\JBNU\git\ConstraintsRecovery\assets\tankwar\asset52:IF:5-39,asset52,true,C:\Users\JBNU\git\ConstraintsRecovery\assets\tankwar\asset52,10,Tank$$Beschleunigung.beschleunigungTimer,FIELD,C:\Users\JBNU\git\ConstraintsRecovery\assets\tankwar\asset52:IF:5-39,asset52,true,FIELD_REFERENCE,if (beschleunigung && System.currentTimeMillis() - beschleunigungTimer > 10000) {,TankWar_P2|TankWar_P3,TankWar_P2|TankWar_P3
D1378,RC-0588,C:\Users\JBNU\git\ConstraintsRecovery\assets\tankwar\asset53,21,Tank$$Energie.toolBehandeln,METHOD,C:\Users\JBNU\git\ConstraintsRecovery\assets\tankwar\asset53:IF:5-25,asset53,true,C:\Users\JBNU\git\ConstraintsRecovery\assets\tankwar\asset14,21,Tank$$TankWar.energie,FIELD,C:\Users\JBNU\git\ConstraintsRecovery\assets\tankwar\asset14:IF:8-384,asset14,true,FIELD_REFERENCE,((Tank) this).energie += 10;,TankWar_P1|TankWar_P4,TankWar_P1|TankWar_P2|TankWar_P3|TankWar_P4|TankWar_P5
D1379,RC-0589,C:\Users\JBNU\git\ConstraintsRecovery\assets\tankwar\asset54,23,TankManager$$explodieren.komponenteMalen,METHOD,C:\Users\JBNU\git\ConstraintsRecovery\assets\tankwar\asset54:IF:5-26,asset54,true,C:\Users\JBNU\git\ConstraintsRecovery\assets\tankwar\asset54,16,TankManager$$explodieren.expEffekt,FIELD,C:\Users\JBNU\git\ConstraintsRecovery\assets\tankwar\asset54:IF:5-26,asset54,true,FIELD_REFERENCE,gruppeMalen(expEffekt);,TankWar_P3|TankWar_P5,TankWar_P3|TankWar_P5
D1380,RC-0590,C:\Users\JBNU\git\ConstraintsRecovery\assets\tankwar\asset54,23,TankManager$$explodieren.komponenteMalen,METHOD,C:\Users\JBNU\git\ConstraintsRecovery\assets\tankwar\asset54:IF:5-26,asset54,true,C:\Users\JBNU\git\ConstraintsRecovery\assets\tankwar\asset9,171,TankManager$$TankWar.gruppeMalen,METHOD,C:\Users\JBNU\git\ConstraintsRecovery\assets\tankwar\asset9:IF:8-248,asset9,true,METHOD_CALL,gruppeMalen(expEffekt);,TankWar_P3|TankWar_P5,TankWar_P1|TankWar_P2|TankWar_P3|TankWar_P4|TankWar_P5
D1383,RC-0591,C:\Users\JBNU\git\ConstraintsRecovery\assets\tankwar\asset55,16,ExplodierenEffekt.malen,METHOD,C:\Users\JBNU\git\ConstraintsRecovery\assets\tankwar\asset55:IF:5-35,asset55,true,C:\Users\JBNU\git\ConstraintsRecovery\assets\tankwar\asset13,39,Maler$$fuer_PC.drawImage,METHOD,C:\Users\JBNU\git\ConstraintsRecovery\assets\tankwar\asset13:IF:8-358,asset13,true,METHOD_CALL,"tankManager.maler.drawImage(""explode"" + (i + 1) + "".png"", x_Koordinate - 2 * tankManager.koernigkeit2, y_Koordinate - 2 * tankManager.koernigkeit2);",TankWar_P3|TankWar_P5,TankWar_P1|TankWar_P2|TankWar_P3|TankWar_P4|TankWar_P5
D1391,RC-0591,C:\Users\JBNU\git\ConstraintsRecovery\assets\tankwar\asset55,29,ExplodierenEffekt.malen,METHOD,C:\Users\JBNU\git\ConstraintsRecovery\assets\tankwar\asset55:IF:5-35,asset55,true,C:\Users\JBNU\git\ConstraintsRecovery\assets\tankwar\asset13,39,Maler$$fuer_PC.drawImage,METHOD,C:\Users\JBNU\git\ConstraintsRecovery\assets\tankwar\asset13:IF:8-358,asset13,true,METHOD_CALL,"tankManager.maler.drawImage(""explode"" + (step / 2 + 1) + "".png"", x_Koordinate - 2 * tankManager.koernigkeit2, y_Koordinate - 2 * tankManager.koernigkeit2);",TankWar_P3|TankWar_P5,TankWar_P1|TankWar_P2|TankWar_P3|TankWar_P4|TankWar_P5
D1393,RC-0592,C:\Users\JBNU\git\ConstraintsRecovery\assets\tankwar\asset55,6,ExplodierenEffekt,CLASS,C:\Users\JBNU\git\ConstraintsRecovery\assets\tankwar\asset55:IF:5-35,asset55,true,C:\Users\JBNU\git\ConstraintsRecovery\assets\tankwar\asset49,6,ExplodierenEffekt$$explodieren,CLASS,C:\Users\JBNU\git\ConstraintsRecovery\assets\tankwar\asset49:IF:5-132,asset49,true,EXTENDS,public class ExplodierenEffekt extends ExplodierenEffekt$$explodieren {,TankWar_P3|TankWar_P5,TankWar_P3|TankWar_P5
D1381,RC-0593,C:\Users\JBNU\git\ConstraintsRecovery\assets\tankwar\asset55,14,ExplodierenEffekt.malen,METHOD,C:\Users\JBNU\git\ConstraintsRecovery\assets\tankwar\asset55:IF:5-35,asset55,true,C:\Users\JBNU\git\ConstraintsRecovery\assets\tankwar\asset55,7,ExplodierenEffekt.init,FIELD,C:\Users\JBNU\git\ConstraintsRecovery\assets\tankwar\asset55:IF:5-35,asset55,true,FIELD_REFERENCE,if (!init) {,TankWar_P3|TankWar_P5,TankWar_P3|TankWar_P5
D1384,RC-0593,C:\Users\JBNU\git\ConstraintsRecovery\assets\tankwar\asset55,18,ExplodierenEffekt.malen,METHOD,C:\Users\JBNU\git\ConstraintsRecovery\assets\tankwar\asset55:IF:5-35,asset55,true,C:\Users\JBNU\git\ConstraintsRecovery\assets\tankwar\asset55,7,ExplodierenEffekt.init,FIELD,C:\Users\JBNU\git\ConstraintsRecovery\assets\tankwar\asset55:IF:5-35,asset55,true,FIELD_REFERENCE,init = true;,TankWar_P3|TankWar_P5,TankWar_P3|TankWar_P5
D1385,RC-0594,C:\Users\JBNU\git\ConstraintsRecovery\assets\tankwar\asset55,20,ExplodierenEffekt.malen,METHOD,C:\Users\JBNU\git\ConstraintsRecovery\assets\tankwar\asset55:IF:5-35,asset55,true,C:\Users\JBNU\git\ConstraintsRecovery\assets\tankwar\asset55,8,ExplodierenEffekt.live,FIELD,C:\Users\JBNU\git\ConstraintsRecovery\assets\tankwar\asset55:IF:5-35,asset55,true,FIELD_REFERENCE,if (!live) {,TankWar_P3|TankWar_P5,TankWar_P3|TankWar_P5
D1387,RC-0594,C:\Users\JBNU\git\ConstraintsRecovery\assets\tankwar\asset55,25,ExplodierenEffekt.malen,METHOD,C:\Users\JBNU\git\ConstraintsRecovery\assets\tankwar\asset55:IF:5-35,asset55,true,C:\Users\JBNU\git\ConstraintsRecovery\assets\tankwar\asset55,8,ExplodierenEffekt.live,FIELD,C:\Users\JBNU\git\ConstraintsRecovery\assets\tankwar\asset55:IF:5-35,asset55,true,FIELD_REFERENCE,live = false;,TankWar_P3|TankWar_P5,TankWar_P3|TankWar_P5
D1386,RC-0595,C:\Users\JBNU\git\ConstraintsRecovery\assets\tankwar\asset55,24,ExplodierenEffekt.malen,METHOD,C:\Users\JBNU\git\ConstraintsRecovery\assets\tankwar\asset55:IF:5-35,asset55,true,C:\Users\JBNU\git\ConstraintsRecovery\assets\tankwar\asset55,9,ExplodierenEffekt.step,FIELD,C:\Users\JBNU\git\ConstraintsRecovery\assets\tankwar\asset55:IF:5-35,asset55,true,FIELD_REFERENCE,if (step == 46) {,TankWar_P3|TankWar_P5,TankWar_P3|TankWar_P5
D1388,RC-0595,C:\Users\JBNU\git\ConstraintsRecovery\assets\tankwar\asset55,26,ExplodierenEffekt.malen,METHOD,C:\Users\JBNU\git\ConstraintsRecovery\assets\tankwar\asset55:IF:5-35,asset55,true,C:\Users\JBNU\git\ConstraintsRecovery\assets\tankwar\asset55,9,ExplodierenEffekt.step,FIELD,C:\Users\JBNU\git\ConstraintsRecovery\assets\tankwar\asset55:IF:5-35,asset55,true,FIELD_REFERENCE,step = 0;,TankWar_P3|TankWar_P5,TankWar_P3|TankWar_P5
D1389,RC-0595,C:\Users\JBNU\git\ConstraintsRecovery\assets\tankwar\asset55,29,ExplodierenEffekt.malen,METHOD,C:\Users\JBNU\git\ConstraintsRecovery\assets\tankwar\asset55:IF:5-35,asset55,true,C:\Users\JBNU\git\ConstraintsRecovery\assets\tankwar\asset55,9,ExplodierenEffekt.step,FIELD,C:\Users\JBNU\git\ConstraintsRecovery\assets\tankwar\asset55:IF:5-35,asset55,true,FIELD_REFERENCE,"tankManager.maler.drawImage(""explode"" + (step / 2 + 1) + "".png"", x_Koordinate - 2 * tankManager.koernigkeit2, y_Koordinate - 2 * tankManager.koernigkeit2);",TankWar_P3|TankWar_P5,TankWar_P3|TankWar_P5
D1392,RC-0595,C:\Users\JBNU\git\ConstraintsRecovery\assets\tankwar\asset55,32,ExplodierenEffekt.malen,METHOD,C:\Users\JBNU\git\ConstraintsRecovery\assets\tankwar\asset55:IF:5-35,asset55,true,C:\Users\JBNU\git\ConstraintsRecovery\assets\tankwar\asset55,9,ExplodierenEffekt.step,FIELD,C:\Users\JBNU\git\ConstraintsRecovery\assets\tankwar\asset55:IF:5-35,asset55,true,FIELD_REFERENCE,step++;,TankWar_P3|TankWar_P5,TankWar_P3|TankWar_P5
D1382,RC-0596,C:\Users\JBNU\git\ConstraintsRecovery\assets\tankwar\asset55,16,ExplodierenEffekt.malen,METHOD,C:\Users\JBNU\git\ConstraintsRecovery\assets\tankwar\asset55:IF:5-35,asset55,true,C:\Users\JBNU\git\ConstraintsRecovery\assets\tankwar\asset9,21,TankManager$$TankWar.koernigkeit2,FIELD,C:\Users\JBNU\git\ConstraintsRecovery\assets\tankwar\asset9:IF:8-248,asset9,true,FIELD_REFERENCE,"tankManager.maler.drawImage(""explode"" + (i + 1) + "".png"", x_Koordinate - 2 * tankManager.koernigkeit2, y_Koordinate - 2 * tankManager.koernigkeit2);",TankWar_P3|TankWar_P5,TankWar_P1|TankWar_P2|TankWar_P3|TankWar_P4|TankWar_P5
D1390,RC-0596,C:\Users\JBNU\git\ConstraintsRecovery\assets\tankwar\asset55,29,ExplodierenEffekt.malen,METHOD,C:\Users\JBNU\git\ConstraintsRecovery\assets\tankwar\asset55:IF:5-35,asset55,true,C:\Users\JBNU\git\ConstraintsRecovery\assets\tankwar\asset9,21,TankManager$$TankWar.koernigkeit2,FIELD,C:\Users\JBNU\git\ConstraintsRecovery\assets\tankwar\asset9:IF:8-248,asset9,true,FIELD_REFERENCE,"tankManager.maler.drawImage(""explode"" + (step / 2 + 1) + "".png"", x_Koordinate - 2 * tankManager.koernigkeit2, y_Koordinate - 2 * tankManager.koernigkeit2);",TankWar_P3|TankWar_P5,TankWar_P1|TankWar_P2|TankWar_P3|TankWar_P4|TankWar_P5
D1394,RC-0597,C:\Users\JBNU\git\ConstraintsRecovery\assets\tankwar\asset56,26,Maler$$Beschleunigung,CLASS,C:\Users\JBNU\git\ConstraintsRecovery\assets\tankwar\asset56:IF:5-34,asset56,true,C:\Users\JBNU\git\ConstraintsRecovery\assets\tankwar\asset2,29,Maler$$PC,CLASS,C:\Users\JBNU\git\ConstraintsRecovery\assets\tankwar\asset2:IF:8-332,asset2,true,EXTENDS,abstract class Maler$$Beschleunigung extends Maler$$PC {,TankWar_P2|TankWar_P3,TankWar_P1|TankWar_P2|TankWar_P3|TankWar_P4|TankWar_P5
D1395,RC-0598,C:\Users\JBNU\git\ConstraintsRecovery\assets\tankwar\asset56,32,Maler$$Beschleunigung.helpItemErstellen,METHOD,C:\Users\JBNU\git\ConstraintsRecovery\assets\tankwar\asset56:IF:5-34,asset56,true,C:\Users\JBNU\git\ConstraintsRecovery\assets\tankwar\asset2,117,Maler$$PC.loadImage,METHOD,C:\Users\JBNU\git\ConstraintsRecovery\assets\tankwar\asset2:IF:8-332,asset2,true,METHOD_CALL,"menu.add(Sprach.HelpItem, loadImage(""transparent.png"", 0, 0), loadImage(""beschleunigung.png"", 0, 0), 0);",TankWar_P2|TankWar_P3,TankWar_P1|TankWar_P2|TankWar_P3|TankWar_P4|TankWar_P5
D1396,RC-0599,C:\Users\JBNU\git\ConstraintsRecovery\assets\tankwar\asset57,18,Tool$$Energie.init,METHOD,C:\Users\JBNU\git\ConstraintsRecovery\assets\tankwar\asset57:IF:5-22,asset57,true,C:\Users\JBNU\git\ConstraintsRecovery\assets\tankwar\asset9,21,TankManager$$TankWar.koernigkeit,FIELD,C:\Users\JBNU\git\ConstraintsRecovery\assets\tankwar\asset9:IF:8-248,asset9,true,FIELD_REFERENCE,"super.init(tankManager, x_Koordinate * tankManager.koernigkeit2, y_Koordinate * tankManager.koernigkeit2, 255, 0, 0, tankManager.koernigkeit, tankManager.koernigkeit, toolType);",TankWar_P1|TankWar_P4,TankWar_P1|TankWar_P2|TankWar_P3|TankWar_P4|TankWar_P5
D1397,RC-0600,C:\Users\JBNU\git\ConstraintsRecovery\assets\tankwar\asset57,18,Tool$$Energie.init,METHOD,C:\Users\JBNU\git\ConstraintsRecovery\assets\tankwar\asset57:IF:5-22,asset57,true,C:\Users\JBNU\git\ConstraintsRecovery\assets\tankwar\asset9,21,TankManager$$TankWar.koernigkeit2,FIELD,C:\Users\JBNU\git\ConstraintsRecovery\assets\tankwar\asset9:IF:8-248,asset9,true,FIELD_REFERENCE,"super.init(tankManager, x_Koordinate * tankManager.koernigkeit2, y_Koordinate * tankManager.koernigkeit2, 255, 0, 0, tankManager.koernigkeit, tankManager.koernigkeit, toolType);",TankWar_P1|TankWar_P4,TankWar_P1|TankWar_P2|TankWar_P3|TankWar_P4|TankWar_P5
D1399,RC-0601,C:\Users\JBNU\git\ConstraintsRecovery\assets\tankwar\asset58,19,Tank$$explodieren.explodieren,METHOD,C:\Users\JBNU\git\ConstraintsRecovery\assets\tankwar\asset58:IF:5-21,asset58,true,C:\Users\JBNU\git\ConstraintsRecovery\assets\tankwar\asset54,16,TankManager$$explodieren.expEffekt,FIELD,C:\Users\JBNU\git\ConstraintsRecovery\assets\tankwar\asset54:IF:5-26,asset54,true,FIELD_REFERENCE,"tankManager.expEffekt.addElement(new ExplodierenEffekt(tankManager, x_Koordinate, y_Koordinate));",TankWar_P3|TankWar_P5,TankWar_P3|TankWar_P5
D1398,RC-0602,C:\Users\JBNU\git\ConstraintsRecovery\assets\tankwar\asset58,19,Tank$$explodieren.explodieren,METHOD,C:\Users\JBNU\git\ConstraintsRecovery\assets\tankwar\asset58:IF:5-21,asset58,true,C:\Users\JBNU\git\ConstraintsRecovery\assets\tankwar\asset55,10,ExplodierenEffekt.ExplodierenEffekt,CONSTRUCTOR,C:\Users\JBNU\git\ConstraintsRecovery\assets\tankwar\asset55:IF:5-35,asset55,true,CONSTRUCTOR_CALL,"tankManager.expEffekt.addElement(new ExplodierenEffekt(tankManager, x_Koordinate, y_Koordinate));",TankWar_P3|TankWar_P5,TankWar_P3|TankWar_P5
D1400,RC-0603,C:\Users\JBNU\git\ConstraintsRecovery\assets\tankwar\asset59,14,TankManager$$Beschleunigung,CLASS,C:\Users\JBNU\git\ConstraintsRecovery\assets\tankwar\asset59:IF:5-22,asset59,true,C:\Users\JBNU\git\ConstraintsRecovery\assets\tankwar\asset3,17,TankManager$$Tools,CLASS,C:\Users\JBNU\git\ConstraintsRecovery\assets\tankwar\asset3:IF:8-44,asset3,true,EXTENDS,abstract class TankManager$$Beschleunigung extends TankManager$$Tools {,TankWar_P2|TankWar_P3,TankWar_P1|TankWar_P2|TankWar_P3|TankWar_P4|TankWar_P5
D1401,RC-0604,C:\Users\JBNU\git\ConstraintsRecovery\assets\tankwar\asset59,19,TankManager$$Beschleunigung.toolsLaden,METHOD,C:\Users\JBNU\git\ConstraintsRecovery\assets\tankwar\asset59:IF:5-22,asset59,true,C:\Users\JBNU\git\ConstraintsRecovery\assets\tankwar\asset3,30,TankManager$$Tools.toolInit,METHOD,C:\Users\JBNU\git\ConstraintsRecovery\assets\tankwar\asset3:IF:8-44,asset3,true,METHOD_CALL,toolInit(370);,TankWar_P2|TankWar_P3,TankWar_P1|TankWar_P2|TankWar_P3|TankWar_P4|TankWar_P5
D1406,RC-0605,C:\Users\JBNU\git\ConstraintsRecovery\assets\tankwar\asset5,19,Wall.malen,METHOD,C:\Users\JBNU\git\ConstraintsRecovery\assets\tankwar\asset5:IF:8-22,asset5,true,C:\Users\JBNU\git\ConstraintsRecovery\assets\tankwar\asset13,39,Maler$$fuer_PC.drawImage,METHOD,C:\Users\JBNU\git\ConstraintsRecovery\assets\tankwar\asset13:IF:8-358,asset13,true,METHOD_CALL,"tankManager.maler.drawImage(wallTypeImage + "".png"", x, y);",TankWar_P1|TankWar_P2|TankWar_P3|TankWar_P4|TankWar_P5,TankWar_P1|TankWar_P2|TankWar_P3|TankWar_P4|TankWar_P5
D1405,RC-0606,C:\Users\JBNU\git\ConstraintsRecovery\assets\tankwar\asset5,18,Wall.malen,METHOD,C:\Users\JBNU\git\ConstraintsRecovery\assets\tankwar\asset5:IF:8-22,asset5,true,C:\Users\JBNU\git\ConstraintsRecovery\assets\tankwar\asset22,14,GameObject.objectType,FIELD,C:\Users\JBNU\git\ConstraintsRecovery\assets\tankwar\asset22:IF:8-80,asset22,true,FIELD_REFERENCE,int wallTypeImage = ((GameObject) wallTeile.elementAt(i)).objectType;,TankWar_P1|TankWar_P2|TankWar_P3|TankWar_P4|TankWar_P5,TankWar_P1|TankWar_P2|TankWar_P3|TankWar_P4|TankWar_P5
D1403,RC-0607,C:\Users\JBNU\git\ConstraintsRecovery\assets\tankwar\asset5,16,Wall.malen,METHOD,C:\Users\JBNU\git\ConstraintsRecovery\assets\tankwar\asset5:IF:8-22,asset5,true,C:\Users\JBNU\git\ConstraintsRecovery\assets\tankwar\asset22,12,GameObject.x_Koordinate,FIELD,C:\Users\JBNU\git\ConstraintsRecovery\assets\tankwar\asset22:IF:8-80,asset22,true,FIELD_REFERENCE,int x = ((GameObject) wallTeile.elementAt(i)).x_Koordinate;,TankWar_P1|TankWar_P2|TankWar_P3|TankWar_P4|TankWar_P5,TankWar_P1|TankWar_P2|TankWar_P3|TankWar_P4|TankWar_P5
D1404,RC-0608,C:\Users\JBNU\git\ConstraintsRecovery\assets\tankwar\asset5,17,Wall.malen,METHOD,C:\Users\JBNU\git\ConstraintsRecovery\assets\tankwar\asset5:IF:8-22,asset5,true,C:\Users\JBNU\git\ConstraintsRecovery\assets\tankwar\asset22,12,GameObject.y_Koordinate,FIELD,C:\Users\JBNU\git\ConstraintsRecovery\assets\tankwar\asset22:IF:8-80,asset22,true,FIELD_REFERENCE,int y = ((GameObject) wallTeile.elementAt(i)).y_Koordinate;,TankWar_P1|TankWar_P2|TankWar_P3|TankWar_P4|TankWar_P5,TankWar_P1|TankWar_P2|TankWar_P3|TankWar_P4|TankWar_P5
D1402,RC-0609,C:\Users\JBNU\git\ConstraintsRecovery\assets\tankwar\asset5,10,Wall,CLASS,C:\Users\JBNU\git\ConstraintsRecovery\assets\tankwar\asset5:IF:8-22,asset5,true,C:\Users\JBNU\git\ConstraintsRecovery\assets\tankwar\asset7,10,Wall$$TankWar,CLASS,C:\Users\JBNU\git\ConstraintsRecovery\assets\tankwar\asset7:IF:8-62,asset7,true,EXTENDS,public class Wall extends Wall$$TankWar {,TankWar_P1|TankWar_P2|TankWar_P3|TankWar_P4|TankWar_P5,TankWar_P1|TankWar_P2|TankWar_P3|TankWar_P4|TankWar_P5
D1409,RC-0610,C:\Users\JBNU\git\ConstraintsRecovery\assets\tankwar\asset60,6,Tool$$Beschleunigung,CLASS,C:\Users\JBNU\git\ConstraintsRecovery\assets\tankwar\asset60:IF:5-18,asset60,true,C:\Users\JBNU\git\ConstraintsRecovery\assets\tankwar\asset19,9,Tool$$Tools,CLASS,C:\Users\JBNU\git\ConstraintsRecovery\assets\tankwar\asset19:IF:8-51,asset19,true,EXTENDS,abstract class Tool$$Beschleunigung extends Tool$$Tools {,TankWar_P2|TankWar_P3,TankWar_P1|TankWar_P2|TankWar_P3|TankWar_P4|TankWar_P5
D1407,RC-0611,C:\Users\JBNU\git\ConstraintsRecovery\assets\tankwar\asset60,14,Tool$$Beschleunigung.init,METHOD,C:\Users\JBNU\git\ConstraintsRecovery\assets\tankwar\asset60:IF:5-18,asset60,true,C:\Users\JBNU\git\ConstraintsRecovery\assets\tankwar\asset9,21,TankManager$$TankWar.koernigkeit,FIELD,C:\Users\JBNU\git\ConstraintsRecovery\assets\tankwar\asset9:IF:8-248,asset9,true,FIELD_REFERENCE,"super.init(tankManager, x_Koordinate * tankManager.koernigkeit2, y_Koordinate * tankManager.koernigkeit2, 30, 144, 255, tankManager.koernigkeit, tankManager.koernigkeit, toolType);",TankWar_P2|TankWar_P3,TankWar_P1|TankWar_P2|TankWar_P3|TankWar_P4|TankWar_P5
D1408,RC-0612,C:\Users\JBNU\git\ConstraintsRecovery\assets\tankwar\asset60,14,Tool$$Beschleunigung.init,METHOD,C:\Users\JBNU\git\ConstraintsRecovery\assets\tankwar\asset60:IF:5-18,asset60,true,C:\Users\JBNU\git\ConstraintsRecovery\assets\tankwar\asset9,21,TankManager$$TankWar.koernigkeit2,FIELD,C:\Users\JBNU\git\ConstraintsRecovery\assets\tankwar\asset9:IF:8-248,asset9,true,FIELD_REFERENCE,"super.init(tankManager, x_Koordinate * tankManager.koernigkeit2, y_Koordinate * tankManager.koernigkeit2, 30, 144, 255, tankManager.koernigkeit, tankManager.koernigkeit, toolType);",TankWar_P2|TankWar_P3,TankWar_P1|TankWar_P2|TankWar_P3|TankWar_P4|TankWar_P5
D1410,RC-0613,C:\Users\JBNU\git\ConstraintsRecovery\assets\tankwar\asset61,25,Maler$$Germany_Leopard,CLASS,C:\Users\JBNU\git\ConstraintsRecovery\assets\tankwar\asset61:IF:23-25,asset61,false,C:\Users\JBNU\git\ConstraintsRecovery\assets\tankwar\asset23,26,Maler$$Re_fuer_PC,CLASS,C:\Users\JBNU\git\ConstraintsRecovery\assets\tankwar\asset23:IF:7-99,asset23,true,EXTENDS,abstract class Maler$$Germany_Leopard extends Maler$$Re_fuer_PC {,TankWar_P3,TankWar_P1|TankWar_P3|TankWar_P4|TankWar_P5
D1411,RC-0614,C:\Users\JBNU\git\ConstraintsRecovery\assets\tankwar\asset61,37,Maler$$Germany_Leopard.tankErstellen,METHOD,C:\Users\JBNU\git\ConstraintsRecovery\assets\tankwar\asset61:IF:5-39,asset61,true,C:\Users\JBNU\git\ConstraintsRecovery\assets\tankwar\asset2,117,Maler$$PC.loadImage,METHOD,C:\Users\JBNU\git\ConstraintsRecovery\assets\tankwar\asset2:IF:8-332,asset2,true,METHOD_CALL,"menu.add(Sprach.TANKB, loadImage(""choice22.png"", x, y), loadImage(""choice02.png"", x, y), 2);",TankWar_P2|TankWar_P3,TankWar_P1|TankWar_P2|TankWar_P3|TankWar_P4|TankWar_P5
D1412,RC-0615,C:\Users\JBNU\git\ConstraintsRecovery\assets\tankwar\asset62,34,Maler$$Energie.helpItemErstellen,METHOD,C:\Users\JBNU\git\ConstraintsRecovery\assets\tankwar\asset62:IF:5-36,asset62,true,C:\Users\JBNU\git\ConstraintsRecovery\assets\tankwar\asset2,117,Maler$$PC.loadImage,METHOD,C:\Users\JBNU\git\ConstraintsRecovery\assets\tankwar\asset2:IF:8-332,asset2,true,METHOD_CALL,"menu.add(Sprach.HelpItem, loadImage(""transparent.png"", 0, 0), loadImage(""energie.png"", 0, 0), 0);",TankWar_P1|TankWar_P4,TankWar_P1|TankWar_P2|TankWar_P3|TankWar_P4|TankWar_P5
D1413,RC-0616,C:\Users\JBNU\git\ConstraintsRecovery\assets\tankwar\asset63,6,ExplodierenEffekt$$TankWar,CLASS,C:\Users\JBNU\git\ConstraintsRecovery\assets\tankwar\asset63:IF:5-7,asset63,true,C:\Users\JBNU\git\ConstraintsRecovery\assets\tankwar\asset22,10,GameObject,CLASS,C:\Users\JBNU\git\ConstraintsRecovery\assets\tankwar\asset22:IF:8-80,asset22,true,EXTENDS,abstract class ExplodierenEffekt$$TankWar extends GameObject {,TankWar_P3|TankWar_P5,TankWar_P1|TankWar_P2|TankWar_P3|TankWar_P4|TankWar_P5
D1416,RC-0617,C:\Users\JBNU\git\ConstraintsRecovery\assets\tankwar\asset64,9,Missile$$explodieren,CLASS,C:\Users\JBNU\git\ConstraintsRecovery\assets\tankwar\asset64:IF:5-17,asset64,true,C:\Users\JBNU\git\ConstraintsRecovery\assets\tankwar\asset1,12,Missile$$TankWar,CLASS,C:\Users\JBNU\git\ConstraintsRecovery\assets\tankwar\asset1:IF:8-128,asset1,true,EXTENDS,abstract class Missile$$explodieren extends Missile$$TankWar {,TankWar_P3|TankWar_P5,TankWar_P1|TankWar_P2|TankWar_P3|TankWar_P4|TankWar_P5
D1415,RC-0618,C:\Users\JBNU\git\ConstraintsRecovery\assets\tankwar\asset64,15,Missile$$explodieren.explodieren,METHOD,C:\Users\JBNU\git\ConstraintsRecovery\assets\tankwar\asset64:IF:5-17,asset64,true,C:\Users\JBNU\git\ConstraintsRecovery\assets\tankwar\asset54,16,TankManager$$explodieren.expEffekt,FIELD,C:\Users\JBNU\git\ConstraintsRecovery\assets\tankwar\asset54:IF:5-26,asset54,true,FIELD_REFERENCE,"tankManager.expEffekt.addElement(new ExplodierenEffekt(tankManager, x_Koordinate, y_Koordinate));",TankWar_P3|TankWar_P5,TankWar_P3|TankWar_P5
D1414,RC-0619,C:\Users\JBNU\git\ConstraintsRecovery\assets\tankwar\asset64,15,Missile$$explodieren.explodieren,METHOD,C:\Users\JBNU\git\ConstraintsRecovery\assets\tankwar\asset64:IF:5-17,asset64,true,C:\Users\JBNU\git\ConstraintsRecovery\assets\tankwar\asset55,10,ExplodierenEffekt.ExplodierenEffekt,CONSTRUCTOR,C:\Users\JBNU\git\ConstraintsRecovery\assets\tankwar\asset55:IF:5-35,asset55,true,CONSTRUCTOR_CALL,"tankManager.expEffekt.addElement(new ExplodierenEffekt(tankManager, x_Koordinate, y_Koordinate));",TankWar_P3|TankWar_P5,TankWar_P3|TankWar_P5
D1417,RC-0620,C:\Users\JBNU\git\ConstraintsRecovery\assets\tankwar\asset65,16,Tank.tankFeindKI,METHOD,C:\Users\JBNU\git\ConstraintsRecovery\assets\tankwar\asset65:IF:4-59,asset65,true,C:\Users\JBNU\git\ConstraintsRecovery\assets\tankwar\asset14,230,Tank$$TankWar.feuern,METHOD,C:\Users\JBNU\git\ConstraintsRecovery\assets\tankwar\asset14:IF:8-384,asset14,true,METHOD_CALL,feuern();,TankWar_P3,TankWar_P1|TankWar_P2|TankWar_P3|TankWar_P4|TankWar_P5
D1419,RC-0621,C:\Users\JBNU\git\ConstraintsRecovery\assets\tankwar\asset65,21,Tank.tankFeindKI,METHOD,C:\Users\JBNU\git\ConstraintsRecovery\assets\tankwar\asset65:IF:4-59,asset65,true,C:\Users\JBNU\git\ConstraintsRecovery\assets\tankwar\asset22,12,GameObject.x_Koordinate,FIELD,C:\Users\JBNU\git\ConstraintsRecovery\assets\tankwar\asset22:IF:8-80,asset22,true,FIELD_REFERENCE,int px = tankManager.tank1.x_Koordinate;,TankWar_P3,TankWar_P1|TankWar_P2|TankWar_P3|TankWar_P4|TankWar_P5
D1421,RC-0622,C:\Users\JBNU\git\ConstraintsRecovery\assets\tankwar\asset65,22,Tank.tankFeindKI,METHOD,C:\Users\JBNU\git\ConstraintsRecovery\assets\tankwar\asset65:IF:4-59,asset65,true,C:\Users\JBNU\git\ConstraintsRecovery\assets\tankwar\asset22,12,GameObject.y_Koordinate,FIELD,C:\Users\JBNU\git\ConstraintsRecovery\assets\tankwar\asset22:IF:8-80,asset22,true,FIELD_REFERENCE,int py = tankManager.tank1.y_Koordinate;,TankWar_P3,TankWar_P1|TankWar_P2|TankWar_P3|TankWar_P4|TankWar_P5
D1418,RC-0623,C:\Users\JBNU\git\ConstraintsRecovery\assets\tankwar\asset65,20,Tank.tankFeindKI,METHOD,C:\Users\JBNU\git\ConstraintsRecovery\assets\tankwar\asset65:IF:4-59,asset65,true,C:\Users\JBNU\git\ConstraintsRecovery\assets\tankwar\asset9,23,TankManager$$TankWar.tank1,FIELD,C:\Users\JBNU\git\ConstraintsRecovery\assets\tankwar\asset9:IF:8-248,asset9,true,FIELD_REFERENCE,if (tankManager.tank1 != null) {,TankWar_P3,TankWar_P1|TankWar_P2|TankWar_P3|TankWar_P4|TankWar_P5
D1420,RC-0623,C:\Users\JBNU\git\ConstraintsRecovery\assets\tankwar\asset65,21,Tank.tankFeindKI,METHOD,C:\Users\JBNU\git\ConstraintsRecovery\assets\tankwar\asset65:IF:4-59,asset65,true,C:\Users\JBNU\git\ConstraintsRecovery\assets\tankwar\asset9,23,TankManager$$TankWar.tank1,FIELD,C:\Users\JBNU\git\ConstraintsRecovery\assets\tankwar\asset9:IF:8-248,asset9,true,FIELD_REFERENCE,int px = tankManager.tank1.x_Koordinate;,TankWar_P3,TankWar_P1|TankWar_P2|TankWar_P3|TankWar_P4|TankWar_P5
D1422,RC-0623,C:\Users\JBNU\git\ConstraintsRecovery\assets\tankwar\asset65,22,Tank.tankFeindKI,METHOD,C:\Users\JBNU\git\ConstraintsRecovery\assets\tankwar\asset65:IF:4-59,asset65,true,C:\Users\JBNU\git\ConstraintsRecovery\assets\tankwar\asset9,23,TankManager$$TankWar.tank1,FIELD,C:\Users\JBNU\git\ConstraintsRecovery\assets\tankwar\asset9:IF:8-248,asset9,true,FIELD_REFERENCE,int py = tankManager.tank1.y_Koordinate;,TankWar_P3,TankWar_P1|TankWar_P2|TankWar_P3|TankWar_P4|TankWar_P5
D1423,RC-0624,C:\Users\JBNU\git\ConstraintsRecovery\assets\tankwar\asset68,14,Missile.init,METHOD,C:\Users\JBNU\git\ConstraintsRecovery\assets\tankwar\asset68:IF:4-20,asset68,true,C:\Users\JBNU\git\ConstraintsRecovery\assets\tankwar\asset47,12,SoundPlayer.getInstance,METHOD,C:\Users\JBNU\git\ConstraintsRecovery\assets\tankwar\asset47:IF:6-53,asset47,true,METHOD_CALL,SoundPlayer.getInstance().playFireSound();,TankWar_P4,TankWar_P2|TankWar_P3|TankWar_P4
D1424,RC-0625,C:\Users\JBNU\git\ConstraintsRecovery\assets\tankwar\asset68,14,Missile.init,METHOD,C:\Users\JBNU\git\ConstraintsRecovery\assets\tankwar\asset68:IF:4-20,asset68,true,C:\Users\JBNU\git\ConstraintsRecovery\assets\tankwar\asset47,22,SoundPlayer.playFireSound,METHOD,C:\Users\JBNU\git\ConstraintsRecovery\assets\tankwar\asset47:IF:6-53,asset47,true,METHOD_CALL,SoundPlayer.getInstance().playFireSound();,TankWar_P4,TankWar_P2|TankWar_P3|TankWar_P4
D1425,RC-0626,C:\Users\JBNU\git\ConstraintsRecovery\assets\tankwar\asset69,16,Tank.tankFeindKI,METHOD,C:\Users\JBNU\git\ConstraintsRecovery\assets\tankwar\asset69:IF:4-59,asset69,true,C:\Users\JBNU\git\ConstraintsRecovery\assets\tankwar\asset14,230,Tank$$TankWar.feuern,METHOD,C:\Users\JBNU\git\ConstraintsRecovery\assets\tankwar\asset14:IF:8-384,asset14,true,METHOD_CALL,feuern();,TankWar_P4,TankWar_P1|TankWar_P2|TankWar_P3|TankWar_P4|TankWar_P5
D1427,RC-0627,C:\Users\JBNU\git\ConstraintsRecovery\assets\tankwar\asset69,21,Tank.tankFeindKI,METHOD,C:\Users\JBNU\git\ConstraintsRecovery\assets\tankwar\asset69:IF:4-59,asset69,true,C:\Users\JBNU\git\ConstraintsRecovery\assets\tankwar\asset22,12,GameObject.x_Koordinate,FIELD,C:\Users\JBNU\git\ConstraintsRecovery\assets\tankwar\asset22:IF:8-80,asset22,true,FIELD_REFERENCE,int px = tankManager.tank1.x_Koordinate;,TankWar_P4,TankWar_P1|TankWar_P2|TankWar_P3|TankWar_P4|TankWar_P5
D1429,RC-0628,C:\Users\JBNU\git\ConstraintsRecovery\assets\tankwar\asset69,22,Tank.tankFeindKI,METHOD,C:\Users\JBNU\git\ConstraintsRecovery\assets\tankwar\asset69:IF:4-59,asset69,true,C:\Users\JBNU\git\ConstraintsRecovery\assets\tankwar\asset22,12,GameObject.y_Koordinate,FIELD,C:\Users\JBNU\git\ConstraintsRecovery\assets\tankwar\asset22:IF:8-80,asset22,true,FIELD_REFERENCE,int py = tankManager.tank1.y_Koordinate;,TankWar_P4,TankWar_P1|TankWar_P2|TankWar_P3|TankWar_P4|TankWar_P5
D1426,RC-0629,C:\Users\JBNU\git\ConstraintsRecovery\assets\tankwar\asset69,20,Tank.tankFeindKI,METHOD,C:\Users\JBNU\git\ConstraintsRecovery\assets\tankwar\asset69:IF:4-59,asset69,true,C:\Users\JBNU\git\ConstraintsRecovery\assets\tankwar\asset9,23,TankManager$$TankWar.tank1,FIELD,C:\Users\JBNU\git\ConstraintsRecovery\assets\tankwar\asset9:IF:8-248,asset9,true,FIELD_REFERENCE,if (tankManager.tank1 != null) {,TankWar_P4,TankWar_P1|TankWar_P2|TankWar_P3|TankWar_P4|TankWar_P5
D1428,RC-0629,C:\Users\JBNU\git\ConstraintsRecovery\assets\tankwar\asset69,21,Tank.tankFeindKI,METHOD,C:\Users\JBNU\git\ConstraintsRecovery\assets\tankwar\asset69:IF:4-59,asset69,true,C:\Users\JBNU\git\ConstraintsRecovery\assets\tankwar\asset9,23,TankManager$$TankWar.tank1,FIELD,C:\Users\JBNU\git\ConstraintsRecovery\assets\tankwar\asset9:IF:8-248,asset9,true,FIELD_REFERENCE,int px = tankManager.tank1.x_Koordinate;,TankWar_P4,TankWar_P1|TankWar_P2|TankWar_P3|TankWar_P4|TankWar_P5
D1430,RC-0629,C:\Users\JBNU\git\ConstraintsRecovery\assets\tankwar\asset69,22,Tank.tankFeindKI,METHOD,C:\Users\JBNU\git\ConstraintsRecovery\assets\tankwar\asset69:IF:4-59,asset69,true,C:\Users\JBNU\git\ConstraintsRecovery\assets\tankwar\asset9,23,TankManager$$TankWar.tank1,FIELD,C:\Users\JBNU\git\ConstraintsRecovery\assets\tankwar\asset9:IF:8-248,asset9,true,FIELD_REFERENCE,int py = tankManager.tank1.y_Koordinate;,TankWar_P4,TankWar_P1|TankWar_P2|TankWar_P3|TankWar_P4|TankWar_P5
D1431,RC-0630,C:\Users\JBNU\git\ConstraintsRecovery\assets\tankwar\asset6,36,Maler,CLASS,C:\Users\JBNU\git\ConstraintsRecovery\assets\tankwar\asset6:ELIF:34-36,asset6,false,C:\Users\JBNU\git\ConstraintsRecovery\assets\tankwar\asset23,26,Maler$$Re_fuer_PC,CLASS,C:\Users\JBNU\git\ConstraintsRecovery\assets\tankwar\asset23:IF:7-99,asset23,true,EXTENDS,public class Maler extends Maler$$Re_fuer_PC {,TankWar_P4|TankWar_P5,TankWar_P1|TankWar_P3|TankWar_P4|TankWar_P5
D1433,RC-0631,C:\Users\JBNU\git\ConstraintsRecovery\assets\tankwar\asset6,49,Maler.tankErstellen,METHOD,C:\Users\JBNU\git\ConstraintsRecovery\assets\tankwar\asset6:ELIF:48-49,asset6,false,C:\Users\JBNU\git\ConstraintsRecovery\assets\tankwar\asset2,117,Maler$$PC.loadImage,METHOD,C:\Users\JBNU\git\ConstraintsRecovery\assets\tankwar\asset2:IF:8-332,asset2,true,METHOD_CALL,"menu.add(Sprach.TANKA, loadImage(""choice11.png"", x, y), loadImage(""choice01.png"", x, y), 0);",TankWar_P1|TankWar_P2|TankWar_P3|TankWar_P5,TankWar_P1|TankWar_P2|TankWar_P3|TankWar_P4|TankWar_P5
D1432,RC-0632,C:\Users\JBNU\git\ConstraintsRecovery\assets\tankwar\asset6,47,Maler.tankErstellen,METHOD,C:\Users\JBNU\git\ConstraintsRecovery\assets\tankwar\asset6:IF:46-47,asset6,false,C:\Users\JBNU\git\ConstraintsRecovery\assets\tankwar\asset2,117,Maler$$PC.loadImage,METHOD,C:\Users\JBNU\git\ConstraintsRecovery\assets\tankwar\asset2:IF:8-332,asset2,true,METHOD_CALL,"menu.add(Sprach.TANKB, loadImage(""choice22.png"", x, y), loadImage(""choice02.png"", x, y), 2);",TankWar_P4,TankWar_P1|TankWar_P2|TankWar_P3|TankWar_P4|TankWar_P5
D1435,RC-0633,C:\Users\JBNU\git\ConstraintsRecovery\assets\tankwar\asset70,18,TankManager.aktualisieren,METHOD,C:\Users\JBNU\git\ConstraintsRecovery\assets\tankwar\asset70:IF:4-29,asset70,true,C:\Users\JBNU\git\ConstraintsRecovery\assets\tankwar\asset47,12,SoundPlayer.getInstance,METHOD,C:\Users\JBNU\git\ConstraintsRecovery\assets\tankwar\asset47:IF:6-53,asset47,true,METHOD_CALL,SoundPlayer.getInstance().playBgSound();,TankWar_P2,TankWar_P2|TankWar_P3|TankWar_P4
D1439,RC-0633,C:\Users\JBNU\git\ConstraintsRecovery\assets\tankwar\asset70,25,TankManager.aktualisieren,METHOD,C:\Users\JBNU\git\ConstraintsRecovery\assets\tankwar\asset70:IF:4-29,asset70,true,C:\Users\JBNU\git\ConstraintsRecovery\assets\tankwar\asset47,12,SoundPlayer.getInstance,METHOD,C:\Users\JBNU\git\ConstraintsRecovery\assets\tankwar\asset47:IF:6-53,asset47,true,METHOD_CALL,SoundPlayer.getInstance().stopSound();,TankWar_P2,TankWar_P2|TankWar_P3|TankWar_P4
D1436,RC-0634,C:\Users\JBNU\git\ConstraintsRecovery\assets\tankwar\asset70,18,TankManager.aktualisieren,METHOD,C:\Users\JBNU\git\ConstraintsRecovery\assets\tankwar\asset70:IF:4-29,asset70,true,C:\Users\JBNU\git\ConstraintsRecovery\assets\tankwar\asset47,18,SoundPlayer.playBgSound,METHOD,C:\Users\JBNU\git\ConstraintsRecovery\assets\tankwar\asset47:IF:6-53,asset47,true,METHOD_CALL,SoundPlayer.getInstance().playBgSound();,TankWar_P2,TankWar_P2|TankWar_P3|TankWar_P4
D1440,RC-0635,C:\Users\JBNU\git\ConstraintsRecovery\assets\tankwar\asset70,25,TankManager.aktualisieren,METHOD,C:\Users\JBNU\git\ConstraintsRecovery\assets\tankwar\asset70:IF:4-29,asset70,true,C:\Users\JBNU\git\ConstraintsRecovery\assets\tankwar\asset47,50,SoundPlayer.stopSound,METHOD,C:\Users\JBNU\git\ConstraintsRecovery\assets\tankwar\asset47:IF:6-53,asset47,true,METHOD_CALL,SoundPlayer.getInstance().stopSound();,TankWar_P2,TankWar_P2|TankWar_P3|TankWar_P4
D1434,RC-0636,C:\Users\JBNU\git\ConstraintsRecovery\assets\tankwar\asset70,16,TankManager.aktualisieren,METHOD,C:\Users\JBNU\git\ConstraintsRecovery\assets\tankwar\asset70:IF:4-29,asset70,true,C:\Users\JBNU\git\ConstraintsRecovery\assets\tankwar\asset70,9,TankManager.sound,FIELD,C:\Users\JBNU\git\ConstraintsRecovery\assets\tankwar\asset70:IF:4-29,asset70,true,FIELD_REFERENCE,if (!sound) {,TankWar_P2,TankWar_P2
D1437,RC-0636,C:\Users\JBNU\git\ConstraintsRecovery\assets\tankwar\asset70,19,TankManager.aktualisieren,METHOD,C:\Users\JBNU\git\ConstraintsRecovery\assets\tankwar\asset70:IF:4-29,asset70,true,C:\Users\JBNU\git\ConstraintsRecovery\assets\tankwar\asset70,9,TankManager.sound,FIELD,C:\Users\JBNU\git\ConstraintsRecovery\assets\tankwar\asset70:IF:4-29,asset70,true,FIELD_REFERENCE,sound = true;,TankWar_P2,TankWar_P2
D1438,RC-0636,C:\Users\JBNU\git\ConstraintsRecovery\assets\tankwar\asset70,24,TankManager.aktualisieren,METHOD,C:\Users\JBNU\git\ConstraintsRecovery\assets\tankwar\asset70:IF:4-29,asset70,true,C:\Users\JBNU\git\ConstraintsRecovery\assets\tankwar\asset70,9,TankManager.sound,FIELD,C:\Users\JBNU\git\ConstraintsRecovery\assets\tankwar\asset70:IF:4-29,asset70,true,FIELD_REFERENCE,} else if (sound == true) {,TankWar_P2,TankWar_P2
D1441,RC-0636,C:\Users\JBNU\git\ConstraintsRecovery\assets\tankwar\asset70,26,TankManager.aktualisieren,METHOD,C:\Users\JBNU\git\ConstraintsRecovery\assets\tankwar\asset70:IF:4-29,asset70,true,C:\Users\JBNU\git\ConstraintsRecovery\assets\tankwar\asset70,9,TankManager.sound,FIELD,C:\Users\JBNU\git\ConstraintsRecovery\assets\tankwar\asset70:IF:4-29,asset70,true,FIELD_REFERENCE,sound = false;,TankWar_P2,TankWar_P2
D1442,RC-0637,C:\Users\JBNU\git\ConstraintsRecovery\assets\tankwar\asset71,16,Tank.tankFeindKI,METHOD,C:\Users\JBNU\git\ConstraintsRecovery\assets\tankwar\asset71:IF:4-26,asset71,true,C:\Users\JBNU\git\ConstraintsRecovery\assets\tankwar\asset14,230,Tank$$TankWar.feuern,METHOD,C:\Users\JBNU\git\ConstraintsRecovery\assets\tankwar\asset14:IF:8-384,asset14,true,METHOD_CALL,feuern();,TankWar_P2,TankWar_P1|TankWar_P2|TankWar_P3|TankWar_P4|TankWar_P5
D1443,RC-0638,C:\Users\JBNU\git\ConstraintsRecovery\assets\tankwar\asset72,15,Tank.tankFeindKI,METHOD,C:\Users\JBNU\git\ConstraintsRecovery\assets\tankwar\asset72:IF:4-25,asset72,true,C:\Users\JBNU\git\ConstraintsRecovery\assets\tankwar\asset14,230,Tank$$TankWar.feuern,METHOD,C:\Users\JBNU\git\ConstraintsRecovery\assets\tankwar\asset14:IF:8-384,asset14,true,METHOD_CALL,feuern();,TankWar_P1,TankWar_P1|TankWar_P2|TankWar_P3|TankWar_P4|TankWar_P5
D1444,RC-0639,C:\Users\JBNU\git\ConstraintsRecovery\assets\tankwar\asset72,7,Tank,CLASS,C:\Users\JBNU\git\ConstraintsRecovery\assets\tankwar\asset72:IF:4-25,asset72,true,C:\Users\JBNU\git\ConstraintsRecovery\assets\tankwar\asset26,13,Tank$$Record,CLASS,C:\Users\JBNU\git\ConstraintsRecovery\assets\tankwar\asset26:IF:7-21,asset26,true,EXTENDS,public class Tank extends Tank$$Record {,TankWar_P1,TankWar_P1|TankWar_P3|TankWar_P4|TankWar_P5
D1445,RC-0640,C:\Users\JBNU\git\ConstraintsRecovery\assets\tankwar\asset75,14,Missile.init,METHOD,C:\Users\JBNU\git\ConstraintsRecovery\assets\tankwar\asset75:IF:4-20,asset75,true,C:\Users\JBNU\git\ConstraintsRecovery\assets\tankwar\asset47,12,SoundPlayer.getInstance,METHOD,C:\Users\JBNU\git\ConstraintsRecovery\assets\tankwar\asset47:IF:6-53,asset47,true,METHOD_CALL,SoundPlayer.getInstance().playFireSound();,TankWar_P3,TankWar_P2|TankWar_P3|TankWar_P4
D1446,RC-0641,C:\Users\JBNU\git\ConstraintsRecovery\assets\tankwar\asset75,14,Missile.init,METHOD,C:\Users\JBNU\git\ConstraintsRecovery\assets\tankwar\asset75:IF:4-20,asset75,true,C:\Users\JBNU\git\ConstraintsRecovery\assets\tankwar\asset47,22,SoundPlayer.playFireSound,METHOD,C:\Users\JBNU\git\ConstraintsRecovery\assets\tankwar\asset47:IF:6-53,asset47,true,METHOD_CALL,SoundPlayer.getInstance().playFireSound();,TankWar_P3,TankWar_P2|TankWar_P3|TankWar_P4
D1447,RC-0642,C:\Users\JBNU\git\ConstraintsRecovery\assets\tankwar\asset76,15,Tank.tankFeindKI,METHOD,C:\Users\JBNU\git\ConstraintsRecovery\assets\tankwar\asset76:IF:4-25,asset76,true,C:\Users\JBNU\git\ConstraintsRecovery\assets\tankwar\asset14,230,Tank$$TankWar.feuern,METHOD,C:\Users\JBNU\git\ConstraintsRecovery\assets\tankwar\asset14:IF:8-384,asset14,true,METHOD_CALL,feuern();,TankWar_P5,TankWar_P1|TankWar_P2|TankWar_P3|TankWar_P4|TankWar_P5
D1448,RC-0643,C:\Users\JBNU\git\ConstraintsRecovery\assets\tankwar\asset76,7,Tank,CLASS,C:\Users\JBNU\git\ConstraintsRecovery\assets\tankwar\asset76:IF:4-25,asset76,true,C:\Users\JBNU\git\ConstraintsRecovery\assets\tankwar\asset26,13,Tank$$Record,CLASS,C:\Users\JBNU\git\ConstraintsRecovery\assets\tankwar\asset26:IF:7-21,asset26,true,EXTENDS,public class Tank extends Tank$$Record {,TankWar_P5,TankWar_P1|TankWar_P3|TankWar_P4|TankWar_P5
D1449,RC-0644,C:\Users\JBNU\git\ConstraintsRecovery\assets\tankwar\asset78,14,Missile.init,METHOD,C:\Users\JBNU\git\ConstraintsRecovery\assets\tankwar\asset78:IF:4-20,asset78,true,C:\Users\JBNU\git\ConstraintsRecovery\assets\tankwar\asset47,12,SoundPlayer.getInstance,METHOD,C:\Users\JBNU\git\ConstraintsRecovery\assets\tankwar\asset47:IF:6-53,asset47,true,METHOD_CALL,SoundPlayer.getInstance().playFireSound();,TankWar_P2,TankWar_P2|TankWar_P3|TankWar_P4
D1450,RC-0645,C:\Users\JBNU\git\ConstraintsRecovery\assets\tankwar\asset78,14,Missile.init,METHOD,C:\Users\JBNU\git\ConstraintsRecovery\assets\tankwar\asset78:IF:4-20,asset78,true,C:\Users\JBNU\git\ConstraintsRecovery\assets\tankwar\asset47,22,SoundPlayer.playFireSound,METHOD,C:\Users\JBNU\git\ConstraintsRecovery\assets\tankwar\asset47:IF:6-53,asset47,true,METHOD_CALL,SoundPlayer.getInstance().playFireSound();,TankWar_P2,TankWar_P2|TankWar_P3|TankWar_P4
D1451,RC-0646,C:\Users\JBNU\git\ConstraintsRecovery\assets\tankwar\asset7,10,Wall$$TankWar,CLASS,C:\Users\JBNU\git\ConstraintsRecovery\assets\tankwar\asset7:IF:8-62,asset7,true,C:\Users\JBNU\git\ConstraintsRecovery\assets\tankwar\asset22,10,GameObject,CLASS,C:\Users\JBNU\git\ConstraintsRecovery\assets\tankwar\asset22:IF:8-80,asset22,true,EXTENDS,abstract class Wall$$TankWar extends GameObject {,TankWar_P1|TankWar_P2|TankWar_P3|TankWar_P4|TankWar_P5,TankWar_P1|TankWar_P2|TankWar_P3|TankWar_P4|TankWar_P5
D1462,RC-0647,C:\Users\JBNU\git\ConstraintsRecovery\assets\tankwar\asset7,34,Wall$$TankWar.init,METHOD,C:\Users\JBNU\git\ConstraintsRecovery\assets\tankwar\asset7:IF:8-62,asset7,true,C:\Users\JBNU\git\ConstraintsRecovery\assets\tankwar\asset22,18,GameObject.GameObject,CONSTRUCTOR,C:\Users\JBNU\git\ConstraintsRecovery\assets\tankwar\asset22:IF:8-80,asset22,true,CONSTRUCTOR_CALL,"wallTeile.addElement(new GameObject(tankManager, ((Wall) this).x_Koordinate + i * koernigGroesse, ((Wall) this).y_Koordinate + j * koernigGroesse, colorR, colorG, colorB, koernigGroesse, koernigGroesse, wallType));",TankWar_P1|TankWar_P2|TankWar_P3|TankWar_P4|TankWar_P5,TankWar_P1|TankWar_P2|TankWar_P3|TankWar_P4|TankWar_P5
D1463,RC-0648,C:\Users\JBNU\git\ConstraintsRecovery\assets\tankwar\asset7,34,Wall$$TankWar.init,METHOD,C:\Users\JBNU\git\ConstraintsRecovery\assets\tankwar\asset7:IF:8-62,asset7,true,C:\Users\JBNU\git\ConstraintsRecovery\assets\tankwar\asset22,12,GameObject.x_Koordinate,FIELD,C:\Users\JBNU\git\ConstraintsRecovery\assets\tankwar\asset22:IF:8-80,asset22,true,FIELD_REFERENCE,"wallTeile.addElement(new GameObject(tankManager, ((Wall) this).x_Koordinate + i * koernigGroesse, ((Wall) this).y_Koordinate + j * koernigGroesse, colorR, colorG, colorB, koernigGroesse, koernigGroesse, wallType));",TankWar_P1|TankWar_P2|TankWar_P3|TankWar_P4|TankWar_P5,TankWar_P1|TankWar_P2|TankWar_P3|TankWar_P4|TankWar_P5
D1464,RC-0649,C:\Users\JBNU\git\ConstraintsRecovery\assets\tankwar\asset7,34,Wall$$TankWar.init,METHOD,C:\Users\JBNU\git\ConstraintsRecovery\assets\tankwar\asset7:IF:8-62,asset7,true,C:\Users\JBNU\git\ConstraintsRecovery\assets\tankwar\asset22,12,GameObject.y_Koordinate,FIELD,C:\Users\JBNU\git\ConstraintsRecovery\assets\tankwar\asset22:IF:8-80,asset22,true,FIELD_REFERENCE,"wallTeile.addElement(new GameObject(tankManager, ((Wall) this).x_Koordinate + i * koernigGroesse, ((Wall) this).y_Koordinate + j * koernigGroesse, colorR, colorG, colorB, koernigGroesse, koernigGroesse, wallType));",TankWar_P1|TankWar_P2|TankWar_P3|TankWar_P4|TankWar_P5,TankWar_P1|TankWar_P2|TankWar_P3|TankWar_P4|TankWar_P5
D1452,RC-0650,C:\Users\JBNU\git\ConstraintsRecovery\assets\tankwar\asset7,17,Wall$$TankWar.init,METHOD,C:\Users\JBNU\git\ConstraintsRecovery\assets\tankwar\asset7:IF:8-62,asset7,true,C:\Users\JBNU\git\ConstraintsRecovery\assets\tankwar\asset7,11,Wall$$TankWar.koernigGroesse,FIELD,C:\Users\JBNU\git\ConstraintsRecovery\assets\tankwar\asset7:IF:8-62,asset7,true,FIELD_REFERENCE,((Wall) this).koernigGroesse = tankManager.koernigkeit;,TankWar_P1|TankWar_P2|TankWar_P3|TankWar_P4|TankWar_P5,TankWar_P1|TankWar_P2|TankWar_P3|TankWar_P4|TankWar_P5
D1454,RC-0650,C:\Users\JBNU\git\ConstraintsRecovery\assets\tankwar\asset7,20,Wall$$TankWar.init,METHOD,C:\Users\JBNU\git\ConstraintsRecovery\assets\tankwar\asset7:IF:8-62,asset7,true,C:\Users\JBNU\git\ConstraintsRecovery\assets\tankwar\asset7,11,Wall$$TankWar.koernigGroesse,FIELD,C:\Users\JBNU\git\ConstraintsRecovery\assets\tankwar\asset7:IF:8-62,asset7,true,FIELD_REFERENCE,"super.init(tankManager, x_Koordinate * tankManager.koernigkeit2, y_Koordinate * tankManager.koernigkeit2, 255, 255, 0, x_Koernig * koernigGroesse, y_Koernig * koernigGroesse, wallType);",TankWar_P1|TankWar_P2|TankWar_P3|TankWar_P4|TankWar_P5,TankWar_P1|TankWar_P2|TankWar_P3|TankWar_P4|TankWar_P5
D1456,RC-0650,C:\Users\JBNU\git\ConstraintsRecovery\assets\tankwar\asset7,23,Wall$$TankWar.init,METHOD,C:\Users\JBNU\git\ConstraintsRecovery\assets\tankwar\asset7:IF:8-62,asset7,true,C:\Users\JBNU\git\ConstraintsRecovery\assets\tankwar\asset7,11,Wall$$TankWar.koernigGroesse,FIELD,C:\Users\JBNU\git\ConstraintsRecovery\assets\tankwar\asset7:IF:8-62,asset7,true,FIELD_REFERENCE,"super.init(tankManager, x_Koordinate * tankManager.koernigkeit2, y_Koordinate * tankManager.koernigkeit2, 0, 139, 0, x_Koernig * koernigGroesse, y_Koernig * koernigGroesse, wallType);",TankWar_P1|TankWar_P2|TankWar_P3|TankWar_P4|TankWar_P5,TankWar_P1|TankWar_P2|TankWar_P3|TankWar_P4|TankWar_P5
D1458,RC-0650,C:\Users\JBNU\git\ConstraintsRecovery\assets\tankwar\asset7,26,Wall$$TankWar.init,METHOD,C:\Users\JBNU\git\ConstraintsRecovery\assets\tankwar\asset7:IF:8-62,asset7,true,C:\Users\JBNU\git\ConstraintsRecovery\assets\tankwar\asset7,11,Wall$$TankWar.koernigGroesse,FIELD,C:\Users\JBNU\git\ConstraintsRecovery\assets\tankwar\asset7:IF:8-62,asset7,true,FIELD_REFERENCE,"super.init(tankManager, x_Koordinate * tankManager.koernigkeit2, y_Koordinate * tankManager.koernigkeit2, 150, 255, 150, x_Koernig * koernigGroesse, y_Koernig * koernigGroesse, wallType);",TankWar_P1|TankWar_P2|TankWar_P3|TankWar_P4|TankWar_P5,TankWar_P1|TankWar_P2|TankWar_P3|TankWar_P4|TankWar_P5
D1460,RC-0650,C:\Users\JBNU\git\ConstraintsRecovery\assets\tankwar\asset7,29,Wall$$TankWar.init,METHOD,C:\Users\JBNU\git\ConstraintsRecovery\assets\tankwar\asset7:IF:8-62,asset7,true,C:\Users\JBNU\git\ConstraintsRecovery\assets\tankwar\asset7,11,Wall$$TankWar.koernigGroesse,FIELD,C:\Users\JBNU\git\ConstraintsRecovery\assets\tankwar\asset7:IF:8-62,asset7,true,FIELD_REFERENCE,"super.init(tankManager, x_Koordinate * tankManager.koernigkeit2, y_Koordinate * tankManager.koernigkeit2, 0, 255, 134, x_Koernig * koernigGroesse, y_Koernig * koernigGroesse, wallType);",TankWar_P1|TankWar_P2|TankWar_P3|TankWar_P4|TankWar_P5,TankWar_P1|TankWar_P2|TankWar_P3|TankWar_P4|TankWar_P5
D1465,RC-0650,C:\Users\JBNU\git\ConstraintsRecovery\assets\tankwar\asset7,34,Wall$$TankWar.init,METHOD,C:\Users\JBNU\git\ConstraintsRecovery\assets\tankwar\asset7:IF:8-62,asset7,true,C:\Users\JBNU\git\ConstraintsRecovery\assets\tankwar\asset7,11,Wall$$TankWar.koernigGroesse,FIELD,C:\Users\JBNU\git\ConstraintsRecovery\assets\tankwar\asset7:IF:8-62,asset7,true,FIELD_REFERENCE,"wallTeile.addElement(new GameObject(tankManager, ((Wall) this).x_Koordinate + i * koernigGroesse, ((Wall) this).y_Koordinate + j * koernigGroesse, colorR, colorG, colorB, koernigGroesse, koernigGroesse, wallType));",TankWar_P1|TankWar_P2|TankWar_P3|TankWar_P4|TankWar_P5,TankWar_P1|TankWar_P2|TankWar_P3|TankWar_P4|TankWar_P5
D1466,RC-0651,C:\Users\JBNU\git\ConstraintsRecovery\assets\tankwar\asset7,34,Wall$$TankWar.init,METHOD,C:\Users\JBNU\git\ConstraintsRecovery\assets\tankwar\asset7:IF:8-62,asset7,true,C:\Users\JBNU\git\ConstraintsRecovery\assets\tankwar\asset7,12,Wall$$TankWar.wallTeile,FIELD,C:\Users\JBNU\git\ConstraintsRecovery\assets\tankwar\asset7:IF:8-62,asset7,true,FIELD_REFERENCE,"wallTeile.addElement(new GameObject(tankManager, ((Wall) this).x_Koordinate + i * koernigGroesse, ((Wall) this).y_Koordinate + j * koernigGroesse, colorR, colorG, colorB, koernigGroesse, koernigGroesse, wallType));",TankWar_P1|TankWar_P2|TankWar_P3|TankWar_P4|TankWar_P5,TankWar_P1|TankWar_P2|TankWar_P3|TankWar_P4|TankWar_P5
D1467,RC-0652,C:\Users\JBNU\git\ConstraintsRecovery\assets\tankwar\asset7,39,Wall$$TankWar.malen,METHOD,C:\Users\JBNU\git\ConstraintsRecovery\assets\tankwar\asset7:IF:8-62,asset7,true,C:\Users\JBNU\git\ConstraintsRecovery\assets\tankwar\asset7,12,Wall$$TankWar.wallTeile,FIELD,C:\Users\JBNU\git\ConstraintsRecovery\assets\tankwar\asset7:IF:8-62,asset7,true,FIELD_REFERENCE,for (int i = 0; i < wallTeile.size(); i++) {,TankWar_P1|TankWar_P2|TankWar_P3|TankWar_P4|TankWar_P5,TankWar_P1|TankWar_P2|TankWar_P3|TankWar_P4|TankWar_P5
D1468,RC-0652,C:\Users\JBNU\git\ConstraintsRecovery\assets\tankwar\asset7,40,Wall$$TankWar.malen,METHOD,C:\Users\JBNU\git\ConstraintsRecovery\assets\tankwar\asset7:IF:8-62,asset7,true,C:\Users\JBNU\git\ConstraintsRecovery\assets\tankwar\asset7,12,Wall$$TankWar.wallTeile,FIELD,C:\Users\JBNU\git\ConstraintsRecovery\assets\tankwar\asset7:IF:8-62,asset7,true,FIELD_REFERENCE,((GameObject) wallTeile.elementAt(i)).malen();,TankWar_P1|TankWar_P2|TankWar_P3|TankWar_P4|TankWar_P5,TankWar_P1|TankWar_P2|TankWar_P3|TankWar_P4|TankWar_P5
D1469,RC-0653,C:\Users\JBNU\git\ConstraintsRecovery\assets\tankwar\asset7,44,Wall$$TankWar.stossenGegen,METHOD,C:\Users\JBNU\git\ConstraintsRecovery\assets\tankwar\asset7:IF:8-62,asset7,true,C:\Users\JBNU\git\ConstraintsRecovery\assets\tankwar\asset7,46,Wall$$TankWar.stossenGegenTeil,METHOD,C:\Users\JBNU\git\ConstraintsRecovery\assets\tankwar\asset7:IF:8-62,asset7,true,METHOD_CALL,return (super.stossenGegen(gameObj) && stossenGegenTeil(gameObj));,TankWar_P1|TankWar_P2|TankWar_P3|TankWar_P4|TankWar_P5,TankWar_P1|TankWar_P2|TankWar_P3|TankWar_P4|TankWar_P5
D1470,RC-0654,C:\Users\JBNU\git\ConstraintsRecovery\assets\tankwar\asset7,49,Wall$$TankWar.stossenGegenTeil,METHOD,C:\Users\JBNU\git\ConstraintsRecovery\assets\tankwar\asset7:IF:8-62,asset7,true,C:\Users\JBNU\git\ConstraintsRecovery\assets\tankwar\asset7,12,Wall$$TankWar.wallTeile,FIELD,C:\Users\JBNU\git\ConstraintsRecovery\assets\tankwar\asset7:IF:8-62,asset7,true,FIELD_REFERENCE,for (int i = 0; i < wallTeile.size(); i++) {,TankWar_P1|TankWar_P2|TankWar_P3|TankWar_P4|TankWar_P5,TankWar_P1|TankWar_P2|TankWar_P3|TankWar_P4|TankWar_P5
D1471,RC-0654,C:\Users\JBNU\git\ConstraintsRecovery\assets\tankwar\asset7,50,Wall$$TankWar.stossenGegenTeil,METHOD,C:\Users\JBNU\git\ConstraintsRecovery\assets\tankwar\asset7:IF:8-62,asset7,true,C:\Users\JBNU\git\ConstraintsRecovery\assets\tankwar\asset7,12,Wall$$TankWar.wallTeile,FIELD,C:\Users\JBNU\git\ConstraintsRecovery\assets\tankwar\asset7:IF:8-62,asset7,true,FIELD_REFERENCE,if (gameObj.stossenGegen((GameObject) wallTeile.elementAt(i))) {,TankWar_P1|TankWar_P2|TankWar_P3|TankWar_P4|TankWar_P5,TankWar_P1|TankWar_P2|TankWar_P3|TankWar_P4|TankWar_P5
D1472,RC-0654,C:\Users\JBNU\git\ConstraintsRecovery\assets\tankwar\asset7,51,Wall$$TankWar.stossenGegenTeil,METHOD,C:\Users\JBNU\git\ConstraintsRecovery\assets\tankwar\asset7:IF:8-62,asset7,true,C:\Users\JBNU\git\ConstraintsRecovery\assets\tankwar\asset7,12,Wall$$TankWar.wallTeile,FIELD,C:\Users\JBNU\git\ConstraintsRecovery\assets\tankwar\asset7:IF:8-62,asset7,true,FIELD_REFERENCE,tempTeile.addElement((GameObject) wallTeile.elementAt(i));,TankWar_P1|TankWar_P2|TankWar_P3|TankWar_P4|TankWar_P5,TankWar_P1|TankWar_P2|TankWar_P3|TankWar_P4|TankWar_P5
D1473,RC-0654,C:\Users\JBNU\git\ConstraintsRecovery\assets\tankwar\asset7,57,Wall$$TankWar.stossenGegenTeil,METHOD,C:\Users\JBNU\git\ConstraintsRecovery\assets\tankwar\asset7:IF:8-62,asset7,true,C:\Users\JBNU\git\ConstraintsRecovery\assets\tankwar\asset7,12,Wall$$TankWar.wallTeile,FIELD,C:\Users\JBNU\git\ConstraintsRecovery\assets\tankwar\asset7:IF:8-62,asset7,true,FIELD_REFERENCE,wallTeile.removeElement((GameObject) tempTeile.elementAt(i));,TankWar_P1|TankWar_P2|TankWar_P3|TankWar_P4|TankWar_P5,TankWar_P1|TankWar_P2|TankWar_P3|TankWar_P4|TankWar_P5
D1453,RC-0655,C:\Users\JBNU\git\ConstraintsRecovery\assets\tankwar\asset7,17,Wall$$TankWar.init,METHOD,C:\Users\JBNU\git\ConstraintsRecovery\assets\tankwar\asset7:IF:8-62,asset7,true,C:\Users\JBNU\git\ConstraintsRecovery\assets\tankwar\asset9,21,TankManager$$TankWar.koernigkeit,FIELD,C:\Users\JBNU\git\ConstraintsRecovery\assets\tankwar\asset9:IF:8-248,asset9,true,FIELD_REFERENCE,((Wall) this).koernigGroesse = tankManager.koernigkeit;,TankWar_P1|TankWar_P2|TankWar_P3|TankWar_P4|TankWar_P5,TankWar_P1|TankWar_P2|TankWar_P3|TankWar_P4|TankWar_P5
D1455,RC-0656,C:\Users\JBNU\git\ConstraintsRecovery\assets\tankwar\asset7,20,Wall$$TankWar.init,METHOD,C:\Users\JBNU\git\ConstraintsRecovery\assets\tankwar\asset7:IF:8-62,asset7,true,C:\Users\JBNU\git\ConstraintsRecovery\assets\tankwar\asset9,21,TankManager$$TankWar.koernigkeit2,FIELD,C:\Users\JBNU\git\ConstraintsRecovery\assets\tankwar\asset9:IF:8-248,asset9,true,FIELD_REFERENCE,"super.init(tankManager, x_Koordinate * tankManager.koernigkeit2, y_Koordinate * tankManager.koernigkeit2, 255, 255, 0, x_Koernig * koernigGroesse, y_Koernig * koernigGroesse, wallType);",TankWar_P1|TankWar_P2|TankWar_P3|TankWar_P4|TankWar_P5,TankWar_P1|TankWar_P2|TankWar_P3|TankWar_P4|TankWar_P5
D1457,RC-0656,C:\Users\JBNU\git\ConstraintsRecovery\assets\tankwar\asset7,23,Wall$$TankWar.init,METHOD,C:\Users\JBNU\git\ConstraintsRecovery\assets\tankwar\asset7:IF:8-62,asset7,true,C:\Users\JBNU\git\ConstraintsRecovery\assets\tankwar\asset9,21,TankManager$$TankWar.koernigkeit2,FIELD,C:\Users\JBNU\git\ConstraintsRecovery\assets\tankwar\asset9:IF:8-248,asset9,true,FIELD_REFERENCE,"super.init(tankManager, x_Koordinate * tankManager.koernigkeit2, y_Koordinate * tankManager.koernigkeit2, 0, 139, 0, x_Koernig * koernigGroesse, y_Koernig * koernigGroesse, wallType);",TankWar_P1|TankWar_P2|TankWar_P3|TankWar_P4|TankWar_P5,TankWar_P1|TankWar_P2|TankWar_P3|TankWar_P4|TankWar_P5
D1459,RC-0656,C:\Users\JBNU\git\ConstraintsRecovery\assets\tankwar\asset7,26,Wall$$TankWar.init,METHOD,C:\Users\JBNU\git\ConstraintsRecovery\assets\tankwar\asset7:IF:8-62,asset7,true,C:\Users\JBNU\git\ConstraintsRecovery\assets\tankwar\asset9,21,TankManager$$TankWar.koernigkeit2,FIELD,C:\Users\JBNU\git\ConstraintsRecovery\assets\tankwar\asset9:IF:8-248,asset9,true,FIELD_REFERENCE,"super.init(tankManager, x_Koordinate * tankManager.koernigkeit2, y_Koordinate * tankManager.koernigkeit2, 150, 255, 150, x_Koernig * koernigGroesse, y_Koernig * koernigGroesse, wallType);",TankWar_P1|TankWar_P2|TankWar_P3|TankWar_P4|TankWar_P5,TankWar_P1|TankWar_P2|TankWar_P3|TankWar_P4|TankWar_P5
D1461,RC-0656,C:\Users\JBNU\git\ConstraintsRecovery\assets\tankwar\asset7,29,Wall$$TankWar.init,METHOD,C:\Users\JBNU\git\ConstraintsRecovery\assets\tankwar\asset7:IF:8-62,asset7,true,C:\Users\JBNU\git\ConstraintsRecovery\assets\tankwar\asset9,21,TankManager$$TankWar.koernigkeit2,FIELD,C:\Users\JBNU\git\ConstraintsRecovery\assets\tankwar\asset9:IF:8-248,asset9,true,FIELD_REFERENCE,"super.init(tankManager, x_Koordinate * tankManager.koernigkeit2, y_Koordinate * tankManager.koernigkeit2, 0, 255, 134, x_Koernig * koernigGroesse, y_Koernig * koernigGroesse, wallType);",TankWar_P1|TankWar_P2|TankWar_P3|TankWar_P4|TankWar_P5,TankWar_P1|TankWar_P2|TankWar_P3|TankWar_P4|TankWar_P5
D1474,RC-0657,C:\Users\JBNU\git\ConstraintsRecovery\assets\tankwar\asset80,18,Missile.malen,METHOD,C:\Users\JBNU\git\ConstraintsRecovery\assets\tankwar\asset80:IF:4-31,asset80,true,C:\Users\JBNU\git\ConstraintsRecovery\assets\tankwar\asset13,39,Maler$$fuer_PC.drawImage,METHOD,C:\Users\JBNU\git\ConstraintsRecovery\assets\tankwar\asset13:IF:8-358,asset13,true,METHOD_CALL,"tankManager.maler.drawImage(""missileU.png"", x_Koordinate, y_Koordinate);",TankWar_P1,TankWar_P1|TankWar_P2|TankWar_P3|TankWar_P4|TankWar_P5
D1475,RC-0657,C:\Users\JBNU\git\ConstraintsRecovery\assets\tankwar\asset80,21,Missile.malen,METHOD,C:\Users\JBNU\git\ConstraintsRecovery\assets\tankwar\asset80:IF:4-31,asset80,true,C:\Users\JBNU\git\ConstraintsRecovery\assets\tankwar\asset13,39,Maler$$fuer_PC.drawImage,METHOD,C:\Users\JBNU\git\ConstraintsRecovery\assets\tankwar\asset13:IF:8-358,asset13,true,METHOD_CALL,"tankManager.maler.drawImage(""missileR.png"", x_Koordinate, y_Koordinate);",TankWar_P1,TankWar_P1|TankWar_P2|TankWar_P3|TankWar_P4|TankWar_P5
D1476,RC-0657,C:\Users\JBNU\git\ConstraintsRecovery\assets\tankwar\asset80,24,Missile.malen,METHOD,C:\Users\JBNU\git\ConstraintsRecovery\assets\tankwar\asset80:IF:4-31,asset80,true,C:\Users\JBNU\git\ConstraintsRecovery\assets\tankwar\asset13,39,Maler$$fuer_PC.drawImage,METHOD,C:\Users\JBNU\git\ConstraintsRecovery\assets\tankwar\asset13:IF:8-358,asset13,true,METHOD_CALL,"tankManager.maler.drawImage(""missileD.png"", x_Koordinate, y_Koordinate);",TankWar_P1,TankWar_P1|TankWar_P2|TankWar_P3|TankWar_P4|TankWar_P5
D1477,RC-0657,C:\Users\JBNU\git\ConstraintsRecovery\assets\tankwar\asset80,27,Missile.malen,METHOD,C:\Users\JBNU\git\ConstraintsRecovery\assets\tankwar\asset80:IF:4-31,asset80,true,C:\Users\JBNU\git\ConstraintsRecovery\assets\tankwar\asset13,39,Maler$$fuer_PC.drawImage,METHOD,C:\Users\JBNU\git\ConstraintsRecovery\assets\tankwar\asset13:IF:8-358,asset13,true,METHOD_CALL,"tankManager.maler.drawImage(""missileL.png"", x_Koordinate, y_Koordinate);",TankWar_P1,TankWar_P1|TankWar_P2|TankWar_P3|TankWar_P4|TankWar_P5
D1478,RC-0658,C:\Users\JBNU\git\ConstraintsRecovery\assets\tankwar\asset80,5,Missile,CLASS,C:\Users\JBNU\git\ConstraintsRecovery\assets\tankwar\asset80:IF:4-31,asset80,true,C:\Users\JBNU\git\ConstraintsRecovery\assets\tankwar\asset1,12,Missile$$TankWar,CLASS,C:\Users\JBNU\git\ConstraintsRecovery\assets\tankwar\asset1:IF:8-128,asset1,true,EXTENDS,public class Missile extends Missile$$TankWar {,TankWar_P1,TankWar_P1|TankWar_P2|TankWar_P3|TankWar_P4|TankWar_P5
D1480,RC-0659,C:\Users\JBNU\git\ConstraintsRecovery\assets\tankwar\asset81,18,TankManager.aktualisieren,METHOD,C:\Users\JBNU\git\ConstraintsRecovery\assets\tankwar\asset81:IF:4-29,asset81,true,C:\Users\JBNU\git\ConstraintsRecovery\assets\tankwar\asset47,12,SoundPlayer.getInstance,METHOD,C:\Users\JBNU\git\ConstraintsRecovery\assets\tankwar\asset47:IF:6-53,asset47,true,METHOD_CALL,SoundPlayer.getInstance().playBgSound();,TankWar_P3,TankWar_P2|TankWar_P3|TankWar_P4
D1484,RC-0659,C:\Users\JBNU\git\ConstraintsRecovery\assets\tankwar\asset81,25,TankManager.aktualisieren,METHOD,C:\Users\JBNU\git\ConstraintsRecovery\assets\tankwar\asset81:IF:4-29,asset81,true,C:\Users\JBNU\git\ConstraintsRecovery\assets\tankwar\asset47,12,SoundPlayer.getInstance,METHOD,C:\Users\JBNU\git\ConstraintsRecovery\assets\tankwar\asset47:IF:6-53,asset47,true,METHOD_CALL,SoundPlayer.getInstance().stopSound();,TankWar_P3,TankWar_P2|TankWar_P3|TankWar_P4
D1481,RC-0660,C:\Users\JBNU\git\ConstraintsRecovery\assets\tankwar\asset81,18,TankManager.aktualisieren,METHOD,C:\Users\JBNU\git\ConstraintsRecovery\assets\tankwar\asset81:IF:4-29,asset81,true,C:\Users\JBNU\git\ConstraintsRecovery\assets\tankwar\asset47,18,SoundPlayer.playBgSound,METHOD,C:\Users\JBNU\git\ConstraintsRecovery\assets\tankwar\asset47:IF:6-53,asset47,true,METHOD_CALL,SoundPlayer.getInstance().playBgSound();,TankWar_P3,TankWar_P2|TankWar_P3|TankWar_P4
D1485,RC-0661,C:\Users\JBNU\git\ConstraintsRecovery\assets\tankwar\asset81,25,TankManager.aktualisieren,METHOD,C:\Users\JBNU\git\ConstraintsRecovery\assets\tankwar\asset81:IF:4-29,asset81,true,C:\Users\JBNU\git\ConstraintsRecovery\assets\tankwar\asset47,50,SoundPlayer.stopSound,METHOD,C:\Users\JBNU\git\ConstraintsRecovery\assets\tankwar\asset47:IF:6-53,asset47,true,METHOD_CALL,SoundPlayer.getInstance().stopSound();,TankWar_P3,TankWar_P2|TankWar_P3|TankWar_P4
D1479,RC-0662,C:\Users\JBNU\git\ConstraintsRecovery\assets\tankwar\asset81,16,TankManager.aktualisieren,METHOD,C:\Users\JBNU\git\ConstraintsRecovery\assets\tankwar\asset81:IF:4-29,asset81,true,C:\Users\JBNU\git\ConstraintsRecovery\assets\tankwar\asset81,9,TankManager.sound,FIELD,C:\Users\JBNU\git\ConstraintsRecovery\assets\tankwar\asset81:IF:4-29,asset81,true,FIELD_REFERENCE,if (!sound) {,TankWar_P3,TankWar_P3
D1482,RC-0662,C:\Users\JBNU\git\ConstraintsRecovery\assets\tankwar\asset81,19,TankManager.aktualisieren,METHOD,C:\Users\JBNU\git\ConstraintsRecovery\assets\tankwar\asset81:IF:4-29,asset81,true,C:\Users\JBNU\git\ConstraintsRecovery\assets\tankwar\asset81,9,TankManager.sound,FIELD,C:\Users\JBNU\git\ConstraintsRecovery\assets\tankwar\asset81:IF:4-29,asset81,true,FIELD_REFERENCE,sound = true;,TankWar_P3,TankWar_P3
D1483,RC-0662,C:\Users\JBNU\git\ConstraintsRecovery\assets\tankwar\asset81,24,TankManager.aktualisieren,METHOD,C:\Users\JBNU\git\ConstraintsRecovery\assets\tankwar\asset81:IF:4-29,asset81,true,C:\Users\JBNU\git\ConstraintsRecovery\assets\tankwar\asset81,9,TankManager.sound,FIELD,C:\Users\JBNU\git\ConstraintsRecovery\assets\tankwar\asset81:IF:4-29,asset81,true,FIELD_REFERENCE,} else if (sound == true) {,TankWar_P3,TankWar_P3
D1486,RC-0662,C:\Users\JBNU\git\ConstraintsRecovery\assets\tankwar\asset81,26,TankManager.aktualisieren,METHOD,C:\Users\JBNU\git\ConstraintsRecovery\assets\tankwar\asset81:IF:4-29,asset81,true,C:\Users\JBNU\git\ConstraintsRecovery\assets\tankwar\asset81,9,TankManager.sound,FIELD,C:\Users\JBNU\git\ConstraintsRecovery\assets\tankwar\asset81:IF:4-29,asset81,true,FIELD_REFERENCE,sound = false;,TankWar_P3,TankWar_P3
D1487,RC-0663,C:\Users\JBNU\git\ConstraintsRecovery\assets\tankwar\asset82,18,Missile.malen,METHOD,C:\Users\JBNU\git\ConstraintsRecovery\assets\tankwar\asset82:IF:4-31,asset82,true,C:\Users\JBNU\git\ConstraintsRecovery\assets\tankwar\asset13,39,Maler$$fuer_PC.drawImage,METHOD,C:\Users\JBNU\git\ConstraintsRecovery\assets\tankwar\asset13:IF:8-358,asset13,true,METHOD_CALL,"tankManager.maler.drawImage(""missileU.png"", x_Koordinate, y_Koordinate);",TankWar_P5,TankWar_P1|TankWar_P2|TankWar_P3|TankWar_P4|TankWar_P5
D1488,RC-0663,C:\Users\JBNU\git\ConstraintsRecovery\assets\tankwar\asset82,21,Missile.malen,METHOD,C:\Users\JBNU\git\ConstraintsRecovery\assets\tankwar\asset82:IF:4-31,asset82,true,C:\Users\JBNU\git\ConstraintsRecovery\assets\tankwar\asset13,39,Maler$$fuer_PC.drawImage,METHOD,C:\Users\JBNU\git\ConstraintsRecovery\assets\tankwar\asset13:IF:8-358,asset13,true,METHOD_CALL,"tankManager.maler.drawImage(""missileR.png"", x_Koordinate, y_Koordinate);",TankWar_P5,TankWar_P1|TankWar_P2|TankWar_P3|TankWar_P4|TankWar_P5
D1489,RC-0663,C:\Users\JBNU\git\ConstraintsRecovery\assets\tankwar\asset82,24,Missile.malen,METHOD,C:\Users\JBNU\git\ConstraintsRecovery\assets\tankwar\asset82:IF:4-31,asset82,true,C:\Users\JBNU\git\ConstraintsRecovery\assets\tankwar\asset13,39,Maler$$fuer_PC.drawImage,METHOD,C:\Users\JBNU\git\ConstraintsRecovery\assets\tankwar\asset13:IF:8-358,asset13,true,METHOD_CALL,"tankManager.maler.drawImage(""missileD.png"", x_Koordinate, y_Koordinate);",TankWar_P5,TankWar_P1|TankWar_P2|TankWar_P3|TankWar_P4|TankWar_P5
D1490,RC-0663,C:\Users\JBNU\git\ConstraintsRecovery\assets\tankwar\asset82,27,Missile.malen,METHOD,C:\Users\JBNU\git\ConstraintsRecovery\assets\tankwar\asset82:IF:4-31,asset82,true,C:\Users\JBNU\git\ConstraintsRecovery\assets\tankwar\asset13,39,Maler$$fuer_PC.drawImage,METHOD,C:\Users\JBNU\git\ConstraintsRecovery\assets\tankwar\asset13:IF:8-358,asset13,true,METHOD_CALL,"tankManager.maler.drawImage(""missileL.png"", x_Koordinate, y_Koordinate);",TankWar_P5,TankWar_P1|TankWar_P2|TankWar_P3|TankWar_P4|TankWar_P5
D1491,RC-0664,C:\Users\JBNU\git\ConstraintsRecovery\assets\tankwar\asset82,5,Missile,CLASS,C:\Users\JBNU\git\ConstraintsRecovery\assets\tankwar\asset82:IF:4-31,asset82,true,C:\Users\JBNU\git\ConstraintsRecovery\assets\tankwar\asset64,9,Missile$$explodieren,CLASS,C:\Users\JBNU\git\ConstraintsRecovery\assets\tankwar\asset64:IF:5-17,asset64,true,EXTENDS,public class Missile extends Missile$$explodieren {,TankWar_P5,TankWar_P3|TankWar_P5
D1493,RC-0665,C:\Users\JBNU\git\ConstraintsRecovery\assets\tankwar\asset84,18,TankManager.aktualisieren,METHOD,C:\Users\JBNU\git\ConstraintsRecovery\assets\tankwar\asset84:IF:4-29,asset84,true,C:\Users\JBNU\git\ConstraintsRecovery\assets\tankwar\asset47,12,SoundPlayer.getInstance,METHOD,C:\Users\JBNU\git\ConstraintsRecovery\assets\tankwar\asset47:IF:6-53,asset47,true,METHOD_CALL,SoundPlayer.getInstance().playBgSound();,TankWar_P4,TankWar_P2|TankWar_P3|TankWar_P4
D1497,RC-0665,C:\Users\JBNU\git\ConstraintsRecovery\assets\tankwar\asset84,25,TankManager.aktualisieren,METHOD,C:\Users\JBNU\git\ConstraintsRecovery\assets\tankwar\asset84:IF:4-29,asset84,true,C:\Users\JBNU\git\ConstraintsRecovery\assets\tankwar\asset47,12,SoundPlayer.getInstance,METHOD,C:\Users\JBNU\git\ConstraintsRecovery\assets\tankwar\asset47:IF:6-53,asset47,true,METHOD_CALL,SoundPlayer.getInstance().stopSound();,TankWar_P4,TankWar_P2|TankWar_P3|TankWar_P4
D1494,RC-0666,C:\Users\JBNU\git\ConstraintsRecovery\assets\tankwar\asset84,18,TankManager.aktualisieren,METHOD,C:\Users\JBNU\git\ConstraintsRecovery\assets\tankwar\asset84:IF:4-29,asset84,true,C:\Users\JBNU\git\ConstraintsRecovery\assets\tankwar\asset47,18,SoundPlayer.playBgSound,METHOD,C:\Users\JBNU\git\ConstraintsRecovery\assets\tankwar\asset47:IF:6-53,asset47,true,METHOD_CALL,SoundPlayer.getInstance().playBgSound();,TankWar_P4,TankWar_P2|TankWar_P3|TankWar_P4
D1498,RC-0667,C:\Users\JBNU\git\ConstraintsRecovery\assets\tankwar\asset84,25,TankManager.aktualisieren,METHOD,C:\Users\JBNU\git\ConstraintsRecovery\assets\tankwar\asset84:IF:4-29,asset84,true,C:\Users\JBNU\git\ConstraintsRecovery\assets\tankwar\asset47,50,SoundPlayer.stopSound,METHOD,C:\Users\JBNU\git\ConstraintsRecovery\assets\tankwar\asset47:IF:6-53,asset47,true,METHOD_CALL,SoundPlayer.getInstance().stopSound();,TankWar_P4,TankWar_P2|TankWar_P3|TankWar_P4
D1492,RC-0668,C:\Users\JBNU\git\ConstraintsRecovery\assets\tankwar\asset84,16,TankManager.aktualisieren,METHOD,C:\Users\JBNU\git\ConstraintsRecovery\assets\tankwar\asset84:IF:4-29,asset84,true,C:\Users\JBNU\git\ConstraintsRecovery\assets\tankwar\asset84,9,TankManager.sound,FIELD,C:\Users\JBNU\git\ConstraintsRecovery\assets\tankwar\asset84:IF:4-29,asset84,true,FIELD_REFERENCE,if (!sound) {,TankWar_P4,TankWar_P4
D1495,RC-0668,C:\Users\JBNU\git\ConstraintsRecovery\assets\tankwar\asset84,19,TankManager.aktualisieren,METHOD,C:\Users\JBNU\git\ConstraintsRecovery\assets\tankwar\asset84:IF:4-29,asset84,true,C:\Users\JBNU\git\ConstraintsRecovery\assets\tankwar\asset84,9,TankManager.sound,FIELD,C:\Users\JBNU\git\ConstraintsRecovery\assets\tankwar\asset84:IF:4-29,asset84,true,FIELD_REFERENCE,sound = true;,TankWar_P4,TankWar_P4
D1496,RC-0668,C:\Users\JBNU\git\ConstraintsRecovery\assets\tankwar\asset84,24,TankManager.aktualisieren,METHOD,C:\Users\JBNU\git\ConstraintsRecovery\assets\tankwar\asset84:IF:4-29,asset84,true,C:\Users\JBNU\git\ConstraintsRecovery\assets\tankwar\asset84,9,TankManager.sound,FIELD,C:\Users\JBNU\git\ConstraintsRecovery\assets\tankwar\asset84:IF:4-29,asset84,true,FIELD_REFERENCE,} else if (sound == true) {,TankWar_P4,TankWar_P4
D1499,RC-0668,C:\Users\JBNU\git\ConstraintsRecovery\assets\tankwar\asset84,26,TankManager.aktualisieren,METHOD,C:\Users\JBNU\git\ConstraintsRecovery\assets\tankwar\asset84:IF:4-29,asset84,true,C:\Users\JBNU\git\ConstraintsRecovery\assets\tankwar\asset84,9,TankManager.sound,FIELD,C:\Users\JBNU\git\ConstraintsRecovery\assets\tankwar\asset84:IF:4-29,asset84,true,FIELD_REFERENCE,sound = false;,TankWar_P4,TankWar_P4
D1532,RC-0669,C:\Users\JBNU\git\ConstraintsRecovery\assets\tankwar\asset8,83,Tank$$Image.drawTanks,METHOD,C:\Users\JBNU\git\ConstraintsRecovery\assets\tankwar\asset8:IF:8-96,asset8,true,C:\Users\JBNU\git\ConstraintsRecovery\assets\tankwar\asset13,39,Maler$$fuer_PC.drawImage,METHOD,C:\Users\JBNU\git\ConstraintsRecovery\assets\tankwar\asset13:IF:8-358,asset13,true,METHOD_CALL,"tankManager.maler.drawImage(tankTypes + ""U"", x_Koordinate, y_Koordinate);",TankWar_P1|TankWar_P2|TankWar_P3|TankWar_P4|TankWar_P5,TankWar_P1|TankWar_P2|TankWar_P3|TankWar_P4|TankWar_P5
D1533,RC-0669,C:\Users\JBNU\git\ConstraintsRecovery\assets\tankwar\asset8,86,Tank$$Image.drawTanks,METHOD,C:\Users\JBNU\git\ConstraintsRecovery\assets\tankwar\asset8:IF:8-96,asset8,true,C:\Users\JBNU\git\ConstraintsRecovery\assets\tankwar\asset13,39,Maler$$fuer_PC.drawImage,METHOD,C:\Users\JBNU\git\ConstraintsRecovery\assets\tankwar\asset13:IF:8-358,asset13,true,METHOD_CALL,"tankManager.maler.drawImage(tankTypes + ""R"", x_Koordinate, y_Koordinate);",TankWar_P1|TankWar_P2|TankWar_P3|TankWar_P4|TankWar_P5,TankWar_P1|TankWar_P2|TankWar_P3|TankWar_P4|TankWar_P5
D1534,RC-0669,C:\Users\JBNU\git\ConstraintsRecovery\assets\tankwar\asset8,89,Tank$$Image.drawTanks,METHOD,C:\Users\JBNU\git\ConstraintsRecovery\assets\tankwar\asset8:IF:8-96,asset8,true,C:\Users\JBNU\git\ConstraintsRecovery\assets\tankwar\asset13,39,Maler$$fuer_PC.drawImage,METHOD,C:\Users\JBNU\git\ConstraintsRecovery\assets\tankwar\asset13:IF:8-358,asset13,true,METHOD_CALL,"tankManager.maler.drawImage(tankTypes + ""D"", x_Koordinate, y_Koordinate);",TankWar_P1|TankWar_P2|TankWar_P3|TankWar_P4|TankWar_P5,TankWar_P1|TankWar_P2|TankWar_P3|TankWar_P4|TankWar_P5
D1535,RC-0669,C:\Users\JBNU\git\ConstraintsRecovery\assets\tankwar\asset8,92,Tank$$Image.drawTanks,METHOD,C:\Users\JBNU\git\ConstraintsRecovery\assets\tankwar\asset8:IF:8-96,asset8,true,C:\Users\JBNU\git\ConstraintsRecovery\assets\tankwar\asset13,39,Maler$$fuer_PC.drawImage,METHOD,C:\Users\JBNU\git\ConstraintsRecovery\assets\tankwar\asset13:IF:8-358,asset13,true,METHOD_CALL,"tankManager.maler.drawImage(tankTypes + ""L"", x_Koordinate, y_Koordinate);",TankWar_P1|TankWar_P2|TankWar_P3|TankWar_P4|TankWar_P5,TankWar_P1|TankWar_P2|TankWar_P3|TankWar_P4|TankWar_P5
D1500,RC-0670,C:\Users\JBNU\git\ConstraintsRecovery\assets\tankwar\asset8,31,Tank$$Image.tankMalen,METHOD,C:\Users\JBNU\git\ConstraintsRecovery\assets\tankwar\asset8:IF:8-96,asset8,true,C:\Users\JBNU\git\ConstraintsRecovery\assets\tankwar\asset13,39,Maler$$fuer_PC.drawImage,METHOD,C:\Users\JBNU\git\ConstraintsRecovery\assets\tankwar\asset13:IF:8-358,asset13,true,METHOD_CALL,"tankManager.maler.drawImage(""base"", x_Koordinate, y_Koordinate);",TankWar_P1|TankWar_P2|TankWar_P3|TankWar_P4|TankWar_P5,TankWar_P1|TankWar_P2|TankWar_P3|TankWar_P4|TankWar_P5
D1502,RC-0670,C:\Users\JBNU\git\ConstraintsRecovery\assets\tankwar\asset8,34,Tank$$Image.tankMalen,METHOD,C:\Users\JBNU\git\ConstraintsRecovery\assets\tankwar\asset8:IF:8-96,asset8,true,C:\Users\JBNU\git\ConstraintsRecovery\assets\tankwar\asset13,39,Maler$$fuer_PC.drawImage,METHOD,C:\Users\JBNU\git\ConstraintsRecovery\assets\tankwar\asset13:IF:8-358,asset13,true,METHOD_CALL,"tankManager.maler.drawImage(""gh"", x_Koordinate - tankManager.koernigkeit2 * 2, y_Koordinate - tankManager.koernigkeit2 * 2);",TankWar_P1|TankWar_P2|TankWar_P3|TankWar_P4|TankWar_P5,TankWar_P1|TankWar_P2|TankWar_P3|TankWar_P4|TankWar_P5
D1505,RC-0670,C:\Users\JBNU\git\ConstraintsRecovery\assets\tankwar\asset8,38,Tank$$Image.tankMalen,METHOD,C:\Users\JBNU\git\ConstraintsRecovery\assets\tankwar\asset8:IF:8-96,asset8,true,C:\Users\JBNU\git\ConstraintsRecovery\assets\tankwar\asset13,39,Maler$$fuer_PC.drawImage,METHOD,C:\Users\JBNU\git\ConstraintsRecovery\assets\tankwar\asset13:IF:8-358,asset13,true,METHOD_CALL,"tankManager.maler.drawImage(""gh"", x_Koordinate - tankManager.koernigkeit2 * 2, y_Koordinate - tankManager.koernigkeit2 * 2);",TankWar_P1|TankWar_P2|TankWar_P3|TankWar_P4|TankWar_P5,TankWar_P1|TankWar_P2|TankWar_P3|TankWar_P4|TankWar_P5
D1508,RC-0670,C:\Users\JBNU\git\ConstraintsRecovery\assets\tankwar\asset8,42,Tank$$Image.tankMalen,METHOD,C:\Users\JBNU\git\ConstraintsRecovery\assets\tankwar\asset8:IF:8-96,asset8,true,C:\Users\JBNU\git\ConstraintsRecovery\assets\tankwar\asset13,39,Maler$$fuer_PC.drawImage,METHOD,C:\Users\JBNU\git\ConstraintsRecovery\assets\tankwar\asset13:IF:8-358,asset13,true,METHOD_CALL,"tankManager.maler.drawImage(""gh"", x_Koordinate - tankManager.koernigkeit2 * 2, y_Koordinate - tankManager.koernigkeit2 * 2);",TankWar_P1|TankWar_P2|TankWar_P3|TankWar_P4|TankWar_P5,TankWar_P1|TankWar_P2|TankWar_P3|TankWar_P4|TankWar_P5
D1531,RC-0671,C:\Users\JBNU\git\ConstraintsRecovery\assets\tankwar\asset8,81,Tank$$Image.drawTanks,METHOD,C:\Users\JBNU\git\ConstraintsRecovery\assets\tankwar\asset8:IF:8-96,asset8,true,C:\Users\JBNU\git\ConstraintsRecovery\assets\tankwar\asset14,31,Tank$$TankWar.fahrRichtung,FIELD,C:\Users\JBNU\git\ConstraintsRecovery\assets\tankwar\asset14:IF:8-384,asset14,true,FIELD_REFERENCE,switch(((Tank) this).fahrRichtung) {,TankWar_P1|TankWar_P2|TankWar_P3|TankWar_P4|TankWar_P5,TankWar_P1|TankWar_P2|TankWar_P3|TankWar_P4|TankWar_P5
D1513,RC-0672,C:\Users\JBNU\git\ConstraintsRecovery\assets\tankwar\asset8,55,Tank$$Image.tankMalen,METHOD,C:\Users\JBNU\git\ConstraintsRecovery\assets\tankwar\asset8:IF:8-96,asset8,true,C:\Users\JBNU\git\ConstraintsRecovery\assets\tankwar\asset14,21,Tank$$TankWar.energie,FIELD,C:\Users\JBNU\git\ConstraintsRecovery\assets\tankwar\asset14:IF:8-384,asset14,true,FIELD_REFERENCE,if (((Tank) this).energie >= 30),TankWar_P1|TankWar_P2|TankWar_P3|TankWar_P4|TankWar_P5,TankWar_P1|TankWar_P2|TankWar_P3|TankWar_P4|TankWar_P5
D1515,RC-0672,C:\Users\JBNU\git\ConstraintsRecovery\assets\tankwar\asset8,57,Tank$$Image.tankMalen,METHOD,C:\Users\JBNU\git\ConstraintsRecovery\assets\tankwar\asset8:IF:8-96,asset8,true,C:\Users\JBNU\git\ConstraintsRecovery\assets\tankwar\asset14,21,Tank$$TankWar.energie,FIELD,C:\Users\JBNU\git\ConstraintsRecovery\assets\tankwar\asset14:IF:8-384,asset14,true,FIELD_REFERENCE,else if (((Tank) this).energie >= 20 && ((Tank) this).energie < 30),TankWar_P1|TankWar_P2|TankWar_P3|TankWar_P4|TankWar_P5,TankWar_P1|TankWar_P2|TankWar_P3|TankWar_P4|TankWar_P5
D1517,RC-0672,C:\Users\JBNU\git\ConstraintsRecovery\assets\tankwar\asset8,59,Tank$$Image.tankMalen,METHOD,C:\Users\JBNU\git\ConstraintsRecovery\assets\tankwar\asset8:IF:8-96,asset8,true,C:\Users\JBNU\git\ConstraintsRecovery\assets\tankwar\asset14,21,Tank$$TankWar.energie,FIELD,C:\Users\JBNU\git\ConstraintsRecovery\assets\tankwar\asset14:IF:8-384,asset14,true,FIELD_REFERENCE,else if (((Tank) this).energie >= 10 && ((Tank) this).energie < 20),TankWar_P1|TankWar_P2|TankWar_P3|TankWar_P4|TankWar_P5,TankWar_P1|TankWar_P2|TankWar_P3|TankWar_P4|TankWar_P5
D1519,RC-0672,C:\Users\JBNU\git\ConstraintsRecovery\assets\tankwar\asset8,63,Tank$$Image.tankMalen,METHOD,C:\Users\JBNU\git\ConstraintsRecovery\assets\tankwar\asset8:IF:8-96,asset8,true,C:\Users\JBNU\git\ConstraintsRecovery\assets\tankwar\asset14,21,Tank$$TankWar.energie,FIELD,C:\Users\JBNU\git\ConstraintsRecovery\assets\tankwar\asset14:IF:8-384,asset14,true,FIELD_REFERENCE,if (((Tank) this).energie >= 30),TankWar_P1|TankWar_P2|TankWar_P3|TankWar_P4|TankWar_P5,TankWar_P1|TankWar_P2|TankWar_P3|TankWar_P4|TankWar_P5
D1521,RC-0672,C:\Users\JBNU\git\ConstraintsRecovery\assets\tankwar\asset8,65,Tank$$Image.tankMalen,METHOD,C:\Users\JBNU\git\ConstraintsRecovery\assets\tankwar\asset8:IF:8-96,asset8,true,C:\Users\JBNU\git\ConstraintsRecovery\assets\tankwar\asset14,21,Tank$$TankWar.energie,FIELD,C:\Users\JBNU\git\ConstraintsRecovery\assets\tankwar\asset14:IF:8-384,asset14,true,FIELD_REFERENCE,else if (((Tank) this).energie >= 20 && ((Tank) this).energie < 30),TankWar_P1|TankWar_P2|TankWar_P3|TankWar_P4|TankWar_P5,TankWar_P1|TankWar_P2|TankWar_P3|TankWar_P4|TankWar_P5
D1523,RC-0672,C:\Users\JBNU\git\ConstraintsRecovery\assets\tankwar\asset8,67,Tank$$Image.tankMalen,METHOD,C:\Users\JBNU\git\ConstraintsRecovery\assets\tankwar\asset8:IF:8-96,asset8,true,C:\Users\JBNU\git\ConstraintsRecovery\assets\tankwar\asset14,21,Tank$$TankWar.energie,FIELD,C:\Users\JBNU\git\ConstraintsRecovery\assets\tankwar\asset14:IF:8-384,asset14,true,FIELD_REFERENCE,else if (((Tank) this).energie >= 10 && ((Tank) this).energie < 20),TankWar_P1|TankWar_P2|TankWar_P3|TankWar_P4|TankWar_P5,TankWar_P1|TankWar_P2|TankWar_P3|TankWar_P4|TankWar_P5
D1525,RC-0672,C:\Users\JBNU\git\ConstraintsRecovery\assets\tankwar\asset8,71,Tank$$Image.tankMalen,METHOD,C:\Users\JBNU\git\ConstraintsRecovery\assets\tankwar\asset8:IF:8-96,asset8,true,C:\Users\JBNU\git\ConstraintsRecovery\assets\tankwar\asset14,21,Tank$$TankWar.energie,FIELD,C:\Users\JBNU\git\ConstraintsRecovery\assets\tankwar\asset14:IF:8-384,asset14,true,FIELD_REFERENCE,if (((Tank) this).energie >= 30),TankWar_P1|TankWar_P2|TankWar_P3|TankWar_P4|TankWar_P5,TankWar_P1|TankWar_P2|TankWar_P3|TankWar_P4|TankWar_P5
D1527,RC-0672,C:\Users\JBNU\git\ConstraintsRecovery\assets\tankwar\asset8,73,Tank$$Image.tankMalen,METHOD,C:\Users\JBNU\git\ConstraintsRecovery\assets\tankwar\asset8:IF:8-96,asset8,true,C:\Users\JBNU\git\ConstraintsRecovery\assets\tankwar\asset14,21,Tank$$TankWar.energie,FIELD,C:\Users\JBNU\git\ConstraintsRecovery\assets\tankwar\asset14:IF:8-384,asset14,true,FIELD_REFERENCE,else if (((Tank) this).energie >= 20 && ((Tank) this).energie < 30),TankWar_P1|TankWar_P2|TankWar_P3|TankWar_P4|TankWar_P5,TankWar_P1|TankWar_P2|TankWar_P3|TankWar_P4|TankWar_P5
D1529,RC-0672,C:\Users\JBNU\git\ConstraintsRecovery\assets\tankwar\asset8,75,Tank$$Image.tankMalen,METHOD,C:\Users\JBNU\git\ConstraintsRecovery\assets\tankwar\asset8:IF:8-96,asset8,true,C:\Users\JBNU\git\ConstraintsRecovery\assets\tankwar\asset14,21,Tank$$TankWar.energie,FIELD,C:\Users\JBNU\git\ConstraintsRecovery\assets\tankwar\asset14:IF:8-384,asset14,true,FIELD_REFERENCE,else if (((Tank) this).energie >= 10 && ((Tank) this).energie < 20),TankWar_P1|TankWar_P2|TankWar_P3|TankWar_P4|TankWar_P5,TankWar_P1|TankWar_P2|TankWar_P3|TankWar_P4|TankWar_P5
D1503,RC-0673,C:\Users\JBNU\git\ConstraintsRecovery\assets\tankwar\asset8,35,Tank$$Image.tankMalen,METHOD,C:\Users\JBNU\git\ConstraintsRecovery\assets\tankwar\asset8:IF:8-96,asset8,true,C:\Users\JBNU\git\ConstraintsRecovery\assets\tankwar\asset8,80,Tank$$Image.drawTanks,METHOD,C:\Users\JBNU\git\ConstraintsRecovery\assets\tankwar\asset8:IF:8-96,asset8,true,METHOD_CALL,"drawTanks(""01"");",TankWar_P1|TankWar_P2|TankWar_P3|TankWar_P4|TankWar_P5,TankWar_P1|TankWar_P2|TankWar_P3|TankWar_P4|TankWar_P5
D1506,RC-0673,C:\Users\JBNU\git\ConstraintsRecovery\assets\tankwar\asset8,39,Tank$$Image.tankMalen,METHOD,C:\Users\JBNU\git\ConstraintsRecovery\assets\tankwar\asset8:IF:8-96,asset8,true,C:\Users\JBNU\git\ConstraintsRecovery\assets\tankwar\asset8,80,Tank$$Image.drawTanks,METHOD,C:\Users\JBNU\git\ConstraintsRecovery\assets\tankwar\asset8:IF:8-96,asset8,true,METHOD_CALL,"drawTanks(""02"");",TankWar_P1|TankWar_P2|TankWar_P3|TankWar_P4|TankWar_P5,TankWar_P1|TankWar_P2|TankWar_P3|TankWar_P4|TankWar_P5
D1509,RC-0673,C:\Users\JBNU\git\ConstraintsRecovery\assets\tankwar\asset8,43,Tank$$Image.tankMalen,METHOD,C:\Users\JBNU\git\ConstraintsRecovery\assets\tankwar\asset8:IF:8-96,asset8,true,C:\Users\JBNU\git\ConstraintsRecovery\assets\tankwar\asset8,80,Tank$$Image.drawTanks,METHOD,C:\Users\JBNU\git\ConstraintsRecovery\assets\tankwar\asset8:IF:8-96,asset8,true,METHOD_CALL,"drawTanks(""03"");",TankWar_P1|TankWar_P2|TankWar_P3|TankWar_P4|TankWar_P5,TankWar_P1|TankWar_P2|TankWar_P3|TankWar_P4|TankWar_P5
D1510,RC-0673,C:\Users\JBNU\git\ConstraintsRecovery\assets\tankwar\asset8,46,Tank$$Image.tankMalen,METHOD,C:\Users\JBNU\git\ConstraintsRecovery\assets\tankwar\asset8:IF:8-96,asset8,true,C:\Users\JBNU\git\ConstraintsRecovery\assets\tankwar\asset8,80,Tank$$Image.drawTanks,METHOD,C:\Users\JBNU\git\ConstraintsRecovery\assets\tankwar\asset8:IF:8-96,asset8,true,METHOD_CALL,"drawTanks(""11"");",TankWar_P1|TankWar_P2|TankWar_P3|TankWar_P4|TankWar_P5,TankWar_P1|TankWar_P2|TankWar_P3|TankWar_P4|TankWar_P5
D1511,RC-0673,C:\Users\JBNU\git\ConstraintsRecovery\assets\tankwar\asset8,49,Tank$$Image.tankMalen,METHOD,C:\Users\JBNU\git\ConstraintsRecovery\assets\tankwar\asset8:IF:8-96,asset8,true,C:\Users\JBNU\git\ConstraintsRecovery\assets\tankwar\asset8,80,Tank$$Image.drawTanks,METHOD,C:\Users\JBNU\git\ConstraintsRecovery\assets\tankwar\asset8:IF:8-96,asset8,true,METHOD_CALL,"drawTanks(""12"");",TankWar_P1|TankWar_P2|TankWar_P3|TankWar_P4|TankWar_P5,TankWar_P1|TankWar_P2|TankWar_P3|TankWar_P4|TankWar_P5
D1512,RC-0673,C:\Users\JBNU\git\ConstraintsRecovery\assets\tankwar\asset8,52,Tank$$Image.tankMalen,METHOD,C:\Users\JBNU\git\ConstraintsRecovery\assets\tankwar\asset8:IF:8-96,asset8,true,C:\Users\JBNU\git\ConstraintsRecovery\assets\tankwar\asset8,80,Tank$$Image.drawTanks,METHOD,C:\Users\JBNU\git\ConstraintsRecovery\assets\tankwar\asset8:IF:8-96,asset8,true,METHOD_CALL,"drawTanks(""13"");",TankWar_P1|TankWar_P2|TankWar_P3|TankWar_P4|TankWar_P5,TankWar_P1|TankWar_P2|TankWar_P3|TankWar_P4|TankWar_P5
D1514,RC-0673,C:\Users\JBNU\git\ConstraintsRecovery\assets\tankwar\asset8,56,Tank$$Image.tankMalen,METHOD,C:\Users\JBNU\git\ConstraintsRecovery\assets\tankwar\asset8:IF:8-96,asset8,true,C:\Users\JBNU\git\ConstraintsRecovery\assets\tankwar\asset8,80,Tank$$Image.drawTanks,METHOD,C:\Users\JBNU\git\ConstraintsRecovery\assets\tankwar\asset8:IF:8-96,asset8,true,METHOD_CALL,"drawTanks(""21"");",TankWar_P1|TankWar_P2|TankWar_P3|TankWar_P4|TankWar_P5,TankWar_P1|TankWar_P2|TankWar_P3|TankWar_P4|TankWar_P5
D1516,RC-0673,C:\Users\JBNU\git\ConstraintsRecovery\assets\tankwar\asset8,58,Tank$$Image.tankMalen,METHOD,C:\Users\JBNU\git\ConstraintsRecovery\assets\tankwar\asset8:IF:8-96,asset8,true,C:\Users\JBNU\git\ConstraintsRecovery\assets\tankwar\asset8,80,Tank$$Image.drawTanks,METHOD,C:\Users\JBNU\git\ConstraintsRecovery\assets\tankwar\asset8:IF:8-96,asset8,true,METHOD_CALL,"drawTanks(""24"");",TankWar_P1|TankWar_P2|TankWar_P3|TankWar_P4|TankWar_P5,TankWar_P1|TankWar_P2|TankWar_P3|TankWar_P4|TankWar_P5
D1518,RC-0673,C:\Users\JBNU\git\ConstraintsRecovery\assets\tankwar\asset8,60,Tank$$Image.tankMalen,METHOD,C:\Users\JBNU\git\ConstraintsRecovery\assets\tankwar\asset8:IF:8-96,asset8,true,C:\Users\JBNU\git\ConstraintsRecovery\assets\tankwar\asset8,80,Tank$$Image.drawTanks,METHOD,C:\Users\JBNU\git\ConstraintsRecovery\assets\tankwar\asset8:IF:8-96,asset8,true,METHOD_CALL,"drawTanks(""25"");",TankWar_P1|TankWar_P2|TankWar_P3|TankWar_P4|TankWar_P5,TankWar_P1|TankWar_P2|TankWar_P3|TankWar_P4|TankWar_P5
D1520,RC-0673,C:\Users\JBNU\git\ConstraintsRecovery\assets\tankwar\asset8,64,Tank$$Image.tankMalen,METHOD,C:\Users\JBNU\git\ConstraintsRecovery\assets\tankwar\asset8:IF:8-96,asset8,true,C:\Users\JBNU\git\ConstraintsRecovery\assets\tankwar\asset8,80,Tank$$Image.drawTanks,METHOD,C:\Users\JBNU\git\ConstraintsRecovery\assets\tankwar\asset8:IF:8-96,asset8,true,METHOD_CALL,"drawTanks(""22"");",TankWar_P1|TankWar_P2|TankWar_P3|TankWar_P4|TankWar_P5,TankWar_P1|TankWar_P2|TankWar_P3|TankWar_P4|TankWar_P5
D1522,RC-0673,C:\Users\JBNU\git\ConstraintsRecovery\assets\tankwar\asset8,66,Tank$$Image.tankMalen,METHOD,C:\Users\JBNU\git\ConstraintsRecovery\assets\tankwar\asset8:IF:8-96,asset8,true,C:\Users\JBNU\git\ConstraintsRecovery\assets\tankwar\asset8,80,Tank$$Image.drawTanks,METHOD,C:\Users\JBNU\git\ConstraintsRecovery\assets\tankwar\asset8:IF:8-96,asset8,true,METHOD_CALL,"drawTanks(""26"");",TankWar_P1|TankWar_P2|TankWar_P3|TankWar_P4|TankWar_P5,TankWar_P1|TankWar_P2|TankWar_P3|TankWar_P4|TankWar_P5
D1524,RC-0673,C:\Users\JBNU\git\ConstraintsRecovery\assets\tankwar\asset8,68,Tank$$Image.tankMalen,METHOD,C:\Users\JBNU\git\ConstraintsRecovery\assets\tankwar\asset8:IF:8-96,asset8,true,C:\Users\JBNU\git\ConstraintsRecovery\assets\tankwar\asset8,80,Tank$$Image.drawTanks,METHOD,C:\Users\JBNU\git\ConstraintsRecovery\assets\tankwar\asset8:IF:8-96,asset8,true,METHOD_CALL,"drawTanks(""27"");",TankWar_P1|TankWar_P2|TankWar_P3|TankWar_P4|TankWar_P5,TankWar_P1|TankWar_P2|TankWar_P3|TankWar_P4|TankWar_P5
D1526,RC-0673,C:\Users\JBNU\git\ConstraintsRecovery\assets\tankwar\asset8,72,Tank$$Image.tankMalen,METHOD,C:\Users\JBNU\git\ConstraintsRecovery\assets\tankwar\asset8:IF:8-96,asset8,true,C:\Users\JBNU\git\ConstraintsRecovery\assets\tankwar\asset8,80,Tank$$Image.drawTanks,METHOD,C:\Users\JBNU\git\ConstraintsRecovery\assets\tankwar\asset8:IF:8-96,asset8,true,METHOD_CALL,"drawTanks(""23"");",TankWar_P1|TankWar_P2|TankWar_P3|TankWar_P4|TankWar_P5,TankWar_P1|TankWar_P2|TankWar_P3|TankWar_P4|TankWar_P5
D1528,RC-0673,C:\Users\JBNU\git\ConstraintsRecovery\assets\tankwar\asset8,74,Tank$$Image.tankMalen,METHOD,C:\Users\JBNU\git\ConstraintsRecovery\assets\tankwar\asset8:IF:8-96,asset8,true,C:\Users\JBNU\git\ConstraintsRecovery\assets\tankwar\asset8,80,Tank$$Image.drawTanks,METHOD,C:\Users\JBNU\git\ConstraintsRecovery\assets\tankwar\asset8:IF:8-96,asset8,true,METHOD_CALL,"drawTanks(""28"");",TankWar_P1|TankWar_P2|TankWar_P3|TankWar_P4|TankWar_P5,TankWar_P1|TankWar_P2|TankWar_P3|TankWar_P4|TankWar_P5
D1530,RC-0673,C:\Users\JBNU\git\ConstraintsRecovery\assets\tankwar\asset8,76,Tank$$Image.tankMalen,METHOD,C:\Users\JBNU\git\ConstraintsRecovery\assets\tankwar\asset8:IF:8-96,asset8,true,C:\Users\JBNU\git\ConstraintsRecovery\assets\tankwar\asset8,80,Tank$$Image.drawTanks,METHOD,C:\Users\JBNU\git\ConstraintsRecovery\assets\tankwar\asset8:IF:8-96,asset8,true,METHOD_CALL,"drawTanks(""29"");",TankWar_P1|TankWar_P2|TankWar_P3|TankWar_P4|TankWar_P5,TankWar_P1|TankWar_P2|TankWar_P3|TankWar_P4|TankWar_P5
D1501,RC-0674,C:\Users\JBNU\git\ConstraintsRecovery\assets\tankwar\asset8,34,Tank$$Image.tankMalen,METHOD,C:\Users\JBNU\git\ConstraintsRecovery\assets\tankwar\asset8:IF:8-96,asset8,true,C:\Users\JBNU\git\ConstraintsRecovery\assets\tankwar\asset9,21,TankManager$$TankWar.koernigkeit2,FIELD,C:\Users\JBNU\git\ConstraintsRecovery\assets\tankwar\asset9:IF:8-248,asset9,true,FIELD_REFERENCE,"tankManager.maler.drawImage(""gh"", x_Koordinate - tankManager.koernigkeit2 * 2, y_Koordinate - tankManager.koernigkeit2 * 2);",TankWar_P1|TankWar_P2|TankWar_P3|TankWar_P4|TankWar_P5,TankWar_P1|TankWar_P2|TankWar_P3|TankWar_P4|TankWar_P5
D1504,RC-0674,C:\Users\JBNU\git\ConstraintsRecovery\assets\tankwar\asset8,38,Tank$$Image.tankMalen,METHOD,C:\Users\JBNU\git\ConstraintsRecovery\assets\tankwar\asset8:IF:8-96,asset8,true,C:\Users\JBNU\git\ConstraintsRecovery\assets\tankwar\asset9,21,TankManager$$TankWar.koernigkeit2,FIELD,C:\Users\JBNU\git\ConstraintsRecovery\assets\tankwar\asset9:IF:8-248,asset9,true,FIELD_REFERENCE,"tankManager.maler.drawImage(""gh"", x_Koordinate - tankManager.koernigkeit2 * 2, y_Koordinate - tankManager.koernigkeit2 * 2);",TankWar_P1|TankWar_P2|TankWar_P3|TankWar_P4|TankWar_P5,TankWar_P1|TankWar_P2|TankWar_P3|TankWar_P4|TankWar_P5
D1507,RC-0674,C:\Users\JBNU\git\ConstraintsRecovery\assets\tankwar\asset8,42,Tank$$Image.tankMalen,METHOD,C:\Users\JBNU\git\ConstraintsRecovery\assets\tankwar\asset8:IF:8-96,asset8,true,C:\Users\JBNU\git\ConstraintsRecovery\assets\tankwar\asset9,21,TankManager$$TankWar.koernigkeit2,FIELD,C:\Users\JBNU\git\ConstraintsRecovery\assets\tankwar\asset9:IF:8-248,asset9,true,FIELD_REFERENCE,"tankManager.maler.drawImage(""gh"", x_Koordinate - tankManager.koernigkeit2 * 2, y_Koordinate - tankManager.koernigkeit2 * 2);",TankWar_P1|TankWar_P2|TankWar_P3|TankWar_P4|TankWar_P5,TankWar_P1|TankWar_P2|TankWar_P3|TankWar_P4|TankWar_P5
D1666,RC-0675,C:\Users\JBNU\git\ConstraintsRecovery\assets\tankwar\asset9,54,TankManager$$TankWar.main,METHOD,C:\Users\JBNU\git\ConstraintsRecovery\assets\tankwar\asset9:ELIF:52-55,asset9,false,C:\Users\JBNU\git\ConstraintsRecovery\assets\tankwar\asset20,16,Tool.Tool,CONSTRUCTOR,C:\Users\JBNU\git\ConstraintsRecovery\assets\tankwar\asset20:IF:8-41,asset20,true,CONSTRUCTOR_CALL,"Tool t = new Tool(new TankManager(), 1, 2, 3);",TankWar_P3,TankWar_P1|TankWar_P2|TankWar_P3|TankWar_P4|TankWar_P5
D1668,RC-0676,C:\Users\JBNU\git\ConstraintsRecovery\assets\tankwar\asset9,58,TankManager$$TankWar.main,METHOD,C:\Users\JBNU\git\ConstraintsRecovery\assets\tankwar\asset9:ELIF:56-58,asset9,false,C:\Users\JBNU\git\ConstraintsRecovery\assets\tankwar\asset20,16,Tool.Tool,CONSTRUCTOR,C:\Users\JBNU\git\ConstraintsRecovery\assets\tankwar\asset20:IF:8-41,asset20,true,CONSTRUCTOR_CALL,"Tool t = new Tool(new TankManager(), 1, 2, 3);",TankWar_P2,TankWar_P1|TankWar_P2|TankWar_P3|TankWar_P4|TankWar_P5
D1667,RC-0677,C:\Users\JBNU\git\ConstraintsRecovery\assets\tankwar\asset9,57,TankManager$$TankWar.main,METHOD,C:\Users\JBNU\git\ConstraintsRecovery\assets\tankwar\asset9:ELIF:56-58,asset9,false,C:\Users\JBNU\git\ConstraintsRecovery\assets\tankwar\asset6,38,Maler.Maler,CONSTRUCTOR,C:\Users\JBNU\git\ConstraintsRecovery\assets\tankwar\asset6:IF:8-52,asset6,true,CONSTRUCTOR_CALL,(new Maler(new TankManager())).tankErstellen();,TankWar_P2,TankWar_P1|TankWar_P2|TankWar_P3|TankWar_P4|TankWar_P5
D1670,RC-0678,C:\Users\JBNU\git\ConstraintsRecovery\assets\tankwar\asset9,62,TankManager$$TankWar.main,METHOD,C:\Users\JBNU\git\ConstraintsRecovery\assets\tankwar\asset9:ELIF:59-62,asset9,false,C:\Users\JBNU\git\ConstraintsRecovery\assets\tankwar\asset20,16,Tool.Tool,CONSTRUCTOR,C:\Users\JBNU\git\ConstraintsRecovery\assets\tankwar\asset20:IF:8-41,asset20,true,CONSTRUCTOR_CALL,"Tool t = new Tool(new TankManager(), 1, 2, 3);",TankWar_P4,TankWar_P1|TankWar_P2|TankWar_P3|TankWar_P4|TankWar_P5
D1669,RC-0679,C:\Users\JBNU\git\ConstraintsRecovery\assets\tankwar\asset9,60,TankManager$$TankWar.main,METHOD,C:\Users\JBNU\git\ConstraintsRecovery\assets\tankwar\asset9:ELIF:59-62,asset9,false,C:\Users\JBNU\git\ConstraintsRecovery\assets\tankwar\asset6,38,Maler.Maler,CONSTRUCTOR,C:\Users\JBNU\git\ConstraintsRecovery\assets\tankwar\asset6:IF:8-52,asset6,true,CONSTRUCTOR_CALL,(new Maler(new TankManager())).tankErstellen();,TankWar_P4,TankWar_P1|TankWar_P2|TankWar_P3|TankWar_P4|TankWar_P5
D1671,RC-0680,C:\Users\JBNU\git\ConstraintsRecovery\assets\tankwar\asset9,66,TankManager$$TankWar.main,METHOD,C:\Users\JBNU\git\ConstraintsRecovery\assets\tankwar\asset9:ELIF:63-66,asset9,false,C:\Users\JBNU\git\ConstraintsRecovery\assets\tankwar\asset20,16,Tool.Tool,CONSTRUCTOR,C:\Users\JBNU\git\ConstraintsRecovery\assets\tankwar\asset20:IF:8-41,asset20,true,CONSTRUCTOR_CALL,"Tool t = new Tool(new TankManager(), 1, 2, 3);",TankWar_P5,TankWar_P1|TankWar_P2|TankWar_P3|TankWar_P4|TankWar_P5
D1665,RC-0681,C:\Users\JBNU\git\ConstraintsRecovery\assets\tankwar\asset9,50,TankManager$$TankWar.main,METHOD,C:\Users\JBNU\git\ConstraintsRecovery\assets\tankwar\asset9:IF:49-51,asset9,false,C:\Users\JBNU\git\ConstraintsRecovery\assets\tankwar\asset6,38,Maler.Maler,CONSTRUCTOR,C:\Users\JBNU\git\ConstraintsRecovery\assets\tankwar\asset6:IF:8-52,asset6,true,CONSTRUCTOR_CALL,(new Maler(new TankManager())).tankErstellen();,TankWar_P1,TankWar_P1|TankWar_P2|TankWar_P3|TankWar_P4|TankWar_P5
D1595,RC-0682,C:\Users\JBNU\git\ConstraintsRecovery\assets\tankwar\asset9,184,TankManager$$TankWar.mapLaden,METHOD,C:\Users\JBNU\git\ConstraintsRecovery\assets\tankwar\asset9:IF:8-248,asset9,true,C:\Users\JBNU\git\ConstraintsRecovery\assets\tankwar\asset11,45,MapInfo.MapInfo,CONSTRUCTOR,C:\Users\JBNU\git\ConstraintsRecovery\assets\tankwar\asset11:IF:8-132,asset11,true,CONSTRUCTOR_CALL,"MapInfo map = new MapInfo(((TankManager) this), lvl++);",TankWar_P1|TankWar_P2|TankWar_P3|TankWar_P4|TankWar_P5,TankWar_P1|TankWar_P2|TankWar_P3|TankWar_P4|TankWar_P5
D1616,RC-0683,C:\Users\JBNU\git\ConstraintsRecovery\assets\tankwar\asset9,195,TankManager$$TankWar.mapLaden,METHOD,C:\Users\JBNU\git\ConstraintsRecovery\assets\tankwar\asset9:IF:8-248,asset9,true,C:\Users\JBNU\git\ConstraintsRecovery\assets\tankwar\asset11,23,MapInfo.baseLocationX,FIELD,C:\Users\JBNU\git\ConstraintsRecovery\assets\tankwar\asset11:IF:8-132,asset11,true,FIELD_REFERENCE,bPositionX = map.baseLocationX;,TankWar_P1|TankWar_P2|TankWar_P3|TankWar_P4|TankWar_P5,TankWar_P1|TankWar_P2|TankWar_P3|TankWar_P4|TankWar_P5
D1618,RC-0684,C:\Users\JBNU\git\ConstraintsRecovery\assets\tankwar\asset9,196,TankManager$$TankWar.mapLaden,METHOD,C:\Users\JBNU\git\ConstraintsRecovery\assets\tankwar\asset9:IF:8-248,asset9,true,C:\Users\JBNU\git\ConstraintsRecovery\assets\tankwar\asset11,24,MapInfo.baseLocationY,FIELD,C:\Users\JBNU\git\ConstraintsRecovery\assets\tankwar\asset11:IF:8-132,asset11,true,FIELD_REFERENCE,bPositionY = map.baseLocationY;,TankWar_P1|TankWar_P2|TankWar_P3|TankWar_P4|TankWar_P5,TankWar_P1|TankWar_P2|TankWar_P3|TankWar_P4|TankWar_P5
D1599,RC-0685,C:\Users\JBNU\git\ConstraintsRecovery\assets\tankwar\asset9,186,TankManager$$TankWar.mapLaden,METHOD,C:\Users\JBNU\git\ConstraintsRecovery\assets\tankwar\asset9:IF:8-248,asset9,true,C:\Users\JBNU\git\ConstraintsRecovery\assets\tankwar\asset11,12,MapInfo.brickWall,FIELD,C:\Users\JBNU\git\ConstraintsRecovery\assets\tankwar\asset11:IF:8-132,asset11,true,FIELD_REFERENCE,brickwall = map.brickWall;,TankWar_P1|TankWar_P2|TankWar_P3|TankWar_P4|TankWar_P5,TankWar_P1|TankWar_P2|TankWar_P3|TankWar_P4|TankWar_P5
D1612,RC-0686,C:\Users\JBNU\git\ConstraintsRecovery\assets\tankwar\asset9,193,TankManager$$TankWar.mapLaden,METHOD,C:\Users\JBNU\git\ConstraintsRecovery\assets\tankwar\asset9:IF:8-248,asset9,true,C:\Users\JBNU\git\ConstraintsRecovery\assets\tankwar\asset11,42,MapInfo.enemyAllNr,FIELD,C:\Users\JBNU\git\ConstraintsRecovery\assets\tankwar\asset11:IF:8-132,asset11,true,FIELD_REFERENCE,tankAllNum = map.enemyAllNr;,TankWar_P1|TankWar_P2|TankWar_P3|TankWar_P4|TankWar_P5,TankWar_P1|TankWar_P2|TankWar_P3|TankWar_P4|TankWar_P5
D1614,RC-0687,C:\Users\JBNU\git\ConstraintsRecovery\assets\tankwar\asset9,194,TankManager$$TankWar.mapLaden,METHOD,C:\Users\JBNU\git\ConstraintsRecovery\assets\tankwar\asset9:IF:8-248,asset9,true,C:\Users\JBNU\git\ConstraintsRecovery\assets\tankwar\asset11,43,MapInfo.enemyMaxNr,FIELD,C:\Users\JBNU\git\ConstraintsRecovery\assets\tankwar\asset11:IF:8-132,asset11,true,FIELD_REFERENCE,tankMaxNum = map.enemyMaxNr;,TankWar_P1|TankWar_P2|TankWar_P3|TankWar_P4|TankWar_P5,TankWar_P1|TankWar_P2|TankWar_P3|TankWar_P4|TankWar_P5
D1603,RC-0688,C:\Users\JBNU\git\ConstraintsRecovery\assets\tankwar\asset9,188,TankManager$$TankWar.mapLaden,METHOD,C:\Users\JBNU\git\ConstraintsRecovery\assets\tankwar\asset9:IF:8-248,asset9,true,C:\Users\JBNU\git\ConstraintsRecovery\assets\tankwar\asset11,14,MapInfo.grassWall,FIELD,C:\Users\JBNU\git\ConstraintsRecovery\assets\tankwar\asset11:IF:8-132,asset11,true,FIELD_REFERENCE,grasswall = map.grassWall;,TankWar_P1|TankWar_P2|TankWar_P3|TankWar_P4|TankWar_P5,TankWar_P1|TankWar_P2|TankWar_P3|TankWar_P4|TankWar_P5
D1601,RC-0689,C:\Users\JBNU\git\ConstraintsRecovery\assets\tankwar\asset9,187,TankManager$$TankWar.mapLaden,METHOD,C:\Users\JBNU\git\ConstraintsRecovery\assets\tankwar\asset9:IF:8-248,asset9,true,C:\Users\JBNU\git\ConstraintsRecovery\assets\tankwar\asset11,13,MapInfo.metalWall,FIELD,C:\Users\JBNU\git\ConstraintsRecovery\assets\tankwar\asset11:IF:8-132,asset11,true,FIELD_REFERENCE,metalwall = map.metalWall;,TankWar_P1|TankWar_P2|TankWar_P3|TankWar_P4|TankWar_P5,TankWar_P1|TankWar_P2|TankWar_P3|TankWar_P4|TankWar_P5
D1608,RC-0690,C:\Users\JBNU\git\ConstraintsRecovery\assets\tankwar\asset9,191,TankManager$$TankWar.mapLaden,METHOD,C:\Users\JBNU\git\ConstraintsRecovery\assets\tankwar\asset9:IF:8-248,asset9,true,C:\Users\JBNU\git\ConstraintsRecovery\assets\tankwar\asset11,21,MapInfo.playerLocationX,FIELD,C:\Users\JBNU\git\ConstraintsRecovery\assets\tankwar\asset11:IF:8-132,asset11,true,FIELD_REFERENCE,playerPositionX = map.playerLocationX;,TankWar_P1|TankWar_P2|TankWar_P3|TankWar_P4|TankWar_P5,TankWar_P1|TankWar_P2|TankWar_P3|TankWar_P4|TankWar_P5
D1610,RC-0691,C:\Users\JBNU\git\ConstraintsRecovery\assets\tankwar\asset9,192,TankManager$$TankWar.mapLaden,METHOD,C:\Users\JBNU\git\ConstraintsRecovery\assets\tankwar\asset9:IF:8-248,asset9,true,C:\Users\JBNU\git\ConstraintsRecovery\assets\tankwar\asset11,22,MapInfo.playerLocationY,FIELD,C:\Users\JBNU\git\ConstraintsRecovery\assets\tankwar\asset11:IF:8-132,asset11,true,FIELD_REFERENCE,playerPositionY = map.playerLocationY;,TankWar_P1|TankWar_P2|TankWar_P3|TankWar_P4|TankWar_P5,TankWar_P1|TankWar_P2|TankWar_P3|TankWar_P4|TankWar_P5
D1597,RC-0692,C:\Users\JBNU\git\ConstraintsRecovery\assets\tankwar\asset9,185,TankManager$$TankWar.mapLaden,METHOD,C:\Users\JBNU\git\ConstraintsRecovery\assets\tankwar\asset9:IF:8-248,asset9,true,C:\Users\JBNU\git\ConstraintsRecovery\assets\tankwar\asset11,19,MapInfo.read,FIELD,C:\Users\JBNU\git\ConstraintsRecovery\assets\tankwar\asset11:IF:8-132,asset11,true,FIELD_REFERENCE,mapReady = map.read;,TankWar_P1|TankWar_P2|TankWar_P3|TankWar_P4|TankWar_P5,TankWar_P1|TankWar_P2|TankWar_P3|TankWar_P4|TankWar_P5
D1605,RC-0693,C:\Users\JBNU\git\ConstraintsRecovery\assets\tankwar\asset9,189,TankManager$$TankWar.mapLaden,METHOD,C:\Users\JBNU\git\ConstraintsRecovery\assets\tankwar\asset9:IF:8-248,asset9,true,C:\Users\JBNU\git\ConstraintsRecovery\assets\tankwar\asset11,15,MapInfo.waterWall,FIELD,C:\Users\JBNU\git\ConstraintsRecovery\assets\tankwar\asset11:IF:8-132,asset11,true,FIELD_REFERENCE,waterwall = map.waterWall;,TankWar_P1|TankWar_P2|TankWar_P3|TankWar_P4|TankWar_P5,TankWar_P1|TankWar_P2|TankWar_P3|TankWar_P4|TankWar_P5
D1590,RC-0694,C:\Users\JBNU\git\ConstraintsRecovery\assets\tankwar\asset9,17,TankManager$$TankWar,CLASS,C:\Users\JBNU\git\ConstraintsRecovery\assets\tankwar\asset9:IF:8-248,asset9,true,C:\Users\JBNU\git\ConstraintsRecovery\assets\tankwar\asset12,9,MIDlet,CLASS,C:\Users\JBNU\git\ConstraintsRecovery\assets\tankwar\asset12:IF:8-10,asset12,true,EXTENDS,abstract class TankManager$$TankWar extends MIDlet implements GameManager {,TankWar_P1|TankWar_P2|TankWar_P3|TankWar_P4|TankWar_P5,TankWar_P1|TankWar_P2|TankWar_P3|TankWar_P4|TankWar_P5
D1661,RC-0695,C:\Users\JBNU\git\ConstraintsRecovery\assets\tankwar\asset9,241,TankManager$$TankWar.getBlood,METHOD,C:\Users\JBNU\git\ConstraintsRecovery\assets\tankwar\asset9:IF:8-248,asset9,true,C:\Users\JBNU\git\ConstraintsRecovery\assets\tankwar\asset14,21,Tank$$TankWar.energie,FIELD,C:\Users\JBNU\git\ConstraintsRecovery\assets\tankwar\asset14:IF:8-384,asset14,true,FIELD_REFERENCE,return tank1.energie / 10;,TankWar_P1|TankWar_P2|TankWar_P3|TankWar_P4|TankWar_P5,TankWar_P1|TankWar_P2|TankWar_P3|TankWar_P4|TankWar_P5
D1569,RC-0696,C:\Users\JBNU\git\ConstraintsRecovery\assets\tankwar\asset9,150,TankManager$$TankWar.komponenteMalen,METHOD,C:\Users\JBNU\git\ConstraintsRecovery\assets\tankwar\asset9:IF:8-248,asset9,true,C:\Users\JBNU\git\ConstraintsRecovery\assets\tankwar\asset14,21,Tank$$TankWar.energie,FIELD,C:\Users\JBNU\git\ConstraintsRecovery\assets\tankwar\asset14:IF:8-384,asset14,true,FIELD_REFERENCE,if (base != null && base.energie <= 0) {,TankWar_P1|TankWar_P2|TankWar_P3|TankWar_P4|TankWar_P5,TankWar_P1|TankWar_P2|TankWar_P3|TankWar_P4|TankWar_P5
D1685,RC-0697,C:\Users\JBNU\git\ConstraintsRecovery\assets\tankwar\asset9,78,TankManager$$TankWar.init,METHOD,C:\Users\JBNU\git\ConstraintsRecovery\assets\tankwar\asset9:IF:8-248,asset9,true,C:\Users\JBNU\git\ConstraintsRecovery\assets\tankwar\asset21,11,MalerZeit.MalerZeit,CONSTRUCTOR,C:\Users\JBNU\git\ConstraintsRecovery\assets\tankwar\asset21:IF:8-24,asset21,true,CONSTRUCTOR_CALL,new MalerZeit(((TankManager) this)).start();,TankWar_P1|TankWar_P2|TankWar_P3|TankWar_P4|TankWar_P5,TankWar_P1|TankWar_P2|TankWar_P3|TankWar_P4|TankWar_P5
D1680,RC-0698,C:\Users\JBNU\git\ConstraintsRecovery\assets\tankwar\asset9,75,TankManager$$TankWar.init,METHOD,C:\Users\JBNU\git\ConstraintsRecovery\assets\tankwar\asset9:IF:8-248,asset9,true,C:\Users\JBNU\git\ConstraintsRecovery\assets\tankwar\asset2,307,Maler$$PC.getScreenHeight,METHOD,C:\Users\JBNU\git\ConstraintsRecovery\assets\tankwar\asset2:IF:8-332,asset2,true,METHOD_CALL,screenHeight = maler.getScreenHeight();,TankWar_P1|TankWar_P2|TankWar_P3|TankWar_P4|TankWar_P5,TankWar_P1|TankWar_P2|TankWar_P3|TankWar_P4|TankWar_P5
D1677,RC-0699,C:\Users\JBNU\git\ConstraintsRecovery\assets\tankwar\asset9,74,TankManager$$TankWar.init,METHOD,C:\Users\JBNU\git\ConstraintsRecovery\assets\tankwar\asset9:IF:8-248,asset9,true,C:\Users\JBNU\git\ConstraintsRecovery\assets\tankwar\asset2,304,Maler$$PC.getScreenWidth,METHOD,C:\Users\JBNU\git\ConstraintsRecovery\assets\tankwar\asset2:IF:8-332,asset2,true,METHOD_CALL,screenWidth = maler.getScreenWidth();,TankWar_P1|TankWar_P2|TankWar_P3|TankWar_P4|TankWar_P5,TankWar_P1|TankWar_P2|TankWar_P3|TankWar_P4|TankWar_P5
D1689,RC-0700,C:\Users\JBNU\git\ConstraintsRecovery\assets\tankwar\asset9,85,TankManager$$TankWar.keyPressBehandeln,METHOD,C:\Users\JBNU\git\ConstraintsRecovery\assets\tankwar\asset9:IF:8-248,asset9,true,C:\Users\JBNU\git\ConstraintsRecovery\assets\tankwar\asset2,222,Maler$$PC.keyPressedBehandeln,METHOD,C:\Users\JBNU\git\ConstraintsRecovery\assets\tankwar\asset2:IF:8-332,asset2,true,METHOD_CALL,maler.keyPressedBehandeln(key);,TankWar_P1|TankWar_P2|TankWar_P3|TankWar_P4|TankWar_P5,TankWar_P1|TankWar_P2|TankWar_P3|TankWar_P4|TankWar_P5
D1559,RC-0701,C:\Users\JBNU\git\ConstraintsRecovery\assets\tankwar\asset9,134,TankManager$$TankWar.malenkontrolle,METHOD,C:\Users\JBNU\git\ConstraintsRecovery\assets\tankwar\asset9:IF:8-248,asset9,true,C:\Users\JBNU\git\ConstraintsRecovery\assets\tankwar\asset2,188,Maler$$PC.gameExit,METHOD,C:\Users\JBNU\git\ConstraintsRecovery\assets\tankwar\asset2:IF:8-332,asset2,true,METHOD_CALL,maler.gameExit();,TankWar_P1|TankWar_P2|TankWar_P3|TankWar_P4|TankWar_P5,TankWar_P1|TankWar_P2|TankWar_P3|TankWar_P4|TankWar_P5
D1554,RC-0702,C:\Users\JBNU\git\ConstraintsRecovery\assets\tankwar\asset9,126,TankManager$$TankWar.malenkontrolle,METHOD,C:\Users\JBNU\git\ConstraintsRecovery\assets\tankwar\asset9:IF:8-248,asset9,true,C:\Users\JBNU\git\ConstraintsRecovery\assets\tankwar\asset2,124,Maler$$PC.gameLevel,METHOD,C:\Users\JBNU\git\ConstraintsRecovery\assets\tankwar\asset2:IF:8-332,asset2,true,METHOD_CALL,maler.gameLevel(lvl);,TankWar_P1|TankWar_P2|TankWar_P3|TankWar_P4|TankWar_P5,TankWar_P1|TankWar_P2|TankWar_P3|TankWar_P4|TankWar_P5
D1547,RC-0703,C:\Users\JBNU\git\ConstraintsRecovery\assets\tankwar\asset9,116,TankManager$$TankWar.malenkontrolle,METHOD,C:\Users\JBNU\git\ConstraintsRecovery\assets\tankwar\asset9:IF:8-248,asset9,true,C:\Users\JBNU\git\ConstraintsRecovery\assets\tankwar\asset2,105,Maler$$PC.help,METHOD,C:\Users\JBNU\git\ConstraintsRecovery\assets\tankwar\asset2:IF:8-332,asset2,true,METHOD_CALL,maler.help();,TankWar_P1|TankWar_P2|TankWar_P3|TankWar_P4|TankWar_P5,TankWar_P1|TankWar_P2|TankWar_P3|TankWar_P4|TankWar_P5
D1543,RC-0704,C:\Users\JBNU\git\ConstraintsRecovery\assets\tankwar\asset9,110,TankManager$$TankWar.malenkontrolle,METHOD,C:\Users\JBNU\git\ConstraintsRecovery\assets\tankwar\asset9:IF:8-248,asset9,true,C:\Users\JBNU\git\ConstraintsRecovery\assets\tankwar\asset2,73,Maler$$PC.mainMenu,METHOD,C:\Users\JBNU\git\ConstraintsRecovery\assets\tankwar\asset2:IF:8-332,asset2,true,METHOD_CALL,maler.mainMenu();,TankWar_P1|TankWar_P2|TankWar_P3|TankWar_P4|TankWar_P5,TankWar_P1|TankWar_P2|TankWar_P3|TankWar_P4|TankWar_P5
D1551,RC-0705,C:\Users\JBNU\git\ConstraintsRecovery\assets\tankwar\asset9,123,TankManager$$TankWar.malenkontrolle,METHOD,C:\Users\JBNU\git\ConstraintsRecovery\assets\tankwar\asset9:IF:8-248,asset9,true,C:\Users\JBNU\git\ConstraintsRecovery\assets\tankwar\asset2,211,Maler$$PC.pause,METHOD,C:\Users\JBNU\git\ConstraintsRecovery\assets\tankwar\asset2:IF:8-332,asset2,true,METHOD_CALL,maler.pause();,TankWar_P1|TankWar_P2|TankWar_P3|TankWar_P4|TankWar_P5,TankWar_P1|TankWar_P2|TankWar_P3|TankWar_P4|TankWar_P5
D1545,RC-0706,C:\Users\JBNU\git\ConstraintsRecovery\assets\tankwar\asset9,113,TankManager$$TankWar.malenkontrolle,METHOD,C:\Users\JBNU\git\ConstraintsRecovery\assets\tankwar\asset9:IF:8-248,asset9,true,C:\Users\JBNU\git\ConstraintsRecovery\assets\tankwar\asset2,92,Maler$$PC.tankWaehlen,METHOD,C:\Users\JBNU\git\ConstraintsRecovery\assets\tankwar\asset2:IF:8-332,asset2,true,METHOD_CALL,maler.tankWaehlen();,TankWar_P1|TankWar_P2|TankWar_P3|TankWar_P4|TankWar_P5,TankWar_P1|TankWar_P2|TankWar_P3|TankWar_P4|TankWar_P5
D1624,RC-0707,C:\Users\JBNU\git\ConstraintsRecovery\assets\tankwar\asset9,203,TankManager$$TankWar.tanksLaden,METHOD,C:\Users\JBNU\git\ConstraintsRecovery\assets\tankwar\asset9:IF:8-248,asset9,true,C:\Users\JBNU\git\ConstraintsRecovery\assets\tankwar\asset2,41,Maler$$PC.tankType,FIELD,C:\Users\JBNU\git\ConstraintsRecovery\assets\tankwar\asset2:IF:8-332,asset2,true,FIELD_REFERENCE,"tank1 = new Tank(((TankManager) this), playerPositionX, playerPositionY, maler.tankType);",TankWar_P1|TankWar_P2|TankWar_P3|TankWar_P4|TankWar_P5,TankWar_P1|TankWar_P2|TankWar_P3|TankWar_P4|TankWar_P5
D1672,RC-0708,C:\Users\JBNU\git\ConstraintsRecovery\assets\tankwar\asset9,72,TankManager$$TankWar.init,METHOD,C:\Users\JBNU\git\ConstraintsRecovery\assets\tankwar\asset9:IF:8-248,asset9,true,C:\Users\JBNU\git\ConstraintsRecovery\assets\tankwar\asset6,38,Maler.Maler,CONSTRUCTOR,C:\Users\JBNU\git\ConstraintsRecovery\assets\tankwar\asset6:IF:8-52,asset6,true,CONSTRUCTOR_CALL,maler = new Maler(((TankManager) this));,TankWar_P1|TankWar_P2|TankWar_P3|TankWar_P4|TankWar_P5,TankWar_P1|TankWar_P2|TankWar_P3|TankWar_P4|TankWar_P5
D1664,RC-0709,C:\Users\JBNU\git\ConstraintsRecovery\assets\tankwar\asset9,46,TankManager$$TankWar.TankManager$$TankWar,CONSTRUCTOR,C:\Users\JBNU\git\ConstraintsRecovery\assets\tankwar\asset9:IF:8-248,asset9,true,C:\Users\JBNU\git\ConstraintsRecovery\assets\tankwar\asset9,71,TankManager$$TankWar.init,METHOD,C:\Users\JBNU\git\ConstraintsRecovery\assets\tankwar\asset9:IF:8-248,asset9,true,METHOD_CALL,init();,TankWar_P1|TankWar_P2|TankWar_P3|TankWar_P4|TankWar_P5,TankWar_P1|TankWar_P2|TankWar_P3|TankWar_P4|TankWar_P5
D1644,RC-0710,C:\Users\JBNU\git\ConstraintsRecovery\assets\tankwar\asset9,222,TankManager$$TankWar.addEnemyTank,METHOD,C:\Users\JBNU\git\ConstraintsRecovery\assets\tankwar\asset9:IF:8-248,asset9,true,C:\Users\JBNU\git\ConstraintsRecovery\assets\tankwar\asset9,25,TankManager$$TankWar.base,FIELD,C:\Users\JBNU\git\ConstraintsRecovery\assets\tankwar\asset9:IF:8-248,asset9,true,FIELD_REFERENCE,enemyTankNum = tankMenge.size() - (tank1 == null ? 0 : 1) - (tank2 == null ? 0 : 1) - (base == null ? 0 : 1);,TankWar_P1|TankWar_P2|TankWar_P3|TankWar_P4|TankWar_P5,TankWar_P1|TankWar_P2|TankWar_P3|TankWar_P4|TankWar_P5
D1650,RC-0711,C:\Users\JBNU\git\ConstraintsRecovery\assets\tankwar\asset9,224,TankManager$$TankWar.addEnemyTank,METHOD,C:\Users\JBNU\git\ConstraintsRecovery\assets\tankwar\asset9:IF:8-248,asset9,true,C:\Users\JBNU\git\ConstraintsRecovery\assets\tankwar\asset9,33,TankManager$$TankWar.enemyPosition,FIELD,C:\Users\JBNU\git\ConstraintsRecovery\assets\tankwar\asset9:IF:8-248,asset9,true,FIELD_REFERENCE,int f = enemyPosition.size();,TankWar_P1|TankWar_P2|TankWar_P3|TankWar_P4|TankWar_P5,TankWar_P1|TankWar_P2|TankWar_P3|TankWar_P4|TankWar_P5
D1655,RC-0711,C:\Users\JBNU\git\ConstraintsRecovery\assets\tankwar\asset9,230,TankManager$$TankWar.addEnemyTank,METHOD,C:\Users\JBNU\git\ConstraintsRecovery\assets\tankwar\asset9:IF:8-248,asset9,true,C:\Users\JBNU\git\ConstraintsRecovery\assets\tankwar\asset9,33,TankManager$$TankWar.enemyPosition,FIELD,C:\Users\JBNU\git\ConstraintsRecovery\assets\tankwar\asset9:IF:8-248,asset9,true,FIELD_REFERENCE,Integer y = (Integer) enemyPosition.elementAt(i);,TankWar_P1|TankWar_P2|TankWar_P3|TankWar_P4|TankWar_P5,TankWar_P1|TankWar_P2|TankWar_P3|TankWar_P4|TankWar_P5
D1646,RC-0712,C:\Users\JBNU\git\ConstraintsRecovery\assets\tankwar\asset9,222,TankManager$$TankWar.addEnemyTank,METHOD,C:\Users\JBNU\git\ConstraintsRecovery\assets\tankwar\asset9:IF:8-248,asset9,true,C:\Users\JBNU\git\ConstraintsRecovery\assets\tankwar\asset9,41,TankManager$$TankWar.enemyTankNum,FIELD,C:\Users\JBNU\git\ConstraintsRecovery\assets\tankwar\asset9:IF:8-248,asset9,true,FIELD_REFERENCE,enemyTankNum = tankMenge.size() - (tank1 == null ? 0 : 1) - (tank2 == null ? 0 : 1) - (base == null ? 0 : 1);,TankWar_P1|TankWar_P2|TankWar_P3|TankWar_P4|TankWar_P5,TankWar_P1|TankWar_P2|TankWar_P3|TankWar_P4|TankWar_P5
D1649,RC-0712,C:\Users\JBNU\git\ConstraintsRecovery\assets\tankwar\asset9,223,TankManager$$TankWar.addEnemyTank,METHOD,C:\Users\JBNU\git\ConstraintsRecovery\assets\tankwar\asset9:IF:8-248,asset9,true,C:\Users\JBNU\git\ConstraintsRecovery\assets\tankwar\asset9,41,TankManager$$TankWar.enemyTankNum,FIELD,C:\Users\JBNU\git\ConstraintsRecovery\assets\tankwar\asset9:IF:8-248,asset9,true,FIELD_REFERENCE,if (enemyTankNum < tankMaxNum && tankAllNum > 0) {,TankWar_P1|TankWar_P2|TankWar_P3|TankWar_P4|TankWar_P5,TankWar_P1|TankWar_P2|TankWar_P3|TankWar_P4|TankWar_P5
D1652,RC-0713,C:\Users\JBNU\git\ConstraintsRecovery\assets\tankwar\asset9,226,TankManager$$TankWar.addEnemyTank,METHOD,C:\Users\JBNU\git\ConstraintsRecovery\assets\tankwar\asset9:IF:8-248,asset9,true,C:\Users\JBNU\git\ConstraintsRecovery\assets\tankwar\asset9,34,TankManager$$TankWar.enemyType,FIELD,C:\Users\JBNU\git\ConstraintsRecovery\assets\tankwar\asset9:IF:8-248,asset9,true,FIELD_REFERENCE,int g = enemyType.size();,TankWar_P1|TankWar_P2|TankWar_P3|TankWar_P4|TankWar_P5,TankWar_P1|TankWar_P2|TankWar_P3|TankWar_P4|TankWar_P5
D1654,RC-0713,C:\Users\JBNU\git\ConstraintsRecovery\assets\tankwar\asset9,228,TankManager$$TankWar.addEnemyTank,METHOD,C:\Users\JBNU\git\ConstraintsRecovery\assets\tankwar\asset9:IF:8-248,asset9,true,C:\Users\JBNU\git\ConstraintsRecovery\assets\tankwar\asset9,34,TankManager$$TankWar.enemyType,FIELD,C:\Users\JBNU\git\ConstraintsRecovery\assets\tankwar\asset9:IF:8-248,asset9,true,FIELD_REFERENCE,Integer tankTy2 = (Integer) enemyType.elementAt(h);,TankWar_P1|TankWar_P2|TankWar_P3|TankWar_P4|TankWar_P5,TankWar_P1|TankWar_P2|TankWar_P3|TankWar_P4|TankWar_P5
D1651,RC-0714,C:\Users\JBNU\git\ConstraintsRecovery\assets\tankwar\asset9,225,TankManager$$TankWar.addEnemyTank,METHOD,C:\Users\JBNU\git\ConstraintsRecovery\assets\tankwar\asset9:IF:8-248,asset9,true,C:\Users\JBNU\git\ConstraintsRecovery\assets\tankwar\asset9,42,TankManager$$TankWar.random,FIELD,C:\Users\JBNU\git\ConstraintsRecovery\assets\tankwar\asset9:IF:8-248,asset9,true,FIELD_REFERENCE,int i = Math.abs(random.nextInt() % f);,TankWar_P1|TankWar_P2|TankWar_P3|TankWar_P4|TankWar_P5,TankWar_P1|TankWar_P2|TankWar_P3|TankWar_P4|TankWar_P5
D1653,RC-0714,C:\Users\JBNU\git\ConstraintsRecovery\assets\tankwar\asset9,227,TankManager$$TankWar.addEnemyTank,METHOD,C:\Users\JBNU\git\ConstraintsRecovery\assets\tankwar\asset9:IF:8-248,asset9,true,C:\Users\JBNU\git\ConstraintsRecovery\assets\tankwar\asset9,42,TankManager$$TankWar.random,FIELD,C:\Users\JBNU\git\ConstraintsRecovery\assets\tankwar\asset9:IF:8-248,asset9,true,FIELD_REFERENCE,int h = Math.abs(random.nextInt() % g);,TankWar_P1|TankWar_P2|TankWar_P3|TankWar_P4|TankWar_P5,TankWar_P1|TankWar_P2|TankWar_P3|TankWar_P4|TankWar_P5
D1642,RC-0715,C:\Users\JBNU\git\ConstraintsRecovery\assets\tankwar\asset9,222,TankManager$$TankWar.addEnemyTank,METHOD,C:\Users\JBNU\git\ConstraintsRecovery\assets\tankwar\asset9:IF:8-248,asset9,true,C:\Users\JBNU\git\ConstraintsRecovery\assets\tankwar\asset9,23,TankManager$$TankWar.tank1,FIELD,C:\Users\JBNU\git\ConstraintsRecovery\assets\tankwar\asset9:IF:8-248,asset9,true,FIELD_REFERENCE,enemyTankNum = tankMenge.size() - (tank1 == null ? 0 : 1) - (tank2 == null ? 0 : 1) - (base == null ? 0 : 1);,TankWar_P1|TankWar_P2|TankWar_P3|TankWar_P4|TankWar_P5,TankWar_P1|TankWar_P2|TankWar_P3|TankWar_P4|TankWar_P5
D1643,RC-0716,C:\Users\JBNU\git\ConstraintsRecovery\assets\tankwar\asset9,222,TankManager$$TankWar.addEnemyTank,METHOD,C:\Users\JBNU\git\ConstraintsRecovery\assets\tankwar\asset9:IF:8-248,asset9,true,C:\Users\JBNU\git\ConstraintsRecovery\assets\tankwar\asset9,24,TankManager$$TankWar.tank2,FIELD,C:\Users\JBNU\git\ConstraintsRecovery\assets\tankwar\asset9:IF:8-248,asset9,true,FIELD_REFERENCE,enemyTankNum = tankMenge.size() - (tank1 == null ? 0 : 1) - (tank2 == null ? 0 : 1) - (base == null ? 0 : 1);,TankWar_P1|TankWar_P2|TankWar_P3|TankWar_P4|TankWar_P5,TankWar_P1|TankWar_P2|TankWar_P3|TankWar_P4|TankWar_P5
D1647,RC-0717,C:\Users\JBNU\git\ConstraintsRecovery\assets\tankwar\asset9,223,TankManager$$TankWar.addEnemyTank,METHOD,C:\Users\JBNU\git\ConstraintsRecovery\assets\tankwar\asset9:IF:8-248,asset9,true,C:\Users\JBNU\git\ConstraintsRecovery\assets\tankwar\asset9,39,TankManager$$TankWar.tankAllNum,FIELD,C:\Users\JBNU\git\ConstraintsRecovery\assets\tankwar\asset9:IF:8-248,asset9,true,FIELD_REFERENCE,if (enemyTankNum < tankMaxNum && tankAllNum > 0) {,TankWar_P1|TankWar_P2|TankWar_P3|TankWar_P4|TankWar_P5,TankWar_P1|TankWar_P2|TankWar_P3|TankWar_P4|TankWar_P5
D1658,RC-0717,C:\Users\JBNU\git\ConstraintsRecovery\assets\tankwar\asset9,235,TankManager$$TankWar.addEnemyTank,METHOD,C:\Users\JBNU\git\ConstraintsRecovery\assets\tankwar\asset9:IF:8-248,asset9,true,C:\Users\JBNU\git\ConstraintsRecovery\assets\tankwar\asset9,39,TankManager$$TankWar.tankAllNum,FIELD,C:\Users\JBNU\git\ConstraintsRecovery\assets\tankwar\asset9:IF:8-248,asset9,true,FIELD_REFERENCE,((TankManager) this).tankAllNum--;,TankWar_P1|TankWar_P2|TankWar_P3|TankWar_P4|TankWar_P5,TankWar_P1|TankWar_P2|TankWar_P3|TankWar_P4|TankWar_P5
D1648,RC-0718,C:\Users\JBNU\git\ConstraintsRecovery\assets\tankwar\asset9,223,TankManager$$TankWar.addEnemyTank,METHOD,C:\Users\JBNU\git\ConstraintsRecovery\assets\tankwar\asset9:IF:8-248,asset9,true,C:\Users\JBNU\git\ConstraintsRecovery\assets\tankwar\asset9,40,TankManager$$TankWar.tankMaxNum,FIELD,C:\Users\JBNU\git\ConstraintsRecovery\assets\tankwar\asset9:IF:8-248,asset9,true,FIELD_REFERENCE,if (enemyTankNum < tankMaxNum && tankAllNum > 0) {,TankWar_P1|TankWar_P2|TankWar_P3|TankWar_P4|TankWar_P5,TankWar_P1|TankWar_P2|TankWar_P3|TankWar_P4|TankWar_P5
D1645,RC-0719,C:\Users\JBNU\git\ConstraintsRecovery\assets\tankwar\asset9,222,TankManager$$TankWar.addEnemyTank,METHOD,C:\Users\JBNU\git\ConstraintsRecovery\assets\tankwar\asset9:IF:8-248,asset9,true,C:\Users\JBNU\git\ConstraintsRecovery\assets\tankwar\asset9,27,TankManager$$TankWar.tankMenge,FIELD,C:\Users\JBNU\git\ConstraintsRecovery\assets\tankwar\asset9:IF:8-248,asset9,true,FIELD_REFERENCE,enemyTankNum = tankMenge.size() - (tank1 == null ? 0 : 1) - (tank2 == null ? 0 : 1) - (base == null ? 0 : 1);,TankWar_P1|TankWar_P2|TankWar_P3|TankWar_P4|TankWar_P5,TankWar_P1|TankWar_P2|TankWar_P3|TankWar_P4|TankWar_P5
D1656,RC-0719,C:\Users\JBNU\git\ConstraintsRecovery\assets\tankwar\asset9,233,TankManager$$TankWar.addEnemyTank,METHOD,C:\Users\JBNU\git\ConstraintsRecovery\assets\tankwar\asset9:IF:8-248,asset9,true,C:\Users\JBNU\git\ConstraintsRecovery\assets\tankwar\asset9,27,TankManager$$TankWar.tankMenge,FIELD,C:\Users\JBNU\git\ConstraintsRecovery\assets\tankwar\asset9:IF:8-248,asset9,true,FIELD_REFERENCE,if (!enemyTank.stossenGegen(tankMenge)) {,TankWar_P1|TankWar_P2|TankWar_P3|TankWar_P4|TankWar_P5,TankWar_P1|TankWar_P2|TankWar_P3|TankWar_P4|TankWar_P5
D1657,RC-0719,C:\Users\JBNU\git\ConstraintsRecovery\assets\tankwar\asset9,234,TankManager$$TankWar.addEnemyTank,METHOD,C:\Users\JBNU\git\ConstraintsRecovery\assets\tankwar\asset9:IF:8-248,asset9,true,C:\Users\JBNU\git\ConstraintsRecovery\assets\tankwar\asset9,27,TankManager$$TankWar.tankMenge,FIELD,C:\Users\JBNU\git\ConstraintsRecovery\assets\tankwar\asset9:IF:8-248,asset9,true,FIELD_REFERENCE,tankMenge.addElement(enemyTank);,TankWar_P1|TankWar_P2|TankWar_P3|TankWar_P4|TankWar_P5,TankWar_P1|TankWar_P2|TankWar_P3|TankWar_P4|TankWar_P5
D1686,RC-0720,C:\Users\JBNU\git\ConstraintsRecovery\assets\tankwar\asset9,81,TankManager$$TankWar.aktualisieren,METHOD,C:\Users\JBNU\git\ConstraintsRecovery\assets\tankwar\asset9:IF:8-248,asset9,true,C:\Users\JBNU\git\ConstraintsRecovery\assets\tankwar\asset9,18,TankManager$$TankWar.maler,FIELD,C:\Users\JBNU\git\ConstraintsRecovery\assets\tankwar\asset9:IF:8-248,asset9,true,FIELD_REFERENCE,maler.repaint();,TankWar_P1|TankWar_P2|TankWar_P3|TankWar_P4|TankWar_P5,TankWar_P1|TankWar_P2|TankWar_P3|TankWar_P4|TankWar_P5
D1659,RC-0721,C:\Users\JBNU\git\ConstraintsRecovery\assets\tankwar\asset9,240,TankManager$$TankWar.getBlood,METHOD,C:\Users\JBNU\git\ConstraintsRecovery\assets\tankwar\asset9:IF:8-248,asset9,true,C:\Users\JBNU\git\ConstraintsRecovery\assets\tankwar\asset9,23,TankManager$$TankWar.tank1,FIELD,C:\Users\JBNU\git\ConstraintsRecovery\assets\tankwar\asset9:IF:8-248,asset9,true,FIELD_REFERENCE,if (tank1 != null) {,TankWar_P1|TankWar_P2|TankWar_P3|TankWar_P4|TankWar_P5,TankWar_P1|TankWar_P2|TankWar_P3|TankWar_P4|TankWar_P5
D1660,RC-0721,C:\Users\JBNU\git\ConstraintsRecovery\assets\tankwar\asset9,241,TankManager$$TankWar.getBlood,METHOD,C:\Users\JBNU\git\ConstraintsRecovery\assets\tankwar\asset9:IF:8-248,asset9,true,C:\Users\JBNU\git\ConstraintsRecovery\assets\tankwar\asset9,23,TankManager$$TankWar.tank1,FIELD,C:\Users\JBNU\git\ConstraintsRecovery\assets\tankwar\asset9:IF:8-248,asset9,true,FIELD_REFERENCE,return tank1.energie / 10;,TankWar_P1|TankWar_P2|TankWar_P3|TankWar_P4|TankWar_P5,TankWar_P1|TankWar_P2|TankWar_P3|TankWar_P4|TankWar_P5
D1663,RC-0722,C:\Users\JBNU\git\ConstraintsRecovery\assets\tankwar\asset9,246,TankManager$$TankWar.getTankMenge,METHOD,C:\Users\JBNU\git\ConstraintsRecovery\assets\tankwar\asset9:IF:8-248,asset9,true,C:\Users\JBNU\git\ConstraintsRecovery\assets\tankwar\asset9,41,TankManager$$TankWar.enemyTankNum,FIELD,C:\Users\JBNU\git\ConstraintsRecovery\assets\tankwar\asset9:IF:8-248,asset9,true,FIELD_REFERENCE,return (tankAllNum + enemyTankNum);,TankWar_P1|TankWar_P2|TankWar_P3|TankWar_P4|TankWar_P5,TankWar_P1|TankWar_P2|TankWar_P3|TankWar_P4|TankWar_P5
D1662,RC-0723,C:\Users\JBNU\git\ConstraintsRecovery\assets\tankwar\asset9,246,TankManager$$TankWar.getTankMenge,METHOD,C:\Users\JBNU\git\ConstraintsRecovery\assets\tankwar\asset9:IF:8-248,asset9,true,C:\Users\JBNU\git\ConstraintsRecovery\assets\tankwar\asset9,39,TankManager$$TankWar.tankAllNum,FIELD,C:\Users\JBNU\git\ConstraintsRecovery\assets\tankwar\asset9:IF:8-248,asset9,true,FIELD_REFERENCE,return (tankAllNum + enemyTankNum);,TankWar_P1|TankWar_P2|TankWar_P3|TankWar_P4|TankWar_P5,TankWar_P1|TankWar_P2|TankWar_P3|TankWar_P4|TankWar_P5
D1682,RC-0724,C:\Users\JBNU\git\ConstraintsRecovery\assets\tankwar\asset9,76,TankManager$$TankWar.init,METHOD,C:\Users\JBNU\git\ConstraintsRecovery\assets\tankwar\asset9:IF:8-248,asset9,true,C:\Users\JBNU\git\ConstraintsRecovery\assets\tankwar\asset9,21,TankManager$$TankWar.koernigkeit,FIELD,C:\Users\JBNU\git\ConstraintsRecovery\assets\tankwar\asset9:IF:8-248,asset9,true,FIELD_REFERENCE,koernigkeit = screenWidth / 30;,TankWar_P1|TankWar_P2|TankWar_P3|TankWar_P4|TankWar_P5,TankWar_P1|TankWar_P2|TankWar_P3|TankWar_P4|TankWar_P5
D1683,RC-0724,C:\Users\JBNU\git\ConstraintsRecovery\assets\tankwar\asset9,77,TankManager$$TankWar.init,METHOD,C:\Users\JBNU\git\ConstraintsRecovery\assets\tankwar\asset9:IF:8-248,asset9,true,C:\Users\JBNU\git\ConstraintsRecovery\assets\tankwar\asset9,21,TankManager$$TankWar.koernigkeit,FIELD,C:\Users\JBNU\git\ConstraintsRecovery\assets\tankwar\asset9:IF:8-248,asset9,true,FIELD_REFERENCE,koernigkeit2 = koernigkeit / 2;,TankWar_P1|TankWar_P2|TankWar_P3|TankWar_P4|TankWar_P5,TankWar_P1|TankWar_P2|TankWar_P3|TankWar_P4|TankWar_P5
D1684,RC-0725,C:\Users\JBNU\git\ConstraintsRecovery\assets\tankwar\asset9,77,TankManager$$TankWar.init,METHOD,C:\Users\JBNU\git\ConstraintsRecovery\assets\tankwar\asset9:IF:8-248,asset9,true,C:\Users\JBNU\git\ConstraintsRecovery\assets\tankwar\asset9,21,TankManager$$TankWar.koernigkeit2,FIELD,C:\Users\JBNU\git\ConstraintsRecovery\assets\tankwar\asset9:IF:8-248,asset9,true,FIELD_REFERENCE,koernigkeit2 = koernigkeit / 2;,TankWar_P1|TankWar_P2|TankWar_P3|TankWar_P4|TankWar_P5,TankWar_P1|TankWar_P2|TankWar_P3|TankWar_P4|TankWar_P5
D1673,RC-0726,C:\Users\JBNU\git\ConstraintsRecovery\assets\tankwar\asset9,72,TankManager$$TankWar.init,METHOD,C:\Users\JBNU\git\ConstraintsRecovery\assets\tankwar\asset9:IF:8-248,asset9,true,C:\Users\JBNU\git\ConstraintsRecovery\assets\tankwar\asset9,18,TankManager$$TankWar.maler,FIELD,C:\Users\JBNU\git\ConstraintsRecovery\assets\tankwar\asset9:IF:8-248,asset9,true,FIELD_REFERENCE,maler = new Maler(((TankManager) this));,TankWar_P1|TankWar_P2|TankWar_P3|TankWar_P4|TankWar_P5,TankWar_P1|TankWar_P2|TankWar_P3|TankWar_P4|TankWar_P5
D1674,RC-0726,C:\Users\JBNU\git\ConstraintsRecovery\assets\tankwar\asset9,73,TankManager$$TankWar.init,METHOD,C:\Users\JBNU\git\ConstraintsRecovery\assets\tankwar\asset9:IF:8-248,asset9,true,C:\Users\JBNU\git\ConstraintsRecovery\assets\tankwar\asset9,18,TankManager$$TankWar.maler,FIELD,C:\Users\JBNU\git\ConstraintsRecovery\assets\tankwar\asset9:IF:8-248,asset9,true,FIELD_REFERENCE,maler.init();,TankWar_P1|TankWar_P2|TankWar_P3|TankWar_P4|TankWar_P5,TankWar_P1|TankWar_P2|TankWar_P3|TankWar_P4|TankWar_P5
D1675,RC-0726,C:\Users\JBNU\git\ConstraintsRecovery\assets\tankwar\asset9,74,TankManager$$TankWar.init,METHOD,C:\Users\JBNU\git\ConstraintsRecovery\assets\tankwar\asset9:IF:8-248,asset9,true,C:\Users\JBNU\git\ConstraintsRecovery\assets\tankwar\asset9,18,TankManager$$TankWar.maler,FIELD,C:\Users\JBNU\git\ConstraintsRecovery\assets\tankwar\asset9:IF:8-248,asset9,true,FIELD_REFERENCE,screenWidth = maler.getScreenWidth();,TankWar_P1|TankWar_P2|TankWar_P3|TankWar_P4|TankWar_P5,TankWar_P1|TankWar_P2|TankWar_P3|TankWar_P4|TankWar_P5
D1678,RC-0726,C:\Users\JBNU\git\ConstraintsRecovery\assets\tankwar\asset9,75,TankManager$$TankWar.init,METHOD,C:\Users\JBNU\git\ConstraintsRecovery\assets\tankwar\asset9:IF:8-248,asset9,true,C:\Users\JBNU\git\ConstraintsRecovery\assets\tankwar\asset9,18,TankManager$$TankWar.maler,FIELD,C:\Users\JBNU\git\ConstraintsRecovery\assets\tankwar\asset9:IF:8-248,asset9,true,FIELD_REFERENCE,screenHeight = maler.getScreenHeight();,TankWar_P1|TankWar_P2|TankWar_P3|TankWar_P4|TankWar_P5,TankWar_P1|TankWar_P2|TankWar_P3|TankWar_P4|TankWar_P5
D1679,RC-0727,C:\Users\JBNU\git\ConstraintsRecovery\assets\tankwar\asset9,75,TankManager$$TankWar.init,METHOD,C:\Users\JBNU\git\ConstraintsRecovery\assets\tankwar\asset9:IF:8-248,asset9,true,C:\Users\JBNU\git\ConstraintsRecovery\assets\tankwar\asset9,20,TankManager$$TankWar.screenHeight,FIELD,C:\Users\JBNU\git\ConstraintsRecovery\assets\tankwar\asset9:IF:8-248,asset9,true,FIELD_REFERENCE,screenHeight = maler.getScreenHeight();,TankWar_P1|TankWar_P2|TankWar_P3|TankWar_P4|TankWar_P5,TankWar_P1|TankWar_P2|TankWar_P3|TankWar_P4|TankWar_P5
D1676,RC-0728,C:\Users\JBNU\git\ConstraintsRecovery\assets\tankwar\asset9,74,TankManager$$TankWar.init,METHOD,C:\Users\JBNU\git\ConstraintsRecovery\assets\tankwar\asset9:IF:8-248,asset9,true,C:\Users\JBNU\git\ConstraintsRecovery\assets\tankwar\asset9,20,TankManager$$TankWar.screenWidth,FIELD,C:\Users\JBNU\git\ConstraintsRecovery\assets\tankwar\asset9:IF:8-248,asset9,true,FIELD_REFERENCE,screenWidth = maler.getScreenWidth();,TankWar_P1|TankWar_P2|TankWar_P3|TankWar_P4|TankWar_P5,TankWar_P1|TankWar_P2|TankWar_P3|TankWar_P4|TankWar_P5
D1681,RC-0728,C:\Users\JBNU\git\ConstraintsRecovery\assets\tankwar\asset9,76,TankManager$$TankWar.init,METHOD,C:\Users\JBNU\git\ConstraintsRecovery\assets\tankwar\asset9:IF:8-248,asset9,true,C:\Users\JBNU\git\ConstraintsRecovery\assets\tankwar\asset9,20,TankManager$$TankWar.screenWidth,FIELD,C:\Users\JBNU\git\ConstraintsRecovery\assets\tankwar\asset9:IF:8-248,asset9,true,FIELD_REFERENCE,koernigkeit = screenWidth / 30;,TankWar_P1|TankWar_P2|TankWar_P3|TankWar_P4|TankWar_P5,TankWar_P1|TankWar_P2|TankWar_P3|TankWar_P4|TankWar_P5
D1688,RC-0729,C:\Users\JBNU\git\ConstraintsRecovery\assets\tankwar\asset9,85,TankManager$$TankWar.keyPressBehandeln,METHOD,C:\Users\JBNU\git\ConstraintsRecovery\assets\tankwar\asset9:IF:8-248,asset9,true,C:\Users\JBNU\git\ConstraintsRecovery\assets\tankwar\asset9,18,TankManager$$TankWar.maler,FIELD,C:\Users\JBNU\git\ConstraintsRecovery\assets\tankwar\asset9:IF:8-248,asset9,true,FIELD_REFERENCE,maler.keyPressedBehandeln(key);,TankWar_P1|TankWar_P2|TankWar_P3|TankWar_P4|TankWar_P5,TankWar_P1|TankWar_P2|TankWar_P3|TankWar_P4|TankWar_P5
D1690,RC-0729,C:\Users\JBNU\git\ConstraintsRecovery\assets\tankwar\asset9,89,TankManager$$TankWar.keyPressBehandeln,METHOD,C:\Users\JBNU\git\ConstraintsRecovery\assets\tankwar\asset9:IF:8-248,asset9,true,C:\Users\JBNU\git\ConstraintsRecovery\assets\tankwar\asset9,18,TankManager$$TankWar.maler,FIELD,C:\Users\JBNU\git\ConstraintsRecovery\assets\tankwar\asset9:IF:8-248,asset9,true,FIELD_REFERENCE,maler.setStatus(GameManager.PAUSE);,TankWar_P1|TankWar_P2|TankWar_P3|TankWar_P4|TankWar_P5,TankWar_P1|TankWar_P2|TankWar_P3|TankWar_P4|TankWar_P5
D1691,RC-0729,C:\Users\JBNU\git\ConstraintsRecovery\assets\tankwar\asset9,93,TankManager$$TankWar.keyPressBehandeln,METHOD,C:\Users\JBNU\git\ConstraintsRecovery\assets\tankwar\asset9:IF:8-248,asset9,true,C:\Users\JBNU\git\ConstraintsRecovery\assets\tankwar\asset9,18,TankManager$$TankWar.maler,FIELD,C:\Users\JBNU\git\ConstraintsRecovery\assets\tankwar\asset9:IF:8-248,asset9,true,FIELD_REFERENCE,maler.setStatus(GameManager.EXIT);,TankWar_P1|TankWar_P2|TankWar_P3|TankWar_P4|TankWar_P5,TankWar_P1|TankWar_P2|TankWar_P3|TankWar_P4|TankWar_P5
D1687,RC-0730,C:\Users\JBNU\git\ConstraintsRecovery\assets\tankwar\asset9,84,TankManager$$TankWar.keyPressBehandeln,METHOD,C:\Users\JBNU\git\ConstraintsRecovery\assets\tankwar\asset9:IF:8-248,asset9,true,C:\Users\JBNU\git\ConstraintsRecovery\assets\tankwar\asset9,19,TankManager$$TankWar.status,FIELD,C:\Users\JBNU\git\ConstraintsRecovery\assets\tankwar\asset9:IF:8-248,asset9,true,FIELD_REFERENCE,if (status != GameManager.SPIELEN) {,TankWar_P1|TankWar_P2|TankWar_P3|TankWar_P4|TankWar_P5,TankWar_P1|TankWar_P2|TankWar_P3|TankWar_P4|TankWar_P5
D1692,RC-0731,C:\Users\JBNU\git\ConstraintsRecovery\assets\tankwar\asset9,95,TankManager$$TankWar.keyPressBehandeln,METHOD,C:\Users\JBNU\git\ConstraintsRecovery\assets\tankwar\asset9:IF:8-248,asset9,true,C:\Users\JBNU\git\ConstraintsRecovery\assets\tankwar\asset9,23,TankManager$$TankWar.tank1,FIELD,C:\Users\JBNU\git\ConstraintsRecovery\assets\tankwar\asset9:IF:8-248,asset9,true,FIELD_REFERENCE,if (tank1 != null),TankWar_P1|TankWar_P2|TankWar_P3|TankWar_P4|TankWar_P5,TankWar_P1|TankWar_P2|TankWar_P3|TankWar_P4|TankWar_P5
D1693,RC-0731,C:\Users\JBNU\git\ConstraintsRecovery\assets\tankwar\asset9,96,TankManager$$TankWar.keyPressBehandeln,METHOD,C:\Users\JBNU\git\ConstraintsRecovery\assets\tankwar\asset9:IF:8-248,asset9,true,C:\Users\JBNU\git\ConstraintsRecovery\assets\tankwar\asset9,23,TankManager$$TankWar.tank1,FIELD,C:\Users\JBNU\git\ConstraintsRecovery\assets\tankwar\asset9:IF:8-248,asset9,true,FIELD_REFERENCE,tank1.keyPressBehandeln(key);,TankWar_P1|TankWar_P2|TankWar_P3|TankWar_P4|TankWar_P5,TankWar_P1|TankWar_P2|TankWar_P3|TankWar_P4|TankWar_P5
D1536,RC-0732,C:\Users\JBNU\git\ConstraintsRecovery\assets\tankwar\asset9,100,TankManager$$TankWar.keyReleaseBehandeln,METHOD,C:\Users\JBNU\git\ConstraintsRecovery\assets\tankwar\asset9:IF:8-248,asset9,true,C:\Users\JBNU\git\ConstraintsRecovery\assets\tankwar\asset9,19,TankManager$$TankWar.status,FIELD,C:\Users\JBNU\git\ConstraintsRecovery\assets\tankwar\asset9:IF:8-248,asset9,true,FIELD_REFERENCE,if (status == GameManager.SPIELEN) {,TankWar_P1|TankWar_P2|TankWar_P3|TankWar_P4|TankWar_P5,TankWar_P1|TankWar_P2|TankWar_P3|TankWar_P4|TankWar_P5
D1537,RC-0733,C:\Users\JBNU\git\ConstraintsRecovery\assets\tankwar\asset9,101,TankManager$$TankWar.keyReleaseBehandeln,METHOD,C:\Users\JBNU\git\ConstraintsRecovery\assets\tankwar\asset9:IF:8-248,asset9,true,C:\Users\JBNU\git\ConstraintsRecovery\assets\tankwar\asset9,23,TankManager$$TankWar.tank1,FIELD,C:\Users\JBNU\git\ConstraintsRecovery\assets\tankwar\asset9:IF:8-248,asset9,true,FIELD_REFERENCE,if (tank1 != null),TankWar_P1|TankWar_P2|TankWar_P3|TankWar_P4|TankWar_P5,TankWar_P1|TankWar_P2|TankWar_P3|TankWar_P4|TankWar_P5
D1538,RC-0733,C:\Users\JBNU\git\ConstraintsRecovery\assets\tankwar\asset9,102,TankManager$$TankWar.keyReleaseBehandeln,METHOD,C:\Users\JBNU\git\ConstraintsRecovery\assets\tankwar\asset9:IF:8-248,asset9,true,C:\Users\JBNU\git\ConstraintsRecovery\assets\tankwar\asset9,23,TankManager$$TankWar.tank1,FIELD,C:\Users\JBNU\git\ConstraintsRecovery\assets\tankwar\asset9:IF:8-248,asset9,true,FIELD_REFERENCE,tank1.keyReleaseBehandeln(key);,TankWar_P1|TankWar_P2|TankWar_P3|TankWar_P4|TankWar_P5,TankWar_P1|TankWar_P2|TankWar_P3|TankWar_P4|TankWar_P5
D1565,RC-0734,C:\Users\JBNU\git\ConstraintsRecovery\assets\tankwar\asset9,145,TankManager$$TankWar.komponenteMalen,METHOD,C:\Users\JBNU\git\ConstraintsRecovery\assets\tankwar\asset9:IF:8-248,asset9,true,C:\Users\JBNU\git\ConstraintsRecovery\assets\tankwar\asset9,221,TankManager$$TankWar.addEnemyTank,METHOD,C:\Users\JBNU\git\ConstraintsRecovery\assets\tankwar\asset9:IF:8-248,asset9,true,METHOD_CALL,addEnemyTank();,TankWar_P1|TankWar_P2|TankWar_P3|TankWar_P4|TankWar_P5,TankWar_P1|TankWar_P2|TankWar_P3|TankWar_P4|TankWar_P5
D1568,RC-0735,C:\Users\JBNU\git\ConstraintsRecovery\assets\tankwar\asset9,150,TankManager$$TankWar.komponenteMalen,METHOD,C:\Users\JBNU\git\ConstraintsRecovery\assets\tankwar\asset9:IF:8-248,asset9,true,C:\Users\JBNU\git\ConstraintsRecovery\assets\tankwar\asset9,25,TankManager$$TankWar.base,FIELD,C:\Users\JBNU\git\ConstraintsRecovery\assets\tankwar\asset9:IF:8-248,asset9,true,FIELD_REFERENCE,if (base != null && base.energie <= 0) {,TankWar_P1|TankWar_P2|TankWar_P3|TankWar_P4|TankWar_P5,TankWar_P1|TankWar_P2|TankWar_P3|TankWar_P4|TankWar_P5
D1576,RC-0736,C:\Users\JBNU\git\ConstraintsRecovery\assets\tankwar\asset9,160,TankManager$$TankWar.komponenteMalen,METHOD,C:\Users\JBNU\git\ConstraintsRecovery\assets\tankwar\asset9:IF:8-248,asset9,true,C:\Users\JBNU\git\ConstraintsRecovery\assets\tankwar\asset9,29,TankManager$$TankWar.brickwall,FIELD,C:\Users\JBNU\git\ConstraintsRecovery\assets\tankwar\asset9:IF:8-248,asset9,true,FIELD_REFERENCE,gruppeMalen(brickwall);,TankWar_P1|TankWar_P2|TankWar_P3|TankWar_P4|TankWar_P5,TankWar_P1|TankWar_P2|TankWar_P3|TankWar_P4|TankWar_P5
D1572,RC-0737,C:\Users\JBNU\git\ConstraintsRecovery\assets\tankwar\asset9,154,TankManager$$TankWar.komponenteMalen,METHOD,C:\Users\JBNU\git\ConstraintsRecovery\assets\tankwar\asset9:IF:8-248,asset9,true,C:\Users\JBNU\git\ConstraintsRecovery\assets\tankwar\asset9,41,TankManager$$TankWar.enemyTankNum,FIELD,C:\Users\JBNU\git\ConstraintsRecovery\assets\tankwar\asset9:IF:8-248,asset9,true,FIELD_REFERENCE,if (tankAllNum + enemyTankNum == 0) {,TankWar_P1|TankWar_P2|TankWar_P3|TankWar_P4|TankWar_P5,TankWar_P1|TankWar_P2|TankWar_P3|TankWar_P4|TankWar_P5
D1560,RC-0738,C:\Users\JBNU\git\ConstraintsRecovery\assets\tankwar\asset9,139,TankManager$$TankWar.komponenteMalen,METHOD,C:\Users\JBNU\git\ConstraintsRecovery\assets\tankwar\asset9:IF:8-248,asset9,true,C:\Users\JBNU\git\ConstraintsRecovery\assets\tankwar\asset9,43,TankManager$$TankWar.game,FIELD,C:\Users\JBNU\git\ConstraintsRecovery\assets\tankwar\asset9:IF:8-248,asset9,true,FIELD_REFERENCE,if (!game) {,TankWar_P1|TankWar_P2|TankWar_P3|TankWar_P4|TankWar_P5,TankWar_P1|TankWar_P2|TankWar_P3|TankWar_P4|TankWar_P5
D1563,RC-0738,C:\Users\JBNU\git\ConstraintsRecovery\assets\tankwar\asset9,142,TankManager$$TankWar.komponenteMalen,METHOD,C:\Users\JBNU\git\ConstraintsRecovery\assets\tankwar\asset9:IF:8-248,asset9,true,C:\Users\JBNU\git\ConstraintsRecovery\assets\tankwar\asset9,43,TankManager$$TankWar.game,FIELD,C:\Users\JBNU\git\ConstraintsRecovery\assets\tankwar\asset9:IF:8-248,asset9,true,FIELD_REFERENCE,game = true;,TankWar_P1|TankWar_P2|TankWar_P3|TankWar_P4|TankWar_P5,TankWar_P1|TankWar_P2|TankWar_P3|TankWar_P4|TankWar_P5
D1573,RC-0738,C:\Users\JBNU\git\ConstraintsRecovery\assets\tankwar\asset9,155,TankManager$$TankWar.komponenteMalen,METHOD,C:\Users\JBNU\git\ConstraintsRecovery\assets\tankwar\asset9:IF:8-248,asset9,true,C:\Users\JBNU\git\ConstraintsRecovery\assets\tankwar\asset9,43,TankManager$$TankWar.game,FIELD,C:\Users\JBNU\git\ConstraintsRecovery\assets\tankwar\asset9:IF:8-248,asset9,true,FIELD_REFERENCE,game = false;,TankWar_P1|TankWar_P2|TankWar_P3|TankWar_P4|TankWar_P5,TankWar_P1|TankWar_P2|TankWar_P3|TankWar_P4|TankWar_P5
D1586,RC-0739,C:\Users\JBNU\git\ConstraintsRecovery\assets\tankwar\asset9,165,TankManager$$TankWar.komponenteMalen,METHOD,C:\Users\JBNU\git\ConstraintsRecovery\assets\tankwar\asset9:IF:8-248,asset9,true,C:\Users\JBNU\git\ConstraintsRecovery\assets\tankwar\asset9,31,TankManager$$TankWar.grasswall,FIELD,C:\Users\JBNU\git\ConstraintsRecovery\assets\tankwar\asset9:IF:8-248,asset9,true,FIELD_REFERENCE,gruppeMalen(grasswall);,TankWar_P1|TankWar_P2|TankWar_P3|TankWar_P4|TankWar_P5,TankWar_P1|TankWar_P2|TankWar_P3|TankWar_P4|TankWar_P5
D1577,RC-0740,C:\Users\JBNU\git\ConstraintsRecovery\assets\tankwar\asset9,160,TankManager$$TankWar.komponenteMalen,METHOD,C:\Users\JBNU\git\ConstraintsRecovery\assets\tankwar\asset9:IF:8-248,asset9,true,C:\Users\JBNU\git\ConstraintsRecovery\assets\tankwar\asset9,171,TankManager$$TankWar.gruppeMalen,METHOD,C:\Users\JBNU\git\ConstraintsRecovery\assets\tankwar\asset9:IF:8-248,asset9,true,METHOD_CALL,gruppeMalen(brickwall);,TankWar_P1|TankWar_P2|TankWar_P3|TankWar_P4|TankWar_P5,TankWar_P1|TankWar_P2|TankWar_P3|TankWar_P4|TankWar_P5
D1579,RC-0740,C:\Users\JBNU\git\ConstraintsRecovery\assets\tankwar\asset9,161,TankManager$$TankWar.komponenteMalen,METHOD,C:\Users\JBNU\git\ConstraintsRecovery\assets\tankwar\asset9:IF:8-248,asset9,true,C:\Users\JBNU\git\ConstraintsRecovery\assets\tankwar\asset9,171,TankManager$$TankWar.gruppeMalen,METHOD,C:\Users\JBNU\git\ConstraintsRecovery\assets\tankwar\asset9:IF:8-248,asset9,true,METHOD_CALL,gruppeMalen(tankMenge);,TankWar_P1|TankWar_P2|TankWar_P3|TankWar_P4|TankWar_P5,TankWar_P1|TankWar_P2|TankWar_P3|TankWar_P4|TankWar_P5
D1581,RC-0740,C:\Users\JBNU\git\ConstraintsRecovery\assets\tankwar\asset9,162,TankManager$$TankWar.komponenteMalen,METHOD,C:\Users\JBNU\git\ConstraintsRecovery\assets\tankwar\asset9:IF:8-248,asset9,true,C:\Users\JBNU\git\ConstraintsRecovery\assets\tankwar\asset9,171,TankManager$$TankWar.gruppeMalen,METHOD,C:\Users\JBNU\git\ConstraintsRecovery\assets\tankwar\asset9:IF:8-248,asset9,true,METHOD_CALL,gruppeMalen(waterwall);,TankWar_P1|TankWar_P2|TankWar_P3|TankWar_P4|TankWar_P5,TankWar_P1|TankWar_P2|TankWar_P3|TankWar_P4|TankWar_P5
D1583,RC-0740,C:\Users\JBNU\git\ConstraintsRecovery\assets\tankwar\asset9,163,TankManager$$TankWar.komponenteMalen,METHOD,C:\Users\JBNU\git\ConstraintsRecovery\assets\tankwar\asset9:IF:8-248,asset9,true,C:\Users\JBNU\git\ConstraintsRecovery\assets\tankwar\asset9,171,TankManager$$TankWar.gruppeMalen,METHOD,C:\Users\JBNU\git\ConstraintsRecovery\assets\tankwar\asset9:IF:8-248,asset9,true,METHOD_CALL,gruppeMalen(missilesMenge);,TankWar_P1|TankWar_P2|TankWar_P3|TankWar_P4|TankWar_P5,TankWar_P1|TankWar_P2|TankWar_P3|TankWar_P4|TankWar_P5
D1585,RC-0740,C:\Users\JBNU\git\ConstraintsRecovery\assets\tankwar\asset9,164,TankManager$$TankWar.komponenteMalen,METHOD,C:\Users\JBNU\git\ConstraintsRecovery\assets\tankwar\asset9:IF:8-248,asset9,true,C:\Users\JBNU\git\ConstraintsRecovery\assets\tankwar\asset9,171,TankManager$$TankWar.gruppeMalen,METHOD,C:\Users\JBNU\git\ConstraintsRecovery\assets\tankwar\asset9:IF:8-248,asset9,true,METHOD_CALL,gruppeMalen(metalwall);,TankWar_P1|TankWar_P2|TankWar_P3|TankWar_P4|TankWar_P5,TankWar_P1|TankWar_P2|TankWar_P3|TankWar_P4|TankWar_P5
D1587,RC-0740,C:\Users\JBNU\git\ConstraintsRecovery\assets\tankwar\asset9,165,TankManager$$TankWar.komponenteMalen,METHOD,C:\Users\JBNU\git\ConstraintsRecovery\assets\tankwar\asset9:IF:8-248,asset9,true,C:\Users\JBNU\git\ConstraintsRecovery\assets\tankwar\asset9,171,TankManager$$TankWar.gruppeMalen,METHOD,C:\Users\JBNU\git\ConstraintsRecovery\assets\tankwar\asset9:IF:8-248,asset9,true,METHOD_CALL,gruppeMalen(grasswall);,TankWar_P1|TankWar_P2|TankWar_P3|TankWar_P4|TankWar_P5,TankWar_P1|TankWar_P2|TankWar_P3|TankWar_P4|TankWar_P5
D1567,RC-0741,C:\Users\JBNU\git\ConstraintsRecovery\assets\tankwar\asset9,148,TankManager$$TankWar.komponenteMalen,METHOD,C:\Users\JBNU\git\ConstraintsRecovery\assets\tankwar\asset9:IF:8-248,asset9,true,C:\Users\JBNU\git\ConstraintsRecovery\assets\tankwar\asset9,18,TankManager$$TankWar.maler,FIELD,C:\Users\JBNU\git\ConstraintsRecovery\assets\tankwar\asset9:IF:8-248,asset9,true,FIELD_REFERENCE,maler.setStatus(GameManager.LOSE);,TankWar_P1|TankWar_P2|TankWar_P3|TankWar_P4|TankWar_P5,TankWar_P1|TankWar_P2|TankWar_P3|TankWar_P4|TankWar_P5
D1570,RC-0741,C:\Users\JBNU\git\ConstraintsRecovery\assets\tankwar\asset9,152,TankManager$$TankWar.komponenteMalen,METHOD,C:\Users\JBNU\git\ConstraintsRecovery\assets\tankwar\asset9:IF:8-248,asset9,true,C:\Users\JBNU\git\ConstraintsRecovery\assets\tankwar\asset9,18,TankManager$$TankWar.maler,FIELD,C:\Users\JBNU\git\ConstraintsRecovery\assets\tankwar\asset9:IF:8-248,asset9,true,FIELD_REFERENCE,maler.setStatus(GameManager.LOSE);,TankWar_P1|TankWar_P2|TankWar_P3|TankWar_P4|TankWar_P5,TankWar_P1|TankWar_P2|TankWar_P3|TankWar_P4|TankWar_P5
D1575,RC-0741,C:\Users\JBNU\git\ConstraintsRecovery\assets\tankwar\asset9,158,TankManager$$TankWar.komponenteMalen,METHOD,C:\Users\JBNU\git\ConstraintsRecovery\assets\tankwar\asset9:IF:8-248,asset9,true,C:\Users\JBNU\git\ConstraintsRecovery\assets\tankwar\asset9,18,TankManager$$TankWar.maler,FIELD,C:\Users\JBNU\git\ConstraintsRecovery\assets\tankwar\asset9:IF:8-248,asset9,true,FIELD_REFERENCE,maler.setStatus(GameManager.LEVEL);,TankWar_P1|TankWar_P2|TankWar_P3|TankWar_P4|TankWar_P5,TankWar_P1|TankWar_P2|TankWar_P3|TankWar_P4|TankWar_P5
D1588,RC-0741,C:\Users\JBNU\git\ConstraintsRecovery\assets\tankwar\asset9,168,TankManager$$TankWar.komponenteMalen,METHOD,C:\Users\JBNU\git\ConstraintsRecovery\assets\tankwar\asset9:IF:8-248,asset9,true,C:\Users\JBNU\git\ConstraintsRecovery\assets\tankwar\asset9,18,TankManager$$TankWar.maler,FIELD,C:\Users\JBNU\git\ConstraintsRecovery\assets\tankwar\asset9:IF:8-248,asset9,true,FIELD_REFERENCE,maler.setStatus(GameManager.WIN);,TankWar_P1|TankWar_P2|TankWar_P3|TankWar_P4|TankWar_P5,TankWar_P1|TankWar_P2|TankWar_P3|TankWar_P4|TankWar_P5
D1561,RC-0742,C:\Users\JBNU\git\ConstraintsRecovery\assets\tankwar\asset9,140,TankManager$$TankWar.komponenteMalen,METHOD,C:\Users\JBNU\git\ConstraintsRecovery\assets\tankwar\asset9:IF:8-248,asset9,true,C:\Users\JBNU\git\ConstraintsRecovery\assets\tankwar\asset9,179,TankManager$$TankWar.mapLaden,METHOD,C:\Users\JBNU\git\ConstraintsRecovery\assets\tankwar\asset9:IF:8-248,asset9,true,METHOD_CALL,mapLaden();,TankWar_P1|TankWar_P2|TankWar_P3|TankWar_P4|TankWar_P5,TankWar_P1|TankWar_P2|TankWar_P3|TankWar_P4|TankWar_P5
D1564,RC-0743,C:\Users\JBNU\git\ConstraintsRecovery\assets\tankwar\asset9,144,TankManager$$TankWar.komponenteMalen,METHOD,C:\Users\JBNU\git\ConstraintsRecovery\assets\tankwar\asset9:IF:8-248,asset9,true,C:\Users\JBNU\git\ConstraintsRecovery\assets\tankwar\asset9,44,TankManager$$TankWar.mapReady,FIELD,C:\Users\JBNU\git\ConstraintsRecovery\assets\tankwar\asset9:IF:8-248,asset9,true,FIELD_REFERENCE,if (mapReady) {,TankWar_P1|TankWar_P2|TankWar_P3|TankWar_P4|TankWar_P5,TankWar_P1|TankWar_P2|TankWar_P3|TankWar_P4|TankWar_P5
D1584,RC-0744,C:\Users\JBNU\git\ConstraintsRecovery\assets\tankwar\asset9,164,TankManager$$TankWar.komponenteMalen,METHOD,C:\Users\JBNU\git\ConstraintsRecovery\assets\tankwar\asset9:IF:8-248,asset9,true,C:\Users\JBNU\git\ConstraintsRecovery\assets\tankwar\asset9,30,TankManager$$TankWar.metalwall,FIELD,C:\Users\JBNU\git\ConstraintsRecovery\assets\tankwar\asset9:IF:8-248,asset9,true,FIELD_REFERENCE,gruppeMalen(metalwall);,TankWar_P1|TankWar_P2|TankWar_P3|TankWar_P4|TankWar_P5,TankWar_P1|TankWar_P2|TankWar_P3|TankWar_P4|TankWar_P5
D1582,RC-0745,C:\Users\JBNU\git\ConstraintsRecovery\assets\tankwar\asset9,163,TankManager$$TankWar.komponenteMalen,METHOD,C:\Users\JBNU\git\ConstraintsRecovery\assets\tankwar\asset9:IF:8-248,asset9,true,C:\Users\JBNU\git\ConstraintsRecovery\assets\tankwar\asset9,28,TankManager$$TankWar.missilesMenge,FIELD,C:\Users\JBNU\git\ConstraintsRecovery\assets\tankwar\asset9:IF:8-248,asset9,true,FIELD_REFERENCE,gruppeMalen(missilesMenge);,TankWar_P1|TankWar_P2|TankWar_P3|TankWar_P4|TankWar_P5,TankWar_P1|TankWar_P2|TankWar_P3|TankWar_P4|TankWar_P5
D1566,RC-0746,C:\Users\JBNU\git\ConstraintsRecovery\assets\tankwar\asset9,146,TankManager$$TankWar.komponenteMalen,METHOD,C:\Users\JBNU\git\ConstraintsRecovery\assets\tankwar\asset9:IF:8-248,asset9,true,C:\Users\JBNU\git\ConstraintsRecovery\assets\tankwar\asset9,23,TankManager$$TankWar.tank1,FIELD,C:\Users\JBNU\git\ConstraintsRecovery\assets\tankwar\asset9:IF:8-248,asset9,true,FIELD_REFERENCE,if (tank1 == null) {,TankWar_P1|TankWar_P2|TankWar_P3|TankWar_P4|TankWar_P5,TankWar_P1|TankWar_P2|TankWar_P3|TankWar_P4|TankWar_P5
D1571,RC-0747,C:\Users\JBNU\git\ConstraintsRecovery\assets\tankwar\asset9,154,TankManager$$TankWar.komponenteMalen,METHOD,C:\Users\JBNU\git\ConstraintsRecovery\assets\tankwar\asset9:IF:8-248,asset9,true,C:\Users\JBNU\git\ConstraintsRecovery\assets\tankwar\asset9,39,TankManager$$TankWar.tankAllNum,FIELD,C:\Users\JBNU\git\ConstraintsRecovery\assets\tankwar\asset9:IF:8-248,asset9,true,FIELD_REFERENCE,if (tankAllNum + enemyTankNum == 0) {,TankWar_P1|TankWar_P2|TankWar_P3|TankWar_P4|TankWar_P5,TankWar_P1|TankWar_P2|TankWar_P3|TankWar_P4|TankWar_P5
D1574,RC-0748,C:\Users\JBNU\git\ConstraintsRecovery\assets\tankwar\asset9,156,TankManager$$TankWar.komponenteMalen,METHOD,C:\Users\JBNU\git\ConstraintsRecovery\assets\tankwar\asset9:IF:8-248,asset9,true,C:\Users\JBNU\git\ConstraintsRecovery\assets\tankwar\asset9,27,TankManager$$TankWar.tankMenge,FIELD,C:\Users\JBNU\git\ConstraintsRecovery\assets\tankwar\asset9:IF:8-248,asset9,true,FIELD_REFERENCE,tankMenge.removeAllElements();,TankWar_P1|TankWar_P2|TankWar_P3|TankWar_P4|TankWar_P5,TankWar_P1|TankWar_P2|TankWar_P3|TankWar_P4|TankWar_P5
D1578,RC-0748,C:\Users\JBNU\git\ConstraintsRecovery\assets\tankwar\asset9,161,TankManager$$TankWar.komponenteMalen,METHOD,C:\Users\JBNU\git\ConstraintsRecovery\assets\tankwar\asset9:IF:8-248,asset9,true,C:\Users\JBNU\git\ConstraintsRecovery\assets\tankwar\asset9,27,TankManager$$TankWar.tankMenge,FIELD,C:\Users\JBNU\git\ConstraintsRecovery\assets\tankwar\asset9:IF:8-248,asset9,true,FIELD_REFERENCE,gruppeMalen(tankMenge);,TankWar_P1|TankWar_P2|TankWar_P3|TankWar_P4|TankWar_P5,TankWar_P1|TankWar_P2|TankWar_P3|TankWar_P4|TankWar_P5
D1562,RC-0749,C:\Users\JBNU\git\ConstraintsRecovery\assets\tankwar\asset9,141,TankManager$$TankWar.komponenteMalen,METHOD,C:\Users\JBNU\git\ConstraintsRecovery\assets\tankwar\asset9:IF:8-248,asset9,true,C:\Users\JBNU\git\ConstraintsRecovery\assets\tankwar\asset9,199,TankManager$$TankWar.tanksLaden,METHOD,C:\Users\JBNU\git\ConstraintsRecovery\assets\tankwar\asset9:IF:8-248,asset9,true,METHOD_CALL,tanksLaden();,TankWar_P1|TankWar_P2|TankWar_P3|TankWar_P4|TankWar_P5,TankWar_P1|TankWar_P2|TankWar_P3|TankWar_P4|TankWar_P5
D1580,RC-0750,C:\Users\JBNU\git\ConstraintsRecovery\assets\tankwar\asset9,162,TankManager$$TankWar.komponenteMalen,METHOD,C:\Users\JBNU\git\ConstraintsRecovery\assets\tankwar\asset9:IF:8-248,asset9,true,C:\Users\JBNU\git\ConstraintsRecovery\assets\tankwar\asset9,32,TankManager$$TankWar.waterwall,FIELD,C:\Users\JBNU\git\ConstraintsRecovery\assets\tankwar\asset9:IF:8-248,asset9,true,FIELD_REFERENCE,gruppeMalen(waterwall);,TankWar_P1|TankWar_P2|TankWar_P3|TankWar_P4|TankWar_P5,TankWar_P1|TankWar_P2|TankWar_P3|TankWar_P4|TankWar_P5
D1540,RC-0751,C:\Users\JBNU\git\ConstraintsRecovery\assets\tankwar\asset9,108,TankManager$$TankWar.malenkontrolle,METHOD,C:\Users\JBNU\git\ConstraintsRecovery\assets\tankwar\asset9:IF:8-248,asset9,true,C:\Users\JBNU\git\ConstraintsRecovery\assets\tankwar\asset9,43,TankManager$$TankWar.game,FIELD,C:\Users\JBNU\git\ConstraintsRecovery\assets\tankwar\asset9:IF:8-248,asset9,true,FIELD_REFERENCE,game = false;,TankWar_P1|TankWar_P2|TankWar_P3|TankWar_P4|TankWar_P5,TankWar_P1|TankWar_P2|TankWar_P3|TankWar_P4|TankWar_P5
D1548,RC-0752,C:\Users\JBNU\git\ConstraintsRecovery\assets\tankwar\asset9,119,TankManager$$TankWar.malenkontrolle,METHOD,C:\Users\JBNU\git\ConstraintsRecovery\assets\tankwar\asset9:IF:8-248,asset9,true,C:\Users\JBNU\git\ConstraintsRecovery\assets\tankwar\asset9,138,TankManager$$TankWar.komponenteMalen,METHOD,C:\Users\JBNU\git\ConstraintsRecovery\assets\tankwar\asset9:IF:8-248,asset9,true,METHOD_CALL,komponenteMalen();,TankWar_P1|TankWar_P2|TankWar_P3|TankWar_P4|TankWar_P5,TankWar_P1|TankWar_P2|TankWar_P3|TankWar_P4|TankWar_P5
D1549,RC-0752,C:\Users\JBNU\git\ConstraintsRecovery\assets\tankwar\asset9,122,TankManager$$TankWar.malenkontrolle,METHOD,C:\Users\JBNU\git\ConstraintsRecovery\assets\tankwar\asset9:IF:8-248,asset9,true,C:\Users\JBNU\git\ConstraintsRecovery\assets\tankwar\asset9,138,TankManager$$TankWar.komponenteMalen,METHOD,C:\Users\JBNU\git\ConstraintsRecovery\assets\tankwar\asset9:IF:8-248,asset9,true,METHOD_CALL,komponenteMalen();,TankWar_P1|TankWar_P2|TankWar_P3|TankWar_P4|TankWar_P5,TankWar_P1|TankWar_P2|TankWar_P3|TankWar_P4|TankWar_P5
D1555,RC-0752,C:\Users\JBNU\git\ConstraintsRecovery\assets\tankwar\asset9,129,TankManager$$TankWar.malenkontrolle,METHOD,C:\Users\JBNU\git\ConstraintsRecovery\assets\tankwar\asset9:IF:8-248,asset9,true,C:\Users\JBNU\git\ConstraintsRecovery\assets\tankwar\asset9,138,TankManager$$TankWar.komponenteMalen,METHOD,C:\Users\JBNU\git\ConstraintsRecovery\assets\tankwar\asset9:IF:8-248,asset9,true,METHOD_CALL,komponenteMalen();,TankWar_P1|TankWar_P2|TankWar_P3|TankWar_P4|TankWar_P5,TankWar_P1|TankWar_P2|TankWar_P3|TankWar_P4|TankWar_P5
D1557,RC-0752,C:\Users\JBNU\git\ConstraintsRecovery\assets\tankwar\asset9,133,TankManager$$TankWar.malenkontrolle,METHOD,C:\Users\JBNU\git\ConstraintsRecovery\assets\tankwar\asset9:IF:8-248,asset9,true,C:\Users\JBNU\git\ConstraintsRecovery\assets\tankwar\asset9,138,TankManager$$TankWar.komponenteMalen,METHOD,C:\Users\JBNU\git\ConstraintsRecovery\assets\tankwar\asset9:IF:8-248,asset9,true,METHOD_CALL,komponenteMalen();,TankWar_P1|TankWar_P2|TankWar_P3|TankWar_P4|TankWar_P5,TankWar_P1|TankWar_P2|TankWar_P3|TankWar_P4|TankWar_P5
D1541,RC-0753,C:\Users\JBNU\git\ConstraintsRecovery\assets\tankwar\asset9,109,TankManager$$TankWar.malenkontrolle,METHOD,C:\Users\JBNU\git\ConstraintsRecovery\assets\tankwar\asset9:IF:8-248,asset9,true,C:\Users\JBNU\git\ConstraintsRecovery\assets\tankwar\asset9,26,TankManager$$TankWar.lvl,FIELD,C:\Users\JBNU\git\ConstraintsRecovery\assets\tankwar\asset9:IF:8-248,asset9,true,FIELD_REFERENCE,lvl = 1;,TankWar_P1|TankWar_P2|TankWar_P3|TankWar_P4|TankWar_P5,TankWar_P1|TankWar_P2|TankWar_P3|TankWar_P4|TankWar_P5
D1553,RC-0753,C:\Users\JBNU\git\ConstraintsRecovery\assets\tankwar\asset9,126,TankManager$$TankWar.malenkontrolle,METHOD,C:\Users\JBNU\git\ConstraintsRecovery\assets\tankwar\asset9:IF:8-248,asset9,true,C:\Users\JBNU\git\ConstraintsRecovery\assets\tankwar\asset9,26,TankManager$$TankWar.lvl,FIELD,C:\Users\JBNU\git\ConstraintsRecovery\assets\tankwar\asset9:IF:8-248,asset9,true,FIELD_REFERENCE,maler.gameLevel(lvl);,TankWar_P1|TankWar_P2|TankWar_P3|TankWar_P4|TankWar_P5,TankWar_P1|TankWar_P2|TankWar_P3|TankWar_P4|TankWar_P5
D1542,RC-0754,C:\Users\JBNU\git\ConstraintsRecovery\assets\tankwar\asset9,110,TankManager$$TankWar.malenkontrolle,METHOD,C:\Users\JBNU\git\ConstraintsRecovery\assets\tankwar\asset9:IF:8-248,asset9,true,C:\Users\JBNU\git\ConstraintsRecovery\assets\tankwar\asset9,18,TankManager$$TankWar.maler,FIELD,C:\Users\JBNU\git\ConstraintsRecovery\assets\tankwar\asset9:IF:8-248,asset9,true,FIELD_REFERENCE,maler.mainMenu();,TankWar_P1|TankWar_P2|TankWar_P3|TankWar_P4|TankWar_P5,TankWar_P1|TankWar_P2|TankWar_P3|TankWar_P4|TankWar_P5
D1544,RC-0754,C:\Users\JBNU\git\ConstraintsRecovery\assets\tankwar\asset9,113,TankManager$$TankWar.malenkontrolle,METHOD,C:\Users\JBNU\git\ConstraintsRecovery\assets\tankwar\asset9:IF:8-248,asset9,true,C:\Users\JBNU\git\ConstraintsRecovery\assets\tankwar\asset9,18,TankManager$$TankWar.maler,FIELD,C:\Users\JBNU\git\ConstraintsRecovery\assets\tankwar\asset9:IF:8-248,asset9,true,FIELD_REFERENCE,maler.tankWaehlen();,TankWar_P1|TankWar_P2|TankWar_P3|TankWar_P4|TankWar_P5,TankWar_P1|TankWar_P2|TankWar_P3|TankWar_P4|TankWar_P5
D1546,RC-0754,C:\Users\JBNU\git\ConstraintsRecovery\assets\tankwar\asset9,116,TankManager$$TankWar.malenkontrolle,METHOD,C:\Users\JBNU\git\ConstraintsRecovery\assets\tankwar\asset9:IF:8-248,asset9,true,C:\Users\JBNU\git\ConstraintsRecovery\assets\tankwar\asset9,18,TankManager$$TankWar.maler,FIELD,C:\Users\JBNU\git\ConstraintsRecovery\assets\tankwar\asset9:IF:8-248,asset9,true,FIELD_REFERENCE,maler.help();,TankWar_P1|TankWar_P2|TankWar_P3|TankWar_P4|TankWar_P5,TankWar_P1|TankWar_P2|TankWar_P3|TankWar_P4|TankWar_P5
D1550,RC-0754,C:\Users\JBNU\git\ConstraintsRecovery\assets\tankwar\asset9,123,TankManager$$TankWar.malenkontrolle,METHOD,C:\Users\JBNU\git\ConstraintsRecovery\assets\tankwar\asset9:IF:8-248,asset9,true,C:\Users\JBNU\git\ConstraintsRecovery\assets\tankwar\asset9,18,TankManager$$TankWar.maler,FIELD,C:\Users\JBNU\git\ConstraintsRecovery\assets\tankwar\asset9:IF:8-248,asset9,true,FIELD_REFERENCE,maler.pause();,TankWar_P1|TankWar_P2|TankWar_P3|TankWar_P4|TankWar_P5,TankWar_P1|TankWar_P2|TankWar_P3|TankWar_P4|TankWar_P5
D1552,RC-0754,C:\Users\JBNU\git\ConstraintsRecovery\assets\tankwar\asset9,126,TankManager$$TankWar.malenkontrolle,METHOD,C:\Users\JBNU\git\ConstraintsRecovery\assets\tankwar\asset9:IF:8-248,asset9,true,C:\Users\JBNU\git\ConstraintsRecovery\assets\tankwar\asset9,18,TankManager$$TankWar.maler,FIELD,C:\Users\JBNU\git\ConstraintsRecovery\assets\tankwar\asset9:IF:8-248,asset9,true,FIELD_REFERENCE,maler.gameLevel(lvl);,TankWar_P1|TankWar_P2|TankWar_P3|TankWar_P4|TankWar_P5,TankWar_P1|TankWar_P2|TankWar_P3|TankWar_P4|TankWar_P5
D1556,RC-0754,C:\Users\JBNU\git\ConstraintsRecovery\assets\tankwar\asset9,130,TankManager$$TankWar.malenkontrolle,METHOD,C:\Users\JBNU\git\ConstraintsRecovery\assets\tankwar\asset9:IF:8-248,asset9,true,C:\Users\JBNU\git\ConstraintsRecovery\assets\tankwar\asset9,18,TankManager$$TankWar.maler,FIELD,C:\Users\JBNU\git\ConstraintsRecovery\assets\tankwar\asset9:IF:8-248,asset9,true,FIELD_REFERENCE,maler.gameLose();,TankWar_P1|TankWar_P2|TankWar_P3|TankWar_P4|TankWar_P5,TankWar_P1|TankWar_P2|TankWar_P3|TankWar_P4|TankWar_P5
D1558,RC-0754,C:\Users\JBNU\git\ConstraintsRecovery\assets\tankwar\asset9,134,TankManager$$TankWar.malenkontrolle,METHOD,C:\Users\JBNU\git\ConstraintsRecovery\assets\tankwar\asset9:IF:8-248,asset9,true,C:\Users\JBNU\git\ConstraintsRecovery\assets\tankwar\asset9,18,TankManager$$TankWar.maler,FIELD,C:\Users\JBNU\git\ConstraintsRecovery\assets\tankwar\asset9:IF:8-248,asset9,true,FIELD_REFERENCE,maler.gameExit();,TankWar_P1|TankWar_P2|TankWar_P3|TankWar_P4|TankWar_P5,TankWar_P1|TankWar_P2|TankWar_P3|TankWar_P4|TankWar_P5
D1539,RC-0755,C:\Users\JBNU\git\ConstraintsRecovery\assets\tankwar\asset9,106,TankManager$$TankWar.malenkontrolle,METHOD,C:\Users\JBNU\git\ConstraintsRecovery\assets\tankwar\asset9:IF:8-248,asset9,true,C:\Users\JBNU\git\ConstraintsRecovery\assets\tankwar\asset9,19,TankManager$$TankWar.status,FIELD,C:\Users\JBNU\git\ConstraintsRecovery\assets\tankwar\asset9:IF:8-248,asset9,true,FIELD_REFERENCE,switch(status) {,TankWar_P1|TankWar_P2|TankWar_P3|TankWar_P4|TankWar_P5,TankWar_P1|TankWar_P2|TankWar_P3|TankWar_P4|TankWar_P5
D1617,RC-0756,C:\Users\JBNU\git\ConstraintsRecovery\assets\tankwar\asset9,195,TankManager$$TankWar.mapLaden,METHOD,C:\Users\JBNU\git\ConstraintsRecovery\assets\tankwar\asset9:IF:8-248,asset9,true,C:\Users\JBNU\git\ConstraintsRecovery\assets\tankwar\asset9,37,TankManager$$TankWar.bPositionX,FIELD,C:\Users\JBNU\git\ConstraintsRecovery\assets\tankwar\asset9:IF:8-248,asset9,true,FIELD_REFERENCE,bPositionX = map.baseLocationX;,TankWar_P1|TankWar_P2|TankWar_P3|TankWar_P4|TankWar_P5,TankWar_P1|TankWar_P2|TankWar_P3|TankWar_P4|TankWar_P5
D1619,RC-0757,C:\Users\JBNU\git\ConstraintsRecovery\assets\tankwar\asset9,196,TankManager$$TankWar.mapLaden,METHOD,C:\Users\JBNU\git\ConstraintsRecovery\assets\tankwar\asset9:IF:8-248,asset9,true,C:\Users\JBNU\git\ConstraintsRecovery\assets\tankwar\asset9,38,TankManager$$TankWar.bPositionY,FIELD,C:\Users\JBNU\git\ConstraintsRecovery\assets\tankwar\asset9:IF:8-248,asset9,true,FIELD_REFERENCE,bPositionY = map.baseLocationY;,TankWar_P1|TankWar_P2|TankWar_P3|TankWar_P4|TankWar_P5,TankWar_P1|TankWar_P2|TankWar_P3|TankWar_P4|TankWar_P5
D1594,RC-0758,C:\Users\JBNU\git\ConstraintsRecovery\assets\tankwar\asset9,183,TankManager$$TankWar.mapLaden,METHOD,C:\Users\JBNU\git\ConstraintsRecovery\assets\tankwar\asset9:IF:8-248,asset9,true,C:\Users\JBNU\git\ConstraintsRecovery\assets\tankwar\asset9,25,TankManager$$TankWar.base,FIELD,C:\Users\JBNU\git\ConstraintsRecovery\assets\tankwar\asset9:IF:8-248,asset9,true,FIELD_REFERENCE,base = null;,TankWar_P1|TankWar_P2|TankWar_P3|TankWar_P4|TankWar_P5,TankWar_P1|TankWar_P2|TankWar_P3|TankWar_P4|TankWar_P5
D1600,RC-0759,C:\Users\JBNU\git\ConstraintsRecovery\assets\tankwar\asset9,186,TankManager$$TankWar.mapLaden,METHOD,C:\Users\JBNU\git\ConstraintsRecovery\assets\tankwar\asset9:IF:8-248,asset9,true,C:\Users\JBNU\git\ConstraintsRecovery\assets\tankwar\asset9,29,TankManager$$TankWar.brickwall,FIELD,C:\Users\JBNU\git\ConstraintsRecovery\assets\tankwar\asset9:IF:8-248,asset9,true,FIELD_REFERENCE,brickwall = map.brickWall;,TankWar_P1|TankWar_P2|TankWar_P3|TankWar_P4|TankWar_P5,TankWar_P1|TankWar_P2|TankWar_P3|TankWar_P4|TankWar_P5
D1607,RC-0760,C:\Users\JBNU\git\ConstraintsRecovery\assets\tankwar\asset9,190,TankManager$$TankWar.mapLaden,METHOD,C:\Users\JBNU\git\ConstraintsRecovery\assets\tankwar\asset9:IF:8-248,asset9,true,C:\Users\JBNU\git\ConstraintsRecovery\assets\tankwar\asset9,33,TankManager$$TankWar.enemyPosition,FIELD,C:\Users\JBNU\git\ConstraintsRecovery\assets\tankwar\asset9:IF:8-248,asset9,true,FIELD_REFERENCE,enemyPosition = map.enemyPosition;,TankWar_P1|TankWar_P2|TankWar_P3|TankWar_P4|TankWar_P5,TankWar_P1|TankWar_P2|TankWar_P3|TankWar_P4|TankWar_P5
D1620,RC-0761,C:\Users\JBNU\git\ConstraintsRecovery\assets\tankwar\asset9,197,TankManager$$TankWar.mapLaden,METHOD,C:\Users\JBNU\git\ConstraintsRecovery\assets\tankwar\asset9:IF:8-248,asset9,true,C:\Users\JBNU\git\ConstraintsRecovery\assets\tankwar\asset9,34,TankManager$$TankWar.enemyType,FIELD,C:\Users\JBNU\git\ConstraintsRecovery\assets\tankwar\asset9:IF:8-248,asset9,true,FIELD_REFERENCE,enemyType = map.enemyType;,TankWar_P1|TankWar_P2|TankWar_P3|TankWar_P4|TankWar_P5,TankWar_P1|TankWar_P2|TankWar_P3|TankWar_P4|TankWar_P5
D1604,RC-0762,C:\Users\JBNU\git\ConstraintsRecovery\assets\tankwar\asset9,188,TankManager$$TankWar.mapLaden,METHOD,C:\Users\JBNU\git\ConstraintsRecovery\assets\tankwar\asset9:IF:8-248,asset9,true,C:\Users\JBNU\git\ConstraintsRecovery\assets\tankwar\asset9,31,TankManager$$TankWar.grasswall,FIELD,C:\Users\JBNU\git\ConstraintsRecovery\assets\tankwar\asset9:IF:8-248,asset9,true,FIELD_REFERENCE,grasswall = map.grassWall;,TankWar_P1|TankWar_P2|TankWar_P3|TankWar_P4|TankWar_P5,TankWar_P1|TankWar_P2|TankWar_P3|TankWar_P4|TankWar_P5
D1596,RC-0763,C:\Users\JBNU\git\ConstraintsRecovery\assets\tankwar\asset9,184,TankManager$$TankWar.mapLaden,METHOD,C:\Users\JBNU\git\ConstraintsRecovery\assets\tankwar\asset9:IF:8-248,asset9,true,C:\Users\JBNU\git\ConstraintsRecovery\assets\tankwar\asset9,26,TankManager$$TankWar.lvl,FIELD,C:\Users\JBNU\git\ConstraintsRecovery\assets\tankwar\asset9:IF:8-248,asset9,true,FIELD_REFERENCE,"MapInfo map = new MapInfo(((TankManager) this), lvl++);",TankWar_P1|TankWar_P2|TankWar_P3|TankWar_P4|TankWar_P5,TankWar_P1|TankWar_P2|TankWar_P3|TankWar_P4|TankWar_P5
D1598,RC-0764,C:\Users\JBNU\git\ConstraintsRecovery\assets\tankwar\asset9,185,TankManager$$TankWar.mapLaden,METHOD,C:\Users\JBNU\git\ConstraintsRecovery\assets\tankwar\asset9:IF:8-248,asset9,true,C:\Users\JBNU\git\ConstraintsRecovery\assets\tankwar\asset9,44,TankManager$$TankWar.mapReady,FIELD,C:\Users\JBNU\git\ConstraintsRecovery\assets\tankwar\asset9:IF:8-248,asset9,true,FIELD_REFERENCE,mapReady = map.read;,TankWar_P1|TankWar_P2|TankWar_P3|TankWar_P4|TankWar_P5,TankWar_P1|TankWar_P2|TankWar_P3|TankWar_P4|TankWar_P5
D1602,RC-0765,C:\Users\JBNU\git\ConstraintsRecovery\assets\tankwar\asset9,187,TankManager$$TankWar.mapLaden,METHOD,C:\Users\JBNU\git\ConstraintsRecovery\assets\tankwar\asset9:IF:8-248,asset9,true,C:\Users\JBNU\git\ConstraintsRecovery\assets\tankwar\asset9,30,TankManager$$TankWar.metalwall,FIELD,C:\Users\JBNU\git\ConstraintsRecovery\assets\tankwar\asset9:IF:8-248,asset9,true,FIELD_REFERENCE,metalwall = map.metalWall;,TankWar_P1|TankWar_P2|TankWar_P3|TankWar_P4|TankWar_P5,TankWar_P1|TankWar_P2|TankWar_P3|TankWar_P4|TankWar_P5
D1609,RC-0766,C:\Users\JBNU\git\ConstraintsRecovery\assets\tankwar\asset9,191,TankManager$$TankWar.mapLaden,METHOD,C:\Users\JBNU\git\ConstraintsRecovery\assets\tankwar\asset9:IF:8-248,asset9,true,C:\Users\JBNU\git\ConstraintsRecovery\assets\tankwar\asset9,35,TankManager$$TankWar.playerPositionX,FIELD,C:\Users\JBNU\git\ConstraintsRecovery\assets\tankwar\asset9:IF:8-248,asset9,true,FIELD_REFERENCE,playerPositionX = map.playerLocationX;,TankWar_P1|TankWar_P2|TankWar_P3|TankWar_P4|TankWar_P5,TankWar_P1|TankWar_P2|TankWar_P3|TankWar_P4|TankWar_P5
D1611,RC-0767,C:\Users\JBNU\git\ConstraintsRecovery\assets\tankwar\asset9,192,TankManager$$TankWar.mapLaden,METHOD,C:\Users\JBNU\git\ConstraintsRecovery\assets\tankwar\asset9:IF:8-248,asset9,true,C:\Users\JBNU\git\ConstraintsRecovery\assets\tankwar\asset9,36,TankManager$$TankWar.playerPositionY,FIELD,C:\Users\JBNU\git\ConstraintsRecovery\assets\tankwar\asset9:IF:8-248,asset9,true,FIELD_REFERENCE,playerPositionY = map.playerLocationY;,TankWar_P1|TankWar_P2|TankWar_P3|TankWar_P4|TankWar_P5,TankWar_P1|TankWar_P2|TankWar_P3|TankWar_P4|TankWar_P5
D1592,RC-0768,C:\Users\JBNU\git\ConstraintsRecovery\assets\tankwar\asset9,181,TankManager$$TankWar.mapLaden,METHOD,C:\Users\JBNU\git\ConstraintsRecovery\assets\tankwar\asset9:IF:8-248,asset9,true,C:\Users\JBNU\git\ConstraintsRecovery\assets\tankwar\asset9,23,TankManager$$TankWar.tank1,FIELD,C:\Users\JBNU\git\ConstraintsRecovery\assets\tankwar\asset9:IF:8-248,asset9,true,FIELD_REFERENCE,tank1 = null;,TankWar_P1|TankWar_P2|TankWar_P3|TankWar_P4|TankWar_P5,TankWar_P1|TankWar_P2|TankWar_P3|TankWar_P4|TankWar_P5
D1593,RC-0769,C:\Users\JBNU\git\ConstraintsRecovery\assets\tankwar\asset9,182,TankManager$$TankWar.mapLaden,METHOD,C:\Users\JBNU\git\ConstraintsRecovery\assets\tankwar\asset9:IF:8-248,asset9,true,C:\Users\JBNU\git\ConstraintsRecovery\assets\tankwar\asset9,24,TankManager$$TankWar.tank2,FIELD,C:\Users\JBNU\git\ConstraintsRecovery\assets\tankwar\asset9:IF:8-248,asset9,true,FIELD_REFERENCE,tank2 = null;,TankWar_P1|TankWar_P2|TankWar_P3|TankWar_P4|TankWar_P5,TankWar_P1|TankWar_P2|TankWar_P3|TankWar_P4|TankWar_P5
D1613,RC-0770,C:\Users\JBNU\git\ConstraintsRecovery\assets\tankwar\asset9,193,TankManager$$TankWar.mapLaden,METHOD,C:\Users\JBNU\git\ConstraintsRecovery\assets\tankwar\asset9:IF:8-248,asset9,true,C:\Users\JBNU\git\ConstraintsRecovery\assets\tankwar\asset9,39,TankManager$$TankWar.tankAllNum,FIELD,C:\Users\JBNU\git\ConstraintsRecovery\assets\tankwar\asset9:IF:8-248,asset9,true,FIELD_REFERENCE,tankAllNum = map.enemyAllNr;,TankWar_P1|TankWar_P2|TankWar_P3|TankWar_P4|TankWar_P5,TankWar_P1|TankWar_P2|TankWar_P3|TankWar_P4|TankWar_P5
D1615,RC-0771,C:\Users\JBNU\git\ConstraintsRecovery\assets\tankwar\asset9,194,TankManager$$TankWar.mapLaden,METHOD,C:\Users\JBNU\git\ConstraintsRecovery\assets\tankwar\asset9:IF:8-248,asset9,true,C:\Users\JBNU\git\ConstraintsRecovery\assets\tankwar\asset9,40,TankManager$$TankWar.tankMaxNum,FIELD,C:\Users\JBNU\git\ConstraintsRecovery\assets\tankwar\asset9:IF:8-248,asset9,true,FIELD_REFERENCE,tankMaxNum = map.enemyMaxNr;,TankWar_P1|TankWar_P2|TankWar_P3|TankWar_P4|TankWar_P5,TankWar_P1|TankWar_P2|TankWar_P3|TankWar_P4|TankWar_P5
D1591,RC-0772,C:\Users\JBNU\git\ConstraintsRecovery\assets\tankwar\asset9,180,TankManager$$TankWar.mapLaden,METHOD,C:\Users\JBNU\git\ConstraintsRecovery\assets\tankwar\asset9:IF:8-248,asset9,true,C:\Users\JBNU\git\ConstraintsRecovery\assets\tankwar\asset9,27,TankManager$$TankWar.tankMenge,FIELD,C:\Users\JBNU\git\ConstraintsRecovery\assets\tankwar\asset9:IF:8-248,asset9,true,FIELD_REFERENCE,tankMenge.removeAllElements();,TankWar_P1|TankWar_P2|TankWar_P3|TankWar_P4|TankWar_P5,TankWar_P1|TankWar_P2|TankWar_P3|TankWar_P4|TankWar_P5
D1606,RC-0773,C:\Users\JBNU\git\ConstraintsRecovery\assets\tankwar\asset9,189,TankManager$$TankWar.mapLaden,METHOD,C:\Users\JBNU\git\ConstraintsRecovery\assets\tankwar\asset9:IF:8-248,asset9,true,C:\Users\JBNU\git\ConstraintsRecovery\assets\tankwar\asset9,32,TankManager$$TankWar.waterwall,FIELD,C:\Users\JBNU\git\ConstraintsRecovery\assets\tankwar\asset9:IF:8-248,asset9,true,FIELD_REFERENCE,waterwall = map.waterWall;,TankWar_P1|TankWar_P2|TankWar_P3|TankWar_P4|TankWar_P5,TankWar_P1|TankWar_P2|TankWar_P3|TankWar_P4|TankWar_P5
D1589,RC-0774,C:\Users\JBNU\git\ConstraintsRecovery\assets\tankwar\asset9,177,TankManager$$TankWar.setStatus,METHOD,C:\Users\JBNU\git\ConstraintsRecovery\assets\tankwar\asset9:IF:8-248,asset9,true,C:\Users\JBNU\git\ConstraintsRecovery\assets\tankwar\asset9,19,TankManager$$TankWar.status,FIELD,C:\Users\JBNU\git\ConstraintsRecovery\assets\tankwar\asset9:IF:8-248,asset9,true,FIELD_REFERENCE,((TankManager) this).status = status;,TankWar_P1|TankWar_P2|TankWar_P3|TankWar_P4|TankWar_P5,TankWar_P1|TankWar_P2|TankWar_P3|TankWar_P4|TankWar_P5
D1631,RC-0775,C:\Users\JBNU\git\ConstraintsRecovery\assets\tankwar\asset9,205,TankManager$$TankWar.tanksLaden,METHOD,C:\Users\JBNU\git\ConstraintsRecovery\assets\tankwar\asset9:IF:8-248,asset9,true,C:\Users\JBNU\git\ConstraintsRecovery\assets\tankwar\asset9,37,TankManager$$TankWar.bPositionX,FIELD,C:\Users\JBNU\git\ConstraintsRecovery\assets\tankwar\asset9:IF:8-248,asset9,true,FIELD_REFERENCE,if (bPositionX != 0) {,TankWar_P1|TankWar_P2|TankWar_P3|TankWar_P4|TankWar_P5,TankWar_P1|TankWar_P2|TankWar_P3|TankWar_P4|TankWar_P5
D1633,RC-0775,C:\Users\JBNU\git\ConstraintsRecovery\assets\tankwar\asset9,206,TankManager$$TankWar.tanksLaden,METHOD,C:\Users\JBNU\git\ConstraintsRecovery\assets\tankwar\asset9:IF:8-248,asset9,true,C:\Users\JBNU\git\ConstraintsRecovery\assets\tankwar\asset9,37,TankManager$$TankWar.bPositionX,FIELD,C:\Users\JBNU\git\ConstraintsRecovery\assets\tankwar\asset9:IF:8-248,asset9,true,FIELD_REFERENCE,"base = new Tank(((TankManager) this), bPositionX, bPositionY, 00);",TankWar_P1|TankWar_P2|TankWar_P3|TankWar_P4|TankWar_P5,TankWar_P1|TankWar_P2|TankWar_P3|TankWar_P4|TankWar_P5
D1634,RC-0776,C:\Users\JBNU\git\ConstraintsRecovery\assets\tankwar\asset9,206,TankManager$$TankWar.tanksLaden,METHOD,C:\Users\JBNU\git\ConstraintsRecovery\assets\tankwar\asset9:IF:8-248,asset9,true,C:\Users\JBNU\git\ConstraintsRecovery\assets\tankwar\asset9,38,TankManager$$TankWar.bPositionY,FIELD,C:\Users\JBNU\git\ConstraintsRecovery\assets\tankwar\asset9:IF:8-248,asset9,true,FIELD_REFERENCE,"base = new Tank(((TankManager) this), bPositionX, bPositionY, 00);",TankWar_P1|TankWar_P2|TankWar_P3|TankWar_P4|TankWar_P5,TankWar_P1|TankWar_P2|TankWar_P3|TankWar_P4|TankWar_P5
D1632,RC-0777,C:\Users\JBNU\git\ConstraintsRecovery\assets\tankwar\asset9,206,TankManager$$TankWar.tanksLaden,METHOD,C:\Users\JBNU\git\ConstraintsRecovery\assets\tankwar\asset9:IF:8-248,asset9,true,C:\Users\JBNU\git\ConstraintsRecovery\assets\tankwar\asset9,25,TankManager$$TankWar.base,FIELD,C:\Users\JBNU\git\ConstraintsRecovery\assets\tankwar\asset9:IF:8-248,asset9,true,FIELD_REFERENCE,"base = new Tank(((TankManager) this), bPositionX, bPositionY, 00);",TankWar_P1|TankWar_P2|TankWar_P3|TankWar_P4|TankWar_P5,TankWar_P1|TankWar_P2|TankWar_P3|TankWar_P4|TankWar_P5
D1635,RC-0777,C:\Users\JBNU\git\ConstraintsRecovery\assets\tankwar\asset9,207,TankManager$$TankWar.tanksLaden,METHOD,C:\Users\JBNU\git\ConstraintsRecovery\assets\tankwar\asset9:IF:8-248,asset9,true,C:\Users\JBNU\git\ConstraintsRecovery\assets\tankwar\asset9,25,TankManager$$TankWar.base,FIELD,C:\Users\JBNU\git\ConstraintsRecovery\assets\tankwar\asset9:IF:8-248,asset9,true,FIELD_REFERENCE,tankMenge.addElement(base);,TankWar_P1|TankWar_P2|TankWar_P3|TankWar_P4|TankWar_P5,TankWar_P1|TankWar_P2|TankWar_P3|TankWar_P4|TankWar_P5
D1622,RC-0778,C:\Users\JBNU\git\ConstraintsRecovery\assets\tankwar\asset9,201,TankManager$$TankWar.tanksLaden,METHOD,C:\Users\JBNU\git\ConstraintsRecovery\assets\tankwar\asset9:IF:8-248,asset9,true,C:\Users\JBNU\git\ConstraintsRecovery\assets\tankwar\asset9,33,TankManager$$TankWar.enemyPosition,FIELD,C:\Users\JBNU\git\ConstraintsRecovery\assets\tankwar\asset9:IF:8-248,asset9,true,FIELD_REFERENCE,int a = enemyPosition.size();,TankWar_P1|TankWar_P2|TankWar_P3|TankWar_P4|TankWar_P5,TankWar_P1|TankWar_P2|TankWar_P3|TankWar_P4|TankWar_P5
D1639,RC-0778,C:\Users\JBNU\git\ConstraintsRecovery\assets\tankwar\asset9,213,TankManager$$TankWar.tanksLaden,METHOD,C:\Users\JBNU\git\ConstraintsRecovery\assets\tankwar\asset9:IF:8-248,asset9,true,C:\Users\JBNU\git\ConstraintsRecovery\assets\tankwar\asset9,33,TankManager$$TankWar.enemyPosition,FIELD,C:\Users\JBNU\git\ConstraintsRecovery\assets\tankwar\asset9:IF:8-248,asset9,true,FIELD_REFERENCE,Integer d = (Integer) enemyPosition.elementAt(i);,TankWar_P1|TankWar_P2|TankWar_P3|TankWar_P4|TankWar_P5,TankWar_P1|TankWar_P2|TankWar_P3|TankWar_P4|TankWar_P5
D1623,RC-0779,C:\Users\JBNU\git\ConstraintsRecovery\assets\tankwar\asset9,202,TankManager$$TankWar.tanksLaden,METHOD,C:\Users\JBNU\git\ConstraintsRecovery\assets\tankwar\asset9:IF:8-248,asset9,true,C:\Users\JBNU\git\ConstraintsRecovery\assets\tankwar\asset9,34,TankManager$$TankWar.enemyType,FIELD,C:\Users\JBNU\git\ConstraintsRecovery\assets\tankwar\asset9:IF:8-248,asset9,true,FIELD_REFERENCE,int b = enemyType.size();,TankWar_P1|TankWar_P2|TankWar_P3|TankWar_P4|TankWar_P5,TankWar_P1|TankWar_P2|TankWar_P3|TankWar_P4|TankWar_P5
D1638,RC-0779,C:\Users\JBNU\git\ConstraintsRecovery\assets\tankwar\asset9,211,TankManager$$TankWar.tanksLaden,METHOD,C:\Users\JBNU\git\ConstraintsRecovery\assets\tankwar\asset9:IF:8-248,asset9,true,C:\Users\JBNU\git\ConstraintsRecovery\assets\tankwar\asset9,34,TankManager$$TankWar.enemyType,FIELD,C:\Users\JBNU\git\ConstraintsRecovery\assets\tankwar\asset9:IF:8-248,asset9,true,FIELD_REFERENCE,Integer tankTy = (Integer) enemyType.elementAt(z);,TankWar_P1|TankWar_P2|TankWar_P3|TankWar_P4|TankWar_P5,TankWar_P1|TankWar_P2|TankWar_P3|TankWar_P4|TankWar_P5
D1625,RC-0780,C:\Users\JBNU\git\ConstraintsRecovery\assets\tankwar\asset9,203,TankManager$$TankWar.tanksLaden,METHOD,C:\Users\JBNU\git\ConstraintsRecovery\assets\tankwar\asset9:IF:8-248,asset9,true,C:\Users\JBNU\git\ConstraintsRecovery\assets\tankwar\asset9,18,TankManager$$TankWar.maler,FIELD,C:\Users\JBNU\git\ConstraintsRecovery\assets\tankwar\asset9:IF:8-248,asset9,true,FIELD_REFERENCE,"tank1 = new Tank(((TankManager) this), playerPositionX, playerPositionY, maler.tankType);",TankWar_P1|TankWar_P2|TankWar_P3|TankWar_P4|TankWar_P5,TankWar_P1|TankWar_P2|TankWar_P3|TankWar_P4|TankWar_P5
D1621,RC-0781,C:\Users\JBNU\git\ConstraintsRecovery\assets\tankwar\asset9,200,TankManager$$TankWar.tanksLaden,METHOD,C:\Users\JBNU\git\ConstraintsRecovery\assets\tankwar\asset9:IF:8-248,asset9,true,C:\Users\JBNU\git\ConstraintsRecovery\assets\tankwar\asset9,44,TankManager$$TankWar.mapReady,FIELD,C:\Users\JBNU\git\ConstraintsRecovery\assets\tankwar\asset9:IF:8-248,asset9,true,FIELD_REFERENCE,if (mapReady) {,TankWar_P1|TankWar_P2|TankWar_P3|TankWar_P4|TankWar_P5,TankWar_P1|TankWar_P2|TankWar_P3|TankWar_P4|TankWar_P5
D1627,RC-0782,C:\Users\JBNU\git\ConstraintsRecovery\assets\tankwar\asset9,203,TankManager$$TankWar.tanksLaden,METHOD,C:\Users\JBNU\git\ConstraintsRecovery\assets\tankwar\asset9:IF:8-248,asset9,true,C:\Users\JBNU\git\ConstraintsRecovery\assets\tankwar\asset9,35,TankManager$$TankWar.playerPositionX,FIELD,C:\Users\JBNU\git\ConstraintsRecovery\assets\tankwar\asset9:IF:8-248,asset9,true,FIELD_REFERENCE,"tank1 = new Tank(((TankManager) this), playerPositionX, playerPositionY, maler.tankType);",TankWar_P1|TankWar_P2|TankWar_P3|TankWar_P4|TankWar_P5,TankWar_P1|TankWar_P2|TankWar_P3|TankWar_P4|TankWar_P5
D1628,RC-0783,C:\Users\JBNU\git\ConstraintsRecovery\assets\tankwar\asset9,203,TankManager$$TankWar.tanksLaden,METHOD,C:\Users\JBNU\git\ConstraintsRecovery\assets\tankwar\asset9:IF:8-248,asset9,true,C:\Users\JBNU\git\ConstraintsRecovery\assets\tankwar\asset9,36,TankManager$$TankWar.playerPositionY,FIELD,C:\Users\JBNU\git\ConstraintsRecovery\assets\tankwar\asset9:IF:8-248,asset9,true,FIELD_REFERENCE,"tank1 = new Tank(((TankManager) this), playerPositionX, playerPositionY, maler.tankType);",TankWar_P1|TankWar_P2|TankWar_P3|TankWar_P4|TankWar_P5,TankWar_P1|TankWar_P2|TankWar_P3|TankWar_P4|TankWar_P5
D1637,RC-0784,C:\Users\JBNU\git\ConstraintsRecovery\assets\tankwar\asset9,210,TankManager$$TankWar.tanksLaden,METHOD,C:\Users\JBNU\git\ConstraintsRecovery\assets\tankwar\asset9:IF:8-248,asset9,true,C:\Users\JBNU\git\ConstraintsRecovery\assets\tankwar\asset9,42,TankManager$$TankWar.random,FIELD,C:\Users\JBNU\git\ConstraintsRecovery\assets\tankwar\asset9:IF:8-248,asset9,true,FIELD_REFERENCE,int z = Math.abs(random.nextInt() % b);,TankWar_P1|TankWar_P2|TankWar_P3|TankWar_P4|TankWar_P5,TankWar_P1|TankWar_P2|TankWar_P3|TankWar_P4|TankWar_P5
D1626,RC-0785,C:\Users\JBNU\git\ConstraintsRecovery\assets\tankwar\asset9,203,TankManager$$TankWar.tanksLaden,METHOD,C:\Users\JBNU\git\ConstraintsRecovery\assets\tankwar\asset9:IF:8-248,asset9,true,C:\Users\JBNU\git\ConstraintsRecovery\assets\tankwar\asset9,23,TankManager$$TankWar.tank1,FIELD,C:\Users\JBNU\git\ConstraintsRecovery\assets\tankwar\asset9:IF:8-248,asset9,true,FIELD_REFERENCE,"tank1 = new Tank(((TankManager) this), playerPositionX, playerPositionY, maler.tankType);",TankWar_P1|TankWar_P2|TankWar_P3|TankWar_P4|TankWar_P5,TankWar_P1|TankWar_P2|TankWar_P3|TankWar_P4|TankWar_P5
D1629,RC-0785,C:\Users\JBNU\git\ConstraintsRecovery\assets\tankwar\asset9,204,TankManager$$TankWar.tanksLaden,METHOD,C:\Users\JBNU\git\ConstraintsRecovery\assets\tankwar\asset9:IF:8-248,asset9,true,C:\Users\JBNU\git\ConstraintsRecovery\assets\tankwar\asset9,23,TankManager$$TankWar.tank1,FIELD,C:\Users\JBNU\git\ConstraintsRecovery\assets\tankwar\asset9:IF:8-248,asset9,true,FIELD_REFERENCE,tankMenge.addElement(tank1);,TankWar_P1|TankWar_P2|TankWar_P3|TankWar_P4|TankWar_P5,TankWar_P1|TankWar_P2|TankWar_P3|TankWar_P4|TankWar_P5
D1641,RC-0786,C:\Users\JBNU\git\ConstraintsRecovery\assets\tankwar\asset9,217,TankManager$$TankWar.tanksLaden,METHOD,C:\Users\JBNU\git\ConstraintsRecovery\assets\tankwar\asset9:IF:8-248,asset9,true,C:\Users\JBNU\git\ConstraintsRecovery\assets\tankwar\asset9,39,TankManager$$TankWar.tankAllNum,FIELD,C:\Users\JBNU\git\ConstraintsRecovery\assets\tankwar\asset9:IF:8-248,asset9,true,FIELD_REFERENCE,((TankManager) this).tankAllNum--;,TankWar_P1|TankWar_P2|TankWar_P3|TankWar_P4|TankWar_P5,TankWar_P1|TankWar_P2|TankWar_P3|TankWar_P4|TankWar_P5
D1630,RC-0787,C:\Users\JBNU\git\ConstraintsRecovery\assets\tankwar\asset9,204,TankManager$$TankWar.tanksLaden,METHOD,C:\Users\JBNU\git\ConstraintsRecovery\assets\tankwar\asset9:IF:8-248,asset9,true,C:\Users\JBNU\git\ConstraintsRecovery\assets\tankwar\asset9,27,TankManager$$TankWar.tankMenge,FIELD,C:\Users\JBNU\git\ConstraintsRecovery\assets\tankwar\asset9:IF:8-248,asset9,true,FIELD_REFERENCE,tankMenge.addElement(tank1);,TankWar_P1|TankWar_P2|TankWar_P3|TankWar_P4|TankWar_P5,TankWar_P1|TankWar_P2|TankWar_P3|TankWar_P4|TankWar_P5
D1636,RC-0787,C:\Users\JBNU\git\ConstraintsRecovery\assets\tankwar\asset9,207,TankManager$$TankWar.tanksLaden,METHOD,C:\Users\JBNU\git\ConstraintsRecovery\assets\tankwar\asset9:IF:8-248,asset9,true,C:\Users\JBNU\git\ConstraintsRecovery\assets\tankwar\asset9,27,TankManager$$TankWar.tankMenge,FIELD,C:\Users\JBNU\git\ConstraintsRecovery\assets\tankwar\asset9:IF:8-248,asset9,true,FIELD_REFERENCE,tankMenge.addElement(base);,TankWar_P1|TankWar_P2|TankWar_P3|TankWar_P4|TankWar_P5,TankWar_P1|TankWar_P2|TankWar_P3|TankWar_P4|TankWar_P5
D1640,RC-0787,C:\Users\JBNU\git\ConstraintsRecovery\assets\tankwar\asset9,216,TankManager$$TankWar.tanksLaden,METHOD,C:\Users\JBNU\git\ConstraintsRecovery\assets\tankwar\asset9:IF:8-248,asset9,true,C:\Users\JBNU\git\ConstraintsRecovery\assets\tankwar\asset9,27,TankManager$$TankWar.tankMenge,FIELD,C:\Users\JBNU\git\ConstraintsRecovery\assets\tankwar\asset9:IF:8-248,asset9,true,FIELD_REFERENCE,tankMenge.addElement(enemyTank);,TankWar_P1|TankWar_P2|TankWar_P3|TankWar_P4|TankWar_P5,TankWar_P1|TankWar_P2|TankWar_P3|TankWar_P4|TankWar_P5
