candidate_id,source_entity,source_entity_type,target_entity,target_entity_type,dependency_kind,source_block_id,target_block_id,source_asset_id,target_asset_id,same_asset,source_is_outermost,target_is_outermost,cross_asset,source_products,target_products,signature_relation,occurrence_count,distinct_source_line_count,cross_file,cross_class,eligible_for_requires,candidate_status,exclusion_reason,requires_manual_inspection,confidence,primary_evidence_id
RC-0001,Tank$$Tools.malen,METHOD,Tank$$Tools.toolKontroller,METHOD,METHOD_CALL,C:\Users\JBNU\git\ConstraintsRecovery\assets\tankwar\asset10:IF:8-42,C:\Users\JBNU\git\ConstraintsRecovery\assets\tankwar\asset10:IF:8-42,asset10,asset10,true,true,true,false,TankWar_P1|TankWar_P2|TankWar_P3|TankWar_P4|TankWar_P5,TankWar_P1|TankWar_P2|TankWar_P3|TankWar_P4|TankWar_P5,EQUAL,1,1,false,false,false,COMMON_TARGET_DEPENDENCY,TARGET_PRESENT_IN_ALL_PRODUCTS,false,LOW,D2
RC-0002,Tank$$Tools,CLASS,Tank$$TankWar,CLASS,EXTENDS,C:\Users\JBNU\git\ConstraintsRecovery\assets\tankwar\asset10:IF:8-42,C:\Users\JBNU\git\ConstraintsRecovery\assets\tankwar\asset14:IF:8-384,asset10,asset14,false,true,true,true,TankWar_P1|TankWar_P2|TankWar_P3|TankWar_P4|TankWar_P5,TankWar_P1|TankWar_P2|TankWar_P3|TankWar_P4|TankWar_P5,EQUAL,1,1,true,false,false,COMMON_TARGET_DEPENDENCY,TARGET_PRESENT_IN_ALL_PRODUCTS,false,LOW,D1
RC-0003,Tank$$Tools.malen,METHOD,Tank$$TankWar.feuern,METHOD,METHOD_CALL,C:\Users\JBNU\git\ConstraintsRecovery\assets\tankwar\asset10:IF:8-42,C:\Users\JBNU\git\ConstraintsRecovery\assets\tankwar\asset14:IF:8-384,asset10,asset14,false,true,true,true,TankWar_P1|TankWar_P2|TankWar_P3|TankWar_P4|TankWar_P5,TankWar_P1|TankWar_P2|TankWar_P3|TankWar_P4|TankWar_P5,EQUAL,1,1,true,true,false,COMMON_TARGET_DEPENDENCY,TARGET_PRESENT_IN_ALL_PRODUCTS,false,LOW,D3
RC-0004,MapInfo.MapInfo,CONSTRUCTOR,MapInfo.readMap,METHOD,METHOD_CALL,C:\Users\JBNU\git\ConstraintsRecovery\assets\tankwar\asset11:IF:8-132,C:\Users\JBNU\git\ConstraintsRecovery\assets\tankwar\asset11:IF:8-132,asset11,asset11,true,true,true,false,TankWar_P1|TankWar_P2|TankWar_P3|TankWar_P4|TankWar_P5,TankWar_P1|TankWar_P2|TankWar_P3|TankWar_P4|TankWar_P5,EQUAL,1,1,false,false,false,COMMON_TARGET_DEPENDENCY,TARGET_PRESENT_IN_ALL_PRODUCTS,false,LOW,D27
RC-0005,MapInfo.MapInfo,CONSTRUCTOR,MapInfo.tankManager,FIELD,FIELD_REFERENCE,C:\Users\JBNU\git\ConstraintsRecovery\assets\tankwar\asset11:IF:8-132,C:\Users\JBNU\git\ConstraintsRecovery\assets\tankwar\asset11:IF:8-132,asset11,asset11,true,true,true,false,TankWar_P1|TankWar_P2|TankWar_P3|TankWar_P4|TankWar_P5,TankWar_P1|TankWar_P2|TankWar_P3|TankWar_P4|TankWar_P5,EQUAL,1,1,false,false,false,COMMON_TARGET_DEPENDENCY,TARGET_PRESENT_IN_ALL_PRODUCTS,false,LOW,D26
RC-0006,MapInfo.readMap,METHOD,MapInfo.baseLocationX,FIELD,FIELD_REFERENCE,C:\Users\JBNU\git\ConstraintsRecovery\assets\tankwar\asset11:IF:8-132,C:\Users\JBNU\git\ConstraintsRecovery\assets\tankwar\asset11:IF:8-132,asset11,asset11,true,true,true,false,TankWar_P1|TankWar_P2|TankWar_P3|TankWar_P4|TankWar_P5,TankWar_P1|TankWar_P2|TankWar_P3|TankWar_P4|TankWar_P5,EQUAL,1,1,false,false,false,COMMON_TARGET_DEPENDENCY,TARGET_PRESENT_IN_ALL_PRODUCTS,false,LOW,D24
RC-0007,MapInfo.readMap,METHOD,MapInfo.baseLocationY,FIELD,FIELD_REFERENCE,C:\Users\JBNU\git\ConstraintsRecovery\assets\tankwar\asset11:IF:8-132,C:\Users\JBNU\git\ConstraintsRecovery\assets\tankwar\asset11:IF:8-132,asset11,asset11,true,true,true,false,TankWar_P1|TankWar_P2|TankWar_P3|TankWar_P4|TankWar_P5,TankWar_P1|TankWar_P2|TankWar_P3|TankWar_P4|TankWar_P5,EQUAL,1,1,false,false,false,COMMON_TARGET_DEPENDENCY,TARGET_PRESENT_IN_ALL_PRODUCTS,false,LOW,D25
RC-0008,MapInfo.readMap,METHOD,MapInfo.brickWall,FIELD,FIELD_REFERENCE,C:\Users\JBNU\git\ConstraintsRecovery\assets\tankwar\asset11:IF:8-132,C:\Users\JBNU\git\ConstraintsRecovery\assets\tankwar\asset11:IF:8-132,asset11,asset11,true,true,true,false,TankWar_P1|TankWar_P2|TankWar_P3|TankWar_P4|TankWar_P5,TankWar_P1|TankWar_P2|TankWar_P3|TankWar_P4|TankWar_P5,EQUAL,1,1,false,false,false,COMMON_TARGET_DEPENDENCY,TARGET_PRESENT_IN_ALL_PRODUCTS,false,LOW,D38
RC-0009,MapInfo.readMap,METHOD,MapInfo.brickWallHeight,FIELD,FIELD_REFERENCE,C:\Users\JBNU\git\ConstraintsRecovery\assets\tankwar\asset11:IF:8-132,C:\Users\JBNU\git\ConstraintsRecovery\assets\tankwar\asset11:IF:8-132,asset11,asset11,true,true,true,false,TankWar_P1|TankWar_P2|TankWar_P3|TankWar_P4|TankWar_P5,TankWar_P1|TankWar_P2|TankWar_P3|TankWar_P4|TankWar_P5,EQUAL,2,2,false,false,false,COMMON_TARGET_DEPENDENCY,TARGET_PRESENT_IN_ALL_PRODUCTS,false,LOW,D36
RC-0010,MapInfo.readMap,METHOD,MapInfo.brickWallLocationX,FIELD,FIELD_REFERENCE,C:\Users\JBNU\git\ConstraintsRecovery\assets\tankwar\asset11:IF:8-132,C:\Users\JBNU\git\ConstraintsRecovery\assets\tankwar\asset11:IF:8-132,asset11,asset11,true,true,true,false,TankWar_P1|TankWar_P2|TankWar_P3|TankWar_P4|TankWar_P5,TankWar_P1|TankWar_P2|TankWar_P3|TankWar_P4|TankWar_P5,EQUAL,2,2,false,false,false,COMMON_TARGET_DEPENDENCY,TARGET_PRESENT_IN_ALL_PRODUCTS,false,LOW,D33
RC-0011,MapInfo.readMap,METHOD,MapInfo.brickWallLocationY,FIELD,FIELD_REFERENCE,C:\Users\JBNU\git\ConstraintsRecovery\assets\tankwar\asset11:IF:8-132,C:\Users\JBNU\git\ConstraintsRecovery\assets\tankwar\asset11:IF:8-132,asset11,asset11,true,true,true,false,TankWar_P1|TankWar_P2|TankWar_P3|TankWar_P4|TankWar_P5,TankWar_P1|TankWar_P2|TankWar_P3|TankWar_P4|TankWar_P5,EQUAL,2,2,false,false,false,COMMON_TARGET_DEPENDENCY,TARGET_PRESENT_IN_ALL_PRODUCTS,false,LOW,D34
RC-0012,MapInfo.readMap,METHOD,MapInfo.brickWallWidth,FIELD,FIELD_REFERENCE,C:\Users\JBNU\git\ConstraintsRecovery\assets\tankwar\asset11:IF:8-132,C:\Users\JBNU\git\ConstraintsRecovery\assets\tankwar\asset11:IF:8-132,asset11,asset11,true,true,true,false,TankWar_P1|TankWar_P2|TankWar_P3|TankWar_P4|TankWar_P5,TankWar_P1|TankWar_P2|TankWar_P3|TankWar_P4|TankWar_P5,EQUAL,2,2,false,false,false,COMMON_TARGET_DEPENDENCY,TARGET_PRESENT_IN_ALL_PRODUCTS,false,LOW,D35
RC-0013,MapInfo.readMap,METHOD,MapInfo.enemyAllNr,FIELD,FIELD_REFERENCE,C:\Users\JBNU\git\ConstraintsRecovery\assets\tankwar\asset11:IF:8-132,C:\Users\JBNU\git\ConstraintsRecovery\assets\tankwar\asset11:IF:8-132,asset11,asset11,true,true,true,false,TankWar_P1|TankWar_P2|TankWar_P3|TankWar_P4|TankWar_P5,TankWar_P1|TankWar_P2|TankWar_P3|TankWar_P4|TankWar_P5,EQUAL,1,1,false,false,false,COMMON_TARGET_DEPENDENCY,TARGET_PRESENT_IN_ALL_PRODUCTS,false,LOW,D17
RC-0014,MapInfo.readMap,METHOD,MapInfo.enemyLocation,FIELD,FIELD_REFERENCE,C:\Users\JBNU\git\ConstraintsRecovery\assets\tankwar\asset11:IF:8-132,C:\Users\JBNU\git\ConstraintsRecovery\assets\tankwar\asset11:IF:8-132,asset11,asset11,true,true,true,false,TankWar_P1|TankWar_P2|TankWar_P3|TankWar_P4|TankWar_P5,TankWar_P1|TankWar_P2|TankWar_P3|TankWar_P4|TankWar_P5,EQUAL,2,2,false,false,false,COMMON_TARGET_DEPENDENCY,TARGET_PRESENT_IN_ALL_PRODUCTS,false,LOW,D14
RC-0015,MapInfo.readMap,METHOD,MapInfo.enemyMaxNr,FIELD,FIELD_REFERENCE,C:\Users\JBNU\git\ConstraintsRecovery\assets\tankwar\asset11:IF:8-132,C:\Users\JBNU\git\ConstraintsRecovery\assets\tankwar\asset11:IF:8-132,asset11,asset11,true,true,true,false,TankWar_P1|TankWar_P2|TankWar_P3|TankWar_P4|TankWar_P5,TankWar_P1|TankWar_P2|TankWar_P3|TankWar_P4|TankWar_P5,EQUAL,1,1,false,false,false,COMMON_TARGET_DEPENDENCY,TARGET_PRESENT_IN_ALL_PRODUCTS,false,LOW,D18
RC-0016,MapInfo.readMap,METHOD,MapInfo.enemyPosition,FIELD,FIELD_REFERENCE,C:\Users\JBNU\git\ConstraintsRecovery\assets\tankwar\asset11:IF:8-132,C:\Users\JBNU\git\ConstraintsRecovery\assets\tankwar\asset11:IF:8-132,asset11,asset11,true,true,true,false,TankWar_P1|TankWar_P2|TankWar_P3|TankWar_P4|TankWar_P5,TankWar_P1|TankWar_P2|TankWar_P3|TankWar_P4|TankWar_P5,EQUAL,1,1,false,false,false,COMMON_TARGET_DEPENDENCY,TARGET_PRESENT_IN_ALL_PRODUCTS,false,LOW,D16
RC-0017,MapInfo.readMap,METHOD,MapInfo.enemyTy,FIELD,FIELD_REFERENCE,C:\Users\JBNU\git\ConstraintsRecovery\assets\tankwar\asset11:IF:8-132,C:\Users\JBNU\git\ConstraintsRecovery\assets\tankwar\asset11:IF:8-132,asset11,asset11,true,true,true,false,TankWar_P1|TankWar_P2|TankWar_P3|TankWar_P4|TankWar_P5,TankWar_P1|TankWar_P2|TankWar_P3|TankWar_P4|TankWar_P5,EQUAL,2,2,false,false,false,COMMON_TARGET_DEPENDENCY,TARGET_PRESENT_IN_ALL_PRODUCTS,false,LOW,D19
RC-0018,MapInfo.readMap,METHOD,MapInfo.enemyType,FIELD,FIELD_REFERENCE,C:\Users\JBNU\git\ConstraintsRecovery\assets\tankwar\asset11:IF:8-132,C:\Users\JBNU\git\ConstraintsRecovery\assets\tankwar\asset11:IF:8-132,asset11,asset11,true,true,true,false,TankWar_P1|TankWar_P2|TankWar_P3|TankWar_P4|TankWar_P5,TankWar_P1|TankWar_P2|TankWar_P3|TankWar_P4|TankWar_P5,EQUAL,1,1,false,false,false,COMMON_TARGET_DEPENDENCY,TARGET_PRESENT_IN_ALL_PRODUCTS,false,LOW,D21
RC-0019,MapInfo.readMap,METHOD,MapInfo.grassWall,FIELD,FIELD_REFERENCE,C:\Users\JBNU\git\ConstraintsRecovery\assets\tankwar\asset11:IF:8-132,C:\Users\JBNU\git\ConstraintsRecovery\assets\tankwar\asset11:IF:8-132,asset11,asset11,true,true,true,false,TankWar_P1|TankWar_P2|TankWar_P3|TankWar_P4|TankWar_P5,TankWar_P1|TankWar_P2|TankWar_P3|TankWar_P4|TankWar_P5,EQUAL,1,1,false,false,false,COMMON_TARGET_DEPENDENCY,TARGET_PRESENT_IN_ALL_PRODUCTS,false,LOW,D60
RC-0020,MapInfo.readMap,METHOD,MapInfo.grassWallHeight,FIELD,FIELD_REFERENCE,C:\Users\JBNU\git\ConstraintsRecovery\assets\tankwar\asset11:IF:8-132,C:\Users\JBNU\git\ConstraintsRecovery\assets\tankwar\asset11:IF:8-132,asset11,asset11,true,true,true,false,TankWar_P1|TankWar_P2|TankWar_P3|TankWar_P4|TankWar_P5,TankWar_P1|TankWar_P2|TankWar_P3|TankWar_P4|TankWar_P5,EQUAL,2,2,false,false,false,COMMON_TARGET_DEPENDENCY,TARGET_PRESENT_IN_ALL_PRODUCTS,false,LOW,D58
RC-0021,MapInfo.readMap,METHOD,MapInfo.grassWallLocationX,FIELD,FIELD_REFERENCE,C:\Users\JBNU\git\ConstraintsRecovery\assets\tankwar\asset11:IF:8-132,C:\Users\JBNU\git\ConstraintsRecovery\assets\tankwar\asset11:IF:8-132,asset11,asset11,true,true,true,false,TankWar_P1|TankWar_P2|TankWar_P3|TankWar_P4|TankWar_P5,TankWar_P1|TankWar_P2|TankWar_P3|TankWar_P4|TankWar_P5,EQUAL,2,2,false,false,false,COMMON_TARGET_DEPENDENCY,TARGET_PRESENT_IN_ALL_PRODUCTS,false,LOW,D55
RC-0022,MapInfo.readMap,METHOD,MapInfo.grassWallLocationY,FIELD,FIELD_REFERENCE,C:\Users\JBNU\git\ConstraintsRecovery\assets\tankwar\asset11:IF:8-132,C:\Users\JBNU\git\ConstraintsRecovery\assets\tankwar\asset11:IF:8-132,asset11,asset11,true,true,true,false,TankWar_P1|TankWar_P2|TankWar_P3|TankWar_P4|TankWar_P5,TankWar_P1|TankWar_P2|TankWar_P3|TankWar_P4|TankWar_P5,EQUAL,2,2,false,false,false,COMMON_TARGET_DEPENDENCY,TARGET_PRESENT_IN_ALL_PRODUCTS,false,LOW,D56
RC-0023,MapInfo.readMap,METHOD,MapInfo.grassWallWidth,FIELD,FIELD_REFERENCE,C:\Users\JBNU\git\ConstraintsRecovery\assets\tankwar\asset11:IF:8-132,C:\Users\JBNU\git\ConstraintsRecovery\assets\tankwar\asset11:IF:8-132,asset11,asset11,true,true,true,false,TankWar_P1|TankWar_P2|TankWar_P3|TankWar_P4|TankWar_P5,TankWar_P1|TankWar_P2|TankWar_P3|TankWar_P4|TankWar_P5,EQUAL,2,2,false,false,false,COMMON_TARGET_DEPENDENCY,TARGET_PRESENT_IN_ALL_PRODUCTS,false,LOW,D57
RC-0024,MapInfo.readMap,METHOD,MapInfo.mapSize,FIELD,FIELD_REFERENCE,C:\Users\JBNU\git\ConstraintsRecovery\assets\tankwar\asset11:IF:8-132,C:\Users\JBNU\git\ConstraintsRecovery\assets\tankwar\asset11:IF:8-132,asset11,asset11,true,true,true,false,TankWar_P1|TankWar_P2|TankWar_P3|TankWar_P4|TankWar_P5,TankWar_P1|TankWar_P2|TankWar_P3|TankWar_P4|TankWar_P5,EQUAL,2,2,false,false,false,COMMON_TARGET_DEPENDENCY,TARGET_PRESENT_IN_ALL_PRODUCTS,false,LOW,D30
RC-0025,MapInfo.readMap,METHOD,MapInfo.metalWall,FIELD,FIELD_REFERENCE,C:\Users\JBNU\git\ConstraintsRecovery\assets\tankwar\asset11:IF:8-132,C:\Users\JBNU\git\ConstraintsRecovery\assets\tankwar\asset11:IF:8-132,asset11,asset11,true,true,true,false,TankWar_P1|TankWar_P2|TankWar_P3|TankWar_P4|TankWar_P5,TankWar_P1|TankWar_P2|TankWar_P3|TankWar_P4|TankWar_P5,EQUAL,1,1,false,false,false,COMMON_TARGET_DEPENDENCY,TARGET_PRESENT_IN_ALL_PRODUCTS,false,LOW,D49
RC-0026,MapInfo.readMap,METHOD,MapInfo.metalWallHeight,FIELD,FIELD_REFERENCE,C:\Users\JBNU\git\ConstraintsRecovery\assets\tankwar\asset11:IF:8-132,C:\Users\JBNU\git\ConstraintsRecovery\assets\tankwar\asset11:IF:8-132,asset11,asset11,true,true,true,false,TankWar_P1|TankWar_P2|TankWar_P3|TankWar_P4|TankWar_P5,TankWar_P1|TankWar_P2|TankWar_P3|TankWar_P4|TankWar_P5,EQUAL,2,2,false,false,false,COMMON_TARGET_DEPENDENCY,TARGET_PRESENT_IN_ALL_PRODUCTS,false,LOW,D47
RC-0027,MapInfo.readMap,METHOD,MapInfo.metalWallLocationX,FIELD,FIELD_REFERENCE,C:\Users\JBNU\git\ConstraintsRecovery\assets\tankwar\asset11:IF:8-132,C:\Users\JBNU\git\ConstraintsRecovery\assets\tankwar\asset11:IF:8-132,asset11,asset11,true,true,true,false,TankWar_P1|TankWar_P2|TankWar_P3|TankWar_P4|TankWar_P5,TankWar_P1|TankWar_P2|TankWar_P3|TankWar_P4|TankWar_P5,EQUAL,2,2,false,false,false,COMMON_TARGET_DEPENDENCY,TARGET_PRESENT_IN_ALL_PRODUCTS,false,LOW,D44
RC-0028,MapInfo.readMap,METHOD,MapInfo.metalWallLocationY,FIELD,FIELD_REFERENCE,C:\Users\JBNU\git\ConstraintsRecovery\assets\tankwar\asset11:IF:8-132,C:\Users\JBNU\git\ConstraintsRecovery\assets\tankwar\asset11:IF:8-132,asset11,asset11,true,true,true,false,TankWar_P1|TankWar_P2|TankWar_P3|TankWar_P4|TankWar_P5,TankWar_P1|TankWar_P2|TankWar_P3|TankWar_P4|TankWar_P5,EQUAL,2,2,false,false,false,COMMON_TARGET_DEPENDENCY,TARGET_PRESENT_IN_ALL_PRODUCTS,false,LOW,D45
RC-0029,MapInfo.readMap,METHOD,MapInfo.metalWallWidth,FIELD,FIELD_REFERENCE,C:\Users\JBNU\git\ConstraintsRecovery\assets\tankwar\asset11:IF:8-132,C:\Users\JBNU\git\ConstraintsRecovery\assets\tankwar\asset11:IF:8-132,asset11,asset11,true,true,true,false,TankWar_P1|TankWar_P2|TankWar_P3|TankWar_P4|TankWar_P5,TankWar_P1|TankWar_P2|TankWar_P3|TankWar_P4|TankWar_P5,EQUAL,2,2,false,false,false,COMMON_TARGET_DEPENDENCY,TARGET_PRESENT_IN_ALL_PRODUCTS,false,LOW,D46
RC-0030,MapInfo.readMap,METHOD,MapInfo.playerLocationX,FIELD,FIELD_REFERENCE,C:\Users\JBNU\git\ConstraintsRecovery\assets\tankwar\asset11:IF:8-132,C:\Users\JBNU\git\ConstraintsRecovery\assets\tankwar\asset11:IF:8-132,asset11,asset11,true,true,true,false,TankWar_P1|TankWar_P2|TankWar_P3|TankWar_P4|TankWar_P5,TankWar_P1|TankWar_P2|TankWar_P3|TankWar_P4|TankWar_P5,EQUAL,1,1,false,false,false,COMMON_TARGET_DEPENDENCY,TARGET_PRESENT_IN_ALL_PRODUCTS,false,LOW,D22
RC-0031,MapInfo.readMap,METHOD,MapInfo.playerLocationY,FIELD,FIELD_REFERENCE,C:\Users\JBNU\git\ConstraintsRecovery\assets\tankwar\asset11:IF:8-132,C:\Users\JBNU\git\ConstraintsRecovery\assets\tankwar\asset11:IF:8-132,asset11,asset11,true,true,true,false,TankWar_P1|TankWar_P2|TankWar_P3|TankWar_P4|TankWar_P5,TankWar_P1|TankWar_P2|TankWar_P3|TankWar_P4|TankWar_P5,EQUAL,1,1,false,false,false,COMMON_TARGET_DEPENDENCY,TARGET_PRESENT_IN_ALL_PRODUCTS,false,LOW,D23
RC-0032,MapInfo.readMap,METHOD,MapInfo.read,FIELD,FIELD_REFERENCE,C:\Users\JBNU\git\ConstraintsRecovery\assets\tankwar\asset11:IF:8-132,C:\Users\JBNU\git\ConstraintsRecovery\assets\tankwar\asset11:IF:8-132,asset11,asset11,true,true,true,false,TankWar_P1|TankWar_P2|TankWar_P3|TankWar_P4|TankWar_P5,TankWar_P1|TankWar_P2|TankWar_P3|TankWar_P4|TankWar_P5,EQUAL,1,1,false,false,false,COMMON_TARGET_DEPENDENCY,TARGET_PRESENT_IN_ALL_PRODUCTS,false,LOW,D28
RC-0033,MapInfo.readMap,METHOD,MapInfo.tankManager,FIELD,FIELD_REFERENCE,C:\Users\JBNU\git\ConstraintsRecovery\assets\tankwar\asset11:IF:8-132,C:\Users\JBNU\git\ConstraintsRecovery\assets\tankwar\asset11:IF:8-132,asset11,asset11,true,true,true,false,TankWar_P1|TankWar_P2|TankWar_P3|TankWar_P4|TankWar_P5,TankWar_P1|TankWar_P2|TankWar_P3|TankWar_P4|TankWar_P5,EQUAL,4,4,false,false,false,COMMON_TARGET_DEPENDENCY,TARGET_PRESENT_IN_ALL_PRODUCTS,false,LOW,D39
RC-0034,MapInfo.readMap,METHOD,MapInfo.waterWall,FIELD,FIELD_REFERENCE,C:\Users\JBNU\git\ConstraintsRecovery\assets\tankwar\asset11:IF:8-132,C:\Users\JBNU\git\ConstraintsRecovery\assets\tankwar\asset11:IF:8-132,asset11,asset11,true,true,true,false,TankWar_P1|TankWar_P2|TankWar_P3|TankWar_P4|TankWar_P5,TankWar_P1|TankWar_P2|TankWar_P3|TankWar_P4|TankWar_P5,EQUAL,1,1,false,false,false,COMMON_TARGET_DEPENDENCY,TARGET_PRESENT_IN_ALL_PRODUCTS,false,LOW,D8
RC-0035,MapInfo.readMap,METHOD,MapInfo.waterWallHeight,FIELD,FIELD_REFERENCE,C:\Users\JBNU\git\ConstraintsRecovery\assets\tankwar\asset11:IF:8-132,C:\Users\JBNU\git\ConstraintsRecovery\assets\tankwar\asset11:IF:8-132,asset11,asset11,true,true,true,false,TankWar_P1|TankWar_P2|TankWar_P3|TankWar_P4|TankWar_P5,TankWar_P1|TankWar_P2|TankWar_P3|TankWar_P4|TankWar_P5,EQUAL,2,2,false,false,false,COMMON_TARGET_DEPENDENCY,TARGET_PRESENT_IN_ALL_PRODUCTS,false,LOW,D6
RC-0036,MapInfo.readMap,METHOD,MapInfo.waterWallLocationX,FIELD,FIELD_REFERENCE,C:\Users\JBNU\git\ConstraintsRecovery\assets\tankwar\asset11:IF:8-132,C:\Users\JBNU\git\ConstraintsRecovery\assets\tankwar\asset11:IF:8-132,asset11,asset11,true,true,true,false,TankWar_P1|TankWar_P2|TankWar_P3|TankWar_P4|TankWar_P5,TankWar_P1|TankWar_P2|TankWar_P3|TankWar_P4|TankWar_P5,EQUAL,2,2,false,false,false,COMMON_TARGET_DEPENDENCY,TARGET_PRESENT_IN_ALL_PRODUCTS,false,LOW,D66
RC-0037,MapInfo.readMap,METHOD,MapInfo.waterWallLocationY,FIELD,FIELD_REFERENCE,C:\Users\JBNU\git\ConstraintsRecovery\assets\tankwar\asset11:IF:8-132,C:\Users\JBNU\git\ConstraintsRecovery\assets\tankwar\asset11:IF:8-132,asset11,asset11,true,true,true,false,TankWar_P1|TankWar_P2|TankWar_P3|TankWar_P4|TankWar_P5,TankWar_P1|TankWar_P2|TankWar_P3|TankWar_P4|TankWar_P5,EQUAL,2,2,false,false,false,COMMON_TARGET_DEPENDENCY,TARGET_PRESENT_IN_ALL_PRODUCTS,false,LOW,D4
RC-0038,MapInfo.readMap,METHOD,MapInfo.waterWallWidth,FIELD,FIELD_REFERENCE,C:\Users\JBNU\git\ConstraintsRecovery\assets\tankwar\asset11:IF:8-132,C:\Users\JBNU\git\ConstraintsRecovery\assets\tankwar\asset11:IF:8-132,asset11,asset11,true,true,true,false,TankWar_P1|TankWar_P2|TankWar_P3|TankWar_P4|TankWar_P5,TankWar_P1|TankWar_P2|TankWar_P3|TankWar_P4|TankWar_P5,EQUAL,2,2,false,false,false,COMMON_TARGET_DEPENDENCY,TARGET_PRESENT_IN_ALL_PRODUCTS,false,LOW,D5
RC-0039,MapInfo.readMap,METHOD,Record.out,FIELD,FIELD_REFERENCE,C:\Users\JBNU\git\ConstraintsRecovery\assets\tankwar\asset11:IF:8-132,C:\Users\JBNU\git\ConstraintsRecovery\assets\tankwar\asset27:IF:7-116,asset11,asset27,false,true,true,true,TankWar_P1|TankWar_P2|TankWar_P3|TankWar_P4|TankWar_P5,TankWar_P1|TankWar_P3|TankWar_P4|TankWar_P5,TARGET_PROPER_SUBSET_OF_SOURCE,2,2,true,true,false,SIGNATURE_INCONSISTENT,SIGNATURE_INCONSISTENT,false,LOW,D29
RC-0040,MapInfo.readMap,METHOD,Wall.Wall,CONSTRUCTOR,CONSTRUCTOR_CALL,C:\Users\JBNU\git\ConstraintsRecovery\assets\tankwar\asset11:IF:8-132,C:\Users\JBNU\git\ConstraintsRecovery\assets\tankwar\asset5:IF:8-22,asset11,asset5,false,true,true,true,TankWar_P1|TankWar_P2|TankWar_P3|TankWar_P4|TankWar_P5,TankWar_P1|TankWar_P2|TankWar_P3|TankWar_P4|TankWar_P5,EQUAL,4,4,true,true,false,COMMON_TARGET_DEPENDENCY,TARGET_PRESENT_IN_ALL_PRODUCTS,false,LOW,D37
RC-0041,Maler$$fuer_PC,CLASS,Maler$$M_240,CLASS,EXTENDS,C:\Users\JBNU\git\ConstraintsRecovery\assets\tankwar\asset13:ELIF:29-31,C:\Users\JBNU\git\ConstraintsRecovery\assets\tankwar\asset66:IF:4-31,asset13,asset66,false,false,true,true,TankWar_P3,TankWar_P3,EQUAL,1,1,true,false,false,SAME_SIGNATURE_DIRECTED_DEPENDENCY,DIRECTION_NOT_IDENTIFIABLE,false,LOW,D141
RC-0042,Maler$$fuer_PC,CLASS,Maler$$M_780,CLASS,EXTENDS,C:\Users\JBNU\git\ConstraintsRecovery\assets\tankwar\asset13:ELIF:32-33,C:\Users\JBNU\git\ConstraintsRecovery\assets\tankwar\asset74:IF:4-30,asset13,asset74,false,false,true,true,TankWar_P2,TankWar_P2,EQUAL,1,1,true,false,false,SAME_SIGNATURE_DIRECTED_DEPENDENCY,DIRECTION_NOT_IDENTIFIABLE,false,LOW,D148
RC-0043,Maler$$fuer_PC.drawImage,METHOD,Maler$$fuer_PC.drawImage,METHOD,METHOD_CALL,C:\Users\JBNU\git\ConstraintsRecovery\assets\tankwar\asset13:IF:8-358,C:\Users\JBNU\git\ConstraintsRecovery\assets\tankwar\asset13:IF:8-358,asset13,asset13,true,true,true,false,TankWar_P1|TankWar_P2|TankWar_P3|TankWar_P4|TankWar_P5,TankWar_P1|TankWar_P2|TankWar_P3|TankWar_P4|TankWar_P5,EQUAL,2,2,false,false,false,SELF_DEPENDENCY,SELF_DEPENDENCY,false,LOW,D156
RC-0044,Maler$$fuer_PC.drawImage,METHOD,Maler$$fuer_PC.images,FIELD,FIELD_REFERENCE,C:\Users\JBNU\git\ConstraintsRecovery\assets\tankwar\asset13:IF:8-358,C:\Users\JBNU\git\ConstraintsRecovery\assets\tankwar\asset13:IF:8-358,asset13,asset13,true,true,true,false,TankWar_P1|TankWar_P2|TankWar_P3|TankWar_P4|TankWar_P5,TankWar_P1|TankWar_P2|TankWar_P3|TankWar_P4|TankWar_P5,EQUAL,2,2,false,false,false,COMMON_TARGET_DEPENDENCY,TARGET_PRESENT_IN_ALL_PRODUCTS,false,LOW,D155
RC-0045,Maler$$fuer_PC.drawImage,METHOD,Maler$$fuer_PC.loadimage,METHOD,METHOD_CALL,C:\Users\JBNU\git\ConstraintsRecovery\assets\tankwar\asset13:IF:8-358,C:\Users\JBNU\git\ConstraintsRecovery\assets\tankwar\asset13:IF:8-358,asset13,asset13,true,true,true,false,TankWar_P1|TankWar_P2|TankWar_P3|TankWar_P4|TankWar_P5,TankWar_P1|TankWar_P2|TankWar_P3|TankWar_P4|TankWar_P5,EQUAL,99,99,false,false,false,COMMON_TARGET_DEPENDENCY,TARGET_PRESENT_IN_ALL_PRODUCTS,false,LOW,D158
RC-0046,Maler$$fuer_PC.loadimage,METHOD,Maler$$fuer_PC.images,FIELD,FIELD_REFERENCE,C:\Users\JBNU\git\ConstraintsRecovery\assets\tankwar\asset13:IF:8-358,C:\Users\JBNU\git\ConstraintsRecovery\assets\tankwar\asset13:IF:8-358,asset13,asset13,true,true,true,false,TankWar_P1|TankWar_P2|TankWar_P3|TankWar_P4|TankWar_P5,TankWar_P1|TankWar_P2|TankWar_P3|TankWar_P4|TankWar_P5,EQUAL,1,1,false,false,false,COMMON_TARGET_DEPENDENCY,TARGET_PRESENT_IN_ALL_PRODUCTS,false,LOW,D154
RC-0047,Maler$$fuer_PC.drawImage,METHOD,Record.out,FIELD,FIELD_REFERENCE,C:\Users\JBNU\git\ConstraintsRecovery\assets\tankwar\asset13:IF:8-358,C:\Users\JBNU\git\ConstraintsRecovery\assets\tankwar\asset27:IF:7-116,asset13,asset27,false,true,true,true,TankWar_P1|TankWar_P2|TankWar_P3|TankWar_P4|TankWar_P5,TankWar_P1|TankWar_P3|TankWar_P4|TankWar_P5,TARGET_PROPER_SUBSET_OF_SOURCE,2,2,true,true,false,SIGNATURE_INCONSISTENT,SIGNATURE_INCONSISTENT,false,LOW,D157
RC-0048,Tank$$TankWar.beschaedigen,METHOD,Tank$$TankWar.beschId,FIELD,FIELD_REFERENCE,C:\Users\JBNU\git\ConstraintsRecovery\assets\tankwar\asset14:IF:8-384,C:\Users\JBNU\git\ConstraintsRecovery\assets\tankwar\asset14:IF:8-384,asset14,asset14,true,true,true,false,TankWar_P1|TankWar_P2|TankWar_P3|TankWar_P4|TankWar_P5,TankWar_P1|TankWar_P2|TankWar_P3|TankWar_P4|TankWar_P5,EQUAL,1,1,false,false,false,COMMON_TARGET_DEPENDENCY,TARGET_PRESENT_IN_ALL_PRODUCTS,false,LOW,D407
RC-0049,Tank$$TankWar.beschaedigen,METHOD,Tank$$TankWar.energie,FIELD,FIELD_REFERENCE,C:\Users\JBNU\git\ConstraintsRecovery\assets\tankwar\asset14:IF:8-384,C:\Users\JBNU\git\ConstraintsRecovery\assets\tankwar\asset14:IF:8-384,asset14,asset14,true,true,true,false,TankWar_P1|TankWar_P2|TankWar_P3|TankWar_P4|TankWar_P5,TankWar_P1|TankWar_P2|TankWar_P3|TankWar_P4|TankWar_P5,EQUAL,2,2,false,false,false,COMMON_TARGET_DEPENDENCY,TARGET_PRESENT_IN_ALL_PRODUCTS,false,LOW,D408
RC-0050,Tank$$TankWar.beschaedigen,METHOD,Tank$$TankWar.explodieren,METHOD,METHOD_CALL,C:\Users\JBNU\git\ConstraintsRecovery\assets\tankwar\asset14:IF:8-384,C:\Users\JBNU\git\ConstraintsRecovery\assets\tankwar\asset14:IF:8-384,asset14,asset14,true,true,true,false,TankWar_P1|TankWar_P2|TankWar_P3|TankWar_P4|TankWar_P5,TankWar_P1|TankWar_P2|TankWar_P3|TankWar_P4|TankWar_P5,EQUAL,1,1,false,false,false,COMMON_TARGET_DEPENDENCY,TARGET_PRESENT_IN_ALL_PRODUCTS,false,LOW,D410
RC-0051,Tank$$TankWar.feuern,METHOD,Tank$$TankWar.currTime,FIELD,FIELD_REFERENCE,C:\Users\JBNU\git\ConstraintsRecovery\assets\tankwar\asset14:IF:8-384,C:\Users\JBNU\git\ConstraintsRecovery\assets\tankwar\asset14:IF:8-384,asset14,asset14,true,true,true,false,TankWar_P1|TankWar_P2|TankWar_P3|TankWar_P4|TankWar_P5,TankWar_P1|TankWar_P2|TankWar_P3|TankWar_P4|TankWar_P5,EQUAL,2,2,false,false,false,COMMON_TARGET_DEPENDENCY,TARGET_PRESENT_IN_ALL_PRODUCTS,false,LOW,D288
RC-0052,Tank$$TankWar.feuern,METHOD,Tank$$TankWar.fahrRichtung,FIELD,FIELD_REFERENCE,C:\Users\JBNU\git\ConstraintsRecovery\assets\tankwar\asset14:IF:8-384,C:\Users\JBNU\git\ConstraintsRecovery\assets\tankwar\asset14:IF:8-384,asset14,asset14,true,true,true,false,TankWar_P1|TankWar_P2|TankWar_P3|TankWar_P4|TankWar_P5,TankWar_P1|TankWar_P2|TankWar_P3|TankWar_P4|TankWar_P5,EQUAL,1,1,false,false,false,COMMON_TARGET_DEPENDENCY,TARGET_PRESENT_IN_ALL_PRODUCTS,false,LOW,D294
RC-0053,Tank$$TankWar.feuern,METHOD,Tank$$TankWar.feindlich,FIELD,FIELD_REFERENCE,C:\Users\JBNU\git\ConstraintsRecovery\assets\tankwar\asset14:IF:8-384,C:\Users\JBNU\git\ConstraintsRecovery\assets\tankwar\asset14:IF:8-384,asset14,asset14,true,true,true,false,TankWar_P1|TankWar_P2|TankWar_P3|TankWar_P4|TankWar_P5,TankWar_P1|TankWar_P2|TankWar_P3|TankWar_P4|TankWar_P5,EQUAL,1,1,false,false,false,COMMON_TARGET_DEPENDENCY,TARGET_PRESENT_IN_ALL_PRODUCTS,false,LOW,D293
RC-0054,Tank$$TankWar.feuern,METHOD,Tank$$TankWar.feuernHaufigkeit,FIELD,FIELD_REFERENCE,C:\Users\JBNU\git\ConstraintsRecovery\assets\tankwar\asset14:IF:8-384,C:\Users\JBNU\git\ConstraintsRecovery\assets\tankwar\asset14:IF:8-384,asset14,asset14,true,true,true,false,TankWar_P1|TankWar_P2|TankWar_P3|TankWar_P4|TankWar_P5,TankWar_P1|TankWar_P2|TankWar_P3|TankWar_P4|TankWar_P5,EQUAL,1,1,false,false,false,COMMON_TARGET_DEPENDENCY,TARGET_PRESENT_IN_ALL_PRODUCTS,false,LOW,D290
RC-0055,Tank$$TankWar.feuern,METHOD,Tank$$TankWar.feuernKontroller,FIELD,FIELD_REFERENCE,C:\Users\JBNU\git\ConstraintsRecovery\assets\tankwar\asset14:IF:8-384,C:\Users\JBNU\git\ConstraintsRecovery\assets\tankwar\asset14:IF:8-384,asset14,asset14,true,true,true,false,TankWar_P1|TankWar_P2|TankWar_P3|TankWar_P4|TankWar_P5,TankWar_P1|TankWar_P2|TankWar_P3|TankWar_P4|TankWar_P5,EQUAL,2,2,false,false,false,COMMON_TARGET_DEPENDENCY,TARGET_PRESENT_IN_ALL_PRODUCTS,false,LOW,D289
RC-0056,Tank$$TankWar.feuern,METHOD,Tank$$TankWar.missileType,FIELD,FIELD_REFERENCE,C:\Users\JBNU\git\ConstraintsRecovery\assets\tankwar\asset14:IF:8-384,C:\Users\JBNU\git\ConstraintsRecovery\assets\tankwar\asset14:IF:8-384,asset14,asset14,true,true,true,false,TankWar_P1|TankWar_P2|TankWar_P3|TankWar_P4|TankWar_P5,TankWar_P1|TankWar_P2|TankWar_P3|TankWar_P4|TankWar_P5,EQUAL,1,1,false,false,false,COMMON_TARGET_DEPENDENCY,TARGET_PRESENT_IN_ALL_PRODUCTS,false,LOW,D292
RC-0057,Tank$$TankWar.geschuetzTurm,METHOD,Tank$$TankWar.fahrRichtung,FIELD,FIELD_REFERENCE,C:\Users\JBNU\git\ConstraintsRecovery\assets\tankwar\asset14:IF:8-384,C:\Users\JBNU\git\ConstraintsRecovery\assets\tankwar\asset14:IF:8-384,asset14,asset14,true,true,true,false,TankWar_P1|TankWar_P2|TankWar_P3|TankWar_P4|TankWar_P5,TankWar_P1|TankWar_P2|TankWar_P3|TankWar_P4|TankWar_P5,EQUAL,1,1,false,false,false,COMMON_TARGET_DEPENDENCY,TARGET_PRESENT_IN_ALL_PRODUCTS,false,LOW,D209
RC-0058,Tank$$TankWar.init,METHOD,Tank$$TankWar.currTime,FIELD,FIELD_REFERENCE,C:\Users\JBNU\git\ConstraintsRecovery\assets\tankwar\asset14:IF:8-384,C:\Users\JBNU\git\ConstraintsRecovery\assets\tankwar\asset14:IF:8-384,asset14,asset14,true,true,true,false,TankWar_P1|TankWar_P2|TankWar_P3|TankWar_P4|TankWar_P5,TankWar_P1|TankWar_P2|TankWar_P3|TankWar_P4|TankWar_P5,EQUAL,4,4,false,false,false,COMMON_TARGET_DEPENDENCY,TARGET_PRESENT_IN_ALL_PRODUCTS,false,LOW,D179
RC-0059,Tank$$TankWar.init,METHOD,Tank$$TankWar.energie,FIELD,FIELD_REFERENCE,C:\Users\JBNU\git\ConstraintsRecovery\assets\tankwar\asset14:IF:8-384,C:\Users\JBNU\git\ConstraintsRecovery\assets\tankwar\asset14:IF:8-384,asset14,asset14,true,true,true,false,TankWar_P1|TankWar_P2|TankWar_P3|TankWar_P4|TankWar_P5,TankWar_P1|TankWar_P2|TankWar_P3|TankWar_P4|TankWar_P5,EQUAL,10,10,false,false,false,COMMON_TARGET_DEPENDENCY,TARGET_PRESENT_IN_ALL_PRODUCTS,false,LOW,D419
RC-0060,Tank$$TankWar.init,METHOD,Tank$$TankWar.feindlich,FIELD,FIELD_REFERENCE,C:\Users\JBNU\git\ConstraintsRecovery\assets\tankwar\asset14:IF:8-384,C:\Users\JBNU\git\ConstraintsRecovery\assets\tankwar\asset14:IF:8-384,asset14,asset14,true,true,true,false,TankWar_P1|TankWar_P2|TankWar_P3|TankWar_P4|TankWar_P5,TankWar_P1|TankWar_P2|TankWar_P3|TankWar_P4|TankWar_P5,EQUAL,10,10,false,false,false,COMMON_TARGET_DEPENDENCY,TARGET_PRESENT_IN_ALL_PRODUCTS,false,LOW,D416
RC-0061,Tank$$TankWar.init,METHOD,Tank$$TankWar.feuernHaufigkeit,FIELD,FIELD_REFERENCE,C:\Users\JBNU\git\ConstraintsRecovery\assets\tankwar\asset14:IF:8-384,C:\Users\JBNU\git\ConstraintsRecovery\assets\tankwar\asset14:IF:8-384,asset14,asset14,true,true,true,false,TankWar_P1|TankWar_P2|TankWar_P3|TankWar_P4|TankWar_P5,TankWar_P1|TankWar_P2|TankWar_P3|TankWar_P4|TankWar_P5,EQUAL,7,7,false,false,false,COMMON_TARGET_DEPENDENCY,TARGET_PRESENT_IN_ALL_PRODUCTS,false,LOW,D418
RC-0062,Tank$$TankWar.init,METHOD,Tank$$TankWar.feuernKontroller,FIELD,FIELD_REFERENCE,C:\Users\JBNU\git\ConstraintsRecovery\assets\tankwar\asset14:IF:8-384,C:\Users\JBNU\git\ConstraintsRecovery\assets\tankwar\asset14:IF:8-384,asset14,asset14,true,true,true,false,TankWar_P1|TankWar_P2|TankWar_P3|TankWar_P4|TankWar_P5,TankWar_P1|TankWar_P2|TankWar_P3|TankWar_P4|TankWar_P5,EQUAL,1,1,false,false,false,COMMON_TARGET_DEPENDENCY,TARGET_PRESENT_IN_ALL_PRODUCTS,false,LOW,D185
RC-0063,Tank$$TankWar.init,METHOD,Tank$$TankWar.geschwindigkeit,FIELD,FIELD_REFERENCE,C:\Users\JBNU\git\ConstraintsRecovery\assets\tankwar\asset14:IF:8-384,C:\Users\JBNU\git\ConstraintsRecovery\assets\tankwar\asset14:IF:8-384,asset14,asset14,true,true,true,false,TankWar_P1|TankWar_P2|TankWar_P3|TankWar_P4|TankWar_P5,TankWar_P1|TankWar_P2|TankWar_P3|TankWar_P4|TankWar_P5,EQUAL,10,10,false,false,false,COMMON_TARGET_DEPENDENCY,TARGET_PRESENT_IN_ALL_PRODUCTS,false,LOW,D417
RC-0064,Tank$$TankWar.init,METHOD,Tank$$TankWar.time,FIELD,FIELD_REFERENCE,C:\Users\JBNU\git\ConstraintsRecovery\assets\tankwar\asset14:IF:8-384,C:\Users\JBNU\git\ConstraintsRecovery\assets\tankwar\asset14:IF:8-384,asset14,asset14,true,true,true,false,TankWar_P1|TankWar_P2|TankWar_P3|TankWar_P4|TankWar_P5,TankWar_P1|TankWar_P2|TankWar_P3|TankWar_P4|TankWar_P5,EQUAL,1,1,false,false,false,COMMON_TARGET_DEPENDENCY,TARGET_PRESENT_IN_ALL_PRODUCTS,false,LOW,D181
RC-0065,Tank$$TankWar.init,METHOD,Tank$$TankWar.time1,FIELD,FIELD_REFERENCE,C:\Users\JBNU\git\ConstraintsRecovery\assets\tankwar\asset14:IF:8-384,C:\Users\JBNU\git\ConstraintsRecovery\assets\tankwar\asset14:IF:8-384,asset14,asset14,true,true,true,false,TankWar_P1|TankWar_P2|TankWar_P3|TankWar_P4|TankWar_P5,TankWar_P1|TankWar_P2|TankWar_P3|TankWar_P4|TankWar_P5,EQUAL,1,1,false,false,false,COMMON_TARGET_DEPENDENCY,TARGET_PRESENT_IN_ALL_PRODUCTS,false,LOW,D183
RC-0066,Tank$$TankWar.init,METHOD,Tank$$TankWar.xf_Koordinate,FIELD,FIELD_REFERENCE,C:\Users\JBNU\git\ConstraintsRecovery\assets\tankwar\asset14:IF:8-384,C:\Users\JBNU\git\ConstraintsRecovery\assets\tankwar\asset14:IF:8-384,asset14,asset14,true,true,true,false,TankWar_P1|TankWar_P2|TankWar_P3|TankWar_P4|TankWar_P5,TankWar_P1|TankWar_P2|TankWar_P3|TankWar_P4|TankWar_P5,EQUAL,1,1,false,false,false,COMMON_TARGET_DEPENDENCY,TARGET_PRESENT_IN_ALL_PRODUCTS,false,LOW,D186
RC-0067,Tank$$TankWar.init,METHOD,Tank$$TankWar.yf_Koordinate,FIELD,FIELD_REFERENCE,C:\Users\JBNU\git\ConstraintsRecovery\assets\tankwar\asset14:IF:8-384,C:\Users\JBNU\git\ConstraintsRecovery\assets\tankwar\asset14:IF:8-384,asset14,asset14,true,true,true,false,TankWar_P1|TankWar_P2|TankWar_P3|TankWar_P4|TankWar_P5,TankWar_P1|TankWar_P2|TankWar_P3|TankWar_P4|TankWar_P5,EQUAL,1,1,false,false,false,COMMON_TARGET_DEPENDENCY,TARGET_PRESENT_IN_ALL_PRODUCTS,false,LOW,D189
RC-0068,Tank$$TankWar.keyPressBehandeln,METHOD,Tank$$TankWar.feuern,FIELD,FIELD_REFERENCE,C:\Users\JBNU\git\ConstraintsRecovery\assets\tankwar\asset14:IF:8-384,C:\Users\JBNU\git\ConstraintsRecovery\assets\tankwar\asset14:IF:8-384,asset14,asset14,true,true,true,false,TankWar_P1|TankWar_P2|TankWar_P3|TankWar_P4|TankWar_P5,TankWar_P1|TankWar_P2|TankWar_P3|TankWar_P4|TankWar_P5,EQUAL,1,1,false,false,false,COMMON_TARGET_DEPENDENCY,TARGET_PRESENT_IN_ALL_PRODUCTS,false,LOW,D235
RC-0069,Tank$$TankWar.keyPressBehandeln,METHOD,Tank$$TankWar.keyDown,FIELD,FIELD_REFERENCE,C:\Users\JBNU\git\ConstraintsRecovery\assets\tankwar\asset14:IF:8-384,C:\Users\JBNU\git\ConstraintsRecovery\assets\tankwar\asset14:IF:8-384,asset14,asset14,true,true,true,false,TankWar_P1|TankWar_P2|TankWar_P3|TankWar_P4|TankWar_P5,TankWar_P1|TankWar_P2|TankWar_P3|TankWar_P4|TankWar_P5,EQUAL,4,4,false,false,false,COMMON_TARGET_DEPENDENCY,TARGET_PRESENT_IN_ALL_PRODUCTS,false,LOW,D220
RC-0070,Tank$$TankWar.keyPressBehandeln,METHOD,Tank$$TankWar.keyLeft,FIELD,FIELD_REFERENCE,C:\Users\JBNU\git\ConstraintsRecovery\assets\tankwar\asset14:IF:8-384,C:\Users\JBNU\git\ConstraintsRecovery\assets\tankwar\asset14:IF:8-384,asset14,asset14,true,true,true,false,TankWar_P1|TankWar_P2|TankWar_P3|TankWar_P4|TankWar_P5,TankWar_P1|TankWar_P2|TankWar_P3|TankWar_P4|TankWar_P5,EQUAL,4,4,false,false,false,COMMON_TARGET_DEPENDENCY,TARGET_PRESENT_IN_ALL_PRODUCTS,false,LOW,D221
RC-0071,Tank$$TankWar.keyPressBehandeln,METHOD,Tank$$TankWar.keyRight,FIELD,FIELD_REFERENCE,C:\Users\JBNU\git\ConstraintsRecovery\assets\tankwar\asset14:IF:8-384,C:\Users\JBNU\git\ConstraintsRecovery\assets\tankwar\asset14:IF:8-384,asset14,asset14,true,true,true,false,TankWar_P1|TankWar_P2|TankWar_P3|TankWar_P4|TankWar_P5,TankWar_P1|TankWar_P2|TankWar_P3|TankWar_P4|TankWar_P5,EQUAL,4,4,false,false,false,COMMON_TARGET_DEPENDENCY,TARGET_PRESENT_IN_ALL_PRODUCTS,false,LOW,D222
RC-0072,Tank$$TankWar.keyPressBehandeln,METHOD,Tank$$TankWar.keyUp,FIELD,FIELD_REFERENCE,C:\Users\JBNU\git\ConstraintsRecovery\assets\tankwar\asset14:IF:8-384,C:\Users\JBNU\git\ConstraintsRecovery\assets\tankwar\asset14:IF:8-384,asset14,asset14,true,true,true,false,TankWar_P1|TankWar_P2|TankWar_P3|TankWar_P4|TankWar_P5,TankWar_P1|TankWar_P2|TankWar_P3|TankWar_P4|TankWar_P5,EQUAL,4,4,false,false,false,COMMON_TARGET_DEPENDENCY,TARGET_PRESENT_IN_ALL_PRODUCTS,false,LOW,D219
RC-0073,Tank$$TankWar.keyPressBehandeln,METHOD,Tank$$TankWar.richtungErkennen,METHOD,METHOD_CALL,C:\Users\JBNU\git\ConstraintsRecovery\assets\tankwar\asset14:IF:8-384,C:\Users\JBNU\git\ConstraintsRecovery\assets\tankwar\asset14:IF:8-384,asset14,asset14,true,true,true,false,TankWar_P1|TankWar_P2|TankWar_P3|TankWar_P4|TankWar_P5,TankWar_P1|TankWar_P2|TankWar_P3|TankWar_P4|TankWar_P5,EQUAL,1,1,false,false,false,COMMON_TARGET_DEPENDENCY,TARGET_PRESENT_IN_ALL_PRODUCTS,false,LOW,D236
RC-0074,Tank$$TankWar.keyReleaseBehandeln,METHOD,Tank$$TankWar.feuern,FIELD,FIELD_REFERENCE,C:\Users\JBNU\git\ConstraintsRecovery\assets\tankwar\asset14:IF:8-384,C:\Users\JBNU\git\ConstraintsRecovery\assets\tankwar\asset14:IF:8-384,asset14,asset14,true,true,true,false,TankWar_P1|TankWar_P2|TankWar_P3|TankWar_P4|TankWar_P5,TankWar_P1|TankWar_P2|TankWar_P3|TankWar_P4|TankWar_P5,EQUAL,1,1,false,false,false,COMMON_TARGET_DEPENDENCY,TARGET_PRESENT_IN_ALL_PRODUCTS,false,LOW,D241
RC-0075,Tank$$TankWar.keyReleaseBehandeln,METHOD,Tank$$TankWar.keyDown,FIELD,FIELD_REFERENCE,C:\Users\JBNU\git\ConstraintsRecovery\assets\tankwar\asset14:IF:8-384,C:\Users\JBNU\git\ConstraintsRecovery\assets\tankwar\asset14:IF:8-384,asset14,asset14,true,true,true,false,TankWar_P1|TankWar_P2|TankWar_P3|TankWar_P4|TankWar_P5,TankWar_P1|TankWar_P2|TankWar_P3|TankWar_P4|TankWar_P5,EQUAL,1,1,false,false,false,COMMON_TARGET_DEPENDENCY,TARGET_PRESENT_IN_ALL_PRODUCTS,false,LOW,D238
RC-0076,Tank$$TankWar.keyReleaseBehandeln,METHOD,Tank$$TankWar.keyLeft,FIELD,FIELD_REFERENCE,C:\Users\JBNU\git\ConstraintsRecovery\assets\tankwar\asset14:IF:8-384,C:\Users\JBNU\git\ConstraintsRecovery\assets\tankwar\asset14:IF:8-384,asset14,asset14,true,true,true,false,TankWar_P1|TankWar_P2|TankWar_P3|TankWar_P4|TankWar_P5,TankWar_P1|TankWar_P2|TankWar_P3|TankWar_P4|TankWar_P5,EQUAL,1,1,false,false,false,COMMON_TARGET_DEPENDENCY,TARGET_PRESENT_IN_ALL_PRODUCTS,false,LOW,D239
RC-0077,Tank$$TankWar.keyReleaseBehandeln,METHOD,Tank$$TankWar.keyRight,FIELD,FIELD_REFERENCE,C:\Users\JBNU\git\ConstraintsRecovery\assets\tankwar\asset14:IF:8-384,C:\Users\JBNU\git\ConstraintsRecovery\assets\tankwar\asset14:IF:8-384,asset14,asset14,true,true,true,false,TankWar_P1|TankWar_P2|TankWar_P3|TankWar_P4|TankWar_P5,TankWar_P1|TankWar_P2|TankWar_P3|TankWar_P4|TankWar_P5,EQUAL,1,1,false,false,false,COMMON_TARGET_DEPENDENCY,TARGET_PRESENT_IN_ALL_PRODUCTS,false,LOW,D240
RC-0078,Tank$$TankWar.keyReleaseBehandeln,METHOD,Tank$$TankWar.keyUp,FIELD,FIELD_REFERENCE,C:\Users\JBNU\git\ConstraintsRecovery\assets\tankwar\asset14:IF:8-384,C:\Users\JBNU\git\ConstraintsRecovery\assets\tankwar\asset14:IF:8-384,asset14,asset14,true,true,true,false,TankWar_P1|TankWar_P2|TankWar_P3|TankWar_P4|TankWar_P5,TankWar_P1|TankWar_P2|TankWar_P3|TankWar_P4|TankWar_P5,EQUAL,1,1,false,false,false,COMMON_TARGET_DEPENDENCY,TARGET_PRESENT_IN_ALL_PRODUCTS,false,LOW,D237
RC-0079,Tank$$TankWar.keyReleaseBehandeln,METHOD,Tank$$TankWar.richtungErkennen,METHOD,METHOD_CALL,C:\Users\JBNU\git\ConstraintsRecovery\assets\tankwar\asset14:IF:8-384,C:\Users\JBNU\git\ConstraintsRecovery\assets\tankwar\asset14:IF:8-384,asset14,asset14,true,true,true,false,TankWar_P1|TankWar_P2|TankWar_P3|TankWar_P4|TankWar_P5,TankWar_P1|TankWar_P2|TankWar_P3|TankWar_P4|TankWar_P5,EQUAL,1,1,false,false,false,COMMON_TARGET_DEPENDENCY,TARGET_PRESENT_IN_ALL_PRODUCTS,false,LOW,D242
RC-0080,Tank$$TankWar.koordinateAktualisieren,METHOD,Tank$$TankWar.elapsedTime,FIELD,FIELD_REFERENCE,C:\Users\JBNU\git\ConstraintsRecovery\assets\tankwar\asset14:IF:8-384,C:\Users\JBNU\git\ConstraintsRecovery\assets\tankwar\asset14:IF:8-384,asset14,asset14,true,true,true,false,TankWar_P1|TankWar_P2|TankWar_P3|TankWar_P4|TankWar_P5,TankWar_P1|TankWar_P2|TankWar_P3|TankWar_P4|TankWar_P5,EQUAL,9,9,false,false,false,COMMON_TARGET_DEPENDENCY,TARGET_PRESENT_IN_ALL_PRODUCTS,false,LOW,D302
RC-0081,Tank$$TankWar.koordinateAktualisieren,METHOD,Tank$$TankWar.fahrRichtung,FIELD,FIELD_REFERENCE,C:\Users\JBNU\git\ConstraintsRecovery\assets\tankwar\asset14:IF:8-384,C:\Users\JBNU\git\ConstraintsRecovery\assets\tankwar\asset14:IF:8-384,asset14,asset14,true,true,true,false,TankWar_P1|TankWar_P2|TankWar_P3|TankWar_P4|TankWar_P5,TankWar_P1|TankWar_P2|TankWar_P3|TankWar_P4|TankWar_P5,EQUAL,2,2,false,false,false,COMMON_TARGET_DEPENDENCY,TARGET_PRESENT_IN_ALL_PRODUCTS,false,LOW,D309
RC-0082,Tank$$TankWar.koordinateAktualisieren,METHOD,Tank$$TankWar.feindlich,FIELD,FIELD_REFERENCE,C:\Users\JBNU\git\ConstraintsRecovery\assets\tankwar\asset14:IF:8-384,C:\Users\JBNU\git\ConstraintsRecovery\assets\tankwar\asset14:IF:8-384,asset14,asset14,true,true,true,false,TankWar_P1|TankWar_P2|TankWar_P3|TankWar_P4|TankWar_P5,TankWar_P1|TankWar_P2|TankWar_P3|TankWar_P4|TankWar_P5,EQUAL,1,1,false,false,false,COMMON_TARGET_DEPENDENCY,TARGET_PRESENT_IN_ALL_PRODUCTS,false,LOW,D301
RC-0083,Tank$$TankWar.koordinateAktualisieren,METHOD,Tank$$TankWar.flachHeit,FIELD,FIELD_REFERENCE,C:\Users\JBNU\git\ConstraintsRecovery\assets\tankwar\asset14:IF:8-384,C:\Users\JBNU\git\ConstraintsRecovery\assets\tankwar\asset14:IF:8-384,asset14,asset14,true,true,true,false,TankWar_P1|TankWar_P2|TankWar_P3|TankWar_P4|TankWar_P5,TankWar_P1|TankWar_P2|TankWar_P3|TankWar_P4|TankWar_P5,EQUAL,5,5,false,false,false,COMMON_TARGET_DEPENDENCY,TARGET_PRESENT_IN_ALL_PRODUCTS,false,LOW,D306
RC-0084,Tank$$TankWar.koordinateAktualisieren,METHOD,Tank$$TankWar.flachHeitRichtung,FIELD,FIELD_REFERENCE,C:\Users\JBNU\git\ConstraintsRecovery\assets\tankwar\asset14:IF:8-384,C:\Users\JBNU\git\ConstraintsRecovery\assets\tankwar\asset14:IF:8-384,asset14,asset14,true,true,true,false,TankWar_P1|TankWar_P2|TankWar_P3|TankWar_P4|TankWar_P5,TankWar_P1|TankWar_P2|TankWar_P3|TankWar_P4|TankWar_P5,EQUAL,2,2,false,false,false,COMMON_TARGET_DEPENDENCY,TARGET_PRESENT_IN_ALL_PRODUCTS,false,LOW,D308
RC-0085,Tank$$TankWar.koordinateAktualisieren,METHOD,Tank$$TankWar.geschwindigkeit,FIELD,FIELD_REFERENCE,C:\Users\JBNU\git\ConstraintsRecovery\assets\tankwar\asset14:IF:8-384,C:\Users\JBNU\git\ConstraintsRecovery\assets\tankwar\asset14:IF:8-384,asset14,asset14,true,true,true,false,TankWar_P1|TankWar_P2|TankWar_P3|TankWar_P4|TankWar_P5,TankWar_P1|TankWar_P2|TankWar_P3|TankWar_P4|TankWar_P5,EQUAL,8,8,false,false,false,COMMON_TARGET_DEPENDENCY,TARGET_PRESENT_IN_ALL_PRODUCTS,false,LOW,D313
RC-0086,Tank$$TankWar.koordinateAktualisieren,METHOD,Tank$$TankWar.tankFeindKI,METHOD,METHOD_CALL,C:\Users\JBNU\git\ConstraintsRecovery\assets\tankwar\asset14:IF:8-384,C:\Users\JBNU\git\ConstraintsRecovery\assets\tankwar\asset14:IF:8-384,asset14,asset14,true,true,true,false,TankWar_P1|TankWar_P2|TankWar_P3|TankWar_P4|TankWar_P5,TankWar_P1|TankWar_P2|TankWar_P3|TankWar_P4|TankWar_P5,EQUAL,1,1,false,false,false,COMMON_TARGET_DEPENDENCY,TARGET_PRESENT_IN_ALL_PRODUCTS,false,LOW,D303
RC-0087,Tank$$TankWar.koordinateAktualisieren,METHOD,Tank$$TankWar.tankRichtung,FIELD,FIELD_REFERENCE,C:\Users\JBNU\git\ConstraintsRecovery\assets\tankwar\asset14:IF:8-384,C:\Users\JBNU\git\ConstraintsRecovery\assets\tankwar\asset14:IF:8-384,asset14,asset14,true,true,true,false,TankWar_P1|TankWar_P2|TankWar_P3|TankWar_P4|TankWar_P5,TankWar_P1|TankWar_P2|TankWar_P3|TankWar_P4|TankWar_P5,EQUAL,7,7,false,false,false,COMMON_TARGET_DEPENDENCY,TARGET_PRESENT_IN_ALL_PRODUCTS,false,LOW,D319
RC-0088,Tank$$TankWar.koordinateAktualisieren,METHOD,Tank$$TankWar.xf_Koordinate,FIELD,FIELD_REFERENCE,C:\Users\JBNU\git\ConstraintsRecovery\assets\tankwar\asset14:IF:8-384,C:\Users\JBNU\git\ConstraintsRecovery\assets\tankwar\asset14:IF:8-384,asset14,asset14,true,true,true,false,TankWar_P1|TankWar_P2|TankWar_P3|TankWar_P4|TankWar_P5,TankWar_P1|TankWar_P2|TankWar_P3|TankWar_P4|TankWar_P5,EQUAL,16,16,false,false,false,COMMON_TARGET_DEPENDENCY,TARGET_PRESENT_IN_ALL_PRODUCTS,false,LOW,D304
RC-0089,Tank$$TankWar.koordinateAktualisieren,METHOD,Tank$$TankWar.yf_Koordinate,FIELD,FIELD_REFERENCE,C:\Users\JBNU\git\ConstraintsRecovery\assets\tankwar\asset14:IF:8-384,C:\Users\JBNU\git\ConstraintsRecovery\assets\tankwar\asset14:IF:8-384,asset14,asset14,true,true,true,false,TankWar_P1|TankWar_P2|TankWar_P3|TankWar_P4|TankWar_P5,TankWar_P1|TankWar_P2|TankWar_P3|TankWar_P4|TankWar_P5,EQUAL,16,16,false,false,false,COMMON_TARGET_DEPENDENCY,TARGET_PRESENT_IN_ALL_PRODUCTS,false,LOW,D305
RC-0090,Tank$$TankWar.malen,METHOD,Tank$$TankWar.aktive,FIELD,FIELD_REFERENCE,C:\Users\JBNU\git\ConstraintsRecovery\assets\tankwar\asset14:IF:8-384,C:\Users\JBNU\git\ConstraintsRecovery\assets\tankwar\asset14:IF:8-384,asset14,asset14,true,true,true,false,TankWar_P1|TankWar_P2|TankWar_P3|TankWar_P4|TankWar_P5,TankWar_P1|TankWar_P2|TankWar_P3|TankWar_P4|TankWar_P5,EQUAL,1,1,false,false,false,COMMON_TARGET_DEPENDENCY,TARGET_PRESENT_IN_ALL_PRODUCTS,false,LOW,D201
RC-0091,Tank$$TankWar.malen,METHOD,Tank$$TankWar.currTime,FIELD,FIELD_REFERENCE,C:\Users\JBNU\git\ConstraintsRecovery\assets\tankwar\asset14:IF:8-384,C:\Users\JBNU\git\ConstraintsRecovery\assets\tankwar\asset14:IF:8-384,asset14,asset14,true,true,true,false,TankWar_P1|TankWar_P2|TankWar_P3|TankWar_P4|TankWar_P5,TankWar_P1|TankWar_P2|TankWar_P3|TankWar_P4|TankWar_P5,EQUAL,2,2,false,false,false,COMMON_TARGET_DEPENDENCY,TARGET_PRESENT_IN_ALL_PRODUCTS,false,LOW,D190
RC-0092,Tank$$TankWar.malen,METHOD,Tank$$TankWar.elapsedTime,FIELD,FIELD_REFERENCE,C:\Users\JBNU\git\ConstraintsRecovery\assets\tankwar\asset14:IF:8-384,C:\Users\JBNU\git\ConstraintsRecovery\assets\tankwar\asset14:IF:8-384,asset14,asset14,true,true,true,false,TankWar_P1|TankWar_P2|TankWar_P3|TankWar_P4|TankWar_P5,TankWar_P1|TankWar_P2|TankWar_P3|TankWar_P4|TankWar_P5,EQUAL,6,6,false,false,false,COMMON_TARGET_DEPENDENCY,TARGET_PRESENT_IN_ALL_PRODUCTS,false,LOW,D192
RC-0093,Tank$$TankWar.malen,METHOD,Tank$$TankWar.feindlich,FIELD,FIELD_REFERENCE,C:\Users\JBNU\git\ConstraintsRecovery\assets\tankwar\asset14:IF:8-384,C:\Users\JBNU\git\ConstraintsRecovery\assets\tankwar\asset14:IF:8-384,asset14,asset14,true,true,true,false,TankWar_P1|TankWar_P2|TankWar_P3|TankWar_P4|TankWar_P5,TankWar_P1|TankWar_P2|TankWar_P3|TankWar_P4|TankWar_P5,EQUAL,1,1,false,false,false,COMMON_TARGET_DEPENDENCY,TARGET_PRESENT_IN_ALL_PRODUCTS,false,LOW,D193
RC-0094,Tank$$TankWar.malen,METHOD,Tank$$TankWar.feuern,FIELD,FIELD_REFERENCE,C:\Users\JBNU\git\ConstraintsRecovery\assets\tankwar\asset14:IF:8-384,C:\Users\JBNU\git\ConstraintsRecovery\assets\tankwar\asset14:IF:8-384,asset14,asset14,true,true,true,false,TankWar_P1|TankWar_P2|TankWar_P3|TankWar_P4|TankWar_P5,TankWar_P1|TankWar_P2|TankWar_P3|TankWar_P4|TankWar_P5,EQUAL,1,1,false,false,false,COMMON_TARGET_DEPENDENCY,TARGET_PRESENT_IN_ALL_PRODUCTS,false,LOW,D199
RC-0095,Tank$$TankWar.malen,METHOD,Tank$$TankWar.feuern,METHOD,METHOD_CALL,C:\Users\JBNU\git\ConstraintsRecovery\assets\tankwar\asset14:IF:8-384,C:\Users\JBNU\git\ConstraintsRecovery\assets\tankwar\asset14:IF:8-384,asset14,asset14,true,true,true,false,TankWar_P1|TankWar_P2|TankWar_P3|TankWar_P4|TankWar_P5,TankWar_P1|TankWar_P2|TankWar_P3|TankWar_P4|TankWar_P5,EQUAL,1,1,false,false,false,COMMON_TARGET_DEPENDENCY,TARGET_PRESENT_IN_ALL_PRODUCTS,false,LOW,D200
RC-0096,Tank$$TankWar.malen,METHOD,Tank$$TankWar.koordinateAktualisieren,METHOD,METHOD_CALL,C:\Users\JBNU\git\ConstraintsRecovery\assets\tankwar\asset14:IF:8-384,C:\Users\JBNU\git\ConstraintsRecovery\assets\tankwar\asset14:IF:8-384,asset14,asset14,true,true,true,false,TankWar_P1|TankWar_P2|TankWar_P3|TankWar_P4|TankWar_P5,TankWar_P1|TankWar_P2|TankWar_P3|TankWar_P4|TankWar_P5,EQUAL,1,1,false,false,false,COMMON_TARGET_DEPENDENCY,TARGET_PRESENT_IN_ALL_PRODUCTS,false,LOW,D204
RC-0097,Tank$$TankWar.malen,METHOD,Tank$$TankWar.tankMalen,METHOD,METHOD_CALL,C:\Users\JBNU\git\ConstraintsRecovery\assets\tankwar\asset14:IF:8-384,C:\Users\JBNU\git\ConstraintsRecovery\assets\tankwar\asset14:IF:8-384,asset14,asset14,true,true,true,false,TankWar_P1|TankWar_P2|TankWar_P3|TankWar_P4|TankWar_P5,TankWar_P1|TankWar_P2|TankWar_P3|TankWar_P4|TankWar_P5,EQUAL,1,1,false,false,false,COMMON_TARGET_DEPENDENCY,TARGET_PRESENT_IN_ALL_PRODUCTS,false,LOW,D205
RC-0098,Tank$$TankWar.malen,METHOD,Tank$$TankWar.time,FIELD,FIELD_REFERENCE,C:\Users\JBNU\git\ConstraintsRecovery\assets\tankwar\asset14:IF:8-384,C:\Users\JBNU\git\ConstraintsRecovery\assets\tankwar\asset14:IF:8-384,asset14,asset14,true,true,true,false,TankWar_P1|TankWar_P2|TankWar_P3|TankWar_P4|TankWar_P5,TankWar_P1|TankWar_P2|TankWar_P3|TankWar_P4|TankWar_P5,EQUAL,1,1,false,false,false,COMMON_TARGET_DEPENDENCY,TARGET_PRESENT_IN_ALL_PRODUCTS,false,LOW,D194
RC-0099,Tank$$TankWar.malen,METHOD,Tank$$TankWar.time1,FIELD,FIELD_REFERENCE,C:\Users\JBNU\git\ConstraintsRecovery\assets\tankwar\asset14:IF:8-384,C:\Users\JBNU\git\ConstraintsRecovery\assets\tankwar\asset14:IF:8-384,asset14,asset14,true,true,true,false,TankWar_P1|TankWar_P2|TankWar_P3|TankWar_P4|TankWar_P5,TankWar_P1|TankWar_P2|TankWar_P3|TankWar_P4|TankWar_P5,EQUAL,1,1,false,false,false,COMMON_TARGET_DEPENDENCY,TARGET_PRESENT_IN_ALL_PRODUCTS,false,LOW,D196
RC-0100,Tank$$TankWar.richtungErkennen,METHOD,Tank$$TankWar.keyDown,FIELD,FIELD_REFERENCE,C:\Users\JBNU\git\ConstraintsRecovery\assets\tankwar\asset14:IF:8-384,C:\Users\JBNU\git\ConstraintsRecovery\assets\tankwar\asset14:IF:8-384,asset14,asset14,true,true,true,false,TankWar_P1|TankWar_P2|TankWar_P3|TankWar_P4|TankWar_P5,TankWar_P1|TankWar_P2|TankWar_P3|TankWar_P4|TankWar_P5,EQUAL,9,9,false,false,false,COMMON_TARGET_DEPENDENCY,TARGET_PRESENT_IN_ALL_PRODUCTS,false,LOW,D243
RC-0101,Tank$$TankWar.richtungErkennen,METHOD,Tank$$TankWar.keyLeft,FIELD,FIELD_REFERENCE,C:\Users\JBNU\git\ConstraintsRecovery\assets\tankwar\asset14:IF:8-384,C:\Users\JBNU\git\ConstraintsRecovery\assets\tankwar\asset14:IF:8-384,asset14,asset14,true,true,true,false,TankWar_P1|TankWar_P2|TankWar_P3|TankWar_P4|TankWar_P5,TankWar_P1|TankWar_P2|TankWar_P3|TankWar_P4|TankWar_P5,EQUAL,9,9,false,false,false,COMMON_TARGET_DEPENDENCY,TARGET_PRESENT_IN_ALL_PRODUCTS,false,LOW,D244
RC-0102,Tank$$TankWar.richtungErkennen,METHOD,Tank$$TankWar.keyRight,FIELD,FIELD_REFERENCE,C:\Users\JBNU\git\ConstraintsRecovery\assets\tankwar\asset14:IF:8-384,C:\Users\JBNU\git\ConstraintsRecovery\assets\tankwar\asset14:IF:8-384,asset14,asset14,true,true,true,false,TankWar_P1|TankWar_P2|TankWar_P3|TankWar_P4|TankWar_P5,TankWar_P1|TankWar_P2|TankWar_P3|TankWar_P4|TankWar_P5,EQUAL,9,9,false,false,false,COMMON_TARGET_DEPENDENCY,TARGET_PRESENT_IN_ALL_PRODUCTS,false,LOW,D245
RC-0103,Tank$$TankWar.richtungErkennen,METHOD,Tank$$TankWar.keyUp,FIELD,FIELD_REFERENCE,C:\Users\JBNU\git\ConstraintsRecovery\assets\tankwar\asset14:IF:8-384,C:\Users\JBNU\git\ConstraintsRecovery\assets\tankwar\asset14:IF:8-384,asset14,asset14,true,true,true,false,TankWar_P1|TankWar_P2|TankWar_P3|TankWar_P4|TankWar_P5,TankWar_P1|TankWar_P2|TankWar_P3|TankWar_P4|TankWar_P5,EQUAL,9,9,false,false,false,COMMON_TARGET_DEPENDENCY,TARGET_PRESENT_IN_ALL_PRODUCTS,false,LOW,D246
RC-0104,Tank$$TankWar.richtungErkennen,METHOD,Tank$$TankWar.tankRichtung,FIELD,FIELD_REFERENCE,C:\Users\JBNU\git\ConstraintsRecovery\assets\tankwar\asset14:IF:8-384,C:\Users\JBNU\git\ConstraintsRecovery\assets\tankwar\asset14:IF:8-384,asset14,asset14,true,true,true,false,TankWar_P1|TankWar_P2|TankWar_P3|TankWar_P4|TankWar_P5,TankWar_P1|TankWar_P2|TankWar_P3|TankWar_P4|TankWar_P5,EQUAL,9,9,false,false,false,COMMON_TARGET_DEPENDENCY,TARGET_PRESENT_IN_ALL_PRODUCTS,false,LOW,D247
RC-0105,Tank$$TankWar.tankMalen,METHOD,Tank$$TankWar.geschuetzTurm,METHOD,METHOD_CALL,C:\Users\JBNU\git\ConstraintsRecovery\assets\tankwar\asset14:IF:8-384,C:\Users\JBNU\git\ConstraintsRecovery\assets\tankwar\asset14:IF:8-384,asset14,asset14,true,true,true,false,TankWar_P1|TankWar_P2|TankWar_P3|TankWar_P4|TankWar_P5,TankWar_P1|TankWar_P2|TankWar_P3|TankWar_P4|TankWar_P5,EQUAL,1,1,false,false,false,COMMON_TARGET_DEPENDENCY,TARGET_PRESENT_IN_ALL_PRODUCTS,false,LOW,D208
RC-0106,Tank$$TankWar,CLASS,GameObject,CLASS,EXTENDS,C:\Users\JBNU\git\ConstraintsRecovery\assets\tankwar\asset14:IF:8-384,C:\Users\JBNU\git\ConstraintsRecovery\assets\tankwar\asset22:IF:8-80,asset14,asset22,false,true,true,true,TankWar_P1|TankWar_P2|TankWar_P3|TankWar_P4|TankWar_P5,TankWar_P1|TankWar_P2|TankWar_P3|TankWar_P4|TankWar_P5,EQUAL,1,1,true,false,false,COMMON_TARGET_DEPENDENCY,TARGET_PRESENT_IN_ALL_PRODUCTS,false,LOW,D215
RC-0107,Tank$$TankWar.explodieren,METHOD,GameObject.id,FIELD,FIELD_REFERENCE,C:\Users\JBNU\git\ConstraintsRecovery\assets\tankwar\asset14:IF:8-384,C:\Users\JBNU\git\ConstraintsRecovery\assets\tankwar\asset22:IF:8-80,asset14,asset22,false,true,true,true,TankWar_P1|TankWar_P2|TankWar_P3|TankWar_P4|TankWar_P5,TankWar_P1|TankWar_P2|TankWar_P3|TankWar_P4|TankWar_P5,EQUAL,1,1,true,true,false,COMMON_TARGET_DEPENDENCY,TARGET_PRESENT_IN_ALL_PRODUCTS,false,LOW,D412
RC-0108,Tank$$TankWar.init,METHOD,GameObject.id,FIELD,FIELD_REFERENCE,C:\Users\JBNU\git\ConstraintsRecovery\assets\tankwar\asset14:IF:8-384,C:\Users\JBNU\git\ConstraintsRecovery\assets\tankwar\asset22:IF:8-80,asset14,asset22,false,true,true,true,TankWar_P1|TankWar_P2|TankWar_P3|TankWar_P4|TankWar_P5,TankWar_P1|TankWar_P2|TankWar_P3|TankWar_P4|TankWar_P5,EQUAL,1,1,true,true,false,COMMON_TARGET_DEPENDENCY,TARGET_PRESENT_IN_ALL_PRODUCTS,false,LOW,D406
RC-0109,Tank$$TankWar.koordinateAktualisieren,METHOD,GameObject.getRund,METHOD,METHOD_CALL,C:\Users\JBNU\git\ConstraintsRecovery\assets\tankwar\asset14:IF:8-384,C:\Users\JBNU\git\ConstraintsRecovery\assets\tankwar\asset22:IF:8-80,asset14,asset22,false,true,true,true,TankWar_P1|TankWar_P2|TankWar_P3|TankWar_P4|TankWar_P5,TankWar_P1|TankWar_P2|TankWar_P3|TankWar_P4|TankWar_P5,EQUAL,8,8,true,true,false,COMMON_TARGET_DEPENDENCY,TARGET_PRESENT_IN_ALL_PRODUCTS,false,LOW,D318
RC-0110,Tank$$TankWar.geschuetzTurm,METHOD,Maler$$PC.fillRect,METHOD,METHOD_CALL,C:\Users\JBNU\git\ConstraintsRecovery\assets\tankwar\asset14:IF:8-384,C:\Users\JBNU\git\ConstraintsRecovery\assets\tankwar\asset2:IF:8-332,asset14,asset2,false,true,true,true,TankWar_P1|TankWar_P2|TankWar_P3|TankWar_P4|TankWar_P5,TankWar_P1|TankWar_P2|TankWar_P3|TankWar_P4|TankWar_P5,EQUAL,4,4,true,true,false,COMMON_TARGET_DEPENDENCY,TARGET_PRESENT_IN_ALL_PRODUCTS,false,LOW,D211
RC-0111,Tank$$TankWar.geschuetzTurm,METHOD,Maler$$PC.setColor,METHOD,METHOD_CALL,C:\Users\JBNU\git\ConstraintsRecovery\assets\tankwar\asset14:IF:8-384,C:\Users\JBNU\git\ConstraintsRecovery\assets\tankwar\asset2:IF:8-332,asset14,asset2,false,true,true,true,TankWar_P1|TankWar_P2|TankWar_P3|TankWar_P4|TankWar_P5,TankWar_P1|TankWar_P2|TankWar_P3|TankWar_P4|TankWar_P5,EQUAL,4,4,true,true,false,COMMON_TARGET_DEPENDENCY,TARGET_PRESENT_IN_ALL_PRODUCTS,false,LOW,D210
RC-0112,Tank$$TankWar.tankMalen,METHOD,Maler$$PC.fillOvall,METHOD,METHOD_CALL,C:\Users\JBNU\git\ConstraintsRecovery\assets\tankwar\asset14:IF:8-384,C:\Users\JBNU\git\ConstraintsRecovery\assets\tankwar\asset2:IF:8-332,asset14,asset2,false,true,true,true,TankWar_P1|TankWar_P2|TankWar_P3|TankWar_P4|TankWar_P5,TankWar_P1|TankWar_P2|TankWar_P3|TankWar_P4|TankWar_P5,EQUAL,1,1,true,true,false,COMMON_TARGET_DEPENDENCY,TARGET_PRESENT_IN_ALL_PRODUCTS,false,LOW,D207
RC-0113,Tank$$TankWar.tankMalen,METHOD,Maler$$PC.setColor,METHOD,METHOD_CALL,C:\Users\JBNU\git\ConstraintsRecovery\assets\tankwar\asset14:IF:8-384,C:\Users\JBNU\git\ConstraintsRecovery\assets\tankwar\asset2:IF:8-332,asset14,asset2,false,true,true,true,TankWar_P1|TankWar_P2|TankWar_P3|TankWar_P4|TankWar_P5,TankWar_P1|TankWar_P2|TankWar_P3|TankWar_P4|TankWar_P5,EQUAL,1,1,true,true,false,COMMON_TARGET_DEPENDENCY,TARGET_PRESENT_IN_ALL_PRODUCTS,false,LOW,D206
RC-0114,Tank$$TankWar.explodieren,METHOD,TankManager$$TankWar.tank1,FIELD,FIELD_REFERENCE,C:\Users\JBNU\git\ConstraintsRecovery\assets\tankwar\asset14:IF:8-384,C:\Users\JBNU\git\ConstraintsRecovery\assets\tankwar\asset9:IF:8-248,asset14,asset9,false,true,true,true,TankWar_P1|TankWar_P2|TankWar_P3|TankWar_P4|TankWar_P5,TankWar_P1|TankWar_P2|TankWar_P3|TankWar_P4|TankWar_P5,EQUAL,2,2,true,true,false,COMMON_TARGET_DEPENDENCY,TARGET_PRESENT_IN_ALL_PRODUCTS,false,LOW,D413
RC-0115,Tank$$TankWar.explodieren,METHOD,TankManager$$TankWar.tankMenge,FIELD,FIELD_REFERENCE,C:\Users\JBNU\git\ConstraintsRecovery\assets\tankwar\asset14:IF:8-384,C:\Users\JBNU\git\ConstraintsRecovery\assets\tankwar\asset9:IF:8-248,asset14,asset9,false,true,true,true,TankWar_P1|TankWar_P2|TankWar_P3|TankWar_P4|TankWar_P5,TankWar_P1|TankWar_P2|TankWar_P3|TankWar_P4|TankWar_P5,EQUAL,1,1,true,true,false,COMMON_TARGET_DEPENDENCY,TARGET_PRESENT_IN_ALL_PRODUCTS,false,LOW,D411
RC-0116,Tank$$TankWar.feuern,METHOD,TankManager$$TankWar.missilesMenge,FIELD,FIELD_REFERENCE,C:\Users\JBNU\git\ConstraintsRecovery\assets\tankwar\asset14:IF:8-384,C:\Users\JBNU\git\ConstraintsRecovery\assets\tankwar\asset9:IF:8-248,asset14,asset9,false,true,true,true,TankWar_P1|TankWar_P2|TankWar_P3|TankWar_P4|TankWar_P5,TankWar_P1|TankWar_P2|TankWar_P3|TankWar_P4|TankWar_P5,EQUAL,1,1,true,true,false,COMMON_TARGET_DEPENDENCY,TARGET_PRESENT_IN_ALL_PRODUCTS,false,LOW,D291
RC-0117,Tank$$TankWar.init,METHOD,TankManager$$TankWar.koernigkeit2,FIELD,FIELD_REFERENCE,C:\Users\JBNU\git\ConstraintsRecovery\assets\tankwar\asset14:IF:8-384,C:\Users\JBNU\git\ConstraintsRecovery\assets\tankwar\asset9:IF:8-248,asset14,asset9,false,true,true,true,TankWar_P1|TankWar_P2|TankWar_P3|TankWar_P4|TankWar_P5,TankWar_P1|TankWar_P2|TankWar_P3|TankWar_P4|TankWar_P5,EQUAL,12,12,true,true,false,COMMON_TARGET_DEPENDENCY,TARGET_PRESENT_IN_ALL_PRODUCTS,false,LOW,D415
RC-0118,Tank$$TankWar.koordinateAktualisieren,METHOD,TankManager$$TankWar.brickwall,FIELD,FIELD_REFERENCE,C:\Users\JBNU\git\ConstraintsRecovery\assets\tankwar\asset14:IF:8-384,C:\Users\JBNU\git\ConstraintsRecovery\assets\tankwar\asset9:IF:8-248,asset14,asset9,false,true,true,true,TankWar_P1|TankWar_P2|TankWar_P3|TankWar_P4|TankWar_P5,TankWar_P1|TankWar_P2|TankWar_P3|TankWar_P4|TankWar_P5,EQUAL,1,1,true,true,false,COMMON_TARGET_DEPENDENCY,TARGET_PRESENT_IN_ALL_PRODUCTS,false,LOW,D397
RC-0119,Tank$$TankWar.koordinateAktualisieren,METHOD,TankManager$$TankWar.koernigkeit2,FIELD,FIELD_REFERENCE,C:\Users\JBNU\git\ConstraintsRecovery\assets\tankwar\asset14:IF:8-384,C:\Users\JBNU\git\ConstraintsRecovery\assets\tankwar\asset9:IF:8-248,asset14,asset9,false,true,true,true,TankWar_P1|TankWar_P2|TankWar_P3|TankWar_P4|TankWar_P5,TankWar_P1|TankWar_P2|TankWar_P3|TankWar_P4|TankWar_P5,EQUAL,20,20,true,true,false,COMMON_TARGET_DEPENDENCY,TARGET_PRESENT_IN_ALL_PRODUCTS,false,LOW,D297
RC-0120,Tank$$TankWar.koordinateAktualisieren,METHOD,TankManager$$TankWar.metalwall,FIELD,FIELD_REFERENCE,C:\Users\JBNU\git\ConstraintsRecovery\assets\tankwar\asset14:IF:8-384,C:\Users\JBNU\git\ConstraintsRecovery\assets\tankwar\asset9:IF:8-248,asset14,asset9,false,true,true,true,TankWar_P1|TankWar_P2|TankWar_P3|TankWar_P4|TankWar_P5,TankWar_P1|TankWar_P2|TankWar_P3|TankWar_P4|TankWar_P5,EQUAL,1,1,true,true,false,COMMON_TARGET_DEPENDENCY,TARGET_PRESENT_IN_ALL_PRODUCTS,false,LOW,D400
RC-0121,Tank$$TankWar.koordinateAktualisieren,METHOD,TankManager$$TankWar.screenHeight,FIELD,FIELD_REFERENCE,C:\Users\JBNU\git\ConstraintsRecovery\assets\tankwar\asset14:IF:8-384,C:\Users\JBNU\git\ConstraintsRecovery\assets\tankwar\asset9:IF:8-248,asset14,asset9,false,true,true,true,TankWar_P1|TankWar_P2|TankWar_P3|TankWar_P4|TankWar_P5,TankWar_P1|TankWar_P2|TankWar_P3|TankWar_P4|TankWar_P5,EQUAL,1,1,true,true,false,COMMON_TARGET_DEPENDENCY,TARGET_PRESENT_IN_ALL_PRODUCTS,false,LOW,D388
RC-0122,Tank$$TankWar.koordinateAktualisieren,METHOD,TankManager$$TankWar.screenWidth,FIELD,FIELD_REFERENCE,C:\Users\JBNU\git\ConstraintsRecovery\assets\tankwar\asset14:IF:8-384,C:\Users\JBNU\git\ConstraintsRecovery\assets\tankwar\asset9:IF:8-248,asset14,asset9,false,true,true,true,TankWar_P1|TankWar_P2|TankWar_P3|TankWar_P4|TankWar_P5,TankWar_P1|TankWar_P2|TankWar_P3|TankWar_P4|TankWar_P5,EQUAL,9,9,true,true,false,COMMON_TARGET_DEPENDENCY,TARGET_PRESENT_IN_ALL_PRODUCTS,false,LOW,D314
RC-0123,Tank$$TankWar.koordinateAktualisieren,METHOD,TankManager$$TankWar.tankMenge,FIELD,FIELD_REFERENCE,C:\Users\JBNU\git\ConstraintsRecovery\assets\tankwar\asset14:IF:8-384,C:\Users\JBNU\git\ConstraintsRecovery\assets\tankwar\asset9:IF:8-248,asset14,asset9,false,true,true,true,TankWar_P1|TankWar_P2|TankWar_P3|TankWar_P4|TankWar_P5,TankWar_P1|TankWar_P2|TankWar_P3|TankWar_P4|TankWar_P5,EQUAL,1,1,true,true,false,COMMON_TARGET_DEPENDENCY,TARGET_PRESENT_IN_ALL_PRODUCTS,false,LOW,D392
RC-0124,Tank$$TankWar.koordinateAktualisieren,METHOD,TankManager$$TankWar.waterwall,FIELD,FIELD_REFERENCE,C:\Users\JBNU\git\ConstraintsRecovery\assets\tankwar\asset14:IF:8-384,C:\Users\JBNU\git\ConstraintsRecovery\assets\tankwar\asset9:IF:8-248,asset14,asset9,false,true,true,true,TankWar_P1|TankWar_P2|TankWar_P3|TankWar_P4|TankWar_P5,TankWar_P1|TankWar_P2|TankWar_P3|TankWar_P4|TankWar_P5,EQUAL,1,1,true,true,false,COMMON_TARGET_DEPENDENCY,TARGET_PRESENT_IN_ALL_PRODUCTS,false,LOW,D403
RC-0125,Menu.erscheinen,METHOD,Maler$$fuer_PC.drawImage,METHOD,METHOD_CALL,C:\Users\JBNU\git\ConstraintsRecovery\assets\tankwar\asset15:IF:8-281,C:\Users\JBNU\git\ConstraintsRecovery\assets\tankwar\asset13:IF:8-358,asset15,asset13,false,true,true,true,TankWar_P1|TankWar_P2|TankWar_P3|TankWar_P4|TankWar_P5,TankWar_P1|TankWar_P2|TankWar_P3|TankWar_P4|TankWar_P5,EQUAL,2,2,true,true,false,COMMON_TARGET_DEPENDENCY,TARGET_PRESENT_IN_ALL_PRODUCTS,false,LOW,D583
RC-0126,Menu.KeyBehandeln,METHOD,Menu.maler,FIELD,FIELD_REFERENCE,C:\Users\JBNU\git\ConstraintsRecovery\assets\tankwar\asset15:IF:8-281,C:\Users\JBNU\git\ConstraintsRecovery\assets\tankwar\asset15:IF:8-281,asset15,asset15,true,true,true,false,TankWar_P1|TankWar_P2|TankWar_P3|TankWar_P4|TankWar_P5,TankWar_P1|TankWar_P2|TankWar_P3|TankWar_P4|TankWar_P5,EQUAL,2,2,false,false,false,COMMON_TARGET_DEPENDENCY,TARGET_PRESENT_IN_ALL_PRODUCTS,false,LOW,D506
RC-0127,Menu.KeyBehandeln,METHOD,Menu.options,FIELD,FIELD_REFERENCE,C:\Users\JBNU\git\ConstraintsRecovery\assets\tankwar\asset15:IF:8-281,C:\Users\JBNU\git\ConstraintsRecovery\assets\tankwar\asset15:IF:8-281,asset15,asset15,true,true,true,false,TankWar_P1|TankWar_P2|TankWar_P3|TankWar_P4|TankWar_P5,TankWar_P1|TankWar_P2|TankWar_P3|TankWar_P4|TankWar_P5,EQUAL,15,15,false,false,false,COMMON_TARGET_DEPENDENCY,TARGET_PRESENT_IN_ALL_PRODUCTS,false,LOW,D491
RC-0128,Menu.KeyBehandeln,METHOD,Menu.waehlbar,FIELD,FIELD_REFERENCE,C:\Users\JBNU\git\ConstraintsRecovery\assets\tankwar\asset15:IF:8-281,C:\Users\JBNU\git\ConstraintsRecovery\assets\tankwar\asset15:IF:8-281,asset15,asset15,true,true,true,false,TankWar_P1|TankWar_P2|TankWar_P3|TankWar_P4|TankWar_P5,TankWar_P1|TankWar_P2|TankWar_P3|TankWar_P4|TankWar_P5,EQUAL,1,1,false,false,false,COMMON_TARGET_DEPENDENCY,TARGET_PRESENT_IN_ALL_PRODUCTS,false,LOW,D502
RC-0129,Menu.Menu,CONSTRUCTOR,Menu.logoimage,FIELD,FIELD_REFERENCE,C:\Users\JBNU\git\ConstraintsRecovery\assets\tankwar\asset15:IF:8-281,C:\Users\JBNU\git\ConstraintsRecovery\assets\tankwar\asset15:IF:8-281,asset15,asset15,true,true,true,false,TankWar_P1|TankWar_P2|TankWar_P3|TankWar_P4|TankWar_P5,TankWar_P1|TankWar_P2|TankWar_P3|TankWar_P4|TankWar_P5,EQUAL,1,1,false,false,false,COMMON_TARGET_DEPENDENCY,TARGET_PRESENT_IN_ALL_PRODUCTS,false,LOW,D593
RC-0130,Menu.Menu,CONSTRUCTOR,Menu.maler,FIELD,FIELD_REFERENCE,C:\Users\JBNU\git\ConstraintsRecovery\assets\tankwar\asset15:IF:8-281,C:\Users\JBNU\git\ConstraintsRecovery\assets\tankwar\asset15:IF:8-281,asset15,asset15,true,true,true,false,TankWar_P1|TankWar_P2|TankWar_P3|TankWar_P4|TankWar_P5,TankWar_P1|TankWar_P2|TankWar_P3|TankWar_P4|TankWar_P5,EQUAL,1,1,false,false,false,COMMON_TARGET_DEPENDENCY,TARGET_PRESENT_IN_ALL_PRODUCTS,false,LOW,D591
RC-0131,Menu.Menu,CONSTRUCTOR,Menu.zeileAbstand,FIELD,FIELD_REFERENCE,C:\Users\JBNU\git\ConstraintsRecovery\assets\tankwar\asset15:IF:8-281,C:\Users\JBNU\git\ConstraintsRecovery\assets\tankwar\asset15:IF:8-281,asset15,asset15,true,true,true,false,TankWar_P1|TankWar_P2|TankWar_P3|TankWar_P4|TankWar_P5,TankWar_P1|TankWar_P2|TankWar_P3|TankWar_P4|TankWar_P5,EQUAL,1,1,false,false,false,COMMON_TARGET_DEPENDENCY,TARGET_PRESENT_IN_ALL_PRODUCTS,false,LOW,D592
RC-0132,Menu.add,METHOD,Menu.options,FIELD,FIELD_REFERENCE,C:\Users\JBNU\git\ConstraintsRecovery\assets\tankwar\asset15:IF:8-281,C:\Users\JBNU\git\ConstraintsRecovery\assets\tankwar\asset15:IF:8-281,asset15,asset15,true,true,true,false,TankWar_P1|TankWar_P2|TankWar_P3|TankWar_P4|TankWar_P5,TankWar_P1|TankWar_P2|TankWar_P3|TankWar_P4|TankWar_P5,EQUAL,33,33,false,false,false,COMMON_TARGET_DEPENDENCY,TARGET_PRESENT_IN_ALL_PRODUCTS,false,LOW,D612
RC-0133,Menu.addLogo,METHOD,Menu.logoimage,FIELD,FIELD_REFERENCE,C:\Users\JBNU\git\ConstraintsRecovery\assets\tankwar\asset15:IF:8-281,C:\Users\JBNU\git\ConstraintsRecovery\assets\tankwar\asset15:IF:8-281,asset15,asset15,true,true,true,false,TankWar_P1|TankWar_P2|TankWar_P3|TankWar_P4|TankWar_P5,TankWar_P1|TankWar_P2|TankWar_P3|TankWar_P4|TankWar_P5,EQUAL,1,1,false,false,false,COMMON_TARGET_DEPENDENCY,TARGET_PRESENT_IN_ALL_PRODUCTS,false,LOW,D594
RC-0134,Menu.erscheinen,METHOD,Menu.font,FIELD,FIELD_REFERENCE,C:\Users\JBNU\git\ConstraintsRecovery\assets\tankwar\asset15:IF:8-281,C:\Users\JBNU\git\ConstraintsRecovery\assets\tankwar\asset15:IF:8-281,asset15,asset15,true,true,true,false,TankWar_P1|TankWar_P2|TankWar_P3|TankWar_P4|TankWar_P5,TankWar_P1|TankWar_P2|TankWar_P3|TankWar_P4|TankWar_P5,EQUAL,2,2,false,false,false,COMMON_TARGET_DEPENDENCY,TARGET_PRESENT_IN_ALL_PRODUCTS,false,LOW,D512
RC-0135,Menu.erscheinen,METHOD,Menu.fontSize,FIELD,FIELD_REFERENCE,C:\Users\JBNU\git\ConstraintsRecovery\assets\tankwar\asset15:IF:8-281,C:\Users\JBNU\git\ConstraintsRecovery\assets\tankwar\asset15:IF:8-281,asset15,asset15,true,true,true,false,TankWar_P1|TankWar_P2|TankWar_P3|TankWar_P4|TankWar_P5,TankWar_P1|TankWar_P2|TankWar_P3|TankWar_P4|TankWar_P5,EQUAL,1,1,false,false,false,COMMON_TARGET_DEPENDENCY,TARGET_PRESENT_IN_ALL_PRODUCTS,false,LOW,D511
RC-0136,Menu.erscheinen,METHOD,Menu.logoXK,FIELD,FIELD_REFERENCE,C:\Users\JBNU\git\ConstraintsRecovery\assets\tankwar\asset15:IF:8-281,C:\Users\JBNU\git\ConstraintsRecovery\assets\tankwar\asset15:IF:8-281,asset15,asset15,true,true,true,false,TankWar_P1|TankWar_P2|TankWar_P3|TankWar_P4|TankWar_P5,TankWar_P1|TankWar_P2|TankWar_P3|TankWar_P4|TankWar_P5,EQUAL,1,1,false,false,false,COMMON_TARGET_DEPENDENCY,TARGET_PRESENT_IN_ALL_PRODUCTS,false,LOW,D515
RC-0137,Menu.erscheinen,METHOD,Menu.logoYK,FIELD,FIELD_REFERENCE,C:\Users\JBNU\git\ConstraintsRecovery\assets\tankwar\asset15:IF:8-281,C:\Users\JBNU\git\ConstraintsRecovery\assets\tankwar\asset15:IF:8-281,asset15,asset15,true,true,true,false,TankWar_P1|TankWar_P2|TankWar_P3|TankWar_P4|TankWar_P5,TankWar_P1|TankWar_P2|TankWar_P3|TankWar_P4|TankWar_P5,EQUAL,1,1,false,false,false,COMMON_TARGET_DEPENDENCY,TARGET_PRESENT_IN_ALL_PRODUCTS,false,LOW,D516
RC-0138,Menu.erscheinen,METHOD,Menu.logoimage,FIELD,FIELD_REFERENCE,C:\Users\JBNU\git\ConstraintsRecovery\assets\tankwar\asset15:IF:8-281,C:\Users\JBNU\git\ConstraintsRecovery\assets\tankwar\asset15:IF:8-281,asset15,asset15,true,true,true,false,TankWar_P1|TankWar_P2|TankWar_P3|TankWar_P4|TankWar_P5,TankWar_P1|TankWar_P2|TankWar_P3|TankWar_P4|TankWar_P5,EQUAL,2,2,false,false,false,COMMON_TARGET_DEPENDENCY,TARGET_PRESENT_IN_ALL_PRODUCTS,false,LOW,D514
RC-0139,Menu.erscheinen,METHOD,Menu.options,FIELD,FIELD_REFERENCE,C:\Users\JBNU\git\ConstraintsRecovery\assets\tankwar\asset15:IF:8-281,C:\Users\JBNU\git\ConstraintsRecovery\assets\tankwar\asset15:IF:8-281,asset15,asset15,true,true,true,false,TankWar_P1|TankWar_P2|TankWar_P3|TankWar_P4|TankWar_P5,TankWar_P1|TankWar_P2|TankWar_P3|TankWar_P4|TankWar_P5,EQUAL,21,21,false,false,false,COMMON_TARGET_DEPENDENCY,TARGET_PRESENT_IN_ALL_PRODUCTS,false,LOW,D518
RC-0140,Menu.erscheinen,METHOD,Menu.style,FIELD,FIELD_REFERENCE,C:\Users\JBNU\git\ConstraintsRecovery\assets\tankwar\asset15:IF:8-281,C:\Users\JBNU\git\ConstraintsRecovery\assets\tankwar\asset15:IF:8-281,asset15,asset15,true,true,true,false,TankWar_P1|TankWar_P2|TankWar_P3|TankWar_P4|TankWar_P5,TankWar_P1|TankWar_P2|TankWar_P3|TankWar_P4|TankWar_P5,EQUAL,2,2,false,false,false,COMMON_TARGET_DEPENDENCY,TARGET_PRESENT_IN_ALL_PRODUCTS,false,LOW,D523
RC-0141,Menu.erscheinen,METHOD,Menu.waehlbar,FIELD,FIELD_REFERENCE,C:\Users\JBNU\git\ConstraintsRecovery\assets\tankwar\asset15:IF:8-281,C:\Users\JBNU\git\ConstraintsRecovery\assets\tankwar\asset15:IF:8-281,asset15,asset15,true,true,true,false,TankWar_P1|TankWar_P2|TankWar_P3|TankWar_P4|TankWar_P5,TankWar_P1|TankWar_P2|TankWar_P3|TankWar_P4|TankWar_P5,EQUAL,1,1,false,false,false,COMMON_TARGET_DEPENDENCY,TARGET_PRESENT_IN_ALL_PRODUCTS,false,LOW,D541
RC-0142,Menu.erscheinen,METHOD,Menu.xStyle,FIELD,FIELD_REFERENCE,C:\Users\JBNU\git\ConstraintsRecovery\assets\tankwar\asset15:IF:8-281,C:\Users\JBNU\git\ConstraintsRecovery\assets\tankwar\asset15:IF:8-281,asset15,asset15,true,true,true,false,TankWar_P1|TankWar_P2|TankWar_P3|TankWar_P4|TankWar_P5,TankWar_P1|TankWar_P2|TankWar_P3|TankWar_P4|TankWar_P5,EQUAL,3,3,false,false,false,COMMON_TARGET_DEPENDENCY,TARGET_PRESENT_IN_ALL_PRODUCTS,false,LOW,D544
RC-0143,Menu.erscheinen,METHOD,Menu.x_KoordinateImage,FIELD,FIELD_REFERENCE,C:\Users\JBNU\git\ConstraintsRecovery\assets\tankwar\asset15:IF:8-281,C:\Users\JBNU\git\ConstraintsRecovery\assets\tankwar\asset15:IF:8-281,asset15,asset15,true,true,true,false,TankWar_P1|TankWar_P2|TankWar_P3|TankWar_P4|TankWar_P5,TankWar_P1|TankWar_P2|TankWar_P3|TankWar_P4|TankWar_P5,EQUAL,8,8,false,false,false,COMMON_TARGET_DEPENDENCY,TARGET_PRESENT_IN_ALL_PRODUCTS,false,LOW,D524
RC-0144,Menu.erscheinen,METHOD,Menu.yStyle,FIELD,FIELD_REFERENCE,C:\Users\JBNU\git\ConstraintsRecovery\assets\tankwar\asset15:IF:8-281,C:\Users\JBNU\git\ConstraintsRecovery\assets\tankwar\asset15:IF:8-281,asset15,asset15,true,true,true,false,TankWar_P1|TankWar_P2|TankWar_P3|TankWar_P4|TankWar_P5,TankWar_P1|TankWar_P2|TankWar_P3|TankWar_P4|TankWar_P5,EQUAL,3,3,false,false,false,COMMON_TARGET_DEPENDENCY,TARGET_PRESENT_IN_ALL_PRODUCTS,false,LOW,D545
RC-0145,Menu.erscheinen,METHOD,Menu.y_KoordinateImage,FIELD,FIELD_REFERENCE,C:\Users\JBNU\git\ConstraintsRecovery\assets\tankwar\asset15:IF:8-281,C:\Users\JBNU\git\ConstraintsRecovery\assets\tankwar\asset15:IF:8-281,asset15,asset15,true,true,true,false,TankWar_P1|TankWar_P2|TankWar_P3|TankWar_P4|TankWar_P5,TankWar_P1|TankWar_P2|TankWar_P3|TankWar_P4|TankWar_P5,EQUAL,8,8,false,false,false,COMMON_TARGET_DEPENDENCY,TARGET_PRESENT_IN_ALL_PRODUCTS,false,LOW,D527
RC-0146,Menu.erscheinen,METHOD,Menu.zeileAbstand,FIELD,FIELD_REFERENCE,C:\Users\JBNU\git\ConstraintsRecovery\assets\tankwar\asset15:IF:8-281,C:\Users\JBNU\git\ConstraintsRecovery\assets\tankwar\asset15:IF:8-281,asset15,asset15,true,true,true,false,TankWar_P1|TankWar_P2|TankWar_P3|TankWar_P4|TankWar_P5,TankWar_P1|TankWar_P2|TankWar_P3|TankWar_P4|TankWar_P5,EQUAL,11,11,false,false,false,COMMON_TARGET_DEPENDENCY,TARGET_PRESENT_IN_ALL_PRODUCTS,false,LOW,D526
RC-0147,Menu.setFontSize,METHOD,Menu.fontSize,FIELD,FIELD_REFERENCE,C:\Users\JBNU\git\ConstraintsRecovery\assets\tankwar\asset15:IF:8-281,C:\Users\JBNU\git\ConstraintsRecovery\assets\tankwar\asset15:IF:8-281,asset15,asset15,true,true,true,false,TankWar_P1|TankWar_P2|TankWar_P3|TankWar_P4|TankWar_P5,TankWar_P1|TankWar_P2|TankWar_P3|TankWar_P4|TankWar_P5,EQUAL,1,1,false,false,false,COMMON_TARGET_DEPENDENCY,TARGET_PRESENT_IN_ALL_PRODUCTS,false,LOW,D611
RC-0148,Menu.setKoordinateImage,METHOD,Menu.x_KoordinateImage,FIELD,FIELD_REFERENCE,C:\Users\JBNU\git\ConstraintsRecovery\assets\tankwar\asset15:IF:8-281,C:\Users\JBNU\git\ConstraintsRecovery\assets\tankwar\asset15:IF:8-281,asset15,asset15,true,true,true,false,TankWar_P1|TankWar_P2|TankWar_P3|TankWar_P4|TankWar_P5,TankWar_P1|TankWar_P2|TankWar_P3|TankWar_P4|TankWar_P5,EQUAL,1,1,false,false,false,COMMON_TARGET_DEPENDENCY,TARGET_PRESENT_IN_ALL_PRODUCTS,false,LOW,D597
RC-0149,Menu.setKoordinateImage,METHOD,Menu.y_KoordinateImage,FIELD,FIELD_REFERENCE,C:\Users\JBNU\git\ConstraintsRecovery\assets\tankwar\asset15:IF:8-281,C:\Users\JBNU\git\ConstraintsRecovery\assets\tankwar\asset15:IF:8-281,asset15,asset15,true,true,true,false,TankWar_P1|TankWar_P2|TankWar_P3|TankWar_P4|TankWar_P5,TankWar_P1|TankWar_P2|TankWar_P3|TankWar_P4|TankWar_P5,EQUAL,1,1,false,false,false,COMMON_TARGET_DEPENDENCY,TARGET_PRESENT_IN_ALL_PRODUCTS,false,LOW,D598
RC-0150,Menu.setLogoKoordinate,METHOD,Menu.logoXK,FIELD,FIELD_REFERENCE,C:\Users\JBNU\git\ConstraintsRecovery\assets\tankwar\asset15:IF:8-281,C:\Users\JBNU\git\ConstraintsRecovery\assets\tankwar\asset15:IF:8-281,asset15,asset15,true,true,true,false,TankWar_P1|TankWar_P2|TankWar_P3|TankWar_P4|TankWar_P5,TankWar_P1|TankWar_P2|TankWar_P3|TankWar_P4|TankWar_P5,EQUAL,1,1,false,false,false,COMMON_TARGET_DEPENDENCY,TARGET_PRESENT_IN_ALL_PRODUCTS,false,LOW,D595
RC-0151,Menu.setLogoKoordinate,METHOD,Menu.logoYK,FIELD,FIELD_REFERENCE,C:\Users\JBNU\git\ConstraintsRecovery\assets\tankwar\asset15:IF:8-281,C:\Users\JBNU\git\ConstraintsRecovery\assets\tankwar\asset15:IF:8-281,asset15,asset15,true,true,true,false,TankWar_P1|TankWar_P2|TankWar_P3|TankWar_P4|TankWar_P5,TankWar_P1|TankWar_P2|TankWar_P3|TankWar_P4|TankWar_P5,EQUAL,1,1,false,false,false,COMMON_TARGET_DEPENDENCY,TARGET_PRESENT_IN_ALL_PRODUCTS,false,LOW,D596
RC-0152,Menu.setStyle,METHOD,Menu.style,FIELD,FIELD_REFERENCE,C:\Users\JBNU\git\ConstraintsRecovery\assets\tankwar\asset15:IF:8-281,C:\Users\JBNU\git\ConstraintsRecovery\assets\tankwar\asset15:IF:8-281,asset15,asset15,true,true,true,false,TankWar_P1|TankWar_P2|TankWar_P3|TankWar_P4|TankWar_P5,TankWar_P1|TankWar_P2|TankWar_P3|TankWar_P4|TankWar_P5,EQUAL,2,2,false,false,false,COMMON_TARGET_DEPENDENCY,TARGET_PRESENT_IN_ALL_PRODUCTS,false,LOW,D600
RC-0153,Menu.setStyle,METHOD,Menu.xStyle,FIELD,FIELD_REFERENCE,C:\Users\JBNU\git\ConstraintsRecovery\assets\tankwar\asset15:IF:8-281,C:\Users\JBNU\git\ConstraintsRecovery\assets\tankwar\asset15:IF:8-281,asset15,asset15,true,true,true,false,TankWar_P1|TankWar_P2|TankWar_P3|TankWar_P4|TankWar_P5,TankWar_P1|TankWar_P2|TankWar_P3|TankWar_P4|TankWar_P5,EQUAL,4,4,false,false,false,COMMON_TARGET_DEPENDENCY,TARGET_PRESENT_IN_ALL_PRODUCTS,false,LOW,D602
RC-0154,Menu.setStyle,METHOD,Menu.yStyle,FIELD,FIELD_REFERENCE,C:\Users\JBNU\git\ConstraintsRecovery\assets\tankwar\asset15:IF:8-281,C:\Users\JBNU\git\ConstraintsRecovery\assets\tankwar\asset15:IF:8-281,asset15,asset15,true,true,true,false,TankWar_P1|TankWar_P2|TankWar_P3|TankWar_P4|TankWar_P5,TankWar_P1|TankWar_P2|TankWar_P3|TankWar_P4|TankWar_P5,EQUAL,4,4,false,false,false,COMMON_TARGET_DEPENDENCY,TARGET_PRESENT_IN_ALL_PRODUCTS,false,LOW,D603
RC-0155,Menu.setWaehlbar,METHOD,Menu.waehlbar,FIELD,FIELD_REFERENCE,C:\Users\JBNU\git\ConstraintsRecovery\assets\tankwar\asset15:IF:8-281,C:\Users\JBNU\git\ConstraintsRecovery\assets\tankwar\asset15:IF:8-281,asset15,asset15,true,true,true,false,TankWar_P1|TankWar_P2|TankWar_P3|TankWar_P4|TankWar_P5,TankWar_P1|TankWar_P2|TankWar_P3|TankWar_P4|TankWar_P5,EQUAL,1,1,false,false,false,COMMON_TARGET_DEPENDENCY,TARGET_PRESENT_IN_ALL_PRODUCTS,false,LOW,D610
RC-0156,Menu.setZeileAbstand,METHOD,Menu.zeileAbstand,FIELD,FIELD_REFERENCE,C:\Users\JBNU\git\ConstraintsRecovery\assets\tankwar\asset15:IF:8-281,C:\Users\JBNU\git\ConstraintsRecovery\assets\tankwar\asset15:IF:8-281,asset15,asset15,true,true,true,false,TankWar_P1|TankWar_P2|TankWar_P3|TankWar_P4|TankWar_P5,TankWar_P1|TankWar_P2|TankWar_P3|TankWar_P4|TankWar_P5,EQUAL,1,1,false,false,false,COMMON_TARGET_DEPENDENCY,TARGET_PRESENT_IN_ALL_PRODUCTS,false,LOW,D599
RC-0157,Menu.KeyBehandeln,METHOD,Option.str,FIELD,FIELD_REFERENCE,C:\Users\JBNU\git\ConstraintsRecovery\assets\tankwar\asset15:IF:8-281,C:\Users\JBNU\git\ConstraintsRecovery\assets\tankwar\asset17:IF:8-36,asset15,asset17,false,true,true,true,TankWar_P1|TankWar_P2|TankWar_P3|TankWar_P4|TankWar_P5,TankWar_P1|TankWar_P2|TankWar_P3|TankWar_P4|TankWar_P5,EQUAL,2,2,true,true,false,COMMON_TARGET_DEPENDENCY,TARGET_PRESENT_IN_ALL_PRODUCTS,false,LOW,D507
RC-0158,Menu.add,METHOD,Option.Option,CONSTRUCTOR,CONSTRUCTOR_CALL,C:\Users\JBNU\git\ConstraintsRecovery\assets\tankwar\asset15:IF:8-281,C:\Users\JBNU\git\ConstraintsRecovery\assets\tankwar\asset17:IF:8-36,asset15,asset17,false,true,true,true,TankWar_P1|TankWar_P2|TankWar_P3|TankWar_P4|TankWar_P5,TankWar_P1|TankWar_P2|TankWar_P3|TankWar_P4|TankWar_P5,EQUAL,9,9,true,true,false,COMMON_TARGET_DEPENDENCY,TARGET_PRESENT_IN_ALL_PRODUCTS,false,LOW,D617
RC-0159,Menu.add,METHOD,Option.prioritaet,FIELD,FIELD_REFERENCE,C:\Users\JBNU\git\ConstraintsRecovery\assets\tankwar\asset15:IF:8-281,C:\Users\JBNU\git\ConstraintsRecovery\assets\tankwar\asset17:IF:8-36,asset15,asset17,false,true,true,true,TankWar_P1|TankWar_P2|TankWar_P3|TankWar_P4|TankWar_P5,TankWar_P1|TankWar_P2|TankWar_P3|TankWar_P4|TankWar_P5,EQUAL,3,3,true,true,false,COMMON_TARGET_DEPENDENCY,TARGET_PRESENT_IN_ALL_PRODUCTS,false,LOW,D615
RC-0160,Menu.erscheinen,METHOD,Option.img,FIELD,FIELD_REFERENCE,C:\Users\JBNU\git\ConstraintsRecovery\assets\tankwar\asset15:IF:8-281,C:\Users\JBNU\git\ConstraintsRecovery\assets\tankwar\asset17:IF:8-36,asset15,asset17,false,true,true,true,TankWar_P1|TankWar_P2|TankWar_P3|TankWar_P4|TankWar_P5,TankWar_P1|TankWar_P2|TankWar_P3|TankWar_P4|TankWar_P5,EQUAL,10,10,true,true,false,COMMON_TARGET_DEPENDENCY,TARGET_PRESENT_IN_ALL_PRODUCTS,false,LOW,D519
RC-0161,Menu.erscheinen,METHOD,Option.img2,FIELD,FIELD_REFERENCE,C:\Users\JBNU\git\ConstraintsRecovery\assets\tankwar\asset15:IF:8-281,C:\Users\JBNU\git\ConstraintsRecovery\assets\tankwar\asset17:IF:8-36,asset15,asset17,false,true,true,true,TankWar_P1|TankWar_P2|TankWar_P3|TankWar_P4|TankWar_P5,TankWar_P1|TankWar_P2|TankWar_P3|TankWar_P4|TankWar_P5,EQUAL,2,2,true,true,false,COMMON_TARGET_DEPENDENCY,TARGET_PRESENT_IN_ALL_PRODUCTS,false,LOW,D582
RC-0162,Menu.erscheinen,METHOD,Option.str,FIELD,FIELD_REFERENCE,C:\Users\JBNU\git\ConstraintsRecovery\assets\tankwar\asset15:IF:8-281,C:\Users\JBNU\git\ConstraintsRecovery\assets\tankwar\asset17:IF:8-36,asset15,asset17,false,true,true,true,TankWar_P1|TankWar_P2|TankWar_P3|TankWar_P4|TankWar_P5,TankWar_P1|TankWar_P2|TankWar_P3|TankWar_P4|TankWar_P5,EQUAL,2,2,true,true,false,COMMON_TARGET_DEPENDENCY,TARGET_PRESENT_IN_ALL_PRODUCTS,false,LOW,D522
RC-0163,InfoPanel.InfoPanel,CONSTRUCTOR,InfoPanel.INFO_WIDTH,FIELD,FIELD_REFERENCE,C:\Users\JBNU\git\ConstraintsRecovery\assets\tankwar\asset16:IF:8-49,C:\Users\JBNU\git\ConstraintsRecovery\assets\tankwar\asset16:IF:8-49,asset16,asset16,true,true,true,false,TankWar_P1|TankWar_P2|TankWar_P3|TankWar_P4|TankWar_P5,TankWar_P1|TankWar_P2|TankWar_P3|TankWar_P4|TankWar_P5,EQUAL,1,1,false,false,false,COMMON_TARGET_DEPENDENCY,TARGET_PRESENT_IN_ALL_PRODUCTS,false,LOW,D625
RC-0164,InfoPanel.InfoPanel,CONSTRUCTOR,InfoPanel.behalter,FIELD,FIELD_REFERENCE,C:\Users\JBNU\git\ConstraintsRecovery\assets\tankwar\asset16:IF:8-49,C:\Users\JBNU\git\ConstraintsRecovery\assets\tankwar\asset16:IF:8-49,asset16,asset16,true,true,true,false,TankWar_P1|TankWar_P2|TankWar_P3|TankWar_P4|TankWar_P5,TankWar_P1|TankWar_P2|TankWar_P3|TankWar_P4|TankWar_P5,EQUAL,2,2,false,false,false,COMMON_TARGET_DEPENDENCY,TARGET_PRESENT_IN_ALL_PRODUCTS,false,LOW,D626
RC-0165,InfoPanel.InfoPanel,CONSTRUCTOR,InfoPanel.maler,FIELD,FIELD_REFERENCE,C:\Users\JBNU\git\ConstraintsRecovery\assets\tankwar\asset16:IF:8-49,C:\Users\JBNU\git\ConstraintsRecovery\assets\tankwar\asset16:IF:8-49,asset16,asset16,true,true,true,false,TankWar_P1|TankWar_P2|TankWar_P3|TankWar_P4|TankWar_P5,TankWar_P1|TankWar_P2|TankWar_P3|TankWar_P4|TankWar_P5,EQUAL,1,1,false,false,false,COMMON_TARGET_DEPENDENCY,TARGET_PRESENT_IN_ALL_PRODUCTS,false,LOW,D624
RC-0166,InfoPanel.paint,METHOD,InfoPanel.maler,FIELD,FIELD_REFERENCE,C:\Users\JBNU\git\ConstraintsRecovery\assets\tankwar\asset16:IF:8-49,C:\Users\JBNU\git\ConstraintsRecovery\assets\tankwar\asset16:IF:8-49,asset16,asset16,true,true,true,false,TankWar_P1|TankWar_P2|TankWar_P3|TankWar_P4|TankWar_P5,TankWar_P1|TankWar_P2|TankWar_P3|TankWar_P4|TankWar_P5,EQUAL,6,6,false,false,false,COMMON_TARGET_DEPENDENCY,TARGET_PRESENT_IN_ALL_PRODUCTS,false,LOW,D628
RC-0167,InfoPanel.paint,METHOD,Maler$$PC.fillRect,METHOD,METHOD_CALL,C:\Users\JBNU\git\ConstraintsRecovery\assets\tankwar\asset16:IF:8-49,C:\Users\JBNU\git\ConstraintsRecovery\assets\tankwar\asset2:IF:8-332,asset16,asset2,false,true,true,true,TankWar_P1|TankWar_P2|TankWar_P3|TankWar_P4|TankWar_P5,TankWar_P1|TankWar_P2|TankWar_P3|TankWar_P4|TankWar_P5,EQUAL,1,1,true,true,false,COMMON_TARGET_DEPENDENCY,TARGET_PRESENT_IN_ALL_PRODUCTS,false,LOW,D632
RC-0168,Option.Option,CONSTRUCTOR,Option.img,FIELD,FIELD_REFERENCE,C:\Users\JBNU\git\ConstraintsRecovery\assets\tankwar\asset17:IF:8-36,C:\Users\JBNU\git\ConstraintsRecovery\assets\tankwar\asset17:IF:8-36,asset17,asset17,true,true,true,false,TankWar_P1|TankWar_P2|TankWar_P3|TankWar_P4|TankWar_P5,TankWar_P1|TankWar_P2|TankWar_P3|TankWar_P4|TankWar_P5,EQUAL,3,3,false,false,false,COMMON_TARGET_DEPENDENCY,TARGET_PRESENT_IN_ALL_PRODUCTS,false,LOW,D637
RC-0169,Option.Option,CONSTRUCTOR,Option.img2,FIELD,FIELD_REFERENCE,C:\Users\JBNU\git\ConstraintsRecovery\assets\tankwar\asset17:IF:8-36,C:\Users\JBNU\git\ConstraintsRecovery\assets\tankwar\asset17:IF:8-36,asset17,asset17,true,true,true,false,TankWar_P1|TankWar_P2|TankWar_P3|TankWar_P4|TankWar_P5,TankWar_P1|TankWar_P2|TankWar_P3|TankWar_P4|TankWar_P5,EQUAL,3,3,false,false,false,COMMON_TARGET_DEPENDENCY,TARGET_PRESENT_IN_ALL_PRODUCTS,false,LOW,D638
RC-0170,Option.Option,CONSTRUCTOR,Option.prioritaet,FIELD,FIELD_REFERENCE,C:\Users\JBNU\git\ConstraintsRecovery\assets\tankwar\asset17:IF:8-36,C:\Users\JBNU\git\ConstraintsRecovery\assets\tankwar\asset17:IF:8-36,asset17,asset17,true,true,true,false,TankWar_P1|TankWar_P2|TankWar_P3|TankWar_P4|TankWar_P5,TankWar_P1|TankWar_P2|TankWar_P3|TankWar_P4|TankWar_P5,EQUAL,3,3,false,false,false,COMMON_TARGET_DEPENDENCY,TARGET_PRESENT_IN_ALL_PRODUCTS,false,LOW,D639
RC-0171,Option.Option,CONSTRUCTOR,Option.status,FIELD,FIELD_REFERENCE,C:\Users\JBNU\git\ConstraintsRecovery\assets\tankwar\asset17:IF:8-36,C:\Users\JBNU\git\ConstraintsRecovery\assets\tankwar\asset17:IF:8-36,asset17,asset17,true,true,true,false,TankWar_P1|TankWar_P2|TankWar_P3|TankWar_P4|TankWar_P5,TankWar_P1|TankWar_P2|TankWar_P3|TankWar_P4|TankWar_P5,EQUAL,3,3,false,false,false,COMMON_TARGET_DEPENDENCY,TARGET_PRESENT_IN_ALL_PRODUCTS,false,LOW,D635
RC-0172,Option.Option,CONSTRUCTOR,Option.str,FIELD,FIELD_REFERENCE,C:\Users\JBNU\git\ConstraintsRecovery\assets\tankwar\asset17:IF:8-36,C:\Users\JBNU\git\ConstraintsRecovery\assets\tankwar\asset17:IF:8-36,asset17,asset17,true,true,true,false,TankWar_P1|TankWar_P2|TankWar_P3|TankWar_P4|TankWar_P5,TankWar_P1|TankWar_P2|TankWar_P3|TankWar_P4|TankWar_P5,EQUAL,3,3,false,false,false,COMMON_TARGET_DEPENDENCY,TARGET_PRESENT_IN_ALL_PRODUCTS,false,LOW,D636
RC-0173,Tool$$Tools.init,METHOD,Tool$$Tools.currTime,FIELD,FIELD_REFERENCE,C:\Users\JBNU\git\ConstraintsRecovery\assets\tankwar\asset19:IF:8-51,C:\Users\JBNU\git\ConstraintsRecovery\assets\tankwar\asset19:IF:8-51,asset19,asset19,true,true,true,false,TankWar_P1|TankWar_P2|TankWar_P3|TankWar_P4|TankWar_P5,TankWar_P1|TankWar_P2|TankWar_P3|TankWar_P4|TankWar_P5,EQUAL,1,1,false,false,false,COMMON_TARGET_DEPENDENCY,TARGET_PRESENT_IN_ALL_PRODUCTS,false,LOW,D653
RC-0174,Tool$$Tools.init,METHOD,Tool$$Tools.time,FIELD,FIELD_REFERENCE,C:\Users\JBNU\git\ConstraintsRecovery\assets\tankwar\asset19:IF:8-51,C:\Users\JBNU\git\ConstraintsRecovery\assets\tankwar\asset19:IF:8-51,asset19,asset19,true,true,true,false,TankWar_P1|TankWar_P2|TankWar_P3|TankWar_P4|TankWar_P5,TankWar_P1|TankWar_P2|TankWar_P3|TankWar_P4|TankWar_P5,EQUAL,2,2,false,false,false,COMMON_TARGET_DEPENDENCY,TARGET_PRESENT_IN_ALL_PRODUCTS,false,LOW,D651
RC-0175,Tool$$Tools.malen,METHOD,Tool$$Tools.currTime,FIELD,FIELD_REFERENCE,C:\Users\JBNU\git\ConstraintsRecovery\assets\tankwar\asset19:IF:8-51,C:\Users\JBNU\git\ConstraintsRecovery\assets\tankwar\asset19:IF:8-51,asset19,asset19,true,true,true,false,TankWar_P1|TankWar_P2|TankWar_P3|TankWar_P4|TankWar_P5,TankWar_P1|TankWar_P2|TankWar_P3|TankWar_P4|TankWar_P5,EQUAL,2,2,false,false,false,COMMON_TARGET_DEPENDENCY,TARGET_PRESENT_IN_ALL_PRODUCTS,false,LOW,D654
RC-0176,Tool$$Tools.malen,METHOD,Tool$$Tools.time,FIELD,FIELD_REFERENCE,C:\Users\JBNU\git\ConstraintsRecovery\assets\tankwar\asset19:IF:8-51,C:\Users\JBNU\git\ConstraintsRecovery\assets\tankwar\asset19:IF:8-51,asset19,asset19,true,true,true,false,TankWar_P1|TankWar_P2|TankWar_P3|TankWar_P4|TankWar_P5,TankWar_P1|TankWar_P2|TankWar_P3|TankWar_P4|TankWar_P5,EQUAL,2,2,false,false,false,COMMON_TARGET_DEPENDENCY,TARGET_PRESENT_IN_ALL_PRODUCTS,false,LOW,D656
RC-0177,Tool$$Tools.malen,METHOD,Tool$$Tools.toolMalen,METHOD,METHOD_CALL,C:\Users\JBNU\git\ConstraintsRecovery\assets\tankwar\asset19:IF:8-51,C:\Users\JBNU\git\ConstraintsRecovery\assets\tankwar\asset19:IF:8-51,asset19,asset19,true,true,true,false,TankWar_P1|TankWar_P2|TankWar_P3|TankWar_P4|TankWar_P5,TankWar_P1|TankWar_P2|TankWar_P3|TankWar_P4|TankWar_P5,EQUAL,1,1,false,false,false,COMMON_TARGET_DEPENDENCY,TARGET_PRESENT_IN_ALL_PRODUCTS,false,LOW,D660
RC-0178,Tool$$Tools.malen,METHOD,Tool$$Tools.treffenErkennen,METHOD,METHOD_CALL,C:\Users\JBNU\git\ConstraintsRecovery\assets\tankwar\asset19:IF:8-51,C:\Users\JBNU\git\ConstraintsRecovery\assets\tankwar\asset19:IF:8-51,asset19,asset19,true,true,true,false,TankWar_P1|TankWar_P2|TankWar_P3|TankWar_P4|TankWar_P5,TankWar_P1|TankWar_P2|TankWar_P3|TankWar_P4|TankWar_P5,EQUAL,1,1,false,false,false,COMMON_TARGET_DEPENDENCY,TARGET_PRESENT_IN_ALL_PRODUCTS,false,LOW,D659
RC-0179,Tool$$Tools.treffenErkennen,METHOD,Tool$$Tools.remove,METHOD,METHOD_CALL,C:\Users\JBNU\git\ConstraintsRecovery\assets\tankwar\asset19:IF:8-51,C:\Users\JBNU\git\ConstraintsRecovery\assets\tankwar\asset19:IF:8-51,asset19,asset19,true,true,true,false,TankWar_P1|TankWar_P2|TankWar_P3|TankWar_P4|TankWar_P5,TankWar_P1|TankWar_P2|TankWar_P3|TankWar_P4|TankWar_P5,EQUAL,2,2,false,false,false,COMMON_TARGET_DEPENDENCY,TARGET_PRESENT_IN_ALL_PRODUCTS,false,LOW,D666
RC-0180,Tool$$Tools.treffenErkennen,METHOD,Tool$$Tools.tankId,FIELD,FIELD_REFERENCE,C:\Users\JBNU\git\ConstraintsRecovery\assets\tankwar\asset19:IF:8-51,C:\Users\JBNU\git\ConstraintsRecovery\assets\tankwar\asset19:IF:8-51,asset19,asset19,true,true,true,false,TankWar_P1|TankWar_P2|TankWar_P3|TankWar_P4|TankWar_P5,TankWar_P1|TankWar_P2|TankWar_P3|TankWar_P4|TankWar_P5,EQUAL,2,2,false,false,false,COMMON_TARGET_DEPENDENCY,TARGET_PRESENT_IN_ALL_PRODUCTS,false,LOW,D663
RC-0181,Tool$$Tools,CLASS,GameObject,CLASS,EXTENDS,C:\Users\JBNU\git\ConstraintsRecovery\assets\tankwar\asset19:IF:8-51,C:\Users\JBNU\git\ConstraintsRecovery\assets\tankwar\asset22:IF:8-80,asset19,asset22,false,true,true,true,TankWar_P1|TankWar_P2|TankWar_P3|TankWar_P4|TankWar_P5,TankWar_P1|TankWar_P2|TankWar_P3|TankWar_P4|TankWar_P5,EQUAL,1,1,true,false,false,COMMON_TARGET_DEPENDENCY,TARGET_PRESENT_IN_ALL_PRODUCTS,false,LOW,D674
RC-0182,Tool$$Tools.init,METHOD,GameObject.id,FIELD,FIELD_REFERENCE,C:\Users\JBNU\git\ConstraintsRecovery\assets\tankwar\asset19:IF:8-51,C:\Users\JBNU\git\ConstraintsRecovery\assets\tankwar\asset22:IF:8-80,asset19,asset22,false,true,true,true,TankWar_P1|TankWar_P2|TankWar_P3|TankWar_P4|TankWar_P5,TankWar_P1|TankWar_P2|TankWar_P3|TankWar_P4|TankWar_P5,EQUAL,1,1,true,true,false,COMMON_TARGET_DEPENDENCY,TARGET_PRESENT_IN_ALL_PRODUCTS,false,LOW,D650
RC-0183,Tool$$Tools.treffenErkennen,METHOD,GameObject.id,FIELD,FIELD_REFERENCE,C:\Users\JBNU\git\ConstraintsRecovery\assets\tankwar\asset19:IF:8-51,C:\Users\JBNU\git\ConstraintsRecovery\assets\tankwar\asset22:IF:8-80,asset19,asset22,false,true,true,true,TankWar_P1|TankWar_P2|TankWar_P3|TankWar_P4|TankWar_P5,TankWar_P1|TankWar_P2|TankWar_P3|TankWar_P4|TankWar_P5,EQUAL,2,2,true,true,false,COMMON_TARGET_DEPENDENCY,TARGET_PRESENT_IN_ALL_PRODUCTS,false,LOW,D664
RC-0184,Tool$$Tools.malen,METHOD,TankManager$$Tools.toolMenge,FIELD,FIELD_REFERENCE,C:\Users\JBNU\git\ConstraintsRecovery\assets\tankwar\asset19:IF:8-51,C:\Users\JBNU\git\ConstraintsRecovery\assets\tankwar\asset3:IF:8-44,asset19,asset3,false,true,true,true,TankWar_P1|TankWar_P2|TankWar_P3|TankWar_P4|TankWar_P5,TankWar_P1|TankWar_P2|TankWar_P3|TankWar_P4|TankWar_P5,EQUAL,1,1,true,true,false,COMMON_TARGET_DEPENDENCY,TARGET_PRESENT_IN_ALL_PRODUCTS,false,LOW,D658
RC-0185,Tool$$Tools.remove,METHOD,TankManager$$Tools.toolMenge,FIELD,FIELD_REFERENCE,C:\Users\JBNU\git\ConstraintsRecovery\assets\tankwar\asset19:IF:8-51,C:\Users\JBNU\git\ConstraintsRecovery\assets\tankwar\asset3:IF:8-44,asset19,asset3,false,true,true,true,TankWar_P1|TankWar_P2|TankWar_P3|TankWar_P4|TankWar_P5,TankWar_P1|TankWar_P2|TankWar_P3|TankWar_P4|TankWar_P5,EQUAL,1,1,true,true,false,COMMON_TARGET_DEPENDENCY,TARGET_PRESENT_IN_ALL_PRODUCTS,false,LOW,D673
RC-0186,Tool$$Tools.treffenErkennen,METHOD,TankManager$$TankWar.tank1,FIELD,FIELD_REFERENCE,C:\Users\JBNU\git\ConstraintsRecovery\assets\tankwar\asset19:IF:8-51,C:\Users\JBNU\git\ConstraintsRecovery\assets\tankwar\asset9:IF:8-248,asset19,asset9,false,true,true,true,TankWar_P1|TankWar_P2|TankWar_P3|TankWar_P4|TankWar_P5,TankWar_P1|TankWar_P2|TankWar_P3|TankWar_P4|TankWar_P5,EQUAL,3,3,true,true,false,COMMON_TARGET_DEPENDENCY,TARGET_PRESENT_IN_ALL_PRODUCTS,false,LOW,D661
RC-0187,Tool$$Tools.treffenErkennen,METHOD,TankManager$$TankWar.tank2,FIELD,FIELD_REFERENCE,C:\Users\JBNU\git\ConstraintsRecovery\assets\tankwar\asset19:IF:8-51,C:\Users\JBNU\git\ConstraintsRecovery\assets\tankwar\asset9:IF:8-248,asset19,asset9,false,true,true,true,TankWar_P1|TankWar_P2|TankWar_P3|TankWar_P4|TankWar_P5,TankWar_P1|TankWar_P2|TankWar_P3|TankWar_P4|TankWar_P5,EQUAL,3,3,true,true,false,COMMON_TARGET_DEPENDENCY,TARGET_PRESENT_IN_ALL_PRODUCTS,false,LOW,D667
RC-0188,Missile$$TankWar.Missile$$TankWar,CONSTRUCTOR,Missile$$TankWar.feindlich,FIELD,FIELD_REFERENCE,C:\Users\JBNU\git\ConstraintsRecovery\assets\tankwar\asset1:IF:8-128,C:\Users\JBNU\git\ConstraintsRecovery\assets\tankwar\asset1:IF:8-128,asset1,asset1,true,true,true,false,TankWar_P1|TankWar_P2|TankWar_P3|TankWar_P4|TankWar_P5,TankWar_P1|TankWar_P2|TankWar_P3|TankWar_P4|TankWar_P5,EQUAL,1,1,false,false,false,COMMON_TARGET_DEPENDENCY,TARGET_PRESENT_IN_ALL_PRODUCTS,false,LOW,D697
RC-0189,Missile$$TankWar.Missile$$TankWar,CONSTRUCTOR,Missile$$TankWar.missileRichtung,FIELD,FIELD_REFERENCE,C:\Users\JBNU\git\ConstraintsRecovery\assets\tankwar\asset1:IF:8-128,C:\Users\JBNU\git\ConstraintsRecovery\assets\tankwar\asset1:IF:8-128,asset1,asset1,true,true,true,false,TankWar_P1|TankWar_P2|TankWar_P3|TankWar_P4|TankWar_P5,TankWar_P1|TankWar_P2|TankWar_P3|TankWar_P4|TankWar_P5,EQUAL,1,1,false,false,false,COMMON_TARGET_DEPENDENCY,TARGET_PRESENT_IN_ALL_PRODUCTS,false,LOW,D696
RC-0190,Missile$$TankWar.Missile$$TankWar,CONSTRUCTOR,Missile$$TankWar.tankId,FIELD,FIELD_REFERENCE,C:\Users\JBNU\git\ConstraintsRecovery\assets\tankwar\asset1:IF:8-128,C:\Users\JBNU\git\ConstraintsRecovery\assets\tankwar\asset1:IF:8-128,asset1,asset1,true,true,true,false,TankWar_P1|TankWar_P2|TankWar_P3|TankWar_P4|TankWar_P5,TankWar_P1|TankWar_P2|TankWar_P3|TankWar_P4|TankWar_P5,EQUAL,1,1,false,false,false,COMMON_TARGET_DEPENDENCY,TARGET_PRESENT_IN_ALL_PRODUCTS,false,LOW,D695
RC-0191,Missile$$TankWar.init,METHOD,Missile$$TankWar.currTime,FIELD,FIELD_REFERENCE,C:\Users\JBNU\git\ConstraintsRecovery\assets\tankwar\asset1:IF:8-128,C:\Users\JBNU\git\ConstraintsRecovery\assets\tankwar\asset1:IF:8-128,asset1,asset1,true,true,true,false,TankWar_P1|TankWar_P2|TankWar_P3|TankWar_P4|TankWar_P5,TankWar_P1|TankWar_P2|TankWar_P3|TankWar_P4|TankWar_P5,EQUAL,1,1,false,false,false,COMMON_TARGET_DEPENDENCY,TARGET_PRESENT_IN_ALL_PRODUCTS,false,LOW,D729
RC-0192,Missile$$TankWar.init,METHOD,Missile$$TankWar.feindlich,FIELD,FIELD_REFERENCE,C:\Users\JBNU\git\ConstraintsRecovery\assets\tankwar\asset1:IF:8-128,C:\Users\JBNU\git\ConstraintsRecovery\assets\tankwar\asset1:IF:8-128,asset1,asset1,true,true,true,false,TankWar_P1|TankWar_P2|TankWar_P3|TankWar_P4|TankWar_P5,TankWar_P1|TankWar_P2|TankWar_P3|TankWar_P4|TankWar_P5,EQUAL,1,1,false,false,false,COMMON_TARGET_DEPENDENCY,TARGET_PRESENT_IN_ALL_PRODUCTS,false,LOW,D700
RC-0193,Missile$$TankWar.init,METHOD,Missile$$TankWar.geschwindigkeit,FIELD,FIELD_REFERENCE,C:\Users\JBNU\git\ConstraintsRecovery\assets\tankwar\asset1:IF:8-128,C:\Users\JBNU\git\ConstraintsRecovery\assets\tankwar\asset1:IF:8-128,asset1,asset1,true,true,true,false,TankWar_P1|TankWar_P2|TankWar_P3|TankWar_P4|TankWar_P5,TankWar_P1|TankWar_P2|TankWar_P3|TankWar_P4|TankWar_P5,EQUAL,1,1,false,false,false,COMMON_TARGET_DEPENDENCY,TARGET_PRESENT_IN_ALL_PRODUCTS,false,LOW,D710
RC-0194,Missile$$TankWar.init,METHOD,Missile$$TankWar.missileRichtung,FIELD,FIELD_REFERENCE,C:\Users\JBNU\git\ConstraintsRecovery\assets\tankwar\asset1:IF:8-128,C:\Users\JBNU\git\ConstraintsRecovery\assets\tankwar\asset1:IF:8-128,asset1,asset1,true,true,true,false,TankWar_P1|TankWar_P2|TankWar_P3|TankWar_P4|TankWar_P5,TankWar_P1|TankWar_P2|TankWar_P3|TankWar_P4|TankWar_P5,EQUAL,2,2,false,false,false,COMMON_TARGET_DEPENDENCY,TARGET_PRESENT_IN_ALL_PRODUCTS,false,LOW,D699
RC-0195,Missile$$TankWar.init,METHOD,Missile$$TankWar.tankId,FIELD,FIELD_REFERENCE,C:\Users\JBNU\git\ConstraintsRecovery\assets\tankwar\asset1:IF:8-128,C:\Users\JBNU\git\ConstraintsRecovery\assets\tankwar\asset1:IF:8-128,asset1,asset1,true,true,true,false,TankWar_P1|TankWar_P2|TankWar_P3|TankWar_P4|TankWar_P5,TankWar_P1|TankWar_P2|TankWar_P3|TankWar_P4|TankWar_P5,EQUAL,1,1,false,false,false,COMMON_TARGET_DEPENDENCY,TARGET_PRESENT_IN_ALL_PRODUCTS,false,LOW,D702
RC-0196,Missile$$TankWar.init,METHOD,Missile$$TankWar.vernichtungskraft,FIELD,FIELD_REFERENCE,C:\Users\JBNU\git\ConstraintsRecovery\assets\tankwar\asset1:IF:8-128,C:\Users\JBNU\git\ConstraintsRecovery\assets\tankwar\asset1:IF:8-128,asset1,asset1,true,true,true,false,TankWar_P1|TankWar_P2|TankWar_P3|TankWar_P4|TankWar_P5,TankWar_P1|TankWar_P2|TankWar_P3|TankWar_P4|TankWar_P5,EQUAL,1,1,false,false,false,COMMON_TARGET_DEPENDENCY,TARGET_PRESENT_IN_ALL_PRODUCTS,false,LOW,D711
RC-0197,Missile$$TankWar.init,METHOD,Missile$$TankWar.xf_Koordinate,FIELD,FIELD_REFERENCE,C:\Users\JBNU\git\ConstraintsRecovery\assets\tankwar\asset1:IF:8-128,C:\Users\JBNU\git\ConstraintsRecovery\assets\tankwar\asset1:IF:8-128,asset1,asset1,true,true,true,false,TankWar_P1|TankWar_P2|TankWar_P3|TankWar_P4|TankWar_P5,TankWar_P1|TankWar_P2|TankWar_P3|TankWar_P4|TankWar_P5,EQUAL,1,1,false,false,false,COMMON_TARGET_DEPENDENCY,TARGET_PRESENT_IN_ALL_PRODUCTS,false,LOW,D731
RC-0198,Missile$$TankWar.init,METHOD,Missile$$TankWar.yf_Koordinate,FIELD,FIELD_REFERENCE,C:\Users\JBNU\git\ConstraintsRecovery\assets\tankwar\asset1:IF:8-128,C:\Users\JBNU\git\ConstraintsRecovery\assets\tankwar\asset1:IF:8-128,asset1,asset1,true,true,true,false,TankWar_P1|TankWar_P2|TankWar_P3|TankWar_P4|TankWar_P5,TankWar_P1|TankWar_P2|TankWar_P3|TankWar_P4|TankWar_P5,EQUAL,1,1,false,false,false,COMMON_TARGET_DEPENDENCY,TARGET_PRESENT_IN_ALL_PRODUCTS,false,LOW,D733
RC-0199,Missile$$TankWar.koordinateAktualisieren,METHOD,Missile$$TankWar.geschwindigkeit,FIELD,FIELD_REFERENCE,C:\Users\JBNU\git\ConstraintsRecovery\assets\tankwar\asset1:IF:8-128,C:\Users\JBNU\git\ConstraintsRecovery\assets\tankwar\asset1:IF:8-128,asset1,asset1,true,true,true,false,TankWar_P1|TankWar_P2|TankWar_P3|TankWar_P4|TankWar_P5,TankWar_P1|TankWar_P2|TankWar_P3|TankWar_P4|TankWar_P5,EQUAL,4,4,false,false,false,COMMON_TARGET_DEPENDENCY,TARGET_PRESENT_IN_ALL_PRODUCTS,false,LOW,D740
RC-0200,Missile$$TankWar.koordinateAktualisieren,METHOD,Missile$$TankWar.missileRichtung,FIELD,FIELD_REFERENCE,C:\Users\JBNU\git\ConstraintsRecovery\assets\tankwar\asset1:IF:8-128,C:\Users\JBNU\git\ConstraintsRecovery\assets\tankwar\asset1:IF:8-128,asset1,asset1,true,true,true,false,TankWar_P1|TankWar_P2|TankWar_P3|TankWar_P4|TankWar_P5,TankWar_P1|TankWar_P2|TankWar_P3|TankWar_P4|TankWar_P5,EQUAL,1,1,false,false,false,COMMON_TARGET_DEPENDENCY,TARGET_PRESENT_IN_ALL_PRODUCTS,false,LOW,D739
RC-0201,Missile$$TankWar.koordinateAktualisieren,METHOD,Missile$$TankWar.treffenErkennen,METHOD,METHOD_CALL,C:\Users\JBNU\git\ConstraintsRecovery\assets\tankwar\asset1:IF:8-128,C:\Users\JBNU\git\ConstraintsRecovery\assets\tankwar\asset1:IF:8-128,asset1,asset1,true,true,true,false,TankWar_P1|TankWar_P2|TankWar_P3|TankWar_P4|TankWar_P5,TankWar_P1|TankWar_P2|TankWar_P3|TankWar_P4|TankWar_P5,EQUAL,1,1,false,false,false,COMMON_TARGET_DEPENDENCY,TARGET_PRESENT_IN_ALL_PRODUCTS,false,LOW,D675
RC-0202,Missile$$TankWar.koordinateAktualisieren,METHOD,Missile$$TankWar.xf_Koordinate,FIELD,FIELD_REFERENCE,C:\Users\JBNU\git\ConstraintsRecovery\assets\tankwar\asset1:IF:8-128,C:\Users\JBNU\git\ConstraintsRecovery\assets\tankwar\asset1:IF:8-128,asset1,asset1,true,true,true,false,TankWar_P1|TankWar_P2|TankWar_P3|TankWar_P4|TankWar_P5,TankWar_P1|TankWar_P2|TankWar_P3|TankWar_P4|TankWar_P5,EQUAL,4,4,false,false,false,COMMON_TARGET_DEPENDENCY,TARGET_PRESENT_IN_ALL_PRODUCTS,false,LOW,D746
RC-0203,Missile$$TankWar.koordinateAktualisieren,METHOD,Missile$$TankWar.yf_Koordinate,FIELD,FIELD_REFERENCE,C:\Users\JBNU\git\ConstraintsRecovery\assets\tankwar\asset1:IF:8-128,C:\Users\JBNU\git\ConstraintsRecovery\assets\tankwar\asset1:IF:8-128,asset1,asset1,true,true,true,false,TankWar_P1|TankWar_P2|TankWar_P3|TankWar_P4|TankWar_P5,TankWar_P1|TankWar_P2|TankWar_P3|TankWar_P4|TankWar_P5,EQUAL,4,4,false,false,false,COMMON_TARGET_DEPENDENCY,TARGET_PRESENT_IN_ALL_PRODUCTS,false,LOW,D741
RC-0204,Missile$$TankWar.malen,METHOD,Missile$$TankWar.currTime,FIELD,FIELD_REFERENCE,C:\Users\JBNU\git\ConstraintsRecovery\assets\tankwar\asset1:IF:8-128,C:\Users\JBNU\git\ConstraintsRecovery\assets\tankwar\asset1:IF:8-128,asset1,asset1,true,true,true,false,TankWar_P1|TankWar_P2|TankWar_P3|TankWar_P4|TankWar_P5,TankWar_P1|TankWar_P2|TankWar_P3|TankWar_P4|TankWar_P5,EQUAL,2,2,false,false,false,COMMON_TARGET_DEPENDENCY,TARGET_PRESENT_IN_ALL_PRODUCTS,false,LOW,D734
RC-0205,Missile$$TankWar.malen,METHOD,Missile$$TankWar.koordinateAktualisieren,METHOD,METHOD_CALL,C:\Users\JBNU\git\ConstraintsRecovery\assets\tankwar\asset1:IF:8-128,C:\Users\JBNU\git\ConstraintsRecovery\assets\tankwar\asset1:IF:8-128,asset1,asset1,true,true,true,false,TankWar_P1|TankWar_P2|TankWar_P3|TankWar_P4|TankWar_P5,TankWar_P1|TankWar_P2|TankWar_P3|TankWar_P4|TankWar_P5,EQUAL,1,1,false,false,false,COMMON_TARGET_DEPENDENCY,TARGET_PRESENT_IN_ALL_PRODUCTS,false,LOW,D736
RC-0206,Missile$$TankWar.treffenErkennen,METHOD,Missile$$TankWar.explodieren,METHOD,METHOD_CALL,C:\Users\JBNU\git\ConstraintsRecovery\assets\tankwar\asset1:IF:8-128,C:\Users\JBNU\git\ConstraintsRecovery\assets\tankwar\asset1:IF:8-128,asset1,asset1,true,true,true,false,TankWar_P1|TankWar_P2|TankWar_P3|TankWar_P4|TankWar_P5,TankWar_P1|TankWar_P2|TankWar_P3|TankWar_P4|TankWar_P5,EQUAL,2,2,false,false,false,COMMON_TARGET_DEPENDENCY,TARGET_PRESENT_IN_ALL_PRODUCTS,false,LOW,D689
RC-0207,Missile$$TankWar.treffenErkennen,METHOD,Missile$$TankWar.feindlich,FIELD,FIELD_REFERENCE,C:\Users\JBNU\git\ConstraintsRecovery\assets\tankwar\asset1:IF:8-128,C:\Users\JBNU\git\ConstraintsRecovery\assets\tankwar\asset1:IF:8-128,asset1,asset1,true,true,true,false,TankWar_P1|TankWar_P2|TankWar_P3|TankWar_P4|TankWar_P5,TankWar_P1|TankWar_P2|TankWar_P3|TankWar_P4|TankWar_P5,EQUAL,2,2,false,false,false,COMMON_TARGET_DEPENDENCY,TARGET_PRESENT_IN_ALL_PRODUCTS,false,LOW,D678
RC-0208,Missile$$TankWar.treffenErkennen,METHOD,Missile$$TankWar.remove,METHOD,METHOD_CALL,C:\Users\JBNU\git\ConstraintsRecovery\assets\tankwar\asset1:IF:8-128,C:\Users\JBNU\git\ConstraintsRecovery\assets\tankwar\asset1:IF:8-128,asset1,asset1,true,true,true,false,TankWar_P1|TankWar_P2|TankWar_P3|TankWar_P4|TankWar_P5,TankWar_P1|TankWar_P2|TankWar_P3|TankWar_P4|TankWar_P5,EQUAL,2,2,false,false,false,COMMON_TARGET_DEPENDENCY,TARGET_PRESENT_IN_ALL_PRODUCTS,false,LOW,D682
RC-0209,Missile$$TankWar.treffenErkennen,METHOD,Missile$$TankWar.tankId,FIELD,FIELD_REFERENCE,C:\Users\JBNU\git\ConstraintsRecovery\assets\tankwar\asset1:IF:8-128,C:\Users\JBNU\git\ConstraintsRecovery\assets\tankwar\asset1:IF:8-128,asset1,asset1,true,true,true,false,TankWar_P1|TankWar_P2|TankWar_P3|TankWar_P4|TankWar_P5,TankWar_P1|TankWar_P2|TankWar_P3|TankWar_P4|TankWar_P5,EQUAL,1,1,false,false,false,COMMON_TARGET_DEPENDENCY,TARGET_PRESENT_IN_ALL_PRODUCTS,false,LOW,D679
RC-0210,Missile$$TankWar.treffenErkennen,METHOD,Missile$$TankWar.vernichtungskraft,FIELD,FIELD_REFERENCE,C:\Users\JBNU\git\ConstraintsRecovery\assets\tankwar\asset1:IF:8-128,C:\Users\JBNU\git\ConstraintsRecovery\assets\tankwar\asset1:IF:8-128,asset1,asset1,true,true,true,false,TankWar_P1|TankWar_P2|TankWar_P3|TankWar_P4|TankWar_P5,TankWar_P1|TankWar_P2|TankWar_P3|TankWar_P4|TankWar_P5,EQUAL,1,1,false,false,false,COMMON_TARGET_DEPENDENCY,TARGET_PRESENT_IN_ALL_PRODUCTS,false,LOW,D681
RC-0211,Missile$$TankWar,CLASS,GameObject,CLASS,EXTENDS,C:\Users\JBNU\git\ConstraintsRecovery\assets\tankwar\asset1:IF:8-128,C:\Users\JBNU\git\ConstraintsRecovery\assets\tankwar\asset22:IF:8-80,asset1,asset22,false,true,true,true,TankWar_P1|TankWar_P2|TankWar_P3|TankWar_P4|TankWar_P5,TankWar_P1|TankWar_P2|TankWar_P3|TankWar_P4|TankWar_P5,EQUAL,1,1,true,false,false,COMMON_TARGET_DEPENDENCY,TARGET_PRESENT_IN_ALL_PRODUCTS,false,LOW,D694
RC-0212,Missile$$TankWar.init,METHOD,GameObject.colorB,FIELD,FIELD_REFERENCE,C:\Users\JBNU\git\ConstraintsRecovery\assets\tankwar\asset1:IF:8-128,C:\Users\JBNU\git\ConstraintsRecovery\assets\tankwar\asset22:IF:8-80,asset1,asset22,false,true,true,true,TankWar_P1|TankWar_P2|TankWar_P3|TankWar_P4|TankWar_P5,TankWar_P1|TankWar_P2|TankWar_P3|TankWar_P4|TankWar_P5,EQUAL,1,1,true,true,false,COMMON_TARGET_DEPENDENCY,TARGET_PRESENT_IN_ALL_PRODUCTS,false,LOW,D709
RC-0213,Missile$$TankWar.init,METHOD,GameObject.colorG,FIELD,FIELD_REFERENCE,C:\Users\JBNU\git\ConstraintsRecovery\assets\tankwar\asset1:IF:8-128,C:\Users\JBNU\git\ConstraintsRecovery\assets\tankwar\asset22:IF:8-80,asset1,asset22,false,true,true,true,TankWar_P1|TankWar_P2|TankWar_P3|TankWar_P4|TankWar_P5,TankWar_P1|TankWar_P2|TankWar_P3|TankWar_P4|TankWar_P5,EQUAL,1,1,true,true,false,COMMON_TARGET_DEPENDENCY,TARGET_PRESENT_IN_ALL_PRODUCTS,false,LOW,D708
RC-0214,Missile$$TankWar.init,METHOD,GameObject.colorR,FIELD,FIELD_REFERENCE,C:\Users\JBNU\git\ConstraintsRecovery\assets\tankwar\asset1:IF:8-128,C:\Users\JBNU\git\ConstraintsRecovery\assets\tankwar\asset22:IF:8-80,asset1,asset22,false,true,true,true,TankWar_P1|TankWar_P2|TankWar_P3|TankWar_P4|TankWar_P5,TankWar_P1|TankWar_P2|TankWar_P3|TankWar_P4|TankWar_P5,EQUAL,1,1,true,true,false,COMMON_TARGET_DEPENDENCY,TARGET_PRESENT_IN_ALL_PRODUCTS,false,LOW,D707
RC-0215,Missile$$TankWar.init,METHOD,GameObject.id,FIELD,FIELD_REFERENCE,C:\Users\JBNU\git\ConstraintsRecovery\assets\tankwar\asset1:IF:8-128,C:\Users\JBNU\git\ConstraintsRecovery\assets\tankwar\asset22:IF:8-80,asset1,asset22,false,true,true,true,TankWar_P1|TankWar_P2|TankWar_P3|TankWar_P4|TankWar_P5,TankWar_P1|TankWar_P2|TankWar_P3|TankWar_P4|TankWar_P5,EQUAL,1,1,true,true,false,COMMON_TARGET_DEPENDENCY,TARGET_PRESENT_IN_ALL_PRODUCTS,false,LOW,D701
RC-0216,Missile$$TankWar.init,METHOD,GameObject.objHeight,FIELD,FIELD_REFERENCE,C:\Users\JBNU\git\ConstraintsRecovery\assets\tankwar\asset1:IF:8-128,C:\Users\JBNU\git\ConstraintsRecovery\assets\tankwar\asset22:IF:8-80,asset1,asset22,false,true,true,true,TankWar_P1|TankWar_P2|TankWar_P3|TankWar_P4|TankWar_P5,TankWar_P1|TankWar_P2|TankWar_P3|TankWar_P4|TankWar_P5,EQUAL,5,5,true,true,false,COMMON_TARGET_DEPENDENCY,TARGET_PRESENT_IN_ALL_PRODUCTS,false,LOW,D705
RC-0217,Missile$$TankWar.init,METHOD,GameObject.objWidth,FIELD,FIELD_REFERENCE,C:\Users\JBNU\git\ConstraintsRecovery\assets\tankwar\asset1:IF:8-128,C:\Users\JBNU\git\ConstraintsRecovery\assets\tankwar\asset22:IF:8-80,asset1,asset22,false,true,true,true,TankWar_P1|TankWar_P2|TankWar_P3|TankWar_P4|TankWar_P5,TankWar_P1|TankWar_P2|TankWar_P3|TankWar_P4|TankWar_P5,EQUAL,5,5,true,true,false,COMMON_TARGET_DEPENDENCY,TARGET_PRESENT_IN_ALL_PRODUCTS,false,LOW,D703
RC-0218,Missile$$TankWar.init,METHOD,GameObject.objectType,FIELD,FIELD_REFERENCE,C:\Users\JBNU\git\ConstraintsRecovery\assets\tankwar\asset1:IF:8-128,C:\Users\JBNU\git\ConstraintsRecovery\assets\tankwar\asset22:IF:8-80,asset1,asset22,false,true,true,true,TankWar_P1|TankWar_P2|TankWar_P3|TankWar_P4|TankWar_P5,TankWar_P1|TankWar_P2|TankWar_P3|TankWar_P4|TankWar_P5,EQUAL,1,1,true,true,false,COMMON_TARGET_DEPENDENCY,TARGET_PRESENT_IN_ALL_PRODUCTS,false,LOW,D698
RC-0219,Missile$$TankWar.init,METHOD,GameObject.x_Koordinate,FIELD,FIELD_REFERENCE,C:\Users\JBNU\git\ConstraintsRecovery\assets\tankwar\asset1:IF:8-128,C:\Users\JBNU\git\ConstraintsRecovery\assets\tankwar\asset22:IF:8-80,asset1,asset22,false,true,true,true,TankWar_P1|TankWar_P2|TankWar_P3|TankWar_P4|TankWar_P5,TankWar_P1|TankWar_P2|TankWar_P3|TankWar_P4|TankWar_P5,EQUAL,5,5,true,true,false,COMMON_TARGET_DEPENDENCY,TARGET_PRESENT_IN_ALL_PRODUCTS,false,LOW,D713
RC-0220,Missile$$TankWar.init,METHOD,GameObject.y_Koordinate,FIELD,FIELD_REFERENCE,C:\Users\JBNU\git\ConstraintsRecovery\assets\tankwar\asset1:IF:8-128,C:\Users\JBNU\git\ConstraintsRecovery\assets\tankwar\asset22:IF:8-80,asset1,asset22,false,true,true,true,TankWar_P1|TankWar_P2|TankWar_P3|TankWar_P4|TankWar_P5,TankWar_P1|TankWar_P2|TankWar_P3|TankWar_P4|TankWar_P5,EQUAL,5,5,true,true,false,COMMON_TARGET_DEPENDENCY,TARGET_PRESENT_IN_ALL_PRODUCTS,false,LOW,D714
RC-0221,Missile$$TankWar.koordinateAktualisieren,METHOD,GameObject.getRund,METHOD,METHOD_CALL,C:\Users\JBNU\git\ConstraintsRecovery\assets\tankwar\asset1:IF:8-128,C:\Users\JBNU\git\ConstraintsRecovery\assets\tankwar\asset22:IF:8-80,asset1,asset22,false,true,true,true,TankWar_P1|TankWar_P2|TankWar_P3|TankWar_P4|TankWar_P5,TankWar_P1|TankWar_P2|TankWar_P3|TankWar_P4|TankWar_P5,EQUAL,4,4,true,true,false,COMMON_TARGET_DEPENDENCY,TARGET_PRESENT_IN_ALL_PRODUCTS,false,LOW,D744
RC-0222,Missile$$TankWar.malen,METHOD,Maler$$PC.fillOvall,METHOD,METHOD_CALL,C:\Users\JBNU\git\ConstraintsRecovery\assets\tankwar\asset1:IF:8-128,C:\Users\JBNU\git\ConstraintsRecovery\assets\tankwar\asset2:IF:8-332,asset1,asset2,false,true,true,true,TankWar_P1|TankWar_P2|TankWar_P3|TankWar_P4|TankWar_P5,TankWar_P1|TankWar_P2|TankWar_P3|TankWar_P4|TankWar_P5,EQUAL,1,1,true,true,false,COMMON_TARGET_DEPENDENCY,TARGET_PRESENT_IN_ALL_PRODUCTS,false,LOW,D738
RC-0223,Missile$$TankWar.malen,METHOD,Maler$$PC.setColor,METHOD,METHOD_CALL,C:\Users\JBNU\git\ConstraintsRecovery\assets\tankwar\asset1:IF:8-128,C:\Users\JBNU\git\ConstraintsRecovery\assets\tankwar\asset2:IF:8-332,asset1,asset2,false,true,true,true,TankWar_P1|TankWar_P2|TankWar_P3|TankWar_P4|TankWar_P5,TankWar_P1|TankWar_P2|TankWar_P3|TankWar_P4|TankWar_P5,EQUAL,1,1,true,true,false,COMMON_TARGET_DEPENDENCY,TARGET_PRESENT_IN_ALL_PRODUCTS,false,LOW,D737
RC-0224,Missile$$TankWar.explodieren,METHOD,TankManager$$TankWar.missilesMenge,FIELD,FIELD_REFERENCE,C:\Users\JBNU\git\ConstraintsRecovery\assets\tankwar\asset1:IF:8-128,C:\Users\JBNU\git\ConstraintsRecovery\assets\tankwar\asset9:IF:8-248,asset1,asset9,false,true,true,true,TankWar_P1|TankWar_P2|TankWar_P3|TankWar_P4|TankWar_P5,TankWar_P1|TankWar_P2|TankWar_P3|TankWar_P4|TankWar_P5,EQUAL,1,1,true,true,false,COMMON_TARGET_DEPENDENCY,TARGET_PRESENT_IN_ALL_PRODUCTS,false,LOW,D692
RC-0225,Missile$$TankWar.init,METHOD,TankManager$$TankWar.koernigkeit2,FIELD,FIELD_REFERENCE,C:\Users\JBNU\git\ConstraintsRecovery\assets\tankwar\asset1:IF:8-128,C:\Users\JBNU\git\ConstraintsRecovery\assets\tankwar\asset9:IF:8-248,asset1,asset9,false,true,true,true,TankWar_P1|TankWar_P2|TankWar_P3|TankWar_P4|TankWar_P5,TankWar_P1|TankWar_P2|TankWar_P3|TankWar_P4|TankWar_P5,EQUAL,2,2,true,true,false,COMMON_TARGET_DEPENDENCY,TARGET_PRESENT_IN_ALL_PRODUCTS,false,LOW,D704
RC-0226,Missile$$TankWar.koordinateAktualisieren,METHOD,TankManager$$TankWar.missilesMenge,FIELD,FIELD_REFERENCE,C:\Users\JBNU\git\ConstraintsRecovery\assets\tankwar\asset1:IF:8-128,C:\Users\JBNU\git\ConstraintsRecovery\assets\tankwar\asset9:IF:8-248,asset1,asset9,false,true,true,true,TankWar_P1|TankWar_P2|TankWar_P3|TankWar_P4|TankWar_P5,TankWar_P1|TankWar_P2|TankWar_P3|TankWar_P4|TankWar_P5,EQUAL,1,1,true,true,false,COMMON_TARGET_DEPENDENCY,TARGET_PRESENT_IN_ALL_PRODUCTS,false,LOW,D762
RC-0227,Missile$$TankWar.koordinateAktualisieren,METHOD,TankManager$$TankWar.screenHeight,FIELD,FIELD_REFERENCE,C:\Users\JBNU\git\ConstraintsRecovery\assets\tankwar\asset1:IF:8-128,C:\Users\JBNU\git\ConstraintsRecovery\assets\tankwar\asset9:IF:8-248,asset1,asset9,false,true,true,true,TankWar_P1|TankWar_P2|TankWar_P3|TankWar_P4|TankWar_P5,TankWar_P1|TankWar_P2|TankWar_P3|TankWar_P4|TankWar_P5,EQUAL,1,1,true,true,false,COMMON_TARGET_DEPENDENCY,TARGET_PRESENT_IN_ALL_PRODUCTS,false,LOW,D760
RC-0228,Missile$$TankWar.koordinateAktualisieren,METHOD,TankManager$$TankWar.screenWidth,FIELD,FIELD_REFERENCE,C:\Users\JBNU\git\ConstraintsRecovery\assets\tankwar\asset1:IF:8-128,C:\Users\JBNU\git\ConstraintsRecovery\assets\tankwar\asset9:IF:8-248,asset1,asset9,false,true,true,true,TankWar_P1|TankWar_P2|TankWar_P3|TankWar_P4|TankWar_P5,TankWar_P1|TankWar_P2|TankWar_P3|TankWar_P4|TankWar_P5,EQUAL,5,5,true,true,false,COMMON_TARGET_DEPENDENCY,TARGET_PRESENT_IN_ALL_PRODUCTS,false,LOW,D742
RC-0229,Missile$$TankWar.remove,METHOD,TankManager$$TankWar.missilesMenge,FIELD,FIELD_REFERENCE,C:\Users\JBNU\git\ConstraintsRecovery\assets\tankwar\asset1:IF:8-128,C:\Users\JBNU\git\ConstraintsRecovery\assets\tankwar\asset9:IF:8-248,asset1,asset9,false,true,true,true,TankWar_P1|TankWar_P2|TankWar_P3|TankWar_P4|TankWar_P5,TankWar_P1|TankWar_P2|TankWar_P3|TankWar_P4|TankWar_P5,EQUAL,1,1,true,true,false,COMMON_TARGET_DEPENDENCY,TARGET_PRESENT_IN_ALL_PRODUCTS,false,LOW,D693
RC-0230,Missile$$TankWar.treffenErkennen,METHOD,TankManager$$TankWar.brickwall,FIELD,FIELD_REFERENCE,C:\Users\JBNU\git\ConstraintsRecovery\assets\tankwar\asset1:IF:8-128,C:\Users\JBNU\git\ConstraintsRecovery\assets\tankwar\asset9:IF:8-248,asset1,asset9,false,true,true,true,TankWar_P1|TankWar_P2|TankWar_P3|TankWar_P4|TankWar_P5,TankWar_P1|TankWar_P2|TankWar_P3|TankWar_P4|TankWar_P5,EQUAL,1,1,true,true,false,COMMON_TARGET_DEPENDENCY,TARGET_PRESENT_IN_ALL_PRODUCTS,false,LOW,D688
RC-0231,Missile$$TankWar.treffenErkennen,METHOD,TankManager$$TankWar.metalwall,FIELD,FIELD_REFERENCE,C:\Users\JBNU\git\ConstraintsRecovery\assets\tankwar\asset1:IF:8-128,C:\Users\JBNU\git\ConstraintsRecovery\assets\tankwar\asset9:IF:8-248,asset1,asset9,false,true,true,true,TankWar_P1|TankWar_P2|TankWar_P3|TankWar_P4|TankWar_P5,TankWar_P1|TankWar_P2|TankWar_P3|TankWar_P4|TankWar_P5,EQUAL,1,1,true,true,false,COMMON_TARGET_DEPENDENCY,TARGET_PRESENT_IN_ALL_PRODUCTS,false,LOW,D690
RC-0232,Missile$$TankWar.treffenErkennen,METHOD,TankManager$$TankWar.missilesMenge,FIELD,FIELD_REFERENCE,C:\Users\JBNU\git\ConstraintsRecovery\assets\tankwar\asset1:IF:8-128,C:\Users\JBNU\git\ConstraintsRecovery\assets\tankwar\asset9:IF:8-248,asset1,asset9,false,true,true,true,TankWar_P1|TankWar_P2|TankWar_P3|TankWar_P4|TankWar_P5,TankWar_P1|TankWar_P2|TankWar_P3|TankWar_P4|TankWar_P5,EQUAL,3,3,true,true,false,COMMON_TARGET_DEPENDENCY,TARGET_PRESENT_IN_ALL_PRODUCTS,false,LOW,D683
RC-0233,Missile$$TankWar.treffenErkennen,METHOD,TankManager$$TankWar.tankMenge,FIELD,FIELD_REFERENCE,C:\Users\JBNU\git\ConstraintsRecovery\assets\tankwar\asset1:IF:8-128,C:\Users\JBNU\git\ConstraintsRecovery\assets\tankwar\asset9:IF:8-248,asset1,asset9,false,true,true,true,TankWar_P1|TankWar_P2|TankWar_P3|TankWar_P4|TankWar_P5,TankWar_P1|TankWar_P2|TankWar_P3|TankWar_P4|TankWar_P5,EQUAL,3,3,true,true,false,COMMON_TARGET_DEPENDENCY,TARGET_PRESENT_IN_ALL_PRODUCTS,false,LOW,D676
RC-0234,Tool.toolMalen,METHOD,Maler$$fuer_PC.drawImage,METHOD,METHOD_CALL,C:\Users\JBNU\git\ConstraintsRecovery\assets\tankwar\asset20:IF:8-41,C:\Users\JBNU\git\ConstraintsRecovery\assets\tankwar\asset13:IF:8-358,asset20,asset13,false,true,true,true,TankWar_P1|TankWar_P2|TankWar_P3|TankWar_P4|TankWar_P5,TankWar_P1|TankWar_P2|TankWar_P3|TankWar_P4|TankWar_P5,EQUAL,6,6,true,true,false,COMMON_TARGET_DEPENDENCY,TARGET_PRESENT_IN_ALL_PRODUCTS,false,LOW,D763
RC-0235,MalerZeit.MalerZeit,CONSTRUCTOR,MalerZeit.gameManager,FIELD,FIELD_REFERENCE,C:\Users\JBNU\git\ConstraintsRecovery\assets\tankwar\asset21:IF:8-24,C:\Users\JBNU\git\ConstraintsRecovery\assets\tankwar\asset21:IF:8-24,asset21,asset21,true,true,true,false,TankWar_P1|TankWar_P2|TankWar_P3|TankWar_P4|TankWar_P5,TankWar_P1|TankWar_P2|TankWar_P3|TankWar_P4|TankWar_P5,EQUAL,1,1,false,false,false,COMMON_TARGET_DEPENDENCY,TARGET_PRESENT_IN_ALL_PRODUCTS,false,LOW,D769
RC-0236,MalerZeit.run,METHOD,MalerZeit.gameManager,FIELD,FIELD_REFERENCE,C:\Users\JBNU\git\ConstraintsRecovery\assets\tankwar\asset21:IF:8-24,C:\Users\JBNU\git\ConstraintsRecovery\assets\tankwar\asset21:IF:8-24,asset21,asset21,true,true,true,false,TankWar_P1|TankWar_P2|TankWar_P3|TankWar_P4|TankWar_P5,TankWar_P1|TankWar_P2|TankWar_P3|TankWar_P4|TankWar_P5,EQUAL,1,1,false,false,false,COMMON_TARGET_DEPENDENCY,TARGET_PRESENT_IN_ALL_PRODUCTS,false,LOW,D770
RC-0237,GameObject.GameObject,CONSTRUCTOR,GameObject.colorB,FIELD,FIELD_REFERENCE,C:\Users\JBNU\git\ConstraintsRecovery\assets\tankwar\asset22:IF:8-80,C:\Users\JBNU\git\ConstraintsRecovery\assets\tankwar\asset22:IF:8-80,asset22,asset22,true,true,true,false,TankWar_P1|TankWar_P2|TankWar_P3|TankWar_P4|TankWar_P5,TankWar_P1|TankWar_P2|TankWar_P3|TankWar_P4|TankWar_P5,EQUAL,1,1,false,false,false,COMMON_TARGET_DEPENDENCY,TARGET_PRESENT_IN_ALL_PRODUCTS,false,LOW,D774
RC-0238,GameObject.GameObject,CONSTRUCTOR,GameObject.colorG,FIELD,FIELD_REFERENCE,C:\Users\JBNU\git\ConstraintsRecovery\assets\tankwar\asset22:IF:8-80,C:\Users\JBNU\git\ConstraintsRecovery\assets\tankwar\asset22:IF:8-80,asset22,asset22,true,true,true,false,TankWar_P1|TankWar_P2|TankWar_P3|TankWar_P4|TankWar_P5,TankWar_P1|TankWar_P2|TankWar_P3|TankWar_P4|TankWar_P5,EQUAL,1,1,false,false,false,COMMON_TARGET_DEPENDENCY,TARGET_PRESENT_IN_ALL_PRODUCTS,false,LOW,D775
RC-0239,GameObject.GameObject,CONSTRUCTOR,GameObject.colorR,FIELD,FIELD_REFERENCE,C:\Users\JBNU\git\ConstraintsRecovery\assets\tankwar\asset22:IF:8-80,C:\Users\JBNU\git\ConstraintsRecovery\assets\tankwar\asset22:IF:8-80,asset22,asset22,true,true,true,false,TankWar_P1|TankWar_P2|TankWar_P3|TankWar_P4|TankWar_P5,TankWar_P1|TankWar_P2|TankWar_P3|TankWar_P4|TankWar_P5,EQUAL,1,1,false,false,false,COMMON_TARGET_DEPENDENCY,TARGET_PRESENT_IN_ALL_PRODUCTS,false,LOW,D776
RC-0240,GameObject.GameObject,CONSTRUCTOR,GameObject.objHeight,FIELD,FIELD_REFERENCE,C:\Users\JBNU\git\ConstraintsRecovery\assets\tankwar\asset22:IF:8-80,C:\Users\JBNU\git\ConstraintsRecovery\assets\tankwar\asset22:IF:8-80,asset22,asset22,true,true,true,false,TankWar_P1|TankWar_P2|TankWar_P3|TankWar_P4|TankWar_P5,TankWar_P1|TankWar_P2|TankWar_P3|TankWar_P4|TankWar_P5,EQUAL,1,1,false,false,false,COMMON_TARGET_DEPENDENCY,TARGET_PRESENT_IN_ALL_PRODUCTS,false,LOW,D778
RC-0241,GameObject.GameObject,CONSTRUCTOR,GameObject.objWidth,FIELD,FIELD_REFERENCE,C:\Users\JBNU\git\ConstraintsRecovery\assets\tankwar\asset22:IF:8-80,C:\Users\JBNU\git\ConstraintsRecovery\assets\tankwar\asset22:IF:8-80,asset22,asset22,true,true,true,false,TankWar_P1|TankWar_P2|TankWar_P3|TankWar_P4|TankWar_P5,TankWar_P1|TankWar_P2|TankWar_P3|TankWar_P4|TankWar_P5,EQUAL,1,1,false,false,false,COMMON_TARGET_DEPENDENCY,TARGET_PRESENT_IN_ALL_PRODUCTS,false,LOW,D779
RC-0242,GameObject.GameObject,CONSTRUCTOR,GameObject.objectType,FIELD,FIELD_REFERENCE,C:\Users\JBNU\git\ConstraintsRecovery\assets\tankwar\asset22:IF:8-80,C:\Users\JBNU\git\ConstraintsRecovery\assets\tankwar\asset22:IF:8-80,asset22,asset22,true,true,true,false,TankWar_P1|TankWar_P2|TankWar_P3|TankWar_P4|TankWar_P5,TankWar_P1|TankWar_P2|TankWar_P3|TankWar_P4|TankWar_P5,EQUAL,1,1,false,false,false,COMMON_TARGET_DEPENDENCY,TARGET_PRESENT_IN_ALL_PRODUCTS,false,LOW,D777
RC-0243,GameObject.GameObject,CONSTRUCTOR,GameObject.tankManager,FIELD,FIELD_REFERENCE,C:\Users\JBNU\git\ConstraintsRecovery\assets\tankwar\asset22:IF:8-80,C:\Users\JBNU\git\ConstraintsRecovery\assets\tankwar\asset22:IF:8-80,asset22,asset22,true,true,true,false,TankWar_P1|TankWar_P2|TankWar_P3|TankWar_P4|TankWar_P5,TankWar_P1|TankWar_P2|TankWar_P3|TankWar_P4|TankWar_P5,EQUAL,1,1,false,false,false,COMMON_TARGET_DEPENDENCY,TARGET_PRESENT_IN_ALL_PRODUCTS,false,LOW,D771
RC-0244,GameObject.GameObject,CONSTRUCTOR,GameObject.x_Koordinate,FIELD,FIELD_REFERENCE,C:\Users\JBNU\git\ConstraintsRecovery\assets\tankwar\asset22:IF:8-80,C:\Users\JBNU\git\ConstraintsRecovery\assets\tankwar\asset22:IF:8-80,asset22,asset22,true,true,true,false,TankWar_P1|TankWar_P2|TankWar_P3|TankWar_P4|TankWar_P5,TankWar_P1|TankWar_P2|TankWar_P3|TankWar_P4|TankWar_P5,EQUAL,1,1,false,false,false,COMMON_TARGET_DEPENDENCY,TARGET_PRESENT_IN_ALL_PRODUCTS,false,LOW,D772
RC-0245,GameObject.GameObject,CONSTRUCTOR,GameObject.y_Koordinate,FIELD,FIELD_REFERENCE,C:\Users\JBNU\git\ConstraintsRecovery\assets\tankwar\asset22:IF:8-80,C:\Users\JBNU\git\ConstraintsRecovery\assets\tankwar\asset22:IF:8-80,asset22,asset22,true,true,true,false,TankWar_P1|TankWar_P2|TankWar_P3|TankWar_P4|TankWar_P5,TankWar_P1|TankWar_P2|TankWar_P3|TankWar_P4|TankWar_P5,EQUAL,1,1,false,false,false,COMMON_TARGET_DEPENDENCY,TARGET_PRESENT_IN_ALL_PRODUCTS,false,LOW,D773
RC-0246,GameObject.init,METHOD,GameObject.colorB,FIELD,FIELD_REFERENCE,C:\Users\JBNU\git\ConstraintsRecovery\assets\tankwar\asset22:IF:8-80,C:\Users\JBNU\git\ConstraintsRecovery\assets\tankwar\asset22:IF:8-80,asset22,asset22,true,true,true,false,TankWar_P1|TankWar_P2|TankWar_P3|TankWar_P4|TankWar_P5,TankWar_P1|TankWar_P2|TankWar_P3|TankWar_P4|TankWar_P5,EQUAL,1,1,false,false,false,COMMON_TARGET_DEPENDENCY,TARGET_PRESENT_IN_ALL_PRODUCTS,false,LOW,D785
RC-0247,GameObject.init,METHOD,GameObject.colorG,FIELD,FIELD_REFERENCE,C:\Users\JBNU\git\ConstraintsRecovery\assets\tankwar\asset22:IF:8-80,C:\Users\JBNU\git\ConstraintsRecovery\assets\tankwar\asset22:IF:8-80,asset22,asset22,true,true,true,false,TankWar_P1|TankWar_P2|TankWar_P3|TankWar_P4|TankWar_P5,TankWar_P1|TankWar_P2|TankWar_P3|TankWar_P4|TankWar_P5,EQUAL,1,1,false,false,false,COMMON_TARGET_DEPENDENCY,TARGET_PRESENT_IN_ALL_PRODUCTS,false,LOW,D784
RC-0248,GameObject.init,METHOD,GameObject.colorR,FIELD,FIELD_REFERENCE,C:\Users\JBNU\git\ConstraintsRecovery\assets\tankwar\asset22:IF:8-80,C:\Users\JBNU\git\ConstraintsRecovery\assets\tankwar\asset22:IF:8-80,asset22,asset22,true,true,true,false,TankWar_P1|TankWar_P2|TankWar_P3|TankWar_P4|TankWar_P5,TankWar_P1|TankWar_P2|TankWar_P3|TankWar_P4|TankWar_P5,EQUAL,1,1,false,false,false,COMMON_TARGET_DEPENDENCY,TARGET_PRESENT_IN_ALL_PRODUCTS,false,LOW,D783
RC-0249,GameObject.init,METHOD,GameObject.objHeight,FIELD,FIELD_REFERENCE,C:\Users\JBNU\git\ConstraintsRecovery\assets\tankwar\asset22:IF:8-80,C:\Users\JBNU\git\ConstraintsRecovery\assets\tankwar\asset22:IF:8-80,asset22,asset22,true,true,true,false,TankWar_P1|TankWar_P2|TankWar_P3|TankWar_P4|TankWar_P5,TankWar_P1|TankWar_P2|TankWar_P3|TankWar_P4|TankWar_P5,EQUAL,2,2,false,false,false,COMMON_TARGET_DEPENDENCY,TARGET_PRESENT_IN_ALL_PRODUCTS,false,LOW,D787
RC-0250,GameObject.init,METHOD,GameObject.objHeight_Koe,FIELD,FIELD_REFERENCE,C:\Users\JBNU\git\ConstraintsRecovery\assets\tankwar\asset22:IF:8-80,C:\Users\JBNU\git\ConstraintsRecovery\assets\tankwar\asset22:IF:8-80,asset22,asset22,true,true,true,false,TankWar_P1|TankWar_P2|TankWar_P3|TankWar_P4|TankWar_P5,TankWar_P1|TankWar_P2|TankWar_P3|TankWar_P4|TankWar_P5,EQUAL,1,1,false,false,false,COMMON_TARGET_DEPENDENCY,TARGET_PRESENT_IN_ALL_PRODUCTS,false,LOW,D794
RC-0251,GameObject.init,METHOD,GameObject.objWidth,FIELD,FIELD_REFERENCE,C:\Users\JBNU\git\ConstraintsRecovery\assets\tankwar\asset22:IF:8-80,C:\Users\JBNU\git\ConstraintsRecovery\assets\tankwar\asset22:IF:8-80,asset22,asset22,true,true,true,false,TankWar_P1|TankWar_P2|TankWar_P3|TankWar_P4|TankWar_P5,TankWar_P1|TankWar_P2|TankWar_P3|TankWar_P4|TankWar_P5,EQUAL,2,2,false,false,false,COMMON_TARGET_DEPENDENCY,TARGET_PRESENT_IN_ALL_PRODUCTS,false,LOW,D786
RC-0252,GameObject.init,METHOD,GameObject.objWidth_Koe,FIELD,FIELD_REFERENCE,C:\Users\JBNU\git\ConstraintsRecovery\assets\tankwar\asset22:IF:8-80,C:\Users\JBNU\git\ConstraintsRecovery\assets\tankwar\asset22:IF:8-80,asset22,asset22,true,true,true,false,TankWar_P1|TankWar_P2|TankWar_P3|TankWar_P4|TankWar_P5,TankWar_P1|TankWar_P2|TankWar_P3|TankWar_P4|TankWar_P5,EQUAL,1,1,false,false,false,COMMON_TARGET_DEPENDENCY,TARGET_PRESENT_IN_ALL_PRODUCTS,false,LOW,D790
RC-0253,GameObject.init,METHOD,GameObject.objectType,FIELD,FIELD_REFERENCE,C:\Users\JBNU\git\ConstraintsRecovery\assets\tankwar\asset22:IF:8-80,C:\Users\JBNU\git\ConstraintsRecovery\assets\tankwar\asset22:IF:8-80,asset22,asset22,true,true,true,false,TankWar_P1|TankWar_P2|TankWar_P3|TankWar_P4|TankWar_P5,TankWar_P1|TankWar_P2|TankWar_P3|TankWar_P4|TankWar_P5,EQUAL,1,1,false,false,false,COMMON_TARGET_DEPENDENCY,TARGET_PRESENT_IN_ALL_PRODUCTS,false,LOW,D796
RC-0254,GameObject.init,METHOD,GameObject.tankManager,FIELD,FIELD_REFERENCE,C:\Users\JBNU\git\ConstraintsRecovery\assets\tankwar\asset22:IF:8-80,C:\Users\JBNU\git\ConstraintsRecovery\assets\tankwar\asset22:IF:8-80,asset22,asset22,true,true,true,false,TankWar_P1|TankWar_P2|TankWar_P3|TankWar_P4|TankWar_P5,TankWar_P1|TankWar_P2|TankWar_P3|TankWar_P4|TankWar_P5,EQUAL,3,3,false,false,false,COMMON_TARGET_DEPENDENCY,TARGET_PRESENT_IN_ALL_PRODUCTS,false,LOW,D780
RC-0255,GameObject.init,METHOD,GameObject.x_Koordinate,FIELD,FIELD_REFERENCE,C:\Users\JBNU\git\ConstraintsRecovery\assets\tankwar\asset22:IF:8-80,C:\Users\JBNU\git\ConstraintsRecovery\assets\tankwar\asset22:IF:8-80,asset22,asset22,true,true,true,false,TankWar_P1|TankWar_P2|TankWar_P3|TankWar_P4|TankWar_P5,TankWar_P1|TankWar_P2|TankWar_P3|TankWar_P4|TankWar_P5,EQUAL,1,1,false,false,false,COMMON_TARGET_DEPENDENCY,TARGET_PRESENT_IN_ALL_PRODUCTS,false,LOW,D781
RC-0256,GameObject.init,METHOD,GameObject.y_Koordinate,FIELD,FIELD_REFERENCE,C:\Users\JBNU\git\ConstraintsRecovery\assets\tankwar\asset22:IF:8-80,C:\Users\JBNU\git\ConstraintsRecovery\assets\tankwar\asset22:IF:8-80,asset22,asset22,true,true,true,false,TankWar_P1|TankWar_P2|TankWar_P3|TankWar_P4|TankWar_P5,TankWar_P1|TankWar_P2|TankWar_P3|TankWar_P4|TankWar_P5,EQUAL,1,1,false,false,false,COMMON_TARGET_DEPENDENCY,TARGET_PRESENT_IN_ALL_PRODUCTS,false,LOW,D782
RC-0257,GameObject.malen,METHOD,GameObject.colorB,FIELD,FIELD_REFERENCE,C:\Users\JBNU\git\ConstraintsRecovery\assets\tankwar\asset22:IF:8-80,C:\Users\JBNU\git\ConstraintsRecovery\assets\tankwar\asset22:IF:8-80,asset22,asset22,true,true,true,false,TankWar_P1|TankWar_P2|TankWar_P3|TankWar_P4|TankWar_P5,TankWar_P1|TankWar_P2|TankWar_P3|TankWar_P4|TankWar_P5,EQUAL,1,1,false,false,false,COMMON_TARGET_DEPENDENCY,TARGET_PRESENT_IN_ALL_PRODUCTS,false,LOW,D798
RC-0258,GameObject.malen,METHOD,GameObject.colorG,FIELD,FIELD_REFERENCE,C:\Users\JBNU\git\ConstraintsRecovery\assets\tankwar\asset22:IF:8-80,C:\Users\JBNU\git\ConstraintsRecovery\assets\tankwar\asset22:IF:8-80,asset22,asset22,true,true,true,false,TankWar_P1|TankWar_P2|TankWar_P3|TankWar_P4|TankWar_P5,TankWar_P1|TankWar_P2|TankWar_P3|TankWar_P4|TankWar_P5,EQUAL,1,1,false,false,false,COMMON_TARGET_DEPENDENCY,TARGET_PRESENT_IN_ALL_PRODUCTS,false,LOW,D799
RC-0259,GameObject.malen,METHOD,GameObject.colorR,FIELD,FIELD_REFERENCE,C:\Users\JBNU\git\ConstraintsRecovery\assets\tankwar\asset22:IF:8-80,C:\Users\JBNU\git\ConstraintsRecovery\assets\tankwar\asset22:IF:8-80,asset22,asset22,true,true,true,false,TankWar_P1|TankWar_P2|TankWar_P3|TankWar_P4|TankWar_P5,TankWar_P1|TankWar_P2|TankWar_P3|TankWar_P4|TankWar_P5,EQUAL,1,1,false,false,false,COMMON_TARGET_DEPENDENCY,TARGET_PRESENT_IN_ALL_PRODUCTS,false,LOW,D800
RC-0260,GameObject.malen,METHOD,GameObject.objHeight,FIELD,FIELD_REFERENCE,C:\Users\JBNU\git\ConstraintsRecovery\assets\tankwar\asset22:IF:8-80,C:\Users\JBNU\git\ConstraintsRecovery\assets\tankwar\asset22:IF:8-80,asset22,asset22,true,true,true,false,TankWar_P1|TankWar_P2|TankWar_P3|TankWar_P4|TankWar_P5,TankWar_P1|TankWar_P2|TankWar_P3|TankWar_P4|TankWar_P5,EQUAL,1,1,false,false,false,COMMON_TARGET_DEPENDENCY,TARGET_PRESENT_IN_ALL_PRODUCTS,false,LOW,D805
RC-0261,GameObject.malen,METHOD,GameObject.objWidth,FIELD,FIELD_REFERENCE,C:\Users\JBNU\git\ConstraintsRecovery\assets\tankwar\asset22:IF:8-80,C:\Users\JBNU\git\ConstraintsRecovery\assets\tankwar\asset22:IF:8-80,asset22,asset22,true,true,true,false,TankWar_P1|TankWar_P2|TankWar_P3|TankWar_P4|TankWar_P5,TankWar_P1|TankWar_P2|TankWar_P3|TankWar_P4|TankWar_P5,EQUAL,1,1,false,false,false,COMMON_TARGET_DEPENDENCY,TARGET_PRESENT_IN_ALL_PRODUCTS,false,LOW,D806
RC-0262,GameObject.malen,METHOD,GameObject.tankManager,FIELD,FIELD_REFERENCE,C:\Users\JBNU\git\ConstraintsRecovery\assets\tankwar\asset22:IF:8-80,C:\Users\JBNU\git\ConstraintsRecovery\assets\tankwar\asset22:IF:8-80,asset22,asset22,true,true,true,false,TankWar_P1|TankWar_P2|TankWar_P3|TankWar_P4|TankWar_P5,TankWar_P1|TankWar_P2|TankWar_P3|TankWar_P4|TankWar_P5,EQUAL,2,2,false,false,false,COMMON_TARGET_DEPENDENCY,TARGET_PRESENT_IN_ALL_PRODUCTS,false,LOW,D797
RC-0263,GameObject.malen,METHOD,GameObject.x_Koordinate,FIELD,FIELD_REFERENCE,C:\Users\JBNU\git\ConstraintsRecovery\assets\tankwar\asset22:IF:8-80,C:\Users\JBNU\git\ConstraintsRecovery\assets\tankwar\asset22:IF:8-80,asset22,asset22,true,true,true,false,TankWar_P1|TankWar_P2|TankWar_P3|TankWar_P4|TankWar_P5,TankWar_P1|TankWar_P2|TankWar_P3|TankWar_P4|TankWar_P5,EQUAL,1,1,false,false,false,COMMON_TARGET_DEPENDENCY,TARGET_PRESENT_IN_ALL_PRODUCTS,false,LOW,D803
RC-0264,GameObject.malen,METHOD,GameObject.y_Koordinate,FIELD,FIELD_REFERENCE,C:\Users\JBNU\git\ConstraintsRecovery\assets\tankwar\asset22:IF:8-80,C:\Users\JBNU\git\ConstraintsRecovery\assets\tankwar\asset22:IF:8-80,asset22,asset22,true,true,true,false,TankWar_P1|TankWar_P2|TankWar_P3|TankWar_P4|TankWar_P5,TankWar_P1|TankWar_P2|TankWar_P3|TankWar_P4|TankWar_P5,EQUAL,1,1,false,false,false,COMMON_TARGET_DEPENDENCY,TARGET_PRESENT_IN_ALL_PRODUCTS,false,LOW,D804
RC-0265,GameObject.stossenGegen,METHOD,GameObject.objHeight,FIELD,FIELD_REFERENCE,C:\Users\JBNU\git\ConstraintsRecovery\assets\tankwar\asset22:IF:8-80,C:\Users\JBNU\git\ConstraintsRecovery\assets\tankwar\asset22:IF:8-80,asset22,asset22,true,true,true,false,TankWar_P1|TankWar_P2|TankWar_P3|TankWar_P4|TankWar_P5,TankWar_P1|TankWar_P2|TankWar_P3|TankWar_P4|TankWar_P5,EQUAL,1,1,false,false,false,COMMON_TARGET_DEPENDENCY,TARGET_PRESENT_IN_ALL_PRODUCTS,false,LOW,D814
RC-0266,GameObject.stossenGegen,METHOD,GameObject.objHeight_Koe,FIELD,FIELD_REFERENCE,C:\Users\JBNU\git\ConstraintsRecovery\assets\tankwar\asset22:IF:8-80,C:\Users\JBNU\git\ConstraintsRecovery\assets\tankwar\asset22:IF:8-80,asset22,asset22,true,true,true,false,TankWar_P1|TankWar_P2|TankWar_P3|TankWar_P4|TankWar_P5,TankWar_P1|TankWar_P2|TankWar_P3|TankWar_P4|TankWar_P5,EQUAL,1,1,false,false,false,COMMON_TARGET_DEPENDENCY,TARGET_PRESENT_IN_ALL_PRODUCTS,false,LOW,D810
RC-0267,GameObject.stossenGegen,METHOD,GameObject.objWidth,FIELD,FIELD_REFERENCE,C:\Users\JBNU\git\ConstraintsRecovery\assets\tankwar\asset22:IF:8-80,C:\Users\JBNU\git\ConstraintsRecovery\assets\tankwar\asset22:IF:8-80,asset22,asset22,true,true,true,false,TankWar_P1|TankWar_P2|TankWar_P3|TankWar_P4|TankWar_P5,TankWar_P1|TankWar_P2|TankWar_P3|TankWar_P4|TankWar_P5,EQUAL,1,1,false,false,false,COMMON_TARGET_DEPENDENCY,TARGET_PRESENT_IN_ALL_PRODUCTS,false,LOW,D815
RC-0268,GameObject.stossenGegen,METHOD,GameObject.objWidth_Koe,FIELD,FIELD_REFERENCE,C:\Users\JBNU\git\ConstraintsRecovery\assets\tankwar\asset22:IF:8-80,C:\Users\JBNU\git\ConstraintsRecovery\assets\tankwar\asset22:IF:8-80,asset22,asset22,true,true,true,false,TankWar_P1|TankWar_P2|TankWar_P3|TankWar_P4|TankWar_P5,TankWar_P1|TankWar_P2|TankWar_P3|TankWar_P4|TankWar_P5,EQUAL,1,1,false,false,false,COMMON_TARGET_DEPENDENCY,TARGET_PRESENT_IN_ALL_PRODUCTS,false,LOW,D811
RC-0269,GameObject.stossenGegen,METHOD,GameObject.x_Koe,FIELD,FIELD_REFERENCE,C:\Users\JBNU\git\ConstraintsRecovery\assets\tankwar\asset22:IF:8-80,C:\Users\JBNU\git\ConstraintsRecovery\assets\tankwar\asset22:IF:8-80,asset22,asset22,true,true,true,false,TankWar_P1|TankWar_P2|TankWar_P3|TankWar_P4|TankWar_P5,TankWar_P1|TankWar_P2|TankWar_P3|TankWar_P4|TankWar_P5,EQUAL,1,1,false,false,false,COMMON_TARGET_DEPENDENCY,TARGET_PRESENT_IN_ALL_PRODUCTS,false,LOW,D808
RC-0270,GameObject.stossenGegen,METHOD,GameObject.x_Koordinate,FIELD,FIELD_REFERENCE,C:\Users\JBNU\git\ConstraintsRecovery\assets\tankwar\asset22:IF:8-80,C:\Users\JBNU\git\ConstraintsRecovery\assets\tankwar\asset22:IF:8-80,asset22,asset22,true,true,true,false,TankWar_P1|TankWar_P2|TankWar_P3|TankWar_P4|TankWar_P5,TankWar_P1|TankWar_P2|TankWar_P3|TankWar_P4|TankWar_P5,EQUAL,1,1,false,false,false,COMMON_TARGET_DEPENDENCY,TARGET_PRESENT_IN_ALL_PRODUCTS,false,LOW,D812
RC-0271,GameObject.stossenGegen,METHOD,GameObject.y_Koe,FIELD,FIELD_REFERENCE,C:\Users\JBNU\git\ConstraintsRecovery\assets\tankwar\asset22:IF:8-80,C:\Users\JBNU\git\ConstraintsRecovery\assets\tankwar\asset22:IF:8-80,asset22,asset22,true,true,true,false,TankWar_P1|TankWar_P2|TankWar_P3|TankWar_P4|TankWar_P5,TankWar_P1|TankWar_P2|TankWar_P3|TankWar_P4|TankWar_P5,EQUAL,1,1,false,false,false,COMMON_TARGET_DEPENDENCY,TARGET_PRESENT_IN_ALL_PRODUCTS,false,LOW,D809
RC-0272,GameObject.stossenGegen,METHOD,GameObject.y_Koordinate,FIELD,FIELD_REFERENCE,C:\Users\JBNU\git\ConstraintsRecovery\assets\tankwar\asset22:IF:8-80,C:\Users\JBNU\git\ConstraintsRecovery\assets\tankwar\asset22:IF:8-80,asset22,asset22,true,true,true,false,TankWar_P1|TankWar_P2|TankWar_P3|TankWar_P4|TankWar_P5,TankWar_P1|TankWar_P2|TankWar_P3|TankWar_P4|TankWar_P5,EQUAL,1,1,false,false,false,COMMON_TARGET_DEPENDENCY,TARGET_PRESENT_IN_ALL_PRODUCTS,false,LOW,D813
RC-0273,GameObject.malen,METHOD,Maler$$PC.fillRect,METHOD,METHOD_CALL,C:\Users\JBNU\git\ConstraintsRecovery\assets\tankwar\asset22:IF:8-80,C:\Users\JBNU\git\ConstraintsRecovery\assets\tankwar\asset2:IF:8-332,asset22,asset2,false,true,true,true,TankWar_P1|TankWar_P2|TankWar_P3|TankWar_P4|TankWar_P5,TankWar_P1|TankWar_P2|TankWar_P3|TankWar_P4|TankWar_P5,EQUAL,1,1,true,true,false,COMMON_TARGET_DEPENDENCY,TARGET_PRESENT_IN_ALL_PRODUCTS,false,LOW,D807
RC-0274,GameObject.malen,METHOD,Maler$$PC.setColor,METHOD,METHOD_CALL,C:\Users\JBNU\git\ConstraintsRecovery\assets\tankwar\asset22:IF:8-80,C:\Users\JBNU\git\ConstraintsRecovery\assets\tankwar\asset2:IF:8-332,asset22,asset2,false,true,true,true,TankWar_P1|TankWar_P2|TankWar_P3|TankWar_P4|TankWar_P5,TankWar_P1|TankWar_P2|TankWar_P3|TankWar_P4|TankWar_P5,EQUAL,1,1,true,true,false,COMMON_TARGET_DEPENDENCY,TARGET_PRESENT_IN_ALL_PRODUCTS,false,LOW,D801
RC-0275,GameObject.init,METHOD,TankManager$$TankWar.koernigkeit2,FIELD,FIELD_REFERENCE,C:\Users\JBNU\git\ConstraintsRecovery\assets\tankwar\asset22:IF:8-80,C:\Users\JBNU\git\ConstraintsRecovery\assets\tankwar\asset9:IF:8-248,asset22,asset9,false,true,true,true,TankWar_P1|TankWar_P2|TankWar_P3|TankWar_P4|TankWar_P5,TankWar_P1|TankWar_P2|TankWar_P3|TankWar_P4|TankWar_P5,EQUAL,2,2,true,true,false,COMMON_TARGET_DEPENDENCY,TARGET_PRESENT_IN_ALL_PRODUCTS,false,LOW,D791
RC-0276,Maler$$Re_fuer_PC.nameVergeben,METHOD,Menu.Menu,CONSTRUCTOR,CONSTRUCTOR_CALL,C:\Users\JBNU\git\ConstraintsRecovery\assets\tankwar\asset23:IF:7-99,C:\Users\JBNU\git\ConstraintsRecovery\assets\tankwar\asset15:IF:8-281,asset23,asset15,false,true,true,true,TankWar_P1|TankWar_P3|TankWar_P4|TankWar_P5,TankWar_P1|TankWar_P2|TankWar_P3|TankWar_P4|TankWar_P5,SOURCE_PROPER_SUBSET_OF_TARGET,1,1,true,true,false,COMMON_TARGET_DEPENDENCY,TARGET_PRESENT_IN_ALL_PRODUCTS,false,LOW,D823
RC-0277,Maler$$Re_fuer_PC.nameVergeben,METHOD,Menu.erscheinen,METHOD,METHOD_CALL,C:\Users\JBNU\git\ConstraintsRecovery\assets\tankwar\asset23:IF:7-99,C:\Users\JBNU\git\ConstraintsRecovery\assets\tankwar\asset15:IF:8-281,asset23,asset15,false,true,true,true,TankWar_P1|TankWar_P3|TankWar_P4|TankWar_P5,TankWar_P1|TankWar_P2|TankWar_P3|TankWar_P4|TankWar_P5,SOURCE_PROPER_SUBSET_OF_TARGET,1,1,true,true,false,COMMON_TARGET_DEPENDENCY,TARGET_PRESENT_IN_ALL_PRODUCTS,false,LOW,D834
RC-0278,Maler$$Re_fuer_PC.nameVergeben,METHOD,Menu.setKoordinateImage,METHOD,METHOD_CALL,C:\Users\JBNU\git\ConstraintsRecovery\assets\tankwar\asset23:IF:7-99,C:\Users\JBNU\git\ConstraintsRecovery\assets\tankwar\asset15:IF:8-281,asset23,asset15,false,true,true,true,TankWar_P1|TankWar_P3|TankWar_P4|TankWar_P5,TankWar_P1|TankWar_P2|TankWar_P3|TankWar_P4|TankWar_P5,SOURCE_PROPER_SUBSET_OF_TARGET,1,1,true,true,false,COMMON_TARGET_DEPENDENCY,TARGET_PRESENT_IN_ALL_PRODUCTS,false,LOW,D824
RC-0279,Maler$$Re_fuer_PC.note,METHOD,Menu.Menu,CONSTRUCTOR,CONSTRUCTOR_CALL,C:\Users\JBNU\git\ConstraintsRecovery\assets\tankwar\asset23:IF:7-99,C:\Users\JBNU\git\ConstraintsRecovery\assets\tankwar\asset15:IF:8-281,asset23,asset15,false,true,true,true,TankWar_P1|TankWar_P3|TankWar_P4|TankWar_P5,TankWar_P1|TankWar_P2|TankWar_P3|TankWar_P4|TankWar_P5,SOURCE_PROPER_SUBSET_OF_TARGET,1,1,true,true,false,COMMON_TARGET_DEPENDENCY,TARGET_PRESENT_IN_ALL_PRODUCTS,false,LOW,D816
RC-0280,Maler$$Re_fuer_PC.note,METHOD,Menu.erscheinen,METHOD,METHOD_CALL,C:\Users\JBNU\git\ConstraintsRecovery\assets\tankwar\asset23:IF:7-99,C:\Users\JBNU\git\ConstraintsRecovery\assets\tankwar\asset15:IF:8-281,asset23,asset15,false,true,true,true,TankWar_P1|TankWar_P3|TankWar_P4|TankWar_P5,TankWar_P1|TankWar_P2|TankWar_P3|TankWar_P4|TankWar_P5,SOURCE_PROPER_SUBSET_OF_TARGET,1,1,true,true,false,COMMON_TARGET_DEPENDENCY,TARGET_PRESENT_IN_ALL_PRODUCTS,false,LOW,D822
RC-0281,Maler$$Re_fuer_PC.note,METHOD,Menu.setKoordinateImage,METHOD,METHOD_CALL,C:\Users\JBNU\git\ConstraintsRecovery\assets\tankwar\asset23:IF:7-99,C:\Users\JBNU\git\ConstraintsRecovery\assets\tankwar\asset15:IF:8-281,asset23,asset15,false,true,true,true,TankWar_P1|TankWar_P3|TankWar_P4|TankWar_P5,TankWar_P1|TankWar_P2|TankWar_P3|TankWar_P4|TankWar_P5,SOURCE_PROPER_SUBSET_OF_TARGET,1,1,true,true,false,COMMON_TARGET_DEPENDENCY,TARGET_PRESENT_IN_ALL_PRODUCTS,false,LOW,D817
RC-0282,Maler$$Re_fuer_PC.note,METHOD,Menu.setWaehlbar,METHOD,METHOD_CALL,C:\Users\JBNU\git\ConstraintsRecovery\assets\tankwar\asset23:IF:7-99,C:\Users\JBNU\git\ConstraintsRecovery\assets\tankwar\asset15:IF:8-281,asset23,asset15,false,true,true,true,TankWar_P1|TankWar_P3|TankWar_P4|TankWar_P5,TankWar_P1|TankWar_P2|TankWar_P3|TankWar_P4|TankWar_P5,SOURCE_PROPER_SUBSET_OF_TARGET,1,1,true,true,false,COMMON_TARGET_DEPENDENCY,TARGET_PRESENT_IN_ALL_PRODUCTS,false,LOW,D819
RC-0283,Maler$$Re_fuer_PC.note,METHOD,Menu.setZeileAbstand,METHOD,METHOD_CALL,C:\Users\JBNU\git\ConstraintsRecovery\assets\tankwar\asset23:IF:7-99,C:\Users\JBNU\git\ConstraintsRecovery\assets\tankwar\asset15:IF:8-281,asset23,asset15,false,true,true,true,TankWar_P1|TankWar_P3|TankWar_P4|TankWar_P5,TankWar_P1|TankWar_P2|TankWar_P3|TankWar_P4|TankWar_P5,SOURCE_PROPER_SUBSET_OF_TARGET,1,1,true,true,false,COMMON_TARGET_DEPENDENCY,TARGET_PRESENT_IN_ALL_PRODUCTS,false,LOW,D818
RC-0284,Maler$$Re_fuer_PC.menuBehandeln,METHOD,Maler$$Re_fuer_PC.name,FIELD,FIELD_REFERENCE,C:\Users\JBNU\git\ConstraintsRecovery\assets\tankwar\asset23:IF:7-99,C:\Users\JBNU\git\ConstraintsRecovery\assets\tankwar\asset23:IF:7-99,asset23,asset23,true,true,true,false,TankWar_P1|TankWar_P3|TankWar_P4|TankWar_P5,TankWar_P1|TankWar_P3|TankWar_P4|TankWar_P5,EQUAL,1,1,false,false,false,INTRA_ASSET_ROOT_DEPENDENCY,SAME_ASSET_ROOT_CONTEXT,false,LOW,D836
RC-0285,Maler$$Re_fuer_PC.menuBehandeln,METHOD,Maler$$Re_fuer_PC.textField,FIELD,FIELD_REFERENCE,C:\Users\JBNU\git\ConstraintsRecovery\assets\tankwar\asset23:IF:7-99,C:\Users\JBNU\git\ConstraintsRecovery\assets\tankwar\asset23:IF:7-99,asset23,asset23,true,true,true,false,TankWar_P1|TankWar_P3|TankWar_P4|TankWar_P5,TankWar_P1|TankWar_P3|TankWar_P4|TankWar_P5,EQUAL,2,2,false,false,false,INTRA_ASSET_ROOT_DEPENDENCY,SAME_ASSET_ROOT_CONTEXT,false,LOW,D835
RC-0286,Maler$$Re_fuer_PC.nameVergeben,METHOD,Maler$$Re_fuer_PC.textField,FIELD,FIELD_REFERENCE,C:\Users\JBNU\git\ConstraintsRecovery\assets\tankwar\asset23:IF:7-99,C:\Users\JBNU\git\ConstraintsRecovery\assets\tankwar\asset23:IF:7-99,asset23,asset23,true,true,true,false,TankWar_P1|TankWar_P3|TankWar_P4|TankWar_P5,TankWar_P1|TankWar_P3|TankWar_P4|TankWar_P5,EQUAL,9,9,false,false,false,INTRA_ASSET_ROOT_DEPENDENCY,SAME_ASSET_ROOT_CONTEXT,false,LOW,D825
RC-0287,Maler$$Re_fuer_PC.note,METHOD,Maler$$Re_fuer_PC.name,FIELD,FIELD_REFERENCE,C:\Users\JBNU\git\ConstraintsRecovery\assets\tankwar\asset23:IF:7-99,C:\Users\JBNU\git\ConstraintsRecovery\assets\tankwar\asset23:IF:7-99,asset23,asset23,true,true,true,false,TankWar_P1|TankWar_P3|TankWar_P4|TankWar_P5,TankWar_P1|TankWar_P3|TankWar_P4|TankWar_P5,EQUAL,1,1,false,false,false,INTRA_ASSET_ROOT_DEPENDENCY,SAME_ASSET_ROOT_CONTEXT,false,LOW,D820
RC-0288,Maler$$Re_fuer_PC.note,METHOD,Note.note,FIELD,FIELD_REFERENCE,C:\Users\JBNU\git\ConstraintsRecovery\assets\tankwar\asset23:IF:7-99,C:\Users\JBNU\git\ConstraintsRecovery\assets\tankwar\asset24:IF:7-24,asset23,asset24,false,true,true,true,TankWar_P1|TankWar_P3|TankWar_P4|TankWar_P5,TankWar_P1|TankWar_P3|TankWar_P4|TankWar_P5,EQUAL,1,1,true,true,false,SAME_SIGNATURE_DIRECTED_DEPENDENCY,DIRECTION_NOT_IDENTIFIABLE,false,LOW,D821
RC-0289,Note.Note,CONSTRUCTOR,Note.name,FIELD,FIELD_REFERENCE,C:\Users\JBNU\git\ConstraintsRecovery\assets\tankwar\asset24:IF:7-24,C:\Users\JBNU\git\ConstraintsRecovery\assets\tankwar\asset24:IF:7-24,asset24,asset24,true,true,true,false,TankWar_P1|TankWar_P3|TankWar_P4|TankWar_P5,TankWar_P1|TankWar_P3|TankWar_P4|TankWar_P5,EQUAL,5,5,false,false,false,INTRA_ASSET_ROOT_DEPENDENCY,SAME_ASSET_ROOT_CONTEXT,false,LOW,D838
RC-0290,Note.Note,CONSTRUCTOR,Note.note,FIELD,FIELD_REFERENCE,C:\Users\JBNU\git\ConstraintsRecovery\assets\tankwar\asset24:IF:7-24,C:\Users\JBNU\git\ConstraintsRecovery\assets\tankwar\asset24:IF:7-24,asset24,asset24,true,true,true,false,TankWar_P1|TankWar_P3|TankWar_P4|TankWar_P5,TankWar_P1|TankWar_P3|TankWar_P4|TankWar_P5,EQUAL,1,1,false,false,false,INTRA_ASSET_ROOT_DEPENDENCY,SAME_ASSET_ROOT_CONTEXT,false,LOW,D843
RC-0291,GameManager,INTERFACE,GameManager$$TankWar,INTERFACE,EXTENDS,C:\Users\JBNU\git\ConstraintsRecovery\assets\tankwar\asset25:IF:7-10,C:\Users\JBNU\git\ConstraintsRecovery\assets\tankwar\asset18:IF:9-10,asset25,asset18,false,true,false,true,TankWar_P1|TankWar_P3|TankWar_P4|TankWar_P5,TankWar_P1|TankWar_P3|TankWar_P4|TankWar_P5,EQUAL,1,1,true,false,false,INVALID_DEPENDENCY_KIND,INVALID_DEPENDENCY_KIND,false,LOW,D844
RC-0292,Record.writeNote,METHOD,Note.Note,CONSTRUCTOR,CONSTRUCTOR_CALL,C:\Users\JBNU\git\ConstraintsRecovery\assets\tankwar\asset27:IF:7-116,C:\Users\JBNU\git\ConstraintsRecovery\assets\tankwar\asset24:IF:7-24,asset27,asset24,false,true,true,true,TankWar_P1|TankWar_P3|TankWar_P4|TankWar_P5,TankWar_P1|TankWar_P3|TankWar_P4|TankWar_P5,EQUAL,1,1,true,true,false,SAME_SIGNATURE_DIRECTED_DEPENDENCY,DIRECTION_NOT_IDENTIFIABLE,false,LOW,D853
RC-0293,Record.writeNote,METHOD,Note.note,FIELD,FIELD_REFERENCE,C:\Users\JBNU\git\ConstraintsRecovery\assets\tankwar\asset27:IF:7-116,C:\Users\JBNU\git\ConstraintsRecovery\assets\tankwar\asset24:IF:7-24,asset27,asset24,false,true,true,true,TankWar_P1|TankWar_P3|TankWar_P4|TankWar_P5,TankWar_P1|TankWar_P3|TankWar_P4|TankWar_P5,EQUAL,1,1,true,true,false,SAME_SIGNATURE_DIRECTED_DEPENDENCY,DIRECTION_NOT_IDENTIFIABLE,false,LOW,D858
RC-0294,Record.readNote,METHOD,Record.filename,FIELD,FIELD_REFERENCE,C:\Users\JBNU\git\ConstraintsRecovery\assets\tankwar\asset27:IF:7-116,C:\Users\JBNU\git\ConstraintsRecovery\assets\tankwar\asset27:IF:7-116,asset27,asset27,true,true,true,false,TankWar_P1|TankWar_P3|TankWar_P4|TankWar_P5,TankWar_P1|TankWar_P3|TankWar_P4|TankWar_P5,EQUAL,3,3,false,false,false,INTRA_ASSET_ROOT_DEPENDENCY,SAME_ASSET_ROOT_CONTEXT,false,LOW,D862
RC-0295,Record.readNote,METHOD,Record.in,FIELD,FIELD_REFERENCE,C:\Users\JBNU\git\ConstraintsRecovery\assets\tankwar\asset27:IF:7-116,C:\Users\JBNU\git\ConstraintsRecovery\assets\tankwar\asset27:IF:7-116,asset27,asset27,true,true,true,false,TankWar_P1|TankWar_P3|TankWar_P4|TankWar_P5,TankWar_P1|TankWar_P3|TankWar_P4|TankWar_P5,EQUAL,3,3,false,false,false,INTRA_ASSET_ROOT_DEPENDENCY,SAME_ASSET_ROOT_CONTEXT,false,LOW,D861
RC-0296,Record.readNote,METHOD,Record.out,FIELD,FIELD_REFERENCE,C:\Users\JBNU\git\ConstraintsRecovery\assets\tankwar\asset27:IF:7-116,C:\Users\JBNU\git\ConstraintsRecovery\assets\tankwar\asset27:IF:7-116,asset27,asset27,true,true,true,false,TankWar_P1|TankWar_P3|TankWar_P4|TankWar_P5,TankWar_P1|TankWar_P3|TankWar_P4|TankWar_P5,EQUAL,2,2,false,false,false,INTRA_ASSET_ROOT_DEPENDENCY,SAME_ASSET_ROOT_CONTEXT,false,LOW,D863
RC-0297,Record.writeNote,METHOD,Record.filename,FIELD,FIELD_REFERENCE,C:\Users\JBNU\git\ConstraintsRecovery\assets\tankwar\asset27:IF:7-116,C:\Users\JBNU\git\ConstraintsRecovery\assets\tankwar\asset27:IF:7-116,asset27,asset27,true,true,true,false,TankWar_P1|TankWar_P3|TankWar_P4|TankWar_P5,TankWar_P1|TankWar_P3|TankWar_P4|TankWar_P5,EQUAL,4,4,false,false,false,INTRA_ASSET_ROOT_DEPENDENCY,SAME_ASSET_ROOT_CONTEXT,false,LOW,D847
RC-0298,Record.writeNote,METHOD,Record.in,FIELD,FIELD_REFERENCE,C:\Users\JBNU\git\ConstraintsRecovery\assets\tankwar\asset27:IF:7-116,C:\Users\JBNU\git\ConstraintsRecovery\assets\tankwar\asset27:IF:7-116,asset27,asset27,true,true,true,false,TankWar_P1|TankWar_P3|TankWar_P4|TankWar_P5,TankWar_P1|TankWar_P3|TankWar_P4|TankWar_P5,EQUAL,4,4,false,false,false,INTRA_ASSET_ROOT_DEPENDENCY,SAME_ASSET_ROOT_CONTEXT,false,LOW,D846
RC-0299,Record.writeNote,METHOD,Record.out,FIELD,FIELD_REFERENCE,C:\Users\JBNU\git\ConstraintsRecovery\assets\tankwar\asset27:IF:7-116,C:\Users\JBNU\git\ConstraintsRecovery\assets\tankwar\asset27:IF:7-116,asset27,asset27,true,true,true,false,TankWar_P1|TankWar_P3|TankWar_P4|TankWar_P5,TankWar_P1|TankWar_P3|TankWar_P4|TankWar_P5,EQUAL,5,5,false,false,false,INTRA_ASSET_ROOT_DEPENDENCY,SAME_ASSET_ROOT_CONTEXT,false,LOW,D848
RC-0300,TankManager$$Record.addScore,METHOD,GameObject.id,FIELD,FIELD_REFERENCE,C:\Users\JBNU\git\ConstraintsRecovery\assets\tankwar\asset28:IF:7-57,C:\Users\JBNU\git\ConstraintsRecovery\assets\tankwar\asset22:IF:8-80,asset28,asset22,false,true,true,true,TankWar_P1|TankWar_P3|TankWar_P4|TankWar_P5,TankWar_P1|TankWar_P2|TankWar_P3|TankWar_P4|TankWar_P5,SOURCE_PROPER_SUBSET_OF_TARGET,1,1,true,true,false,COMMON_TARGET_DEPENDENCY,TARGET_PRESENT_IN_ALL_PRODUCTS,false,LOW,D878
RC-0301,TankManager.addScore,METHOD,GameObject.id,FIELD,FIELD_REFERENCE,C:\Users\JBNU\git\ConstraintsRecovery\assets\tankwar\asset28:IF:7-57,C:\Users\JBNU\git\ConstraintsRecovery\assets\tankwar\asset22:IF:8-80,asset28,asset22,false,true,true,true,TankWar_P1|TankWar_P3|TankWar_P4|TankWar_P5,TankWar_P1|TankWar_P2|TankWar_P3|TankWar_P4|TankWar_P5,SOURCE_PROPER_SUBSET_OF_TARGET,1,1,true,true,false,COMMON_TARGET_DEPENDENCY,TARGET_PRESENT_IN_ALL_PRODUCTS,false,LOW,D879
RC-0302,TankManager$$Record.malenkontrolle,METHOD,Maler$$Re_fuer_PC.nameVergeben,METHOD,METHOD_CALL,C:\Users\JBNU\git\ConstraintsRecovery\assets\tankwar\asset28:IF:7-57,C:\Users\JBNU\git\ConstraintsRecovery\assets\tankwar\asset23:IF:7-99,asset28,asset23,false,true,true,true,TankWar_P1|TankWar_P3|TankWar_P4|TankWar_P5,TankWar_P1|TankWar_P3|TankWar_P4|TankWar_P5,EQUAL,1,1,true,true,false,SAME_SIGNATURE_DIRECTED_DEPENDENCY,DIRECTION_NOT_IDENTIFIABLE,false,LOW,D876
RC-0303,TankManager$$Record.malenkontrolle,METHOD,Maler$$Re_fuer_PC.note,METHOD,METHOD_CALL,C:\Users\JBNU\git\ConstraintsRecovery\assets\tankwar\asset28:IF:7-57,C:\Users\JBNU\git\ConstraintsRecovery\assets\tankwar\asset23:IF:7-99,asset28,asset23,false,true,true,true,TankWar_P1|TankWar_P3|TankWar_P4|TankWar_P5,TankWar_P1|TankWar_P3|TankWar_P4|TankWar_P5,EQUAL,1,1,true,true,false,SAME_SIGNATURE_DIRECTED_DEPENDENCY,DIRECTION_NOT_IDENTIFIABLE,false,LOW,D872
RC-0304,TankManager.malenkontrolle,METHOD,Maler$$Re_fuer_PC.nameVergeben,METHOD,METHOD_CALL,C:\Users\JBNU\git\ConstraintsRecovery\assets\tankwar\asset28:IF:7-57,C:\Users\JBNU\git\ConstraintsRecovery\assets\tankwar\asset23:IF:7-99,asset28,asset23,false,true,true,true,TankWar_P1|TankWar_P3|TankWar_P4|TankWar_P5,TankWar_P1|TankWar_P3|TankWar_P4|TankWar_P5,EQUAL,1,1,true,true,false,SAME_SIGNATURE_DIRECTED_DEPENDENCY,DIRECTION_NOT_IDENTIFIABLE,false,LOW,D877
RC-0305,TankManager.malenkontrolle,METHOD,Maler$$Re_fuer_PC.note,METHOD,METHOD_CALL,C:\Users\JBNU\git\ConstraintsRecovery\assets\tankwar\asset28:IF:7-57,C:\Users\JBNU\git\ConstraintsRecovery\assets\tankwar\asset23:IF:7-99,asset28,asset23,false,true,true,true,TankWar_P1|TankWar_P3|TankWar_P4|TankWar_P5,TankWar_P1|TankWar_P3|TankWar_P4|TankWar_P5,EQUAL,1,1,true,true,false,SAME_SIGNATURE_DIRECTED_DEPENDENCY,DIRECTION_NOT_IDENTIFIABLE,false,LOW,D874
RC-0306,TankManager$$Record.malenkontrolle,METHOD,Record.readNote,METHOD,METHOD_CALL,C:\Users\JBNU\git\ConstraintsRecovery\assets\tankwar\asset28:IF:7-57,C:\Users\JBNU\git\ConstraintsRecovery\assets\tankwar\asset27:IF:7-116,asset28,asset27,false,true,true,true,TankWar_P1|TankWar_P3|TankWar_P4|TankWar_P5,TankWar_P1|TankWar_P3|TankWar_P4|TankWar_P5,EQUAL,1,1,true,true,false,SAME_SIGNATURE_DIRECTED_DEPENDENCY,DIRECTION_NOT_IDENTIFIABLE,false,LOW,D873
RC-0307,TankManager$$Record.writeScore,METHOD,Record.writeNote,METHOD,METHOD_CALL,C:\Users\JBNU\git\ConstraintsRecovery\assets\tankwar\asset28:IF:7-57,C:\Users\JBNU\git\ConstraintsRecovery\assets\tankwar\asset27:IF:7-116,asset28,asset27,false,true,true,true,TankWar_P1|TankWar_P3|TankWar_P4|TankWar_P5,TankWar_P1|TankWar_P3|TankWar_P4|TankWar_P5,EQUAL,1,1,true,true,false,SAME_SIGNATURE_DIRECTED_DEPENDENCY,DIRECTION_NOT_IDENTIFIABLE,false,LOW,D886
RC-0308,TankManager.malenkontrolle,METHOD,Record.readNote,METHOD,METHOD_CALL,C:\Users\JBNU\git\ConstraintsRecovery\assets\tankwar\asset28:IF:7-57,C:\Users\JBNU\git\ConstraintsRecovery\assets\tankwar\asset27:IF:7-116,asset28,asset27,false,true,true,true,TankWar_P1|TankWar_P3|TankWar_P4|TankWar_P5,TankWar_P1|TankWar_P3|TankWar_P4|TankWar_P5,EQUAL,1,1,true,true,false,SAME_SIGNATURE_DIRECTED_DEPENDENCY,DIRECTION_NOT_IDENTIFIABLE,false,LOW,D875
RC-0309,TankManager.writeScore,METHOD,Record.writeNote,METHOD,METHOD_CALL,C:\Users\JBNU\git\ConstraintsRecovery\assets\tankwar\asset28:IF:7-57,C:\Users\JBNU\git\ConstraintsRecovery\assets\tankwar\asset27:IF:7-116,asset28,asset27,false,true,true,true,TankWar_P1|TankWar_P3|TankWar_P4|TankWar_P5,TankWar_P1|TankWar_P3|TankWar_P4|TankWar_P5,EQUAL,1,1,true,true,false,SAME_SIGNATURE_DIRECTED_DEPENDENCY,DIRECTION_NOT_IDENTIFIABLE,false,LOW,D887
RC-0310,TankManager$$Record.addScore,METHOD,TankManager$$Record.tank1Score,FIELD,FIELD_REFERENCE,C:\Users\JBNU\git\ConstraintsRecovery\assets\tankwar\asset28:IF:7-57,C:\Users\JBNU\git\ConstraintsRecovery\assets\tankwar\asset28:IF:7-57,asset28,asset28,true,true,true,false,TankWar_P1|TankWar_P3|TankWar_P4|TankWar_P5,TankWar_P1|TankWar_P3|TankWar_P4|TankWar_P5,EQUAL,1,1,false,false,false,INTRA_ASSET_ROOT_DEPENDENCY,SAME_ASSET_ROOT_CONTEXT,false,LOW,D880
RC-0311,TankManager$$Record.init,METHOD,TankManager$$Record.record,FIELD,FIELD_REFERENCE,C:\Users\JBNU\git\ConstraintsRecovery\assets\tankwar\asset28:IF:7-57,C:\Users\JBNU\git\ConstraintsRecovery\assets\tankwar\asset28:IF:7-57,asset28,asset28,true,true,true,false,TankWar_P1|TankWar_P3|TankWar_P4|TankWar_P5,TankWar_P1|TankWar_P3|TankWar_P4|TankWar_P5,EQUAL,1,1,false,false,false,INTRA_ASSET_ROOT_DEPENDENCY,SAME_ASSET_ROOT_CONTEXT,false,LOW,D868
RC-0312,TankManager$$Record.malenkontrolle,METHOD,TankManager$$Record.record,FIELD,FIELD_REFERENCE,C:\Users\JBNU\git\ConstraintsRecovery\assets\tankwar\asset28:IF:7-57,C:\Users\JBNU\git\ConstraintsRecovery\assets\tankwar\asset28:IF:7-57,asset28,asset28,true,true,true,false,TankWar_P1|TankWar_P3|TankWar_P4|TankWar_P5,TankWar_P1|TankWar_P3|TankWar_P4|TankWar_P5,EQUAL,1,1,false,false,false,INTRA_ASSET_ROOT_DEPENDENCY,SAME_ASSET_ROOT_CONTEXT,false,LOW,D870
RC-0313,TankManager$$Record.writeScore,METHOD,TankManager$$Record.record,FIELD,FIELD_REFERENCE,C:\Users\JBNU\git\ConstraintsRecovery\assets\tankwar\asset28:IF:7-57,C:\Users\JBNU\git\ConstraintsRecovery\assets\tankwar\asset28:IF:7-57,asset28,asset28,true,true,true,false,TankWar_P1|TankWar_P3|TankWar_P4|TankWar_P5,TankWar_P1|TankWar_P3|TankWar_P4|TankWar_P5,EQUAL,1,1,false,false,false,INTRA_ASSET_ROOT_DEPENDENCY,SAME_ASSET_ROOT_CONTEXT,false,LOW,D882
RC-0314,TankManager$$Record.writeScore,METHOD,TankManager$$Record.tank1Score,FIELD,FIELD_REFERENCE,C:\Users\JBNU\git\ConstraintsRecovery\assets\tankwar\asset28:IF:7-57,C:\Users\JBNU\git\ConstraintsRecovery\assets\tankwar\asset28:IF:7-57,asset28,asset28,true,true,true,false,TankWar_P1|TankWar_P3|TankWar_P4|TankWar_P5,TankWar_P1|TankWar_P3|TankWar_P4|TankWar_P5,EQUAL,2,2,false,false,false,INTRA_ASSET_ROOT_DEPENDENCY,SAME_ASSET_ROOT_CONTEXT,false,LOW,D883
RC-0315,TankManager.addScore,METHOD,TankManager.tank1Score,FIELD,FIELD_REFERENCE,C:\Users\JBNU\git\ConstraintsRecovery\assets\tankwar\asset28:IF:7-57,C:\Users\JBNU\git\ConstraintsRecovery\assets\tankwar\asset28:IF:7-57,asset28,asset28,true,true,true,false,TankWar_P1|TankWar_P3|TankWar_P4|TankWar_P5,TankWar_P1|TankWar_P3|TankWar_P4|TankWar_P5,EQUAL,1,1,false,false,false,INTRA_ASSET_ROOT_DEPENDENCY,SAME_ASSET_ROOT_CONTEXT,false,LOW,D881
RC-0316,TankManager.init,METHOD,TankManager.record,FIELD,FIELD_REFERENCE,C:\Users\JBNU\git\ConstraintsRecovery\assets\tankwar\asset28:IF:7-57,C:\Users\JBNU\git\ConstraintsRecovery\assets\tankwar\asset28:IF:7-57,asset28,asset28,true,true,true,false,TankWar_P1|TankWar_P3|TankWar_P4|TankWar_P5,TankWar_P1|TankWar_P3|TankWar_P4|TankWar_P5,EQUAL,1,1,false,false,false,INTRA_ASSET_ROOT_DEPENDENCY,SAME_ASSET_ROOT_CONTEXT,false,LOW,D869
RC-0317,TankManager.malenkontrolle,METHOD,TankManager.record,FIELD,FIELD_REFERENCE,C:\Users\JBNU\git\ConstraintsRecovery\assets\tankwar\asset28:IF:7-57,C:\Users\JBNU\git\ConstraintsRecovery\assets\tankwar\asset28:IF:7-57,asset28,asset28,true,true,true,false,TankWar_P1|TankWar_P3|TankWar_P4|TankWar_P5,TankWar_P1|TankWar_P3|TankWar_P4|TankWar_P5,EQUAL,1,1,false,false,false,INTRA_ASSET_ROOT_DEPENDENCY,SAME_ASSET_ROOT_CONTEXT,false,LOW,D871
RC-0318,TankManager.writeScore,METHOD,TankManager.record,FIELD,FIELD_REFERENCE,C:\Users\JBNU\git\ConstraintsRecovery\assets\tankwar\asset28:IF:7-57,C:\Users\JBNU\git\ConstraintsRecovery\assets\tankwar\asset28:IF:7-57,asset28,asset28,true,true,true,false,TankWar_P1|TankWar_P3|TankWar_P4|TankWar_P5,TankWar_P1|TankWar_P3|TankWar_P4|TankWar_P5,EQUAL,1,1,false,false,false,INTRA_ASSET_ROOT_DEPENDENCY,SAME_ASSET_ROOT_CONTEXT,false,LOW,D884
RC-0319,TankManager.writeScore,METHOD,TankManager.tank1Score,FIELD,FIELD_REFERENCE,C:\Users\JBNU\git\ConstraintsRecovery\assets\tankwar\asset28:IF:7-57,C:\Users\JBNU\git\ConstraintsRecovery\assets\tankwar\asset28:IF:7-57,asset28,asset28,true,true,true,false,TankWar_P1|TankWar_P3|TankWar_P4|TankWar_P5,TankWar_P1|TankWar_P3|TankWar_P4|TankWar_P5,EQUAL,2,2,false,false,false,INTRA_ASSET_ROOT_DEPENDENCY,SAME_ASSET_ROOT_CONTEXT,false,LOW,D885
RC-0320,TankManager$$Feuerkraft.toolsLaden,METHOD,TankManager$$Tools.toolInit,METHOD,METHOD_CALL,C:\Users\JBNU\git\ConstraintsRecovery\assets\tankwar\asset29:IF:6-26,C:\Users\JBNU\git\ConstraintsRecovery\assets\tankwar\asset3:IF:8-44,asset29,asset3,false,true,true,true,TankWar_P1|TankWar_P3|TankWar_P5,TankWar_P1|TankWar_P2|TankWar_P3|TankWar_P4|TankWar_P5,SOURCE_PROPER_SUBSET_OF_TARGET,1,1,true,true,false,COMMON_TARGET_DEPENDENCY,TARGET_PRESENT_IN_ALL_PRODUCTS,false,LOW,D890
RC-0321,Maler$$PC.gameExit,METHOD,Menu.Menu,CONSTRUCTOR,CONSTRUCTOR_CALL,C:\Users\JBNU\git\ConstraintsRecovery\assets\tankwar\asset2:IF:8-332,C:\Users\JBNU\git\ConstraintsRecovery\assets\tankwar\asset15:IF:8-281,asset2,asset15,false,true,true,true,TankWar_P1|TankWar_P2|TankWar_P3|TankWar_P4|TankWar_P5,TankWar_P1|TankWar_P2|TankWar_P3|TankWar_P4|TankWar_P5,EQUAL,1,1,true,true,false,COMMON_TARGET_DEPENDENCY,TARGET_PRESENT_IN_ALL_PRODUCTS,false,LOW,D1023
RC-0322,Maler$$PC.gameExit,METHOD,Menu.erscheinen,METHOD,METHOD_CALL,C:\Users\JBNU\git\ConstraintsRecovery\assets\tankwar\asset2:IF:8-332,C:\Users\JBNU\git\ConstraintsRecovery\assets\tankwar\asset15:IF:8-281,asset2,asset15,false,true,true,true,TankWar_P1|TankWar_P2|TankWar_P3|TankWar_P4|TankWar_P5,TankWar_P1|TankWar_P2|TankWar_P3|TankWar_P4|TankWar_P5,EQUAL,1,1,true,true,false,COMMON_TARGET_DEPENDENCY,TARGET_PRESENT_IN_ALL_PRODUCTS,false,LOW,D1040
RC-0323,Maler$$PC.gameExit,METHOD,Menu.setKoordinateImage,METHOD,METHOD_CALL,C:\Users\JBNU\git\ConstraintsRecovery\assets\tankwar\asset2:IF:8-332,C:\Users\JBNU\git\ConstraintsRecovery\assets\tankwar\asset15:IF:8-281,asset2,asset15,false,true,true,true,TankWar_P1|TankWar_P2|TankWar_P3|TankWar_P4|TankWar_P5,TankWar_P1|TankWar_P2|TankWar_P3|TankWar_P4|TankWar_P5,EQUAL,1,1,true,true,false,COMMON_TARGET_DEPENDENCY,TARGET_PRESENT_IN_ALL_PRODUCTS,false,LOW,D1029
RC-0324,Maler$$PC.gameExit,METHOD,Menu.setStyle,METHOD,METHOD_CALL,C:\Users\JBNU\git\ConstraintsRecovery\assets\tankwar\asset2:IF:8-332,C:\Users\JBNU\git\ConstraintsRecovery\assets\tankwar\asset15:IF:8-281,asset2,asset15,false,true,true,true,TankWar_P1|TankWar_P2|TankWar_P3|TankWar_P4|TankWar_P5,TankWar_P1|TankWar_P2|TankWar_P3|TankWar_P4|TankWar_P5,EQUAL,1,1,true,true,false,COMMON_TARGET_DEPENDENCY,TARGET_PRESENT_IN_ALL_PRODUCTS,false,LOW,D1035
RC-0325,Maler$$PC.gameExit,METHOD,Menu.setZeileAbstand,METHOD,METHOD_CALL,C:\Users\JBNU\git\ConstraintsRecovery\assets\tankwar\asset2:IF:8-332,C:\Users\JBNU\git\ConstraintsRecovery\assets\tankwar\asset15:IF:8-281,asset2,asset15,false,true,true,true,TankWar_P1|TankWar_P2|TankWar_P3|TankWar_P4|TankWar_P5,TankWar_P1|TankWar_P2|TankWar_P3|TankWar_P4|TankWar_P5,EQUAL,2,2,true,true,false,COMMON_TARGET_DEPENDENCY,TARGET_PRESENT_IN_ALL_PRODUCTS,false,LOW,D1031
RC-0326,Maler$$PC.gameLevel,METHOD,Menu.Menu,CONSTRUCTOR,CONSTRUCTOR_CALL,C:\Users\JBNU\git\ConstraintsRecovery\assets\tankwar\asset2:IF:8-332,C:\Users\JBNU\git\ConstraintsRecovery\assets\tankwar\asset15:IF:8-281,asset2,asset15,false,true,true,true,TankWar_P1|TankWar_P2|TankWar_P3|TankWar_P4|TankWar_P5,TankWar_P1|TankWar_P2|TankWar_P3|TankWar_P4|TankWar_P5,EQUAL,1,1,true,true,false,COMMON_TARGET_DEPENDENCY,TARGET_PRESENT_IN_ALL_PRODUCTS,false,LOW,D931
RC-0327,Maler$$PC.gameLevel,METHOD,Menu.erscheinen,METHOD,METHOD_CALL,C:\Users\JBNU\git\ConstraintsRecovery\assets\tankwar\asset2:IF:8-332,C:\Users\JBNU\git\ConstraintsRecovery\assets\tankwar\asset15:IF:8-281,asset2,asset15,false,true,true,true,TankWar_P1|TankWar_P2|TankWar_P3|TankWar_P4|TankWar_P5,TankWar_P1|TankWar_P2|TankWar_P3|TankWar_P4|TankWar_P5,EQUAL,1,1,true,true,false,COMMON_TARGET_DEPENDENCY,TARGET_PRESENT_IN_ALL_PRODUCTS,false,LOW,D952
RC-0328,Maler$$PC.gameLevel,METHOD,Menu.setFontSize,METHOD,METHOD_CALL,C:\Users\JBNU\git\ConstraintsRecovery\assets\tankwar\asset2:IF:8-332,C:\Users\JBNU\git\ConstraintsRecovery\assets\tankwar\asset15:IF:8-281,asset2,asset15,false,true,true,true,TankWar_P1|TankWar_P2|TankWar_P3|TankWar_P4|TankWar_P5,TankWar_P1|TankWar_P2|TankWar_P3|TankWar_P4|TankWar_P5,EQUAL,1,1,true,true,false,COMMON_TARGET_DEPENDENCY,TARGET_PRESENT_IN_ALL_PRODUCTS,false,LOW,D945
RC-0329,Maler$$PC.gameLevel,METHOD,Menu.setKoordinateImage,METHOD,METHOD_CALL,C:\Users\JBNU\git\ConstraintsRecovery\assets\tankwar\asset2:IF:8-332,C:\Users\JBNU\git\ConstraintsRecovery\assets\tankwar\asset15:IF:8-281,asset2,asset15,false,true,true,true,TankWar_P1|TankWar_P2|TankWar_P3|TankWar_P4|TankWar_P5,TankWar_P1|TankWar_P2|TankWar_P3|TankWar_P4|TankWar_P5,EQUAL,1,1,true,true,false,COMMON_TARGET_DEPENDENCY,TARGET_PRESENT_IN_ALL_PRODUCTS,false,LOW,D937
RC-0330,Maler$$PC.gameLevel,METHOD,Menu.setStyle,METHOD,METHOD_CALL,C:\Users\JBNU\git\ConstraintsRecovery\assets\tankwar\asset2:IF:8-332,C:\Users\JBNU\git\ConstraintsRecovery\assets\tankwar\asset15:IF:8-281,asset2,asset15,false,true,true,true,TankWar_P1|TankWar_P2|TankWar_P3|TankWar_P4|TankWar_P5,TankWar_P1|TankWar_P2|TankWar_P3|TankWar_P4|TankWar_P5,EQUAL,1,1,true,true,false,COMMON_TARGET_DEPENDENCY,TARGET_PRESENT_IN_ALL_PRODUCTS,false,LOW,D947
RC-0331,Maler$$PC.gameLevel,METHOD,Menu.setWaehlbar,METHOD,METHOD_CALL,C:\Users\JBNU\git\ConstraintsRecovery\assets\tankwar\asset2:IF:8-332,C:\Users\JBNU\git\ConstraintsRecovery\assets\tankwar\asset15:IF:8-281,asset2,asset15,false,true,true,true,TankWar_P1|TankWar_P2|TankWar_P3|TankWar_P4|TankWar_P5,TankWar_P1|TankWar_P2|TankWar_P3|TankWar_P4|TankWar_P5,EQUAL,1,1,true,true,false,COMMON_TARGET_DEPENDENCY,TARGET_PRESENT_IN_ALL_PRODUCTS,false,LOW,D943
RC-0332,Maler$$PC.gameLevel,METHOD,Menu.setZeileAbstand,METHOD,METHOD_CALL,C:\Users\JBNU\git\ConstraintsRecovery\assets\tankwar\asset2:IF:8-332,C:\Users\JBNU\git\ConstraintsRecovery\assets\tankwar\asset15:IF:8-281,asset2,asset15,false,true,true,true,TankWar_P1|TankWar_P2|TankWar_P3|TankWar_P4|TankWar_P5,TankWar_P1|TankWar_P2|TankWar_P3|TankWar_P4|TankWar_P5,EQUAL,2,2,true,true,false,COMMON_TARGET_DEPENDENCY,TARGET_PRESENT_IN_ALL_PRODUCTS,false,LOW,D939
RC-0333,Maler$$PC.gameLose,METHOD,Menu.Menu,CONSTRUCTOR,CONSTRUCTOR_CALL,C:\Users\JBNU\git\ConstraintsRecovery\assets\tankwar\asset2:IF:8-332,C:\Users\JBNU\git\ConstraintsRecovery\assets\tankwar\asset15:IF:8-281,asset2,asset15,false,true,true,true,TankWar_P1|TankWar_P2|TankWar_P3|TankWar_P4|TankWar_P5,TankWar_P1|TankWar_P2|TankWar_P3|TankWar_P4|TankWar_P5,EQUAL,1,1,true,true,false,COMMON_TARGET_DEPENDENCY,TARGET_PRESENT_IN_ALL_PRODUCTS,false,LOW,D958
RC-0334,Maler$$PC.gameLose,METHOD,Menu.erscheinen,METHOD,METHOD_CALL,C:\Users\JBNU\git\ConstraintsRecovery\assets\tankwar\asset2:IF:8-332,C:\Users\JBNU\git\ConstraintsRecovery\assets\tankwar\asset15:IF:8-281,asset2,asset15,false,true,true,true,TankWar_P1|TankWar_P2|TankWar_P3|TankWar_P4|TankWar_P5,TankWar_P1|TankWar_P2|TankWar_P3|TankWar_P4|TankWar_P5,EQUAL,1,1,true,true,false,COMMON_TARGET_DEPENDENCY,TARGET_PRESENT_IN_ALL_PRODUCTS,false,LOW,D976
RC-0335,Maler$$PC.gameLose,METHOD,Menu.setFontSize,METHOD,METHOD_CALL,C:\Users\JBNU\git\ConstraintsRecovery\assets\tankwar\asset2:IF:8-332,C:\Users\JBNU\git\ConstraintsRecovery\assets\tankwar\asset15:IF:8-281,asset2,asset15,false,true,true,true,TankWar_P1|TankWar_P2|TankWar_P3|TankWar_P4|TankWar_P5,TankWar_P1|TankWar_P2|TankWar_P3|TankWar_P4|TankWar_P5,EQUAL,1,1,true,true,false,COMMON_TARGET_DEPENDENCY,TARGET_PRESENT_IN_ALL_PRODUCTS,false,LOW,D969
RC-0336,Maler$$PC.gameLose,METHOD,Menu.setKoordinateImage,METHOD,METHOD_CALL,C:\Users\JBNU\git\ConstraintsRecovery\assets\tankwar\asset2:IF:8-332,C:\Users\JBNU\git\ConstraintsRecovery\assets\tankwar\asset15:IF:8-281,asset2,asset15,false,true,true,true,TankWar_P1|TankWar_P2|TankWar_P3|TankWar_P4|TankWar_P5,TankWar_P1|TankWar_P2|TankWar_P3|TankWar_P4|TankWar_P5,EQUAL,1,1,true,true,false,COMMON_TARGET_DEPENDENCY,TARGET_PRESENT_IN_ALL_PRODUCTS,false,LOW,D964
RC-0337,Maler$$PC.gameLose,METHOD,Menu.setStyle,METHOD,METHOD_CALL,C:\Users\JBNU\git\ConstraintsRecovery\assets\tankwar\asset2:IF:8-332,C:\Users\JBNU\git\ConstraintsRecovery\assets\tankwar\asset15:IF:8-281,asset2,asset15,false,true,true,true,TankWar_P1|TankWar_P2|TankWar_P3|TankWar_P4|TankWar_P5,TankWar_P1|TankWar_P2|TankWar_P3|TankWar_P4|TankWar_P5,EQUAL,1,1,true,true,false,COMMON_TARGET_DEPENDENCY,TARGET_PRESENT_IN_ALL_PRODUCTS,false,LOW,D971
RC-0338,Maler$$PC.gameLose,METHOD,Menu.setZeileAbstand,METHOD,METHOD_CALL,C:\Users\JBNU\git\ConstraintsRecovery\assets\tankwar\asset2:IF:8-332,C:\Users\JBNU\git\ConstraintsRecovery\assets\tankwar\asset15:IF:8-281,asset2,asset15,false,true,true,true,TankWar_P1|TankWar_P2|TankWar_P3|TankWar_P4|TankWar_P5,TankWar_P1|TankWar_P2|TankWar_P3|TankWar_P4|TankWar_P5,EQUAL,2,2,true,true,false,COMMON_TARGET_DEPENDENCY,TARGET_PRESENT_IN_ALL_PRODUCTS,false,LOW,D966
RC-0339,Maler$$PC.gameWin,METHOD,Menu.Menu,CONSTRUCTOR,CONSTRUCTOR_CALL,C:\Users\JBNU\git\ConstraintsRecovery\assets\tankwar\asset2:IF:8-332,C:\Users\JBNU\git\ConstraintsRecovery\assets\tankwar\asset15:IF:8-281,asset2,asset15,false,true,true,true,TankWar_P1|TankWar_P2|TankWar_P3|TankWar_P4|TankWar_P5,TankWar_P1|TankWar_P2|TankWar_P3|TankWar_P4|TankWar_P5,EQUAL,1,1,true,true,false,COMMON_TARGET_DEPENDENCY,TARGET_PRESENT_IN_ALL_PRODUCTS,false,LOW,D994
RC-0340,Maler$$PC.gameWin,METHOD,Menu.erscheinen,METHOD,METHOD_CALL,C:\Users\JBNU\git\ConstraintsRecovery\assets\tankwar\asset2:IF:8-332,C:\Users\JBNU\git\ConstraintsRecovery\assets\tankwar\asset15:IF:8-281,asset2,asset15,false,true,true,true,TankWar_P1|TankWar_P2|TankWar_P3|TankWar_P4|TankWar_P5,TankWar_P1|TankWar_P2|TankWar_P3|TankWar_P4|TankWar_P5,EQUAL,1,1,true,true,false,COMMON_TARGET_DEPENDENCY,TARGET_PRESENT_IN_ALL_PRODUCTS,false,LOW,D1012
RC-0341,Maler$$PC.gameWin,METHOD,Menu.setFontSize,METHOD,METHOD_CALL,C:\Users\JBNU\git\ConstraintsRecovery\assets\tankwar\asset2:IF:8-332,C:\Users\JBNU\git\ConstraintsRecovery\assets\tankwar\asset15:IF:8-281,asset2,asset15,false,true,true,true,TankWar_P1|TankWar_P2|TankWar_P3|TankWar_P4|TankWar_P5,TankWar_P1|TankWar_P2|TankWar_P3|TankWar_P4|TankWar_P5,EQUAL,1,1,true,true,false,COMMON_TARGET_DEPENDENCY,TARGET_PRESENT_IN_ALL_PRODUCTS,false,LOW,D1005
RC-0342,Maler$$PC.gameWin,METHOD,Menu.setKoordinateImage,METHOD,METHOD_CALL,C:\Users\JBNU\git\ConstraintsRecovery\assets\tankwar\asset2:IF:8-332,C:\Users\JBNU\git\ConstraintsRecovery\assets\tankwar\asset15:IF:8-281,asset2,asset15,false,true,true,true,TankWar_P1|TankWar_P2|TankWar_P3|TankWar_P4|TankWar_P5,TankWar_P1|TankWar_P2|TankWar_P3|TankWar_P4|TankWar_P5,EQUAL,1,1,true,true,false,COMMON_TARGET_DEPENDENCY,TARGET_PRESENT_IN_ALL_PRODUCTS,false,LOW,D1000
RC-0343,Maler$$PC.gameWin,METHOD,Menu.setStyle,METHOD,METHOD_CALL,C:\Users\JBNU\git\ConstraintsRecovery\assets\tankwar\asset2:IF:8-332,C:\Users\JBNU\git\ConstraintsRecovery\assets\tankwar\asset15:IF:8-281,asset2,asset15,false,true,true,true,TankWar_P1|TankWar_P2|TankWar_P3|TankWar_P4|TankWar_P5,TankWar_P1|TankWar_P2|TankWar_P3|TankWar_P4|TankWar_P5,EQUAL,1,1,true,true,false,COMMON_TARGET_DEPENDENCY,TARGET_PRESENT_IN_ALL_PRODUCTS,false,LOW,D1007
RC-0344,Maler$$PC.gameWin,METHOD,Menu.setZeileAbstand,METHOD,METHOD_CALL,C:\Users\JBNU\git\ConstraintsRecovery\assets\tankwar\asset2:IF:8-332,C:\Users\JBNU\git\ConstraintsRecovery\assets\tankwar\asset15:IF:8-281,asset2,asset15,false,true,true,true,TankWar_P1|TankWar_P2|TankWar_P3|TankWar_P4|TankWar_P5,TankWar_P1|TankWar_P2|TankWar_P3|TankWar_P4|TankWar_P5,EQUAL,2,2,true,true,false,COMMON_TARGET_DEPENDENCY,TARGET_PRESENT_IN_ALL_PRODUCTS,false,LOW,D1002
RC-0345,Maler$$PC.help,METHOD,Menu.erscheinen,METHOD,METHOD_CALL,C:\Users\JBNU\git\ConstraintsRecovery\assets\tankwar\asset2:IF:8-332,C:\Users\JBNU\git\ConstraintsRecovery\assets\tankwar\asset15:IF:8-281,asset2,asset15,false,true,true,true,TankWar_P1|TankWar_P2|TankWar_P3|TankWar_P4|TankWar_P5,TankWar_P1|TankWar_P2|TankWar_P3|TankWar_P4|TankWar_P5,EQUAL,1,1,true,true,false,COMMON_TARGET_DEPENDENCY,TARGET_PRESENT_IN_ALL_PRODUCTS,false,LOW,D910
RC-0346,Maler$$PC.helpItemErstellen,METHOD,Menu.Menu,CONSTRUCTOR,CONSTRUCTOR_CALL,C:\Users\JBNU\git\ConstraintsRecovery\assets\tankwar\asset2:IF:8-332,C:\Users\JBNU\git\ConstraintsRecovery\assets\tankwar\asset15:IF:8-281,asset2,asset15,false,true,true,true,TankWar_P1|TankWar_P2|TankWar_P3|TankWar_P4|TankWar_P5,TankWar_P1|TankWar_P2|TankWar_P3|TankWar_P4|TankWar_P5,EQUAL,1,1,true,true,false,COMMON_TARGET_DEPENDENCY,TARGET_PRESENT_IN_ALL_PRODUCTS,false,LOW,D911
RC-0347,Maler$$PC.helpItemErstellen,METHOD,Menu.setKoordinateImage,METHOD,METHOD_CALL,C:\Users\JBNU\git\ConstraintsRecovery\assets\tankwar\asset2:IF:8-332,C:\Users\JBNU\git\ConstraintsRecovery\assets\tankwar\asset15:IF:8-281,asset2,asset15,false,true,true,true,TankWar_P1|TankWar_P2|TankWar_P3|TankWar_P4|TankWar_P5,TankWar_P1|TankWar_P2|TankWar_P3|TankWar_P4|TankWar_P5,EQUAL,1,1,true,true,false,COMMON_TARGET_DEPENDENCY,TARGET_PRESENT_IN_ALL_PRODUCTS,false,LOW,D921
RC-0348,Maler$$PC.helpItemErstellen,METHOD,Menu.setStyle,METHOD,METHOD_CALL,C:\Users\JBNU\git\ConstraintsRecovery\assets\tankwar\asset2:IF:8-332,C:\Users\JBNU\git\ConstraintsRecovery\assets\tankwar\asset15:IF:8-281,asset2,asset15,false,true,true,true,TankWar_P1|TankWar_P2|TankWar_P3|TankWar_P4|TankWar_P5,TankWar_P1|TankWar_P2|TankWar_P3|TankWar_P4|TankWar_P5,EQUAL,1,1,true,true,false,COMMON_TARGET_DEPENDENCY,TARGET_PRESENT_IN_ALL_PRODUCTS,false,LOW,D916
RC-0349,Maler$$PC.keyPressedBehandeln,METHOD,Menu.KeyBehandeln,METHOD,METHOD_CALL,C:\Users\JBNU\git\ConstraintsRecovery\assets\tankwar\asset2:IF:8-332,C:\Users\JBNU\git\ConstraintsRecovery\assets\tankwar\asset15:IF:8-281,asset2,asset15,false,true,true,true,TankWar_P1|TankWar_P2|TankWar_P3|TankWar_P4|TankWar_P5,TankWar_P1|TankWar_P2|TankWar_P3|TankWar_P4|TankWar_P5,EQUAL,1,1,true,true,false,COMMON_TARGET_DEPENDENCY,TARGET_PRESENT_IN_ALL_PRODUCTS,false,LOW,D1068
RC-0350,Maler$$PC.mainMenu,METHOD,Menu.erscheinen,METHOD,METHOD_CALL,C:\Users\JBNU\git\ConstraintsRecovery\assets\tankwar\asset2:IF:8-332,C:\Users\JBNU\git\ConstraintsRecovery\assets\tankwar\asset15:IF:8-281,asset2,asset15,false,true,true,true,TankWar_P1|TankWar_P2|TankWar_P3|TankWar_P4|TankWar_P5,TankWar_P1|TankWar_P2|TankWar_P3|TankWar_P4|TankWar_P5,EQUAL,1,1,true,true,false,COMMON_TARGET_DEPENDENCY,TARGET_PRESENT_IN_ALL_PRODUCTS,false,LOW,D1139
RC-0351,Maler$$PC.mainMenuerstellen,METHOD,Menu.Menu,CONSTRUCTOR,CONSTRUCTOR_CALL,C:\Users\JBNU\git\ConstraintsRecovery\assets\tankwar\asset2:IF:8-332,C:\Users\JBNU\git\ConstraintsRecovery\assets\tankwar\asset15:IF:8-281,asset2,asset15,false,true,true,true,TankWar_P1|TankWar_P2|TankWar_P3|TankWar_P4|TankWar_P5,TankWar_P1|TankWar_P2|TankWar_P3|TankWar_P4|TankWar_P5,EQUAL,1,1,true,true,false,COMMON_TARGET_DEPENDENCY,TARGET_PRESENT_IN_ALL_PRODUCTS,false,LOW,D1144
RC-0352,Maler$$PC.mainMenuerstellen,METHOD,Menu.addLogo,METHOD,METHOD_CALL,C:\Users\JBNU\git\ConstraintsRecovery\assets\tankwar\asset2:IF:8-332,C:\Users\JBNU\git\ConstraintsRecovery\assets\tankwar\asset15:IF:8-281,asset2,asset15,false,true,true,true,TankWar_P1|TankWar_P2|TankWar_P3|TankWar_P4|TankWar_P5,TankWar_P1|TankWar_P2|TankWar_P3|TankWar_P4|TankWar_P5,EQUAL,1,1,true,true,false,COMMON_TARGET_DEPENDENCY,TARGET_PRESENT_IN_ALL_PRODUCTS,false,LOW,D1162
RC-0353,Maler$$PC.mainMenuerstellen,METHOD,Menu.setKoordinateImage,METHOD,METHOD_CALL,C:\Users\JBNU\git\ConstraintsRecovery\assets\tankwar\asset2:IF:8-332,C:\Users\JBNU\git\ConstraintsRecovery\assets\tankwar\asset15:IF:8-281,asset2,asset15,false,true,true,true,TankWar_P1|TankWar_P2|TankWar_P3|TankWar_P4|TankWar_P5,TankWar_P1|TankWar_P2|TankWar_P3|TankWar_P4|TankWar_P5,EQUAL,1,1,true,true,false,COMMON_TARGET_DEPENDENCY,TARGET_PRESENT_IN_ALL_PRODUCTS,false,LOW,D1155
RC-0354,Maler$$PC.mainMenuerstellen,METHOD,Menu.setLogoKoordinate,METHOD,METHOD_CALL,C:\Users\JBNU\git\ConstraintsRecovery\assets\tankwar\asset2:IF:8-332,C:\Users\JBNU\git\ConstraintsRecovery\assets\tankwar\asset15:IF:8-281,asset2,asset15,false,true,true,true,TankWar_P1|TankWar_P2|TankWar_P3|TankWar_P4|TankWar_P5,TankWar_P1|TankWar_P2|TankWar_P3|TankWar_P4|TankWar_P5,EQUAL,1,1,true,true,false,COMMON_TARGET_DEPENDENCY,TARGET_PRESENT_IN_ALL_PRODUCTS,false,LOW,D1165
RC-0355,Maler$$PC.mainMenuerstellen,METHOD,Menu.setStyle,METHOD,METHOD_CALL,C:\Users\JBNU\git\ConstraintsRecovery\assets\tankwar\asset2:IF:8-332,C:\Users\JBNU\git\ConstraintsRecovery\assets\tankwar\asset15:IF:8-281,asset2,asset15,false,true,true,true,TankWar_P1|TankWar_P2|TankWar_P3|TankWar_P4|TankWar_P5,TankWar_P1|TankWar_P2|TankWar_P3|TankWar_P4|TankWar_P5,EQUAL,1,1,true,true,false,COMMON_TARGET_DEPENDENCY,TARGET_PRESENT_IN_ALL_PRODUCTS,false,LOW,D1150
RC-0356,Maler$$PC.mainMenuerstellen,METHOD,Menu.setZeileAbstand,METHOD,METHOD_CALL,C:\Users\JBNU\git\ConstraintsRecovery\assets\tankwar\asset2:IF:8-332,C:\Users\JBNU\git\ConstraintsRecovery\assets\tankwar\asset15:IF:8-281,asset2,asset15,false,true,true,true,TankWar_P1|TankWar_P2|TankWar_P3|TankWar_P4|TankWar_P5,TankWar_P1|TankWar_P2|TankWar_P3|TankWar_P4|TankWar_P5,EQUAL,1,1,true,true,false,COMMON_TARGET_DEPENDENCY,TARGET_PRESENT_IN_ALL_PRODUCTS,false,LOW,D1157
RC-0357,Maler$$PC.pause,METHOD,Menu.Menu,CONSTRUCTOR,CONSTRUCTOR_CALL,C:\Users\JBNU\git\ConstraintsRecovery\assets\tankwar\asset2:IF:8-332,C:\Users\JBNU\git\ConstraintsRecovery\assets\tankwar\asset15:IF:8-281,asset2,asset15,false,true,true,true,TankWar_P1|TankWar_P2|TankWar_P3|TankWar_P4|TankWar_P5,TankWar_P1|TankWar_P2|TankWar_P3|TankWar_P4|TankWar_P5,EQUAL,1,1,true,true,false,COMMON_TARGET_DEPENDENCY,TARGET_PRESENT_IN_ALL_PRODUCTS,false,LOW,D1049
RC-0358,Maler$$PC.pause,METHOD,Menu.erscheinen,METHOD,METHOD_CALL,C:\Users\JBNU\git\ConstraintsRecovery\assets\tankwar\asset2:IF:8-332,C:\Users\JBNU\git\ConstraintsRecovery\assets\tankwar\asset15:IF:8-281,asset2,asset15,false,true,true,true,TankWar_P1|TankWar_P2|TankWar_P3|TankWar_P4|TankWar_P5,TankWar_P1|TankWar_P2|TankWar_P3|TankWar_P4|TankWar_P5,EQUAL,1,1,true,true,false,COMMON_TARGET_DEPENDENCY,TARGET_PRESENT_IN_ALL_PRODUCTS,false,LOW,D1065
RC-0359,Maler$$PC.pause,METHOD,Menu.setKoordinateImage,METHOD,METHOD_CALL,C:\Users\JBNU\git\ConstraintsRecovery\assets\tankwar\asset2:IF:8-332,C:\Users\JBNU\git\ConstraintsRecovery\assets\tankwar\asset15:IF:8-281,asset2,asset15,false,true,true,true,TankWar_P1|TankWar_P2|TankWar_P3|TankWar_P4|TankWar_P5,TankWar_P1|TankWar_P2|TankWar_P3|TankWar_P4|TankWar_P5,EQUAL,1,1,true,true,false,COMMON_TARGET_DEPENDENCY,TARGET_PRESENT_IN_ALL_PRODUCTS,false,LOW,D1055
RC-0360,Maler$$PC.pause,METHOD,Menu.setStyle,METHOD,METHOD_CALL,C:\Users\JBNU\git\ConstraintsRecovery\assets\tankwar\asset2:IF:8-332,C:\Users\JBNU\git\ConstraintsRecovery\assets\tankwar\asset15:IF:8-281,asset2,asset15,false,true,true,true,TankWar_P1|TankWar_P2|TankWar_P3|TankWar_P4|TankWar_P5,TankWar_P1|TankWar_P2|TankWar_P3|TankWar_P4|TankWar_P5,EQUAL,1,1,true,true,false,COMMON_TARGET_DEPENDENCY,TARGET_PRESENT_IN_ALL_PRODUCTS,false,LOW,D1060
RC-0361,Maler$$PC.pause,METHOD,Menu.setZeileAbstand,METHOD,METHOD_CALL,C:\Users\JBNU\git\ConstraintsRecovery\assets\tankwar\asset2:IF:8-332,C:\Users\JBNU\git\ConstraintsRecovery\assets\tankwar\asset15:IF:8-281,asset2,asset15,false,true,true,true,TankWar_P1|TankWar_P2|TankWar_P3|TankWar_P4|TankWar_P5,TankWar_P1|TankWar_P2|TankWar_P3|TankWar_P4|TankWar_P5,EQUAL,2,2,true,true,false,COMMON_TARGET_DEPENDENCY,TARGET_PRESENT_IN_ALL_PRODUCTS,false,LOW,D1057
RC-0362,Maler$$PC.tankErstellen,METHOD,Menu.Menu,CONSTRUCTOR,CONSTRUCTOR_CALL,C:\Users\JBNU\git\ConstraintsRecovery\assets\tankwar\asset2:IF:8-332,C:\Users\JBNU\git\ConstraintsRecovery\assets\tankwar\asset15:IF:8-281,asset2,asset15,false,true,true,true,TankWar_P1|TankWar_P2|TankWar_P3|TankWar_P4|TankWar_P5,TankWar_P1|TankWar_P2|TankWar_P3|TankWar_P4|TankWar_P5,EQUAL,1,1,true,true,false,COMMON_TARGET_DEPENDENCY,TARGET_PRESENT_IN_ALL_PRODUCTS,false,LOW,D1171
RC-0363,Maler$$PC.tankErstellen,METHOD,Menu.addLogo,METHOD,METHOD_CALL,C:\Users\JBNU\git\ConstraintsRecovery\assets\tankwar\asset2:IF:8-332,C:\Users\JBNU\git\ConstraintsRecovery\assets\tankwar\asset15:IF:8-281,asset2,asset15,false,true,true,true,TankWar_P1|TankWar_P2|TankWar_P3|TankWar_P4|TankWar_P5,TankWar_P1|TankWar_P2|TankWar_P3|TankWar_P4|TankWar_P5,EQUAL,1,1,true,true,false,COMMON_TARGET_DEPENDENCY,TARGET_PRESENT_IN_ALL_PRODUCTS,false,LOW,D895
RC-0364,Maler$$PC.tankErstellen,METHOD,Menu.setKoordinateImage,METHOD,METHOD_CALL,C:\Users\JBNU\git\ConstraintsRecovery\assets\tankwar\asset2:IF:8-332,C:\Users\JBNU\git\ConstraintsRecovery\assets\tankwar\asset15:IF:8-281,asset2,asset15,false,true,true,true,TankWar_P1|TankWar_P2|TankWar_P3|TankWar_P4|TankWar_P5,TankWar_P1|TankWar_P2|TankWar_P3|TankWar_P4|TankWar_P5,EQUAL,1,1,true,true,false,COMMON_TARGET_DEPENDENCY,TARGET_PRESENT_IN_ALL_PRODUCTS,false,LOW,D905
RC-0365,Maler$$PC.tankErstellen,METHOD,Menu.setStyle,METHOD,METHOD_CALL,C:\Users\JBNU\git\ConstraintsRecovery\assets\tankwar\asset2:IF:8-332,C:\Users\JBNU\git\ConstraintsRecovery\assets\tankwar\asset15:IF:8-281,asset2,asset15,false,true,true,true,TankWar_P1|TankWar_P2|TankWar_P3|TankWar_P4|TankWar_P5,TankWar_P1|TankWar_P2|TankWar_P3|TankWar_P4|TankWar_P5,EQUAL,1,1,true,true,false,COMMON_TARGET_DEPENDENCY,TARGET_PRESENT_IN_ALL_PRODUCTS,false,LOW,D898
RC-0366,Maler$$PC.tankErstellen,METHOD,Menu.setZeileAbstand,METHOD,METHOD_CALL,C:\Users\JBNU\git\ConstraintsRecovery\assets\tankwar\asset2:IF:8-332,C:\Users\JBNU\git\ConstraintsRecovery\assets\tankwar\asset15:IF:8-281,asset2,asset15,false,true,true,true,TankWar_P1|TankWar_P2|TankWar_P3|TankWar_P4|TankWar_P5,TankWar_P1|TankWar_P2|TankWar_P3|TankWar_P4|TankWar_P5,EQUAL,1,1,true,true,false,COMMON_TARGET_DEPENDENCY,TARGET_PRESENT_IN_ALL_PRODUCTS,false,LOW,D900
RC-0367,Maler$$PC.tankWaehlen,METHOD,Menu.erscheinen,METHOD,METHOD_CALL,C:\Users\JBNU\git\ConstraintsRecovery\assets\tankwar\asset2:IF:8-332,C:\Users\JBNU\git\ConstraintsRecovery\assets\tankwar\asset15:IF:8-281,asset2,asset15,false,true,true,true,TankWar_P1|TankWar_P2|TankWar_P3|TankWar_P4|TankWar_P5,TankWar_P1|TankWar_P2|TankWar_P3|TankWar_P4|TankWar_P5,EQUAL,1,1,true,true,false,COMMON_TARGET_DEPENDENCY,TARGET_PRESENT_IN_ALL_PRODUCTS,false,LOW,D1170
RC-0368,Maler$$PC.init,METHOD,InfoPanel.INFO_WIDTH,FIELD,FIELD_REFERENCE,C:\Users\JBNU\git\ConstraintsRecovery\assets\tankwar\asset2:IF:8-332,C:\Users\JBNU\git\ConstraintsRecovery\assets\tankwar\asset16:IF:8-49,asset2,asset16,false,true,true,true,TankWar_P1|TankWar_P2|TankWar_P3|TankWar_P4|TankWar_P5,TankWar_P1|TankWar_P2|TankWar_P3|TankWar_P4|TankWar_P5,EQUAL,1,1,true,true,false,COMMON_TARGET_DEPENDENCY,TARGET_PRESENT_IN_ALL_PRODUCTS,false,LOW,D1119
RC-0369,Maler$$PC.init,METHOD,InfoPanel.InfoPanel,CONSTRUCTOR,CONSTRUCTOR_CALL,C:\Users\JBNU\git\ConstraintsRecovery\assets\tankwar\asset2:IF:8-332,C:\Users\JBNU\git\ConstraintsRecovery\assets\tankwar\asset16:IF:8-49,asset2,asset16,false,true,true,true,TankWar_P1|TankWar_P2|TankWar_P3|TankWar_P4|TankWar_P5,TankWar_P1|TankWar_P2|TankWar_P3|TankWar_P4|TankWar_P5,EQUAL,1,1,true,true,false,COMMON_TARGET_DEPENDENCY,TARGET_PRESENT_IN_ALL_PRODUCTS,false,LOW,D1117
RC-0370,Maler$$PC.update,METHOD,InfoPanel.INFO_WIDTH,FIELD,FIELD_REFERENCE,C:\Users\JBNU\git\ConstraintsRecovery\assets\tankwar\asset2:IF:8-332,C:\Users\JBNU\git\ConstraintsRecovery\assets\tankwar\asset16:IF:8-49,asset2,asset16,false,true,true,true,TankWar_P1|TankWar_P2|TankWar_P3|TankWar_P4|TankWar_P5,TankWar_P1|TankWar_P2|TankWar_P3|TankWar_P4|TankWar_P5,EQUAL,2,2,true,true,false,COMMON_TARGET_DEPENDENCY,TARGET_PRESENT_IN_ALL_PRODUCTS,false,LOW,D1094
RC-0371,Maler$$PC.Maler$$PC,CONSTRUCTOR,Maler$$PC.gameManager,FIELD,FIELD_REFERENCE,C:\Users\JBNU\git\ConstraintsRecovery\assets\tankwar\asset2:IF:8-332,C:\Users\JBNU\git\ConstraintsRecovery\assets\tankwar\asset2:IF:8-332,asset2,asset2,true,true,true,false,TankWar_P1|TankWar_P2|TankWar_P3|TankWar_P4|TankWar_P5,TankWar_P1|TankWar_P2|TankWar_P3|TankWar_P4|TankWar_P5,EQUAL,1,1,false,false,false,COMMON_TARGET_DEPENDENCY,TARGET_PRESENT_IN_ALL_PRODUCTS,false,LOW,D1115
RC-0372,Maler$$PC.drawLine,METHOD,Maler$$PC.gTemp,FIELD,FIELD_REFERENCE,C:\Users\JBNU\git\ConstraintsRecovery\assets\tankwar\asset2:IF:8-332,C:\Users\JBNU\git\ConstraintsRecovery\assets\tankwar\asset2:IF:8-332,asset2,asset2,true,true,true,false,TankWar_P1|TankWar_P2|TankWar_P3|TankWar_P4|TankWar_P5,TankWar_P1|TankWar_P2|TankWar_P3|TankWar_P4|TankWar_P5,EQUAL,1,1,false,false,false,COMMON_TARGET_DEPENDENCY,TARGET_PRESENT_IN_ALL_PRODUCTS,false,LOW,D1112
RC-0373,Maler$$PC.drawRect,METHOD,Maler$$PC.gTemp,FIELD,FIELD_REFERENCE,C:\Users\JBNU\git\ConstraintsRecovery\assets\tankwar\asset2:IF:8-332,C:\Users\JBNU\git\ConstraintsRecovery\assets\tankwar\asset2:IF:8-332,asset2,asset2,true,true,true,false,TankWar_P1|TankWar_P2|TankWar_P3|TankWar_P4|TankWar_P5,TankWar_P1|TankWar_P2|TankWar_P3|TankWar_P4|TankWar_P5,EQUAL,1,1,false,false,false,COMMON_TARGET_DEPENDENCY,TARGET_PRESENT_IN_ALL_PRODUCTS,false,LOW,D1113
RC-0374,Maler$$PC.drawRoundRect,METHOD,Maler$$PC.gTemp,FIELD,FIELD_REFERENCE,C:\Users\JBNU\git\ConstraintsRecovery\assets\tankwar\asset2:IF:8-332,C:\Users\JBNU\git\ConstraintsRecovery\assets\tankwar\asset2:IF:8-332,asset2,asset2,true,true,true,false,TankWar_P1|TankWar_P2|TankWar_P3|TankWar_P4|TankWar_P5,TankWar_P1|TankWar_P2|TankWar_P3|TankWar_P4|TankWar_P5,EQUAL,1,1,false,false,false,COMMON_TARGET_DEPENDENCY,TARGET_PRESENT_IN_ALL_PRODUCTS,false,LOW,D1114
RC-0375,Maler$$PC.fillOvall,METHOD,Maler$$PC.gTemp,FIELD,FIELD_REFERENCE,C:\Users\JBNU\git\ConstraintsRecovery\assets\tankwar\asset2:IF:8-332,C:\Users\JBNU\git\ConstraintsRecovery\assets\tankwar\asset2:IF:8-332,asset2,asset2,true,true,true,false,TankWar_P1|TankWar_P2|TankWar_P3|TankWar_P4|TankWar_P5,TankWar_P1|TankWar_P2|TankWar_P3|TankWar_P4|TankWar_P5,EQUAL,1,1,false,false,false,COMMON_TARGET_DEPENDENCY,TARGET_PRESENT_IN_ALL_PRODUCTS,false,LOW,D1110
RC-0376,Maler$$PC.fillRect,METHOD,Maler$$PC.gTemp,FIELD,FIELD_REFERENCE,C:\Users\JBNU\git\ConstraintsRecovery\assets\tankwar\asset2:IF:8-332,C:\Users\JBNU\git\ConstraintsRecovery\assets\tankwar\asset2:IF:8-332,asset2,asset2,true,true,true,false,TankWar_P1|TankWar_P2|TankWar_P3|TankWar_P4|TankWar_P5,TankWar_P1|TankWar_P2|TankWar_P3|TankWar_P4|TankWar_P5,EQUAL,1,1,false,false,false,COMMON_TARGET_DEPENDENCY,TARGET_PRESENT_IN_ALL_PRODUCTS,false,LOW,D1111
RC-0377,Maler$$PC.gameExit,METHOD,Maler$$PC.GAME_HEIGHT,FIELD,FIELD_REFERENCE,C:\Users\JBNU\git\ConstraintsRecovery\assets\tankwar\asset2:IF:8-332,C:\Users\JBNU\git\ConstraintsRecovery\assets\tankwar\asset2:IF:8-332,asset2,asset2,true,true,true,false,TankWar_P1|TankWar_P2|TankWar_P3|TankWar_P4|TankWar_P5,TankWar_P1|TankWar_P2|TankWar_P3|TankWar_P4|TankWar_P5,EQUAL,2,2,false,false,false,COMMON_TARGET_DEPENDENCY,TARGET_PRESENT_IN_ALL_PRODUCTS,false,LOW,D1020
RC-0378,Maler$$PC.gameExit,METHOD,Maler$$PC.GAME_WIDTH,FIELD,FIELD_REFERENCE,C:\Users\JBNU\git\ConstraintsRecovery\assets\tankwar\asset2:IF:8-332,C:\Users\JBNU\git\ConstraintsRecovery\assets\tankwar\asset2:IF:8-332,asset2,asset2,true,true,true,false,TankWar_P1|TankWar_P2|TankWar_P3|TankWar_P4|TankWar_P5,TankWar_P1|TankWar_P2|TankWar_P3|TankWar_P4|TankWar_P5,EQUAL,2,2,false,false,false,COMMON_TARGET_DEPENDENCY,TARGET_PRESENT_IN_ALL_PRODUCTS,false,LOW,D1019
RC-0379,Maler$$PC.gameExit,METHOD,Maler$$PC.frame,FIELD,FIELD_REFERENCE,C:\Users\JBNU\git\ConstraintsRecovery\assets\tankwar\asset2:IF:8-332,C:\Users\JBNU\git\ConstraintsRecovery\assets\tankwar\asset2:IF:8-332,asset2,asset2,true,true,true,false,TankWar_P1|TankWar_P2|TankWar_P3|TankWar_P4|TankWar_P5,TankWar_P1|TankWar_P2|TankWar_P3|TankWar_P4|TankWar_P5,EQUAL,2,2,false,false,false,COMMON_TARGET_DEPENDENCY,TARGET_PRESENT_IN_ALL_PRODUCTS,false,LOW,D1017
RC-0380,Maler$$PC.gameExit,METHOD,Maler$$PC.gTemp,FIELD,FIELD_REFERENCE,C:\Users\JBNU\git\ConstraintsRecovery\assets\tankwar\asset2:IF:8-332,C:\Users\JBNU\git\ConstraintsRecovery\assets\tankwar\asset2:IF:8-332,asset2,asset2,true,true,true,false,TankWar_P1|TankWar_P2|TankWar_P3|TankWar_P4|TankWar_P5,TankWar_P1|TankWar_P2|TankWar_P3|TankWar_P4|TankWar_P5,EQUAL,1,1,false,false,false,COMMON_TARGET_DEPENDENCY,TARGET_PRESENT_IN_ALL_PRODUCTS,false,LOW,D1038
RC-0381,Maler$$PC.gameExit,METHOD,Maler$$PC.infoPanel,FIELD,FIELD_REFERENCE,C:\Users\JBNU\git\ConstraintsRecovery\assets\tankwar\asset2:IF:8-332,C:\Users\JBNU\git\ConstraintsRecovery\assets\tankwar\asset2:IF:8-332,asset2,asset2,true,true,true,false,TankWar_P1|TankWar_P2|TankWar_P3|TankWar_P4|TankWar_P5,TankWar_P1|TankWar_P2|TankWar_P3|TankWar_P4|TankWar_P5,EQUAL,1,1,false,false,false,COMMON_TARGET_DEPENDENCY,TARGET_PRESENT_IN_ALL_PRODUCTS,false,LOW,D1018
RC-0382,Maler$$PC.gameExit,METHOD,Maler$$PC.infoWidth,FIELD,FIELD_REFERENCE,C:\Users\JBNU\git\ConstraintsRecovery\assets\tankwar\asset2:IF:8-332,C:\Users\JBNU\git\ConstraintsRecovery\assets\tankwar\asset2:IF:8-332,asset2,asset2,true,true,true,false,TankWar_P1|TankWar_P2|TankWar_P3|TankWar_P4|TankWar_P5,TankWar_P1|TankWar_P2|TankWar_P3|TankWar_P4|TankWar_P5,EQUAL,2,2,false,false,false,COMMON_TARGET_DEPENDENCY,TARGET_PRESENT_IN_ALL_PRODUCTS,false,LOW,D1021
RC-0383,Maler$$PC.gameExit,METHOD,Maler$$PC.menu,FIELD,FIELD_REFERENCE,C:\Users\JBNU\git\ConstraintsRecovery\assets\tankwar\asset2:IF:8-332,C:\Users\JBNU\git\ConstraintsRecovery\assets\tankwar\asset2:IF:8-332,asset2,asset2,true,true,true,false,TankWar_P1|TankWar_P2|TankWar_P3|TankWar_P4|TankWar_P5,TankWar_P1|TankWar_P2|TankWar_P3|TankWar_P4|TankWar_P5,EQUAL,9,9,false,false,false,COMMON_TARGET_DEPENDENCY,TARGET_PRESENT_IN_ALL_PRODUCTS,false,LOW,D1016
RC-0384,Maler$$PC.gameLevel,METHOD,Maler$$PC.GAME_HEIGHT,FIELD,FIELD_REFERENCE,C:\Users\JBNU\git\ConstraintsRecovery\assets\tankwar\asset2:IF:8-332,C:\Users\JBNU\git\ConstraintsRecovery\assets\tankwar\asset2:IF:8-332,asset2,asset2,true,true,true,false,TankWar_P1|TankWar_P2|TankWar_P3|TankWar_P4|TankWar_P5,TankWar_P1|TankWar_P2|TankWar_P3|TankWar_P4|TankWar_P5,EQUAL,2,2,false,false,false,COMMON_TARGET_DEPENDENCY,TARGET_PRESENT_IN_ALL_PRODUCTS,false,LOW,D928
RC-0385,Maler$$PC.gameLevel,METHOD,Maler$$PC.GAME_WIDTH,FIELD,FIELD_REFERENCE,C:\Users\JBNU\git\ConstraintsRecovery\assets\tankwar\asset2:IF:8-332,C:\Users\JBNU\git\ConstraintsRecovery\assets\tankwar\asset2:IF:8-332,asset2,asset2,true,true,true,false,TankWar_P1|TankWar_P2|TankWar_P3|TankWar_P4|TankWar_P5,TankWar_P1|TankWar_P2|TankWar_P3|TankWar_P4|TankWar_P5,EQUAL,2,2,false,false,false,COMMON_TARGET_DEPENDENCY,TARGET_PRESENT_IN_ALL_PRODUCTS,false,LOW,D927
RC-0386,Maler$$PC.gameLevel,METHOD,Maler$$PC.frame,FIELD,FIELD_REFERENCE,C:\Users\JBNU\git\ConstraintsRecovery\assets\tankwar\asset2:IF:8-332,C:\Users\JBNU\git\ConstraintsRecovery\assets\tankwar\asset2:IF:8-332,asset2,asset2,true,true,true,false,TankWar_P1|TankWar_P2|TankWar_P3|TankWar_P4|TankWar_P5,TankWar_P1|TankWar_P2|TankWar_P3|TankWar_P4|TankWar_P5,EQUAL,2,2,false,false,false,COMMON_TARGET_DEPENDENCY,TARGET_PRESENT_IN_ALL_PRODUCTS,false,LOW,D925
RC-0387,Maler$$PC.gameLevel,METHOD,Maler$$PC.gTemp,FIELD,FIELD_REFERENCE,C:\Users\JBNU\git\ConstraintsRecovery\assets\tankwar\asset2:IF:8-332,C:\Users\JBNU\git\ConstraintsRecovery\assets\tankwar\asset2:IF:8-332,asset2,asset2,true,true,true,false,TankWar_P1|TankWar_P2|TankWar_P3|TankWar_P4|TankWar_P5,TankWar_P1|TankWar_P2|TankWar_P3|TankWar_P4|TankWar_P5,EQUAL,1,1,false,false,false,COMMON_TARGET_DEPENDENCY,TARGET_PRESENT_IN_ALL_PRODUCTS,false,LOW,D950
RC-0388,Maler$$PC.gameLevel,METHOD,Maler$$PC.gamescreenstart,METHOD,METHOD_CALL,C:\Users\JBNU\git\ConstraintsRecovery\assets\tankwar\asset2:IF:8-332,C:\Users\JBNU\git\ConstraintsRecovery\assets\tankwar\asset2:IF:8-332,asset2,asset2,true,true,true,false,TankWar_P1|TankWar_P2|TankWar_P3|TankWar_P4|TankWar_P5,TankWar_P1|TankWar_P2|TankWar_P3|TankWar_P4|TankWar_P5,EQUAL,1,1,false,false,false,COMMON_TARGET_DEPENDENCY,TARGET_PRESENT_IN_ALL_PRODUCTS,false,LOW,D954
RC-0389,Maler$$PC.gameLevel,METHOD,Maler$$PC.infoPanel,FIELD,FIELD_REFERENCE,C:\Users\JBNU\git\ConstraintsRecovery\assets\tankwar\asset2:IF:8-332,C:\Users\JBNU\git\ConstraintsRecovery\assets\tankwar\asset2:IF:8-332,asset2,asset2,true,true,true,false,TankWar_P1|TankWar_P2|TankWar_P3|TankWar_P4|TankWar_P5,TankWar_P1|TankWar_P2|TankWar_P3|TankWar_P4|TankWar_P5,EQUAL,1,1,false,false,false,COMMON_TARGET_DEPENDENCY,TARGET_PRESENT_IN_ALL_PRODUCTS,false,LOW,D926
RC-0390,Maler$$PC.gameLevel,METHOD,Maler$$PC.infoWidth,FIELD,FIELD_REFERENCE,C:\Users\JBNU\git\ConstraintsRecovery\assets\tankwar\asset2:IF:8-332,C:\Users\JBNU\git\ConstraintsRecovery\assets\tankwar\asset2:IF:8-332,asset2,asset2,true,true,true,false,TankWar_P1|TankWar_P2|TankWar_P3|TankWar_P4|TankWar_P5,TankWar_P1|TankWar_P2|TankWar_P3|TankWar_P4|TankWar_P5,EQUAL,2,2,false,false,false,COMMON_TARGET_DEPENDENCY,TARGET_PRESENT_IN_ALL_PRODUCTS,false,LOW,D929
RC-0391,Maler$$PC.gameLevel,METHOD,Maler$$PC.menu,FIELD,FIELD_REFERENCE,C:\Users\JBNU\git\ConstraintsRecovery\assets\tankwar\asset2:IF:8-332,C:\Users\JBNU\git\ConstraintsRecovery\assets\tankwar\asset2:IF:8-332,asset2,asset2,true,true,true,false,TankWar_P1|TankWar_P2|TankWar_P3|TankWar_P4|TankWar_P5,TankWar_P1|TankWar_P2|TankWar_P3|TankWar_P4|TankWar_P5,EQUAL,12,12,false,false,false,COMMON_TARGET_DEPENDENCY,TARGET_PRESENT_IN_ALL_PRODUCTS,false,LOW,D923
RC-0392,Maler$$PC.gameLevel,METHOD,Maler$$PC.time,FIELD,FIELD_REFERENCE,C:\Users\JBNU\git\ConstraintsRecovery\assets\tankwar\asset2:IF:8-332,C:\Users\JBNU\git\ConstraintsRecovery\assets\tankwar\asset2:IF:8-332,asset2,asset2,true,true,true,false,TankWar_P1|TankWar_P2|TankWar_P3|TankWar_P4|TankWar_P5,TankWar_P1|TankWar_P2|TankWar_P3|TankWar_P4|TankWar_P5,EQUAL,2,2,false,false,false,COMMON_TARGET_DEPENDENCY,TARGET_PRESENT_IN_ALL_PRODUCTS,false,LOW,D924
RC-0393,Maler$$PC.gameLose,METHOD,Maler$$PC.GAME_HEIGHT,FIELD,FIELD_REFERENCE,C:\Users\JBNU\git\ConstraintsRecovery\assets\tankwar\asset2:IF:8-332,C:\Users\JBNU\git\ConstraintsRecovery\assets\tankwar\asset2:IF:8-332,asset2,asset2,true,true,true,false,TankWar_P1|TankWar_P2|TankWar_P3|TankWar_P4|TankWar_P5,TankWar_P1|TankWar_P2|TankWar_P3|TankWar_P4|TankWar_P5,EQUAL,2,2,false,false,false,COMMON_TARGET_DEPENDENCY,TARGET_PRESENT_IN_ALL_PRODUCTS,false,LOW,D961
RC-0394,Maler$$PC.gameLose,METHOD,Maler$$PC.GAME_WIDTH,FIELD,FIELD_REFERENCE,C:\Users\JBNU\git\ConstraintsRecovery\assets\tankwar\asset2:IF:8-332,C:\Users\JBNU\git\ConstraintsRecovery\assets\tankwar\asset2:IF:8-332,asset2,asset2,true,true,true,false,TankWar_P1|TankWar_P2|TankWar_P3|TankWar_P4|TankWar_P5,TankWar_P1|TankWar_P2|TankWar_P3|TankWar_P4|TankWar_P5,EQUAL,2,2,false,false,false,COMMON_TARGET_DEPENDENCY,TARGET_PRESENT_IN_ALL_PRODUCTS,false,LOW,D960
RC-0395,Maler$$PC.gameLose,METHOD,Maler$$PC.frame,FIELD,FIELD_REFERENCE,C:\Users\JBNU\git\ConstraintsRecovery\assets\tankwar\asset2:IF:8-332,C:\Users\JBNU\git\ConstraintsRecovery\assets\tankwar\asset2:IF:8-332,asset2,asset2,true,true,true,false,TankWar_P1|TankWar_P2|TankWar_P3|TankWar_P4|TankWar_P5,TankWar_P1|TankWar_P2|TankWar_P3|TankWar_P4|TankWar_P5,EQUAL,2,2,false,false,false,COMMON_TARGET_DEPENDENCY,TARGET_PRESENT_IN_ALL_PRODUCTS,false,LOW,D978
RC-0396,Maler$$PC.gameLose,METHOD,Maler$$PC.gTemp,FIELD,FIELD_REFERENCE,C:\Users\JBNU\git\ConstraintsRecovery\assets\tankwar\asset2:IF:8-332,C:\Users\JBNU\git\ConstraintsRecovery\assets\tankwar\asset2:IF:8-332,asset2,asset2,true,true,true,false,TankWar_P1|TankWar_P2|TankWar_P3|TankWar_P4|TankWar_P5,TankWar_P1|TankWar_P2|TankWar_P3|TankWar_P4|TankWar_P5,EQUAL,1,1,false,false,false,COMMON_TARGET_DEPENDENCY,TARGET_PRESENT_IN_ALL_PRODUCTS,false,LOW,D974
RC-0397,Maler$$PC.gameLose,METHOD,Maler$$PC.gameManager,FIELD,FIELD_REFERENCE,C:\Users\JBNU\git\ConstraintsRecovery\assets\tankwar\asset2:IF:8-332,C:\Users\JBNU\git\ConstraintsRecovery\assets\tankwar\asset2:IF:8-332,asset2,asset2,true,true,true,false,TankWar_P1|TankWar_P2|TankWar_P3|TankWar_P4|TankWar_P5,TankWar_P1|TankWar_P2|TankWar_P3|TankWar_P4|TankWar_P5,EQUAL,1,1,false,false,false,COMMON_TARGET_DEPENDENCY,TARGET_PRESENT_IN_ALL_PRODUCTS,false,LOW,D984
RC-0398,Maler$$PC.gameLose,METHOD,Maler$$PC.infoPanel,FIELD,FIELD_REFERENCE,C:\Users\JBNU\git\ConstraintsRecovery\assets\tankwar\asset2:IF:8-332,C:\Users\JBNU\git\ConstraintsRecovery\assets\tankwar\asset2:IF:8-332,asset2,asset2,true,true,true,false,TankWar_P1|TankWar_P2|TankWar_P3|TankWar_P4|TankWar_P5,TankWar_P1|TankWar_P2|TankWar_P3|TankWar_P4|TankWar_P5,EQUAL,1,1,false,false,false,COMMON_TARGET_DEPENDENCY,TARGET_PRESENT_IN_ALL_PRODUCTS,false,LOW,D979
RC-0399,Maler$$PC.gameLose,METHOD,Maler$$PC.infoWidth,FIELD,FIELD_REFERENCE,C:\Users\JBNU\git\ConstraintsRecovery\assets\tankwar\asset2:IF:8-332,C:\Users\JBNU\git\ConstraintsRecovery\assets\tankwar\asset2:IF:8-332,asset2,asset2,true,true,true,false,TankWar_P1|TankWar_P2|TankWar_P3|TankWar_P4|TankWar_P5,TankWar_P1|TankWar_P2|TankWar_P3|TankWar_P4|TankWar_P5,EQUAL,2,2,false,false,false,COMMON_TARGET_DEPENDENCY,TARGET_PRESENT_IN_ALL_PRODUCTS,false,LOW,D963
RC-0400,Maler$$PC.gameLose,METHOD,Maler$$PC.menu,FIELD,FIELD_REFERENCE,C:\Users\JBNU\git\ConstraintsRecovery\assets\tankwar\asset2:IF:8-332,C:\Users\JBNU\git\ConstraintsRecovery\assets\tankwar\asset2:IF:8-332,asset2,asset2,true,true,true,false,TankWar_P1|TankWar_P2|TankWar_P3|TankWar_P4|TankWar_P5,TankWar_P1|TankWar_P2|TankWar_P3|TankWar_P4|TankWar_P5,EQUAL,10,10,false,false,false,COMMON_TARGET_DEPENDENCY,TARGET_PRESENT_IN_ALL_PRODUCTS,false,LOW,D956
RC-0401,Maler$$PC.gameLose,METHOD,Maler$$PC.time,FIELD,FIELD_REFERENCE,C:\Users\JBNU\git\ConstraintsRecovery\assets\tankwar\asset2:IF:8-332,C:\Users\JBNU\git\ConstraintsRecovery\assets\tankwar\asset2:IF:8-332,asset2,asset2,true,true,true,false,TankWar_P1|TankWar_P2|TankWar_P3|TankWar_P4|TankWar_P5,TankWar_P1|TankWar_P2|TankWar_P3|TankWar_P4|TankWar_P5,EQUAL,2,2,false,false,false,COMMON_TARGET_DEPENDENCY,TARGET_PRESENT_IN_ALL_PRODUCTS,false,LOW,D957
RC-0402,Maler$$PC.gameWin,METHOD,Maler$$PC.GAME_HEIGHT,FIELD,FIELD_REFERENCE,C:\Users\JBNU\git\ConstraintsRecovery\assets\tankwar\asset2:IF:8-332,C:\Users\JBNU\git\ConstraintsRecovery\assets\tankwar\asset2:IF:8-332,asset2,asset2,true,true,true,false,TankWar_P1|TankWar_P2|TankWar_P3|TankWar_P4|TankWar_P5,TankWar_P1|TankWar_P2|TankWar_P3|TankWar_P4|TankWar_P5,EQUAL,2,2,false,false,false,COMMON_TARGET_DEPENDENCY,TARGET_PRESENT_IN_ALL_PRODUCTS,false,LOW,D991
RC-0403,Maler$$PC.gameWin,METHOD,Maler$$PC.GAME_WIDTH,FIELD,FIELD_REFERENCE,C:\Users\JBNU\git\ConstraintsRecovery\assets\tankwar\asset2:IF:8-332,C:\Users\JBNU\git\ConstraintsRecovery\assets\tankwar\asset2:IF:8-332,asset2,asset2,true,true,true,false,TankWar_P1|TankWar_P2|TankWar_P3|TankWar_P4|TankWar_P5,TankWar_P1|TankWar_P2|TankWar_P3|TankWar_P4|TankWar_P5,EQUAL,2,2,false,false,false,COMMON_TARGET_DEPENDENCY,TARGET_PRESENT_IN_ALL_PRODUCTS,false,LOW,D990
RC-0404,Maler$$PC.gameWin,METHOD,Maler$$PC.frame,FIELD,FIELD_REFERENCE,C:\Users\JBNU\git\ConstraintsRecovery\assets\tankwar\asset2:IF:8-332,C:\Users\JBNU\git\ConstraintsRecovery\assets\tankwar\asset2:IF:8-332,asset2,asset2,true,true,true,false,TankWar_P1|TankWar_P2|TankWar_P3|TankWar_P4|TankWar_P5,TankWar_P1|TankWar_P2|TankWar_P3|TankWar_P4|TankWar_P5,EQUAL,2,2,false,false,false,COMMON_TARGET_DEPENDENCY,TARGET_PRESENT_IN_ALL_PRODUCTS,false,LOW,D988
RC-0405,Maler$$PC.gameWin,METHOD,Maler$$PC.gTemp,FIELD,FIELD_REFERENCE,C:\Users\JBNU\git\ConstraintsRecovery\assets\tankwar\asset2:IF:8-332,C:\Users\JBNU\git\ConstraintsRecovery\assets\tankwar\asset2:IF:8-332,asset2,asset2,true,true,true,false,TankWar_P1|TankWar_P2|TankWar_P3|TankWar_P4|TankWar_P5,TankWar_P1|TankWar_P2|TankWar_P3|TankWar_P4|TankWar_P5,EQUAL,1,1,false,false,false,COMMON_TARGET_DEPENDENCY,TARGET_PRESENT_IN_ALL_PRODUCTS,false,LOW,D1010
RC-0406,Maler$$PC.gameWin,METHOD,Maler$$PC.gameManager,FIELD,FIELD_REFERENCE,C:\Users\JBNU\git\ConstraintsRecovery\assets\tankwar\asset2:IF:8-332,C:\Users\JBNU\git\ConstraintsRecovery\assets\tankwar\asset2:IF:8-332,asset2,asset2,true,true,true,false,TankWar_P1|TankWar_P2|TankWar_P3|TankWar_P4|TankWar_P5,TankWar_P1|TankWar_P2|TankWar_P3|TankWar_P4|TankWar_P5,EQUAL,1,1,false,false,false,COMMON_TARGET_DEPENDENCY,TARGET_PRESENT_IN_ALL_PRODUCTS,false,LOW,D1014
RC-0407,Maler$$PC.gameWin,METHOD,Maler$$PC.infoPanel,FIELD,FIELD_REFERENCE,C:\Users\JBNU\git\ConstraintsRecovery\assets\tankwar\asset2:IF:8-332,C:\Users\JBNU\git\ConstraintsRecovery\assets\tankwar\asset2:IF:8-332,asset2,asset2,true,true,true,false,TankWar_P1|TankWar_P2|TankWar_P3|TankWar_P4|TankWar_P5,TankWar_P1|TankWar_P2|TankWar_P3|TankWar_P4|TankWar_P5,EQUAL,1,1,false,false,false,COMMON_TARGET_DEPENDENCY,TARGET_PRESENT_IN_ALL_PRODUCTS,false,LOW,D989
RC-0408,Maler$$PC.gameWin,METHOD,Maler$$PC.infoWidth,FIELD,FIELD_REFERENCE,C:\Users\JBNU\git\ConstraintsRecovery\assets\tankwar\asset2:IF:8-332,C:\Users\JBNU\git\ConstraintsRecovery\assets\tankwar\asset2:IF:8-332,asset2,asset2,true,true,true,false,TankWar_P1|TankWar_P2|TankWar_P3|TankWar_P4|TankWar_P5,TankWar_P1|TankWar_P2|TankWar_P3|TankWar_P4|TankWar_P5,EQUAL,2,2,false,false,false,COMMON_TARGET_DEPENDENCY,TARGET_PRESENT_IN_ALL_PRODUCTS,false,LOW,D992
RC-0409,Maler$$PC.gameWin,METHOD,Maler$$PC.menu,FIELD,FIELD_REFERENCE,C:\Users\JBNU\git\ConstraintsRecovery\assets\tankwar\asset2:IF:8-332,C:\Users\JBNU\git\ConstraintsRecovery\assets\tankwar\asset2:IF:8-332,asset2,asset2,true,true,true,false,TankWar_P1|TankWar_P2|TankWar_P3|TankWar_P4|TankWar_P5,TankWar_P1|TankWar_P2|TankWar_P3|TankWar_P4|TankWar_P5,EQUAL,10,10,false,false,false,COMMON_TARGET_DEPENDENCY,TARGET_PRESENT_IN_ALL_PRODUCTS,false,LOW,D986
RC-0410,Maler$$PC.gameWin,METHOD,Maler$$PC.time,FIELD,FIELD_REFERENCE,C:\Users\JBNU\git\ConstraintsRecovery\assets\tankwar\asset2:IF:8-332,C:\Users\JBNU\git\ConstraintsRecovery\assets\tankwar\asset2:IF:8-332,asset2,asset2,true,true,true,false,TankWar_P1|TankWar_P2|TankWar_P3|TankWar_P4|TankWar_P5,TankWar_P1|TankWar_P2|TankWar_P3|TankWar_P4|TankWar_P5,EQUAL,2,2,false,false,false,COMMON_TARGET_DEPENDENCY,TARGET_PRESENT_IN_ALL_PRODUCTS,false,LOW,D987
RC-0411,Maler$$PC.gamescreenstart,METHOD,Maler$$PC.GAME_HEIGHT,FIELD,FIELD_REFERENCE,C:\Users\JBNU\git\ConstraintsRecovery\assets\tankwar\asset2:IF:8-332,C:\Users\JBNU\git\ConstraintsRecovery\assets\tankwar\asset2:IF:8-332,asset2,asset2,true,true,true,false,TankWar_P1|TankWar_P2|TankWar_P3|TankWar_P4|TankWar_P5,TankWar_P1|TankWar_P2|TankWar_P3|TankWar_P4|TankWar_P5,EQUAL,1,1,false,false,false,COMMON_TARGET_DEPENDENCY,TARGET_PRESENT_IN_ALL_PRODUCTS,false,LOW,D1043
RC-0412,Maler$$PC.gamescreenstart,METHOD,Maler$$PC.GAME_WIDTH,FIELD,FIELD_REFERENCE,C:\Users\JBNU\git\ConstraintsRecovery\assets\tankwar\asset2:IF:8-332,C:\Users\JBNU\git\ConstraintsRecovery\assets\tankwar\asset2:IF:8-332,asset2,asset2,true,true,true,false,TankWar_P1|TankWar_P2|TankWar_P3|TankWar_P4|TankWar_P5,TankWar_P1|TankWar_P2|TankWar_P3|TankWar_P4|TankWar_P5,EQUAL,1,1,false,false,false,COMMON_TARGET_DEPENDENCY,TARGET_PRESENT_IN_ALL_PRODUCTS,false,LOW,D1042
RC-0413,Maler$$PC.gamescreenstart,METHOD,Maler$$PC.frame,FIELD,FIELD_REFERENCE,C:\Users\JBNU\git\ConstraintsRecovery\assets\tankwar\asset2:IF:8-332,C:\Users\JBNU\git\ConstraintsRecovery\assets\tankwar\asset2:IF:8-332,asset2,asset2,true,true,true,false,TankWar_P1|TankWar_P2|TankWar_P3|TankWar_P4|TankWar_P5,TankWar_P1|TankWar_P2|TankWar_P3|TankWar_P4|TankWar_P5,EQUAL,2,2,false,false,false,COMMON_TARGET_DEPENDENCY,TARGET_PRESENT_IN_ALL_PRODUCTS,false,LOW,D1044
RC-0414,Maler$$PC.gamescreenstart,METHOD,Maler$$PC.gameManager,FIELD,FIELD_REFERENCE,C:\Users\JBNU\git\ConstraintsRecovery\assets\tankwar\asset2:IF:8-332,C:\Users\JBNU\git\ConstraintsRecovery\assets\tankwar\asset2:IF:8-332,asset2,asset2,true,true,true,false,TankWar_P1|TankWar_P2|TankWar_P3|TankWar_P4|TankWar_P5,TankWar_P1|TankWar_P2|TankWar_P3|TankWar_P4|TankWar_P5,EQUAL,1,1,false,false,false,COMMON_TARGET_DEPENDENCY,TARGET_PRESENT_IN_ALL_PRODUCTS,false,LOW,D1041
RC-0415,Maler$$PC.gamescreenstart,METHOD,Maler$$PC.infoPanel,FIELD,FIELD_REFERENCE,C:\Users\JBNU\git\ConstraintsRecovery\assets\tankwar\asset2:IF:8-332,C:\Users\JBNU\git\ConstraintsRecovery\assets\tankwar\asset2:IF:8-332,asset2,asset2,true,true,true,false,TankWar_P1|TankWar_P2|TankWar_P3|TankWar_P4|TankWar_P5,TankWar_P1|TankWar_P2|TankWar_P3|TankWar_P4|TankWar_P5,EQUAL,1,1,false,false,false,COMMON_TARGET_DEPENDENCY,TARGET_PRESENT_IN_ALL_PRODUCTS,false,LOW,D1045
RC-0416,Maler$$PC.gamescreenstart,METHOD,Maler$$PC.menu,FIELD,FIELD_REFERENCE,C:\Users\JBNU\git\ConstraintsRecovery\assets\tankwar\asset2:IF:8-332,C:\Users\JBNU\git\ConstraintsRecovery\assets\tankwar\asset2:IF:8-332,asset2,asset2,true,true,true,false,TankWar_P1|TankWar_P2|TankWar_P3|TankWar_P4|TankWar_P5,TankWar_P1|TankWar_P2|TankWar_P3|TankWar_P4|TankWar_P5,EQUAL,1,1,false,false,false,COMMON_TARGET_DEPENDENCY,TARGET_PRESENT_IN_ALL_PRODUCTS,false,LOW,D1047
RC-0417,Maler$$PC.getScreenHeight,METHOD,Maler$$PC.GAME_HEIGHT,FIELD,FIELD_REFERENCE,C:\Users\JBNU\git\ConstraintsRecovery\assets\tankwar\asset2:IF:8-332,C:\Users\JBNU\git\ConstraintsRecovery\assets\tankwar\asset2:IF:8-332,asset2,asset2,true,true,true,false,TankWar_P1|TankWar_P2|TankWar_P3|TankWar_P4|TankWar_P5,TankWar_P1|TankWar_P2|TankWar_P3|TankWar_P4|TankWar_P5,EQUAL,1,1,false,false,false,COMMON_TARGET_DEPENDENCY,TARGET_PRESENT_IN_ALL_PRODUCTS,false,LOW,D1107
RC-0418,Maler$$PC.getScreenWidth,METHOD,Maler$$PC.GAME_WIDTH,FIELD,FIELD_REFERENCE,C:\Users\JBNU\git\ConstraintsRecovery\assets\tankwar\asset2:IF:8-332,C:\Users\JBNU\git\ConstraintsRecovery\assets\tankwar\asset2:IF:8-332,asset2,asset2,true,true,true,false,TankWar_P1|TankWar_P2|TankWar_P3|TankWar_P4|TankWar_P5,TankWar_P1|TankWar_P2|TankWar_P3|TankWar_P4|TankWar_P5,EQUAL,1,1,false,false,false,COMMON_TARGET_DEPENDENCY,TARGET_PRESENT_IN_ALL_PRODUCTS,false,LOW,D1106
RC-0419,Maler$$PC.help,METHOD,Maler$$PC.gTemp,FIELD,FIELD_REFERENCE,C:\Users\JBNU\git\ConstraintsRecovery\assets\tankwar\asset2:IF:8-332,C:\Users\JBNU\git\ConstraintsRecovery\assets\tankwar\asset2:IF:8-332,asset2,asset2,true,true,true,false,TankWar_P1|TankWar_P2|TankWar_P3|TankWar_P4|TankWar_P5,TankWar_P1|TankWar_P2|TankWar_P3|TankWar_P4|TankWar_P5,EQUAL,1,1,false,false,false,COMMON_TARGET_DEPENDENCY,TARGET_PRESENT_IN_ALL_PRODUCTS,false,LOW,D908
RC-0420,Maler$$PC.help,METHOD,Maler$$PC.helpItemErstellen,METHOD,METHOD_CALL,C:\Users\JBNU\git\ConstraintsRecovery\assets\tankwar\asset2:IF:8-332,C:\Users\JBNU\git\ConstraintsRecovery\assets\tankwar\asset2:IF:8-332,asset2,asset2,true,true,true,false,TankWar_P1|TankWar_P2|TankWar_P3|TankWar_P4|TankWar_P5,TankWar_P1|TankWar_P2|TankWar_P3|TankWar_P4|TankWar_P5,EQUAL,1,1,false,false,false,COMMON_TARGET_DEPENDENCY,TARGET_PRESENT_IN_ALL_PRODUCTS,false,LOW,D907
RC-0421,Maler$$PC.help,METHOD,Maler$$PC.menu,FIELD,FIELD_REFERENCE,C:\Users\JBNU\git\ConstraintsRecovery\assets\tankwar\asset2:IF:8-332,C:\Users\JBNU\git\ConstraintsRecovery\assets\tankwar\asset2:IF:8-332,asset2,asset2,true,true,true,false,TankWar_P1|TankWar_P2|TankWar_P3|TankWar_P4|TankWar_P5,TankWar_P1|TankWar_P2|TankWar_P3|TankWar_P4|TankWar_P5,EQUAL,2,2,false,false,false,COMMON_TARGET_DEPENDENCY,TARGET_PRESENT_IN_ALL_PRODUCTS,false,LOW,D906
RC-0422,Maler$$PC.helpItemErstellen,METHOD,Maler$$PC.GAME_HEIGHT,FIELD,FIELD_REFERENCE,C:\Users\JBNU\git\ConstraintsRecovery\assets\tankwar\asset2:IF:8-332,C:\Users\JBNU\git\ConstraintsRecovery\assets\tankwar\asset2:IF:8-332,asset2,asset2,true,true,true,false,TankWar_P1|TankWar_P2|TankWar_P3|TankWar_P4|TankWar_P5,TankWar_P1|TankWar_P2|TankWar_P3|TankWar_P4|TankWar_P5,EQUAL,1,1,false,false,false,COMMON_TARGET_DEPENDENCY,TARGET_PRESENT_IN_ALL_PRODUCTS,false,LOW,D918
RC-0423,Maler$$PC.helpItemErstellen,METHOD,Maler$$PC.GAME_WIDTH,FIELD,FIELD_REFERENCE,C:\Users\JBNU\git\ConstraintsRecovery\assets\tankwar\asset2:IF:8-332,C:\Users\JBNU\git\ConstraintsRecovery\assets\tankwar\asset2:IF:8-332,asset2,asset2,true,true,true,false,TankWar_P1|TankWar_P2|TankWar_P3|TankWar_P4|TankWar_P5,TankWar_P1|TankWar_P2|TankWar_P3|TankWar_P4|TankWar_P5,EQUAL,1,1,false,false,false,COMMON_TARGET_DEPENDENCY,TARGET_PRESENT_IN_ALL_PRODUCTS,false,LOW,D917
RC-0424,Maler$$PC.helpItemErstellen,METHOD,Maler$$PC.infoWidth,FIELD,FIELD_REFERENCE,C:\Users\JBNU\git\ConstraintsRecovery\assets\tankwar\asset2:IF:8-332,C:\Users\JBNU\git\ConstraintsRecovery\assets\tankwar\asset2:IF:8-332,asset2,asset2,true,true,true,false,TankWar_P1|TankWar_P2|TankWar_P3|TankWar_P4|TankWar_P5,TankWar_P1|TankWar_P2|TankWar_P3|TankWar_P4|TankWar_P5,EQUAL,1,1,false,false,false,COMMON_TARGET_DEPENDENCY,TARGET_PRESENT_IN_ALL_PRODUCTS,false,LOW,D920
RC-0425,Maler$$PC.helpItemErstellen,METHOD,Maler$$PC.loadImage,METHOD,METHOD_CALL,C:\Users\JBNU\git\ConstraintsRecovery\assets\tankwar\asset2:IF:8-332,C:\Users\JBNU\git\ConstraintsRecovery\assets\tankwar\asset2:IF:8-332,asset2,asset2,true,true,true,false,TankWar_P1|TankWar_P2|TankWar_P3|TankWar_P4|TankWar_P5,TankWar_P1|TankWar_P2|TankWar_P3|TankWar_P4|TankWar_P5,EQUAL,1,1,false,false,false,COMMON_TARGET_DEPENDENCY,TARGET_PRESENT_IN_ALL_PRODUCTS,false,LOW,D914
RC-0426,Maler$$PC.helpItemErstellen,METHOD,Maler$$PC.menu,FIELD,FIELD_REFERENCE,C:\Users\JBNU\git\ConstraintsRecovery\assets\tankwar\asset2:IF:8-332,C:\Users\JBNU\git\ConstraintsRecovery\assets\tankwar\asset2:IF:8-332,asset2,asset2,true,true,true,false,TankWar_P1|TankWar_P2|TankWar_P3|TankWar_P4|TankWar_P5,TankWar_P1|TankWar_P2|TankWar_P3|TankWar_P4|TankWar_P5,EQUAL,4,4,false,false,false,COMMON_TARGET_DEPENDENCY,TARGET_PRESENT_IN_ALL_PRODUCTS,false,LOW,D912
RC-0427,Maler$$PC.init,METHOD,Maler$$PC.GAME_HEIGHT,FIELD,FIELD_REFERENCE,C:\Users\JBNU\git\ConstraintsRecovery\assets\tankwar\asset2:IF:8-332,C:\Users\JBNU\git\ConstraintsRecovery\assets\tankwar\asset2:IF:8-332,asset2,asset2,true,true,true,false,TankWar_P1|TankWar_P2|TankWar_P3|TankWar_P4|TankWar_P5,TankWar_P1|TankWar_P2|TankWar_P3|TankWar_P4|TankWar_P5,EQUAL,1,1,false,false,false,COMMON_TARGET_DEPENDENCY,TARGET_PRESENT_IN_ALL_PRODUCTS,false,LOW,D1122
RC-0428,Maler$$PC.init,METHOD,Maler$$PC.GAME_WIDTH,FIELD,FIELD_REFERENCE,C:\Users\JBNU\git\ConstraintsRecovery\assets\tankwar\asset2:IF:8-332,C:\Users\JBNU\git\ConstraintsRecovery\assets\tankwar\asset2:IF:8-332,asset2,asset2,true,true,true,false,TankWar_P1|TankWar_P2|TankWar_P3|TankWar_P4|TankWar_P5,TankWar_P1|TankWar_P2|TankWar_P3|TankWar_P4|TankWar_P5,EQUAL,1,1,false,false,false,COMMON_TARGET_DEPENDENCY,TARGET_PRESENT_IN_ALL_PRODUCTS,false,LOW,D1121
RC-0429,Maler$$PC.init,METHOD,Maler$$PC.frame,FIELD,FIELD_REFERENCE,C:\Users\JBNU\git\ConstraintsRecovery\assets\tankwar\asset2:IF:8-332,C:\Users\JBNU\git\ConstraintsRecovery\assets\tankwar\asset2:IF:8-332,asset2,asset2,true,true,true,false,TankWar_P1|TankWar_P2|TankWar_P3|TankWar_P4|TankWar_P5,TankWar_P1|TankWar_P2|TankWar_P3|TankWar_P4|TankWar_P5,EQUAL,7,7,false,false,false,COMMON_TARGET_DEPENDENCY,TARGET_PRESENT_IN_ALL_PRODUCTS,false,LOW,D1124
RC-0430,Maler$$PC.init,METHOD,Maler$$PC.gameManager,FIELD,FIELD_REFERENCE,C:\Users\JBNU\git\ConstraintsRecovery\assets\tankwar\asset2:IF:8-332,C:\Users\JBNU\git\ConstraintsRecovery\assets\tankwar\asset2:IF:8-332,asset2,asset2,true,true,true,false,TankWar_P1|TankWar_P2|TankWar_P3|TankWar_P4|TankWar_P5,TankWar_P1|TankWar_P2|TankWar_P3|TankWar_P4|TankWar_P5,EQUAL,1,1,false,false,false,COMMON_TARGET_DEPENDENCY,TARGET_PRESENT_IN_ALL_PRODUCTS,false,LOW,D1130
RC-0431,Maler$$PC.init,METHOD,Maler$$PC.gamesize,METHOD,METHOD_CALL,C:\Users\JBNU\git\ConstraintsRecovery\assets\tankwar\asset2:IF:8-332,C:\Users\JBNU\git\ConstraintsRecovery\assets\tankwar\asset2:IF:8-332,asset2,asset2,true,true,true,false,TankWar_P1|TankWar_P2|TankWar_P3|TankWar_P4|TankWar_P5,TankWar_P1|TankWar_P2|TankWar_P3|TankWar_P4|TankWar_P5,EQUAL,1,1,false,false,false,COMMON_TARGET_DEPENDENCY,TARGET_PRESENT_IN_ALL_PRODUCTS,false,LOW,D1116
RC-0432,Maler$$PC.init,METHOD,Maler$$PC.infoPanel,FIELD,FIELD_REFERENCE,C:\Users\JBNU\git\ConstraintsRecovery\assets\tankwar\asset2:IF:8-332,C:\Users\JBNU\git\ConstraintsRecovery\assets\tankwar\asset2:IF:8-332,asset2,asset2,true,true,true,false,TankWar_P1|TankWar_P2|TankWar_P3|TankWar_P4|TankWar_P5,TankWar_P1|TankWar_P2|TankWar_P3|TankWar_P4|TankWar_P5,EQUAL,1,1,false,false,false,COMMON_TARGET_DEPENDENCY,TARGET_PRESENT_IN_ALL_PRODUCTS,false,LOW,D1118
RC-0433,Maler$$PC.init,METHOD,Maler$$PC.infoWidth,FIELD,FIELD_REFERENCE,C:\Users\JBNU\git\ConstraintsRecovery\assets\tankwar\asset2:IF:8-332,C:\Users\JBNU\git\ConstraintsRecovery\assets\tankwar\asset2:IF:8-332,asset2,asset2,true,true,true,false,TankWar_P1|TankWar_P2|TankWar_P3|TankWar_P4|TankWar_P5,TankWar_P1|TankWar_P2|TankWar_P3|TankWar_P4|TankWar_P5,EQUAL,2,2,false,false,false,COMMON_TARGET_DEPENDENCY,TARGET_PRESENT_IN_ALL_PRODUCTS,false,LOW,D1120
RC-0434,Maler$$PC.keyPressedBehandeln,METHOD,Maler$$PC.menu,FIELD,FIELD_REFERENCE,C:\Users\JBNU\git\ConstraintsRecovery\assets\tankwar\asset2:IF:8-332,C:\Users\JBNU\git\ConstraintsRecovery\assets\tankwar\asset2:IF:8-332,asset2,asset2,true,true,true,false,TankWar_P1|TankWar_P2|TankWar_P3|TankWar_P4|TankWar_P5,TankWar_P1|TankWar_P2|TankWar_P3|TankWar_P4|TankWar_P5,EQUAL,2,2,false,false,false,COMMON_TARGET_DEPENDENCY,TARGET_PRESENT_IN_ALL_PRODUCTS,false,LOW,D1066
RC-0435,Maler$$PC.loadImage,METHOD,Maler$$PC.tk,FIELD,FIELD_REFERENCE,C:\Users\JBNU\git\ConstraintsRecovery\assets\tankwar\asset2:IF:8-332,C:\Users\JBNU\git\ConstraintsRecovery\assets\tankwar\asset2:IF:8-332,asset2,asset2,true,true,true,false,TankWar_P1|TankWar_P2|TankWar_P3|TankWar_P4|TankWar_P5,TankWar_P1|TankWar_P2|TankWar_P3|TankWar_P4|TankWar_P5,EQUAL,1,1,false,false,false,COMMON_TARGET_DEPENDENCY,TARGET_PRESENT_IN_ALL_PRODUCTS,false,LOW,D922
RC-0436,Maler$$PC.mainMenu,METHOD,Maler$$PC.gTemp,FIELD,FIELD_REFERENCE,C:\Users\JBNU\git\ConstraintsRecovery\assets\tankwar\asset2:IF:8-332,C:\Users\JBNU\git\ConstraintsRecovery\assets\tankwar\asset2:IF:8-332,asset2,asset2,true,true,true,false,TankWar_P1|TankWar_P2|TankWar_P3|TankWar_P4|TankWar_P5,TankWar_P1|TankWar_P2|TankWar_P3|TankWar_P4|TankWar_P5,EQUAL,1,1,false,false,false,COMMON_TARGET_DEPENDENCY,TARGET_PRESENT_IN_ALL_PRODUCTS,false,LOW,D1137
RC-0437,Maler$$PC.mainMenu,METHOD,Maler$$PC.mainMenuerstellen,METHOD,METHOD_CALL,C:\Users\JBNU\git\ConstraintsRecovery\assets\tankwar\asset2:IF:8-332,C:\Users\JBNU\git\ConstraintsRecovery\assets\tankwar\asset2:IF:8-332,asset2,asset2,true,true,true,false,TankWar_P1|TankWar_P2|TankWar_P3|TankWar_P4|TankWar_P5,TankWar_P1|TankWar_P2|TankWar_P3|TankWar_P4|TankWar_P5,EQUAL,1,1,false,false,false,COMMON_TARGET_DEPENDENCY,TARGET_PRESENT_IN_ALL_PRODUCTS,false,LOW,D1136
RC-0438,Maler$$PC.mainMenu,METHOD,Maler$$PC.menu,FIELD,FIELD_REFERENCE,C:\Users\JBNU\git\ConstraintsRecovery\assets\tankwar\asset2:IF:8-332,C:\Users\JBNU\git\ConstraintsRecovery\assets\tankwar\asset2:IF:8-332,asset2,asset2,true,true,true,false,TankWar_P1|TankWar_P2|TankWar_P3|TankWar_P4|TankWar_P5,TankWar_P1|TankWar_P2|TankWar_P3|TankWar_P4|TankWar_P5,EQUAL,2,2,false,false,false,COMMON_TARGET_DEPENDENCY,TARGET_PRESENT_IN_ALL_PRODUCTS,false,LOW,D1135
RC-0439,Maler$$PC.mainMenuerstellen,METHOD,Maler$$PC.GAME_HEIGHT,FIELD,FIELD_REFERENCE,C:\Users\JBNU\git\ConstraintsRecovery\assets\tankwar\asset2:IF:8-332,C:\Users\JBNU\git\ConstraintsRecovery\assets\tankwar\asset2:IF:8-332,asset2,asset2,true,true,true,false,TankWar_P1|TankWar_P2|TankWar_P3|TankWar_P4|TankWar_P5,TankWar_P1|TankWar_P2|TankWar_P3|TankWar_P4|TankWar_P5,EQUAL,3,3,false,false,false,COMMON_TARGET_DEPENDENCY,TARGET_PRESENT_IN_ALL_PRODUCTS,false,LOW,D1141
RC-0440,Maler$$PC.mainMenuerstellen,METHOD,Maler$$PC.GAME_WIDTH,FIELD,FIELD_REFERENCE,C:\Users\JBNU\git\ConstraintsRecovery\assets\tankwar\asset2:IF:8-332,C:\Users\JBNU\git\ConstraintsRecovery\assets\tankwar\asset2:IF:8-332,asset2,asset2,true,true,true,false,TankWar_P1|TankWar_P2|TankWar_P3|TankWar_P4|TankWar_P5,TankWar_P1|TankWar_P2|TankWar_P3|TankWar_P4|TankWar_P5,EQUAL,3,3,false,false,false,COMMON_TARGET_DEPENDENCY,TARGET_PRESENT_IN_ALL_PRODUCTS,false,LOW,D1140
RC-0441,Maler$$PC.mainMenuerstellen,METHOD,Maler$$PC.frame,FIELD,FIELD_REFERENCE,C:\Users\JBNU\git\ConstraintsRecovery\assets\tankwar\asset2:IF:8-332,C:\Users\JBNU\git\ConstraintsRecovery\assets\tankwar\asset2:IF:8-332,asset2,asset2,true,true,true,false,TankWar_P1|TankWar_P2|TankWar_P3|TankWar_P4|TankWar_P5,TankWar_P1|TankWar_P2|TankWar_P3|TankWar_P4|TankWar_P5,EQUAL,1,1,false,false,false,COMMON_TARGET_DEPENDENCY,TARGET_PRESENT_IN_ALL_PRODUCTS,false,LOW,D1143
RC-0442,Maler$$PC.mainMenuerstellen,METHOD,Maler$$PC.infoWidth,FIELD,FIELD_REFERENCE,C:\Users\JBNU\git\ConstraintsRecovery\assets\tankwar\asset2:IF:8-332,C:\Users\JBNU\git\ConstraintsRecovery\assets\tankwar\asset2:IF:8-332,asset2,asset2,true,true,true,false,TankWar_P1|TankWar_P2|TankWar_P3|TankWar_P4|TankWar_P5,TankWar_P1|TankWar_P2|TankWar_P3|TankWar_P4|TankWar_P5,EQUAL,3,3,false,false,false,COMMON_TARGET_DEPENDENCY,TARGET_PRESENT_IN_ALL_PRODUCTS,false,LOW,D1142
RC-0443,Maler$$PC.mainMenuerstellen,METHOD,Maler$$PC.loadImage,METHOD,METHOD_CALL,C:\Users\JBNU\git\ConstraintsRecovery\assets\tankwar\asset2:IF:8-332,C:\Users\JBNU\git\ConstraintsRecovery\assets\tankwar\asset2:IF:8-332,asset2,asset2,true,true,true,false,TankWar_P1|TankWar_P2|TankWar_P3|TankWar_P4|TankWar_P5,TankWar_P1|TankWar_P2|TankWar_P3|TankWar_P4|TankWar_P5,EQUAL,1,1,false,false,false,COMMON_TARGET_DEPENDENCY,TARGET_PRESENT_IN_ALL_PRODUCTS,false,LOW,D1163
RC-0444,Maler$$PC.mainMenuerstellen,METHOD,Maler$$PC.menu,FIELD,FIELD_REFERENCE,C:\Users\JBNU\git\ConstraintsRecovery\assets\tankwar\asset2:IF:8-332,C:\Users\JBNU\git\ConstraintsRecovery\assets\tankwar\asset2:IF:8-332,asset2,asset2,true,true,true,false,TankWar_P1|TankWar_P2|TankWar_P3|TankWar_P4|TankWar_P5,TankWar_P1|TankWar_P2|TankWar_P3|TankWar_P4|TankWar_P5,EQUAL,9,9,false,false,false,COMMON_TARGET_DEPENDENCY,TARGET_PRESENT_IN_ALL_PRODUCTS,false,LOW,D1145
RC-0445,Maler$$PC.menuBehandeln,METHOD,Maler$$PC.gameManager,FIELD,FIELD_REFERENCE,C:\Users\JBNU\git\ConstraintsRecovery\assets\tankwar\asset2:IF:8-332,C:\Users\JBNU\git\ConstraintsRecovery\assets\tankwar\asset2:IF:8-332,asset2,asset2,true,true,true,false,TankWar_P1|TankWar_P2|TankWar_P3|TankWar_P4|TankWar_P5,TankWar_P1|TankWar_P2|TankWar_P3|TankWar_P4|TankWar_P5,EQUAL,10,10,false,false,false,COMMON_TARGET_DEPENDENCY,TARGET_PRESENT_IN_ALL_PRODUCTS,false,LOW,D1069
RC-0446,Maler$$PC.menuBehandeln,METHOD,Maler$$PC.gamescreenstart,METHOD,METHOD_CALL,C:\Users\JBNU\git\ConstraintsRecovery\assets\tankwar\asset2:IF:8-332,C:\Users\JBNU\git\ConstraintsRecovery\assets\tankwar\asset2:IF:8-332,asset2,asset2,true,true,true,false,TankWar_P1|TankWar_P2|TankWar_P3|TankWar_P4|TankWar_P5,TankWar_P1|TankWar_P2|TankWar_P3|TankWar_P4|TankWar_P5,EQUAL,1,1,false,false,false,COMMON_TARGET_DEPENDENCY,TARGET_PRESENT_IN_ALL_PRODUCTS,false,LOW,D1083
RC-0447,Maler$$PC.menuBehandeln,METHOD,Maler$$PC.menu,FIELD,FIELD_REFERENCE,C:\Users\JBNU\git\ConstraintsRecovery\assets\tankwar\asset2:IF:8-332,C:\Users\JBNU\git\ConstraintsRecovery\assets\tankwar\asset2:IF:8-332,asset2,asset2,true,true,true,false,TankWar_P1|TankWar_P2|TankWar_P3|TankWar_P4|TankWar_P5,TankWar_P1|TankWar_P2|TankWar_P3|TankWar_P4|TankWar_P5,EQUAL,10,10,false,false,false,COMMON_TARGET_DEPENDENCY,TARGET_PRESENT_IN_ALL_PRODUCTS,false,LOW,D1070
RC-0448,Maler$$PC.menuBehandeln,METHOD,Maler$$PC.tankType,FIELD,FIELD_REFERENCE,C:\Users\JBNU\git\ConstraintsRecovery\assets\tankwar\asset2:IF:8-332,C:\Users\JBNU\git\ConstraintsRecovery\assets\tankwar\asset2:IF:8-332,asset2,asset2,true,true,true,false,TankWar_P1|TankWar_P2|TankWar_P3|TankWar_P4|TankWar_P5,TankWar_P1|TankWar_P2|TankWar_P3|TankWar_P4|TankWar_P5,EQUAL,3,3,false,false,false,COMMON_TARGET_DEPENDENCY,TARGET_PRESENT_IN_ALL_PRODUCTS,false,LOW,D1085
RC-0449,Maler$$PC.paint,METHOD,Maler$$PC.gTemp,FIELD,FIELD_REFERENCE,C:\Users\JBNU\git\ConstraintsRecovery\assets\tankwar\asset2:IF:8-332,C:\Users\JBNU\git\ConstraintsRecovery\assets\tankwar\asset2:IF:8-332,asset2,asset2,true,true,true,false,TankWar_P1|TankWar_P2|TankWar_P3|TankWar_P4|TankWar_P5,TankWar_P1|TankWar_P2|TankWar_P3|TankWar_P4|TankWar_P5,EQUAL,1,1,false,false,false,COMMON_TARGET_DEPENDENCY,TARGET_PRESENT_IN_ALL_PRODUCTS,false,LOW,D1133
RC-0450,Maler$$PC.paint,METHOD,Maler$$PC.gameManager,FIELD,FIELD_REFERENCE,C:\Users\JBNU\git\ConstraintsRecovery\assets\tankwar\asset2:IF:8-332,C:\Users\JBNU\git\ConstraintsRecovery\assets\tankwar\asset2:IF:8-332,asset2,asset2,true,true,true,false,TankWar_P1|TankWar_P2|TankWar_P3|TankWar_P4|TankWar_P5,TankWar_P1|TankWar_P2|TankWar_P3|TankWar_P4|TankWar_P5,EQUAL,1,1,false,false,false,COMMON_TARGET_DEPENDENCY,TARGET_PRESENT_IN_ALL_PRODUCTS,false,LOW,D1134
RC-0451,Maler$$PC.pause,METHOD,Maler$$PC.GAME_HEIGHT,FIELD,FIELD_REFERENCE,C:\Users\JBNU\git\ConstraintsRecovery\assets\tankwar\asset2:IF:8-332,C:\Users\JBNU\git\ConstraintsRecovery\assets\tankwar\asset2:IF:8-332,asset2,asset2,true,true,true,false,TankWar_P1|TankWar_P2|TankWar_P3|TankWar_P4|TankWar_P5,TankWar_P1|TankWar_P2|TankWar_P3|TankWar_P4|TankWar_P5,EQUAL,1,1,false,false,false,COMMON_TARGET_DEPENDENCY,TARGET_PRESENT_IN_ALL_PRODUCTS,false,LOW,D1052
RC-0452,Maler$$PC.pause,METHOD,Maler$$PC.GAME_WIDTH,FIELD,FIELD_REFERENCE,C:\Users\JBNU\git\ConstraintsRecovery\assets\tankwar\asset2:IF:8-332,C:\Users\JBNU\git\ConstraintsRecovery\assets\tankwar\asset2:IF:8-332,asset2,asset2,true,true,true,false,TankWar_P1|TankWar_P2|TankWar_P3|TankWar_P4|TankWar_P5,TankWar_P1|TankWar_P2|TankWar_P3|TankWar_P4|TankWar_P5,EQUAL,1,1,false,false,false,COMMON_TARGET_DEPENDENCY,TARGET_PRESENT_IN_ALL_PRODUCTS,false,LOW,D1051
RC-0453,Maler$$PC.pause,METHOD,Maler$$PC.gTemp,FIELD,FIELD_REFERENCE,C:\Users\JBNU\git\ConstraintsRecovery\assets\tankwar\asset2:IF:8-332,C:\Users\JBNU\git\ConstraintsRecovery\assets\tankwar\asset2:IF:8-332,asset2,asset2,true,true,true,false,TankWar_P1|TankWar_P2|TankWar_P3|TankWar_P4|TankWar_P5,TankWar_P1|TankWar_P2|TankWar_P3|TankWar_P4|TankWar_P5,EQUAL,1,1,false,false,false,COMMON_TARGET_DEPENDENCY,TARGET_PRESENT_IN_ALL_PRODUCTS,false,LOW,D1063
RC-0454,Maler$$PC.pause,METHOD,Maler$$PC.infoWidth,FIELD,FIELD_REFERENCE,C:\Users\JBNU\git\ConstraintsRecovery\assets\tankwar\asset2:IF:8-332,C:\Users\JBNU\git\ConstraintsRecovery\assets\tankwar\asset2:IF:8-332,asset2,asset2,true,true,true,false,TankWar_P1|TankWar_P2|TankWar_P3|TankWar_P4|TankWar_P5,TankWar_P1|TankWar_P2|TankWar_P3|TankWar_P4|TankWar_P5,EQUAL,1,1,false,false,false,COMMON_TARGET_DEPENDENCY,TARGET_PRESENT_IN_ALL_PRODUCTS,false,LOW,D1054
RC-0455,Maler$$PC.pause,METHOD,Maler$$PC.menu,FIELD,FIELD_REFERENCE,C:\Users\JBNU\git\ConstraintsRecovery\assets\tankwar\asset2:IF:8-332,C:\Users\JBNU\git\ConstraintsRecovery\assets\tankwar\asset2:IF:8-332,asset2,asset2,true,true,true,false,TankWar_P1|TankWar_P2|TankWar_P3|TankWar_P4|TankWar_P5,TankWar_P1|TankWar_P2|TankWar_P3|TankWar_P4|TankWar_P5,EQUAL,8,8,false,false,false,COMMON_TARGET_DEPENDENCY,TARGET_PRESENT_IN_ALL_PRODUCTS,false,LOW,D1048
RC-0456,Maler$$PC.setColor,METHOD,Maler$$PC.gTemp,FIELD,FIELD_REFERENCE,C:\Users\JBNU\git\ConstraintsRecovery\assets\tankwar\asset2:IF:8-332,C:\Users\JBNU\git\ConstraintsRecovery\assets\tankwar\asset2:IF:8-332,asset2,asset2,true,true,true,false,TankWar_P1|TankWar_P2|TankWar_P3|TankWar_P4|TankWar_P5,TankWar_P1|TankWar_P2|TankWar_P3|TankWar_P4|TankWar_P5,EQUAL,1,1,false,false,false,COMMON_TARGET_DEPENDENCY,TARGET_PRESENT_IN_ALL_PRODUCTS,false,LOW,D1108
RC-0457,Maler$$PC.setStatus,METHOD,Maler$$PC.status,FIELD,FIELD_REFERENCE,C:\Users\JBNU\git\ConstraintsRecovery\assets\tankwar\asset2:IF:8-332,C:\Users\JBNU\git\ConstraintsRecovery\assets\tankwar\asset2:IF:8-332,asset2,asset2,true,true,true,false,TankWar_P1|TankWar_P2|TankWar_P3|TankWar_P4|TankWar_P5,TankWar_P1|TankWar_P2|TankWar_P3|TankWar_P4|TankWar_P5,EQUAL,1,1,false,false,false,COMMON_TARGET_DEPENDENCY,TARGET_PRESENT_IN_ALL_PRODUCTS,false,LOW,D1109
RC-0458,Maler$$PC.tankErstellen,METHOD,Maler$$PC.GAME_HEIGHT,FIELD,FIELD_REFERENCE,C:\Users\JBNU\git\ConstraintsRecovery\assets\tankwar\asset2:IF:8-332,C:\Users\JBNU\git\ConstraintsRecovery\assets\tankwar\asset2:IF:8-332,asset2,asset2,true,true,true,false,TankWar_P1|TankWar_P2|TankWar_P3|TankWar_P4|TankWar_P5,TankWar_P1|TankWar_P2|TankWar_P3|TankWar_P4|TankWar_P5,EQUAL,2,2,false,false,false,COMMON_TARGET_DEPENDENCY,TARGET_PRESENT_IN_ALL_PRODUCTS,false,LOW,D892
RC-0459,Maler$$PC.tankErstellen,METHOD,Maler$$PC.GAME_WIDTH,FIELD,FIELD_REFERENCE,C:\Users\JBNU\git\ConstraintsRecovery\assets\tankwar\asset2:IF:8-332,C:\Users\JBNU\git\ConstraintsRecovery\assets\tankwar\asset2:IF:8-332,asset2,asset2,true,true,true,false,TankWar_P1|TankWar_P2|TankWar_P3|TankWar_P4|TankWar_P5,TankWar_P1|TankWar_P2|TankWar_P3|TankWar_P4|TankWar_P5,EQUAL,2,2,false,false,false,COMMON_TARGET_DEPENDENCY,TARGET_PRESENT_IN_ALL_PRODUCTS,false,LOW,D891
RC-0460,Maler$$PC.tankErstellen,METHOD,Maler$$PC.infoWidth,FIELD,FIELD_REFERENCE,C:\Users\JBNU\git\ConstraintsRecovery\assets\tankwar\asset2:IF:8-332,C:\Users\JBNU\git\ConstraintsRecovery\assets\tankwar\asset2:IF:8-332,asset2,asset2,true,true,true,false,TankWar_P1|TankWar_P2|TankWar_P3|TankWar_P4|TankWar_P5,TankWar_P1|TankWar_P2|TankWar_P3|TankWar_P4|TankWar_P5,EQUAL,2,2,false,false,false,COMMON_TARGET_DEPENDENCY,TARGET_PRESENT_IN_ALL_PRODUCTS,false,LOW,D894
RC-0461,Maler$$PC.tankErstellen,METHOD,Maler$$PC.loadImage,METHOD,METHOD_CALL,C:\Users\JBNU\git\ConstraintsRecovery\assets\tankwar\asset2:IF:8-332,C:\Users\JBNU\git\ConstraintsRecovery\assets\tankwar\asset2:IF:8-332,asset2,asset2,true,true,true,false,TankWar_P1|TankWar_P2|TankWar_P3|TankWar_P4|TankWar_P5,TankWar_P1|TankWar_P2|TankWar_P3|TankWar_P4|TankWar_P5,EQUAL,1,1,false,false,false,COMMON_TARGET_DEPENDENCY,TARGET_PRESENT_IN_ALL_PRODUCTS,false,LOW,D896
RC-0462,Maler$$PC.tankErstellen,METHOD,Maler$$PC.menu,FIELD,FIELD_REFERENCE,C:\Users\JBNU\git\ConstraintsRecovery\assets\tankwar\asset2:IF:8-332,C:\Users\JBNU\git\ConstraintsRecovery\assets\tankwar\asset2:IF:8-332,asset2,asset2,true,true,true,false,TankWar_P1|TankWar_P2|TankWar_P3|TankWar_P4|TankWar_P5,TankWar_P1|TankWar_P2|TankWar_P3|TankWar_P4|TankWar_P5,EQUAL,5,5,false,false,false,COMMON_TARGET_DEPENDENCY,TARGET_PRESENT_IN_ALL_PRODUCTS,false,LOW,D1172
RC-0463,Maler$$PC.tankWaehlen,METHOD,Maler$$PC.gTemp,FIELD,FIELD_REFERENCE,C:\Users\JBNU\git\ConstraintsRecovery\assets\tankwar\asset2:IF:8-332,C:\Users\JBNU\git\ConstraintsRecovery\assets\tankwar\asset2:IF:8-332,asset2,asset2,true,true,true,false,TankWar_P1|TankWar_P2|TankWar_P3|TankWar_P4|TankWar_P5,TankWar_P1|TankWar_P2|TankWar_P3|TankWar_P4|TankWar_P5,EQUAL,1,1,false,false,false,COMMON_TARGET_DEPENDENCY,TARGET_PRESENT_IN_ALL_PRODUCTS,false,LOW,D1168
RC-0464,Maler$$PC.tankWaehlen,METHOD,Maler$$PC.menu,FIELD,FIELD_REFERENCE,C:\Users\JBNU\git\ConstraintsRecovery\assets\tankwar\asset2:IF:8-332,C:\Users\JBNU\git\ConstraintsRecovery\assets\tankwar\asset2:IF:8-332,asset2,asset2,true,true,true,false,TankWar_P1|TankWar_P2|TankWar_P3|TankWar_P4|TankWar_P5,TankWar_P1|TankWar_P2|TankWar_P3|TankWar_P4|TankWar_P5,EQUAL,2,2,false,false,false,COMMON_TARGET_DEPENDENCY,TARGET_PRESENT_IN_ALL_PRODUCTS,false,LOW,D1166
RC-0465,Maler$$PC.tankWaehlen,METHOD,Maler$$PC.tankErstellen,METHOD,METHOD_CALL,C:\Users\JBNU\git\ConstraintsRecovery\assets\tankwar\asset2:IF:8-332,C:\Users\JBNU\git\ConstraintsRecovery\assets\tankwar\asset2:IF:8-332,asset2,asset2,true,true,true,false,TankWar_P1|TankWar_P2|TankWar_P3|TankWar_P4|TankWar_P5,TankWar_P1|TankWar_P2|TankWar_P3|TankWar_P4|TankWar_P5,EQUAL,1,1,false,false,false,COMMON_TARGET_DEPENDENCY,TARGET_PRESENT_IN_ALL_PRODUCTS,false,LOW,D1167
RC-0466,Maler$$PC.update,METHOD,Maler$$PC.GAME_HEIGHT,FIELD,FIELD_REFERENCE,C:\Users\JBNU\git\ConstraintsRecovery\assets\tankwar\asset2:IF:8-332,C:\Users\JBNU\git\ConstraintsRecovery\assets\tankwar\asset2:IF:8-332,asset2,asset2,true,true,true,false,TankWar_P1|TankWar_P2|TankWar_P3|TankWar_P4|TankWar_P5,TankWar_P1|TankWar_P2|TankWar_P3|TankWar_P4|TankWar_P5,EQUAL,2,2,false,false,false,COMMON_TARGET_DEPENDENCY,TARGET_PRESENT_IN_ALL_PRODUCTS,false,LOW,D1096
RC-0467,Maler$$PC.update,METHOD,Maler$$PC.GAME_WIDTH,FIELD,FIELD_REFERENCE,C:\Users\JBNU\git\ConstraintsRecovery\assets\tankwar\asset2:IF:8-332,C:\Users\JBNU\git\ConstraintsRecovery\assets\tankwar\asset2:IF:8-332,asset2,asset2,true,true,true,false,TankWar_P1|TankWar_P2|TankWar_P3|TankWar_P4|TankWar_P5,TankWar_P1|TankWar_P2|TankWar_P3|TankWar_P4|TankWar_P5,EQUAL,2,2,false,false,false,COMMON_TARGET_DEPENDENCY,TARGET_PRESENT_IN_ALL_PRODUCTS,false,LOW,D1095
RC-0468,Maler$$PC.update,METHOD,Maler$$PC.fillRect,METHOD,METHOD_CALL,C:\Users\JBNU\git\ConstraintsRecovery\assets\tankwar\asset2:IF:8-332,C:\Users\JBNU\git\ConstraintsRecovery\assets\tankwar\asset2:IF:8-332,asset2,asset2,true,true,true,false,TankWar_P1|TankWar_P2|TankWar_P3|TankWar_P4|TankWar_P5,TankWar_P1|TankWar_P2|TankWar_P3|TankWar_P4|TankWar_P5,EQUAL,1,1,false,false,false,COMMON_TARGET_DEPENDENCY,TARGET_PRESENT_IN_ALL_PRODUCTS,false,LOW,D1102
RC-0469,Maler$$PC.update,METHOD,Maler$$PC.infoPanel,FIELD,FIELD_REFERENCE,C:\Users\JBNU\git\ConstraintsRecovery\assets\tankwar\asset2:IF:8-332,C:\Users\JBNU\git\ConstraintsRecovery\assets\tankwar\asset2:IF:8-332,asset2,asset2,true,true,true,false,TankWar_P1|TankWar_P2|TankWar_P3|TankWar_P4|TankWar_P5,TankWar_P1|TankWar_P2|TankWar_P3|TankWar_P4|TankWar_P5,EQUAL,1,1,false,false,false,COMMON_TARGET_DEPENDENCY,TARGET_PRESENT_IN_ALL_PRODUCTS,false,LOW,D1105
RC-0470,Maler$$PC.update,METHOD,Maler$$PC.offScreenImage,FIELD,FIELD_REFERENCE,C:\Users\JBNU\git\ConstraintsRecovery\assets\tankwar\asset2:IF:8-332,C:\Users\JBNU\git\ConstraintsRecovery\assets\tankwar\asset2:IF:8-332,asset2,asset2,true,true,true,false,TankWar_P1|TankWar_P2|TankWar_P3|TankWar_P4|TankWar_P5,TankWar_P1|TankWar_P2|TankWar_P3|TankWar_P4|TankWar_P5,EQUAL,4,4,false,false,false,COMMON_TARGET_DEPENDENCY,TARGET_PRESENT_IN_ALL_PRODUCTS,false,LOW,D1093
RC-0471,Maler$$PC.update,METHOD,Maler$$PC.paint,METHOD,METHOD_CALL,C:\Users\JBNU\git\ConstraintsRecovery\assets\tankwar\asset2:IF:8-332,C:\Users\JBNU\git\ConstraintsRecovery\assets\tankwar\asset2:IF:8-332,asset2,asset2,true,true,true,false,TankWar_P1|TankWar_P2|TankWar_P3|TankWar_P4|TankWar_P5,TankWar_P1|TankWar_P2|TankWar_P3|TankWar_P4|TankWar_P5,EQUAL,1,1,false,false,false,COMMON_TARGET_DEPENDENCY,TARGET_PRESENT_IN_ALL_PRODUCTS,false,LOW,D1103
RC-0472,Maler$$PC.init,METHOD,KeyMonitor.KeyMonitor,CONSTRUCTOR,CONSTRUCTOR_CALL,C:\Users\JBNU\git\ConstraintsRecovery\assets\tankwar\asset2:IF:8-332,C:\Users\JBNU\git\ConstraintsRecovery\assets\tankwar\asset4:IF:8-26,asset2,asset4,false,true,true,true,TankWar_P1|TankWar_P2|TankWar_P3|TankWar_P4|TankWar_P5,TankWar_P1|TankWar_P2|TankWar_P3|TankWar_P4|TankWar_P5,EQUAL,1,1,true,true,false,COMMON_TARGET_DEPENDENCY,TARGET_PRESENT_IN_ALL_PRODUCTS,false,LOW,D1129
RC-0473,Tank$$Bombe,CLASS,Tank$$Tools,CLASS,EXTENDS,C:\Users\JBNU\git\ConstraintsRecovery\assets\tankwar\asset30:ELIF:14-16,C:\Users\JBNU\git\ConstraintsRecovery\assets\tankwar\asset10:IF:8-42,asset30,asset10,false,false,true,true,TankWar_P4,TankWar_P1|TankWar_P2|TankWar_P3|TankWar_P4|TankWar_P5,SOURCE_PROPER_SUBSET_OF_TARGET,1,1,true,false,false,COMMON_TARGET_DEPENDENCY,TARGET_PRESENT_IN_ALL_PRODUCTS,false,LOW,D1174
RC-0474,Tank$$Bombe.toolBehandeln,METHOD,TankManager$$TankWar.base,FIELD,FIELD_REFERENCE,C:\Users\JBNU\git\ConstraintsRecovery\assets\tankwar\asset30:IF:6-40,C:\Users\JBNU\git\ConstraintsRecovery\assets\tankwar\asset9:IF:8-248,asset30,asset9,false,true,true,true,TankWar_P2|TankWar_P4|TankWar_P5,TankWar_P1|TankWar_P2|TankWar_P3|TankWar_P4|TankWar_P5,SOURCE_PROPER_SUBSET_OF_TARGET,1,1,true,true,false,COMMON_TARGET_DEPENDENCY,TARGET_PRESENT_IN_ALL_PRODUCTS,false,LOW,D1178
RC-0475,Tank$$Bombe.toolBehandeln,METHOD,TankManager$$TankWar.tank1,FIELD,FIELD_REFERENCE,C:\Users\JBNU\git\ConstraintsRecovery\assets\tankwar\asset30:IF:6-40,C:\Users\JBNU\git\ConstraintsRecovery\assets\tankwar\asset9:IF:8-248,asset30,asset9,false,true,true,true,TankWar_P2|TankWar_P4|TankWar_P5,TankWar_P1|TankWar_P2|TankWar_P3|TankWar_P4|TankWar_P5,SOURCE_PROPER_SUBSET_OF_TARGET,1,1,true,true,false,COMMON_TARGET_DEPENDENCY,TARGET_PRESENT_IN_ALL_PRODUCTS,false,LOW,D1176
RC-0476,Tank$$Bombe.toolBehandeln,METHOD,TankManager$$TankWar.tank2,FIELD,FIELD_REFERENCE,C:\Users\JBNU\git\ConstraintsRecovery\assets\tankwar\asset30:IF:6-40,C:\Users\JBNU\git\ConstraintsRecovery\assets\tankwar\asset9:IF:8-248,asset30,asset9,false,true,true,true,TankWar_P2|TankWar_P4|TankWar_P5,TankWar_P1|TankWar_P2|TankWar_P3|TankWar_P4|TankWar_P5,SOURCE_PROPER_SUBSET_OF_TARGET,1,1,true,true,false,COMMON_TARGET_DEPENDENCY,TARGET_PRESENT_IN_ALL_PRODUCTS,false,LOW,D1177
RC-0477,Tank$$Bombe.toolBehandeln,METHOD,TankManager$$TankWar.tankMenge,FIELD,FIELD_REFERENCE,C:\Users\JBNU\git\ConstraintsRecovery\assets\tankwar\asset30:IF:6-40,C:\Users\JBNU\git\ConstraintsRecovery\assets\tankwar\asset9:IF:8-248,asset30,asset9,false,true,true,true,TankWar_P2|TankWar_P4|TankWar_P5,TankWar_P1|TankWar_P2|TankWar_P3|TankWar_P4|TankWar_P5,SOURCE_PROPER_SUBSET_OF_TARGET,3,3,true,true,false,COMMON_TARGET_DEPENDENCY,TARGET_PRESENT_IN_ALL_PRODUCTS,false,LOW,D1175
RC-0478,Tank$$Bombe,CLASS,Tank$$Tools,CLASS,EXTENDS,C:\Users\JBNU\git\ConstraintsRecovery\assets\tankwar\asset30:IF:9-10,C:\Users\JBNU\git\ConstraintsRecovery\assets\tankwar\asset10:IF:8-42,asset30,asset10,false,false,true,true,TankWar_P5,TankWar_P1|TankWar_P2|TankWar_P3|TankWar_P4|TankWar_P5,SOURCE_PROPER_SUBSET_OF_TARGET,1,1,true,false,false,COMMON_TARGET_DEPENDENCY,TARGET_PRESENT_IN_ALL_PRODUCTS,false,LOW,D1173
RC-0479,TankManager$$Mars.toolsLaden,METHOD,TankManager$$Tools.toolInit,METHOD,METHOD_CALL,C:\Users\JBNU\git\ConstraintsRecovery\assets\tankwar\asset31:IF:6-25,C:\Users\JBNU\git\ConstraintsRecovery\assets\tankwar\asset3:IF:8-44,asset31,asset3,false,true,true,true,TankWar_P1|TankWar_P2|TankWar_P3,TankWar_P1|TankWar_P2|TankWar_P3|TankWar_P4|TankWar_P5,SOURCE_PROPER_SUBSET_OF_TARGET,1,1,true,true,false,COMMON_TARGET_DEPENDENCY,TARGET_PRESENT_IN_ALL_PRODUCTS,false,LOW,D1181
RC-0480,Maler$$einfrieren,CLASS,Maler$$Beschleunigung,CLASS,EXTENDS,C:\Users\JBNU\git\ConstraintsRecovery\assets\tankwar\asset32:ELIF:27-29,C:\Users\JBNU\git\ConstraintsRecovery\assets\tankwar\asset56:IF:5-34,asset32,asset56,false,false,true,true,TankWar_P3,TankWar_P2|TankWar_P3,SOURCE_PROPER_SUBSET_OF_TARGET,1,1,true,false,true,ELIGIBLE_REQUIRES_EVIDENCE,,false,MEDIUM,D1183
RC-0481,Maler$$einfrieren,CLASS,Maler$$Beschleunigung,CLASS,EXTENDS,C:\Users\JBNU\git\ConstraintsRecovery\assets\tankwar\asset32:ELIF:30-31,C:\Users\JBNU\git\ConstraintsRecovery\assets\tankwar\asset56:IF:5-34,asset32,asset56,false,false,true,true,TankWar_P2,TankWar_P2|TankWar_P3,SOURCE_PROPER_SUBSET_OF_TARGET,1,1,true,false,true,ELIGIBLE_REQUIRES_EVIDENCE,,false,MEDIUM,D1184
RC-0482,Maler$$einfrieren,CLASS,Maler$$PC,CLASS,EXTENDS,C:\Users\JBNU\git\ConstraintsRecovery\assets\tankwar\asset32:IF:24-26,C:\Users\JBNU\git\ConstraintsRecovery\assets\tankwar\asset2:IF:8-332,asset32,asset2,false,false,true,true,TankWar_P1,TankWar_P1|TankWar_P2|TankWar_P3|TankWar_P4|TankWar_P5,SOURCE_PROPER_SUBSET_OF_TARGET,1,1,true,false,false,COMMON_TARGET_DEPENDENCY,TARGET_PRESENT_IN_ALL_PRODUCTS,false,LOW,D1182
RC-0483,Maler$$einfrieren.helpItemErstellen,METHOD,Maler$$PC.loadImage,METHOD,METHOD_CALL,C:\Users\JBNU\git\ConstraintsRecovery\assets\tankwar\asset32:IF:6-40,C:\Users\JBNU\git\ConstraintsRecovery\assets\tankwar\asset2:IF:8-332,asset32,asset2,false,true,true,true,TankWar_P1|TankWar_P2|TankWar_P3,TankWar_P1|TankWar_P2|TankWar_P3|TankWar_P4|TankWar_P5,SOURCE_PROPER_SUBSET_OF_TARGET,1,1,true,true,false,COMMON_TARGET_DEPENDENCY,TARGET_PRESENT_IN_ALL_PRODUCTS,false,LOW,D1185
RC-0484,Tool$$Mars.init,METHOD,TankManager$$TankWar.koernigkeit,FIELD,FIELD_REFERENCE,C:\Users\JBNU\git\ConstraintsRecovery\assets\tankwar\asset33:IF:6-23,C:\Users\JBNU\git\ConstraintsRecovery\assets\tankwar\asset9:IF:8-248,asset33,asset9,false,true,true,true,TankWar_P1|TankWar_P2|TankWar_P3,TankWar_P1|TankWar_P2|TankWar_P3|TankWar_P4|TankWar_P5,SOURCE_PROPER_SUBSET_OF_TARGET,1,1,true,true,false,COMMON_TARGET_DEPENDENCY,TARGET_PRESENT_IN_ALL_PRODUCTS,false,LOW,D1186
RC-0485,Tool$$Mars.init,METHOD,TankManager$$TankWar.koernigkeit2,FIELD,FIELD_REFERENCE,C:\Users\JBNU\git\ConstraintsRecovery\assets\tankwar\asset33:IF:6-23,C:\Users\JBNU\git\ConstraintsRecovery\assets\tankwar\asset9:IF:8-248,asset33,asset9,false,true,true,true,TankWar_P1|TankWar_P2|TankWar_P3,TankWar_P1|TankWar_P2|TankWar_P3|TankWar_P4|TankWar_P5,SOURCE_PROPER_SUBSET_OF_TARGET,1,1,true,true,false,COMMON_TARGET_DEPENDENCY,TARGET_PRESENT_IN_ALL_PRODUCTS,false,LOW,D1187
RC-0486,Maler$$Feuerkraft.helpItemErstellen,METHOD,Maler$$PC.loadImage,METHOD,METHOD_CALL,C:\Users\JBNU\git\ConstraintsRecovery\assets\tankwar\asset34:IF:6-39,C:\Users\JBNU\git\ConstraintsRecovery\assets\tankwar\asset2:IF:8-332,asset34,asset2,false,true,true,true,TankWar_P1|TankWar_P3|TankWar_P5,TankWar_P1|TankWar_P2|TankWar_P3|TankWar_P4|TankWar_P5,SOURCE_PROPER_SUBSET_OF_TARGET,1,1,true,true,false,COMMON_TARGET_DEPENDENCY,TARGET_PRESENT_IN_ALL_PRODUCTS,false,LOW,D1188
RC-0487,Maler$$Bombe,CLASS,Maler$$PC,CLASS,EXTENDS,C:\Users\JBNU\git\ConstraintsRecovery\assets\tankwar\asset35:IF:24-26,C:\Users\JBNU\git\ConstraintsRecovery\assets\tankwar\asset2:IF:8-332,asset35,asset2,false,false,true,true,TankWar_P4|TankWar_P5,TankWar_P1|TankWar_P2|TankWar_P3|TankWar_P4|TankWar_P5,SOURCE_PROPER_SUBSET_OF_TARGET,1,1,true,false,false,COMMON_TARGET_DEPENDENCY,TARGET_PRESENT_IN_ALL_PRODUCTS,false,LOW,D1189
RC-0488,Maler$$Bombe.helpItemErstellen,METHOD,Maler$$PC.loadImage,METHOD,METHOD_CALL,C:\Users\JBNU\git\ConstraintsRecovery\assets\tankwar\asset35:IF:6-37,C:\Users\JBNU\git\ConstraintsRecovery\assets\tankwar\asset2:IF:8-332,asset35,asset2,false,true,true,true,TankWar_P2|TankWar_P4|TankWar_P5,TankWar_P1|TankWar_P2|TankWar_P3|TankWar_P4|TankWar_P5,SOURCE_PROPER_SUBSET_OF_TARGET,1,1,true,true,false,COMMON_TARGET_DEPENDENCY,TARGET_PRESENT_IN_ALL_PRODUCTS,false,LOW,D1190
RC-0489,TankManager$$einfrieren,CLASS,TankManager$$Beschleunigung,CLASS,EXTENDS,C:\Users\JBNU\git\ConstraintsRecovery\assets\tankwar\asset36:ELIF:14-15,C:\Users\JBNU\git\ConstraintsRecovery\assets\tankwar\asset59:IF:5-22,asset36,asset59,false,false,true,true,TankWar_P3,TankWar_P2|TankWar_P3,SOURCE_PROPER_SUBSET_OF_TARGET,1,1,true,false,true,ELIGIBLE_REQUIRES_EVIDENCE,,false,MEDIUM,D1192
RC-0490,TankManager$$einfrieren,CLASS,TankManager$$Beschleunigung,CLASS,EXTENDS,C:\Users\JBNU\git\ConstraintsRecovery\assets\tankwar\asset36:ELIF:16-18,C:\Users\JBNU\git\ConstraintsRecovery\assets\tankwar\asset59:IF:5-22,asset36,asset59,false,false,true,true,TankWar_P2,TankWar_P2|TankWar_P3,SOURCE_PROPER_SUBSET_OF_TARGET,1,1,true,false,true,ELIGIBLE_REQUIRES_EVIDENCE,,false,MEDIUM,D1193
RC-0491,TankManager$$einfrieren,CLASS,TankManager$$Tools,CLASS,EXTENDS,C:\Users\JBNU\git\ConstraintsRecovery\assets\tankwar\asset36:IF:12-13,C:\Users\JBNU\git\ConstraintsRecovery\assets\tankwar\asset3:IF:8-44,asset36,asset3,false,false,true,true,TankWar_P1,TankWar_P1|TankWar_P2|TankWar_P3|TankWar_P4|TankWar_P5,SOURCE_PROPER_SUBSET_OF_TARGET,1,1,true,false,false,COMMON_TARGET_DEPENDENCY,TARGET_PRESENT_IN_ALL_PRODUCTS,false,LOW,D1191
RC-0492,TankManager$$einfrieren.toolsLaden,METHOD,TankManager$$Tools.toolInit,METHOD,METHOD_CALL,C:\Users\JBNU\git\ConstraintsRecovery\assets\tankwar\asset36:IF:6-27,C:\Users\JBNU\git\ConstraintsRecovery\assets\tankwar\asset3:IF:8-44,asset36,asset3,false,true,true,true,TankWar_P1|TankWar_P2|TankWar_P3,TankWar_P1|TankWar_P2|TankWar_P3|TankWar_P4|TankWar_P5,SOURCE_PROPER_SUBSET_OF_TARGET,1,1,true,true,false,COMMON_TARGET_DEPENDENCY,TARGET_PRESENT_IN_ALL_PRODUCTS,false,LOW,D1194
RC-0493,Maler$$Mars.helpItemErstellen,METHOD,Maler$$PC.loadImage,METHOD,METHOD_CALL,C:\Users\JBNU\git\ConstraintsRecovery\assets\tankwar\asset37:IF:6-37,C:\Users\JBNU\git\ConstraintsRecovery\assets\tankwar\asset2:IF:8-332,asset37,asset2,false,true,true,true,TankWar_P1|TankWar_P2|TankWar_P3,TankWar_P1|TankWar_P2|TankWar_P3|TankWar_P4|TankWar_P5,SOURCE_PROPER_SUBSET_OF_TARGET,1,1,true,true,false,COMMON_TARGET_DEPENDENCY,TARGET_PRESENT_IN_ALL_PRODUCTS,false,LOW,D1195
RC-0494,TankManager$$Bombe,CLASS,TankManager$$Tools,CLASS,EXTENDS,C:\Users\JBNU\git\ConstraintsRecovery\assets\tankwar\asset38:ELIF:15-16,C:\Users\JBNU\git\ConstraintsRecovery\assets\tankwar\asset3:IF:8-44,asset38,asset3,false,false,true,true,TankWar_P5,TankWar_P1|TankWar_P2|TankWar_P3|TankWar_P4|TankWar_P5,SOURCE_PROPER_SUBSET_OF_TARGET,1,1,true,false,false,COMMON_TARGET_DEPENDENCY,TARGET_PRESENT_IN_ALL_PRODUCTS,false,LOW,D1197
RC-0495,TankManager$$Bombe.toolsLaden,METHOD,TankManager$$Tools.toolInit,METHOD,METHOD_CALL,C:\Users\JBNU\git\ConstraintsRecovery\assets\tankwar\asset38:IF:6-25,C:\Users\JBNU\git\ConstraintsRecovery\assets\tankwar\asset3:IF:8-44,asset38,asset3,false,true,true,true,TankWar_P2|TankWar_P4|TankWar_P5,TankWar_P1|TankWar_P2|TankWar_P3|TankWar_P4|TankWar_P5,SOURCE_PROPER_SUBSET_OF_TARGET,1,1,true,true,false,COMMON_TARGET_DEPENDENCY,TARGET_PRESENT_IN_ALL_PRODUCTS,false,LOW,D1198
RC-0496,TankManager$$Bombe,CLASS,TankManager$$Tools,CLASS,EXTENDS,C:\Users\JBNU\git\ConstraintsRecovery\assets\tankwar\asset38:IF:9-11,C:\Users\JBNU\git\ConstraintsRecovery\assets\tankwar\asset3:IF:8-44,asset38,asset3,false,false,true,true,TankWar_P4,TankWar_P1|TankWar_P2|TankWar_P3|TankWar_P4|TankWar_P5,SOURCE_PROPER_SUBSET_OF_TARGET,1,1,true,false,false,COMMON_TARGET_DEPENDENCY,TARGET_PRESENT_IN_ALL_PRODUCTS,false,LOW,D1196
RC-0497,Tank$$Feuerkraft.toolBehandeln,METHOD,Tank$$TankWar.feuernHaufigkeit,FIELD,FIELD_REFERENCE,C:\Users\JBNU\git\ConstraintsRecovery\assets\tankwar\asset39:IF:6-46,C:\Users\JBNU\git\ConstraintsRecovery\assets\tankwar\asset14:IF:8-384,asset39,asset14,false,true,true,true,TankWar_P1|TankWar_P3|TankWar_P5,TankWar_P1|TankWar_P2|TankWar_P3|TankWar_P4|TankWar_P5,SOURCE_PROPER_SUBSET_OF_TARGET,1,1,true,true,false,COMMON_TARGET_DEPENDENCY,TARGET_PRESENT_IN_ALL_PRODUCTS,false,LOW,D1207
RC-0498,Tank$$Feuerkraft.toolBehandeln,METHOD,Tank$$Feuerkraft.feuerkraft,FIELD,FIELD_REFERENCE,C:\Users\JBNU\git\ConstraintsRecovery\assets\tankwar\asset39:IF:6-46,C:\Users\JBNU\git\ConstraintsRecovery\assets\tankwar\asset39:IF:6-46,asset39,asset39,true,true,true,false,TankWar_P1|TankWar_P3|TankWar_P5,TankWar_P1|TankWar_P3|TankWar_P5,EQUAL,2,2,false,false,false,INTRA_ASSET_ROOT_DEPENDENCY,SAME_ASSET_ROOT_CONTEXT,false,LOW,D1204
RC-0499,Tank$$Feuerkraft.toolBehandeln,METHOD,Tank$$Feuerkraft.feuerkraftTimer,FIELD,FIELD_REFERENCE,C:\Users\JBNU\git\ConstraintsRecovery\assets\tankwar\asset39:IF:6-46,C:\Users\JBNU\git\ConstraintsRecovery\assets\tankwar\asset39:IF:6-46,asset39,asset39,true,true,true,false,TankWar_P1|TankWar_P3|TankWar_P5,TankWar_P1|TankWar_P3|TankWar_P5,EQUAL,1,1,false,false,false,INTRA_ASSET_ROOT_DEPENDENCY,SAME_ASSET_ROOT_CONTEXT,false,LOW,D1205
RC-0500,Tank$$Feuerkraft.toolKontroller,METHOD,Tank$$Feuerkraft.feuerkraft,FIELD,FIELD_REFERENCE,C:\Users\JBNU\git\ConstraintsRecovery\assets\tankwar\asset39:IF:6-46,C:\Users\JBNU\git\ConstraintsRecovery\assets\tankwar\asset39:IF:6-46,asset39,asset39,true,true,true,false,TankWar_P1|TankWar_P3|TankWar_P5,TankWar_P1|TankWar_P3|TankWar_P5,EQUAL,3,3,false,false,false,INTRA_ASSET_ROOT_DEPENDENCY,SAME_ASSET_ROOT_CONTEXT,false,LOW,D1199
RC-0501,Tank$$Feuerkraft.toolKontroller,METHOD,Tank$$Feuerkraft.feuerkraftTimer,FIELD,FIELD_REFERENCE,C:\Users\JBNU\git\ConstraintsRecovery\assets\tankwar\asset39:IF:6-46,C:\Users\JBNU\git\ConstraintsRecovery\assets\tankwar\asset39:IF:6-46,asset39,asset39,true,true,true,false,TankWar_P1|TankWar_P3|TankWar_P5,TankWar_P1|TankWar_P3|TankWar_P5,EQUAL,2,2,false,false,false,INTRA_ASSET_ROOT_DEPENDENCY,SAME_ASSET_ROOT_CONTEXT,false,LOW,D1200
RC-0502,TankManager$$Tools.toolInit,METHOD,Tool.Tool,CONSTRUCTOR,CONSTRUCTOR_CALL,C:\Users\JBNU\git\ConstraintsRecovery\assets\tankwar\asset3:IF:8-44,C:\Users\JBNU\git\ConstraintsRecovery\assets\tankwar\asset20:IF:8-41,asset3,asset20,false,true,true,true,TankWar_P1|TankWar_P2|TankWar_P3|TankWar_P4|TankWar_P5,TankWar_P1|TankWar_P2|TankWar_P3|TankWar_P4|TankWar_P5,EQUAL,1,1,true,true,false,COMMON_TARGET_DEPENDENCY,TARGET_PRESENT_IN_ALL_PRODUCTS,false,LOW,D1211
RC-0503,TankManager$$Tools.addEnemyTank,METHOD,TankManager$$Tools.toolsLaden,METHOD,METHOD_CALL,C:\Users\JBNU\git\ConstraintsRecovery\assets\tankwar\asset3:IF:8-44,C:\Users\JBNU\git\ConstraintsRecovery\assets\tankwar\asset3:IF:8-44,asset3,asset3,true,true,true,false,TankWar_P1|TankWar_P2|TankWar_P3|TankWar_P4|TankWar_P5,TankWar_P1|TankWar_P2|TankWar_P3|TankWar_P4|TankWar_P5,EQUAL,1,1,false,false,false,COMMON_TARGET_DEPENDENCY,TARGET_PRESENT_IN_ALL_PRODUCTS,false,LOW,D1214
RC-0504,TankManager$$Tools.komponenteMalen,METHOD,TankManager$$Tools.toolMenge,FIELD,FIELD_REFERENCE,C:\Users\JBNU\git\ConstraintsRecovery\assets\tankwar\asset3:IF:8-44,C:\Users\JBNU\git\ConstraintsRecovery\assets\tankwar\asset3:IF:8-44,asset3,asset3,true,true,true,false,TankWar_P1|TankWar_P2|TankWar_P3|TankWar_P4|TankWar_P5,TankWar_P1|TankWar_P2|TankWar_P3|TankWar_P4|TankWar_P5,EQUAL,1,1,false,false,false,COMMON_TARGET_DEPENDENCY,TARGET_PRESENT_IN_ALL_PRODUCTS,false,LOW,D1209
RC-0505,TankManager$$Tools.toolInit,METHOD,TankManager$$Tools.toolMenge,FIELD,FIELD_REFERENCE,C:\Users\JBNU\git\ConstraintsRecovery\assets\tankwar\asset3:IF:8-44,C:\Users\JBNU\git\ConstraintsRecovery\assets\tankwar\asset3:IF:8-44,asset3,asset3,true,true,true,false,TankWar_P1|TankWar_P2|TankWar_P3|TankWar_P4|TankWar_P5,TankWar_P1|TankWar_P2|TankWar_P3|TankWar_P4|TankWar_P5,EQUAL,2,2,false,false,false,COMMON_TARGET_DEPENDENCY,TARGET_PRESENT_IN_ALL_PRODUCTS,false,LOW,D1212
RC-0506,TankManager$$Tools,CLASS,TankManager$$TankWar,CLASS,EXTENDS,C:\Users\JBNU\git\ConstraintsRecovery\assets\tankwar\asset3:IF:8-44,C:\Users\JBNU\git\ConstraintsRecovery\assets\tankwar\asset9:IF:8-248,asset3,asset9,false,true,true,true,TankWar_P1|TankWar_P2|TankWar_P3|TankWar_P4|TankWar_P5,TankWar_P1|TankWar_P2|TankWar_P3|TankWar_P4|TankWar_P5,EQUAL,1,1,true,false,false,COMMON_TARGET_DEPENDENCY,TARGET_PRESENT_IN_ALL_PRODUCTS,false,LOW,D1208
RC-0507,TankManager$$Tools.komponenteMalen,METHOD,TankManager$$TankWar.gruppeMalen,METHOD,METHOD_CALL,C:\Users\JBNU\git\ConstraintsRecovery\assets\tankwar\asset3:IF:8-44,C:\Users\JBNU\git\ConstraintsRecovery\assets\tankwar\asset9:IF:8-248,asset3,asset9,false,true,true,true,TankWar_P1|TankWar_P2|TankWar_P3|TankWar_P4|TankWar_P5,TankWar_P1|TankWar_P2|TankWar_P3|TankWar_P4|TankWar_P5,EQUAL,1,1,true,true,false,COMMON_TARGET_DEPENDENCY,TARGET_PRESENT_IN_ALL_PRODUCTS,false,LOW,D1210
RC-0508,Tank$$Mars.beschaedigen,METHOD,Tank$$TankWar.energie,FIELD,FIELD_REFERENCE,C:\Users\JBNU\git\ConstraintsRecovery\assets\tankwar\asset41:IF:6-48,C:\Users\JBNU\git\ConstraintsRecovery\assets\tankwar\asset14:IF:8-384,asset41,asset14,false,true,true,true,TankWar_P1|TankWar_P2|TankWar_P3,TankWar_P1|TankWar_P2|TankWar_P3|TankWar_P4|TankWar_P5,SOURCE_PROPER_SUBSET_OF_TARGET,1,1,true,true,false,COMMON_TARGET_DEPENDENCY,TARGET_PRESENT_IN_ALL_PRODUCTS,false,LOW,D1225
RC-0509,Tank$$Mars.toolKontroller,METHOD,Maler$$PC.drawRoundRect,METHOD,METHOD_CALL,C:\Users\JBNU\git\ConstraintsRecovery\assets\tankwar\asset41:IF:6-48,C:\Users\JBNU\git\ConstraintsRecovery\assets\tankwar\asset2:IF:8-332,asset41,asset2,false,true,true,true,TankWar_P1|TankWar_P2|TankWar_P3,TankWar_P1|TankWar_P2|TankWar_P3|TankWar_P4|TankWar_P5,SOURCE_PROPER_SUBSET_OF_TARGET,1,1,true,true,false,COMMON_TARGET_DEPENDENCY,TARGET_PRESENT_IN_ALL_PRODUCTS,false,LOW,D1221
RC-0510,Tank$$Mars.toolKontroller,METHOD,Maler$$PC.setColor,METHOD,METHOD_CALL,C:\Users\JBNU\git\ConstraintsRecovery\assets\tankwar\asset41:IF:6-48,C:\Users\JBNU\git\ConstraintsRecovery\assets\tankwar\asset2:IF:8-332,asset41,asset2,false,true,true,true,TankWar_P1|TankWar_P2|TankWar_P3,TankWar_P1|TankWar_P2|TankWar_P3|TankWar_P4|TankWar_P5,SOURCE_PROPER_SUBSET_OF_TARGET,1,1,true,true,false,COMMON_TARGET_DEPENDENCY,TARGET_PRESENT_IN_ALL_PRODUCTS,false,LOW,D1219
RC-0511,Tank$$Mars.beschaedigen,METHOD,Tank$$Mars.mars,FIELD,FIELD_REFERENCE,C:\Users\JBNU\git\ConstraintsRecovery\assets\tankwar\asset41:IF:6-48,C:\Users\JBNU\git\ConstraintsRecovery\assets\tankwar\asset41:IF:6-48,asset41,asset41,true,true,true,false,TankWar_P1|TankWar_P2|TankWar_P3,TankWar_P1|TankWar_P2|TankWar_P3,EQUAL,1,1,false,false,false,INTRA_ASSET_ROOT_DEPENDENCY,SAME_ASSET_ROOT_CONTEXT,false,LOW,D1224
RC-0512,Tank$$Mars.toolBehandeln,METHOD,Tank$$Mars.mars,FIELD,FIELD_REFERENCE,C:\Users\JBNU\git\ConstraintsRecovery\assets\tankwar\asset41:IF:6-48,C:\Users\JBNU\git\ConstraintsRecovery\assets\tankwar\asset41:IF:6-48,asset41,asset41,true,true,true,false,TankWar_P1|TankWar_P2|TankWar_P3,TankWar_P1|TankWar_P2|TankWar_P3,EQUAL,1,1,false,false,false,INTRA_ASSET_ROOT_DEPENDENCY,SAME_ASSET_ROOT_CONTEXT,false,LOW,D1223
RC-0513,Tank$$Mars.toolBehandeln,METHOD,Tank$$Mars.marsTimer,FIELD,FIELD_REFERENCE,C:\Users\JBNU\git\ConstraintsRecovery\assets\tankwar\asset41:IF:6-48,C:\Users\JBNU\git\ConstraintsRecovery\assets\tankwar\asset41:IF:6-48,asset41,asset41,true,true,true,false,TankWar_P1|TankWar_P2|TankWar_P3,TankWar_P1|TankWar_P2|TankWar_P3,EQUAL,1,1,false,false,false,INTRA_ASSET_ROOT_DEPENDENCY,SAME_ASSET_ROOT_CONTEXT,false,LOW,D1222
RC-0514,Tank$$Mars.toolKontroller,METHOD,Tank$$Mars.mars,FIELD,FIELD_REFERENCE,C:\Users\JBNU\git\ConstraintsRecovery\assets\tankwar\asset41:IF:6-48,C:\Users\JBNU\git\ConstraintsRecovery\assets\tankwar\asset41:IF:6-48,asset41,asset41,true,true,true,false,TankWar_P1|TankWar_P2|TankWar_P3,TankWar_P1|TankWar_P2|TankWar_P3,EQUAL,3,3,false,false,false,INTRA_ASSET_ROOT_DEPENDENCY,SAME_ASSET_ROOT_CONTEXT,false,LOW,D1215
RC-0515,Tank$$Mars.toolKontroller,METHOD,Tank$$Mars.marsTimer,FIELD,FIELD_REFERENCE,C:\Users\JBNU\git\ConstraintsRecovery\assets\tankwar\asset41:IF:6-48,C:\Users\JBNU\git\ConstraintsRecovery\assets\tankwar\asset41:IF:6-48,asset41,asset41,true,true,true,false,TankWar_P1|TankWar_P2|TankWar_P3,TankWar_P1|TankWar_P2|TankWar_P3,EQUAL,1,1,false,false,false,INTRA_ASSET_ROOT_DEPENDENCY,SAME_ASSET_ROOT_CONTEXT,false,LOW,D1216
RC-0516,Tank$$Mars.toolKontroller,METHOD,TankManager$$TankWar.koernigkeit,FIELD,FIELD_REFERENCE,C:\Users\JBNU\git\ConstraintsRecovery\assets\tankwar\asset41:IF:6-48,C:\Users\JBNU\git\ConstraintsRecovery\assets\tankwar\asset9:IF:8-248,asset41,asset9,false,true,true,true,TankWar_P1|TankWar_P2|TankWar_P3,TankWar_P1|TankWar_P2|TankWar_P3|TankWar_P4|TankWar_P5,SOURCE_PROPER_SUBSET_OF_TARGET,1,1,true,true,false,COMMON_TARGET_DEPENDENCY,TARGET_PRESENT_IN_ALL_PRODUCTS,false,LOW,D1220
RC-0517,Tool$$Bombe.init,METHOD,TankManager$$TankWar.koernigkeit,FIELD,FIELD_REFERENCE,C:\Users\JBNU\git\ConstraintsRecovery\assets\tankwar\asset42:IF:6-23,C:\Users\JBNU\git\ConstraintsRecovery\assets\tankwar\asset9:IF:8-248,asset42,asset9,false,true,true,true,TankWar_P2|TankWar_P4|TankWar_P5,TankWar_P1|TankWar_P2|TankWar_P3|TankWar_P4|TankWar_P5,SOURCE_PROPER_SUBSET_OF_TARGET,1,1,true,true,false,COMMON_TARGET_DEPENDENCY,TARGET_PRESENT_IN_ALL_PRODUCTS,false,LOW,D1226
RC-0518,Tool$$Bombe.init,METHOD,TankManager$$TankWar.koernigkeit2,FIELD,FIELD_REFERENCE,C:\Users\JBNU\git\ConstraintsRecovery\assets\tankwar\asset42:IF:6-23,C:\Users\JBNU\git\ConstraintsRecovery\assets\tankwar\asset9:IF:8-248,asset42,asset9,false,true,true,true,TankWar_P2|TankWar_P4|TankWar_P5,TankWar_P1|TankWar_P2|TankWar_P3|TankWar_P4|TankWar_P5,SOURCE_PROPER_SUBSET_OF_TARGET,1,1,true,true,false,COMMON_TARGET_DEPENDENCY,TARGET_PRESENT_IN_ALL_PRODUCTS,false,LOW,D1227
RC-0519,Tool$$Bombe,CLASS,Tool$$Tools,CLASS,EXTENDS,C:\Users\JBNU\git\ConstraintsRecovery\assets\tankwar\asset42:IF:7-8,C:\Users\JBNU\git\ConstraintsRecovery\assets\tankwar\asset19:IF:8-51,asset42,asset19,false,false,true,true,TankWar_P4|TankWar_P5,TankWar_P1|TankWar_P2|TankWar_P3|TankWar_P4|TankWar_P5,SOURCE_PROPER_SUBSET_OF_TARGET,1,1,true,false,false,COMMON_TARGET_DEPENDENCY,TARGET_PRESENT_IN_ALL_PRODUCTS,false,LOW,D1228
RC-0520,Tool$$Feuerkraft.init,METHOD,TankManager$$TankWar.koernigkeit,FIELD,FIELD_REFERENCE,C:\Users\JBNU\git\ConstraintsRecovery\assets\tankwar\asset43:IF:6-25,C:\Users\JBNU\git\ConstraintsRecovery\assets\tankwar\asset9:IF:8-248,asset43,asset9,false,true,true,true,TankWar_P1|TankWar_P3|TankWar_P5,TankWar_P1|TankWar_P2|TankWar_P3|TankWar_P4|TankWar_P5,SOURCE_PROPER_SUBSET_OF_TARGET,1,1,true,true,false,COMMON_TARGET_DEPENDENCY,TARGET_PRESENT_IN_ALL_PRODUCTS,false,LOW,D1229
RC-0521,Tool$$Feuerkraft.init,METHOD,TankManager$$TankWar.koernigkeit2,FIELD,FIELD_REFERENCE,C:\Users\JBNU\git\ConstraintsRecovery\assets\tankwar\asset43:IF:6-25,C:\Users\JBNU\git\ConstraintsRecovery\assets\tankwar\asset9:IF:8-248,asset43,asset9,false,true,true,true,TankWar_P1|TankWar_P3|TankWar_P5,TankWar_P1|TankWar_P2|TankWar_P3|TankWar_P4|TankWar_P5,SOURCE_PROPER_SUBSET_OF_TARGET,1,1,true,true,false,COMMON_TARGET_DEPENDENCY,TARGET_PRESENT_IN_ALL_PRODUCTS,false,LOW,D1230
RC-0522,Tool$$einfrieren,CLASS,Tool$$Beschleunigung,CLASS,EXTENDS,C:\Users\JBNU\git\ConstraintsRecovery\assets\tankwar\asset44:ELIF:9-10,C:\Users\JBNU\git\ConstraintsRecovery\assets\tankwar\asset60:IF:5-18,asset44,asset60,false,false,true,true,TankWar_P2|TankWar_P3,TankWar_P2|TankWar_P3,EQUAL,1,1,true,false,false,SAME_SIGNATURE_DIRECTED_DEPENDENCY,DIRECTION_NOT_IDENTIFIABLE,false,LOW,D1231
RC-0523,Tool$$einfrieren.init,METHOD,TankManager$$TankWar.koernigkeit,FIELD,FIELD_REFERENCE,C:\Users\JBNU\git\ConstraintsRecovery\assets\tankwar\asset44:IF:6-23,C:\Users\JBNU\git\ConstraintsRecovery\assets\tankwar\asset9:IF:8-248,asset44,asset9,false,true,true,true,TankWar_P1|TankWar_P2|TankWar_P3,TankWar_P1|TankWar_P2|TankWar_P3|TankWar_P4|TankWar_P5,SOURCE_PROPER_SUBSET_OF_TARGET,1,1,true,true,false,COMMON_TARGET_DEPENDENCY,TARGET_PRESENT_IN_ALL_PRODUCTS,false,LOW,D1232
RC-0524,Tool$$einfrieren.init,METHOD,TankManager$$TankWar.koernigkeit2,FIELD,FIELD_REFERENCE,C:\Users\JBNU\git\ConstraintsRecovery\assets\tankwar\asset44:IF:6-23,C:\Users\JBNU\git\ConstraintsRecovery\assets\tankwar\asset9:IF:8-248,asset44,asset9,false,true,true,true,TankWar_P1|TankWar_P2|TankWar_P3,TankWar_P1|TankWar_P2|TankWar_P3|TankWar_P4|TankWar_P5,SOURCE_PROPER_SUBSET_OF_TARGET,1,1,true,true,false,COMMON_TARGET_DEPENDENCY,TARGET_PRESENT_IN_ALL_PRODUCTS,false,LOW,D1233
RC-0525,Tool$$einfrieren,CLASS,Tool$$Tools,CLASS,EXTENDS,C:\Users\JBNU\git\ConstraintsRecovery\assets\tankwar\asset44:IF:7-8,C:\Users\JBNU\git\ConstraintsRecovery\assets\tankwar\asset19:IF:8-51,asset44,asset19,false,false,true,true,TankWar_P1,TankWar_P1|TankWar_P2|TankWar_P3|TankWar_P4|TankWar_P5,SOURCE_PROPER_SUBSET_OF_TARGET,1,1,true,false,false,COMMON_TARGET_DEPENDENCY,TARGET_PRESENT_IN_ALL_PRODUCTS,false,LOW,D1234
RC-0526,Missile$$Image,CLASS,Missile$$explodieren,CLASS,EXTENDS,C:\Users\JBNU\git\ConstraintsRecovery\assets\tankwar\asset45:ELIF:10-11,C:\Users\JBNU\git\ConstraintsRecovery\assets\tankwar\asset64:IF:5-17,asset45,asset64,false,false,true,true,TankWar_P3,TankWar_P3|TankWar_P5,SOURCE_PROPER_SUBSET_OF_TARGET,1,1,true,false,true,ELIGIBLE_REQUIRES_EVIDENCE,,false,MEDIUM,D1235
RC-0527,Missile$$Image.malen,METHOD,Maler$$fuer_PC.drawImage,METHOD,METHOD_CALL,C:\Users\JBNU\git\ConstraintsRecovery\assets\tankwar\asset45:IF:6-38,C:\Users\JBNU\git\ConstraintsRecovery\assets\tankwar\asset13:IF:8-358,asset45,asset13,false,true,true,true,TankWar_P2|TankWar_P3|TankWar_P4,TankWar_P1|TankWar_P2|TankWar_P3|TankWar_P4|TankWar_P5,SOURCE_PROPER_SUBSET_OF_TARGET,4,4,true,true,false,COMMON_TARGET_DEPENDENCY,TARGET_PRESENT_IN_ALL_PRODUCTS,false,LOW,D1236
RC-0528,Missile$$Image,CLASS,Missile$$TankWar,CLASS,EXTENDS,C:\Users\JBNU\git\ConstraintsRecovery\assets\tankwar\asset45:IF:8-9,C:\Users\JBNU\git\ConstraintsRecovery\assets\tankwar\asset1:IF:8-128,asset45,asset1,false,false,true,true,TankWar_P2|TankWar_P4,TankWar_P1|TankWar_P2|TankWar_P3|TankWar_P4|TankWar_P5,SOURCE_PROPER_SUBSET_OF_TARGET,1,1,true,false,false,COMMON_TARGET_DEPENDENCY,TARGET_PRESENT_IN_ALL_PRODUCTS,false,LOW,D1240
RC-0529,Tank$$einfrieren,CLASS,Tank$$Beschleunigung,CLASS,EXTENDS,C:\Users\JBNU\git\ConstraintsRecovery\assets\tankwar\asset46:ELIF:11-13,C:\Users\JBNU\git\ConstraintsRecovery\assets\tankwar\asset52:IF:5-39,asset46,asset52,false,false,true,true,TankWar_P2|TankWar_P3,TankWar_P2|TankWar_P3,EQUAL,1,1,true,false,false,SAME_SIGNATURE_DIRECTED_DEPENDENCY,DIRECTION_NOT_IDENTIFIABLE,false,LOW,D1242
RC-0530,Tank$$einfrieren.toolBehandeln,METHOD,Tank$$TankWar.aktive,FIELD,FIELD_REFERENCE,C:\Users\JBNU\git\ConstraintsRecovery\assets\tankwar\asset46:IF:6-50,C:\Users\JBNU\git\ConstraintsRecovery\assets\tankwar\asset14:IF:8-384,asset46,asset14,false,true,true,true,TankWar_P1|TankWar_P2|TankWar_P3,TankWar_P1|TankWar_P2|TankWar_P3|TankWar_P4|TankWar_P5,SOURCE_PROPER_SUBSET_OF_TARGET,1,1,true,true,false,COMMON_TARGET_DEPENDENCY,TARGET_PRESENT_IN_ALL_PRODUCTS,false,LOW,D1259
RC-0531,Tank$$einfrieren.toolKontroller,METHOD,Tank$$TankWar.aktive,FIELD,FIELD_REFERENCE,C:\Users\JBNU\git\ConstraintsRecovery\assets\tankwar\asset46:IF:6-50,C:\Users\JBNU\git\ConstraintsRecovery\assets\tankwar\asset14:IF:8-384,asset46,asset14,false,true,true,true,TankWar_P1|TankWar_P2|TankWar_P3,TankWar_P1|TankWar_P2|TankWar_P3|TankWar_P4|TankWar_P5,SOURCE_PROPER_SUBSET_OF_TARGET,1,1,true,true,false,COMMON_TARGET_DEPENDENCY,TARGET_PRESENT_IN_ALL_PRODUCTS,false,LOW,D1250
RC-0532,Tank$$einfrieren.toolBehandeln,METHOD,Tank$$einfrieren.einfrieren,FIELD,FIELD_REFERENCE,C:\Users\JBNU\git\ConstraintsRecovery\assets\tankwar\asset46:IF:6-50,C:\Users\JBNU\git\ConstraintsRecovery\assets\tankwar\asset46:IF:6-50,asset46,asset46,true,true,true,false,TankWar_P1|TankWar_P2|TankWar_P3,TankWar_P1|TankWar_P2|TankWar_P3,EQUAL,1,1,false,false,false,INTRA_ASSET_ROOT_DEPENDENCY,SAME_ASSET_ROOT_CONTEXT,false,LOW,D1253
RC-0533,Tank$$einfrieren.toolBehandeln,METHOD,Tank$$einfrieren.einfrierenTimer,FIELD,FIELD_REFERENCE,C:\Users\JBNU\git\ConstraintsRecovery\assets\tankwar\asset46:IF:6-50,C:\Users\JBNU\git\ConstraintsRecovery\assets\tankwar\asset46:IF:6-50,asset46,asset46,true,true,true,false,TankWar_P1|TankWar_P2|TankWar_P3,TankWar_P1|TankWar_P2|TankWar_P3,EQUAL,1,1,false,false,false,INTRA_ASSET_ROOT_DEPENDENCY,SAME_ASSET_ROOT_CONTEXT,false,LOW,D1252
RC-0534,Tank$$einfrieren.toolKontroller,METHOD,Tank$$einfrieren.einfrieren,FIELD,FIELD_REFERENCE,C:\Users\JBNU\git\ConstraintsRecovery\assets\tankwar\asset46:IF:6-50,C:\Users\JBNU\git\ConstraintsRecovery\assets\tankwar\asset46:IF:6-50,asset46,asset46,true,true,true,false,TankWar_P1|TankWar_P2|TankWar_P3,TankWar_P1|TankWar_P2|TankWar_P3,EQUAL,3,3,false,false,false,INTRA_ASSET_ROOT_DEPENDENCY,SAME_ASSET_ROOT_CONTEXT,false,LOW,D1243
RC-0535,Tank$$einfrieren.toolKontroller,METHOD,Tank$$einfrieren.einfrierenTimer,FIELD,FIELD_REFERENCE,C:\Users\JBNU\git\ConstraintsRecovery\assets\tankwar\asset46:IF:6-50,C:\Users\JBNU\git\ConstraintsRecovery\assets\tankwar\asset46:IF:6-50,asset46,asset46,true,true,true,false,TankWar_P1|TankWar_P2|TankWar_P3,TankWar_P1|TankWar_P2|TankWar_P3,EQUAL,2,2,false,false,false,INTRA_ASSET_ROOT_DEPENDENCY,SAME_ASSET_ROOT_CONTEXT,false,LOW,D1244
RC-0536,Tank$$einfrieren.toolBehandeln,METHOD,TankManager$$TankWar.tank1,FIELD,FIELD_REFERENCE,C:\Users\JBNU\git\ConstraintsRecovery\assets\tankwar\asset46:IF:6-50,C:\Users\JBNU\git\ConstraintsRecovery\assets\tankwar\asset9:IF:8-248,asset46,asset9,false,true,true,true,TankWar_P1|TankWar_P2|TankWar_P3,TankWar_P1|TankWar_P2|TankWar_P3|TankWar_P4|TankWar_P5,SOURCE_PROPER_SUBSET_OF_TARGET,1,1,true,true,false,COMMON_TARGET_DEPENDENCY,TARGET_PRESENT_IN_ALL_PRODUCTS,false,LOW,D1255
RC-0537,Tank$$einfrieren.toolBehandeln,METHOD,TankManager$$TankWar.tank2,FIELD,FIELD_REFERENCE,C:\Users\JBNU\git\ConstraintsRecovery\assets\tankwar\asset46:IF:6-50,C:\Users\JBNU\git\ConstraintsRecovery\assets\tankwar\asset9:IF:8-248,asset46,asset9,false,true,true,true,TankWar_P1|TankWar_P2|TankWar_P3,TankWar_P1|TankWar_P2|TankWar_P3|TankWar_P4|TankWar_P5,SOURCE_PROPER_SUBSET_OF_TARGET,1,1,true,true,false,COMMON_TARGET_DEPENDENCY,TARGET_PRESENT_IN_ALL_PRODUCTS,false,LOW,D1256
RC-0538,Tank$$einfrieren.toolBehandeln,METHOD,TankManager$$TankWar.tankMenge,FIELD,FIELD_REFERENCE,C:\Users\JBNU\git\ConstraintsRecovery\assets\tankwar\asset46:IF:6-50,C:\Users\JBNU\git\ConstraintsRecovery\assets\tankwar\asset9:IF:8-248,asset46,asset9,false,true,true,true,TankWar_P1|TankWar_P2|TankWar_P3,TankWar_P1|TankWar_P2|TankWar_P3|TankWar_P4|TankWar_P5,SOURCE_PROPER_SUBSET_OF_TARGET,3,3,true,true,false,COMMON_TARGET_DEPENDENCY,TARGET_PRESENT_IN_ALL_PRODUCTS,false,LOW,D1254
RC-0539,Tank$$einfrieren.toolKontroller,METHOD,TankManager$$TankWar.tankMenge,FIELD,FIELD_REFERENCE,C:\Users\JBNU\git\ConstraintsRecovery\assets\tankwar\asset46:IF:6-50,C:\Users\JBNU\git\ConstraintsRecovery\assets\tankwar\asset9:IF:8-248,asset46,asset9,false,true,true,true,TankWar_P1|TankWar_P2|TankWar_P3,TankWar_P1|TankWar_P2|TankWar_P3|TankWar_P4|TankWar_P5,SOURCE_PROPER_SUBSET_OF_TARGET,3,3,true,true,false,COMMON_TARGET_DEPENDENCY,TARGET_PRESENT_IN_ALL_PRODUCTS,false,LOW,D1247
RC-0540,Tank$$einfrieren,CLASS,Tank$$Tools,CLASS,EXTENDS,C:\Users\JBNU\git\ConstraintsRecovery\assets\tankwar\asset46:IF:9-10,C:\Users\JBNU\git\ConstraintsRecovery\assets\tankwar\asset10:IF:8-42,asset46,asset10,false,false,true,true,TankWar_P1,TankWar_P1|TankWar_P2|TankWar_P3|TankWar_P4|TankWar_P5,SOURCE_PROPER_SUBSET_OF_TARGET,1,1,true,false,false,COMMON_TARGET_DEPENDENCY,TARGET_PRESENT_IN_ALL_PRODUCTS,false,LOW,D1241
RC-0541,SoundPlayer.getInstance,METHOD,SoundPlayer.instance,FIELD,FIELD_REFERENCE,C:\Users\JBNU\git\ConstraintsRecovery\assets\tankwar\asset47:IF:6-53,C:\Users\JBNU\git\ConstraintsRecovery\assets\tankwar\asset47:IF:6-53,asset47,asset47,true,true,true,false,TankWar_P2|TankWar_P3|TankWar_P4,TankWar_P2|TankWar_P3|TankWar_P4,EQUAL,3,3,false,false,false,INTRA_ASSET_ROOT_DEPENDENCY,SAME_ASSET_ROOT_CONTEXT,false,LOW,D1260
RC-0542,SoundPlayer.playBgSound,METHOD,SoundPlayer.inputStream,FIELD,FIELD_REFERENCE,C:\Users\JBNU\git\ConstraintsRecovery\assets\tankwar\asset47:IF:6-53,C:\Users\JBNU\git\ConstraintsRecovery\assets\tankwar\asset47:IF:6-53,asset47,asset47,true,true,true,false,TankWar_P2|TankWar_P3|TankWar_P4,TankWar_P2|TankWar_P3|TankWar_P4,EQUAL,2,2,false,false,false,INTRA_ASSET_ROOT_DEPENDENCY,SAME_ASSET_ROOT_CONTEXT,false,LOW,D1263
RC-0543,SoundPlayer.playEatSound,METHOD,SoundPlayer.inputStream,FIELD,FIELD_REFERENCE,C:\Users\JBNU\git\ConstraintsRecovery\assets\tankwar\asset47:IF:6-53,C:\Users\JBNU\git\ConstraintsRecovery\assets\tankwar\asset47:IF:6-53,asset47,asset47,true,true,true,false,TankWar_P2|TankWar_P3|TankWar_P4,TankWar_P2|TankWar_P3|TankWar_P4,EQUAL,2,2,false,false,false,INTRA_ASSET_ROOT_DEPENDENCY,SAME_ASSET_ROOT_CONTEXT,false,LOW,D1277
RC-0544,SoundPlayer.playExplodeSound,METHOD,SoundPlayer.inputStream,FIELD,FIELD_REFERENCE,C:\Users\JBNU\git\ConstraintsRecovery\assets\tankwar\asset47:IF:6-53,C:\Users\JBNU\git\ConstraintsRecovery\assets\tankwar\asset47:IF:6-53,asset47,asset47,true,true,true,false,TankWar_P2|TankWar_P3|TankWar_P4,TankWar_P2|TankWar_P3|TankWar_P4,EQUAL,2,2,false,false,false,INTRA_ASSET_ROOT_DEPENDENCY,SAME_ASSET_ROOT_CONTEXT,false,LOW,D1267
RC-0545,SoundPlayer.playFireSound,METHOD,SoundPlayer.inputStream,FIELD,FIELD_REFERENCE,C:\Users\JBNU\git\ConstraintsRecovery\assets\tankwar\asset47:IF:6-53,C:\Users\JBNU\git\ConstraintsRecovery\assets\tankwar\asset47:IF:6-53,asset47,asset47,true,true,true,false,TankWar_P2|TankWar_P3|TankWar_P4,TankWar_P2|TankWar_P3|TankWar_P4,EQUAL,2,2,false,false,false,INTRA_ASSET_ROOT_DEPENDENCY,SAME_ASSET_ROOT_CONTEXT,false,LOW,D1265
RC-0546,SoundPlayer.playMoveSound,METHOD,SoundPlayer.inputStream,FIELD,FIELD_REFERENCE,C:\Users\JBNU\git\ConstraintsRecovery\assets\tankwar\asset47:IF:6-53,C:\Users\JBNU\git\ConstraintsRecovery\assets\tankwar\asset47:IF:6-53,asset47,asset47,true,true,true,false,TankWar_P2|TankWar_P3|TankWar_P4,TankWar_P2|TankWar_P3|TankWar_P4,EQUAL,2,2,false,false,false,INTRA_ASSET_ROOT_DEPENDENCY,SAME_ASSET_ROOT_CONTEXT,false,LOW,D1269
RC-0547,SoundPlayer.playRogerSound,METHOD,SoundPlayer.inputStream,FIELD,FIELD_REFERENCE,C:\Users\JBNU\git\ConstraintsRecovery\assets\tankwar\asset47:IF:6-53,C:\Users\JBNU\git\ConstraintsRecovery\assets\tankwar\asset47:IF:6-53,asset47,asset47,true,true,true,false,TankWar_P2|TankWar_P3|TankWar_P4,TankWar_P2|TankWar_P3|TankWar_P4,EQUAL,2,2,false,false,false,INTRA_ASSET_ROOT_DEPENDENCY,SAME_ASSET_ROOT_CONTEXT,false,LOW,D1271
RC-0548,SoundPlayer.playYeahSound,METHOD,SoundPlayer.inputStream,FIELD,FIELD_REFERENCE,C:\Users\JBNU\git\ConstraintsRecovery\assets\tankwar\asset47:IF:6-53,C:\Users\JBNU\git\ConstraintsRecovery\assets\tankwar\asset47:IF:6-53,asset47,asset47,true,true,true,false,TankWar_P2|TankWar_P3|TankWar_P4,TankWar_P2|TankWar_P3|TankWar_P4,EQUAL,2,2,false,false,false,INTRA_ASSET_ROOT_DEPENDENCY,SAME_ASSET_ROOT_CONTEXT,false,LOW,D1275
RC-0549,SoundPlayer.playYessirSound,METHOD,SoundPlayer.inputStream,FIELD,FIELD_REFERENCE,C:\Users\JBNU\git\ConstraintsRecovery\assets\tankwar\asset47:IF:6-53,C:\Users\JBNU\git\ConstraintsRecovery\assets\tankwar\asset47:IF:6-53,asset47,asset47,true,true,true,false,TankWar_P2|TankWar_P3|TankWar_P4,TankWar_P2|TankWar_P3|TankWar_P4,EQUAL,2,2,false,false,false,INTRA_ASSET_ROOT_DEPENDENCY,SAME_ASSET_ROOT_CONTEXT,false,LOW,D1273
RC-0550,SoundPlayer.stopSound,METHOD,SoundPlayer.inputStream,FIELD,FIELD_REFERENCE,C:\Users\JBNU\git\ConstraintsRecovery\assets\tankwar\asset47:IF:6-53,C:\Users\JBNU\git\ConstraintsRecovery\assets\tankwar\asset47:IF:6-53,asset47,asset47,true,true,true,false,TankWar_P2|TankWar_P3|TankWar_P4,TankWar_P2|TankWar_P3|TankWar_P4,EQUAL,1,1,false,false,false,INTRA_ASSET_ROOT_DEPENDENCY,SAME_ASSET_ROOT_CONTEXT,false,LOW,D1279
RC-0551,Tank$$Sound_fuer_pc,CLASS,Tank$$Record,CLASS,EXTENDS,C:\Users\JBNU\git\ConstraintsRecovery\assets\tankwar\asset48:ELIF:12-13,C:\Users\JBNU\git\ConstraintsRecovery\assets\tankwar\asset26:IF:7-21,asset48,asset26,false,false,true,true,TankWar_P3|TankWar_P4,TankWar_P1|TankWar_P3|TankWar_P4|TankWar_P5,SOURCE_PROPER_SUBSET_OF_TARGET,1,1,true,false,true,ELIGIBLE_REQUIRES_EVIDENCE,,false,MEDIUM,D1280
RC-0552,Tank$$Sound_fuer_pc.explodieren,METHOD,SoundPlayer.getInstance,METHOD,METHOD_CALL,C:\Users\JBNU\git\ConstraintsRecovery\assets\tankwar\asset48:IF:6-58,C:\Users\JBNU\git\ConstraintsRecovery\assets\tankwar\asset47:IF:6-53,asset48,asset47,false,true,true,true,TankWar_P2|TankWar_P3|TankWar_P4,TankWar_P2|TankWar_P3|TankWar_P4,EQUAL,1,1,true,true,false,SAME_SIGNATURE_DIRECTED_DEPENDENCY,DIRECTION_NOT_IDENTIFIABLE,false,LOW,D1289
RC-0553,Tank$$Sound_fuer_pc.explodieren,METHOD,SoundPlayer.playExplodeSound,METHOD,METHOD_CALL,C:\Users\JBNU\git\ConstraintsRecovery\assets\tankwar\asset48:IF:6-58,C:\Users\JBNU\git\ConstraintsRecovery\assets\tankwar\asset47:IF:6-53,asset48,asset47,false,true,true,true,TankWar_P2|TankWar_P3|TankWar_P4,TankWar_P2|TankWar_P3|TankWar_P4,EQUAL,1,1,true,true,false,SAME_SIGNATURE_DIRECTED_DEPENDENCY,DIRECTION_NOT_IDENTIFIABLE,false,LOW,D1290
RC-0554,Tank$$Sound_fuer_pc.keyPressBehandeln,METHOD,SoundPlayer.getInstance,METHOD,METHOD_CALL,C:\Users\JBNU\git\ConstraintsRecovery\assets\tankwar\asset48:IF:6-58,C:\Users\JBNU\git\ConstraintsRecovery\assets\tankwar\asset47:IF:6-53,asset48,asset47,false,true,true,true,TankWar_P2|TankWar_P3|TankWar_P4,TankWar_P2|TankWar_P3|TankWar_P4,EQUAL,4,4,true,true,false,SAME_SIGNATURE_DIRECTED_DEPENDENCY,DIRECTION_NOT_IDENTIFIABLE,false,LOW,D1281
RC-0555,Tank$$Sound_fuer_pc.keyPressBehandeln,METHOD,SoundPlayer.playMoveSound,METHOD,METHOD_CALL,C:\Users\JBNU\git\ConstraintsRecovery\assets\tankwar\asset48:IF:6-58,C:\Users\JBNU\git\ConstraintsRecovery\assets\tankwar\asset47:IF:6-53,asset48,asset47,false,true,true,true,TankWar_P2|TankWar_P3|TankWar_P4,TankWar_P2|TankWar_P3|TankWar_P4,EQUAL,1,1,true,true,false,SAME_SIGNATURE_DIRECTED_DEPENDENCY,DIRECTION_NOT_IDENTIFIABLE,false,LOW,D1282
RC-0556,Tank$$Sound_fuer_pc.keyPressBehandeln,METHOD,SoundPlayer.playRogerSound,METHOD,METHOD_CALL,C:\Users\JBNU\git\ConstraintsRecovery\assets\tankwar\asset48:IF:6-58,C:\Users\JBNU\git\ConstraintsRecovery\assets\tankwar\asset47:IF:6-53,asset48,asset47,false,true,true,true,TankWar_P2|TankWar_P3|TankWar_P4,TankWar_P2|TankWar_P3|TankWar_P4,EQUAL,1,1,true,true,false,SAME_SIGNATURE_DIRECTED_DEPENDENCY,DIRECTION_NOT_IDENTIFIABLE,false,LOW,D1284
RC-0557,Tank$$Sound_fuer_pc.keyPressBehandeln,METHOD,SoundPlayer.playYeahSound,METHOD,METHOD_CALL,C:\Users\JBNU\git\ConstraintsRecovery\assets\tankwar\asset48:IF:6-58,C:\Users\JBNU\git\ConstraintsRecovery\assets\tankwar\asset47:IF:6-53,asset48,asset47,false,true,true,true,TankWar_P2|TankWar_P3|TankWar_P4,TankWar_P2|TankWar_P3|TankWar_P4,EQUAL,1,1,true,true,false,SAME_SIGNATURE_DIRECTED_DEPENDENCY,DIRECTION_NOT_IDENTIFIABLE,false,LOW,D1288
RC-0558,Tank$$Sound_fuer_pc.keyPressBehandeln,METHOD,SoundPlayer.playYessirSound,METHOD,METHOD_CALL,C:\Users\JBNU\git\ConstraintsRecovery\assets\tankwar\asset48:IF:6-58,C:\Users\JBNU\git\ConstraintsRecovery\assets\tankwar\asset47:IF:6-53,asset48,asset47,false,true,true,true,TankWar_P2|TankWar_P3|TankWar_P4,TankWar_P2|TankWar_P3|TankWar_P4,EQUAL,1,1,true,true,false,SAME_SIGNATURE_DIRECTED_DEPENDENCY,DIRECTION_NOT_IDENTIFIABLE,false,LOW,D1286
RC-0559,Tank$$Sound_fuer_pc.toolBehandeln,METHOD,SoundPlayer.getInstance,METHOD,METHOD_CALL,C:\Users\JBNU\git\ConstraintsRecovery\assets\tankwar\asset48:IF:6-58,C:\Users\JBNU\git\ConstraintsRecovery\assets\tankwar\asset47:IF:6-53,asset48,asset47,false,true,true,true,TankWar_P2|TankWar_P3|TankWar_P4,TankWar_P2|TankWar_P3|TankWar_P4,EQUAL,1,1,true,true,false,SAME_SIGNATURE_DIRECTED_DEPENDENCY,DIRECTION_NOT_IDENTIFIABLE,false,LOW,D1291
RC-0560,Tank$$Sound_fuer_pc.toolBehandeln,METHOD,SoundPlayer.playEatSound,METHOD,METHOD_CALL,C:\Users\JBNU\git\ConstraintsRecovery\assets\tankwar\asset48:IF:6-58,C:\Users\JBNU\git\ConstraintsRecovery\assets\tankwar\asset47:IF:6-53,asset48,asset47,false,true,true,true,TankWar_P2|TankWar_P3|TankWar_P4,TankWar_P2|TankWar_P3|TankWar_P4,EQUAL,1,1,true,true,false,SAME_SIGNATURE_DIRECTED_DEPENDENCY,DIRECTION_NOT_IDENTIFIABLE,false,LOW,D1292
RC-0561,ExplodierenEffekt$$explodieren.init,METHOD,GameObject.x_Koordinate,FIELD,FIELD_REFERENCE,C:\Users\JBNU\git\ConstraintsRecovery\assets\tankwar\asset49:IF:5-132,C:\Users\JBNU\git\ConstraintsRecovery\assets\tankwar\asset22:IF:8-80,asset49,asset22,false,true,true,true,TankWar_P3|TankWar_P5,TankWar_P1|TankWar_P2|TankWar_P3|TankWar_P4|TankWar_P5,SOURCE_PROPER_SUBSET_OF_TARGET,1,1,true,true,false,COMMON_TARGET_DEPENDENCY,TARGET_PRESENT_IN_ALL_PRODUCTS,false,LOW,D1296
RC-0562,ExplodierenEffekt$$explodieren.init,METHOD,GameObject.y_Koordinate,FIELD,FIELD_REFERENCE,C:\Users\JBNU\git\ConstraintsRecovery\assets\tankwar\asset49:IF:5-132,C:\Users\JBNU\git\ConstraintsRecovery\assets\tankwar\asset22:IF:8-80,asset49,asset22,false,true,true,true,TankWar_P3|TankWar_P5,TankWar_P1|TankWar_P2|TankWar_P3|TankWar_P4|TankWar_P5,SOURCE_PROPER_SUBSET_OF_TARGET,1,1,true,true,false,COMMON_TARGET_DEPENDENCY,TARGET_PRESENT_IN_ALL_PRODUCTS,false,LOW,D1297
RC-0563,ExplodierenEffekt$$explodieren.fillTriangle,METHOD,Maler$$PC.drawLine,METHOD,METHOD_CALL,C:\Users\JBNU\git\ConstraintsRecovery\assets\tankwar\asset49:IF:5-132,C:\Users\JBNU\git\ConstraintsRecovery\assets\tankwar\asset2:IF:8-332,asset49,asset2,false,true,true,true,TankWar_P3|TankWar_P5,TankWar_P1|TankWar_P2|TankWar_P3|TankWar_P4|TankWar_P5,SOURCE_PROPER_SUBSET_OF_TARGET,2,2,true,true,false,COMMON_TARGET_DEPENDENCY,TARGET_PRESENT_IN_ALL_PRODUCTS,false,LOW,D1293
RC-0564,ExplodierenEffekt$$explodieren.malen,METHOD,Maler$$PC.setColor,METHOD,METHOD_CALL,C:\Users\JBNU\git\ConstraintsRecovery\assets\tankwar\asset49:IF:5-132,C:\Users\JBNU\git\ConstraintsRecovery\assets\tankwar\asset2:IF:8-332,asset49,asset2,false,true,true,true,TankWar_P3|TankWar_P5,TankWar_P1|TankWar_P2|TankWar_P3|TankWar_P4|TankWar_P5,SOURCE_PROPER_SUBSET_OF_TARGET,3,3,true,true,false,COMMON_TARGET_DEPENDENCY,TARGET_PRESENT_IN_ALL_PRODUCTS,false,LOW,D1331
RC-0565,ExplodierenEffekt$$explodieren.fillTriangle,METHOD,ExplodierenEffekt$$explodieren.i,FIELD,FIELD_REFERENCE,C:\Users\JBNU\git\ConstraintsRecovery\assets\tankwar\asset49:IF:5-132,C:\Users\JBNU\git\ConstraintsRecovery\assets\tankwar\asset49:IF:5-132,asset49,asset49,true,true,true,false,TankWar_P3|TankWar_P5,TankWar_P3|TankWar_P5,EQUAL,1,1,false,false,false,INTRA_ASSET_ROOT_DEPENDENCY,SAME_ASSET_ROOT_CONTEXT,false,LOW,D1362
RC-0566,ExplodierenEffekt$$explodieren.init,METHOD,ExplodierenEffekt$$explodieren.koernigKeit,FIELD,FIELD_REFERENCE,C:\Users\JBNU\git\ConstraintsRecovery\assets\tankwar\asset49:IF:5-132,C:\Users\JBNU\git\ConstraintsRecovery\assets\tankwar\asset49:IF:5-132,asset49,asset49,true,true,true,false,TankWar_P3|TankWar_P5,TankWar_P3|TankWar_P5,EQUAL,7,7,false,false,false,INTRA_ASSET_ROOT_DEPENDENCY,SAME_ASSET_ROOT_CONTEXT,false,LOW,D1298
RC-0567,ExplodierenEffekt$$explodieren.init,METHOD,ExplodierenEffekt$$explodieren.x,FIELD,FIELD_REFERENCE,C:\Users\JBNU\git\ConstraintsRecovery\assets\tankwar\asset49:IF:5-132,C:\Users\JBNU\git\ConstraintsRecovery\assets\tankwar\asset49:IF:5-132,asset49,asset49,true,true,true,false,TankWar_P3|TankWar_P5,TankWar_P3|TankWar_P5,EQUAL,12,12,false,false,false,INTRA_ASSET_ROOT_DEPENDENCY,SAME_ASSET_ROOT_CONTEXT,false,LOW,D1304
RC-0568,ExplodierenEffekt$$explodieren.init,METHOD,ExplodierenEffekt$$explodieren.y,FIELD,FIELD_REFERENCE,C:\Users\JBNU\git\ConstraintsRecovery\assets\tankwar\asset49:IF:5-132,C:\Users\JBNU\git\ConstraintsRecovery\assets\tankwar\asset49:IF:5-132,asset49,asset49,true,true,true,false,TankWar_P3|TankWar_P5,TankWar_P3|TankWar_P5,EQUAL,12,12,false,false,false,INTRA_ASSET_ROOT_DEPENDENCY,SAME_ASSET_ROOT_CONTEXT,false,LOW,D1305
RC-0569,ExplodierenEffekt$$explodieren.malen,METHOD,ExplodierenEffekt$$explodieren.explodieren,METHOD,METHOD_CALL,C:\Users\JBNU\git\ConstraintsRecovery\assets\tankwar\asset49:IF:5-132,C:\Users\JBNU\git\ConstraintsRecovery\assets\tankwar\asset49:IF:5-132,asset49,asset49,true,true,true,false,TankWar_P3|TankWar_P5,TankWar_P3|TankWar_P5,EQUAL,1,1,false,false,false,INTRA_ASSET_ROOT_DEPENDENCY,SAME_ASSET_ROOT_CONTEXT,false,LOW,D1361
RC-0570,ExplodierenEffekt$$explodieren.malen,METHOD,ExplodierenEffekt$$explodieren.fillTriangle,METHOD,METHOD_CALL,C:\Users\JBNU\git\ConstraintsRecovery\assets\tankwar\asset49:IF:5-132,C:\Users\JBNU\git\ConstraintsRecovery\assets\tankwar\asset49:IF:5-132,asset49,asset49,true,true,true,false,TankWar_P3|TankWar_P5,TankWar_P3|TankWar_P5,EQUAL,8,8,false,false,false,INTRA_ASSET_ROOT_DEPENDENCY,SAME_ASSET_ROOT_CONTEXT,false,LOW,D1336
RC-0571,ExplodierenEffekt$$explodieren.malen,METHOD,ExplodierenEffekt$$explodieren.i,FIELD,FIELD_REFERENCE,C:\Users\JBNU\git\ConstraintsRecovery\assets\tankwar\asset49:IF:5-132,C:\Users\JBNU\git\ConstraintsRecovery\assets\tankwar\asset49:IF:5-132,asset49,asset49,true,true,true,false,TankWar_P3|TankWar_P5,TankWar_P3|TankWar_P5,EQUAL,3,3,false,false,false,INTRA_ASSET_ROOT_DEPENDENCY,SAME_ASSET_ROOT_CONTEXT,false,LOW,D1330
RC-0572,ExplodierenEffekt$$explodieren.malen,METHOD,ExplodierenEffekt$$explodieren.x,FIELD,FIELD_REFERENCE,C:\Users\JBNU\git\ConstraintsRecovery\assets\tankwar\asset49:IF:5-132,C:\Users\JBNU\git\ConstraintsRecovery\assets\tankwar\asset49:IF:5-132,asset49,asset49,true,true,true,false,TankWar_P3|TankWar_P5,TankWar_P3|TankWar_P5,EQUAL,8,8,false,false,false,INTRA_ASSET_ROOT_DEPENDENCY,SAME_ASSET_ROOT_CONTEXT,false,LOW,D1334
RC-0573,ExplodierenEffekt$$explodieren.malen,METHOD,ExplodierenEffekt$$explodieren.y,FIELD,FIELD_REFERENCE,C:\Users\JBNU\git\ConstraintsRecovery\assets\tankwar\asset49:IF:5-132,C:\Users\JBNU\git\ConstraintsRecovery\assets\tankwar\asset49:IF:5-132,asset49,asset49,true,true,true,false,TankWar_P3|TankWar_P5,TankWar_P3|TankWar_P5,EQUAL,8,8,false,false,false,INTRA_ASSET_ROOT_DEPENDENCY,SAME_ASSET_ROOT_CONTEXT,false,LOW,D1335
RC-0574,ExplodierenEffekt$$explodieren.explodieren,METHOD,TankManager$$explodieren.expEffekt,FIELD,FIELD_REFERENCE,C:\Users\JBNU\git\ConstraintsRecovery\assets\tankwar\asset49:IF:5-132,C:\Users\JBNU\git\ConstraintsRecovery\assets\tankwar\asset54:IF:5-26,asset49,asset54,false,true,true,true,TankWar_P3|TankWar_P5,TankWar_P3|TankWar_P5,EQUAL,1,1,true,true,false,SAME_SIGNATURE_DIRECTED_DEPENDENCY,DIRECTION_NOT_IDENTIFIABLE,false,LOW,D1295
RC-0575,ExplodierenEffekt$$explodieren,CLASS,ExplodierenEffekt$$TankWar,CLASS,EXTENDS,C:\Users\JBNU\git\ConstraintsRecovery\assets\tankwar\asset49:IF:5-132,C:\Users\JBNU\git\ConstraintsRecovery\assets\tankwar\asset63:IF:5-7,asset49,asset63,false,true,true,true,TankWar_P3|TankWar_P5,TankWar_P3|TankWar_P5,EQUAL,1,1,true,false,false,SAME_SIGNATURE_DIRECTED_DEPENDENCY,DIRECTION_NOT_IDENTIFIABLE,false,LOW,D1359
RC-0576,ExplodierenEffekt$$explodieren.init,METHOD,TankManager$$TankWar.screenWidth,FIELD,FIELD_REFERENCE,C:\Users\JBNU\git\ConstraintsRecovery\assets\tankwar\asset49:IF:5-132,C:\Users\JBNU\git\ConstraintsRecovery\assets\tankwar\asset9:IF:8-248,asset49,asset9,false,true,true,true,TankWar_P3|TankWar_P5,TankWar_P1|TankWar_P2|TankWar_P3|TankWar_P4|TankWar_P5,SOURCE_PROPER_SUBSET_OF_TARGET,1,1,true,true,false,COMMON_TARGET_DEPENDENCY,TARGET_PRESENT_IN_ALL_PRODUCTS,false,LOW,D1299
RC-0577,KeyMonitor.KeyMonitor,CONSTRUCTOR,KeyMonitor.gameManager,FIELD,FIELD_REFERENCE,C:\Users\JBNU\git\ConstraintsRecovery\assets\tankwar\asset4:IF:8-26,C:\Users\JBNU\git\ConstraintsRecovery\assets\tankwar\asset4:IF:8-26,asset4,asset4,true,true,true,false,TankWar_P1|TankWar_P2|TankWar_P3|TankWar_P4|TankWar_P5,TankWar_P1|TankWar_P2|TankWar_P3|TankWar_P4|TankWar_P5,EQUAL,1,1,false,false,false,COMMON_TARGET_DEPENDENCY,TARGET_PRESENT_IN_ALL_PRODUCTS,false,LOW,D1363
RC-0578,KeyMonitor.keyPressed,METHOD,KeyMonitor.gameManager,FIELD,FIELD_REFERENCE,C:\Users\JBNU\git\ConstraintsRecovery\assets\tankwar\asset4:IF:8-26,C:\Users\JBNU\git\ConstraintsRecovery\assets\tankwar\asset4:IF:8-26,asset4,asset4,true,true,true,false,TankWar_P1|TankWar_P2|TankWar_P3|TankWar_P4|TankWar_P5,TankWar_P1|TankWar_P2|TankWar_P3|TankWar_P4|TankWar_P5,EQUAL,1,1,false,false,false,COMMON_TARGET_DEPENDENCY,TARGET_PRESENT_IN_ALL_PRODUCTS,false,LOW,D1364
RC-0579,KeyMonitor.keyReleased,METHOD,KeyMonitor.gameManager,FIELD,FIELD_REFERENCE,C:\Users\JBNU\git\ConstraintsRecovery\assets\tankwar\asset4:IF:8-26,C:\Users\JBNU\git\ConstraintsRecovery\assets\tankwar\asset4:IF:8-26,asset4,asset4,true,true,true,false,TankWar_P1|TankWar_P2|TankWar_P3|TankWar_P4|TankWar_P5,TankWar_P1|TankWar_P2|TankWar_P3|TankWar_P4|TankWar_P5,EQUAL,1,1,false,false,false,COMMON_TARGET_DEPENDENCY,TARGET_PRESENT_IN_ALL_PRODUCTS,false,LOW,D1365
RC-0580,TankManager$$Energie.toolsLaden,METHOD,TankManager$$Tools.toolInit,METHOD,METHOD_CALL,C:\Users\JBNU\git\ConstraintsRecovery\assets\tankwar\asset50:IF:5-21,C:\Users\JBNU\git\ConstraintsRecovery\assets\tankwar\asset3:IF:8-44,asset50,asset3,false,true,true,true,TankWar_P1|TankWar_P4,TankWar_P1|TankWar_P2|TankWar_P3|TankWar_P4|TankWar_P5,SOURCE_PROPER_SUBSET_OF_TARGET,1,1,true,true,false,COMMON_TARGET_DEPENDENCY,TARGET_PRESENT_IN_ALL_PRODUCTS,false,LOW,D1366
RC-0581,Maler$$USA_M1Abrams,CLASS,Maler$$Re_fuer_PC,CLASS,EXTENDS,C:\Users\JBNU\git\ConstraintsRecovery\assets\tankwar\asset51:ELIF:25-27,C:\Users\JBNU\git\ConstraintsRecovery\assets\tankwar\asset23:IF:7-99,asset51,asset23,false,false,true,true,TankWar_P1,TankWar_P1|TankWar_P3|TankWar_P4|TankWar_P5,SOURCE_PROPER_SUBSET_OF_TARGET,1,1,true,false,true,ELIGIBLE_REQUIRES_EVIDENCE,,false,MEDIUM,D1367
RC-0582,Maler$$USA_M1Abrams.tankErstellen,METHOD,Maler$$PC.loadImage,METHOD,METHOD_CALL,C:\Users\JBNU\git\ConstraintsRecovery\assets\tankwar\asset51:IF:5-39,C:\Users\JBNU\git\ConstraintsRecovery\assets\tankwar\asset2:IF:8-332,asset51,asset2,false,true,true,true,TankWar_P1|TankWar_P2,TankWar_P1|TankWar_P2|TankWar_P3|TankWar_P4|TankWar_P5,SOURCE_PROPER_SUBSET_OF_TARGET,1,1,true,true,false,COMMON_TARGET_DEPENDENCY,TARGET_PRESENT_IN_ALL_PRODUCTS,false,LOW,D1368
RC-0583,Tank$$Beschleunigung,CLASS,Tank$$Tools,CLASS,EXTENDS,C:\Users\JBNU\git\ConstraintsRecovery\assets\tankwar\asset52:IF:5-39,C:\Users\JBNU\git\ConstraintsRecovery\assets\tankwar\asset10:IF:8-42,asset52,asset10,false,true,true,true,TankWar_P2|TankWar_P3,TankWar_P1|TankWar_P2|TankWar_P3|TankWar_P4|TankWar_P5,SOURCE_PROPER_SUBSET_OF_TARGET,1,1,true,false,false,COMMON_TARGET_DEPENDENCY,TARGET_PRESENT_IN_ALL_PRODUCTS,false,LOW,D1377
RC-0584,Tank$$Beschleunigung.toolBehandeln,METHOD,Tank$$Beschleunigung.beschleunigung,FIELD,FIELD_REFERENCE,C:\Users\JBNU\git\ConstraintsRecovery\assets\tankwar\asset52:IF:5-39,C:\Users\JBNU\git\ConstraintsRecovery\assets\tankwar\asset52:IF:5-39,asset52,asset52,true,true,true,false,TankWar_P2|TankWar_P3,TankWar_P2|TankWar_P3,EQUAL,2,2,false,false,false,INTRA_ASSET_ROOT_DEPENDENCY,SAME_ASSET_ROOT_CONTEXT,false,LOW,D1374
RC-0585,Tank$$Beschleunigung.toolBehandeln,METHOD,Tank$$Beschleunigung.beschleunigungTimer,FIELD,FIELD_REFERENCE,C:\Users\JBNU\git\ConstraintsRecovery\assets\tankwar\asset52:IF:5-39,C:\Users\JBNU\git\ConstraintsRecovery\assets\tankwar\asset52:IF:5-39,asset52,asset52,true,true,true,false,TankWar_P2|TankWar_P3,TankWar_P2|TankWar_P3,EQUAL,1,1,false,false,false,INTRA_ASSET_ROOT_DEPENDENCY,SAME_ASSET_ROOT_CONTEXT,false,LOW,D1375
RC-0586,Tank$$Beschleunigung.toolKontroller,METHOD,Tank$$Beschleunigung.beschleunigung,FIELD,FIELD_REFERENCE,C:\Users\JBNU\git\ConstraintsRecovery\assets\tankwar\asset52:IF:5-39,C:\Users\JBNU\git\ConstraintsRecovery\assets\tankwar\asset52:IF:5-39,asset52,asset52,true,true,true,false,TankWar_P2|TankWar_P3,TankWar_P2|TankWar_P3,EQUAL,3,3,false,false,false,INTRA_ASSET_ROOT_DEPENDENCY,SAME_ASSET_ROOT_CONTEXT,false,LOW,D1369
RC-0587,Tank$$Beschleunigung.toolKontroller,METHOD,Tank$$Beschleunigung.beschleunigungTimer,FIELD,FIELD_REFERENCE,C:\Users\JBNU\git\ConstraintsRecovery\assets\tankwar\asset52:IF:5-39,C:\Users\JBNU\git\ConstraintsRecovery\assets\tankwar\asset52:IF:5-39,asset52,asset52,true,true,true,false,TankWar_P2|TankWar_P3,TankWar_P2|TankWar_P3,EQUAL,2,2,false,false,false,INTRA_ASSET_ROOT_DEPENDENCY,SAME_ASSET_ROOT_CONTEXT,false,LOW,D1370
RC-0588,Tank$$Energie.toolBehandeln,METHOD,Tank$$TankWar.energie,FIELD,FIELD_REFERENCE,C:\Users\JBNU\git\ConstraintsRecovery\assets\tankwar\asset53:IF:5-25,C:\Users\JBNU\git\ConstraintsRecovery\assets\tankwar\asset14:IF:8-384,asset53,asset14,false,true,true,true,TankWar_P1|TankWar_P4,TankWar_P1|TankWar_P2|TankWar_P3|TankWar_P4|TankWar_P5,SOURCE_PROPER_SUBSET_OF_TARGET,1,1,true,true,false,COMMON_TARGET_DEPENDENCY,TARGET_PRESENT_IN_ALL_PRODUCTS,false,LOW,D1378
RC-0589,TankManager$$explodieren.komponenteMalen,METHOD,TankManager$$explodieren.expEffekt,FIELD,FIELD_REFERENCE,C:\Users\JBNU\git\ConstraintsRecovery\assets\tankwar\asset54:IF:5-26,C:\Users\JBNU\git\ConstraintsRecovery\assets\tankwar\asset54:IF:5-26,asset54,asset54,true,true,true,false,TankWar_P3|TankWar_P5,TankWar_P3|TankWar_P5,EQUAL,1,1,false,false,false,INTRA_ASSET_ROOT_DEPENDENCY,SAME_ASSET_ROOT_CONTEXT,false,LOW,D1379
RC-0590,TankManager$$explodieren.komponenteMalen,METHOD,TankManager$$TankWar.gruppeMalen,METHOD,METHOD_CALL,C:\Users\JBNU\git\ConstraintsRecovery\assets\tankwar\asset54:IF:5-26,C:\Users\JBNU\git\ConstraintsRecovery\assets\tankwar\asset9:IF:8-248,asset54,asset9,false,true,true,true,TankWar_P3|TankWar_P5,TankWar_P1|TankWar_P2|TankWar_P3|TankWar_P4|TankWar_P5,SOURCE_PROPER_SUBSET_OF_TARGET,1,1,true,true,false,COMMON_TARGET_DEPENDENCY,TARGET_PRESENT_IN_ALL_PRODUCTS,false,LOW,D1380
RC-0591,ExplodierenEffekt.malen,METHOD,Maler$$fuer_PC.drawImage,METHOD,METHOD_CALL,C:\Users\JBNU\git\ConstraintsRecovery\assets\tankwar\asset55:IF:5-35,C:\Users\JBNU\git\ConstraintsRecovery\assets\tankwar\asset13:IF:8-358,asset55,asset13,false,true,true,true,TankWar_P3|TankWar_P5,TankWar_P1|TankWar_P2|TankWar_P3|TankWar_P4|TankWar_P5,SOURCE_PROPER_SUBSET_OF_TARGET,2,2,true,true,false,COMMON_TARGET_DEPENDENCY,TARGET_PRESENT_IN_ALL_PRODUCTS,false,LOW,D1383
RC-0592,ExplodierenEffekt,CLASS,ExplodierenEffekt$$explodieren,CLASS,EXTENDS,C:\Users\JBNU\git\ConstraintsRecovery\assets\tankwar\asset55:IF:5-35,C:\Users\JBNU\git\ConstraintsRecovery\assets\tankwar\asset49:IF:5-132,asset55,asset49,false,true,true,true,TankWar_P3|TankWar_P5,TankWar_P3|TankWar_P5,EQUAL,1,1,true,false,false,SAME_SIGNATURE_DIRECTED_DEPENDENCY,DIRECTION_NOT_IDENTIFIABLE,false,LOW,D1393
RC-0593,ExplodierenEffekt.malen,METHOD,ExplodierenEffekt.init,FIELD,FIELD_REFERENCE,C:\Users\JBNU\git\ConstraintsRecovery\assets\tankwar\asset55:IF:5-35,C:\Users\JBNU\git\ConstraintsRecovery\assets\tankwar\asset55:IF:5-35,asset55,asset55,true,true,true,false,TankWar_P3|TankWar_P5,TankWar_P3|TankWar_P5,EQUAL,2,2,false,false,false,INTRA_ASSET_ROOT_DEPENDENCY,SAME_ASSET_ROOT_CONTEXT,false,LOW,D1381
RC-0594,ExplodierenEffekt.malen,METHOD,ExplodierenEffekt.live,FIELD,FIELD_REFERENCE,C:\Users\JBNU\git\ConstraintsRecovery\assets\tankwar\asset55:IF:5-35,C:\Users\JBNU\git\ConstraintsRecovery\assets\tankwar\asset55:IF:5-35,asset55,asset55,true,true,true,false,TankWar_P3|TankWar_P5,TankWar_P3|TankWar_P5,EQUAL,2,2,false,false,false,INTRA_ASSET_ROOT_DEPENDENCY,SAME_ASSET_ROOT_CONTEXT,false,LOW,D1385
RC-0595,ExplodierenEffekt.malen,METHOD,ExplodierenEffekt.step,FIELD,FIELD_REFERENCE,C:\Users\JBNU\git\ConstraintsRecovery\assets\tankwar\asset55:IF:5-35,C:\Users\JBNU\git\ConstraintsRecovery\assets\tankwar\asset55:IF:5-35,asset55,asset55,true,true,true,false,TankWar_P3|TankWar_P5,TankWar_P3|TankWar_P5,EQUAL,4,4,false,false,false,INTRA_ASSET_ROOT_DEPENDENCY,SAME_ASSET_ROOT_CONTEXT,false,LOW,D1386
RC-0596,ExplodierenEffekt.malen,METHOD,TankManager$$TankWar.koernigkeit2,FIELD,FIELD_REFERENCE,C:\Users\JBNU\git\ConstraintsRecovery\assets\tankwar\asset55:IF:5-35,C:\Users\JBNU\git\ConstraintsRecovery\assets\tankwar\asset9:IF:8-248,asset55,asset9,false,true,true,true,TankWar_P3|TankWar_P5,TankWar_P1|TankWar_P2|TankWar_P3|TankWar_P4|TankWar_P5,SOURCE_PROPER_SUBSET_OF_TARGET,2,2,true,true,false,COMMON_TARGET_DEPENDENCY,TARGET_PRESENT_IN_ALL_PRODUCTS,false,LOW,D1382
RC-0597,Maler$$Beschleunigung,CLASS,Maler$$PC,CLASS,EXTENDS,C:\Users\JBNU\git\ConstraintsRecovery\assets\tankwar\asset56:IF:5-34,C:\Users\JBNU\git\ConstraintsRecovery\assets\tankwar\asset2:IF:8-332,asset56,asset2,false,true,true,true,TankWar_P2|TankWar_P3,TankWar_P1|TankWar_P2|TankWar_P3|TankWar_P4|TankWar_P5,SOURCE_PROPER_SUBSET_OF_TARGET,1,1,true,false,false,COMMON_TARGET_DEPENDENCY,TARGET_PRESENT_IN_ALL_PRODUCTS,false,LOW,D1394
RC-0598,Maler$$Beschleunigung.helpItemErstellen,METHOD,Maler$$PC.loadImage,METHOD,METHOD_CALL,C:\Users\JBNU\git\ConstraintsRecovery\assets\tankwar\asset56:IF:5-34,C:\Users\JBNU\git\ConstraintsRecovery\assets\tankwar\asset2:IF:8-332,asset56,asset2,false,true,true,true,TankWar_P2|TankWar_P3,TankWar_P1|TankWar_P2|TankWar_P3|TankWar_P4|TankWar_P5,SOURCE_PROPER_SUBSET_OF_TARGET,1,1,true,true,false,COMMON_TARGET_DEPENDENCY,TARGET_PRESENT_IN_ALL_PRODUCTS,false,LOW,D1395
RC-0599,Tool$$Energie.init,METHOD,TankManager$$TankWar.koernigkeit,FIELD,FIELD_REFERENCE,C:\Users\JBNU\git\ConstraintsRecovery\assets\tankwar\asset57:IF:5-22,C:\Users\JBNU\git\ConstraintsRecovery\assets\tankwar\asset9:IF:8-248,asset57,asset9,false,true,true,true,TankWar_P1|TankWar_P4,TankWar_P1|TankWar_P2|TankWar_P3|TankWar_P4|TankWar_P5,SOURCE_PROPER_SUBSET_OF_TARGET,1,1,true,true,false,COMMON_TARGET_DEPENDENCY,TARGET_PRESENT_IN_ALL_PRODUCTS,false,LOW,D1396
RC-0600,Tool$$Energie.init,METHOD,TankManager$$TankWar.koernigkeit2,FIELD,FIELD_REFERENCE,C:\Users\JBNU\git\ConstraintsRecovery\assets\tankwar\asset57:IF:5-22,C:\Users\JBNU\git\ConstraintsRecovery\assets\tankwar\asset9:IF:8-248,asset57,asset9,false,true,true,true,TankWar_P1|TankWar_P4,TankWar_P1|TankWar_P2|TankWar_P3|TankWar_P4|TankWar_P5,SOURCE_PROPER_SUBSET_OF_TARGET,1,1,true,true,false,COMMON_TARGET_DEPENDENCY,TARGET_PRESENT_IN_ALL_PRODUCTS,false,LOW,D1397
RC-0601,Tank$$explodieren.explodieren,METHOD,TankManager$$explodieren.expEffekt,FIELD,FIELD_REFERENCE,C:\Users\JBNU\git\ConstraintsRecovery\assets\tankwar\asset58:IF:5-21,C:\Users\JBNU\git\ConstraintsRecovery\assets\tankwar\asset54:IF:5-26,asset58,asset54,false,true,true,true,TankWar_P3|TankWar_P5,TankWar_P3|TankWar_P5,EQUAL,1,1,true,true,false,SAME_SIGNATURE_DIRECTED_DEPENDENCY,DIRECTION_NOT_IDENTIFIABLE,false,LOW,D1399
RC-0602,Tank$$explodieren.explodieren,METHOD,ExplodierenEffekt.ExplodierenEffekt,CONSTRUCTOR,CONSTRUCTOR_CALL,C:\Users\JBNU\git\ConstraintsRecovery\assets\tankwar\asset58:IF:5-21,C:\Users\JBNU\git\ConstraintsRecovery\assets\tankwar\asset55:IF:5-35,asset58,asset55,false,true,true,true,TankWar_P3|TankWar_P5,TankWar_P3|TankWar_P5,EQUAL,1,1,true,true,false,SAME_SIGNATURE_DIRECTED_DEPENDENCY,DIRECTION_NOT_IDENTIFIABLE,false,LOW,D1398
RC-0603,TankManager$$Beschleunigung,CLASS,TankManager$$Tools,CLASS,EXTENDS,C:\Users\JBNU\git\ConstraintsRecovery\assets\tankwar\asset59:IF:5-22,C:\Users\JBNU\git\ConstraintsRecovery\assets\tankwar\asset3:IF:8-44,asset59,asset3,false,true,true,true,TankWar_P2|TankWar_P3,TankWar_P1|TankWar_P2|TankWar_P3|TankWar_P4|TankWar_P5,SOURCE_PROPER_SUBSET_OF_TARGET,1,1,true,false,false,COMMON_TARGET_DEPENDENCY,TARGET_PRESENT_IN_ALL_PRODUCTS,false,LOW,D1400
RC-0604,TankManager$$Beschleunigung.toolsLaden,METHOD,TankManager$$Tools.toolInit,METHOD,METHOD_CALL,C:\Users\JBNU\git\ConstraintsRecovery\assets\tankwar\asset59:IF:5-22,C:\Users\JBNU\git\ConstraintsRecovery\assets\tankwar\asset3:IF:8-44,asset59,asset3,false,true,true,true,TankWar_P2|TankWar_P3,TankWar_P1|TankWar_P2|TankWar_P3|TankWar_P4|TankWar_P5,SOURCE_PROPER_SUBSET_OF_TARGET,1,1,true,true,false,COMMON_TARGET_DEPENDENCY,TARGET_PRESENT_IN_ALL_PRODUCTS,false,LOW,D1401
RC-0605,Wall.malen,METHOD,Maler$$fuer_PC.drawImage,METHOD,METHOD_CALL,C:\Users\JBNU\git\ConstraintsRecovery\assets\tankwar\asset5:IF:8-22,C:\Users\JBNU\git\ConstraintsRecovery\assets\tankwar\asset13:IF:8-358,asset5,asset13,false,true,true,true,TankWar_P1|TankWar_P2|TankWar_P3|TankWar_P4|TankWar_P5,TankWar_P1|TankWar_P2|TankWar_P3|TankWar_P4|TankWar_P5,EQUAL,1,1,true,true,false,COMMON_TARGET_DEPENDENCY,TARGET_PRESENT_IN_ALL_PRODUCTS,false,LOW,D1406
RC-0606,Wall.malen,METHOD,GameObject.objectType,FIELD,FIELD_REFERENCE,C:\Users\JBNU\git\ConstraintsRecovery\assets\tankwar\asset5:IF:8-22,C:\Users\JBNU\git\ConstraintsRecovery\assets\tankwar\asset22:IF:8-80,asset5,asset22,false,true,true,true,TankWar_P1|TankWar_P2|TankWar_P3|TankWar_P4|TankWar_P5,TankWar_P1|TankWar_P2|TankWar_P3|TankWar_P4|TankWar_P5,EQUAL,1,1,true,true,false,COMMON_TARGET_DEPENDENCY,TARGET_PRESENT_IN_ALL_PRODUCTS,false,LOW,D1405
RC-0607,Wall.malen,METHOD,GameObject.x_Koordinate,FIELD,FIELD_REFERENCE,C:\Users\JBNU\git\ConstraintsRecovery\assets\tankwar\asset5:IF:8-22,C:\Users\JBNU\git\ConstraintsRecovery\assets\tankwar\asset22:IF:8-80,asset5,asset22,false,true,true,true,TankWar_P1|TankWar_P2|TankWar_P3|TankWar_P4|TankWar_P5,TankWar_P1|TankWar_P2|TankWar_P3|TankWar_P4|TankWar_P5,EQUAL,1,1,true,true,false,COMMON_TARGET_DEPENDENCY,TARGET_PRESENT_IN_ALL_PRODUCTS,false,LOW,D1403
RC-0608,Wall.malen,METHOD,GameObject.y_Koordinate,FIELD,FIELD_REFERENCE,C:\Users\JBNU\git\ConstraintsRecovery\assets\tankwar\asset5:IF:8-22,C:\Users\JBNU\git\ConstraintsRecovery\assets\tankwar\asset22:IF:8-80,asset5,asset22,false,true,true,true,TankWar_P1|TankWar_P2|TankWar_P3|TankWar_P4|TankWar_P5,TankWar_P1|TankWar_P2|TankWar_P3|TankWar_P4|TankWar_P5,EQUAL,1,1,true,true,false,COMMON_TARGET_DEPENDENCY,TARGET_PRESENT_IN_ALL_PRODUCTS,false,LOW,D1404
RC-0609,Wall,CLASS,Wall$$TankWar,CLASS,EXTENDS,C:\Users\JBNU\git\ConstraintsRecovery\assets\tankwar\asset5:IF:8-22,C:\Users\JBNU\git\ConstraintsRecovery\assets\tankwar\asset7:IF:8-62,asset5,asset7,false,true,true,true,TankWar_P1|TankWar_P2|TankWar_P3|TankWar_P4|TankWar_P5,TankWar_P1|TankWar_P2|TankWar_P3|TankWar_P4|TankWar_P5,EQUAL,1,1,true,false,false,COMMON_TARGET_DEPENDENCY,TARGET_PRESENT_IN_ALL_PRODUCTS,false,LOW,D1402
RC-0610,Tool$$Beschleunigung,CLASS,Tool$$Tools,CLASS,EXTENDS,C:\Users\JBNU\git\ConstraintsRecovery\assets\tankwar\asset60:IF:5-18,C:\Users\JBNU\git\ConstraintsRecovery\assets\tankwar\asset19:IF:8-51,asset60,asset19,false,true,true,true,TankWar_P2|TankWar_P3,TankWar_P1|TankWar_P2|TankWar_P3|TankWar_P4|TankWar_P5,SOURCE_PROPER_SUBSET_OF_TARGET,1,1,true,false,false,COMMON_TARGET_DEPENDENCY,TARGET_PRESENT_IN_ALL_PRODUCTS,false,LOW,D1409
RC-0611,Tool$$Beschleunigung.init,METHOD,TankManager$$TankWar.koernigkeit,FIELD,FIELD_REFERENCE,C:\Users\JBNU\git\ConstraintsRecovery\assets\tankwar\asset60:IF:5-18,C:\Users\JBNU\git\ConstraintsRecovery\assets\tankwar\asset9:IF:8-248,asset60,asset9,false,true,true,true,TankWar_P2|TankWar_P3,TankWar_P1|TankWar_P2|TankWar_P3|TankWar_P4|TankWar_P5,SOURCE_PROPER_SUBSET_OF_TARGET,1,1,true,true,false,COMMON_TARGET_DEPENDENCY,TARGET_PRESENT_IN_ALL_PRODUCTS,false,LOW,D1407
RC-0612,Tool$$Beschleunigung.init,METHOD,TankManager$$TankWar.koernigkeit2,FIELD,FIELD_REFERENCE,C:\Users\JBNU\git\ConstraintsRecovery\assets\tankwar\asset60:IF:5-18,C:\Users\JBNU\git\ConstraintsRecovery\assets\tankwar\asset9:IF:8-248,asset60,asset9,false,true,true,true,TankWar_P2|TankWar_P3,TankWar_P1|TankWar_P2|TankWar_P3|TankWar_P4|TankWar_P5,SOURCE_PROPER_SUBSET_OF_TARGET,1,1,true,true,false,COMMON_TARGET_DEPENDENCY,TARGET_PRESENT_IN_ALL_PRODUCTS,false,LOW,D1408
RC-0613,Maler$$Germany_Leopard,CLASS,Maler$$Re_fuer_PC,CLASS,EXTENDS,C:\Users\JBNU\git\ConstraintsRecovery\assets\tankwar\asset61:IF:23-25,C:\Users\JBNU\git\ConstraintsRecovery\assets\tankwar\asset23:IF:7-99,asset61,asset23,false,false,true,true,TankWar_P3,TankWar_P1|TankWar_P3|TankWar_P4|TankWar_P5,SOURCE_PROPER_SUBSET_OF_TARGET,1,1,true,false,true,ELIGIBLE_REQUIRES_EVIDENCE,,false,MEDIUM,D1410
RC-0614,Maler$$Germany_Leopard.tankErstellen,METHOD,Maler$$PC.loadImage,METHOD,METHOD_CALL,C:\Users\JBNU\git\ConstraintsRecovery\assets\tankwar\asset61:IF:5-39,C:\Users\JBNU\git\ConstraintsRecovery\assets\tankwar\asset2:IF:8-332,asset61,asset2,false,true,true,true,TankWar_P2|TankWar_P3,TankWar_P1|TankWar_P2|TankWar_P3|TankWar_P4|TankWar_P5,SOURCE_PROPER_SUBSET_OF_TARGET,1,1,true,true,false,COMMON_TARGET_DEPENDENCY,TARGET_PRESENT_IN_ALL_PRODUCTS,false,LOW,D1411
RC-0615,Maler$$Energie.helpItemErstellen,METHOD,Maler$$PC.loadImage,METHOD,METHOD_CALL,C:\Users\JBNU\git\ConstraintsRecovery\assets\tankwar\asset62:IF:5-36,C:\Users\JBNU\git\ConstraintsRecovery\assets\tankwar\asset2:IF:8-332,asset62,asset2,false,true,true,true,TankWar_P1|TankWar_P4,TankWar_P1|TankWar_P2|TankWar_P3|TankWar_P4|TankWar_P5,SOURCE_PROPER_SUBSET_OF_TARGET,1,1,true,true,false,COMMON_TARGET_DEPENDENCY,TARGET_PRESENT_IN_ALL_PRODUCTS,false,LOW,D1412
RC-0616,ExplodierenEffekt$$TankWar,CLASS,GameObject,CLASS,EXTENDS,C:\Users\JBNU\git\ConstraintsRecovery\assets\tankwar\asset63:IF:5-7,C:\Users\JBNU\git\ConstraintsRecovery\assets\tankwar\asset22:IF:8-80,asset63,asset22,false,true,true,true,TankWar_P3|TankWar_P5,TankWar_P1|TankWar_P2|TankWar_P3|TankWar_P4|TankWar_P5,SOURCE_PROPER_SUBSET_OF_TARGET,1,1,true,false,false,COMMON_TARGET_DEPENDENCY,TARGET_PRESENT_IN_ALL_PRODUCTS,false,LOW,D1413
RC-0617,Missile$$explodieren,CLASS,Missile$$TankWar,CLASS,EXTENDS,C:\Users\JBNU\git\ConstraintsRecovery\assets\tankwar\asset64:IF:5-17,C:\Users\JBNU\git\ConstraintsRecovery\assets\tankwar\asset1:IF:8-128,asset64,asset1,false,true,true,true,TankWar_P3|TankWar_P5,TankWar_P1|TankWar_P2|TankWar_P3|TankWar_P4|TankWar_P5,SOURCE_PROPER_SUBSET_OF_TARGET,1,1,true,false,false,COMMON_TARGET_DEPENDENCY,TARGET_PRESENT_IN_ALL_PRODUCTS,false,LOW,D1416
RC-0618,Missile$$explodieren.explodieren,METHOD,TankManager$$explodieren.expEffekt,FIELD,FIELD_REFERENCE,C:\Users\JBNU\git\ConstraintsRecovery\assets\tankwar\asset64:IF:5-17,C:\Users\JBNU\git\ConstraintsRecovery\assets\tankwar\asset54:IF:5-26,asset64,asset54,false,true,true,true,TankWar_P3|TankWar_P5,TankWar_P3|TankWar_P5,EQUAL,1,1,true,true,false,SAME_SIGNATURE_DIRECTED_DEPENDENCY,DIRECTION_NOT_IDENTIFIABLE,false,LOW,D1415
RC-0619,Missile$$explodieren.explodieren,METHOD,ExplodierenEffekt.ExplodierenEffekt,CONSTRUCTOR,CONSTRUCTOR_CALL,C:\Users\JBNU\git\ConstraintsRecovery\assets\tankwar\asset64:IF:5-17,C:\Users\JBNU\git\ConstraintsRecovery\assets\tankwar\asset55:IF:5-35,asset64,asset55,false,true,true,true,TankWar_P3|TankWar_P5,TankWar_P3|TankWar_P5,EQUAL,1,1,true,true,false,SAME_SIGNATURE_DIRECTED_DEPENDENCY,DIRECTION_NOT_IDENTIFIABLE,false,LOW,D1414
RC-0620,Tank.tankFeindKI,METHOD,Tank$$TankWar.feuern,METHOD,METHOD_CALL,C:\Users\JBNU\git\ConstraintsRecovery\assets\tankwar\asset65:IF:4-59,C:\Users\JBNU\git\ConstraintsRecovery\assets\tankwar\asset14:IF:8-384,asset65,asset14,false,true,true,true,TankWar_P3,TankWar_P1|TankWar_P2|TankWar_P3|TankWar_P4|TankWar_P5,SOURCE_PROPER_SUBSET_OF_TARGET,1,1,true,true,false,COMMON_TARGET_DEPENDENCY,TARGET_PRESENT_IN_ALL_PRODUCTS,false,LOW,D1417
RC-0621,Tank.tankFeindKI,METHOD,GameObject.x_Koordinate,FIELD,FIELD_REFERENCE,C:\Users\JBNU\git\ConstraintsRecovery\assets\tankwar\asset65:IF:4-59,C:\Users\JBNU\git\ConstraintsRecovery\assets\tankwar\asset22:IF:8-80,asset65,asset22,false,true,true,true,TankWar_P3,TankWar_P1|TankWar_P2|TankWar_P3|TankWar_P4|TankWar_P5,SOURCE_PROPER_SUBSET_OF_TARGET,1,1,true,true,false,COMMON_TARGET_DEPENDENCY,TARGET_PRESENT_IN_ALL_PRODUCTS,false,LOW,D1419
RC-0622,Tank.tankFeindKI,METHOD,GameObject.y_Koordinate,FIELD,FIELD_REFERENCE,C:\Users\JBNU\git\ConstraintsRecovery\assets\tankwar\asset65:IF:4-59,C:\Users\JBNU\git\ConstraintsRecovery\assets\tankwar\asset22:IF:8-80,asset65,asset22,false,true,true,true,TankWar_P3,TankWar_P1|TankWar_P2|TankWar_P3|TankWar_P4|TankWar_P5,SOURCE_PROPER_SUBSET_OF_TARGET,1,1,true,true,false,COMMON_TARGET_DEPENDENCY,TARGET_PRESENT_IN_ALL_PRODUCTS,false,LOW,D1421
RC-0623,Tank.tankFeindKI,METHOD,TankManager$$TankWar.tank1,FIELD,FIELD_REFERENCE,C:\Users\JBNU\git\ConstraintsRecovery\assets\tankwar\asset65:IF:4-59,C:\Users\JBNU\git\ConstraintsRecovery\assets\tankwar\asset9:IF:8-248,asset65,asset9,false,true,true,true,TankWar_P3,TankWar_P1|TankWar_P2|TankWar_P3|TankWar_P4|TankWar_P5,SOURCE_PROPER_SUBSET_OF_TARGET,3,3,true,true,false,COMMON_TARGET_DEPENDENCY,TARGET_PRESENT_IN_ALL_PRODUCTS,false,LOW,D1418
RC-0624,Missile.init,METHOD,SoundPlayer.getInstance,METHOD,METHOD_CALL,C:\Users\JBNU\git\ConstraintsRecovery\assets\tankwar\asset68:IF:4-20,C:\Users\JBNU\git\ConstraintsRecovery\assets\tankwar\asset47:IF:6-53,asset68,asset47,false,true,true,true,TankWar_P4,TankWar_P2|TankWar_P3|TankWar_P4,SOURCE_PROPER_SUBSET_OF_TARGET,1,1,true,true,true,ELIGIBLE_REQUIRES_EVIDENCE,,false,MEDIUM,D1423
RC-0625,Missile.init,METHOD,SoundPlayer.playFireSound,METHOD,METHOD_CALL,C:\Users\JBNU\git\ConstraintsRecovery\assets\tankwar\asset68:IF:4-20,C:\Users\JBNU\git\ConstraintsRecovery\assets\tankwar\asset47:IF:6-53,asset68,asset47,false,true,true,true,TankWar_P4,TankWar_P2|TankWar_P3|TankWar_P4,SOURCE_PROPER_SUBSET_OF_TARGET,1,1,true,true,true,ELIGIBLE_REQUIRES_EVIDENCE,,false,MEDIUM,D1424
RC-0626,Tank.tankFeindKI,METHOD,Tank$$TankWar.feuern,METHOD,METHOD_CALL,C:\Users\JBNU\git\ConstraintsRecovery\assets\tankwar\asset69:IF:4-59,C:\Users\JBNU\git\ConstraintsRecovery\assets\tankwar\asset14:IF:8-384,asset69,asset14,false,true,true,true,TankWar_P4,TankWar_P1|TankWar_P2|TankWar_P3|TankWar_P4|TankWar_P5,SOURCE_PROPER_SUBSET_OF_TARGET,1,1,true,true,false,COMMON_TARGET_DEPENDENCY,TARGET_PRESENT_IN_ALL_PRODUCTS,false,LOW,D1425
RC-0627,Tank.tankFeindKI,METHOD,GameObject.x_Koordinate,FIELD,FIELD_REFERENCE,C:\Users\JBNU\git\ConstraintsRecovery\assets\tankwar\asset69:IF:4-59,C:\Users\JBNU\git\ConstraintsRecovery\assets\tankwar\asset22:IF:8-80,asset69,asset22,false,true,true,true,TankWar_P4,TankWar_P1|TankWar_P2|TankWar_P3|TankWar_P4|TankWar_P5,SOURCE_PROPER_SUBSET_OF_TARGET,1,1,true,true,false,COMMON_TARGET_DEPENDENCY,TARGET_PRESENT_IN_ALL_PRODUCTS,false,LOW,D1427
RC-0628,Tank.tankFeindKI,METHOD,GameObject.y_Koordinate,FIELD,FIELD_REFERENCE,C:\Users\JBNU\git\ConstraintsRecovery\assets\tankwar\asset69:IF:4-59,C:\Users\JBNU\git\ConstraintsRecovery\assets\tankwar\asset22:IF:8-80,asset69,asset22,false,true,true,true,TankWar_P4,TankWar_P1|TankWar_P2|TankWar_P3|TankWar_P4|TankWar_P5,SOURCE_PROPER_SUBSET_OF_TARGET,1,1,true,true,false,COMMON_TARGET_DEPENDENCY,TARGET_PRESENT_IN_ALL_PRODUCTS,false,LOW,D1429
RC-0629,Tank.tankFeindKI,METHOD,TankManager$$TankWar.tank1,FIELD,FIELD_REFERENCE,C:\Users\JBNU\git\ConstraintsRecovery\assets\tankwar\asset69:IF:4-59,C:\Users\JBNU\git\ConstraintsRecovery\assets\tankwar\asset9:IF:8-248,asset69,asset9,false,true,true,true,TankWar_P4,TankWar_P1|TankWar_P2|TankWar_P3|TankWar_P4|TankWar_P5,SOURCE_PROPER_SUBSET_OF_TARGET,3,3,true,true,false,COMMON_TARGET_DEPENDENCY,TARGET_PRESENT_IN_ALL_PRODUCTS,false,LOW,D1426
RC-0630,Maler,CLASS,Maler$$Re_fuer_PC,CLASS,EXTENDS,C:\Users\JBNU\git\ConstraintsRecovery\assets\tankwar\asset6:ELIF:34-36,C:\Users\JBNU\git\ConstraintsRecovery\assets\tankwar\asset23:IF:7-99,asset6,asset23,false,false,true,true,TankWar_P4|TankWar_P5,TankWar_P1|TankWar_P3|TankWar_P4|TankWar_P5,SOURCE_PROPER_SUBSET_OF_TARGET,1,1,true,false,true,ELIGIBLE_REQUIRES_EVIDENCE,,false,MEDIUM,D1431
RC-0631,Maler.tankErstellen,METHOD,Maler$$PC.loadImage,METHOD,METHOD_CALL,C:\Users\JBNU\git\ConstraintsRecovery\assets\tankwar\asset6:ELIF:48-49,C:\Users\JBNU\git\ConstraintsRecovery\assets\tankwar\asset2:IF:8-332,asset6,asset2,false,false,true,true,TankWar_P1|TankWar_P2|TankWar_P3|TankWar_P5,TankWar_P1|TankWar_P2|TankWar_P3|TankWar_P4|TankWar_P5,SOURCE_PROPER_SUBSET_OF_TARGET,1,1,true,true,false,COMMON_TARGET_DEPENDENCY,TARGET_PRESENT_IN_ALL_PRODUCTS,false,LOW,D1433
RC-0632,Maler.tankErstellen,METHOD,Maler$$PC.loadImage,METHOD,METHOD_CALL,C:\Users\JBNU\git\ConstraintsRecovery\assets\tankwar\asset6:IF:46-47,C:\Users\JBNU\git\ConstraintsRecovery\assets\tankwar\asset2:IF:8-332,asset6,asset2,false,false,true,true,TankWar_P4,TankWar_P1|TankWar_P2|TankWar_P3|TankWar_P4|TankWar_P5,SOURCE_PROPER_SUBSET_OF_TARGET,1,1,true,true,false,COMMON_TARGET_DEPENDENCY,TARGET_PRESENT_IN_ALL_PRODUCTS,false,LOW,D1432
RC-0633,TankManager.aktualisieren,METHOD,SoundPlayer.getInstance,METHOD,METHOD_CALL,C:\Users\JBNU\git\ConstraintsRecovery\assets\tankwar\asset70:IF:4-29,C:\Users\JBNU\git\ConstraintsRecovery\assets\tankwar\asset47:IF:6-53,asset70,asset47,false,true,true,true,TankWar_P2,TankWar_P2|TankWar_P3|TankWar_P4,SOURCE_PROPER_SUBSET_OF_TARGET,2,2,true,true,true,ELIGIBLE_REQUIRES_EVIDENCE,,false,HIGH,D1435
RC-0634,TankManager.aktualisieren,METHOD,SoundPlayer.playBgSound,METHOD,METHOD_CALL,C:\Users\JBNU\git\ConstraintsRecovery\assets\tankwar\asset70:IF:4-29,C:\Users\JBNU\git\ConstraintsRecovery\assets\tankwar\asset47:IF:6-53,asset70,asset47,false,true,true,true,TankWar_P2,TankWar_P2|TankWar_P3|TankWar_P4,SOURCE_PROPER_SUBSET_OF_TARGET,1,1,true,true,true,ELIGIBLE_REQUIRES_EVIDENCE,,false,MEDIUM,D1436
RC-0635,TankManager.aktualisieren,METHOD,SoundPlayer.stopSound,METHOD,METHOD_CALL,C:\Users\JBNU\git\ConstraintsRecovery\assets\tankwar\asset70:IF:4-29,C:\Users\JBNU\git\ConstraintsRecovery\assets\tankwar\asset47:IF:6-53,asset70,asset47,false,true,true,true,TankWar_P2,TankWar_P2|TankWar_P3|TankWar_P4,SOURCE_PROPER_SUBSET_OF_TARGET,1,1,true,true,true,ELIGIBLE_REQUIRES_EVIDENCE,,false,MEDIUM,D1440
RC-0636,TankManager.aktualisieren,METHOD,TankManager.sound,FIELD,FIELD_REFERENCE,C:\Users\JBNU\git\ConstraintsRecovery\assets\tankwar\asset70:IF:4-29,C:\Users\JBNU\git\ConstraintsRecovery\assets\tankwar\asset70:IF:4-29,asset70,asset70,true,true,true,false,TankWar_P2,TankWar_P2,EQUAL,4,4,false,false,false,INTRA_ASSET_ROOT_DEPENDENCY,SAME_ASSET_ROOT_CONTEXT,false,LOW,D1434
RC-0637,Tank.tankFeindKI,METHOD,Tank$$TankWar.feuern,METHOD,METHOD_CALL,C:\Users\JBNU\git\ConstraintsRecovery\assets\tankwar\asset71:IF:4-26,C:\Users\JBNU\git\ConstraintsRecovery\assets\tankwar\asset14:IF:8-384,asset71,asset14,false,true,true,true,TankWar_P2,TankWar_P1|TankWar_P2|TankWar_P3|TankWar_P4|TankWar_P5,SOURCE_PROPER_SUBSET_OF_TARGET,1,1,true,true,false,COMMON_TARGET_DEPENDENCY,TARGET_PRESENT_IN_ALL_PRODUCTS,false,LOW,D1442
RC-0638,Tank.tankFeindKI,METHOD,Tank$$TankWar.feuern,METHOD,METHOD_CALL,C:\Users\JBNU\git\ConstraintsRecovery\assets\tankwar\asset72:IF:4-25,C:\Users\JBNU\git\ConstraintsRecovery\assets\tankwar\asset14:IF:8-384,asset72,asset14,false,true,true,true,TankWar_P1,TankWar_P1|TankWar_P2|TankWar_P3|TankWar_P4|TankWar_P5,SOURCE_PROPER_SUBSET_OF_TARGET,1,1,true,true,false,COMMON_TARGET_DEPENDENCY,TARGET_PRESENT_IN_ALL_PRODUCTS,false,LOW,D1443
RC-0639,Tank,CLASS,Tank$$Record,CLASS,EXTENDS,C:\Users\JBNU\git\ConstraintsRecovery\assets\tankwar\asset72:IF:4-25,C:\Users\JBNU\git\ConstraintsRecovery\assets\tankwar\asset26:IF:7-21,asset72,asset26,false,true,true,true,TankWar_P1,TankWar_P1|TankWar_P3|TankWar_P4|TankWar_P5,SOURCE_PROPER_SUBSET_OF_TARGET,1,1,true,false,true,ELIGIBLE_REQUIRES_EVIDENCE,,false,MEDIUM,D1444
RC-0640,Missile.init,METHOD,SoundPlayer.getInstance,METHOD,METHOD_CALL,C:\Users\JBNU\git\ConstraintsRecovery\assets\tankwar\asset75:IF:4-20,C:\Users\JBNU\git\ConstraintsRecovery\assets\tankwar\asset47:IF:6-53,asset75,asset47,false,true,true,true,TankWar_P3,TankWar_P2|TankWar_P3|TankWar_P4,SOURCE_PROPER_SUBSET_OF_TARGET,1,1,true,true,true,ELIGIBLE_REQUIRES_EVIDENCE,,false,MEDIUM,D1445
RC-0641,Missile.init,METHOD,SoundPlayer.playFireSound,METHOD,METHOD_CALL,C:\Users\JBNU\git\ConstraintsRecovery\assets\tankwar\asset75:IF:4-20,C:\Users\JBNU\git\ConstraintsRecovery\assets\tankwar\asset47:IF:6-53,asset75,asset47,false,true,true,true,TankWar_P3,TankWar_P2|TankWar_P3|TankWar_P4,SOURCE_PROPER_SUBSET_OF_TARGET,1,1,true,true,true,ELIGIBLE_REQUIRES_EVIDENCE,,false,MEDIUM,D1446
RC-0642,Tank.tankFeindKI,METHOD,Tank$$TankWar.feuern,METHOD,METHOD_CALL,C:\Users\JBNU\git\ConstraintsRecovery\assets\tankwar\asset76:IF:4-25,C:\Users\JBNU\git\ConstraintsRecovery\assets\tankwar\asset14:IF:8-384,asset76,asset14,false,true,true,true,TankWar_P5,TankWar_P1|TankWar_P2|TankWar_P3|TankWar_P4|TankWar_P5,SOURCE_PROPER_SUBSET_OF_TARGET,1,1,true,true,false,COMMON_TARGET_DEPENDENCY,TARGET_PRESENT_IN_ALL_PRODUCTS,false,LOW,D1447
RC-0643,Tank,CLASS,Tank$$Record,CLASS,EXTENDS,C:\Users\JBNU\git\ConstraintsRecovery\assets\tankwar\asset76:IF:4-25,C:\Users\JBNU\git\ConstraintsRecovery\assets\tankwar\asset26:IF:7-21,asset76,asset26,false,true,true,true,TankWar_P5,TankWar_P1|TankWar_P3|TankWar_P4|TankWar_P5,SOURCE_PROPER_SUBSET_OF_TARGET,1,1,true,false,true,ELIGIBLE_REQUIRES_EVIDENCE,,false,MEDIUM,D1448
RC-0644,Missile.init,METHOD,SoundPlayer.getInstance,METHOD,METHOD_CALL,C:\Users\JBNU\git\ConstraintsRecovery\assets\tankwar\asset78:IF:4-20,C:\Users\JBNU\git\ConstraintsRecovery\assets\tankwar\asset47:IF:6-53,asset78,asset47,false,true,true,true,TankWar_P2,TankWar_P2|TankWar_P3|TankWar_P4,SOURCE_PROPER_SUBSET_OF_TARGET,1,1,true,true,true,ELIGIBLE_REQUIRES_EVIDENCE,,false,MEDIUM,D1449
RC-0645,Missile.init,METHOD,SoundPlayer.playFireSound,METHOD,METHOD_CALL,C:\Users\JBNU\git\ConstraintsRecovery\assets\tankwar\asset78:IF:4-20,C:\Users\JBNU\git\ConstraintsRecovery\assets\tankwar\asset47:IF:6-53,asset78,asset47,false,true,true,true,TankWar_P2,TankWar_P2|TankWar_P3|TankWar_P4,SOURCE_PROPER_SUBSET_OF_TARGET,1,1,true,true,true,ELIGIBLE_REQUIRES_EVIDENCE,,false,MEDIUM,D1450
RC-0646,Wall$$TankWar,CLASS,GameObject,CLASS,EXTENDS,C:\Users\JBNU\git\ConstraintsRecovery\assets\tankwar\asset7:IF:8-62,C:\Users\JBNU\git\ConstraintsRecovery\assets\tankwar\asset22:IF:8-80,asset7,asset22,false,true,true,true,TankWar_P1|TankWar_P2|TankWar_P3|TankWar_P4|TankWar_P5,TankWar_P1|TankWar_P2|TankWar_P3|TankWar_P4|TankWar_P5,EQUAL,1,1,true,false,false,COMMON_TARGET_DEPENDENCY,TARGET_PRESENT_IN_ALL_PRODUCTS,false,LOW,D1451
RC-0647,Wall$$TankWar.init,METHOD,GameObject.GameObject,CONSTRUCTOR,CONSTRUCTOR_CALL,C:\Users\JBNU\git\ConstraintsRecovery\assets\tankwar\asset7:IF:8-62,C:\Users\JBNU\git\ConstraintsRecovery\assets\tankwar\asset22:IF:8-80,asset7,asset22,false,true,true,true,TankWar_P1|TankWar_P2|TankWar_P3|TankWar_P4|TankWar_P5,TankWar_P1|TankWar_P2|TankWar_P3|TankWar_P4|TankWar_P5,EQUAL,1,1,true,true,false,COMMON_TARGET_DEPENDENCY,TARGET_PRESENT_IN_ALL_PRODUCTS,false,LOW,D1462
RC-0648,Wall$$TankWar.init,METHOD,GameObject.x_Koordinate,FIELD,FIELD_REFERENCE,C:\Users\JBNU\git\ConstraintsRecovery\assets\tankwar\asset7:IF:8-62,C:\Users\JBNU\git\ConstraintsRecovery\assets\tankwar\asset22:IF:8-80,asset7,asset22,false,true,true,true,TankWar_P1|TankWar_P2|TankWar_P3|TankWar_P4|TankWar_P5,TankWar_P1|TankWar_P2|TankWar_P3|TankWar_P4|TankWar_P5,EQUAL,1,1,true,true,false,COMMON_TARGET_DEPENDENCY,TARGET_PRESENT_IN_ALL_PRODUCTS,false,LOW,D1463
RC-0649,Wall$$TankWar.init,METHOD,GameObject.y_Koordinate,FIELD,FIELD_REFERENCE,C:\Users\JBNU\git\ConstraintsRecovery\assets\tankwar\asset7:IF:8-62,C:\Users\JBNU\git\ConstraintsRecovery\assets\tankwar\asset22:IF:8-80,asset7,asset22,false,true,true,true,TankWar_P1|TankWar_P2|TankWar_P3|TankWar_P4|TankWar_P5,TankWar_P1|TankWar_P2|TankWar_P3|TankWar_P4|TankWar_P5,EQUAL,1,1,true,true,false,COMMON_TARGET_DEPENDENCY,TARGET_PRESENT_IN_ALL_PRODUCTS,false,LOW,D1464
RC-0650,Wall$$TankWar.init,METHOD,Wall$$TankWar.koernigGroesse,FIELD,FIELD_REFERENCE,C:\Users\JBNU\git\ConstraintsRecovery\assets\tankwar\asset7:IF:8-62,C:\Users\JBNU\git\ConstraintsRecovery\assets\tankwar\asset7:IF:8-62,asset7,asset7,true,true,true,false,TankWar_P1|TankWar_P2|TankWar_P3|TankWar_P4|TankWar_P5,TankWar_P1|TankWar_P2|TankWar_P3|TankWar_P4|TankWar_P5,EQUAL,6,6,false,false,false,COMMON_TARGET_DEPENDENCY,TARGET_PRESENT_IN_ALL_PRODUCTS,false,LOW,D1452
RC-0651,Wall$$TankWar.init,METHOD,Wall$$TankWar.wallTeile,FIELD,FIELD_REFERENCE,C:\Users\JBNU\git\ConstraintsRecovery\assets\tankwar\asset7:IF:8-62,C:\Users\JBNU\git\ConstraintsRecovery\assets\tankwar\asset7:IF:8-62,asset7,asset7,true,true,true,false,TankWar_P1|TankWar_P2|TankWar_P3|TankWar_P4|TankWar_P5,TankWar_P1|TankWar_P2|TankWar_P3|TankWar_P4|TankWar_P5,EQUAL,1,1,false,false,false,COMMON_TARGET_DEPENDENCY,TARGET_PRESENT_IN_ALL_PRODUCTS,false,LOW,D1466
RC-0652,Wall$$TankWar.malen,METHOD,Wall$$TankWar.wallTeile,FIELD,FIELD_REFERENCE,C:\Users\JBNU\git\ConstraintsRecovery\assets\tankwar\asset7:IF:8-62,C:\Users\JBNU\git\ConstraintsRecovery\assets\tankwar\asset7:IF:8-62,asset7,asset7,true,true,true,false,TankWar_P1|TankWar_P2|TankWar_P3|TankWar_P4|TankWar_P5,TankWar_P1|TankWar_P2|TankWar_P3|TankWar_P4|TankWar_P5,EQUAL,2,2,false,false,false,COMMON_TARGET_DEPENDENCY,TARGET_PRESENT_IN_ALL_PRODUCTS,false,LOW,D1467
RC-0653,Wall$$TankWar.stossenGegen,METHOD,Wall$$TankWar.stossenGegenTeil,METHOD,METHOD_CALL,C:\Users\JBNU\git\ConstraintsRecovery\assets\tankwar\asset7:IF:8-62,C:\Users\JBNU\git\ConstraintsRecovery\assets\tankwar\asset7:IF:8-62,asset7,asset7,true,true,true,false,TankWar_P1|TankWar_P2|TankWar_P3|TankWar_P4|TankWar_P5,TankWar_P1|TankWar_P2|TankWar_P3|TankWar_P4|TankWar_P5,EQUAL,1,1,false,false,false,COMMON_TARGET_DEPENDENCY,TARGET_PRESENT_IN_ALL_PRODUCTS,false,LOW,D1469
RC-0654,Wall$$TankWar.stossenGegenTeil,METHOD,Wall$$TankWar.wallTeile,FIELD,FIELD_REFERENCE,C:\Users\JBNU\git\ConstraintsRecovery\assets\tankwar\asset7:IF:8-62,C:\Users\JBNU\git\ConstraintsRecovery\assets\tankwar\asset7:IF:8-62,asset7,asset7,true,true,true,false,TankWar_P1|TankWar_P2|TankWar_P3|TankWar_P4|TankWar_P5,TankWar_P1|TankWar_P2|TankWar_P3|TankWar_P4|TankWar_P5,EQUAL,4,4,false,false,false,COMMON_TARGET_DEPENDENCY,TARGET_PRESENT_IN_ALL_PRODUCTS,false,LOW,D1470
RC-0655,Wall$$TankWar.init,METHOD,TankManager$$TankWar.koernigkeit,FIELD,FIELD_REFERENCE,C:\Users\JBNU\git\ConstraintsRecovery\assets\tankwar\asset7:IF:8-62,C:\Users\JBNU\git\ConstraintsRecovery\assets\tankwar\asset9:IF:8-248,asset7,asset9,false,true,true,true,TankWar_P1|TankWar_P2|TankWar_P3|TankWar_P4|TankWar_P5,TankWar_P1|TankWar_P2|TankWar_P3|TankWar_P4|TankWar_P5,EQUAL,1,1,true,true,false,COMMON_TARGET_DEPENDENCY,TARGET_PRESENT_IN_ALL_PRODUCTS,false,LOW,D1453
RC-0656,Wall$$TankWar.init,METHOD,TankManager$$TankWar.koernigkeit2,FIELD,FIELD_REFERENCE,C:\Users\JBNU\git\ConstraintsRecovery\assets\tankwar\asset7:IF:8-62,C:\Users\JBNU\git\ConstraintsRecovery\assets\tankwar\asset9:IF:8-248,asset7,asset9,false,true,true,true,TankWar_P1|TankWar_P2|TankWar_P3|TankWar_P4|TankWar_P5,TankWar_P1|TankWar_P2|TankWar_P3|TankWar_P4|TankWar_P5,EQUAL,4,4,true,true,false,COMMON_TARGET_DEPENDENCY,TARGET_PRESENT_IN_ALL_PRODUCTS,false,LOW,D1455
RC-0657,Missile.malen,METHOD,Maler$$fuer_PC.drawImage,METHOD,METHOD_CALL,C:\Users\JBNU\git\ConstraintsRecovery\assets\tankwar\asset80:IF:4-31,C:\Users\JBNU\git\ConstraintsRecovery\assets\tankwar\asset13:IF:8-358,asset80,asset13,false,true,true,true,TankWar_P1,TankWar_P1|TankWar_P2|TankWar_P3|TankWar_P4|TankWar_P5,SOURCE_PROPER_SUBSET_OF_TARGET,4,4,true,true,false,COMMON_TARGET_DEPENDENCY,TARGET_PRESENT_IN_ALL_PRODUCTS,false,LOW,D1474
RC-0658,Missile,CLASS,Missile$$TankWar,CLASS,EXTENDS,C:\Users\JBNU\git\ConstraintsRecovery\assets\tankwar\asset80:IF:4-31,C:\Users\JBNU\git\ConstraintsRecovery\assets\tankwar\asset1:IF:8-128,asset80,asset1,false,true,true,true,TankWar_P1,TankWar_P1|TankWar_P2|TankWar_P3|TankWar_P4|TankWar_P5,SOURCE_PROPER_SUBSET_OF_TARGET,1,1,true,false,false,COMMON_TARGET_DEPENDENCY,TARGET_PRESENT_IN_ALL_PRODUCTS,false,LOW,D1478
RC-0659,TankManager.aktualisieren,METHOD,SoundPlayer.getInstance,METHOD,METHOD_CALL,C:\Users\JBNU\git\ConstraintsRecovery\assets\tankwar\asset81:IF:4-29,C:\Users\JBNU\git\ConstraintsRecovery\assets\tankwar\asset47:IF:6-53,asset81,asset47,false,true,true,true,TankWar_P3,TankWar_P2|TankWar_P3|TankWar_P4,SOURCE_PROPER_SUBSET_OF_TARGET,2,2,true,true,true,ELIGIBLE_REQUIRES_EVIDENCE,,false,HIGH,D1480
RC-0660,TankManager.aktualisieren,METHOD,SoundPlayer.playBgSound,METHOD,METHOD_CALL,C:\Users\JBNU\git\ConstraintsRecovery\assets\tankwar\asset81:IF:4-29,C:\Users\JBNU\git\ConstraintsRecovery\assets\tankwar\asset47:IF:6-53,asset81,asset47,false,true,true,true,TankWar_P3,TankWar_P2|TankWar_P3|TankWar_P4,SOURCE_PROPER_SUBSET_OF_TARGET,1,1,true,true,true,ELIGIBLE_REQUIRES_EVIDENCE,,false,MEDIUM,D1481
RC-0661,TankManager.aktualisieren,METHOD,SoundPlayer.stopSound,METHOD,METHOD_CALL,C:\Users\JBNU\git\ConstraintsRecovery\assets\tankwar\asset81:IF:4-29,C:\Users\JBNU\git\ConstraintsRecovery\assets\tankwar\asset47:IF:6-53,asset81,asset47,false,true,true,true,TankWar_P3,TankWar_P2|TankWar_P3|TankWar_P4,SOURCE_PROPER_SUBSET_OF_TARGET,1,1,true,true,true,ELIGIBLE_REQUIRES_EVIDENCE,,false,MEDIUM,D1485
RC-0662,TankManager.aktualisieren,METHOD,TankManager.sound,FIELD,FIELD_REFERENCE,C:\Users\JBNU\git\ConstraintsRecovery\assets\tankwar\asset81:IF:4-29,C:\Users\JBNU\git\ConstraintsRecovery\assets\tankwar\asset81:IF:4-29,asset81,asset81,true,true,true,false,TankWar_P3,TankWar_P3,EQUAL,4,4,false,false,false,INTRA_ASSET_ROOT_DEPENDENCY,SAME_ASSET_ROOT_CONTEXT,false,LOW,D1479
RC-0663,Missile.malen,METHOD,Maler$$fuer_PC.drawImage,METHOD,METHOD_CALL,C:\Users\JBNU\git\ConstraintsRecovery\assets\tankwar\asset82:IF:4-31,C:\Users\JBNU\git\ConstraintsRecovery\assets\tankwar\asset13:IF:8-358,asset82,asset13,false,true,true,true,TankWar_P5,TankWar_P1|TankWar_P2|TankWar_P3|TankWar_P4|TankWar_P5,SOURCE_PROPER_SUBSET_OF_TARGET,4,4,true,true,false,COMMON_TARGET_DEPENDENCY,TARGET_PRESENT_IN_ALL_PRODUCTS,false,LOW,D1487
RC-0664,Missile,CLASS,Missile$$explodieren,CLASS,EXTENDS,C:\Users\JBNU\git\ConstraintsRecovery\assets\tankwar\asset82:IF:4-31,C:\Users\JBNU\git\ConstraintsRecovery\assets\tankwar\asset64:IF:5-17,asset82,asset64,false,true,true,true,TankWar_P5,TankWar_P3|TankWar_P5,SOURCE_PROPER_SUBSET_OF_TARGET,1,1,true,false,true,ELIGIBLE_REQUIRES_EVIDENCE,,false,MEDIUM,D1491
RC-0665,TankManager.aktualisieren,METHOD,SoundPlayer.getInstance,METHOD,METHOD_CALL,C:\Users\JBNU\git\ConstraintsRecovery\assets\tankwar\asset84:IF:4-29,C:\Users\JBNU\git\ConstraintsRecovery\assets\tankwar\asset47:IF:6-53,asset84,asset47,false,true,true,true,TankWar_P4,TankWar_P2|TankWar_P3|TankWar_P4,SOURCE_PROPER_SUBSET_OF_TARGET,2,2,true,true,true,ELIGIBLE_REQUIRES_EVIDENCE,,false,HIGH,D1493
RC-0666,TankManager.aktualisieren,METHOD,SoundPlayer.playBgSound,METHOD,METHOD_CALL,C:\Users\JBNU\git\ConstraintsRecovery\assets\tankwar\asset84:IF:4-29,C:\Users\JBNU\git\ConstraintsRecovery\assets\tankwar\asset47:IF:6-53,asset84,asset47,false,true,true,true,TankWar_P4,TankWar_P2|TankWar_P3|TankWar_P4,SOURCE_PROPER_SUBSET_OF_TARGET,1,1,true,true,true,ELIGIBLE_REQUIRES_EVIDENCE,,false,MEDIUM,D1494
RC-0667,TankManager.aktualisieren,METHOD,SoundPlayer.stopSound,METHOD,METHOD_CALL,C:\Users\JBNU\git\ConstraintsRecovery\assets\tankwar\asset84:IF:4-29,C:\Users\JBNU\git\ConstraintsRecovery\assets\tankwar\asset47:IF:6-53,asset84,asset47,false,true,true,true,TankWar_P4,TankWar_P2|TankWar_P3|TankWar_P4,SOURCE_PROPER_SUBSET_OF_TARGET,1,1,true,true,true,ELIGIBLE_REQUIRES_EVIDENCE,,false,MEDIUM,D1498
RC-0668,TankManager.aktualisieren,METHOD,TankManager.sound,FIELD,FIELD_REFERENCE,C:\Users\JBNU\git\ConstraintsRecovery\assets\tankwar\asset84:IF:4-29,C:\Users\JBNU\git\ConstraintsRecovery\assets\tankwar\asset84:IF:4-29,asset84,asset84,true,true,true,false,TankWar_P4,TankWar_P4,EQUAL,4,4,false,false,false,INTRA_ASSET_ROOT_DEPENDENCY,SAME_ASSET_ROOT_CONTEXT,false,LOW,D1492
RC-0669,Tank$$Image.drawTanks,METHOD,Maler$$fuer_PC.drawImage,METHOD,METHOD_CALL,C:\Users\JBNU\git\ConstraintsRecovery\assets\tankwar\asset8:IF:8-96,C:\Users\JBNU\git\ConstraintsRecovery\assets\tankwar\asset13:IF:8-358,asset8,asset13,false,true,true,true,TankWar_P1|TankWar_P2|TankWar_P3|TankWar_P4|TankWar_P5,TankWar_P1|TankWar_P2|TankWar_P3|TankWar_P4|TankWar_P5,EQUAL,4,4,true,true,false,COMMON_TARGET_DEPENDENCY,TARGET_PRESENT_IN_ALL_PRODUCTS,false,LOW,D1532
RC-0670,Tank$$Image.tankMalen,METHOD,Maler$$fuer_PC.drawImage,METHOD,METHOD_CALL,C:\Users\JBNU\git\ConstraintsRecovery\assets\tankwar\asset8:IF:8-96,C:\Users\JBNU\git\ConstraintsRecovery\assets\tankwar\asset13:IF:8-358,asset8,asset13,false,true,true,true,TankWar_P1|TankWar_P2|TankWar_P3|TankWar_P4|TankWar_P5,TankWar_P1|TankWar_P2|TankWar_P3|TankWar_P4|TankWar_P5,EQUAL,4,4,true,true,false,COMMON_TARGET_DEPENDENCY,TARGET_PRESENT_IN_ALL_PRODUCTS,false,LOW,D1500
RC-0671,Tank$$Image.drawTanks,METHOD,Tank$$TankWar.fahrRichtung,FIELD,FIELD_REFERENCE,C:\Users\JBNU\git\ConstraintsRecovery\assets\tankwar\asset8:IF:8-96,C:\Users\JBNU\git\ConstraintsRecovery\assets\tankwar\asset14:IF:8-384,asset8,asset14,false,true,true,true,TankWar_P1|TankWar_P2|TankWar_P3|TankWar_P4|TankWar_P5,TankWar_P1|TankWar_P2|TankWar_P3|TankWar_P4|TankWar_P5,EQUAL,1,1,true,true,false,COMMON_TARGET_DEPENDENCY,TARGET_PRESENT_IN_ALL_PRODUCTS,false,LOW,D1531
RC-0672,Tank$$Image.tankMalen,METHOD,Tank$$TankWar.energie,FIELD,FIELD_REFERENCE,C:\Users\JBNU\git\ConstraintsRecovery\assets\tankwar\asset8:IF:8-96,C:\Users\JBNU\git\ConstraintsRecovery\assets\tankwar\asset14:IF:8-384,asset8,asset14,false,true,true,true,TankWar_P1|TankWar_P2|TankWar_P3|TankWar_P4|TankWar_P5,TankWar_P1|TankWar_P2|TankWar_P3|TankWar_P4|TankWar_P5,EQUAL,9,9,true,true,false,COMMON_TARGET_DEPENDENCY,TARGET_PRESENT_IN_ALL_PRODUCTS,false,LOW,D1513
RC-0673,Tank$$Image.tankMalen,METHOD,Tank$$Image.drawTanks,METHOD,METHOD_CALL,C:\Users\JBNU\git\ConstraintsRecovery\assets\tankwar\asset8:IF:8-96,C:\Users\JBNU\git\ConstraintsRecovery\assets\tankwar\asset8:IF:8-96,asset8,asset8,true,true,true,false,TankWar_P1|TankWar_P2|TankWar_P3|TankWar_P4|TankWar_P5,TankWar_P1|TankWar_P2|TankWar_P3|TankWar_P4|TankWar_P5,EQUAL,15,15,false,false,false,COMMON_TARGET_DEPENDENCY,TARGET_PRESENT_IN_ALL_PRODUCTS,false,LOW,D1503
RC-0674,Tank$$Image.tankMalen,METHOD,TankManager$$TankWar.koernigkeit2,FIELD,FIELD_REFERENCE,C:\Users\JBNU\git\ConstraintsRecovery\assets\tankwar\asset8:IF:8-96,C:\Users\JBNU\git\ConstraintsRecovery\assets\tankwar\asset9:IF:8-248,asset8,asset9,false,true,true,true,TankWar_P1|TankWar_P2|TankWar_P3|TankWar_P4|TankWar_P5,TankWar_P1|TankWar_P2|TankWar_P3|TankWar_P4|TankWar_P5,EQUAL,3,3,true,true,false,COMMON_TARGET_DEPENDENCY,TARGET_PRESENT_IN_ALL_PRODUCTS,false,LOW,D1501
RC-0675,TankManager$$TankWar.main,METHOD,Tool.Tool,CONSTRUCTOR,CONSTRUCTOR_CALL,C:\Users\JBNU\git\ConstraintsRecovery\assets\tankwar\asset9:ELIF:52-55,C:\Users\JBNU\git\ConstraintsRecovery\assets\tankwar\asset20:IF:8-41,asset9,asset20,false,false,true,true,TankWar_P3,TankWar_P1|TankWar_P2|TankWar_P3|TankWar_P4|TankWar_P5,SOURCE_PROPER_SUBSET_OF_TARGET,1,1,true,true,false,COMMON_TARGET_DEPENDENCY,TARGET_PRESENT_IN_ALL_PRODUCTS,false,LOW,D1666
RC-0676,TankManager$$TankWar.main,METHOD,Tool.Tool,CONSTRUCTOR,CONSTRUCTOR_CALL,C:\Users\JBNU\git\ConstraintsRecovery\assets\tankwar\asset9:ELIF:56-58,C:\Users\JBNU\git\ConstraintsRecovery\assets\tankwar\asset20:IF:8-41,asset9,asset20,false,false,true,true,TankWar_P2,TankWar_P1|TankWar_P2|TankWar_P3|TankWar_P4|TankWar_P5,SOURCE_PROPER_SUBSET_OF_TARGET,1,1,true,true,false,COMMON_TARGET_DEPENDENCY,TARGET_PRESENT_IN_ALL_PRODUCTS,false,LOW,D1668
RC-0677,TankManager$$TankWar.main,METHOD,Maler.Maler,CONSTRUCTOR,CONSTRUCTOR_CALL,C:\Users\JBNU\git\ConstraintsRecovery\assets\tankwar\asset9:ELIF:56-58,C:\Users\JBNU\git\ConstraintsRecovery\assets\tankwar\asset6:IF:8-52,asset9,asset6,false,false,true,true,TankWar_P2,TankWar_P1|TankWar_P2|TankWar_P3|TankWar_P4|TankWar_P5,SOURCE_PROPER_SUBSET_OF_TARGET,1,1,true,true,false,COMMON_TARGET_DEPENDENCY,TARGET_PRESENT_IN_ALL_PRODUCTS,false,LOW,D1667
RC-0678,TankManager$$TankWar.main,METHOD,Tool.Tool,CONSTRUCTOR,CONSTRUCTOR_CALL,C:\Users\JBNU\git\ConstraintsRecovery\assets\tankwar\asset9:ELIF:59-62,C:\Users\JBNU\git\ConstraintsRecovery\assets\tankwar\asset20:IF:8-41,asset9,asset20,false,false,true,true,TankWar_P4,TankWar_P1|TankWar_P2|TankWar_P3|TankWar_P4|TankWar_P5,SOURCE_PROPER_SUBSET_OF_TARGET,1,1,true,true,false,COMMON_TARGET_DEPENDENCY,TARGET_PRESENT_IN_ALL_PRODUCTS,false,LOW,D1670
RC-0679,TankManager$$TankWar.main,METHOD,Maler.Maler,CONSTRUCTOR,CONSTRUCTOR_CALL,C:\Users\JBNU\git\ConstraintsRecovery\assets\tankwar\asset9:ELIF:59-62,C:\Users\JBNU\git\ConstraintsRecovery\assets\tankwar\asset6:IF:8-52,asset9,asset6,false,false,true,true,TankWar_P4,TankWar_P1|TankWar_P2|TankWar_P3|TankWar_P4|TankWar_P5,SOURCE_PROPER_SUBSET_OF_TARGET,1,1,true,true,false,COMMON_TARGET_DEPENDENCY,TARGET_PRESENT_IN_ALL_PRODUCTS,false,LOW,D1669
RC-0680,TankManager$$TankWar.main,METHOD,Tool.Tool,CONSTRUCTOR,CONSTRUCTOR_CALL,C:\Users\JBNU\git\ConstraintsRecovery\assets\tankwar\asset9:ELIF:63-66,C:\Users\JBNU\git\ConstraintsRecovery\assets\tankwar\asset20:IF:8-41,asset9,asset20,false,false,true,true,TankWar_P5,TankWar_P1|TankWar_P2|TankWar_P3|TankWar_P4|TankWar_P5,SOURCE_PROPER_SUBSET_OF_TARGET,1,1,true,true,false,COMMON_TARGET_DEPENDENCY,TARGET_PRESENT_IN_ALL_PRODUCTS,false,LOW,D1671
RC-0681,TankManager$$TankWar.main,METHOD,Maler.Maler,CONSTRUCTOR,CONSTRUCTOR_CALL,C:\Users\JBNU\git\ConstraintsRecovery\assets\tankwar\asset9:IF:49-51,C:\Users\JBNU\git\ConstraintsRecovery\assets\tankwar\asset6:IF:8-52,asset9,asset6,false,false,true,true,TankWar_P1,TankWar_P1|TankWar_P2|TankWar_P3|TankWar_P4|TankWar_P5,SOURCE_PROPER_SUBSET_OF_TARGET,1,1,true,true,false,COMMON_TARGET_DEPENDENCY,TARGET_PRESENT_IN_ALL_PRODUCTS,false,LOW,D1665
RC-0682,TankManager$$TankWar.mapLaden,METHOD,MapInfo.MapInfo,CONSTRUCTOR,CONSTRUCTOR_CALL,C:\Users\JBNU\git\ConstraintsRecovery\assets\tankwar\asset9:IF:8-248,C:\Users\JBNU\git\ConstraintsRecovery\assets\tankwar\asset11:IF:8-132,asset9,asset11,false,true,true,true,TankWar_P1|TankWar_P2|TankWar_P3|TankWar_P4|TankWar_P5,TankWar_P1|TankWar_P2|TankWar_P3|TankWar_P4|TankWar_P5,EQUAL,1,1,true,true,false,COMMON_TARGET_DEPENDENCY,TARGET_PRESENT_IN_ALL_PRODUCTS,false,LOW,D1595
RC-0683,TankManager$$TankWar.mapLaden,METHOD,MapInfo.baseLocationX,FIELD,FIELD_REFERENCE,C:\Users\JBNU\git\ConstraintsRecovery\assets\tankwar\asset9:IF:8-248,C:\Users\JBNU\git\ConstraintsRecovery\assets\tankwar\asset11:IF:8-132,asset9,asset11,false,true,true,true,TankWar_P1|TankWar_P2|TankWar_P3|TankWar_P4|TankWar_P5,TankWar_P1|TankWar_P2|TankWar_P3|TankWar_P4|TankWar_P5,EQUAL,1,1,true,true,false,COMMON_TARGET_DEPENDENCY,TARGET_PRESENT_IN_ALL_PRODUCTS,false,LOW,D1616
RC-0684,TankManager$$TankWar.mapLaden,METHOD,MapInfo.baseLocationY,FIELD,FIELD_REFERENCE,C:\Users\JBNU\git\ConstraintsRecovery\assets\tankwar\asset9:IF:8-248,C:\Users\JBNU\git\ConstraintsRecovery\assets\tankwar\asset11:IF:8-132,asset9,asset11,false,true,true,true,TankWar_P1|TankWar_P2|TankWar_P3|TankWar_P4|TankWar_P5,TankWar_P1|TankWar_P2|TankWar_P3|TankWar_P4|TankWar_P5,EQUAL,1,1,true,true,false,COMMON_TARGET_DEPENDENCY,TARGET_PRESENT_IN_ALL_PRODUCTS,false,LOW,D1618
RC-0685,TankManager$$TankWar.mapLaden,METHOD,MapInfo.brickWall,FIELD,FIELD_REFERENCE,C:\Users\JBNU\git\ConstraintsRecovery\assets\tankwar\asset9:IF:8-248,C:\Users\JBNU\git\ConstraintsRecovery\assets\tankwar\asset11:IF:8-132,asset9,asset11,false,true,true,true,TankWar_P1|TankWar_P2|TankWar_P3|TankWar_P4|TankWar_P5,TankWar_P1|TankWar_P2|TankWar_P3|TankWar_P4|TankWar_P5,EQUAL,1,1,true,true,false,COMMON_TARGET_DEPENDENCY,TARGET_PRESENT_IN_ALL_PRODUCTS,false,LOW,D1599
RC-0686,TankManager$$TankWar.mapLaden,METHOD,MapInfo.enemyAllNr,FIELD,FIELD_REFERENCE,C:\Users\JBNU\git\ConstraintsRecovery\assets\tankwar\asset9:IF:8-248,C:\Users\JBNU\git\ConstraintsRecovery\assets\tankwar\asset11:IF:8-132,asset9,asset11,false,true,true,true,TankWar_P1|TankWar_P2|TankWar_P3|TankWar_P4|TankWar_P5,TankWar_P1|TankWar_P2|TankWar_P3|TankWar_P4|TankWar_P5,EQUAL,1,1,true,true,false,COMMON_TARGET_DEPENDENCY,TARGET_PRESENT_IN_ALL_PRODUCTS,false,LOW,D1612
RC-0687,TankManager$$TankWar.mapLaden,METHOD,MapInfo.enemyMaxNr,FIELD,FIELD_REFERENCE,C:\Users\JBNU\git\ConstraintsRecovery\assets\tankwar\asset9:IF:8-248,C:\Users\JBNU\git\ConstraintsRecovery\assets\tankwar\asset11:IF:8-132,asset9,asset11,false,true,true,true,TankWar_P1|TankWar_P2|TankWar_P3|TankWar_P4|TankWar_P5,TankWar_P1|TankWar_P2|TankWar_P3|TankWar_P4|TankWar_P5,EQUAL,1,1,true,true,false,COMMON_TARGET_DEPENDENCY,TARGET_PRESENT_IN_ALL_PRODUCTS,false,LOW,D1614
RC-0688,TankManager$$TankWar.mapLaden,METHOD,MapInfo.grassWall,FIELD,FIELD_REFERENCE,C:\Users\JBNU\git\ConstraintsRecovery\assets\tankwar\asset9:IF:8-248,C:\Users\JBNU\git\ConstraintsRecovery\assets\tankwar\asset11:IF:8-132,asset9,asset11,false,true,true,true,TankWar_P1|TankWar_P2|TankWar_P3|TankWar_P4|TankWar_P5,TankWar_P1|TankWar_P2|TankWar_P3|TankWar_P4|TankWar_P5,EQUAL,1,1,true,true,false,COMMON_TARGET_DEPENDENCY,TARGET_PRESENT_IN_ALL_PRODUCTS,false,LOW,D1603
RC-0689,TankManager$$TankWar.mapLaden,METHOD,MapInfo.metalWall,FIELD,FIELD_REFERENCE,C:\Users\JBNU\git\ConstraintsRecovery\assets\tankwar\asset9:IF:8-248,C:\Users\JBNU\git\ConstraintsRecovery\assets\tankwar\asset11:IF:8-132,asset9,asset11,false,true,true,true,TankWar_P1|TankWar_P2|TankWar_P3|TankWar_P4|TankWar_P5,TankWar_P1|TankWar_P2|TankWar_P3|TankWar_P4|TankWar_P5,EQUAL,1,1,true,true,false,COMMON_TARGET_DEPENDENCY,TARGET_PRESENT_IN_ALL_PRODUCTS,false,LOW,D1601
RC-0690,TankManager$$TankWar.mapLaden,METHOD,MapInfo.playerLocationX,FIELD,FIELD_REFERENCE,C:\Users\JBNU\git\ConstraintsRecovery\assets\tankwar\asset9:IF:8-248,C:\Users\JBNU\git\ConstraintsRecovery\assets\tankwar\asset11:IF:8-132,asset9,asset11,false,true,true,true,TankWar_P1|TankWar_P2|TankWar_P3|TankWar_P4|TankWar_P5,TankWar_P1|TankWar_P2|TankWar_P3|TankWar_P4|TankWar_P5,EQUAL,1,1,true,true,false,COMMON_TARGET_DEPENDENCY,TARGET_PRESENT_IN_ALL_PRODUCTS,false,LOW,D1608
RC-0691,TankManager$$TankWar.mapLaden,METHOD,MapInfo.playerLocationY,FIELD,FIELD_REFERENCE,C:\Users\JBNU\git\ConstraintsRecovery\assets\tankwar\asset9:IF:8-248,C:\Users\JBNU\git\ConstraintsRecovery\assets\tankwar\asset11:IF:8-132,asset9,asset11,false,true,true,true,TankWar_P1|TankWar_P2|TankWar_P3|TankWar_P4|TankWar_P5,TankWar_P1|TankWar_P2|TankWar_P3|TankWar_P4|TankWar_P5,EQUAL,1,1,true,true,false,COMMON_TARGET_DEPENDENCY,TARGET_PRESENT_IN_ALL_PRODUCTS,false,LOW,D1610
RC-0692,TankManager$$TankWar.mapLaden,METHOD,MapInfo.read,FIELD,FIELD_REFERENCE,C:\Users\JBNU\git\ConstraintsRecovery\assets\tankwar\asset9:IF:8-248,C:\Users\JBNU\git\ConstraintsRecovery\assets\tankwar\asset11:IF:8-132,asset9,asset11,false,true,true,true,TankWar_P1|TankWar_P2|TankWar_P3|TankWar_P4|TankWar_P5,TankWar_P1|TankWar_P2|TankWar_P3|TankWar_P4|TankWar_P5,EQUAL,1,1,true,true,false,COMMON_TARGET_DEPENDENCY,TARGET_PRESENT_IN_ALL_PRODUCTS,false,LOW,D1597
RC-0693,TankManager$$TankWar.mapLaden,METHOD,MapInfo.waterWall,FIELD,FIELD_REFERENCE,C:\Users\JBNU\git\ConstraintsRecovery\assets\tankwar\asset9:IF:8-248,C:\Users\JBNU\git\ConstraintsRecovery\assets\tankwar\asset11:IF:8-132,asset9,asset11,false,true,true,true,TankWar_P1|TankWar_P2|TankWar_P3|TankWar_P4|TankWar_P5,TankWar_P1|TankWar_P2|TankWar_P3|TankWar_P4|TankWar_P5,EQUAL,1,1,true,true,false,COMMON_TARGET_DEPENDENCY,TARGET_PRESENT_IN_ALL_PRODUCTS,false,LOW,D1605
RC-0694,TankManager$$TankWar,CLASS,MIDlet,CLASS,EXTENDS,C:\Users\JBNU\git\ConstraintsRecovery\assets\tankwar\asset9:IF:8-248,C:\Users\JBNU\git\ConstraintsRecovery\assets\tankwar\asset12:IF:8-10,asset9,asset12,false,true,true,true,TankWar_P1|TankWar_P2|TankWar_P3|TankWar_P4|TankWar_P5,TankWar_P1|TankWar_P2|TankWar_P3|TankWar_P4|TankWar_P5,EQUAL,1,1,true,false,false,COMMON_TARGET_DEPENDENCY,TARGET_PRESENT_IN_ALL_PRODUCTS,false,LOW,D1590
RC-0695,TankManager$$TankWar.getBlood,METHOD,Tank$$TankWar.energie,FIELD,FIELD_REFERENCE,C:\Users\JBNU\git\ConstraintsRecovery\assets\tankwar\asset9:IF:8-248,C:\Users\JBNU\git\ConstraintsRecovery\assets\tankwar\asset14:IF:8-384,asset9,asset14,false,true,true,true,TankWar_P1|TankWar_P2|TankWar_P3|TankWar_P4|TankWar_P5,TankWar_P1|TankWar_P2|TankWar_P3|TankWar_P4|TankWar_P5,EQUAL,1,1,true,true,false,COMMON_TARGET_DEPENDENCY,TARGET_PRESENT_IN_ALL_PRODUCTS,false,LOW,D1661
RC-0696,TankManager$$TankWar.komponenteMalen,METHOD,Tank$$TankWar.energie,FIELD,FIELD_REFERENCE,C:\Users\JBNU\git\ConstraintsRecovery\assets\tankwar\asset9:IF:8-248,C:\Users\JBNU\git\ConstraintsRecovery\assets\tankwar\asset14:IF:8-384,asset9,asset14,false,true,true,true,TankWar_P1|TankWar_P2|TankWar_P3|TankWar_P4|TankWar_P5,TankWar_P1|TankWar_P2|TankWar_P3|TankWar_P4|TankWar_P5,EQUAL,1,1,true,true,false,COMMON_TARGET_DEPENDENCY,TARGET_PRESENT_IN_ALL_PRODUCTS,false,LOW,D1569
RC-0697,TankManager$$TankWar.init,METHOD,MalerZeit.MalerZeit,CONSTRUCTOR,CONSTRUCTOR_CALL,C:\Users\JBNU\git\ConstraintsRecovery\assets\tankwar\asset9:IF:8-248,C:\Users\JBNU\git\ConstraintsRecovery\assets\tankwar\asset21:IF:8-24,asset9,asset21,false,true,true,true,TankWar_P1|TankWar_P2|TankWar_P3|TankWar_P4|TankWar_P5,TankWar_P1|TankWar_P2|TankWar_P3|TankWar_P4|TankWar_P5,EQUAL,1,1,true,true,false,COMMON_TARGET_DEPENDENCY,TARGET_PRESENT_IN_ALL_PRODUCTS,false,LOW,D1685
RC-0698,TankManager$$TankWar.init,METHOD,Maler$$PC.getScreenHeight,METHOD,METHOD_CALL,C:\Users\JBNU\git\ConstraintsRecovery\assets\tankwar\asset9:IF:8-248,C:\Users\JBNU\git\ConstraintsRecovery\assets\tankwar\asset2:IF:8-332,asset9,asset2,false,true,true,true,TankWar_P1|TankWar_P2|TankWar_P3|TankWar_P4|TankWar_P5,TankWar_P1|TankWar_P2|TankWar_P3|TankWar_P4|TankWar_P5,EQUAL,1,1,true,true,false,COMMON_TARGET_DEPENDENCY,TARGET_PRESENT_IN_ALL_PRODUCTS,false,LOW,D1680
RC-0699,TankManager$$TankWar.init,METHOD,Maler$$PC.getScreenWidth,METHOD,METHOD_CALL,C:\Users\JBNU\git\ConstraintsRecovery\assets\tankwar\asset9:IF:8-248,C:\Users\JBNU\git\ConstraintsRecovery\assets\tankwar\asset2:IF:8-332,asset9,asset2,false,true,true,true,TankWar_P1|TankWar_P2|TankWar_P3|TankWar_P4|TankWar_P5,TankWar_P1|TankWar_P2|TankWar_P3|TankWar_P4|TankWar_P5,EQUAL,1,1,true,true,false,COMMON_TARGET_DEPENDENCY,TARGET_PRESENT_IN_ALL_PRODUCTS,false,LOW,D1677
RC-0700,TankManager$$TankWar.keyPressBehandeln,METHOD,Maler$$PC.keyPressedBehandeln,METHOD,METHOD_CALL,C:\Users\JBNU\git\ConstraintsRecovery\assets\tankwar\asset9:IF:8-248,C:\Users\JBNU\git\ConstraintsRecovery\assets\tankwar\asset2:IF:8-332,asset9,asset2,false,true,true,true,TankWar_P1|TankWar_P2|TankWar_P3|TankWar_P4|TankWar_P5,TankWar_P1|TankWar_P2|TankWar_P3|TankWar_P4|TankWar_P5,EQUAL,1,1,true,true,false,COMMON_TARGET_DEPENDENCY,TARGET_PRESENT_IN_ALL_PRODUCTS,false,LOW,D1689
RC-0701,TankManager$$TankWar.malenkontrolle,METHOD,Maler$$PC.gameExit,METHOD,METHOD_CALL,C:\Users\JBNU\git\ConstraintsRecovery\assets\tankwar\asset9:IF:8-248,C:\Users\JBNU\git\ConstraintsRecovery\assets\tankwar\asset2:IF:8-332,asset9,asset2,false,true,true,true,TankWar_P1|TankWar_P2|TankWar_P3|TankWar_P4|TankWar_P5,TankWar_P1|TankWar_P2|TankWar_P3|TankWar_P4|TankWar_P5,EQUAL,1,1,true,true,false,COMMON_TARGET_DEPENDENCY,TARGET_PRESENT_IN_ALL_PRODUCTS,false,LOW,D1559
RC-0702,TankManager$$TankWar.malenkontrolle,METHOD,Maler$$PC.gameLevel,METHOD,METHOD_CALL,C:\Users\JBNU\git\ConstraintsRecovery\assets\tankwar\asset9:IF:8-248,C:\Users\JBNU\git\ConstraintsRecovery\assets\tankwar\asset2:IF:8-332,asset9,asset2,false,true,true,true,TankWar_P1|TankWar_P2|TankWar_P3|TankWar_P4|TankWar_P5,TankWar_P1|TankWar_P2|TankWar_P3|TankWar_P4|TankWar_P5,EQUAL,1,1,true,true,false,COMMON_TARGET_DEPENDENCY,TARGET_PRESENT_IN_ALL_PRODUCTS,false,LOW,D1554
RC-0703,TankManager$$TankWar.malenkontrolle,METHOD,Maler$$PC.help,METHOD,METHOD_CALL,C:\Users\JBNU\git\ConstraintsRecovery\assets\tankwar\asset9:IF:8-248,C:\Users\JBNU\git\ConstraintsRecovery\assets\tankwar\asset2:IF:8-332,asset9,asset2,false,true,true,true,TankWar_P1|TankWar_P2|TankWar_P3|TankWar_P4|TankWar_P5,TankWar_P1|TankWar_P2|TankWar_P3|TankWar_P4|TankWar_P5,EQUAL,1,1,true,true,false,COMMON_TARGET_DEPENDENCY,TARGET_PRESENT_IN_ALL_PRODUCTS,false,LOW,D1547
RC-0704,TankManager$$TankWar.malenkontrolle,METHOD,Maler$$PC.mainMenu,METHOD,METHOD_CALL,C:\Users\JBNU\git\ConstraintsRecovery\assets\tankwar\asset9:IF:8-248,C:\Users\JBNU\git\ConstraintsRecovery\assets\tankwar\asset2:IF:8-332,asset9,asset2,false,true,true,true,TankWar_P1|TankWar_P2|TankWar_P3|TankWar_P4|TankWar_P5,TankWar_P1|TankWar_P2|TankWar_P3|TankWar_P4|TankWar_P5,EQUAL,1,1,true,true,false,COMMON_TARGET_DEPENDENCY,TARGET_PRESENT_IN_ALL_PRODUCTS,false,LOW,D1543
RC-0705,TankManager$$TankWar.malenkontrolle,METHOD,Maler$$PC.pause,METHOD,METHOD_CALL,C:\Users\JBNU\git\ConstraintsRecovery\assets\tankwar\asset9:IF:8-248,C:\Users\JBNU\git\ConstraintsRecovery\assets\tankwar\asset2:IF:8-332,asset9,asset2,false,true,true,true,TankWar_P1|TankWar_P2|TankWar_P3|TankWar_P4|TankWar_P5,TankWar_P1|TankWar_P2|TankWar_P3|TankWar_P4|TankWar_P5,EQUAL,1,1,true,true,false,COMMON_TARGET_DEPENDENCY,TARGET_PRESENT_IN_ALL_PRODUCTS,false,LOW,D1551
RC-0706,TankManager$$TankWar.malenkontrolle,METHOD,Maler$$PC.tankWaehlen,METHOD,METHOD_CALL,C:\Users\JBNU\git\ConstraintsRecovery\assets\tankwar\asset9:IF:8-248,C:\Users\JBNU\git\ConstraintsRecovery\assets\tankwar\asset2:IF:8-332,asset9,asset2,false,true,true,true,TankWar_P1|TankWar_P2|TankWar_P3|TankWar_P4|TankWar_P5,TankWar_P1|TankWar_P2|TankWar_P3|TankWar_P4|TankWar_P5,EQUAL,1,1,true,true,false,COMMON_TARGET_DEPENDENCY,TARGET_PRESENT_IN_ALL_PRODUCTS,false,LOW,D1545
RC-0707,TankManager$$TankWar.tanksLaden,METHOD,Maler$$PC.tankType,FIELD,FIELD_REFERENCE,C:\Users\JBNU\git\ConstraintsRecovery\assets\tankwar\asset9:IF:8-248,C:\Users\JBNU\git\ConstraintsRecovery\assets\tankwar\asset2:IF:8-332,asset9,asset2,false,true,true,true,TankWar_P1|TankWar_P2|TankWar_P3|TankWar_P4|TankWar_P5,TankWar_P1|TankWar_P2|TankWar_P3|TankWar_P4|TankWar_P5,EQUAL,1,1,true,true,false,COMMON_TARGET_DEPENDENCY,TARGET_PRESENT_IN_ALL_PRODUCTS,false,LOW,D1624
RC-0708,TankManager$$TankWar.init,METHOD,Maler.Maler,CONSTRUCTOR,CONSTRUCTOR_CALL,C:\Users\JBNU\git\ConstraintsRecovery\assets\tankwar\asset9:IF:8-248,C:\Users\JBNU\git\ConstraintsRecovery\assets\tankwar\asset6:IF:8-52,asset9,asset6,false,true,true,true,TankWar_P1|TankWar_P2|TankWar_P3|TankWar_P4|TankWar_P5,TankWar_P1|TankWar_P2|TankWar_P3|TankWar_P4|TankWar_P5,EQUAL,1,1,true,true,false,COMMON_TARGET_DEPENDENCY,TARGET_PRESENT_IN_ALL_PRODUCTS,false,LOW,D1672
RC-0709,TankManager$$TankWar.TankManager$$TankWar,CONSTRUCTOR,TankManager$$TankWar.init,METHOD,METHOD_CALL,C:\Users\JBNU\git\ConstraintsRecovery\assets\tankwar\asset9:IF:8-248,C:\Users\JBNU\git\ConstraintsRecovery\assets\tankwar\asset9:IF:8-248,asset9,asset9,true,true,true,false,TankWar_P1|TankWar_P2|TankWar_P3|TankWar_P4|TankWar_P5,TankWar_P1|TankWar_P2|TankWar_P3|TankWar_P4|TankWar_P5,EQUAL,1,1,false,false,false,COMMON_TARGET_DEPENDENCY,TARGET_PRESENT_IN_ALL_PRODUCTS,false,LOW,D1664
RC-0710,TankManager$$TankWar.addEnemyTank,METHOD,TankManager$$TankWar.base,FIELD,FIELD_REFERENCE,C:\Users\JBNU\git\ConstraintsRecovery\assets\tankwar\asset9:IF:8-248,C:\Users\JBNU\git\ConstraintsRecovery\assets\tankwar\asset9:IF:8-248,asset9,asset9,true,true,true,false,TankWar_P1|TankWar_P2|TankWar_P3|TankWar_P4|TankWar_P5,TankWar_P1|TankWar_P2|TankWar_P3|TankWar_P4|TankWar_P5,EQUAL,1,1,false,false,false,COMMON_TARGET_DEPENDENCY,TARGET_PRESENT_IN_ALL_PRODUCTS,false,LOW,D1644
RC-0711,TankManager$$TankWar.addEnemyTank,METHOD,TankManager$$TankWar.enemyPosition,FIELD,FIELD_REFERENCE,C:\Users\JBNU\git\ConstraintsRecovery\assets\tankwar\asset9:IF:8-248,C:\Users\JBNU\git\ConstraintsRecovery\assets\tankwar\asset9:IF:8-248,asset9,asset9,true,true,true,false,TankWar_P1|TankWar_P2|TankWar_P3|TankWar_P4|TankWar_P5,TankWar_P1|TankWar_P2|TankWar_P3|TankWar_P4|TankWar_P5,EQUAL,2,2,false,false,false,COMMON_TARGET_DEPENDENCY,TARGET_PRESENT_IN_ALL_PRODUCTS,false,LOW,D1650
RC-0712,TankManager$$TankWar.addEnemyTank,METHOD,TankManager$$TankWar.enemyTankNum,FIELD,FIELD_REFERENCE,C:\Users\JBNU\git\ConstraintsRecovery\assets\tankwar\asset9:IF:8-248,C:\Users\JBNU\git\ConstraintsRecovery\assets\tankwar\asset9:IF:8-248,asset9,asset9,true,true,true,false,TankWar_P1|TankWar_P2|TankWar_P3|TankWar_P4|TankWar_P5,TankWar_P1|TankWar_P2|TankWar_P3|TankWar_P4|TankWar_P5,EQUAL,2,2,false,false,false,COMMON_TARGET_DEPENDENCY,TARGET_PRESENT_IN_ALL_PRODUCTS,false,LOW,D1646
RC-0713,TankManager$$TankWar.addEnemyTank,METHOD,TankManager$$TankWar.enemyType,FIELD,FIELD_REFERENCE,C:\Users\JBNU\git\ConstraintsRecovery\assets\tankwar\asset9:IF:8-248,C:\Users\JBNU\git\ConstraintsRecovery\assets\tankwar\asset9:IF:8-248,asset9,asset9,true,true,true,false,TankWar_P1|TankWar_P2|TankWar_P3|TankWar_P4|TankWar_P5,TankWar_P1|TankWar_P2|TankWar_P3|TankWar_P4|TankWar_P5,EQUAL,2,2,false,false,false,COMMON_TARGET_DEPENDENCY,TARGET_PRESENT_IN_ALL_PRODUCTS,false,LOW,D1652
RC-0714,TankManager$$TankWar.addEnemyTank,METHOD,TankManager$$TankWar.random,FIELD,FIELD_REFERENCE,C:\Users\JBNU\git\ConstraintsRecovery\assets\tankwar\asset9:IF:8-248,C:\Users\JBNU\git\ConstraintsRecovery\assets\tankwar\asset9:IF:8-248,asset9,asset9,true,true,true,false,TankWar_P1|TankWar_P2|TankWar_P3|TankWar_P4|TankWar_P5,TankWar_P1|TankWar_P2|TankWar_P3|TankWar_P4|TankWar_P5,EQUAL,2,2,false,false,false,COMMON_TARGET_DEPENDENCY,TARGET_PRESENT_IN_ALL_PRODUCTS,false,LOW,D1651
RC-0715,TankManager$$TankWar.addEnemyTank,METHOD,TankManager$$TankWar.tank1,FIELD,FIELD_REFERENCE,C:\Users\JBNU\git\ConstraintsRecovery\assets\tankwar\asset9:IF:8-248,C:\Users\JBNU\git\ConstraintsRecovery\assets\tankwar\asset9:IF:8-248,asset9,asset9,true,true,true,false,TankWar_P1|TankWar_P2|TankWar_P3|TankWar_P4|TankWar_P5,TankWar_P1|TankWar_P2|TankWar_P3|TankWar_P4|TankWar_P5,EQUAL,1,1,false,false,false,COMMON_TARGET_DEPENDENCY,TARGET_PRESENT_IN_ALL_PRODUCTS,false,LOW,D1642
RC-0716,TankManager$$TankWar.addEnemyTank,METHOD,TankManager$$TankWar.tank2,FIELD,FIELD_REFERENCE,C:\Users\JBNU\git\ConstraintsRecovery\assets\tankwar\asset9:IF:8-248,C:\Users\JBNU\git\ConstraintsRecovery\assets\tankwar\asset9:IF:8-248,asset9,asset9,true,true,true,false,TankWar_P1|TankWar_P2|TankWar_P3|TankWar_P4|TankWar_P5,TankWar_P1|TankWar_P2|TankWar_P3|TankWar_P4|TankWar_P5,EQUAL,1,1,false,false,false,COMMON_TARGET_DEPENDENCY,TARGET_PRESENT_IN_ALL_PRODUCTS,false,LOW,D1643
RC-0717,TankManager$$TankWar.addEnemyTank,METHOD,TankManager$$TankWar.tankAllNum,FIELD,FIELD_REFERENCE,C:\Users\JBNU\git\ConstraintsRecovery\assets\tankwar\asset9:IF:8-248,C:\Users\JBNU\git\ConstraintsRecovery\assets\tankwar\asset9:IF:8-248,asset9,asset9,true,true,true,false,TankWar_P1|TankWar_P2|TankWar_P3|TankWar_P4|TankWar_P5,TankWar_P1|TankWar_P2|TankWar_P3|TankWar_P4|TankWar_P5,EQUAL,2,2,false,false,false,COMMON_TARGET_DEPENDENCY,TARGET_PRESENT_IN_ALL_PRODUCTS,false,LOW,D1647
RC-0718,TankManager$$TankWar.addEnemyTank,METHOD,TankManager$$TankWar.tankMaxNum,FIELD,FIELD_REFERENCE,C:\Users\JBNU\git\ConstraintsRecovery\assets\tankwar\asset9:IF:8-248,C:\Users\JBNU\git\ConstraintsRecovery\assets\tankwar\asset9:IF:8-248,asset9,asset9,true,true,true,false,TankWar_P1|TankWar_P2|TankWar_P3|TankWar_P4|TankWar_P5,TankWar_P1|TankWar_P2|TankWar_P3|TankWar_P4|TankWar_P5,EQUAL,1,1,false,false,false,COMMON_TARGET_DEPENDENCY,TARGET_PRESENT_IN_ALL_PRODUCTS,false,LOW,D1648
RC-0719,TankManager$$TankWar.addEnemyTank,METHOD,TankManager$$TankWar.tankMenge,FIELD,FIELD_REFERENCE,C:\Users\JBNU\git\ConstraintsRecovery\assets\tankwar\asset9:IF:8-248,C:\Users\JBNU\git\ConstraintsRecovery\assets\tankwar\asset9:IF:8-248,asset9,asset9,true,true,true,false,TankWar_P1|TankWar_P2|TankWar_P3|TankWar_P4|TankWar_P5,TankWar_P1|TankWar_P2|TankWar_P3|TankWar_P4|TankWar_P5,EQUAL,3,3,false,false,false,COMMON_TARGET_DEPENDENCY,TARGET_PRESENT_IN_ALL_PRODUCTS,false,LOW,D1645
RC-0720,TankManager$$TankWar.aktualisieren,METHOD,TankManager$$TankWar.maler,FIELD,FIELD_REFERENCE,C:\Users\JBNU\git\ConstraintsRecovery\assets\tankwar\asset9:IF:8-248,C:\Users\JBNU\git\ConstraintsRecovery\assets\tankwar\asset9:IF:8-248,asset9,asset9,true,true,true,false,TankWar_P1|TankWar_P2|TankWar_P3|TankWar_P4|TankWar_P5,TankWar_P1|TankWar_P2|TankWar_P3|TankWar_P4|TankWar_P5,EQUAL,1,1,false,false,false,COMMON_TARGET_DEPENDENCY,TARGET_PRESENT_IN_ALL_PRODUCTS,false,LOW,D1686
RC-0721,TankManager$$TankWar.getBlood,METHOD,TankManager$$TankWar.tank1,FIELD,FIELD_REFERENCE,C:\Users\JBNU\git\ConstraintsRecovery\assets\tankwar\asset9:IF:8-248,C:\Users\JBNU\git\ConstraintsRecovery\assets\tankwar\asset9:IF:8-248,asset9,asset9,true,true,true,false,TankWar_P1|TankWar_P2|TankWar_P3|TankWar_P4|TankWar_P5,TankWar_P1|TankWar_P2|TankWar_P3|TankWar_P4|TankWar_P5,EQUAL,2,2,false,false,false,COMMON_TARGET_DEPENDENCY,TARGET_PRESENT_IN_ALL_PRODUCTS,false,LOW,D1659
RC-0722,TankManager$$TankWar.getTankMenge,METHOD,TankManager$$TankWar.enemyTankNum,FIELD,FIELD_REFERENCE,C:\Users\JBNU\git\ConstraintsRecovery\assets\tankwar\asset9:IF:8-248,C:\Users\JBNU\git\ConstraintsRecovery\assets\tankwar\asset9:IF:8-248,asset9,asset9,true,true,true,false,TankWar_P1|TankWar_P2|TankWar_P3|TankWar_P4|TankWar_P5,TankWar_P1|TankWar_P2|TankWar_P3|TankWar_P4|TankWar_P5,EQUAL,1,1,false,false,false,COMMON_TARGET_DEPENDENCY,TARGET_PRESENT_IN_ALL_PRODUCTS,false,LOW,D1663
RC-0723,TankManager$$TankWar.getTankMenge,METHOD,TankManager$$TankWar.tankAllNum,FIELD,FIELD_REFERENCE,C:\Users\JBNU\git\ConstraintsRecovery\assets\tankwar\asset9:IF:8-248,C:\Users\JBNU\git\ConstraintsRecovery\assets\tankwar\asset9:IF:8-248,asset9,asset9,true,true,true,false,TankWar_P1|TankWar_P2|TankWar_P3|TankWar_P4|TankWar_P5,TankWar_P1|TankWar_P2|TankWar_P3|TankWar_P4|TankWar_P5,EQUAL,1,1,false,false,false,COMMON_TARGET_DEPENDENCY,TARGET_PRESENT_IN_ALL_PRODUCTS,false,LOW,D1662
RC-0724,TankManager$$TankWar.init,METHOD,TankManager$$TankWar.koernigkeit,FIELD,FIELD_REFERENCE,C:\Users\JBNU\git\ConstraintsRecovery\assets\tankwar\asset9:IF:8-248,C:\Users\JBNU\git\ConstraintsRecovery\assets\tankwar\asset9:IF:8-248,asset9,asset9,true,true,true,false,TankWar_P1|TankWar_P2|TankWar_P3|TankWar_P4|TankWar_P5,TankWar_P1|TankWar_P2|TankWar_P3|TankWar_P4|TankWar_P5,EQUAL,2,2,false,false,false,COMMON_TARGET_DEPENDENCY,TARGET_PRESENT_IN_ALL_PRODUCTS,false,LOW,D1682
RC-0725,TankManager$$TankWar.init,METHOD,TankManager$$TankWar.koernigkeit2,FIELD,FIELD_REFERENCE,C:\Users\JBNU\git\ConstraintsRecovery\assets\tankwar\asset9:IF:8-248,C:\Users\JBNU\git\ConstraintsRecovery\assets\tankwar\asset9:IF:8-248,asset9,asset9,true,true,true,false,TankWar_P1|TankWar_P2|TankWar_P3|TankWar_P4|TankWar_P5,TankWar_P1|TankWar_P2|TankWar_P3|TankWar_P4|TankWar_P5,EQUAL,1,1,false,false,false,COMMON_TARGET_DEPENDENCY,TARGET_PRESENT_IN_ALL_PRODUCTS,false,LOW,D1684
RC-0726,TankManager$$TankWar.init,METHOD,TankManager$$TankWar.maler,FIELD,FIELD_REFERENCE,C:\Users\JBNU\git\ConstraintsRecovery\assets\tankwar\asset9:IF:8-248,C:\Users\JBNU\git\ConstraintsRecovery\assets\tankwar\asset9:IF:8-248,asset9,asset9,true,true,true,false,TankWar_P1|TankWar_P2|TankWar_P3|TankWar_P4|TankWar_P5,TankWar_P1|TankWar_P2|TankWar_P3|TankWar_P4|TankWar_P5,EQUAL,4,4,false,false,false,COMMON_TARGET_DEPENDENCY,TARGET_PRESENT_IN_ALL_PRODUCTS,false,LOW,D1673
RC-0727,TankManager$$TankWar.init,METHOD,TankManager$$TankWar.screenHeight,FIELD,FIELD_REFERENCE,C:\Users\JBNU\git\ConstraintsRecovery\assets\tankwar\asset9:IF:8-248,C:\Users\JBNU\git\ConstraintsRecovery\assets\tankwar\asset9:IF:8-248,asset9,asset9,true,true,true,false,TankWar_P1|TankWar_P2|TankWar_P3|TankWar_P4|TankWar_P5,TankWar_P1|TankWar_P2|TankWar_P3|TankWar_P4|TankWar_P5,EQUAL,1,1,false,false,false,COMMON_TARGET_DEPENDENCY,TARGET_PRESENT_IN_ALL_PRODUCTS,false,LOW,D1679
RC-0728,TankManager$$TankWar.init,METHOD,TankManager$$TankWar.screenWidth,FIELD,FIELD_REFERENCE,C:\Users\JBNU\git\ConstraintsRecovery\assets\tankwar\asset9:IF:8-248,C:\Users\JBNU\git\ConstraintsRecovery\assets\tankwar\asset9:IF:8-248,asset9,asset9,true,true,true,false,TankWar_P1|TankWar_P2|TankWar_P3|TankWar_P4|TankWar_P5,TankWar_P1|TankWar_P2|TankWar_P3|TankWar_P4|TankWar_P5,EQUAL,2,2,false,false,false,COMMON_TARGET_DEPENDENCY,TARGET_PRESENT_IN_ALL_PRODUCTS,false,LOW,D1676
RC-0729,TankManager$$TankWar.keyPressBehandeln,METHOD,TankManager$$TankWar.maler,FIELD,FIELD_REFERENCE,C:\Users\JBNU\git\ConstraintsRecovery\assets\tankwar\asset9:IF:8-248,C:\Users\JBNU\git\ConstraintsRecovery\assets\tankwar\asset9:IF:8-248,asset9,asset9,true,true,true,false,TankWar_P1|TankWar_P2|TankWar_P3|TankWar_P4|TankWar_P5,TankWar_P1|TankWar_P2|TankWar_P3|TankWar_P4|TankWar_P5,EQUAL,3,3,false,false,false,COMMON_TARGET_DEPENDENCY,TARGET_PRESENT_IN_ALL_PRODUCTS,false,LOW,D1688
RC-0730,TankManager$$TankWar.keyPressBehandeln,METHOD,TankManager$$TankWar.status,FIELD,FIELD_REFERENCE,C:\Users\JBNU\git\ConstraintsRecovery\assets\tankwar\asset9:IF:8-248,C:\Users\JBNU\git\ConstraintsRecovery\assets\tankwar\asset9:IF:8-248,asset9,asset9,true,true,true,false,TankWar_P1|TankWar_P2|TankWar_P3|TankWar_P4|TankWar_P5,TankWar_P1|TankWar_P2|TankWar_P3|TankWar_P4|TankWar_P5,EQUAL,1,1,false,false,false,COMMON_TARGET_DEPENDENCY,TARGET_PRESENT_IN_ALL_PRODUCTS,false,LOW,D1687
RC-0731,TankManager$$TankWar.keyPressBehandeln,METHOD,TankManager$$TankWar.tank1,FIELD,FIELD_REFERENCE,C:\Users\JBNU\git\ConstraintsRecovery\assets\tankwar\asset9:IF:8-248,C:\Users\JBNU\git\ConstraintsRecovery\assets\tankwar\asset9:IF:8-248,asset9,asset9,true,true,true,false,TankWar_P1|TankWar_P2|TankWar_P3|TankWar_P4|TankWar_P5,TankWar_P1|TankWar_P2|TankWar_P3|TankWar_P4|TankWar_P5,EQUAL,2,2,false,false,false,COMMON_TARGET_DEPENDENCY,TARGET_PRESENT_IN_ALL_PRODUCTS,false,LOW,D1692
RC-0732,TankManager$$TankWar.keyReleaseBehandeln,METHOD,TankManager$$TankWar.status,FIELD,FIELD_REFERENCE,C:\Users\JBNU\git\ConstraintsRecovery\assets\tankwar\asset9:IF:8-248,C:\Users\JBNU\git\ConstraintsRecovery\assets\tankwar\asset9:IF:8-248,asset9,asset9,true,true,true,false,TankWar_P1|TankWar_P2|TankWar_P3|TankWar_P4|TankWar_P5,TankWar_P1|TankWar_P2|TankWar_P3|TankWar_P4|TankWar_P5,EQUAL,1,1,false,false,false,COMMON_TARGET_DEPENDENCY,TARGET_PRESENT_IN_ALL_PRODUCTS,false,LOW,D1536
RC-0733,TankManager$$TankWar.keyReleaseBehandeln,METHOD,TankManager$$TankWar.tank1,FIELD,FIELD_REFERENCE,C:\Users\JBNU\git\ConstraintsRecovery\assets\tankwar\asset9:IF:8-248,C:\Users\JBNU\git\ConstraintsRecovery\assets\tankwar\asset9:IF:8-248,asset9,asset9,true,true,true,false,TankWar_P1|TankWar_P2|TankWar_P3|TankWar_P4|TankWar_P5,TankWar_P1|TankWar_P2|TankWar_P3|TankWar_P4|TankWar_P5,EQUAL,2,2,false,false,false,COMMON_TARGET_DEPENDENCY,TARGET_PRESENT_IN_ALL_PRODUCTS,false,LOW,D1537
RC-0734,TankManager$$TankWar.komponenteMalen,METHOD,TankManager$$TankWar.addEnemyTank,METHOD,METHOD_CALL,C:\Users\JBNU\git\ConstraintsRecovery\assets\tankwar\asset9:IF:8-248,C:\Users\JBNU\git\ConstraintsRecovery\assets\tankwar\asset9:IF:8-248,asset9,asset9,true,true,true,false,TankWar_P1|TankWar_P2|TankWar_P3|TankWar_P4|TankWar_P5,TankWar_P1|TankWar_P2|TankWar_P3|TankWar_P4|TankWar_P5,EQUAL,1,1,false,false,false,COMMON_TARGET_DEPENDENCY,TARGET_PRESENT_IN_ALL_PRODUCTS,false,LOW,D1565
RC-0735,TankManager$$TankWar.komponenteMalen,METHOD,TankManager$$TankWar.base,FIELD,FIELD_REFERENCE,C:\Users\JBNU\git\ConstraintsRecovery\assets\tankwar\asset9:IF:8-248,C:\Users\JBNU\git\ConstraintsRecovery\assets\tankwar\asset9:IF:8-248,asset9,asset9,true,true,true,false,TankWar_P1|TankWar_P2|TankWar_P3|TankWar_P4|TankWar_P5,TankWar_P1|TankWar_P2|TankWar_P3|TankWar_P4|TankWar_P5,EQUAL,1,1,false,false,false,COMMON_TARGET_DEPENDENCY,TARGET_PRESENT_IN_ALL_PRODUCTS,false,LOW,D1568
RC-0736,TankManager$$TankWar.komponenteMalen,METHOD,TankManager$$TankWar.brickwall,FIELD,FIELD_REFERENCE,C:\Users\JBNU\git\ConstraintsRecovery\assets\tankwar\asset9:IF:8-248,C:\Users\JBNU\git\ConstraintsRecovery\assets\tankwar\asset9:IF:8-248,asset9,asset9,true,true,true,false,TankWar_P1|TankWar_P2|TankWar_P3|TankWar_P4|TankWar_P5,TankWar_P1|TankWar_P2|TankWar_P3|TankWar_P4|TankWar_P5,EQUAL,1,1,false,false,false,COMMON_TARGET_DEPENDENCY,TARGET_PRESENT_IN_ALL_PRODUCTS,false,LOW,D1576
RC-0737,TankManager$$TankWar.komponenteMalen,METHOD,TankManager$$TankWar.enemyTankNum,FIELD,FIELD_REFERENCE,C:\Users\JBNU\git\ConstraintsRecovery\assets\tankwar\asset9:IF:8-248,C:\Users\JBNU\git\ConstraintsRecovery\assets\tankwar\asset9:IF:8-248,asset9,asset9,true,true,true,false,TankWar_P1|TankWar_P2|TankWar_P3|TankWar_P4|TankWar_P5,TankWar_P1|TankWar_P2|TankWar_P3|TankWar_P4|TankWar_P5,EQUAL,1,1,false,false,false,COMMON_TARGET_DEPENDENCY,TARGET_PRESENT_IN_ALL_PRODUCTS,false,LOW,D1572
RC-0738,TankManager$$TankWar.komponenteMalen,METHOD,TankManager$$TankWar.game,FIELD,FIELD_REFERENCE,C:\Users\JBNU\git\ConstraintsRecovery\assets\tankwar\asset9:IF:8-248,C:\Users\JBNU\git\ConstraintsRecovery\assets\tankwar\asset9:IF:8-248,asset9,asset9,true,true,true,false,TankWar_P1|TankWar_P2|TankWar_P3|TankWar_P4|TankWar_P5,TankWar_P1|TankWar_P2|TankWar_P3|TankWar_P4|TankWar_P5,EQUAL,3,3,false,false,false,COMMON_TARGET_DEPENDENCY,TARGET_PRESENT_IN_ALL_PRODUCTS,false,LOW,D1560
RC-0739,TankManager$$TankWar.komponenteMalen,METHOD,TankManager$$TankWar.grasswall,FIELD,FIELD_REFERENCE,C:\Users\JBNU\git\ConstraintsRecovery\assets\tankwar\asset9:IF:8-248,C:\Users\JBNU\git\ConstraintsRecovery\assets\tankwar\asset9:IF:8-248,asset9,asset9,true,true,true,false,TankWar_P1|TankWar_P2|TankWar_P3|TankWar_P4|TankWar_P5,TankWar_P1|TankWar_P2|TankWar_P3|TankWar_P4|TankWar_P5,EQUAL,1,1,false,false,false,COMMON_TARGET_DEPENDENCY,TARGET_PRESENT_IN_ALL_PRODUCTS,false,LOW,D1586
RC-0740,TankManager$$TankWar.komponenteMalen,METHOD,TankManager$$TankWar.gruppeMalen,METHOD,METHOD_CALL,C:\Users\JBNU\git\ConstraintsRecovery\assets\tankwar\asset9:IF:8-248,C:\Users\JBNU\git\ConstraintsRecovery\assets\tankwar\asset9:IF:8-248,asset9,asset9,true,true,true,false,TankWar_P1|TankWar_P2|TankWar_P3|TankWar_P4|TankWar_P5,TankWar_P1|TankWar_P2|TankWar_P3|TankWar_P4|TankWar_P5,EQUAL,6,6,false,false,false,COMMON_TARGET_DEPENDENCY,TARGET_PRESENT_IN_ALL_PRODUCTS,false,LOW,D1577
RC-0741,TankManager$$TankWar.komponenteMalen,METHOD,TankManager$$TankWar.maler,FIELD,FIELD_REFERENCE,C:\Users\JBNU\git\ConstraintsRecovery\assets\tankwar\asset9:IF:8-248,C:\Users\JBNU\git\ConstraintsRecovery\assets\tankwar\asset9:IF:8-248,asset9,asset9,true,true,true,false,TankWar_P1|TankWar_P2|TankWar_P3|TankWar_P4|TankWar_P5,TankWar_P1|TankWar_P2|TankWar_P3|TankWar_P4|TankWar_P5,EQUAL,4,4,false,false,false,COMMON_TARGET_DEPENDENCY,TARGET_PRESENT_IN_ALL_PRODUCTS,false,LOW,D1567
RC-0742,TankManager$$TankWar.komponenteMalen,METHOD,TankManager$$TankWar.mapLaden,METHOD,METHOD_CALL,C:\Users\JBNU\git\ConstraintsRecovery\assets\tankwar\asset9:IF:8-248,C:\Users\JBNU\git\ConstraintsRecovery\assets\tankwar\asset9:IF:8-248,asset9,asset9,true,true,true,false,TankWar_P1|TankWar_P2|TankWar_P3|TankWar_P4|TankWar_P5,TankWar_P1|TankWar_P2|TankWar_P3|TankWar_P4|TankWar_P5,EQUAL,1,1,false,false,false,COMMON_TARGET_DEPENDENCY,TARGET_PRESENT_IN_ALL_PRODUCTS,false,LOW,D1561
RC-0743,TankManager$$TankWar.komponenteMalen,METHOD,TankManager$$TankWar.mapReady,FIELD,FIELD_REFERENCE,C:\Users\JBNU\git\ConstraintsRecovery\assets\tankwar\asset9:IF:8-248,C:\Users\JBNU\git\ConstraintsRecovery\assets\tankwar\asset9:IF:8-248,asset9,asset9,true,true,true,false,TankWar_P1|TankWar_P2|TankWar_P3|TankWar_P4|TankWar_P5,TankWar_P1|TankWar_P2|TankWar_P3|TankWar_P4|TankWar_P5,EQUAL,1,1,false,false,false,COMMON_TARGET_DEPENDENCY,TARGET_PRESENT_IN_ALL_PRODUCTS,false,LOW,D1564
RC-0744,TankManager$$TankWar.komponenteMalen,METHOD,TankManager$$TankWar.metalwall,FIELD,FIELD_REFERENCE,C:\Users\JBNU\git\ConstraintsRecovery\assets\tankwar\asset9:IF:8-248,C:\Users\JBNU\git\ConstraintsRecovery\assets\tankwar\asset9:IF:8-248,asset9,asset9,true,true,true,false,TankWar_P1|TankWar_P2|TankWar_P3|TankWar_P4|TankWar_P5,TankWar_P1|TankWar_P2|TankWar_P3|TankWar_P4|TankWar_P5,EQUAL,1,1,false,false,false,COMMON_TARGET_DEPENDENCY,TARGET_PRESENT_IN_ALL_PRODUCTS,false,LOW,D1584
RC-0745,TankManager$$TankWar.komponenteMalen,METHOD,TankManager$$TankWar.missilesMenge,FIELD,FIELD_REFERENCE,C:\Users\JBNU\git\ConstraintsRecovery\assets\tankwar\asset9:IF:8-248,C:\Users\JBNU\git\ConstraintsRecovery\assets\tankwar\asset9:IF:8-248,asset9,asset9,true,true,true,false,TankWar_P1|TankWar_P2|TankWar_P3|TankWar_P4|TankWar_P5,TankWar_P1|TankWar_P2|TankWar_P3|TankWar_P4|TankWar_P5,EQUAL,1,1,false,false,false,COMMON_TARGET_DEPENDENCY,TARGET_PRESENT_IN_ALL_PRODUCTS,false,LOW,D1582
RC-0746,TankManager$$TankWar.komponenteMalen,METHOD,TankManager$$TankWar.tank1,FIELD,FIELD_REFERENCE,C:\Users\JBNU\git\ConstraintsRecovery\assets\tankwar\asset9:IF:8-248,C:\Users\JBNU\git\ConstraintsRecovery\assets\tankwar\asset9:IF:8-248,asset9,asset9,true,true,true,false,TankWar_P1|TankWar_P2|TankWar_P3|TankWar_P4|TankWar_P5,TankWar_P1|TankWar_P2|TankWar_P3|TankWar_P4|TankWar_P5,EQUAL,1,1,false,false,false,COMMON_TARGET_DEPENDENCY,TARGET_PRESENT_IN_ALL_PRODUCTS,false,LOW,D1566
RC-0747,TankManager$$TankWar.komponenteMalen,METHOD,TankManager$$TankWar.tankAllNum,FIELD,FIELD_REFERENCE,C:\Users\JBNU\git\ConstraintsRecovery\assets\tankwar\asset9:IF:8-248,C:\Users\JBNU\git\ConstraintsRecovery\assets\tankwar\asset9:IF:8-248,asset9,asset9,true,true,true,false,TankWar_P1|TankWar_P2|TankWar_P3|TankWar_P4|TankWar_P5,TankWar_P1|TankWar_P2|TankWar_P3|TankWar_P4|TankWar_P5,EQUAL,1,1,false,false,false,COMMON_TARGET_DEPENDENCY,TARGET_PRESENT_IN_ALL_PRODUCTS,false,LOW,D1571
RC-0748,TankManager$$TankWar.komponenteMalen,METHOD,TankManager$$TankWar.tankMenge,FIELD,FIELD_REFERENCE,C:\Users\JBNU\git\ConstraintsRecovery\assets\tankwar\asset9:IF:8-248,C:\Users\JBNU\git\ConstraintsRecovery\assets\tankwar\asset9:IF:8-248,asset9,asset9,true,true,true,false,TankWar_P1|TankWar_P2|TankWar_P3|TankWar_P4|TankWar_P5,TankWar_P1|TankWar_P2|TankWar_P3|TankWar_P4|TankWar_P5,EQUAL,2,2,false,false,false,COMMON_TARGET_DEPENDENCY,TARGET_PRESENT_IN_ALL_PRODUCTS,false,LOW,D1574
RC-0749,TankManager$$TankWar.komponenteMalen,METHOD,TankManager$$TankWar.tanksLaden,METHOD,METHOD_CALL,C:\Users\JBNU\git\ConstraintsRecovery\assets\tankwar\asset9:IF:8-248,C:\Users\JBNU\git\ConstraintsRecovery\assets\tankwar\asset9:IF:8-248,asset9,asset9,true,true,true,false,TankWar_P1|TankWar_P2|TankWar_P3|TankWar_P4|TankWar_P5,TankWar_P1|TankWar_P2|TankWar_P3|TankWar_P4|TankWar_P5,EQUAL,1,1,false,false,false,COMMON_TARGET_DEPENDENCY,TARGET_PRESENT_IN_ALL_PRODUCTS,false,LOW,D1562
RC-0750,TankManager$$TankWar.komponenteMalen,METHOD,TankManager$$TankWar.waterwall,FIELD,FIELD_REFERENCE,C:\Users\JBNU\git\ConstraintsRecovery\assets\tankwar\asset9:IF:8-248,C:\Users\JBNU\git\ConstraintsRecovery\assets\tankwar\asset9:IF:8-248,asset9,asset9,true,true,true,false,TankWar_P1|TankWar_P2|TankWar_P3|TankWar_P4|TankWar_P5,TankWar_P1|TankWar_P2|TankWar_P3|TankWar_P4|TankWar_P5,EQUAL,1,1,false,false,false,COMMON_TARGET_DEPENDENCY,TARGET_PRESENT_IN_ALL_PRODUCTS,false,LOW,D1580
RC-0751,TankManager$$TankWar.malenkontrolle,METHOD,TankManager$$TankWar.game,FIELD,FIELD_REFERENCE,C:\Users\JBNU\git\ConstraintsRecovery\assets\tankwar\asset9:IF:8-248,C:\Users\JBNU\git\ConstraintsRecovery\assets\tankwar\asset9:IF:8-248,asset9,asset9,true,true,true,false,TankWar_P1|TankWar_P2|TankWar_P3|TankWar_P4|TankWar_P5,TankWar_P1|TankWar_P2|TankWar_P3|TankWar_P4|TankWar_P5,EQUAL,1,1,false,false,false,COMMON_TARGET_DEPENDENCY,TARGET_PRESENT_IN_ALL_PRODUCTS,false,LOW,D1540
RC-0752,TankManager$$TankWar.malenkontrolle,METHOD,TankManager$$TankWar.komponenteMalen,METHOD,METHOD_CALL,C:\Users\JBNU\git\ConstraintsRecovery\assets\tankwar\asset9:IF:8-248,C:\Users\JBNU\git\ConstraintsRecovery\assets\tankwar\asset9:IF:8-248,asset9,asset9,true,true,true,false,TankWar_P1|TankWar_P2|TankWar_P3|TankWar_P4|TankWar_P5,TankWar_P1|TankWar_P2|TankWar_P3|TankWar_P4|TankWar_P5,EQUAL,4,4,false,false,false,COMMON_TARGET_DEPENDENCY,TARGET_PRESENT_IN_ALL_PRODUCTS,false,LOW,D1548
RC-0753,TankManager$$TankWar.malenkontrolle,METHOD,TankManager$$TankWar.lvl,FIELD,FIELD_REFERENCE,C:\Users\JBNU\git\ConstraintsRecovery\assets\tankwar\asset9:IF:8-248,C:\Users\JBNU\git\ConstraintsRecovery\assets\tankwar\asset9:IF:8-248,asset9,asset9,true,true,true,false,TankWar_P1|TankWar_P2|TankWar_P3|TankWar_P4|TankWar_P5,TankWar_P1|TankWar_P2|TankWar_P3|TankWar_P4|TankWar_P5,EQUAL,2,2,false,false,false,COMMON_TARGET_DEPENDENCY,TARGET_PRESENT_IN_ALL_PRODUCTS,false,LOW,D1541
RC-0754,TankManager$$TankWar.malenkontrolle,METHOD,TankManager$$TankWar.maler,FIELD,FIELD_REFERENCE,C:\Users\JBNU\git\ConstraintsRecovery\assets\tankwar\asset9:IF:8-248,C:\Users\JBNU\git\ConstraintsRecovery\assets\tankwar\asset9:IF:8-248,asset9,asset9,true,true,true,false,TankWar_P1|TankWar_P2|TankWar_P3|TankWar_P4|TankWar_P5,TankWar_P1|TankWar_P2|TankWar_P3|TankWar_P4|TankWar_P5,EQUAL,7,7,false,false,false,COMMON_TARGET_DEPENDENCY,TARGET_PRESENT_IN_ALL_PRODUCTS,false,LOW,D1542
RC-0755,TankManager$$TankWar.malenkontrolle,METHOD,TankManager$$TankWar.status,FIELD,FIELD_REFERENCE,C:\Users\JBNU\git\ConstraintsRecovery\assets\tankwar\asset9:IF:8-248,C:\Users\JBNU\git\ConstraintsRecovery\assets\tankwar\asset9:IF:8-248,asset9,asset9,true,true,true,false,TankWar_P1|TankWar_P2|TankWar_P3|TankWar_P4|TankWar_P5,TankWar_P1|TankWar_P2|TankWar_P3|TankWar_P4|TankWar_P5,EQUAL,1,1,false,false,false,COMMON_TARGET_DEPENDENCY,TARGET_PRESENT_IN_ALL_PRODUCTS,false,LOW,D1539
RC-0756,TankManager$$TankWar.mapLaden,METHOD,TankManager$$TankWar.bPositionX,FIELD,FIELD_REFERENCE,C:\Users\JBNU\git\ConstraintsRecovery\assets\tankwar\asset9:IF:8-248,C:\Users\JBNU\git\ConstraintsRecovery\assets\tankwar\asset9:IF:8-248,asset9,asset9,true,true,true,false,TankWar_P1|TankWar_P2|TankWar_P3|TankWar_P4|TankWar_P5,TankWar_P1|TankWar_P2|TankWar_P3|TankWar_P4|TankWar_P5,EQUAL,1,1,false,false,false,COMMON_TARGET_DEPENDENCY,TARGET_PRESENT_IN_ALL_PRODUCTS,false,LOW,D1617
RC-0757,TankManager$$TankWar.mapLaden,METHOD,TankManager$$TankWar.bPositionY,FIELD,FIELD_REFERENCE,C:\Users\JBNU\git\ConstraintsRecovery\assets\tankwar\asset9:IF:8-248,C:\Users\JBNU\git\ConstraintsRecovery\assets\tankwar\asset9:IF:8-248,asset9,asset9,true,true,true,false,TankWar_P1|TankWar_P2|TankWar_P3|TankWar_P4|TankWar_P5,TankWar_P1|TankWar_P2|TankWar_P3|TankWar_P4|TankWar_P5,EQUAL,1,1,false,false,false,COMMON_TARGET_DEPENDENCY,TARGET_PRESENT_IN_ALL_PRODUCTS,false,LOW,D1619
RC-0758,TankManager$$TankWar.mapLaden,METHOD,TankManager$$TankWar.base,FIELD,FIELD_REFERENCE,C:\Users\JBNU\git\ConstraintsRecovery\assets\tankwar\asset9:IF:8-248,C:\Users\JBNU\git\ConstraintsRecovery\assets\tankwar\asset9:IF:8-248,asset9,asset9,true,true,true,false,TankWar_P1|TankWar_P2|TankWar_P3|TankWar_P4|TankWar_P5,TankWar_P1|TankWar_P2|TankWar_P3|TankWar_P4|TankWar_P5,EQUAL,1,1,false,false,false,COMMON_TARGET_DEPENDENCY,TARGET_PRESENT_IN_ALL_PRODUCTS,false,LOW,D1594
RC-0759,TankManager$$TankWar.mapLaden,METHOD,TankManager$$TankWar.brickwall,FIELD,FIELD_REFERENCE,C:\Users\JBNU\git\ConstraintsRecovery\assets\tankwar\asset9:IF:8-248,C:\Users\JBNU\git\ConstraintsRecovery\assets\tankwar\asset9:IF:8-248,asset9,asset9,true,true,true,false,TankWar_P1|TankWar_P2|TankWar_P3|TankWar_P4|TankWar_P5,TankWar_P1|TankWar_P2|TankWar_P3|TankWar_P4|TankWar_P5,EQUAL,1,1,false,false,false,COMMON_TARGET_DEPENDENCY,TARGET_PRESENT_IN_ALL_PRODUCTS,false,LOW,D1600
RC-0760,TankManager$$TankWar.mapLaden,METHOD,TankManager$$TankWar.enemyPosition,FIELD,FIELD_REFERENCE,C:\Users\JBNU\git\ConstraintsRecovery\assets\tankwar\asset9:IF:8-248,C:\Users\JBNU\git\ConstraintsRecovery\assets\tankwar\asset9:IF:8-248,asset9,asset9,true,true,true,false,TankWar_P1|TankWar_P2|TankWar_P3|TankWar_P4|TankWar_P5,TankWar_P1|TankWar_P2|TankWar_P3|TankWar_P4|TankWar_P5,EQUAL,1,1,false,false,false,COMMON_TARGET_DEPENDENCY,TARGET_PRESENT_IN_ALL_PRODUCTS,false,LOW,D1607
RC-0761,TankManager$$TankWar.mapLaden,METHOD,TankManager$$TankWar.enemyType,FIELD,FIELD_REFERENCE,C:\Users\JBNU\git\ConstraintsRecovery\assets\tankwar\asset9:IF:8-248,C:\Users\JBNU\git\ConstraintsRecovery\assets\tankwar\asset9:IF:8-248,asset9,asset9,true,true,true,false,TankWar_P1|TankWar_P2|TankWar_P3|TankWar_P4|TankWar_P5,TankWar_P1|TankWar_P2|TankWar_P3|TankWar_P4|TankWar_P5,EQUAL,1,1,false,false,false,COMMON_TARGET_DEPENDENCY,TARGET_PRESENT_IN_ALL_PRODUCTS,false,LOW,D1620
RC-0762,TankManager$$TankWar.mapLaden,METHOD,TankManager$$TankWar.grasswall,FIELD,FIELD_REFERENCE,C:\Users\JBNU\git\ConstraintsRecovery\assets\tankwar\asset9:IF:8-248,C:\Users\JBNU\git\ConstraintsRecovery\assets\tankwar\asset9:IF:8-248,asset9,asset9,true,true,true,false,TankWar_P1|TankWar_P2|TankWar_P3|TankWar_P4|TankWar_P5,TankWar_P1|TankWar_P2|TankWar_P3|TankWar_P4|TankWar_P5,EQUAL,1,1,false,false,false,COMMON_TARGET_DEPENDENCY,TARGET_PRESENT_IN_ALL_PRODUCTS,false,LOW,D1604
RC-0763,TankManager$$TankWar.mapLaden,METHOD,TankManager$$TankWar.lvl,FIELD,FIELD_REFERENCE,C:\Users\JBNU\git\ConstraintsRecovery\assets\tankwar\asset9:IF:8-248,C:\Users\JBNU\git\ConstraintsRecovery\assets\tankwar\asset9:IF:8-248,asset9,asset9,true,true,true,false,TankWar_P1|TankWar_P2|TankWar_P3|TankWar_P4|TankWar_P5,TankWar_P1|TankWar_P2|TankWar_P3|TankWar_P4|TankWar_P5,EQUAL,1,1,false,false,false,COMMON_TARGET_DEPENDENCY,TARGET_PRESENT_IN_ALL_PRODUCTS,false,LOW,D1596
RC-0764,TankManager$$TankWar.mapLaden,METHOD,TankManager$$TankWar.mapReady,FIELD,FIELD_REFERENCE,C:\Users\JBNU\git\ConstraintsRecovery\assets\tankwar\asset9:IF:8-248,C:\Users\JBNU\git\ConstraintsRecovery\assets\tankwar\asset9:IF:8-248,asset9,asset9,true,true,true,false,TankWar_P1|TankWar_P2|TankWar_P3|TankWar_P4|TankWar_P5,TankWar_P1|TankWar_P2|TankWar_P3|TankWar_P4|TankWar_P5,EQUAL,1,1,false,false,false,COMMON_TARGET_DEPENDENCY,TARGET_PRESENT_IN_ALL_PRODUCTS,false,LOW,D1598
RC-0765,TankManager$$TankWar.mapLaden,METHOD,TankManager$$TankWar.metalwall,FIELD,FIELD_REFERENCE,C:\Users\JBNU\git\ConstraintsRecovery\assets\tankwar\asset9:IF:8-248,C:\Users\JBNU\git\ConstraintsRecovery\assets\tankwar\asset9:IF:8-248,asset9,asset9,true,true,true,false,TankWar_P1|TankWar_P2|TankWar_P3|TankWar_P4|TankWar_P5,TankWar_P1|TankWar_P2|TankWar_P3|TankWar_P4|TankWar_P5,EQUAL,1,1,false,false,false,COMMON_TARGET_DEPENDENCY,TARGET_PRESENT_IN_ALL_PRODUCTS,false,LOW,D1602
RC-0766,TankManager$$TankWar.mapLaden,METHOD,TankManager$$TankWar.playerPositionX,FIELD,FIELD_REFERENCE,C:\Users\JBNU\git\ConstraintsRecovery\assets\tankwar\asset9:IF:8-248,C:\Users\JBNU\git\ConstraintsRecovery\assets\tankwar\asset9:IF:8-248,asset9,asset9,true,true,true,false,TankWar_P1|TankWar_P2|TankWar_P3|TankWar_P4|TankWar_P5,TankWar_P1|TankWar_P2|TankWar_P3|TankWar_P4|TankWar_P5,EQUAL,1,1,false,false,false,COMMON_TARGET_DEPENDENCY,TARGET_PRESENT_IN_ALL_PRODUCTS,false,LOW,D1609
RC-0767,TankManager$$TankWar.mapLaden,METHOD,TankManager$$TankWar.playerPositionY,FIELD,FIELD_REFERENCE,C:\Users\JBNU\git\ConstraintsRecovery\assets\tankwar\asset9:IF:8-248,C:\Users\JBNU\git\ConstraintsRecovery\assets\tankwar\asset9:IF:8-248,asset9,asset9,true,true,true,false,TankWar_P1|TankWar_P2|TankWar_P3|TankWar_P4|TankWar_P5,TankWar_P1|TankWar_P2|TankWar_P3|TankWar_P4|TankWar_P5,EQUAL,1,1,false,false,false,COMMON_TARGET_DEPENDENCY,TARGET_PRESENT_IN_ALL_PRODUCTS,false,LOW,D1611
RC-0768,TankManager$$TankWar.mapLaden,METHOD,TankManager$$TankWar.tank1,FIELD,FIELD_REFERENCE,C:\Users\JBNU\git\ConstraintsRecovery\assets\tankwar\asset9:IF:8-248,C:\Users\JBNU\git\ConstraintsRecovery\assets\tankwar\asset9:IF:8-248,asset9,asset9,true,true,true,false,TankWar_P1|TankWar_P2|TankWar_P3|TankWar_P4|TankWar_P5,TankWar_P1|TankWar_P2|TankWar_P3|TankWar_P4|TankWar_P5,EQUAL,1,1,false,false,false,COMMON_TARGET_DEPENDENCY,TARGET_PRESENT_IN_ALL_PRODUCTS,false,LOW,D1592
RC-0769,TankManager$$TankWar.mapLaden,METHOD,TankManager$$TankWar.tank2,FIELD,FIELD_REFERENCE,C:\Users\JBNU\git\ConstraintsRecovery\assets\tankwar\asset9:IF:8-248,C:\Users\JBNU\git\ConstraintsRecovery\assets\tankwar\asset9:IF:8-248,asset9,asset9,true,true,true,false,TankWar_P1|TankWar_P2|TankWar_P3|TankWar_P4|TankWar_P5,TankWar_P1|TankWar_P2|TankWar_P3|TankWar_P4|TankWar_P5,EQUAL,1,1,false,false,false,COMMON_TARGET_DEPENDENCY,TARGET_PRESENT_IN_ALL_PRODUCTS,false,LOW,D1593
RC-0770,TankManager$$TankWar.mapLaden,METHOD,TankManager$$TankWar.tankAllNum,FIELD,FIELD_REFERENCE,C:\Users\JBNU\git\ConstraintsRecovery\assets\tankwar\asset9:IF:8-248,C:\Users\JBNU\git\ConstraintsRecovery\assets\tankwar\asset9:IF:8-248,asset9,asset9,true,true,true,false,TankWar_P1|TankWar_P2|TankWar_P3|TankWar_P4|TankWar_P5,TankWar_P1|TankWar_P2|TankWar_P3|TankWar_P4|TankWar_P5,EQUAL,1,1,false,false,false,COMMON_TARGET_DEPENDENCY,TARGET_PRESENT_IN_ALL_PRODUCTS,false,LOW,D1613
RC-0771,TankManager$$TankWar.mapLaden,METHOD,TankManager$$TankWar.tankMaxNum,FIELD,FIELD_REFERENCE,C:\Users\JBNU\git\ConstraintsRecovery\assets\tankwar\asset9:IF:8-248,C:\Users\JBNU\git\ConstraintsRecovery\assets\tankwar\asset9:IF:8-248,asset9,asset9,true,true,true,false,TankWar_P1|TankWar_P2|TankWar_P3|TankWar_P4|TankWar_P5,TankWar_P1|TankWar_P2|TankWar_P3|TankWar_P4|TankWar_P5,EQUAL,1,1,false,false,false,COMMON_TARGET_DEPENDENCY,TARGET_PRESENT_IN_ALL_PRODUCTS,false,LOW,D1615
RC-0772,TankManager$$TankWar.mapLaden,METHOD,TankManager$$TankWar.tankMenge,FIELD,FIELD_REFERENCE,C:\Users\JBNU\git\ConstraintsRecovery\assets\tankwar\asset9:IF:8-248,C:\Users\JBNU\git\ConstraintsRecovery\assets\tankwar\asset9:IF:8-248,asset9,asset9,true,true,true,false,TankWar_P1|TankWar_P2|TankWar_P3|TankWar_P4|TankWar_P5,TankWar_P1|TankWar_P2|TankWar_P3|TankWar_P4|TankWar_P5,EQUAL,1,1,false,false,false,COMMON_TARGET_DEPENDENCY,TARGET_PRESENT_IN_ALL_PRODUCTS,false,LOW,D1591
RC-0773,TankManager$$TankWar.mapLaden,METHOD,TankManager$$TankWar.waterwall,FIELD,FIELD_REFERENCE,C:\Users\JBNU\git\ConstraintsRecovery\assets\tankwar\asset9:IF:8-248,C:\Users\JBNU\git\ConstraintsRecovery\assets\tankwar\asset9:IF:8-248,asset9,asset9,true,true,true,false,TankWar_P1|TankWar_P2|TankWar_P3|TankWar_P4|TankWar_P5,TankWar_P1|TankWar_P2|TankWar_P3|TankWar_P4|TankWar_P5,EQUAL,1,1,false,false,false,COMMON_TARGET_DEPENDENCY,TARGET_PRESENT_IN_ALL_PRODUCTS,false,LOW,D1606
RC-0774,TankManager$$TankWar.setStatus,METHOD,TankManager$$TankWar.status,FIELD,FIELD_REFERENCE,C:\Users\JBNU\git\ConstraintsRecovery\assets\tankwar\asset9:IF:8-248,C:\Users\JBNU\git\ConstraintsRecovery\assets\tankwar\asset9:IF:8-248,asset9,asset9,true,true,true,false,TankWar_P1|TankWar_P2|TankWar_P3|TankWar_P4|TankWar_P5,TankWar_P1|TankWar_P2|TankWar_P3|TankWar_P4|TankWar_P5,EQUAL,1,1,false,false,false,COMMON_TARGET_DEPENDENCY,TARGET_PRESENT_IN_ALL_PRODUCTS,false,LOW,D1589
RC-0775,TankManager$$TankWar.tanksLaden,METHOD,TankManager$$TankWar.bPositionX,FIELD,FIELD_REFERENCE,C:\Users\JBNU\git\ConstraintsRecovery\assets\tankwar\asset9:IF:8-248,C:\Users\JBNU\git\ConstraintsRecovery\assets\tankwar\asset9:IF:8-248,asset9,asset9,true,true,true,false,TankWar_P1|TankWar_P2|TankWar_P3|TankWar_P4|TankWar_P5,TankWar_P1|TankWar_P2|TankWar_P3|TankWar_P4|TankWar_P5,EQUAL,2,2,false,false,false,COMMON_TARGET_DEPENDENCY,TARGET_PRESENT_IN_ALL_PRODUCTS,false,LOW,D1631
RC-0776,TankManager$$TankWar.tanksLaden,METHOD,TankManager$$TankWar.bPositionY,FIELD,FIELD_REFERENCE,C:\Users\JBNU\git\ConstraintsRecovery\assets\tankwar\asset9:IF:8-248,C:\Users\JBNU\git\ConstraintsRecovery\assets\tankwar\asset9:IF:8-248,asset9,asset9,true,true,true,false,TankWar_P1|TankWar_P2|TankWar_P3|TankWar_P4|TankWar_P5,TankWar_P1|TankWar_P2|TankWar_P3|TankWar_P4|TankWar_P5,EQUAL,1,1,false,false,false,COMMON_TARGET_DEPENDENCY,TARGET_PRESENT_IN_ALL_PRODUCTS,false,LOW,D1634
RC-0777,TankManager$$TankWar.tanksLaden,METHOD,TankManager$$TankWar.base,FIELD,FIELD_REFERENCE,C:\Users\JBNU\git\ConstraintsRecovery\assets\tankwar\asset9:IF:8-248,C:\Users\JBNU\git\ConstraintsRecovery\assets\tankwar\asset9:IF:8-248,asset9,asset9,true,true,true,false,TankWar_P1|TankWar_P2|TankWar_P3|TankWar_P4|TankWar_P5,TankWar_P1|TankWar_P2|TankWar_P3|TankWar_P4|TankWar_P5,EQUAL,2,2,false,false,false,COMMON_TARGET_DEPENDENCY,TARGET_PRESENT_IN_ALL_PRODUCTS,false,LOW,D1632
RC-0778,TankManager$$TankWar.tanksLaden,METHOD,TankManager$$TankWar.enemyPosition,FIELD,FIELD_REFERENCE,C:\Users\JBNU\git\ConstraintsRecovery\assets\tankwar\asset9:IF:8-248,C:\Users\JBNU\git\ConstraintsRecovery\assets\tankwar\asset9:IF:8-248,asset9,asset9,true,true,true,false,TankWar_P1|TankWar_P2|TankWar_P3|TankWar_P4|TankWar_P5,TankWar_P1|TankWar_P2|TankWar_P3|TankWar_P4|TankWar_P5,EQUAL,2,2,false,false,false,COMMON_TARGET_DEPENDENCY,TARGET_PRESENT_IN_ALL_PRODUCTS,false,LOW,D1622
RC-0779,TankManager$$TankWar.tanksLaden,METHOD,TankManager$$TankWar.enemyType,FIELD,FIELD_REFERENCE,C:\Users\JBNU\git\ConstraintsRecovery\assets\tankwar\asset9:IF:8-248,C:\Users\JBNU\git\ConstraintsRecovery\assets\tankwar\asset9:IF:8-248,asset9,asset9,true,true,true,false,TankWar_P1|TankWar_P2|TankWar_P3|TankWar_P4|TankWar_P5,TankWar_P1|TankWar_P2|TankWar_P3|TankWar_P4|TankWar_P5,EQUAL,2,2,false,false,false,COMMON_TARGET_DEPENDENCY,TARGET_PRESENT_IN_ALL_PRODUCTS,false,LOW,D1623
RC-0780,TankManager$$TankWar.tanksLaden,METHOD,TankManager$$TankWar.maler,FIELD,FIELD_REFERENCE,C:\Users\JBNU\git\ConstraintsRecovery\assets\tankwar\asset9:IF:8-248,C:\Users\JBNU\git\ConstraintsRecovery\assets\tankwar\asset9:IF:8-248,asset9,asset9,true,true,true,false,TankWar_P1|TankWar_P2|TankWar_P3|TankWar_P4|TankWar_P5,TankWar_P1|TankWar_P2|TankWar_P3|TankWar_P4|TankWar_P5,EQUAL,1,1,false,false,false,COMMON_TARGET_DEPENDENCY,TARGET_PRESENT_IN_ALL_PRODUCTS,false,LOW,D1625
RC-0781,TankManager$$TankWar.tanksLaden,METHOD,TankManager$$TankWar.mapReady,FIELD,FIELD_REFERENCE,C:\Users\JBNU\git\ConstraintsRecovery\assets\tankwar\asset9:IF:8-248,C:\Users\JBNU\git\ConstraintsRecovery\assets\tankwar\asset9:IF:8-248,asset9,asset9,true,true,true,false,TankWar_P1|TankWar_P2|TankWar_P3|TankWar_P4|TankWar_P5,TankWar_P1|TankWar_P2|TankWar_P3|TankWar_P4|TankWar_P5,EQUAL,1,1,false,false,false,COMMON_TARGET_DEPENDENCY,TARGET_PRESENT_IN_ALL_PRODUCTS,false,LOW,D1621
RC-0782,TankManager$$TankWar.tanksLaden,METHOD,TankManager$$TankWar.playerPositionX,FIELD,FIELD_REFERENCE,C:\Users\JBNU\git\ConstraintsRecovery\assets\tankwar\asset9:IF:8-248,C:\Users\JBNU\git\ConstraintsRecovery\assets\tankwar\asset9:IF:8-248,asset9,asset9,true,true,true,false,TankWar_P1|TankWar_P2|TankWar_P3|TankWar_P4|TankWar_P5,TankWar_P1|TankWar_P2|TankWar_P3|TankWar_P4|TankWar_P5,EQUAL,1,1,false,false,false,COMMON_TARGET_DEPENDENCY,TARGET_PRESENT_IN_ALL_PRODUCTS,false,LOW,D1627
RC-0783,TankManager$$TankWar.tanksLaden,METHOD,TankManager$$TankWar.playerPositionY,FIELD,FIELD_REFERENCE,C:\Users\JBNU\git\ConstraintsRecovery\assets\tankwar\asset9:IF:8-248,C:\Users\JBNU\git\ConstraintsRecovery\assets\tankwar\asset9:IF:8-248,asset9,asset9,true,true,true,false,TankWar_P1|TankWar_P2|TankWar_P3|TankWar_P4|TankWar_P5,TankWar_P1|TankWar_P2|TankWar_P3|TankWar_P4|TankWar_P5,EQUAL,1,1,false,false,false,COMMON_TARGET_DEPENDENCY,TARGET_PRESENT_IN_ALL_PRODUCTS,false,LOW,D1628
RC-0784,TankManager$$TankWar.tanksLaden,METHOD,TankManager$$TankWar.random,FIELD,FIELD_REFERENCE,C:\Users\JBNU\git\ConstraintsRecovery\assets\tankwar\asset9:IF:8-248,C:\Users\JBNU\git\ConstraintsRecovery\assets\tankwar\asset9:IF:8-248,asset9,asset9,true,true,true,false,TankWar_P1|TankWar_P2|TankWar_P3|TankWar_P4|TankWar_P5,TankWar_P1|TankWar_P2|TankWar_P3|TankWar_P4|TankWar_P5,EQUAL,1,1,false,false,false,COMMON_TARGET_DEPENDENCY,TARGET_PRESENT_IN_ALL_PRODUCTS,false,LOW,D1637
RC-0785,TankManager$$TankWar.tanksLaden,METHOD,TankManager$$TankWar.tank1,FIELD,FIELD_REFERENCE,C:\Users\JBNU\git\ConstraintsRecovery\assets\tankwar\asset9:IF:8-248,C:\Users\JBNU\git\ConstraintsRecovery\assets\tankwar\asset9:IF:8-248,asset9,asset9,true,true,true,false,TankWar_P1|TankWar_P2|TankWar_P3|TankWar_P4|TankWar_P5,TankWar_P1|TankWar_P2|TankWar_P3|TankWar_P4|TankWar_P5,EQUAL,2,2,false,false,false,COMMON_TARGET_DEPENDENCY,TARGET_PRESENT_IN_ALL_PRODUCTS,false,LOW,D1626
RC-0786,TankManager$$TankWar.tanksLaden,METHOD,TankManager$$TankWar.tankAllNum,FIELD,FIELD_REFERENCE,C:\Users\JBNU\git\ConstraintsRecovery\assets\tankwar\asset9:IF:8-248,C:\Users\JBNU\git\ConstraintsRecovery\assets\tankwar\asset9:IF:8-248,asset9,asset9,true,true,true,false,TankWar_P1|TankWar_P2|TankWar_P3|TankWar_P4|TankWar_P5,TankWar_P1|TankWar_P2|TankWar_P3|TankWar_P4|TankWar_P5,EQUAL,1,1,false,false,false,COMMON_TARGET_DEPENDENCY,TARGET_PRESENT_IN_ALL_PRODUCTS,false,LOW,D1641
RC-0787,TankManager$$TankWar.tanksLaden,METHOD,TankManager$$TankWar.tankMenge,FIELD,FIELD_REFERENCE,C:\Users\JBNU\git\ConstraintsRecovery\assets\tankwar\asset9:IF:8-248,C:\Users\JBNU\git\ConstraintsRecovery\assets\tankwar\asset9:IF:8-248,asset9,asset9,true,true,true,false,TankWar_P1|TankWar_P2|TankWar_P3|TankWar_P4|TankWar_P5,TankWar_P1|TankWar_P2|TankWar_P3|TankWar_P4|TankWar_P5,EQUAL,3,3,false,false,false,COMMON_TARGET_DEPENDENCY,TARGET_PRESENT_IN_ALL_PRODUCTS,false,LOW,D1630
