relation_id,relation_type,source_entity_id,target_text,file,line,group_id,signature,resolution_status,failure_reason,observed_products
"R16","METHOD_CALL","E10","init","C:\Users\JBNU\git\ConstraintsRecovery\assets\tankwar\asset1",20,"G4","TankWar_P1|TankWar_P2|TankWar_P3|TankWar_P4|TankWar_P5","AMBIGUOUS","ambiguous target","TankWar_P1|TankWar_P2|TankWar_P3|TankWar_P4|TankWar_P5"
"R20","FIELD_REFERENCE","E11","tankManager","C:\Users\JBNU\git\ConstraintsRecovery\assets\tankwar\asset1",23,"G4","TankWar_P1|TankWar_P2|TankWar_P3|TankWar_P4|TankWar_P5","AMBIGUOUS","ambiguous target","TankWar_P1|TankWar_P2|TankWar_P3|TankWar_P4|TankWar_P5"
"R29","METHOD_CALL","E11","hashCode","C:\Users\JBNU\git\ConstraintsRecovery\assets\tankwar\asset1",27,"G4","TankWar_P1|TankWar_P2|TankWar_P3|TankWar_P4|TankWar_P5","UNRESOLVED","unresolved target","TankWar_P1|TankWar_P2|TankWar_P3|TankWar_P4|TankWar_P5"
"R82","METHOD_CALL","E11","currentTimeMillis","C:\Users\JBNU\git\ConstraintsRecovery\assets\tankwar\asset1",64,"G4","TankWar_P1|TankWar_P2|TankWar_P3|TankWar_P4|TankWar_P5","RESOLVED_EXTERNAL","external target","TankWar_P1|TankWar_P2|TankWar_P3|TankWar_P4|TankWar_P5"
"R90","METHOD_CALL","E12","currentTimeMillis","C:\Users\JBNU\git\ConstraintsRecovery\assets\tankwar\asset1",69,"G4","TankWar_P1|TankWar_P2|TankWar_P3|TankWar_P4|TankWar_P5","RESOLVED_EXTERNAL","external target","TankWar_P1|TankWar_P2|TankWar_P3|TankWar_P4|TankWar_P5"
"R93","FIELD_REFERENCE","E12","EXIT","C:\Users\JBNU\git\ConstraintsRecovery\assets\tankwar\asset1",71,"G4","TankWar_P1|TankWar_P2|TankWar_P3|TankWar_P4|TankWar_P5","AMBIGUOUS","ambiguous target","TankWar_P1|TankWar_P2|TankWar_P3|TankWar_P4|TankWar_P5"
"R94","FIELD_REFERENCE","E12","PAUSE","C:\Users\JBNU\git\ConstraintsRecovery\assets\tankwar\asset1",71,"G4","TankWar_P1|TankWar_P2|TankWar_P3|TankWar_P4|TankWar_P5","AMBIGUOUS","ambiguous target","TankWar_P1|TankWar_P2|TankWar_P3|TankWar_P4|TankWar_P5"
"R95","FIELD_REFERENCE","E12","status","C:\Users\JBNU\git\ConstraintsRecovery\assets\tankwar\asset1",71,"G4","TankWar_P1|TankWar_P2|TankWar_P3|TankWar_P4|TankWar_P5","AMBIGUOUS","ambiguous target","TankWar_P1|TankWar_P2|TankWar_P3|TankWar_P4|TankWar_P5"
"R97","FIELD_REFERENCE","E12","maler","C:\Users\JBNU\git\ConstraintsRecovery\assets\tankwar\asset1",75,"G4","TankWar_P1|TankWar_P2|TankWar_P3|TankWar_P4|TankWar_P5","AMBIGUOUS","ambiguous target","TankWar_P1|TankWar_P2|TankWar_P3|TankWar_P4|TankWar_P5"
"R99","FIELD_REFERENCE","E12","maler","C:\Users\JBNU\git\ConstraintsRecovery\assets\tankwar\asset1",76,"G4","TankWar_P1|TankWar_P2|TankWar_P3|TankWar_P4|TankWar_P5","AMBIGUOUS","ambiguous target","TankWar_P1|TankWar_P2|TankWar_P3|TankWar_P4|TankWar_P5"
"R126","METHOD_CALL","E13","removeElement","C:\Users\JBNU\git\ConstraintsRecovery\assets\tankwar\asset1",98,"G4","TankWar_P1|TankWar_P2|TankWar_P3|TankWar_P4|TankWar_P5","UNRESOLVED","unresolved target","TankWar_P1|TankWar_P2|TankWar_P3|TankWar_P4|TankWar_P5"
"R130","METHOD_CALL","E14","size","C:\Users\JBNU\git\ConstraintsRecovery\assets\tankwar\asset1",103,"G4","TankWar_P1|TankWar_P2|TankWar_P3|TankWar_P4|TankWar_P5","UNRESOLVED","unresolved target","TankWar_P1|TankWar_P2|TankWar_P3|TankWar_P4|TankWar_P5"
"R134","METHOD_CALL","E14","elementAt","C:\Users\JBNU\git\ConstraintsRecovery\assets\tankwar\asset1",104,"G4","TankWar_P1|TankWar_P2|TankWar_P3|TankWar_P4|TankWar_P5","UNRESOLVED","unresolved target","TankWar_P1|TankWar_P2|TankWar_P3|TankWar_P4|TankWar_P5"
"R135","METHOD_CALL","E14","stossenGegen","C:\Users\JBNU\git\ConstraintsRecovery\assets\tankwar\asset1",104,"G4","TankWar_P1|TankWar_P2|TankWar_P3|TankWar_P4|TankWar_P5","AMBIGUOUS","ambiguous target","TankWar_P1|TankWar_P2|TankWar_P3|TankWar_P4|TankWar_P5"
"R142","METHOD_CALL","E14","beschaedigen","C:\Users\JBNU\git\ConstraintsRecovery\assets\tankwar\asset1",105,"G4","TankWar_P1|TankWar_P2|TankWar_P3|TankWar_P4|TankWar_P5","AMBIGUOUS","ambiguous target","TankWar_P1|TankWar_P2|TankWar_P3|TankWar_P4|TankWar_P5"
"R143","METHOD_CALL","E14","elementAt","C:\Users\JBNU\git\ConstraintsRecovery\assets\tankwar\asset1",105,"G4","TankWar_P1|TankWar_P2|TankWar_P3|TankWar_P4|TankWar_P5","UNRESOLVED","unresolved target","TankWar_P1|TankWar_P2|TankWar_P3|TankWar_P4|TankWar_P5"
"R147","METHOD_CALL","E14","size","C:\Users\JBNU\git\ConstraintsRecovery\assets\tankwar\asset1",110,"G4","TankWar_P1|TankWar_P2|TankWar_P3|TankWar_P4|TankWar_P5","UNRESOLVED","unresolved target","TankWar_P1|TankWar_P2|TankWar_P3|TankWar_P4|TankWar_P5"
"R151","METHOD_CALL","E14","elementAt","C:\Users\JBNU\git\ConstraintsRecovery\assets\tankwar\asset1",111,"G4","TankWar_P1|TankWar_P2|TankWar_P3|TankWar_P4|TankWar_P5","UNRESOLVED","unresolved target","TankWar_P1|TankWar_P2|TankWar_P3|TankWar_P4|TankWar_P5"
"R152","METHOD_CALL","E14","stossenGegen","C:\Users\JBNU\git\ConstraintsRecovery\assets\tankwar\asset1",111,"G4","TankWar_P1|TankWar_P2|TankWar_P3|TankWar_P4|TankWar_P5","AMBIGUOUS","ambiguous target","TankWar_P1|TankWar_P2|TankWar_P3|TankWar_P4|TankWar_P5"
"R156","METHOD_CALL","E14","elementAt","C:\Users\JBNU\git\ConstraintsRecovery\assets\tankwar\asset1",112,"G4","TankWar_P1|TankWar_P2|TankWar_P3|TankWar_P4|TankWar_P5","UNRESOLVED","unresolved target","TankWar_P1|TankWar_P2|TankWar_P3|TankWar_P4|TankWar_P5"
"R157","METHOD_CALL","E14","explodieren","C:\Users\JBNU\git\ConstraintsRecovery\assets\tankwar\asset1",112,"G4","TankWar_P1|TankWar_P2|TankWar_P3|TankWar_P4|TankWar_P5","AMBIGUOUS","ambiguous target","TankWar_P1|TankWar_P2|TankWar_P3|TankWar_P4|TankWar_P5"
"R161","METHOD_CALL","E14","stossenGegen","C:\Users\JBNU\git\ConstraintsRecovery\assets\tankwar\asset1",117,"G4","TankWar_P1|TankWar_P2|TankWar_P3|TankWar_P4|TankWar_P5","AMBIGUOUS","ambiguous target","TankWar_P1|TankWar_P2|TankWar_P3|TankWar_P4|TankWar_P5"
"R164","METHOD_CALL","E14","stossenGegen","C:\Users\JBNU\git\ConstraintsRecovery\assets\tankwar\asset1",119,"G4","TankWar_P1|TankWar_P2|TankWar_P3|TankWar_P4|TankWar_P5","AMBIGUOUS","ambiguous target","TankWar_P1|TankWar_P2|TankWar_P3|TankWar_P4|TankWar_P5"
"R167","METHOD_CALL","E15","removeElement","C:\Users\JBNU\git\ConstraintsRecovery\assets\tankwar\asset1",123,"G4","TankWar_P1|TankWar_P2|TankWar_P3|TankWar_P4|TankWar_P5","UNRESOLVED","unresolved target","TankWar_P1|TankWar_P2|TankWar_P3|TankWar_P4|TankWar_P5"
"R170","METHOD_CALL","E16","removeElement","C:\Users\JBNU\git\ConstraintsRecovery\assets\tankwar\asset1",126,"G4","TankWar_P1|TankWar_P2|TankWar_P3|TankWar_P4|TankWar_P5","UNRESOLVED","unresolved target","TankWar_P1|TankWar_P2|TankWar_P3|TankWar_P4|TankWar_P5"
"R175","CONSTRUCTOR_CALL","E18","super","C:\Users\JBNU\git\ConstraintsRecovery\assets\tankwar\asset10",16,"G4","TankWar_P1|TankWar_P2|TankWar_P3|TankWar_P4|TankWar_P5","UNRESOLVED","unresolved target","TankWar_P1|TankWar_P2|TankWar_P3|TankWar_P4|TankWar_P5"
"R176","METHOD_CALL","E19","currentTimeMillis","C:\Users\JBNU\git\ConstraintsRecovery\assets\tankwar\asset10",19,"G4","TankWar_P1|TankWar_P2|TankWar_P3|TankWar_P4|TankWar_P5","RESOLVED_EXTERNAL","external target","TankWar_P1|TankWar_P2|TankWar_P3|TankWar_P4|TankWar_P5"
"R178","FIELD_REFERENCE","E19","EXIT","C:\Users\JBNU\git\ConstraintsRecovery\assets\tankwar\asset10",22,"G4","TankWar_P1|TankWar_P2|TankWar_P3|TankWar_P4|TankWar_P5","AMBIGUOUS","ambiguous target","TankWar_P1|TankWar_P2|TankWar_P3|TankWar_P4|TankWar_P5"
"R179","FIELD_REFERENCE","E19","PAUSE","C:\Users\JBNU\git\ConstraintsRecovery\assets\tankwar\asset10",22,"G4","TankWar_P1|TankWar_P2|TankWar_P3|TankWar_P4|TankWar_P5","AMBIGUOUS","ambiguous target","TankWar_P1|TankWar_P2|TankWar_P3|TankWar_P4|TankWar_P5"
"R180","FIELD_REFERENCE","E19","status","C:\Users\JBNU\git\ConstraintsRecovery\assets\tankwar\asset10",22,"G4","TankWar_P1|TankWar_P2|TankWar_P3|TankWar_P4|TankWar_P5","AMBIGUOUS","ambiguous target","TankWar_P1|TankWar_P2|TankWar_P3|TankWar_P4|TankWar_P5"
"R182","METHOD_CALL","E19","koordinateAktualisieren","C:\Users\JBNU\git\ConstraintsRecovery\assets\tankwar\asset10",35,"G4","TankWar_P1|TankWar_P2|TankWar_P3|TankWar_P4|TankWar_P5","AMBIGUOUS","ambiguous target","TankWar_P1|TankWar_P2|TankWar_P3|TankWar_P4|TankWar_P5"
"R183","METHOD_CALL","E19","tankMalen","C:\Users\JBNU\git\ConstraintsRecovery\assets\tankwar\asset10",36,"G4","TankWar_P1|TankWar_P2|TankWar_P3|TankWar_P4|TankWar_P5","AMBIGUOUS","ambiguous target","TankWar_P1|TankWar_P2|TankWar_P3|TankWar_P4|TankWar_P5"
"R185","CONSTRUCTOR_CALL","E23","Vector","C:\Users\JBNU\git\ConstraintsRecovery\assets\tankwar\asset11",12,"G4","TankWar_P1|TankWar_P2|TankWar_P3|TankWar_P4|TankWar_P5","RESOLVED_EXTERNAL","external target","TankWar_P1|TankWar_P2|TankWar_P3|TankWar_P4|TankWar_P5"
"R187","CONSTRUCTOR_CALL","E24","Vector","C:\Users\JBNU\git\ConstraintsRecovery\assets\tankwar\asset11",13,"G4","TankWar_P1|TankWar_P2|TankWar_P3|TankWar_P4|TankWar_P5","RESOLVED_EXTERNAL","external target","TankWar_P1|TankWar_P2|TankWar_P3|TankWar_P4|TankWar_P5"
"R189","CONSTRUCTOR_CALL","E25","Vector","C:\Users\JBNU\git\ConstraintsRecovery\assets\tankwar\asset11",14,"G4","TankWar_P1|TankWar_P2|TankWar_P3|TankWar_P4|TankWar_P5","RESOLVED_EXTERNAL","external target","TankWar_P1|TankWar_P2|TankWar_P3|TankWar_P4|TankWar_P5"
"R191","CONSTRUCTOR_CALL","E26","Vector","C:\Users\JBNU\git\ConstraintsRecovery\assets\tankwar\asset11",15,"G4","TankWar_P1|TankWar_P2|TankWar_P3|TankWar_P4|TankWar_P5","RESOLVED_EXTERNAL","external target","TankWar_P1|TankWar_P2|TankWar_P3|TankWar_P4|TankWar_P5"
"R193","CONSTRUCTOR_CALL","E27","Vector","C:\Users\JBNU\git\ConstraintsRecovery\assets\tankwar\asset11",16,"G4","TankWar_P1|TankWar_P2|TankWar_P3|TankWar_P4|TankWar_P5","RESOLVED_EXTERNAL","external target","TankWar_P1|TankWar_P2|TankWar_P3|TankWar_P4|TankWar_P5"
"R195","CONSTRUCTOR_CALL","E28","Vector","C:\Users\JBNU\git\ConstraintsRecovery\assets\tankwar\asset11",17,"G4","TankWar_P1|TankWar_P2|TankWar_P3|TankWar_P4|TankWar_P5","RESOLVED_EXTERNAL","external target","TankWar_P1|TankWar_P2|TankWar_P3|TankWar_P4|TankWar_P5"
"R240","METHOD_CALL","E57","getClassLoader","C:\Users\JBNU\git\ConstraintsRecovery\assets\tankwar\asset11",60,"G4","TankWar_P1|TankWar_P2|TankWar_P3|TankWar_P4|TankWar_P5","UNRESOLVED","unresolved target","TankWar_P1|TankWar_P2|TankWar_P3|TankWar_P4|TankWar_P5"
"R241","METHOD_CALL","E57","getResourceAsStream","C:\Users\JBNU\git\ConstraintsRecovery\assets\tankwar\asset11",60,"G4","TankWar_P1|TankWar_P2|TankWar_P3|TankWar_P4|TankWar_P5","UNRESOLVED","unresolved target","TankWar_P1|TankWar_P2|TankWar_P3|TankWar_P4|TankWar_P5"
"R243","METHOD_CALL","E57","read","C:\Users\JBNU\git\ConstraintsRecovery\assets\tankwar\asset11",61,"G4","TankWar_P1|TankWar_P2|TankWar_P3|TankWar_P4|TankWar_P5","RESOLVED_EXTERNAL","external target","TankWar_P1|TankWar_P2|TankWar_P3|TankWar_P4|TankWar_P5"
"R244","METHOD_CALL","E57","close","C:\Users\JBNU\git\ConstraintsRecovery\assets\tankwar\asset11",62,"G4","TankWar_P1|TankWar_P2|TankWar_P3|TankWar_P4|TankWar_P5","RESOLVED_EXTERNAL","external target","TankWar_P1|TankWar_P2|TankWar_P3|TankWar_P4|TankWar_P5"
"R245","CONSTRUCTOR_CALL","E57","String","C:\Users\JBNU\git\ConstraintsRecovery\assets\tankwar\asset11",63,"G4","TankWar_P1|TankWar_P2|TankWar_P3|TankWar_P4|TankWar_P5","RESOLVED_EXTERNAL","external target","TankWar_P1|TankWar_P2|TankWar_P3|TankWar_P4|TankWar_P5"
"R251","METHOD_CALL","E57","println","C:\Users\JBNU\git\ConstraintsRecovery\assets\tankwar\asset11",70,"G4","TankWar_P1|TankWar_P2|TankWar_P3|TankWar_P4|TankWar_P5","RESOLVED_EXTERNAL","external target","TankWar_P1|TankWar_P2|TankWar_P3|TankWar_P4|TankWar_P5"
"R252","METHOD_CALL","E57","toCharArray","C:\Users\JBNU\git\ConstraintsRecovery\assets\tankwar\asset11",71,"G4","TankWar_P1|TankWar_P2|TankWar_P3|TankWar_P4|TankWar_P5","RESOLVED_EXTERNAL","external target","TankWar_P1|TankWar_P2|TankWar_P3|TankWar_P4|TankWar_P5"
"R258","METHOD_CALL","E57","println","C:\Users\JBNU\git\ConstraintsRecovery\assets\tankwar\asset11",75,"G4","TankWar_P1|TankWar_P2|TankWar_P3|TankWar_P4|TankWar_P5","RESOLVED_EXTERNAL","external target","TankWar_P1|TankWar_P2|TankWar_P3|TankWar_P4|TankWar_P5"
"R274","METHOD_CALL","E57","addElement","C:\Users\JBNU\git\ConstraintsRecovery\assets\tankwar\asset11",82,"G4","TankWar_P1|TankWar_P2|TankWar_P3|TankWar_P4|TankWar_P5","UNRESOLVED","unresolved target","TankWar_P1|TankWar_P2|TankWar_P3|TankWar_P4|TankWar_P5"
"R291","METHOD_CALL","E57","addElement","C:\Users\JBNU\git\ConstraintsRecovery\assets\tankwar\asset11",89,"G4","TankWar_P1|TankWar_P2|TankWar_P3|TankWar_P4|TankWar_P5","UNRESOLVED","unresolved target","TankWar_P1|TankWar_P2|TankWar_P3|TankWar_P4|TankWar_P5"
"R308","METHOD_CALL","E57","addElement","C:\Users\JBNU\git\ConstraintsRecovery\assets\tankwar\asset11",96,"G4","TankWar_P1|TankWar_P2|TankWar_P3|TankWar_P4|TankWar_P5","UNRESOLVED","unresolved target","TankWar_P1|TankWar_P2|TankWar_P3|TankWar_P4|TankWar_P5"
"R325","METHOD_CALL","E57","addElement","C:\Users\JBNU\git\ConstraintsRecovery\assets\tankwar\asset11",103,"G4","TankWar_P1|TankWar_P2|TankWar_P3|TankWar_P4|TankWar_P5","UNRESOLVED","unresolved target","TankWar_P1|TankWar_P2|TankWar_P3|TankWar_P4|TankWar_P5"
"R329","CONSTRUCTOR_CALL","E57","Integer","C:\Users\JBNU\git\ConstraintsRecovery\assets\tankwar\asset11",107,"G4","TankWar_P1|TankWar_P2|TankWar_P3|TankWar_P4|TankWar_P5","RESOLVED_EXTERNAL","external target","TankWar_P1|TankWar_P2|TankWar_P3|TankWar_P4|TankWar_P5"
"R333","METHOD_CALL","E57","addElement","C:\Users\JBNU\git\ConstraintsRecovery\assets\tankwar\asset11",108,"G4","TankWar_P1|TankWar_P2|TankWar_P3|TankWar_P4|TankWar_P5","RESOLVED_EXTERNAL","external target","TankWar_P1|TankWar_P2|TankWar_P3|TankWar_P4|TankWar_P5"
"R340","CONSTRUCTOR_CALL","E57","Integer","C:\Users\JBNU\git\ConstraintsRecovery\assets\tankwar\asset11",118,"G4","TankWar_P1|TankWar_P2|TankWar_P3|TankWar_P4|TankWar_P5","RESOLVED_EXTERNAL","external target","TankWar_P1|TankWar_P2|TankWar_P3|TankWar_P4|TankWar_P5"
"R344","METHOD_CALL","E57","addElement","C:\Users\JBNU\git\ConstraintsRecovery\assets\tankwar\asset11",119,"G4","TankWar_P1|TankWar_P2|TankWar_P3|TankWar_P4|TankWar_P5","RESOLVED_EXTERNAL","external target","TankWar_P1|TankWar_P2|TankWar_P3|TankWar_P4|TankWar_P5"
"R353","EXTENDS","E59","Maler$$M_600","C:\Users\JBNU\git\ConstraintsRecovery\assets\tankwar\asset13",28,"G10","TankWar_P1|TankWar_P4|TankWar_P5","AMBIGUOUS","ambiguous target","TankWar_P1|TankWar_P4|TankWar_P5"
"R356","CONSTRUCTOR_CALL","E62","HashMap","C:\Users\JBNU\git\ConstraintsRecovery\assets\tankwar\asset13",35,"G4","TankWar_P1|TankWar_P2|TankWar_P3|TankWar_P4|TankWar_P5","RESOLVED_EXTERNAL","external target","TankWar_P1|TankWar_P2|TankWar_P3|TankWar_P4|TankWar_P5"
"R360","CONSTRUCTOR_CALL","E63","super","C:\Users\JBNU\git\ConstraintsRecovery\assets\tankwar\asset13",37,"G4","TankWar_P1|TankWar_P2|TankWar_P3|TankWar_P4|TankWar_P5","UNRESOLVED","unresolved target","TankWar_P1|TankWar_P2|TankWar_P3|TankWar_P4|TankWar_P5"
"R366","METHOD_CALL","E64","get","C:\Users\JBNU\git\ConstraintsRecovery\assets\tankwar\asset13",42,"G4","TankWar_P1|TankWar_P2|TankWar_P3|TankWar_P4|TankWar_P5","RESOLVED_EXTERNAL","external target","TankWar_P1|TankWar_P2|TankWar_P3|TankWar_P4|TankWar_P5"
"R370","METHOD_CALL","E64","println","C:\Users\JBNU\git\ConstraintsRecovery\assets\tankwar\asset13",46,"G4","TankWar_P1|TankWar_P2|TankWar_P3|TankWar_P4|TankWar_P5","RESOLVED_EXTERNAL","external target","TankWar_P1|TankWar_P2|TankWar_P3|TankWar_P4|TankWar_P5"
"R371","METHOD_CALL","E64","equals","C:\Users\JBNU\git\ConstraintsRecovery\assets\tankwar\asset13",48,"G4","TankWar_P1|TankWar_P2|TankWar_P3|TankWar_P4|TankWar_P5","RESOLVED_EXTERNAL","external target","TankWar_P1|TankWar_P2|TankWar_P3|TankWar_P4|TankWar_P5"
"R373","METHOD_CALL","E64","equals","C:\Users\JBNU\git\ConstraintsRecovery\assets\tankwar\asset13",51,"G4","TankWar_P1|TankWar_P2|TankWar_P3|TankWar_P4|TankWar_P5","RESOLVED_EXTERNAL","external target","TankWar_P1|TankWar_P2|TankWar_P3|TankWar_P4|TankWar_P5"
"R375","METHOD_CALL","E64","equals","C:\Users\JBNU\git\ConstraintsRecovery\assets\tankwar\asset13",54,"G4","TankWar_P1|TankWar_P2|TankWar_P3|TankWar_P4|TankWar_P5","RESOLVED_EXTERNAL","external target","TankWar_P1|TankWar_P2|TankWar_P3|TankWar_P4|TankWar_P5"
"R377","METHOD_CALL","E64","equals","C:\Users\JBNU\git\ConstraintsRecovery\assets\tankwar\asset13",57,"G4","TankWar_P1|TankWar_P2|TankWar_P3|TankWar_P4|TankWar_P5","RESOLVED_EXTERNAL","external target","TankWar_P1|TankWar_P2|TankWar_P3|TankWar_P4|TankWar_P5"
"R379","METHOD_CALL","E64","equals","C:\Users\JBNU\git\ConstraintsRecovery\assets\tankwar\asset13",60,"G4","TankWar_P1|TankWar_P2|TankWar_P3|TankWar_P4|TankWar_P5","RESOLVED_EXTERNAL","external target","TankWar_P1|TankWar_P2|TankWar_P3|TankWar_P4|TankWar_P5"
"R381","METHOD_CALL","E64","equals","C:\Users\JBNU\git\ConstraintsRecovery\assets\tankwar\asset13",63,"G4","TankWar_P1|TankWar_P2|TankWar_P3|TankWar_P4|TankWar_P5","RESOLVED_EXTERNAL","external target","TankWar_P1|TankWar_P2|TankWar_P3|TankWar_P4|TankWar_P5"
"R383","METHOD_CALL","E64","equals","C:\Users\JBNU\git\ConstraintsRecovery\assets\tankwar\asset13",66,"G4","TankWar_P1|TankWar_P2|TankWar_P3|TankWar_P4|TankWar_P5","RESOLVED_EXTERNAL","external target","TankWar_P1|TankWar_P2|TankWar_P3|TankWar_P4|TankWar_P5"
"R385","METHOD_CALL","E64","equals","C:\Users\JBNU\git\ConstraintsRecovery\assets\tankwar\asset13",69,"G4","TankWar_P1|TankWar_P2|TankWar_P3|TankWar_P4|TankWar_P5","RESOLVED_EXTERNAL","external target","TankWar_P1|TankWar_P2|TankWar_P3|TankWar_P4|TankWar_P5"
"R387","METHOD_CALL","E64","equals","C:\Users\JBNU\git\ConstraintsRecovery\assets\tankwar\asset13",72,"G4","TankWar_P1|TankWar_P2|TankWar_P3|TankWar_P4|TankWar_P5","RESOLVED_EXTERNAL","external target","TankWar_P1|TankWar_P2|TankWar_P3|TankWar_P4|TankWar_P5"
"R389","METHOD_CALL","E64","equals","C:\Users\JBNU\git\ConstraintsRecovery\assets\tankwar\asset13",75,"G4","TankWar_P1|TankWar_P2|TankWar_P3|TankWar_P4|TankWar_P5","RESOLVED_EXTERNAL","external target","TankWar_P1|TankWar_P2|TankWar_P3|TankWar_P4|TankWar_P5"
"R391","METHOD_CALL","E64","equals","C:\Users\JBNU\git\ConstraintsRecovery\assets\tankwar\asset13",78,"G4","TankWar_P1|TankWar_P2|TankWar_P3|TankWar_P4|TankWar_P5","RESOLVED_EXTERNAL","external target","TankWar_P1|TankWar_P2|TankWar_P3|TankWar_P4|TankWar_P5"
"R393","METHOD_CALL","E64","equals","C:\Users\JBNU\git\ConstraintsRecovery\assets\tankwar\asset13",81,"G4","TankWar_P1|TankWar_P2|TankWar_P3|TankWar_P4|TankWar_P5","RESOLVED_EXTERNAL","external target","TankWar_P1|TankWar_P2|TankWar_P3|TankWar_P4|TankWar_P5"
"R395","METHOD_CALL","E64","equals","C:\Users\JBNU\git\ConstraintsRecovery\assets\tankwar\asset13",84,"G4","TankWar_P1|TankWar_P2|TankWar_P3|TankWar_P4|TankWar_P5","RESOLVED_EXTERNAL","external target","TankWar_P1|TankWar_P2|TankWar_P3|TankWar_P4|TankWar_P5"
"R397","METHOD_CALL","E64","equals","C:\Users\JBNU\git\ConstraintsRecovery\assets\tankwar\asset13",87,"G4","TankWar_P1|TankWar_P2|TankWar_P3|TankWar_P4|TankWar_P5","RESOLVED_EXTERNAL","external target","TankWar_P1|TankWar_P2|TankWar_P3|TankWar_P4|TankWar_P5"
"R399","METHOD_CALL","E64","equals","C:\Users\JBNU\git\ConstraintsRecovery\assets\tankwar\asset13",90,"G4","TankWar_P1|TankWar_P2|TankWar_P3|TankWar_P4|TankWar_P5","RESOLVED_EXTERNAL","external target","TankWar_P1|TankWar_P2|TankWar_P3|TankWar_P4|TankWar_P5"
"R401","METHOD_CALL","E64","equals","C:\Users\JBNU\git\ConstraintsRecovery\assets\tankwar\asset13",93,"G4","TankWar_P1|TankWar_P2|TankWar_P3|TankWar_P4|TankWar_P5","RESOLVED_EXTERNAL","external target","TankWar_P1|TankWar_P2|TankWar_P3|TankWar_P4|TankWar_P5"
"R403","METHOD_CALL","E64","equals","C:\Users\JBNU\git\ConstraintsRecovery\assets\tankwar\asset13",96,"G4","TankWar_P1|TankWar_P2|TankWar_P3|TankWar_P4|TankWar_P5","RESOLVED_EXTERNAL","external target","TankWar_P1|TankWar_P2|TankWar_P3|TankWar_P4|TankWar_P5"
"R405","METHOD_CALL","E64","equals","C:\Users\JBNU\git\ConstraintsRecovery\assets\tankwar\asset13",99,"G4","TankWar_P1|TankWar_P2|TankWar_P3|TankWar_P4|TankWar_P5","RESOLVED_EXTERNAL","external target","TankWar_P1|TankWar_P2|TankWar_P3|TankWar_P4|TankWar_P5"
"R407","METHOD_CALL","E64","equals","C:\Users\JBNU\git\ConstraintsRecovery\assets\tankwar\asset13",102,"G4","TankWar_P1|TankWar_P2|TankWar_P3|TankWar_P4|TankWar_P5","RESOLVED_EXTERNAL","external target","TankWar_P1|TankWar_P2|TankWar_P3|TankWar_P4|TankWar_P5"
"R409","METHOD_CALL","E64","equals","C:\Users\JBNU\git\ConstraintsRecovery\assets\tankwar\asset13",105,"G4","TankWar_P1|TankWar_P2|TankWar_P3|TankWar_P4|TankWar_P5","RESOLVED_EXTERNAL","external target","TankWar_P1|TankWar_P2|TankWar_P3|TankWar_P4|TankWar_P5"
"R411","METHOD_CALL","E64","equals","C:\Users\JBNU\git\ConstraintsRecovery\assets\tankwar\asset13",108,"G4","TankWar_P1|TankWar_P2|TankWar_P3|TankWar_P4|TankWar_P5","RESOLVED_EXTERNAL","external target","TankWar_P1|TankWar_P2|TankWar_P3|TankWar_P4|TankWar_P5"
"R413","METHOD_CALL","E64","equals","C:\Users\JBNU\git\ConstraintsRecovery\assets\tankwar\asset13",111,"G4","TankWar_P1|TankWar_P2|TankWar_P3|TankWar_P4|TankWar_P5","RESOLVED_EXTERNAL","external target","TankWar_P1|TankWar_P2|TankWar_P3|TankWar_P4|TankWar_P5"
"R415","METHOD_CALL","E64","equals","C:\Users\JBNU\git\ConstraintsRecovery\assets\tankwar\asset13",114,"G4","TankWar_P1|TankWar_P2|TankWar_P3|TankWar_P4|TankWar_P5","RESOLVED_EXTERNAL","external target","TankWar_P1|TankWar_P2|TankWar_P3|TankWar_P4|TankWar_P5"
"R417","METHOD_CALL","E64","equals","C:\Users\JBNU\git\ConstraintsRecovery\assets\tankwar\asset13",117,"G4","TankWar_P1|TankWar_P2|TankWar_P3|TankWar_P4|TankWar_P5","RESOLVED_EXTERNAL","external target","TankWar_P1|TankWar_P2|TankWar_P3|TankWar_P4|TankWar_P5"
"R419","METHOD_CALL","E64","equals","C:\Users\JBNU\git\ConstraintsRecovery\assets\tankwar\asset13",120,"G4","TankWar_P1|TankWar_P2|TankWar_P3|TankWar_P4|TankWar_P5","RESOLVED_EXTERNAL","external target","TankWar_P1|TankWar_P2|TankWar_P3|TankWar_P4|TankWar_P5"
"R421","METHOD_CALL","E64","equals","C:\Users\JBNU\git\ConstraintsRecovery\assets\tankwar\asset13",123,"G4","TankWar_P1|TankWar_P2|TankWar_P3|TankWar_P4|TankWar_P5","RESOLVED_EXTERNAL","external target","TankWar_P1|TankWar_P2|TankWar_P3|TankWar_P4|TankWar_P5"
"R423","METHOD_CALL","E64","equals","C:\Users\JBNU\git\ConstraintsRecovery\assets\tankwar\asset13",126,"G4","TankWar_P1|TankWar_P2|TankWar_P3|TankWar_P4|TankWar_P5","RESOLVED_EXTERNAL","external target","TankWar_P1|TankWar_P2|TankWar_P3|TankWar_P4|TankWar_P5"
"R425","METHOD_CALL","E64","equals","C:\Users\JBNU\git\ConstraintsRecovery\assets\tankwar\asset13",129,"G4","TankWar_P1|TankWar_P2|TankWar_P3|TankWar_P4|TankWar_P5","RESOLVED_EXTERNAL","external target","TankWar_P1|TankWar_P2|TankWar_P3|TankWar_P4|TankWar_P5"
"R427","METHOD_CALL","E64","equals","C:\Users\JBNU\git\ConstraintsRecovery\assets\tankwar\asset13",132,"G4","TankWar_P1|TankWar_P2|TankWar_P3|TankWar_P4|TankWar_P5","RESOLVED_EXTERNAL","external target","TankWar_P1|TankWar_P2|TankWar_P3|TankWar_P4|TankWar_P5"
"R429","METHOD_CALL","E64","equals","C:\Users\JBNU\git\ConstraintsRecovery\assets\tankwar\asset13",135,"G4","TankWar_P1|TankWar_P2|TankWar_P3|TankWar_P4|TankWar_P5","RESOLVED_EXTERNAL","external target","TankWar_P1|TankWar_P2|TankWar_P3|TankWar_P4|TankWar_P5"
"R431","METHOD_CALL","E64","equals","C:\Users\JBNU\git\ConstraintsRecovery\assets\tankwar\asset13",138,"G4","TankWar_P1|TankWar_P2|TankWar_P3|TankWar_P4|TankWar_P5","RESOLVED_EXTERNAL","external target","TankWar_P1|TankWar_P2|TankWar_P3|TankWar_P4|TankWar_P5"
"R433","METHOD_CALL","E64","equals","C:\Users\JBNU\git\ConstraintsRecovery\assets\tankwar\asset13",141,"G4","TankWar_P1|TankWar_P2|TankWar_P3|TankWar_P4|TankWar_P5","RESOLVED_EXTERNAL","external target","TankWar_P1|TankWar_P2|TankWar_P3|TankWar_P4|TankWar_P5"
"R435","METHOD_CALL","E64","equals","C:\Users\JBNU\git\ConstraintsRecovery\assets\tankwar\asset13",144,"G4","TankWar_P1|TankWar_P2|TankWar_P3|TankWar_P4|TankWar_P5","RESOLVED_EXTERNAL","external target","TankWar_P1|TankWar_P2|TankWar_P3|TankWar_P4|TankWar_P5"
"R437","METHOD_CALL","E64","equals","C:\Users\JBNU\git\ConstraintsRecovery\assets\tankwar\asset13",147,"G4","TankWar_P1|TankWar_P2|TankWar_P3|TankWar_P4|TankWar_P5","RESOLVED_EXTERNAL","external target","TankWar_P1|TankWar_P2|TankWar_P3|TankWar_P4|TankWar_P5"
"R439","METHOD_CALL","E64","equals","C:\Users\JBNU\git\ConstraintsRecovery\assets\tankwar\asset13",150,"G4","TankWar_P1|TankWar_P2|TankWar_P3|TankWar_P4|TankWar_P5","RESOLVED_EXTERNAL","external target","TankWar_P1|TankWar_P2|TankWar_P3|TankWar_P4|TankWar_P5"
"R441","METHOD_CALL","E64","equals","C:\Users\JBNU\git\ConstraintsRecovery\assets\tankwar\asset13",153,"G4","TankWar_P1|TankWar_P2|TankWar_P3|TankWar_P4|TankWar_P5","RESOLVED_EXTERNAL","external target","TankWar_P1|TankWar_P2|TankWar_P3|TankWar_P4|TankWar_P5"
"R443","METHOD_CALL","E64","equals","C:\Users\JBNU\git\ConstraintsRecovery\assets\tankwar\asset13",156,"G4","TankWar_P1|TankWar_P2|TankWar_P3|TankWar_P4|TankWar_P5","RESOLVED_EXTERNAL","external target","TankWar_P1|TankWar_P2|TankWar_P3|TankWar_P4|TankWar_P5"
"R445","METHOD_CALL","E64","equals","C:\Users\JBNU\git\ConstraintsRecovery\assets\tankwar\asset13",159,"G4","TankWar_P1|TankWar_P2|TankWar_P3|TankWar_P4|TankWar_P5","RESOLVED_EXTERNAL","external target","TankWar_P1|TankWar_P2|TankWar_P3|TankWar_P4|TankWar_P5"
"R447","METHOD_CALL","E64","equals","C:\Users\JBNU\git\ConstraintsRecovery\assets\tankwar\asset13",162,"G4","TankWar_P1|TankWar_P2|TankWar_P3|TankWar_P4|TankWar_P5","RESOLVED_EXTERNAL","external target","TankWar_P1|TankWar_P2|TankWar_P3|TankWar_P4|TankWar_P5"
"R449","METHOD_CALL","E64","equals","C:\Users\JBNU\git\ConstraintsRecovery\assets\tankwar\asset13",165,"G4","TankWar_P1|TankWar_P2|TankWar_P3|TankWar_P4|TankWar_P5","RESOLVED_EXTERNAL","external target","TankWar_P1|TankWar_P2|TankWar_P3|TankWar_P4|TankWar_P5"
"R451","METHOD_CALL","E64","equals","C:\Users\JBNU\git\ConstraintsRecovery\assets\tankwar\asset13",168,"G4","TankWar_P1|TankWar_P2|TankWar_P3|TankWar_P4|TankWar_P5","RESOLVED_EXTERNAL","external target","TankWar_P1|TankWar_P2|TankWar_P3|TankWar_P4|TankWar_P5"
"R453","METHOD_CALL","E64","equals","C:\Users\JBNU\git\ConstraintsRecovery\assets\tankwar\asset13",171,"G4","TankWar_P1|TankWar_P2|TankWar_P3|TankWar_P4|TankWar_P5","RESOLVED_EXTERNAL","external target","TankWar_P1|TankWar_P2|TankWar_P3|TankWar_P4|TankWar_P5"
"R455","METHOD_CALL","E64","equals","C:\Users\JBNU\git\ConstraintsRecovery\assets\tankwar\asset13",174,"G4","TankWar_P1|TankWar_P2|TankWar_P3|TankWar_P4|TankWar_P5","RESOLVED_EXTERNAL","external target","TankWar_P1|TankWar_P2|TankWar_P3|TankWar_P4|TankWar_P5"
"R457","METHOD_CALL","E64","equals","C:\Users\JBNU\git\ConstraintsRecovery\assets\tankwar\asset13",177,"G4","TankWar_P1|TankWar_P2|TankWar_P3|TankWar_P4|TankWar_P5","RESOLVED_EXTERNAL","external target","TankWar_P1|TankWar_P2|TankWar_P3|TankWar_P4|TankWar_P5"
"R459","METHOD_CALL","E64","equals","C:\Users\JBNU\git\ConstraintsRecovery\assets\tankwar\asset13",180,"G4","TankWar_P1|TankWar_P2|TankWar_P3|TankWar_P4|TankWar_P5","RESOLVED_EXTERNAL","external target","TankWar_P1|TankWar_P2|TankWar_P3|TankWar_P4|TankWar_P5"
"R461","METHOD_CALL","E64","equals","C:\Users\JBNU\git\ConstraintsRecovery\assets\tankwar\asset13",183,"G4","TankWar_P1|TankWar_P2|TankWar_P3|TankWar_P4|TankWar_P5","RESOLVED_EXTERNAL","external target","TankWar_P1|TankWar_P2|TankWar_P3|TankWar_P4|TankWar_P5"
"R463","METHOD_CALL","E64","equals","C:\Users\JBNU\git\ConstraintsRecovery\assets\tankwar\asset13",186,"G4","TankWar_P1|TankWar_P2|TankWar_P3|TankWar_P4|TankWar_P5","RESOLVED_EXTERNAL","external target","TankWar_P1|TankWar_P2|TankWar_P3|TankWar_P4|TankWar_P5"
"R465","METHOD_CALL","E64","equals","C:\Users\JBNU\git\ConstraintsRecovery\assets\tankwar\asset13",189,"G4","TankWar_P1|TankWar_P2|TankWar_P3|TankWar_P4|TankWar_P5","RESOLVED_EXTERNAL","external target","TankWar_P1|TankWar_P2|TankWar_P3|TankWar_P4|TankWar_P5"
"R467","METHOD_CALL","E64","equals","C:\Users\JBNU\git\ConstraintsRecovery\assets\tankwar\asset13",192,"G4","TankWar_P1|TankWar_P2|TankWar_P3|TankWar_P4|TankWar_P5","RESOLVED_EXTERNAL","external target","TankWar_P1|TankWar_P2|TankWar_P3|TankWar_P4|TankWar_P5"
"R469","METHOD_CALL","E64","equals","C:\Users\JBNU\git\ConstraintsRecovery\assets\tankwar\asset13",195,"G4","TankWar_P1|TankWar_P2|TankWar_P3|TankWar_P4|TankWar_P5","RESOLVED_EXTERNAL","external target","TankWar_P1|TankWar_P2|TankWar_P3|TankWar_P4|TankWar_P5"
"R471","METHOD_CALL","E64","equals","C:\Users\JBNU\git\ConstraintsRecovery\assets\tankwar\asset13",198,"G4","TankWar_P1|TankWar_P2|TankWar_P3|TankWar_P4|TankWar_P5","RESOLVED_EXTERNAL","external target","TankWar_P1|TankWar_P2|TankWar_P3|TankWar_P4|TankWar_P5"
"R473","METHOD_CALL","E64","equals","C:\Users\JBNU\git\ConstraintsRecovery\assets\tankwar\asset13",201,"G4","TankWar_P1|TankWar_P2|TankWar_P3|TankWar_P4|TankWar_P5","RESOLVED_EXTERNAL","external target","TankWar_P1|TankWar_P2|TankWar_P3|TankWar_P4|TankWar_P5"
"R475","METHOD_CALL","E64","equals","C:\Users\JBNU\git\ConstraintsRecovery\assets\tankwar\asset13",204,"G4","TankWar_P1|TankWar_P2|TankWar_P3|TankWar_P4|TankWar_P5","RESOLVED_EXTERNAL","external target","TankWar_P1|TankWar_P2|TankWar_P3|TankWar_P4|TankWar_P5"
"R477","METHOD_CALL","E64","equals","C:\Users\JBNU\git\ConstraintsRecovery\assets\tankwar\asset13",207,"G4","TankWar_P1|TankWar_P2|TankWar_P3|TankWar_P4|TankWar_P5","RESOLVED_EXTERNAL","external target","TankWar_P1|TankWar_P2|TankWar_P3|TankWar_P4|TankWar_P5"
"R479","METHOD_CALL","E64","equals","C:\Users\JBNU\git\ConstraintsRecovery\assets\tankwar\asset13",210,"G4","TankWar_P1|TankWar_P2|TankWar_P3|TankWar_P4|TankWar_P5","RESOLVED_EXTERNAL","external target","TankWar_P1|TankWar_P2|TankWar_P3|TankWar_P4|TankWar_P5"
"R481","METHOD_CALL","E64","equals","C:\Users\JBNU\git\ConstraintsRecovery\assets\tankwar\asset13",213,"G4","TankWar_P1|TankWar_P2|TankWar_P3|TankWar_P4|TankWar_P5","RESOLVED_EXTERNAL","external target","TankWar_P1|TankWar_P2|TankWar_P3|TankWar_P4|TankWar_P5"
"R483","METHOD_CALL","E64","equals","C:\Users\JBNU\git\ConstraintsRecovery\assets\tankwar\asset13",216,"G4","TankWar_P1|TankWar_P2|TankWar_P3|TankWar_P4|TankWar_P5","RESOLVED_EXTERNAL","external target","TankWar_P1|TankWar_P2|TankWar_P3|TankWar_P4|TankWar_P5"
"R485","METHOD_CALL","E64","equals","C:\Users\JBNU\git\ConstraintsRecovery\assets\tankwar\asset13",219,"G4","TankWar_P1|TankWar_P2|TankWar_P3|TankWar_P4|TankWar_P5","RESOLVED_EXTERNAL","external target","TankWar_P1|TankWar_P2|TankWar_P3|TankWar_P4|TankWar_P5"
"R487","METHOD_CALL","E64","equals","C:\Users\JBNU\git\ConstraintsRecovery\assets\tankwar\asset13",222,"G4","TankWar_P1|TankWar_P2|TankWar_P3|TankWar_P4|TankWar_P5","RESOLVED_EXTERNAL","external target","TankWar_P1|TankWar_P2|TankWar_P3|TankWar_P4|TankWar_P5"
"R489","METHOD_CALL","E64","equals","C:\Users\JBNU\git\ConstraintsRecovery\assets\tankwar\asset13",225,"G4","TankWar_P1|TankWar_P2|TankWar_P3|TankWar_P4|TankWar_P5","RESOLVED_EXTERNAL","external target","TankWar_P1|TankWar_P2|TankWar_P3|TankWar_P4|TankWar_P5"
"R491","METHOD_CALL","E64","equals","C:\Users\JBNU\git\ConstraintsRecovery\assets\tankwar\asset13",228,"G4","TankWar_P1|TankWar_P2|TankWar_P3|TankWar_P4|TankWar_P5","RESOLVED_EXTERNAL","external target","TankWar_P1|TankWar_P2|TankWar_P3|TankWar_P4|TankWar_P5"
"R493","METHOD_CALL","E64","equals","C:\Users\JBNU\git\ConstraintsRecovery\assets\tankwar\asset13",231,"G4","TankWar_P1|TankWar_P2|TankWar_P3|TankWar_P4|TankWar_P5","RESOLVED_EXTERNAL","external target","TankWar_P1|TankWar_P2|TankWar_P3|TankWar_P4|TankWar_P5"
"R495","METHOD_CALL","E64","equals","C:\Users\JBNU\git\ConstraintsRecovery\assets\tankwar\asset13",234,"G4","TankWar_P1|TankWar_P2|TankWar_P3|TankWar_P4|TankWar_P5","RESOLVED_EXTERNAL","external target","TankWar_P1|TankWar_P2|TankWar_P3|TankWar_P4|TankWar_P5"
"R497","METHOD_CALL","E64","equals","C:\Users\JBNU\git\ConstraintsRecovery\assets\tankwar\asset13",237,"G4","TankWar_P1|TankWar_P2|TankWar_P3|TankWar_P4|TankWar_P5","RESOLVED_EXTERNAL","external target","TankWar_P1|TankWar_P2|TankWar_P3|TankWar_P4|TankWar_P5"
"R499","METHOD_CALL","E64","equals","C:\Users\JBNU\git\ConstraintsRecovery\assets\tankwar\asset13",240,"G4","TankWar_P1|TankWar_P2|TankWar_P3|TankWar_P4|TankWar_P5","RESOLVED_EXTERNAL","external target","TankWar_P1|TankWar_P2|TankWar_P3|TankWar_P4|TankWar_P5"
"R501","METHOD_CALL","E64","equals","C:\Users\JBNU\git\ConstraintsRecovery\assets\tankwar\asset13",243,"G4","TankWar_P1|TankWar_P2|TankWar_P3|TankWar_P4|TankWar_P5","RESOLVED_EXTERNAL","external target","TankWar_P1|TankWar_P2|TankWar_P3|TankWar_P4|TankWar_P5"
"R503","METHOD_CALL","E64","equals","C:\Users\JBNU\git\ConstraintsRecovery\assets\tankwar\asset13",246,"G4","TankWar_P1|TankWar_P2|TankWar_P3|TankWar_P4|TankWar_P5","RESOLVED_EXTERNAL","external target","TankWar_P1|TankWar_P2|TankWar_P3|TankWar_P4|TankWar_P5"
"R505","METHOD_CALL","E64","equals","C:\Users\JBNU\git\ConstraintsRecovery\assets\tankwar\asset13",249,"G4","TankWar_P1|TankWar_P2|TankWar_P3|TankWar_P4|TankWar_P5","RESOLVED_EXTERNAL","external target","TankWar_P1|TankWar_P2|TankWar_P3|TankWar_P4|TankWar_P5"
"R507","METHOD_CALL","E64","equals","C:\Users\JBNU\git\ConstraintsRecovery\assets\tankwar\asset13",252,"G4","TankWar_P1|TankWar_P2|TankWar_P3|TankWar_P4|TankWar_P5","RESOLVED_EXTERNAL","external target","TankWar_P1|TankWar_P2|TankWar_P3|TankWar_P4|TankWar_P5"
"R509","METHOD_CALL","E64","equals","C:\Users\JBNU\git\ConstraintsRecovery\assets\tankwar\asset13",255,"G4","TankWar_P1|TankWar_P2|TankWar_P3|TankWar_P4|TankWar_P5","RESOLVED_EXTERNAL","external target","TankWar_P1|TankWar_P2|TankWar_P3|TankWar_P4|TankWar_P5"
"R511","METHOD_CALL","E64","equals","C:\Users\JBNU\git\ConstraintsRecovery\assets\tankwar\asset13",258,"G4","TankWar_P1|TankWar_P2|TankWar_P3|TankWar_P4|TankWar_P5","RESOLVED_EXTERNAL","external target","TankWar_P1|TankWar_P2|TankWar_P3|TankWar_P4|TankWar_P5"
"R513","METHOD_CALL","E64","equals","C:\Users\JBNU\git\ConstraintsRecovery\assets\tankwar\asset13",261,"G4","TankWar_P1|TankWar_P2|TankWar_P3|TankWar_P4|TankWar_P5","RESOLVED_EXTERNAL","external target","TankWar_P1|TankWar_P2|TankWar_P3|TankWar_P4|TankWar_P5"
"R515","METHOD_CALL","E64","equals","C:\Users\JBNU\git\ConstraintsRecovery\assets\tankwar\asset13",264,"G4","TankWar_P1|TankWar_P2|TankWar_P3|TankWar_P4|TankWar_P5","RESOLVED_EXTERNAL","external target","TankWar_P1|TankWar_P2|TankWar_P3|TankWar_P4|TankWar_P5"
"R517","METHOD_CALL","E64","equals","C:\Users\JBNU\git\ConstraintsRecovery\assets\tankwar\asset13",267,"G4","TankWar_P1|TankWar_P2|TankWar_P3|TankWar_P4|TankWar_P5","RESOLVED_EXTERNAL","external target","TankWar_P1|TankWar_P2|TankWar_P3|TankWar_P4|TankWar_P5"
"R519","METHOD_CALL","E64","equals","C:\Users\JBNU\git\ConstraintsRecovery\assets\tankwar\asset13",270,"G4","TankWar_P1|TankWar_P2|TankWar_P3|TankWar_P4|TankWar_P5","RESOLVED_EXTERNAL","external target","TankWar_P1|TankWar_P2|TankWar_P3|TankWar_P4|TankWar_P5"
"R521","METHOD_CALL","E64","equals","C:\Users\JBNU\git\ConstraintsRecovery\assets\tankwar\asset13",273,"G4","TankWar_P1|TankWar_P2|TankWar_P3|TankWar_P4|TankWar_P5","RESOLVED_EXTERNAL","external target","TankWar_P1|TankWar_P2|TankWar_P3|TankWar_P4|TankWar_P5"
"R523","METHOD_CALL","E64","equals","C:\Users\JBNU\git\ConstraintsRecovery\assets\tankwar\asset13",276,"G4","TankWar_P1|TankWar_P2|TankWar_P3|TankWar_P4|TankWar_P5","RESOLVED_EXTERNAL","external target","TankWar_P1|TankWar_P2|TankWar_P3|TankWar_P4|TankWar_P5"
"R525","METHOD_CALL","E64","equals","C:\Users\JBNU\git\ConstraintsRecovery\assets\tankwar\asset13",279,"G4","TankWar_P1|TankWar_P2|TankWar_P3|TankWar_P4|TankWar_P5","RESOLVED_EXTERNAL","external target","TankWar_P1|TankWar_P2|TankWar_P3|TankWar_P4|TankWar_P5"
"R527","METHOD_CALL","E64","equals","C:\Users\JBNU\git\ConstraintsRecovery\assets\tankwar\asset13",282,"G4","TankWar_P1|TankWar_P2|TankWar_P3|TankWar_P4|TankWar_P5","RESOLVED_EXTERNAL","external target","TankWar_P1|TankWar_P2|TankWar_P3|TankWar_P4|TankWar_P5"
"R529","METHOD_CALL","E64","equals","C:\Users\JBNU\git\ConstraintsRecovery\assets\tankwar\asset13",285,"G4","TankWar_P1|TankWar_P2|TankWar_P3|TankWar_P4|TankWar_P5","RESOLVED_EXTERNAL","external target","TankWar_P1|TankWar_P2|TankWar_P3|TankWar_P4|TankWar_P5"
"R531","METHOD_CALL","E64","equals","C:\Users\JBNU\git\ConstraintsRecovery\assets\tankwar\asset13",288,"G4","TankWar_P1|TankWar_P2|TankWar_P3|TankWar_P4|TankWar_P5","RESOLVED_EXTERNAL","external target","TankWar_P1|TankWar_P2|TankWar_P3|TankWar_P4|TankWar_P5"
"R533","METHOD_CALL","E64","equals","C:\Users\JBNU\git\ConstraintsRecovery\assets\tankwar\asset13",291,"G4","TankWar_P1|TankWar_P2|TankWar_P3|TankWar_P4|TankWar_P5","RESOLVED_EXTERNAL","external target","TankWar_P1|TankWar_P2|TankWar_P3|TankWar_P4|TankWar_P5"
"R535","METHOD_CALL","E64","equals","C:\Users\JBNU\git\ConstraintsRecovery\assets\tankwar\asset13",294,"G4","TankWar_P1|TankWar_P2|TankWar_P3|TankWar_P4|TankWar_P5","RESOLVED_EXTERNAL","external target","TankWar_P1|TankWar_P2|TankWar_P3|TankWar_P4|TankWar_P5"
"R537","METHOD_CALL","E64","equals","C:\Users\JBNU\git\ConstraintsRecovery\assets\tankwar\asset13",297,"G4","TankWar_P1|TankWar_P2|TankWar_P3|TankWar_P4|TankWar_P5","RESOLVED_EXTERNAL","external target","TankWar_P1|TankWar_P2|TankWar_P3|TankWar_P4|TankWar_P5"
"R539","METHOD_CALL","E64","equals","C:\Users\JBNU\git\ConstraintsRecovery\assets\tankwar\asset13",300,"G4","TankWar_P1|TankWar_P2|TankWar_P3|TankWar_P4|TankWar_P5","RESOLVED_EXTERNAL","external target","TankWar_P1|TankWar_P2|TankWar_P3|TankWar_P4|TankWar_P5"
"R541","METHOD_CALL","E64","equals","C:\Users\JBNU\git\ConstraintsRecovery\assets\tankwar\asset13",303,"G4","TankWar_P1|TankWar_P2|TankWar_P3|TankWar_P4|TankWar_P5","RESOLVED_EXTERNAL","external target","TankWar_P1|TankWar_P2|TankWar_P3|TankWar_P4|TankWar_P5"
"R543","METHOD_CALL","E64","equals","C:\Users\JBNU\git\ConstraintsRecovery\assets\tankwar\asset13",306,"G4","TankWar_P1|TankWar_P2|TankWar_P3|TankWar_P4|TankWar_P5","RESOLVED_EXTERNAL","external target","TankWar_P1|TankWar_P2|TankWar_P3|TankWar_P4|TankWar_P5"
"R545","METHOD_CALL","E64","equals","C:\Users\JBNU\git\ConstraintsRecovery\assets\tankwar\asset13",309,"G4","TankWar_P1|TankWar_P2|TankWar_P3|TankWar_P4|TankWar_P5","RESOLVED_EXTERNAL","external target","TankWar_P1|TankWar_P2|TankWar_P3|TankWar_P4|TankWar_P5"
"R547","METHOD_CALL","E64","equals","C:\Users\JBNU\git\ConstraintsRecovery\assets\tankwar\asset13",312,"G4","TankWar_P1|TankWar_P2|TankWar_P3|TankWar_P4|TankWar_P5","RESOLVED_EXTERNAL","external target","TankWar_P1|TankWar_P2|TankWar_P3|TankWar_P4|TankWar_P5"
"R549","METHOD_CALL","E64","equals","C:\Users\JBNU\git\ConstraintsRecovery\assets\tankwar\asset13",315,"G4","TankWar_P1|TankWar_P2|TankWar_P3|TankWar_P4|TankWar_P5","RESOLVED_EXTERNAL","external target","TankWar_P1|TankWar_P2|TankWar_P3|TankWar_P4|TankWar_P5"
"R551","METHOD_CALL","E64","equals","C:\Users\JBNU\git\ConstraintsRecovery\assets\tankwar\asset13",318,"G4","TankWar_P1|TankWar_P2|TankWar_P3|TankWar_P4|TankWar_P5","RESOLVED_EXTERNAL","external target","TankWar_P1|TankWar_P2|TankWar_P3|TankWar_P4|TankWar_P5"
"R553","METHOD_CALL","E64","equals","C:\Users\JBNU\git\ConstraintsRecovery\assets\tankwar\asset13",321,"G4","TankWar_P1|TankWar_P2|TankWar_P3|TankWar_P4|TankWar_P5","RESOLVED_EXTERNAL","external target","TankWar_P1|TankWar_P2|TankWar_P3|TankWar_P4|TankWar_P5"
"R555","METHOD_CALL","E64","equals","C:\Users\JBNU\git\ConstraintsRecovery\assets\tankwar\asset13",324,"G4","TankWar_P1|TankWar_P2|TankWar_P3|TankWar_P4|TankWar_P5","RESOLVED_EXTERNAL","external target","TankWar_P1|TankWar_P2|TankWar_P3|TankWar_P4|TankWar_P5"
"R557","METHOD_CALL","E64","equals","C:\Users\JBNU\git\ConstraintsRecovery\assets\tankwar\asset13",327,"G4","TankWar_P1|TankWar_P2|TankWar_P3|TankWar_P4|TankWar_P5","RESOLVED_EXTERNAL","external target","TankWar_P1|TankWar_P2|TankWar_P3|TankWar_P4|TankWar_P5"
"R559","METHOD_CALL","E64","equals","C:\Users\JBNU\git\ConstraintsRecovery\assets\tankwar\asset13",330,"G4","TankWar_P1|TankWar_P2|TankWar_P3|TankWar_P4|TankWar_P5","RESOLVED_EXTERNAL","external target","TankWar_P1|TankWar_P2|TankWar_P3|TankWar_P4|TankWar_P5"
"R561","METHOD_CALL","E64","equals","C:\Users\JBNU\git\ConstraintsRecovery\assets\tankwar\asset13",333,"G4","TankWar_P1|TankWar_P2|TankWar_P3|TankWar_P4|TankWar_P5","RESOLVED_EXTERNAL","external target","TankWar_P1|TankWar_P2|TankWar_P3|TankWar_P4|TankWar_P5"
"R563","METHOD_CALL","E64","equals","C:\Users\JBNU\git\ConstraintsRecovery\assets\tankwar\asset13",336,"G4","TankWar_P1|TankWar_P2|TankWar_P3|TankWar_P4|TankWar_P5","RESOLVED_EXTERNAL","external target","TankWar_P1|TankWar_P2|TankWar_P3|TankWar_P4|TankWar_P5"
"R565","METHOD_CALL","E64","equals","C:\Users\JBNU\git\ConstraintsRecovery\assets\tankwar\asset13",339,"G4","TankWar_P1|TankWar_P2|TankWar_P3|TankWar_P4|TankWar_P5","RESOLVED_EXTERNAL","external target","TankWar_P1|TankWar_P2|TankWar_P3|TankWar_P4|TankWar_P5"
"R567","METHOD_CALL","E64","equals","C:\Users\JBNU\git\ConstraintsRecovery\assets\tankwar\asset13",342,"G4","TankWar_P1|TankWar_P2|TankWar_P3|TankWar_P4|TankWar_P5","RESOLVED_EXTERNAL","external target","TankWar_P1|TankWar_P2|TankWar_P3|TankWar_P4|TankWar_P5"
"R571","METHOD_CALL","E64","println","C:\Users\JBNU\git\ConstraintsRecovery\assets\tankwar\asset13",346,"G4","TankWar_P1|TankWar_P2|TankWar_P3|TankWar_P4|TankWar_P5","RESOLVED_EXTERNAL","external target","TankWar_P1|TankWar_P2|TankWar_P3|TankWar_P4|TankWar_P5"
"R573","METHOD_CALL","E64","get","C:\Users\JBNU\git\ConstraintsRecovery\assets\tankwar\asset13",348,"G4","TankWar_P1|TankWar_P2|TankWar_P3|TankWar_P4|TankWar_P5","RESOLVED_EXTERNAL","external target","TankWar_P1|TankWar_P2|TankWar_P3|TankWar_P4|TankWar_P5"
"R578","METHOD_CALL","E65","getClassLoader","C:\Users\JBNU\git\ConstraintsRecovery\assets\tankwar\asset13",355,"G4","TankWar_P1|TankWar_P2|TankWar_P3|TankWar_P4|TankWar_P5","UNRESOLVED","unresolved target","TankWar_P1|TankWar_P2|TankWar_P3|TankWar_P4|TankWar_P5"
"R579","METHOD_CALL","E65","getImage","C:\Users\JBNU\git\ConstraintsRecovery\assets\tankwar\asset13",355,"G4","TankWar_P1|TankWar_P2|TankWar_P3|TankWar_P4|TankWar_P5","UNRESOLVED","unresolved target","TankWar_P1|TankWar_P2|TankWar_P3|TankWar_P4|TankWar_P5"
"R580","METHOD_CALL","E65","getResource","C:\Users\JBNU\git\ConstraintsRecovery\assets\tankwar\asset13",355,"G4","TankWar_P1|TankWar_P2|TankWar_P3|TankWar_P4|TankWar_P5","UNRESOLVED","unresolved target","TankWar_P1|TankWar_P2|TankWar_P3|TankWar_P4|TankWar_P5"
"R583","FIELD_REFERENCE","E65","SCALE_FAST","C:\Users\JBNU\git\ConstraintsRecovery\assets\tankwar\asset13",356,"G4","TankWar_P1|TankWar_P2|TankWar_P3|TankWar_P4|TankWar_P5","RESOLVED_EXTERNAL","external target","TankWar_P1|TankWar_P2|TankWar_P3|TankWar_P4|TankWar_P5"
"R585","METHOD_CALL","E65","getScaledInstance","C:\Users\JBNU\git\ConstraintsRecovery\assets\tankwar\asset13",356,"G4","TankWar_P1|TankWar_P2|TankWar_P3|TankWar_P4|TankWar_P5","RESOLVED_EXTERNAL","external target","TankWar_P1|TankWar_P2|TankWar_P3|TankWar_P4|TankWar_P5"
"R586","METHOD_CALL","E65","put","C:\Users\JBNU\git\ConstraintsRecovery\assets\tankwar\asset13",356,"G4","TankWar_P1|TankWar_P2|TankWar_P3|TankWar_P4|TankWar_P5","RESOLVED_EXTERNAL","external target","TankWar_P1|TankWar_P2|TankWar_P3|TankWar_P4|TankWar_P5"
"R598","CONSTRUCTOR_CALL","E77","Random","C:\Users\JBNU\git\ConstraintsRecovery\assets\tankwar\asset14",22,"G4","TankWar_P1|TankWar_P2|TankWar_P3|TankWar_P4|TankWar_P5","RESOLVED_EXTERNAL","external target","TankWar_P1|TankWar_P2|TankWar_P3|TankWar_P4|TankWar_P5"
"R615","METHOD_CALL","E91","init","C:\Users\JBNU\git\ConstraintsRecovery\assets\tankwar\asset14",33,"G4","TankWar_P1|TankWar_P2|TankWar_P3|TankWar_P4|TankWar_P5","AMBIGUOUS","ambiguous target","TankWar_P1|TankWar_P2|TankWar_P3|TankWar_P4|TankWar_P5"
"R619","METHOD_CALL","E92","hashCode","C:\Users\JBNU\git\ConstraintsRecovery\assets\tankwar\asset14",36,"G4","TankWar_P1|TankWar_P2|TankWar_P3|TankWar_P4|TankWar_P5","UNRESOLVED","unresolved target","TankWar_P1|TankWar_P2|TankWar_P3|TankWar_P4|TankWar_P5"
"R622","METHOD_CALL","E92","init","C:\Users\JBNU\git\ConstraintsRecovery\assets\tankwar\asset14",39,"G4","TankWar_P1|TankWar_P2|TankWar_P3|TankWar_P4|TankWar_P5","AMBIGUOUS","ambiguous target","TankWar_P1|TankWar_P2|TankWar_P3|TankWar_P4|TankWar_P5"
"R632","METHOD_CALL","E92","init","C:\Users\JBNU\git\ConstraintsRecovery\assets\tankwar\asset14",46,"G4","TankWar_P1|TankWar_P2|TankWar_P3|TankWar_P4|TankWar_P5","AMBIGUOUS","ambiguous target","TankWar_P1|TankWar_P2|TankWar_P3|TankWar_P4|TankWar_P5"
"R642","METHOD_CALL","E92","init","C:\Users\JBNU\git\ConstraintsRecovery\assets\tankwar\asset14",53,"G4","TankWar_P1|TankWar_P2|TankWar_P3|TankWar_P4|TankWar_P5","AMBIGUOUS","ambiguous target","TankWar_P1|TankWar_P2|TankWar_P3|TankWar_P4|TankWar_P5"
"R652","METHOD_CALL","E92","init","C:\Users\JBNU\git\ConstraintsRecovery\assets\tankwar\asset14",60,"G4","TankWar_P1|TankWar_P2|TankWar_P3|TankWar_P4|TankWar_P5","AMBIGUOUS","ambiguous target","TankWar_P1|TankWar_P2|TankWar_P3|TankWar_P4|TankWar_P5"
"R662","METHOD_CALL","E92","init","C:\Users\JBNU\git\ConstraintsRecovery\assets\tankwar\asset14",67,"G4","TankWar_P1|TankWar_P2|TankWar_P3|TankWar_P4|TankWar_P5","AMBIGUOUS","ambiguous target","TankWar_P1|TankWar_P2|TankWar_P3|TankWar_P4|TankWar_P5"
"R672","METHOD_CALL","E92","init","C:\Users\JBNU\git\ConstraintsRecovery\assets\tankwar\asset14",74,"G4","TankWar_P1|TankWar_P2|TankWar_P3|TankWar_P4|TankWar_P5","AMBIGUOUS","ambiguous target","TankWar_P1|TankWar_P2|TankWar_P3|TankWar_P4|TankWar_P5"
"R682","METHOD_CALL","E92","init","C:\Users\JBNU\git\ConstraintsRecovery\assets\tankwar\asset14",81,"G4","TankWar_P1|TankWar_P2|TankWar_P3|TankWar_P4|TankWar_P5","AMBIGUOUS","ambiguous target","TankWar_P1|TankWar_P2|TankWar_P3|TankWar_P4|TankWar_P5"
"R692","METHOD_CALL","E92","init","C:\Users\JBNU\git\ConstraintsRecovery\assets\tankwar\asset14",88,"G4","TankWar_P1|TankWar_P2|TankWar_P3|TankWar_P4|TankWar_P5","AMBIGUOUS","ambiguous target","TankWar_P1|TankWar_P2|TankWar_P3|TankWar_P4|TankWar_P5"
"R700","METHOD_CALL","E92","init","C:\Users\JBNU\git\ConstraintsRecovery\assets\tankwar\asset14",94,"G4","TankWar_P1|TankWar_P2|TankWar_P3|TankWar_P4|TankWar_P5","AMBIGUOUS","ambiguous target","TankWar_P1|TankWar_P2|TankWar_P3|TankWar_P4|TankWar_P5"
"R708","METHOD_CALL","E92","init","C:\Users\JBNU\git\ConstraintsRecovery\assets\tankwar\asset14",100,"G4","TankWar_P1|TankWar_P2|TankWar_P3|TankWar_P4|TankWar_P5","AMBIGUOUS","ambiguous target","TankWar_P1|TankWar_P2|TankWar_P3|TankWar_P4|TankWar_P5"
"R716","METHOD_CALL","E92","currentTimeMillis","C:\Users\JBNU\git\ConstraintsRecovery\assets\tankwar\asset14",106,"G4","TankWar_P1|TankWar_P2|TankWar_P3|TankWar_P4|TankWar_P5","RESOLVED_EXTERNAL","external target","TankWar_P1|TankWar_P2|TankWar_P3|TankWar_P4|TankWar_P5"
"R730","METHOD_CALL","E93","currentTimeMillis","C:\Users\JBNU\git\ConstraintsRecovery\assets\tankwar\asset14",114,"G4","TankWar_P1|TankWar_P2|TankWar_P3|TankWar_P4|TankWar_P5","RESOLVED_EXTERNAL","external target","TankWar_P1|TankWar_P2|TankWar_P3|TankWar_P4|TankWar_P5"
"R734","FIELD_REFERENCE","E93","EXIT","C:\Users\JBNU\git\ConstraintsRecovery\assets\tankwar\asset14",116,"G4","TankWar_P1|TankWar_P2|TankWar_P3|TankWar_P4|TankWar_P5","AMBIGUOUS","ambiguous target","TankWar_P1|TankWar_P2|TankWar_P3|TankWar_P4|TankWar_P5"
"R735","FIELD_REFERENCE","E93","PAUSE","C:\Users\JBNU\git\ConstraintsRecovery\assets\tankwar\asset14",116,"G4","TankWar_P1|TankWar_P2|TankWar_P3|TankWar_P4|TankWar_P5","AMBIGUOUS","ambiguous target","TankWar_P1|TankWar_P2|TankWar_P3|TankWar_P4|TankWar_P5"
"R736","FIELD_REFERENCE","E93","status","C:\Users\JBNU\git\ConstraintsRecovery\assets\tankwar\asset14",116,"G4","TankWar_P1|TankWar_P2|TankWar_P3|TankWar_P4|TankWar_P5","AMBIGUOUS","ambiguous target","TankWar_P1|TankWar_P2|TankWar_P3|TankWar_P4|TankWar_P5"
"R750","FIELD_REFERENCE","E94","maler","C:\Users\JBNU\git\ConstraintsRecovery\assets\tankwar\asset14",133,"G4","TankWar_P1|TankWar_P2|TankWar_P3|TankWar_P4|TankWar_P5","AMBIGUOUS","ambiguous target","TankWar_P1|TankWar_P2|TankWar_P3|TankWar_P4|TankWar_P5"
"R752","FIELD_REFERENCE","E94","maler","C:\Users\JBNU\git\ConstraintsRecovery\assets\tankwar\asset14",134,"G4","TankWar_P1|TankWar_P2|TankWar_P3|TankWar_P4|TankWar_P5","AMBIGUOUS","ambiguous target","TankWar_P1|TankWar_P2|TankWar_P3|TankWar_P4|TankWar_P5"
"R758","FIELD_REFERENCE","E95","maler","C:\Users\JBNU\git\ConstraintsRecovery\assets\tankwar\asset14",141,"G4","TankWar_P1|TankWar_P2|TankWar_P3|TankWar_P4|TankWar_P5","AMBIGUOUS","ambiguous target","TankWar_P1|TankWar_P2|TankWar_P3|TankWar_P4|TankWar_P5"
"R760","FIELD_REFERENCE","E95","maler","C:\Users\JBNU\git\ConstraintsRecovery\assets\tankwar\asset14",142,"G4","TankWar_P1|TankWar_P2|TankWar_P3|TankWar_P4|TankWar_P5","AMBIGUOUS","ambiguous target","TankWar_P1|TankWar_P2|TankWar_P3|TankWar_P4|TankWar_P5"
"R762","FIELD_REFERENCE","E95","maler","C:\Users\JBNU\git\ConstraintsRecovery\assets\tankwar\asset14",145,"G4","TankWar_P1|TankWar_P2|TankWar_P3|TankWar_P4|TankWar_P5","AMBIGUOUS","ambiguous target","TankWar_P1|TankWar_P2|TankWar_P3|TankWar_P4|TankWar_P5"
"R764","FIELD_REFERENCE","E95","maler","C:\Users\JBNU\git\ConstraintsRecovery\assets\tankwar\asset14",146,"G4","TankWar_P1|TankWar_P2|TankWar_P3|TankWar_P4|TankWar_P5","AMBIGUOUS","ambiguous target","TankWar_P1|TankWar_P2|TankWar_P3|TankWar_P4|TankWar_P5"
"R766","FIELD_REFERENCE","E95","maler","C:\Users\JBNU\git\ConstraintsRecovery\assets\tankwar\asset14",149,"G4","TankWar_P1|TankWar_P2|TankWar_P3|TankWar_P4|TankWar_P5","AMBIGUOUS","ambiguous target","TankWar_P1|TankWar_P2|TankWar_P3|TankWar_P4|TankWar_P5"
"R768","FIELD_REFERENCE","E95","maler","C:\Users\JBNU\git\ConstraintsRecovery\assets\tankwar\asset14",150,"G4","TankWar_P1|TankWar_P2|TankWar_P3|TankWar_P4|TankWar_P5","AMBIGUOUS","ambiguous target","TankWar_P1|TankWar_P2|TankWar_P3|TankWar_P4|TankWar_P5"
"R770","FIELD_REFERENCE","E95","maler","C:\Users\JBNU\git\ConstraintsRecovery\assets\tankwar\asset14",153,"G4","TankWar_P1|TankWar_P2|TankWar_P3|TankWar_P4|TankWar_P5","AMBIGUOUS","ambiguous target","TankWar_P1|TankWar_P2|TankWar_P3|TankWar_P4|TankWar_P5"
"R772","FIELD_REFERENCE","E95","maler","C:\Users\JBNU\git\ConstraintsRecovery\assets\tankwar\asset14",154,"G4","TankWar_P1|TankWar_P2|TankWar_P3|TankWar_P4|TankWar_P5","AMBIGUOUS","ambiguous target","TankWar_P1|TankWar_P2|TankWar_P3|TankWar_P4|TankWar_P5"
"R848","CONSTRUCTOR_CALL","E99","Missile","C:\Users\JBNU\git\ConstraintsRecovery\assets\tankwar\asset14",232,"G4","TankWar_P1|TankWar_P2|TankWar_P3|TankWar_P4|TankWar_P5","AMBIGUOUS","ambiguous target","TankWar_P1|TankWar_P2|TankWar_P3|TankWar_P4|TankWar_P5"
"R853","FIELD_REFERENCE","E99","tankManager","C:\Users\JBNU\git\ConstraintsRecovery\assets\tankwar\asset14",232,"G4","TankWar_P1|TankWar_P2|TankWar_P3|TankWar_P4|TankWar_P5","AMBIGUOUS","ambiguous target","TankWar_P1|TankWar_P2|TankWar_P3|TankWar_P4|TankWar_P5"
"R854","METHOD_CALL","E99","addElement","C:\Users\JBNU\git\ConstraintsRecovery\assets\tankwar\asset14",232,"G4","TankWar_P1|TankWar_P2|TankWar_P3|TankWar_P4|TankWar_P5","UNRESOLVED","unresolved target","TankWar_P1|TankWar_P2|TankWar_P3|TankWar_P4|TankWar_P5"
"R961","METHOD_CALL","E100","stossenGegen","C:\Users\JBNU\git\ConstraintsRecovery\assets\tankwar\asset14",342,"G4","TankWar_P1|TankWar_P2|TankWar_P3|TankWar_P4|TankWar_P5","AMBIGUOUS","ambiguous target","TankWar_P1|TankWar_P2|TankWar_P3|TankWar_P4|TankWar_P5"
"R967","METHOD_CALL","E100","stossenGegen","C:\Users\JBNU\git\ConstraintsRecovery\assets\tankwar\asset14",348,"G4","TankWar_P1|TankWar_P2|TankWar_P3|TankWar_P4|TankWar_P5","AMBIGUOUS","ambiguous target","TankWar_P1|TankWar_P2|TankWar_P3|TankWar_P4|TankWar_P5"
"R971","METHOD_CALL","E100","stossenGegen","C:\Users\JBNU\git\ConstraintsRecovery\assets\tankwar\asset14",354,"G4","TankWar_P1|TankWar_P2|TankWar_P3|TankWar_P4|TankWar_P5","AMBIGUOUS","ambiguous target","TankWar_P1|TankWar_P2|TankWar_P3|TankWar_P4|TankWar_P5"
"R975","METHOD_CALL","E100","stossenGegen","C:\Users\JBNU\git\ConstraintsRecovery\assets\tankwar\asset14",360,"G4","TankWar_P1|TankWar_P2|TankWar_P3|TankWar_P4|TankWar_P5","AMBIGUOUS","ambiguous target","TankWar_P1|TankWar_P2|TankWar_P3|TankWar_P4|TankWar_P5"
"R987","METHOD_CALL","E103","removeElement","C:\Users\JBNU\git\ConstraintsRecovery\assets\tankwar\asset14",377,"G4","TankWar_P1|TankWar_P2|TankWar_P3|TankWar_P4|TankWar_P5","UNRESOLVED","unresolved target","TankWar_P1|TankWar_P2|TankWar_P3|TankWar_P4|TankWar_P5"
"R994","CONSTRUCTOR_CALL","E106","Vector","C:\Users\JBNU\git\ConstraintsRecovery\assets\tankwar\asset15",19,"G4","TankWar_P1|TankWar_P2|TankWar_P3|TankWar_P4|TankWar_P5","RESOLVED_EXTERNAL","external target","TankWar_P1|TankWar_P2|TankWar_P3|TankWar_P4|TankWar_P5"
"R1047","CONSTRUCTOR_CALL","E128","Vector","C:\Users\JBNU\git\ConstraintsRecovery\assets\tankwar\asset15",77,"G4","TankWar_P1|TankWar_P2|TankWar_P3|TankWar_P4|TankWar_P5","RESOLVED_EXTERNAL","external target","TankWar_P1|TankWar_P2|TankWar_P3|TankWar_P4|TankWar_P5"
"R1050","METHOD_CALL","E128","size","C:\Users\JBNU\git\ConstraintsRecovery\assets\tankwar\asset15",78,"G4","TankWar_P1|TankWar_P2|TankWar_P3|TankWar_P4|TankWar_P5","RESOLVED_EXTERNAL","external target","TankWar_P1|TankWar_P2|TankWar_P3|TankWar_P4|TankWar_P5"
"R1053","METHOD_CALL","E128","size","C:\Users\JBNU\git\ConstraintsRecovery\assets\tankwar\asset15",80,"G4","TankWar_P1|TankWar_P2|TankWar_P3|TankWar_P4|TankWar_P5","RESOLVED_EXTERNAL","external target","TankWar_P1|TankWar_P2|TankWar_P3|TankWar_P4|TankWar_P5"
"R1057","METHOD_CALL","E128","elementAt","C:\Users\JBNU\git\ConstraintsRecovery\assets\tankwar\asset15",81,"G4","TankWar_P1|TankWar_P2|TankWar_P3|TankWar_P4|TankWar_P5","RESOLVED_EXTERNAL","external target","TankWar_P1|TankWar_P2|TankWar_P3|TankWar_P4|TankWar_P5"
"R1060","METHOD_CALL","E128","addElement","C:\Users\JBNU\git\ConstraintsRecovery\assets\tankwar\asset15",82,"G4","TankWar_P1|TankWar_P2|TankWar_P3|TankWar_P4|TankWar_P5","RESOLVED_EXTERNAL","external target","TankWar_P1|TankWar_P2|TankWar_P3|TankWar_P4|TankWar_P5"
"R1061","METHOD_CALL","E128","elementAt","C:\Users\JBNU\git\ConstraintsRecovery\assets\tankwar\asset15",82,"G4","TankWar_P1|TankWar_P2|TankWar_P3|TankWar_P4|TankWar_P5","RESOLVED_EXTERNAL","external target","TankWar_P1|TankWar_P2|TankWar_P3|TankWar_P4|TankWar_P5"
"R1063","METHOD_CALL","E128","addElement","C:\Users\JBNU\git\ConstraintsRecovery\assets\tankwar\asset15",84,"G4","TankWar_P1|TankWar_P2|TankWar_P3|TankWar_P4|TankWar_P5","UNRESOLVED","unresolved target","TankWar_P1|TankWar_P2|TankWar_P3|TankWar_P4|TankWar_P5"
"R1066","METHOD_CALL","E128","size","C:\Users\JBNU\git\ConstraintsRecovery\assets\tankwar\asset15",86,"G4","TankWar_P1|TankWar_P2|TankWar_P3|TankWar_P4|TankWar_P5","RESOLVED_EXTERNAL","external target","TankWar_P1|TankWar_P2|TankWar_P3|TankWar_P4|TankWar_P5"
"R1069","METHOD_CALL","E128","addElement","C:\Users\JBNU\git\ConstraintsRecovery\assets\tankwar\asset15",87,"G4","TankWar_P1|TankWar_P2|TankWar_P3|TankWar_P4|TankWar_P5","RESOLVED_EXTERNAL","external target","TankWar_P1|TankWar_P2|TankWar_P3|TankWar_P4|TankWar_P5"
"R1070","METHOD_CALL","E128","elementAt","C:\Users\JBNU\git\ConstraintsRecovery\assets\tankwar\asset15",87,"G4","TankWar_P1|TankWar_P2|TankWar_P3|TankWar_P4|TankWar_P5","RESOLVED_EXTERNAL","external target","TankWar_P1|TankWar_P2|TankWar_P3|TankWar_P4|TankWar_P5"
"R1072","METHOD_CALL","E128","addElement","C:\Users\JBNU\git\ConstraintsRecovery\assets\tankwar\asset15",93,"G4","TankWar_P1|TankWar_P2|TankWar_P3|TankWar_P4|TankWar_P5","UNRESOLVED","unresolved target","TankWar_P1|TankWar_P2|TankWar_P3|TankWar_P4|TankWar_P5"
"R1075","METHOD_CALL","E128","removeAllElements","C:\Users\JBNU\git\ConstraintsRecovery\assets\tankwar\asset15",95,"G4","TankWar_P1|TankWar_P2|TankWar_P3|TankWar_P4|TankWar_P5","RESOLVED_EXTERNAL","external target","TankWar_P1|TankWar_P2|TankWar_P3|TankWar_P4|TankWar_P5"
"R1076","METHOD_CALL","E128","size","C:\Users\JBNU\git\ConstraintsRecovery\assets\tankwar\asset15",96,"G4","TankWar_P1|TankWar_P2|TankWar_P3|TankWar_P4|TankWar_P5","RESOLVED_EXTERNAL","external target","TankWar_P1|TankWar_P2|TankWar_P3|TankWar_P4|TankWar_P5"
"R1079","METHOD_CALL","E128","addElement","C:\Users\JBNU\git\ConstraintsRecovery\assets\tankwar\asset15",97,"G4","TankWar_P1|TankWar_P2|TankWar_P3|TankWar_P4|TankWar_P5","RESOLVED_EXTERNAL","external target","TankWar_P1|TankWar_P2|TankWar_P3|TankWar_P4|TankWar_P5"
"R1080","METHOD_CALL","E128","elementAt","C:\Users\JBNU\git\ConstraintsRecovery\assets\tankwar\asset15",97,"G4","TankWar_P1|TankWar_P2|TankWar_P3|TankWar_P4|TankWar_P5","RESOLVED_EXTERNAL","external target","TankWar_P1|TankWar_P2|TankWar_P3|TankWar_P4|TankWar_P5"
"R1082","FIELD_REFERENCE","E128","status","C:\Users\JBNU\git\ConstraintsRecovery\assets\tankwar\asset15",99,"G4","TankWar_P1|TankWar_P2|TankWar_P3|TankWar_P4|TankWar_P5","AMBIGUOUS","ambiguous target","TankWar_P1|TankWar_P2|TankWar_P3|TankWar_P4|TankWar_P5"
"R1083","METHOD_CALL","E128","elementAt","C:\Users\JBNU\git\ConstraintsRecovery\assets\tankwar\asset15",99,"G4","TankWar_P1|TankWar_P2|TankWar_P3|TankWar_P4|TankWar_P5","RESOLVED_EXTERNAL","external target","TankWar_P1|TankWar_P2|TankWar_P3|TankWar_P4|TankWar_P5"
"R1086","FIELD_REFERENCE","E128","status","C:\Users\JBNU\git\ConstraintsRecovery\assets\tankwar\asset15",101,"G4","TankWar_P1|TankWar_P2|TankWar_P3|TankWar_P4|TankWar_P5","AMBIGUOUS","ambiguous target","TankWar_P1|TankWar_P2|TankWar_P3|TankWar_P4|TankWar_P5"
"R1087","METHOD_CALL","E128","elementAt","C:\Users\JBNU\git\ConstraintsRecovery\assets\tankwar\asset15",101,"G4","TankWar_P1|TankWar_P2|TankWar_P3|TankWar_P4|TankWar_P5","RESOLVED_EXTERNAL","external target","TankWar_P1|TankWar_P2|TankWar_P3|TankWar_P4|TankWar_P5"
"R1091","METHOD_CALL","E128","addElement","C:\Users\JBNU\git\ConstraintsRecovery\assets\tankwar\asset15",105,"G4","TankWar_P1|TankWar_P2|TankWar_P3|TankWar_P4|TankWar_P5","UNRESOLVED","unresolved target","TankWar_P1|TankWar_P2|TankWar_P3|TankWar_P4|TankWar_P5"
"R1096","CONSTRUCTOR_CALL","E129","Vector","C:\Users\JBNU\git\ConstraintsRecovery\assets\tankwar\asset15",109,"G4","TankWar_P1|TankWar_P2|TankWar_P3|TankWar_P4|TankWar_P5","RESOLVED_EXTERNAL","external target","TankWar_P1|TankWar_P2|TankWar_P3|TankWar_P4|TankWar_P5"
"R1099","METHOD_CALL","E129","size","C:\Users\JBNU\git\ConstraintsRecovery\assets\tankwar\asset15",110,"G4","TankWar_P1|TankWar_P2|TankWar_P3|TankWar_P4|TankWar_P5","RESOLVED_EXTERNAL","external target","TankWar_P1|TankWar_P2|TankWar_P3|TankWar_P4|TankWar_P5"
"R1102","METHOD_CALL","E129","size","C:\Users\JBNU\git\ConstraintsRecovery\assets\tankwar\asset15",112,"G4","TankWar_P1|TankWar_P2|TankWar_P3|TankWar_P4|TankWar_P5","RESOLVED_EXTERNAL","external target","TankWar_P1|TankWar_P2|TankWar_P3|TankWar_P4|TankWar_P5"
"R1106","METHOD_CALL","E129","elementAt","C:\Users\JBNU\git\ConstraintsRecovery\assets\tankwar\asset15",113,"G4","TankWar_P1|TankWar_P2|TankWar_P3|TankWar_P4|TankWar_P5","RESOLVED_EXTERNAL","external target","TankWar_P1|TankWar_P2|TankWar_P3|TankWar_P4|TankWar_P5"
"R1109","METHOD_CALL","E129","addElement","C:\Users\JBNU\git\ConstraintsRecovery\assets\tankwar\asset15",114,"G4","TankWar_P1|TankWar_P2|TankWar_P3|TankWar_P4|TankWar_P5","RESOLVED_EXTERNAL","external target","TankWar_P1|TankWar_P2|TankWar_P3|TankWar_P4|TankWar_P5"
"R1110","METHOD_CALL","E129","elementAt","C:\Users\JBNU\git\ConstraintsRecovery\assets\tankwar\asset15",114,"G4","TankWar_P1|TankWar_P2|TankWar_P3|TankWar_P4|TankWar_P5","RESOLVED_EXTERNAL","external target","TankWar_P1|TankWar_P2|TankWar_P3|TankWar_P4|TankWar_P5"
"R1112","METHOD_CALL","E129","addElement","C:\Users\JBNU\git\ConstraintsRecovery\assets\tankwar\asset15",116,"G4","TankWar_P1|TankWar_P2|TankWar_P3|TankWar_P4|TankWar_P5","UNRESOLVED","unresolved target","TankWar_P1|TankWar_P2|TankWar_P3|TankWar_P4|TankWar_P5"
"R1115","METHOD_CALL","E129","size","C:\Users\JBNU\git\ConstraintsRecovery\assets\tankwar\asset15",118,"G4","TankWar_P1|TankWar_P2|TankWar_P3|TankWar_P4|TankWar_P5","RESOLVED_EXTERNAL","external target","TankWar_P1|TankWar_P2|TankWar_P3|TankWar_P4|TankWar_P5"
"R1118","METHOD_CALL","E129","addElement","C:\Users\JBNU\git\ConstraintsRecovery\assets\tankwar\asset15",119,"G4","TankWar_P1|TankWar_P2|TankWar_P3|TankWar_P4|TankWar_P5","RESOLVED_EXTERNAL","external target","TankWar_P1|TankWar_P2|TankWar_P3|TankWar_P4|TankWar_P5"
"R1119","METHOD_CALL","E129","elementAt","C:\Users\JBNU\git\ConstraintsRecovery\assets\tankwar\asset15",119,"G4","TankWar_P1|TankWar_P2|TankWar_P3|TankWar_P4|TankWar_P5","RESOLVED_EXTERNAL","external target","TankWar_P1|TankWar_P2|TankWar_P3|TankWar_P4|TankWar_P5"
"R1121","METHOD_CALL","E129","addElement","C:\Users\JBNU\git\ConstraintsRecovery\assets\tankwar\asset15",125,"G4","TankWar_P1|TankWar_P2|TankWar_P3|TankWar_P4|TankWar_P5","UNRESOLVED","unresolved target","TankWar_P1|TankWar_P2|TankWar_P3|TankWar_P4|TankWar_P5"
"R1124","METHOD_CALL","E129","removeAllElements","C:\Users\JBNU\git\ConstraintsRecovery\assets\tankwar\asset15",127,"G4","TankWar_P1|TankWar_P2|TankWar_P3|TankWar_P4|TankWar_P5","RESOLVED_EXTERNAL","external target","TankWar_P1|TankWar_P2|TankWar_P3|TankWar_P4|TankWar_P5"
"R1125","METHOD_CALL","E129","size","C:\Users\JBNU\git\ConstraintsRecovery\assets\tankwar\asset15",128,"G4","TankWar_P1|TankWar_P2|TankWar_P3|TankWar_P4|TankWar_P5","RESOLVED_EXTERNAL","external target","TankWar_P1|TankWar_P2|TankWar_P3|TankWar_P4|TankWar_P5"
"R1128","METHOD_CALL","E129","addElement","C:\Users\JBNU\git\ConstraintsRecovery\assets\tankwar\asset15",129,"G4","TankWar_P1|TankWar_P2|TankWar_P3|TankWar_P4|TankWar_P5","RESOLVED_EXTERNAL","external target","TankWar_P1|TankWar_P2|TankWar_P3|TankWar_P4|TankWar_P5"
"R1129","METHOD_CALL","E129","elementAt","C:\Users\JBNU\git\ConstraintsRecovery\assets\tankwar\asset15",129,"G4","TankWar_P1|TankWar_P2|TankWar_P3|TankWar_P4|TankWar_P5","RESOLVED_EXTERNAL","external target","TankWar_P1|TankWar_P2|TankWar_P3|TankWar_P4|TankWar_P5"
"R1131","FIELD_REFERENCE","E129","status","C:\Users\JBNU\git\ConstraintsRecovery\assets\tankwar\asset15",131,"G4","TankWar_P1|TankWar_P2|TankWar_P3|TankWar_P4|TankWar_P5","AMBIGUOUS","ambiguous target","TankWar_P1|TankWar_P2|TankWar_P3|TankWar_P4|TankWar_P5"
"R1132","METHOD_CALL","E129","elementAt","C:\Users\JBNU\git\ConstraintsRecovery\assets\tankwar\asset15",131,"G4","TankWar_P1|TankWar_P2|TankWar_P3|TankWar_P4|TankWar_P5","RESOLVED_EXTERNAL","external target","TankWar_P1|TankWar_P2|TankWar_P3|TankWar_P4|TankWar_P5"
"R1135","FIELD_REFERENCE","E129","status","C:\Users\JBNU\git\ConstraintsRecovery\assets\tankwar\asset15",133,"G4","TankWar_P1|TankWar_P2|TankWar_P3|TankWar_P4|TankWar_P5","AMBIGUOUS","ambiguous target","TankWar_P1|TankWar_P2|TankWar_P3|TankWar_P4|TankWar_P5"
"R1136","METHOD_CALL","E129","elementAt","C:\Users\JBNU\git\ConstraintsRecovery\assets\tankwar\asset15",133,"G4","TankWar_P1|TankWar_P2|TankWar_P3|TankWar_P4|TankWar_P5","RESOLVED_EXTERNAL","external target","TankWar_P1|TankWar_P2|TankWar_P3|TankWar_P4|TankWar_P5"
"R1140","METHOD_CALL","E129","addElement","C:\Users\JBNU\git\ConstraintsRecovery\assets\tankwar\asset15",137,"G4","TankWar_P1|TankWar_P2|TankWar_P3|TankWar_P4|TankWar_P5","UNRESOLVED","unresolved target","TankWar_P1|TankWar_P2|TankWar_P3|TankWar_P4|TankWar_P5"
"R1145","CONSTRUCTOR_CALL","E130","Vector","C:\Users\JBNU\git\ConstraintsRecovery\assets\tankwar\asset15",141,"G4","TankWar_P1|TankWar_P2|TankWar_P3|TankWar_P4|TankWar_P5","RESOLVED_EXTERNAL","external target","TankWar_P1|TankWar_P2|TankWar_P3|TankWar_P4|TankWar_P5"
"R1148","METHOD_CALL","E130","size","C:\Users\JBNU\git\ConstraintsRecovery\assets\tankwar\asset15",142,"G4","TankWar_P1|TankWar_P2|TankWar_P3|TankWar_P4|TankWar_P5","RESOLVED_EXTERNAL","external target","TankWar_P1|TankWar_P2|TankWar_P3|TankWar_P4|TankWar_P5"
"R1151","METHOD_CALL","E130","size","C:\Users\JBNU\git\ConstraintsRecovery\assets\tankwar\asset15",144,"G4","TankWar_P1|TankWar_P2|TankWar_P3|TankWar_P4|TankWar_P5","RESOLVED_EXTERNAL","external target","TankWar_P1|TankWar_P2|TankWar_P3|TankWar_P4|TankWar_P5"
"R1155","METHOD_CALL","E130","elementAt","C:\Users\JBNU\git\ConstraintsRecovery\assets\tankwar\asset15",145,"G4","TankWar_P1|TankWar_P2|TankWar_P3|TankWar_P4|TankWar_P5","RESOLVED_EXTERNAL","external target","TankWar_P1|TankWar_P2|TankWar_P3|TankWar_P4|TankWar_P5"
"R1158","METHOD_CALL","E130","addElement","C:\Users\JBNU\git\ConstraintsRecovery\assets\tankwar\asset15",146,"G4","TankWar_P1|TankWar_P2|TankWar_P3|TankWar_P4|TankWar_P5","RESOLVED_EXTERNAL","external target","TankWar_P1|TankWar_P2|TankWar_P3|TankWar_P4|TankWar_P5"
"R1159","METHOD_CALL","E130","elementAt","C:\Users\JBNU\git\ConstraintsRecovery\assets\tankwar\asset15",146,"G4","TankWar_P1|TankWar_P2|TankWar_P3|TankWar_P4|TankWar_P5","RESOLVED_EXTERNAL","external target","TankWar_P1|TankWar_P2|TankWar_P3|TankWar_P4|TankWar_P5"
"R1161","METHOD_CALL","E130","addElement","C:\Users\JBNU\git\ConstraintsRecovery\assets\tankwar\asset15",148,"G4","TankWar_P1|TankWar_P2|TankWar_P3|TankWar_P4|TankWar_P5","UNRESOLVED","unresolved target","TankWar_P1|TankWar_P2|TankWar_P3|TankWar_P4|TankWar_P5"
"R1164","METHOD_CALL","E130","size","C:\Users\JBNU\git\ConstraintsRecovery\assets\tankwar\asset15",150,"G4","TankWar_P1|TankWar_P2|TankWar_P3|TankWar_P4|TankWar_P5","RESOLVED_EXTERNAL","external target","TankWar_P1|TankWar_P2|TankWar_P3|TankWar_P4|TankWar_P5"
"R1167","METHOD_CALL","E130","addElement","C:\Users\JBNU\git\ConstraintsRecovery\assets\tankwar\asset15",151,"G4","TankWar_P1|TankWar_P2|TankWar_P3|TankWar_P4|TankWar_P5","RESOLVED_EXTERNAL","external target","TankWar_P1|TankWar_P2|TankWar_P3|TankWar_P4|TankWar_P5"
"R1168","METHOD_CALL","E130","elementAt","C:\Users\JBNU\git\ConstraintsRecovery\assets\tankwar\asset15",151,"G4","TankWar_P1|TankWar_P2|TankWar_P3|TankWar_P4|TankWar_P5","RESOLVED_EXTERNAL","external target","TankWar_P1|TankWar_P2|TankWar_P3|TankWar_P4|TankWar_P5"
"R1170","METHOD_CALL","E130","addElement","C:\Users\JBNU\git\ConstraintsRecovery\assets\tankwar\asset15",157,"G4","TankWar_P1|TankWar_P2|TankWar_P3|TankWar_P4|TankWar_P5","UNRESOLVED","unresolved target","TankWar_P1|TankWar_P2|TankWar_P3|TankWar_P4|TankWar_P5"
"R1173","METHOD_CALL","E130","removeAllElements","C:\Users\JBNU\git\ConstraintsRecovery\assets\tankwar\asset15",159,"G4","TankWar_P1|TankWar_P2|TankWar_P3|TankWar_P4|TankWar_P5","RESOLVED_EXTERNAL","external target","TankWar_P1|TankWar_P2|TankWar_P3|TankWar_P4|TankWar_P5"
"R1174","METHOD_CALL","E130","size","C:\Users\JBNU\git\ConstraintsRecovery\assets\tankwar\asset15",160,"G4","TankWar_P1|TankWar_P2|TankWar_P3|TankWar_P4|TankWar_P5","RESOLVED_EXTERNAL","external target","TankWar_P1|TankWar_P2|TankWar_P3|TankWar_P4|TankWar_P5"
"R1177","METHOD_CALL","E130","addElement","C:\Users\JBNU\git\ConstraintsRecovery\assets\tankwar\asset15",161,"G4","TankWar_P1|TankWar_P2|TankWar_P3|TankWar_P4|TankWar_P5","RESOLVED_EXTERNAL","external target","TankWar_P1|TankWar_P2|TankWar_P3|TankWar_P4|TankWar_P5"
"R1178","METHOD_CALL","E130","elementAt","C:\Users\JBNU\git\ConstraintsRecovery\assets\tankwar\asset15",161,"G4","TankWar_P1|TankWar_P2|TankWar_P3|TankWar_P4|TankWar_P5","RESOLVED_EXTERNAL","external target","TankWar_P1|TankWar_P2|TankWar_P3|TankWar_P4|TankWar_P5"
"R1180","FIELD_REFERENCE","E130","status","C:\Users\JBNU\git\ConstraintsRecovery\assets\tankwar\asset15",163,"G4","TankWar_P1|TankWar_P2|TankWar_P3|TankWar_P4|TankWar_P5","AMBIGUOUS","ambiguous target","TankWar_P1|TankWar_P2|TankWar_P3|TankWar_P4|TankWar_P5"
"R1181","METHOD_CALL","E130","elementAt","C:\Users\JBNU\git\ConstraintsRecovery\assets\tankwar\asset15",163,"G4","TankWar_P1|TankWar_P2|TankWar_P3|TankWar_P4|TankWar_P5","RESOLVED_EXTERNAL","external target","TankWar_P1|TankWar_P2|TankWar_P3|TankWar_P4|TankWar_P5"
"R1184","FIELD_REFERENCE","E130","status","C:\Users\JBNU\git\ConstraintsRecovery\assets\tankwar\asset15",165,"G4","TankWar_P1|TankWar_P2|TankWar_P3|TankWar_P4|TankWar_P5","AMBIGUOUS","ambiguous target","TankWar_P1|TankWar_P2|TankWar_P3|TankWar_P4|TankWar_P5"
"R1185","METHOD_CALL","E130","elementAt","C:\Users\JBNU\git\ConstraintsRecovery\assets\tankwar\asset15",165,"G4","TankWar_P1|TankWar_P2|TankWar_P3|TankWar_P4|TankWar_P5","RESOLVED_EXTERNAL","external target","TankWar_P1|TankWar_P2|TankWar_P3|TankWar_P4|TankWar_P5"
"R1189","METHOD_CALL","E130","addElement","C:\Users\JBNU\git\ConstraintsRecovery\assets\tankwar\asset15",169,"G4","TankWar_P1|TankWar_P2|TankWar_P3|TankWar_P4|TankWar_P5","UNRESOLVED","unresolved target","TankWar_P1|TankWar_P2|TankWar_P3|TankWar_P4|TankWar_P5"
"R1193","METHOD_CALL","E131","size","C:\Users\JBNU\git\ConstraintsRecovery\assets\tankwar\asset15",174,"G4","TankWar_P1|TankWar_P2|TankWar_P3|TankWar_P4|TankWar_P5","RESOLVED_EXTERNAL","external target","TankWar_P1|TankWar_P2|TankWar_P3|TankWar_P4|TankWar_P5"
"R1196","FIELD_REFERENCE","E131","status","C:\Users\JBNU\git\ConstraintsRecovery\assets\tankwar\asset15",175,"G4","TankWar_P1|TankWar_P2|TankWar_P3|TankWar_P4|TankWar_P5","AMBIGUOUS","ambiguous target","TankWar_P1|TankWar_P2|TankWar_P3|TankWar_P4|TankWar_P5"
"R1197","METHOD_CALL","E131","elementAt","C:\Users\JBNU\git\ConstraintsRecovery\assets\tankwar\asset15",175,"G4","TankWar_P1|TankWar_P2|TankWar_P3|TankWar_P4|TankWar_P5","RESOLVED_EXTERNAL","external target","TankWar_P1|TankWar_P2|TankWar_P3|TankWar_P4|TankWar_P5"
"R1200","FIELD_REFERENCE","E131","status","C:\Users\JBNU\git\ConstraintsRecovery\assets\tankwar\asset15",176,"G4","TankWar_P1|TankWar_P2|TankWar_P3|TankWar_P4|TankWar_P5","AMBIGUOUS","ambiguous target","TankWar_P1|TankWar_P2|TankWar_P3|TankWar_P4|TankWar_P5"
"R1201","METHOD_CALL","E131","elementAt","C:\Users\JBNU\git\ConstraintsRecovery\assets\tankwar\asset15",176,"G4","TankWar_P1|TankWar_P2|TankWar_P3|TankWar_P4|TankWar_P5","RESOLVED_EXTERNAL","external target","TankWar_P1|TankWar_P2|TankWar_P3|TankWar_P4|TankWar_P5"
"R1204","METHOD_CALL","E131","size","C:\Users\JBNU\git\ConstraintsRecovery\assets\tankwar\asset15",177,"G4","TankWar_P1|TankWar_P2|TankWar_P3|TankWar_P4|TankWar_P5","RESOLVED_EXTERNAL","external target","TankWar_P1|TankWar_P2|TankWar_P3|TankWar_P4|TankWar_P5"
"R1206","FIELD_REFERENCE","E131","status","C:\Users\JBNU\git\ConstraintsRecovery\assets\tankwar\asset15",178,"G4","TankWar_P1|TankWar_P2|TankWar_P3|TankWar_P4|TankWar_P5","AMBIGUOUS","ambiguous target","TankWar_P1|TankWar_P2|TankWar_P3|TankWar_P4|TankWar_P5"
"R1207","METHOD_CALL","E131","elementAt","C:\Users\JBNU\git\ConstraintsRecovery\assets\tankwar\asset15",178,"G4","TankWar_P1|TankWar_P2|TankWar_P3|TankWar_P4|TankWar_P5","RESOLVED_EXTERNAL","external target","TankWar_P1|TankWar_P2|TankWar_P3|TankWar_P4|TankWar_P5"
"R1210","FIELD_REFERENCE","E131","status","C:\Users\JBNU\git\ConstraintsRecovery\assets\tankwar\asset15",180,"G4","TankWar_P1|TankWar_P2|TankWar_P3|TankWar_P4|TankWar_P5","AMBIGUOUS","ambiguous target","TankWar_P1|TankWar_P2|TankWar_P3|TankWar_P4|TankWar_P5"
"R1211","METHOD_CALL","E131","elementAt","C:\Users\JBNU\git\ConstraintsRecovery\assets\tankwar\asset15",180,"G4","TankWar_P1|TankWar_P2|TankWar_P3|TankWar_P4|TankWar_P5","RESOLVED_EXTERNAL","external target","TankWar_P1|TankWar_P2|TankWar_P3|TankWar_P4|TankWar_P5"
"R1214","METHOD_CALL","E131","size","C:\Users\JBNU\git\ConstraintsRecovery\assets\tankwar\asset15",187,"G4","TankWar_P1|TankWar_P2|TankWar_P3|TankWar_P4|TankWar_P5","RESOLVED_EXTERNAL","external target","TankWar_P1|TankWar_P2|TankWar_P3|TankWar_P4|TankWar_P5"
"R1217","FIELD_REFERENCE","E131","status","C:\Users\JBNU\git\ConstraintsRecovery\assets\tankwar\asset15",188,"G4","TankWar_P1|TankWar_P2|TankWar_P3|TankWar_P4|TankWar_P5","AMBIGUOUS","ambiguous target","TankWar_P1|TankWar_P2|TankWar_P3|TankWar_P4|TankWar_P5"
"R1218","METHOD_CALL","E131","elementAt","C:\Users\JBNU\git\ConstraintsRecovery\assets\tankwar\asset15",188,"G4","TankWar_P1|TankWar_P2|TankWar_P3|TankWar_P4|TankWar_P5","RESOLVED_EXTERNAL","external target","TankWar_P1|TankWar_P2|TankWar_P3|TankWar_P4|TankWar_P5"
"R1221","FIELD_REFERENCE","E131","status","C:\Users\JBNU\git\ConstraintsRecovery\assets\tankwar\asset15",189,"G4","TankWar_P1|TankWar_P2|TankWar_P3|TankWar_P4|TankWar_P5","AMBIGUOUS","ambiguous target","TankWar_P1|TankWar_P2|TankWar_P3|TankWar_P4|TankWar_P5"
"R1222","METHOD_CALL","E131","elementAt","C:\Users\JBNU\git\ConstraintsRecovery\assets\tankwar\asset15",189,"G4","TankWar_P1|TankWar_P2|TankWar_P3|TankWar_P4|TankWar_P5","RESOLVED_EXTERNAL","external target","TankWar_P1|TankWar_P2|TankWar_P3|TankWar_P4|TankWar_P5"
"R1225","FIELD_REFERENCE","E131","status","C:\Users\JBNU\git\ConstraintsRecovery\assets\tankwar\asset15",191,"G4","TankWar_P1|TankWar_P2|TankWar_P3|TankWar_P4|TankWar_P5","AMBIGUOUS","ambiguous target","TankWar_P1|TankWar_P2|TankWar_P3|TankWar_P4|TankWar_P5"
"R1226","METHOD_CALL","E131","elementAt","C:\Users\JBNU\git\ConstraintsRecovery\assets\tankwar\asset15",191,"G4","TankWar_P1|TankWar_P2|TankWar_P3|TankWar_P4|TankWar_P5","RESOLVED_EXTERNAL","external target","TankWar_P1|TankWar_P2|TankWar_P3|TankWar_P4|TankWar_P5"
"R1227","METHOD_CALL","E131","size","C:\Users\JBNU\git\ConstraintsRecovery\assets\tankwar\asset15",191,"G4","TankWar_P1|TankWar_P2|TankWar_P3|TankWar_P4|TankWar_P5","RESOLVED_EXTERNAL","external target","TankWar_P1|TankWar_P2|TankWar_P3|TankWar_P4|TankWar_P5"
"R1230","FIELD_REFERENCE","E131","status","C:\Users\JBNU\git\ConstraintsRecovery\assets\tankwar\asset15",193,"G4","TankWar_P1|TankWar_P2|TankWar_P3|TankWar_P4|TankWar_P5","AMBIGUOUS","ambiguous target","TankWar_P1|TankWar_P2|TankWar_P3|TankWar_P4|TankWar_P5"
"R1231","METHOD_CALL","E131","elementAt","C:\Users\JBNU\git\ConstraintsRecovery\assets\tankwar\asset15",193,"G4","TankWar_P1|TankWar_P2|TankWar_P3|TankWar_P4|TankWar_P5","RESOLVED_EXTERNAL","external target","TankWar_P1|TankWar_P2|TankWar_P3|TankWar_P4|TankWar_P5"
"R1235","METHOD_CALL","E131","size","C:\Users\JBNU\git\ConstraintsRecovery\assets\tankwar\asset15",201,"G4","TankWar_P1|TankWar_P2|TankWar_P3|TankWar_P4|TankWar_P5","RESOLVED_EXTERNAL","external target","TankWar_P1|TankWar_P2|TankWar_P3|TankWar_P4|TankWar_P5"
"R1238","FIELD_REFERENCE","E131","status","C:\Users\JBNU\git\ConstraintsRecovery\assets\tankwar\asset15",202,"G4","TankWar_P1|TankWar_P2|TankWar_P3|TankWar_P4|TankWar_P5","AMBIGUOUS","ambiguous target","TankWar_P1|TankWar_P2|TankWar_P3|TankWar_P4|TankWar_P5"
"R1239","METHOD_CALL","E131","elementAt","C:\Users\JBNU\git\ConstraintsRecovery\assets\tankwar\asset15",202,"G4","TankWar_P1|TankWar_P2|TankWar_P3|TankWar_P4|TankWar_P5","RESOLVED_EXTERNAL","external target","TankWar_P1|TankWar_P2|TankWar_P3|TankWar_P4|TankWar_P5"
"R1244","METHOD_CALL","E131","elementAt","C:\Users\JBNU\git\ConstraintsRecovery\assets\tankwar\asset15",203,"G4","TankWar_P1|TankWar_P2|TankWar_P3|TankWar_P4|TankWar_P5","RESOLVED_EXTERNAL","external target","TankWar_P1|TankWar_P2|TankWar_P3|TankWar_P4|TankWar_P5"
"R1245","METHOD_CALL","E131","menuBehandeln","C:\Users\JBNU\git\ConstraintsRecovery\assets\tankwar\asset15",203,"G4","TankWar_P1|TankWar_P2|TankWar_P3|TankWar_P4|TankWar_P5","AMBIGUOUS","ambiguous target","TankWar_P1|TankWar_P2|TankWar_P3|TankWar_P4|TankWar_P5"
"R1250","METHOD_CALL","E131","elementAt","C:\Users\JBNU\git\ConstraintsRecovery\assets\tankwar\asset15",208,"G4","TankWar_P1|TankWar_P2|TankWar_P3|TankWar_P4|TankWar_P5","RESOLVED_EXTERNAL","external target","TankWar_P1|TankWar_P2|TankWar_P3|TankWar_P4|TankWar_P5"
"R1251","METHOD_CALL","E131","menuBehandeln","C:\Users\JBNU\git\ConstraintsRecovery\assets\tankwar\asset15",208,"G4","TankWar_P1|TankWar_P2|TankWar_P3|TankWar_P4|TankWar_P5","AMBIGUOUS","ambiguous target","TankWar_P1|TankWar_P2|TankWar_P3|TankWar_P4|TankWar_P5"
"R1256","FIELD_REFERENCE","E132","KEY_ANTIALIASING","C:\Users\JBNU\git\ConstraintsRecovery\assets\tankwar\asset15",215,"G4","TankWar_P1|TankWar_P2|TankWar_P3|TankWar_P4|TankWar_P5","RESOLVED_EXTERNAL","external target","TankWar_P1|TankWar_P2|TankWar_P3|TankWar_P4|TankWar_P5"
"R1257","FIELD_REFERENCE","E132","VALUE_ANTIALIAS_ON","C:\Users\JBNU\git\ConstraintsRecovery\assets\tankwar\asset15",215,"G4","TankWar_P1|TankWar_P2|TankWar_P3|TankWar_P4|TankWar_P5","RESOLVED_EXTERNAL","external target","TankWar_P1|TankWar_P2|TankWar_P3|TankWar_P4|TankWar_P5"
"R1258","METHOD_CALL","E132","setRenderingHint","C:\Users\JBNU\git\ConstraintsRecovery\assets\tankwar\asset15",215,"G4","TankWar_P1|TankWar_P2|TankWar_P3|TankWar_P4|TankWar_P5","RESOLVED_EXTERNAL","external target","TankWar_P1|TankWar_P2|TankWar_P3|TankWar_P4|TankWar_P5"
"R1259","CONSTRUCTOR_CALL","E132","Font","C:\Users\JBNU\git\ConstraintsRecovery\assets\tankwar\asset15",216,"G4","TankWar_P1|TankWar_P2|TankWar_P3|TankWar_P4|TankWar_P5","RESOLVED_EXTERNAL","external target","TankWar_P1|TankWar_P2|TankWar_P3|TankWar_P4|TankWar_P5"
"R1260","FIELD_REFERENCE","E132","PLAIN","C:\Users\JBNU\git\ConstraintsRecovery\assets\tankwar\asset15",216,"G4","TankWar_P1|TankWar_P2|TankWar_P3|TankWar_P4|TankWar_P5","RESOLVED_EXTERNAL","external target","TankWar_P1|TankWar_P2|TankWar_P3|TankWar_P4|TankWar_P5"
"R1265","METHOD_CALL","E132","setFont","C:\Users\JBNU\git\ConstraintsRecovery\assets\tankwar\asset15",217,"G4","TankWar_P1|TankWar_P2|TankWar_P3|TankWar_P4|TankWar_P5","RESOLVED_EXTERNAL","external target","TankWar_P1|TankWar_P2|TankWar_P3|TankWar_P4|TankWar_P5"
"R1271","METHOD_CALL","E132","drawImage","C:\Users\JBNU\git\ConstraintsRecovery\assets\tankwar\asset15",219,"G4","TankWar_P1|TankWar_P2|TankWar_P3|TankWar_P4|TankWar_P5","RESOLVED_EXTERNAL","external target","TankWar_P1|TankWar_P2|TankWar_P3|TankWar_P4|TankWar_P5"
"R1272","FIELD_REFERENCE","E132","GREEN","C:\Users\JBNU\git\ConstraintsRecovery\assets\tankwar\asset15",221,"G4","TankWar_P1|TankWar_P2|TankWar_P3|TankWar_P4|TankWar_P5","RESOLVED_EXTERNAL","external target","TankWar_P1|TankWar_P2|TankWar_P3|TankWar_P4|TankWar_P5"
"R1273","METHOD_CALL","E132","setColor","C:\Users\JBNU\git\ConstraintsRecovery\assets\tankwar\asset15",221,"G4","TankWar_P1|TankWar_P2|TankWar_P3|TankWar_P4|TankWar_P5","RESOLVED_EXTERNAL","external target","TankWar_P1|TankWar_P2|TankWar_P3|TankWar_P4|TankWar_P5"
"R1276","METHOD_CALL","E132","elementAt","C:\Users\JBNU\git\ConstraintsRecovery\assets\tankwar\asset15",222,"G4","TankWar_P1|TankWar_P2|TankWar_P3|TankWar_P4|TankWar_P5","RESOLVED_EXTERNAL","external target","TankWar_P1|TankWar_P2|TankWar_P3|TankWar_P4|TankWar_P5"
"R1279","METHOD_CALL","E132","size","C:\Users\JBNU\git\ConstraintsRecovery\assets\tankwar\asset15",223,"G4","TankWar_P1|TankWar_P2|TankWar_P3|TankWar_P4|TankWar_P5","RESOLVED_EXTERNAL","external target","TankWar_P1|TankWar_P2|TankWar_P3|TankWar_P4|TankWar_P5"
"R1281","METHOD_CALL","E132","getFontRenderContext","C:\Users\JBNU\git\ConstraintsRecovery\assets\tankwar\asset15",224,"G4","TankWar_P1|TankWar_P2|TankWar_P3|TankWar_P4|TankWar_P5","RESOLVED_EXTERNAL","external target","TankWar_P1|TankWar_P2|TankWar_P3|TankWar_P4|TankWar_P5"
"R1285","METHOD_CALL","E132","elementAt","C:\Users\JBNU\git\ConstraintsRecovery\assets\tankwar\asset15",225,"G4","TankWar_P1|TankWar_P2|TankWar_P3|TankWar_P4|TankWar_P5","RESOLVED_EXTERNAL","external target","TankWar_P1|TankWar_P2|TankWar_P3|TankWar_P4|TankWar_P5"
"R1286","METHOD_CALL","E132","getFont","C:\Users\JBNU\git\ConstraintsRecovery\assets\tankwar\asset15",225,"G4","TankWar_P1|TankWar_P2|TankWar_P3|TankWar_P4|TankWar_P5","RESOLVED_EXTERNAL","external target","TankWar_P1|TankWar_P2|TankWar_P3|TankWar_P4|TankWar_P5"
"R1287","METHOD_CALL","E132","getStringBounds","C:\Users\JBNU\git\ConstraintsRecovery\assets\tankwar\asset15",225,"G4","TankWar_P1|TankWar_P2|TankWar_P3|TankWar_P4|TankWar_P5","UNRESOLVED","unresolved target","TankWar_P1|TankWar_P2|TankWar_P3|TankWar_P4|TankWar_P5"
"R1292","METHOD_CALL","E132","getWidth","C:\Users\JBNU\git\ConstraintsRecovery\assets\tankwar\asset15",228,"G4","TankWar_P1|TankWar_P2|TankWar_P3|TankWar_P4|TankWar_P5","RESOLVED_EXTERNAL","external target","TankWar_P1|TankWar_P2|TankWar_P3|TankWar_P4|TankWar_P5"
"R1297","METHOD_CALL","E132","getHeight","C:\Users\JBNU\git\ConstraintsRecovery\assets\tankwar\asset15",229,"G4","TankWar_P1|TankWar_P2|TankWar_P3|TankWar_P4|TankWar_P5","RESOLVED_EXTERNAL","external target","TankWar_P1|TankWar_P2|TankWar_P3|TankWar_P4|TankWar_P5"
"R1298","METHOD_CALL","E132","size","C:\Users\JBNU\git\ConstraintsRecovery\assets\tankwar\asset15",229,"G4","TankWar_P1|TankWar_P2|TankWar_P3|TankWar_P4|TankWar_P5","RESOLVED_EXTERNAL","external target","TankWar_P1|TankWar_P2|TankWar_P3|TankWar_P4|TankWar_P5"
"R1303","METHOD_CALL","E132","getWidth","C:\Users\JBNU\git\ConstraintsRecovery\assets\tankwar\asset15",232,"G4","TankWar_P1|TankWar_P2|TankWar_P3|TankWar_P4|TankWar_P5","RESOLVED_EXTERNAL","external target","TankWar_P1|TankWar_P2|TankWar_P3|TankWar_P4|TankWar_P5"
"R1304","METHOD_CALL","E132","size","C:\Users\JBNU\git\ConstraintsRecovery\assets\tankwar\asset15",232,"G4","TankWar_P1|TankWar_P2|TankWar_P3|TankWar_P4|TankWar_P5","RESOLVED_EXTERNAL","external target","TankWar_P1|TankWar_P2|TankWar_P3|TankWar_P4|TankWar_P5"
"R1307","METHOD_CALL","E132","getHeight","C:\Users\JBNU\git\ConstraintsRecovery\assets\tankwar\asset15",233,"G4","TankWar_P1|TankWar_P2|TankWar_P3|TankWar_P4|TankWar_P5","RESOLVED_EXTERNAL","external target","TankWar_P1|TankWar_P2|TankWar_P3|TankWar_P4|TankWar_P5"
"R1312","METHOD_CALL","E132","getWidth","C:\Users\JBNU\git\ConstraintsRecovery\assets\tankwar\asset15",236,"G4","TankWar_P1|TankWar_P2|TankWar_P3|TankWar_P4|TankWar_P5","RESOLVED_EXTERNAL","external target","TankWar_P1|TankWar_P2|TankWar_P3|TankWar_P4|TankWar_P5"
"R1313","METHOD_CALL","E132","size","C:\Users\JBNU\git\ConstraintsRecovery\assets\tankwar\asset15",236,"G4","TankWar_P1|TankWar_P2|TankWar_P3|TankWar_P4|TankWar_P5","RESOLVED_EXTERNAL","external target","TankWar_P1|TankWar_P2|TankWar_P3|TankWar_P4|TankWar_P5"
"R1318","METHOD_CALL","E132","getHeight","C:\Users\JBNU\git\ConstraintsRecovery\assets\tankwar\asset15",237,"G4","TankWar_P1|TankWar_P2|TankWar_P3|TankWar_P4|TankWar_P5","RESOLVED_EXTERNAL","external target","TankWar_P1|TankWar_P2|TankWar_P3|TankWar_P4|TankWar_P5"
"R1319","METHOD_CALL","E132","size","C:\Users\JBNU\git\ConstraintsRecovery\assets\tankwar\asset15",237,"G4","TankWar_P1|TankWar_P2|TankWar_P3|TankWar_P4|TankWar_P5","RESOLVED_EXTERNAL","external target","TankWar_P1|TankWar_P2|TankWar_P3|TankWar_P4|TankWar_P5"
"R1322","METHOD_CALL","E132","getWidth","C:\Users\JBNU\git\ConstraintsRecovery\assets\tankwar\asset15",240,"G4","TankWar_P1|TankWar_P2|TankWar_P3|TankWar_P4|TankWar_P5","RESOLVED_EXTERNAL","external target","TankWar_P1|TankWar_P2|TankWar_P3|TankWar_P4|TankWar_P5"
"R1325","METHOD_CALL","E132","getHeight","C:\Users\JBNU\git\ConstraintsRecovery\assets\tankwar\asset15",241,"G4","TankWar_P1|TankWar_P2|TankWar_P3|TankWar_P4|TankWar_P5","RESOLVED_EXTERNAL","external target","TankWar_P1|TankWar_P2|TankWar_P3|TankWar_P4|TankWar_P5"
"R1328","FIELD_REFERENCE","E132","status","C:\Users\JBNU\git\ConstraintsRecovery\assets\tankwar\asset15",244,"G4","TankWar_P1|TankWar_P2|TankWar_P3|TankWar_P4|TankWar_P5","AMBIGUOUS","ambiguous target","TankWar_P1|TankWar_P2|TankWar_P3|TankWar_P4|TankWar_P5"
"R1329","METHOD_CALL","E132","elementAt","C:\Users\JBNU\git\ConstraintsRecovery\assets\tankwar\asset15",244,"G4","TankWar_P1|TankWar_P2|TankWar_P3|TankWar_P4|TankWar_P5","RESOLVED_EXTERNAL","external target","TankWar_P1|TankWar_P2|TankWar_P3|TankWar_P4|TankWar_P5"
"R1331","FIELD_REFERENCE","E132","green","C:\Users\JBNU\git\ConstraintsRecovery\assets\tankwar\asset15",245,"G4","TankWar_P1|TankWar_P2|TankWar_P3|TankWar_P4|TankWar_P5","RESOLVED_EXTERNAL","external target","TankWar_P1|TankWar_P2|TankWar_P3|TankWar_P4|TankWar_P5"
"R1332","METHOD_CALL","E132","setColor","C:\Users\JBNU\git\ConstraintsRecovery\assets\tankwar\asset15",245,"G4","TankWar_P1|TankWar_P2|TankWar_P3|TankWar_P4|TankWar_P5","RESOLVED_EXTERNAL","external target","TankWar_P1|TankWar_P2|TankWar_P3|TankWar_P4|TankWar_P5"
"R1334","FIELD_REFERENCE","E132","red","C:\Users\JBNU\git\ConstraintsRecovery\assets\tankwar\asset15",248,"G4","TankWar_P1|TankWar_P2|TankWar_P3|TankWar_P4|TankWar_P5","RESOLVED_EXTERNAL","external target","TankWar_P1|TankWar_P2|TankWar_P3|TankWar_P4|TankWar_P5"
"R1335","METHOD_CALL","E132","setColor","C:\Users\JBNU\git\ConstraintsRecovery\assets\tankwar\asset15",248,"G4","TankWar_P1|TankWar_P2|TankWar_P3|TankWar_P4|TankWar_P5","RESOLVED_EXTERNAL","external target","TankWar_P1|TankWar_P2|TankWar_P3|TankWar_P4|TankWar_P5"
"R1341","METHOD_CALL","E132","drawString","C:\Users\JBNU\git\ConstraintsRecovery\assets\tankwar\asset15",251,"G4","TankWar_P1|TankWar_P2|TankWar_P3|TankWar_P4|TankWar_P5","UNRESOLVED","unresolved target","TankWar_P1|TankWar_P2|TankWar_P3|TankWar_P4|TankWar_P5"
"R1342","METHOD_CALL","E132","elementAt","C:\Users\JBNU\git\ConstraintsRecovery\assets\tankwar\asset15",251,"G4","TankWar_P1|TankWar_P2|TankWar_P3|TankWar_P4|TankWar_P5","RESOLVED_EXTERNAL","external target","TankWar_P1|TankWar_P2|TankWar_P3|TankWar_P4|TankWar_P5"
"R1343","METHOD_CALL","E132","getHeight","C:\Users\JBNU\git\ConstraintsRecovery\assets\tankwar\asset15",251,"G4","TankWar_P1|TankWar_P2|TankWar_P3|TankWar_P4|TankWar_P5","RESOLVED_EXTERNAL","external target","TankWar_P1|TankWar_P2|TankWar_P3|TankWar_P4|TankWar_P5"
"R1350","METHOD_CALL","E132","elementAt","C:\Users\JBNU\git\ConstraintsRecovery\assets\tankwar\asset15",256,"G4","TankWar_P1|TankWar_P2|TankWar_P3|TankWar_P4|TankWar_P5","RESOLVED_EXTERNAL","external target","TankWar_P1|TankWar_P2|TankWar_P3|TankWar_P4|TankWar_P5"
"R1351","METHOD_CALL","E132","getWidth","C:\Users\JBNU\git\ConstraintsRecovery\assets\tankwar\asset15",256,"G4","TankWar_P1|TankWar_P2|TankWar_P3|TankWar_P4|TankWar_P5","UNRESOLVED","unresolved target","TankWar_P1|TankWar_P2|TankWar_P3|TankWar_P4|TankWar_P5"
"R1357","METHOD_CALL","E132","elementAt","C:\Users\JBNU\git\ConstraintsRecovery\assets\tankwar\asset15",257,"G4","TankWar_P1|TankWar_P2|TankWar_P3|TankWar_P4|TankWar_P5","RESOLVED_EXTERNAL","external target","TankWar_P1|TankWar_P2|TankWar_P3|TankWar_P4|TankWar_P5"
"R1358","METHOD_CALL","E132","getHeight","C:\Users\JBNU\git\ConstraintsRecovery\assets\tankwar\asset15",257,"G4","TankWar_P1|TankWar_P2|TankWar_P3|TankWar_P4|TankWar_P5","UNRESOLVED","unresolved target","TankWar_P1|TankWar_P2|TankWar_P3|TankWar_P4|TankWar_P5"
"R1359","METHOD_CALL","E132","size","C:\Users\JBNU\git\ConstraintsRecovery\assets\tankwar\asset15",257,"G4","TankWar_P1|TankWar_P2|TankWar_P3|TankWar_P4|TankWar_P5","RESOLVED_EXTERNAL","external target","TankWar_P1|TankWar_P2|TankWar_P3|TankWar_P4|TankWar_P5"
"R1365","METHOD_CALL","E132","elementAt","C:\Users\JBNU\git\ConstraintsRecovery\assets\tankwar\asset15",260,"G4","TankWar_P1|TankWar_P2|TankWar_P3|TankWar_P4|TankWar_P5","RESOLVED_EXTERNAL","external target","TankWar_P1|TankWar_P2|TankWar_P3|TankWar_P4|TankWar_P5"
"R1366","METHOD_CALL","E132","getWidth","C:\Users\JBNU\git\ConstraintsRecovery\assets\tankwar\asset15",260,"G4","TankWar_P1|TankWar_P2|TankWar_P3|TankWar_P4|TankWar_P5","UNRESOLVED","unresolved target","TankWar_P1|TankWar_P2|TankWar_P3|TankWar_P4|TankWar_P5"
"R1367","METHOD_CALL","E132","size","C:\Users\JBNU\git\ConstraintsRecovery\assets\tankwar\asset15",260,"G4","TankWar_P1|TankWar_P2|TankWar_P3|TankWar_P4|TankWar_P5","RESOLVED_EXTERNAL","external target","TankWar_P1|TankWar_P2|TankWar_P3|TankWar_P4|TankWar_P5"
"R1372","METHOD_CALL","E132","elementAt","C:\Users\JBNU\git\ConstraintsRecovery\assets\tankwar\asset15",261,"G4","TankWar_P1|TankWar_P2|TankWar_P3|TankWar_P4|TankWar_P5","RESOLVED_EXTERNAL","external target","TankWar_P1|TankWar_P2|TankWar_P3|TankWar_P4|TankWar_P5"
"R1373","METHOD_CALL","E132","getHeight","C:\Users\JBNU\git\ConstraintsRecovery\assets\tankwar\asset15",261,"G4","TankWar_P1|TankWar_P2|TankWar_P3|TankWar_P4|TankWar_P5","UNRESOLVED","unresolved target","TankWar_P1|TankWar_P2|TankWar_P3|TankWar_P4|TankWar_P5"
"R1379","METHOD_CALL","E132","elementAt","C:\Users\JBNU\git\ConstraintsRecovery\assets\tankwar\asset15",264,"G4","TankWar_P1|TankWar_P2|TankWar_P3|TankWar_P4|TankWar_P5","RESOLVED_EXTERNAL","external target","TankWar_P1|TankWar_P2|TankWar_P3|TankWar_P4|TankWar_P5"
"R1380","METHOD_CALL","E132","getWidth","C:\Users\JBNU\git\ConstraintsRecovery\assets\tankwar\asset15",264,"G4","TankWar_P1|TankWar_P2|TankWar_P3|TankWar_P4|TankWar_P5","UNRESOLVED","unresolved target","TankWar_P1|TankWar_P2|TankWar_P3|TankWar_P4|TankWar_P5"
"R1381","METHOD_CALL","E132","size","C:\Users\JBNU\git\ConstraintsRecovery\assets\tankwar\asset15",264,"G4","TankWar_P1|TankWar_P2|TankWar_P3|TankWar_P4|TankWar_P5","RESOLVED_EXTERNAL","external target","TankWar_P1|TankWar_P2|TankWar_P3|TankWar_P4|TankWar_P5"
"R1387","METHOD_CALL","E132","elementAt","C:\Users\JBNU\git\ConstraintsRecovery\assets\tankwar\asset15",265,"G4","TankWar_P1|TankWar_P2|TankWar_P3|TankWar_P4|TankWar_P5","RESOLVED_EXTERNAL","external target","TankWar_P1|TankWar_P2|TankWar_P3|TankWar_P4|TankWar_P5"
"R1388","METHOD_CALL","E132","getHeight","C:\Users\JBNU\git\ConstraintsRecovery\assets\tankwar\asset15",265,"G4","TankWar_P1|TankWar_P2|TankWar_P3|TankWar_P4|TankWar_P5","UNRESOLVED","unresolved target","TankWar_P1|TankWar_P2|TankWar_P3|TankWar_P4|TankWar_P5"
"R1389","METHOD_CALL","E132","size","C:\Users\JBNU\git\ConstraintsRecovery\assets\tankwar\asset15",265,"G4","TankWar_P1|TankWar_P2|TankWar_P3|TankWar_P4|TankWar_P5","RESOLVED_EXTERNAL","external target","TankWar_P1|TankWar_P2|TankWar_P3|TankWar_P4|TankWar_P5"
"R1394","METHOD_CALL","E132","elementAt","C:\Users\JBNU\git\ConstraintsRecovery\assets\tankwar\asset15",268,"G4","TankWar_P1|TankWar_P2|TankWar_P3|TankWar_P4|TankWar_P5","RESOLVED_EXTERNAL","external target","TankWar_P1|TankWar_P2|TankWar_P3|TankWar_P4|TankWar_P5"
"R1395","METHOD_CALL","E132","getWidth","C:\Users\JBNU\git\ConstraintsRecovery\assets\tankwar\asset15",268,"G4","TankWar_P1|TankWar_P2|TankWar_P3|TankWar_P4|TankWar_P5","UNRESOLVED","unresolved target","TankWar_P1|TankWar_P2|TankWar_P3|TankWar_P4|TankWar_P5"
"R1400","METHOD_CALL","E132","elementAt","C:\Users\JBNU\git\ConstraintsRecovery\assets\tankwar\asset15",269,"G4","TankWar_P1|TankWar_P2|TankWar_P3|TankWar_P4|TankWar_P5","RESOLVED_EXTERNAL","external target","TankWar_P1|TankWar_P2|TankWar_P3|TankWar_P4|TankWar_P5"
"R1401","METHOD_CALL","E132","getHeight","C:\Users\JBNU\git\ConstraintsRecovery\assets\tankwar\asset15",269,"G4","TankWar_P1|TankWar_P2|TankWar_P3|TankWar_P4|TankWar_P5","UNRESOLVED","unresolved target","TankWar_P1|TankWar_P2|TankWar_P3|TankWar_P4|TankWar_P5"
"R1404","METHOD_CALL","E132","size","C:\Users\JBNU\git\ConstraintsRecovery\assets\tankwar\asset15",272,"G4","TankWar_P1|TankWar_P2|TankWar_P3|TankWar_P4|TankWar_P5","RESOLVED_EXTERNAL","external target","TankWar_P1|TankWar_P2|TankWar_P3|TankWar_P4|TankWar_P5"
"R1407","FIELD_REFERENCE","E132","status","C:\Users\JBNU\git\ConstraintsRecovery\assets\tankwar\asset15",273,"G4","TankWar_P1|TankWar_P2|TankWar_P3|TankWar_P4|TankWar_P5","AMBIGUOUS","ambiguous target","TankWar_P1|TankWar_P2|TankWar_P3|TankWar_P4|TankWar_P5"
"R1408","METHOD_CALL","E132","elementAt","C:\Users\JBNU\git\ConstraintsRecovery\assets\tankwar\asset15",273,"G4","TankWar_P1|TankWar_P2|TankWar_P3|TankWar_P4|TankWar_P5","RESOLVED_EXTERNAL","external target","TankWar_P1|TankWar_P2|TankWar_P3|TankWar_P4|TankWar_P5"
"R1416","METHOD_CALL","E132","elementAt","C:\Users\JBNU\git\ConstraintsRecovery\assets\tankwar\asset15",274,"G4","TankWar_P1|TankWar_P2|TankWar_P3|TankWar_P4|TankWar_P5","RESOLVED_EXTERNAL","external target","TankWar_P1|TankWar_P2|TankWar_P3|TankWar_P4|TankWar_P5"
"R1417","METHOD_CALL","E132","getHeight","C:\Users\JBNU\git\ConstraintsRecovery\assets\tankwar\asset15",274,"G4","TankWar_P1|TankWar_P2|TankWar_P3|TankWar_P4|TankWar_P5","UNRESOLVED","unresolved target","TankWar_P1|TankWar_P2|TankWar_P3|TankWar_P4|TankWar_P5"
"R1418","METHOD_CALL","E132","getWidth","C:\Users\JBNU\git\ConstraintsRecovery\assets\tankwar\asset15",274,"G4","TankWar_P1|TankWar_P2|TankWar_P3|TankWar_P4|TankWar_P5","UNRESOLVED","unresolved target","TankWar_P1|TankWar_P2|TankWar_P3|TankWar_P4|TankWar_P5"
"R1427","METHOD_CALL","E132","elementAt","C:\Users\JBNU\git\ConstraintsRecovery\assets\tankwar\asset15",276,"G4","TankWar_P1|TankWar_P2|TankWar_P3|TankWar_P4|TankWar_P5","RESOLVED_EXTERNAL","external target","TankWar_P1|TankWar_P2|TankWar_P3|TankWar_P4|TankWar_P5"
"R1428","METHOD_CALL","E132","getHeight","C:\Users\JBNU\git\ConstraintsRecovery\assets\tankwar\asset15",276,"G4","TankWar_P1|TankWar_P2|TankWar_P3|TankWar_P4|TankWar_P5","UNRESOLVED","unresolved target","TankWar_P1|TankWar_P2|TankWar_P3|TankWar_P4|TankWar_P5"
"R1429","METHOD_CALL","E132","getWidth","C:\Users\JBNU\git\ConstraintsRecovery\assets\tankwar\asset15",276,"G4","TankWar_P1|TankWar_P2|TankWar_P3|TankWar_P4|TankWar_P5","UNRESOLVED","unresolved target","TankWar_P1|TankWar_P2|TankWar_P3|TankWar_P4|TankWar_P5"
"R1431","EXTENDS","E133","Canvas","C:\Users\JBNU\git\ConstraintsRecovery\assets\tankwar\asset16",14,"G4","TankWar_P1|TankWar_P2|TankWar_P3|TankWar_P4|TankWar_P5","UNRESOLVED","unresolved target","TankWar_P1|TankWar_P2|TankWar_P3|TankWar_P4|TankWar_P5"
"R1438","METHOD_CALL","E137","setSize","C:\Users\JBNU\git\ConstraintsRecovery\assets\tankwar\asset16",20,"G4","TankWar_P1|TankWar_P2|TankWar_P3|TankWar_P4|TankWar_P5","RESOLVED_EXTERNAL","external target","TankWar_P1|TankWar_P2|TankWar_P3|TankWar_P4|TankWar_P5"
"R1439","FIELD_REFERENCE","E137","gray","C:\Users\JBNU\git\ConstraintsRecovery\assets\tankwar\asset16",21,"G4","TankWar_P1|TankWar_P2|TankWar_P3|TankWar_P4|TankWar_P5","RESOLVED_EXTERNAL","external target","TankWar_P1|TankWar_P2|TankWar_P3|TankWar_P4|TankWar_P5"
"R1440","METHOD_CALL","E137","setBackground","C:\Users\JBNU\git\ConstraintsRecovery\assets\tankwar\asset16",21,"G4","TankWar_P1|TankWar_P2|TankWar_P3|TankWar_P4|TankWar_P5","RESOLVED_EXTERNAL","external target","TankWar_P1|TankWar_P2|TankWar_P3|TankWar_P4|TankWar_P5"
"R1441","CONSTRUCTOR_CALL","E137","JPanel","C:\Users\JBNU\git\ConstraintsRecovery\assets\tankwar\asset16",22,"G4","TankWar_P1|TankWar_P2|TankWar_P3|TankWar_P4|TankWar_P5","RESOLVED_EXTERNAL","external target","TankWar_P1|TankWar_P2|TankWar_P3|TankWar_P4|TankWar_P5"
"R1444","FIELD_REFERENCE","E137","NORTH","C:\Users\JBNU\git\ConstraintsRecovery\assets\tankwar\asset16",23,"G4","TankWar_P1|TankWar_P2|TankWar_P3|TankWar_P4|TankWar_P5","RESOLVED_EXTERNAL","external target","TankWar_P1|TankWar_P2|TankWar_P3|TankWar_P4|TankWar_P5"
"R1446","METHOD_CALL","E137","add","C:\Users\JBNU\git\ConstraintsRecovery\assets\tankwar\asset16",23,"G4","TankWar_P1|TankWar_P2|TankWar_P3|TankWar_P4|TankWar_P5","RESOLVED_EXTERNAL","external target","TankWar_P1|TankWar_P2|TankWar_P3|TankWar_P4|TankWar_P5"
"R1449","FIELD_REFERENCE","E138","status","C:\Users\JBNU\git\ConstraintsRecovery\assets\tankwar\asset16",26,"G4","TankWar_P1|TankWar_P2|TankWar_P3|TankWar_P4|TankWar_P5","AMBIGUOUS","ambiguous target","TankWar_P1|TankWar_P2|TankWar_P3|TankWar_P4|TankWar_P5"
"R1450","FIELD_REFERENCE","E138","gray","C:\Users\JBNU\git\ConstraintsRecovery\assets\tankwar\asset16",27,"G4","TankWar_P1|TankWar_P2|TankWar_P3|TankWar_P4|TankWar_P5","RESOLVED_EXTERNAL","external target","TankWar_P1|TankWar_P2|TankWar_P3|TankWar_P4|TankWar_P5"
"R1451","METHOD_CALL","E138","setBackground","C:\Users\JBNU\git\ConstraintsRecovery\assets\tankwar\asset16",27,"G4","TankWar_P1|TankWar_P2|TankWar_P3|TankWar_P4|TankWar_P5","RESOLVED_EXTERNAL","external target","TankWar_P1|TankWar_P2|TankWar_P3|TankWar_P4|TankWar_P5"
"R1453","METHOD_CALL","E138","getColor","C:\Users\JBNU\git\ConstraintsRecovery\assets\tankwar\asset16",28,"G4","TankWar_P1|TankWar_P2|TankWar_P3|TankWar_P4|TankWar_P5","RESOLVED_EXTERNAL","external target","TankWar_P1|TankWar_P2|TankWar_P3|TankWar_P4|TankWar_P5"
"R1455","FIELD_REFERENCE","E138","green","C:\Users\JBNU\git\ConstraintsRecovery\assets\tankwar\asset16",29,"G4","TankWar_P1|TankWar_P2|TankWar_P3|TankWar_P4|TankWar_P5","RESOLVED_EXTERNAL","external target","TankWar_P1|TankWar_P2|TankWar_P3|TankWar_P4|TankWar_P5"
"R1456","METHOD_CALL","E138","setColor","C:\Users\JBNU\git\ConstraintsRecovery\assets\tankwar\asset16",29,"G4","TankWar_P1|TankWar_P2|TankWar_P3|TankWar_P4|TankWar_P5","RESOLVED_EXTERNAL","external target","TankWar_P1|TankWar_P2|TankWar_P3|TankWar_P4|TankWar_P5"
"R1457","METHOD_CALL","E138","drawString","C:\Users\JBNU\git\ConstraintsRecovery\assets\tankwar\asset16",30,"G4","TankWar_P1|TankWar_P2|TankWar_P3|TankWar_P4|TankWar_P5","RESOLVED_EXTERNAL","external target","TankWar_P1|TankWar_P2|TankWar_P3|TankWar_P4|TankWar_P5"
"R1458","METHOD_CALL","E138","setColor","C:\Users\JBNU\git\ConstraintsRecovery\assets\tankwar\asset16",31,"G4","TankWar_P1|TankWar_P2|TankWar_P3|TankWar_P4|TankWar_P5","RESOLVED_EXTERNAL","external target","TankWar_P1|TankWar_P2|TankWar_P3|TankWar_P4|TankWar_P5"
"R1459","FIELD_REFERENCE","E138","gameManager","C:\Users\JBNU\git\ConstraintsRecovery\assets\tankwar\asset16",32,"G4","TankWar_P1|TankWar_P2|TankWar_P3|TankWar_P4|TankWar_P5","AMBIGUOUS","ambiguous target","TankWar_P1|TankWar_P2|TankWar_P3|TankWar_P4|TankWar_P5"
"R1461","METHOD_CALL","E138","getBlood","C:\Users\JBNU\git\ConstraintsRecovery\assets\tankwar\asset16",32,"G4","TankWar_P1|TankWar_P2|TankWar_P3|TankWar_P4|TankWar_P5","AMBIGUOUS","ambiguous target","TankWar_P1|TankWar_P2|TankWar_P3|TankWar_P4|TankWar_P5"
"R1462","FIELD_REFERENCE","E138","gameManager","C:\Users\JBNU\git\ConstraintsRecovery\assets\tankwar\asset16",33,"G4","TankWar_P1|TankWar_P2|TankWar_P3|TankWar_P4|TankWar_P5","AMBIGUOUS","ambiguous target","TankWar_P1|TankWar_P2|TankWar_P3|TankWar_P4|TankWar_P5"
"R1464","METHOD_CALL","E138","drawString","C:\Users\JBNU\git\ConstraintsRecovery\assets\tankwar\asset16",33,"G4","TankWar_P1|TankWar_P2|TankWar_P3|TankWar_P4|TankWar_P5","UNRESOLVED","unresolved target","TankWar_P1|TankWar_P2|TankWar_P3|TankWar_P4|TankWar_P5"
"R1465","METHOD_CALL","E138","getBlood","C:\Users\JBNU\git\ConstraintsRecovery\assets\tankwar\asset16",33,"G4","TankWar_P1|TankWar_P2|TankWar_P3|TankWar_P4|TankWar_P5","AMBIGUOUS","ambiguous target","TankWar_P1|TankWar_P2|TankWar_P3|TankWar_P4|TankWar_P5"
"R1466","FIELD_REFERENCE","E138","red","C:\Users\JBNU\git\ConstraintsRecovery\assets\tankwar\asset16",34,"G4","TankWar_P1|TankWar_P2|TankWar_P3|TankWar_P4|TankWar_P5","RESOLVED_EXTERNAL","external target","TankWar_P1|TankWar_P2|TankWar_P3|TankWar_P4|TankWar_P5"
"R1467","METHOD_CALL","E138","setColor","C:\Users\JBNU\git\ConstraintsRecovery\assets\tankwar\asset16",34,"G4","TankWar_P1|TankWar_P2|TankWar_P3|TankWar_P4|TankWar_P5","RESOLVED_EXTERNAL","external target","TankWar_P1|TankWar_P2|TankWar_P3|TankWar_P4|TankWar_P5"
"R1468","FIELD_REFERENCE","E138","gameManager","C:\Users\JBNU\git\ConstraintsRecovery\assets\tankwar\asset16",35,"G4","TankWar_P1|TankWar_P2|TankWar_P3|TankWar_P4|TankWar_P5","AMBIGUOUS","ambiguous target","TankWar_P1|TankWar_P2|TankWar_P3|TankWar_P4|TankWar_P5"
"R1471","METHOD_CALL","E138","getBlood","C:\Users\JBNU\git\ConstraintsRecovery\assets\tankwar\asset16",35,"G4","TankWar_P1|TankWar_P2|TankWar_P3|TankWar_P4|TankWar_P5","AMBIGUOUS","ambiguous target","TankWar_P1|TankWar_P2|TankWar_P3|TankWar_P4|TankWar_P5"
"R1472","FIELD_REFERENCE","E138","green","C:\Users\JBNU\git\ConstraintsRecovery\assets\tankwar\asset16",36,"G4","TankWar_P1|TankWar_P2|TankWar_P3|TankWar_P4|TankWar_P5","RESOLVED_EXTERNAL","external target","TankWar_P1|TankWar_P2|TankWar_P3|TankWar_P4|TankWar_P5"
"R1473","METHOD_CALL","E138","setColor","C:\Users\JBNU\git\ConstraintsRecovery\assets\tankwar\asset16",36,"G4","TankWar_P1|TankWar_P2|TankWar_P3|TankWar_P4|TankWar_P5","RESOLVED_EXTERNAL","external target","TankWar_P1|TankWar_P2|TankWar_P3|TankWar_P4|TankWar_P5"
"R1474","FIELD_REFERENCE","E138","gameManager","C:\Users\JBNU\git\ConstraintsRecovery\assets\tankwar\asset16",37,"G4","TankWar_P1|TankWar_P2|TankWar_P3|TankWar_P4|TankWar_P5","AMBIGUOUS","ambiguous target","TankWar_P1|TankWar_P2|TankWar_P3|TankWar_P4|TankWar_P5"
"R1476","METHOD_CALL","E138","drawString","C:\Users\JBNU\git\ConstraintsRecovery\assets\tankwar\asset16",37,"G4","TankWar_P1|TankWar_P2|TankWar_P3|TankWar_P4|TankWar_P5","UNRESOLVED","unresolved target","TankWar_P1|TankWar_P2|TankWar_P3|TankWar_P4|TankWar_P5"
"R1477","METHOD_CALL","E138","getTankMenge","C:\Users\JBNU\git\ConstraintsRecovery\assets\tankwar\asset16",37,"G4","TankWar_P1|TankWar_P2|TankWar_P3|TankWar_P4|TankWar_P5","AMBIGUOUS","ambiguous target","TankWar_P1|TankWar_P2|TankWar_P3|TankWar_P4|TankWar_P5"
"R1478","METHOD_CALL","E138","drawString","C:\Users\JBNU\git\ConstraintsRecovery\assets\tankwar\asset16",39,"G4","TankWar_P1|TankWar_P2|TankWar_P3|TankWar_P4|TankWar_P5","RESOLVED_EXTERNAL","external target","TankWar_P1|TankWar_P2|TankWar_P3|TankWar_P4|TankWar_P5"
"R1479","FIELD_REFERENCE","E138","red","C:\Users\JBNU\git\ConstraintsRecovery\assets\tankwar\asset16",40,"G4","TankWar_P1|TankWar_P2|TankWar_P3|TankWar_P4|TankWar_P5","RESOLVED_EXTERNAL","external target","TankWar_P1|TankWar_P2|TankWar_P3|TankWar_P4|TankWar_P5"
"R1480","METHOD_CALL","E138","setColor","C:\Users\JBNU\git\ConstraintsRecovery\assets\tankwar\asset16",40,"G4","TankWar_P1|TankWar_P2|TankWar_P3|TankWar_P4|TankWar_P5","RESOLVED_EXTERNAL","external target","TankWar_P1|TankWar_P2|TankWar_P3|TankWar_P4|TankWar_P5"
"R1481","METHOD_CALL","E138","drawRect","C:\Users\JBNU\git\ConstraintsRecovery\assets\tankwar\asset16",41,"G4","TankWar_P1|TankWar_P2|TankWar_P3|TankWar_P4|TankWar_P5","RESOLVED_EXTERNAL","external target","TankWar_P1|TankWar_P2|TankWar_P3|TankWar_P4|TankWar_P5"
"R1482","METHOD_CALL","E138","fillRect","C:\Users\JBNU\git\ConstraintsRecovery\assets\tankwar\asset16",42,"G4","TankWar_P1|TankWar_P2|TankWar_P3|TankWar_P4|TankWar_P5","RESOLVED_EXTERNAL","external target","TankWar_P1|TankWar_P2|TankWar_P3|TankWar_P4|TankWar_P5"
"R1484","FIELD_REFERENCE","E138","status","C:\Users\JBNU\git\ConstraintsRecovery\assets\tankwar\asset16",45,"G4","TankWar_P1|TankWar_P2|TankWar_P3|TankWar_P4|TankWar_P5","AMBIGUOUS","ambiguous target","TankWar_P1|TankWar_P2|TankWar_P3|TankWar_P4|TankWar_P5"
"R1485","FIELD_REFERENCE","E138","black","C:\Users\JBNU\git\ConstraintsRecovery\assets\tankwar\asset16",46,"G4","TankWar_P1|TankWar_P2|TankWar_P3|TankWar_P4|TankWar_P5","RESOLVED_EXTERNAL","external target","TankWar_P1|TankWar_P2|TankWar_P3|TankWar_P4|TankWar_P5"
"R1486","METHOD_CALL","E138","setBackground","C:\Users\JBNU\git\ConstraintsRecovery\assets\tankwar\asset16",46,"G4","TankWar_P1|TankWar_P2|TankWar_P3|TankWar_P4|TankWar_P5","RESOLVED_EXTERNAL","external target","TankWar_P1|TankWar_P2|TankWar_P3|TankWar_P4|TankWar_P5"
"R1563","METHOD_CALL","E196","init","C:\Users\JBNU\git\ConstraintsRecovery\assets\tankwar\asset19",14,"G4","TankWar_P1|TankWar_P2|TankWar_P3|TankWar_P4|TankWar_P5","AMBIGUOUS","ambiguous target","TankWar_P1|TankWar_P2|TankWar_P3|TankWar_P4|TankWar_P5"
"R1567","METHOD_CALL","E197","hashCode","C:\Users\JBNU\git\ConstraintsRecovery\assets\tankwar\asset19",17,"G4","TankWar_P1|TankWar_P2|TankWar_P3|TankWar_P4|TankWar_P5","UNRESOLVED","unresolved target","TankWar_P1|TankWar_P2|TankWar_P3|TankWar_P4|TankWar_P5"
"R1570","METHOD_CALL","E197","currentTimeMillis","C:\Users\JBNU\git\ConstraintsRecovery\assets\tankwar\asset19",18,"G4","TankWar_P1|TankWar_P2|TankWar_P3|TankWar_P4|TankWar_P5","RESOLVED_EXTERNAL","external target","TankWar_P1|TankWar_P2|TankWar_P3|TankWar_P4|TankWar_P5"
"R1574","METHOD_CALL","E198","currentTimeMillis","C:\Users\JBNU\git\ConstraintsRecovery\assets\tankwar\asset19",22,"G4","TankWar_P1|TankWar_P2|TankWar_P3|TankWar_P4|TankWar_P5","RESOLVED_EXTERNAL","external target","TankWar_P1|TankWar_P2|TankWar_P3|TankWar_P4|TankWar_P5"
"R1577","FIELD_REFERENCE","E198","EXIT","C:\Users\JBNU\git\ConstraintsRecovery\assets\tankwar\asset19",24,"G4","TankWar_P1|TankWar_P2|TankWar_P3|TankWar_P4|TankWar_P5","AMBIGUOUS","ambiguous target","TankWar_P1|TankWar_P2|TankWar_P3|TankWar_P4|TankWar_P5"
"R1578","FIELD_REFERENCE","E198","PAUSE","C:\Users\JBNU\git\ConstraintsRecovery\assets\tankwar\asset19",24,"G4","TankWar_P1|TankWar_P2|TankWar_P3|TankWar_P4|TankWar_P5","AMBIGUOUS","ambiguous target","TankWar_P1|TankWar_P2|TankWar_P3|TankWar_P4|TankWar_P5"
"R1579","FIELD_REFERENCE","E198","status","C:\Users\JBNU\git\ConstraintsRecovery\assets\tankwar\asset19",24,"G4","TankWar_P1|TankWar_P2|TankWar_P3|TankWar_P4|TankWar_P5","AMBIGUOUS","ambiguous target","TankWar_P1|TankWar_P2|TankWar_P3|TankWar_P4|TankWar_P5"
"R1582","METHOD_CALL","E198","currentTimeMillis","C:\Users\JBNU\git\ConstraintsRecovery\assets\tankwar\asset19",27,"G4","TankWar_P1|TankWar_P2|TankWar_P3|TankWar_P4|TankWar_P5","RESOLVED_EXTERNAL","external target","TankWar_P1|TankWar_P2|TankWar_P3|TankWar_P4|TankWar_P5"
"R1584","METHOD_CALL","E198","removeElement","C:\Users\JBNU\git\ConstraintsRecovery\assets\tankwar\asset19",28,"G4","TankWar_P1|TankWar_P2|TankWar_P3|TankWar_P4|TankWar_P5","UNRESOLVED","unresolved target","TankWar_P1|TankWar_P2|TankWar_P3|TankWar_P4|TankWar_P5"
"R1588","METHOD_CALL","E199","malen","C:\Users\JBNU\git\ConstraintsRecovery\assets\tankwar\asset19",34,"G4","TankWar_P1|TankWar_P2|TankWar_P3|TankWar_P4|TankWar_P5","AMBIGUOUS","ambiguous target","TankWar_P1|TankWar_P2|TankWar_P3|TankWar_P4|TankWar_P5"
"R1590","METHOD_CALL","E200","stossenGegen","C:\Users\JBNU\git\ConstraintsRecovery\assets\tankwar\asset19",37,"G4","TankWar_P1|TankWar_P2|TankWar_P3|TankWar_P4|TankWar_P5","AMBIGUOUS","ambiguous target","TankWar_P1|TankWar_P2|TankWar_P3|TankWar_P4|TankWar_P5"
"R1593","METHOD_CALL","E200","toolBehandeln","C:\Users\JBNU\git\ConstraintsRecovery\assets\tankwar\asset19",38,"G4","TankWar_P1|TankWar_P2|TankWar_P3|TankWar_P4|TankWar_P5","AMBIGUOUS","ambiguous target","TankWar_P1|TankWar_P2|TankWar_P3|TankWar_P4|TankWar_P5"
"R1599","METHOD_CALL","E200","stossenGegen","C:\Users\JBNU\git\ConstraintsRecovery\assets\tankwar\asset19",42,"G4","TankWar_P1|TankWar_P2|TankWar_P3|TankWar_P4|TankWar_P5","AMBIGUOUS","ambiguous target","TankWar_P1|TankWar_P2|TankWar_P3|TankWar_P4|TankWar_P5"
"R1602","METHOD_CALL","E200","toolBehandeln","C:\Users\JBNU\git\ConstraintsRecovery\assets\tankwar\asset19",43,"G4","TankWar_P1|TankWar_P2|TankWar_P3|TankWar_P4|TankWar_P5","AMBIGUOUS","ambiguous target","TankWar_P1|TankWar_P2|TankWar_P3|TankWar_P4|TankWar_P5"
"R1608","METHOD_CALL","E201","removeElement","C:\Users\JBNU\git\ConstraintsRecovery\assets\tankwar\asset19",49,"G4","TankWar_P1|TankWar_P2|TankWar_P3|TankWar_P4|TankWar_P5","UNRESOLVED","unresolved target","TankWar_P1|TankWar_P2|TankWar_P3|TankWar_P4|TankWar_P5"
"R1610","EXTENDS","E202","Canvas","C:\Users\JBNU\git\ConstraintsRecovery\assets\tankwar\asset2",29,"G4","TankWar_P1|TankWar_P2|TankWar_P3|TankWar_P4|TankWar_P5","UNRESOLVED","unresolved target","TankWar_P1|TankWar_P2|TankWar_P3|TankWar_P4|TankWar_P5"
"R1623","METHOD_CALL","E215","getDefaultToolkit","C:\Users\JBNU\git\ConstraintsRecovery\assets\tankwar\asset2",42,"G4","TankWar_P1|TankWar_P2|TankWar_P3|TankWar_P4|TankWar_P5","RESOLVED_EXTERNAL","external target","TankWar_P1|TankWar_P2|TankWar_P3|TankWar_P4|TankWar_P5"
"R1625","CONSTRUCTOR_CALL","E216","Random","C:\Users\JBNU\git\ConstraintsRecovery\assets\tankwar\asset2",43,"G4","TankWar_P1|TankWar_P2|TankWar_P3|TankWar_P4|TankWar_P5","RESOLVED_EXTERNAL","external target","TankWar_P1|TankWar_P2|TankWar_P3|TankWar_P4|TankWar_P5"
"R1639","METHOD_CALL","E218","setSize","C:\Users\JBNU\git\ConstraintsRecovery\assets\tankwar\asset2",51,"G4","TankWar_P1|TankWar_P2|TankWar_P3|TankWar_P4|TankWar_P5","UNRESOLVED","unresolved target","TankWar_P1|TankWar_P2|TankWar_P3|TankWar_P4|TankWar_P5"
"R1641","CONSTRUCTOR_CALL","E218","JFrame","C:\Users\JBNU\git\ConstraintsRecovery\assets\tankwar\asset2",52,"G4","TankWar_P1|TankWar_P2|TankWar_P3|TankWar_P4|TankWar_P5","RESOLVED_EXTERNAL","external target","TankWar_P1|TankWar_P2|TankWar_P3|TankWar_P4|TankWar_P5"
"R1644","CONSTRUCTOR_CALL","E218","WindowAdapter","C:\Users\JBNU\git\ConstraintsRecovery\assets\tankwar\asset2",53,"G4","TankWar_P1|TankWar_P2|TankWar_P3|TankWar_P4|TankWar_P5","RESOLVED_EXTERNAL","external target","TankWar_P1|TankWar_P2|TankWar_P3|TankWar_P4|TankWar_P5"
"R1646","METHOD_CALL","E218","addWindowListener","C:\Users\JBNU\git\ConstraintsRecovery\assets\tankwar\asset2",53,"G4","TankWar_P1|TankWar_P2|TankWar_P3|TankWar_P4|TankWar_P5","RESOLVED_EXTERNAL","external target","TankWar_P1|TankWar_P2|TankWar_P3|TankWar_P4|TankWar_P5"
"R1649","METHOD_CALL","E219","exit","C:\Users\JBNU\git\ConstraintsRecovery\assets\tankwar\asset2",55,"G4","TankWar_P1|TankWar_P2|TankWar_P3|TankWar_P4|TankWar_P5","RESOLVED_EXTERNAL","external target","TankWar_P1|TankWar_P2|TankWar_P3|TankWar_P4|TankWar_P5"
"R1651","METHOD_CALL","E218","add","C:\Users\JBNU\git\ConstraintsRecovery\assets\tankwar\asset2",58,"G4","TankWar_P1|TankWar_P2|TankWar_P3|TankWar_P4|TankWar_P5","AMBIGUOUS","ambiguous target","TankWar_P1|TankWar_P2|TankWar_P3|TankWar_P4|TankWar_P5"
"R1653","FIELD_REFERENCE","E218","black","C:\Users\JBNU\git\ConstraintsRecovery\assets\tankwar\asset2",59,"G4","TankWar_P1|TankWar_P2|TankWar_P3|TankWar_P4|TankWar_P5","RESOLVED_EXTERNAL","external target","TankWar_P1|TankWar_P2|TankWar_P3|TankWar_P4|TankWar_P5"
"R1654","METHOD_CALL","E218","setBackground","C:\Users\JBNU\git\ConstraintsRecovery\assets\tankwar\asset2",59,"G4","TankWar_P1|TankWar_P2|TankWar_P3|TankWar_P4|TankWar_P5","UNRESOLVED","unresolved target","TankWar_P1|TankWar_P2|TankWar_P3|TankWar_P4|TankWar_P5"
"R1657","METHOD_CALL","E218","setVisible","C:\Users\JBNU\git\ConstraintsRecovery\assets\tankwar\asset2",60,"G4","TankWar_P1|TankWar_P2|TankWar_P3|TankWar_P4|TankWar_P5","RESOLVED_EXTERNAL","external target","TankWar_P1|TankWar_P2|TankWar_P3|TankWar_P4|TankWar_P5"
"R1659","METHOD_CALL","E218","setResizable","C:\Users\JBNU\git\ConstraintsRecovery\assets\tankwar\asset2",61,"G4","TankWar_P1|TankWar_P2|TankWar_P3|TankWar_P4|TankWar_P5","RESOLVED_EXTERNAL","external target","TankWar_P1|TankWar_P2|TankWar_P3|TankWar_P4|TankWar_P5"
"R1663","METHOD_CALL","E218","addKeyListener","C:\Users\JBNU\git\ConstraintsRecovery\assets\tankwar\asset2",62,"G4","TankWar_P1|TankWar_P2|TankWar_P3|TankWar_P4|TankWar_P5","UNRESOLVED","unresolved target","TankWar_P1|TankWar_P2|TankWar_P3|TankWar_P4|TankWar_P5"
"R1666","METHOD_CALL","E218","addKeyListener","C:\Users\JBNU\git\ConstraintsRecovery\assets\tankwar\asset2",63,"G4","TankWar_P1|TankWar_P2|TankWar_P3|TankWar_P4|TankWar_P5","UNRESOLVED","unresolved target","TankWar_P1|TankWar_P2|TankWar_P3|TankWar_P4|TankWar_P5"
"R1667","METHOD_CALL","E218","getKeyListeners","C:\Users\JBNU\git\ConstraintsRecovery\assets\tankwar\asset2",63,"G4","TankWar_P1|TankWar_P2|TankWar_P3|TankWar_P4|TankWar_P5","RESOLVED_EXTERNAL","external target","TankWar_P1|TankWar_P2|TankWar_P3|TankWar_P4|TankWar_P5"
"R1671","METHOD_CALL","E221","getColor","C:\Users\JBNU\git\ConstraintsRecovery\assets\tankwar\asset2",69,"G4","TankWar_P1|TankWar_P2|TankWar_P3|TankWar_P4|TankWar_P5","RESOLVED_EXTERNAL","external target","TankWar_P1|TankWar_P2|TankWar_P3|TankWar_P4|TankWar_P5"
"R1674","METHOD_CALL","E221","malenkontrolle","C:\Users\JBNU\git\ConstraintsRecovery\assets\tankwar\asset2",70,"G4","TankWar_P1|TankWar_P2|TankWar_P3|TankWar_P4|TankWar_P5","AMBIGUOUS","ambiguous target","TankWar_P1|TankWar_P2|TankWar_P3|TankWar_P4|TankWar_P5"
"R1675","METHOD_CALL","E221","setColor","C:\Users\JBNU\git\ConstraintsRecovery\assets\tankwar\asset2",71,"G4","TankWar_P1|TankWar_P2|TankWar_P3|TankWar_P4|TankWar_P5","RESOLVED_EXTERNAL","external target","TankWar_P1|TankWar_P2|TankWar_P3|TankWar_P4|TankWar_P5"
"R1684","METHOD_CALL","E223","setSize","C:\Users\JBNU\git\ConstraintsRecovery\assets\tankwar\asset2",80,"G4","TankWar_P1|TankWar_P2|TankWar_P3|TankWar_P4|TankWar_P5","UNRESOLVED","unresolved target","TankWar_P1|TankWar_P2|TankWar_P3|TankWar_P4|TankWar_P5"
"R1687","METHOD_CALL","E223","pack","C:\Users\JBNU\git\ConstraintsRecovery\assets\tankwar\asset2",81,"G4","TankWar_P1|TankWar_P2|TankWar_P3|TankWar_P4|TankWar_P5","RESOLVED_EXTERNAL","external target","TankWar_P1|TankWar_P2|TankWar_P3|TankWar_P4|TankWar_P5"
"R1692","FIELD_REFERENCE","E223","START","C:\Users\JBNU\git\ConstraintsRecovery\assets\tankwar\asset2",83,"G4","TankWar_P1|TankWar_P2|TankWar_P3|TankWar_P4|TankWar_P5","AMBIGUOUS","ambiguous target","TankWar_P1|TankWar_P2|TankWar_P3|TankWar_P4|TankWar_P5"
"R1694","METHOD_CALL","E223","add","C:\Users\JBNU\git\ConstraintsRecovery\assets\tankwar\asset2",83,"G4","TankWar_P1|TankWar_P2|TankWar_P3|TankWar_P4|TankWar_P5","AMBIGUOUS","ambiguous target","TankWar_P1|TankWar_P2|TankWar_P3|TankWar_P4|TankWar_P5"
"R1695","FIELD_REFERENCE","E223","HELP","C:\Users\JBNU\git\ConstraintsRecovery\assets\tankwar\asset2",84,"G4","TankWar_P1|TankWar_P2|TankWar_P3|TankWar_P4|TankWar_P5","AMBIGUOUS","ambiguous target","TankWar_P1|TankWar_P2|TankWar_P3|TankWar_P4|TankWar_P5"
"R1697","METHOD_CALL","E223","add","C:\Users\JBNU\git\ConstraintsRecovery\assets\tankwar\asset2",84,"G4","TankWar_P1|TankWar_P2|TankWar_P3|TankWar_P4|TankWar_P5","AMBIGUOUS","ambiguous target","TankWar_P1|TankWar_P2|TankWar_P3|TankWar_P4|TankWar_P5"
"R1698","FIELD_REFERENCE","E223","EXIT","C:\Users\JBNU\git\ConstraintsRecovery\assets\tankwar\asset2",85,"G4","TankWar_P1|TankWar_P2|TankWar_P3|TankWar_P4|TankWar_P5","AMBIGUOUS","ambiguous target","TankWar_P1|TankWar_P2|TankWar_P3|TankWar_P4|TankWar_P5"
"R1700","METHOD_CALL","E223","add","C:\Users\JBNU\git\ConstraintsRecovery\assets\tankwar\asset2",85,"G4","TankWar_P1|TankWar_P2|TankWar_P3|TankWar_P4|TankWar_P5","AMBIGUOUS","ambiguous target","TankWar_P1|TankWar_P2|TankWar_P3|TankWar_P4|TankWar_P5"
"R1751","FIELD_REFERENCE","E227","HelpItem","C:\Users\JBNU\git\ConstraintsRecovery\assets\tankwar\asset2",113,"G4","TankWar_P1|TankWar_P2|TankWar_P3|TankWar_P4|TankWar_P5","AMBIGUOUS","ambiguous target","TankWar_P1|TankWar_P2|TankWar_P3|TankWar_P4|TankWar_P5"
"R1753","METHOD_CALL","E227","add","C:\Users\JBNU\git\ConstraintsRecovery\assets\tankwar\asset2",113,"G4","TankWar_P1|TankWar_P2|TankWar_P3|TankWar_P4|TankWar_P5","AMBIGUOUS","ambiguous target","TankWar_P1|TankWar_P2|TankWar_P3|TankWar_P4|TankWar_P5"
"R1766","METHOD_CALL","E228","getClassLoader","C:\Users\JBNU\git\ConstraintsRecovery\assets\tankwar\asset2",118,"G4","TankWar_P1|TankWar_P2|TankWar_P3|TankWar_P4|TankWar_P5","UNRESOLVED","unresolved target","TankWar_P1|TankWar_P2|TankWar_P3|TankWar_P4|TankWar_P5"
"R1767","METHOD_CALL","E228","getImage","C:\Users\JBNU\git\ConstraintsRecovery\assets\tankwar\asset2",118,"G4","TankWar_P1|TankWar_P2|TankWar_P3|TankWar_P4|TankWar_P5","UNRESOLVED","unresolved target","TankWar_P1|TankWar_P2|TankWar_P3|TankWar_P4|TankWar_P5"
"R1768","METHOD_CALL","E228","getResource","C:\Users\JBNU\git\ConstraintsRecovery\assets\tankwar\asset2",118,"G4","TankWar_P1|TankWar_P2|TankWar_P3|TankWar_P4|TankWar_P5","UNRESOLVED","unresolved target","TankWar_P1|TankWar_P2|TankWar_P3|TankWar_P4|TankWar_P5"
"R1771","FIELD_REFERENCE","E228","SCALE_FAST","C:\Users\JBNU\git\ConstraintsRecovery\assets\tankwar\asset2",122,"G4","TankWar_P1|TankWar_P2|TankWar_P3|TankWar_P4|TankWar_P5","RESOLVED_EXTERNAL","external target","TankWar_P1|TankWar_P2|TankWar_P3|TankWar_P4|TankWar_P5"
"R1772","METHOD_CALL","E228","getScaledInstance","C:\Users\JBNU\git\ConstraintsRecovery\assets\tankwar\asset2",122,"G4","TankWar_P1|TankWar_P2|TankWar_P3|TankWar_P4|TankWar_P5","RESOLVED_EXTERNAL","external target","TankWar_P1|TankWar_P2|TankWar_P3|TankWar_P4|TankWar_P5"
"R1776","METHOD_CALL","E229","currentTimeMillis","C:\Users\JBNU\git\ConstraintsRecovery\assets\tankwar\asset2",126,"G4","TankWar_P1|TankWar_P2|TankWar_P3|TankWar_P4|TankWar_P5","RESOLVED_EXTERNAL","external target","TankWar_P1|TankWar_P2|TankWar_P3|TankWar_P4|TankWar_P5"
"R1779","METHOD_CALL","E229","remove","C:\Users\JBNU\git\ConstraintsRecovery\assets\tankwar\asset2",127,"G4","TankWar_P1|TankWar_P2|TankWar_P3|TankWar_P4|TankWar_P5","AMBIGUOUS","ambiguous target","TankWar_P1|TankWar_P2|TankWar_P3|TankWar_P4|TankWar_P5"
"R1783","METHOD_CALL","E229","setSize","C:\Users\JBNU\git\ConstraintsRecovery\assets\tankwar\asset2",128,"G4","TankWar_P1|TankWar_P2|TankWar_P3|TankWar_P4|TankWar_P5","UNRESOLVED","unresolved target","TankWar_P1|TankWar_P2|TankWar_P3|TankWar_P4|TankWar_P5"
"R1786","METHOD_CALL","E229","pack","C:\Users\JBNU\git\ConstraintsRecovery\assets\tankwar\asset2",129,"G4","TankWar_P1|TankWar_P2|TankWar_P3|TankWar_P4|TankWar_P5","RESOLVED_EXTERNAL","external target","TankWar_P1|TankWar_P2|TankWar_P3|TankWar_P4|TankWar_P5"
"R1798","FIELD_REFERENCE","E229","LEVEL","C:\Users\JBNU\git\ConstraintsRecovery\assets\tankwar\asset2",133,"G4","TankWar_P1|TankWar_P2|TankWar_P3|TankWar_P4|TankWar_P5","AMBIGUOUS","ambiguous target","TankWar_P1|TankWar_P2|TankWar_P3|TankWar_P4|TankWar_P5"
"R1800","METHOD_CALL","E229","add","C:\Users\JBNU\git\ConstraintsRecovery\assets\tankwar\asset2",133,"G4","TankWar_P1|TankWar_P2|TankWar_P3|TankWar_P4|TankWar_P5","AMBIGUOUS","ambiguous target","TankWar_P1|TankWar_P2|TankWar_P3|TankWar_P4|TankWar_P5"
"R1802","METHOD_CALL","E229","add","C:\Users\JBNU\git\ConstraintsRecovery\assets\tankwar\asset2",134,"G4","TankWar_P1|TankWar_P2|TankWar_P3|TankWar_P4|TankWar_P5","AMBIGUOUS","ambiguous target","TankWar_P1|TankWar_P2|TankWar_P3|TankWar_P4|TankWar_P5"
"R1815","METHOD_CALL","E229","currentTimeMillis","C:\Users\JBNU\git\ConstraintsRecovery\assets\tankwar\asset2",141,"G4","TankWar_P1|TankWar_P2|TankWar_P3|TankWar_P4|TankWar_P5","RESOLVED_EXTERNAL","external target","TankWar_P1|TankWar_P2|TankWar_P3|TankWar_P4|TankWar_P5"
"R1820","METHOD_CALL","E230","currentTimeMillis","C:\Users\JBNU\git\ConstraintsRecovery\assets\tankwar\asset2",148,"G4","TankWar_P1|TankWar_P2|TankWar_P3|TankWar_P4|TankWar_P5","RESOLVED_EXTERNAL","external target","TankWar_P1|TankWar_P2|TankWar_P3|TankWar_P4|TankWar_P5"
"R1832","FIELD_REFERENCE","E230","LOSE","C:\Users\JBNU\git\ConstraintsRecovery\assets\tankwar\asset2",152,"G4","TankWar_P1|TankWar_P2|TankWar_P3|TankWar_P4|TankWar_P5","AMBIGUOUS","ambiguous target","TankWar_P1|TankWar_P2|TankWar_P3|TankWar_P4|TankWar_P5"
"R1834","METHOD_CALL","E230","add","C:\Users\JBNU\git\ConstraintsRecovery\assets\tankwar\asset2",152,"G4","TankWar_P1|TankWar_P2|TankWar_P3|TankWar_P4|TankWar_P5","AMBIGUOUS","ambiguous target","TankWar_P1|TankWar_P2|TankWar_P3|TankWar_P4|TankWar_P5"
"R1845","METHOD_CALL","E230","currentTimeMillis","C:\Users\JBNU\git\ConstraintsRecovery\assets\tankwar\asset2",158,"G4","TankWar_P1|TankWar_P2|TankWar_P3|TankWar_P4|TankWar_P5","RESOLVED_EXTERNAL","external target","TankWar_P1|TankWar_P2|TankWar_P3|TankWar_P4|TankWar_P5"
"R1848","METHOD_CALL","E230","remove","C:\Users\JBNU\git\ConstraintsRecovery\assets\tankwar\asset2",159,"G4","TankWar_P1|TankWar_P2|TankWar_P3|TankWar_P4|TankWar_P5","AMBIGUOUS","ambiguous target","TankWar_P1|TankWar_P2|TankWar_P3|TankWar_P4|TankWar_P5"
"R1852","METHOD_CALL","E230","setSize","C:\Users\JBNU\git\ConstraintsRecovery\assets\tankwar\asset2",160,"G4","TankWar_P1|TankWar_P2|TankWar_P3|TankWar_P4|TankWar_P5","UNRESOLVED","unresolved target","TankWar_P1|TankWar_P2|TankWar_P3|TankWar_P4|TankWar_P5"
"R1855","METHOD_CALL","E230","pack","C:\Users\JBNU\git\ConstraintsRecovery\assets\tankwar\asset2",161,"G4","TankWar_P1|TankWar_P2|TankWar_P3|TankWar_P4|TankWar_P5","RESOLVED_EXTERNAL","external target","TankWar_P1|TankWar_P2|TankWar_P3|TankWar_P4|TankWar_P5"
"R1856","FIELD_REFERENCE","E230","MAIN_MENU","C:\Users\JBNU\git\ConstraintsRecovery\assets\tankwar\asset2",162,"G4","TankWar_P1|TankWar_P2|TankWar_P3|TankWar_P4|TankWar_P5","AMBIGUOUS","ambiguous target","TankWar_P1|TankWar_P2|TankWar_P3|TankWar_P4|TankWar_P5"
"R1857","METHOD_CALL","E230","setStatus","C:\Users\JBNU\git\ConstraintsRecovery\assets\tankwar\asset2",162,"G4","TankWar_P1|TankWar_P2|TankWar_P3|TankWar_P4|TankWar_P5","AMBIGUOUS","ambiguous target","TankWar_P1|TankWar_P2|TankWar_P3|TankWar_P4|TankWar_P5"
"R1859","FIELD_REFERENCE","E230","MAIN_MENU","C:\Users\JBNU\git\ConstraintsRecovery\assets\tankwar\asset2",163,"G4","TankWar_P1|TankWar_P2|TankWar_P3|TankWar_P4|TankWar_P5","AMBIGUOUS","ambiguous target","TankWar_P1|TankWar_P2|TankWar_P3|TankWar_P4|TankWar_P5"
"R1861","METHOD_CALL","E230","setStatus","C:\Users\JBNU\git\ConstraintsRecovery\assets\tankwar\asset2",163,"G4","TankWar_P1|TankWar_P2|TankWar_P3|TankWar_P4|TankWar_P5","AMBIGUOUS","ambiguous target","TankWar_P1|TankWar_P2|TankWar_P3|TankWar_P4|TankWar_P5"
"R1865","METHOD_CALL","E231","currentTimeMillis","C:\Users\JBNU\git\ConstraintsRecovery\assets\tankwar\asset2",169,"G4","TankWar_P1|TankWar_P2|TankWar_P3|TankWar_P4|TankWar_P5","RESOLVED_EXTERNAL","external target","TankWar_P1|TankWar_P2|TankWar_P3|TankWar_P4|TankWar_P5"
"R1868","METHOD_CALL","E231","remove","C:\Users\JBNU\git\ConstraintsRecovery\assets\tankwar\asset2",170,"G4","TankWar_P1|TankWar_P2|TankWar_P3|TankWar_P4|TankWar_P5","AMBIGUOUS","ambiguous target","TankWar_P1|TankWar_P2|TankWar_P3|TankWar_P4|TankWar_P5"
"R1872","METHOD_CALL","E231","setSize","C:\Users\JBNU\git\ConstraintsRecovery\assets\tankwar\asset2",171,"G4","TankWar_P1|TankWar_P2|TankWar_P3|TankWar_P4|TankWar_P5","UNRESOLVED","unresolved target","TankWar_P1|TankWar_P2|TankWar_P3|TankWar_P4|TankWar_P5"
"R1875","METHOD_CALL","E231","pack","C:\Users\JBNU\git\ConstraintsRecovery\assets\tankwar\asset2",172,"G4","TankWar_P1|TankWar_P2|TankWar_P3|TankWar_P4|TankWar_P5","RESOLVED_EXTERNAL","external target","TankWar_P1|TankWar_P2|TankWar_P3|TankWar_P4|TankWar_P5"
"R1887","FIELD_REFERENCE","E231","WIN","C:\Users\JBNU\git\ConstraintsRecovery\assets\tankwar\asset2",176,"G4","TankWar_P1|TankWar_P2|TankWar_P3|TankWar_P4|TankWar_P5","AMBIGUOUS","ambiguous target","TankWar_P1|TankWar_P2|TankWar_P3|TankWar_P4|TankWar_P5"
"R1889","METHOD_CALL","E231","add","C:\Users\JBNU\git\ConstraintsRecovery\assets\tankwar\asset2",176,"G4","TankWar_P1|TankWar_P2|TankWar_P3|TankWar_P4|TankWar_P5","AMBIGUOUS","ambiguous target","TankWar_P1|TankWar_P2|TankWar_P3|TankWar_P4|TankWar_P5"
"R1900","METHOD_CALL","E231","currentTimeMillis","C:\Users\JBNU\git\ConstraintsRecovery\assets\tankwar\asset2",182,"G4","TankWar_P1|TankWar_P2|TankWar_P3|TankWar_P4|TankWar_P5","RESOLVED_EXTERNAL","external target","TankWar_P1|TankWar_P2|TankWar_P3|TankWar_P4|TankWar_P5"
"R1901","FIELD_REFERENCE","E231","MAIN_MENU","C:\Users\JBNU\git\ConstraintsRecovery\assets\tankwar\asset2",183,"G4","TankWar_P1|TankWar_P2|TankWar_P3|TankWar_P4|TankWar_P5","AMBIGUOUS","ambiguous target","TankWar_P1|TankWar_P2|TankWar_P3|TankWar_P4|TankWar_P5"
"R1902","METHOD_CALL","E231","setStatus","C:\Users\JBNU\git\ConstraintsRecovery\assets\tankwar\asset2",183,"G4","TankWar_P1|TankWar_P2|TankWar_P3|TankWar_P4|TankWar_P5","AMBIGUOUS","ambiguous target","TankWar_P1|TankWar_P2|TankWar_P3|TankWar_P4|TankWar_P5"
"R1904","FIELD_REFERENCE","E231","MAIN_MENU","C:\Users\JBNU\git\ConstraintsRecovery\assets\tankwar\asset2",184,"G4","TankWar_P1|TankWar_P2|TankWar_P3|TankWar_P4|TankWar_P5","AMBIGUOUS","ambiguous target","TankWar_P1|TankWar_P2|TankWar_P3|TankWar_P4|TankWar_P5"
"R1906","METHOD_CALL","E231","setStatus","C:\Users\JBNU\git\ConstraintsRecovery\assets\tankwar\asset2",184,"G4","TankWar_P1|TankWar_P2|TankWar_P3|TankWar_P4|TankWar_P5","AMBIGUOUS","ambiguous target","TankWar_P1|TankWar_P2|TankWar_P3|TankWar_P4|TankWar_P5"
"R1912","METHOD_CALL","E232","remove","C:\Users\JBNU\git\ConstraintsRecovery\assets\tankwar\asset2",190,"G4","TankWar_P1|TankWar_P2|TankWar_P3|TankWar_P4|TankWar_P5","AMBIGUOUS","ambiguous target","TankWar_P1|TankWar_P2|TankWar_P3|TankWar_P4|TankWar_P5"
"R1916","METHOD_CALL","E232","setSize","C:\Users\JBNU\git\ConstraintsRecovery\assets\tankwar\asset2",191,"G4","TankWar_P1|TankWar_P2|TankWar_P3|TankWar_P4|TankWar_P5","UNRESOLVED","unresolved target","TankWar_P1|TankWar_P2|TankWar_P3|TankWar_P4|TankWar_P5"
"R1919","METHOD_CALL","E232","pack","C:\Users\JBNU\git\ConstraintsRecovery\assets\tankwar\asset2",192,"G4","TankWar_P1|TankWar_P2|TankWar_P3|TankWar_P4|TankWar_P5","RESOLVED_EXTERNAL","external target","TankWar_P1|TankWar_P2|TankWar_P3|TankWar_P4|TankWar_P5"
"R1931","FIELD_REFERENCE","E232","MAIN_MENU","C:\Users\JBNU\git\ConstraintsRecovery\assets\tankwar\asset2",196,"G4","TankWar_P1|TankWar_P2|TankWar_P3|TankWar_P4|TankWar_P5","AMBIGUOUS","ambiguous target","TankWar_P1|TankWar_P2|TankWar_P3|TankWar_P4|TankWar_P5"
"R1933","METHOD_CALL","E232","add","C:\Users\JBNU\git\ConstraintsRecovery\assets\tankwar\asset2",196,"G4","TankWar_P1|TankWar_P2|TankWar_P3|TankWar_P4|TankWar_P5","AMBIGUOUS","ambiguous target","TankWar_P1|TankWar_P2|TankWar_P3|TankWar_P4|TankWar_P5"
"R1934","FIELD_REFERENCE","E232","RESUME","C:\Users\JBNU\git\ConstraintsRecovery\assets\tankwar\asset2",197,"G4","TankWar_P1|TankWar_P2|TankWar_P3|TankWar_P4|TankWar_P5","AMBIGUOUS","ambiguous target","TankWar_P1|TankWar_P2|TankWar_P3|TankWar_P4|TankWar_P5"
"R1936","METHOD_CALL","E232","add","C:\Users\JBNU\git\ConstraintsRecovery\assets\tankwar\asset2",197,"G4","TankWar_P1|TankWar_P2|TankWar_P3|TankWar_P4|TankWar_P5","AMBIGUOUS","ambiguous target","TankWar_P1|TankWar_P2|TankWar_P3|TankWar_P4|TankWar_P5"
"R1944","FIELD_REFERENCE","E233","SPIELEN","C:\Users\JBNU\git\ConstraintsRecovery\assets\tankwar\asset2",204,"G4","TankWar_P1|TankWar_P2|TankWar_P3|TankWar_P4|TankWar_P5","AMBIGUOUS","ambiguous target","TankWar_P1|TankWar_P2|TankWar_P3|TankWar_P4|TankWar_P5"
"R1945","METHOD_CALL","E233","setStatus","C:\Users\JBNU\git\ConstraintsRecovery\assets\tankwar\asset2",204,"G4","TankWar_P1|TankWar_P2|TankWar_P3|TankWar_P4|TankWar_P5","AMBIGUOUS","ambiguous target","TankWar_P1|TankWar_P2|TankWar_P3|TankWar_P4|TankWar_P5"
"R1947","FIELD_REFERENCE","E233","SPIELEN","C:\Users\JBNU\git\ConstraintsRecovery\assets\tankwar\asset2",205,"G4","TankWar_P1|TankWar_P2|TankWar_P3|TankWar_P4|TankWar_P5","AMBIGUOUS","ambiguous target","TankWar_P1|TankWar_P2|TankWar_P3|TankWar_P4|TankWar_P5"
"R1949","METHOD_CALL","E233","setStatus","C:\Users\JBNU\git\ConstraintsRecovery\assets\tankwar\asset2",205,"G4","TankWar_P1|TankWar_P2|TankWar_P3|TankWar_P4|TankWar_P5","AMBIGUOUS","ambiguous target","TankWar_P1|TankWar_P2|TankWar_P3|TankWar_P4|TankWar_P5"
"R1953","METHOD_CALL","E233","setSize","C:\Users\JBNU\git\ConstraintsRecovery\assets\tankwar\asset2",206,"G4","TankWar_P1|TankWar_P2|TankWar_P3|TankWar_P4|TankWar_P5","UNRESOLVED","unresolved target","TankWar_P1|TankWar_P2|TankWar_P3|TankWar_P4|TankWar_P5"
"R1955","FIELD_REFERENCE","E233","EAST","C:\Users\JBNU\git\ConstraintsRecovery\assets\tankwar\asset2",207,"G4","TankWar_P1|TankWar_P2|TankWar_P3|TankWar_P4|TankWar_P5","RESOLVED_EXTERNAL","external target","TankWar_P1|TankWar_P2|TankWar_P3|TankWar_P4|TankWar_P5"
"R1958","METHOD_CALL","E233","add","C:\Users\JBNU\git\ConstraintsRecovery\assets\tankwar\asset2",207,"G4","TankWar_P1|TankWar_P2|TankWar_P3|TankWar_P4|TankWar_P5","AMBIGUOUS","ambiguous target","TankWar_P1|TankWar_P2|TankWar_P3|TankWar_P4|TankWar_P5"
"R1961","METHOD_CALL","E233","pack","C:\Users\JBNU\git\ConstraintsRecovery\assets\tankwar\asset2",208,"G4","TankWar_P1|TankWar_P2|TankWar_P3|TankWar_P4|TankWar_P5","RESOLVED_EXTERNAL","external target","TankWar_P1|TankWar_P2|TankWar_P3|TankWar_P4|TankWar_P5"
"R1975","FIELD_REFERENCE","E234","PAUSE","C:\Users\JBNU\git\ConstraintsRecovery\assets\tankwar\asset2",216,"G4","TankWar_P1|TankWar_P2|TankWar_P3|TankWar_P4|TankWar_P5","AMBIGUOUS","ambiguous target","TankWar_P1|TankWar_P2|TankWar_P3|TankWar_P4|TankWar_P5"
"R1977","METHOD_CALL","E234","add","C:\Users\JBNU\git\ConstraintsRecovery\assets\tankwar\asset2",216,"G4","TankWar_P1|TankWar_P2|TankWar_P3|TankWar_P4|TankWar_P5","AMBIGUOUS","ambiguous target","TankWar_P1|TankWar_P2|TankWar_P3|TankWar_P4|TankWar_P5"
"R1990","FIELD_REFERENCE","E236","START","C:\Users\JBNU\git\ConstraintsRecovery\assets\tankwar\asset2",228,"G4","TankWar_P1|TankWar_P2|TankWar_P3|TankWar_P4|TankWar_P5","AMBIGUOUS","ambiguous target","TankWar_P1|TankWar_P2|TankWar_P3|TankWar_P4|TankWar_P5"
"R1991","METHOD_CALL","E236","equals","C:\Users\JBNU\git\ConstraintsRecovery\assets\tankwar\asset2",228,"G4","TankWar_P1|TankWar_P2|TankWar_P3|TankWar_P4|TankWar_P5","UNRESOLVED","unresolved target","TankWar_P1|TankWar_P2|TankWar_P3|TankWar_P4|TankWar_P5"
"R1992","FIELD_REFERENCE","E236","TANK_WAEHLEN","C:\Users\JBNU\git\ConstraintsRecovery\assets\tankwar\asset2",229,"G4","TankWar_P1|TankWar_P2|TankWar_P3|TankWar_P4|TankWar_P5","AMBIGUOUS","ambiguous target","TankWar_P1|TankWar_P2|TankWar_P3|TankWar_P4|TankWar_P5"
"R1993","METHOD_CALL","E236","setStatus","C:\Users\JBNU\git\ConstraintsRecovery\assets\tankwar\asset2",229,"G4","TankWar_P1|TankWar_P2|TankWar_P3|TankWar_P4|TankWar_P5","AMBIGUOUS","ambiguous target","TankWar_P1|TankWar_P2|TankWar_P3|TankWar_P4|TankWar_P5"
"R1995","FIELD_REFERENCE","E236","TANK_WAEHLEN","C:\Users\JBNU\git\ConstraintsRecovery\assets\tankwar\asset2",230,"G4","TankWar_P1|TankWar_P2|TankWar_P3|TankWar_P4|TankWar_P5","AMBIGUOUS","ambiguous target","TankWar_P1|TankWar_P2|TankWar_P3|TankWar_P4|TankWar_P5"
"R1997","METHOD_CALL","E236","setStatus","C:\Users\JBNU\git\ConstraintsRecovery\assets\tankwar\asset2",230,"G4","TankWar_P1|TankWar_P2|TankWar_P3|TankWar_P4|TankWar_P5","AMBIGUOUS","ambiguous target","TankWar_P1|TankWar_P2|TankWar_P3|TankWar_P4|TankWar_P5"
"R2000","FIELD_REFERENCE","E236","MAIN_MENU","C:\Users\JBNU\git\ConstraintsRecovery\assets\tankwar\asset2",233,"G4","TankWar_P1|TankWar_P2|TankWar_P3|TankWar_P4|TankWar_P5","AMBIGUOUS","ambiguous target","TankWar_P1|TankWar_P2|TankWar_P3|TankWar_P4|TankWar_P5"
"R2001","METHOD_CALL","E236","equals","C:\Users\JBNU\git\ConstraintsRecovery\assets\tankwar\asset2",233,"G4","TankWar_P1|TankWar_P2|TankWar_P3|TankWar_P4|TankWar_P5","UNRESOLVED","unresolved target","TankWar_P1|TankWar_P2|TankWar_P3|TankWar_P4|TankWar_P5"
"R2002","FIELD_REFERENCE","E236","MAIN_MENU","C:\Users\JBNU\git\ConstraintsRecovery\assets\tankwar\asset2",234,"G4","TankWar_P1|TankWar_P2|TankWar_P3|TankWar_P4|TankWar_P5","AMBIGUOUS","ambiguous target","TankWar_P1|TankWar_P2|TankWar_P3|TankWar_P4|TankWar_P5"
"R2003","METHOD_CALL","E236","setStatus","C:\Users\JBNU\git\ConstraintsRecovery\assets\tankwar\asset2",234,"G4","TankWar_P1|TankWar_P2|TankWar_P3|TankWar_P4|TankWar_P5","AMBIGUOUS","ambiguous target","TankWar_P1|TankWar_P2|TankWar_P3|TankWar_P4|TankWar_P5"
"R2005","FIELD_REFERENCE","E236","MAIN_MENU","C:\Users\JBNU\git\ConstraintsRecovery\assets\tankwar\asset2",235,"G4","TankWar_P1|TankWar_P2|TankWar_P3|TankWar_P4|TankWar_P5","AMBIGUOUS","ambiguous target","TankWar_P1|TankWar_P2|TankWar_P3|TankWar_P4|TankWar_P5"
"R2007","METHOD_CALL","E236","setStatus","C:\Users\JBNU\git\ConstraintsRecovery\assets\tankwar\asset2",235,"G4","TankWar_P1|TankWar_P2|TankWar_P3|TankWar_P4|TankWar_P5","AMBIGUOUS","ambiguous target","TankWar_P1|TankWar_P2|TankWar_P3|TankWar_P4|TankWar_P5"
"R2010","FIELD_REFERENCE","E236","NOTE","C:\Users\JBNU\git\ConstraintsRecovery\assets\tankwar\asset2",238,"G4","TankWar_P1|TankWar_P2|TankWar_P3|TankWar_P4|TankWar_P5","AMBIGUOUS","ambiguous target","TankWar_P1|TankWar_P2|TankWar_P3|TankWar_P4|TankWar_P5"
"R2011","METHOD_CALL","E236","equals","C:\Users\JBNU\git\ConstraintsRecovery\assets\tankwar\asset2",238,"G4","TankWar_P1|TankWar_P2|TankWar_P3|TankWar_P4|TankWar_P5","UNRESOLVED","unresolved target","TankWar_P1|TankWar_P2|TankWar_P3|TankWar_P4|TankWar_P5"
"R2012","FIELD_REFERENCE","E236","NOTE","C:\Users\JBNU\git\ConstraintsRecovery\assets\tankwar\asset2",239,"G4","TankWar_P1|TankWar_P2|TankWar_P3|TankWar_P4|TankWar_P5","AMBIGUOUS","ambiguous target","TankWar_P1|TankWar_P2|TankWar_P3|TankWar_P4|TankWar_P5"
"R2013","METHOD_CALL","E236","setStatus","C:\Users\JBNU\git\ConstraintsRecovery\assets\tankwar\asset2",239,"G4","TankWar_P1|TankWar_P2|TankWar_P3|TankWar_P4|TankWar_P5","AMBIGUOUS","ambiguous target","TankWar_P1|TankWar_P2|TankWar_P3|TankWar_P4|TankWar_P5"
"R2015","FIELD_REFERENCE","E236","NOTE","C:\Users\JBNU\git\ConstraintsRecovery\assets\tankwar\asset2",240,"G4","TankWar_P1|TankWar_P2|TankWar_P3|TankWar_P4|TankWar_P5","AMBIGUOUS","ambiguous target","TankWar_P1|TankWar_P2|TankWar_P3|TankWar_P4|TankWar_P5"
"R2017","METHOD_CALL","E236","setStatus","C:\Users\JBNU\git\ConstraintsRecovery\assets\tankwar\asset2",240,"G4","TankWar_P1|TankWar_P2|TankWar_P3|TankWar_P4|TankWar_P5","AMBIGUOUS","ambiguous target","TankWar_P1|TankWar_P2|TankWar_P3|TankWar_P4|TankWar_P5"
"R2020","FIELD_REFERENCE","E236","HNOTE","C:\Users\JBNU\git\ConstraintsRecovery\assets\tankwar\asset2",243,"G4","TankWar_P1|TankWar_P2|TankWar_P3|TankWar_P4|TankWar_P5","AMBIGUOUS","ambiguous target","TankWar_P1|TankWar_P2|TankWar_P3|TankWar_P4|TankWar_P5"
"R2021","METHOD_CALL","E236","equals","C:\Users\JBNU\git\ConstraintsRecovery\assets\tankwar\asset2",243,"G4","TankWar_P1|TankWar_P2|TankWar_P3|TankWar_P4|TankWar_P5","UNRESOLVED","unresolved target","TankWar_P1|TankWar_P2|TankWar_P3|TankWar_P4|TankWar_P5"
"R2022","FIELD_REFERENCE","E236","MAIN_MENU","C:\Users\JBNU\git\ConstraintsRecovery\assets\tankwar\asset2",244,"G4","TankWar_P1|TankWar_P2|TankWar_P3|TankWar_P4|TankWar_P5","AMBIGUOUS","ambiguous target","TankWar_P1|TankWar_P2|TankWar_P3|TankWar_P4|TankWar_P5"
"R2023","METHOD_CALL","E236","setStatus","C:\Users\JBNU\git\ConstraintsRecovery\assets\tankwar\asset2",244,"G4","TankWar_P1|TankWar_P2|TankWar_P3|TankWar_P4|TankWar_P5","AMBIGUOUS","ambiguous target","TankWar_P1|TankWar_P2|TankWar_P3|TankWar_P4|TankWar_P5"
"R2025","FIELD_REFERENCE","E236","MAIN_MENU","C:\Users\JBNU\git\ConstraintsRecovery\assets\tankwar\asset2",245,"G4","TankWar_P1|TankWar_P2|TankWar_P3|TankWar_P4|TankWar_P5","AMBIGUOUS","ambiguous target","TankWar_P1|TankWar_P2|TankWar_P3|TankWar_P4|TankWar_P5"
"R2027","METHOD_CALL","E236","setStatus","C:\Users\JBNU\git\ConstraintsRecovery\assets\tankwar\asset2",245,"G4","TankWar_P1|TankWar_P2|TankWar_P3|TankWar_P4|TankWar_P5","AMBIGUOUS","ambiguous target","TankWar_P1|TankWar_P2|TankWar_P3|TankWar_P4|TankWar_P5"
"R2030","FIELD_REFERENCE","E236","HELP","C:\Users\JBNU\git\ConstraintsRecovery\assets\tankwar\asset2",248,"G4","TankWar_P1|TankWar_P2|TankWar_P3|TankWar_P4|TankWar_P5","AMBIGUOUS","ambiguous target","TankWar_P1|TankWar_P2|TankWar_P3|TankWar_P4|TankWar_P5"
"R2031","METHOD_CALL","E236","equals","C:\Users\JBNU\git\ConstraintsRecovery\assets\tankwar\asset2",248,"G4","TankWar_P1|TankWar_P2|TankWar_P3|TankWar_P4|TankWar_P5","UNRESOLVED","unresolved target","TankWar_P1|TankWar_P2|TankWar_P3|TankWar_P4|TankWar_P5"
"R2032","FIELD_REFERENCE","E236","HELP","C:\Users\JBNU\git\ConstraintsRecovery\assets\tankwar\asset2",249,"G4","TankWar_P1|TankWar_P2|TankWar_P3|TankWar_P4|TankWar_P5","AMBIGUOUS","ambiguous target","TankWar_P1|TankWar_P2|TankWar_P3|TankWar_P4|TankWar_P5"
"R2033","METHOD_CALL","E236","setStatus","C:\Users\JBNU\git\ConstraintsRecovery\assets\tankwar\asset2",249,"G4","TankWar_P1|TankWar_P2|TankWar_P3|TankWar_P4|TankWar_P5","AMBIGUOUS","ambiguous target","TankWar_P1|TankWar_P2|TankWar_P3|TankWar_P4|TankWar_P5"
"R2035","FIELD_REFERENCE","E236","HELP","C:\Users\JBNU\git\ConstraintsRecovery\assets\tankwar\asset2",250,"G4","TankWar_P1|TankWar_P2|TankWar_P3|TankWar_P4|TankWar_P5","AMBIGUOUS","ambiguous target","TankWar_P1|TankWar_P2|TankWar_P3|TankWar_P4|TankWar_P5"
"R2037","METHOD_CALL","E236","setStatus","C:\Users\JBNU\git\ConstraintsRecovery\assets\tankwar\asset2",250,"G4","TankWar_P1|TankWar_P2|TankWar_P3|TankWar_P4|TankWar_P5","AMBIGUOUS","ambiguous target","TankWar_P1|TankWar_P2|TankWar_P3|TankWar_P4|TankWar_P5"
"R2039","FIELD_REFERENCE","E236","HelpItem","C:\Users\JBNU\git\ConstraintsRecovery\assets\tankwar\asset2",253,"G4","TankWar_P1|TankWar_P2|TankWar_P3|TankWar_P4|TankWar_P5","AMBIGUOUS","ambiguous target","TankWar_P1|TankWar_P2|TankWar_P3|TankWar_P4|TankWar_P5"
"R2040","METHOD_CALL","E236","equals","C:\Users\JBNU\git\ConstraintsRecovery\assets\tankwar\asset2",253,"G4","TankWar_P1|TankWar_P2|TankWar_P3|TankWar_P4|TankWar_P5","UNRESOLVED","unresolved target","TankWar_P1|TankWar_P2|TankWar_P3|TankWar_P4|TankWar_P5"
"R2041","FIELD_REFERENCE","E236","MAIN_MENU","C:\Users\JBNU\git\ConstraintsRecovery\assets\tankwar\asset2",254,"G4","TankWar_P1|TankWar_P2|TankWar_P3|TankWar_P4|TankWar_P5","AMBIGUOUS","ambiguous target","TankWar_P1|TankWar_P2|TankWar_P3|TankWar_P4|TankWar_P5"
"R2042","METHOD_CALL","E236","setStatus","C:\Users\JBNU\git\ConstraintsRecovery\assets\tankwar\asset2",254,"G4","TankWar_P1|TankWar_P2|TankWar_P3|TankWar_P4|TankWar_P5","AMBIGUOUS","ambiguous target","TankWar_P1|TankWar_P2|TankWar_P3|TankWar_P4|TankWar_P5"
"R2044","FIELD_REFERENCE","E236","MAIN_MENU","C:\Users\JBNU\git\ConstraintsRecovery\assets\tankwar\asset2",255,"G4","TankWar_P1|TankWar_P2|TankWar_P3|TankWar_P4|TankWar_P5","AMBIGUOUS","ambiguous target","TankWar_P1|TankWar_P2|TankWar_P3|TankWar_P4|TankWar_P5"
"R2046","METHOD_CALL","E236","setStatus","C:\Users\JBNU\git\ConstraintsRecovery\assets\tankwar\asset2",255,"G4","TankWar_P1|TankWar_P2|TankWar_P3|TankWar_P4|TankWar_P5","AMBIGUOUS","ambiguous target","TankWar_P1|TankWar_P2|TankWar_P3|TankWar_P4|TankWar_P5"
"R2049","FIELD_REFERENCE","E236","EXIT","C:\Users\JBNU\git\ConstraintsRecovery\assets\tankwar\asset2",258,"G4","TankWar_P1|TankWar_P2|TankWar_P3|TankWar_P4|TankWar_P5","AMBIGUOUS","ambiguous target","TankWar_P1|TankWar_P2|TankWar_P3|TankWar_P4|TankWar_P5"
"R2050","METHOD_CALL","E236","equals","C:\Users\JBNU\git\ConstraintsRecovery\assets\tankwar\asset2",258,"G4","TankWar_P1|TankWar_P2|TankWar_P3|TankWar_P4|TankWar_P5","UNRESOLVED","unresolved target","TankWar_P1|TankWar_P2|TankWar_P3|TankWar_P4|TankWar_P5"
"R2051","METHOD_CALL","E236","exit","C:\Users\JBNU\git\ConstraintsRecovery\assets\tankwar\asset2",259,"G4","TankWar_P1|TankWar_P2|TankWar_P3|TankWar_P4|TankWar_P5","RESOLVED_EXTERNAL","external target","TankWar_P1|TankWar_P2|TankWar_P3|TankWar_P4|TankWar_P5"
"R2052","FIELD_REFERENCE","E236","PAUSE","C:\Users\JBNU\git\ConstraintsRecovery\assets\tankwar\asset2",261,"G4","TankWar_P1|TankWar_P2|TankWar_P3|TankWar_P4|TankWar_P5","AMBIGUOUS","ambiguous target","TankWar_P1|TankWar_P2|TankWar_P3|TankWar_P4|TankWar_P5"
"R2053","METHOD_CALL","E236","equals","C:\Users\JBNU\git\ConstraintsRecovery\assets\tankwar\asset2",261,"G4","TankWar_P1|TankWar_P2|TankWar_P3|TankWar_P4|TankWar_P5","UNRESOLVED","unresolved target","TankWar_P1|TankWar_P2|TankWar_P3|TankWar_P4|TankWar_P5"
"R2054","FIELD_REFERENCE","E236","SPIELEN","C:\Users\JBNU\git\ConstraintsRecovery\assets\tankwar\asset2",262,"G4","TankWar_P1|TankWar_P2|TankWar_P3|TankWar_P4|TankWar_P5","AMBIGUOUS","ambiguous target","TankWar_P1|TankWar_P2|TankWar_P3|TankWar_P4|TankWar_P5"
"R2055","METHOD_CALL","E236","setStatus","C:\Users\JBNU\git\ConstraintsRecovery\assets\tankwar\asset2",262,"G4","TankWar_P1|TankWar_P2|TankWar_P3|TankWar_P4|TankWar_P5","AMBIGUOUS","ambiguous target","TankWar_P1|TankWar_P2|TankWar_P3|TankWar_P4|TankWar_P5"
"R2057","FIELD_REFERENCE","E236","SPIELEN","C:\Users\JBNU\git\ConstraintsRecovery\assets\tankwar\asset2",263,"G4","TankWar_P1|TankWar_P2|TankWar_P3|TankWar_P4|TankWar_P5","AMBIGUOUS","ambiguous target","TankWar_P1|TankWar_P2|TankWar_P3|TankWar_P4|TankWar_P5"
"R2059","METHOD_CALL","E236","setStatus","C:\Users\JBNU\git\ConstraintsRecovery\assets\tankwar\asset2",263,"G4","TankWar_P1|TankWar_P2|TankWar_P3|TankWar_P4|TankWar_P5","AMBIGUOUS","ambiguous target","TankWar_P1|TankWar_P2|TankWar_P3|TankWar_P4|TankWar_P5"
"R2062","FIELD_REFERENCE","E236","RESUME","C:\Users\JBNU\git\ConstraintsRecovery\assets\tankwar\asset2",266,"G4","TankWar_P1|TankWar_P2|TankWar_P3|TankWar_P4|TankWar_P5","AMBIGUOUS","ambiguous target","TankWar_P1|TankWar_P2|TankWar_P3|TankWar_P4|TankWar_P5"
"R2063","METHOD_CALL","E236","equals","C:\Users\JBNU\git\ConstraintsRecovery\assets\tankwar\asset2",266,"G4","TankWar_P1|TankWar_P2|TankWar_P3|TankWar_P4|TankWar_P5","UNRESOLVED","unresolved target","TankWar_P1|TankWar_P2|TankWar_P3|TankWar_P4|TankWar_P5"
"R2065","FIELD_REFERENCE","E236","TANKA","C:\Users\JBNU\git\ConstraintsRecovery\assets\tankwar\asset2",269,"G4","TankWar_P1|TankWar_P2|TankWar_P3|TankWar_P4|TankWar_P5","AMBIGUOUS","ambiguous target","TankWar_P1|TankWar_P2|TankWar_P3|TankWar_P4|TankWar_P5"
"R2066","METHOD_CALL","E236","equals","C:\Users\JBNU\git\ConstraintsRecovery\assets\tankwar\asset2",269,"G4","TankWar_P1|TankWar_P2|TankWar_P3|TankWar_P4|TankWar_P5","UNRESOLVED","unresolved target","TankWar_P1|TankWar_P2|TankWar_P3|TankWar_P4|TankWar_P5"
"R2069","FIELD_REFERENCE","E236","LEVEL","C:\Users\JBNU\git\ConstraintsRecovery\assets\tankwar\asset2",272,"G4","TankWar_P1|TankWar_P2|TankWar_P3|TankWar_P4|TankWar_P5","AMBIGUOUS","ambiguous target","TankWar_P1|TankWar_P2|TankWar_P3|TankWar_P4|TankWar_P5"
"R2070","METHOD_CALL","E236","setStatus","C:\Users\JBNU\git\ConstraintsRecovery\assets\tankwar\asset2",272,"G4","TankWar_P1|TankWar_P2|TankWar_P3|TankWar_P4|TankWar_P5","AMBIGUOUS","ambiguous target","TankWar_P1|TankWar_P2|TankWar_P3|TankWar_P4|TankWar_P5"
"R2072","FIELD_REFERENCE","E236","LEVEL","C:\Users\JBNU\git\ConstraintsRecovery\assets\tankwar\asset2",273,"G4","TankWar_P1|TankWar_P2|TankWar_P3|TankWar_P4|TankWar_P5","AMBIGUOUS","ambiguous target","TankWar_P1|TankWar_P2|TankWar_P3|TankWar_P4|TankWar_P5"
"R2074","METHOD_CALL","E236","setStatus","C:\Users\JBNU\git\ConstraintsRecovery\assets\tankwar\asset2",273,"G4","TankWar_P1|TankWar_P2|TankWar_P3|TankWar_P4|TankWar_P5","AMBIGUOUS","ambiguous target","TankWar_P1|TankWar_P2|TankWar_P3|TankWar_P4|TankWar_P5"
"R2075","FIELD_REFERENCE","E236","TANKB","C:\Users\JBNU\git\ConstraintsRecovery\assets\tankwar\asset2",275,"G4","TankWar_P1|TankWar_P2|TankWar_P3|TankWar_P4|TankWar_P5","AMBIGUOUS","ambiguous target","TankWar_P1|TankWar_P2|TankWar_P3|TankWar_P4|TankWar_P5"
"R2076","METHOD_CALL","E236","equals","C:\Users\JBNU\git\ConstraintsRecovery\assets\tankwar\asset2",275,"G4","TankWar_P1|TankWar_P2|TankWar_P3|TankWar_P4|TankWar_P5","UNRESOLVED","unresolved target","TankWar_P1|TankWar_P2|TankWar_P3|TankWar_P4|TankWar_P5"
"R2079","FIELD_REFERENCE","E236","LEVEL","C:\Users\JBNU\git\ConstraintsRecovery\assets\tankwar\asset2",278,"G4","TankWar_P1|TankWar_P2|TankWar_P3|TankWar_P4|TankWar_P5","AMBIGUOUS","ambiguous target","TankWar_P1|TankWar_P2|TankWar_P3|TankWar_P4|TankWar_P5"
"R2080","METHOD_CALL","E236","setStatus","C:\Users\JBNU\git\ConstraintsRecovery\assets\tankwar\asset2",278,"G4","TankWar_P1|TankWar_P2|TankWar_P3|TankWar_P4|TankWar_P5","AMBIGUOUS","ambiguous target","TankWar_P1|TankWar_P2|TankWar_P3|TankWar_P4|TankWar_P5"
"R2082","FIELD_REFERENCE","E236","LEVEL","C:\Users\JBNU\git\ConstraintsRecovery\assets\tankwar\asset2",279,"G4","TankWar_P1|TankWar_P2|TankWar_P3|TankWar_P4|TankWar_P5","AMBIGUOUS","ambiguous target","TankWar_P1|TankWar_P2|TankWar_P3|TankWar_P4|TankWar_P5"
"R2084","METHOD_CALL","E236","setStatus","C:\Users\JBNU\git\ConstraintsRecovery\assets\tankwar\asset2",279,"G4","TankWar_P1|TankWar_P2|TankWar_P3|TankWar_P4|TankWar_P5","AMBIGUOUS","ambiguous target","TankWar_P1|TankWar_P2|TankWar_P3|TankWar_P4|TankWar_P5"
"R2085","FIELD_REFERENCE","E236","TANKC","C:\Users\JBNU\git\ConstraintsRecovery\assets\tankwar\asset2",281,"G4","TankWar_P1|TankWar_P2|TankWar_P3|TankWar_P4|TankWar_P5","AMBIGUOUS","ambiguous target","TankWar_P1|TankWar_P2|TankWar_P3|TankWar_P4|TankWar_P5"
"R2086","METHOD_CALL","E236","equals","C:\Users\JBNU\git\ConstraintsRecovery\assets\tankwar\asset2",281,"G4","TankWar_P1|TankWar_P2|TankWar_P3|TankWar_P4|TankWar_P5","UNRESOLVED","unresolved target","TankWar_P1|TankWar_P2|TankWar_P3|TankWar_P4|TankWar_P5"
"R2089","FIELD_REFERENCE","E236","LEVEL","C:\Users\JBNU\git\ConstraintsRecovery\assets\tankwar\asset2",284,"G4","TankWar_P1|TankWar_P2|TankWar_P3|TankWar_P4|TankWar_P5","AMBIGUOUS","ambiguous target","TankWar_P1|TankWar_P2|TankWar_P3|TankWar_P4|TankWar_P5"
"R2090","METHOD_CALL","E236","setStatus","C:\Users\JBNU\git\ConstraintsRecovery\assets\tankwar\asset2",284,"G4","TankWar_P1|TankWar_P2|TankWar_P3|TankWar_P4|TankWar_P5","AMBIGUOUS","ambiguous target","TankWar_P1|TankWar_P2|TankWar_P3|TankWar_P4|TankWar_P5"
"R2092","FIELD_REFERENCE","E236","LEVEL","C:\Users\JBNU\git\ConstraintsRecovery\assets\tankwar\asset2",285,"G4","TankWar_P1|TankWar_P2|TankWar_P3|TankWar_P4|TankWar_P5","AMBIGUOUS","ambiguous target","TankWar_P1|TankWar_P2|TankWar_P3|TankWar_P4|TankWar_P5"
"R2094","METHOD_CALL","E236","setStatus","C:\Users\JBNU\git\ConstraintsRecovery\assets\tankwar\asset2",285,"G4","TankWar_P1|TankWar_P2|TankWar_P3|TankWar_P4|TankWar_P5","AMBIGUOUS","ambiguous target","TankWar_P1|TankWar_P2|TankWar_P3|TankWar_P4|TankWar_P5"
"R2096","METHOD_CALL","E237","repaint","C:\Users\JBNU\git\ConstraintsRecovery\assets\tankwar\asset2",289,"G4","TankWar_P1|TankWar_P2|TankWar_P3|TankWar_P4|TankWar_P5","UNRESOLVED","unresolved target","TankWar_P1|TankWar_P2|TankWar_P3|TankWar_P4|TankWar_P5"
"R2104","METHOD_CALL","E238","createImage","C:\Users\JBNU\git\ConstraintsRecovery\assets\tankwar\asset2",293,"G4","TankWar_P1|TankWar_P2|TankWar_P3|TankWar_P4|TankWar_P5","UNRESOLVED","unresolved target","TankWar_P1|TankWar_P2|TankWar_P3|TankWar_P4|TankWar_P5"
"R2107","METHOD_CALL","E238","getGraphics","C:\Users\JBNU\git\ConstraintsRecovery\assets\tankwar\asset2",295,"G4","TankWar_P1|TankWar_P2|TankWar_P3|TankWar_P4|TankWar_P5","RESOLVED_EXTERNAL","external target","TankWar_P1|TankWar_P2|TankWar_P3|TankWar_P4|TankWar_P5"
"R2109","METHOD_CALL","E238","getColor","C:\Users\JBNU\git\ConstraintsRecovery\assets\tankwar\asset2",296,"G4","TankWar_P1|TankWar_P2|TankWar_P3|TankWar_P4|TankWar_P5","RESOLVED_EXTERNAL","external target","TankWar_P1|TankWar_P2|TankWar_P3|TankWar_P4|TankWar_P5"
"R2111","FIELD_REFERENCE","E238","black","C:\Users\JBNU\git\ConstraintsRecovery\assets\tankwar\asset2",297,"G4","TankWar_P1|TankWar_P2|TankWar_P3|TankWar_P4|TankWar_P5","RESOLVED_EXTERNAL","external target","TankWar_P1|TankWar_P2|TankWar_P3|TankWar_P4|TankWar_P5"
"R2112","METHOD_CALL","E238","setColor","C:\Users\JBNU\git\ConstraintsRecovery\assets\tankwar\asset2",297,"G4","TankWar_P1|TankWar_P2|TankWar_P3|TankWar_P4|TankWar_P5","RESOLVED_EXTERNAL","external target","TankWar_P1|TankWar_P2|TankWar_P3|TankWar_P4|TankWar_P5"
"R2117","METHOD_CALL","E238","setColor","C:\Users\JBNU\git\ConstraintsRecovery\assets\tankwar\asset2",299,"G4","TankWar_P1|TankWar_P2|TankWar_P3|TankWar_P4|TankWar_P5","RESOLVED_EXTERNAL","external target","TankWar_P1|TankWar_P2|TankWar_P3|TankWar_P4|TankWar_P5"
"R2120","METHOD_CALL","E238","drawImage","C:\Users\JBNU\git\ConstraintsRecovery\assets\tankwar\asset2",301,"G4","TankWar_P1|TankWar_P2|TankWar_P3|TankWar_P4|TankWar_P5","RESOLVED_EXTERNAL","external target","TankWar_P1|TankWar_P2|TankWar_P3|TankWar_P4|TankWar_P5"
"R2122","METHOD_CALL","E238","repaint","C:\Users\JBNU\git\ConstraintsRecovery\assets\tankwar\asset2",302,"G4","TankWar_P1|TankWar_P2|TankWar_P3|TankWar_P4|TankWar_P5","UNRESOLVED","unresolved target","TankWar_P1|TankWar_P2|TankWar_P3|TankWar_P4|TankWar_P5"
"R2128","CONSTRUCTOR_CALL","E241","Color","C:\Users\JBNU\git\ConstraintsRecovery\assets\tankwar\asset2",311,"G4","TankWar_P1|TankWar_P2|TankWar_P3|TankWar_P4|TankWar_P5","RESOLVED_EXTERNAL","external target","TankWar_P1|TankWar_P2|TankWar_P3|TankWar_P4|TankWar_P5"
"R2131","METHOD_CALL","E241","setColor","C:\Users\JBNU\git\ConstraintsRecovery\assets\tankwar\asset2",312,"G4","TankWar_P1|TankWar_P2|TankWar_P3|TankWar_P4|TankWar_P5","RESOLVED_EXTERNAL","external target","TankWar_P1|TankWar_P2|TankWar_P3|TankWar_P4|TankWar_P5"
"R2137","METHOD_CALL","E243","fillOval","C:\Users\JBNU\git\ConstraintsRecovery\assets\tankwar\asset2",318,"G4","TankWar_P1|TankWar_P2|TankWar_P3|TankWar_P4|TankWar_P5","RESOLVED_EXTERNAL","external target","TankWar_P1|TankWar_P2|TankWar_P3|TankWar_P4|TankWar_P5"
"R2140","METHOD_CALL","E244","fillRect","C:\Users\JBNU\git\ConstraintsRecovery\assets\tankwar\asset2",321,"G4","TankWar_P1|TankWar_P2|TankWar_P3|TankWar_P4|TankWar_P5","RESOLVED_EXTERNAL","external target","TankWar_P1|TankWar_P2|TankWar_P3|TankWar_P4|TankWar_P5"
"R2143","METHOD_CALL","E245","drawLine","C:\Users\JBNU\git\ConstraintsRecovery\assets\tankwar\asset2",324,"G4","TankWar_P1|TankWar_P2|TankWar_P3|TankWar_P4|TankWar_P5","RESOLVED_EXTERNAL","external target","TankWar_P1|TankWar_P2|TankWar_P3|TankWar_P4|TankWar_P5"
"R2146","METHOD_CALL","E246","drawRect","C:\Users\JBNU\git\ConstraintsRecovery\assets\tankwar\asset2",327,"G4","TankWar_P1|TankWar_P2|TankWar_P3|TankWar_P4|TankWar_P5","RESOLVED_EXTERNAL","external target","TankWar_P1|TankWar_P2|TankWar_P3|TankWar_P4|TankWar_P5"
"R2149","METHOD_CALL","E247","drawRoundRect","C:\Users\JBNU\git\ConstraintsRecovery\assets\tankwar\asset2",330,"G4","TankWar_P1|TankWar_P2|TankWar_P3|TankWar_P4|TankWar_P5","RESOLVED_EXTERNAL","external target","TankWar_P1|TankWar_P2|TankWar_P3|TankWar_P4|TankWar_P5"
"R2150","EXTENDS","E248","Tool$$Mars","C:\Users\JBNU\git\ConstraintsRecovery\assets\tankwar\asset20",10,"G3","TankWar_P1|TankWar_P2|TankWar_P3","AMBIGUOUS","ambiguous target","TankWar_P1|TankWar_P2|TankWar_P3"
"R2151","EXTENDS","E249","Tool$$Energie","C:\Users\JBNU\git\ConstraintsRecovery\assets\tankwar\asset20",12,"G20","TankWar_P4","AMBIGUOUS","ambiguous target","TankWar_P4"
"R2152","EXTENDS","E250","Tool$$Feuerkraft","C:\Users\JBNU\git\ConstraintsRecovery\assets\tankwar\asset20",14,"G22","TankWar_P5","AMBIGUOUS","ambiguous target","TankWar_P5"
"R2155","CONSTRUCTOR_CALL","E251","super","C:\Users\JBNU\git\ConstraintsRecovery\assets\tankwar\asset20",17,"G4","TankWar_P1|TankWar_P2|TankWar_P3|TankWar_P4|TankWar_P5","UNRESOLVED","unresolved target","TankWar_P1|TankWar_P2|TankWar_P3|TankWar_P4|TankWar_P5"
"R2156","FIELD_REFERENCE","E252","maler","C:\Users\JBNU\git\ConstraintsRecovery\assets\tankwar\asset20",22,"G4","TankWar_P1|TankWar_P2|TankWar_P3|TankWar_P4|TankWar_P5","AMBIGUOUS","ambiguous target","TankWar_P1|TankWar_P2|TankWar_P3|TankWar_P4|TankWar_P5"
"R2158","FIELD_REFERENCE","E252","maler","C:\Users\JBNU\git\ConstraintsRecovery\assets\tankwar\asset20",25,"G4","TankWar_P1|TankWar_P2|TankWar_P3|TankWar_P4|TankWar_P5","AMBIGUOUS","ambiguous target","TankWar_P1|TankWar_P2|TankWar_P3|TankWar_P4|TankWar_P5"
"R2160","FIELD_REFERENCE","E252","maler","C:\Users\JBNU\git\ConstraintsRecovery\assets\tankwar\asset20",28,"G4","TankWar_P1|TankWar_P2|TankWar_P3|TankWar_P4|TankWar_P5","AMBIGUOUS","ambiguous target","TankWar_P1|TankWar_P2|TankWar_P3|TankWar_P4|TankWar_P5"
"R2162","FIELD_REFERENCE","E252","maler","C:\Users\JBNU\git\ConstraintsRecovery\assets\tankwar\asset20",31,"G4","TankWar_P1|TankWar_P2|TankWar_P3|TankWar_P4|TankWar_P5","AMBIGUOUS","ambiguous target","TankWar_P1|TankWar_P2|TankWar_P3|TankWar_P4|TankWar_P5"
"R2164","FIELD_REFERENCE","E252","maler","C:\Users\JBNU\git\ConstraintsRecovery\assets\tankwar\asset20",34,"G4","TankWar_P1|TankWar_P2|TankWar_P3|TankWar_P4|TankWar_P5","AMBIGUOUS","ambiguous target","TankWar_P1|TankWar_P2|TankWar_P3|TankWar_P4|TankWar_P5"
"R2166","FIELD_REFERENCE","E252","maler","C:\Users\JBNU\git\ConstraintsRecovery\assets\tankwar\asset20",37,"G4","TankWar_P1|TankWar_P2|TankWar_P3|TankWar_P4|TankWar_P5","AMBIGUOUS","ambiguous target","TankWar_P1|TankWar_P2|TankWar_P3|TankWar_P4|TankWar_P5"
"R2168","EXTENDS","E253","Thread","C:\Users\JBNU\git\ConstraintsRecovery\assets\tankwar\asset21",9,"G4","TankWar_P1|TankWar_P2|TankWar_P3|TankWar_P4|TankWar_P5","RESOLVED_EXTERNAL","external target","TankWar_P1|TankWar_P2|TankWar_P3|TankWar_P4|TankWar_P5"
"R2173","METHOD_CALL","E256","aktualisieren","C:\Users\JBNU\git\ConstraintsRecovery\assets\tankwar\asset21",16,"G4","TankWar_P1|TankWar_P2|TankWar_P3|TankWar_P4|TankWar_P5","AMBIGUOUS","ambiguous target","TankWar_P1|TankWar_P2|TankWar_P3|TankWar_P4|TankWar_P5"
"R2174","METHOD_CALL","E256","sleep","C:\Users\JBNU\git\ConstraintsRecovery\assets\tankwar\asset21",18,"G4","TankWar_P1|TankWar_P2|TankWar_P3|TankWar_P4|TankWar_P5","RESOLVED_EXTERNAL","external target","TankWar_P1|TankWar_P2|TankWar_P3|TankWar_P4|TankWar_P5"
"R2176","METHOD_CALL","E256","printStackTrace","C:\Users\JBNU\git\ConstraintsRecovery\assets\tankwar\asset21",20,"G4","TankWar_P1|TankWar_P2|TankWar_P3|TankWar_P4|TankWar_P5","RESOLVED_EXTERNAL","external target","TankWar_P1|TankWar_P2|TankWar_P3|TankWar_P4|TankWar_P5"
"R2203","METHOD_CALL","E273","init","C:\Users\JBNU\git\ConstraintsRecovery\assets\tankwar\asset22",19,"G4","TankWar_P1|TankWar_P2|TankWar_P3|TankWar_P4|TankWar_P5","AMBIGUOUS","ambiguous target","TankWar_P1|TankWar_P2|TankWar_P3|TankWar_P4|TankWar_P5"
"R2237","FIELD_REFERENCE","E276","maler","C:\Users\JBNU\git\ConstraintsRecovery\assets\tankwar\asset22",37,"G4","TankWar_P1|TankWar_P2|TankWar_P3|TankWar_P4|TankWar_P5","AMBIGUOUS","ambiguous target","TankWar_P1|TankWar_P2|TankWar_P3|TankWar_P4|TankWar_P5"
"R2240","FIELD_REFERENCE","E276","maler","C:\Users\JBNU\git\ConstraintsRecovery\assets\tankwar\asset22",38,"G4","TankWar_P1|TankWar_P2|TankWar_P3|TankWar_P4|TankWar_P5","AMBIGUOUS","ambiguous target","TankWar_P1|TankWar_P2|TankWar_P3|TankWar_P4|TankWar_P5"
"R2261","METHOD_CALL","E278","size","C:\Users\JBNU\git\ConstraintsRecovery\assets\tankwar\asset22",53,"G4","TankWar_P1|TankWar_P2|TankWar_P3|TankWar_P4|TankWar_P5","RESOLVED_EXTERNAL","external target","TankWar_P1|TankWar_P2|TankWar_P3|TankWar_P4|TankWar_P5"
"R2262","METHOD_CALL","E278","elementAt","C:\Users\JBNU\git\ConstraintsRecovery\assets\tankwar\asset22",54,"G4","TankWar_P1|TankWar_P2|TankWar_P3|TankWar_P4|TankWar_P5","RESOLVED_EXTERNAL","external target","TankWar_P1|TankWar_P2|TankWar_P3|TankWar_P4|TankWar_P5"
"R2264","METHOD_CALL","E278","size","C:\Users\JBNU\git\ConstraintsRecovery\assets\tankwar\asset22",56,"G4","TankWar_P1|TankWar_P2|TankWar_P3|TankWar_P4|TankWar_P5","RESOLVED_EXTERNAL","external target","TankWar_P1|TankWar_P2|TankWar_P3|TankWar_P4|TankWar_P5"
"R2266","METHOD_CALL","E278","elementAt","C:\Users\JBNU\git\ConstraintsRecovery\assets\tankwar\asset22",58,"G4","TankWar_P1|TankWar_P2|TankWar_P3|TankWar_P4|TankWar_P5","RESOLVED_EXTERNAL","external target","TankWar_P1|TankWar_P2|TankWar_P3|TankWar_P4|TankWar_P5"
"R2267","METHOD_CALL","E278","stossenGegen","C:\Users\JBNU\git\ConstraintsRecovery\assets\tankwar\asset22",58,"G4","TankWar_P1|TankWar_P2|TankWar_P3|TankWar_P4|TankWar_P5","AMBIGUOUS","ambiguous target","TankWar_P1|TankWar_P2|TankWar_P3|TankWar_P4|TankWar_P5"
"R2269","METHOD_CALL","E278","elementAt","C:\Users\JBNU\git\ConstraintsRecovery\assets\tankwar\asset22",61,"G4","TankWar_P1|TankWar_P2|TankWar_P3|TankWar_P4|TankWar_P5","RESOLVED_EXTERNAL","external target","TankWar_P1|TankWar_P2|TankWar_P3|TankWar_P4|TankWar_P5"
"R2270","METHOD_CALL","E278","stossenGegen","C:\Users\JBNU\git\ConstraintsRecovery\assets\tankwar\asset22",61,"G4","TankWar_P1|TankWar_P2|TankWar_P3|TankWar_P4|TankWar_P5","AMBIGUOUS","ambiguous target","TankWar_P1|TankWar_P2|TankWar_P3|TankWar_P4|TankWar_P5"
"R2274","METHOD_CALL","E279","stossenGegen","C:\Users\JBNU\git\ConstraintsRecovery\assets\tankwar\asset22",68,"G4","TankWar_P1|TankWar_P2|TankWar_P3|TankWar_P4|TankWar_P5","AMBIGUOUS","ambiguous target","TankWar_P1|TankWar_P2|TankWar_P3|TankWar_P4|TankWar_P5"
"R2278","CONSTRUCTOR_CALL","E280","Float","C:\Users\JBNU\git\ConstraintsRecovery\assets\tankwar\asset22",71,"G4","TankWar_P1|TankWar_P2|TankWar_P3|TankWar_P4|TankWar_P5","RESOLVED_EXTERNAL","external target","TankWar_P1|TankWar_P2|TankWar_P3|TankWar_P4|TankWar_P5"
"R2280","METHOD_CALL","E280","intValue","C:\Users\JBNU\git\ConstraintsRecovery\assets\tankwar\asset22",72,"G4","TankWar_P1|TankWar_P2|TankWar_P3|TankWar_P4|TankWar_P5","RESOLVED_EXTERNAL","external target","TankWar_P1|TankWar_P2|TankWar_P3|TankWar_P4|TankWar_P5"
"R2282","METHOD_CALL","E280","floatValue","C:\Users\JBNU\git\ConstraintsRecovery\assets\tankwar\asset22",73,"G4","TankWar_P1|TankWar_P2|TankWar_P3|TankWar_P4|TankWar_P5","RESOLVED_EXTERNAL","external target","TankWar_P1|TankWar_P2|TankWar_P3|TankWar_P4|TankWar_P5"
"R2283","EXTENDS","E282","Maler$$fuer_PC","C:\Users\JBNU\git\ConstraintsRecovery\assets\tankwar\asset23",26,"G7","TankWar_P1|TankWar_P3|TankWar_P4|TankWar_P5","AMBIGUOUS","ambiguous target","TankWar_P1|TankWar_P3|TankWar_P4|TankWar_P5"
"R2287","CONSTRUCTOR_CALL","E285","super","C:\Users\JBNU\git\ConstraintsRecovery\assets\tankwar\asset23",30,"G7","TankWar_P1|TankWar_P3|TankWar_P4|TankWar_P5","UNRESOLVED","unresolved target","TankWar_P1|TankWar_P3|TankWar_P4|TankWar_P5"
"R2295","FIELD_REFERENCE","E286","HNOTE","C:\Users\JBNU\git\ConstraintsRecovery\assets\tankwar\asset23",38,"G7","TankWar_P1|TankWar_P3|TankWar_P4|TankWar_P5","AMBIGUOUS","ambiguous target","TankWar_P1|TankWar_P3|TankWar_P4|TankWar_P5"
"R2296","METHOD_CALL","E286","add","C:\Users\JBNU\git\ConstraintsRecovery\assets\tankwar\asset23",38,"G7","TankWar_P1|TankWar_P3|TankWar_P4|TankWar_P5","AMBIGUOUS","ambiguous target","TankWar_P1|TankWar_P3|TankWar_P4|TankWar_P5"
"R2297","METHOD_CALL","E286","size","C:\Users\JBNU\git\ConstraintsRecovery\assets\tankwar\asset23",39,"G7","TankWar_P1|TankWar_P3|TankWar_P4|TankWar_P5","RESOLVED_EXTERNAL","external target","TankWar_P1|TankWar_P3|TankWar_P4|TankWar_P5"
"R2301","METHOD_CALL","E286","add","C:\Users\JBNU\git\ConstraintsRecovery\assets\tankwar\asset23",40,"G7","TankWar_P1|TankWar_P3|TankWar_P4|TankWar_P5","AMBIGUOUS","ambiguous target","TankWar_P1|TankWar_P3|TankWar_P4|TankWar_P5"
"R2302","METHOD_CALL","E286","elementAt","C:\Users\JBNU\git\ConstraintsRecovery\assets\tankwar\asset23",40,"G7","TankWar_P1|TankWar_P3|TankWar_P4|TankWar_P5","RESOLVED_EXTERNAL","external target","TankWar_P1|TankWar_P3|TankWar_P4|TankWar_P5"
"R2308","FIELD_REFERENCE","E287","Name","C:\Users\JBNU\git\ConstraintsRecovery\assets\tankwar\asset23",48,"G7","TankWar_P1|TankWar_P3|TankWar_P4|TankWar_P5","AMBIGUOUS","ambiguous target","TankWar_P1|TankWar_P3|TankWar_P4|TankWar_P5"
"R2309","METHOD_CALL","E287","add","C:\Users\JBNU\git\ConstraintsRecovery\assets\tankwar\asset23",48,"G7","TankWar_P1|TankWar_P3|TankWar_P4|TankWar_P5","AMBIGUOUS","ambiguous target","TankWar_P1|TankWar_P3|TankWar_P4|TankWar_P5"
"R2311","CONSTRUCTOR_CALL","E287","TextField","C:\Users\JBNU\git\ConstraintsRecovery\assets\tankwar\asset23",50,"G7","TankWar_P1|TankWar_P3|TankWar_P4|TankWar_P5","RESOLVED_EXTERNAL","external target","TankWar_P1|TankWar_P3|TankWar_P4|TankWar_P5"
"R2314","FIELD_REFERENCE","E287","black","C:\Users\JBNU\git\ConstraintsRecovery\assets\tankwar\asset23",51,"G7","TankWar_P1|TankWar_P3|TankWar_P4|TankWar_P5","RESOLVED_EXTERNAL","external target","TankWar_P1|TankWar_P3|TankWar_P4|TankWar_P5"
"R2316","METHOD_CALL","E287","setBackground","C:\Users\JBNU\git\ConstraintsRecovery\assets\tankwar\asset23",51,"G7","TankWar_P1|TankWar_P3|TankWar_P4|TankWar_P5","RESOLVED_EXTERNAL","external target","TankWar_P1|TankWar_P3|TankWar_P4|TankWar_P5"
"R2317","FIELD_REFERENCE","E287","red","C:\Users\JBNU\git\ConstraintsRecovery\assets\tankwar\asset23",52,"G7","TankWar_P1|TankWar_P3|TankWar_P4|TankWar_P5","RESOLVED_EXTERNAL","external target","TankWar_P1|TankWar_P3|TankWar_P4|TankWar_P5"
"R2319","METHOD_CALL","E287","setForeground","C:\Users\JBNU\git\ConstraintsRecovery\assets\tankwar\asset23",52,"G7","TankWar_P1|TankWar_P3|TankWar_P4|TankWar_P5","RESOLVED_EXTERNAL","external target","TankWar_P1|TankWar_P3|TankWar_P4|TankWar_P5"
"R2321","METHOD_CALL","E287","setSize","C:\Users\JBNU\git\ConstraintsRecovery\assets\tankwar\asset23",53,"G7","TankWar_P1|TankWar_P3|TankWar_P4|TankWar_P5","RESOLVED_EXTERNAL","external target","TankWar_P1|TankWar_P3|TankWar_P4|TankWar_P5"
"R2323","METHOD_CALL","E287","setLocation","C:\Users\JBNU\git\ConstraintsRecovery\assets\tankwar\asset23",54,"G7","TankWar_P1|TankWar_P3|TankWar_P4|TankWar_P5","UNRESOLVED","unresolved target","TankWar_P1|TankWar_P3|TankWar_P4|TankWar_P5"
"R2325","METHOD_CALL","E287","addKeyListener","C:\Users\JBNU\git\ConstraintsRecovery\assets\tankwar\asset23",55,"G7","TankWar_P1|TankWar_P3|TankWar_P4|TankWar_P5","UNRESOLVED","unresolved target","TankWar_P1|TankWar_P3|TankWar_P4|TankWar_P5"
"R2326","METHOD_CALL","E287","getKeyListeners","C:\Users\JBNU\git\ConstraintsRecovery\assets\tankwar\asset23",55,"G7","TankWar_P1|TankWar_P3|TankWar_P4|TankWar_P5","UNRESOLVED","unresolved target","TankWar_P1|TankWar_P3|TankWar_P4|TankWar_P5"
"R2327","CONSTRUCTOR_CALL","E287","Font","C:\Users\JBNU\git\ConstraintsRecovery\assets\tankwar\asset23",56,"G7","TankWar_P1|TankWar_P3|TankWar_P4|TankWar_P5","RESOLVED_EXTERNAL","external target","TankWar_P1|TankWar_P3|TankWar_P4|TankWar_P5"
"R2328","FIELD_REFERENCE","E287","PLAIN","C:\Users\JBNU\git\ConstraintsRecovery\assets\tankwar\asset23",56,"G7","TankWar_P1|TankWar_P3|TankWar_P4|TankWar_P5","RESOLVED_EXTERNAL","external target","TankWar_P1|TankWar_P3|TankWar_P4|TankWar_P5"
"R2330","METHOD_CALL","E287","setFont","C:\Users\JBNU\git\ConstraintsRecovery\assets\tankwar\asset23",56,"G7","TankWar_P1|TankWar_P3|TankWar_P4|TankWar_P5","RESOLVED_EXTERNAL","external target","TankWar_P1|TankWar_P3|TankWar_P4|TankWar_P5"
"R2333","METHOD_CALL","E287","add","C:\Users\JBNU\git\ConstraintsRecovery\assets\tankwar\asset23",57,"G7","TankWar_P1|TankWar_P3|TankWar_P4|TankWar_P5","AMBIGUOUS","ambiguous target","TankWar_P1|TankWar_P3|TankWar_P4|TankWar_P5"
"R2334","FIELD_REFERENCE","E287","CENTER","C:\Users\JBNU\git\ConstraintsRecovery\assets\tankwar\asset23",58,"G7","TankWar_P1|TankWar_P3|TankWar_P4|TankWar_P5","RESOLVED_EXTERNAL","external target","TankWar_P1|TankWar_P3|TankWar_P4|TankWar_P5"
"R2335","METHOD_CALL","E287","add","C:\Users\JBNU\git\ConstraintsRecovery\assets\tankwar\asset23",58,"G7","TankWar_P1|TankWar_P3|TankWar_P4|TankWar_P5","AMBIGUOUS","ambiguous target","TankWar_P1|TankWar_P3|TankWar_P4|TankWar_P5"
"R2337","METHOD_CALL","E287","pack","C:\Users\JBNU\git\ConstraintsRecovery\assets\tankwar\asset23",59,"G7","TankWar_P1|TankWar_P3|TankWar_P4|TankWar_P5","UNRESOLVED","unresolved target","TankWar_P1|TankWar_P3|TankWar_P4|TankWar_P5"
"R2339","METHOD_CALL","E287","requestFocus","C:\Users\JBNU\git\ConstraintsRecovery\assets\tankwar\asset23",60,"G7","TankWar_P1|TankWar_P3|TankWar_P4|TankWar_P5","RESOLVED_EXTERNAL","external target","TankWar_P1|TankWar_P3|TankWar_P4|TankWar_P5"
"R2341","METHOD_CALL","E288","gameLose","C:\Users\JBNU\git\ConstraintsRecovery\assets\tankwar\asset23",65,"G7","TankWar_P1|TankWar_P3|TankWar_P4|TankWar_P5","AMBIGUOUS","ambiguous target","TankWar_P1|TankWar_P3|TankWar_P4|TankWar_P5"
"R2342","METHOD_CALL","E288","currentTimeMillis","C:\Users\JBNU\git\ConstraintsRecovery\assets\tankwar\asset23",66,"G7","TankWar_P1|TankWar_P3|TankWar_P4|TankWar_P5","RESOLVED_EXTERNAL","external target","TankWar_P1|TankWar_P3|TankWar_P4|TankWar_P5"
"R2343","METHOD_CALL","E288","writeScore","C:\Users\JBNU\git\ConstraintsRecovery\assets\tankwar\asset23",67,"G7","TankWar_P1|TankWar_P3|TankWar_P4|TankWar_P5","AMBIGUOUS","ambiguous target","TankWar_P1|TankWar_P3|TankWar_P4|TankWar_P5"
"R2344","METHOD_CALL","E289","gameWin","C:\Users\JBNU\git\ConstraintsRecovery\assets\tankwar\asset23",71,"G7","TankWar_P1|TankWar_P3|TankWar_P4|TankWar_P5","AMBIGUOUS","ambiguous target","TankWar_P1|TankWar_P3|TankWar_P4|TankWar_P5"
"R2345","METHOD_CALL","E289","currentTimeMillis","C:\Users\JBNU\git\ConstraintsRecovery\assets\tankwar\asset23",72,"G7","TankWar_P1|TankWar_P3|TankWar_P4|TankWar_P5","RESOLVED_EXTERNAL","external target","TankWar_P1|TankWar_P3|TankWar_P4|TankWar_P5"
"R2346","METHOD_CALL","E289","writeScore","C:\Users\JBNU\git\ConstraintsRecovery\assets\tankwar\asset23",73,"G7","TankWar_P1|TankWar_P3|TankWar_P4|TankWar_P5","AMBIGUOUS","ambiguous target","TankWar_P1|TankWar_P3|TankWar_P4|TankWar_P5"
"R2348","METHOD_CALL","E290","menuBehandeln","C:\Users\JBNU\git\ConstraintsRecovery\assets\tankwar\asset23",77,"G7","TankWar_P1|TankWar_P3|TankWar_P4|TankWar_P5","AMBIGUOUS","ambiguous target","TankWar_P1|TankWar_P3|TankWar_P4|TankWar_P5"
"R2349","FIELD_REFERENCE","E290","Name","C:\Users\JBNU\git\ConstraintsRecovery\assets\tankwar\asset23",78,"G7","TankWar_P1|TankWar_P3|TankWar_P4|TankWar_P5","AMBIGUOUS","ambiguous target","TankWar_P1|TankWar_P3|TankWar_P4|TankWar_P5"
"R2350","METHOD_CALL","E290","equals","C:\Users\JBNU\git\ConstraintsRecovery\assets\tankwar\asset23",78,"G7","TankWar_P1|TankWar_P3|TankWar_P4|TankWar_P5","UNRESOLVED","unresolved target","TankWar_P1|TankWar_P3|TankWar_P4|TankWar_P5"
"R2351","FIELD_REFERENCE","E290","TANK_WAEHLEN","C:\Users\JBNU\git\ConstraintsRecovery\assets\tankwar\asset23",79,"G7","TankWar_P1|TankWar_P3|TankWar_P4|TankWar_P5","AMBIGUOUS","ambiguous target","TankWar_P1|TankWar_P3|TankWar_P4|TankWar_P5"
"R2352","METHOD_CALL","E290","setStatus","C:\Users\JBNU\git\ConstraintsRecovery\assets\tankwar\asset23",79,"G7","TankWar_P1|TankWar_P3|TankWar_P4|TankWar_P5","AMBIGUOUS","ambiguous target","TankWar_P1|TankWar_P3|TankWar_P4|TankWar_P5"
"R2354","FIELD_REFERENCE","E290","TANK_WAEHLEN","C:\Users\JBNU\git\ConstraintsRecovery\assets\tankwar\asset23",80,"G7","TankWar_P1|TankWar_P3|TankWar_P4|TankWar_P5","AMBIGUOUS","ambiguous target","TankWar_P1|TankWar_P3|TankWar_P4|TankWar_P5"
"R2355","FIELD_REFERENCE","E290","gameManager","C:\Users\JBNU\git\ConstraintsRecovery\assets\tankwar\asset23",80,"G7","TankWar_P1|TankWar_P3|TankWar_P4|TankWar_P5","AMBIGUOUS","ambiguous target","TankWar_P1|TankWar_P3|TankWar_P4|TankWar_P5"
"R2356","METHOD_CALL","E290","setStatus","C:\Users\JBNU\git\ConstraintsRecovery\assets\tankwar\asset23",80,"G7","TankWar_P1|TankWar_P3|TankWar_P4|TankWar_P5","AMBIGUOUS","ambiguous target","TankWar_P1|TankWar_P3|TankWar_P4|TankWar_P5"
"R2360","METHOD_CALL","E290","getText","C:\Users\JBNU\git\ConstraintsRecovery\assets\tankwar\asset23",81,"G7","TankWar_P1|TankWar_P3|TankWar_P4|TankWar_P5","RESOLVED_EXTERNAL","external target","TankWar_P1|TankWar_P3|TankWar_P4|TankWar_P5"
"R2362","METHOD_CALL","E290","requestFocus","C:\Users\JBNU\git\ConstraintsRecovery\assets\tankwar\asset23",82,"G7","TankWar_P1|TankWar_P3|TankWar_P4|TankWar_P5","UNRESOLVED","unresolved target","TankWar_P1|TankWar_P3|TankWar_P4|TankWar_P5"
"R2365","METHOD_CALL","E290","setVisible","C:\Users\JBNU\git\ConstraintsRecovery\assets\tankwar\asset23",83,"G7","TankWar_P1|TankWar_P3|TankWar_P4|TankWar_P5","RESOLVED_EXTERNAL","external target","TankWar_P1|TankWar_P3|TankWar_P4|TankWar_P5"
"R2366","FIELD_REFERENCE","E290","MAIN_MENU","C:\Users\JBNU\git\ConstraintsRecovery\assets\tankwar\asset23",86,"G7","TankWar_P1|TankWar_P3|TankWar_P4|TankWar_P5","AMBIGUOUS","ambiguous target","TankWar_P1|TankWar_P3|TankWar_P4|TankWar_P5"
"R2367","METHOD_CALL","E290","equals","C:\Users\JBNU\git\ConstraintsRecovery\assets\tankwar\asset23",86,"G7","TankWar_P1|TankWar_P3|TankWar_P4|TankWar_P5","UNRESOLVED","unresolved target","TankWar_P1|TankWar_P3|TankWar_P4|TankWar_P5"
"R2368","METHOD_CALL","E290","writeScore","C:\Users\JBNU\git\ConstraintsRecovery\assets\tankwar\asset23",87,"G7","TankWar_P1|TankWar_P3|TankWar_P4|TankWar_P5","AMBIGUOUS","ambiguous target","TankWar_P1|TankWar_P3|TankWar_P4|TankWar_P5"
"R2369","FIELD_REFERENCE","E290","START","C:\Users\JBNU\git\ConstraintsRecovery\assets\tankwar\asset23",89,"G7","TankWar_P1|TankWar_P3|TankWar_P4|TankWar_P5","AMBIGUOUS","ambiguous target","TankWar_P1|TankWar_P3|TankWar_P4|TankWar_P5"
"R2370","METHOD_CALL","E290","equals","C:\Users\JBNU\git\ConstraintsRecovery\assets\tankwar\asset23",89,"G7","TankWar_P1|TankWar_P3|TankWar_P4|TankWar_P5","UNRESOLVED","unresolved target","TankWar_P1|TankWar_P3|TankWar_P4|TankWar_P5"
"R2371","FIELD_REFERENCE","E290","NAME_VERGEBEN","C:\Users\JBNU\git\ConstraintsRecovery\assets\tankwar\asset23",90,"G7","TankWar_P1|TankWar_P3|TankWar_P4|TankWar_P5","AMBIGUOUS","ambiguous target","TankWar_P1|TankWar_P3|TankWar_P4|TankWar_P5"
"R2372","METHOD_CALL","E290","setStatus","C:\Users\JBNU\git\ConstraintsRecovery\assets\tankwar\asset23",90,"G7","TankWar_P1|TankWar_P3|TankWar_P4|TankWar_P5","AMBIGUOUS","ambiguous target","TankWar_P1|TankWar_P3|TankWar_P4|TankWar_P5"
"R2374","FIELD_REFERENCE","E290","NAME_VERGEBEN","C:\Users\JBNU\git\ConstraintsRecovery\assets\tankwar\asset23",91,"G7","TankWar_P1|TankWar_P3|TankWar_P4|TankWar_P5","AMBIGUOUS","ambiguous target","TankWar_P1|TankWar_P3|TankWar_P4|TankWar_P5"
"R2375","FIELD_REFERENCE","E290","gameManager","C:\Users\JBNU\git\ConstraintsRecovery\assets\tankwar\asset23",91,"G7","TankWar_P1|TankWar_P3|TankWar_P4|TankWar_P5","AMBIGUOUS","ambiguous target","TankWar_P1|TankWar_P3|TankWar_P4|TankWar_P5"
"R2376","METHOD_CALL","E290","setStatus","C:\Users\JBNU\git\ConstraintsRecovery\assets\tankwar\asset23",91,"G7","TankWar_P1|TankWar_P3|TankWar_P4|TankWar_P5","AMBIGUOUS","ambiguous target","TankWar_P1|TankWar_P3|TankWar_P4|TankWar_P5"
"R2378","METHOD_CALL","E291","mainMenuerstellen","C:\Users\JBNU\git\ConstraintsRecovery\assets\tankwar\asset23",96,"G7","TankWar_P1|TankWar_P3|TankWar_P4|TankWar_P5","AMBIGUOUS","ambiguous target","TankWar_P1|TankWar_P3|TankWar_P4|TankWar_P5"
"R2379","FIELD_REFERENCE","E291","NOTE","C:\Users\JBNU\git\ConstraintsRecovery\assets\tankwar\asset23",97,"G7","TankWar_P1|TankWar_P3|TankWar_P4|TankWar_P5","AMBIGUOUS","ambiguous target","TankWar_P1|TankWar_P3|TankWar_P4|TankWar_P5"
"R2380","METHOD_CALL","E291","add","C:\Users\JBNU\git\ConstraintsRecovery\assets\tankwar\asset23",97,"G7","TankWar_P1|TankWar_P3|TankWar_P4|TankWar_P5","AMBIGUOUS","ambiguous target","TankWar_P1|TankWar_P3|TankWar_P4|TankWar_P5"
"R2381","IMPLEMENTS","E292","Serializable","C:\Users\JBNU\git\ConstraintsRecovery\assets\tankwar\asset24",9,"G7","TankWar_P1|TankWar_P3|TankWar_P4|TankWar_P5","UNRESOLVED","unresolved target","TankWar_P1|TankWar_P3|TankWar_P4|TankWar_P5"
"R2387","METHOD_CALL","E295","length","C:\Users\JBNU\git\ConstraintsRecovery\assets\tankwar\asset24",13,"G7","TankWar_P1|TankWar_P3|TankWar_P4|TankWar_P5","RESOLVED_EXTERNAL","external target","TankWar_P1|TankWar_P3|TankWar_P4|TankWar_P5"
"R2389","METHOD_CALL","E295","substring","C:\Users\JBNU\git\ConstraintsRecovery\assets\tankwar\asset24",14,"G7","TankWar_P1|TankWar_P3|TankWar_P4|TankWar_P5","RESOLVED_EXTERNAL","external target","TankWar_P1|TankWar_P3|TankWar_P4|TankWar_P5"
"R2391","METHOD_CALL","E295","length","C:\Users\JBNU\git\ConstraintsRecovery\assets\tankwar\asset24",16,"G7","TankWar_P1|TankWar_P3|TankWar_P4|TankWar_P5","RESOLVED_EXTERNAL","external target","TankWar_P1|TankWar_P3|TankWar_P4|TankWar_P5"
"R2398","EXTENDS","E298","Tank$$Image","C:\Users\JBNU\git\ConstraintsRecovery\assets\tankwar\asset26",13,"G7","TankWar_P1|TankWar_P3|TankWar_P4|TankWar_P5","AMBIGUOUS","ambiguous target","TankWar_P1|TankWar_P3|TankWar_P4|TankWar_P5"
"R2401","CONSTRUCTOR_CALL","E299","super","C:\Users\JBNU\git\ConstraintsRecovery\assets\tankwar\asset26",15,"G7","TankWar_P1|TankWar_P3|TankWar_P4|TankWar_P5","UNRESOLVED","unresolved target","TankWar_P1|TankWar_P3|TankWar_P4|TankWar_P5"
"R2402","METHOD_CALL","E300","addScore","C:\Users\JBNU\git\ConstraintsRecovery\assets\tankwar\asset26",18,"G7","TankWar_P1|TankWar_P3|TankWar_P4|TankWar_P5","AMBIGUOUS","ambiguous target","TankWar_P1|TankWar_P3|TankWar_P4|TankWar_P5"
"R2403","METHOD_CALL","E300","explodieren","C:\Users\JBNU\git\ConstraintsRecovery\assets\tankwar\asset26",19,"G7","TankWar_P1|TankWar_P3|TankWar_P4|TankWar_P5","AMBIGUOUS","ambiguous target","TankWar_P1|TankWar_P3|TankWar_P4|TankWar_P5"
"R2409","CONSTRUCTOR_CALL","E305","FileInputStream","C:\Users\JBNU\git\ConstraintsRecovery\assets\tankwar\asset27",22,"G7","TankWar_P1|TankWar_P3|TankWar_P4|TankWar_P5","RESOLVED_EXTERNAL","external target","TankWar_P1|TankWar_P3|TankWar_P4|TankWar_P5"
"R2410","CONSTRUCTOR_CALL","E305","ObjectInputStream","C:\Users\JBNU\git\ConstraintsRecovery\assets\tankwar\asset27",22,"G7","TankWar_P1|TankWar_P3|TankWar_P4|TankWar_P5","RESOLVED_EXTERNAL","external target","TankWar_P1|TankWar_P3|TankWar_P4|TankWar_P5"
"R2416","CONSTRUCTOR_CALL","E305","FileOutputStream","C:\Users\JBNU\git\ConstraintsRecovery\assets\tankwar\asset27",25,"G7","TankWar_P1|TankWar_P3|TankWar_P4|TankWar_P5","RESOLVED_EXTERNAL","external target","TankWar_P1|TankWar_P3|TankWar_P4|TankWar_P5"
"R2417","CONSTRUCTOR_CALL","E305","ObjectOutputStream","C:\Users\JBNU\git\ConstraintsRecovery\assets\tankwar\asset27",25,"G7","TankWar_P1|TankWar_P3|TankWar_P4|TankWar_P5","RESOLVED_EXTERNAL","external target","TankWar_P1|TankWar_P3|TankWar_P4|TankWar_P5"
"R2423","METHOD_CALL","E305","close","C:\Users\JBNU\git\ConstraintsRecovery\assets\tankwar\asset27",26,"G7","TankWar_P1|TankWar_P3|TankWar_P4|TankWar_P5","RESOLVED_EXTERNAL","external target","TankWar_P1|TankWar_P3|TankWar_P4|TankWar_P5"
"R2424","CONSTRUCTOR_CALL","E305","FileInputStream","C:\Users\JBNU\git\ConstraintsRecovery\assets\tankwar\asset27",27,"G7","TankWar_P1|TankWar_P3|TankWar_P4|TankWar_P5","RESOLVED_EXTERNAL","external target","TankWar_P1|TankWar_P3|TankWar_P4|TankWar_P5"
"R2425","CONSTRUCTOR_CALL","E305","ObjectInputStream","C:\Users\JBNU\git\ConstraintsRecovery\assets\tankwar\asset27",27,"G7","TankWar_P1|TankWar_P3|TankWar_P4|TankWar_P5","RESOLVED_EXTERNAL","external target","TankWar_P1|TankWar_P3|TankWar_P4|TankWar_P5"
"R2433","METHOD_CALL","E305","printStackTrace","C:\Users\JBNU\git\ConstraintsRecovery\assets\tankwar\asset27",32,"G7","TankWar_P1|TankWar_P3|TankWar_P4|TankWar_P5","RESOLVED_EXTERNAL","external target","TankWar_P1|TankWar_P3|TankWar_P4|TankWar_P5"
"R2436","CONSTRUCTOR_CALL","E305","Vector","C:\Users\JBNU\git\ConstraintsRecovery\assets\tankwar\asset27",35,"G7","TankWar_P1|TankWar_P3|TankWar_P4|TankWar_P5","RESOLVED_EXTERNAL","external target","TankWar_P1|TankWar_P3|TankWar_P4|TankWar_P5"
"R2439","METHOD_CALL","E305","add","C:\Users\JBNU\git\ConstraintsRecovery\assets\tankwar\asset27",38,"G7","TankWar_P1|TankWar_P3|TankWar_P4|TankWar_P5","RESOLVED_EXTERNAL","external target","TankWar_P1|TankWar_P3|TankWar_P4|TankWar_P5"
"R2440","METHOD_CALL","E305","readObject","C:\Users\JBNU\git\ConstraintsRecovery\assets\tankwar\asset27",38,"G7","TankWar_P1|TankWar_P3|TankWar_P4|TankWar_P5","RESOLVED_EXTERNAL","external target","TankWar_P1|TankWar_P3|TankWar_P4|TankWar_P5"
"R2443","METHOD_CALL","E305","printStackTrace","C:\Users\JBNU\git\ConstraintsRecovery\assets\tankwar\asset27",42,"G7","TankWar_P1|TankWar_P3|TankWar_P4|TankWar_P5","RESOLVED_EXTERNAL","external target","TankWar_P1|TankWar_P3|TankWar_P4|TankWar_P5"
"R2445","METHOD_CALL","E305","printStackTrace","C:\Users\JBNU\git\ConstraintsRecovery\assets\tankwar\asset27",44,"G7","TankWar_P1|TankWar_P3|TankWar_P4|TankWar_P5","RESOLVED_EXTERNAL","external target","TankWar_P1|TankWar_P3|TankWar_P4|TankWar_P5"
"R2447","METHOD_CALL","E305","close","C:\Users\JBNU\git\ConstraintsRecovery\assets\tankwar\asset27",47,"G7","TankWar_P1|TankWar_P3|TankWar_P4|TankWar_P5","RESOLVED_EXTERNAL","external target","TankWar_P1|TankWar_P3|TankWar_P4|TankWar_P5"
"R2448","CONSTRUCTOR_CALL","E305","FileOutputStream","C:\Users\JBNU\git\ConstraintsRecovery\assets\tankwar\asset27",48,"G7","TankWar_P1|TankWar_P3|TankWar_P4|TankWar_P5","RESOLVED_EXTERNAL","external target","TankWar_P1|TankWar_P3|TankWar_P4|TankWar_P5"
"R2449","CONSTRUCTOR_CALL","E305","ObjectOutputStream","C:\Users\JBNU\git\ConstraintsRecovery\assets\tankwar\asset27",48,"G7","TankWar_P1|TankWar_P3|TankWar_P4|TankWar_P5","RESOLVED_EXTERNAL","external target","TankWar_P1|TankWar_P3|TankWar_P4|TankWar_P5"
"R2455","METHOD_CALL","E305","printStackTrace","C:\Users\JBNU\git\ConstraintsRecovery\assets\tankwar\asset27",50,"G7","TankWar_P1|TankWar_P3|TankWar_P4|TankWar_P5","RESOLVED_EXTERNAL","external target","TankWar_P1|TankWar_P3|TankWar_P4|TankWar_P5"
"R2456","CONSTRUCTOR_CALL","E305","Vector","C:\Users\JBNU\git\ConstraintsRecovery\assets\tankwar\asset27",52,"G7","TankWar_P1|TankWar_P3|TankWar_P4|TankWar_P5","RESOLVED_EXTERNAL","external target","TankWar_P1|TankWar_P3|TankWar_P4|TankWar_P5"
"R2458","METHOD_CALL","E305","size","C:\Users\JBNU\git\ConstraintsRecovery\assets\tankwar\asset27",53,"G7","TankWar_P1|TankWar_P3|TankWar_P4|TankWar_P5","RESOLVED_EXTERNAL","external target","TankWar_P1|TankWar_P3|TankWar_P4|TankWar_P5"
"R2460","METHOD_CALL","E305","size","C:\Users\JBNU\git\ConstraintsRecovery\assets\tankwar\asset27",55,"G7","TankWar_P1|TankWar_P3|TankWar_P4|TankWar_P5","RESOLVED_EXTERNAL","external target","TankWar_P1|TankWar_P3|TankWar_P4|TankWar_P5"
"R2463","METHOD_CALL","E305","elementAt","C:\Users\JBNU\git\ConstraintsRecovery\assets\tankwar\asset27",56,"G7","TankWar_P1|TankWar_P3|TankWar_P4|TankWar_P5","RESOLVED_EXTERNAL","external target","TankWar_P1|TankWar_P3|TankWar_P4|TankWar_P5"
"R2465","METHOD_CALL","E305","addElement","C:\Users\JBNU\git\ConstraintsRecovery\assets\tankwar\asset27",57,"G7","TankWar_P1|TankWar_P3|TankWar_P4|TankWar_P5","RESOLVED_EXTERNAL","external target","TankWar_P1|TankWar_P3|TankWar_P4|TankWar_P5"
"R2466","METHOD_CALL","E305","elementAt","C:\Users\JBNU\git\ConstraintsRecovery\assets\tankwar\asset27",57,"G7","TankWar_P1|TankWar_P3|TankWar_P4|TankWar_P5","RESOLVED_EXTERNAL","external target","TankWar_P1|TankWar_P3|TankWar_P4|TankWar_P5"
"R2467","METHOD_CALL","E305","addElement","C:\Users\JBNU\git\ConstraintsRecovery\assets\tankwar\asset27",59,"G7","TankWar_P1|TankWar_P3|TankWar_P4|TankWar_P5","UNRESOLVED","unresolved target","TankWar_P1|TankWar_P3|TankWar_P4|TankWar_P5"
"R2468","METHOD_CALL","E305","size","C:\Users\JBNU\git\ConstraintsRecovery\assets\tankwar\asset27",61,"G7","TankWar_P1|TankWar_P3|TankWar_P4|TankWar_P5","RESOLVED_EXTERNAL","external target","TankWar_P1|TankWar_P3|TankWar_P4|TankWar_P5"
"R2470","METHOD_CALL","E305","addElement","C:\Users\JBNU\git\ConstraintsRecovery\assets\tankwar\asset27",62,"G7","TankWar_P1|TankWar_P3|TankWar_P4|TankWar_P5","RESOLVED_EXTERNAL","external target","TankWar_P1|TankWar_P3|TankWar_P4|TankWar_P5"
"R2471","METHOD_CALL","E305","elementAt","C:\Users\JBNU\git\ConstraintsRecovery\assets\tankwar\asset27",62,"G7","TankWar_P1|TankWar_P3|TankWar_P4|TankWar_P5","RESOLVED_EXTERNAL","external target","TankWar_P1|TankWar_P3|TankWar_P4|TankWar_P5"
"R2472","METHOD_CALL","E305","addElement","C:\Users\JBNU\git\ConstraintsRecovery\assets\tankwar\asset27",68,"G7","TankWar_P1|TankWar_P3|TankWar_P4|TankWar_P5","UNRESOLVED","unresolved target","TankWar_P1|TankWar_P3|TankWar_P4|TankWar_P5"
"R2473","METHOD_CALL","E305","addElement","C:\Users\JBNU\git\ConstraintsRecovery\assets\tankwar\asset27",71,"G7","TankWar_P1|TankWar_P3|TankWar_P4|TankWar_P5","UNRESOLVED","unresolved target","TankWar_P1|TankWar_P3|TankWar_P4|TankWar_P5"
"R2474","METHOD_CALL","E305","size","C:\Users\JBNU\git\ConstraintsRecovery\assets\tankwar\asset27",73,"G7","TankWar_P1|TankWar_P3|TankWar_P4|TankWar_P5","RESOLVED_EXTERNAL","external target","TankWar_P1|TankWar_P3|TankWar_P4|TankWar_P5"
"R2477","METHOD_CALL","E305","elementAt","C:\Users\JBNU\git\ConstraintsRecovery\assets\tankwar\asset27",78,"G7","TankWar_P1|TankWar_P3|TankWar_P4|TankWar_P5","RESOLVED_EXTERNAL","external target","TankWar_P1|TankWar_P3|TankWar_P4|TankWar_P5"
"R2478","METHOD_CALL","E305","writeObject","C:\Users\JBNU\git\ConstraintsRecovery\assets\tankwar\asset27",78,"G7","TankWar_P1|TankWar_P3|TankWar_P4|TankWar_P5","RESOLVED_EXTERNAL","external target","TankWar_P1|TankWar_P3|TankWar_P4|TankWar_P5"
"R2480","METHOD_CALL","E305","printStackTrace","C:\Users\JBNU\git\ConstraintsRecovery\assets\tankwar\asset27",80,"G7","TankWar_P1|TankWar_P3|TankWar_P4|TankWar_P5","RESOLVED_EXTERNAL","external target","TankWar_P1|TankWar_P3|TankWar_P4|TankWar_P5"
"R2482","METHOD_CALL","E305","close","C:\Users\JBNU\git\ConstraintsRecovery\assets\tankwar\asset27",84,"G7","TankWar_P1|TankWar_P3|TankWar_P4|TankWar_P5","RESOLVED_EXTERNAL","external target","TankWar_P1|TankWar_P3|TankWar_P4|TankWar_P5"
"R2484","METHOD_CALL","E305","printStackTrace","C:\Users\JBNU\git\ConstraintsRecovery\assets\tankwar\asset27",86,"G7","TankWar_P1|TankWar_P3|TankWar_P4|TankWar_P5","RESOLVED_EXTERNAL","external target","TankWar_P1|TankWar_P3|TankWar_P4|TankWar_P5"
"R2486","CONSTRUCTOR_CALL","E306","FileInputStream","C:\Users\JBNU\git\ConstraintsRecovery\assets\tankwar\asset27",91,"G7","TankWar_P1|TankWar_P3|TankWar_P4|TankWar_P5","RESOLVED_EXTERNAL","external target","TankWar_P1|TankWar_P3|TankWar_P4|TankWar_P5"
"R2487","CONSTRUCTOR_CALL","E306","ObjectInputStream","C:\Users\JBNU\git\ConstraintsRecovery\assets\tankwar\asset27",91,"G7","TankWar_P1|TankWar_P3|TankWar_P4|TankWar_P5","RESOLVED_EXTERNAL","external target","TankWar_P1|TankWar_P3|TankWar_P4|TankWar_P5"
"R2493","CONSTRUCTOR_CALL","E306","FileOutputStream","C:\Users\JBNU\git\ConstraintsRecovery\assets\tankwar\asset27",94,"G7","TankWar_P1|TankWar_P3|TankWar_P4|TankWar_P5","RESOLVED_EXTERNAL","external target","TankWar_P1|TankWar_P3|TankWar_P4|TankWar_P5"
"R2494","CONSTRUCTOR_CALL","E306","ObjectOutputStream","C:\Users\JBNU\git\ConstraintsRecovery\assets\tankwar\asset27",94,"G7","TankWar_P1|TankWar_P3|TankWar_P4|TankWar_P5","RESOLVED_EXTERNAL","external target","TankWar_P1|TankWar_P3|TankWar_P4|TankWar_P5"
"R2500","METHOD_CALL","E306","close","C:\Users\JBNU\git\ConstraintsRecovery\assets\tankwar\asset27",95,"G7","TankWar_P1|TankWar_P3|TankWar_P4|TankWar_P5","RESOLVED_EXTERNAL","external target","TankWar_P1|TankWar_P3|TankWar_P4|TankWar_P5"
"R2501","CONSTRUCTOR_CALL","E306","FileInputStream","C:\Users\JBNU\git\ConstraintsRecovery\assets\tankwar\asset27",96,"G7","TankWar_P1|TankWar_P3|TankWar_P4|TankWar_P5","RESOLVED_EXTERNAL","external target","TankWar_P1|TankWar_P3|TankWar_P4|TankWar_P5"
"R2502","CONSTRUCTOR_CALL","E306","ObjectInputStream","C:\Users\JBNU\git\ConstraintsRecovery\assets\tankwar\asset27",96,"G7","TankWar_P1|TankWar_P3|TankWar_P4|TankWar_P5","RESOLVED_EXTERNAL","external target","TankWar_P1|TankWar_P3|TankWar_P4|TankWar_P5"
"R2510","METHOD_CALL","E306","printStackTrace","C:\Users\JBNU\git\ConstraintsRecovery\assets\tankwar\asset27",101,"G7","TankWar_P1|TankWar_P3|TankWar_P4|TankWar_P5","RESOLVED_EXTERNAL","external target","TankWar_P1|TankWar_P3|TankWar_P4|TankWar_P5"
"R2511","CONSTRUCTOR_CALL","E306","Vector","C:\Users\JBNU\git\ConstraintsRecovery\assets\tankwar\asset27",103,"G7","TankWar_P1|TankWar_P3|TankWar_P4|TankWar_P5","RESOLVED_EXTERNAL","external target","TankWar_P1|TankWar_P3|TankWar_P4|TankWar_P5"
"R2514","METHOD_CALL","E306","add","C:\Users\JBNU\git\ConstraintsRecovery\assets\tankwar\asset27",106,"G7","TankWar_P1|TankWar_P3|TankWar_P4|TankWar_P5","RESOLVED_EXTERNAL","external target","TankWar_P1|TankWar_P3|TankWar_P4|TankWar_P5"
"R2515","METHOD_CALL","E306","readObject","C:\Users\JBNU\git\ConstraintsRecovery\assets\tankwar\asset27",106,"G7","TankWar_P1|TankWar_P3|TankWar_P4|TankWar_P5","RESOLVED_EXTERNAL","external target","TankWar_P1|TankWar_P3|TankWar_P4|TankWar_P5"
"R2518","METHOD_CALL","E306","printStackTrace","C:\Users\JBNU\git\ConstraintsRecovery\assets\tankwar\asset27",110,"G7","TankWar_P1|TankWar_P3|TankWar_P4|TankWar_P5","RESOLVED_EXTERNAL","external target","TankWar_P1|TankWar_P3|TankWar_P4|TankWar_P5"
"R2520","METHOD_CALL","E306","printStackTrace","C:\Users\JBNU\git\ConstraintsRecovery\assets\tankwar\asset27",112,"G7","TankWar_P1|TankWar_P3|TankWar_P4|TankWar_P5","RESOLVED_EXTERNAL","external target","TankWar_P1|TankWar_P3|TankWar_P4|TankWar_P5"
"R2521","EXTENDS","E307","TankManager$$Energie","C:\Users\JBNU\git\ConstraintsRecovery\assets\tankwar\asset28",15,"G20","TankWar_P4","AMBIGUOUS","ambiguous target","TankWar_P4"
"R2522","EXTENDS","E308","TankManager$$explodieren","C:\Users\JBNU\git\ConstraintsRecovery\assets\tankwar\asset28",17,"G17","TankWar_P3","AMBIGUOUS","ambiguous target","TankWar_P3"
"R2523","EXTENDS","E309","TankManager$$explodieren","C:\Users\JBNU\git\ConstraintsRecovery\assets\tankwar\asset28",19,"G22","TankWar_P5","AMBIGUOUS","ambiguous target","TankWar_P5"
"R2524","EXTENDS","E310","TankManager$$Mars","C:\Users\JBNU\git\ConstraintsRecovery\assets\tankwar\asset28",21,"G1","TankWar_P1","AMBIGUOUS","ambiguous target","TankWar_P1"
"R2532","CONSTRUCTOR_CALL","E317","super","C:\Users\JBNU\git\ConstraintsRecovery\assets\tankwar\asset28",31,"G7","TankWar_P1|TankWar_P3|TankWar_P4|TankWar_P5","UNRESOLVED","unresolved target","TankWar_P3|TankWar_P4"
"R2531","CONSTRUCTOR_CALL","E318","super","C:\Users\JBNU\git\ConstraintsRecovery\assets\tankwar\asset28",31,"G7","TankWar_P1|TankWar_P3|TankWar_P4|TankWar_P5","UNRESOLVED","unresolved target","TankWar_P1|TankWar_P5"
"R2534","METHOD_CALL","E319","init","C:\Users\JBNU\git\ConstraintsRecovery\assets\tankwar\asset28",34,"G7","TankWar_P1|TankWar_P3|TankWar_P4|TankWar_P5","AMBIGUOUS","ambiguous target","TankWar_P3|TankWar_P4"
"R2533","METHOD_CALL","E320","init","C:\Users\JBNU\git\ConstraintsRecovery\assets\tankwar\asset28",34,"G7","TankWar_P1|TankWar_P3|TankWar_P4|TankWar_P5","AMBIGUOUS","ambiguous target","TankWar_P1|TankWar_P5"
"R2535","CONSTRUCTOR_CALL","E319","Record","C:\Users\JBNU\git\ConstraintsRecovery\assets\tankwar\asset28",35,"G7","TankWar_P1|TankWar_P3|TankWar_P4|TankWar_P5","RESOLVED_EXTERNAL","external target","TankWar_P3|TankWar_P4"
"R2536","CONSTRUCTOR_CALL","E320","Record","C:\Users\JBNU\git\ConstraintsRecovery\assets\tankwar\asset28",35,"G7","TankWar_P1|TankWar_P3|TankWar_P4|TankWar_P5","RESOLVED_EXTERNAL","external target","TankWar_P1|TankWar_P5"
"R2542","METHOD_CALL","E321","malenkontrolle","C:\Users\JBNU\git\ConstraintsRecovery\assets\tankwar\asset28",38,"G7","TankWar_P1|TankWar_P3|TankWar_P4|TankWar_P5","AMBIGUOUS","ambiguous target","TankWar_P3|TankWar_P4"
"R2541","METHOD_CALL","E322","malenkontrolle","C:\Users\JBNU\git\ConstraintsRecovery\assets\tankwar\asset28",38,"G7","TankWar_P1|TankWar_P3|TankWar_P4|TankWar_P5","AMBIGUOUS","ambiguous target","TankWar_P1|TankWar_P5"
"R2543","FIELD_REFERENCE","E321","NOTE","C:\Users\JBNU\git\ConstraintsRecovery\assets\tankwar\asset28",40,"G7","TankWar_P1|TankWar_P3|TankWar_P4|TankWar_P5","AMBIGUOUS","ambiguous target","TankWar_P3|TankWar_P4"
"R2544","FIELD_REFERENCE","E322","NOTE","C:\Users\JBNU\git\ConstraintsRecovery\assets\tankwar\asset28",40,"G7","TankWar_P1|TankWar_P3|TankWar_P4|TankWar_P5","AMBIGUOUS","ambiguous target","TankWar_P1|TankWar_P5"
"R2552","FIELD_REFERENCE","E321","NAME_VERGEBEN","C:\Users\JBNU\git\ConstraintsRecovery\assets\tankwar\asset28",43,"G7","TankWar_P1|TankWar_P3|TankWar_P4|TankWar_P5","AMBIGUOUS","ambiguous target","TankWar_P3|TankWar_P4"
"R2551","FIELD_REFERENCE","E322","NAME_VERGEBEN","C:\Users\JBNU\git\ConstraintsRecovery\assets\tankwar\asset28",43,"G7","TankWar_P1|TankWar_P3|TankWar_P4|TankWar_P5","AMBIGUOUS","ambiguous target","TankWar_P1|TankWar_P5"
"R2561","FIELD_REFERENCE","E325","name","C:\Users\JBNU\git\ConstraintsRecovery\assets\tankwar\asset28",54,"G7","TankWar_P1|TankWar_P3|TankWar_P4|TankWar_P5","AMBIGUOUS","ambiguous target","TankWar_P3|TankWar_P4"
"R2562","FIELD_REFERENCE","E326","name","C:\Users\JBNU\git\ConstraintsRecovery\assets\tankwar\asset28",54,"G7","TankWar_P1|TankWar_P3|TankWar_P4|TankWar_P5","AMBIGUOUS","ambiguous target","TankWar_P1|TankWar_P5"
"R2571","EXTENDS","E327","TankManager$$einfrieren","C:\Users\JBNU\git\ConstraintsRecovery\assets\tankwar\asset29",13,"G17","TankWar_P3","AMBIGUOUS","ambiguous target","TankWar_P3"
"R2572","EXTENDS","E328","TankManager$$Bombe","C:\Users\JBNU\git\ConstraintsRecovery\assets\tankwar\asset29",15,"G22","TankWar_P5","AMBIGUOUS","ambiguous target","TankWar_P5"
"R2573","EXTENDS","E329","TankManager$$Energie","C:\Users\JBNU\git\ConstraintsRecovery\assets\tankwar\asset29",17,"G1","TankWar_P1","AMBIGUOUS","ambiguous target","TankWar_P1"
"R2574","CONSTRUCTOR_CALL","E330","super","C:\Users\JBNU\git\ConstraintsRecovery\assets\tankwar\asset29",20,"G8","TankWar_P1|TankWar_P3|TankWar_P5","UNRESOLVED","unresolved target","TankWar_P1|TankWar_P3|TankWar_P5"
"R2576","METHOD_CALL","E331","toolsLaden","C:\Users\JBNU\git\ConstraintsRecovery\assets\tankwar\asset29",24,"G8","TankWar_P1|TankWar_P3|TankWar_P5","AMBIGUOUS","ambiguous target","TankWar_P1|TankWar_P3|TankWar_P5"
"R2578","CONSTRUCTOR_CALL","E333","Vector","C:\Users\JBNU\git\ConstraintsRecovery\assets\tankwar\asset3",18,"G4","TankWar_P1|TankWar_P2|TankWar_P3|TankWar_P4|TankWar_P5","RESOLVED_EXTERNAL","external target","TankWar_P1|TankWar_P2|TankWar_P3|TankWar_P4|TankWar_P5"
"R2580","CONSTRUCTOR_CALL","E334","super","C:\Users\JBNU\git\ConstraintsRecovery\assets\tankwar\asset3",20,"G4","TankWar_P1|TankWar_P2|TankWar_P3|TankWar_P4|TankWar_P5","UNRESOLVED","unresolved target","TankWar_P1|TankWar_P2|TankWar_P3|TankWar_P4|TankWar_P5"
"R2581","METHOD_CALL","E335","komponenteMalen","C:\Users\JBNU\git\ConstraintsRecovery\assets\tankwar\asset3",23,"G4","TankWar_P1|TankWar_P2|TankWar_P3|TankWar_P4|TankWar_P5","AMBIGUOUS","ambiguous target","TankWar_P1|TankWar_P2|TankWar_P3|TankWar_P4|TankWar_P5"
"R2585","METHOD_CALL","E337","abs","C:\Users\JBNU\git\ConstraintsRecovery\assets\tankwar\asset3",31,"G4","TankWar_P1|TankWar_P2|TankWar_P3|TankWar_P4|TankWar_P5","UNRESOLVED","unresolved target","TankWar_P1|TankWar_P2|TankWar_P3|TankWar_P4|TankWar_P5"
"R2586","METHOD_CALL","E337","nextInt","C:\Users\JBNU\git\ConstraintsRecovery\assets\tankwar\asset3",31,"G4","TankWar_P1|TankWar_P2|TankWar_P3|TankWar_P4|TankWar_P5","UNRESOLVED","unresolved target","TankWar_P1|TankWar_P2|TankWar_P3|TankWar_P4|TankWar_P5"
"R2587","METHOD_CALL","E337","abs","C:\Users\JBNU\git\ConstraintsRecovery\assets\tankwar\asset3",32,"G4","TankWar_P1|TankWar_P2|TankWar_P3|TankWar_P4|TankWar_P5","UNRESOLVED","unresolved target","TankWar_P1|TankWar_P2|TankWar_P3|TankWar_P4|TankWar_P5"
"R2588","METHOD_CALL","E337","nextInt","C:\Users\JBNU\git\ConstraintsRecovery\assets\tankwar\asset3",32,"G4","TankWar_P1|TankWar_P2|TankWar_P3|TankWar_P4|TankWar_P5","UNRESOLVED","unresolved target","TankWar_P1|TankWar_P2|TankWar_P3|TankWar_P4|TankWar_P5"
"R2590","METHOD_CALL","E337","abs","C:\Users\JBNU\git\ConstraintsRecovery\assets\tankwar\asset3",33,"G4","TankWar_P1|TankWar_P2|TankWar_P3|TankWar_P4|TankWar_P5","UNRESOLVED","unresolved target","TankWar_P1|TankWar_P2|TankWar_P3|TankWar_P4|TankWar_P5"
"R2591","METHOD_CALL","E337","nextInt","C:\Users\JBNU\git\ConstraintsRecovery\assets\tankwar\asset3",33,"G4","TankWar_P1|TankWar_P2|TankWar_P3|TankWar_P4|TankWar_P5","UNRESOLVED","unresolved target","TankWar_P1|TankWar_P2|TankWar_P3|TankWar_P4|TankWar_P5"
"R2597","METHOD_CALL","E337","size","C:\Users\JBNU\git\ConstraintsRecovery\assets\tankwar\asset3",35,"G4","TankWar_P1|TankWar_P2|TankWar_P3|TankWar_P4|TankWar_P5","RESOLVED_EXTERNAL","external target","TankWar_P1|TankWar_P2|TankWar_P3|TankWar_P4|TankWar_P5"
"R2598","METHOD_CALL","E337","stossenGegen","C:\Users\JBNU\git\ConstraintsRecovery\assets\tankwar\asset3",35,"G4","TankWar_P1|TankWar_P2|TankWar_P3|TankWar_P4|TankWar_P5","AMBIGUOUS","ambiguous target","TankWar_P1|TankWar_P2|TankWar_P3|TankWar_P4|TankWar_P5"
"R2600","METHOD_CALL","E337","addElement","C:\Users\JBNU\git\ConstraintsRecovery\assets\tankwar\asset3",36,"G4","TankWar_P1|TankWar_P2|TankWar_P3|TankWar_P4|TankWar_P5","UNRESOLVED","unresolved target","TankWar_P1|TankWar_P2|TankWar_P3|TankWar_P4|TankWar_P5"
"R2601","METHOD_CALL","E338","addEnemyTank","C:\Users\JBNU\git\ConstraintsRecovery\assets\tankwar\asset3",41,"G4","TankWar_P1|TankWar_P2|TankWar_P3|TankWar_P4|TankWar_P5","AMBIGUOUS","ambiguous target","TankWar_P1|TankWar_P2|TankWar_P3|TankWar_P4|TankWar_P5"
"R2604","EXTENDS","E340","Tank$$einfrieren","C:\Users\JBNU\git\ConstraintsRecovery\assets\tankwar\asset30",13,"G12","TankWar_P2","AMBIGUOUS","ambiguous target","TankWar_P2"
"R2608","CONSTRUCTOR_CALL","E342","super","C:\Users\JBNU\git\ConstraintsRecovery\assets\tankwar\asset30",19,"G16","TankWar_P2|TankWar_P4|TankWar_P5","UNRESOLVED","unresolved target","TankWar_P2|TankWar_P4|TankWar_P5"
"R2610","METHOD_CALL","E343","toolBehandeln","C:\Users\JBNU\git\ConstraintsRecovery\assets\tankwar\asset30",22,"G16","TankWar_P2|TankWar_P4|TankWar_P5","AMBIGUOUS","ambiguous target","TankWar_P2|TankWar_P4|TankWar_P5"
"R2611","CONSTRUCTOR_CALL","E343","Vector","C:\Users\JBNU\git\ConstraintsRecovery\assets\tankwar\asset30",25,"G16","TankWar_P2|TankWar_P4|TankWar_P5","RESOLVED_EXTERNAL","external target","TankWar_P2|TankWar_P4|TankWar_P5"
"R2614","METHOD_CALL","E343","size","C:\Users\JBNU\git\ConstraintsRecovery\assets\tankwar\asset30",26,"G16","TankWar_P2|TankWar_P4|TankWar_P5","UNRESOLVED","unresolved target","TankWar_P2|TankWar_P4|TankWar_P5"
"R2620","METHOD_CALL","E343","elementAt","C:\Users\JBNU\git\ConstraintsRecovery\assets\tankwar\asset30",27,"G16","TankWar_P2|TankWar_P4|TankWar_P5","UNRESOLVED","unresolved target","TankWar_P2|TankWar_P4|TankWar_P5"
"R2622","METHOD_CALL","E343","addElement","C:\Users\JBNU\git\ConstraintsRecovery\assets\tankwar\asset30",28,"G16","TankWar_P2|TankWar_P4|TankWar_P5","UNRESOLVED","unresolved target","TankWar_P2|TankWar_P4|TankWar_P5"
"R2623","METHOD_CALL","E343","elementAt","C:\Users\JBNU\git\ConstraintsRecovery\assets\tankwar\asset30",28,"G16","TankWar_P2|TankWar_P4|TankWar_P5","UNRESOLVED","unresolved target","TankWar_P2|TankWar_P4|TankWar_P5"
"R2624","METHOD_CALL","E343","size","C:\Users\JBNU\git\ConstraintsRecovery\assets\tankwar\asset30",31,"G16","TankWar_P2|TankWar_P4|TankWar_P5","RESOLVED_EXTERNAL","external target","TankWar_P2|TankWar_P4|TankWar_P5"
"R2626","METHOD_CALL","E343","elementAt","C:\Users\JBNU\git\ConstraintsRecovery\assets\tankwar\asset30",35,"G16","TankWar_P2|TankWar_P4|TankWar_P5","RESOLVED_EXTERNAL","external target","TankWar_P2|TankWar_P4|TankWar_P5"
"R2627","METHOD_CALL","E343","explodieren","C:\Users\JBNU\git\ConstraintsRecovery\assets\tankwar\asset30",35,"G16","TankWar_P2|TankWar_P4|TankWar_P5","AMBIGUOUS","ambiguous target","TankWar_P2|TankWar_P4|TankWar_P5"
"R2629","EXTENDS","E344","TankManager$$Feuerkraft","C:\Users\JBNU\git\ConstraintsRecovery\assets\tankwar\asset31",13,"G6","TankWar_P1|TankWar_P3","AMBIGUOUS","ambiguous target","TankWar_P1|TankWar_P3"
"R2630","EXTENDS","E345","TankManager$$Bombe","C:\Users\JBNU\git\ConstraintsRecovery\assets\tankwar\asset31",16,"G12","TankWar_P2","AMBIGUOUS","ambiguous target","TankWar_P2"
"R2631","CONSTRUCTOR_CALL","E346","super","C:\Users\JBNU\git\ConstraintsRecovery\assets\tankwar\asset31",19,"G3","TankWar_P1|TankWar_P2|TankWar_P3","UNRESOLVED","unresolved target","TankWar_P1|TankWar_P2|TankWar_P3"
"R2633","METHOD_CALL","E347","toolsLaden","C:\Users\JBNU\git\ConstraintsRecovery\assets\tankwar\asset31",23,"G3","TankWar_P1|TankWar_P2|TankWar_P3","AMBIGUOUS","ambiguous target","TankWar_P1|TankWar_P2|TankWar_P3"
"R2638","CONSTRUCTOR_CALL","E351","super","C:\Users\JBNU\git\ConstraintsRecovery\assets\tankwar\asset32",34,"G3","TankWar_P1|TankWar_P2|TankWar_P3","UNRESOLVED","unresolved target","TankWar_P1|TankWar_P2|TankWar_P3"
"R2639","METHOD_CALL","E352","helpItemErstellen","C:\Users\JBNU\git\ConstraintsRecovery\assets\tankwar\asset32",37,"G3","TankWar_P1|TankWar_P2|TankWar_P3","AMBIGUOUS","ambiguous target","TankWar_P1|TankWar_P2|TankWar_P3"
"R2640","FIELD_REFERENCE","E352","HelpItem","C:\Users\JBNU\git\ConstraintsRecovery\assets\tankwar\asset32",38,"G3","TankWar_P1|TankWar_P2|TankWar_P3","AMBIGUOUS","ambiguous target","TankWar_P1|TankWar_P2|TankWar_P3"
"R2641","METHOD_CALL","E352","add","C:\Users\JBNU\git\ConstraintsRecovery\assets\tankwar\asset32",38,"G3","TankWar_P1|TankWar_P2|TankWar_P3","AMBIGUOUS","ambiguous target","TankWar_P1|TankWar_P2|TankWar_P3"
"R2643","EXTENDS","E353","Tool$$Feuerkraft","C:\Users\JBNU\git\ConstraintsRecovery\assets\tankwar\asset33",8,"G6","TankWar_P1|TankWar_P3","AMBIGUOUS","ambiguous target","TankWar_P1|TankWar_P3"
"R2644","EXTENDS","E354","Tool$$Bombe","C:\Users\JBNU\git\ConstraintsRecovery\assets\tankwar\asset33",10,"G12","TankWar_P2","AMBIGUOUS","ambiguous target","TankWar_P2"
"R2647","CONSTRUCTOR_CALL","E355","super","C:\Users\JBNU\git\ConstraintsRecovery\assets\tankwar\asset33",13,"G3","TankWar_P1|TankWar_P2|TankWar_P3","UNRESOLVED","unresolved target","TankWar_P1|TankWar_P2|TankWar_P3"
"R2650","METHOD_CALL","E356","init","C:\Users\JBNU\git\ConstraintsRecovery\assets\tankwar\asset33",16,"G3","TankWar_P1|TankWar_P2|TankWar_P3","AMBIGUOUS","ambiguous target","TankWar_P1|TankWar_P2|TankWar_P3"
"R2653","METHOD_CALL","E356","init","C:\Users\JBNU\git\ConstraintsRecovery\assets\tankwar\asset33",19,"G3","TankWar_P1|TankWar_P2|TankWar_P3","AMBIGUOUS","ambiguous target","TankWar_P1|TankWar_P2|TankWar_P3"
"R2654","EXTENDS","E357","Maler$$einfrieren","C:\Users\JBNU\git\ConstraintsRecovery\assets\tankwar\asset34",26,"G17","TankWar_P3","AMBIGUOUS","ambiguous target","TankWar_P3"
"R2655","EXTENDS","E358","Maler$$Energie","C:\Users\JBNU\git\ConstraintsRecovery\assets\tankwar\asset34",28,"G1","TankWar_P1","AMBIGUOUS","ambiguous target","TankWar_P1"
"R2656","EXTENDS","E359","Maler$$Bombe","C:\Users\JBNU\git\ConstraintsRecovery\assets\tankwar\asset34",30,"G22","TankWar_P5","AMBIGUOUS","ambiguous target","TankWar_P5"
"R2658","CONSTRUCTOR_CALL","E360","super","C:\Users\JBNU\git\ConstraintsRecovery\assets\tankwar\asset34",33,"G8","TankWar_P1|TankWar_P3|TankWar_P5","UNRESOLVED","unresolved target","TankWar_P1|TankWar_P3|TankWar_P5"
"R2659","METHOD_CALL","E361","helpItemErstellen","C:\Users\JBNU\git\ConstraintsRecovery\assets\tankwar\asset34",36,"G8","TankWar_P1|TankWar_P3|TankWar_P5","AMBIGUOUS","ambiguous target","TankWar_P1|TankWar_P3|TankWar_P5"
"R2660","FIELD_REFERENCE","E361","HelpItem","C:\Users\JBNU\git\ConstraintsRecovery\assets\tankwar\asset34",37,"G8","TankWar_P1|TankWar_P3|TankWar_P5","AMBIGUOUS","ambiguous target","TankWar_P1|TankWar_P3|TankWar_P5"
"R2661","METHOD_CALL","E361","add","C:\Users\JBNU\git\ConstraintsRecovery\assets\tankwar\asset34",37,"G8","TankWar_P1|TankWar_P3|TankWar_P5","AMBIGUOUS","ambiguous target","TankWar_P1|TankWar_P3|TankWar_P5"
"R2664","EXTENDS","E363","Maler$$einfrieren","C:\Users\JBNU\git\ConstraintsRecovery\assets\tankwar\asset35",28,"G12","TankWar_P2","AMBIGUOUS","ambiguous target","TankWar_P2"
"R2666","CONSTRUCTOR_CALL","E364","super","C:\Users\JBNU\git\ConstraintsRecovery\assets\tankwar\asset35",31,"G16","TankWar_P2|TankWar_P4|TankWar_P5","UNRESOLVED","unresolved target","TankWar_P2|TankWar_P4|TankWar_P5"
"R2667","METHOD_CALL","E365","helpItemErstellen","C:\Users\JBNU\git\ConstraintsRecovery\assets\tankwar\asset35",34,"G16","TankWar_P2|TankWar_P4|TankWar_P5","AMBIGUOUS","ambiguous target","TankWar_P2|TankWar_P4|TankWar_P5"
"R2668","FIELD_REFERENCE","E365","HelpItem","C:\Users\JBNU\git\ConstraintsRecovery\assets\tankwar\asset35",35,"G16","TankWar_P2|TankWar_P4|TankWar_P5","AMBIGUOUS","ambiguous target","TankWar_P2|TankWar_P4|TankWar_P5"
"R2669","METHOD_CALL","E365","add","C:\Users\JBNU\git\ConstraintsRecovery\assets\tankwar\asset35",35,"G16","TankWar_P2|TankWar_P4|TankWar_P5","AMBIGUOUS","ambiguous target","TankWar_P2|TankWar_P4|TankWar_P5"
"R2674","CONSTRUCTOR_CALL","E369","super","C:\Users\JBNU\git\ConstraintsRecovery\assets\tankwar\asset36",21,"G3","TankWar_P1|TankWar_P2|TankWar_P3","UNRESOLVED","unresolved target","TankWar_P1|TankWar_P2|TankWar_P3"
"R2676","METHOD_CALL","E370","toolsLaden","C:\Users\JBNU\git\ConstraintsRecovery\assets\tankwar\asset36",25,"G3","TankWar_P1|TankWar_P2|TankWar_P3","AMBIGUOUS","ambiguous target","TankWar_P1|TankWar_P2|TankWar_P3"
"R2677","EXTENDS","E371","Maler$$Feuerkraft","C:\Users\JBNU\git\ConstraintsRecovery\assets\tankwar\asset37",26,"G6","TankWar_P1|TankWar_P3","AMBIGUOUS","ambiguous target","TankWar_P1|TankWar_P3"
"R2678","EXTENDS","E372","Maler$$Bombe","C:\Users\JBNU\git\ConstraintsRecovery\assets\tankwar\asset37",28,"G12","TankWar_P2","AMBIGUOUS","ambiguous target","TankWar_P2"
"R2680","CONSTRUCTOR_CALL","E373","super","C:\Users\JBNU\git\ConstraintsRecovery\assets\tankwar\asset37",31,"G3","TankWar_P1|TankWar_P2|TankWar_P3","UNRESOLVED","unresolved target","TankWar_P1|TankWar_P2|TankWar_P3"
"R2681","METHOD_CALL","E374","helpItemErstellen","C:\Users\JBNU\git\ConstraintsRecovery\assets\tankwar\asset37",34,"G3","TankWar_P1|TankWar_P2|TankWar_P3","AMBIGUOUS","ambiguous target","TankWar_P1|TankWar_P2|TankWar_P3"
"R2682","FIELD_REFERENCE","E374","HelpItem","C:\Users\JBNU\git\ConstraintsRecovery\assets\tankwar\asset37",35,"G3","TankWar_P1|TankWar_P2|TankWar_P3","AMBIGUOUS","ambiguous target","TankWar_P1|TankWar_P2|TankWar_P3"
"R2683","METHOD_CALL","E374","add","C:\Users\JBNU\git\ConstraintsRecovery\assets\tankwar\asset37",35,"G3","TankWar_P1|TankWar_P2|TankWar_P3","AMBIGUOUS","ambiguous target","TankWar_P1|TankWar_P2|TankWar_P3"
"R2686","EXTENDS","E376","TankManager$$einfrieren","C:\Users\JBNU\git\ConstraintsRecovery\assets\tankwar\asset38",14,"G12","TankWar_P2","AMBIGUOUS","ambiguous target","TankWar_P2"
"R2688","CONSTRUCTOR_CALL","E378","super","C:\Users\JBNU\git\ConstraintsRecovery\assets\tankwar\asset38",19,"G16","TankWar_P2|TankWar_P4|TankWar_P5","UNRESOLVED","unresolved target","TankWar_P2|TankWar_P4|TankWar_P5"
"R2690","METHOD_CALL","E379","toolsLaden","C:\Users\JBNU\git\ConstraintsRecovery\assets\tankwar\asset38",23,"G16","TankWar_P2|TankWar_P4|TankWar_P5","AMBIGUOUS","ambiguous target","TankWar_P2|TankWar_P4|TankWar_P5"
"R2691","EXTENDS","E380","Tank$$einfrieren","C:\Users\JBNU\git\ConstraintsRecovery\assets\tankwar\asset39",11,"G17","TankWar_P3","AMBIGUOUS","ambiguous target","TankWar_P3"
"R2692","EXTENDS","E381","Tank$$Energie","C:\Users\JBNU\git\ConstraintsRecovery\assets\tankwar\asset39",13,"G1","TankWar_P1","AMBIGUOUS","ambiguous target","TankWar_P1"
"R2693","EXTENDS","E382","Tank$$Bombe","C:\Users\JBNU\git\ConstraintsRecovery\assets\tankwar\asset39",15,"G22","TankWar_P5","AMBIGUOUS","ambiguous target","TankWar_P5"
"R2698","CONSTRUCTOR_CALL","E385","super","C:\Users\JBNU\git\ConstraintsRecovery\assets\tankwar\asset39",20,"G8","TankWar_P1|TankWar_P3|TankWar_P5","UNRESOLVED","unresolved target","TankWar_P1|TankWar_P3|TankWar_P5"
"R2699","METHOD_CALL","E386","toolKontroller","C:\Users\JBNU\git\ConstraintsRecovery\assets\tankwar\asset39",23,"G8","TankWar_P1|TankWar_P3|TankWar_P5","AMBIGUOUS","ambiguous target","TankWar_P1|TankWar_P3|TankWar_P5"
"R2700","FIELD_REFERENCE","E386","EXIT","C:\Users\JBNU\git\ConstraintsRecovery\assets\tankwar\asset39",24,"G8","TankWar_P1|TankWar_P3|TankWar_P5","AMBIGUOUS","ambiguous target","TankWar_P1|TankWar_P3|TankWar_P5"
"R2701","FIELD_REFERENCE","E386","PAUSE","C:\Users\JBNU\git\ConstraintsRecovery\assets\tankwar\asset39",24,"G8","TankWar_P1|TankWar_P3|TankWar_P5","AMBIGUOUS","ambiguous target","TankWar_P1|TankWar_P3|TankWar_P5"
"R2702","FIELD_REFERENCE","E386","status","C:\Users\JBNU\git\ConstraintsRecovery\assets\tankwar\asset39",24,"G8","TankWar_P1|TankWar_P3|TankWar_P5","AMBIGUOUS","ambiguous target","TankWar_P1|TankWar_P3|TankWar_P5"
"R2707","METHOD_CALL","E386","currentTimeMillis","C:\Users\JBNU\git\ConstraintsRecovery\assets\tankwar\asset39",29,"G8","TankWar_P1|TankWar_P3|TankWar_P5","RESOLVED_EXTERNAL","external target","TankWar_P1|TankWar_P3|TankWar_P5"
"R2710","METHOD_CALL","E387","toolBehandeln","C:\Users\JBNU\git\ConstraintsRecovery\assets\tankwar\asset39",35,"G8","TankWar_P1|TankWar_P3|TankWar_P5","AMBIGUOUS","ambiguous target","TankWar_P1|TankWar_P3|TankWar_P5"
"R2713","METHOD_CALL","E387","currentTimeMillis","C:\Users\JBNU\git\ConstraintsRecovery\assets\tankwar\asset39",39,"G8","TankWar_P1|TankWar_P3|TankWar_P5","RESOLVED_EXTERNAL","external target","TankWar_P1|TankWar_P3|TankWar_P5"
"R2719","IMPLEMENTS","E388","KeyListener","C:\Users\JBNU\git\ConstraintsRecovery\assets\tankwar\asset4",11,"G4","TankWar_P1|TankWar_P2|TankWar_P3|TankWar_P4|TankWar_P5","UNRESOLVED","unresolved target","TankWar_P1|TankWar_P2|TankWar_P3|TankWar_P4|TankWar_P5"
"R2724","METHOD_CALL","E391","getKeyCode","C:\Users\JBNU\git\ConstraintsRecovery\assets\tankwar\asset4",17,"G4","TankWar_P1|TankWar_P2|TankWar_P3|TankWar_P4|TankWar_P5","RESOLVED_EXTERNAL","external target","TankWar_P1|TankWar_P2|TankWar_P3|TankWar_P4|TankWar_P5"
"R2727","METHOD_CALL","E391","keyPressBehandeln","C:\Users\JBNU\git\ConstraintsRecovery\assets\tankwar\asset4",18,"G4","TankWar_P1|TankWar_P2|TankWar_P3|TankWar_P4|TankWar_P5","AMBIGUOUS","ambiguous target","TankWar_P1|TankWar_P2|TankWar_P3|TankWar_P4|TankWar_P5"
"R2729","METHOD_CALL","E392","getKeyCode","C:\Users\JBNU\git\ConstraintsRecovery\assets\tankwar\asset4",21,"G4","TankWar_P1|TankWar_P2|TankWar_P3|TankWar_P4|TankWar_P5","RESOLVED_EXTERNAL","external target","TankWar_P1|TankWar_P2|TankWar_P3|TankWar_P4|TankWar_P5"
"R2732","METHOD_CALL","E392","keyReleaseBehandeln","C:\Users\JBNU\git\ConstraintsRecovery\assets\tankwar\asset4",22,"G4","TankWar_P1|TankWar_P2|TankWar_P3|TankWar_P4|TankWar_P5","AMBIGUOUS","ambiguous target","TankWar_P1|TankWar_P2|TankWar_P3|TankWar_P4|TankWar_P5"
"R2734","EXTENDS","E394","Maler$$Energie","C:\Users\JBNU\git\ConstraintsRecovery\assets\tankwar\asset40",26,"G20","TankWar_P4","AMBIGUOUS","ambiguous target","TankWar_P4"
"R2735","EXTENDS","E395","Maler$$Feuerkraft","C:\Users\JBNU\git\ConstraintsRecovery\assets\tankwar\asset40",28,"G22","TankWar_P5","AMBIGUOUS","ambiguous target","TankWar_P5"
"R2736","EXTENDS","E396","Maler$$Mars","C:\Users\JBNU\git\ConstraintsRecovery\assets\tankwar\asset40",30,"G1","TankWar_P1","AMBIGUOUS","ambiguous target","TankWar_P1"
"R2738","CONSTRUCTOR_CALL","E397","super","C:\Users\JBNU\git\ConstraintsRecovery\assets\tankwar\asset40",33,"G10","TankWar_P1|TankWar_P4|TankWar_P5","UNRESOLVED","unresolved target","TankWar_P1|TankWar_P4|TankWar_P5"
"R2739","EXTENDS","E399","Tank$$Bombe","C:\Users\JBNU\git\ConstraintsRecovery\assets\tankwar\asset41",11,"G12","TankWar_P2","AMBIGUOUS","ambiguous target","TankWar_P2"
"R2740","EXTENDS","E400","Tank$$Feuerkraft","C:\Users\JBNU\git\ConstraintsRecovery\assets\tankwar\asset41",14,"G17","TankWar_P3","AMBIGUOUS","ambiguous target","TankWar_P3"
"R2741","EXTENDS","E401","Tank$$Feuerkraft","C:\Users\JBNU\git\ConstraintsRecovery\assets\tankwar\asset41",16,"G1","TankWar_P1","AMBIGUOUS","ambiguous target","TankWar_P1"
"R2746","CONSTRUCTOR_CALL","E404","super","C:\Users\JBNU\git\ConstraintsRecovery\assets\tankwar\asset41",21,"G3","TankWar_P1|TankWar_P2|TankWar_P3","UNRESOLVED","unresolved target","TankWar_P1|TankWar_P2|TankWar_P3"
"R2747","METHOD_CALL","E405","toolKontroller","C:\Users\JBNU\git\ConstraintsRecovery\assets\tankwar\asset41",24,"G3","TankWar_P1|TankWar_P2|TankWar_P3","AMBIGUOUS","ambiguous target","TankWar_P1|TankWar_P2|TankWar_P3"
"R2750","METHOD_CALL","E405","currentTimeMillis","C:\Users\JBNU\git\ConstraintsRecovery\assets\tankwar\asset41",25,"G3","TankWar_P1|TankWar_P2|TankWar_P3","RESOLVED_EXTERNAL","external target","TankWar_P1|TankWar_P2|TankWar_P3"
"R2753","FIELD_REFERENCE","E405","maler","C:\Users\JBNU\git\ConstraintsRecovery\assets\tankwar\asset41",29,"G3","TankWar_P1|TankWar_P2|TankWar_P3","AMBIGUOUS","ambiguous target","TankWar_P1|TankWar_P2|TankWar_P3"
"R2756","FIELD_REFERENCE","E405","maler","C:\Users\JBNU\git\ConstraintsRecovery\assets\tankwar\asset41",30,"G3","TankWar_P1|TankWar_P2|TankWar_P3","AMBIGUOUS","ambiguous target","TankWar_P1|TankWar_P2|TankWar_P3"
"R2759","METHOD_CALL","E406","toolBehandeln","C:\Users\JBNU\git\ConstraintsRecovery\assets\tankwar\asset41",34,"G3","TankWar_P1|TankWar_P2|TankWar_P3","AMBIGUOUS","ambiguous target","TankWar_P1|TankWar_P2|TankWar_P3"
"R2761","METHOD_CALL","E406","currentTimeMillis","C:\Users\JBNU\git\ConstraintsRecovery\assets\tankwar\asset41",37,"G3","TankWar_P1|TankWar_P2|TankWar_P3","RESOLVED_EXTERNAL","external target","TankWar_P1|TankWar_P2|TankWar_P3"
"R2768","METHOD_CALL","E407","beschaedigen","C:\Users\JBNU\git\ConstraintsRecovery\assets\tankwar\asset41",46,"G3","TankWar_P1|TankWar_P2|TankWar_P3","AMBIGUOUS","ambiguous target","TankWar_P1|TankWar_P2|TankWar_P3"
"R2770","EXTENDS","E409","Tool$$einfrieren","C:\Users\JBNU\git\ConstraintsRecovery\assets\tankwar\asset42",10,"G12","TankWar_P2","AMBIGUOUS","ambiguous target","TankWar_P2"
"R2773","CONSTRUCTOR_CALL","E410","super","C:\Users\JBNU\git\ConstraintsRecovery\assets\tankwar\asset42",13,"G16","TankWar_P2|TankWar_P4|TankWar_P5","UNRESOLVED","unresolved target","TankWar_P2|TankWar_P4|TankWar_P5"
"R2776","METHOD_CALL","E411","init","C:\Users\JBNU\git\ConstraintsRecovery\assets\tankwar\asset42",16,"G16","TankWar_P2|TankWar_P4|TankWar_P5","AMBIGUOUS","ambiguous target","TankWar_P2|TankWar_P4|TankWar_P5"
"R2779","METHOD_CALL","E411","init","C:\Users\JBNU\git\ConstraintsRecovery\assets\tankwar\asset42",19,"G16","TankWar_P2|TankWar_P4|TankWar_P5","AMBIGUOUS","ambiguous target","TankWar_P2|TankWar_P4|TankWar_P5"
"R2780","EXTENDS","E412","Tool$$Bombe","C:\Users\JBNU\git\ConstraintsRecovery\assets\tankwar\asset43",8,"G22","TankWar_P5","AMBIGUOUS","ambiguous target","TankWar_P5"
"R2781","EXTENDS","E413","Tool$$einfrieren","C:\Users\JBNU\git\ConstraintsRecovery\assets\tankwar\asset43",10,"G17","TankWar_P3","AMBIGUOUS","ambiguous target","TankWar_P3"
"R2782","EXTENDS","E414","Tool$$Energie","C:\Users\JBNU\git\ConstraintsRecovery\assets\tankwar\asset43",12,"G1","TankWar_P1","AMBIGUOUS","ambiguous target","TankWar_P1"
"R2785","CONSTRUCTOR_CALL","E415","super","C:\Users\JBNU\git\ConstraintsRecovery\assets\tankwar\asset43",15,"G8","TankWar_P1|TankWar_P3|TankWar_P5","UNRESOLVED","unresolved target","TankWar_P1|TankWar_P3|TankWar_P5"
"R2788","METHOD_CALL","E416","init","C:\Users\JBNU\git\ConstraintsRecovery\assets\tankwar\asset43",18,"G8","TankWar_P1|TankWar_P3|TankWar_P5","AMBIGUOUS","ambiguous target","TankWar_P1|TankWar_P3|TankWar_P5"
"R2791","METHOD_CALL","E416","init","C:\Users\JBNU\git\ConstraintsRecovery\assets\tankwar\asset43",21,"G8","TankWar_P1|TankWar_P3|TankWar_P5","AMBIGUOUS","ambiguous target","TankWar_P1|TankWar_P3|TankWar_P5"
"R2796","CONSTRUCTOR_CALL","E419","super","C:\Users\JBNU\git\ConstraintsRecovery\assets\tankwar\asset44",13,"G3","TankWar_P1|TankWar_P2|TankWar_P3","UNRESOLVED","unresolved target","TankWar_P1|TankWar_P2|TankWar_P3"
"R2799","METHOD_CALL","E420","init","C:\Users\JBNU\git\ConstraintsRecovery\assets\tankwar\asset44",16,"G3","TankWar_P1|TankWar_P2|TankWar_P3","AMBIGUOUS","ambiguous target","TankWar_P1|TankWar_P2|TankWar_P3"
"R2802","METHOD_CALL","E420","init","C:\Users\JBNU\git\ConstraintsRecovery\assets\tankwar\asset44",19,"G3","TankWar_P1|TankWar_P2|TankWar_P3","AMBIGUOUS","ambiguous target","TankWar_P1|TankWar_P2|TankWar_P3"
"R2808","CONSTRUCTOR_CALL","E423","super","C:\Users\JBNU\git\ConstraintsRecovery\assets\tankwar\asset45",14,"G14","TankWar_P2|TankWar_P3|TankWar_P4","UNRESOLVED","unresolved target","TankWar_P2|TankWar_P3|TankWar_P4"
"R2809","METHOD_CALL","E424","currentTimeMillis","C:\Users\JBNU\git\ConstraintsRecovery\assets\tankwar\asset45",17,"G14","TankWar_P2|TankWar_P3|TankWar_P4","RESOLVED_EXTERNAL","external target","TankWar_P2|TankWar_P3|TankWar_P4"
"R2811","FIELD_REFERENCE","E424","EXIT","C:\Users\JBNU\git\ConstraintsRecovery\assets\tankwar\asset45",19,"G14","TankWar_P2|TankWar_P3|TankWar_P4","AMBIGUOUS","ambiguous target","TankWar_P2|TankWar_P3|TankWar_P4"
"R2812","FIELD_REFERENCE","E424","PAUSE","C:\Users\JBNU\git\ConstraintsRecovery\assets\tankwar\asset45",19,"G14","TankWar_P2|TankWar_P3|TankWar_P4","AMBIGUOUS","ambiguous target","TankWar_P2|TankWar_P3|TankWar_P4"
"R2813","FIELD_REFERENCE","E424","status","C:\Users\JBNU\git\ConstraintsRecovery\assets\tankwar\asset45",19,"G14","TankWar_P2|TankWar_P3|TankWar_P4","AMBIGUOUS","ambiguous target","TankWar_P2|TankWar_P3|TankWar_P4"
"R2814","METHOD_CALL","E424","koordinateAktualisieren","C:\Users\JBNU\git\ConstraintsRecovery\assets\tankwar\asset45",22,"G14","TankWar_P2|TankWar_P3|TankWar_P4","AMBIGUOUS","ambiguous target","TankWar_P2|TankWar_P3|TankWar_P4"
"R2815","FIELD_REFERENCE","E424","maler","C:\Users\JBNU\git\ConstraintsRecovery\assets\tankwar\asset45",25,"G14","TankWar_P2|TankWar_P3|TankWar_P4","AMBIGUOUS","ambiguous target","TankWar_P2|TankWar_P3|TankWar_P4"
"R2817","FIELD_REFERENCE","E424","maler","C:\Users\JBNU\git\ConstraintsRecovery\assets\tankwar\asset45",28,"G14","TankWar_P2|TankWar_P3|TankWar_P4","AMBIGUOUS","ambiguous target","TankWar_P2|TankWar_P3|TankWar_P4"
"R2819","FIELD_REFERENCE","E424","maler","C:\Users\JBNU\git\ConstraintsRecovery\assets\tankwar\asset45",31,"G14","TankWar_P2|TankWar_P3|TankWar_P4","AMBIGUOUS","ambiguous target","TankWar_P2|TankWar_P3|TankWar_P4"
"R2821","FIELD_REFERENCE","E424","maler","C:\Users\JBNU\git\ConstraintsRecovery\assets\tankwar\asset45",34,"G14","TankWar_P2|TankWar_P3|TankWar_P4","AMBIGUOUS","ambiguous target","TankWar_P2|TankWar_P3|TankWar_P4"
"R2829","CONSTRUCTOR_CALL","E429","super","C:\Users\JBNU\git\ConstraintsRecovery\assets\tankwar\asset46",18,"G3","TankWar_P1|TankWar_P2|TankWar_P3","UNRESOLVED","unresolved target","TankWar_P1|TankWar_P2|TankWar_P3"
"R2830","METHOD_CALL","E430","toolKontroller","C:\Users\JBNU\git\ConstraintsRecovery\assets\tankwar\asset46",21,"G3","TankWar_P1|TankWar_P2|TankWar_P3","AMBIGUOUS","ambiguous target","TankWar_P1|TankWar_P2|TankWar_P3"
"R2831","FIELD_REFERENCE","E430","EXIT","C:\Users\JBNU\git\ConstraintsRecovery\assets\tankwar\asset46",22,"G3","TankWar_P1|TankWar_P2|TankWar_P3","AMBIGUOUS","ambiguous target","TankWar_P1|TankWar_P2|TankWar_P3"
"R2832","FIELD_REFERENCE","E430","PAUSE","C:\Users\JBNU\git\ConstraintsRecovery\assets\tankwar\asset46",22,"G3","TankWar_P1|TankWar_P2|TankWar_P3","AMBIGUOUS","ambiguous target","TankWar_P1|TankWar_P2|TankWar_P3"
"R2833","FIELD_REFERENCE","E430","status","C:\Users\JBNU\git\ConstraintsRecovery\assets\tankwar\asset46",22,"G3","TankWar_P1|TankWar_P2|TankWar_P3","AMBIGUOUS","ambiguous target","TankWar_P1|TankWar_P2|TankWar_P3"
"R2838","METHOD_CALL","E430","currentTimeMillis","C:\Users\JBNU\git\ConstraintsRecovery\assets\tankwar\asset46",27,"G3","TankWar_P1|TankWar_P2|TankWar_P3","RESOLVED_EXTERNAL","external target","TankWar_P1|TankWar_P2|TankWar_P3"
"R2840","METHOD_CALL","E430","size","C:\Users\JBNU\git\ConstraintsRecovery\assets\tankwar\asset46",28,"G3","TankWar_P1|TankWar_P2|TankWar_P3","UNRESOLVED","unresolved target","TankWar_P1|TankWar_P2|TankWar_P3"
"R2843","METHOD_CALL","E430","elementAt","C:\Users\JBNU\git\ConstraintsRecovery\assets\tankwar\asset46",29,"G3","TankWar_P1|TankWar_P2|TankWar_P3","UNRESOLVED","unresolved target","TankWar_P1|TankWar_P2|TankWar_P3"
"R2847","METHOD_CALL","E430","elementAt","C:\Users\JBNU\git\ConstraintsRecovery\assets\tankwar\asset46",30,"G3","TankWar_P1|TankWar_P2|TankWar_P3","UNRESOLVED","unresolved target","TankWar_P1|TankWar_P2|TankWar_P3"
"R2851","METHOD_CALL","E431","toolBehandeln","C:\Users\JBNU\git\ConstraintsRecovery\assets\tankwar\asset46",37,"G3","TankWar_P1|TankWar_P2|TankWar_P3","AMBIGUOUS","ambiguous target","TankWar_P1|TankWar_P2|TankWar_P3"
"R2853","METHOD_CALL","E431","currentTimeMillis","C:\Users\JBNU\git\ConstraintsRecovery\assets\tankwar\asset46",40,"G3","TankWar_P1|TankWar_P2|TankWar_P3","RESOLVED_EXTERNAL","external target","TankWar_P1|TankWar_P2|TankWar_P3"
"R2858","METHOD_CALL","E431","size","C:\Users\JBNU\git\ConstraintsRecovery\assets\tankwar\asset46",42,"G3","TankWar_P1|TankWar_P2|TankWar_P3","UNRESOLVED","unresolved target","TankWar_P1|TankWar_P2|TankWar_P3"
"R2863","METHOD_CALL","E431","elementAt","C:\Users\JBNU\git\ConstraintsRecovery\assets\tankwar\asset46",43,"G3","TankWar_P1|TankWar_P2|TankWar_P3","UNRESOLVED","unresolved target","TankWar_P1|TankWar_P2|TankWar_P3"
"R2866","METHOD_CALL","E431","elementAt","C:\Users\JBNU\git\ConstraintsRecovery\assets\tankwar\asset46",44,"G3","TankWar_P1|TankWar_P2|TankWar_P3","UNRESOLVED","unresolved target","TankWar_P1|TankWar_P2|TankWar_P3"
"R2872","CONSTRUCTOR_CALL","E435","SoundPlayer","C:\Users\JBNU\git\ConstraintsRecovery\assets\tankwar\asset47",14,"G14","TankWar_P2|TankWar_P3|TankWar_P4","RESOLVED_EXTERNAL","external target","TankWar_P2|TankWar_P3|TankWar_P4"
"R2878","METHOD_CALL","E436","getClassLoader","C:\Users\JBNU\git\ConstraintsRecovery\assets\tankwar\asset47",19,"G14","TankWar_P2|TankWar_P3|TankWar_P4","UNRESOLVED","unresolved target","TankWar_P2|TankWar_P3|TankWar_P4"
"R2879","METHOD_CALL","E436","getResourceAsStream","C:\Users\JBNU\git\ConstraintsRecovery\assets\tankwar\asset47",19,"G14","TankWar_P2|TankWar_P3|TankWar_P4","UNRESOLVED","unresolved target","TankWar_P2|TankWar_P3|TankWar_P4"
"R2882","FIELD_REFERENCE","E436","player","C:\Users\JBNU\git\ConstraintsRecovery\assets\tankwar\asset47",20,"G14","TankWar_P2|TankWar_P3|TankWar_P4","UNRESOLVED","unresolved target","TankWar_P2|TankWar_P3|TankWar_P4"
"R2883","METHOD_CALL","E436","start","C:\Users\JBNU\git\ConstraintsRecovery\assets\tankwar\asset47",20,"G14","TankWar_P2|TankWar_P3|TankWar_P4","UNRESOLVED","unresolved target","TankWar_P2|TankWar_P3|TankWar_P4"
"R2886","METHOD_CALL","E437","getClassLoader","C:\Users\JBNU\git\ConstraintsRecovery\assets\tankwar\asset47",23,"G14","TankWar_P2|TankWar_P3|TankWar_P4","UNRESOLVED","unresolved target","TankWar_P2|TankWar_P3|TankWar_P4"
"R2887","METHOD_CALL","E437","getResourceAsStream","C:\Users\JBNU\git\ConstraintsRecovery\assets\tankwar\asset47",23,"G14","TankWar_P2|TankWar_P3|TankWar_P4","UNRESOLVED","unresolved target","TankWar_P2|TankWar_P3|TankWar_P4"
"R2890","FIELD_REFERENCE","E437","player","C:\Users\JBNU\git\ConstraintsRecovery\assets\tankwar\asset47",24,"G14","TankWar_P2|TankWar_P3|TankWar_P4","UNRESOLVED","unresolved target","TankWar_P2|TankWar_P3|TankWar_P4"
"R2891","METHOD_CALL","E437","start","C:\Users\JBNU\git\ConstraintsRecovery\assets\tankwar\asset47",24,"G14","TankWar_P2|TankWar_P3|TankWar_P4","UNRESOLVED","unresolved target","TankWar_P2|TankWar_P3|TankWar_P4"
"R2894","METHOD_CALL","E438","getClassLoader","C:\Users\JBNU\git\ConstraintsRecovery\assets\tankwar\asset47",27,"G14","TankWar_P2|TankWar_P3|TankWar_P4","UNRESOLVED","unresolved target","TankWar_P2|TankWar_P3|TankWar_P4"
"R2895","METHOD_CALL","E438","getResourceAsStream","C:\Users\JBNU\git\ConstraintsRecovery\assets\tankwar\asset47",27,"G14","TankWar_P2|TankWar_P3|TankWar_P4","UNRESOLVED","unresolved target","TankWar_P2|TankWar_P3|TankWar_P4"
"R2898","FIELD_REFERENCE","E438","player","C:\Users\JBNU\git\ConstraintsRecovery\assets\tankwar\asset47",28,"G14","TankWar_P2|TankWar_P3|TankWar_P4","UNRESOLVED","unresolved target","TankWar_P2|TankWar_P3|TankWar_P4"
"R2899","METHOD_CALL","E438","start","C:\Users\JBNU\git\ConstraintsRecovery\assets\tankwar\asset47",28,"G14","TankWar_P2|TankWar_P3|TankWar_P4","UNRESOLVED","unresolved target","TankWar_P2|TankWar_P3|TankWar_P4"
"R2902","METHOD_CALL","E439","getClassLoader","C:\Users\JBNU\git\ConstraintsRecovery\assets\tankwar\asset47",31,"G14","TankWar_P2|TankWar_P3|TankWar_P4","UNRESOLVED","unresolved target","TankWar_P2|TankWar_P3|TankWar_P4"
"R2903","METHOD_CALL","E439","getResourceAsStream","C:\Users\JBNU\git\ConstraintsRecovery\assets\tankwar\asset47",31,"G14","TankWar_P2|TankWar_P3|TankWar_P4","UNRESOLVED","unresolved target","TankWar_P2|TankWar_P3|TankWar_P4"
"R2906","FIELD_REFERENCE","E439","player","C:\Users\JBNU\git\ConstraintsRecovery\assets\tankwar\asset47",32,"G14","TankWar_P2|TankWar_P3|TankWar_P4","UNRESOLVED","unresolved target","TankWar_P2|TankWar_P3|TankWar_P4"
"R2907","METHOD_CALL","E439","start","C:\Users\JBNU\git\ConstraintsRecovery\assets\tankwar\asset47",32,"G14","TankWar_P2|TankWar_P3|TankWar_P4","UNRESOLVED","unresolved target","TankWar_P2|TankWar_P3|TankWar_P4"
"R2910","METHOD_CALL","E440","getClassLoader","C:\Users\JBNU\git\ConstraintsRecovery\assets\tankwar\asset47",35,"G14","TankWar_P2|TankWar_P3|TankWar_P4","UNRESOLVED","unresolved target","TankWar_P2|TankWar_P3|TankWar_P4"
"R2911","METHOD_CALL","E440","getResourceAsStream","C:\Users\JBNU\git\ConstraintsRecovery\assets\tankwar\asset47",35,"G14","TankWar_P2|TankWar_P3|TankWar_P4","UNRESOLVED","unresolved target","TankWar_P2|TankWar_P3|TankWar_P4"
"R2914","FIELD_REFERENCE","E440","player","C:\Users\JBNU\git\ConstraintsRecovery\assets\tankwar\asset47",36,"G14","TankWar_P2|TankWar_P3|TankWar_P4","UNRESOLVED","unresolved target","TankWar_P2|TankWar_P3|TankWar_P4"
"R2915","METHOD_CALL","E440","start","C:\Users\JBNU\git\ConstraintsRecovery\assets\tankwar\asset47",36,"G14","TankWar_P2|TankWar_P3|TankWar_P4","UNRESOLVED","unresolved target","TankWar_P2|TankWar_P3|TankWar_P4"
"R2918","METHOD_CALL","E441","getClassLoader","C:\Users\JBNU\git\ConstraintsRecovery\assets\tankwar\asset47",39,"G14","TankWar_P2|TankWar_P3|TankWar_P4","UNRESOLVED","unresolved target","TankWar_P2|TankWar_P3|TankWar_P4"
"R2919","METHOD_CALL","E441","getResourceAsStream","C:\Users\JBNU\git\ConstraintsRecovery\assets\tankwar\asset47",39,"G14","TankWar_P2|TankWar_P3|TankWar_P4","UNRESOLVED","unresolved target","TankWar_P2|TankWar_P3|TankWar_P4"
"R2922","FIELD_REFERENCE","E441","player","C:\Users\JBNU\git\ConstraintsRecovery\assets\tankwar\asset47",40,"G14","TankWar_P2|TankWar_P3|TankWar_P4","UNRESOLVED","unresolved target","TankWar_P2|TankWar_P3|TankWar_P4"
"R2923","METHOD_CALL","E441","start","C:\Users\JBNU\git\ConstraintsRecovery\assets\tankwar\asset47",40,"G14","TankWar_P2|TankWar_P3|TankWar_P4","UNRESOLVED","unresolved target","TankWar_P2|TankWar_P3|TankWar_P4"
"R2926","METHOD_CALL","E442","getClassLoader","C:\Users\JBNU\git\ConstraintsRecovery\assets\tankwar\asset47",43,"G14","TankWar_P2|TankWar_P3|TankWar_P4","UNRESOLVED","unresolved target","TankWar_P2|TankWar_P3|TankWar_P4"
"R2927","METHOD_CALL","E442","getResourceAsStream","C:\Users\JBNU\git\ConstraintsRecovery\assets\tankwar\asset47",43,"G14","TankWar_P2|TankWar_P3|TankWar_P4","UNRESOLVED","unresolved target","TankWar_P2|TankWar_P3|TankWar_P4"
"R2930","FIELD_REFERENCE","E442","player","C:\Users\JBNU\git\ConstraintsRecovery\assets\tankwar\asset47",44,"G14","TankWar_P2|TankWar_P3|TankWar_P4","UNRESOLVED","unresolved target","TankWar_P2|TankWar_P3|TankWar_P4"
"R2931","METHOD_CALL","E442","start","C:\Users\JBNU\git\ConstraintsRecovery\assets\tankwar\asset47",44,"G14","TankWar_P2|TankWar_P3|TankWar_P4","UNRESOLVED","unresolved target","TankWar_P2|TankWar_P3|TankWar_P4"
"R2934","METHOD_CALL","E443","getClassLoader","C:\Users\JBNU\git\ConstraintsRecovery\assets\tankwar\asset47",47,"G14","TankWar_P2|TankWar_P3|TankWar_P4","UNRESOLVED","unresolved target","TankWar_P2|TankWar_P3|TankWar_P4"
"R2935","METHOD_CALL","E443","getResourceAsStream","C:\Users\JBNU\git\ConstraintsRecovery\assets\tankwar\asset47",47,"G14","TankWar_P2|TankWar_P3|TankWar_P4","UNRESOLVED","unresolved target","TankWar_P2|TankWar_P3|TankWar_P4"
"R2938","FIELD_REFERENCE","E443","player","C:\Users\JBNU\git\ConstraintsRecovery\assets\tankwar\asset47",48,"G14","TankWar_P2|TankWar_P3|TankWar_P4","UNRESOLVED","unresolved target","TankWar_P2|TankWar_P3|TankWar_P4"
"R2939","METHOD_CALL","E443","start","C:\Users\JBNU\git\ConstraintsRecovery\assets\tankwar\asset47",48,"G14","TankWar_P2|TankWar_P3|TankWar_P4","UNRESOLVED","unresolved target","TankWar_P2|TankWar_P3|TankWar_P4"
"R2941","FIELD_REFERENCE","E444","player","C:\Users\JBNU\git\ConstraintsRecovery\assets\tankwar\asset47",51,"G14","TankWar_P2|TankWar_P3|TankWar_P4","UNRESOLVED","unresolved target","TankWar_P2|TankWar_P3|TankWar_P4"
"R2942","METHOD_CALL","E444","stop","C:\Users\JBNU\git\ConstraintsRecovery\assets\tankwar\asset47",51,"G14","TankWar_P2|TankWar_P3|TankWar_P4","UNRESOLVED","unresolved target","TankWar_P2|TankWar_P3|TankWar_P4"
"R2943","EXTENDS","E445","Tank$$Image","C:\Users\JBNU\git\ConstraintsRecovery\assets\tankwar\asset48",11,"G12","TankWar_P2","AMBIGUOUS","ambiguous target","TankWar_P2"
"R2947","CONSTRUCTOR_CALL","E447","super","C:\Users\JBNU\git\ConstraintsRecovery\assets\tankwar\asset48",16,"G14","TankWar_P2|TankWar_P3|TankWar_P4","UNRESOLVED","unresolved target","TankWar_P2|TankWar_P3|TankWar_P4"
"R2949","METHOD_CALL","E448","keyPressBehandeln","C:\Users\JBNU\git\ConstraintsRecovery\assets\tankwar\asset48",19,"G14","TankWar_P2|TankWar_P3|TankWar_P4","AMBIGUOUS","ambiguous target","TankWar_P2|TankWar_P3|TankWar_P4"
"R2950","METHOD_CALL","E448","abs","C:\Users\JBNU\git\ConstraintsRecovery\assets\tankwar\asset48",20,"G14","TankWar_P2|TankWar_P3|TankWar_P4","UNRESOLVED","unresolved target","TankWar_P2|TankWar_P3|TankWar_P4"
"R2951","METHOD_CALL","E448","nextInt","C:\Users\JBNU\git\ConstraintsRecovery\assets\tankwar\asset48",20,"G14","TankWar_P2|TankWar_P3|TankWar_P4","UNRESOLVED","unresolved target","TankWar_P2|TankWar_P3|TankWar_P4"
"R2962","METHOD_CALL","E448","printStackTrace","C:\Users\JBNU\git\ConstraintsRecovery\assets\tankwar\asset48",38,"G14","TankWar_P2|TankWar_P3|TankWar_P4","RESOLVED_EXTERNAL","external target","TankWar_P2|TankWar_P3|TankWar_P4"
"R2963","METHOD_CALL","E449","explodieren","C:\Users\JBNU\git\ConstraintsRecovery\assets\tankwar\asset48",43,"G14","TankWar_P2|TankWar_P3|TankWar_P4","AMBIGUOUS","ambiguous target","TankWar_P2|TankWar_P3|TankWar_P4"
"R2967","METHOD_CALL","E449","printStackTrace","C:\Users\JBNU\git\ConstraintsRecovery\assets\tankwar\asset48",47,"G14","TankWar_P2|TankWar_P3|TankWar_P4","RESOLVED_EXTERNAL","external target","TankWar_P2|TankWar_P3|TankWar_P4"
"R2969","METHOD_CALL","E450","toolBehandeln","C:\Users\JBNU\git\ConstraintsRecovery\assets\tankwar\asset48",51,"G14","TankWar_P2|TankWar_P3|TankWar_P4","AMBIGUOUS","ambiguous target","TankWar_P2|TankWar_P3|TankWar_P4"
"R2973","METHOD_CALL","E450","printStackTrace","C:\Users\JBNU\git\ConstraintsRecovery\assets\tankwar\asset48",55,"G14","TankWar_P2|TankWar_P3|TankWar_P4","RESOLVED_EXTERNAL","external target","TankWar_P2|TankWar_P3|TankWar_P4"
"R2984","METHOD_CALL","E457","init","C:\Users\JBNU\git\ConstraintsRecovery\assets\tankwar\asset49",12,"G19","TankWar_P3|TankWar_P5","AMBIGUOUS","ambiguous target","TankWar_P3|TankWar_P5"
"R2987","FIELD_REFERENCE","E458","tankManager","C:\Users\JBNU\git\ConstraintsRecovery\assets\tankwar\asset49",15,"G19","TankWar_P3|TankWar_P5","AMBIGUOUS","ambiguous target","TankWar_P3|TankWar_P5"
"R3031","METHOD_CALL","E459","abs","C:\Users\JBNU\git\ConstraintsRecovery\assets\tankwar\asset49",49,"G19","TankWar_P3|TankWar_P5","RESOLVED_EXTERNAL","external target","TankWar_P3|TankWar_P5"
"R3033","FIELD_REFERENCE","E459","maler","C:\Users\JBNU\git\ConstraintsRecovery\assets\tankwar\asset49",52,"G19","TankWar_P3|TankWar_P5","AMBIGUOUS","ambiguous target","TankWar_P3|TankWar_P5"
"R3035","FIELD_REFERENCE","E459","maler","C:\Users\JBNU\git\ConstraintsRecovery\assets\tankwar\asset49",55,"G19","TankWar_P3|TankWar_P5","AMBIGUOUS","ambiguous target","TankWar_P3|TankWar_P5"
"R3037","FIELD_REFERENCE","E459","maler","C:\Users\JBNU\git\ConstraintsRecovery\assets\tankwar\asset49",58,"G19","TankWar_P3|TankWar_P5","AMBIGUOUS","ambiguous target","TankWar_P3|TankWar_P5"
"R3082","FIELD_REFERENCE","E460","maler","C:\Users\JBNU\git\ConstraintsRecovery\assets\tankwar\asset49",117,"G19","TankWar_P3|TankWar_P5","AMBIGUOUS","ambiguous target","TankWar_P3|TankWar_P5"
"R3088","FIELD_REFERENCE","E460","maler","C:\Users\JBNU\git\ConstraintsRecovery\assets\tankwar\asset49",125,"G19","TankWar_P3|TankWar_P5","AMBIGUOUS","ambiguous target","TankWar_P3|TankWar_P5"
"R3091","METHOD_CALL","E461","removeElement","C:\Users\JBNU\git\ConstraintsRecovery\assets\tankwar\asset49",130,"G19","TankWar_P3|TankWar_P5","UNRESOLVED","unresolved target","TankWar_P3|TankWar_P5"
"R3096","CONSTRUCTOR_CALL","E463","super","C:\Users\JBNU\git\ConstraintsRecovery\assets\tankwar\asset5",12,"G4","TankWar_P1|TankWar_P2|TankWar_P3|TankWar_P4|TankWar_P5","UNRESOLVED","unresolved target","TankWar_P1|TankWar_P2|TankWar_P3|TankWar_P4|TankWar_P5"
"R3097","METHOD_CALL","E464","size","C:\Users\JBNU\git\ConstraintsRecovery\assets\tankwar\asset5",15,"G4","TankWar_P1|TankWar_P2|TankWar_P3|TankWar_P4|TankWar_P5","UNRESOLVED","unresolved target","TankWar_P1|TankWar_P2|TankWar_P3|TankWar_P4|TankWar_P5"
"R3100","METHOD_CALL","E464","elementAt","C:\Users\JBNU\git\ConstraintsRecovery\assets\tankwar\asset5",16,"G4","TankWar_P1|TankWar_P2|TankWar_P3|TankWar_P4|TankWar_P5","UNRESOLVED","unresolved target","TankWar_P1|TankWar_P2|TankWar_P3|TankWar_P4|TankWar_P5"
"R3104","METHOD_CALL","E464","elementAt","C:\Users\JBNU\git\ConstraintsRecovery\assets\tankwar\asset5",17,"G4","TankWar_P1|TankWar_P2|TankWar_P3|TankWar_P4|TankWar_P5","UNRESOLVED","unresolved target","TankWar_P1|TankWar_P2|TankWar_P3|TankWar_P4|TankWar_P5"
"R3108","METHOD_CALL","E464","elementAt","C:\Users\JBNU\git\ConstraintsRecovery\assets\tankwar\asset5",18,"G4","TankWar_P1|TankWar_P2|TankWar_P3|TankWar_P4|TankWar_P5","UNRESOLVED","unresolved target","TankWar_P1|TankWar_P2|TankWar_P3|TankWar_P4|TankWar_P5"
"R3111","FIELD_REFERENCE","E464","maler","C:\Users\JBNU\git\ConstraintsRecovery\assets\tankwar\asset5",19,"G4","TankWar_P1|TankWar_P2|TankWar_P3|TankWar_P4|TankWar_P5","AMBIGUOUS","ambiguous target","TankWar_P1|TankWar_P2|TankWar_P3|TankWar_P4|TankWar_P5"
"R3113","EXTENDS","E465","TankManager$$Bombe","C:\Users\JBNU\git\ConstraintsRecovery\assets\tankwar\asset50",10,"G20","TankWar_P4","AMBIGUOUS","ambiguous target","TankWar_P4"
"R3114","EXTENDS","E466","TankManager$$einfrieren","C:\Users\JBNU\git\ConstraintsRecovery\assets\tankwar\asset50",12,"G1","TankWar_P1","AMBIGUOUS","ambiguous target","TankWar_P1"
"R3115","CONSTRUCTOR_CALL","E467","super","C:\Users\JBNU\git\ConstraintsRecovery\assets\tankwar\asset50",15,"G9","TankWar_P1|TankWar_P4","UNRESOLVED","unresolved target","TankWar_P1|TankWar_P4"
"R3117","METHOD_CALL","E468","toolsLaden","C:\Users\JBNU\git\ConstraintsRecovery\assets\tankwar\asset50",19,"G9","TankWar_P1|TankWar_P4","AMBIGUOUS","ambiguous target","TankWar_P1|TankWar_P4"
"R3118","EXTENDS","E469","Maler$$fuer_PC","C:\Users\JBNU\git\ConstraintsRecovery\assets\tankwar\asset51",24,"G12","TankWar_P2","AMBIGUOUS","ambiguous target","TankWar_P2"
"R3121","CONSTRUCTOR_CALL","E471","super","C:\Users\JBNU\git\ConstraintsRecovery\assets\tankwar\asset51",30,"G2","TankWar_P1|TankWar_P2","UNRESOLVED","unresolved target","TankWar_P1|TankWar_P2"
"R3122","METHOD_CALL","E472","tankErstellen","C:\Users\JBNU\git\ConstraintsRecovery\assets\tankwar\asset51",33,"G2","TankWar_P1|TankWar_P2","AMBIGUOUS","ambiguous target","TankWar_P1|TankWar_P2"
"R3125","FIELD_REFERENCE","E472","TANKC","C:\Users\JBNU\git\ConstraintsRecovery\assets\tankwar\asset51",37,"G2","TankWar_P1|TankWar_P2","AMBIGUOUS","ambiguous target","TankWar_P1|TankWar_P2"
"R3126","METHOD_CALL","E472","add","C:\Users\JBNU\git\ConstraintsRecovery\assets\tankwar\asset51",37,"G2","TankWar_P1|TankWar_P2","AMBIGUOUS","ambiguous target","TankWar_P1|TankWar_P2"
"R3133","CONSTRUCTOR_CALL","E476","super","C:\Users\JBNU\git\ConstraintsRecovery\assets\tankwar\asset52",13,"G13","TankWar_P2|TankWar_P3","UNRESOLVED","unresolved target","TankWar_P2|TankWar_P3"
"R3134","METHOD_CALL","E477","toolKontroller","C:\Users\JBNU\git\ConstraintsRecovery\assets\tankwar\asset52",16,"G13","TankWar_P2|TankWar_P3","AMBIGUOUS","ambiguous target","TankWar_P2|TankWar_P3"
"R3135","FIELD_REFERENCE","E477","EXIT","C:\Users\JBNU\git\ConstraintsRecovery\assets\tankwar\asset52",17,"G13","TankWar_P2|TankWar_P3","AMBIGUOUS","ambiguous target","TankWar_P2|TankWar_P3"
"R3136","FIELD_REFERENCE","E477","PAUSE","C:\Users\JBNU\git\ConstraintsRecovery\assets\tankwar\asset52",17,"G13","TankWar_P2|TankWar_P3","AMBIGUOUS","ambiguous target","TankWar_P2|TankWar_P3"
"R3137","FIELD_REFERENCE","E477","status","C:\Users\JBNU\git\ConstraintsRecovery\assets\tankwar\asset52",17,"G13","TankWar_P2|TankWar_P3","AMBIGUOUS","ambiguous target","TankWar_P2|TankWar_P3"
"R3142","METHOD_CALL","E477","currentTimeMillis","C:\Users\JBNU\git\ConstraintsRecovery\assets\tankwar\asset52",22,"G13","TankWar_P2|TankWar_P3","RESOLVED_EXTERNAL","external target","TankWar_P2|TankWar_P3"
"R3145","METHOD_CALL","E478","toolBehandeln","C:\Users\JBNU\git\ConstraintsRecovery\assets\tankwar\asset52",28,"G13","TankWar_P2|TankWar_P3","AMBIGUOUS","ambiguous target","TankWar_P2|TankWar_P3"
"R3148","METHOD_CALL","E478","currentTimeMillis","C:\Users\JBNU\git\ConstraintsRecovery\assets\tankwar\asset52",32,"G13","TankWar_P2|TankWar_P3","RESOLVED_EXTERNAL","external target","TankWar_P2|TankWar_P3"
"R3152","FIELD_REFERENCE","E478","geschwindigkeit","C:\Users\JBNU\git\ConstraintsRecovery\assets\tankwar\asset52",34,"G13","TankWar_P2|TankWar_P3","AMBIGUOUS","ambiguous target","TankWar_P2|TankWar_P3"
"R3154","EXTENDS","E479","Tank$$Bombe","C:\Users\JBNU\git\ConstraintsRecovery\assets\tankwar\asset53",10,"G20","TankWar_P4","AMBIGUOUS","ambiguous target","TankWar_P4"
"R3155","EXTENDS","E480","Tank$$einfrieren","C:\Users\JBNU\git\ConstraintsRecovery\assets\tankwar\asset53",12,"G1","TankWar_P1","AMBIGUOUS","ambiguous target","TankWar_P1"
"R3158","CONSTRUCTOR_CALL","E481","super","C:\Users\JBNU\git\ConstraintsRecovery\assets\tankwar\asset53",15,"G9","TankWar_P1|TankWar_P4","UNRESOLVED","unresolved target","TankWar_P1|TankWar_P4"
"R3160","METHOD_CALL","E482","toolBehandeln","C:\Users\JBNU\git\ConstraintsRecovery\assets\tankwar\asset53",18,"G9","TankWar_P1|TankWar_P4","AMBIGUOUS","ambiguous target","TankWar_P1|TankWar_P4"
"R3163","EXTENDS","E483","TankManager$$Mars","C:\Users\JBNU\git\ConstraintsRecovery\assets\tankwar\asset54",12,"G17","TankWar_P3","AMBIGUOUS","ambiguous target","TankWar_P3"
"R3164","EXTENDS","E484","TankManager$$Feuerkraft","C:\Users\JBNU\git\ConstraintsRecovery\assets\tankwar\asset54",14,"G22","TankWar_P5","AMBIGUOUS","ambiguous target","TankWar_P5"
"R3165","CONSTRUCTOR_CALL","E485","Vector","C:\Users\JBNU\git\ConstraintsRecovery\assets\tankwar\asset54",16,"G19","TankWar_P3|TankWar_P5","RESOLVED_EXTERNAL","external target","TankWar_P3|TankWar_P5"
"R3167","CONSTRUCTOR_CALL","E486","super","C:\Users\JBNU\git\ConstraintsRecovery\assets\tankwar\asset54",18,"G19","TankWar_P3|TankWar_P5","UNRESOLVED","unresolved target","TankWar_P3|TankWar_P5"
"R3168","METHOD_CALL","E487","komponenteMalen","C:\Users\JBNU\git\ConstraintsRecovery\assets\tankwar\asset54",21,"G19","TankWar_P3|TankWar_P5","AMBIGUOUS","ambiguous target","TankWar_P3|TankWar_P5"
"R3177","CONSTRUCTOR_CALL","E492","super","C:\Users\JBNU\git\ConstraintsRecovery\assets\tankwar\asset55",11,"G19","TankWar_P3|TankWar_P5","UNRESOLVED","unresolved target","TankWar_P3|TankWar_P5"
"R3181","FIELD_REFERENCE","E493","maler","C:\Users\JBNU\git\ConstraintsRecovery\assets\tankwar\asset55",16,"G19","TankWar_P3|TankWar_P5","AMBIGUOUS","ambiguous target","TankWar_P3|TankWar_P5"
"R3185","METHOD_CALL","E493","explodieren","C:\Users\JBNU\git\ConstraintsRecovery\assets\tankwar\asset55",21,"G19","TankWar_P3|TankWar_P5","AMBIGUOUS","ambiguous target","TankWar_P3|TankWar_P5"
"R3190","FIELD_REFERENCE","E493","maler","C:\Users\JBNU\git\ConstraintsRecovery\assets\tankwar\asset55",29,"G19","TankWar_P3|TankWar_P5","AMBIGUOUS","ambiguous target","TankWar_P3|TankWar_P5"
"R3193","FIELD_REFERENCE","E493","EXIT","C:\Users\JBNU\git\ConstraintsRecovery\assets\tankwar\asset55",30,"G19","TankWar_P3|TankWar_P5","AMBIGUOUS","ambiguous target","TankWar_P3|TankWar_P5"
"R3194","FIELD_REFERENCE","E493","PAUSE","C:\Users\JBNU\git\ConstraintsRecovery\assets\tankwar\asset55",30,"G19","TankWar_P3|TankWar_P5","AMBIGUOUS","ambiguous target","TankWar_P3|TankWar_P5"
"R3195","FIELD_REFERENCE","E493","status","C:\Users\JBNU\git\ConstraintsRecovery\assets\tankwar\asset55",30,"G19","TankWar_P3|TankWar_P5","AMBIGUOUS","ambiguous target","TankWar_P3|TankWar_P5"
"R3199","CONSTRUCTOR_CALL","E495","super","C:\Users\JBNU\git\ConstraintsRecovery\assets\tankwar\asset56",28,"G13","TankWar_P2|TankWar_P3","UNRESOLVED","unresolved target","TankWar_P2|TankWar_P3"
"R3200","METHOD_CALL","E496","helpItemErstellen","C:\Users\JBNU\git\ConstraintsRecovery\assets\tankwar\asset56",31,"G13","TankWar_P2|TankWar_P3","AMBIGUOUS","ambiguous target","TankWar_P2|TankWar_P3"
"R3201","FIELD_REFERENCE","E496","HelpItem","C:\Users\JBNU\git\ConstraintsRecovery\assets\tankwar\asset56",32,"G13","TankWar_P2|TankWar_P3","AMBIGUOUS","ambiguous target","TankWar_P2|TankWar_P3"
"R3202","METHOD_CALL","E496","add","C:\Users\JBNU\git\ConstraintsRecovery\assets\tankwar\asset56",32,"G13","TankWar_P2|TankWar_P3","AMBIGUOUS","ambiguous target","TankWar_P2|TankWar_P3"
"R3204","EXTENDS","E497","Tool$$einfrieren","C:\Users\JBNU\git\ConstraintsRecovery\assets\tankwar\asset57",7,"G1","TankWar_P1","AMBIGUOUS","ambiguous target","TankWar_P1"
"R3205","EXTENDS","E498","Tool$$Bombe","C:\Users\JBNU\git\ConstraintsRecovery\assets\tankwar\asset57",9,"G20","TankWar_P4","AMBIGUOUS","ambiguous target","TankWar_P4"
"R3208","CONSTRUCTOR_CALL","E499","super","C:\Users\JBNU\git\ConstraintsRecovery\assets\tankwar\asset57",12,"G9","TankWar_P1|TankWar_P4","UNRESOLVED","unresolved target","TankWar_P1|TankWar_P4"
"R3211","METHOD_CALL","E500","init","C:\Users\JBNU\git\ConstraintsRecovery\assets\tankwar\asset57",15,"G9","TankWar_P1|TankWar_P4","AMBIGUOUS","ambiguous target","TankWar_P1|TankWar_P4"
"R3214","METHOD_CALL","E500","init","C:\Users\JBNU\git\ConstraintsRecovery\assets\tankwar\asset57",18,"G9","TankWar_P1|TankWar_P4","AMBIGUOUS","ambiguous target","TankWar_P1|TankWar_P4"
"R3215","EXTENDS","E501","Tank$$Mars","C:\Users\JBNU\git\ConstraintsRecovery\assets\tankwar\asset58",10,"G17","TankWar_P3","AMBIGUOUS","ambiguous target","TankWar_P3"
"R3216","EXTENDS","E502","Tank$$Feuerkraft","C:\Users\JBNU\git\ConstraintsRecovery\assets\tankwar\asset58",12,"G22","TankWar_P5","AMBIGUOUS","ambiguous target","TankWar_P5"
"R3219","CONSTRUCTOR_CALL","E503","super","C:\Users\JBNU\git\ConstraintsRecovery\assets\tankwar\asset58",15,"G19","TankWar_P3|TankWar_P5","UNRESOLVED","unresolved target","TankWar_P3|TankWar_P5"
"R3220","METHOD_CALL","E504","explodieren","C:\Users\JBNU\git\ConstraintsRecovery\assets\tankwar\asset58",18,"G19","TankWar_P3|TankWar_P5","AMBIGUOUS","ambiguous target","TankWar_P3|TankWar_P5"
"R3223","METHOD_CALL","E504","addElement","C:\Users\JBNU\git\ConstraintsRecovery\assets\tankwar\asset58",19,"G19","TankWar_P3|TankWar_P5","UNRESOLVED","unresolved target","TankWar_P3|TankWar_P5"
"R3226","CONSTRUCTOR_CALL","E506","super","C:\Users\JBNU\git\ConstraintsRecovery\assets\tankwar\asset59",16,"G13","TankWar_P2|TankWar_P3","UNRESOLVED","unresolved target","TankWar_P2|TankWar_P3"
"R3228","METHOD_CALL","E507","toolsLaden","C:\Users\JBNU\git\ConstraintsRecovery\assets\tankwar\asset59",20,"G13","TankWar_P2|TankWar_P3","AMBIGUOUS","ambiguous target","TankWar_P2|TankWar_P3"
"R3229","EXTENDS","E508","Maler$$Germany_Leopard","C:\Users\JBNU\git\ConstraintsRecovery\assets\tankwar\asset6",28,"G17","TankWar_P3","AMBIGUOUS","ambiguous target","TankWar_P3"
"R3230","EXTENDS","E509","Maler$$USA_M1Abrams","C:\Users\JBNU\git\ConstraintsRecovery\assets\tankwar\asset6",31,"G1","TankWar_P1","AMBIGUOUS","ambiguous target","TankWar_P1"
"R3231","EXTENDS","E510","Maler$$Germany_Leopard","C:\Users\JBNU\git\ConstraintsRecovery\assets\tankwar\asset6",33,"G12","TankWar_P2","AMBIGUOUS","ambiguous target","TankWar_P2"
"R3234","CONSTRUCTOR_CALL","E512","super","C:\Users\JBNU\git\ConstraintsRecovery\assets\tankwar\asset6",39,"G4","TankWar_P1|TankWar_P2|TankWar_P3|TankWar_P4|TankWar_P5","UNRESOLVED","unresolved target","TankWar_P1|TankWar_P2|TankWar_P3|TankWar_P4|TankWar_P5"
"R3235","METHOD_CALL","E513","tankErstellen","C:\Users\JBNU\git\ConstraintsRecovery\assets\tankwar\asset6",42,"G4","TankWar_P1|TankWar_P2|TankWar_P3|TankWar_P4|TankWar_P5","AMBIGUOUS","ambiguous target","TankWar_P1|TankWar_P2|TankWar_P3|TankWar_P4|TankWar_P5"
"R3238","FIELD_REFERENCE","E513","TANKB","C:\Users\JBNU\git\ConstraintsRecovery\assets\tankwar\asset6",47,"G20","TankWar_P4","AMBIGUOUS","ambiguous target","TankWar_P4"
"R3239","METHOD_CALL","E513","add","C:\Users\JBNU\git\ConstraintsRecovery\assets\tankwar\asset6",47,"G20","TankWar_P4","AMBIGUOUS","ambiguous target","TankWar_P4"
"R3241","FIELD_REFERENCE","E513","TANKA","C:\Users\JBNU\git\ConstraintsRecovery\assets\tankwar\asset6",49,"G5","TankWar_P1|TankWar_P2|TankWar_P3|TankWar_P5","AMBIGUOUS","ambiguous target","TankWar_P1|TankWar_P2|TankWar_P3|TankWar_P5"
"R3242","METHOD_CALL","E513","add","C:\Users\JBNU\git\ConstraintsRecovery\assets\tankwar\asset6",49,"G5","TankWar_P1|TankWar_P2|TankWar_P3|TankWar_P5","AMBIGUOUS","ambiguous target","TankWar_P1|TankWar_P2|TankWar_P3|TankWar_P5"
"R3247","CONSTRUCTOR_CALL","E515","super","C:\Users\JBNU\git\ConstraintsRecovery\assets\tankwar\asset60",8,"G13","TankWar_P2|TankWar_P3","UNRESOLVED","unresolved target","TankWar_P2|TankWar_P3"
"R3250","METHOD_CALL","E516","init","C:\Users\JBNU\git\ConstraintsRecovery\assets\tankwar\asset60",11,"G13","TankWar_P2|TankWar_P3","AMBIGUOUS","ambiguous target","TankWar_P2|TankWar_P3"
"R3253","METHOD_CALL","E516","init","C:\Users\JBNU\git\ConstraintsRecovery\assets\tankwar\asset60",14,"G13","TankWar_P2|TankWar_P3","AMBIGUOUS","ambiguous target","TankWar_P2|TankWar_P3"
"R3255","EXTENDS","E518","Maler$$USA_M1Abrams","C:\Users\JBNU\git\ConstraintsRecovery\assets\tankwar\asset61",27,"G12","TankWar_P2","AMBIGUOUS","ambiguous target","TankWar_P2"
"R3257","CONSTRUCTOR_CALL","E519","super","C:\Users\JBNU\git\ConstraintsRecovery\assets\tankwar\asset61",30,"G13","TankWar_P2|TankWar_P3","UNRESOLVED","unresolved target","TankWar_P2|TankWar_P3"
"R3258","METHOD_CALL","E520","tankErstellen","C:\Users\JBNU\git\ConstraintsRecovery\assets\tankwar\asset61",33,"G13","TankWar_P2|TankWar_P3","AMBIGUOUS","ambiguous target","TankWar_P2|TankWar_P3"
"R3261","FIELD_REFERENCE","E520","TANKB","C:\Users\JBNU\git\ConstraintsRecovery\assets\tankwar\asset61",37,"G13","TankWar_P2|TankWar_P3","AMBIGUOUS","ambiguous target","TankWar_P2|TankWar_P3"
"R3262","METHOD_CALL","E520","add","C:\Users\JBNU\git\ConstraintsRecovery\assets\tankwar\asset61",37,"G13","TankWar_P2|TankWar_P3","AMBIGUOUS","ambiguous target","TankWar_P2|TankWar_P3"
"R3264","EXTENDS","E521","Maler$$einfrieren","C:\Users\JBNU\git\ConstraintsRecovery\assets\tankwar\asset62",25,"G1","TankWar_P1","AMBIGUOUS","ambiguous target","TankWar_P1"
"R3265","EXTENDS","E522","Maler$$Bombe","C:\Users\JBNU\git\ConstraintsRecovery\assets\tankwar\asset62",27,"G20","TankWar_P4","AMBIGUOUS","ambiguous target","TankWar_P4"
"R3267","CONSTRUCTOR_CALL","E523","super","C:\Users\JBNU\git\ConstraintsRecovery\assets\tankwar\asset62",30,"G9","TankWar_P1|TankWar_P4","UNRESOLVED","unresolved target","TankWar_P1|TankWar_P4"
"R3268","METHOD_CALL","E524","helpItemErstellen","C:\Users\JBNU\git\ConstraintsRecovery\assets\tankwar\asset62",33,"G9","TankWar_P1|TankWar_P4","AMBIGUOUS","ambiguous target","TankWar_P1|TankWar_P4"
"R3269","FIELD_REFERENCE","E524","HelpItem","C:\Users\JBNU\git\ConstraintsRecovery\assets\tankwar\asset62",34,"G9","TankWar_P1|TankWar_P4","AMBIGUOUS","ambiguous target","TankWar_P1|TankWar_P4"
"R3270","METHOD_CALL","E524","add","C:\Users\JBNU\git\ConstraintsRecovery\assets\tankwar\asset62",34,"G9","TankWar_P1|TankWar_P4","AMBIGUOUS","ambiguous target","TankWar_P1|TankWar_P4"
"R3277","CONSTRUCTOR_CALL","E527","super","C:\Users\JBNU\git\ConstraintsRecovery\assets\tankwar\asset64",11,"G19","TankWar_P3|TankWar_P5","UNRESOLVED","unresolved target","TankWar_P3|TankWar_P5"
"R3278","METHOD_CALL","E528","explodieren","C:\Users\JBNU\git\ConstraintsRecovery\assets\tankwar\asset64",14,"G19","TankWar_P3|TankWar_P5","AMBIGUOUS","ambiguous target","TankWar_P3|TankWar_P5"
"R3281","METHOD_CALL","E528","addElement","C:\Users\JBNU\git\ConstraintsRecovery\assets\tankwar\asset64",15,"G19","TankWar_P3|TankWar_P5","UNRESOLVED","unresolved target","TankWar_P3|TankWar_P5"
"R3283","EXTENDS","E529","Tank$$Sound_fuer_pc","C:\Users\JBNU\git\ConstraintsRecovery\assets\tankwar\asset65",8,"G17","TankWar_P3","AMBIGUOUS","ambiguous target","TankWar_P3"
"R3286","CONSTRUCTOR_CALL","E530","super","C:\Users\JBNU\git\ConstraintsRecovery\assets\tankwar\asset65",10,"G17","TankWar_P3","UNRESOLVED","unresolved target","TankWar_P3"
"R3287","METHOD_CALL","E531","currentTimeMillis","C:\Users\JBNU\git\ConstraintsRecovery\assets\tankwar\asset65",13,"G17","TankWar_P3","RESOLVED_EXTERNAL","external target","TankWar_P3"
"R3301","METHOD_CALL","E531","abs","C:\Users\JBNU\git\ConstraintsRecovery\assets\tankwar\asset65",49,"G17","TankWar_P3","UNRESOLVED","unresolved target","TankWar_P3"
"R3302","METHOD_CALL","E531","nextInt","C:\Users\JBNU\git\ConstraintsRecovery\assets\tankwar\asset65",49,"G17","TankWar_P3","UNRESOLVED","unresolved target","TankWar_P3"
"R3306","METHOD_CALL","E531","abs","C:\Users\JBNU\git\ConstraintsRecovery\assets\tankwar\asset65",53,"G17","TankWar_P3","UNRESOLVED","unresolved target","TankWar_P3"
"R3307","METHOD_CALL","E531","nextInt","C:\Users\JBNU\git\ConstraintsRecovery\assets\tankwar\asset65",53,"G17","TankWar_P3","UNRESOLVED","unresolved target","TankWar_P3"
"R3309","EXTENDS","E532","Maler$$Mars","C:\Users\JBNU\git\ConstraintsRecovery\assets\tankwar\asset66",23,"G17","TankWar_P3","AMBIGUOUS","ambiguous target","TankWar_P3"
"R3311","CONSTRUCTOR_CALL","E533","super","C:\Users\JBNU\git\ConstraintsRecovery\assets\tankwar\asset66",25,"G17","TankWar_P3","UNRESOLVED","unresolved target","TankWar_P3"
"R3329","EXTENDS","E553","Missile$$Image","C:\Users\JBNU\git\ConstraintsRecovery\assets\tankwar\asset68",6,"G20","TankWar_P4","AMBIGUOUS","ambiguous target","TankWar_P4"
"R3333","CONSTRUCTOR_CALL","E554","super","C:\Users\JBNU\git\ConstraintsRecovery\assets\tankwar\asset68",8,"G20","TankWar_P4","UNRESOLVED","unresolved target","TankWar_P4"
"R3337","METHOD_CALL","E555","init","C:\Users\JBNU\git\ConstraintsRecovery\assets\tankwar\asset68",11,"G20","TankWar_P4","AMBIGUOUS","ambiguous target","TankWar_P4"
"R3341","METHOD_CALL","E555","printStackTrace","C:\Users\JBNU\git\ConstraintsRecovery\assets\tankwar\asset68",16,"G20","TankWar_P4","RESOLVED_EXTERNAL","external target","TankWar_P4"
"R3342","EXTENDS","E556","Tank$$Sound_fuer_pc","C:\Users\JBNU\git\ConstraintsRecovery\assets\tankwar\asset69",8,"G20","TankWar_P4","AMBIGUOUS","ambiguous target","TankWar_P4"
"R3345","CONSTRUCTOR_CALL","E557","super","C:\Users\JBNU\git\ConstraintsRecovery\assets\tankwar\asset69",10,"G20","TankWar_P4","UNRESOLVED","unresolved target","TankWar_P4"
"R3346","METHOD_CALL","E558","currentTimeMillis","C:\Users\JBNU\git\ConstraintsRecovery\assets\tankwar\asset69",13,"G20","TankWar_P4","RESOLVED_EXTERNAL","external target","TankWar_P4"
"R3360","METHOD_CALL","E558","abs","C:\Users\JBNU\git\ConstraintsRecovery\assets\tankwar\asset69",49,"G20","TankWar_P4","UNRESOLVED","unresolved target","TankWar_P4"
"R3361","METHOD_CALL","E558","nextInt","C:\Users\JBNU\git\ConstraintsRecovery\assets\tankwar\asset69",49,"G20","TankWar_P4","UNRESOLVED","unresolved target","TankWar_P4"
"R3365","METHOD_CALL","E558","abs","C:\Users\JBNU\git\ConstraintsRecovery\assets\tankwar\asset69",53,"G20","TankWar_P4","UNRESOLVED","unresolved target","TankWar_P4"
"R3366","METHOD_CALL","E558","nextInt","C:\Users\JBNU\git\ConstraintsRecovery\assets\tankwar\asset69",53,"G20","TankWar_P4","UNRESOLVED","unresolved target","TankWar_P4"
"R3370","CONSTRUCTOR_CALL","E561","Vector","C:\Users\JBNU\git\ConstraintsRecovery\assets\tankwar\asset7",12,"G4","TankWar_P1|TankWar_P2|TankWar_P3|TankWar_P4|TankWar_P5","RESOLVED_EXTERNAL","external target","TankWar_P1|TankWar_P2|TankWar_P3|TankWar_P4|TankWar_P5"
"R3374","METHOD_CALL","E562","init","C:\Users\JBNU\git\ConstraintsRecovery\assets\tankwar\asset7",14,"G4","TankWar_P1|TankWar_P2|TankWar_P3|TankWar_P4|TankWar_P5","AMBIGUOUS","ambiguous target","TankWar_P1|TankWar_P2|TankWar_P3|TankWar_P4|TankWar_P5"
"R3382","METHOD_CALL","E563","init","C:\Users\JBNU\git\ConstraintsRecovery\assets\tankwar\asset7",20,"G4","TankWar_P1|TankWar_P2|TankWar_P3|TankWar_P4|TankWar_P5","AMBIGUOUS","ambiguous target","TankWar_P1|TankWar_P2|TankWar_P3|TankWar_P4|TankWar_P5"
"R3385","METHOD_CALL","E563","init","C:\Users\JBNU\git\ConstraintsRecovery\assets\tankwar\asset7",23,"G4","TankWar_P1|TankWar_P2|TankWar_P3|TankWar_P4|TankWar_P5","AMBIGUOUS","ambiguous target","TankWar_P1|TankWar_P2|TankWar_P3|TankWar_P4|TankWar_P5"
"R3388","METHOD_CALL","E563","init","C:\Users\JBNU\git\ConstraintsRecovery\assets\tankwar\asset7",26,"G4","TankWar_P1|TankWar_P2|TankWar_P3|TankWar_P4|TankWar_P5","AMBIGUOUS","ambiguous target","TankWar_P1|TankWar_P2|TankWar_P3|TankWar_P4|TankWar_P5"
"R3391","METHOD_CALL","E563","init","C:\Users\JBNU\git\ConstraintsRecovery\assets\tankwar\asset7",29,"G4","TankWar_P1|TankWar_P2|TankWar_P3|TankWar_P4|TankWar_P5","AMBIGUOUS","ambiguous target","TankWar_P1|TankWar_P2|TankWar_P3|TankWar_P4|TankWar_P5"
"R3399","METHOD_CALL","E563","addElement","C:\Users\JBNU\git\ConstraintsRecovery\assets\tankwar\asset7",34,"G4","TankWar_P1|TankWar_P2|TankWar_P3|TankWar_P4|TankWar_P5","UNRESOLVED","unresolved target","TankWar_P1|TankWar_P2|TankWar_P3|TankWar_P4|TankWar_P5"
"R3403","METHOD_CALL","E564","size","C:\Users\JBNU\git\ConstraintsRecovery\assets\tankwar\asset7",39,"G4","TankWar_P1|TankWar_P2|TankWar_P3|TankWar_P4|TankWar_P5","RESOLVED_EXTERNAL","external target","TankWar_P1|TankWar_P2|TankWar_P3|TankWar_P4|TankWar_P5"
"R3406","METHOD_CALL","E564","elementAt","C:\Users\JBNU\git\ConstraintsRecovery\assets\tankwar\asset7",40,"G4","TankWar_P1|TankWar_P2|TankWar_P3|TankWar_P4|TankWar_P5","RESOLVED_EXTERNAL","external target","TankWar_P1|TankWar_P2|TankWar_P3|TankWar_P4|TankWar_P5"
"R3407","METHOD_CALL","E564","malen","C:\Users\JBNU\git\ConstraintsRecovery\assets\tankwar\asset7",40,"G4","TankWar_P1|TankWar_P2|TankWar_P3|TankWar_P4|TankWar_P5","AMBIGUOUS","ambiguous target","TankWar_P1|TankWar_P2|TankWar_P3|TankWar_P4|TankWar_P5"
"R3411","METHOD_CALL","E565","stossenGegen","C:\Users\JBNU\git\ConstraintsRecovery\assets\tankwar\asset7",44,"G4","TankWar_P1|TankWar_P2|TankWar_P3|TankWar_P4|TankWar_P5","AMBIGUOUS","ambiguous target","TankWar_P1|TankWar_P2|TankWar_P3|TankWar_P4|TankWar_P5"
"R3416","CONSTRUCTOR_CALL","E566","Vector","C:\Users\JBNU\git\ConstraintsRecovery\assets\tankwar\asset7",48,"G4","TankWar_P1|TankWar_P2|TankWar_P3|TankWar_P4|TankWar_P5","RESOLVED_EXTERNAL","external target","TankWar_P1|TankWar_P2|TankWar_P3|TankWar_P4|TankWar_P5"
"R3419","METHOD_CALL","E566","size","C:\Users\JBNU\git\ConstraintsRecovery\assets\tankwar\asset7",49,"G4","TankWar_P1|TankWar_P2|TankWar_P3|TankWar_P4|TankWar_P5","RESOLVED_EXTERNAL","external target","TankWar_P1|TankWar_P2|TankWar_P3|TankWar_P4|TankWar_P5"
"R3422","METHOD_CALL","E566","elementAt","C:\Users\JBNU\git\ConstraintsRecovery\assets\tankwar\asset7",50,"G4","TankWar_P1|TankWar_P2|TankWar_P3|TankWar_P4|TankWar_P5","RESOLVED_EXTERNAL","external target","TankWar_P1|TankWar_P2|TankWar_P3|TankWar_P4|TankWar_P5"
"R3423","METHOD_CALL","E566","stossenGegen","C:\Users\JBNU\git\ConstraintsRecovery\assets\tankwar\asset7",50,"G4","TankWar_P1|TankWar_P2|TankWar_P3|TankWar_P4|TankWar_P5","AMBIGUOUS","ambiguous target","TankWar_P1|TankWar_P2|TankWar_P3|TankWar_P4|TankWar_P5"
"R3426","METHOD_CALL","E566","addElement","C:\Users\JBNU\git\ConstraintsRecovery\assets\tankwar\asset7",51,"G4","TankWar_P1|TankWar_P2|TankWar_P3|TankWar_P4|TankWar_P5","UNRESOLVED","unresolved target","TankWar_P1|TankWar_P2|TankWar_P3|TankWar_P4|TankWar_P5"
"R3427","METHOD_CALL","E566","elementAt","C:\Users\JBNU\git\ConstraintsRecovery\assets\tankwar\asset7",51,"G4","TankWar_P1|TankWar_P2|TankWar_P3|TankWar_P4|TankWar_P5","RESOLVED_EXTERNAL","external target","TankWar_P1|TankWar_P2|TankWar_P3|TankWar_P4|TankWar_P5"
"R3430","METHOD_CALL","E566","size","C:\Users\JBNU\git\ConstraintsRecovery\assets\tankwar\asset7",56,"G4","TankWar_P1|TankWar_P2|TankWar_P3|TankWar_P4|TankWar_P5","RESOLVED_EXTERNAL","external target","TankWar_P1|TankWar_P2|TankWar_P3|TankWar_P4|TankWar_P5"
"R3433","METHOD_CALL","E566","elementAt","C:\Users\JBNU\git\ConstraintsRecovery\assets\tankwar\asset7",57,"G4","TankWar_P1|TankWar_P2|TankWar_P3|TankWar_P4|TankWar_P5","RESOLVED_EXTERNAL","external target","TankWar_P1|TankWar_P2|TankWar_P3|TankWar_P4|TankWar_P5"
"R3434","METHOD_CALL","E566","removeElement","C:\Users\JBNU\git\ConstraintsRecovery\assets\tankwar\asset7",57,"G4","TankWar_P1|TankWar_P2|TankWar_P3|TankWar_P4|TankWar_P5","UNRESOLVED","unresolved target","TankWar_P1|TankWar_P2|TankWar_P3|TankWar_P4|TankWar_P5"
"R3436","EXTENDS","E567","TankManager$$Mars","C:\Users\JBNU\git\ConstraintsRecovery\assets\tankwar\asset70",8,"G12","TankWar_P2","AMBIGUOUS","ambiguous target","TankWar_P2"
"R3438","CONSTRUCTOR_CALL","E569","super","C:\Users\JBNU\git\ConstraintsRecovery\assets\tankwar\asset70",11,"G12","TankWar_P2","UNRESOLVED","unresolved target","TankWar_P2"
"R3439","METHOD_CALL","E570","aktualisieren","C:\Users\JBNU\git\ConstraintsRecovery\assets\tankwar\asset70",14,"G12","TankWar_P2","AMBIGUOUS","ambiguous target","TankWar_P2"
"R3440","FIELD_REFERENCE","E570","SPIELEN","C:\Users\JBNU\git\ConstraintsRecovery\assets\tankwar\asset70",15,"G12","TankWar_P2","AMBIGUOUS","ambiguous target","TankWar_P2"
"R3446","METHOD_CALL","E570","printStackTrace","C:\Users\JBNU\git\ConstraintsRecovery\assets\tankwar\asset70",21,"G12","TankWar_P2","RESOLVED_EXTERNAL","external target","TankWar_P2"
"R3451","EXTENDS","E571","Tank$$Sound_fuer_pc","C:\Users\JBNU\git\ConstraintsRecovery\assets\tankwar\asset71",8,"G12","TankWar_P2","AMBIGUOUS","ambiguous target","TankWar_P2"
"R3454","CONSTRUCTOR_CALL","E572","super","C:\Users\JBNU\git\ConstraintsRecovery\assets\tankwar\asset71",10,"G12","TankWar_P2","UNRESOLVED","unresolved target","TankWar_P2"
"R3455","METHOD_CALL","E573","currentTimeMillis","C:\Users\JBNU\git\ConstraintsRecovery\assets\tankwar\asset71",13,"G12","TankWar_P2","RESOLVED_EXTERNAL","external target","TankWar_P2"
"R3461","METHOD_CALL","E573","abs","C:\Users\JBNU\git\ConstraintsRecovery\assets\tankwar\asset71",21,"G12","TankWar_P2","UNRESOLVED","unresolved target","TankWar_P2"
"R3462","METHOD_CALL","E573","nextInt","C:\Users\JBNU\git\ConstraintsRecovery\assets\tankwar\asset71",21,"G12","TankWar_P2","UNRESOLVED","unresolved target","TankWar_P2"
"R3467","CONSTRUCTOR_CALL","E575","super","C:\Users\JBNU\git\ConstraintsRecovery\assets\tankwar\asset72",9,"G1","TankWar_P1","UNRESOLVED","unresolved target","TankWar_P1"
"R3468","METHOD_CALL","E576","currentTimeMillis","C:\Users\JBNU\git\ConstraintsRecovery\assets\tankwar\asset72",12,"G1","TankWar_P1","RESOLVED_EXTERNAL","external target","TankWar_P1"
"R3474","METHOD_CALL","E576","abs","C:\Users\JBNU\git\ConstraintsRecovery\assets\tankwar\asset72",20,"G1","TankWar_P1","UNRESOLVED","unresolved target","TankWar_P1"
"R3475","METHOD_CALL","E576","nextInt","C:\Users\JBNU\git\ConstraintsRecovery\assets\tankwar\asset72",20,"G1","TankWar_P1","UNRESOLVED","unresolved target","TankWar_P1"
"R3494","EXTENDS","E595","Maler$$Mars","C:\Users\JBNU\git\ConstraintsRecovery\assets\tankwar\asset74",22,"G12","TankWar_P2","AMBIGUOUS","ambiguous target","TankWar_P2"
"R3496","CONSTRUCTOR_CALL","E596","super","C:\Users\JBNU\git\ConstraintsRecovery\assets\tankwar\asset74",24,"G12","TankWar_P2","UNRESOLVED","unresolved target","TankWar_P2"
"R3497","EXTENDS","E598","Missile$$Image","C:\Users\JBNU\git\ConstraintsRecovery\assets\tankwar\asset75",6,"G17","TankWar_P3","AMBIGUOUS","ambiguous target","TankWar_P3"
"R3501","CONSTRUCTOR_CALL","E599","super","C:\Users\JBNU\git\ConstraintsRecovery\assets\tankwar\asset75",8,"G17","TankWar_P3","UNRESOLVED","unresolved target","TankWar_P3"
"R3505","METHOD_CALL","E600","init","C:\Users\JBNU\git\ConstraintsRecovery\assets\tankwar\asset75",11,"G17","TankWar_P3","AMBIGUOUS","ambiguous target","TankWar_P3"
"R3509","METHOD_CALL","E600","printStackTrace","C:\Users\JBNU\git\ConstraintsRecovery\assets\tankwar\asset75",16,"G17","TankWar_P3","RESOLVED_EXTERNAL","external target","TankWar_P3"
"R3513","CONSTRUCTOR_CALL","E602","super","C:\Users\JBNU\git\ConstraintsRecovery\assets\tankwar\asset76",9,"G22","TankWar_P5","UNRESOLVED","unresolved target","TankWar_P5"
"R3514","METHOD_CALL","E603","currentTimeMillis","C:\Users\JBNU\git\ConstraintsRecovery\assets\tankwar\asset76",12,"G22","TankWar_P5","RESOLVED_EXTERNAL","external target","TankWar_P5"
"R3520","METHOD_CALL","E603","abs","C:\Users\JBNU\git\ConstraintsRecovery\assets\tankwar\asset76",20,"G22","TankWar_P5","UNRESOLVED","unresolved target","TankWar_P5"
"R3521","METHOD_CALL","E603","nextInt","C:\Users\JBNU\git\ConstraintsRecovery\assets\tankwar\asset76",20,"G22","TankWar_P5","UNRESOLVED","unresolved target","TankWar_P5"
"R3540","EXTENDS","E622","Missile$$Image","C:\Users\JBNU\git\ConstraintsRecovery\assets\tankwar\asset78",6,"G12","TankWar_P2","AMBIGUOUS","ambiguous target","TankWar_P2"
"R3544","CONSTRUCTOR_CALL","E623","super","C:\Users\JBNU\git\ConstraintsRecovery\assets\tankwar\asset78",8,"G12","TankWar_P2","UNRESOLVED","unresolved target","TankWar_P2"
"R3548","METHOD_CALL","E624","init","C:\Users\JBNU\git\ConstraintsRecovery\assets\tankwar\asset78",11,"G12","TankWar_P2","AMBIGUOUS","ambiguous target","TankWar_P2"
"R3552","METHOD_CALL","E624","printStackTrace","C:\Users\JBNU\git\ConstraintsRecovery\assets\tankwar\asset78",16,"G12","TankWar_P2","RESOLVED_EXTERNAL","external target","TankWar_P2"
"R3570","EXTENDS","E643","Tank$$explodieren","C:\Users\JBNU\git\ConstraintsRecovery\assets\tankwar\asset8",12,"G22","TankWar_P5","AMBIGUOUS","ambiguous target","TankWar_P5"
"R3571","EXTENDS","E644","Tank$$explodieren","C:\Users\JBNU\git\ConstraintsRecovery\assets\tankwar\asset8",15,"G17","TankWar_P3","AMBIGUOUS","ambiguous target","TankWar_P3"
"R3572","EXTENDS","E645","Tank$$Mars","C:\Users\JBNU\git\ConstraintsRecovery\assets\tankwar\asset8",17,"G1","TankWar_P1","AMBIGUOUS","ambiguous target","TankWar_P1"
"R3573","EXTENDS","E646","Tank$$Energie","C:\Users\JBNU\git\ConstraintsRecovery\assets\tankwar\asset8",20,"G20","TankWar_P4","AMBIGUOUS","ambiguous target","TankWar_P4"
"R3574","EXTENDS","E647","Tank$$Mars","C:\Users\JBNU\git\ConstraintsRecovery\assets\tankwar\asset8",23,"G12","TankWar_P2","AMBIGUOUS","ambiguous target","TankWar_P2"
"R3577","CONSTRUCTOR_CALL","E648","super","C:\Users\JBNU\git\ConstraintsRecovery\assets\tankwar\asset8",26,"G4","TankWar_P1|TankWar_P2|TankWar_P3|TankWar_P4|TankWar_P5","UNRESOLVED","unresolved target","TankWar_P1|TankWar_P2|TankWar_P3|TankWar_P4|TankWar_P5"
"R3578","FIELD_REFERENCE","E649","maler","C:\Users\JBNU\git\ConstraintsRecovery\assets\tankwar\asset8",31,"G4","TankWar_P1|TankWar_P2|TankWar_P3|TankWar_P4|TankWar_P5","AMBIGUOUS","ambiguous target","TankWar_P1|TankWar_P2|TankWar_P3|TankWar_P4|TankWar_P5"
"R3581","FIELD_REFERENCE","E649","maler","C:\Users\JBNU\git\ConstraintsRecovery\assets\tankwar\asset8",34,"G4","TankWar_P1|TankWar_P2|TankWar_P3|TankWar_P4|TankWar_P5","AMBIGUOUS","ambiguous target","TankWar_P1|TankWar_P2|TankWar_P3|TankWar_P4|TankWar_P5"
"R3585","FIELD_REFERENCE","E649","maler","C:\Users\JBNU\git\ConstraintsRecovery\assets\tankwar\asset8",38,"G4","TankWar_P1|TankWar_P2|TankWar_P3|TankWar_P4|TankWar_P5","AMBIGUOUS","ambiguous target","TankWar_P1|TankWar_P2|TankWar_P3|TankWar_P4|TankWar_P5"
"R3589","FIELD_REFERENCE","E649","maler","C:\Users\JBNU\git\ConstraintsRecovery\assets\tankwar\asset8",42,"G4","TankWar_P1|TankWar_P2|TankWar_P3|TankWar_P4|TankWar_P5","AMBIGUOUS","ambiguous target","TankWar_P1|TankWar_P2|TankWar_P3|TankWar_P4|TankWar_P5"
"R3625","FIELD_REFERENCE","E650","maler","C:\Users\JBNU\git\ConstraintsRecovery\assets\tankwar\asset8",83,"G4","TankWar_P1|TankWar_P2|TankWar_P3|TankWar_P4|TankWar_P5","AMBIGUOUS","ambiguous target","TankWar_P1|TankWar_P2|TankWar_P3|TankWar_P4|TankWar_P5"
"R3627","FIELD_REFERENCE","E650","maler","C:\Users\JBNU\git\ConstraintsRecovery\assets\tankwar\asset8",86,"G4","TankWar_P1|TankWar_P2|TankWar_P3|TankWar_P4|TankWar_P5","AMBIGUOUS","ambiguous target","TankWar_P1|TankWar_P2|TankWar_P3|TankWar_P4|TankWar_P5"
"R3629","FIELD_REFERENCE","E650","maler","C:\Users\JBNU\git\ConstraintsRecovery\assets\tankwar\asset8",89,"G4","TankWar_P1|TankWar_P2|TankWar_P3|TankWar_P4|TankWar_P5","AMBIGUOUS","ambiguous target","TankWar_P1|TankWar_P2|TankWar_P3|TankWar_P4|TankWar_P5"
"R3631","FIELD_REFERENCE","E650","maler","C:\Users\JBNU\git\ConstraintsRecovery\assets\tankwar\asset8",92,"G4","TankWar_P1|TankWar_P2|TankWar_P3|TankWar_P4|TankWar_P5","AMBIGUOUS","ambiguous target","TankWar_P1|TankWar_P2|TankWar_P3|TankWar_P4|TankWar_P5"
"R3637","CONSTRUCTOR_CALL","E652","super","C:\Users\JBNU\git\ConstraintsRecovery\assets\tankwar\asset80",7,"G1","TankWar_P1","UNRESOLVED","unresolved target","TankWar_P1"
"R3638","METHOD_CALL","E653","currentTimeMillis","C:\Users\JBNU\git\ConstraintsRecovery\assets\tankwar\asset80",10,"G1","TankWar_P1","RESOLVED_EXTERNAL","external target","TankWar_P1"
"R3640","FIELD_REFERENCE","E653","EXIT","C:\Users\JBNU\git\ConstraintsRecovery\assets\tankwar\asset80",12,"G1","TankWar_P1","AMBIGUOUS","ambiguous target","TankWar_P1"
"R3641","FIELD_REFERENCE","E653","PAUSE","C:\Users\JBNU\git\ConstraintsRecovery\assets\tankwar\asset80",12,"G1","TankWar_P1","AMBIGUOUS","ambiguous target","TankWar_P1"
"R3642","FIELD_REFERENCE","E653","status","C:\Users\JBNU\git\ConstraintsRecovery\assets\tankwar\asset80",12,"G1","TankWar_P1","AMBIGUOUS","ambiguous target","TankWar_P1"
"R3643","METHOD_CALL","E653","koordinateAktualisieren","C:\Users\JBNU\git\ConstraintsRecovery\assets\tankwar\asset80",15,"G1","TankWar_P1","AMBIGUOUS","ambiguous target","TankWar_P1"
"R3644","FIELD_REFERENCE","E653","maler","C:\Users\JBNU\git\ConstraintsRecovery\assets\tankwar\asset80",18,"G1","TankWar_P1","AMBIGUOUS","ambiguous target","TankWar_P1"
"R3646","FIELD_REFERENCE","E653","maler","C:\Users\JBNU\git\ConstraintsRecovery\assets\tankwar\asset80",21,"G1","TankWar_P1","AMBIGUOUS","ambiguous target","TankWar_P1"
"R3648","FIELD_REFERENCE","E653","maler","C:\Users\JBNU\git\ConstraintsRecovery\assets\tankwar\asset80",24,"G1","TankWar_P1","AMBIGUOUS","ambiguous target","TankWar_P1"
"R3650","FIELD_REFERENCE","E653","maler","C:\Users\JBNU\git\ConstraintsRecovery\assets\tankwar\asset80",27,"G1","TankWar_P1","AMBIGUOUS","ambiguous target","TankWar_P1"
"R3652","EXTENDS","E654","TankManager$$Record","C:\Users\JBNU\git\ConstraintsRecovery\assets\tankwar\asset81",8,"G17","TankWar_P3","AMBIGUOUS","ambiguous target","TankWar_P3"
"R3654","CONSTRUCTOR_CALL","E656","super","C:\Users\JBNU\git\ConstraintsRecovery\assets\tankwar\asset81",11,"G17","TankWar_P3","UNRESOLVED","unresolved target","TankWar_P3"
"R3655","METHOD_CALL","E657","aktualisieren","C:\Users\JBNU\git\ConstraintsRecovery\assets\tankwar\asset81",14,"G17","TankWar_P3","AMBIGUOUS","ambiguous target","TankWar_P3"
"R3656","FIELD_REFERENCE","E657","SPIELEN","C:\Users\JBNU\git\ConstraintsRecovery\assets\tankwar\asset81",15,"G17","TankWar_P3","AMBIGUOUS","ambiguous target","TankWar_P3"
"R3662","METHOD_CALL","E657","printStackTrace","C:\Users\JBNU\git\ConstraintsRecovery\assets\tankwar\asset81",21,"G17","TankWar_P3","RESOLVED_EXTERNAL","external target","TankWar_P3"
"R3671","CONSTRUCTOR_CALL","E659","super","C:\Users\JBNU\git\ConstraintsRecovery\assets\tankwar\asset82",7,"G22","TankWar_P5","UNRESOLVED","unresolved target","TankWar_P5"
"R3672","METHOD_CALL","E660","currentTimeMillis","C:\Users\JBNU\git\ConstraintsRecovery\assets\tankwar\asset82",10,"G22","TankWar_P5","RESOLVED_EXTERNAL","external target","TankWar_P5"
"R3674","FIELD_REFERENCE","E660","EXIT","C:\Users\JBNU\git\ConstraintsRecovery\assets\tankwar\asset82",12,"G22","TankWar_P5","AMBIGUOUS","ambiguous target","TankWar_P5"
"R3675","FIELD_REFERENCE","E660","PAUSE","C:\Users\JBNU\git\ConstraintsRecovery\assets\tankwar\asset82",12,"G22","TankWar_P5","AMBIGUOUS","ambiguous target","TankWar_P5"
"R3676","FIELD_REFERENCE","E660","status","C:\Users\JBNU\git\ConstraintsRecovery\assets\tankwar\asset82",12,"G22","TankWar_P5","AMBIGUOUS","ambiguous target","TankWar_P5"
"R3677","METHOD_CALL","E660","koordinateAktualisieren","C:\Users\JBNU\git\ConstraintsRecovery\assets\tankwar\asset82",15,"G22","TankWar_P5","AMBIGUOUS","ambiguous target","TankWar_P5"
"R3678","FIELD_REFERENCE","E660","maler","C:\Users\JBNU\git\ConstraintsRecovery\assets\tankwar\asset82",18,"G22","TankWar_P5","AMBIGUOUS","ambiguous target","TankWar_P5"
"R3680","FIELD_REFERENCE","E660","maler","C:\Users\JBNU\git\ConstraintsRecovery\assets\tankwar\asset82",21,"G22","TankWar_P5","AMBIGUOUS","ambiguous target","TankWar_P5"
"R3682","FIELD_REFERENCE","E660","maler","C:\Users\JBNU\git\ConstraintsRecovery\assets\tankwar\asset82",24,"G22","TankWar_P5","AMBIGUOUS","ambiguous target","TankWar_P5"
"R3684","FIELD_REFERENCE","E660","maler","C:\Users\JBNU\git\ConstraintsRecovery\assets\tankwar\asset82",27,"G22","TankWar_P5","AMBIGUOUS","ambiguous target","TankWar_P5"
"R3703","EXTENDS","E679","TankManager$$Record","C:\Users\JBNU\git\ConstraintsRecovery\assets\tankwar\asset84",8,"G20","TankWar_P4","AMBIGUOUS","ambiguous target","TankWar_P4"
"R3705","CONSTRUCTOR_CALL","E681","super","C:\Users\JBNU\git\ConstraintsRecovery\assets\tankwar\asset84",11,"G20","TankWar_P4","UNRESOLVED","unresolved target","TankWar_P4"
"R3706","METHOD_CALL","E682","aktualisieren","C:\Users\JBNU\git\ConstraintsRecovery\assets\tankwar\asset84",14,"G20","TankWar_P4","AMBIGUOUS","ambiguous target","TankWar_P4"
"R3707","FIELD_REFERENCE","E682","SPIELEN","C:\Users\JBNU\git\ConstraintsRecovery\assets\tankwar\asset84",15,"G20","TankWar_P4","AMBIGUOUS","ambiguous target","TankWar_P4"
"R3713","METHOD_CALL","E682","printStackTrace","C:\Users\JBNU\git\ConstraintsRecovery\assets\tankwar\asset84",21,"G20","TankWar_P4","RESOLVED_EXTERNAL","external target","TankWar_P4"
"R3719","IMPLEMENTS","E683","GameManager","C:\Users\JBNU\git\ConstraintsRecovery\assets\tankwar\asset9",17,"G4","TankWar_P1|TankWar_P2|TankWar_P3|TankWar_P4|TankWar_P5","AMBIGUOUS","ambiguous target","TankWar_P1|TankWar_P2|TankWar_P3|TankWar_P4|TankWar_P5"
"R3721","FIELD_REFERENCE","E685","MAIN_MENU","C:\Users\JBNU\git\ConstraintsRecovery\assets\tankwar\asset9",19,"G4","TankWar_P1|TankWar_P2|TankWar_P3|TankWar_P4|TankWar_P5","AMBIGUOUS","ambiguous target","TankWar_P1|TankWar_P2|TankWar_P3|TankWar_P4|TankWar_P5"
"R3732","CONSTRUCTOR_CALL","E695","Vector","C:\Users\JBNU\git\ConstraintsRecovery\assets\tankwar\asset9",27,"G4","TankWar_P1|TankWar_P2|TankWar_P3|TankWar_P4|TankWar_P5","RESOLVED_EXTERNAL","external target","TankWar_P1|TankWar_P2|TankWar_P3|TankWar_P4|TankWar_P5"
"R3734","CONSTRUCTOR_CALL","E696","Vector","C:\Users\JBNU\git\ConstraintsRecovery\assets\tankwar\asset9",28,"G4","TankWar_P1|TankWar_P2|TankWar_P3|TankWar_P4|TankWar_P5","RESOLVED_EXTERNAL","external target","TankWar_P1|TankWar_P2|TankWar_P3|TankWar_P4|TankWar_P5"
"R3736","CONSTRUCTOR_CALL","E697","Vector","C:\Users\JBNU\git\ConstraintsRecovery\assets\tankwar\asset9",29,"G4","TankWar_P1|TankWar_P2|TankWar_P3|TankWar_P4|TankWar_P5","RESOLVED_EXTERNAL","external target","TankWar_P1|TankWar_P2|TankWar_P3|TankWar_P4|TankWar_P5"
"R3738","CONSTRUCTOR_CALL","E698","Vector","C:\Users\JBNU\git\ConstraintsRecovery\assets\tankwar\asset9",30,"G4","TankWar_P1|TankWar_P2|TankWar_P3|TankWar_P4|TankWar_P5","RESOLVED_EXTERNAL","external target","TankWar_P1|TankWar_P2|TankWar_P3|TankWar_P4|TankWar_P5"
"R3740","CONSTRUCTOR_CALL","E699","Vector","C:\Users\JBNU\git\ConstraintsRecovery\assets\tankwar\asset9",31,"G4","TankWar_P1|TankWar_P2|TankWar_P3|TankWar_P4|TankWar_P5","RESOLVED_EXTERNAL","external target","TankWar_P1|TankWar_P2|TankWar_P3|TankWar_P4|TankWar_P5"
"R3742","CONSTRUCTOR_CALL","E700","Vector","C:\Users\JBNU\git\ConstraintsRecovery\assets\tankwar\asset9",32,"G4","TankWar_P1|TankWar_P2|TankWar_P3|TankWar_P4|TankWar_P5","RESOLVED_EXTERNAL","external target","TankWar_P1|TankWar_P2|TankWar_P3|TankWar_P4|TankWar_P5"
"R3753","CONSTRUCTOR_CALL","E710","Random","C:\Users\JBNU\git\ConstraintsRecovery\assets\tankwar\asset9",42,"G4","TankWar_P1|TankWar_P2|TankWar_P3|TankWar_P4|TankWar_P5","RESOLVED_EXTERNAL","external target","TankWar_P1|TankWar_P2|TankWar_P3|TankWar_P4|TankWar_P5"
"R3761","CONSTRUCTOR_CALL","E714","TankManager","C:\Users\JBNU\git\ConstraintsRecovery\assets\tankwar\asset9",50,"G1","TankWar_P1","AMBIGUOUS","ambiguous target","TankWar_P1"
"R3762","METHOD_CALL","E714","tankErstellen","C:\Users\JBNU\git\ConstraintsRecovery\assets\tankwar\asset9",50,"G1","TankWar_P1","AMBIGUOUS","ambiguous target","TankWar_P1"
"R3765","CONSTRUCTOR_CALL","E714","TankManager","C:\Users\JBNU\git\ConstraintsRecovery\assets\tankwar\asset9",51,"G1","TankWar_P1","AMBIGUOUS","ambiguous target","TankWar_P1"
"R3766","METHOD_CALL","E714","malenkontrolle","C:\Users\JBNU\git\ConstraintsRecovery\assets\tankwar\asset9",51,"G1","TankWar_P1","AMBIGUOUS","ambiguous target","TankWar_P1"
"R3768","CONSTRUCTOR_CALL","E714","Missile","C:\Users\JBNU\git\ConstraintsRecovery\assets\tankwar\asset9",53,"G17","TankWar_P3","AMBIGUOUS","ambiguous target","TankWar_P3"
"R3769","CONSTRUCTOR_CALL","E714","TankManager","C:\Users\JBNU\git\ConstraintsRecovery\assets\tankwar\asset9",53,"G17","TankWar_P3","AMBIGUOUS","ambiguous target","TankWar_P3"
"R3770","METHOD_CALL","E714","treffenErkennen","C:\Users\JBNU\git\ConstraintsRecovery\assets\tankwar\asset9",53,"G17","TankWar_P3","AMBIGUOUS","ambiguous target","TankWar_P3"
"R3773","CONSTRUCTOR_CALL","E714","TankManager","C:\Users\JBNU\git\ConstraintsRecovery\assets\tankwar\asset9",54,"G17","TankWar_P3","AMBIGUOUS","ambiguous target","TankWar_P3"
"R3777","CONSTRUCTOR_CALL","E714","TankManager","C:\Users\JBNU\git\ConstraintsRecovery\assets\tankwar\asset9",55,"G17","TankWar_P3","AMBIGUOUS","ambiguous target","TankWar_P3"
"R3778","METHOD_CALL","E714","malenkontrolle","C:\Users\JBNU\git\ConstraintsRecovery\assets\tankwar\asset9",55,"G17","TankWar_P3","AMBIGUOUS","ambiguous target","TankWar_P3"
"R3781","CONSTRUCTOR_CALL","E714","TankManager","C:\Users\JBNU\git\ConstraintsRecovery\assets\tankwar\asset9",57,"G12","TankWar_P2","AMBIGUOUS","ambiguous target","TankWar_P2"
"R3782","METHOD_CALL","E714","tankErstellen","C:\Users\JBNU\git\ConstraintsRecovery\assets\tankwar\asset9",57,"G12","TankWar_P2","AMBIGUOUS","ambiguous target","TankWar_P2"
"R3785","CONSTRUCTOR_CALL","E714","TankManager","C:\Users\JBNU\git\ConstraintsRecovery\assets\tankwar\asset9",58,"G12","TankWar_P2","AMBIGUOUS","ambiguous target","TankWar_P2"
"R3790","CONSTRUCTOR_CALL","E714","TankManager","C:\Users\JBNU\git\ConstraintsRecovery\assets\tankwar\asset9",60,"G20","TankWar_P4","AMBIGUOUS","ambiguous target","TankWar_P4"
"R3791","METHOD_CALL","E714","tankErstellen","C:\Users\JBNU\git\ConstraintsRecovery\assets\tankwar\asset9",60,"G20","TankWar_P4","AMBIGUOUS","ambiguous target","TankWar_P4"
"R3794","CONSTRUCTOR_CALL","E714","TankManager","C:\Users\JBNU\git\ConstraintsRecovery\assets\tankwar\asset9",61,"G20","TankWar_P4","AMBIGUOUS","ambiguous target","TankWar_P4"
"R3795","METHOD_CALL","E714","malenkontrolle","C:\Users\JBNU\git\ConstraintsRecovery\assets\tankwar\asset9",61,"G20","TankWar_P4","AMBIGUOUS","ambiguous target","TankWar_P4"
"R3797","CONSTRUCTOR_CALL","E714","TankManager","C:\Users\JBNU\git\ConstraintsRecovery\assets\tankwar\asset9",62,"G20","TankWar_P4","AMBIGUOUS","ambiguous target","TankWar_P4"
"R3801","CONSTRUCTOR_CALL","E714","Missile","C:\Users\JBNU\git\ConstraintsRecovery\assets\tankwar\asset9",64,"G22","TankWar_P5","AMBIGUOUS","ambiguous target","TankWar_P5"
"R3802","CONSTRUCTOR_CALL","E714","TankManager","C:\Users\JBNU\git\ConstraintsRecovery\assets\tankwar\asset9",64,"G22","TankWar_P5","AMBIGUOUS","ambiguous target","TankWar_P5"
"R3803","METHOD_CALL","E714","treffenErkennen","C:\Users\JBNU\git\ConstraintsRecovery\assets\tankwar\asset9",64,"G22","TankWar_P5","AMBIGUOUS","ambiguous target","TankWar_P5"
"R3806","CONSTRUCTOR_CALL","E714","TankManager","C:\Users\JBNU\git\ConstraintsRecovery\assets\tankwar\asset9",65,"G22","TankWar_P5","AMBIGUOUS","ambiguous target","TankWar_P5"
"R3807","METHOD_CALL","E714","malenkontrolle","C:\Users\JBNU\git\ConstraintsRecovery\assets\tankwar\asset9",65,"G22","TankWar_P5","AMBIGUOUS","ambiguous target","TankWar_P5"
"R3809","CONSTRUCTOR_CALL","E714","TankManager","C:\Users\JBNU\git\ConstraintsRecovery\assets\tankwar\asset9",66,"G22","TankWar_P5","AMBIGUOUS","ambiguous target","TankWar_P5"
"R3813","CONSTRUCTOR_CALL","E714","TankManager","C:\Users\JBNU\git\ConstraintsRecovery\assets\tankwar\asset9",68,"G4","TankWar_P1|TankWar_P2|TankWar_P3|TankWar_P4|TankWar_P5","AMBIGUOUS","ambiguous target","TankWar_P1|TankWar_P2|TankWar_P3|TankWar_P4|TankWar_P5"
"R3815","CONSTRUCTOR_CALL","E714","TankManager","C:\Users\JBNU\git\ConstraintsRecovery\assets\tankwar\asset9",69,"G4","TankWar_P1|TankWar_P2|TankWar_P3|TankWar_P4|TankWar_P5","AMBIGUOUS","ambiguous target","TankWar_P1|TankWar_P2|TankWar_P3|TankWar_P4|TankWar_P5"
"R3816","METHOD_CALL","E714","addEnemyTank","C:\Users\JBNU\git\ConstraintsRecovery\assets\tankwar\asset9",69,"G4","TankWar_P1|TankWar_P2|TankWar_P3|TankWar_P4|TankWar_P5","AMBIGUOUS","ambiguous target","TankWar_P1|TankWar_P2|TankWar_P3|TankWar_P4|TankWar_P5"
"R3823","METHOD_CALL","E715","init","C:\Users\JBNU\git\ConstraintsRecovery\assets\tankwar\asset9",73,"G4","TankWar_P1|TankWar_P2|TankWar_P3|TankWar_P4|TankWar_P5","AMBIGUOUS","ambiguous target","TankWar_P1|TankWar_P2|TankWar_P3|TankWar_P4|TankWar_P5"
"R3835","METHOD_CALL","E715","start","C:\Users\JBNU\git\ConstraintsRecovery\assets\tankwar\asset9",78,"G4","TankWar_P1|TankWar_P2|TankWar_P3|TankWar_P4|TankWar_P5","UNRESOLVED","unresolved target","TankWar_P1|TankWar_P2|TankWar_P3|TankWar_P4|TankWar_P5"
"R3839","METHOD_CALL","E716","repaint","C:\Users\JBNU\git\ConstraintsRecovery\assets\tankwar\asset9",81,"G4","TankWar_P1|TankWar_P2|TankWar_P3|TankWar_P4|TankWar_P5","UNRESOLVED","unresolved target","TankWar_P1|TankWar_P2|TankWar_P3|TankWar_P4|TankWar_P5"
"R3841","FIELD_REFERENCE","E717","SPIELEN","C:\Users\JBNU\git\ConstraintsRecovery\assets\tankwar\asset9",84,"G4","TankWar_P1|TankWar_P2|TankWar_P3|TankWar_P4|TankWar_P5","AMBIGUOUS","ambiguous target","TankWar_P1|TankWar_P2|TankWar_P3|TankWar_P4|TankWar_P5"
"R3845","FIELD_REFERENCE","E717","PAUSE","C:\Users\JBNU\git\ConstraintsRecovery\assets\tankwar\asset9",88,"G4","TankWar_P1|TankWar_P2|TankWar_P3|TankWar_P4|TankWar_P5","AMBIGUOUS","ambiguous target","TankWar_P1|TankWar_P2|TankWar_P3|TankWar_P4|TankWar_P5"
"R3846","METHOD_CALL","E717","setStatus","C:\Users\JBNU\git\ConstraintsRecovery\assets\tankwar\asset9",88,"G4","TankWar_P1|TankWar_P2|TankWar_P3|TankWar_P4|TankWar_P5","AMBIGUOUS","ambiguous target","TankWar_P1|TankWar_P2|TankWar_P3|TankWar_P4|TankWar_P5"
"R3848","FIELD_REFERENCE","E717","PAUSE","C:\Users\JBNU\git\ConstraintsRecovery\assets\tankwar\asset9",89,"G4","TankWar_P1|TankWar_P2|TankWar_P3|TankWar_P4|TankWar_P5","AMBIGUOUS","ambiguous target","TankWar_P1|TankWar_P2|TankWar_P3|TankWar_P4|TankWar_P5"
"R3850","METHOD_CALL","E717","setStatus","C:\Users\JBNU\git\ConstraintsRecovery\assets\tankwar\asset9",89,"G4","TankWar_P1|TankWar_P2|TankWar_P3|TankWar_P4|TankWar_P5","AMBIGUOUS","ambiguous target","TankWar_P1|TankWar_P2|TankWar_P3|TankWar_P4|TankWar_P5"
"R3851","FIELD_REFERENCE","E717","EXIT","C:\Users\JBNU\git\ConstraintsRecovery\assets\tankwar\asset9",92,"G4","TankWar_P1|TankWar_P2|TankWar_P3|TankWar_P4|TankWar_P5","AMBIGUOUS","ambiguous target","TankWar_P1|TankWar_P2|TankWar_P3|TankWar_P4|TankWar_P5"
"R3852","METHOD_CALL","E717","setStatus","C:\Users\JBNU\git\ConstraintsRecovery\assets\tankwar\asset9",92,"G4","TankWar_P1|TankWar_P2|TankWar_P3|TankWar_P4|TankWar_P5","AMBIGUOUS","ambiguous target","TankWar_P1|TankWar_P2|TankWar_P3|TankWar_P4|TankWar_P5"
"R3854","FIELD_REFERENCE","E717","EXIT","C:\Users\JBNU\git\ConstraintsRecovery\assets\tankwar\asset9",93,"G4","TankWar_P1|TankWar_P2|TankWar_P3|TankWar_P4|TankWar_P5","AMBIGUOUS","ambiguous target","TankWar_P1|TankWar_P2|TankWar_P3|TankWar_P4|TankWar_P5"
"R3856","METHOD_CALL","E717","setStatus","C:\Users\JBNU\git\ConstraintsRecovery\assets\tankwar\asset9",93,"G4","TankWar_P1|TankWar_P2|TankWar_P3|TankWar_P4|TankWar_P5","AMBIGUOUS","ambiguous target","TankWar_P1|TankWar_P2|TankWar_P3|TankWar_P4|TankWar_P5"
"R3859","METHOD_CALL","E717","keyPressBehandeln","C:\Users\JBNU\git\ConstraintsRecovery\assets\tankwar\asset9",96,"G4","TankWar_P1|TankWar_P2|TankWar_P3|TankWar_P4|TankWar_P5","AMBIGUOUS","ambiguous target","TankWar_P1|TankWar_P2|TankWar_P3|TankWar_P4|TankWar_P5"
"R3861","FIELD_REFERENCE","E718","SPIELEN","C:\Users\JBNU\git\ConstraintsRecovery\assets\tankwar\asset9",100,"G4","TankWar_P1|TankWar_P2|TankWar_P3|TankWar_P4|TankWar_P5","AMBIGUOUS","ambiguous target","TankWar_P1|TankWar_P2|TankWar_P3|TankWar_P4|TankWar_P5"
"R3865","METHOD_CALL","E718","keyReleaseBehandeln","C:\Users\JBNU\git\ConstraintsRecovery\assets\tankwar\asset9",102,"G4","TankWar_P1|TankWar_P2|TankWar_P3|TankWar_P4|TankWar_P5","AMBIGUOUS","ambiguous target","TankWar_P1|TankWar_P2|TankWar_P3|TankWar_P4|TankWar_P5"
"R3867","FIELD_REFERENCE","E719","MAIN_MENU","C:\Users\JBNU\git\ConstraintsRecovery\assets\tankwar\asset9",107,"G4","TankWar_P1|TankWar_P2|TankWar_P3|TankWar_P4|TankWar_P5","AMBIGUOUS","ambiguous target","TankWar_P1|TankWar_P2|TankWar_P3|TankWar_P4|TankWar_P5"
"R3872","FIELD_REFERENCE","E719","TANK_WAEHLEN","C:\Users\JBNU\git\ConstraintsRecovery\assets\tankwar\asset9",112,"G4","TankWar_P1|TankWar_P2|TankWar_P3|TankWar_P4|TankWar_P5","AMBIGUOUS","ambiguous target","TankWar_P1|TankWar_P2|TankWar_P3|TankWar_P4|TankWar_P5"
"R3875","FIELD_REFERENCE","E719","HELP","C:\Users\JBNU\git\ConstraintsRecovery\assets\tankwar\asset9",115,"G4","TankWar_P1|TankWar_P2|TankWar_P3|TankWar_P4|TankWar_P5","AMBIGUOUS","ambiguous target","TankWar_P1|TankWar_P2|TankWar_P3|TankWar_P4|TankWar_P5"
"R3878","FIELD_REFERENCE","E719","SPIELEN","C:\Users\JBNU\git\ConstraintsRecovery\assets\tankwar\asset9",118,"G4","TankWar_P1|TankWar_P2|TankWar_P3|TankWar_P4|TankWar_P5","AMBIGUOUS","ambiguous target","TankWar_P1|TankWar_P2|TankWar_P3|TankWar_P4|TankWar_P5"
"R3880","FIELD_REFERENCE","E719","PAUSE","C:\Users\JBNU\git\ConstraintsRecovery\assets\tankwar\asset9",121,"G4","TankWar_P1|TankWar_P2|TankWar_P3|TankWar_P4|TankWar_P5","AMBIGUOUS","ambiguous target","TankWar_P1|TankWar_P2|TankWar_P3|TankWar_P4|TankWar_P5"
"R3884","FIELD_REFERENCE","E719","LEVEL","C:\Users\JBNU\git\ConstraintsRecovery\assets\tankwar\asset9",125,"G4","TankWar_P1|TankWar_P2|TankWar_P3|TankWar_P4|TankWar_P5","AMBIGUOUS","ambiguous target","TankWar_P1|TankWar_P2|TankWar_P3|TankWar_P4|TankWar_P5"
"R3888","FIELD_REFERENCE","E719","LOSE","C:\Users\JBNU\git\ConstraintsRecovery\assets\tankwar\asset9",128,"G4","TankWar_P1|TankWar_P2|TankWar_P3|TankWar_P4|TankWar_P5","AMBIGUOUS","ambiguous target","TankWar_P1|TankWar_P2|TankWar_P3|TankWar_P4|TankWar_P5"
"R3891","METHOD_CALL","E719","gameLose","C:\Users\JBNU\git\ConstraintsRecovery\assets\tankwar\asset9",130,"G4","TankWar_P1|TankWar_P2|TankWar_P3|TankWar_P4|TankWar_P5","AMBIGUOUS","ambiguous target","TankWar_P1|TankWar_P2|TankWar_P3|TankWar_P4|TankWar_P5"
"R3892","FIELD_REFERENCE","E719","EXIT","C:\Users\JBNU\git\ConstraintsRecovery\assets\tankwar\asset9",132,"G4","TankWar_P1|TankWar_P2|TankWar_P3|TankWar_P4|TankWar_P5","AMBIGUOUS","ambiguous target","TankWar_P1|TankWar_P2|TankWar_P3|TankWar_P4|TankWar_P5"
"R3903","FIELD_REFERENCE","E720","LOSE","C:\Users\JBNU\git\ConstraintsRecovery\assets\tankwar\asset9",147,"G4","TankWar_P1|TankWar_P2|TankWar_P3|TankWar_P4|TankWar_P5","AMBIGUOUS","ambiguous target","TankWar_P1|TankWar_P2|TankWar_P3|TankWar_P4|TankWar_P5"
"R3904","METHOD_CALL","E720","setStatus","C:\Users\JBNU\git\ConstraintsRecovery\assets\tankwar\asset9",147,"G4","TankWar_P1|TankWar_P2|TankWar_P3|TankWar_P4|TankWar_P5","AMBIGUOUS","ambiguous target","TankWar_P1|TankWar_P2|TankWar_P3|TankWar_P4|TankWar_P5"
"R3906","FIELD_REFERENCE","E720","LOSE","C:\Users\JBNU\git\ConstraintsRecovery\assets\tankwar\asset9",148,"G4","TankWar_P1|TankWar_P2|TankWar_P3|TankWar_P4|TankWar_P5","AMBIGUOUS","ambiguous target","TankWar_P1|TankWar_P2|TankWar_P3|TankWar_P4|TankWar_P5"
"R3908","METHOD_CALL","E720","setStatus","C:\Users\JBNU\git\ConstraintsRecovery\assets\tankwar\asset9",148,"G4","TankWar_P1|TankWar_P2|TankWar_P3|TankWar_P4|TankWar_P5","AMBIGUOUS","ambiguous target","TankWar_P1|TankWar_P2|TankWar_P3|TankWar_P4|TankWar_P5"
"R3911","FIELD_REFERENCE","E720","LOSE","C:\Users\JBNU\git\ConstraintsRecovery\assets\tankwar\asset9",151,"G4","TankWar_P1|TankWar_P2|TankWar_P3|TankWar_P4|TankWar_P5","AMBIGUOUS","ambiguous target","TankWar_P1|TankWar_P2|TankWar_P3|TankWar_P4|TankWar_P5"
"R3912","METHOD_CALL","E720","setStatus","C:\Users\JBNU\git\ConstraintsRecovery\assets\tankwar\asset9",151,"G4","TankWar_P1|TankWar_P2|TankWar_P3|TankWar_P4|TankWar_P5","AMBIGUOUS","ambiguous target","TankWar_P1|TankWar_P2|TankWar_P3|TankWar_P4|TankWar_P5"
"R3914","FIELD_REFERENCE","E720","LOSE","C:\Users\JBNU\git\ConstraintsRecovery\assets\tankwar\asset9",152,"G4","TankWar_P1|TankWar_P2|TankWar_P3|TankWar_P4|TankWar_P5","AMBIGUOUS","ambiguous target","TankWar_P1|TankWar_P2|TankWar_P3|TankWar_P4|TankWar_P5"
"R3916","METHOD_CALL","E720","setStatus","C:\Users\JBNU\git\ConstraintsRecovery\assets\tankwar\asset9",152,"G4","TankWar_P1|TankWar_P2|TankWar_P3|TankWar_P4|TankWar_P5","AMBIGUOUS","ambiguous target","TankWar_P1|TankWar_P2|TankWar_P3|TankWar_P4|TankWar_P5"
"R3921","METHOD_CALL","E720","removeAllElements","C:\Users\JBNU\git\ConstraintsRecovery\assets\tankwar\asset9",156,"G4","TankWar_P1|TankWar_P2|TankWar_P3|TankWar_P4|TankWar_P5","RESOLVED_EXTERNAL","external target","TankWar_P1|TankWar_P2|TankWar_P3|TankWar_P4|TankWar_P5"
"R3922","FIELD_REFERENCE","E720","LEVEL","C:\Users\JBNU\git\ConstraintsRecovery\assets\tankwar\asset9",157,"G4","TankWar_P1|TankWar_P2|TankWar_P3|TankWar_P4|TankWar_P5","AMBIGUOUS","ambiguous target","TankWar_P1|TankWar_P2|TankWar_P3|TankWar_P4|TankWar_P5"
"R3923","METHOD_CALL","E720","setStatus","C:\Users\JBNU\git\ConstraintsRecovery\assets\tankwar\asset9",157,"G4","TankWar_P1|TankWar_P2|TankWar_P3|TankWar_P4|TankWar_P5","AMBIGUOUS","ambiguous target","TankWar_P1|TankWar_P2|TankWar_P3|TankWar_P4|TankWar_P5"
"R3925","FIELD_REFERENCE","E720","LEVEL","C:\Users\JBNU\git\ConstraintsRecovery\assets\tankwar\asset9",158,"G4","TankWar_P1|TankWar_P2|TankWar_P3|TankWar_P4|TankWar_P5","AMBIGUOUS","ambiguous target","TankWar_P1|TankWar_P2|TankWar_P3|TankWar_P4|TankWar_P5"
"R3927","METHOD_CALL","E720","setStatus","C:\Users\JBNU\git\ConstraintsRecovery\assets\tankwar\asset9",158,"G4","TankWar_P1|TankWar_P2|TankWar_P3|TankWar_P4|TankWar_P5","AMBIGUOUS","ambiguous target","TankWar_P1|TankWar_P2|TankWar_P3|TankWar_P4|TankWar_P5"
"R3940","FIELD_REFERENCE","E720","WIN","C:\Users\JBNU\git\ConstraintsRecovery\assets\tankwar\asset9",167,"G4","TankWar_P1|TankWar_P2|TankWar_P3|TankWar_P4|TankWar_P5","AMBIGUOUS","ambiguous target","TankWar_P1|TankWar_P2|TankWar_P3|TankWar_P4|TankWar_P5"
"R3941","METHOD_CALL","E720","setStatus","C:\Users\JBNU\git\ConstraintsRecovery\assets\tankwar\asset9",167,"G4","TankWar_P1|TankWar_P2|TankWar_P3|TankWar_P4|TankWar_P5","AMBIGUOUS","ambiguous target","TankWar_P1|TankWar_P2|TankWar_P3|TankWar_P4|TankWar_P5"
"R3943","FIELD_REFERENCE","E720","WIN","C:\Users\JBNU\git\ConstraintsRecovery\assets\tankwar\asset9",168,"G4","TankWar_P1|TankWar_P2|TankWar_P3|TankWar_P4|TankWar_P5","AMBIGUOUS","ambiguous target","TankWar_P1|TankWar_P2|TankWar_P3|TankWar_P4|TankWar_P5"
"R3945","METHOD_CALL","E720","setStatus","C:\Users\JBNU\git\ConstraintsRecovery\assets\tankwar\asset9",168,"G4","TankWar_P1|TankWar_P2|TankWar_P3|TankWar_P4|TankWar_P5","AMBIGUOUS","ambiguous target","TankWar_P1|TankWar_P2|TankWar_P3|TankWar_P4|TankWar_P5"
"R3947","METHOD_CALL","E721","size","C:\Users\JBNU\git\ConstraintsRecovery\assets\tankwar\asset9",172,"G4","TankWar_P1|TankWar_P2|TankWar_P3|TankWar_P4|TankWar_P5","RESOLVED_EXTERNAL","external target","TankWar_P1|TankWar_P2|TankWar_P3|TankWar_P4|TankWar_P5"
"R3949","METHOD_CALL","E721","elementAt","C:\Users\JBNU\git\ConstraintsRecovery\assets\tankwar\asset9",173,"G4","TankWar_P1|TankWar_P2|TankWar_P3|TankWar_P4|TankWar_P5","RESOLVED_EXTERNAL","external target","TankWar_P1|TankWar_P2|TankWar_P3|TankWar_P4|TankWar_P5"
"R3950","METHOD_CALL","E721","malen","C:\Users\JBNU\git\ConstraintsRecovery\assets\tankwar\asset9",173,"G4","TankWar_P1|TankWar_P2|TankWar_P3|TankWar_P4|TankWar_P5","AMBIGUOUS","ambiguous target","TankWar_P1|TankWar_P2|TankWar_P3|TankWar_P4|TankWar_P5"
"R3956","METHOD_CALL","E723","removeAllElements","C:\Users\JBNU\git\ConstraintsRecovery\assets\tankwar\asset9",180,"G4","TankWar_P1|TankWar_P2|TankWar_P3|TankWar_P4|TankWar_P5","RESOLVED_EXTERNAL","external target","TankWar_P1|TankWar_P2|TankWar_P3|TankWar_P4|TankWar_P5"
"R3990","METHOD_CALL","E724","size","C:\Users\JBNU\git\ConstraintsRecovery\assets\tankwar\asset9",201,"G4","TankWar_P1|TankWar_P2|TankWar_P3|TankWar_P4|TankWar_P5","RESOLVED_EXTERNAL","external target","TankWar_P1|TankWar_P2|TankWar_P3|TankWar_P4|TankWar_P5"
"R3993","METHOD_CALL","E724","size","C:\Users\JBNU\git\ConstraintsRecovery\assets\tankwar\asset9",202,"G4","TankWar_P1|TankWar_P2|TankWar_P3|TankWar_P4|TankWar_P5","RESOLVED_EXTERNAL","external target","TankWar_P1|TankWar_P2|TankWar_P3|TankWar_P4|TankWar_P5"
"R3995","CONSTRUCTOR_CALL","E724","Tank","C:\Users\JBNU\git\ConstraintsRecovery\assets\tankwar\asset9",203,"G4","TankWar_P1|TankWar_P2|TankWar_P3|TankWar_P4|TankWar_P5","AMBIGUOUS","ambiguous target","TankWar_P1|TankWar_P2|TankWar_P3|TankWar_P4|TankWar_P5"
"R4005","METHOD_CALL","E724","addElement","C:\Users\JBNU\git\ConstraintsRecovery\assets\tankwar\asset9",204,"G4","TankWar_P1|TankWar_P2|TankWar_P3|TankWar_P4|TankWar_P5","UNRESOLVED","unresolved target","TankWar_P1|TankWar_P2|TankWar_P3|TankWar_P4|TankWar_P5"
"R4007","CONSTRUCTOR_CALL","E724","Tank","C:\Users\JBNU\git\ConstraintsRecovery\assets\tankwar\asset9",206,"G4","TankWar_P1|TankWar_P2|TankWar_P3|TankWar_P4|TankWar_P5","AMBIGUOUS","ambiguous target","TankWar_P1|TankWar_P2|TankWar_P3|TankWar_P4|TankWar_P5"
"R4015","METHOD_CALL","E724","addElement","C:\Users\JBNU\git\ConstraintsRecovery\assets\tankwar\asset9",207,"G4","TankWar_P1|TankWar_P2|TankWar_P3|TankWar_P4|TankWar_P5","UNRESOLVED","unresolved target","TankWar_P1|TankWar_P2|TankWar_P3|TankWar_P4|TankWar_P5"
"R4018","METHOD_CALL","E724","abs","C:\Users\JBNU\git\ConstraintsRecovery\assets\tankwar\asset9",210,"G4","TankWar_P1|TankWar_P2|TankWar_P3|TankWar_P4|TankWar_P5","RESOLVED_EXTERNAL","external target","TankWar_P1|TankWar_P2|TankWar_P3|TankWar_P4|TankWar_P5"
"R4019","METHOD_CALL","E724","nextInt","C:\Users\JBNU\git\ConstraintsRecovery\assets\tankwar\asset9",210,"G4","TankWar_P1|TankWar_P2|TankWar_P3|TankWar_P4|TankWar_P5","RESOLVED_EXTERNAL","external target","TankWar_P1|TankWar_P2|TankWar_P3|TankWar_P4|TankWar_P5"
"R4022","METHOD_CALL","E724","elementAt","C:\Users\JBNU\git\ConstraintsRecovery\assets\tankwar\asset9",211,"G4","TankWar_P1|TankWar_P2|TankWar_P3|TankWar_P4|TankWar_P5","RESOLVED_EXTERNAL","external target","TankWar_P1|TankWar_P2|TankWar_P3|TankWar_P4|TankWar_P5"
"R4024","METHOD_CALL","E724","intValue","C:\Users\JBNU\git\ConstraintsRecovery\assets\tankwar\asset9",212,"G4","TankWar_P1|TankWar_P2|TankWar_P3|TankWar_P4|TankWar_P5","RESOLVED_EXTERNAL","external target","TankWar_P1|TankWar_P2|TankWar_P3|TankWar_P4|TankWar_P5"
"R4027","METHOD_CALL","E724","elementAt","C:\Users\JBNU\git\ConstraintsRecovery\assets\tankwar\asset9",213,"G4","TankWar_P1|TankWar_P2|TankWar_P3|TankWar_P4|TankWar_P5","RESOLVED_EXTERNAL","external target","TankWar_P1|TankWar_P2|TankWar_P3|TankWar_P4|TankWar_P5"
"R4029","METHOD_CALL","E724","intValue","C:\Users\JBNU\git\ConstraintsRecovery\assets\tankwar\asset9",214,"G4","TankWar_P1|TankWar_P2|TankWar_P3|TankWar_P4|TankWar_P5","RESOLVED_EXTERNAL","external target","TankWar_P1|TankWar_P2|TankWar_P3|TankWar_P4|TankWar_P5"
"R4031","CONSTRUCTOR_CALL","E724","Tank","C:\Users\JBNU\git\ConstraintsRecovery\assets\tankwar\asset9",215,"G4","TankWar_P1|TankWar_P2|TankWar_P3|TankWar_P4|TankWar_P5","AMBIGUOUS","ambiguous target","TankWar_P1|TankWar_P2|TankWar_P3|TankWar_P4|TankWar_P5"
"R4035","METHOD_CALL","E724","addElement","C:\Users\JBNU\git\ConstraintsRecovery\assets\tankwar\asset9",216,"G4","TankWar_P1|TankWar_P2|TankWar_P3|TankWar_P4|TankWar_P5","UNRESOLVED","unresolved target","TankWar_P1|TankWar_P2|TankWar_P3|TankWar_P4|TankWar_P5"
"R4043","METHOD_CALL","E725","size","C:\Users\JBNU\git\ConstraintsRecovery\assets\tankwar\asset9",222,"G4","TankWar_P1|TankWar_P2|TankWar_P3|TankWar_P4|TankWar_P5","RESOLVED_EXTERNAL","external target","TankWar_P1|TankWar_P2|TankWar_P3|TankWar_P4|TankWar_P5"
"R4048","METHOD_CALL","E725","size","C:\Users\JBNU\git\ConstraintsRecovery\assets\tankwar\asset9",224,"G4","TankWar_P1|TankWar_P2|TankWar_P3|TankWar_P4|TankWar_P5","RESOLVED_EXTERNAL","external target","TankWar_P1|TankWar_P2|TankWar_P3|TankWar_P4|TankWar_P5"
"R4051","METHOD_CALL","E725","abs","C:\Users\JBNU\git\ConstraintsRecovery\assets\tankwar\asset9",225,"G4","TankWar_P1|TankWar_P2|TankWar_P3|TankWar_P4|TankWar_P5","RESOLVED_EXTERNAL","external target","TankWar_P1|TankWar_P2|TankWar_P3|TankWar_P4|TankWar_P5"
"R4052","METHOD_CALL","E725","nextInt","C:\Users\JBNU\git\ConstraintsRecovery\assets\tankwar\asset9",225,"G4","TankWar_P1|TankWar_P2|TankWar_P3|TankWar_P4|TankWar_P5","RESOLVED_EXTERNAL","external target","TankWar_P1|TankWar_P2|TankWar_P3|TankWar_P4|TankWar_P5"
"R4055","METHOD_CALL","E725","size","C:\Users\JBNU\git\ConstraintsRecovery\assets\tankwar\asset9",226,"G4","TankWar_P1|TankWar_P2|TankWar_P3|TankWar_P4|TankWar_P5","RESOLVED_EXTERNAL","external target","TankWar_P1|TankWar_P2|TankWar_P3|TankWar_P4|TankWar_P5"
"R4058","METHOD_CALL","E725","abs","C:\Users\JBNU\git\ConstraintsRecovery\assets\tankwar\asset9",227,"G4","TankWar_P1|TankWar_P2|TankWar_P3|TankWar_P4|TankWar_P5","RESOLVED_EXTERNAL","external target","TankWar_P1|TankWar_P2|TankWar_P3|TankWar_P4|TankWar_P5"
"R4059","METHOD_CALL","E725","nextInt","C:\Users\JBNU\git\ConstraintsRecovery\assets\tankwar\asset9",227,"G4","TankWar_P1|TankWar_P2|TankWar_P3|TankWar_P4|TankWar_P5","RESOLVED_EXTERNAL","external target","TankWar_P1|TankWar_P2|TankWar_P3|TankWar_P4|TankWar_P5"
"R4062","METHOD_CALL","E725","elementAt","C:\Users\JBNU\git\ConstraintsRecovery\assets\tankwar\asset9",228,"G4","TankWar_P1|TankWar_P2|TankWar_P3|TankWar_P4|TankWar_P5","RESOLVED_EXTERNAL","external target","TankWar_P1|TankWar_P2|TankWar_P3|TankWar_P4|TankWar_P5"
"R4064","METHOD_CALL","E725","intValue","C:\Users\JBNU\git\ConstraintsRecovery\assets\tankwar\asset9",229,"G4","TankWar_P1|TankWar_P2|TankWar_P3|TankWar_P4|TankWar_P5","RESOLVED_EXTERNAL","external target","TankWar_P1|TankWar_P2|TankWar_P3|TankWar_P4|TankWar_P5"
"R4067","METHOD_CALL","E725","elementAt","C:\Users\JBNU\git\ConstraintsRecovery\assets\tankwar\asset9",230,"G4","TankWar_P1|TankWar_P2|TankWar_P3|TankWar_P4|TankWar_P5","RESOLVED_EXTERNAL","external target","TankWar_P1|TankWar_P2|TankWar_P3|TankWar_P4|TankWar_P5"
"R4069","METHOD_CALL","E725","intValue","C:\Users\JBNU\git\ConstraintsRecovery\assets\tankwar\asset9",231,"G4","TankWar_P1|TankWar_P2|TankWar_P3|TankWar_P4|TankWar_P5","RESOLVED_EXTERNAL","external target","TankWar_P1|TankWar_P2|TankWar_P3|TankWar_P4|TankWar_P5"
"R4071","CONSTRUCTOR_CALL","E725","Tank","C:\Users\JBNU\git\ConstraintsRecovery\assets\tankwar\asset9",232,"G4","TankWar_P1|TankWar_P2|TankWar_P3|TankWar_P4|TankWar_P5","AMBIGUOUS","ambiguous target","TankWar_P1|TankWar_P2|TankWar_P3|TankWar_P4|TankWar_P5"
"R4075","METHOD_CALL","E725","stossenGegen","C:\Users\JBNU\git\ConstraintsRecovery\assets\tankwar\asset9",233,"G4","TankWar_P1|TankWar_P2|TankWar_P3|TankWar_P4|TankWar_P5","AMBIGUOUS","ambiguous target","TankWar_P1|TankWar_P2|TankWar_P3|TankWar_P4|TankWar_P5"
"R4077","METHOD_CALL","E725","addElement","C:\Users\JBNU\git\ConstraintsRecovery\assets\tankwar\asset9",234,"G4","TankWar_P1|TankWar_P2|TankWar_P3|TankWar_P4|TankWar_P5","UNRESOLVED","unresolved target","TankWar_P1|TankWar_P2|TankWar_P3|TankWar_P4|TankWar_P5"
